time_s,is_observation,observed_temperature_C,temperature_linear_C,temperature_pchip_C,temperature_stretched_C,temperature_pchip_minus_linear_C,temperature_stretched_minus_linear_C,observed_moisture_kg_kg,moisture_linear_kg_kg,moisture_pchip_kg_kg,moisture_stretched_kg_kg,moisture_pchip_minus_linear_kg_kg,moisture_stretched_minus_linear_kg_kg
0,1,28.0,28.0,28.0,28.0,0.0,0.0,0.01963,0.01963,0.01963,0.01963,0.0,0.0
1,0,,28.0088,28.007687674745213,28.00961492955402,-0.0011123252547875495,0.0008149295540178514,,0.0196365,0.019635518851851854,0.019637820088179953,-9.811481481471207e-07,1.3200881799520225e-06
2,0,,28.0176,28.015417221973653,28.019227095457744,-0.0021827780263485863,0.0016270954577422003,,0.019643,0.01964107525925926,0.01964563977115497,-1.9247407407399497e-06,2.6397711549684677e-06
3,0,,28.0264,28.023188426174496,28.028836498505537,-0.003211573825502967,0.002436498505538509,,0.0196495,0.019646669000000002,0.019653459048946047,-2.8309999999982793e-06,3.9590489460464284e-06
4,0,,28.0352,28.031001071836936,28.03844313949154,-0.004198928163063442,0.0032431394915413136,,0.019656,0.019652299851851858,0.01966127792157418,-3.700148148141902e-06,5.277921574179528e-06
5,0,,28.044,28.038854943450165,28.04804701920966,-0.005145056549835658,0.004047019209657776,,0.019662500000000003,0.01965796759259259,0.019669096389060364,-4.532407407411426e-06,6.596389060361391e-06
6,0,,28.0528,28.046749825503355,28.05764813845357,-0.0060501744966465765,0.004848138453567685,,0.019669000000000002,0.019663672,0.01967691445142559,-5.328000000002359e-06,7.914451425589109e-06
7,0,,28.0616,28.054685502485707,28.06724649801673,-0.006914497514291185,0.005646498016730561,,0.019675500000000002,0.019669412851851854,0.019684732108690855,-6.087148148148369e-06,9.232108690852836e-06
8,0,,28.0704,28.062661758886403,28.07684209869236,-0.007738241113596445,0.006442098692360787,,0.019682,0.019675189925925925,0.01969254936087714,-6.810074074076189e-06,1.0549360877139258e-05
9,0,,28.0792,28.07067837919463,28.08643494127346,-0.008521620805371555,0.007234941273459583,,0.0196885,0.019681003000000002,0.019700366208005447,-7.496999999998671e-06,1.1866208005445467e-05
10,0,,28.088,28.07873514789958,28.09602502655279,-0.00926485210042216,0.008025026552790138,,0.019695,0.01968685185185185,0.019708182650096752,-8.148148148149487e-06,1.3182650096751208e-05
11,0,,28.096799999999998,28.08683184949043,28.105612355322904,-0.009968150509568119,0.00881235532290603,,0.0197015,0.01969273625925926,0.01971599868717205,-8.763740740741488e-06,1.4498687172050106e-05
12,0,,28.1056,28.094968268456373,28.1151969283761,-0.010631731543625733,0.009596928376101488,,0.019708,0.019698656000000002,0.019723814319252325,-9.343999999997937e-06,1.5814319252325376e-05
13,0,,28.1144,28.103144189286603,28.12477874650447,-0.011255810713397096,0.010378746504471792,,0.019714500000000003,0.019704610851851854,0.019731629546358563,-9.889148148149035e-06,1.7129546358560233e-05
14,0,,28.1232,28.111359396470295,28.13435781049987,-0.011840603529705618,0.011157810499870635,,0.019721000000000002,0.019710600592592595,0.019739444368511744,-1.0399407407407635e-05,1.844436851174136e-05
15,0,,28.131999999999998,28.119613674496645,28.14393412115393,-0.01238632550335339,0.011934121153931443,,0.019727500000000002,0.019716625,0.019747258785732857,-1.0875000000000468e-05,1.9758785732855444e-05
16,0,,28.1408,28.127906807854835,28.15350767925805,-0.012893192145163823,0.012707679258049609,,0.019734,0.01972268385185185,0.019755072798042884,-1.1316148148150795e-05,2.107279804288223e-05
17,0,,28.1496,28.136238581034053,28.163078485603403,-0.013361418965946115,0.013478485603403811,,0.0197405,0.01972877692592593,0.0197628864054628,-1.1723074074071471e-05,2.2386405462797992e-05
18,0,,28.1584,28.144608778523487,28.17264654098094,-0.013791221476513016,0.01424654098093825,,0.019747,0.019734904,0.01977069960801359,-1.2095999999999635e-05,2.3699608013589418e-05
19,0,,28.1672,28.15301718481233,28.182211846181378,-0.014182815187670172,0.015011846181376853,,0.0197535,0.019741064851851852,0.01977851240571623,-1.243514814814814e-05,2.5012405716229313e-05
20,0,,28.176,28.161463584389757,28.191774401995207,-0.014536415610240994,0.015774401995209075,,0.01976,0.01974725925925926,0.019786324798591697,-1.2740740740740247e-05,2.6324798591697424e-05
21,0,,28.1848,28.169947761744965,28.2013342092127,-0.014852238255034678,0.016534209212700546,,0.0197665,0.019753487,0.01979413678666097,-1.301299999999922e-05,2.7636786660970025e-05
22,0,,28.1936,28.17846950136714,28.210891268623886,-0.015130498632860423,0.01729126862388597,,0.019773000000000002,0.019759747851851854,0.01980194836994502,-1.3252148148148318e-05,2.8948369945016456e-05
23,0,,28.2024,28.187028587745463,28.22044558101858,-0.015371412254538086,0.01804558101857978,,0.019779500000000002,0.019766041592592595,0.019809759548464825,-1.3458407407407336e-05,3.02595484648234e-05
24,0,,28.211199999999998,28.195624805369125,28.229997147186367,-0.015575194630873312,0.018797147186369045,,0.019786,0.019772368000000002,0.01981757032224136,-1.3631999999999533e-05,3.1570322241360194e-05
25,0,,28.22,28.20425793872732,28.2395459679166,-0.015742061272678853,0.01954596791660279,,0.0197925,0.019778726851851853,0.019825380691295597,-1.3773148148148173e-05,3.2880691295596176e-05
26,0,,28.2288,28.21292777230922,28.249092043998417,-0.015872227690778118,0.020292043998416887,,0.019799,0.019785117925925924,0.0198331906556485,-1.3882074074076517e-05,3.4190655648500684e-05
27,0,,28.2376,28.221634090604024,28.25863537622071,-0.015965909395976752,0.021035376220709168,,0.0198055,0.019791541,0.019841000215321047,-1.3959000000000887e-05,3.5500215321046524e-05
28,0,,28.246399999999998,28.23037667810092,28.268175965372166,-0.016023321899076848,0.02177596537216786,,0.019812,0.01979799585185185,0.019848809370334203,-1.4004148148148016e-05,3.6809370334203034e-05
29,0,,28.2552,28.239155319289086,28.277713812241224,-0.016044680710912473,0.022513812241225395,,0.0198185,0.01980448225925926,0.019856618120708935,-1.4017740740737694e-05,3.811812070893608e-05
30,0,,28.264,28.247969798657717,28.287248917616115,-0.01603020134228217,0.02324891761611525,,0.019825000000000002,0.019811,0.01986442646646621,-1.4000000000003593e-05,3.9426466466208065e-05
31,0,,28.2728,28.256819900695998,28.296781282284833,-0.015980099304002238,0.023981282284832872,,0.019831500000000002,0.01981754885185185,0.019872234407626997,-1.3951148148151626e-05,4.073440762699526e-05
32,0,,28.2816,28.265705409893112,28.30631090703515,-0.015894590106888984,0.024710907035149887,,0.019838,0.019824128592592593,0.019880041944212258,-1.3871407407408526e-05,4.20419442122566e-05
33,0,,28.290399999999998,28.274626110738257,28.31583779265461,-0.015773889261740948,0.025437792654610547,,0.0198445,0.019830739,0.01988784907624296,-1.3761000000001022e-05,4.3349076242957946e-05
34,0,,28.2992,28.283581787720607,28.325361939930524,-0.015618212279392196,0.026161939930524625,,0.019851,0.01983737985185185,0.019895655803740055,-1.3620148148148908e-05,4.465580374005476e-05
35,0,,28.308,28.292572225329355,28.33488334964999,-0.015427774670644823,0.02688334964998873,,0.0198575,0.019844050925925925,0.019903462126724517,-1.3449074074075446e-05,4.596212672451638e-05
36,0,,28.3168,28.30159720805369,28.344402022599866,-0.015202791946311578,0.027602022599864995,,0.019864,0.019850752,0.019911268045217298,-1.3248000000000426e-05,4.726804521729827e-05
37,0,,28.325599999999998,28.310656520382796,28.353917959566797,-0.01494347961720166,0.028317959566798834,,0.0198705,0.019857482851851852,0.019919073559239362,-1.3017148148147112e-05,4.8573559239362823e-05
38,0,,28.3344,28.319749946805864,28.363431161337193,-0.014650053194134927,0.029031161337194078,,0.019877,0.01986424325925926,0.019926878668811664,-1.2756740740738765e-05,4.98786688116655e-05
39,0,,28.3432,28.32887727181208,28.372941628697237,-0.014322728187920575,0.029741628697237843,,0.019883500000000002,0.019871033000000003,0.01993468337395516,-1.2466999999998646e-05,5.118337395515829e-05
40,0,,28.352,28.33803827989063,28.382449362432897,-0.013961720109371356,0.030449362432896976,,0.01989,0.01987785185185185,0.01994248767469081,-1.2148148148150018e-05,5.248767469080706e-05
41,0,,28.360799999999998,28.347232755530698,28.3919543633299,-0.013567244469300022,0.031154363329903845,,0.0198965,0.019884699592592592,0.01995029157103956,-1.1800407407409202e-05,5.379157103956034e-05
42,0,,28.3696,28.35646048322148,28.401456632173762,-0.013139516778519322,0.031856632173763444,,0.019903,0.019891576,0.019958095063022378,-1.1423999999999462e-05,5.5095063022377044e-05
43,0,,28.3784,28.365721247452147,28.410956169749756,-0.012678752547852667,0.03255616974975695,,0.0199095,0.01989848085185185,0.019965898150660206,-1.1019148148150998e-05,5.6398150660205704e-05
44,0,,28.3872,28.375014832711905,28.42045297684295,-0.012185167288095045,0.03325297684294881,,0.019916,0.019905413925925926,0.019973700833973995,-1.0586074074073193e-05,5.7700833973994836e-05
45,0,,28.396,28.38434102348993,28.429947054238166,-0.011658976510069863,0.033947054238165464,,0.0199225,0.019912375,0.0199815031129847,-1.0124999999999718e-05,5.90031129846999e-05
46,0,,28.404799999999998,28.393699604275415,28.439438402720018,-0.011100395724582768,0.03463840272002017,,0.019929,0.019919363851851852,0.019989304987713268,-9.636148148146895e-06,6.030498771326942e-05
47,0,,28.4136,28.40309035955754,28.44892702307288,-0.010509640442457169,0.03532702307288105,,0.0199355,0.01992638025925926,0.01999710645818065,-9.119740740737986e-06,6.160645818065191e-05
48,0,,28.4224,28.412513073825505,28.45841291608091,-0.009886926174495159,0.03601291608091017,,0.019942,0.019933424,0.02000490752440779,-8.575999999999723e-06,6.290752440778896e-05
49,0,,28.4312,28.42196753156848,28.467896082528036,-0.009232468431520147,0.036696082528035134,,0.0199485,0.019940494851851853,0.020012708186415637,-8.005148148148428e-06,6.420818641563603e-05
50,0,,28.439999999999998,28.431453517275667,28.477376523197965,-0.008546482724330673,0.037376523197966804,,0.019955,0.019947592592592593,0.02002050844422513,-7.407407407407363e-06,6.550844422513122e-05
51,0,,28.4488,28.44097081543624,28.486854238874173,-0.007829184563757252,0.03805423887417447,,0.0199615,0.019954717,0.02002830829785722,-6.782999999999789e-06,6.680829785721959e-05
52,0,,28.4576,28.450519210539394,28.496329230339917,-0.00708078946060553,0.03872923033991782,,0.019968,0.019961867851851854,0.020036107747332846,-6.1321481481455e-06,6.810774733284619e-05
53,0,,28.4664,28.460098487074323,28.505801498378222,-0.006301512925677599,0.039401498378222044,,0.0199745,0.019969044925925928,0.020043906792672952,-5.4550740740712256e-06,6.94067926729526e-05
54,0,,28.475199999999997,28.4697084295302,28.515271043771893,-0.005491570469796869,0.04007104377189563,,0.019981,0.019976248000000002,0.020051705433898476,-4.751999999996759e-06,7.070543389847694e-05
55,0,,28.483999999999998,28.47934882239622,28.52473786730351,-0.004651177603779644,0.04073786730351259,,0.0199875,0.019983476851851853,0.02005950367103036,-4.023148148145361e-06,7.200367103036079e-05
56,0,,28.4928,28.48901945016157,28.534201969755426,-0.0037805498384280156,0.04140196975542665,,0.019994,0.019990731259259258,0.02006730150408954,-3.268740740743764e-06,7.330150408953878e-05
57,0,,28.5016,28.498720097315434,28.543663351909768,-0.002879902684565394,0.04206335190976773,,0.0200005,0.019998011,0.020075098933096957,-2.4890000000013512e-06,7.459893309695598e-05
58,0,,28.510399999999997,28.508450548347003,28.55312201454844,-0.0019494516529938721,0.04272201454844193,,0.020007,0.02000531585185185,0.020082895958073544,-1.6841481481517928e-06,7.589595807354355e-05
59,0,,28.519199999999998,28.518210587745465,28.562577958453122,-0.0009894122545333062,0.04337795845312442,,0.0200135,0.020012645592592592,0.020090692579040236,-8.544074074079422e-07,7.719257904023613e-05
60,1,28.528,28.528,28.528,28.572031184405272,0.0,0.04403118440527365,0.02002,0.02002,0.02002,0.020098488796017968,0.0,7.848879601796838e-05
61,0,,28.539066666666667,28.537872750009242,28.581481693186113,-0.0011939166574244098,0.042415026519446286,,0.0200285,0.020027409815570676,0.020106284609027674,-1.0901844293247087e-06,7.778460902767292e-05
62,0,,28.55013333333333,28.54787971385984,28.590929485576655,-0.002253619473492563,0.040796152243324,,0.020037,0.020034904284202567,0.020114080018090286,-2.0957157974323126e-06,7.708001809028642e-05
63,0,,28.5612,28.558016042822967,28.60037456235768,-0.0031839571770326813,0.039174562357679577,,0.0200455,0.02004248093877551,0.020121875023226734,-3.0190612244906934e-06,7.637502322673309e-05
64,0,,28.572266666666664,28.56827688816984,28.60981692430974,-0.003989778496823249,0.03755025764307618,,0.020054,0.02005013731216931,0.02012966962445795,-3.862687830688549e-06,7.566962445795106e-05
65,0,,28.583333333333332,28.578657401171633,28.619256572213168,-0.004675932161699592,0.035923238879835395,,0.0200625,0.020057870937263793,0.020137463821804858,-4.62906273620764e-06,7.496382180485761e-05
66,0,,28.5944,28.589152733099557,28.628693506848073,-0.005247266900443748,0.03429350684807275,,0.020071,0.020065679346938776,0.02014525761528839,-5.320653061222785e-06,7.425761528839087e-05
67,0,,28.605466666666665,28.59975803522479,28.63812772899434,-0.00570863144187328,0.032661062327676404,,0.0200795,0.02007356007407407,0.02015305100492947,-5.939925925929623e-06,7.355100492947159e-05
68,0,,28.616533333333333,28.610468458818538,28.64755923943163,-0.006064874514795093,0.031025906098296474,,0.020087999999999998,0.02008151065154951,0.020160843990749026,-6.489348450489096e-06,7.284399074902748e-05
69,0,,28.627599999999997,28.621279155151992,28.65698803893937,-0.006320844848005436,0.029388038939373473,,0.0200965,0.020089528612244896,0.02016863657276798,-6.971387755103781e-06,7.21365727679793e-05
70,0,,28.638666666666666,28.632185275496347,28.66641412829678,-0.006481391170318318,0.027747461630113435,,0.020104999999999998,0.02009761148904006,0.020176428751007256,-7.388510959938088e-06,7.142875100725823e-05
71,0,,28.649733333333334,28.64318197112279,28.675837508282843,-0.006551362210544198,0.02610417494950923,,0.0201135,0.020105756814814815,0.020184220525487774,-7.743185185184187e-06,7.072052548777463e-05
72,0,,28.6608,28.654264393302523,28.68525817967632,-0.006535606697475771,0.0244581796763228,,0.020122,0.020113962122448977,0.02019201189623046,-8.037877551023836e-06,7.001189623045967e-05
73,0,,28.671866666666666,28.66542769330674,28.69467614325576,-0.006438973359927047,0.02280947658909227,,0.0201305,0.020122224944822374,0.020199802863256233,-8.275055177624918e-06,6.930286325623411e-05
74,0,,28.68293333333333,28.67666702240663,28.704091399799466,-0.0062663109267013795,0.021158066466135494,,0.020139,0.020130542814814814,0.02020759342658601,-8.457185185186539e-06,6.859342658600831e-05
75,0,,28.694,28.687977531873386,28.713503950085542,-0.006022468126612779,0.019503950085542954,,0.0201475,0.020138913265306122,0.020215383586240705,-8.58673469387658e-06,6.78835862407065e-05
76,0,,28.705066666666667,28.699354372978213,28.72291379489185,-0.00571229368845394,0.017847128225181308,,0.020156,0.020147333829176113,0.020223173342241243,-8.66617082388721e-06,6.717334224124252e-05
77,0,,28.71613333333333,28.710792696992293,28.732320934996032,-0.0053406363410388735,0.0161876016627005,,0.0201645,0.02015580203930461,0.020230962694608536,-8.697960695389778e-06,6.646269460853713e-05
78,0,,28.7272,28.722287655186825,28.741725371175512,-0.004912344813174485,0.014525371175512447,,0.020173,0.020164315428571427,0.020238751643363497,-8.684571428572985e-06,6.57516433634972e-05
79,0,,28.738266666666664,28.733834398833004,28.751127104207495,-0.004432267833660575,0.012860437540830105,,0.020181499999999998,0.020172871529856383,0.02024654018852704,-8.628470143615119e-06,6.504018852704352e-05
80,0,,28.749333333333333,28.745428079202025,28.760526134868943,-0.0039052541313076006,0.011192801535610641,,0.02019,0.0201814678760393,0.02025432833012008,-8.53212396069794e-06,6.432833012007949e-05
81,0,,28.7604,28.757063847565078,28.769922463936616,-0.003336152434922468,0.009522463936615821,,0.0201985,0.020190101999999998,0.020262116068163527,-8.398000000003208e-06,6.361606816352589e-05
82,0,,28.771466666666665,28.768736855193364,28.779316092187038,-0.0027298114733014245,0.007849425520372932,,0.020207,0.02019877143461829,0.02026990340267829,-8.228565381709213e-06,6.290340267828959e-05
83,0,,28.782533333333333,28.780442253358068,28.788707020396515,-0.002091079975265586,0.006173687063181887,,0.0202155,0.020207473712774,0.02027769033368528,-8.026287226001183e-06,6.219033368527749e-05
84,0,,28.793599999999998,28.79217519333039,28.79809524934113,-0.0014248066696076478,0.00449524934113299,,0.020224,0.020216206367346938,0.020285476861205402,-7.793632653060878e-06,6.147686120540341e-05
85,0,,28.804666666666666,28.80393082638152,28.807480779796737,-0.0007358402851451729,0.002814113130071405,,0.0202325,0.02022496693121693,0.020293262985259568,-7.533068783070057e-06,6.0762985259567304e-05
86,0,,28.815733333333334,28.815704303782663,28.816863612538977,-2.9029550670855997e-05,0.0011302792056433475,,0.020241,0.020233752937263795,0.02030104870586868,-7.247062736203541e-06,6.0048705868682994e-05
87,0,,28.8268,28.827490776804996,28.82624374834326,0.0006907768049977392,-0.0005562516567394482,,0.0202495,0.020242561918367343,0.020308834023053647,-6.938081632656967e-06,5.933402305364696e-05
88,0,,28.837866666666667,28.839285396719728,28.83562118798477,0.0014187300530608127,-0.0022454786818961736,,0.020257999999999998,0.020251391407407407,0.020316618936835368,-6.608592592591278e-06,5.861893683536956e-05
89,0,,28.84893333333333,28.851083314798043,28.844995932238483,0.002149981464711459,-0.003937401094848525,,0.0202665,0.020260238937263798,0.02032440344723475,-6.261062736202111e-06,5.7903447234750743e-05
90,0,,28.86,28.862879682311142,28.85436798187914,0.0028796823111427727,-0.005632018120859783,,0.020275,0.020269102040816327,0.02033218755427269,-5.897959183674695e-06,5.7187554272686986e-05
91,0,,28.871066666666668,28.874669650530212,28.863737337681258,0.0036029838635442957,-0.007329328985409944,,0.0202835,0.020277978250944823,0.02033997125797009,-5.521749055176911e-06,5.6471257970092115e-05
92,0,,28.882133333333332,28.886448370726455,28.87310400041914,0.004315037393123333,-0.009029332914192167,,0.020292,0.0202868651005291,0.020347754558347853,-5.134899470900928e-06,5.57545583478522e-05
93,0,,28.8932,28.89821099417106,28.882467970866863,0.005010994171058769,-0.010732029133137644,,0.0203005,0.020295760122448978,0.020355537455426873,-4.739877551021565e-06,5.503745542687413e-05
94,0,,28.904266666666665,28.909952672135223,28.891829249798278,0.005686005468557909,-0.012437416868387174,,0.020309,0.02030466084958428,0.02036331994922805,-4.339150415720583e-06,5.431994922805092e-05
95,0,,28.915333333333333,28.921668555890136,28.901187837987017,0.006335222556803188,-0.01414549534631604,,0.0203175,0.020313564814814812,0.020371102039772278,-3.935185185186679e-06,5.3602039772279036e-05
96,0,,28.9264,28.933353796706996,28.91054373620649,0.006953796706994808,-0.01585626379351268,,0.020326,0.020322469551020406,0.020378883727080455,-3.5304489795946747e-06,5.288372708045497e-05
97,0,,28.937466666666666,28.945003545857,28.91989694522988,0.007536879190332968,-0.017569721436785812,,0.0203345,0.020331372591080876,0.020386665011173474,-3.1274089191228593e-06,5.216501117347519e-05
98,0,,28.948533333333334,28.956612954611327,28.929247465830155,0.008079621277992999,-0.019285867503178622,,0.020343,0.020340271467876037,0.020394445892072226,-2.728532123963401e-06,5.1445892072225774e-05
99,0,,28.9596,28.968177174241195,28.938595298780054,0.008577174241196417,-0.02100470121994391,,0.020351499999999998,0.020349163714285714,0.020402226369797605,-2.336285714284181e-06,5.072636979760667e-05
100,0,,28.970666666666666,28.979691356017774,28.9479404448521,0.009024689351107895,-0.022726221814565406,,0.02036,0.020358046863189722,0.020410006444370497,-1.953136810277367e-06,5.0006444370497005e-05
101,0,,28.981733333333334,28.991150651212276,28.95728290481859,0.009417317878941844,-0.02445042851474355,,0.0203685,0.020366918447467876,0.0204177861158118,-1.5815525321247192e-06,4.92861158118002e-05
102,0,,28.9928,29.002550211095887,28.966622679451604,0.009750211095887806,-0.0261773205483955,,0.020377,0.020375775999999998,0.020425565384142398,-1.2240000000010576e-06,4.856538414239886e-05
103,0,,29.003866666666667,29.013885186939802,28.97595976952299,0.010018520273135323,-0.027906897143676446,,0.0203855,0.02038461705366591,0.020433344249383176,-8.82946334091611e-07,4.784424938317558e-05
104,0,,29.01493333333333,29.025150730015216,28.98529417580438,0.010217396681884594,-0.029639157528951188,,0.020394,0.020393439141345428,0.020441122711555026,-5.608586545712002e-07,4.712271155502684e-05
105,0,,29.026,29.03634199159332,28.994625899067188,0.010341991593321609,-0.0313741009328119,,0.0204025,0.02040223979591837,0.020448900770678832,-2.602040816319928e-07,4.6400770678831776e-05
106,0,,29.037066666666668,29.04745412294531,29.003954940082604,0.010387456278643015,-0.033111726584063916,,0.020411,0.020411016550264553,0.020456678426775475,1.655026455466002e-08,4.5678426775476455e-05
107,0,,29.048133333333332,29.05848227534239,29.01328129962159,0.010348942009056117,-0.0348520337117435,,0.0204195,0.020419766937263793,0.02046445567986584,2.669372637931211e-07,4.495567986584001e-05
108,0,,29.0592,29.069421600055733,29.022604978454893,0.010221600055732694,-0.03659502154510719,,0.020427999999999998,0.020428488489795917,0.02047223252997081,4.884897959189782e-07,4.423252997081198e-05
109,0,,29.070266666666665,29.080267248356552,29.03192597735304,0.010000581689887156,-0.038340689313624665,,0.0204365,0.020437178740740743,0.020480008977111264,6.787407407435331e-07,4.350897711126456e-05
110,0,,29.081333333333333,29.09101437151603,29.04124429708633,0.009681038182698387,-0.04008903624700366,,0.020444999999999998,0.02044583522297808,0.020487785021308085,8.352229780815568e-07,4.2785021308087284e-05
111,0,,29.0924,29.101658120805368,29.050559938424847,0.009258120805366588,-0.04184006157515441,,0.0204535,0.020454455469387758,0.020495560662582152,9.554693877582288e-07,4.206066258215235e-05
112,0,,29.103466666666666,29.112193647495758,29.059872902138448,0.008726980829091957,-0.04359376452821806,,0.020462,0.020463037012849582,0.02050333590095434,1.0370128495813813e-06,4.1335900954338894e-05
113,0,,29.114533333333334,29.12261610285839,29.06918318899677,0.008082769525056932,-0.04535014433656315,,0.0204705,0.020471577386243386,0.020511110736445525,1.0773862433866022e-06,4.061073644552604e-05
114,0,,29.1256,29.132920638164464,29.078490799769238,0.007320638164465265,-0.047109200230760706,,0.020479,0.02048007412244898,0.020518885169076587,1.0741224489782542e-06,3.9885169076585986e-05
115,0,,29.136666666666667,29.14310240468517,29.08779573522504,0.006435738018502946,-0.04887093144162691,,0.0204875,0.02048852475434618,0.020526659198868397,1.0247543461815167e-06,3.915919886839786e-05
116,0,,29.147733333333335,29.153156553691705,29.09709799613315,0.005423220358370173,-0.05063533720018398,,0.020496,0.020496926814814815,0.020534432825841827,9.268148148146305e-07,3.843282584182692e-05
117,0,,29.1588,29.163078236455263,29.106397583262332,0.004278236455263595,-0.05240241673766732,,0.0205045,0.02050527783673469,0.020542206050017754,7.778367346923665e-07,3.770605001775576e-05
118,0,,29.169866666666667,29.172862604247033,29.115694497381106,0.0029959375803656485,-0.05417216928556101,,0.020513,0.020513575352985636,0.02054997887141705,5.753529856364348e-07,3.697887141704964e-05
119,0,,29.180933333333332,29.182504808338216,29.124988739257795,0.001571475004883638,-0.055944594075537424,,0.020521499999999998,0.020521816896447467,0.02055775129006058,3.168964474685454e-07,3.6251290060580754e-05
120,1,29.192,29.192,29.192,29.134280309660483,0.0,-0.057719690339517626,0.02053,0.02053,0.02053,0.020565523305969214,0.0,3.552330596921435e-05
121,0,,29.2002,29.201401845713416,29.143569209357043,0.0012018457134175264,-0.05663079064295573,,0.02053783333333333,0.02053813725245654,0.020573294919163824,3.0391912320820724e-07,3.5461585830492276e-05
122,0,,29.2084,29.210767101326983,29.152855439115125,0.002367101326981924,-0.05554456088487569,,0.020545666666666667,0.020546243597883596,0.020581066129665274,5.769312169286167e-07,3.539946299860666e-05
123,0,,29.2166,29.220095552163144,29.162138999702158,0.0034955521631445663,-0.05446100029784162,,0.0205535,0.020554320102040818,0.02058883693749443,8.201020408188375e-07,3.5336937494429704e-05
124,0,,29.224800000000002,29.229386983544337,29.17141989188535,0.00458698354433551,-0.0533801081146521,,0.020561333333333334,0.020562367830687833,0.020596607342672157,1.034497354498315e-06,3.527400933882319e-05
125,0,,29.233,29.238641180793007,29.18069811643169,0.005641180793006129,-0.05230188356831178,,0.020569166666666666,0.020570387849584277,0.02060437734521932,1.2211829176107802e-06,3.5210678552652364e-05
126,0,,29.2412,29.247857929231586,29.189973674107943,0.006657929231586479,-0.051226325892056224,,0.020576999999999998,0.020578381224489795,0.02061214694515678,1.3812244897964954e-06,3.514694515678249e-05
127,0,,29.2494,29.25703701418253,29.19924656568066,0.007637014182527935,-0.05015343431934127,,0.020584833333333333,0.02058634902116402,0.020619916142505402,1.5156878306853139e-06,3.508280917206841e-05
128,0,,29.2576,29.266178220968268,29.208516791916164,0.008578220968267658,-0.04908320808383593,,0.020592666666666665,0.020594292305366593,0.02062768493728604,1.625638699927906e-06,3.5018270619375375e-05
129,0,,29.2658,29.275281334911245,29.217784353580562,0.009481334911246364,-0.048015646419436564,,0.0206005,0.02060221214285714,0.020635453329519562,1.7121428571402475e-06,3.4953329519561704e-05
130,0,,29.274,29.284346141333895,29.22704925143974,0.01034614133389411,-0.046950748560259825,,0.020608333333333333,0.020610109599395313,0.02064322131922682,1.7762660619799475e-06,3.488798589348571e-05
131,0,,29.2822,29.293372425558672,29.236311486259368,0.011172425558672927,-0.045888513740631964,,0.020616166666666668,0.02061798574074074,0.02065098890642867,1.8190740740733902e-06,3.4822239762002244e-05
132,0,,29.2904,29.302359972908008,29.24557105880489,0.011959972908005767,-0.04482894119511016,,0.020624,0.020625841632653064,0.020658756091145973,1.8416326530643068e-06,3.4756091145973084e-05
133,0,,29.2986,29.311308568704344,29.25482796984153,0.012708568704344003,-0.043772030158471864,,0.020631833333333332,0.02063367834089191,0.020666522873399585,1.8450075585790815e-06,3.468954006625308e-05
134,0,,29.3068,29.32021799827012,29.264082220134295,0.013417998270121245,-0.04271777986570413,,0.020639666666666667,0.020641496931216932,0.020674289253210354,1.830264550264915e-06,3.462258654368666e-05
135,0,,29.315,29.329088046927787,29.273333810447973,0.014088046927785314,-0.0416661895520285,,0.0206475,0.020649298469387758,0.02068205523059914,1.7984693877586e-06,3.455523059913909e-05
136,0,,29.3232,29.33791849999977,29.28258274154713,0.014718499999769818,-0.04061725845286901,,0.020655333333333335,0.02065708402116402,0.020689820805586786,1.7506878306865203e-06,3.4487472253451334e-05
137,0,,29.331400000000002,29.346709142808525,29.29182901419611,0.01530914280852258,-0.03957098580389129,,0.020663166666666666,0.02066485465230537,0.02069758597819415,1.6879856387028158e-06,3.4419311527485175e-05
138,0,,29.3396,29.35545976067648,29.301072629159044,0.01585976067648076,-0.038527370840956365,,0.020671000000000002,0.02067261142857143,0.02070535074844208,1.6114285714269316e-06,3.435074844207811e-05
139,0,,29.3478,29.364170138926085,29.310313587199836,0.016370138926085076,-0.03748641280016329,,0.020678833333333334,0.020680355415721843,0.020713115116351422,1.522082388509538e-06,3.428178301808846e-05
140,0,,29.356,29.372840062879778,29.319551889082174,0.01684006287977624,-0.03644811091782785,,0.020686666666666666,0.020688087679516253,0.02072087908194303,1.4210128495874275e-06,3.421241527636412e-05
141,0,,29.3642,29.381469317859995,29.328787535569525,0.01726931785999497,-0.03541246443047541,,0.0206945,0.020695809285714288,0.020728642645237744,1.309285714286984e-06,3.41426452377426e-05
142,0,,29.3724,29.390057689189184,29.338020527425144,0.017657689189185533,-0.034379472574855185,,0.020702333333333333,0.020703521300075585,0.02073640580625641,1.187966742251939e-06,3.4072472923075275e-05
143,0,,29.3806,29.398604962189783,29.347250865412054,0.018004962189781537,-0.033349134587947304,,0.02071016666666667,0.02071122478835979,0.020744168565019875,1.0581216931225546e-06,3.400189835320658e-05
144,0,,29.3888,29.40711092218423,29.35647855029307,0.018310922184230805,-0.03232144970693085,,0.020718,0.020718920816326532,0.02075193092154898,9.208163265321534e-07,3.393092154898095e-05
145,0,,29.397000000000002,29.41557535449497,29.365703582830776,0.018575354494966945,-0.03129641716922649,,0.020725833333333332,0.020726610449735453,0.02075969287586457,7.771164021209975e-07,3.385954253123935e-05
146,0,,29.4052,29.423998044444446,29.374925963787547,0.018798044444444884,-0.030274036212453836,,0.020733666666666668,0.02073429475434618,0.020767454427987483,6.280876795120016e-07,3.378776132081582e-05
147,0,,29.4134,29.43237877735509,29.38414569392554,0.018978777355091125,-0.02925430607445989,,0.0207415,0.02074197479591837,0.02077521557793856,4.747959183697137e-07,3.3715577938561725e-05
148,0,,29.4216,29.44071733854935,29.393362774006683,0.019117338549349938,-0.028237225993319015,,0.020749333333333335,0.02074965164021164,0.020782976325738643,3.1830687830664006e-07,3.364299240530763e-05
149,0,,29.4298,29.449013513349666,29.402577204792692,0.01921351334966559,-0.02722279520730808,,0.020757166666666667,0.020757326352985637,0.020790736671408565,1.5968631896998153e-07,3.3570004741897974e-05
150,0,,29.438000000000002,29.45726708707848,29.41178898704506,0.019267087078478795,-0.026211012954941992,,0.020765,0.020765,0.020798496614969162,0.0,3.349661496916331e-05
151,0,,29.4462,29.465477845058228,29.42099812152507,0.019277845058226717,-0.02520187847493105,,0.020772833333333334,0.020772673647014364,0.020806256156441275,-1.5968631896998153e-07,3.3422823107941146e-05
152,0,,29.4544,29.473645572611357,29.430204608993773,0.019245572611357176,-0.02419539100622714,,0.020780666666666666,0.02078034835978836,0.020814015295845735,-3.1830687830664006e-07,3.334862917906897e-05
153,0,,29.462600000000002,29.4817700550603,29.439408450212014,0.019170055060296676,-0.023191549787988208,,0.0207885,0.020788025204081635,0.02082177403320338,-4.7479591836624424e-07,3.327403320337735e-05
154,0,,29.4708,29.489851077727504,29.448609645940408,0.019051077727503696,-0.022190354059592465,,0.020796333333333333,0.020795705245653818,0.020829532368535034,-6.280876795154711e-07,3.319903520170031e-05
155,0,,29.479,29.497888425935404,29.457808196939357,0.01888842593540474,-0.021191803060641945,,0.02080416666666667,0.02080338955026455,0.020837290301861537,-7.771164021175281e-07,3.312363519486841e-05
156,0,,29.4872,29.50588188500645,29.467004103969046,0.01868188500644763,-0.020195896030955396,,0.020812,0.020811079183673472,0.020845047833203713,-9.20816326528684e-07,3.304783320371221e-05
157,0,,29.4954,29.513831240263077,29.476197367789442,0.01843124026307663,-0.019202632210557624,,0.020819833333333333,0.02081877521164021,0.02085280496258239,-1.0581216931225546e-06,3.2971629249058804e-05
158,0,,29.503600000000002,29.521736277027728,29.485387989160287,0.018136277027725356,-0.01821201083971502,,0.020827666666666668,0.020826478699924416,0.020860561690018407,-1.187966742251939e-06,3.2895023351738745e-05
159,0,,29.5118,29.52959678062284,29.494575968841115,0.01779678062283807,-0.017224031158885822,,0.0208355,0.020834190714285716,0.02086831801553258,-1.3092857142835146e-06,3.2818015532579126e-05
160,0,,29.52,29.537412536370855,29.503761307591226,0.01741253637085549,-0.016238692408773403,,0.020843333333333335,0.02084191232048375,0.02087607393914574,-1.421012849583958e-06,3.274060581240357e-05
161,0,,29.528200000000002,29.545183329594217,29.512944006169718,0.01698332959421478,-0.015255993830283643,,0.020851166666666667,0.020849644584278158,0.02088382946087871,-1.522082388509538e-06,3.266279421204263e-05
162,0,,29.5364,29.552908945615364,29.52212406533546,0.016508945615363757,-0.014275934664539136,,0.020859000000000003,0.020857388571428572,0.020891584580752312,-1.611428571430401e-06,3.258458075230952e-05
163,0,,29.5446,29.560589169756742,29.531301485847116,0.015989169756743138,-0.013298514152882746,,0.020866833333333334,0.020865145347694635,0.020899339298787373,-1.6879856386993464e-06,3.250596545403828e-05
164,0,,29.5528,29.56822378734078,29.54047626846311,0.015423787340779427,-0.012323731536891813,,0.020874666666666666,0.02087291597883598,0.020907093615004715,-1.7506878306865203e-06,3.2426948338049044e-05
165,0,,29.561,29.575812583689935,29.54964841394167,0.014812583689934655,-0.011351586058328422,,0.020882500000000002,0.020880701530612247,0.020914847529425153,-1.7984693877551305e-06,3.2347529425151567e-05
166,0,,29.569200000000002,29.583355344126634,29.558817923040795,0.014155344126631775,-0.010382076959206898,,0.020890333333333334,0.02088850306878307,0.02092260104206951,-1.830264550264915e-06,3.2267708736176404e-05
167,0,,29.5774,29.590851853973327,29.567984796518264,0.013451853973325711,-0.009415203481736967,,0.02089816666666667,0.02089632165910809,0.020930354152958606,-1.8450075585790815e-06,3.218748629193677e-05
168,0,,29.5856,29.598301898552446,29.577149035131647,0.012701898552446522,-0.008450964868352173,,0.020906,0.020904158367346937,0.020938106862113254,-1.8416326530643068e-06,3.210686211325281e-05
169,0,,29.5938,29.605705263186444,29.58631063963829,0.011905263186442028,-0.007489360361709885,,0.020913833333333333,0.02091201425925926,0.020945859169554274,-1.8190740740733902e-06,3.202583622094121e-05
170,0,,29.602,29.613061733197743,29.595469610795323,0.011061733197742285,-0.006530389204677078,,0.02092166666666667,0.02091989040060469,0.020953611075302477,-1.7762660619799475e-06,3.194440863580825e-05
171,0,,29.610200000000003,29.62037109390881,29.604625949359658,0.010171093908805773,-0.005574050640344552,,0.0209295,0.020927787857142856,0.020961362579378685,-1.712142857143717e-06,3.1862579378684475e-05
172,0,,29.6184,29.627633130642064,29.61377965608799,0.009233130642062548,-0.004620343912012714,,0.020937333333333336,0.02093570769463341,0.0209691136818037,-1.6256386999244365e-06,3.178034847036576e-05
173,0,,29.6266,29.634847628719953,29.622930731736794,0.008247628719953326,-0.003669268263205794,,0.020945166666666667,0.020943650978835982,0.020976864382598343,-1.5156878306853139e-06,3.1697715931675724e-05
174,0,,29.634800000000002,29.642014373464914,29.63207917706233,0.007214373464911716,-0.0027208229376718407,,0.020953,0.020951618775510203,0.020984614681783424,-1.3812244897964954e-06,3.161468178342411e-05
175,0,,29.643,29.6491331501994,29.641224992820646,0.006133150199399751,-0.0017750071793543043,,0.020960833333333335,0.020959612150415724,0.020992364579379745,-1.2211829176107802e-06,3.153124604641025e-05
176,0,,29.6512,29.656203744245843,29.65036817976756,0.005003744245843933,-0.0008318202324382185,,0.020968666666666667,0.020967632169312172,0.021000114075408124,-1.0344973544948455e-06,3.1447408741457766e-05
177,0,,29.6594,29.66322594092668,29.659508738658683,0.0038259409266778732,0.0001087386586817729,,0.020976500000000002,0.020975679897959183,0.021007863169889365,-8.201020408188375e-07,3.1363169889362524e-05
178,0,,29.6676,29.670199525564364,29.668646670249405,0.002599525564363603,0.0010466702494049684,,0.020984333333333334,0.020983756402116405,0.021015611862844272,-5.769312169286167e-07,3.1278529510937736e-05
179,0,,29.675800000000002,29.67712428348132,29.6777819752949,0.001324283481316968,0.0019819752948961877,,0.02099216666666667,0.02099186274754346,0.021023360154293652,-3.0391912320820724e-07,3.1193487626982735e-05
180,1,29.684,29.684,29.684,29.686914654550122,0.0,0.0029146545501212984,0.021,0.021,0.021,0.021031108044258312,0.0,3.1108044258310735e-05
181,0,,29.689883333333334,29.69078190638877,29.696044708769815,0.0008985730554371685,0.006161375436480654,,0.021008500000000003,0.021008181368611552,0.02103885553275905,-3.186313884510905e-07,3.0355532759047954e-05
182,0,,29.695766666666668,29.697428976222355,29.705172138708498,0.001662309555687358,0.00940547204183062,,0.021017,0.02101641782487354,0.021046602619816675,-5.821751264609154e-07,2.960261981667378e-05
183,0,,29.70165,29.703946608282738,29.714296945120477,0.002296608282737367,0.01264694512047626,,0.021025500000000003,0.021024707078100474,0.021054349305451983,-7.929218995283982e-07,2.884930545198061e-05
184,0,,29.707533333333334,29.710340201351897,29.72341912875984,0.0028068680185633355,0.015885795426505922,,0.021034,0.02103304683760684,0.02106209558968578,-9.531623931594013e-07,2.809558968577819e-05
185,0,,29.713416666666667,29.71661515421181,29.732538690380462,0.003198487545141404,0.01912202371379479,,0.021042500000000002,0.021041434812707135,0.021069841472538854,-1.065187292866726e-06,2.734147253885197e-05
186,0,,29.7193,29.722776865644455,29.741655630735995,0.0034768656444548185,0.022355630735994225,,0.021051,0.021049868712715858,0.021077586954032012,-1.1312872841423571e-06,2.6586954032011695e-05
187,0,,29.725183333333334,29.728830734431824,29.75076995057988,0.003647401098490377,0.025586617246545984,,0.021059500000000002,0.021058346246947496,0.021085332034186048,-1.1537530525060347e-06,2.5832034186046293e-05
188,0,,29.731066666666667,29.734782159355877,29.759881650665335,0.0037154926892100093,0.028814983998667998,,0.021068,0.021066865124716554,0.021093076713021762,-1.1348752834462739e-06,2.5076713021762037e-05
189,0,,29.73695,29.74063653919861,29.768990731745372,0.0036865391986111717,0.03204073174537214,,0.0210765,0.021075423055337522,0.021100820990559942,-1.0769446624793455e-06,2.4320990559940914e-05
190,0,,29.742833333333333,29.746399272742,29.778097194572776,0.003565939408666452,0.03526386123944292,,0.021085,0.021084017748124892,0.021108564866821382,-9.822518751076426e-07,2.3564866821382258e-05
191,0,,29.748716666666667,29.752075758768022,29.787201039900122,0.003359092101355543,0.038484373233455216,,0.0210935,0.02109264691239316,0.02111630834182688,-8.530876068404969e-07,2.2808341826878464e-05
192,0,,29.7546,29.757671396058658,29.796302268479767,0.003071396058658138,0.04170226847976721,,0.021102000000000003,0.021101308257456833,0.021124051415597225,-6.917425431698931e-07,2.205141559722193e-05
193,0,,29.760483333333333,29.76319158339589,29.805400881063846,0.0027082500625574824,0.04491754773051326,,0.0211105,0.02110999949263039,0.021131794088153206,-5.005073696121021e-07,2.129408815320505e-05
194,0,,29.766366666666666,29.768641719561693,29.814496878404288,0.002275052895026164,0.048130211737621664,,0.021119000000000002,0.021118718327228326,0.021139536359515612,-2.8167277167645555e-07,2.053635951560981e-05
195,0,,29.77225,29.774027203338054,29.8235902612528,0.0017772033380545338,0.051340261252800445,,0.0211275,0.021127462470565152,0.021147278229705233,-3.752943484799931e-08,1.9778229705232075e-05
196,0,,29.778133333333333,29.779353433506945,29.832681030360874,0.0012201001736116268,0.05454769702754092,,0.021136000000000002,0.021136229631955345,0.021155019698742856,2.296319553431181e-07,1.9019698742853836e-05
197,0,,29.784016666666666,29.784625808850347,29.841769186479787,0.0006091421836806887,0.05775251981312124,,0.0211445,0.021145017520713415,0.021162760766649264,5.175207134153204e-07,1.8260766649264015e-05
198,0,,29.7899,29.78984972815024,29.850854730360595,-5.027184975858745e-05,0.06095473036059573,,0.021153,0.021153823846153847,0.021170501433445246,8.238461538453978e-07,1.7501433445244602e-05
199,0,,29.795783333333333,29.795030590188617,29.85993766275414,-0.0007527431447158506,0.06415432942080912,,0.0211615,0.02116264631759114,0.021178241699151584,1.1463175911413659e-06,1.674169915158452e-05
200,0,,29.801666666666666,29.800173793747444,29.869017984411062,-0.0014928729192220658,0.06735131774439651,,0.02117,0.02117148264433979,0.02118598156378906,1.4826443397869538e-06,1.5981563789058822e-05
201,0,,29.80755,29.805284737608698,29.878095696081765,-0.0022652623913010927,0.07054569608176564,,0.021178500000000003,0.021180330535714286,0.02119372102737846,1.830535714283238e-06,1.5221027378456431e-05
202,0,,29.813433333333332,29.810368820554366,29.887170798516443,-0.003064512778966133,0.07373746518311108,,0.021187,0.021189187701029132,0.02120146008994056,2.187701029131295e-06,1.4460089940559334e-05
203,0,,29.819316666666666,29.815431441366425,29.896243292465083,-0.0038852253002410464,0.0769266257984178,,0.021195500000000003,0.021198051849598814,0.02120919875149614,2.5518495988113843e-06,1.3698751496139111e-05
204,0,,29.8252,29.820477998826863,29.90531317867745,-0.004722001173135482,0.08011317867745049,,0.021204,0.021206920690737836,0.021216937012065982,2.920690737834991e-06,1.2937012065981218e-05
205,0,,29.831083333333332,29.825513891717645,29.914380457903093,-0.005569441615687509,0.08329712456976068,,0.021212500000000002,0.021215791933760685,0.02122467487167086,3.291933760682375e-06,1.2174871670857235e-05
206,0,,29.836966666666665,29.83054451882076,29.92344513089134,-0.006422147845906778,0.08647846422467609,,0.021221,0.02122466328798186,0.02123241233033155,3.663287981858082e-06,1.1412330331549148e-05
207,0,,29.84285,29.83557527891819,29.932507198391324,-0.007274721081810043,0.08965719839132547,,0.021229500000000002,0.021233532462715855,0.02124014938806883,4.03246271585278e-06,1.0649388068828536e-05
208,0,,29.848733333333332,29.84061157079191,29.94156666115194,-0.008121762541421162,0.09283332781860665,,0.021238,0.02124239716727717,0.02124788604490347,4.397167277171016e-06,9.886044903470448e-06
209,0,,29.854616666666665,29.845658793223897,29.950623519921876,-0.00895787344276755,0.09600685325521141,,0.0212465,0.02125125511098029,0.02125562230085625,4.7551109802895786e-06,9.122300856249932e-06
210,0,,29.860500000000002,29.85072234499614,29.95967777544961,-0.009777655003862407,0.09917777544960771,,0.021255000000000003,0.02126010400313972,0.021263358155947938,5.104003139716484e-06,8.358155947935098e-06
211,0,,29.866383333333335,29.85580762489061,29.968729428483392,-0.01057570844272604,0.10234609515005744,,0.0212635,0.02126894155306995,0.021271093610199302,5.44155306994934e-06,7.593610199300993e-06
212,0,,29.87226666666667,29.8609200316893,29.977778479771278,-0.011346634977368097,0.10551181310460933,,0.021272000000000003,0.02127776547008547,0.02127882866363112,5.765470085468405e-06,6.828663631115728e-06
213,0,,29.87815,29.86606496417417,29.986824930061086,-0.012085035825830204,0.10867493006108475,,0.0212805,0.021286573463500786,0.02128656331626415,6.0734635007851645e-06,6.063316264150881e-06
214,0,,29.884033333333335,29.871247821127216,29.995868780100434,-0.012785512206118455,0.111835446767099,,0.021289000000000002,0.02129536324263039,0.02129429756811917,6.363242630386817e-06,5.297568119167623e-06
215,0,,29.889916666666668,29.876474001330404,30.004910030636715,-0.013442665336263815,0.11499336397004711,,0.0212975,0.021304132516788768,0.02130203141921694,6.632516788767501e-06,4.531419216941002e-06
216,0,,29.8958,29.881748903565732,30.013948682417123,-0.014051096434268828,0.11814868241712162,,0.021306000000000002,0.021312878995290423,0.02130976486957823,6.8789952904213525e-06,3.764869578228719e-06
217,0,,29.901683333333335,29.887077926615166,30.022984736188615,-0.014605406718168013,0.12130140285528057,,0.0213145,0.021321600387449853,0.0213174979192238,7.1003874498529185e-06,2.997919223798884e-06
218,0,,29.907566666666668,29.892466469260686,30.032018192697954,-0.015100197405981675,0.12445152603128662,,0.021323,0.021330294402581548,0.021325230568174418,7.294402581545928e-06,2.2305681744161365e-06
219,0,,29.91345,29.897919930284278,30.041049052691676,-0.015530069715723016,0.12759905269167504,,0.0213315,0.02133895875,0.02133296281645084,7.458750000001457e-06,1.4628164508416475e-06
220,0,,29.919333333333334,29.90344370846792,30.050077316916102,-0.015889624865415897,0.13074398358276795,,0.02134,0.02134759113901971,0.021340694664073838,7.591139019710175e-06,6.946640738365872e-07
221,0,,29.925216666666667,29.909043202593594,30.059102986117352,-0.016173464073073518,0.13388631945068497,,0.021348500000000003,0.021356189278955173,0.02134842611106416,7.689278955169687e-06,-7.388893584134304e-08
222,0,,29.9311,29.91472381144327,30.068126061041312,-0.016376188556730398,0.1370260610413112,,0.021357,0.021364750879120882,0.021356157157442573,7.750879120881071e-06,-8.428425574275034e-07
223,0,,29.936983333333334,29.92049093379894,30.077146542433667,-0.016492399534392632,0.14016320910033286,,0.021365500000000003,0.021373273648831327,0.021363887803229835,7.773648831324587e-06,-1.612196770167662e-06
224,0,,29.942866666666667,29.926349968442576,30.08616443103989,-0.016516698224091186,0.14329776437322295,,0.021374,0.021381755297401016,0.021371618048446697,7.755297401015188e-06,-2.381951553304118e-06
225,0,,29.94875,29.932306314156165,30.095179727605224,-0.01644368584383571,0.14642972760522355,,0.021382500000000002,0.021390193534144432,0.021379347893113923,7.693534144429665e-06,-3.15210688607917e-06
226,0,,29.954633333333334,29.938365369721673,30.104192432874715,-0.01626796361166072,0.14955909954138136,,0.021391,0.02139858606837607,0.021387077337252258,7.586068376069094e-06,-3.922662747742056e-06
227,0,,29.960516666666667,29.944532533921095,30.113202547593183,-0.01598413274557231,0.1526858809265157,,0.021399500000000002,0.021406930609410433,0.021394806380882467,7.430609410431083e-06,-4.693619117535075e-06
228,0,,29.9664,29.950813205536402,30.12221007250524,-0.015586794463597897,0.15581007250523982,,0.021408,0.02141522486656201,0.021402535024025296,7.2248665620097685e-06,-5.464975974703995e-06
229,0,,29.972283333333333,29.95721278334958,30.131215008355284,-0.015070549983754233,0.15893167502195027,,0.0214165,0.0214234665491453,0.021410263266701497,6.966549145299289e-06,-6.236733298504993e-06
230,0,,29.978166666666667,29.9637366661426,30.140217355887497,-0.014430000524065179,0.16205068922083044,,0.021425,0.021431653366474797,0.02141799110893182,6.653366474797251e-06,-7.008891068180367e-06
231,0,,29.98405,29.970390252697452,30.149217115845847,-0.013659747302547487,0.16516711584584698,,0.0214335,0.021439783027864992,0.02142571855073702,6.283027864990853e-06,-7.781449262982826e-06
232,0,,29.989933333333333,29.977178941796108,30.158214288974087,-0.012754391537225018,0.1682809556407534,,0.021442000000000003,0.021447853242630387,0.021433445592137834,5.853242630384642e-06,-8.554407862168545e-06
233,0,,29.995816666666666,29.984108132220555,30.16720887601576,-0.011708534446110974,0.1713922093490936,,0.0214505,0.021455861720085474,0.02144117223315502,5.361720085472754e-06,-9.327766844979823e-06
234,0,,30.0017,29.991183222752763,30.176200877714194,-0.01051677724723632,0.17450087771419476,,0.021459000000000002,0.02146380616954474,0.021448898473809323,4.80616954473892e-06,-1.0101526190679777e-05
235,0,,30.007583333333333,29.99840961217472,30.1851902948125,-0.009173721158614256,0.17760696147916732,,0.0214675,0.021471684300322695,0.021456624314121483,4.184300322694623e-06,-1.0875685878517644e-05
236,0,,30.013466666666666,30.005792699268405,30.19417712805358,-0.007673967398261539,0.18071046138691216,,0.021476000000000002,0.02147949382173382,0.02146434975411225,3.4938217338166544e-06,-1.1650245887753069e-05
237,0,,30.01935,30.013337882815797,30.20316137818012,-0.006012117184202026,0.1838113781801205,,0.0214845,0.021487232443092624,0.021472074793802358,2.7324430926234378e-06,-1.242520619764223e-05
238,0,,30.025233333333333,30.021050561598873,30.212143045934592,-0.004182771734459578,0.18690971260125977,,0.021493,0.02149489787371359,0.02147979943321256,1.897873713588294e-06,-1.3200566787441304e-05
239,0,,30.031116666666666,30.02893613439961,30.221122132059257,-0.0021805322670545024,0.19000546539259133,,0.0215015,0.021502487822911216,0.02148752367236359,9.878229112157688e-07,-1.3976327636409935e-05
240,1,30.037,30.037,30.037,30.23009863729616,0.0,0.19309863729615984,0.02151,0.02151,0.02151,0.02149524751127619,0.0,-1.4752488723811241e-05
241,0,,30.050283333333333,30.045382922352903,30.239072562387136,-0.0049004109804293705,0.18878922905380335,,0.021516666666666667,0.02151744322443591,0.021502970949971098,7.765577692449288e-07,-1.3695716695568544e-05
242,0,,30.063566666666667,30.054212396026852,30.2480439080738,-0.009354270639814644,0.18447724140713362,,0.021523333333333335,0.021524828918867943,0.021510693988469054,1.4955855346075742e-06,-1.2639344864281282e-05
243,0,,30.07685,30.06347391572729,30.257012675097563,-0.013376084272710642,0.1801626750975629,,0.02153,0.021532158697400165,0.02151841662679079,2.158697400164028e-06,-1.1583373209209102e-05
244,0,,30.090133333333334,30.073152976159676,30.265978864199617,-0.01698035717365798,0.17584553086628318,,0.02153666666666667,0.021539434174136615,0.021526138864957047,2.7675074699452795e-06,-1.0527801709622059e-05
245,0,,30.103416666666664,30.083235072029456,30.27494247612094,-0.020181594637207922,0.17152580945427687,,0.021543333333333334,0.021546656963181355,0.02153386070298855,3.3236298480204818e-06,-9.472630344783267e-06
246,0,,30.116699999999998,30.093705698042093,30.283903511602308,-0.02299430195790464,0.16720351160230962,,0.02155,0.021553828678638438,0.021541582140906047,3.828678638437971e-06,-8.417859093952373e-06
247,0,,30.129983333333332,30.10455034890303,30.292861971384266,-0.025432984430302952,0.16287863805093394,,0.02155666666666667,0.02156095093461191,0.021549303178730255,4.284267945242615e-06,-7.36348793641331e-06
248,0,,30.143266666666666,30.11575451931772,30.30181785620716,-0.027512147348947025,0.15855118954049274,,0.021563333333333334,0.021568025345205837,0.021557023816481915,4.692011872503565e-06,-6.309516851418784e-06
249,0,,30.15655,30.127303703991622,30.310771166811115,-0.02924629600837747,0.15422116681111575,,0.021570000000000002,0.021575053524524254,0.021564744054181757,5.053524524251812e-06,-5.2559458182457885e-06
250,0,,30.169833333333333,30.13918339763018,30.31972190393605,-0.030649935703152664,0.149888570602716,,0.021576666666666668,0.021582037086671235,0.021572463891850503,5.370420004566917e-06,-4.2027748161643785e-06
251,0,,30.183116666666667,30.151379094938854,30.32867006832167,-0.03173757172781322,0.14555340165500397,,0.021583333333333333,0.021588977645750816,0.021580183329508888,5.644312417483338e-06,-3.1500038244446082e-06
252,0,,30.1964,30.163876290623094,30.337615660707463,-0.03252370937690685,0.14121566070746283,,0.02159,0.02159587681586706,0.021587902367177635,5.87681586705982e-06,-2.0976328223669405e-06
253,0,,30.20968333333333,30.176660479388353,30.346558681832708,-0.033022853944977726,0.13687534849937677,,0.021596666666666667,0.02160273621112402,0.021595621004877472,6.069544457351639e-06,-1.0456617891944908e-06
254,0,,30.222966666666665,30.189717155940084,30.35549913243647,-0.03324951072658067,0.13253246576980615,,0.021603333333333335,0.02160955744562574,0.02160333924262912,6.224112292403661e-06,5.909295785339053e-09
255,0,,30.23625,30.20303181498373,30.364437013257604,-0.03321818501626694,0.1281870132576053,,0.02161,0.02161634213347628,0.02161105708045331,6.3421334762781e-06,1.0570804533094336e-06
256,0,,30.249533333333332,30.216589951224755,30.37337232503475,-0.03294338210857717,0.12383899170141888,,0.021616666666666666,0.021623091888779693,0.021618774518370756,6.425222113026763e-06,2.107851704090391e-06
257,0,,30.262816666666666,30.23037705936861,30.382305068506337,-0.032439607298055506,0.11948840183967135,,0.021623333333333335,0.021629808325640033,0.021626491556402186,6.474992306697985e-06,3.158223068851218e-06
258,0,,30.2761,30.244378634120743,30.391235244410584,-0.03172136587925678,0.11513524441058465,,0.02163,0.021636493058161354,0.02163420819456832,6.493058161353982e-06,4.208194568318391e-06
259,0,,30.289383333333333,30.258580170186608,30.40016285348549,-0.030803163146725154,0.11077952015215686,,0.02163666666666667,0.021643147700447698,0.021641924432889873,6.481033781029211e-06,5.2577662232045075e-06
260,0,,30.302666666666667,30.27296716227166,30.409087896468847,-0.029699504395008347,0.10642122980218005,,0.021643333333333334,0.021649773866603137,0.021649640271387566,6.440533269803234e-06,6.306938054232575e-06
261,0,,30.31595,30.287525105081347,30.41801037409824,-0.028424894918654076,0.1020603740982402,,0.02165,0.021656373170731706,0.021657355710082114,6.37317073170704e-06,7.355710082115191e-06
262,0,,30.32923333333333,30.302239493321128,30.426930287111034,-0.026993840012202952,0.09769695377770304,,0.021656666666666668,0.02166294722693747,0.02166507074899424,6.280560270802843e-06,8.404082327571893e-06
263,0,,30.342516666666665,30.317095821696448,30.435847636244386,-0.025420844970216905,0.09333096957772113,,0.021663333333333333,0.021669497649324476,0.02167278538814465,6.1643159911424494e-06,9.45205481131528e-06
264,0,,30.3558,30.332079584912766,30.444762422235236,-0.023720415087232993,0.08896242223523743,,0.021670000000000002,0.021676026051996783,0.021680499627554063,6.026051996781134e-06,1.049962755406142e-05
265,0,,30.369083333333332,30.34717627767553,30.453674645820325,-0.021907055657802488,0.08459131248699236,,0.021676666666666667,0.021682534049058438,0.021688213467243193,5.8673823917707035e-06,1.1546800576526378e-05
266,0,,30.382366666666666,30.362371394690197,30.462584307736165,-0.019995271976469553,0.08021764106949902,,0.021683333333333332,0.0216890232546135,0.021695926907232748,5.689921280166432e-06,1.2593573899415816e-05
267,0,,30.39565,30.377650430662214,30.471491408719068,-0.01799956933778546,0.07584140871906797,,0.02169,0.021695495282766018,0.021703639947543443,5.495282766016657e-06,1.3639947543442332e-05
268,0,,30.408933333333334,30.392998880297032,30.480395949505134,-0.015934453036301477,0.07146261617180016,,0.021696666666666666,0.021701951747620036,0.02171135258819598,5.285080953369714e-06,1.4685921529315055e-05
269,0,,30.422216666666667,30.408402238300113,30.489297930830244,-0.013814428366554665,0.06708126416357629,,0.021703333333333335,0.02170839426327963,0.02171906482921108,5.0609299462947566e-06,1.5731495877746582e-05
270,0,,30.435499999999998,30.4238459993769,30.498197353430076,-0.011654000623096294,0.0626973534300781,,0.02171,0.021714824443848837,0.021726776670609443,4.8244438488366514e-06,1.6776670609442573e-05
271,0,,30.44878333333333,30.439315658232854,30.50709421804009,-0.009467675100477635,0.058310884706759936,,0.021716666666666665,0.02172124390343171,0.021734488112411774,4.577236765043735e-06,1.7821445745108688e-05
272,0,,30.462066666666665,30.45479670957342,30.51598852539554,-0.007269957093246404,0.05392185872887367,,0.021723333333333334,0.021727654256132305,0.02174219915463878,4.320922798971283e-06,1.8865821305447117e-05
273,0,,30.47535,30.470274648104056,30.524880276231464,-0.005075351895943214,0.04953027623146511,,0.02173,0.021734057116054674,0.02174990979731117,4.05711605467457e-06,1.9909797311170457e-05
274,0,,30.488633333333333,30.48573496853021,30.53376947128269,-0.002898364803122888,0.045136137949356225,,0.021736666666666668,0.021740454097302877,0.02175762004044964,3.7874306362088717e-06,2.095337378297049e-05
275,0,,30.501916666666666,30.501163165557333,30.542656111283836,-0.0007535011093331434,0.04073944461717005,,0.021743333333333333,0.021746846813980963,0.021765329884074897,3.5134806476294633e-06,2.1996550741563287e-05
276,0,,30.5152,30.516544733890886,30.55154019696931,0.0013447338908854078,0.036340196969309346,,0.02175,0.021753236880192976,0.02177303932820764,3.2368801929777424e-06,2.3039328207640625e-05
277,0,,30.528483333333334,30.531865168236315,30.560421729073305,0.0033818349029814954,0.031938395739970815,,0.021756666666666667,0.021759625910042983,0.02178074837286857,2.959243376315923e-06,2.4081706201901226e-05
278,0,,30.541766666666668,30.547109963299075,30.569300708329806,0.005343296632407402,0.027534041663137998,,0.021763333333333332,0.021766015517635028,0.021788457018078387,2.6821843016958113e-06,2.512368474505422e-05
279,0,,30.555049999999998,30.562264613784617,30.578177135472586,0.007214613784618962,0.023127135472588378,,0.02177,0.02177240731707317,0.021796165263857786,2.407317073169213e-06,2.616526385778445e-05
280,0,,30.56833333333333,30.577314614398393,30.587051011235207,0.008981281065061353,0.018717677901875618,,0.021776666666666666,0.021778802922461458,0.021803873110227464,2.136255794791403e-06,2.7206443560797572e-05
281,0,,30.581616666666665,30.592245459845856,30.595922336351023,0.01062879317919041,0.01430566968435798,,0.02178333333333333,0.021785203947903946,0.02181158055720812,1.8706145706141875e-06,2.824722387478884e-05
282,0,,30.5949,30.607042644832458,30.604791111553173,0.012142644832458416,0.00989111155317346,,0.02179,0.02179161200750469,0.02181928760482045,1.6120075046893723e-06,2.9287604820450036e-05
283,0,,30.608183333333333,30.62169166406365,30.613657337574583,0.013508330730317653,0.005474004241250441,,0.021796666666666666,0.021798028715367738,0.021826994253085142,1.3620487010722326e-06,3.032758641847641e-05
284,0,,30.621466666666667,30.63617801224489,30.62252101514798,0.014711345578223955,0.001054348481314804,,0.021803333333333334,0.02180445568559715,0.02183470050202289,1.1223522638145744e-06,3.1367168689556274e-05
285,0,,30.63475,30.650487184081626,30.631382145005865,0.015737184081626054,-0.0033678549941349445,,0.02181,0.02181089453229697,0.021842406351654388,8.945322969716729e-07,3.240635165438835e-05
286,0,,30.648033333333334,30.66460467427931,30.640240727880546,0.016571340945976232,-0.007792605452788592,,0.021816666666666665,0.021817346869571257,0.021850111802000326,6.802029045918645e-07,3.344513533366095e-05
287,0,,30.661316666666664,30.678515977543398,30.649096764504097,0.017199310876733875,-0.012219902162566854,,0.021823333333333333,0.021823814311524067,0.021857816853081392,4.809781907338939e-07,3.448351974805891e-05
288,0,,30.674599999999998,30.692206588579342,30.657950255608405,0.017606588579344162,-0.016649744391592947,,0.02183,0.02183029847225945,0.021865521504918273,2.98472259449567e-07,3.552150491827402e-05
289,0,,30.687883333333332,30.70566200209259,30.666801201925136,0.017778668759259375,-0.021082131408196148,,0.021836666666666667,0.021836800965881455,0.021873225757531662,1.3429921478722018e-07,3.655909086499459e-05
290,0,,30.701166666666666,30.718867712788597,30.675649604185747,0.017701046121931796,-0.025517062480918895,,0.021843333333333333,0.021843323406494138,0.021880929610942238,-9.926839194401849e-09,3.7596277608905465e-05
291,0,,30.71445,30.73180921537282,30.684495463121475,0.017359215372820813,-0.029954536878523896,,0.021849999999999998,0.02184986740820155,0.02188863306517069,-1.3259179844696267e-07,3.863306517069148e-05
292,0,,30.727733333333333,30.744472004550705,30.693338779463367,0.016738671217371603,-0.034394553869965705,,0.021856666666666667,0.021856434585107755,0.0218963361202377,-2.3208155891171756e-07,3.966945357103402e-05
293,0,,30.741016666666667,30.756841575027707,30.702179553942248,0.015824908361040002,-0.03883711272441914,,0.021863333333333332,0.021863026551316795,0.021904038776163953,-3.0678201653686066e-07,4.0705442830621386e-05
294,0,,30.7543,30.768903421509275,30.71101778728873,0.014603421509274739,-0.043282212711272194,,0.02187,0.021869644920932726,0.02191174103297013,-3.550790672740556e-07,4.174103297012802e-05
295,0,,30.767583333333334,30.78064303870087,30.719853480233215,0.013059705367535202,-0.0477298531001189,,0.021876666666666666,0.021876291308059598,0.02191944289067691,-3.7535860706802704e-07,4.2776224010245695e-05
296,0,,30.780866666666665,30.792045921307935,30.72868663350591,0.01117925464127012,-0.05218003316075581,,0.02188333333333333,0.021882967326801474,0.021927144349304976,-3.6600653185656085e-07,4.3811015971645384e-05
297,0,,30.79415,30.803097564035934,30.73751724783679,0.00894756403593533,-0.056632752163206845,,0.02189,0.021889674591262395,0.021934845408875005,-3.254087376051984e-07,4.484540887500499e-05
298,0,,30.807433333333332,30.813783461590305,30.74634532395564,0.006350128256972454,-0.06108800937769132,,0.021896666666666665,0.021896414715546424,0.021942546069407674,-2.5195112024131716e-07,4.587940274100935e-05
299,0,,30.820716666666666,30.82408910867651,30.755170862592024,0.003372442009844434,-0.06554580407464172,,0.021903333333333334,0.021903189313757607,0.02195024633092366,-1.440195757269891e-07,4.691299759032597e-05
300,1,30.834,30.834,30.834,30.763993864475292,0.0,-0.07000613552470725,0.02191,0.02191,0.02191,0.02195794619344364,0.0,4.794619344363968e-05
301,0,,30.84165,30.843631981035855,30.7728143303346,0.001981981035854119,-0.06883566966540045,,0.021917,0.02191683095598542,0.021965645656988286,-1.6904401457795704e-07,4.864565698828663e-05
302,0,,30.8493,30.853113441082805,30.781632260898885,0.0038134410828050136,-0.06766773910111468,,0.021924,0.02192366536585366,0.021973344721578268,-3.346341463407454e-07,4.9344721578269135e-05
303,0,,30.85695,30.86244869058176,30.79044765689687,0.005498690581760002,-0.06650234310313152,,0.021931,0.021930503347350715,0.021981043387234268,-4.966526492844459e-07,5.004338723426857e-05
304,0,,30.8646,30.871642039973644,30.799260519057075,0.007042039973644165,-0.06533948094292441,,0.021938,0.021937345018222594,0.021988741653976948,-6.549817774051392e-07,5.0741653976948964e-05
305,0,,30.87225,30.880697799699377,30.80807084810781,0.00844779969937548,-0.06417915189219059,,0.021945,0.021944190496215307,0.02199643952182698,-8.095037846919673e-07,5.143952182698128e-05
306,0,,30.8799,30.889620280199868,30.816878644777177,0.00972028019986837,-0.0630213552228227,,0.021952,0.021951039899074855,0.022004136990805036,-9.601009251444803e-07,5.2136990805036476e-05
307,0,,30.88755,30.89841379191604,30.825683909793064,0.01086379191604081,-0.06186609020693723,,0.021959,0.02195789334454724,0.022011834060931785,-1.106655452758759e-06,5.2834060931785526e-05
308,0,,30.8952,30.907082645288817,30.83448664388315,0.011882645288817884,-0.06071335611684958,,0.021966,0.02196475095037847,0.02201953073222789,-1.2490496215308844e-06,5.353073222788898e-05
309,0,,30.90285,30.915631150759115,30.843286847774912,0.012781150759114013,-0.059563152225088345,,0.021973,0.02197161283431455,0.022027227004714014,-1.387165685449998e-06,5.422700471401434e-05
310,0,,30.9105,30.924063618767846,30.85208452219561,0.013563618767847174,-0.05841547780438816,,0.02198,0.021978479114101487,0.02203492287841083,-1.520885898512181e-06,5.49228784108291e-05
311,0,,30.91815,30.932384359755925,30.860879667872304,0.014234359755924686,-0.05727033212769683,,0.021987,0.02198534990748528,0.022042618353338993,-1.6500925147204526e-06,5.5618353338993815e-05
312,0,,30.9258,30.94059768416429,30.86967228553183,0.014797684164289393,-0.05612771446816822,,0.021994,0.021992225332211943,0.022050313429519172,-1.774667788057016e-06,5.631342951917251e-05
313,0,,30.93345,30.948707902433835,30.878462375900828,0.015257902433834403,-0.054987624099172905,,0.022001,0.02199910550602747,0.02205800810697203,-1.8944939725283605e-06,5.700810697202921e-05
314,0,,30.9411,30.95671932500549,30.88724993970573,0.015619325005491902,-0.05385006029426975,,0.022008,0.02200599054667788,0.022065702385718217,-2.0094533221201583e-06,5.7702385718217536e-05
315,0,,30.94875,30.964636262320173,30.896034977672745,0.01588626232017276,-0.05271502232725567,,0.022015,0.022012880571909164,0.0220733962657784,-2.119428090835429e-06,5.839626577840151e-05
316,0,,30.9564,30.9724630248188,30.90481749052789,0.016063024818802063,-0.05158250947210874,,0.022022,0.022019775699467337,0.02208108974717324,-2.2243005326633147e-06,5.90897471732417e-05
317,0,,30.96405,30.980203922942287,30.913597478996966,0.016153922942287124,-0.050452521003034434,,0.022029,0.0220266760470984,0.022088782829923388,-2.323952901599896e-06,5.9782829923388237e-05
318,0,,30.9717,30.987863267131562,30.92237494380556,0.016163267131563686,-0.04932505619443717,,0.022036,0.02203358173254836,0.022096475514049505,-2.418267451641254e-06,6.047551404950516e-05
319,0,,30.97935,30.995445367827532,30.931149885679062,0.01609536782753196,-0.04820011432093807,,0.022043,0.02204049287356322,0.022104167799572243,-2.5071264367799995e-06,6.116779957224261e-05
320,0,,30.987,31.002954535471115,30.93992230534264,0.015954535471117026,-0.04707769465735723,,0.02205,0.02204740958788898,0.022111859686512254,-2.5904121110191525e-06,6.185968651225421e-05
321,0,,30.99465,31.010395080503237,30.948692203521272,0.015745080503236863,-0.045957796478727886,,0.022057,0.022054331993271656,0.022119551174890197,-2.6680067283443853e-06,6.255117489019704e-05
322,0,,31.002299999999998,31.017771313364815,30.95745958093971,0.015471313364816552,-0.04484041906028935,,0.022064,0.022061260207457245,0.022127242264726718,-2.7397925427552483e-06,6.324226472671779e-05
323,0,,31.00995,31.02508754449676,30.9662244383225,0.015137544496759858,-0.04372556167750119,,0.022071,0.02206819434819176,0.02213493295604247,-2.8056518082408832e-06,6.393295604247007e-05
324,0,,31.017599999999998,31.032348084339993,30.97498677639399,0.014748084339995415,-0.04261322360600772,,0.022078,0.022075134533221193,0.022142623248858104,-2.8654667788077792e-06,6.462324885810403e-05
325,0,,31.02525,31.039557243335437,30.983746595878316,0.014307243335437647,-0.041503404121684184,,0.022085,0.02208208088029156,0.02215031314319427,-2.9191197084416087e-06,6.531314319426981e-05
326,0,,31.032899999999998,31.046719331924006,30.992503897499397,0.013819331924008083,-0.040396102500601216,,0.022092,0.022089033507148866,0.02215800263907161,-2.966492851134983e-06,6.600263907161064e-05
327,0,,31.04055,31.053838660546617,31.001258681980953,0.013288660546617592,-0.03929131801904617,,0.022099,0.022095992531539106,0.022165691736510774,-3.0074684608943913e-06,6.669173651077318e-05
328,0,,31.048199999999998,31.060919539644193,31.010010950046492,0.01271953964419481,-0.03818904995350536,,0.022106,0.0221029580712083,0.022173380435532408,-3.0419287917020366e-06,6.738043553240758e-05
329,0,,31.05585,31.067966279657643,31.01876070241932,0.012116279657643503,-0.03708929758067825,,0.022113,0.02210993024390244,0.022181068736157154,-3.0697560975609384e-06,6.806873615715359e-05
330,0,,31.063499999999998,31.07498319102789,31.02750793982253,0.011483191027892303,-0.03599206017746681,,0.02212,0.022116909167367537,0.02218875663840566,-3.090832632463708e-06,6.875663840565788e-05
331,0,,31.07115,31.08197458419586,31.036252662979006,0.010824584195859188,-0.03489733702099329,,0.022126999999999997,0.022123894959349594,0.02219644414229856,-3.105040650402957e-06,6.944414229856366e-05
332,0,,31.0788,31.08894476960246,31.044994872611426,0.010144769602458581,-0.03380512738857533,,0.022133999999999997,0.022130887737594612,0.022204131247856508,-3.1122624053851744e-06,7.013124785651068e-05
333,0,,31.08645,31.09589805768861,31.053734569442263,0.00944805768861201,-0.032715430557736624,,0.022140999999999997,0.02213788761984861,0.02221181795510013,-3.1123801513890936e-06,7.081795510013172e-05
334,0,,31.0941,31.10283875889523,31.062471754193773,0.008738758895230347,-0.03162824580622825,,0.022147999999999998,0.022144894723857583,0.022219504264050075,-3.105276142414265e-06,7.150426405007695e-05
335,0,,31.10175,31.109771183663245,31.071206427588017,0.008021183663245779,-0.030543572411982467,,0.022154999999999998,0.022151909167367534,0.022227190174726973,-3.090832632463708e-06,7.21901747269757e-05
336,0,,31.1094,31.11669964243356,31.079938590346842,0.0072996424335585175,-0.02946140965315891,,0.022161999999999998,0.02215893106812447,0.022234875687151465,-3.068931875526565e-06,7.28756871514677e-05
337,0,,31.11705,31.1236284456471,31.088668243191883,0.00657844564710075,-0.028381756808116165,,0.022168999999999998,0.022165960543874402,0.02224256080134419,-3.0394561255954466e-06,7.356080134419268e-05
338,0,,31.1247,31.130561903744784,31.097395386844582,0.005861903744783348,-0.027304613155418878,,0.022175999999999998,0.022172997712363328,0.022250245517325778,-3.0022876366699036e-06,7.424551732578e-05
339,0,,31.13235,31.137504327167527,31.106120022026154,0.005154327167527839,-0.026229977973844854,,0.022182999999999998,0.022180042691337255,0.022257929835116864,-2.957308662742547e-06,7.49298351168659e-05
340,0,,31.14,31.144460026356246,31.114842149457626,0.004460026356245095,-0.025157850542374405,,0.022189999999999998,0.022187095598542192,0.02226561375473808,-2.9044014578059885e-06,7.561375473808321e-05
341,0,,31.14765,31.151433311751866,31.123561769859805,0.003783311751867302,-0.0240882301401939,,0.022196999999999998,0.022194156551724135,0.022273297276210063,-2.8434482758632473e-06,7.629727621006471e-05
342,0,,31.1553,31.1584284937953,31.13227888395329,0.003128493795298226,-0.023021116046709977,,0.022203999999999998,0.022201225668629098,0.022280980399553434,-2.774331370899996e-06,7.698039955343627e-05
343,0,,31.16295,31.16544988292746,31.140993492458485,0.0024998829274629486,-0.021956507541514014,,0.022210999999999998,0.022208303067003082,0.02228866312478883,-2.696932996915785e-06,7.76631247888307e-05
344,0,,31.1706,31.172501789589283,31.149705596095572,0.0019017895892829983,-0.020894403904428316,,0.022217999999999998,0.02221538886459209,0.022296345451936875,-2.611135407906695e-06,7.834545193687731e-05
345,0,,31.17825,31.179588524221664,31.158415195584542,0.0013385242216656934,-0.019834804415456375,,0.022224999999999998,0.022222483179142136,0.0223040273810182,-2.516820857861868e-06,7.902738101820198e-05
346,0,,31.1859,31.186714397265536,31.167122291645164,0.0008143972655361154,-0.018777708354836165,,0.022232,0.022229586128399214,0.02231170891205343,-2.413871600784323e-06,7.970891205343056e-05
347,0,,31.19355,31.19388371916181,31.175826884997008,0.00033371916181224037,-0.017723115002990397,,0.022239,0.022236697830109335,0.022319390045063184,-2.3021698906632027e-06,8.039004506318545e-05
348,0,,31.2012,31.201100800351416,31.184528976359434,-9.919964858440267e-05,-0.016671023640565608,,0.022246,0.0222438184020185,0.022327070780068094,-2.181597981498057e-06,8.107078006809598e-05
349,0,,31.208849999999998,31.20836995127526,31.1932285664516,-0.0004800487247393903,-0.015621433548396624,,0.022253,0.022250947961872724,0.02233475111708878,-2.052038127274558e-06,8.175111708878108e-05
350,0,,31.2165,31.215695482374255,31.201925655992454,-0.0008045176257454045,-0.014574344007545648,,0.02226,0.022258086627418,0.022342431056145865,-1.9133725819991954e-06,8.24310561458666e-05
351,0,,31.224149999999998,31.22308170408934,31.21062024570074,-0.0010682959106596002,-0.013529754299259622,,0.022267,0.022265234516400337,0.02235011059725997,-1.7654835996611107e-06,8.311059725997147e-05
352,0,,31.2318,31.23053292686141,31.219312336294983,-0.00126707313858887,-0.012487663705016416,,0.022274,0.022272391746565742,0.02235778974045171,-1.6082534342563848e-06,8.378974045171114e-05
353,0,,31.239449999999998,31.238053461131397,31.22800192849352,-0.0013965388686010272,-0.011448071506478641,,0.022281,0.022279558435660214,0.02236546848574171,-1.4415643397845679e-06,8.446848574171148e-05
354,0,,31.2471,31.245647617340218,31.23668902301447,-0.001452382659781648,-0.010410976985529174,,0.022288,0.02228673470142977,0.022373146833150587,-1.265298570227863e-06,8.514683315058794e-05
355,0,,31.254749999999998,31.25331970592878,31.24537362057575,-0.0014302940712163092,-0.009376379424246295,,0.022295,0.02229392066162041,0.02238082478269895,-1.0793383795892897e-06,8.58247826989525e-05
356,0,,31.2624,31.261074037338016,31.25405572189507,-0.001325962661983482,-0.008344278104928549,,0.022302,0.02230111643397813,0.022388502334407423,-8.835660218683983e-07,8.650233440742408e-05
357,0,,31.270049999999998,31.268914922008836,31.26273532768993,-0.001135077991161637,-0.007314672310066328,,0.022309,0.022308322136248948,0.02239617948829662,-6.778637510508612e-07,8.717948829662162e-05
358,0,,31.2777,31.276846670382163,31.27141243867763,-0.0008533296178363514,-0.006287561322370294,,0.022316,0.02231553788617886,0.02240385624438715,-4.62113821139698e-07,8.785624438715015e-05
359,0,,31.285349999999998,31.28487359289891,31.280087055575255,-0.00047640710108609596,-0.005262944424742955,,0.022323,0.022322763801513875,0.022411532602699628,-2.361984861240507e-07,8.853260269962859e-05
360,1,31.293,31.293,31.293,31.288759179099696,0.0,-0.004240820900303532,0.02233,0.02233,0.02233,0.02241920856325466,0.0,8.9208563254662e-05
361,0,,31.301783333333333,31.301236899962444,31.297428809967627,-0.0005464333708893321,-0.0043545233657056315,,0.0223375,0.02233724725605947,0.02242688412607287,-2.527439405299037e-07,8.93841260728688e-05
362,0,,31.310566666666666,31.30958909062444,31.306095948895525,-0.0009775760422279234,-0.004470717771141608,,0.022345,0.02234450615942029,0.022434559291174848,-4.938405797107193e-07,8.95592911748476e-05
363,0,,31.31935,31.3180515667687,31.314760596599648,-0.0012984332313017433,-0.00458940340035241,,0.0223525,0.022351776550787107,0.022442234058581215,-7.23449212893662e-07,8.973405858121383e-05
364,0,,31.328133333333334,31.326619323177916,31.323422753796066,-0.0015140101554180774,-0.004710579537267279,,0.022359999999999998,0.022359058270864568,0.022449908428312577,-9.417291354299473e-07,8.99084283125795e-05
365,0,,31.336916666666667,31.335287354634797,31.332082421200624,-0.0016293120318700005,-0.00483424546604283,,0.0223675,0.022366351160357324,0.022457582400389538,-1.1488396426742598e-06,9.008240038953924e-05
366,0,,31.3457,31.34405065592204,31.34073959952898,-0.0016493440779612456,-0.004960400471020421,,0.022375,0.022373655059970014,0.022465255974832697,-1.3449400299847536e-06,9.02559748326981e-05
367,0,,31.354483333333334,31.352904221822346,31.349394289496573,-0.0015791115109884402,-0.005089043836761675,,0.0223825,0.022380969810407297,0.022472929151662668,-1.5301895927022358e-06,9.042915166266804e-05
368,0,,31.363266666666664,31.361843047118416,31.35804649181864,-0.0014236195482482117,-0.005220174848023618,,0.02239,0.02238829525237381,0.022480601930900047,-1.7047476261917993e-06,9.06019309000472e-05
369,0,,31.372049999999998,31.37086212659295,31.366696207210214,-0.0011878734070478458,-0.00535379278978354,,0.0223975,0.022395631226574213,0.02248827431256544,-1.8687734257873123e-06,9.077431256544061e-05
370,0,,31.38083333333333,31.37995645502866,31.375343436386125,-0.000876878304673312,-0.005489896947207029,,0.022405,0.02240297757371314,0.022495946296679444,-2.0224262868608067e-06,9.09462966794429e-05
371,0,,31.389616666666665,31.38912102720823,31.383988180060985,-0.0004956394584354484,-0.005628486605679939,,0.0224125,0.022410334134495252,0.022503617883262658,-2.1658655047461506e-06,9.111788326265913e-05
372,0,,31.3984,31.398350837914375,31.39263043894922,-4.916208562377733e-05,-0.00576956105077997,,0.02242,0.022417700749625187,0.022511289072335683,-2.2992503748119064e-06,9.128907233568392e-05
373,0,,31.407183333333332,31.40764088192979,31.40127021376503,0.0004575485964579684,-0.005913119568301539,,0.0224275,0.022425077259807597,0.022518959863919115,-2.4227401924023506e-06,9.14598639191154e-05
374,0,,31.415966666666666,31.41698615403718,31.409907505222428,0.0010194873705131613,-0.006059161444238015,,0.022435,0.022432463505747128,0.022526630258033548,-2.536494252872168e-06,9.163025803354818e-05
375,0,,31.42475,31.42638164901924,31.41854231403521,0.001631649019241621,-0.006207685964788823,,0.0224425,0.022439859328148428,0.022534300254699585,-2.6406718515725736e-06,9.180025469958386e-05
376,0,,31.433533333333333,31.435822361658676,31.427174640916974,0.0022890283253431676,-0.006358692416359446,,0.02245,0.022447264567716143,0.02254196985393781,-2.7354322838582523e-06,9.196985393781013e-05
377,0,,31.442316666666667,31.445303286738188,31.435804486581105,0.0029866200715211733,-0.006512180085561425,,0.0224575,0.022454679065154925,0.022549639055768823,-2.8209348450734806e-06,9.213905576882508e-05
378,0,,31.4511,31.45481941904048,31.444431851740788,0.0037194190404790106,-0.006668148259212359,,0.022465,0.022462102661169416,0.022557307860213215,-2.8973388305833514e-06,9.230786021321644e-05
379,0,,31.459883333333334,31.464365753348247,31.45305673710901,0.004482420014912947,-0.006826596224325243,,0.0224725,0.022469535196464267,0.022564976267291575,-2.964803535732141e-06,9.247626729157535e-05
380,0,,31.468666666666667,31.473937284444197,31.46167914339853,0.005270617777529907,-0.006987523268136897,,0.02248,0.02247697651174413,0.022572644277024493,-3.023488255871065e-06,9.264427702449299e-05
381,0,,31.47745,31.483529007111024,31.470299071321936,0.006079007111022605,-0.007150928678065327,,0.0224875,0.022484426447713642,0.02258031188943256,-3.0735522863582776e-06,9.281188943256052e-05
382,0,,31.486233333333335,31.49313591613144,31.47891652159158,0.0069025827981050725,-0.007316811741755913,,0.022495,0.02249188484507746,0.022587979104536363,-3.1151549225415243e-06,9.297910453636218e-05
383,0,,31.495016666666665,31.50275300628814,31.487531494919622,0.007736339621473576,-0.00748517174704233,,0.0225025,0.02249935154454023,0.022595645922356487,-3.1484554597720205e-06,9.314592235648567e-05
384,0,,31.5038,31.512375272363816,31.496143992018027,0.008575272363817277,-0.007656007981971413,,0.02251,0.022506826386806598,0.022603312342913517,-3.1736131934009815e-06,9.331234291351867e-05
385,0,,31.512583333333332,31.521997709141186,31.504754013598536,0.009414375807853759,-0.007829319734796059,,0.0225175,0.02251430921258121,0.022610978366228045,-3.190787418790031e-06,9.347836622804542e-05
386,0,,31.521366666666665,31.531615311402938,31.5133615603727,0.010248644736272183,-0.008005106293964559,,0.022525,0.022521799862568716,0.022618643992320643,-3.200137431283445e-06,9.364399232064322e-05
387,0,,31.53015,31.541223073931786,31.52196663305186,0.011073073931786581,-0.00818336694813837,,0.0225325,0.022529298177473765,0.0226263092212119,-3.201822526235909e-06,9.380922121189975e-05
388,0,,31.538933333333333,31.550815991510415,31.530569232347155,0.011882658177082561,-0.008364100986177903,,0.02254,0.022536803998001,0.022633974052922397,-3.196001999002107e-06,9.397405292239577e-05
389,0,,31.547716666666666,31.56038905892154,31.53916935896951,0.012672392254874154,-0.008547307697156725,,0.0225475,0.022544317164855072,0.022641638487472717,-3.1828351449297854e-06,9.413848747271553e-05
390,0,,31.5565,31.569937270947857,31.547767013629663,0.013437270947857627,-0.008732986370336704,,0.022555,0.022551837518740632,0.02264930252488343,-3.1624812593666896e-06,9.430252488343283e-05
391,0,,31.565283333333333,31.579455622372066,31.556362197038133,0.0141722890387328,-0.008921136295199972,,0.0225625,0.022559364900362318,0.022656966165175124,-3.1350996376813822e-06,9.446616517512496e-05
392,0,,31.574066666666667,31.588939107976877,31.56495490990524,0.01487244131021015,-0.009111756761427614,,0.02257,0.02256689915042479,0.022664629408368372,-3.100849575211201e-06,9.462940836837269e-05
393,0,,31.58285,31.598382722544976,31.5735451529411,0.015532722544975286,-0.009304847058899668,,0.0225775,0.022574440109632686,0.02267229225448375,-3.0598903673142996e-06,9.479225448374984e-05
394,0,,31.591633333333334,31.607781460859076,31.582132926855625,0.01614812752574224,-0.009500406477709333,,0.022585,0.022581987618690656,0.022679954703541835,-3.0123813093453633e-06,9.495470354183369e-05
395,0,,31.600416666666668,31.617130317701875,31.590718232358522,0.016713651035207278,-0.00969843430814521,,0.0225925,0.02258954151830335,0.022687616755563196,-2.9584816966521377e-06,9.51167555631946e-05
396,0,,31.6092,31.62642428785607,31.599301070159296,0.01722428785607022,-0.009898929840705506,,0.022600000000000002,0.022597101649175413,0.022695278410568412,-2.8983508245893075e-06,9.527841056840985e-05
397,0,,31.617983333333335,31.63565836610437,31.607881440967244,0.017675032771034438,-0.010101892366090937,,0.0226075,0.022604667852011495,0.02270293966857805,-2.8321479885046186e-06,9.543966857804981e-05
398,0,,31.626766666666665,31.64482754722947,31.616459345491464,0.018060880562806858,-0.010307321175201167,,0.022615,0.022612239967516243,0.022710600529612678,-2.760032483756225e-06,9.560052961267787e-05
399,0,,31.63555,31.653926826014075,31.62503478444085,0.01837682601407664,-0.010515215559149027,,0.0226225,0.022619817836394305,0.022718260993692875,-2.6821636056953424e-06,9.57609936928748e-05
400,0,,31.644333333333332,31.662951197240886,31.633607758524086,0.018617863907554266,-0.010725574809246297,,0.02263,0.022627401299350328,0.022725921060839205,-2.5987006496731857e-06,9.592106083920401e-05
401,0,,31.653116666666666,31.671895655692598,31.642178268449655,0.018778989025932447,-0.010938398217010814,,0.0226375,0.02263499019708896,0.02273358073107223,-2.5098029110409703e-06,9.608073107222892e-05
402,0,,31.6619,31.680755196151924,31.650746314925843,0.018855196151925213,-0.011153685074155817,,0.022645000000000002,0.022642584370314845,0.022741240004412525,-2.4156296851568504e-06,9.624000441252334e-05
403,0,,31.670683333333333,31.68952481340155,31.659311898660725,0.018841480068218175,-0.011371434672607705,,0.022652500000000002,0.022650183659732634,0.022748898880880653,-2.316340267368572e-06,9.639888088065068e-05
404,0,,31.679466666666666,31.698199502224195,31.667875020362175,0.018732835557528915,-0.011591646304491832,,0.02266,0.022657787906046976,0.022756557360497174,-2.2120939530238803e-06,9.655736049717437e-05
405,0,,31.68825,31.70677425740255,31.67643568073786,0.01852425740255015,-0.011814319262139605,,0.0226675,0.022665396949962516,0.022764215443282658,-2.1030500374843997e-06,9.67154432826578e-05
406,0,,31.697033333333334,31.71524407371931,31.684993880495252,0.01821074038597814,-0.012039452838081388,,0.022675,0.022673010632183906,0.022771873129257658,-1.989367816094406e-06,9.687312925765745e-05
407,0,,31.705816666666667,31.72360394595719,31.693549620341614,0.017787279290523372,-0.012267046325053599,,0.0226825,0.022680628793415793,0.022779530418442745,-1.8712065842085845e-06,9.703041844274368e-05
408,0,,31.7146,31.731848868898883,31.702102900984002,0.017248868898882108,-0.012497099015998714,,0.022690000000000002,0.02268825127436282,0.022787187310858475,-1.7487256371816196e-06,9.718731085847296e-05
409,0,,31.723383333333334,31.739973837327092,31.710653723129273,0.01659050399375772,-0.012729610204061714,,0.022697500000000002,0.022695877915729638,0.022794843806525404,-1.6220842703647265e-06,9.734380652540175e-05
410,0,,31.732166666666668,31.747973846024514,31.719202087484085,0.01580717935784648,-0.01296457918258298,,0.022705000000000003,0.02270350855822089,0.022802499905464093,-1.49144177911259e-06,9.749990546409001e-05
411,0,,31.74095,31.755843889773864,31.72774799475489,0.014893889773862412,-0.013202005245112503,,0.0227125,0.02271114304254123,0.022810155607695098,-1.3569574587694866e-06,9.765560769509768e-05
412,0,,31.749733333333335,31.76357896335783,31.73629144564793,0.013845630024494682,-0.013441887685406329,,0.02272,0.022718781209395304,0.022817810913238975,-1.2187906046970398e-06,9.781091323897428e-05
413,0,,31.758516666666665,31.771174061559112,31.74483244086925,0.01265739489244666,-0.013684225797415905,,0.0227275,0.022726422899487758,0.02282546582211628,-1.0771005122429955e-06,9.796582211627977e-05
414,0,,31.7673,31.77862417916042,31.753370981124693,0.011324179160421721,-0.013929018875305843,,0.022735000000000002,0.022734067953523243,0.022833120334347562,-9.32046476758569e-07,9.81203343475602e-05
415,0,,31.776083333333332,31.78592431094445,31.7619070671199,0.00984097761111613,-0.014176266213432598,,0.022742500000000002,0.0227417162122064,0.02284077444995338,-7.837877936019144e-07,9.8274449953379e-05
416,0,,31.784866666666666,31.793069451693906,31.770440699560304,0.008202785027240367,-0.014425967106362236,,0.022750000000000003,0.02274936751624188,0.02284842816895428,-6.324837581242471e-07,9.842816895427875e-05
417,0,,31.79365,31.800054596191487,31.778971879151143,0.006404596191487144,-0.014678120848856224,,0.0227575,0.022757021706334334,0.02285608149137082,-4.782936656663739e-07,9.85814913708194e-05
418,0,,31.802433333333333,31.806874739219896,31.78750060659744,0.004441405886563388,-0.014932726735892743,,0.022765,0.022764678623188407,0.022863734417223537,-3.2137681159338793e-07,9.87344172235366e-05
419,0,,31.811216666666667,31.813524875561836,31.79602688260403,0.0023082088951689173,-0.015189784062638267,,0.0227725,0.022772338107508745,0.02287138694653299,-1.618924912565045e-07,9.88869465329903e-05
420,1,31.82,31.82,31.82,31.80455070787553,0.0,-0.015449292124468883,0.02278,0.02278,0.02278,0.022879039079319725,0.0,9.903907931972308e-05
421,0,,31.825016666666667,31.82631286016368,31.813072083116374,0.0012961934970121547,-0.011944583550292265,,0.022787833333333334,0.02278766218868435,0.022886690815604283,-1.7114464898396187e-07,9.885748227094968e-05
422,0,,31.830033333333333,31.832482948529393,31.821591009030772,0.0024496151960597956,-0.008442324302560422,,0.02279566666666667,0.022795322918150916,0.022894342155407213,-3.4374851575272314e-07,9.867548874054402e-05
423,0,,31.83505,31.838515377150685,31.830107486322746,0.0034653771506860664,-0.004942513677253402,,0.0228035,0.022802982563954768,0.02290199309874906,-5.174360452331328e-07,9.849309874905912e-05
424,0,,31.84006666666667,31.844415258081124,31.838621515696115,0.004348591414455427,-0.0014451509705537546,,0.022811333333333336,0.02281064150165097,0.022909643645650363,-6.918316823659176e-07,9.831031231702717e-05
425,0,,31.845083333333335,31.850187703374246,31.847133097854485,0.0051043700409110215,0.0020497645211499105,,0.022819166666666668,0.022818300106794597,0.022917293796131666,-8.665598720709877e-07,9.812712946499769e-05
426,0,,31.8501,31.855837825083615,31.85564223350127,0.005737825083613757,0.005542233501270033,,0.022827,0.02282595875494071,0.02292494355021351,-1.0412450592890699e-06,9.794355021350981e-05
427,0,,31.855116666666667,31.861370735262778,31.86414892333968,0.006254068596110329,0.009032256673012995,,0.022834833333333335,0.022833617821644385,0.022932592907916438,-1.2155116889504824e-06,9.775957458310267e-05
428,0,,31.860133333333334,31.86679154596529,31.872653168072723,0.006658212631958094,0.012519834739389779,,0.022842666666666667,0.02284127768246068,0.02294024186926098,-1.3889842059890134e-06,9.75752025943119e-05
429,0,,31.86515,31.872105369244704,31.881154968403195,0.006955369244703746,0.016004968403194653,,0.022850500000000003,0.022848938712944664,0.022947890434267683,-1.5612870553384506e-06,9.739043426768013e-05
430,0,,31.870166666666666,31.877317317154578,31.88965432503371,0.007150650487911747,0.019487658367044247,,0.022858333333333335,0.022856601288651412,0.022955538602957078,-1.7320446819221735e-06,9.720526962374298e-05
431,0,,31.875183333333332,31.882432501748454,31.898151238666664,0.007249168415121687,0.022967905333331373,,0.022866166666666667,0.022864265785135986,0.022963186375349703,-1.900881530680909e-06,9.701970868303614e-05
432,0,,31.880200000000002,31.8874560350799,31.906645710004252,0.007256035079898027,0.02644571000424989,,0.022874000000000002,0.02287193257795345,0.02297083375146609,-2.0674220465519144e-06,9.68337514660883e-05
433,0,,31.88521666666667,31.892393029202452,31.915137739748474,0.007176362535783909,0.02992107308180536,,0.022881833333333334,0.02287960204265888,0.022978480731326776,-2.2312906744550998e-06,9.664739799344207e-05
434,0,,31.890233333333335,31.89724859616967,31.92362732860113,0.007015262836336689,0.03339399526779374,,0.02288966666666667,0.022887274554807335,0.022986127314952292,-2.3921118593346613e-06,9.64606482856227e-05
435,0,,31.89525,31.902027848035118,31.932114477263802,0.006777848035117273,0.036864477263801376,,0.0228975,0.022894950489953887,0.022993773502363167,-2.5495100461139786e-06,9.627350236316584e-05
436,0,,31.900266666666667,31.906735896852332,31.94059918643789,0.006469230185665253,0.04033251977122276,,0.022905333333333333,0.022902630223653606,0.023001419293579933,-2.7031096797268395e-06,9.608596024660021e-05
437,0,,31.905283333333333,31.91137785467488,31.949081456824583,0.006094521341545089,0.043798123491249896,,0.02291316666666667,0.022910314131461558,0.023009064688623123,-2.8525352051105013e-06,9.589802195645453e-05
438,0,,31.9103,31.915958833556296,31.957561289124868,0.005658833556296372,0.04726128912486871,,0.022921,0.022918002588932805,0.023016709687513254,-2.9974110671952825e-06,9.570968751325404e-05
439,0,,31.91531666666667,31.920483945550156,31.966038684039532,0.005167278883487114,0.05072201737286264,,0.022928833333333336,0.022925695971622424,0.023024354290270867,-3.1373617109115015e-06,9.552095693753093e-05
440,0,,31.920333333333335,31.924958302709992,31.974513642269162,0.004624969376656907,0.054180308935826815,,0.022936666666666668,0.022933394655085475,0.023031998496916478,-3.2720115811929462e-06,9.533183024981046e-05
441,0,,31.92535,31.929387017089372,31.98298616451414,0.0040370170893702095,0.057636164514139665,,0.0229445,0.02294109901487703,0.023039642307470617,-3.400985122969935e-06,9.514230747061786e-05
442,0,,31.930366666666668,31.93377520074184,31.991456251474652,0.003408534075173719,0.06108958480798421,,0.022952333333333335,0.02294880942655216,0.023047285721953806,-3.523906781176256e-06,9.495238862047145e-05
443,0,,31.935383333333334,31.93812796572096,31.99992390385068,0.0027446323876247902,0.06454057051734452,,0.022960166666666667,0.022956526265665918,0.023054928740386567,-3.640401000749166e-06,9.476207371989995e-05
444,0,,31.9404,31.942450424080267,32.008389122342,0.0020504240802665663,0.06798912234200216,,0.022968000000000002,0.022964249907773387,0.02306257136278942,-3.7500922266155146e-06,9.457136278941819e-05
445,0,,31.945416666666667,31.94674768787333,32.016851907648196,0.0013310212066635074,0.07143524098152909,,0.022975833333333334,0.022971980728429625,0.023070213589182893,-3.852604903709089e-06,9.438025584955836e-05
446,0,,31.950433333333333,31.951024869153695,32.025312260468645,0.00059153582036231,0.07487892713531252,,0.022983666666666666,0.022979719103189706,0.023077855419587495,-3.947563476960209e-06,9.418875292082837e-05
447,0,,31.955450000000003,31.95528707997492,32.03377018150252,-0.00016292002508322412,0.07832018150251585,,0.0229915,0.022987465407608695,0.023085496854023755,-4.03459239130613e-06,9.399685402375346e-05
448,0,,31.96046666666667,31.95953943239055,32.042225671448804,-0.0009272342761192931,0.08175900478213549,,0.022999333333333333,0.022995220017241663,0.023093137892512182,-4.113316091670233e-06,9.380455917884847e-05
449,0,,31.965483333333335,31.963787038454143,32.05067873100627,-0.001696294879192095,0.08519539767293693,,0.02300716666666667,0.02300298330764367,0.0231007785350733,-4.183359023000183e-06,9.361186840663172e-05
450,0,,31.9705,31.968035010219253,32.05912936087349,-0.0024649897807478283,0.08862936087349027,,0.023015,0.02301075565436979,0.02310841878172762,-4.2443456302124205e-06,9.341878172761803e-05
451,0,,31.975516666666667,31.972288459739428,32.06757756174884,-0.003228206927239796,0.09206089508217374,,0.023022833333333333,0.023018537432975085,0.02311605863249565,-4.295900358247673e-06,9.322529916231878e-05
452,0,,31.980533333333334,31.976552499068223,32.07602333433049,-0.003980834265110644,0.09549000099715954,,0.023030666666666668,0.023026329019014625,0.023123698087397917,-4.337647652043197e-06,9.303142073124882e-05
453,0,,31.98555,31.9808322402592,32.08446667931642,-0.004717759740799465,0.0989166793164209,,0.0230385,0.02303413078804348,0.023131337146454923,-4.369211956518904e-06,9.283714645492297e-05
454,0,,31.99056666666667,31.9851327953659,32.09290759740439,-0.005433871300770221,0.10234093073772144,,0.023046333333333335,0.023041943115616716,0.023138975809687184,-4.390217716618988e-06,9.264247635384915e-05
455,0,,31.995583333333336,31.98945927644188,32.10134608929198,-0.006124056891454899,0.1057627559586436,,0.023054166666666667,0.0230497663772894,0.023146614077115206,-4.4002893772668306e-06,9.244741044853871e-05
456,0,,32.0006,31.99381679554069,32.10978215567656,-0.006783204459310355,0.10918215567656375,,0.023062,0.023057600948616603,0.023154251948759502,-4.399051383396219e-06,9.225194875950304e-05
457,0,,32.00561666666667,31.998210464715896,32.1182157972553,-0.007406201950772129,0.11259913058863447,,0.023069833333333335,0.023065447205153387,0.023161889424640578,-4.386128179947879e-06,9.20560913072431e-05
458,0,,32.01063333333334,32.00264539602103,32.126647014725165,-0.007987937312307736,0.1160136813918271,,0.023077666666666666,0.023073305522454825,0.023169526504778937,-4.361144211841722e-06,9.185983811227025e-05
459,0,,32.01565,32.00712670150966,32.13507580878293,-0.008523298490338505,0.1194258087829283,,0.023085500000000002,0.02308117627607598,0.023177163189195094,-4.323723924021944e-06,9.166318919509239e-05
460,0,,32.02066666666667,32.01165949323534,32.14350218012516,-0.009007173431328397,0.1228355134584902,,0.023093333333333334,0.02308905984157192,0.023184799477909544,-4.273491761415393e-06,9.14661445762105e-05
461,0,,32.02568333333333,32.01624888325162,32.15192612944823,-0.009434450081712953,0.12624279611489442,,0.023101166666666666,0.023096956594497717,0.023192435370942798,-4.2100721689489196e-06,9.126870427613246e-05
462,0,,32.0307,32.02089998361205,32.1603476574483,-0.009800016387956134,0.1296476574482952,,0.023109,0.02310486691040843,0.023200070868315353,-4.133089591570188e-06,9.10708683153523e-05
463,0,,32.035716666666666,32.02561790637017,32.16876676482134,-0.01009876029649348,0.13305009815467628,,0.023116833333333333,0.023112791164859137,0.023207705970047714,-4.04216847419564e-06,9.08726367143814e-05
464,0,,32.040733333333336,32.03040776357956,32.17718345226313,-0.010325569753774744,0.13645011892979397,,0.02312466666666667,0.0231207297334049,0.023215340676160382,-3.936933261769471e-06,9.067400949371376e-05
465,0,,32.04575,32.035274667293756,32.185597720469225,-0.010475332706242568,0.139847720469227,,0.0231325,0.02312868299160079,0.023222974986673854,-3.817008399211591e-06,9.047498667385384e-05
466,0,,32.05076666666667,32.04022372956632,32.194009570135,-0.010542937100346705,0.1432429034683338,,0.023140333333333332,0.02313665131500187,0.023230608901608628,-3.6820183314627275e-06,9.027556827529565e-05
467,0,,32.05578333333334,32.0452600624508,32.202419001955626,-0.010523270882536906,0.14663566862228805,,0.023148166666666668,0.02314463507916321,0.0232382424209852,-3.531587503456668e-06,9.007575431853321e-05
468,0,,32.0608,32.050388778000745,32.210826016626065,-0.010411221999255815,0.15002601662606452,,0.023156,0.02315263465963988,0.023245875544824074,-3.3653403601202614e-06,8.987554482407442e-05
469,0,,32.06581666666667,32.05561498826971,32.219230614841095,-0.01020167839696029,0.15341394817442477,,0.023163833333333335,0.02316065043198694,0.023253508273145738,-3.1829013463942346e-06,8.96749398124029e-05
470,0,,32.07083333333333,32.06094380531126,32.22763279729528,-0.009889528022071659,0.15679946396194566,,0.023171666666666667,0.023168682771759465,0.023261140605970686,-2.983894907201967e-06,8.947393930401962e-05
471,0,,32.07585,32.066380341178935,32.236032564682986,-0.009469658821068094,0.16018256468298375,,0.0231795,0.023176732054512518,0.023268772543319414,-2.7679454874807163e-06,8.927254331941512e-05
472,0,,32.080866666666665,32.07192970792629,32.24442991769839,-0.008936958740378032,0.1635632510317251,,0.023187333333333334,0.023184798655801166,0.023276404085212414,-2.5346775321677395e-06,8.907075187907995e-05
473,0,,32.085883333333335,32.07759701760688,32.25282485703546,-0.008286315726458326,0.16694152370212834,,0.023195166666666666,0.023192882951180483,0.023284035231670174,-2.2837154861829467e-06,8.886856500350815e-05
474,0,,32.090900000000005,32.08338738227425,32.26121738338798,-0.007512617725751625,0.17031738338797453,,0.023203,0.02320098531620553,0.023291665982713185,-2.0146837944705343e-06,8.866598271318332e-05
475,0,,32.09591666666667,32.08930591398197,32.2696074974495,-0.0066107526847005715,0.17369083078283154,,0.023210833333333333,0.023209106126431383,0.02329929633836194,-1.7272069019504122e-06,8.846300502860643e-05
476,0,,32.10093333333334,32.095357724783575,32.277995199913406,-0.005575608549762023,0.17706186658006828,,0.023218666666666665,0.023217245757413102,0.02330692629863692,-1.4209092535633072e-06,8.825963197025416e-05
477,0,,32.10595,32.10154792673263,32.28638049147287,-0.00440207326737152,0.18043049147286894,,0.0232265,0.023225404584705754,0.023314555863558614,-1.0954152942464768e-06,8.805586355861358e-05
478,0,,32.11096666666667,32.10788163188268,32.29476337282087,-0.0030850347839930237,0.1837967061541974,,0.023234333333333333,0.02323358298386441,0.02332218503314751,-7.503494689233003e-07,8.785169981417873e-05
479,0,,32.11598333333333,32.11436395228729,32.303143844650165,-0.0016193810460407576,0.18716051131683287,,0.023242166666666668,0.023241781330444133,0.02332981380742409,-3.853362225345047e-07,8.76471407574228e-05
480,1,32.121,32.121,32.121,32.31152190765334,0.0,0.19052190765334132,0.02325,0.02325,0.02325,0.02333744218640884,0.0,8.744218640883983e-05
481,0,,32.131150000000005,32.127849255864504,32.31989756252278,-0.003300744135501077,0.1887475625227779,,0.023258666666666667,0.023258244803991007,0.023345070170122238,-4.218626756605226e-07,8.640350345557116e-05
482,0,,32.1413,32.13496254631119,32.32827080995065,-0.0063374536888076705,0.18697080995065107,,0.023267333333333334,0.023266520723669634,0.02335269775858477,-8.126096637008084e-07,8.536442525143573e-05
483,0,,32.151450000000004,32.142332001773646,32.33664165062894,-0.009117998226358281,0.18519165062893705,,0.023275999999999998,0.02327482688928116,0.023360324951816915,-1.1731107188370227e-06,8.432495181691715e-05
484,0,,32.1616,32.14994975268547,32.34501008524943,-0.011650247314527462,0.18341008524942737,,0.023284666666666665,0.023283162431070866,0.02336795174983915,-1.5042355957992082e-06,8.328508317248517e-05
485,0,,32.17175,32.157807929480256,32.35337611450368,-0.013942070519746608,0.18162611450367905,,0.023293333333333333,0.02329152647928403,0.023375578152671956,-1.8068540493035301e-06,8.22448193386234e-05
486,0,,32.1819,32.16589866259162,32.3617397390831,-0.01600133740837606,0.17983973908309991,,0.023302,0.02329991816416593,0.02338320416033581,-2.081835834069623e-06,8.120416033580852e-05
487,0,,32.19205,32.17421408245314,32.37010095967885,-0.017835917546861424,0.1780509596788491,,0.023310666666666667,0.02330833661596185,0.02339082977285118,-2.3300507048171215e-06,8.016310618451372e-05
488,0,,32.202200000000005,32.18274631949841,32.37845977698193,-0.019453680501591464,0.1762597769819223,,0.023319333333333334,0.023316780964917058,0.023398454990238553,-2.5523684162760685e-06,7.912165690521916e-05
489,0,,32.21235,32.19148750416103,32.386816191683124,-0.020862495838969153,0.17446619168312338,,0.023328,0.023325250341276846,0.0234060798125184,-2.74965872315569e-06,7.807981251839805e-05
490,0,,32.222500000000004,32.20042976687461,32.39517020447302,-0.02207023312539036,0.17267020447301462,,0.023336666666666665,0.023333743875286483,0.02341370423971119,-2.92279138018256e-06,7.703757304452358e-05
491,0,,32.23265,32.209565238072734,32.403521816041994,-0.023084761927265163,0.17087181604199486,,0.023345333333333333,0.02334226069719126,0.02342132827183739,-3.072636142072843e-06,7.599493850405856e-05
492,0,,32.2428,32.218886048189006,32.41187102708025,-0.023913951810996537,0.1690710270802498,,0.023354,0.02335079993723644,0.023428951908917483,-3.200062763560052e-06,7.495190891748313e-05
493,0,,32.25295,32.22838432765701,32.420217838277786,-0.024565672342987455,0.16726783827778746,,0.023362666666666667,0.023359360725667314,0.023436575150971934,-3.305940999353413e-06,7.390848430526703e-05
494,0,,32.2631,32.238052206910346,32.42856225032438,-0.0250477930896551,0.16546225032438144,,0.023371333333333334,0.02336794219272916,0.023444197998021207,-3.39114060417256e-06,7.286466468787306e-05
495,0,,32.273250000000004,32.24788181638262,32.43690426390964,-0.025368183617381135,0.16365426390963478,,0.023379999999999998,0.023376543468667254,0.023451820450085776,-3.456531332744067e-06,7.182045008577789e-05
496,0,,32.2834,32.25786528650743,32.44524387972295,-0.025534713492568528,0.16184387972295156,,0.023388666666666665,0.023385163683726878,0.023459442507186103,-3.502982939787569e-06,7.077584051943739e-05
497,0,,32.29355,32.26799474771836,32.453581098453526,-0.02555525228164157,0.1600310984535227,,0.023397333333333332,0.023393801968153303,0.023467064169342654,-3.5313651800296386e-06,6.973083600932128e-05
498,0,,32.3037,32.27826233044902,32.46191592079036,-0.025437669550981923,0.1582159207903615,,0.023406,0.02340245745219182,0.023474685436575896,-3.5425478081795025e-06,6.868543657589585e-05
499,0,,32.31385,32.28866016513298,32.470248347422256,-0.025189834867020977,0.1563983474222539,,0.023414666666666667,0.023411129266087703,0.023482306308906287,-3.537400578963734e-06,6.76396422396204e-05
500,0,,32.324,32.29918038220388,32.47857837903782,-0.024819617796119076,0.15457837903782234,,0.023423333333333334,0.023419816540086225,0.023489926786354295,-3.516793247108907e-06,6.659345302096123e-05
501,0,,32.33415,32.30981511209528,32.486906016325456,-0.024334887904721825,0.15275601632545488,,0.023432,0.023428518404432677,0.02349754686894038,-3.481595567324247e-06,6.554686894037764e-05
502,0,,32.3443,32.3205564852408,32.49523125997338,-0.02374351475919667,0.1509312599733832,,0.023440666666666665,0.023437233989372325,0.023505166556684998,-3.4326772943397976e-06,6.449989001833245e-05
503,0,,32.35445,32.33139663207401,32.5035541106696,-0.02305336792598922,0.1491041106695974,,0.023449333333333332,0.023445962425150457,0.023512785849608614,-3.370908182875193e-06,6.34525162752815e-05
504,0,,32.3646,32.342327683028536,32.51187456910193,-0.02227231697146692,0.14727456910192416,,0.023458,0.023454702842012353,0.023520404747731684,-3.2971579876465984e-06,6.240474773168414e-05
505,0,,32.37475,32.35334176853795,32.52019263595798,-0.021408231462046956,0.14544263595798412,,0.023466666666666667,0.02346345437020329,0.023528023251074663,-3.212296463377118e-06,6.135658440799621e-05
506,0,,32.3849,32.36443101903587,32.52850831192518,-0.0204689809641323,0.14360831192517765,,0.023475333333333334,0.023472216139968548,0.023535641359658004,-3.117193364786386e-06,6.030802632467011e-05
507,0,,32.39505,32.375587564955886,32.536821597690746,-0.019462435044111714,0.14177159769074876,,0.023484,0.023480987281553397,0.02354325907350217,-3.0127184466044454e-06,5.9259073502168635e-05
508,0,,32.4052,32.38680353673158,32.5451324939417,-0.0183964632684237,0.13993249394169993,,0.023492666666666665,0.023489766925203128,0.02355087639262761,-2.8997414635370533e-06,5.8209725960944175e-05
509,0,,32.41535,32.39807106479657,32.55344100136487,-0.017278935203428603,0.13809100136487018,,0.023501333333333332,0.023498554201163015,0.023558493317054778,-2.779132170317722e-06,5.715998372144565e-05
510,0,,32.4255,32.40938227958443,32.56174712064688,-0.016117720415572023,0.13624712064687827,,0.02351,0.023507348239678337,0.023566109846804125,-2.6517603216626162e-06,5.610984680412545e-05
511,0,,32.43565,32.420729311528774,32.57005085247416,-0.014920688471228516,0.13440085247415823,,0.023518666666666667,0.023516148170994372,0.0235737259818961,-2.5184956722948404e-06,5.50593152294325e-05
512,0,,32.4458,32.43210429106319,32.57835219753295,-0.01369570893680816,0.13255219753295222,,0.023527333333333334,0.023524953125356407,0.023581341722351153,-2.38020797692709e-06,5.400838901781918e-05
513,0,,32.45595,32.443499348621295,32.58665115650929,-0.012450651378706823,0.13070115650928926,,0.023536,0.02353376223300971,0.023588957068189736,-2.2377669902928776e-06,5.295706818973442e-05
514,0,,32.4661,32.454906614636656,32.59494773008902,-0.01119338536334169,0.12884773008902073,,0.023544666666666665,0.023542574624199567,0.023596572019432292,-2.09204246709796e-06,5.190535276562713e-05
515,0,,32.47625,32.466318219542885,32.603241918957764,-0.009931780457115735,0.12699191895776352,,0.023553333333333332,0.023551389429171253,0.02360418657609927,-1.9439041620793185e-06,5.0853242765939305e-05
516,0,,32.486399999999996,32.477726293773564,32.61153372380098,-0.008673706226431932,0.1251337238009853,,0.023562,0.02356020577817005,0.02361180073821112,-1.7942218299496493e-06,4.9800738211119855e-05
517,0,,32.49655,32.48912296776232,32.619823145303926,-0.007427032237679043,0.12327314530392641,,0.023570666666666667,0.023569022801441238,0.023619414505788274,-1.6438652254285868e-06,4.8747839121607295e-05
518,0,,32.5067,32.50050037194272,32.62811018415164,-0.006199628057281359,0.12141018415163529,,0.023579333333333334,0.02357783962923009,0.02362702787885118,-1.4937041032427045e-06,4.7694545517847076e-05
519,0,,32.51685,32.51185063674838,32.636394841028974,-0.004999363251620537,0.11954484102897567,,0.023587999999999998,0.023586655391781897,0.02363464085742029,-1.3446082181012287e-06,4.664085742029159e-05
520,0,,32.527,32.52316589261289,32.64467711662059,-0.003834107387113761,0.117677116620591,,0.023596666666666665,0.023595469219341927,0.023642253441516034,-1.1974473247376716e-06,4.558677484936893e-05
521,0,,32.53715,32.53443826996983,32.65295701161095,-0.0027117300301640057,0.11580701161095419,,0.023605333333333332,0.023604280242155464,0.023649865631158853,-1.0530911778681984e-06,4.4532297825521094e-05
522,0,,32.5473,32.545659899252826,32.661234526684325,-0.0016401007471742446,0.11393452668432502,,0.023614,0.023613087590467784,0.02365747742636919,-9.124095322159131e-07,4.347742636919005e-05
523,0,,32.557449999999996,32.55682291089546,32.66950966252477,-0.0006270891045332405,0.1120596625247714,,0.023622666666666667,0.02362189039452417,0.023665088827167478,-7.76272142496981e-07,4.242216050081085e-05
524,0,,32.5676,32.567919435331326,32.677782419816154,0.00031943533132761104,0.11018241981615517,,0.023631333333333334,0.0236306877845699,0.02367269983357416,-6.455487634345058e-07,4.136650024082547e-05
525,0,,32.577749999999995,32.57894160299402,32.68605279924216,0.0011916029940266526,0.10830279924216768,,0.02364,0.02363947889085025,0.023680310445609667,-5.211091497515918e-07,4.0310445609665485e-05
526,0,,32.5879,32.58988154431715,32.69432080148627,0.001981544317153805,0.10642080148627286,,0.023648666666666665,0.0236482628436105,0.023687920663294434,-4.0382305616440406e-07,3.9253996627769405e-05
527,0,,32.59805,32.6007313897343,32.70258642723175,0.002681389734298989,0.10453642723174994,,0.023657333333333332,0.023657038773095936,0.0236955304866489,-2.9456023739604653e-07,3.8197153315568805e-05
528,0,,32.6082,32.61148326967907,32.7108496771617,0.0032832696790734417,0.10264967716170048,,0.023666,0.02366580580955183,0.02370313991569349,-1.9419044816962328e-07,3.713991569349179e-05
529,0,,32.61835,32.62212931458506,32.71911055195899,0.0037793145850599785,0.10076055195899158,,0.023674666666666667,0.023674563083223462,0.02371074895044864,-1.0358344320476887e-07,3.6082283781973395e-05
530,0,,32.628499999999995,32.632661654885865,32.72736905230633,0.0041616548858698366,0.09886905230633403,,0.023683333333333334,0.023683309724356113,0.02371835759093478,-2.3608977221117877e-08,3.50242576014452e-05
531,0,,32.63865,32.643072421015084,32.73562517888621,0.004422421015085831,0.09697517888621121,,0.023692,0.023692044863195056,0.023725965837172337,4.486319505475622e-08,3.396583717233531e-05
532,0,,32.648799999999994,32.653353743406306,32.74387893238092,0.004553743406312094,0.0950789323809289,,0.023700666666666665,0.02370076762998558,0.02373357368918174,1.009633189136272e-07,3.2907022515075296e-05
533,0,,32.65895,32.663497752493136,32.752130313472584,0.004547752493138546,0.09318031347258682,,0.023709333333333332,0.02370947715497296,0.023741181146983422,1.4382163962892158e-07,3.184781365008979e-05
534,0,,32.6691,32.67349657870917,32.76037932284309,0.004396578709169319,0.09127932284309281,,0.023718,0.02371817256840247,0.023748788210597803,1.7256840247059646e-07,3.078821059780343e-05
535,0,,32.679249999999996,32.683342352488,32.76862596117416,0.004092352488001438,0.08937596117416291,,0.023726666666666667,0.023726853000519396,0.023756394880045308,1.863338527294256e-07,2.9728213378640844e-05
536,0,,32.6894,32.693027204263224,32.776870229147306,0.003627204263224826,0.08747022914730707,,0.023735333333333334,0.023735517581569013,0.023764001155346368,1.8424823567883553e-07,2.866782201303361e-05
537,0,,32.699549999999995,32.70254326446844,32.785112127443846,0.0029932644684436127,0.0855621274438505,,0.023744,0.023744165441796604,0.023771607036521394,1.6544179660266112e-07,2.7607036521392486e-05
538,0,,32.7097,32.71188266353724,32.7933516567449,0.0021826635372406145,0.08365165674490527,,0.023752666666666665,0.02375279571144745,0.023779212523590817,1.2904478078473725e-07,2.654585692415251e-05
539,0,,32.719849999999994,32.72103753190323,32.801588817731414,0.0011875319032341736,0.08173881773142,,0.023761333333333332,0.023761407520766817,0.02378681761657506,7.418743348461265e-08,2.5484283241727912e-05
540,1,32.73,32.73,32.73,32.8098236110841,0.0,0.07982361108410174,0.02377,0.02377,0.02377,0.023794422315494536,0.0,2.4422315494536384e-05
541,0,,32.73786666666666,32.73880768665836,32.81805603748351,0.0009410199916999318,0.0801893708168464,,0.0237785,0.023778601958633665,0.023802026620369666,1.0195863366438407e-07,2.352662036966477e-05
542,0,,32.745733333333334,32.74750612432833,32.826286097609966,0.0017727909949982745,0.08055276427663216,,0.023787,0.023787241375159363,0.02380963053122087,2.4137515936342724e-07,2.2630531220872024e-05
543,0,,32.7536,32.756099313872255,32.83451379214363,0.0024993138722564368,0.08091379214363315,,0.0237955,0.023795916133329657,0.023817234048068563,4.161333296559544e-07,2.1734048068561967e-05
544,0,,32.761466666666664,32.76459125615249,32.84273912176445,0.0031245894858287215,0.08127245509778902,,0.023804,0.023804624116897127,0.023824837170933158,6.24116897128546e-07,2.0837170933159233e-05
545,0,,32.76933333333333,32.772985952031405,32.85096208715218,0.0036526186980765374,0.0816287538188547,,0.0238125,0.023813363209614347,0.02383243989983508,8.632096143469659e-07,1.9939899835078045e-05
546,0,,32.77719999999999,32.78128740237136,32.85918268898638,0.004087402371368398,0.08198268898638617,,0.023821,0.02382213129523389,0.023840042234794724,1.1312952338908555e-06,1.9042234794725693e-05
547,0,,32.785066666666665,32.78949960803472,32.867400927946406,0.004432941368051502,0.08233426127974042,,0.0238295,0.023830926257508336,0.023847644175832523,1.426257508336387e-06,1.814417583252334e-05
548,0,,32.79293333333333,32.797626569883825,32.87561680471143,0.004693236550494362,0.08268347137809684,,0.023837999999999998,0.02383974598019025,0.023855245722968873,1.7459801902527938e-06,1.7245722968874805e-05
549,0,,32.800799999999995,32.805672288781054,32.883830319960424,0.004872288781058387,0.08303031996042876,,0.0238465,0.023848588347032212,0.02386284687622419,2.0883470322127784e-06,1.6346876224190843e-05
550,0,,32.80866666666667,32.81364076558876,32.89204147437218,0.004974098922090775,0.08337480770551053,,0.023855,0.0238574512417868,0.023870447635618887,2.451241786799452e-06,1.544763561888568e-05
551,0,,32.81653333333333,32.821536001169314,32.90025026862526,0.005002667835981356,0.0837169352919247,,0.0238635,0.023866332548206578,0.023878048001173366,2.832548206578578e-06,1.4548001173366604e-05
552,0,,32.8244,32.82936199638506,32.908456703398066,0.004961996385063117,0.08405670339806903,,0.023872,0.02387523015004413,0.02388564797290804,3.230150044129798e-06,1.3647972908037431e-05
553,0,,32.83226666666666,32.837122752098374,32.91666077936878,0.004856085431711676,0.08439411270212105,,0.0238805,0.023884141931052025,0.023893247550843308,3.6419310520258152e-06,1.2747550843308919e-05
554,0,,32.84013333333333,32.8448222691716,32.924862497215415,0.004688935838274233,0.08472916388208773,,0.023889,0.02389306577498284,0.023900846734999582,4.065774982839332e-06,1.1846734999581415e-05
555,0,,32.848,32.85246454846711,32.93306185761577,0.004464548467112195,0.08506185761577001,,0.0238975,0.023901999565589145,0.02390844552539726,4.49956558914652e-06,1.0945525397262207e-05
556,0,,32.855866666666664,32.860053590847265,32.94125886124744,0.004186924180601181,0.08539219458077696,,0.023906,0.023910941186623517,0.023916043922056752,4.9411866235166135e-06,1.0043922056751642e-05
557,0,,32.86373333333333,32.86759339717442,32.949453508787855,0.0038600638410883903,0.08572017545452582,,0.023914499999999998,0.02391988852183853,0.023923641924998455,5.388521838532723e-06,9.141924998457007e-06
558,0,,32.8716,32.875087968310936,32.95764580091423,0.00348796831093523,0.08604580091422775,,0.023923,0.023928839454986764,0.023931239534242768,5.839454986764081e-06,8.239534242768243e-06
559,0,,32.879466666666666,32.882541305119176,32.96583573830358,0.0030746384525102144,0.08636907163691632,,0.023931499999999998,0.02393779186982078,0.023938836749810097,6.291869820783391e-06,7.336749810099574e-06
560,0,,32.88733333333333,32.8899574084615,32.97402332163274,0.0026240751281676467,0.08668998829941188,,0.02394,0.023946743650093166,0.023946433571720833,6.743650093166825e-06,6.433571720834003e-06
561,0,,32.895199999999996,32.897340279200264,32.98220855157835,0.0021402792002689353,0.08700855157835719,,0.0239485,0.023955692679556488,0.023954029999995383,7.192679556487086e-06,5.529999995382284e-06
562,0,,32.90306666666666,32.904693918197836,32.99039142881686,0.0016272515311754887,0.08732476215019602,,0.023957,0.023964636841963323,0.023961626034654137,7.636841963323815e-06,4.626034654137828e-06
563,0,,32.91093333333333,32.91202232631657,32.998571954024484,0.0010889929832345047,0.08763862069115191,,0.0239655,0.023973574021066247,0.02396922167571749,8.074021066246245e-06,3.7216757174905746e-06
564,0,,32.9188,32.91932950441884,33.006750127877304,0.0005295044188429188,0.08795012787730627,,0.023974,0.02398250210061783,0.02397681692320584,8.50210061783055e-06,2.816923205840871e-06
565,0,,32.92666666666666,32.92661945336698,33.01492595105116,-4.721329968049304e-05,0.08825928438449893,,0.0239825,0.02399141896437065,0.02398441177713958,8.91896437064943e-06,1.9117771395786576e-06
566,0,,32.934533333333334,32.93389617402337,33.023099424221726,-0.0006371593099672168,0.08856609088839207,,0.023991,0.024000322496077277,0.023992006237539103,9.322496077279058e-06,1.0062375391042822e-06
567,0,,32.9424,32.941163667250365,33.03127054806447,-0.0012363327496345278,0.08887054806447026,,0.0239995,0.024009210579490296,0.023999600304424794,9.710579490295607e-06,1.0030442479380675e-07
568,0,,32.950266666666664,32.948425933910336,33.03943932325466,-0.0018407327563281228,0.08917265658799778,,0.024007999999999998,0.02401808109836226,0.024007193977817053,1.008109836226137e-05,-8.060221829454817e-07
569,0,,32.95813333333333,32.95568697486562,33.04760575046738,-0.0024463584677079098,0.08947241713405418,,0.0240165,0.024026931936445766,0.02401478725773626,1.0431936445766399e-05,-1.7127422637409906e-06
570,0,,32.965999999999994,32.9629507909786,33.05576983037752,-0.003049209021391164,0.08976983037752717,,0.024024999999999998,0.024035760977493378,0.02402238014420281,1.0760977493379925e-05,-2.6198557971889025e-06
571,0,,32.973866666666666,32.97022138311162,33.06393156365977,-0.003645283555044898,0.09006489699310549,,0.0240335,0.024044566105257674,0.024029972637237086,1.1066105257674652e-05,-3.5273627629131554e-06
572,0,,32.98173333333333,32.97750275212705,33.072090950988624,-0.0042305812062792825,0.09035761765529315,,0.024042,0.02405334520349122,0.024037564736859477,1.1345203491219813e-05,-4.43526314052381e-06
573,0,,32.989599999999996,32.98479889888726,33.0802479930384,-0.004801101112732908,0.09064799303840232,,0.0240505,0.024062096155946597,0.024045156443090368,1.1596155946598519e-05,-5.3435569096309254e-06
574,0,,32.99746666666667,32.99211382425459,33.0884026904832,-0.0053528424120798945,0.09093602381653199,,0.024059,0.02407081684637638,0.02405274775595014,1.1816846376380002e-05,-6.25224404986191e-06
575,0,,33.00533333333333,32.99945152909141,33.096555043996936,-0.005881804241923305,0.09122171066360352,,0.0240675,0.024079505158533146,0.024060338675459175,1.2005158533147375e-05,-7.161324540823355e-06
576,0,,33.0132,33.006816014260075,33.104705054253344,-0.006383985739923048,0.09150505425334643,,0.024076,0.02408815897616946,0.02406792920163786,1.2158976169459462e-05,-8.070798362139198e-06
577,0,,33.02106666666666,33.01421128062295,33.11285272192595,-0.0068553860437106096,0.09178605525928418,,0.0240845,0.0240967761830379,0.024075519334506575,1.2276183037902844e-05,-8.980665493422968e-06
578,0,,33.02893333333333,33.0216413290424,33.12099804768808,-0.007292004290924581,0.0920647143547555,,0.024093,0.024105354662891047,0.024083109074085694,1.2354662891046753e-05,-9.890925914305543e-06
579,0,,33.0368,33.02911016038078,33.1291410322129,-0.007689839619217764,0.09234103221290013,,0.024101499999999998,0.024113892299481462,0.0240906984203956,1.2392299481463892e-05,-1.0801579604396983e-05
580,0,,33.044666666666664,33.03662177550045,33.13728167617333,-0.00804489116621454,0.09261500950666601,,0.02411,0.02412238697656173,0.024098287373456675,1.2386976561730434e-05,-1.1712626543324695e-05
581,0,,33.05253333333333,33.044180175263776,33.14541998024215,-0.008353158069553501,0.09288664690882342,,0.0241185,0.024130836577884427,0.024105875933289285,1.233657788442602e-05,-1.2624066710716086e-05
582,0,,33.0604,33.05178936053311,33.15355594509191,-0.008610639466894554,0.09315594509190817,,0.024127,0.024139238987202116,0.02411346409991381,1.2238987202116414e-05,-1.3535900086188157e-05
583,0,,33.068266666666666,33.05945333217081,33.16168957139499,-0.008813334495854974,0.09342290472832104,,0.0241355,0.02414759208826738,0.024121051873350632,1.2092088267377787e-05,-1.4448126649368315e-05
584,0,,33.07613333333333,33.06717609103925,33.16982085982355,-0.008957242294080459,0.09368752649022127,,0.024144,0.024155893764832792,0.02412863925362011,1.1893764832793252e-05,-1.5360746379887436e-05
585,0,,33.083999999999996,33.07496163800078,33.17794981104959,-0.009038361999216704,0.09394981104959044,,0.0241525,0.024164141900650925,0.02413622624074263,1.1641900650925102e-05,-1.6273759257369458e-05
586,0,,33.09186666666666,33.08281397391777,33.186076425744886,-0.009052692748888092,0.09420975907822537,,0.024161,0.024172334379474355,0.024143812834738557,1.1334379474356449e-05,-1.718716526144179e-05
587,0,,33.09973333333333,33.09073709965257,33.19420070458104,-0.008996233680761634,0.09446737124770976,,0.0241695,0.02418046908505565,0.024151399035628258,1.0969085055649586e-05,-1.8100964371742245e-05
588,0,,33.1076,33.09873501606754,33.202322648229455,-0.008864983932454606,0.09472264822945675,,0.024177999999999998,0.024188543901147393,0.02415898484343211,1.0543901147394563e-05,-1.9015156567887825e-05
589,0,,33.11546666666666,33.10681172402505,33.21044225736134,-0.008654942641612706,0.09497559069468053,,0.0241865,0.024196556711502157,0.024166570258170473,1.0056711502157145e-05,-1.9929741829526754e-05
590,0,,33.123333333333335,33.11497122438746,33.218559532647724,-0.008362108945874525,0.09522619931438925,,0.024194999999999998,0.02420450539987251,0.024174155279863718,9.505399872513504e-06,-2.08447201362795e-05
591,0,,33.1312,33.123217518017114,33.22667447475942,-0.007982481982885758,0.0954744747594205,,0.0242035,0.024212387850011032,0.024181739908532215,8.887850011032872e-06,-2.1760091467783876e-05
592,0,,33.139066666666665,33.13155460577639,33.234787084367056,-0.007512060890277894,0.09572041770039164,,0.024212,0.024220201945670292,0.02418932414419632,8.201945670291422e-06,-2.2675855803681172e-05
593,0,,33.14693333333333,33.13998648852764,33.242897362141086,-0.006946844805689523,0.09596402880775656,,0.0242205,0.02422794557060287,0.024196907986876404,7.4455706028722646e-06,-2.3592013123595323e-05
594,0,,33.154799999999994,33.14851716713323,33.25100530875174,-0.006282832866766341,0.09620530875174893,,0.024229,0.02423561660856134,0.02420449143659283,6.616608561341164e-06,-2.4508563407171086e-05
595,0,,33.16266666666667,33.15715064245551,33.25911092486909,-0.005516024211154047,0.09644425820242475,,0.0242375,0.024243212943298273,0.024212074493365952,5.712943298274292e-06,-2.5425506634046274e-05
596,0,,33.17053333333333,33.16589091535685,33.26721421116298,-0.004642417976484126,0.09668087782964818,,0.024246,0.024250732458566245,0.02421965715721614,4.732458566244352e-06,-2.6342842783858705e-05
597,0,,33.178399999999996,33.17474198669961,33.27531516830309,-0.0036580133003880633,0.09691516830309155,,0.0242545,0.02425817303811783,0.02422723942816375,3.6730381178309846e-06,-2.7260571836249664e-05
598,0,,33.18626666666667,33.18370785734616,33.28341379695889,-0.002558809320511557,0.0971471302922211,,0.024263,0.0242655325657056,0.02423482130622914,2.532565705599954e-06,-2.8178693770860436e-05
599,0,,33.19413333333333,33.192792528158826,33.291510097799666,-0.001340805174507409,0.09737676446633259,,0.024271499999999998,0.02427280892508213,0.024242402791432666,1.3089250821309018e-06,-2.9097208567332306e-05
600,1,33.202,33.202,33.202,33.29960407149451,0.0,0.09760407149450856,0.02428,0.02428,0.02428,0.024249983883794686,0.0,-3.0016116205313498e-05
601,0,,33.21328333333333,33.21138671099439,33.30769571871232,-0.0018966223389398351,0.09441238537898755,,0.024286166666666668,0.024287110114958342,0.024257564583335556,9.434482916743925e-07,-2.8602083331111944e-05
602,0,,33.22456666666667,33.22100080810001,33.3157850401218,-0.0035658585666595854,0.09121837345513484,,0.024292333333333332,0.02429414644673228,0.024265144890075634,1.8131133989462977e-06,-2.7188443257698813e-05
603,0,,33.23585,33.23083385542919,33.32387203639148,-0.0050161445708098995,0.08802203639147876,,0.0242985,0.024301111157488342,0.024272724804035264,2.611157488341398e-06,-2.577519596473621e-05
604,0,,33.24713333333333,33.240877417094225,33.33195670818966,-0.006255916239105375,0.0848233748563274,,0.024304666666666665,0.024308006409393075,0.024280304325234807,3.3397427264096613e-06,-2.4362341431858475e-05
605,0,,33.25841666666666,33.251123057207444,33.34003905618448,-0.007293609459217976,0.0816223895178183,,0.024310833333333334,0.02431483436461301,0.024287883453694613,4.00103127967677e-06,-2.2949879638720777e-05
606,0,,33.2697,33.26156233988116,33.34811908104388,-0.008137660118840984,0.07841908104388295,,0.024317,0.024321597185314684,0.024295462189435027,4.597185314685753e-06,-2.1537810564971338e-05
607,0,,33.28098333333333,33.27218682922769,33.35619678343561,-0.008796504105639258,0.0752134501022752,,0.024323166666666667,0.024328297033664636,0.0243030405324764,5.130366997969232e-06,-2.012613419026532e-05
608,0,,33.29226666666666,33.28298808935935,33.36427216402721,-0.009278577307313185,0.07200549736054995,,0.02432933333333333,0.024334936071829405,0.024310618482839084,5.602738496073706e-06,-1.871485049424748e-05
609,0,,33.30355,33.29395768438846,33.372345223486064,-0.009592315611541835,0.06879522348606315,,0.0243355,0.024341516461975524,0.024318196040543423,6.016461975524856e-06,-1.730395945657645e-05
610,0,,33.31483333333333,33.30508717842732,33.380415962479326,-0.009746154906011384,0.06558262914599311,,0.024341666666666664,0.02434804036626953,0.02432577320560976,6.373699602865712e-06,-1.5893461056903924e-05
611,0,,33.326116666666664,33.31636813558827,33.388484381673976,-0.009748531078393796,0.062367715007312086,,0.024347833333333332,0.024354509946877965,0.024333349978058447,6.676613544632365e-06,-1.4483355274885062e-05
612,0,,33.337399999999995,33.327792119983606,33.39655048173681,-0.009607880016389458,0.0591504817368147,,0.024354,0.02436092736596736,0.024340926357909822,6.9273659673609045e-06,-1.30736420901785e-05
613,0,,33.348683333333334,33.33935069572565,33.404614263334416,-0.009332637607684546,0.0559309300010824,,0.024360166666666665,0.024367294785704263,0.024348502345184233,7.12811903759783e-06,-1.166432148243246e-05
614,0,,33.359966666666665,33.35103542692672,33.412675727133205,-0.00893123973994392,0.052709060466540336,,0.024366333333333334,0.024373614368255202,0.024356077939902014,7.281034921868823e-06,-1.0255393431319454e-05
615,0,,33.371249999999996,33.36283787769914,33.42073487379938,-0.008412122300853753,0.049484873799386264,,0.0243725,0.02437988827578671,0.024363653142083514,7.388275786709975e-06,-8.846857916484235e-06
616,0,,33.382533333333335,33.37474961215521,33.42879170399897,-0.007783721178121539,0.04625837066563321,,0.024378666666666667,0.024386118670465334,0.024371227951749067,7.452003798667783e-06,-7.438714917599315e-06
617,0,,33.393816666666666,33.38676219440726,33.436846218397804,-0.007054472259405031,0.04302955173113787,,0.02438483333333333,0.02439230771445761,0.02437880236891901,7.47438112427834e-06,-6.030964414319856e-06
618,0,,33.4051,33.398867188567586,33.44489841766151,-0.006232811432411722,0.03979841766151537,,0.024391,0.024398457569930067,0.024386376393613688,7.457569930067326e-06,-4.62360638631143e-06
619,0,,33.41638333333333,33.41105615874853,33.452948302455546,-0.005327174584799366,0.036564969122217406,,0.024397166666666664,0.024404570399049256,0.024393950025853435,7.403732382591649e-06,-3.216640813229199e-06
620,0,,33.42766666666667,33.42332066906239,33.46099587344517,-0.004345997604275453,0.03332920677850382,,0.024403333333333332,0.024410648363981696,0.024401523265658583,7.315030648363113e-06,-1.810067674749144e-06
621,0,,33.43895,33.43565228362149,33.46904113129543,-0.0032977163785048447,0.030091131295428397,,0.0244095,0.02441669362689394,0.024409096113049464,7.193626893938626e-06,-4.038869505368359e-07
622,0,,33.45023333333333,33.44804256653814,33.47708407667121,-0.002190766795187926,0.02685074333788151,,0.024415666666666665,0.024422708349952516,0.02441666856804642,7.041683285850808e-06,1.0019013797560317e-06
623,0,,33.46151666666667,33.46048308192467,33.4851247102372,-0.0010335847419966626,0.023608043570533255,,0.024421833333333334,0.02442869469532397,0.024424240630669777,6.86136199063575e-06,2.4072973364430705e-06
624,0,,33.4728,33.472965393893375,33.493163032657876,0.0001653938933756649,0.02036303265787609,,0.024428,0.024434654825174828,0.024431812300939867,6.654825174829543e-06,3.8123009398691177e-06
625,0,,33.48408333333333,33.48548106655658,33.50119904459754,0.0013977332232499862,0.01711571126421063,,0.024434166666666667,0.02444059090167163,0.024439383578877025,6.424235004964807e-06,5.216912210358193e-06
626,0,,33.49536666666666,33.49802166402661,33.509232746720315,0.002654997359947231,0.013866080053652752,,0.02444033333333333,0.02444650508698092,0.024446954464501573,6.171753647588041e-06,6.621131168241257e-06
627,0,,33.50665,33.51057875041577,33.517264139690106,0.003928750415767013,0.010614139690105162,,0.0244465,0.024452399543269228,0.024454524957833842,5.899543269228397e-06,8.024957833842328e-06
628,0,,33.51793333333333,33.523143889836376,33.52529322417064,0.005210556503044472,0.007359890837307148,,0.024452666666666664,0.0244582764327031,0.02446209505889416,5.609766036435843e-06,9.428392227495835e-06
629,0,,33.52921666666666,33.53570864640076,33.53332000082546,0.006491979734093434,0.0041033341587990435,,0.024458833333333332,0.02446413791744906,0.02446966476770285,5.304584115729122e-06,1.0831434369518861e-05
630,0,,33.540499999999994,33.54826458422121,33.54134447031791,0.007764584221213511,0.0008444703179151247,,0.024465,0.02446998615967366,0.02447723408428024,4.9861596736582026e-06,1.2234084280238894e-05
631,0,,33.55178333333333,33.56080326741006,33.549366633311145,0.009019934076725633,-0.0024167000221879675,,0.024471166666666665,0.024475823321543425,0.024484803008646652,4.656654876759175e-06,1.3636341979986893e-05
632,0,,33.563066666666664,33.57331626007963,33.55738649046812,0.010249593412964941,-0.005680176198545439,,0.024477333333333334,0.024481651565224898,0.024492371540822414,4.318231891564661e-06,1.5038207489079941e-05
633,0,,33.574349999999995,33.58579512634222,33.565404042451625,0.011445126342223944,-0.008945957548370131,,0.0244835,0.024487473052884616,0.024499939680827837,3.973052884617689e-06,1.6439680827838588e-05
634,0,,33.585633333333334,33.598231430310165,33.57341928992424,0.012598096976830675,-0.012214043409095154,,0.024489666666666667,0.02449328994668911,0.024507507428683253,3.623280022443942e-06,1.7840762016586853e-05
635,0,,33.596916666666665,33.610616736095764,33.58143223354835,0.01370006942909896,-0.015484433118317042,,0.02449583333333333,0.024499104408804928,0.024515074784408973,3.271075471596857e-06,1.924145107564182e-05
636,0,,33.6082,33.622942607811346,33.58944287398616,0.014742607811349728,-0.018757126013838388,,0.024502,0.0245049186013986,0.02452264174802532,2.9186013986021164e-06,2.0641748025320567e-05
637,0,,33.61948333333333,33.63520060956921,33.59745121189968,0.015717276235882593,-0.022032121433646523,,0.024508166666666664,0.024510734686636663,0.02453020831955261,2.56801996999928e-06,2.2041652885947116e-05
638,0,,33.630766666666666,33.6473823054817,33.605457247950746,0.016615638815032696,-0.02530941871592063,,0.024514333333333332,0.024516554826685657,0.02453777449901116,2.2214933523244385e-06,2.344116567782814e-05
639,0,,33.64205,33.6594792596611,33.61346098280097,0.01742925966109965,-0.028589017199024624,,0.024520499999999997,0.024522381183712118,0.024545340286421285,1.881183712120621e-06,2.484028642128766e-05
640,0,,33.65333333333333,33.671483036219755,33.62146241711181,0.0181497028864257,-0.031870916221521384,,0.024526666666666665,0.024528215919882586,0.0245529056818033,1.5492532159204486e-06,2.6239015136635818e-05
641,0,,33.66461666666667,33.683385199269956,33.62946155154451,0.018768532603289145,-0.03515511512215852,,0.024532833333333334,0.02453406119736359,0.02456047068517752,1.2278640302565424e-06,2.7637351844186225e-05
642,0,,33.6759,33.69517731292403,33.63745838676013,0.01927731292403223,-0.03844161323986839,,0.024539,0.024539919178321677,0.02456803529656425,9.191783216788707e-07,2.9035296564252494e-05
643,0,,33.68718333333333,33.706850941294306,33.64545292341955,0.019667607960975886,-0.041730409913782296,,0.024545166666666667,0.024545792024923376,0.024575599515983815,6.253582567096461e-07,3.0432849317148236e-05
644,0,,33.69846666666666,33.71839764849308,33.65344516218344,0.019930981826419725,-0.045021504483223396,,0.02455133333333333,0.02455168189933523,0.024583163343456508,3.485660018988368e-07,3.1830010123176655e-05
645,0,,33.70975,33.72980899863267,33.66143510371229,0.020058998632670466,-0.04831489628770669,,0.0245575,0.024557590963723775,0.024590726779002654,9.096372377559447e-08,3.322677900265483e-05
646,0,,33.72103333333333,33.7410765558254,33.66942274866642,0.020043222492070356,-0.0516105846669106,,0.024563666666666664,0.024563521380255544,0.024598289822642547,-1.4528641112052099e-07,3.46231559758825e-05
647,0,,33.73231666666666,33.75219188418359,33.67740809770592,0.019875217516926114,-0.05490856896074092,,0.024569833333333332,0.02456947531109708,0.024605852474396502,-3.580222362534191e-07,3.601914106316981e-05
648,0,,33.7436,33.763146547819545,33.685391151490734,0.019546547819544458,-0.058208848509266886,,0.024575999999999997,0.024575454918414917,0.024613414734284828,-5.450815850800705e-07,3.741473428483036e-05
649,0,,33.75488333333333,33.77393211084558,33.693371910680575,0.019048777512246318,-0.061511422652756664,,0.024582166666666665,0.02458146236437559,0.024620976602327822,-7.043022910747931e-07,3.880993566115695e-05
650,0,,33.76616666666666,33.784540137374016,33.70135037593499,0.018373470707352624,-0.06481629073167028,,0.02458833333333333,0.02458749981114564,0.02462853807854579,-8.335221876910881e-07,4.020474521245973e-05
651,0,,33.777449999999995,33.79496219151717,33.70932654791335,0.0175121915171772,-0.06812345208664539,,0.0245945,0.024593569420891605,0.024636099162959037,-9.30579108392865e-07,4.159916295903843e-05
652,0,,33.78873333333333,33.80518983738736,33.71730042727479,0.016456504054026766,-0.07143290605853991,,0.024600666666666667,0.02459967335578002,0.024643659855587866,-9.933108866475027e-07,4.2993188921199715e-05
653,0,,33.800016666666664,33.8152146390969,33.72527201467831,0.015197972430236462,-0.0747446519883539,,0.02460683333333333,0.024605813777977423,0.02465122015645257,-1.0195553559085024e-06,4.438682311923986e-05
654,0,,33.811299999999996,33.82502816075811,33.73324131078268,0.013728160758113006,-0.07805868921731474,,0.024613,0.024611992849650346,0.02465878006557346,-1.0071503496536516e-06,4.5780065573462064e-05
655,0,,33.822583333333334,33.83462196648329,33.7412083162465,0.012038633149956013,-0.08137501708683459,,0.024619166666666664,0.024618212732965335,0.024666339582970827,-9.539337013295124e-07,4.717291630416259e-05
656,0,,33.833866666666665,33.84398762038478,33.74917303172817,0.010120953718114833,-0.08469363493849613,,0.024625333333333332,0.024624475590088922,0.024673898708664967,-8.577432444104027e-07,4.856537533163424e-05
657,0,,33.84515,33.853116686574865,33.75713545788592,0.007966686574867765,-0.08801454211407389,,0.024631499999999997,0.024630783583187644,0.024681457442676184,-7.164168123532932e-07,4.995744267618715e-05
658,0,,33.85643333333333,33.86200072916589,33.765095595377765,0.005567395832564159,-0.09133773795556266,,0.024637666666666665,0.02463713887442804,0.024689015785024766,-5.277922386255629e-07,5.134911835810024e-05
659,0,,33.86771666666667,33.87063131227017,33.77305344486155,0.0029146456035036294,-0.09466322180511355,,0.02464383333333333,0.02464354362597665,0.02469657373573101,-2.897073566807129e-07,5.2740402397680186e-05
660,1,33.879,33.879,33.879,33.78100900699493,0.0,-0.09799099300506953,0.02465,0.02465,0.02465,0.02470413129481521,0.0,5.413129481521284e-05
661,0,,33.88548333333333,33.88715994945886,33.78896228243536,0.0016766161255290513,-0.09652105089797658,,0.024656833333333333,0.024656488053304185,0.02471168846229766,-3.4528002914799294e-07,5.485512896432829e-05
662,0,,33.89196666666666,33.895173045768594,33.7969132718401,0.003206379101932555,-0.09505339482656439,,0.024663666666666664,0.024662986448243114,0.024719245238198646,-6.802184235495112e-07,5.5578571531982035e-05
663,0,,33.89845,33.90304394506908,33.804861975866245,0.004593945069082395,-0.09358802413375145,,0.024670499999999998,0.02466949525530504,0.02472680162253846,-1.0047446949573713e-06,5.630162253846341e-05
664,0,,33.90493333333333,33.910777303500176,33.81280839517069,0.005843970166843349,-0.092124938162641,,0.024677333333333332,0.024676014544978222,0.024734357615337398,-1.3187883551105117e-06,5.70242820040652e-05
665,0,,33.91141666666667,33.918377777201755,33.82075253041014,0.0069611105350873,-0.09066413625652814,,0.024684166666666667,0.024682544387750922,0.024741913216615737,-1.6222789157444018e-06,5.77465499490698e-05
666,0,,33.917899999999996,33.925850022313696,33.82869438224111,0.007950022313700345,-0.08920561775888558,,0.024690999999999998,0.024689084854111403,0.02474946842639377,-1.9151458885945105e-06,5.8468426393773476e-05
667,0,,33.92438333333333,33.93319869497588,33.83663395131992,0.00881536164254726,-0.08774938201341342,,0.024697833333333332,0.024695636014547922,0.024757023244691784,-2.197318785410185e-06,5.918991135845167e-05
668,0,,33.93086666666667,33.94042845132817,33.84457123830272,0.009561784661499928,-0.08629542836394677,,0.024704666666666666,0.02470219793954874,0.024764577671530064,-2.4687271179268944e-06,5.991100486339718e-05
669,0,,33.937349999999995,33.94754394751043,33.85250624384545,0.01019394751043734,-0.08484375615454809,,0.024711499999999997,0.02470877069960212,0.02477213170692889,-2.7293003978766384e-06,6.063170692889239e-05
670,0,,33.94383333333333,33.95454983966254,33.86043896860388,0.010716506329210063,-0.08339436472945039,,0.024718333333333332,0.02471535436519632,0.024779685350908544,-2.9789681370122334e-06,6.135201757521275e-05
671,0,,33.950316666666666,33.96145078392437,33.86836941323357,0.01113411725770419,-0.08194725343309273,,0.024725166666666666,0.024721949006819594,0.024787238603489314,-3.217659847072618e-06,6.207193682264758e-05
672,0,,33.9568,33.9682514364358,33.876297578389924,0.011451436435798712,-0.08050242161007759,,0.024731999999999997,0.02472855469496021,0.024794791464691476,-3.4453050397863227e-06,6.279146469147928e-05
673,0,,33.96328333333333,33.97495645333669,33.88422346472813,0.011673120003358406,-0.07905986860519931,,0.02473883333333333,0.024735171500106425,0.02480234393453531,-3.6618332269061638e-06,6.351060120197982e-05
674,0,,33.969766666666665,33.98157049076692,33.89214707290319,0.011803824100255156,-0.0776195937634725,,0.024745666666666666,0.0247417994927465,0.024809896013041097,-3.867173920164141e-06,6.422934637443159e-05
675,0,,33.97625,33.988098204866354,33.90006840356993,0.01184820486635374,-0.07618159643006805,,0.024752499999999997,0.0247484387433687,0.024817447700229114,-4.061256631295723e-06,6.494770022911697e-05
676,0,,33.98273333333333,33.99454425177488,33.90798745738299,0.011810918441554463,-0.07474587595034166,,0.02475933333333333,0.024755089322461274,0.024824998996119632,-4.244010872057197e-06,6.566566278630101e-05
677,0,,33.989216666666664,34.00091328763236,33.91590423499679,0.011696620965693683,-0.07331243166987633,,0.024766166666666665,0.024761751300512492,0.024832549900732935,-4.415366154173622e-06,6.638323406626956e-05
678,0,,33.9957,34.00720996857866,33.9238187370656,0.011509968578657492,-0.07188126293439723,,0.024773,0.02476842474801061,0.024840100414089294,-4.575251989390877e-06,6.71004140892946e-05
679,0,,34.002183333333335,34.01343895075366,33.93173096424349,0.011255617420324882,-0.07045236908984265,,0.02477983333333333,0.024775109735443886,0.02484765053620898,-4.723597889444431e-06,6.78172028756481e-05
680,0,,34.00866666666666,34.01960489029723,33.93964091718434,0.010938223630567734,-0.06902574948232143,,0.024786666666666665,0.02478180633330058,0.024855200267112264,-4.86033336608363e-06,6.853360044559859e-05
681,0,,34.01515,34.02571244334925,33.947548596541836,0.010562443349250827,-0.06760140345816268,,0.0247935,0.024788514612068966,0.02486274960681942,-4.985387931033536e-06,6.92496068194215e-05
682,0,,34.021633333333334,34.03176626604958,33.955454002969475,0.010132932716246046,-0.06617933036385892,,0.02480033333333333,0.024795234642237284,0.024870298555350723,-5.0986910960469645e-06,6.996522201739228e-05
683,0,,34.02811666666666,34.0377710145381,33.96335713712058,0.009654347871439484,-0.06475952954608033,,0.024807166666666665,0.024801966494293805,0.024877847112726434,-5.200172372859385e-06,7.068044605976903e-05
684,0,,34.0346,34.04373134495467,33.97125799964829,0.009131344954674603,-0.06334200035171023,,0.024814,0.024808710238726786,0.024885395278966826,-5.289761273213206e-06,7.139527896682721e-05
685,0,,34.04108333333333,34.04965191343918,33.97915659120552,0.008568580105844603,-0.061926742127809575,,0.024820833333333334,0.024815465946024493,0.024892943054092162,-5.367387308840427e-06,7.210972075882838e-05
686,0,,34.04756666666667,34.05553737613149,33.987052912445044,0.007970709464821368,-0.06051375422162408,,0.024827666666666665,0.024822233686675178,0.024900490438122716,-5.432979991486925e-06,7.282377145605146e-05
687,0,,34.05405,34.06139238917148,33.99494696401942,0.007342389171483887,-0.05910303598057709,,0.0248345,0.024829013531167107,0.024908037431078743,-5.486468832891639e-06,7.353743107874414e-05
688,0,,34.06053333333333,34.06722160869901,34.00283874658102,0.006688275365675622,-0.057694586752312205,,0.024841333333333333,0.024835805549988536,0.02491558403298051,-5.527783344796977e-06,7.42506996471784e-05
689,0,,34.06701666666667,34.073029690853964,34.01072826078204,0.006013024187296878,-0.056288405884629356,,0.024848166666666664,0.02484260981362773,0.024923130243848287,-5.556853038934939e-06,7.496357718162275e-05
690,0,,34.073499999999996,34.078821291776215,34.01861550727448,0.005321291776219539,-0.05488449272551321,,0.024855,0.02484942639257294,0.024930676063702324,-5.573607427058341e-06,7.567606370232488e-05
691,0,,34.07998333333333,34.08460106760562,34.026500486710155,0.004617734272287066,-0.05348284662317582,,0.024861833333333333,0.024856255357312437,0.02493822149256289,-5.577976020895714e-06,7.638815922955677e-05
692,0,,34.08646666666667,34.09037367448206,34.03438319974069,0.00390700781539266,-0.05208346692597843,,0.024868666666666664,0.024863096778334478,0.02494576653045024,-5.569888332185996e-06,7.709986378357653e-05
693,0,,34.09295,34.09614376854542,34.04226364701753,0.0031937685454153097,-0.05068635298247415,,0.0248755,0.02486995072612732,0.02495331117738464,-5.549273872678534e-06,7.781117738464224e-05
694,0,,34.09943333333333,34.10191600593555,34.05014182919192,0.002482672602219793,-0.04929150414140793,,0.024882333333333333,0.024876817271179224,0.02496085543338634,-5.516062154108797e-06,7.852210005300855e-05
695,0,,34.105916666666666,34.10769504279234,34.05801774691494,0.001778376125677994,-0.04789891975172367,,0.024889166666666664,0.024883696483978448,0.0249683992984756,-5.4701826882157245e-06,7.923263180893703e-05
696,0,,34.1124,34.11348553525565,34.06589140083745,0.001085535255647585,-0.04650859916255001,,0.024895999999999998,0.024890588435013263,0.024975942772672673,-5.411564986734785e-06,7.994277267267536e-05
697,0,,34.118883333333336,34.11929213946535,34.07376279161016,0.00040880613201466076,-0.04512054172317903,,0.024902833333333332,0.024897493194771914,0.024983485855997814,-5.340138561418795e-06,8.065252266448164e-05
698,0,,34.125366666666665,34.12511951156134,34.081631919883556,-0.0002471551053275789,-0.04373474678310885,,0.024909666666666667,0.02490441083374267,0.024991028548471277,-5.255832923996284e-06,8.136188180461051e-05
699,0,,34.13185,34.13097230768345,34.08949878630797,-0.0008776923165498829,-0.04235121369202943,,0.024916499999999998,0.02491134142241379,0.024998570850113318,-5.158577586206192e-06,8.207085011332008e-05
700,0,,34.138333333333335,34.13685518397158,34.097363391533534,-0.0014781493617519459,-0.04096994179980129,,0.024923333333333332,0.024918285031273538,0.025006112760944183,-5.048302059794396e-06,8.277942761085108e-05
701,0,,34.144816666666664,34.142772796565595,34.10522573621017,-0.0020438701010689897,-0.03959093045649098,,0.024930166666666666,0.024925241730810163,0.025013654280984125,-4.924935856503304e-06,8.348761431745816e-05
702,0,,34.1513,34.14872980160537,34.11308582098766,-0.0025701983946291307,-0.03821417901233559,,0.024936999999999997,0.024932211591511936,0.02502119541025339,-4.788408488061446e-06,8.419541025339247e-05
703,0,,34.157783333333334,34.154730855230774,34.12094364651557,-0.0030524781025604852,-0.03683968681776406,,0.024943833333333332,0.02493919468386711,0.025028736148772233,-4.638649466221639e-06,8.490281543890171e-05
704,0,,34.16426666666667,34.16078061358167,34.12879921344327,-0.003486053084998275,-0.03546745322339717,,0.024950666666666666,0.024946191078363954,0.025036276496560893,-4.475588302712413e-06,8.560982989422664e-05
705,0,,34.17075,34.16688373279795,34.136652522419965,-0.0038662672020493005,-0.03409747758003334,,0.0249575,0.024953200845490717,0.025043816453639622,-4.299154509283115e-06,8.631645363962187e-05
706,0,,34.177233333333334,34.17304486901947,34.14450357409467,-0.004188464313862994,-0.03272975923866284,,0.02496433333333333,0.024960224055735666,0.02505135602002866,-4.109277597665745e-06,8.702268669532817e-05
707,0,,34.18371666666667,34.179268678386116,34.1523523691162,-0.004447988280553261,-0.03136429755046777,,0.024971166666666666,0.024967260779587056,0.025058895195748256,-3.905887079609649e-06,8.772852908158976e-05
708,0,,34.1902,34.18555981703775,34.1601989081332,-0.004640182962248218,-0.030001091866800778,,0.024978,0.024974311087533153,0.025066433980818648,-3.6889124668468276e-06,8.84339808186474e-05
709,0,,34.19668333333333,34.19192294111424,34.168043191794105,-0.004760392219090193,-0.02864014153922767,,0.02498483333333333,0.024981375050062215,0.025073972375260083,-3.4582832711162192e-06,8.913904192675223e-05
710,0,,34.20316666666667,34.198362706755475,34.17588522074719,-0.00480395991119309,-0.027281445919477676,,0.024991666666666666,0.02498845273766251,0.0250815103790928,-3.2139290041567625e-06,8.984371242613462e-05
711,0,,34.20965,34.20488377010131,34.183724995640546,-0.004766229898692131,-0.02592500435945766,,0.0249985,0.024995544220822282,0.025089047992337035,-2.9557791777178044e-06,9.054799233703531e-05
712,0,,34.21613333333333,34.21149078729162,34.191562517122044,-0.004642546041708329,-0.02457081621128765,,0.02500533333333333,0.0250026495700298,0.025096585215013026,-2.6837633035313446e-06,9.125188167969506e-05
713,0,,34.22261666666667,34.21818841446629,34.199397785839395,-0.004428252200376903,-0.023218880827272415,,0.025012166666666665,0.025009768855773322,0.02510412204714102,-2.3978108933432607e-06,9.195538047435461e-05
714,0,,34.2291,34.22498130776517,34.20723080244013,-0.004118692234833077,-0.021869197559873044,,0.025019,0.02501690214854111,0.025111658488741247,-2.097851458889022e-06,9.26584887412478e-05
715,0,,34.23558333333333,34.231874123328154,34.21506156757157,-0.003709210005176544,-0.02052176576176379,,0.02502583333333333,0.025024049518821426,0.025119194539833942,-1.7838145119040971e-06,9.336120650061189e-05
716,0,,34.242066666666666,34.238871517295095,34.222890081880855,-0.003195149371570949,-0.019176584785810746,,0.025032666666666665,0.02503121103710253,0.025126730200439342,-1.4556295641343642e-06,9.406353377267723e-05
717,0,,34.24855,34.245978145805886,34.230716346014965,-0.0025718541941159856,-0.017833653985036335,,0.0250395,0.02503838677387268,0.025134265470577677,-1.1132261273187616e-06,9.476547057767765e-05
718,0,,34.25503333333334,34.25319866500038,34.23854036062067,-0.0018346683329539815,-0.01649297271266903,,0.025046333333333334,0.02504557679962013,0.025141800350269184,-7.565337132031669e-07,9.546701693585041e-05
719,0,,34.261516666666665,34.260537731018466,34.24636212634454,-0.000978935648198842,-0.015154540322122045,,0.025053166666666665,0.02505278118483315,0.02514933483953409,-3.854818335161103e-07,9.616817286742588e-05
720,1,34.268,34.268,34.268,34.25418164383301,0.0,-0.01381835616699334,0.02506,0.02506,0.02506,0.02515686893839263,0.0,9.686893839263092e-05
721,0,,34.27696666666667,34.275607027764494,34.26199891373228,-0.0013596389021728328,-0.014967752934389011,,0.025067666666666665,0.025067224023309794,0.02516440264686503,-4.4264335687105305e-07,9.673598019836402e-05
722,0,,34.28593333333333,34.283373362003054,34.26981393668837,-0.002559971330278188,-0.016119396644960204,,0.02507533333333333,0.02507444462147682,0.02517193596497152,-8.887118565122087e-07,9.660263163818739e-05
723,0,,34.2949,34.291293146662916,34.27762671334715,-0.0036068533370823275,-0.017273286652844888,,0.025082999999999998,0.025081662747777053,0.025179468892732322,-1.3372522229444794e-06,9.646889273232442e-05
724,0,,34.303866666666664,34.29936052569134,34.28543724435427,-0.004506140975323092,-0.018429422312394195,,0.025090666666666667,0.02508887935548648,0.02518700143016767,-1.7873111801888775e-06,9.633476350100201e-05
725,0,,34.31283333333333,34.307569643035585,34.29324553035521,-0.005263690297745427,-0.01958780297812268,,0.025098333333333334,0.02509609539788107,0.02519453357729778,-2.2379354522629458e-06,9.620024396444701e-05
726,0,,34.3218,34.31591464264291,34.301051571995245,-0.0058853573570942785,-0.020748428004758068,,0.025106,0.025103311828236826,0.025202065334142886,-2.688171763173819e-06,9.606533414288632e-05
727,0,,34.33076666666667,34.32438966846056,34.308855369919485,-0.006376998206107487,-0.021911296747184394,,0.025113666666666666,0.025110529599829713,0.025209596700723206,-3.1370668369529175e-06,9.593003405653985e-05
728,0,,34.339733333333335,34.33298886443579,34.31665692477286,-0.006744468897544209,-0.023076408560477546,,0.025121333333333332,0.025117749665935725,0.02521712767705896,-3.5836673976073763e-06,9.579434372562756e-05
729,0,,34.3487,34.34170637451586,34.32445623720009,-0.006993625484142285,-0.02424376279991236,,0.025129,0.025124972979830837,0.02522465826317037,-4.027020169161677e-06,9.565826317037285e-05
730,0,,34.35766666666667,34.35053634264803,34.33225330784573,-0.0071303240186395556,-0.025413358820934207,,0.025136666666666665,0.02513220049479104,0.02523218845907766,-4.4661718756264235e-06,9.552179241099565e-05
731,0,,34.36663333333333,34.35947291277952,34.34004813735414,-0.007160420553809388,-0.02658519597919451,,0.02514433333333333,0.025139433164092305,0.025239718264801043,-4.900169241026098e-06,9.538493146771243e-05
732,0,,34.3756,34.36851022885763,34.3478407263695,-0.007089771142368306,-0.027759273630501013,,0.025152,0.025146671941010626,0.02524724768036074,-5.328058989374773e-06,9.524768036073966e-05
733,0,,34.384566666666665,34.3776424348296,34.35563107553579,-0.0069242318370612566,-0.028935591130874627,,0.025159666666666667,0.025153917778821977,0.025254776705776968,-5.748887844689993e-06,9.511003911030075e-05
734,0,,34.39353333333333,34.386863674642676,34.36341918549684,-0.006669658690654501,-0.030114147836492577,,0.025167333333333333,0.025161171630802347,0.025262305341069942,-6.16170253098583e-06,9.497200773660869e-05
735,0,,34.4025,34.39616809224412,34.371205056896244,-0.006331907755885879,-0.031294943103759465,,0.025175,0.025168434450227716,0.025269833586259872,-6.565549772283297e-06,9.483358625987301e-05
736,0,,34.41146666666667,34.40554983158118,34.37898869037746,-0.005916835085486127,-0.03247797628920779,,0.025182666666666666,0.025175707190374066,0.025277361441366983,-6.9594762925999365e-06,9.469477470031712e-05
737,0,,34.420433333333335,34.415003036601114,34.38677008658374,-0.005430296732221507,-0.03366324674959742,,0.025190333333333332,0.02518299080451738,0.025284888906411472,-7.342528815953292e-06,9.455557307814014e-05
738,0,,34.4294,34.42452185125118,34.394549246158135,-0.004878148748822753,-0.03485075384186587,,0.025197999999999998,0.025190286245933637,0.025292415981413564,-7.713754066360906e-06,9.441598141356547e-05
739,0,,34.43836666666667,34.43410041947862,34.402326169743546,-0.004266247188049022,-0.03604049692312117,,0.025205666666666668,0.025197594467898824,0.025299942666393464,-8.072198767843791e-06,9.42759997267957e-05
740,0,,34.44733333333333,34.4437328852307,34.410100857982655,-0.0036004481026310486,-0.03723247535067742,,0.025213333333333334,0.025204916423688925,0.025307468961371378,-8.416909644409082e-06,9.413562803804384e-05
741,0,,34.4563,34.45341339245469,34.41787331151798,-0.002886607545306674,-0.038426688482019244,,0.025221,0.02521225306657992,0.02531499486636752,-8.74693342008126e-06,9.399486636751941e-05
742,0,,34.465266666666665,34.46313608509781,34.425643530991856,-0.002130581568856371,-0.03962313567480891,,0.025228666666666667,0.02521960534984779,0.0253225203814021,-9.061316818877868e-06,9.385371473543194e-05
743,0,,34.47423333333333,34.472895107107334,34.43341151704642,-0.0013382262259966637,-0.04082181628690762,,0.025236333333333333,0.025226974226768516,0.02533004550649531,-9.35910656481645e-06,9.371217316197708e-05
744,0,,34.4832,34.48268460243052,34.441177270323635,-0.0005153975694796031,-0.04202272967636134,,0.025244,0.025234360650618085,0.02533757024166737,-9.639349381914547e-06,9.35702416673713e-05
745,0,,34.49216666666667,34.49249871501461,34.44894079146527,0.0003320483479427594,-0.043225875201400754,,0.025251666666666665,0.025241765574672483,0.025345094586938476,-9.901091994182765e-06,9.342792027181024e-05
746,0,,34.501133333333335,34.50233158880687,34.45670208111291,0.0011982554735325834,-0.0444312522204271,,0.02525933333333333,0.025249189952207683,0.02535261854232884,-1.0143381125649054e-05,9.328520899550691e-05
747,0,,34.5101,34.512177367754546,34.464461139907975,0.002077367754544923,-0.045638860092026334,,0.025267,0.025256634736499674,0.025360142107858648,-1.0365263500327487e-05,9.314210785864654e-05
748,0,,34.51906666666667,34.5220301958049,34.472217968491684,0.0029635291382348328,-0.04684869817498338,,0.025274666666666668,0.02526410088082444,0.025367665283548117,-1.056578584222867e-05,9.299861688144909e-05
749,0,,34.52803333333333,34.53188421690518,34.47997256750506,0.003850883571850261,-0.04806076582827501,,0.025282333333333334,0.025271589338457953,0.025375188069417437,-1.0743994875380553e-05,9.285473608410325e-05
750,0,,34.537,34.54173357500265,34.48772493758897,0.004733575002653367,-0.04927506241102719,,0.02529,0.025279101062676206,0.02538271046548681,-1.089893732379374e-05,9.271046548681161e-05
751,0,,34.545966666666665,34.55157241404456,34.49547507938408,0.005605747377892101,-0.05049158728258618,,0.025297666666666666,0.025286637006755184,0.025390232471776436,-1.1029659911482304e-05,9.256580510976983e-05
752,0,,34.55493333333333,34.56139487797816,34.50322299353086,0.006461544644828621,-0.05171033980246875,,0.025305333333333332,0.025294198123970855,0.02539775408830651,-1.1135209362477666e-05,9.242075497317703e-05
753,0,,34.5639,34.5711951107507,34.510968680669635,0.0072951107507037705,-0.052931319330362214,,0.025313,0.02530178536759922,0.025405275315097228,-1.1214632400780022e-05,9.227531509722886e-05
754,0,,34.57286666666666,34.58096725630945,34.518712141440496,0.008100589642786815,-0.05415452522616704,,0.02532066666666667,0.025309399690916244,0.025412796152168782,-1.1266975750424263e-05,9.212948550211403e-05
755,0,,34.581833333333336,34.59070545860166,34.526453376483396,0.008872125268325703,-0.055379956849940015,,0.025328333333333335,0.025317042047197924,0.025420316599541373,-1.1291286135410583e-05,9.19832662080386e-05
756,0,,34.5908,34.60040386157458,34.534192386438065,0.00960386157457549,-0.05660761356193689,,0.025336,0.025324713389720234,0.025427836657235185,-1.1286610279766934e-05,9.183665723518433e-05
757,0,,34.59976666666667,34.61005660917546,34.54192917194408,0.010289942508791228,-0.057837494722583926,,0.025343666666666667,0.02533241467175916,0.025435356325270414,-1.125199490750739e-05,9.168965860374689e-05
758,0,,34.60873333333333,34.61965784535157,34.54966373364082,0.010924512018235077,-0.059069599692513464,,0.025351333333333333,0.02534014684659068,0.02544287560366725,-1.1186486742652962e-05,9.154227033391499e-05
759,0,,34.6177,34.62920171405014,34.55739607216748,0.011501714050140777,-0.060303927832521254,,0.025359,0.025347910867490785,0.02545039449244588,-1.1089132509214256e-05,9.13944924458808e-05
760,0,,34.626666666666665,34.63868235921845,34.56512618816307,0.012015692551784696,-0.0615404785035949,,0.025366666666666666,0.025355707687735447,0.0254579129916265,-1.0958978931219221e-05,9.124632495983304e-05
761,0,,34.63563333333333,34.648093924803746,34.57285408226642,0.012460591470414784,-0.06277925106691384,,0.025374333333333332,0.02536353826060066,0.025465431101229286,-1.0795072732671523e-05,9.109776789595347e-05
762,0,,34.6446,34.657430554753276,34.580579755116176,0.012830554753278989,-0.06402024488382096,,0.025382000000000002,0.025371403539362396,0.025472948821274433,-1.0596460637606053e-05,9.094882127443082e-05
763,0,,34.65356666666666,34.66668639301431,34.588303207350805,0.013119726347646576,-0.06526345931585809,,0.025389666666666668,0.02537930447729664,0.025480466151782125,-1.0362189370026476e-05,9.079948511545727e-05
764,0,,34.66253333333333,34.67585558353408,34.596024439608584,0.013322250200751284,-0.06650889372474467,,0.025397333333333334,0.025387242027679384,0.025487983092772542,-1.0091305653950333e-05,9.064975943920764e-05
765,0,,34.6715,34.68493227025986,34.6037434525276,0.013432270259855272,-0.06775654747239912,,0.025405,0.025395217143786602,0.02549549964426587,-9.782856213398639e-06,9.049964426587065e-05
766,0,,34.68046666666667,34.693910597138895,34.61146024674578,0.013443930472227805,-0.06900641992088907,,0.025412666666666667,0.02540323077889427,0.025503015806282295,-9.435887772395873e-06,9.034913961562807e-05
767,0,,34.689433333333334,34.70278470811844,34.61917482290084,0.013351374785109726,-0.07025851043249531,,0.025420333333333333,0.025411283886278387,0.02551053157884199,-9.049447054945703e-06,9.019824550865821e-05
768,0,,34.6984,34.711548747145756,34.62688718163032,0.01314874714575609,-0.07151281836967627,,0.025428,0.025419377419214923,0.025518046961965142,-8.622580785076078e-06,9.004696196514284e-05
769,0,,34.707366666666665,34.720196858168094,34.6345973235716,0.012830191501429056,-0.072769343095068,,0.02543566666666667,0.02542751233097986,0.02552556195567193,-8.154335686808012e-06,8.989528900526025e-05
770,0,,34.71633333333333,34.7287231851327,34.64230524936184,0.012389851799369467,-0.0740280839714913,,0.025443333333333335,0.025435689574849193,0.025533076559982524,-7.6437584841417e-06,8.974322664918877e-05
771,0,,34.7253,34.73712187198684,34.65001095963805,0.011821871986839483,-0.07528904036194461,,0.025451,0.025443910104098893,0.025540590774917108,-7.089895901108562e-06,8.959077491710668e-05
772,0,,34.73426666666666,34.74538706267777,34.65771445503704,0.011120396011108369,-0.07655221162962533,,0.025458666666666668,0.025452174872004952,0.025548104600495856,-6.491794661715733e-06,8.943793382918883e-05
773,0,,34.74323333333333,34.75351290115274,34.66541573619543,0.010279567819409863,-0.07781759713790137,,0.025466333333333334,0.025460484831843336,0.025555618036738944,-5.848501489998104e-06,8.928470340561004e-05
774,0,,34.752199999999995,34.761493531359,34.67311480374967,0.009293531359006124,-0.0790851962503254,,0.025474,0.025468840936890048,0.025563131083666545,-5.1590631099524e-06,8.913108366654515e-05
775,0,,34.76116666666667,34.76932309724381,34.680811658336026,0.008156430577145102,-0.08035500833064191,,0.025481666666666666,0.025477244140421056,0.025570643741298832,-4.422526245610042e-06,8.897707463216553e-05
776,0,,34.770133333333334,34.776995742754416,34.68850630059058,0.00686240942108185,-0.08162703274275174,,0.025489333333333333,0.025485695395712347,0.02557815600965597,-3.6379376209851044e-06,8.882267632263907e-05
777,0,,34.7791,34.78450561183809,34.69619873114923,0.005405611838092739,-0.08290126885076887,,0.025497000000000002,0.025494195656039904,0.025585667888758143,-2.8043439600985987e-06,8.86678887581406e-05
778,0,,34.788066666666666,34.79184684844207,34.70388895064769,0.003780181775404401,-0.08417771601897783,,0.02550466666666667,0.025502745874679714,0.02559317937862551,-1.92079198695419e-06,8.85127119588415e-05
779,0,,34.79703333333333,34.799013596513625,34.711576959721484,0.001980263180293207,-0.08545637361184788,,0.025512333333333335,0.02551134700490775,0.025600690479278244,-9.863284255832994e-07,8.835714594490965e-05
780,1,34.806,34.806,34.806,34.71926275900597,0.0,-0.08673724099402591,0.02552,0.02552,0.02552,0.02560820119073651,0.0,8.820119073650948e-05
781,0,,34.8116,34.812845616145644,34.72694634913632,0.0012456161456455561,-0.08465365086367882,,0.02553,0.025528741113440487,0.025615711513020476,-1.258886559513811e-06,8.571151302047553e-05
782,0,,34.8172,34.81959574295636,34.734627730747505,0.00239574295635947,-0.08257226925249483,,0.02554,0.02553760326112276,0.02562322144615031,-2.396738877238902e-06,8.322144615030905e-05
783,0,,34.8228,34.82625313552137,34.74230690447433,0.003453135521368722,-0.08049309552566797,,0.02555,0.02554658238993711,0.02563073099014617,-3.41761006289118e-06,8.0730990146171e-05
784,0,,34.828399999999995,34.83282054892995,34.749983870951425,0.0044205489299571354,-0.07841612904856987,,0.02556,0.02555567444677382,0.025638240145028225,-4.3255532261796126e-06,7.82401450282258e-05
785,0,,34.833999999999996,34.83930073827134,34.75765863081322,0.005300738271344585,-0.07634136918677825,,0.025570000000000002,0.02556487537852318,0.025645748910816637,-5.1246214768235765e-06,7.57489108166344e-05
786,0,,34.8396,34.84569645863478,34.76533118469396,0.006096458634779367,-0.07426881530603424,,0.025580000000000002,0.025574181132075473,0.02565325728753156,-5.81886792452857e-06,7.325728753155777e-05
787,0,,34.8452,34.85201046510952,34.77300153322774,0.006810465109523989,-0.07219846677225661,,0.02559,0.02558358765432099,0.025660765275193165,-6.4123456790105005e-06,7.076527519316381e-05
788,0,,34.8508,34.85824551278482,34.78066967704843,0.007445512784819641,-0.07013032295157018,,0.0256,0.025593090892150012,0.025668272873821604,-6.909107849988744e-06,6.827287382160305e-05
789,0,,34.8564,34.86440435674993,34.788335616789745,0.008004356749928832,-0.0680643832102561,,0.02561,0.025602686792452835,0.025675780083437037,-7.313207547165329e-06,6.578008343703645e-05
790,0,,34.861999999999995,34.87048975209409,34.79599935308521,0.00848975209409275,-0.06600064691478735,,0.02562,0.025612371302119734,0.025683286904059622,-7.628697880266572e-06,6.328690405962151e-05
791,0,,34.867599999999996,34.87650445390655,34.80366088656817,0.00890445390655259,-0.06393911343182879,,0.02563,0.025622140368041,0.025690793335709512,-7.85963195900144e-06,6.079333570951223e-05
792,0,,34.8732,34.88245121727657,34.811320217871774,0.009251217276570856,-0.06187978212822287,,0.02564,0.02563198993710692,0.025698299378406866,-8.010062893078901e-06,5.829937840686611e-05
793,0,,34.8788,34.88833279729338,34.81897734762902,0.009532797293381634,-0.059822652370975504,,0.025650000000000003,0.025641915956207784,0.025705805032171836,-8.084043792218332e-06,5.580503217183369e-05
794,0,,34.8844,34.89415194904624,34.8266322764727,0.009751949046240327,-0.05776772352729864,,0.025660000000000002,0.02565191437223387,0.025713310297024575,-8.08562776613217e-06,5.331029702457246e-05
795,0,,34.89,34.8999114276244,34.834285005035426,0.009911427624402336,-0.05571499496457477,,0.025670000000000002,0.025661981132075472,0.025720815172985235,-8.018867924529383e-06,5.081517298523297e-05
796,0,,34.8956,34.90561398811712,34.84193553394964,0.010013988117115957,-0.05366446605036401,,0.02568,0.025672112182622876,0.025728319660073964,-7.887817377125877e-06,4.8319660073962295e-05
797,0,,34.901199999999996,34.91126238561362,34.84958386384758,0.010062385613622382,-0.051616136152418335,,0.02569,0.025682303470766367,0.025735823758310915,-7.696529233634092e-06,4.582375831091445e-05
798,0,,34.9068,34.91685937520318,34.85722999536132,0.010059375203184118,-0.04957000463867445,,0.0257,0.025692550943396227,0.025743327467716237,-7.449056603773402e-06,4.332746771623652e-05
799,0,,34.9124,34.922407711975026,34.864873929122766,0.010007711975028144,-0.047526070877232485,,0.02571,0.02570285054740275,0.025750830788310076,-7.149452597249306e-06,4.083078831007558e-05
800,0,,34.918,34.92791015101842,34.8725156657636,0.009910151018424074,-0.04548433423639864,,0.02572,0.02571319822967622,0.02575833372011258,-6.801770323781181e-06,3.833372011257871e-05
801,0,,34.9236,34.9333694474226,34.880155205915365,0.009769447422598887,-0.04344479408463542,,0.02573,0.02572358993710692,0.025765836263143892,-6.410062893077995e-06,3.583626314389299e-05
802,0,,34.9292,34.93878835627683,34.8877925502094,0.009588356276829302,-0.04140744979060429,,0.025740000000000002,0.02573402161658514,0.02577333841742416,-5.9783834148625925e-06,3.333841742415855e-05
803,0,,34.9348,34.94416963267035,34.895427699276865,0.009369632670349404,-0.039372300723137243,,0.025750000000000002,0.02574448921500117,0.025780840182973525,-5.5107849988335345e-06,3.084018297352248e-05
804,0,,34.9404,34.94951603169241,34.903060653748746,0.009116031692414595,-0.037339346251251015,,0.02576,0.025754988679245285,0.02578834155981213,-5.011320754717136e-06,2.834155981212838e-05
805,0,,34.946,34.954830308432264,34.91069141425584,0.008830308432266065,-0.03530858574416129,,0.02577,0.025765515956207782,0.025795842547960118,-4.484043792218895e-06,2.5842547960116397e-05
806,0,,34.9516,34.960115217979144,34.91831998142876,0.008515217979145007,-0.03328001857124008,,0.02578,0.025776066992778943,0.025803343147437624,-3.933007221058188e-06,2.3343147437623196e-05
807,0,,34.9572,34.96537351542232,34.92594635589795,0.008173515422321032,-0.031253644102051226,,0.02579,0.02578663773584906,0.025810843358264796,-3.3622641509405138e-06,2.0843358264795858e-05
808,0,,34.9628,34.97060795585103,34.93357053829366,0.007807955851028225,-0.02922946170634333,,0.0258,0.025797224132308408,0.025818343180461764,-2.7758676915921876e-06,1.8343180461764114e-05
809,0,,34.9684,34.97582129435453,34.941192529245974,0.0074212943545290955,-0.027207470754028407,,0.02581,0.02580782212904729,0.02582584261404867,-2.1778709527082996e-06,1.584261404867157e-05
810,0,,34.974000000000004,34.98101628602207,34.94881232938478,0.007016286022064833,-0.025187670615224533,,0.025820000000000003,0.025818427672955977,0.025833341659045654,-1.5723270440255732e-06,1.3341659045651433e-05
811,0,,34.9796,34.98619568594289,34.95642993933979,0.006595685942890839,-0.023170060660206104,,0.025830000000000002,0.025829036710924763,0.02584084031547284,-9.632890752390988e-07,1.0840315472836898e-05
812,0,,34.9852,34.99136224920624,34.96404535974054,0.006162249206241199,-0.021154640259460677,,0.025840000000000002,0.025839645189843934,0.02584833858335037,-3.548101560682526e-07,8.338583350368106e-06
813,0,,34.9908,34.99651873090137,34.97165859121637,0.005718730901371316,-0.01914140878363213,,0.02585,0.025850249056603776,0.025855836462698373,2.490566037745279e-07,5.83646269837132e-06
814,0,,34.9964,35.00166788611754,34.979269634396466,0.005267886117536591,-0.01713036560353487,,0.02586,0.02586084425809457,0.025863333953536988,8.442580945698663e-07,3.333953536986678e-06
815,0,,35.002,35.00681246994399,34.9868784899098,0.00481246994398532,-0.015121510090203572,,0.02587,0.02587142674120662,0.025870831055886338,1.4267412066192031e-06,8.310558863369732e-07
816,0,,35.007600000000004,35.01195523746996,34.994485158385196,0.004355237469958695,-0.013114841614807915,,0.02588,0.025881992452830186,0.02587832776976656,1.9924528301858146e-06,-1.6722302334411243e-06
817,0,,35.0132,35.01709894378472,35.00208964045127,0.003898943784719222,-0.011110359548730742,,0.02589,0.02589253733985558,0.025885824095197775,2.5373398555815496e-06,-4.175904802224822e-06
818,0,,35.0188,35.0222463439775,35.009691936736466,0.0034463439775009874,-0.009108063263532529,,0.0259,0.025903057349173073,0.025893320032200115,3.057349173073154e-06,-6.67996779988439e-06
819,0,,35.0244,35.02740019313756,35.01729204786906,0.0030001931375593927,-0.0071079521309371785,,0.025910000000000002,0.025913548427672958,0.025900815580793705,3.548427672955129e-06,-9.184419206297034e-06
820,0,,35.03,35.03256324635415,35.02488997447714,0.0025632463541498396,-0.00511002552286044,,0.025920000000000002,0.025924006522245517,0.025908310740998676,4.006522245515037e-06,-1.1689259001326086e-05
821,0,,35.0356,35.03773825871651,35.0324857171886,0.0021382587165064137,-0.003114282811402802,,0.02593,0.02593442757978104,0.02591580551283515,4.427579781036972e-06,-1.419448716485222e-05
822,0,,35.0412,35.0429279853139,35.04007927663117,0.0017279853138987278,-0.0011207233688352858,,0.02594,0.02594480754716981,0.02592329989632325,4.807547169808496e-06,-1.6700103676752648e-05
823,0,,35.046800000000005,35.04813518123556,35.04767065343239,0.0013351812355537618,0.000870653432386348,,0.02595,0.025955142371302125,0.025930793891483093,5.14237130212411e-06,-1.9206108516908044e-05
824,0,,35.0524,35.05336260157073,35.055259848219634,0.000962601570734023,0.0028598482196358077,,0.02596,0.02596542799906825,0.02593828749833481,5.427999068250561e-06,-2.1712501665192147e-05
825,0,,35.058,35.05861300140869,35.06284686162007,0.0006130014086878077,0.004846861620073639,,0.02597,0.025975660377358493,0.025945780716898514,5.6603773584927575e-06,-2.4219283101485634e-05
826,0,,35.0636,35.063889135838664,35.07043169426072,0.0002891358386634124,0.0068316942607182796,,0.02598,0.025985835453063127,0.025953273547194334,5.8354530631278545e-06,-2.6726452805665712e-05
827,0,,35.0692,35.06919375994992,35.078014346768384,-6.240050083761162e-06,0.008814346768382109,,0.02599,0.025995949173072443,0.02596076598924238,5.949173072443414e-06,-2.923401075762e-05
828,0,,35.0748,35.07452962883168,35.085594819769724,-0.0002703711683267329,0.010794819769721187,,0.026000000000000002,0.026005997484276733,0.02596825804306277,5.997484276730469e-06,-3.174195693723264e-05
829,0,,35.080400000000004,35.07989949757321,35.0931731138912,-0.0005005024267958902,0.012773113891192622,,0.026010000000000002,0.02601597633356627,0.02597574970867562,5.976333566269643e-06,-3.4250291324380844e-05
830,0,,35.086,35.08530612126376,35.100749229759074,-0.0006938787362358312,0.014749229759075888,,0.02602,0.026025881667831353,0.025983240986101053,5.881667831351967e-06,-3.6759013898948756e-05
831,0,,35.0916,35.09075225499257,35.10832316799948,-0.0008477450074266812,0.016723167999479926,,0.02603,0.026035709433962266,0.025990731875359177,5.709433962265004e-06,-3.926812464082399e-05
832,0,,35.0972,35.096240653848916,35.115894929238316,-0.0009593461510846168,0.018694929238314728,,0.02604,0.02604545557884929,0.025998222376470103,5.4555788492893775e-06,-4.177762352989764e-05
833,0,,35.1028,35.101774072922005,35.123464514101336,-0.0010259270779968688,0.020664514101333964,,0.02605,0.02605511604938272,0.02600571248945395,5.11604938271959e-06,-4.4287510546050374e-05
834,0,,35.1084,35.107355267301116,35.1310319232141,-0.001044732698886719,0.02263192321409946,,0.02606,0.02606468679245283,0.026013202214330823,4.686792452829325e-06,-4.679778566917675e-05
835,0,,35.114000000000004,35.112986992075484,35.13859715720199,-0.0010130079245200818,0.024597157201988296,,0.02607,0.02607416375494992,0.026020691551120835,4.163754949920023e-06,-4.9308448879164385e-05
836,0,,35.119600000000005,35.11867200233437,35.14616021669021,-0.0009279976656344502,0.026560216690207028,,0.026080000000000002,0.026083542883764268,0.026028180499844095,3.54288376426537e-06,-5.181950015590783e-05
837,0,,35.1252,35.12441305316702,35.15372110230379,-0.0007869468329815277,0.02852110230379168,,0.026090000000000002,0.026092820125786165,0.02603566906052071,2.8201257861633355e-06,-5.433093947929124e-05
838,0,,35.1308,35.13021289966267,35.161279814667566,-0.0005871003373272288,0.03047981466756511,,0.0261,0.026101991427905893,0.02604315723317079,1.9914279058910744e-06,-5.684276682921263e-05
839,0,,35.1364,35.13607429691058,35.168836354406196,-0.0003257030894232571,0.03243635440619386,,0.02611,0.026111052737013744,0.026050645017814435,1.052737013743088e-06,-5.935498218556656e-05
840,1,35.142,35.142,35.142,35.17639072214418,0.0,0.034390722144173935,0.02612,0.02612,0.02612,0.026058132414471757,0.0,-6.186758552824412e-05
841,0,,35.14836666666667,35.14795191672133,35.183942918505814,-0.00041474994533530207,0.03557625183914581,,0.026128000000000002,0.02612889621728395,0.026065619423162854,8.962172839480087e-07,-6.238057683714826e-05
842,0,,35.15473333333334,35.153891043959575,35.191492944115225,-0.0008422893737645154,0.0367596107818855,,0.026136,0.026137805590123457,0.02607310604390783,1.805590123457601e-06,-6.289395609216861e-05
843,0,,35.161100000000005,35.15981877044595,35.19904079959636,-0.001281229554052743,0.0379407995963561,,0.026144,0.02614672586666667,0.026080592276726794,2.7258666666710174e-06,-6.340772327320665e-05
844,0,,35.16746666666667,35.165736484911655,35.206586485572984,-0.0017301817550148257,0.03911981890631466,,0.026152,0.02615565479506173,0.026088078121639834,3.6547950617270286e-06,-6.392187836016736e-05
845,0,,35.173833333333334,35.171645576087904,35.21413000266868,-0.0021877572454300775,0.0402966693353477,,0.02616,0.02616459012345679,0.026095563578667057,4.590123456792161e-06,-6.44364213329418e-05
846,0,,35.1802,35.177547432705886,35.22167135150688,-0.0026525672941133394,0.04147135150687831,,0.026168,0.0261735296,0.026103048647828565,5.529599999998247e-06,-6.495135217143497e-05
847,0,,35.18656666666667,35.183443443496806,35.22921053271078,-0.0031232231698652413,0.0426438660441093,,0.026176,0.026182470972839506,0.02611053332914445,6.470972839504874e-06,-6.54666708555518e-05
848,0,,35.192933333333336,35.189334997191885,35.23674754690346,-0.0035983361414508863,0.04381421357012272,,0.026184,0.02619141199012346,0.02611801762263481,7.411990123461221e-06,-6.598237736519033e-05
849,0,,35.1993,35.19522348252229,35.24428239470777,-0.004076517477713537,0.044982394707766105,,0.026192,0.026200350400000003,0.026125501528319738,8.350400000002589e-06,-6.649847168026246e-05
850,0,,35.20566666666667,35.201110288219255,35.251815076746404,-0.004556378447418297,0.046148410079730695,,0.0262,0.026209283950617283,0.026132985046219335,9.283950617281628e-06,-6.701495378066621e-05
851,0,,35.21203333333334,35.20699680301396,35.25934559364188,-0.005036530319380006,0.047312260308544296,,0.026208000000000002,0.026218210390123457,0.02614046817635369,1.0210390123454455e-05,-6.75318236463135e-05
852,0,,35.2184,35.21288441563763,35.266873946016545,-0.005515584362370873,0.04847394601654287,,0.026216,0.026227127466666666,0.026147950918742897,1.112746666666678e-05,-6.804908125710232e-05
853,0,,35.22476666666667,35.21877451482147,35.27440013449253,-0.005992151845198634,0.04963346782586342,,0.026224,0.02623603292839506,0.026155433273407042,1.2032928395060843e-05,-6.856672659295848e-05
854,0,,35.23113333333333,35.22466848929665,35.281924159691826,-0.0064648440366852356,0.050790826358493746,,0.026232000000000002,0.02624492452345679,0.026162915240366222,1.2924523456789294e-05,-6.908475963378e-05
855,0,,35.237500000000004,35.2305677277944,35.289446022236234,-0.006932272205602885,0.051946022236229794,,0.02624,0.0262538,0.026170396819640528,1.3800000000001311e-05,-6.960318035947183e-05
856,0,,35.24386666666667,35.23647361904591,35.29696572274736,-0.007393047620759319,0.05309905608068988,,0.026248,0.02626265710617284,0.02617787801125004,1.4657106172839135e-05,-7.012198874995976e-05
857,0,,35.250233333333334,35.2423875517824,35.304483261846656,-0.00784578155093385,0.05424992851332178,,0.026256,0.02627149359012346,0.026185358815214853,1.5493590123458884e-05,-7.064118478514875e-05
858,0,,35.256600000000006,35.24831091473506,35.31199864015537,-0.008289085264948426,0.05539864015536722,,0.026264,0.026280307200000002,0.026192839231555045,1.6307200000002797e-05,-7.116076844495417e-05
859,0,,35.26296666666667,35.25424509663509,35.319511858294604,-0.00872157003158236,0.05654519162793292,,0.026272,0.026289095683950617,0.02620031926029071,1.7095683950616586e-05,-7.16807397092914e-05
860,0,,35.269333333333336,35.2601914862137,35.32702291688524,-0.009141847119636282,0.057689583551905343,,0.02628,0.026297856790123458,0.026207798901441925,1.7856790123456368e-05,-7.22010985580758e-05
861,0,,35.2757,35.26615147220208,35.33453181654802,-0.009548527797917927,0.05883181654802172,,0.026288,0.026306588266666663,0.026215278155028776,1.8588266666664383e-05,-7.272184497122275e-05
862,0,,35.282066666666665,35.27212644333146,35.34203855790349,-0.00994022333520661,0.059971891236827446,,0.026296,0.026315287861728397,0.026222757021071345,1.928786172839675e-05,-7.324297892865456e-05
863,0,,35.28843333333334,35.27811778833301,35.34954314157202,-0.010315545000324278,0.06110980823868317,,0.026304,0.02632395332345679,0.026230235499589714,1.995332345678877e-05,-7.376450041028659e-05
864,0,,35.2948,35.284126895937966,35.357045568173795,-0.010673104062036032,0.06224556817379323,,0.026312,0.0263325824,0.026237713590603964,2.058240000000003e-05,-7.428640939603423e-05
865,0,,35.30116666666667,35.290155154877496,35.36454583832883,-0.011011511789170925,0.063379171662163,,0.02632,0.026341172839506172,0.02624519129413417,2.117283950617277e-05,-7.480870586583019e-05
866,0,,35.30753333333334,35.29620395388283,35.37204395265696,-0.01132937945050827,0.06451061932362023,,0.026328,0.026349722390123457,0.02625266861020041,2.172239012345617e-05,-7.533138979958984e-05
867,0,,35.313900000000004,35.30227468168517,35.37953991177784,-0.011625318314834487,0.06563991177783635,,0.026336,0.0263582288,0.026260145538822763,2.222880000000288e-05,-7.585446117723549e-05
868,0,,35.32026666666667,35.3083687270157,35.38703371631095,-0.011897939650971523,0.06676704964428382,,0.026344,0.02636668981728395,0.026267622080021303,2.268981728395167e-05,-7.637791997869639e-05
869,0,,35.326633333333334,35.31448747860563,35.39452536687559,-0.012145854727705796,0.06789203354225748,,0.026352,0.026375103190123456,0.02627509823381611,2.3103190123455186e-05,-7.690176618389138e-05
870,0,,35.333,35.32063232518616,35.40201486409088,-0.012367674813837937,0.06901486409088164,,0.026359999999999998,0.026383466666666664,0.02628257400022725,2.346666666666608e-05,-7.742599977274972e-05
871,0,,35.33936666666667,35.326804655488516,35.409502208575766,-0.012562011178154364,0.07013554190909588,,0.026368,0.026391777995061726,0.0262900493792748,2.3777995061726592e-05,-7.795062072520065e-05
872,0,,35.345733333333335,35.33300585824388,35.41698740094901,-0.012727475089455709,0.07125406761567632,,0.026376,0.02640003492345679,0.026297524370978827,2.403492345678937e-05,-7.847562902117342e-05
873,0,,35.3521,35.33923732218345,35.424470441829214,-0.012862677816549706,0.07237044182921437,,0.026384,0.026408235199999998,0.026304998975359407,2.4235199999996654e-05,-7.90010246405938e-05
874,0,,35.35846666666667,35.34550043603844,35.431951331834775,-0.01296623062822988,0.07348466516810248,,0.026392,0.026416376572839503,0.02631247319243661,2.4376572839504562e-05,-7.952680756338759e-05
875,0,,35.36483333333334,35.35179658854005,35.43943007158393,-0.013036744793289756,0.07459673825059099,,0.0264,0.026424456790123455,0.026319947022230502,2.4456790123455335e-05,-8.005297776949791e-05
876,0,,35.3712,35.35812716841948,35.44690666169473,-0.013072831580522859,0.07570666169473128,,0.026408,0.0264324736,0.02632742046476115,2.4473599999998152e-05,-8.057953523885053e-05
877,0,,35.37756666666667,35.36449356440794,35.454381102785064,-0.013073102258729818,0.07681443611839711,,0.026416,0.02644042475061728,0.02633489352004862,2.4424750617282193e-05,-8.110647995137818e-05
878,0,,35.38393333333333,35.37089716523662,35.461853395472616,-0.013036168096711265,0.0779200621392846,,0.026424,0.026448307990123453,0.026342366188112983,2.4307990123453166e-05,-8.163381188701704e-05
879,0,,35.3903,35.37733935963674,35.46932354037492,-0.012960640363260723,0.07902354037491932,,0.026432,0.026456121066666664,0.02634983846897429,2.412106666666372e-05,-8.216153102571025e-05
880,0,,35.39666666666667,35.3838215363395,35.476791538109325,-0.012845130327171717,0.08012487144265634,,0.026439999999999998,0.026463861728395058,0.026357310362652625,2.3861728395059567e-05,-8.268963734737317e-05
881,0,,35.40303333333333,35.39034508407608,35.48425738929298,-0.012688249257251982,0.08122405595964466,,0.026448,0.026471527723456793,0.026364781869168026,2.3527723456793354e-05,-8.321813083197321e-05
882,0,,35.409400000000005,35.39691139157771,35.49172109454289,-0.012488608422295044,0.08232109454288405,,0.026456,0.0264791168,0.026372252988540575,2.311680000000038e-05,-8.374701145942576e-05
883,0,,35.41576666666667,35.403521847575576,35.49918265447587,-0.012244819091094428,0.08341598780919668,,0.026463999999999998,0.026486626706172838,0.02637972372079032,2.262670617284024e-05,-8.42762792096774e-05
884,0,,35.422133333333335,35.410177840800884,35.50664206970854,-0.011955492532450762,0.08450873637520573,,0.026472,0.026494055190123454,0.026387194065937324,2.2055190123455165e-05,-8.480593406267473e-05
885,0,,35.4285,35.416880759984856,35.51409934085737,-0.011619240015143362,0.08559934085737098,,0.02648,0.026501399999999998,0.026394664024001643,2.139999999999781e-05,-8.53359759983574e-05
886,0,,35.434866666666665,35.42363199385868,35.52155446853864,-0.011234672807987067,0.08668780187197456,,0.026487999999999998,0.026508658883950615,0.02640213359500334,2.065888395061735e-05,-8.586640499665815e-05
887,0,,35.44123333333334,35.43043293115353,35.52900745336845,-0.010800402179803825,0.08777412003511387,,0.026496,0.026515829590123455,0.02640960277896246,1.982959012345603e-05,-8.639722103753744e-05
888,0,,35.4476,35.43728496060067,35.53645829596273,-0.010315039399330317,0.08885829596272998,,0.026504,0.026522909866666666,0.026417071575899072,1.8909866666666497e-05,-8.692842410092799e-05
889,0,,35.453966666666666,35.44418947093124,35.54390699693723,-0.009777195735424016,0.08994033027056503,,0.026511999999999997,0.026529897461728392,0.026424539985833218,1.789746172839446e-05,-8.746001416677987e-05
890,0,,35.46033333333334,35.451147850876495,35.55135355690752,-0.00918548245684292,0.09102022357418349,,0.02652,0.026536790123456784,0.02643200800878496,1.6790123456785627e-05,-8.799199121503967e-05
891,0,,35.4667,35.4581614891676,35.558797976489,-0.008538510832401869,0.09209797648899354,,0.026528,0.0265435856,0.026439475644774342,1.558559999999959e-05,-8.852435522565746e-05
892,0,,35.47306666666667,35.46523177453578,35.56624025629688,-0.007834892130887283,0.0931735896302115,,0.026536,0.02655028163950617,0.02644694289382142,1.4281639506168176e-05,-8.905710617857984e-05
893,0,,35.47943333333333,35.47236009571223,35.57368039694621,-0.007073237621099793,0.09424706361287605,,0.026543999999999998,0.026556875990123456,0.02645440975594624,1.2875990123457914e-05,-8.959024405375687e-05
894,0,,35.4858,35.47954784142816,35.58111839905185,-0.0062521585718400274,0.09531839905185535,,0.026552,0.0265633664,0.026461876231168857,1.1366400000000637e-05,-9.012376883114209e-05
895,0,,35.49216666666667,35.486796400414754,35.588554263228495,-0.005370266251915723,0.09638759656182572,,0.02656,0.02656975061728395,0.026469342319509308,9.750617283948992e-06,-9.06576804906925e-05
896,0,,35.498533333333334,35.494107161403235,35.595987990090656,-0.004426171930099088,0.09745465675732135,,0.026567999999999998,0.026576026390123457,0.02647680802098765,8.026390123459098e-06,-9.119197901234777e-05
897,0,,35.5049,35.501481513124794,35.60341958025266,-0.0034184868752049624,0.09851958025266327,,0.026576,0.026582191466666665,0.026484273335623924,6.1914666666662566e-06,-9.17266643760753e-05
898,0,,35.51126666666667,35.508920844310644,35.61084903432867,-0.002345822356026872,0.09958236766200201,,0.026584,0.026588243595061727,0.026491738263438175,4.243595061726585e-06,-9.226173656182515e-05
899,0,,35.517633333333336,35.51642654369198,35.61827635293268,-0.0012067896413583412,0.10064301959934596,,0.026591999999999998,0.02659418052345679,0.02649920280445045,2.1805234567927323e-06,-9.27971955495474e-05
900,1,35.524,35.524,35.524,35.62570153667848,0.0,0.10170153667847615,0.0266,0.0266,0.0266,0.026506666958680782,0.0,-9.333304131921641e-05
901,0,,35.53345,35.53172541800405,35.633124586179704,-0.0017245819959512687,0.09967458617970237,,0.0266045,0.0266056999125,0.02651413072614922,1.1999124999995114e-06,-9.036927385077873e-05
902,0,,35.5429,35.539680183978064,35.640545502049804,-0.0032198160219394367,0.09764550204980083,,0.026608999999999997,0.0266112823,0.02652159410687581,2.28230000000329e-06,-8.740589312418792e-05
903,0,,35.552350000000004,35.54785545891014,35.64796428490206,-0.004494541089862025,0.09561428490205515,,0.0266135,0.0266167511375,0.026529057100880576,3.251137500000223e-06,-8.444289911942182e-05
904,0,,35.5618,35.55624240378839,35.65538093534957,-0.00555759621160945,0.09358093534957135,,0.026618,0.0266221104,0.02653651970818357,4.110400000000014e-06,-8.148029181643049e-05
905,0,,35.57125,35.56483217960091,35.662795454005256,-0.006417820399086338,0.09154545400525649,,0.0266225,0.0266273640625,0.026543981928804822,4.864062499998489e-06,-7.851807119517787e-05
906,0,,35.5807,35.57361594733581,35.67020784148187,-0.00708405266419021,0.08950784148186841,,0.026626999999999998,0.026632516099999996,0.02655144376276437,5.516099999998414e-06,-7.55562372356279e-05
907,0,,35.59015,35.582584867981204,35.677618098391974,-0.0075651320187972715,0.08746809839197311,,0.0266315,0.026637570487499998,0.02655890521008225,6.070487499999083e-06,-7.259478991774801e-05
908,0,,35.5996,35.591730102525176,35.685026225347976,-0.00786989747482636,0.08542622534797317,,0.026636,0.0266425312,0.026566366270778498,6.531199999999793e-06,-6.963372922150213e-05
909,0,,35.60905,35.60104281195583,35.69243222296209,-0.008007188044174995,0.08338222296208642,,0.026640499999999998,0.026647402212499997,0.026573826944873143,6.902212499999838e-06,-6.66730551268542e-05
910,0,,35.6185,35.61051415726129,35.69983609184636,-0.007985842738705173,0.08133609184636015,,0.026645,0.0266521875,0.02658128723238622,7.187500000001984e-06,-6.371276761377859e-05
911,0,,35.62795,35.62013529942965,35.707237832612655,-0.007814700570349942,0.07928783261265693,,0.0266495,0.0266568910375,0.02658874713333776,7.391037500002057e-06,-6.0752866662239224e-05
912,0,,35.6374,35.62989739944901,35.71463744587266,-0.007502600550992611,0.07723744587266168,,0.026654,0.026661516799999996,0.02659620664774779,7.516799999995882e-06,-5.779335225221047e-05
913,0,,35.64685,35.63979161830748,35.722034932237904,-0.0070583816925235965,0.07518493223790301,,0.026658499999999998,0.0266660687625,0.026603665775636342,7.5687625000001035e-06,-5.483422436365626e-05
914,0,,35.6563,35.64980911699316,35.72943029231972,-0.00649088300684042,0.07313029231971768,,0.026663,0.0266705509,0.026611124517023445,7.550900000000138e-06,-5.187548297655442e-05
915,0,,35.66575,35.65994105649416,35.73682352672927,-0.0058089435058406025,0.07107352672926481,,0.0266675,0.0266749671875,0.02661858287192912,7.467187499998751e-06,-4.8917128070879307e-05
916,0,,35.675200000000004,35.67017859779857,35.744214636077544,-0.005021402201435876,0.0690146360775401,,0.026671999999999998,0.0266793216,0.0266260408403734,7.321600000002176e-06,-4.595915962659833e-05
917,0,,35.68465,35.68051290189451,35.75160362097536,-0.004137098105488235,0.06695362097536162,,0.0266765,0.0266836181125,0.026633498422376306,7.118112500002771e-06,-4.300157762369278e-05
918,0,,35.6941,35.69093512977008,35.75899048203335,-0.0031648702299165166,0.06489048203334846,,0.026681,0.0266878607,0.026640955617957863,6.860699999999831e-06,-4.0044382042137006e-05
919,0,,35.70355,35.70143644241339,35.76637521986198,-0.0021135575866111367,0.06282521986197764,,0.0266855,0.026692053337499997,0.026648412427138092,6.55333749999612e-06,-3.7087572861908835e-05
920,0,,35.713,35.712008000812524,35.77375783507153,-0.000991999187476722,0.06075783507152721,,0.02669,0.0266962,0.026655868849937016,6.200000000001343e-06,-3.413115006298262e-05
921,0,,35.72245,35.7226409659556,35.78113832827212,0.0001909659555963117,0.058688328272118895,,0.0266945,0.0267003046625,0.02666332488637466,5.804662500000918e-06,-3.1175113625339645e-05
922,0,,35.7319,35.73332649883073,35.78851670007368,0.001426498830724654,0.056616700073675474,,0.026699,0.026704371299999998,0.026670780536471036,5.3712999999976085e-06,-2.8219463528964678e-05
923,0,,35.741350000000004,35.744055760426,35.795892951085975,0.002705760425996573,0.054542951085970515,,0.026703499999999998,0.026708403887500003,0.026678235800246166,4.903887500004589e-06,-2.5264199753832067e-05
924,0,,35.7508,35.754819911729534,35.80326708191859,0.004019911729535863,0.05246708191859284,,0.026708,0.0267124064,0.02668569067772007,4.406400000000338e-06,-2.2309322279930044e-05
925,0,,35.76025,35.76561011372942,35.81063909318093,0.005360113729423688,0.05038909318093232,,0.0267125,0.0267163828125,0.02669314516891276,3.882812500001498e-06,-1.93548310872399e-05
926,0,,35.7697,35.77641752741377,35.81800898548224,0.006717527413769631,0.04830898548223672,,0.026717,0.0267203371,0.02670059927384425,3.337100000000426e-06,-1.6400726155749862e-05
927,0,,35.77915,35.787233313770685,35.82537675943156,0.008083313770683276,0.04622675943156196,,0.0267215,0.0267242732375,0.026708052992534568,2.7732374999998866e-06,-1.3447007465430816e-05
928,0,,35.7886,35.79804863378826,35.832742415637796,0.009448633788259997,0.04414241563779342,,0.026726,0.0267281952,0.02671550632500371,2.1951999999991756e-06,-1.0493674996288338e-05
929,0,,35.79805,35.80885464845462,35.84010595470965,0.010804648454616483,0.04205595470964596,,0.0267305,0.0267321069625,0.026722959271271697,1.6069624999975884e-06,-7.5407287283037194e-06
930,0,,35.807500000000005,35.81964251875786,35.847467377255654,0.012142518757855214,0.039967377255649694,,0.026735000000000002,0.0267360125,0.02673041183135854,1.01249999999789e-06,-4.588168641461721e-06
931,0,,35.81695,35.83040340568608,35.85482668388417,0.013453405686078668,0.037876683884171314,,0.0267395,0.0267399157875,0.026737864005284252,4.1578749999937603e-07,-1.6359947157471022e-06
932,0,,35.8264,35.84112847022738,35.862183875203385,0.014728470227382218,0.03578387520338566,,0.026744,0.026743820800000002,0.026745315793068835,-1.791999999986582e-07,1.3157930688345587e-06
933,0,,35.83585,35.85180887336987,35.869538951821305,0.015958873369868343,0.03368895182130416,,0.0267485,0.026747731512500005,0.026752767194732303,-7.684874999969171e-07,4.267194732301971e-06
934,0,,35.8453,35.86243577610167,35.87689191434577,0.017135776101667943,0.03159191434576769,,0.026753,0.026751651900000003,0.02676021821029466,-1.3480999999961052e-06,7.218210294659966e-06
935,0,,35.85475,35.87300033941086,35.884242763384435,0.018250339410855076,0.029492763384432408,,0.0267575,0.0267555859375,0.026767668839775917,-1.9140625000003963e-06,1.0168839775916844e-05
936,0,,35.864200000000004,35.88349372428556,35.89159149954479,0.019293724285553537,0.027391499544783926,,0.026762,0.0267595376,0.02677511908319607,-2.4624000000000867e-06,1.3119083196070497e-05
937,0,,35.87365,35.89390709171386,35.89893812343415,0.0202570917138587,0.025288123434151544,,0.026766500000000002,0.0267635108625,0.026782568940575138,-2.9891375000028197e-06,1.6068940575136165e-05
938,0,,35.8831,35.904231602683865,35.90628263565964,0.021131602683865935,0.02318263565964429,,0.026771,0.0267675097,0.026790018411933104,-3.4902999999988915e-06,1.90184119331048e-05
939,0,,35.89255,35.9144584181837,35.91362503682824,0.02190841818369904,0.0210750368282433,,0.0267755,0.0267715380875,0.02679746749728999,-3.961912499999415e-06,2.1967497289988175e-05
940,0,,35.902,35.92457869920144,35.920965327546725,0.02257869920143918,0.018965327546723643,,0.02678,0.0267756,0.026804916196665782,-4.400000000001625e-06,2.491619666578071e-05
941,0,,35.91145,35.93458360672522,35.92830350842171,0.02313360672521725,0.016853508421711183,,0.0267845,0.0267796994125,0.02681236451008049,-4.800587499999287e-06,2.7864510080490706e-05
942,0,,35.9209,35.94446430174312,35.935639580059636,0.023564301743114413,0.014739580059632829,,0.026789,0.0267838403,0.02681981243755411,-5.159700000000045e-06,3.081243755410912e-05
943,0,,35.930350000000004,35.95421194524325,35.94297354306677,0.023861945243247362,0.012623543066766274,,0.0267935,0.0267880266375,0.026827259979106635,-5.473362500001133e-06,3.3759979106633836e-05
944,0,,35.9398,35.96381769821372,35.950305398049196,0.024017698213718575,0.010505398049197368,,0.026798000000000002,0.0267922624,0.026834707134758065,-5.737600000003257e-06,3.6707134758062754e-05
945,0,,35.94925,35.97327272164262,35.95763514561284,0.024022721642623424,0.008385145612841427,,0.0268025,0.0267965515625,0.026842153904528397,-5.948437500000181e-06,3.965390452839723e-05
946,0,,35.9587,35.982568176518086,35.96496278636344,0.023868176518085704,0.006262786363436135,,0.026807,0.026800898099999998,0.02684960028843763,-6.101900000003019e-06,4.2600288437628225e-05
947,0,,35.96815,35.99169522382819,35.97228832090656,0.02354522382818658,0.004138320906555748,,0.026811500000000002,0.0268053059875,0.02685704628650575,-6.194012500002066e-06,4.5546286505746686e-05
948,0,,35.9776,36.00064502456105,35.97961174984759,0.023045024561049843,0.0020117498475897833,,0.026816,0.0268097792,0.02686449189875275,-6.220799999998028e-06,4.8491898752750506e-05
949,0,,35.98705,36.00940873970477,35.98693307379176,0.022358739704763764,-0.00011692620824277355,,0.0268205,0.026814321712500002,0.026871937125198628,-6.178287499998547e-06,5.143712519862717e-05
950,0,,35.996500000000005,36.01797753024744,35.99425229334412,0.021477530247437926,-0.002247706655886361,,0.026825,0.026818937499999997,0.02687938196586337,-6.062500000004328e-06,5.438196586336763e-05
951,0,,36.00595,36.02634255717719,36.00156940910952,0.02039255717718902,-0.004380590890477265,,0.026829500000000003,0.0268236305375,0.026886826420766965,-5.869462500002198e-06,5.7326420766962843e-05
952,0,,36.0154,36.03449498148209,36.00888442169269,0.0190949814820911,-0.00651557830730809,,0.026834,0.0268284048,0.0268942704899294,-5.5951999999998e-06,6.027048992940029e-05
953,0,,36.02485,36.04242596415028,36.01619733169813,0.017575964150282175,-0.008652668301870392,,0.0268385,0.026833264262500003,0.026901714173370672,-5.235737499997839e-06,6.321417337067092e-05
954,0,,36.0343,36.050126666169845,36.0235081397302,0.015826666169843406,-0.010791860269804943,,0.026843000000000002,0.026838212900000002,0.02690915747111076,-4.787100000000488e-06,6.615747111075876e-05
955,0,,36.04375,36.057588248528894,36.03081684639308,0.013838248528891484,-0.012933153606923042,,0.0268475,0.026843254687500002,0.026916600383169648,-4.245312499998044e-06,6.910038316964781e-05
956,0,,36.053200000000004,36.064801872215526,36.03812345229076,0.01160187221552178,-0.01507654770924205,,0.026852,0.026848393600000003,0.026924042909567326,-3.60639999999815e-06,7.204290956732556e-05
957,0,,36.06265,36.07175869821784,36.04542795802708,0.00910869821784388,-0.017222041972914326,,0.026856500000000002,0.026853633612499997,0.02693148505032377,-2.86638750000498e-06,7.498505032376909e-05
958,0,,36.0721,36.078449887523966,36.0527303642057,0.006349887523967368,-0.01936963579429829,,0.026861000000000003,0.0268589787,0.026938926805458972,-2.021300000001891e-06,7.792680545896935e-05
959,0,,36.08155,36.08486660112198,36.0600306714301,0.0033166011219805114,-0.021519328569901575,,0.0268655,0.0268644328375,0.026946368174992907,-1.0671624999999962e-06,8.086817499290688e-05
960,1,36.091,36.091,36.091,36.06732888030358,0.0,-0.02367111969642366,0.02687,0.02687,0.02687,0.026953809158945553,0.0,8.380915894555183e-05
961,0,,36.09538333333334,36.09690260373582,36.07462499142928,0.0015192704024826753,-0.02075834190405601,,0.026877500000000002,0.026875668425707544,0.026961249757336894,-1.831574292458088e-06,8.374975733689213e-05
962,0,,36.09976666666667,36.10263685398845,36.08191900541017,0.00287018732178268,-0.017847661256496394,,0.026885000000000003,0.026881422877358493,0.02696868997018691,-3.577122641509195e-06,8.368997018690788e-05
963,0,,36.104150000000004,36.10820879486779,36.089210922849034,0.004058794867788151,-0.014939077150970093,,0.0268925,0.026887262116745282,0.026976129797515572,-5.237883254717579e-06,8.362979751557267e-05
964,0,,36.108533333333334,36.113624470483764,36.09650074434849,0.005091137150429859,-0.012032588984844494,,0.0269,0.02689318490566038,0.02698356923934286,-6.815094339619743e-06,8.356923934286012e-05
965,0,,36.11291666666667,36.11888992494625,36.10378847051097,0.005973258279581728,-0.009128196155700152,,0.0269075,0.026899190005896228,0.026991008295688748,-8.309994103773005e-06,8.350829568874729e-05
966,0,,36.1173,36.1240112023652,36.11107410193876,0.006711202365202951,-0.006225898061238411,,0.026915,0.026905276179245284,0.02699844696657321,-9.723820754717338e-06,8.34469665732078e-05
967,0,,36.12168333333334,36.12899434685049,36.11835763923395,0.007311013517153242,-0.003325694099387988,,0.026922500000000002,0.026911442187500002,0.027005885252016217,-1.1057812499999653e-05,8.338525201621524e-05
968,0,,36.12606666666667,36.13384540251205,36.125639082998454,0.007778735845384688,-0.0004275836682126055,,0.026930000000000003,0.026917686792452832,0.027013323152037746,-1.231320754717033e-05,8.332315203774324e-05
969,0,,36.13045,36.13857041345978,36.132918433834035,0.00812041345977832,0.0024684338340321688,,0.026937500000000003,0.026924008755896223,0.027020760666657765,-1.3491244103779748e-05,8.326066665776191e-05
970,0,,36.13483333333333,36.14317542380359,36.14019569234226,0.008342090470257801,0.005362359008927342,,0.026945,0.026930406839622646,0.027028197795896245,-1.4593160377354003e-05,8.319779589624487e-05
971,0,,36.13921666666667,36.1476664776534,36.14747085912454,0.008449810986732587,0.00825419245786918,,0.0269525,0.02693687980542453,0.027035634539773153,-1.562019457547123e-05,8.313453977315186e-05
972,0,,36.1436,36.1520496191191,36.15474393478211,0.008449619119097918,0.011143934782111842,,0.02696,0.026943426415094344,0.027043070898308458,-1.6573584905657524e-05,8.307089830845646e-05
973,0,,36.147983333333336,36.15633089231061,36.16201491991602,0.008347558977277458,0.01403158658268211,,0.026967500000000002,0.026950045430424528,0.027050506871522127,-1.7454569575473672e-05,8.300687152212535e-05
974,0,,36.152366666666666,36.160516341337846,36.169283815127166,0.008149674671180662,0.016917148460500187,,0.026975000000000002,0.026956735613207546,0.027057942459434128,-1.8264386792456178e-05,8.29424594341252e-05
975,0,,36.15675,36.164612010310705,36.17655062101625,0.007862010310702772,0.01980062101624469,,0.0269825,0.026963495725235855,0.02706537766206442,-1.9004274764145013e-05,8.287766206441921e-05
976,0,,36.16113333333333,36.168623943339114,36.18381533818381,0.007490610005781662,0.022682004850480553,,0.02699,0.02697032452830189,0.02707281247943297,-1.9675471698111374e-05,8.281247943297057e-05
977,0,,36.16551666666667,36.17255818453297,36.191077967230235,0.0070415178662983635,0.025561300563566647,,0.0269975,0.026977220784198116,0.027080246911559743,-2.0279215801884826e-05,8.274691155974248e-05
978,0,,36.1699,36.176420778002175,36.198338508755704,0.006520778002176542,0.028438508755705527,,0.027005,0.026984183254716982,0.027087680958464696,-2.0816745283019217e-05,8.268095846469467e-05
979,0,,36.174283333333335,36.18021776785665,36.205596963360236,0.005934434523311438,0.031313630026900796,,0.027012500000000002,0.026991210701650944,0.027095114620167792,-2.128929834905799e-05,8.261462016779034e-05
980,0,,36.178666666666665,36.183955198206306,36.2128533316437,0.005288531539640928,0.034186664977035264,,0.027020000000000002,0.026998301886792458,0.02710254789668899,-2.1698113207544584e-05,8.254789668898921e-05
981,0,,36.18305,36.18763911316104,36.22010761420575,0.004589113161038938,0.037057614205750156,,0.027027500000000003,0.027005455571933963,0.02710998078804825,-2.204442806603979e-05,8.248078804824754e-05
982,0,,36.18743333333333,36.19127555683078,36.22735981164591,0.0038422234974504477,0.039926478312580116,,0.027035,0.02701267051886793,0.027117413294265532,-2.23294811320697e-05,8.241329426553201e-05
983,0,,36.19181666666667,36.19487057332543,36.234609924563514,0.0030539066587635944,0.042793257896846626,,0.0270425,0.027019945489386795,0.02712484541536079,-2.2554510613205514e-05,8.234541536078846e-05
984,0,,36.1962,36.198430206754885,36.241857953557705,0.0022302067548878313,0.04565795355770774,,0.02705,0.027027279245283017,0.02713227715135397,-2.2720754716983732e-05,8.227715135396968e-05
985,0,,36.200583333333334,36.201960501229074,36.24910389922749,0.001377167895739717,0.048520565894158096,,0.0270575,0.027034670548349057,0.02713970850226504,-2.2829451650944327e-05,8.220850226503887e-05
986,0,,36.204966666666664,36.20546750085789,36.25634776217168,0.0005008341912287051,0.051381095505014684,,0.027065000000000002,0.027042118160377358,0.02714713946811395,-2.2881839622644617e-05,8.213946811394882e-05
987,0,,36.20935,36.20895724975126,36.26358954298892,-0.0003927502487428569,0.05423954298891687,,0.0270725,0.027049620843160378,0.027154570048920648,-2.2879156839621106e-05,8.207004892064884e-05
988,0,,36.21373333333333,36.21243579201907,36.27082924227768,-0.0012975413142584102,0.057095908944347684,,0.02708,0.02705717735849057,0.027162000244705088,-2.2822641509431113e-05,8.200024470508827e-05
989,0,,36.21811666666667,36.21590917177126,36.27806686063626,-0.0022074948954085016,0.059950193969591226,,0.0270875,0.02706478646816038,0.02716943005548722,-2.2713531839621548e-05,8.193005548721988e-05
990,0,,36.2225,36.21938343311772,36.285302398662786,-0.0031165668822765724,0.06280239866278947,,0.027095,0.027072446933962265,0.027176859481286997,-2.2553066037735853e-05,8.185948128699647e-05
991,0,,36.22688333333333,36.22286462016835,36.29253585695522,-0.004018713164981591,0.06565252362188545,,0.0271025,0.02708015751768868,0.027184288522124362,-2.2342482311320938e-05,8.178852212436041e-05
992,0,,36.23126666666667,36.22635877703309,36.29976723611135,-0.004907889633578577,0.06850056944468008,,0.027110000000000002,0.027087916981132075,0.027191717178019263,-2.2083018867927184e-05,8.171717801926104e-05
993,0,,36.23565,36.22987194782182,36.30699653672878,-0.005778052178179394,0.07134653672878244,,0.027117500000000003,0.027095724086084908,0.027199145448991647,-2.1775913915094564e-05,8.164544899164419e-05
994,0,,36.240033333333336,36.23341017664447,36.31422375940495,-0.006623156688867482,0.07419042607161686,,0.027125,0.027103577594339623,0.02720657333506146,-2.1422405660376925e-05,8.15733350614592e-05
995,0,,36.244416666666666,36.23697950761093,36.32144890473715,-0.007437159055733389,0.07703223807048687,,0.0271325,0.02711147626768868,0.027214000836248642,-2.102373231132118e-05,8.150083624864149e-05
996,0,,36.2488,36.24058598483113,36.32867197332245,-0.008214015168874766,0.07987197332244733,,0.02714,0.02711941886792453,0.027221427952573145,-2.058113207547077e-05,8.142795257314386e-05
997,0,,36.25318333333333,36.244235652414964,36.33589296575779,-0.00894768091836795,0.08270963242446072,,0.0271475,0.027127404156839625,0.0272288546840549,-2.0095843160376076e-05,8.135468405489829e-05
998,0,,36.25756666666667,36.24793455447235,36.34311188263993,-0.009632112194317699,0.08554521597326215,,0.027155000000000002,0.027135430896226418,0.027236281030713856,-1.9569103773584007e-05,8.128103071385409e-05
999,0,,36.26195,36.2516887351132,36.35032872456544,-0.010261264886800348,0.0883787245654446,,0.0271625,0.02714349784787736,0.02724370699256995,-1.9002152122638005e-05,8.120699256995018e-05
1000,0,,36.266333333333336,36.255504238447415,36.357543492130745,-0.010829094885920654,0.09121015879740924,,0.02717,0.027151603773584908,0.02725113256964312,-1.839622641509192e-05,8.113256964312199e-05
1001,0,,36.270716666666665,36.25938710858492,36.364756185932066,-0.011329558081747848,0.09403951926540088,,0.0271775,0.02715974743514151,0.027258557761953305,-1.7752564858489195e-05,8.105776195330497e-05
1002,0,,36.2751,36.263343389635594,36.371966806565496,-0.011756610364408004,0.09686680656549385,,0.027185,0.027167927594339624,0.027265982569520442,-1.7072405660376738e-05,8.09825695204415e-05
1003,0,,36.27948333333333,36.26737912570937,36.37917535462691,-0.012104207623963248,0.09969202129357768,,0.0271925,0.0271761430129717,0.02727340699236447,-1.6356987028301462e-05,8.090699236446702e-05
1004,0,,36.28386666666667,36.27150036091616,36.38638183071204,-0.01236630575051123,0.10251516404537142,,0.027200000000000002,0.02718439245283019,0.027280831030505315,-1.5607547169810276e-05,8.083103050531351e-05
1005,0,,36.28825,36.27571313936586,36.39358623541645,-0.012536860634135394,0.10533623541645198,,0.027207500000000003,0.027192674675707545,0.02728825468396292,-1.4825324292457032e-05,8.075468396291641e-05
1006,0,,36.292633333333335,36.280023505168394,36.40078856933552,-0.012609828164940495,0.10815523600218313,,0.027215,0.02720098844339623,0.02729567795275721,-1.4011556603771291e-05,8.067795275721115e-05
1007,0,,36.297016666666664,36.28443750243366,36.40798883306446,-0.01257916423300287,0.11097216639779361,,0.0272225,0.02720933251768868,0.027303100836908126,-1.3167482311320783e-05,8.060083690812625e-05
1008,0,,36.3014,36.28896117527158,36.41518702719831,-0.012438824728420173,0.11378702719830613,,0.02723,0.027217705660377362,0.02731052333643559,-1.229433962263854e-05,8.05233364355902e-05
1009,0,,36.30578333333333,36.29360056779205,36.422383152331946,-0.012182765541282947,0.11659981899861549,,0.0272375,0.027226106633254716,0.027317945451359536,-1.139336674528535e-05,8.044545135953499e-05
1010,0,,36.31016666666667,36.29836172410498,36.42957720906006,-0.011804942561688847,0.11941054239338911,,0.027245000000000002,0.027234534198113204,0.027325367181699887,-1.0465801886797715e-05,8.036718169988563e-05
1011,0,,36.31455,36.30325068832029,36.436769197977185,-0.011299311679707102,0.12221919797718783,,0.0272525,0.027242987116745283,0.02733278852747658,-9.51288325471561e-06,8.028852747658105e-05
1012,0,,36.318933333333334,36.308273504547884,36.44395911967768,-0.010659828785449577,0.12502578634434514,,0.02726,0.027251464150943396,0.027340209488709532,-8.53584905660329e-06,8.02094887095324e-05
1013,0,,36.32331666666666,36.31343621689767,36.45114697475573,-0.009880449768992605,0.1278303080890666,,0.0272675,0.027259964062500003,0.02734763006541868,-7.535937499997258e-06,8.013006541867859e-05
1014,0,,36.3277,36.31874486947956,36.458332763805345,-0.008955130520440946,0.1306327638053446,,0.027275,0.02726848561320755,0.027355050257623935,-6.5143867924513654e-06,8.005025762393425e-05
1015,0,,36.33208333333333,36.32420550640346,36.46551648742038,-0.007877826929870935,0.1334331540870508,,0.0272825,0.02727702756485849,0.02736247006534523,-5.472435141512522e-06,7.997006534522788e-05
1016,0,,36.33646666666667,36.329824171779286,36.4726981461945,-0.006642494887380224,0.13623147952783654,,0.027290000000000002,0.027285588679245285,0.02736988948860248,-4.4113207547172295e-06,7.988948860247758e-05
1017,0,,36.340849999999996,36.335606909716944,36.47987774072122,-0.005243090283052254,0.13902774072122526,,0.027297500000000002,0.027294167718160376,0.027377308527415614,-3.3322818396262777e-06,7.980852741561184e-05
1018,0,,36.34523333333333,36.34155976432634,36.487055271593874,-0.0036735690069917837,0.14182193826054146,,0.027305,0.02730276344339623,0.027384727181804548,-2.2365566037692297e-06,7.972718180454877e-05
1019,0,,36.34961666666666,36.34768877971739,36.49423073940561,-0.0019278869492751483,0.14461407273894622,,0.0273125,0.027311374616745283,0.027392145451789203,-1.1253832547172826e-06,7.964545178920299e-05
1020,1,36.354,36.354,36.354,36.50140414474943,0.0,0.1474041447494301,0.02732,0.02732,0.02732,0.027399563337389493,0.0,7.956333738949259e-05
1021,0,,36.36588333333333,36.36065146410417,36.508575488218156,-0.005231869229156416,0.142692154884827,,0.027330166666666666,0.027328732433835885,0.027406980838625344,-1.4342328307805075e-06,7.68141719586779e-05
1022,0,,36.377766666666666,36.36778661815842,36.51574477040444,-0.009980048508246853,0.13797810373777253,,0.027340333333333335,0.027337660514444594,0.027414397955516662,-2.6728188887402415e-06,7.406462218332785e-05
1023,0,,36.389649999999996,36.37538961707049,36.522911991900756,-0.014260382929506932,0.13326199190075982,,0.0273505,0.027346776636892816,0.02742181468808337,-3.7233631071838247e-06,7.131468808337094e-05
1024,0,,36.40153333333333,36.383444615748076,36.53007715329942,-0.01808871758525754,0.1285438199660902,,0.02736066666666667,0.027356073196247232,0.027429231036345376,-4.593470419436696e-06,6.856436967870791e-05
1025,0,,36.41341666666666,36.391935769098914,36.53724025519258,-0.021480897567748514,0.1238235885259158,,0.027370833333333334,0.02736554258757453,0.0274366470003226,-5.290745758803478e-06,6.581366698926727e-05
1026,0,,36.4253,36.40084723203071,36.54440129817219,-0.024452767969286526,0.11910129817218973,,0.027381,0.02737517720594139,0.02744406258003495,-5.822794058609609e-06,6.306258003494977e-05
1027,0,,36.43718333333333,36.41016315945118,36.55156028283007,-0.027020173882149834,0.11437694949673727,,0.027391166666666668,0.0273849694464145,0.027451477775502334,-6.197220252166652e-06,6.0311108835666566e-05
1028,0,,36.44906666666667,36.41986770626805,36.55871720975783,-0.02919896039861669,0.1096505430911634,,0.027401333333333333,0.027394911704060543,0.027458892586744665,-6.421629272789636e-06,5.755925341133228e-05
1029,0,,36.46095,36.42994502738903,36.565872079546935,-0.031004972610965353,0.10492207954693811,,0.027411500000000002,0.027404996373946208,0.027466307013781853,-6.503626053793593e-06,5.480701378185113e-05
1030,0,,36.472833333333334,36.44037927772183,36.57302489278869,-0.0324540556115025,0.10019155945535374,,0.027421666666666667,0.027415215851138174,0.02747372105663381,-6.450815528493553e-06,5.205438996714121e-05
1031,0,,36.484716666666664,36.45115461217419,36.580175650074196,-0.03356205449247085,0.09545898340753212,,0.027431833333333332,0.027425562530703124,0.027481134715320432,-6.270802630208017e-06,4.9301381987099796e-05
1032,0,,36.4966,36.46225518565381,36.58732435199441,-0.0343448143461913,0.09072435199441031,,0.027442,0.02743602880770775,0.027488547989861632,-5.971192292252014e-06,4.654798986163111e-05
1033,0,,36.50848333333333,36.47366515306842,36.59447099914012,-0.03481818026491368,0.0859876658067904,,0.027452166666666666,0.02744660707721873,0.027495960880277316,-5.559589447937108e-06,4.379421361064978e-05
1034,0,,36.52036666666667,36.48536866932572,36.60161559210193,-0.034997997340944664,0.0812489254352613,,0.027462333333333335,0.02745728973430275,0.027503373386587385,-5.043599030585266e-06,4.104005325404961e-05
1035,0,,36.53225,36.497349889333435,36.608758131470275,-0.03490011066656251,0.07650813147027691,,0.0274725,0.027468069174026496,0.027510785508811742,-4.430825973504582e-06,3.828550881174175e-05
1036,0,,36.544133333333335,36.509592967999296,36.615898617835434,-0.03454036533403837,0.07176528450209929,,0.027482666666666666,0.027478937791456652,0.027518197246970293,-3.7288752100135547e-06,3.553058030362696e-05
1037,0,,36.556016666666665,36.52208206023101,36.623037051787506,-0.0339346064356576,0.0670203851208413,,0.027492833333333334,0.027489887981659904,0.027525608601082927,-2.945351673430685e-06,3.277526774959211e-05
1038,0,,36.5679,36.534801320936275,36.630173433916426,-0.03309867906372688,0.062273433916423926,,0.027503,0.027500912139702932,0.027533019571169555,-2.087860297067534e-06,3.001957116955528e-05
1039,0,,36.57978333333333,36.547734905022836,36.63730776481194,-0.032048428310496035,0.05752443147861186,,0.02751316666666667,0.027512002660652426,0.027540430157250072,-1.1640060142426023e-06,2.7263490583403355e-05
1040,0,,36.59166666666667,36.5608669673984,36.644440045063675,-0.030799699268271752,0.052773378397006354,,0.027523333333333334,0.027523151939575063,0.027547840359344378,-1.813937582709202e-07,2.4507026011044014e-05
1041,0,,36.60355,36.57418166297069,36.651570275261015,-0.029368337029310965,0.04802027526101682,,0.0275335,0.027534352371537535,0.027555250177472367,8.523715375359509e-07,2.17501774723676e-05
1042,0,,36.615433333333335,36.587663146647415,36.65869845599324,-0.02777018668592035,0.043265122659903454,,0.027543666666666668,0.027545596351606524,0.027562659611653932,1.929684939856041e-06,1.899294498726445e-05
1043,0,,36.627316666666665,36.601295573336294,36.66582458784943,-0.02602109333037106,0.03850792118276303,,0.027553833333333333,0.027556876274848714,0.027570068661908972,3.042941515381259e-06,1.623532857563878e-05
1044,0,,36.6392,36.61506309794505,36.67294867141848,-0.024136902054955556,0.03374867141847915,,0.027564,0.02756818453633079,0.02757747732825738,4.184536330789634e-06,1.3477328257377463e-05
1045,0,,36.65108333333333,36.628949875381394,36.68007070728916,-0.022133457951937885,0.028987373955828843,,0.027574166666666667,0.02757951353111944,0.027584885610719048,5.346864452773076e-06,1.0718944052381246e-05
1046,0,,36.66296666666667,36.642940060553045,36.687190696050045,-0.020026606113624723,0.024224029383375978,,0.027584333333333332,0.027590855654281335,0.027592293509313866,6.5223209480026745e-06,7.96017598053353e-06
1047,0,,36.67485,36.657017808367726,36.69430863828953,-0.01783219163227301,0.019458638289528096,,0.0275945,0.02760220330088318,0.027599701024061722,7.703300883180747e-06,5.201024061721182e-06
1048,0,,36.686733333333336,36.67116727373315,36.70142453459586,-0.01556605960018942,0.014691201262522213,,0.027604666666666666,0.027613548865991645,0.02760710815498251,8.882199324978385e-06,2.441488315844953e-06
1049,0,,36.698616666666666,36.685372611557035,36.708538385557105,-0.013244055109630892,0.009921718890439024,,0.027614833333333335,0.02762488474467342,0.02761451490209612,1.0051411340084027e-05,-3.184312372152276e-07
1050,0,,36.710499999999996,36.6996179767471,36.715650191761156,-0.010882023252897,0.005150191761160272,,0.027625,0.027636203331995183,0.027621921265422435,1.1203331995182642e-05,-3.0787345775655506e-06
1051,0,,36.72238333333333,36.71388752421105,36.72275995379576,-0.008495809122280207,0.000376620462425592,,0.027635166666666666,0.027647497023023628,0.027629327244981343,1.2330356356962668e-05,-5.8394216853226155e-06
1052,0,,36.73426666666666,36.728165408856626,36.72986767224847,-0.006101257810037453,-0.004398994418195912,,0.027645333333333334,0.02765875821282543,0.027636732840792728,1.3424879492095199e-05,-8.600492540606491e-06
1053,0,,36.74615,36.74243578559152,36.73697334770668,-0.003714214408482519,-0.009176652293319876,,0.0276555,0.027669979296467282,0.027644138052876476,1.4479296467282549e-05,-1.136194712352337e-05
1054,0,,36.75803333333333,36.756682809323465,36.74407698075761,-0.0013505240098652393,-0.013956352575718256,,0.02766566666666667,0.027681152669015864,0.027651542881252468,1.548600234919581e-05,-1.4123785414200257e-05
1055,0,,36.76991666666667,36.77089063496018,36.75117857198832,0.0009739682935148153,-0.01873809467834775,,0.027675833333333334,0.027692270725537864,0.02765894732594059,1.643739220453036e-05,-1.6886007392743346e-05
1056,0,,36.7818,36.78504341740937,36.758278121985704,0.0032434174093722845,-0.023521878014292952,,0.027686,0.02770332586109996,0.02766635138696072,1.732586109996076e-05,-1.9648613039279644e-05
1057,0,,36.793683333333334,36.79912531157877,36.76537563133647,0.005441978245436019,-0.02830770199686583,,0.027696166666666668,0.027714310470768843,0.027673755064332735,1.8143804102175448e-05,-2.241160233393269e-05
1058,0,,36.805566666666664,36.813120472376085,36.77247110062717,0.007553805709420658,-0.03309556603949204,,0.027706333333333333,0.027725216949611192,0.02768115835807652,1.8883616277859394e-05,-2.5174975256812143e-05
1059,0,,36.81745,36.82701305470903,36.77956453044418,0.00956305470902663,-0.03788546955581751,,0.0277165,0.0277360376926937,0.027688561268211953,1.9537692693697567e-05,-2.7938731788048482e-05
1060,0,,36.82933333333333,36.84078721348533,36.78665592137373,0.011453880151996998,-0.04267741195960184,,0.027726666666666667,0.02774676509508304,0.027695963794758905,2.0098428416371467e-05,-3.0702871907761775e-05
1061,0,,36.84121666666667,36.85442710361269,36.79374527400185,0.013210436946025084,-0.04747139266481781,,0.027736833333333332,0.027757391551845905,0.027703365937737257,2.0558218512573e-05,-3.346739559607556e-05
1062,0,,36.8531,36.86791687999885,36.80083258891442,0.014816879998853949,-0.052267411085580306,,0.027747,0.027767909458048974,0.027710767697166884,2.0909458048973262e-05,-3.623230283311685e-05
1063,0,,36.864983333333335,36.88124069755151,36.80791786669714,0.016257364218176917,-0.05706546663619605,,0.027757166666666666,0.02777831120875894,0.02771816907306766,2.1144542092274565e-05,-3.89975935990057e-05
1064,0,,36.876866666666665,36.89438271117839,36.81500110793556,0.01751604451172284,-0.06186555873110677,,0.027767333333333335,0.02778858919904248,0.027725570065459455,2.1255865709144534e-05,-4.1763267873879545e-05
1065,0,,36.88875,36.9073270757872,36.82208231321504,0.01857707578719925,-0.06666768678496027,,0.0277775,0.02779873582396628,0.02773297067436214,2.1235823966278544e-05,-4.452932563785844e-05
1066,0,,36.90063333333333,36.92005794628568,36.829161483120785,0.019424612952349207,-0.07147185021254643,,0.027787666666666665,0.02780874347859702,0.027740370899795593,2.1076811930354628e-05,-4.729576687107287e-05
1067,0,,36.91251666666667,36.93255947758153,36.83623861823784,0.020042810914858933,-0.07627804842882568,,0.027797833333333334,0.027818604558001395,0.027747770741779674,2.0771224668061222e-05,-5.0062591553660246e-05
1068,0,,36.9244,36.94481582458247,36.843313719151055,0.020415824582471487,-0.0810862808489432,,0.027808,0.027828311457246083,0.02775517020033426,2.0311457246083298e-05,-5.282979966574064e-05
1069,0,,36.936283333333336,36.956811142196216,36.85038678644514,0.020527808862880192,-0.08589654688819337,,0.027818166666666668,0.027837856571397774,0.027762569275479217,1.9689904731105823e-05,-5.559739118745147e-05
1070,0,,36.948166666666665,36.968529585330494,36.85745782070462,0.02036291866382811,-0.0907088459620482,,0.027828333333333333,0.02784723229552314,0.027769967967234407,1.8898962189806828e-05,-5.8365366098926674e-05
1071,0,,36.96005,36.97995530889301,36.86452682251385,0.019905308893008566,-0.09552317748615025,,0.0278385,0.02785643102468888,0.0277773662756197,1.793102468888169e-05,-6.113372438030021e-05
1072,0,,36.97193333333333,36.99107246779149,36.871593792457034,0.019139134458157514,-0.10033954087629837,,0.027848666666666667,0.02786544515396167,0.02778476420065496,1.6778487295001504e-05,-6.390246601170602e-05
1073,0,,36.98381666666667,37.00186521693365,36.87865873111819,0.018048550266982488,-0.10515793554847619,,0.027858833333333333,0.027874267078408198,0.02779216174236005,1.5433745074865113e-05,-6.667159097328151e-05
1074,0,,36.9957,37.0123177112272,36.88572163908119,0.01661771122719813,-0.10997836091880941,,0.027869,0.02788288919309514,0.027799558900754834,1.388919309514014e-05,-6.944109924516759e-05
1075,0,,37.007583333333336,37.02241410557987,36.89278251692971,0.014830772246533286,-0.11480081640362982,,0.027879166666666667,0.027891303893089196,0.027806955675859172,1.2137226422528902e-05,-7.221099080749471e-05
1076,0,,37.019466666666666,37.03213855489937,36.89984136524727,0.0126718882327026,-0.11962530141939709,,0.027889333333333332,0.027899503573457038,0.02781435206769292,1.017024012370596e-05,-7.498126564041072e-05
1077,0,,37.03135,37.0414752140934,36.90689818461723,0.010125214093399393,-0.12445181538276984,,0.0278995,0.027907480629265357,0.02782174807627595,7.980629265356282e-06,-7.775192372404954e-05
1078,0,,37.04323333333333,37.050408238069714,36.91395297562279,0.007174904736380938,-0.1292803577105417,,0.027909666666666666,0.02791522745558083,0.02782914370162811,5.560788914164838e-06,-8.052296503855555e-05
1079,0,,37.05511666666667,37.05892178173601,36.92100573884695,0.003805115069340559,-0.13411092781971945,,0.027919833333333335,0.027922736447470155,0.02783653894376926,2.9031141368200675e-06,-8.329438956407309e-05
1080,1,37.067,37.067,37.067,36.92805647487258,0.0,-0.13894352512742358,0.02793,0.02793,0.02793,0.02784393380271926,0.0,-8.606619728073958e-05
1081,0,,37.07286666666667,37.07477644432582,36.935105184282335,0.001909777659150791,-0.1377614823843345,,0.0279355,0.027937054709919428,0.02785132827849796,1.554709919429631e-06,-8.417172150203961e-05
1082,0,,37.07873333333333,37.082398326934225,36.94215186765876,0.0036649936008927853,-0.13658146567457408,,0.027941,0.027943946059728855,0.027858722371125216,2.946059728854006e-06,-8.227762887478424e-05
1083,0,,37.0846,37.08987029386791,36.94919652558419,0.005270293867909004,-0.1354034744158099,,0.0279465,0.027950679773122013,0.02786611608062088,4.179773122014313e-06,-8.038391937911782e-05
1084,0,,37.090466666666664,37.097196991169525,36.95623915864081,0.006730324502861151,-0.1342275080258517,,0.027952,0.02795726157379264,0.02787350940700481,5.261573792637864e-06,-7.849059299519165e-05
1085,0,,37.096333333333334,37.10438306488176,36.96327976741065,0.008049731548425143,-0.1330535659226868,,0.0279575,0.027963697185434455,0.027880902350296853,6.197185434455438e-06,-7.659764970314661e-05
1086,0,,37.102199999999996,37.111433161047266,36.97031835247553,0.009233161047269789,-0.13188164752446596,,0.027963000000000002,0.027969992331741206,0.02788829491051686,6.992331741204755e-06,-7.470508948314095e-05
1087,0,,37.108066666666666,37.11835192570873,36.97735491441715,0.010285259042063899,-0.1307117522495176,,0.0279685,0.027976152736406624,0.02789568708768468,7.652736406623534e-06,-7.2812912315319e-05
1088,0,,37.113933333333335,37.12514400490883,36.98438945381701,0.0112106715754976,-0.1295438795163264,,0.027974,0.027982184123124424,0.02790307888182016,8.184123124425208e-06,-7.092111817983901e-05
1089,0,,37.1198,37.13181404469023,36.991421971256464,0.012014044690232595,-0.12837802874353343,,0.0279795,0.027988092215588366,0.02791047029294315,8.592215588364843e-06,-6.902970705685227e-05
1090,0,,37.12566666666667,37.1383666910956,36.99845246731669,0.01270002442893059,-0.12721419934997868,,0.027985,0.02799388273749216,0.02791786132107349,8.882737492159343e-06,-6.713867892651007e-05
1091,0,,37.13153333333333,37.14480659016762,37.0054809425787,0.013273256834288816,-0.12605239075463004,,0.0279905,0.02799956141252955,0.027925251966231034,9.061412529549895e-06,-6.524803376896718e-05
1092,0,,37.1374,37.15113838794896,37.01250739762333,0.013738387948961872,-0.12489260237666855,,0.027996,0.02800513396439427,0.027932642228435618,9.13396439427075e-06,-6.335777156438183e-05
1093,0,,37.14326666666667,37.157366730482295,37.01953183303127,0.014100063815625674,-0.12373483363539606,,0.0280015,0.028010606116780044,0.027940032107707097,9.106116780045748e-06,-6.146789229290184e-05
1094,0,,37.14913333333333,37.163496263810295,37.026554249383025,0.014362930476963243,-0.12257908395030626,,0.028007,0.028015983593380613,0.027947421604065298,8.983593380612609e-06,-5.9578395934702794e-05
1095,0,,37.155,37.16953163397564,37.03357464725894,0.014531633975636282,-0.12142535274106336,,0.0280125,0.02802127211788971,0.02795481071753007,8.772117889712522e-06,-5.768928246992905e-05
1096,0,,37.160866666666664,37.17547748702098,37.04059302723918,0.014610820354313603,-0.12027363942748082,,0.028018,0.02802647741400106,0.02796219944812125,8.47741400105892e-06,-5.580055187875271e-05
1097,0,,37.16673333333333,37.18133846898902,37.04760938990378,0.01460513565568533,-0.11912394342954968,,0.0280235,0.028031605205408403,0.02796958779585868,8.105205408403399e-06,-5.391220414131814e-05
1098,0,,37.1726,37.1871192259224,37.054623735832564,0.01451922592239896,-0.11797626416743867,,0.028029,0.02803666121580547,0.0279769757607622,7.66121580547327e-06,-5.202423923779745e-05
1099,0,,37.178466666666665,37.192824403863824,37.061636065605214,0.014357737197158826,-0.11683060106145149,,0.0280345,0.028041651168885993,0.02798436334285164,7.151168885992376e-06,-5.013665714835927e-05
1100,0,,37.184333333333335,37.19845864885595,37.068646379801244,0.014125315522612425,-0.1156869535320908,,0.02804,0.028046580788343704,0.02799175054214684,6.580788343705374e-06,-4.824945785315837e-05
1101,0,,37.1902,37.20402660694144,37.07565467899999,0.013826606941442776,-0.11454532100000847,,0.0280455,0.02805145579787234,0.027999137358667638,5.955797872339574e-06,-4.63626413323634e-05
1102,0,,37.19606666666667,37.20953292416299,37.08266096378063,0.013466257496325795,-0.11340570288603402,,0.028051,0.02805628192116563,0.028006523792433857,5.2819211656292275e-06,-4.4476207566142983e-05
1103,0,,37.20193333333333,37.21498224656325,37.08966523472219,0.013048913229923187,-0.11226809861113907,,0.0280565,0.028061064881917303,0.028013909843465343,4.564881917301644e-06,-4.2590156534658835e-05
1104,0,,37.2078,37.22037922018491,37.0966674924035,0.012579220184910866,-0.11113250759650128,,0.028062,0.028065810403821098,0.028021295511781917,3.810403821098013e-06,-4.070448821808306e-05
1105,0,,37.21366666666667,37.22572849107064,37.103667737403235,0.012061824403971855,-0.10999892926343335,,0.0280675,0.02807052421057075,0.028028680797403414,3.0242105707525835e-06,-3.881920259658431e-05
1106,0,,37.21953333333333,37.2310347052631,37.11066597029991,0.011501371929767856,-0.10886736303341848,,0.028073,0.02807521202585999,0.028036065700349666,2.2120258599891973e-06,-3.693429965033468e-05
1107,0,,37.2254,37.236302508804975,37.11766219167188,0.010902508804974786,-0.10773780832811752,,0.0280785,0.028079879573382545,0.028043450220640503,1.3795733825455736e-06,-3.504977935949588e-05
1108,0,,37.23126666666666,37.24153654773893,37.124656402097315,0.01026988107226856,-0.10661026456934763,,0.028084,0.02808453257683215,0.028050834358295744,5.325768321490232e-07,-3.316564170425737e-05
1109,0,,37.23713333333333,37.24674146810765,37.13164860215423,0.009608134774317989,-0.10548473117910362,,0.0280895,0.028089176759902544,0.028058218113335223,-3.2324009745579585e-07,-3.128188666477738e-05
1110,0,,37.242999999999995,37.2519219159538,37.13863879242047,0.008921915953806092,-0.10436120757952239,,0.028095000000000002,0.02809381784628745,0.028065601485778763,-1.182153712551981e-06,-2.939851422123843e-05
1111,0,,37.248866666666665,37.25708253732005,37.14562697347372,0.00821587065338747,-0.1032396931929469,,0.0281005,0.02809846155968061,0.028072984475646188,-2.0384403193914047e-06,-2.751552435381263e-05
1112,0,,37.254733333333334,37.26222797824908,37.15261314589148,0.007494644915745141,-0.10212018744185514,,0.028106,0.028103113623775752,0.028080367082957323,-2.886376224246756e-06,-2.5632917042675563e-05
1113,0,,37.2606,37.267362884783545,37.15959731025112,0.006762884783547918,-0.10100268974887427,,0.0281115,0.028107779762266607,0.02808774930773199,-3.720237733394194e-06,-2.3750692268009743e-05
1114,0,,37.266466666666666,37.27249190296614,37.16657946712981,0.006025236299471715,-0.09988719953685887,,0.028117,0.028112465698846914,0.028095131149990012,-4.53430115308559e-06,-2.1868850009987284e-05
1115,0,,37.27233333333333,37.27761967883953,37.17355961710457,0.005286345506199552,-0.09877371622875586,,0.0281225,0.028117177157210405,0.02810251260975121,-5.322842789597104e-06,-1.9987390248790704e-05
1116,0,,37.2782,37.282750858446384,37.18053776075225,0.00455085844638603,-0.09766223924774664,,0.028128,0.028121919861050802,0.028109893687035398,-6.080138949197955e-06,-1.8106312964602522e-05
1117,0,,37.28406666666667,37.287890087829375,37.187513898649534,0.0038234211627070636,-0.09655276801713342,,0.0281335,0.028126699534061855,0.028117274381862397,-6.800465938143485e-06,-1.6225618137601788e-05
1118,0,,37.28993333333333,37.29304201303118,37.19448803137294,0.0031086796978527786,-0.09544530196038892,,0.028139,0.028131521899937284,0.028124654694252026,-7.4781000627167915e-06,-1.434530574797449e-05
1119,0,,37.2958,37.29821128009447,37.201460159498836,0.002411280094470669,-0.09433984050116351,,0.0281445,0.02813639268237082,0.0281320346242241,-8.107317629180155e-06,-1.2465375775899679e-05
1120,0,,37.30166666666666,37.30340253506191,37.20843028360339,0.0017358683952508613,-0.09323638306327098,,0.02815,0.02814131760505621,0.028139414171798435,-8.682394943792388e-06,-1.058582820156681e-05
1121,0,,37.30753333333333,37.3086204239762,37.21539840426263,0.0010870906428692706,-0.09213492907070275,,0.0281555,0.028146302391687167,0.028146793336994845,-9.197608312833117e-06,-8.706663005154935e-06
1122,0,,37.3134,37.31386959287998,37.222364522052416,0.00046959287998049604,-0.09103547794758526,,0.028161,0.028151352765957448,0.028154172119833145,-9.647234042550745e-06,-6.827880166853512e-06
1123,0,,37.319266666666664,37.31915468781593,37.22932863754845,-0.00011197885073244151,-0.08993802911821547,,0.0281665,0.028156474451560765,0.028161550520333145,-1.002554843923531e-05,-4.949479666855466e-06
1124,0,,37.32513333333333,37.32448035482673,37.23629075132623,-0.0006529785066007321,-0.08884258200710349,,0.028172,0.02816167317219086,0.028168928538514656,-1.0326827809138683e-05,-3.0714614853433186e-06
1125,0,,37.330999999999996,37.32985123995506,37.243250863961144,-0.0011487600449342494,-0.08774913603885182,,0.0281775,0.028166954651541468,0.028176306174397488,-1.0545348458533554e-05,-1.1938256025134653e-06
1126,0,,37.336866666666666,37.33527198924359,37.25020897602837,-0.0015946774230783944,-0.08665769063829742,,0.028183,0.028172324613306318,0.02818368342800145,-1.0675386693682204e-05,6.834280014515748e-07
1127,0,,37.34273333333333,37.34074724873497,37.257165088102944,-0.0019860845983572517,-0.08556824523038387,,0.028188500000000002,0.028177788781179137,0.028191060299346354,-1.071121882086426e-05,2.5602993463519352e-06
1128,0,,37.3486,37.3462816644719,37.26411920075973,-0.002318335528094906,-0.08448079924026786,,0.028194,0.02818335287885367,0.028198436788452005,-1.0647121146331595e-05,4.436788452005097e-06
1129,0,,37.35446666666667,37.35187988249704,37.271071314573426,-0.0025867841696296523,-0.08339535209324112,,0.0281995,0.028189022630023642,0.028205812895338203,-1.0477369976356898e-05,6.312895338204255e-06
1130,0,,37.36033333333333,37.357546548853065,37.27802143011857,-0.0027867844802642594,-0.08231190321475879,,0.028205,0.028194803758382785,0.028213188620024764,-1.0196241617216328e-05,8.188620024763421e-06
1131,0,,37.3662,37.36328630958265,37.284969547969524,-0.0029136904173512335,-0.08123045203047496,,0.0282105,0.028200701987624838,0.028220563962531482,-9.798012375161758e-06,1.0063962531482729e-05
1132,0,,37.37206666666666,37.36910381072846,37.2919156687005,-0.0029628559382004482,-0.08015099796616454,,0.028216,0.02820672304144353,0.02822793892287817,-9.276958556472814e-06,1.193892287816925e-05
1133,0,,37.37793333333333,37.37500369833318,37.29885979288552,-0.002929635000150199,-0.07907354044780845,,0.0282215,0.02821287264353259,0.028235313501084623,-8.627356467411779e-06,1.381350108462312e-05
1134,0,,37.383799999999994,37.38099061843947,37.305801921098485,-0.002809381560524571,-0.07799807890150845,,0.028227000000000002,0.02821915651758576,0.02824268769717064,-7.843482414240932e-06,1.5687697170637532e-05
1135,0,,37.38966666666666,37.38706921709001,37.31274205391308,-0.0025974495766547534,-0.07692461275358653,,0.0282325,0.028225580387296768,0.028250061511156027,-6.9196127032329635e-06,1.75615111560265e-05
1136,0,,37.39553333333333,37.393244140327475,37.319680191902854,-0.002289193005857726,-0.07585314143047839,,0.028238,0.02823214997635934,0.02825743494306058,-5.850023640660562e-06,1.9434943060579746e-05
1137,0,,37.401399999999995,37.39952003419453,37.32661633564119,-0.0018799658054646784,-0.07478366435880446,,0.0282435,0.02823887100846722,0.028264807992904095,-4.628991532782539e-06,2.1307992904093936e-05
1138,0,,37.407266666666665,37.40590154473385,37.33355048570131,-0.0013651219328139064,-0.0737161809653557,,0.028249,0.028245749207314128,0.028272180660706372,-3.250792685871584e-06,2.3180660706372674e-05
1139,0,,37.41313333333333,37.41239331798812,37.34048264265625,-0.0007400153452081781,-0.07265069067707941,,0.028254500000000002,0.028252790296593812,0.028279552946487208,-1.7097034061899774e-06,2.5052946487205685e-05
1140,1,37.419,37.419,37.419,37.347412807078896,0.0,-0.0715871929211005,0.02826,0.02826,0.02826,0.02828692485026639,0.0,2.6924850266389633e-05
1141,0,,37.426716666666664,37.425737747057724,37.35434097954197,-0.000978919608940032,-0.07237568712469056,,0.028270833333333335,0.028267478261377654,0.028294296372063724,-3.3550719556810216e-06,2.3463038730388297e-05
1142,0,,37.43443333333333,37.432615920079186,37.36126716061803,-0.0018174132541446397,-0.0731661727153039,,0.028281666666666667,0.02827531284361698,0.02830166751189899,-6.35382304968804e-06,2.0000845232324288e-05
1143,0,,37.44215,37.439628972051565,37.36819135087947,-0.0025210279484326747,-0.0739586491205273,,0.0282925,0.02828349119897959,0.02830903826979199,-9.008801020411045e-06,1.653826979198733e-05
1144,0,,37.449866666666665,37.44677135596201,37.375113550898504,-0.003095310704658516,-0.07475311576816068,,0.028303333333333333,0.028292000779727097,0.028316408645762507,-1.1332553606236556e-05,1.307531242917409e-05
1145,0,,37.45758333333333,37.454037524797684,37.38203376124721,-0.0035458085356481206,-0.07554957208612478,,0.028314166666666668,0.028300829038121096,0.028323778639830335,-1.3337628545571911e-05,9.611973163667353e-06
1146,0,,37.4653,37.46142193154575,37.388951982497474,-0.003878068454248762,-0.07634801750252507,,0.028325,0.028309963426423206,0.028331148252015256,-1.5036573576793222e-05,6.148252015256844e-06
1147,0,,37.473016666666666,37.46891902919338,37.39586821522103,-0.004097637473286397,-0.07714845144563753,,0.028335833333333334,0.028319391396895013,0.02833851748233707,-1.6441936438321703e-05,2.6841490037357585e-06
1148,0,,37.48073333333333,37.47652327072772,37.40278245998944,-0.004210062605615406,-0.0779508733438945,,0.028346666666666666,0.028329100401798146,0.028345886330815556,-1.7566264868519588e-05,-7.803358511096481e-07
1149,0,,37.48845,37.48422910913595,37.40969471737413,-0.004220890864047533,-0.0787552826258704,,0.0283575,0.028339077893394196,0.0283532547974705,-1.8422106605804622e-05,-4.245202529500058e-06
1150,0,,37.49616666666667,37.49203099740522,37.41660498794632,-0.004135669261444264,-0.0795616787203457,,0.028368333333333336,0.028349311323944783,0.028360622882321686,-1.902200938855292e-05,-7.710451011649216e-06
1151,0,,37.50388333333333,37.49992338852271,37.4235132722771,-0.003959944810617344,-0.08037006105622879,,0.028379166666666667,0.028359788145711502,0.0283679905853889,-1.9378520955164874e-05,-1.1176081277767397e-05
1152,0,,37.511599999999994,37.50790073547556,37.43041957093737,-0.003699264524435364,-0.08118042906262701,,0.028390000000000002,0.02837049581095596,0.028375357906691923,-1.9504189044040887e-05,-1.4642093308078752e-05
1153,0,,37.51931666666666,37.51595749125095,37.43732388449788,-0.0033591754157100695,-0.0819927821687827,,0.028400833333333333,0.028381421771939773,0.028382724846250536,-1.941156139356054e-05,-1.8108487082797026e-05
1154,0,,37.52703333333333,37.52408810883603,37.44422621352922,-0.0029452244972958397,-0.08280711980410871,,0.02841166666666667,0.028392553480924534,0.028390091404084522,-1.9113185742134636e-05,-2.157526258214637e-05
1155,0,,37.534749999999995,37.532287041217984,37.4511265586018,-0.002462958782011526,-0.08362344139819555,,0.0284225,0.028403878390171857,0.02839745758021365,-1.862160982814276e-05,-2.504241978635094e-05
1156,0,,37.54246666666666,37.54054874138395,37.45802492028589,-0.0019179252827115079,-0.08444174638077584,,0.028433333333333335,0.028415383951943353,0.028404823374657717,-1.794938138998184e-05,-2.8509958675617536e-05
1157,0,,37.55018333333333,37.5488676623211,37.46492129915156,-0.0013156710122288473,-0.08526203418176692,,0.028444166666666666,0.028427057618500617,0.028412188787436482,-1.71090481660488e-05,-3.197787923018419e-05
1158,0,,37.5579,37.55723825701659,37.47181569576877,-0.0006617429834037125,-0.08608430423122826,,0.028455,0.028438886842105267,0.028419553818569733,-1.6113157894733637e-05,-3.544618143026812e-05
1159,0,,37.56561666666666,37.56565497845761,37.478708110707245,3.831179094504478e-05,-0.08690855595941827,,0.028465833333333333,0.028450859075018896,0.02842691846807724,-1.4974258314436745e-05,-3.891486525609347e-05
1160,0,,37.57333333333333,37.574112279631294,37.48559854453662,0.0007789462979630457,-0.08773478879670904,,0.028476666666666667,0.028462961769503123,0.02843428273597878,-1.3704897163544644e-05,-4.238393068788787e-05
1161,0,,37.58105,37.582604613524815,37.49248699782631,0.0015546135248172277,-0.08856300217368585,,0.028487500000000002,0.028475182377819548,0.028441646622294127,-1.2317622180454263e-05,-4.585337770587547e-05
1162,0,,37.588766666666665,37.59112643312533,37.499373471145596,0.0023597664586674227,-0.08939319552106895,,0.028498333333333334,0.02848750835222978,0.02844901012704305,-1.0824981103552123e-05,-4.932320629028389e-05
1163,0,,37.59648333333333,37.59967219142001,37.50625796506359,0.0031888580866805682,-0.09022536826974203,,0.02850916666666667,0.028499927144995427,0.028456373250245318,-9.23952167124209e-06,-5.279341642135116e-05
1164,0,,37.6042,37.608236341396015,37.51314048014923,0.004036341396016496,-0.09105951985076643,,0.02852,0.028512426208378086,0.028463735991920706,-7.5737916219141554e-06,-5.626400807929449e-05
1165,0,,37.611916666666666,37.616813336040515,37.5200210169713,0.0048966693738492495,-0.0918956496953669,,0.028530833333333335,0.02852499299463938,0.028471098352088983,-5.8403386939548385e-06,-5.973498124435192e-05
1166,0,,37.61963333333333,37.625397628340664,37.52689957609843,0.005764295007331555,-0.09273375723490318,,0.028541666666666667,0.028537614956040895,0.028478460330769916,-4.051710625771476e-06,-6.320633589675106e-05
1167,0,,37.62735,37.633983671283616,37.53377615809906,0.006633671283616138,-0.09357384190094109,,0.0285525,0.028550279544844254,0.02848582192798327,-2.2204551557471197e-06,-6.667807201672996e-05
1168,0,,37.63506666666667,37.64256591785655,37.540650763541485,0.0074992511898841485,-0.09441590312518144,,0.028563333333333333,0.028562974213311058,0.028493183143748817,-3.5912002227522777e-07,-7.015018958451621e-05
1169,0,,37.642783333333334,37.65113882104663,37.54752339299384,0.008355487713295418,-0.09525994033949559,,0.028574166666666668,0.028575686413702908,0.028500543978086317,1.519747036240332e-06,-7.362268858035134e-05
1170,0,,37.650499999999994,37.659696833841004,37.55439404702409,0.009196833841009777,-0.09610595297590407,,0.028585,0.02858840359828142,0.028507904431015536,3.4035982814199783e-06,-7.709556898446296e-05
1171,0,,37.65821666666666,37.66823440922684,37.56126272620003,0.010017742560179954,-0.09695394046663353,,0.028595833333333334,0.02860111321930819,0.028515264502556235,5.279885974856374e-06,-8.05688307770995e-05
1172,0,,37.66593333333333,37.67674600019131,37.568129431089304,0.010812666857979991,-0.09780390224402424,,0.02860666666666667,0.028613802729044836,0.028522624192728177,7.136062378166469e-06,-8.404247393849207e-05
1173,0,,37.673649999999995,37.685226059721565,37.57499416225938,0.01157605972156972,-0.09865583774061548,,0.0286175,0.028626459579752957,0.028529983501551125,8.959579752956803e-06,-8.751649844887521e-05
1174,0,,37.68136666666666,37.69366904080477,37.58185692027758,0.012302374138108974,-0.0995097463890815,,0.028628333333333335,0.028639071223694156,0.028537342429044835,1.073789036082004e-05,-9.099090428850085e-05
1175,0,,37.68908333333333,37.7020693964281,37.58871770571105,0.012986063094771794,-0.1003656276222813,,0.028639166666666667,0.02865162511313005,0.02854470097522907,1.2458446463383538e-05,-9.446569143759659e-05
1176,0,,37.696799999999996,37.7104215795787,37.59557651912678,0.013621579578703802,-0.10122348087321598,,0.028650000000000002,0.028664108700322235,0.028552059140123584,1.410870032223302e-05,-9.794085987641782e-05
1177,0,,37.70451666666666,37.71872004324375,37.602433361091585,0.014203376577086146,-0.1020833055750785,,0.028660833333333333,0.028676509437532322,0.028559416923748138,1.5676104198988905e-05,-0.00010141640958519563
1178,0,,37.71223333333333,37.7269592404104,37.60928823217213,0.014725907077071554,-0.10294510116119682,,0.028671666666666668,0.028688814777021922,0.028566774326122486,1.7148110355254265e-05,-0.00010489234054418192
1179,0,,37.71995,37.73513362406581,37.61614113293492,0.01518362406581275,-0.10380886706507653,,0.0286825,0.028701012171052632,0.028574131347266385,1.851217105263217e-05,-0.00010836865273361473
1180,0,,37.727666666666664,37.74323764719716,37.62299206394628,0.015570980530497991,-0.10467460272038664,,0.028693333333333335,0.028713089071886067,0.028581487987199578,1.9755738552732632e-05,-0.00011184534613375638
1181,0,,37.73538333333333,37.75126576279159,37.62984102577238,0.015882429458258684,-0.10554230756095251,,0.02870416666666667,0.028725032931783825,0.02858884424594183,2.0866265117155253e-05,-0.00011532242072483795
1182,0,,37.7431,37.75921242383628,37.636688018979235,0.016112423836283085,-0.10641198102076288,,0.028715,0.028736831203007518,0.028596200123512893,2.183120300751698e-05,-0.00011879987648710788
1183,0,,37.750816666666665,37.767072083318396,37.643533044132695,0.016255416651731025,-0.10728362253396995,,0.028725833333333336,0.028748471337818757,0.02860355561993251,2.2638004485420887e-05,-0.00012227771340082502
1184,0,,37.75853333333333,37.77483919422509,37.650376101798436,0.01630586089175523,-0.10815723153489643,,0.028736666666666667,0.028759940788479134,0.028610910735220436,2.3274121812466575e-05,-0.00012575593144623087
1185,0,,37.76625,37.78250820954352,37.657217192541985,0.01625820954352264,-0.10903280745801425,,0.028747500000000002,0.02877122700725027,0.028618265469396414,2.3727007250267523e-05,-0.00012923453060358775
1186,0,,37.77396666666667,37.79007358226087,37.6640563169287,0.01610691559420019,-0.10991034973796587,,0.028758333333333334,0.028782317446393764,0.0286256198224802,2.3984113060430273e-05,-0.00013271351085313368
1187,0,,37.78168333333333,37.79752976536428,37.67089347552377,0.01584643203094771,-0.1107898578095643,,0.02876916666666667,0.028793199558171223,0.028632973794491538,2.4032891504554427e-05,-0.00013619287217513099
1188,0,,37.7894,37.80487121184092,37.67772866889224,0.015471211840917931,-0.11167133110775751,,0.02878,0.028803860794844253,0.02864032738545017,2.3860794844253463e-05,-0.00013967261454983157
1189,0,,37.79711666666667,37.81209237467796,37.684561897598975,0.014975708011292,-0.11255476906769246,,0.028790833333333335,0.028814288608674465,0.02864768059537584,2.3455275341130455e-05,-0.00014315273795749428
1190,0,,37.804833333333335,37.81918770686255,37.69139316220868,0.014354373529215536,-0.1134401711246511,,0.02880166666666667,0.028824470451923462,0.028655033424288295,2.2803785256791942e-05,-0.0001466332423783745
1191,0,,37.812549999999995,37.82615166138187,37.698222463285916,0.013601661381876795,-0.1143275367140788,,0.0288125,0.02883439377685285,0.028662385872207277,2.1893776852847935e-05,-0.00015011412779272412
1192,0,,37.82026666666666,37.83297869122307,37.705049801395056,0.012712024556407187,-0.11521686527160568,,0.028823333333333336,0.028844046035724234,0.028669737939152527,2.0712702390898036e-05,-0.00015359539418080895
1193,0,,37.82798333333333,37.83966324937331,37.711875177100325,0.011679916039980753,-0.11610815623300397,,0.028834166666666668,0.02885341468079922,0.028677089625143787,1.9248014132552255e-05,-0.00015707704152288088
1194,0,,37.835699999999996,37.84619978881977,37.718698590965786,0.010499788819771538,-0.1170014090342093,,0.028845000000000003,0.028862487164339423,0.028684440930200797,1.7487164339420602e-05,-0.0001605590697992057
1195,0,,37.84341666666666,37.852582762549595,37.725520043555335,0.009166095882932268,-0.11789662311132787,,0.028855833333333334,0.02887125093860644,0.02869179185434329,1.541760527310615e-05,-0.00016404147899004573
1196,0,,37.85113333333333,37.85880662354995,37.7323395354327,0.0076732902166227746,-0.11879379790062927,,0.02886666666666667,0.028879693455861877,0.028699142397591006,1.3026789195208499e-05,-0.00016752426907566328
1197,0,,37.85885,37.864865824808014,37.739157067161464,0.006015824808017101,-0.11969293283853233,,0.0288775,0.02888780216836735,0.028706492559963683,1.0302168367348069e-05,-0.0001710074400363172
1198,0,,37.866566666666664,37.87075481931093,37.74597263930503,0.004188152644267973,-0.1205940273616335,,0.028888333333333335,0.028895564528384453,0.02871384234148106,7.231195051117523e-06,-0.00017449099185227676
1199,0,,37.87428333333333,37.87646806004587,37.75278625242667,0.0021847267125423286,-0.12149708090666422,,0.028899166666666667,0.028902967988174804,0.028721191742162866,3.8013215081372786e-06,-0.00017797492450380079
1200,1,37.882,37.882,37.882,37.75959790708944,0.0,-0.12240209291055493,0.02891,0.02891,0.02891,0.02872854076202883,0.0,-0.00018145923797117242
1201,0,,37.886199999999995,37.887368836829836,37.766407603856294,0.0011688368298408136,-0.1197923961437013,,0.028915000000000003,0.02891676950710109,0.028735889401098696,1.7695071010855046e-06,-0.0001791105989013067
1202,0,,37.8904,37.892599852396195,37.773215343289976,0.0021998523961954675,-0.1171846567100232,,0.02892,0.028923396658312447,0.028743237659392185,3.396658312445483e-06,-0.0001767623406078167
1203,0,,37.8946,37.89769812599265,37.780021125953105,0.00309812599265058,-0.1145788740468916,,0.028925000000000003,0.028929885714285716,0.028750585536929035,4.885714285713522e-06,-0.0001744144630709682
1204,0,,37.8988,37.9026687369128,37.78682495240811,0.003868736912799875,-0.11197504759189059,,0.02893,0.028936240935672514,0.02875793303372897,6.2409356725127985e-06,-0.00017206696627103044
1205,0,,37.903,37.907516764450236,37.79362682321728,0.004516764450237076,-0.10937317678271796,,0.028935000000000002,0.02894246658312448,0.02876528014981172,7.4665831244769e-06,-0.0001697198501882831
1206,0,,37.907199999999996,37.912247287898545,37.800426738942726,0.005047287898548802,-0.10677326105727047,,0.02894,0.028948566917293236,0.02877262688519701,8.566917293235943e-06,-0.00016737311480299194
1207,0,,37.9114,37.9168653865513,37.8072247001464,0.005465386551300355,-0.10417529985360119,,0.028945000000000002,0.028954546198830408,0.02877997323990457,9.546198830406166e-06,-0.00016502676009543318
1208,0,,37.9156,37.9213761397021,37.81402070739011,0.00577613970209967,-0.10157929260989107,,0.02895,0.02896040868838764,0.028787319213954124,1.0408688387638504e-05,-0.00016268078604587607
1209,0,,37.919799999999995,37.92578462664454,37.820814761235475,0.005984626644547575,-0.09898523876452003,,0.028955,0.02896615864661654,0.028794664807365394,1.1158646616538787e-05,-0.00016033519263460722
1210,0,,37.924,37.930095926672195,37.827606862243975,0.006095926672195162,-0.09639313775602432,,0.02896,0.028971800334168758,0.028802010020158107,1.1800334168757948e-05,-0.0001579899798418924
1211,0,,37.9282,37.93431511907866,37.834397010976915,0.006115119078664577,-0.09380298902308226,,0.028965,0.02897733801169591,0.028809354852351983,1.2338011695908757e-05,-0.0001556451476480182
1212,0,,37.9324,37.93844728315752,37.84118520799545,0.006047283157521122,-0.09121479200454985,,0.028970000000000003,0.028982775939849624,0.028816699303966742,1.2775939849621332e-05,-0.00015330069603326085
1213,0,,37.9366,37.942497498202364,37.84797145386056,0.005897498202365625,-0.08862854613943938,,0.028975,0.02898811837928154,0.028824043375022097,1.3118379281539666e-05,-0.00015095662497790346
1214,0,,37.940799999999996,37.94647084350678,37.854755749133076,0.005670843506784706,-0.08604425086691947,,0.028980000000000002,0.028993369590643275,0.028831387065537787,1.336959064327306e-05,-0.0001486129344622153
1215,0,,37.945,37.95037239836435,37.86153809437367,0.005372398364350772,-0.08346190562632927,,0.028985,0.02899853383458647,0.028838730375533514,1.3533834586468979e-05,-0.00014626962446648642
1216,0,,37.9492,37.95420724206866,37.86831849014283,0.005007242068664652,-0.08088150985716425,,0.028990000000000002,0.029003615371762742,0.028846073305029,1.3615371762740192e-05,-0.00014392669497100344
1217,0,,37.9534,37.957980453913315,37.87509693700091,0.004580453913312965,-0.0783030629990904,,0.028995,0.029008618462823727,0.028853415854043954,1.3618462823727223e-05,-0.00014158414595604601
1218,0,,37.9576,37.96169711319189,37.88187343550809,0.004097113191889434,-0.07572656449190873,,0.029,0.02901354736842105,0.0288607580225981,1.3547368421049782e-05,-0.00013924197740190075
1219,0,,37.9618,37.96536229919798,37.8886479862244,0.0035622991979806784,-0.07315201377559788,,0.029005,0.029018406349206348,0.028868099810711152,1.3406349206348395e-05,-0.0001369001892888473
1220,0,,37.966,37.96898109122515,37.89542058970967,0.0029810912251519994,-0.07057941029032833,,0.02901,0.029023199665831244,0.028875441218402815,1.3199665831242768e-05,-0.00013455878159718618
1221,0,,37.9702,37.972558568567024,37.90219124652363,0.002358568567025543,-0.06800875347637003,,0.029015000000000003,0.02902793157894737,0.02888278224569281,1.293157894736649e-05,-0.00013221775430719354
1222,0,,37.974399999999996,37.97609981051717,37.90895995722581,0.0016998105171737166,-0.0654400427741848,,0.02902,0.02903260634920635,0.028890122892600838,1.2606349206349676e-05,-0.00012987710739916294
1223,0,,37.9786,37.97960989636917,37.91572672237558,0.0010098963691689278,-0.06287327762441919,,0.029025000000000002,0.029037228237259818,0.028897463159146618,1.2228237259815505e-05,-0.00012753684085338446
1224,0,,37.9828,37.98309390541662,37.92249154253216,0.0002939054166191113,-0.060308457467840526,,0.02903,0.029041801503759398,0.028904803045349856,1.1801503759397564e-05,-0.0001251969546501447
1225,0,,37.987,37.986556916953106,37.92925441825461,-0.0004430830468962199,-0.05774558174539379,,0.029035000000000002,0.029046330409356728,0.028912142551230254,1.1330409356725968e-05,-0.00012285744876974758
1226,0,,37.9912,37.990004010272216,37.93601535010182,-0.001195989727783342,-0.05518464989818028,,0.02904,0.029050819214703427,0.028919481676807527,1.0819214703427366e-05,-0.0001205183231924728
1227,0,,37.9954,37.99344026466754,37.94277433863252,-0.0019597353324556366,-0.052625661367478926,,0.029045,0.02905527218045113,0.02892682042210138,1.0272180451128404e-05,-0.00011817957789862082
1228,0,,37.9996,37.99687075943266,37.94953138440529,-0.002729240567340696,-0.050068615594710764,,0.02905,0.029059693567251462,0.02893415878713151,9.69356725146267e-06,-0.00011584121286848867
1229,0,,38.0038,38.00030057386116,37.956286487978545,-0.0034994261388376913,-0.04751351202145315,,0.029055,0.029064087635756054,0.028941496771917628,9.087635756053342e-06,-0.00011350322808237334
1230,0,,38.007999999999996,38.00373478724665,37.96303964991054,-0.004265212753345793,-0.04496035008945398,,0.029060000000000002,0.029068458646616543,0.028948834376479434,8.458646616540944e-06,-0.00011116562352056839
1231,0,,38.0122,38.0071784788827,37.969790870759354,-0.005021521117299699,-0.04240912924064588,,0.029065,0.029072810860484546,0.02895617160083663,7.810860484545185e-06,-0.00010882839916337081
1232,0,,38.0164,38.0106367280629,37.976540151082936,-0.00576327193709858,-0.03985984891706096,,0.029070000000000002,0.029077148538011695,0.028963508445008918,7.148538011692712e-06,-0.00010649155499108456
1233,0,,38.0206,38.01411461408083,37.98328749143904,-0.006485385919170028,-0.03731250856095869,,0.029075,0.029081475939849624,0.028970844909015997,6.475939849624052e-06,-0.00010415509098400319
1234,0,,38.0248,38.01761721623009,37.99003289238529,-0.007182783769906109,-0.034767107614712245,,0.02908,0.029085797326649957,0.02897818099287756,5.797326649955442e-06,-0.00010181900712244105
1235,0,,38.028999999999996,38.021149613804276,37.99677635447914,-0.007850386195720205,-0.03222364552085821,,0.029085,0.029090116959064327,0.028985516696613315,5.116959064327409e-06,-9.948330338668473e-05
1236,0,,38.0332,38.024716886096954,38.00351787827786,-0.008483113903047013,-0.029682121722139243,,0.02909,0.029094439097744364,0.028992852020242953,4.43909774436313e-06,-9.714797975704861e-05
1237,0,,38.0374,38.02832411240171,38.0102574643386,-0.009075887598285703,-0.02714253566139746,,0.029095,0.02909876800334169,0.029000186963786166,3.7680033416892522e-06,-9.481303621383316e-05
1238,0,,38.0416,38.03197637201217,38.01699511321833,-0.009623627987835448,-0.02460488678167394,,0.0291,0.029103107936507937,0.02900752152726265,3.1079365079358934e-06,-9.247847273734927e-05
1239,0,,38.0458,38.03567874422188,38.02373082547384,-0.010121255778116733,-0.022069174526158974,,0.029105,0.029107463157894736,0.02901485571069211,2.4631578947366395e-06,-9.014428930789048e-05
1240,0,,38.05,38.03943630832444,38.030464601661805,-0.010563691675557152,-0.019535398338192067,,0.02911,0.02911183792815372,0.029022189514094222,1.837928153718138e-06,-8.781048590577809e-05
1241,0,,38.0542,38.043254143613446,38.0371964423387,-0.010945856386555874,-0.01700355766130457,,0.029115000000000002,0.029116236507936512,0.029029522937488686,1.2365079365105058e-06,-8.547706251131604e-05
1242,0,,38.0584,38.04713732938248,38.04392634806086,-0.011262670617519177,-0.014473651939141519,,0.02912,0.029120663157894737,0.029036855980895192,6.63157894736921e-07,-8.314401910480829e-05
1243,0,,38.062599999999996,38.051090944925136,38.050654319384456,-0.011509055074860441,-0.0119456806155398,,0.029125,0.029125122138680033,0.02904418864433343,1.2213868003096984e-07,-8.081135566657266e-05
1244,0,,38.0668,38.055120069534986,38.0573803568655,-0.011679930465014365,-0.009419643134499722,,0.02913,0.029129617710944026,0.029051520927823087,-3.822890559737613e-07,-7.84790721769131e-05
1245,0,,38.071,38.05922978250563,38.064104461059834,-0.011770217494365909,-0.0068955389401637035,,0.029135,0.029134154135338347,0.029058852831383847,-8.458646616540944e-07,-7.614716861615439e-05
1246,0,,38.0752,38.063425163130646,38.07082663252316,-0.011774836869356875,-0.004373367476844692,,0.02914,0.029138735672514623,0.0290661843550354,-1.264327485376443e-06,-7.381564496460047e-05
1247,0,,38.0794,38.06771129070365,38.077546871811,-0.011688709296350908,-0.0018531281889977436,,0.029145,0.02914336658312448,0.029073515498797435,-1.6334168755210987e-06,-7.148450120256569e-05
1248,0,,38.0836,38.0720932445182,38.084265179478734,-0.011506755481796915,0.0006651794787373433,,0.02915,0.02914805112781955,0.029080846262689627,-1.948872180447536e-06,-6.915373731037136e-05
1249,0,,38.0878,38.076576103867886,38.090981556081566,-0.011223896132115385,0.0031815560815644517,,0.029155,0.02915279356725146,0.02908817664673167,-2.2064327485395163e-06,-6.682335326833183e-05
1250,0,,38.092,38.0811649480463,38.09769600217456,-0.010835051953698382,0.005696002174559567,,0.02916,0.02915759816207185,0.029095506650943237,-2.401837928149575e-06,-6.449334905676146e-05
1251,0,,38.0962,38.085864856347044,38.10440851831259,-0.010335143652959289,0.008208518312585511,,0.029165,0.02916246917293233,0.02910283627534401,-2.530827067668412e-06,-6.216372465598849e-05
1252,0,,38.1004,38.09068090806368,38.1111191050504,-0.009719091936318591,0.010719105050398525,,0.02917,0.029167410860484543,0.029110165519953678,-2.5891395154589714e-06,-5.98344800463238e-05
1253,0,,38.1046,38.09561818248983,38.11782776294257,-0.008981817510168355,0.01322776294257011,,0.029175,0.02917242748538012,0.029117494384791914,-2.572514619880728e-06,-5.7505615208085226e-05
1254,0,,38.1088,38.10068175891905,38.1245344925435,-0.008118241080950384,0.015734492543501233,,0.02918,0.029177523308270673,0.029124822869878393,-2.476691729327851e-06,-5.517713012160794e-05
1255,0,,38.113,38.105876716644936,38.13123929440746,-0.0071232833550638475,0.018239294407457862,,0.029185,0.029182702589807853,0.0291321509752328,-2.2974101921459378e-06,-5.2849024767199354e-05
1256,0,,38.1172,38.11120813496108,38.13794216908853,-0.005991865038915023,0.020742169088535434,,0.02919,0.02918796959064328,0.029139478700874806,-2.030409356722218e-06,-5.052129912519465e-05
1257,0,,38.1214,38.116681093161084,38.14464311714066,-0.004718906838917292,0.023243117140658853,,0.029195,0.029193328571428572,0.02914680604682409,-1.6714285714265753e-06,-4.819395317590819e-05
1258,0,,38.1256,38.1223006705385,38.15134213911762,-0.003299329461498246,0.025742139117618024,,0.0292,0.02919878379281537,0.029154133013100318,-1.2162071846288924e-06,-4.586698689968208e-05
1259,0,,38.1298,38.128071946386946,38.15803923557303,-0.0017280536130570567,0.028239235573025212,,0.029205,0.029204339515455306,0.029161459599723175,-6.604845446921137e-07,-4.354040027682374e-05
1260,1,38.134,38.134,38.134,38.16473440706035,0.0,0.030734407060350577,0.02921,0.02921,0.02921,0.029168785806712325,0.0,-4.121419328767528e-05
1261,0,,38.14455,38.14020624952909,38.17142765413287,-0.004343750470908958,0.02687765413286769,,0.029216666666666665,0.029215717440721146,0.029176111634087433,-9.492259455193275e-07,-4.0555032579232125e-05
1262,0,,38.1551,38.146800427526834,38.17811897734375,-0.008299572473163153,0.023018977343753022,,0.029223333333333334,0.029221442053693907,0.029183437081868182,-1.8912796394265907e-06,-3.9896251465151855e-05
1263,0,,38.16565,38.15377008488857,38.18480837724596,-0.01187991511142883,0.019158377245958036,,0.02923,0.029227175132275133,0.029190762150074236,-2.824867724866148e-06,-3.923784992576271e-05
1264,0,,38.1762,38.16110277250964,38.191495854392315,-0.015097227490358023,0.015295854392313402,,0.029236666666666668,0.029232917969821675,0.029198086838725264,-3.748696844992766e-06,-3.857982794140333e-05
1265,0,,38.18675,38.16878604128541,38.1981814093355,-0.017963958714595663,0.01143140933549347,,0.029243333333333333,0.02923867185969038,0.029205411147840935,-4.6614736429542725e-06,-3.792218549239848e-05
1266,0,,38.1973,38.176807442111205,38.204865042628,-0.020492557888793783,0.007565042628002061,,0.029249999999999998,0.029244438095238096,0.0292127350774409,-5.561904761901965e-06,-3.726492255909722e-05
1267,0,,38.20785,38.185154525882375,38.21154675482217,-0.022695474117625736,0.0036967548221724655,,0.029256666666666667,0.029250217969821673,0.029220058627544843,-6.4486968449940785e-06,-3.660803912182431e-05
1268,0,,38.2184,38.19381484349428,38.2182265464702,-0.02458515650572224,-0.0001734535298041351,,0.029263333333333332,0.02925601277679796,0.02922738179817242,-7.320556535371503e-06,-3.595153516091146e-05
1269,0,,38.22895,38.20277594584224,38.22490441812411,-0.026174054157756643,-0.004045581875885773,,0.02927,0.02926182380952381,0.029234704589343297,-8.176190476192474e-06,-3.5295410656704246e-05
1270,0,,38.2395,38.212025383821626,38.23158037033578,-0.02747461617837388,-0.007919629664222327,,0.029276666666666666,0.029267652361356065,0.02924202700107713,-9.01430531060135e-06,-3.463966558953785e-05
1271,0,,38.25005,38.221550708327776,38.23825440365692,-0.02849929167222598,-0.011795596343084469,,0.029283333333333335,0.02927349972565158,0.029249349033393584,-9.833607681756368e-06,-3.398429993975091e-05
1272,0,,38.260600000000004,38.23133947025604,38.24492651863907,-0.02926052974396498,-0.015673481360934716,,0.02929,0.029279367195767195,0.029256670686312318,-1.0632804232805354e-05,-3.332931368768208e-05
1273,0,,38.27115,38.24137922050175,38.25159671583364,-0.029770779498250022,-0.019553284166356377,,0.029296666666666665,0.02928525606505977,0.029263991959852992,-1.1410601606896137e-05,-3.267470681367346e-05
1274,0,,38.2817,38.25165750996026,38.25826499579186,-0.030042490039740244,-0.02343500420813882,,0.029303333333333334,0.029291167626886147,0.02927131285403526,-1.2165706447186952e-05,-3.202047929807411e-05
1275,0,,38.29225,38.26216188952693,38.2649313590648,-0.03008811047307347,-0.027318640935199312,,0.02931,0.029297103174603174,0.029278633368878787,-1.2896825396825629e-05,-3.136663112121227e-05
1276,0,,38.3028,38.27287991009709,38.2715958062034,-0.029920089902908842,-0.031204193796597224,,0.029316666666666668,0.029303064001567704,0.029285953504403217,-1.3602665098963462e-05,-3.071316226345086e-05
1277,0,,38.31335,38.28379912256609,38.2782583377584,-0.029550877433912603,-0.03509166224159799,,0.029323333333333333,0.02930905140113659,0.02929327326062822,-1.4281932196744812e-05,-3.0060072705114654e-05
1278,0,,38.3239,38.294907077829286,38.284918954280414,-0.028992922170715474,-0.038981045719587826,,0.029330000000000002,0.02931506666666667,0.029300592637573425,-1.4933333333331383e-05,-2.940736242657699e-05
1279,0,,38.334450000000004,38.306191326782,38.29157765631988,-0.028258673218005015,-0.04287234368012349,,0.029336666666666667,0.029321111091514796,0.029307911635258515,-1.5555575151871004e-05,-2.875503140815222e-05
1280,0,,38.345,38.3176394203196,38.29823444442708,-0.027360579680397734,-0.04676555557291806,,0.029343333333333332,0.02932718596903782,0.029315230253703126,-1.61473642955115e-05,-2.810307963020675e-05
1281,0,,38.35555,38.32923890933743,38.30488931915215,-0.026311090662574088,-0.05066068084784803,,0.02935,0.029333292592592593,0.029322548492926905,-1.6707407407407643e-05,-2.745150707309657e-05
1282,0,,38.3661,38.34097734473083,38.311542281045064,-0.0251226552691719,-0.054557718954939105,,0.029356666666666666,0.02933943225553596,0.029329866352949506,-1.7234411130707256e-05,-2.6800313717160323e-05
1283,0,,38.37665,38.35284227739515,38.318193330655625,-0.023807722604850312,-0.058456669344373324,,0.029363333333333335,0.02934560625122477,0.02933718383379058,-1.7727082108565106e-05,-2.6149499542754e-05
1284,0,,38.3872,38.364821258225724,38.32484246853348,-0.022378741774275568,-0.06235753146651746,,0.02937,0.02935181587301587,0.029344500935469774,-1.8184126984129023e-05,-2.5499064530226656e-05
1285,0,,38.39775,38.37690183811792,38.33148969522814,-0.020848161882085492,-0.06626030477185907,,0.029376666666666666,0.02935806241426612,0.029351817658006735,-1.8604252400546833e-05,-2.484900865993081e-05
1286,0,,38.408300000000004,38.38907156796707,38.338135011288934,-0.01922843203293212,-0.07016498871107046,,0.029383333333333334,0.029364347168332354,0.0293591340014211,-1.8986165000980243e-05,-2.4199331912232863e-05
1287,0,,38.41885,38.401317998668524,38.34477841726505,-0.01753200133147459,-0.07407158273495185,,0.02939,0.02937067142857143,0.029366449965732528,-1.932857142857014e-05,-2.355003426747146e-05
1288,0,,38.4294,38.41362868111763,38.351419913705485,-0.015771318882372043,-0.07798008629451658,,0.029396666666666668,0.029377036488340193,0.029373765550960655,-1.9630178326474762e-05,-2.2901115706012998e-05
1289,0,,38.43995,38.425991166209734,38.35805950115913,-0.01395883379026941,-0.08189049884087041,,0.029403333333333333,0.029383443640995495,0.029381080757125123,-1.9889692337838466e-05,-2.225257620821e-05
1290,0,,38.450500000000005,38.43839300484018,38.36469718017469,-0.012106995159825829,-0.08580281982531801,,0.02941,0.029389894179894183,0.02938839558424557,-2.010582010581602e-05,-2.160441575442887e-05
1291,0,,38.46105,38.45082174790431,38.371332951300694,-0.010228252095693335,-0.08971704869930619,,0.029416666666666667,0.0293963893983931,0.029395710032341642,-2.0277268273565657e-05,-2.095663432502559e-05
1292,0,,38.4716,38.46326494629747,38.37796681508555,-0.00833505370253107,-0.09363318491445227,,0.029423333333333333,0.029402930589849108,0.02940302410143298,-2.04027434842248e-05,-2.0309231900352692e-05
1293,0,,38.482150000000004,38.47571015091502,38.38459877207748,-0.006439849084983962,-0.0975512279225228,,0.02943,0.029409519047619046,0.02941033779153922,-2.0480952380955153e-05,-1.966220846078004e-05
1294,0,,38.4927,38.488144912652295,38.39122882282457,-0.0045550873477040454,-0.10147117717542642,,0.029436666666666667,0.02941615606505977,0.02941765110268,-2.0510601606897605e-05,-1.9015563986667094e-05
1295,0,,38.50325,38.500556782404644,38.39785696787474,-0.0026932175953575666,-0.10539303212526363,,0.029443333333333335,0.02942284293552812,0.02942496403487495,-2.049039780521386e-05,-1.8369298458383726e-05
1296,0,,38.5138,38.51293331106741,38.40448320777573,-0.0008666889325965599,-0.10931679222426993,,0.02945,0.029429580952380952,0.029432276588143715,-2.041904761904828e-05,-1.7723411856285926e-05
1297,0,,38.524350000000005,38.52526204953593,38.41110754307517,0.0009120495359269398,-0.11324245692483714,,0.029456666666666666,0.02943637140897511,0.02943958876250593,-2.029525769155563e-05,-1.7077904160736623e-05
1298,0,,38.5349,38.53753054870558,38.41772997432048,0.002630548705582214,-0.1171700256795205,,0.029463333333333334,0.02944321559866745,0.02944690055798122,-2.0117734665883735e-05,-1.6432775352116097e-05
1299,0,,38.54545,38.549726359471684,38.42435050205897,0.004276359471681701,-0.12109949794103159,,0.02947,0.029450114814814816,0.029454211974589216,-1.9885185185183896e-05,-1.5788025410783807e-05
1300,0,,38.556000000000004,38.56183703272959,38.430969126837766,0.005837032729587577,-0.12503087316223827,,0.02947666666666667,0.029457070350774054,0.029461523012349562,-1.9596315892614347e-05,-1.5143654317106153e-05
1301,0,,38.56655,38.57385011937466,38.43758584920383,0.0073001193746620174,-0.12896415079617185,,0.029483333333333334,0.029464083499902018,0.029468833671281877,-1.9249833431315977e-05,-1.4499662051456474e-05
1302,0,,38.5771,38.58575317030222,38.44420066970399,0.008653170302217461,-0.13289933029601286,,0.029490000000000002,0.02947115555555556,0.029476143951405798,-1.8844444444443553e-05,-1.385604859420464e-05
1303,0,,38.587650000000004,38.59753373640762,38.450813588884905,0.009883736407616084,-0.13683641111509814,,0.029496666666666668,0.029478287811091516,0.029483453852740947,-1.8378855575151842e-05,-1.3212813925720518e-05
1304,0,,38.598200000000006,38.60917936858621,38.45742460729308,0.010979368586205851,-0.14077539270692796,,0.029503333333333333,0.02948548155986674,0.02949076337530695,-1.785177346659214e-05,-1.2569958026384387e-05
1305,0,,38.60875,38.620677617733335,38.46403372547484,0.011927617733334728,-0.1447162745251589,,0.02951,0.029492738095238096,0.029498072519123446,-1.726190476190534e-05,-1.1927480876555707e-05
1306,0,,38.6193,38.63201603474434,38.4706409439764,0.012716034744336469,-0.14865905602360385,,0.029516666666666667,0.029500058710562414,0.02950538128421004,-1.660795610425314e-05,-1.1285382456625165e-05
1307,0,,38.629850000000005,38.64318217051458,38.47724626334377,0.01333217051457325,-0.15260373665623206,,0.029523333333333335,0.029507444699196552,0.02951268967058638,-1.5888634136783375e-05,-1.064366274695569e-05
1308,0,,38.6404,38.654163575939386,38.483849684122845,0.01376357593938593,-0.15655031587715484,,0.02953,0.029514897354497353,0.02951999767827207,-1.5102645502647338e-05,-1.000232172793103e-05
1309,0,,38.65095,38.664947801914124,38.490451206859326,0.013997801914122476,-0.1604987931406754,,0.029536666666666666,0.029522417969821673,0.02952730530728674,-1.4248696844992859e-05,-9.361359379924522e-06
1310,0,,38.661500000000004,38.67552239933412,38.49705083209878,0.014022399334116642,-0.16444916790122477,,0.029543333333333335,0.029530007838526356,0.02953461255765001,-1.3325494806978172e-05,-8.720775683323384e-06
1311,0,,38.672050000000006,38.685874919094736,38.50364856038661,0.013824919094730603,-0.16840143961339749,,0.02955,0.029537668253968256,0.0295419194293815,-1.2331746031744167e-05,-8.080570618500954e-06
1312,0,,38.6826,38.695992912091306,38.510244392268056,0.01339291209130522,-0.17235560773194436,,0.02955666666666667,0.029545400509504213,0.02954922592250083,-1.126615716245602e-05,-7.4407441658375095e-06
1313,0,,38.69315,38.70586392921919,38.51683832828822,0.012713929219188458,-0.17631167171177964,,0.029563333333333334,0.029553205898491086,0.02955653203702762,-1.0127434842247679e-05,-6.801296305713328e-06
1314,0,,38.703700000000005,38.715475521373726,38.52343036899203,0.011775521373721176,-0.18026963100797389,,0.02957,0.029561085714285715,0.02956383777298148,-8.91428571428432e-06,-6.162227018519095e-06
1315,0,,38.71425,38.72481523945025,38.53002051492426,0.01056523945025134,-0.18422948507573977,,0.029576666666666668,0.029569041250244954,0.029571143130382033,-7.625416421713771e-06,-5.523536284635089e-06
1316,0,,38.7248,38.73387063434413,38.53660876662954,0.009070634344126915,-0.1881912333704605,,0.029583333333333333,0.029577073799725656,0.02957844810924889,-6.25953360767692e-06,-4.885224084441586e-06
1317,0,,38.735350000000004,38.74262925695069,38.54319512465232,0.007279256950688762,-0.19215487534768272,,0.02959,0.029585184656084656,0.02958575270960167,-4.815343915345882e-06,-4.247290398332743e-06
1318,0,,38.745900000000006,38.7510786581653,38.549779589536925,0.0051786581652919494,-0.19612041046308093,,0.029596666666666667,0.029593375112678816,0.029593056931459985,-3.291553987851137e-06,-3.6097352066818966e-06
1319,0,,38.75645,38.759206388883285,38.55636216182748,0.002756388883284444,-0.20008783817252151,,0.029603333333333336,0.02960164646286498,0.02960036077484344,-1.68687046835439e-06,-2.9725584898970814e-06
1320,1,38.767,38.767,38.767,38.56294284206801,0.0,-0.20405715793199164,0.02961,0.02961,0.02961,0.029607664239771653,0.0,-2.335760228348166e-06
1321,0,,38.77296666666667,38.77457120825721,38.56952163080233,0.0016045415905381333,-0.20344503586434115,,0.029621333333333333,0.02961858712208505,0.02961496732626423,-2.7462112482841416e-06,-6.3660070691029524e-06
1322,0,,38.778933333333335,38.78204162964888,38.57609852857413,0.0031082963155455445,-0.20283480475920612,,0.029632666666666668,0.029627548663923184,0.029622270034340786,-5.1180027434843955e-06,-1.039663232588195e-05
1323,0,,38.7849,38.78941366394877,38.58267353592693,0.004513663948770841,-0.2022264640730711,,0.029644,0.029636870074074076,0.029629572364020924,-7.129925925924291e-06,-1.4427635979075842e-05
1324,0,,38.790866666666666,38.796689710930565,38.58924665340411,0.00582304426389868,-0.20162001326255563,,0.029655333333333336,0.029646536801097398,0.029636874315324253,-8.796532235937765e-06,-1.8459018009082256e-05
1325,0,,38.79683333333334,38.80387217036799,38.595817881548875,0.007038837034649248,-0.201015451784464,,0.029666666666666668,0.029656534293552816,0.029644175888270376,-1.0132373113851817e-05,-2.2490778396291877e-05
1326,0,,38.802800000000005,38.81096344203476,38.60238722090429,0.00816344203475694,-0.2004127790957142,,0.029678,0.029666848000000003,0.0296514770828789,-1.1151999999996914e-05,-2.652291712109886e-05
1327,0,,38.80876666666667,38.817965925704584,38.60895467201324,0.00919925903791352,-0.19981199465343025,,0.029689333333333335,0.029677463368998628,0.029658777899169427,-1.1869964334706995e-05,-3.055543416390777e-05
1328,0,,38.814733333333336,38.82488202115118,38.61552023541849,0.01014868781784628,-0.19921309791484987,,0.029700666666666667,0.029688365849108368,0.02966607833716156,-1.2300817558298649e-05,-3.458832950510582e-05
1329,0,,38.8207,38.83171412814827,38.622083911662614,0.011014128148268298,-0.19861608833738842,,0.029712000000000002,0.02969954088888889,0.029673378396874908,-1.2459111111112753e-05,-3.8621603125094106e-05
1330,0,,38.82666666666667,38.83846464646957,38.62864570128805,0.01179797980289976,-0.19802096537861757,,0.029723333333333334,0.029710973936899865,0.029680678078329067,-1.2359396433469366e-05,-4.2655255004266784e-05
1331,0,,38.832633333333334,38.84513597588878,38.63520560483707,0.012502642555446641,-0.19742772849626533,,0.029734666666666666,0.02972265044170096,0.029687977381543634,-1.2016224965705896e-05,-4.668928512303189e-05
1332,0,,38.8386,38.851730516179636,38.641763622851805,0.013130516179636231,-0.19683637714819469,,0.029746,0.029734555851851856,0.02969527630653821,-1.1444148148145872e-05,-5.072369346179051e-05
1333,0,,38.84456666666667,38.85825066711583,38.64831975587421,0.013684000449160294,-0.19624691079246048,,0.029757333333333334,0.02974667561591221,0.029702574853332393,-1.065771742112323e-05,-5.4758480000940274e-05
1334,0,,38.85053333333334,38.864698828471084,38.65487400444611,0.01416549513774612,-0.19565932888723125,,0.02976866666666667,0.0297589951824417,0.02970987302194578,-9.67148422496844e-06,-5.8793644720889215e-05
1335,0,,38.856500000000004,38.87107740001914,38.66142636910914,0.014577400019135212,-0.19507363089086738,,0.02978,0.029771500000000003,0.029717170812397966,-8.499999999998092e-06,-6.282918760203496e-05
1336,0,,38.86246666666667,38.87738878153367,38.6679768504048,0.014922114866998015,-0.19448981626187134,,0.029791333333333333,0.029784175517146776,0.02972446822470854,-7.1578161865565315e-06,-6.686510862479247e-05
1337,0,,38.868433333333336,38.88363537278842,38.67452544887445,0.015202039455083138,-0.19390788445888774,,0.02980266666666667,0.0297970071824417,0.029731765258897112,-5.659484224967287e-06,-7.090140776955592e-05
1338,0,,38.8744,38.8898195735571,38.681072165059255,0.015419573557096555,-0.1933278349407459,,0.029814,0.029809980444444446,0.02973906191498326,-4.019555555553889e-06,-7.493808501674026e-05
1339,0,,38.88036666666667,38.89594378361341,38.68761699950026,0.01557711694674424,-0.19274966716641018,,0.029825333333333336,0.029823080751714682,0.02974635819298658,-2.252581618653743e-06,-7.897514034675701e-05
1340,0,,38.88633333333333,38.90201040273108,38.69415995273833,0.01567706939774638,-0.19217338059500122,,0.029836666666666668,0.029836293552812074,0.029753654092926664,-3.731138545938484e-07,-8.301257374000379e-05
1341,0,,38.8923,38.90802183068382,38.7007010253142,0.015721830683823157,-0.191598974685796,,0.029848,0.0298496042962963,0.029760949614823104,1.6042962962987961e-06,-8.705038517689556e-05
1342,0,,38.89826666666667,38.91398046724535,38.70724021776843,0.015713800578680548,-0.19102644889824205,,0.029859333333333335,0.02986299843072702,0.029768244758695477,3.6650973936867837e-06,-9.108857463785772e-05
1343,0,,38.90423333333334,38.91988871218939,38.71377753064142,0.01565537885605295,-0.19045580269191476,,0.029870666666666667,0.029876461404663924,0.029775539524563386,5.7947379972569935e-06,-9.512714210328094e-05
1344,0,,38.9102,38.925748965289635,38.72031296447343,0.015548965289632122,-0.18988703552657427,,0.029882000000000002,0.029889978666666667,0.029782833912446408,7.97866666666508e-06,-9.916608755359407e-05
1345,0,,38.91616666666667,38.931563626319814,38.72684651980456,0.015396959653145359,-0.18932014686210863,,0.029893333333333334,0.02990353566529493,0.029790127922364133,1.0202331961594452e-05,-0.00010320541096920169
1346,0,,38.922133333333335,38.93733509505364,38.73337819717476,0.01520176172030574,-0.18875513615857642,,0.029904666666666666,0.02991711784910837,0.029797421554336144,1.2451182441704234e-05,-0.00010724511233052222
1347,0,,38.9281,38.94306577126483,38.73990799712381,0.014965771264826344,-0.18819200287619253,,0.029916,0.02993071066666667,0.029804714808382024,1.4710666666667427e-05,-0.00011128519161797759
1348,0,,38.934066666666666,38.948758054727094,38.74643592019133,0.014691388060427357,-0.18763074647533529,,0.029927333333333334,0.029944299566529494,0.02981200768452135,1.6966233196160502e-05,-0.00011532564881198276
1349,0,,38.94003333333333,38.954414345214154,38.75296196691683,0.014381011880821859,-0.1870713664165038,,0.02993866666666667,0.029957869997256515,0.02981930018277372,1.920333058984605e-05,-0.00011936648389294924
1350,0,,38.946,38.96003704249973,38.7594861378396,0.014037042499730035,-0.18651386216039612,,0.02995,0.02997140740740741,0.0298265923031587,2.1407407407407486e-05,-0.0001234076968413024
1351,0,,38.95196666666667,38.96562854635751,38.76600843349884,0.013661879690836543,-0.1859582331678311,,0.029961333333333333,0.02998489724554184,0.029833884045695876,2.3563912208507398e-05,-0.00012744928763745722
1352,0,,38.95793333333334,38.97119125656124,38.77252885443354,0.0132579232279042,-0.18540447889979816,,0.02997266666666667,0.02999832496021948,0.02984117541040482,2.565829355281185e-05,-0.0001314912562618495
1353,0,,38.9639,38.97672757288462,38.77904740118256,0.012827572884617666,-0.18485259881744298,,0.029984,0.030011676,0.029848466397305116,2.7676000000000783e-05,-0.00013553360269488376
1354,0,,38.96986666666667,38.98223989510136,38.785564074284615,0.01237322843469002,-0.18430259238205338,,0.029995333333333336,0.030024935813443076,0.029855757006416343,2.960248010974026e-05,-0.00013957632691699237
1355,0,,38.975833333333334,38.987730622985204,38.79207887427824,0.011897289651869869,-0.1837544590550948,,0.030006666666666668,0.030038089849108367,0.029863047237758067,3.142318244169981e-05,-0.0001436194289086007
1356,0,,38.9818,38.993202156309835,38.79859180170184,0.011402156309834766,-0.1832081982981606,,0.030018,0.030051123555555555,0.029870337091349865,3.3123555555555906e-05,-0.0001476629086501341
1357,0,,38.987766666666666,38.99865689484897,38.805102857093644,0.010890228182304895,-0.18266380957302175,,0.030029333333333335,0.03006402238134431,0.029877626567211317,3.468904801097461e-05,-0.00015170676612201797
1358,0,,38.99373333333333,39.004097238376346,38.81161204099175,0.010363905043014654,-0.18212129234158425,,0.030040666666666667,0.030076771775034296,0.02988491566536199,3.6105108367628924e-05,-0.0001557510013046777
1359,0,,38.999700000000004,39.00952558666567,38.81811935393407,0.009825586665662911,-0.18158064606593172,,0.030052000000000002,0.030089357185185187,0.029892204385821457,3.735718518518491e-05,-0.0001597956141785456
1360,0,,39.00566666666667,39.01494433949064,38.824624796458394,0.009277672823969851,-0.18104187020827567,,0.030063333333333334,0.030101764060356653,0.029899492728609284,3.843072702331904e-05,-0.00016384060472405051
1361,0,,39.011633333333336,39.020355896625,38.83112836910233,0.008722563291662766,-0.18050496423100526,,0.030074666666666666,0.03011397784910837,0.02990678069374505,3.931118244170431e-05,-0.00016788597292161783
1362,0,,39.0176,39.025762657842435,38.83763007240336,0.008162657842433418,-0.17996992759664465,,0.030086,0.030125984,0.02991406828124832,3.998399999999985e-05,-0.00017193171875168334
1363,0,,39.02356666666667,39.03116702291668,38.84412990689877,0.007600356250009099,-0.17943675976789564,,0.030097333333333334,0.030137767961591226,0.02992135549113865,4.043462825789254e-05,-0.00017597784219468282
1364,0,,39.02953333333333,39.03657139162145,38.850627873125745,0.0070380582881170994,-0.1789054602075879,,0.03010866666666667,0.030149315182441704,0.029928642323435624,4.064851577503456e-05,-0.00018002434323104513
1365,0,,39.0355,39.04197816373045,38.85712397162126,0.006478163730449182,-0.1783760283787359,,0.03012,0.030160611111111114,0.029935928778158795,4.061111111111279e-05,-0.00018407122184120606
1366,0,,39.041466666666665,39.0473897390174,38.86361820292219,0.005923072350732639,-0.17784846374447483,,0.030131333333333333,0.030171641196159123,0.029943214855327728,4.0307862825789825e-05,-0.00018811847800560486
1367,0,,39.04743333333333,39.05280851725602,38.87011056756521,0.005375183922687654,-0.17732276576811756,,0.03014266666666667,0.030182390886145403,0.029950500554961998,3.9724219478735195e-05,-0.00019216611170467038
1368,0,,39.0534,39.05823689822001,38.87660106608687,0.004836898220005992,-0.17679893391313328,,0.030154,0.03019284562962963,0.02995778587708115,3.884562962962884e-05,-0.00019621412291884882
1369,0,,39.05936666666667,39.063677281683105,38.88308969902354,0.004310615016436259,-0.17627696764312617,,0.030165333333333336,0.03020299087517147,0.02996507082170476,3.765754183813336e-05,-0.00020026251162857597
1370,0,,39.065333333333335,39.06913206741901,38.88957646691148,0.0037987340856773244,-0.17575686642185673,,0.030176666666666668,0.030212812071330593,0.02997235538885238,3.614540466392521e-05,-0.00020431127781428762
1371,0,,39.0713,39.07460365520144,38.89606137028674,0.003303655201442268,-0.1752386297132631,,0.030188,0.03022229466666667,0.029979639578543577,3.429466666667047e-05,-0.00020836042145642303
1372,0,,39.07726666666667,39.08009444480411,38.90254440968525,0.00282777813744417,-0.1747222569814184,,0.030199333333333335,0.03023142410973937,0.029986923390797896,3.209077640603519e-05,-0.0002124099425354388
1373,0,,39.08323333333333,39.08560683600074,38.90902558564278,0.002373502667410321,-0.17420774769055214,,0.030210666666666667,0.03024018584910837,0.029994206825634903,2.951918244170279e-05,-0.00021645984103176377
1374,0,,39.0892,39.091143228565045,38.91550489869495,0.0019432285650466952,-0.17369510130505006,,0.030222000000000002,0.030248565333333335,0.030001489883074158,2.6565333333332386e-05,-0.00022051011692584416
1375,0,,39.095166666666664,39.09670602227073,38.9219823493772,0.0015393556040663725,-0.17318431728946138,,0.030233333333333334,0.030256548010973935,0.030008772563135208,2.321467764060045e-05,-0.00022456077019812615
1376,0,,39.10113333333334,39.102297616891526,38.92845793822488,0.0011642835581895383,-0.1726753951084561,,0.030244666666666666,0.030264119330589853,0.030016054865837614,1.9452663923186925e-05,-0.00022861180082905247
1377,0,,39.1071,39.107920412201125,38.9349316657731,0.0008204122011221671,-0.17216833422690314,,0.030256,0.030271264740740746,0.030023336791200922,1.5264740740743993e-05,-0.00023266320879907973
1378,0,,39.11306666666667,39.11357680797327,38.941403532556876,0.0005101413065986549,-0.17166313410979228,,0.030267333333333334,0.030277969689986285,0.03003061833924469,1.0636356652951595e-05,-0.00023671499408864372
1379,0,,39.119033333333334,39.11926920398165,38.947873539111065,0.00023587064831787075,-0.17115979422226957,,0.03027866666666667,0.030284219626886145,0.030037899509988468,5.552960219475794e-06,-0.00024076715667820103
1380,1,39.125,39.125,39.125,38.954341685970334,0.0,-0.1706583140296658,0.03029,0.03029,0.03029,0.03004518030345181,0.0,-0.00024481969654819094
1381,0,,39.13055,39.130782090086576,38.96080797366924,0.0002320900865768749,-0.1697420263307592,,0.030293666666666667,0.030295457019502595,0.03005246071965425,1.7903528359286547e-06,-0.00024120594701241768
1382,0,,39.1361,39.136624419925894,38.96727240274217,0.0005244199258953586,-0.16882759725783103,,0.030297333333333336,0.03030075015494722,0.030059740758615353,3.416821613883708e-06,-0.00023759257471798328
1383,0,,39.14165,39.14252346673108,38.97373497372333,0.0008734667310790201,-0.16791502627666688,,0.030301,0.030305884743961353,0.030067020420354657,4.884743961350996e-06,-0.00023397957964534435
1384,0,,39.1472,39.14847570771521,38.980195687146825,0.0012757077152087959,-0.16700431285317308,,0.030304666666666667,0.030310866124172484,0.030074299704891713,6.1994575058163526e-06,-0.00023036696177495403
1385,0,,39.15275,39.15447762009139,38.986654543546564,0.0017276200913940443,-0.1660954564534336,,0.030308333333333333,0.030315699633208088,0.030081578612246064,7.3662998747552055e-06,-0.0002267547210872689
1386,0,,39.1583,39.160525681072755,38.99311154345632,0.0022256810727583343,-0.16518845654367453,,0.030312000000000002,0.030320390608695652,0.030088857142437253,8.39060869564992e-06,-0.00022314285756274907
1387,0,,39.16385,39.16661636787239,38.99956668740972,0.0027663678723968133,-0.16428331259027829,,0.030315666666666668,0.03032494438826266,0.03009613529548482,9.277721595993271e-06,-0.00021953137118184765
1388,0,,39.1694,39.17274615770339,39.00601997594021,0.0033461577033904177,-0.16338002405979068,,0.030319333333333334,0.030329366309536587,0.03010341307140832,1.0032976203253746e-05,-0.00021592026192501432
1389,0,,39.17495,39.17891152777889,39.01247140958111,0.003961527778884033,-0.16247859041889257,,0.030323,0.030333661710144927,0.030110690470227276,1.0661710144927589e-05,-0.00021230952977272302
1390,0,,39.1805,39.18510895531197,39.01892098886558,0.004608955311965701,-0.16157901113442108,,0.03032666666666667,0.030337835927715155,0.030117967491961245,1.1169261048486756e-05,-0.00020869917470542343
1391,0,,39.18605,39.191334917515725,39.02536871432662,0.005284917515723464,-0.1606812856733839,,0.030330333333333334,0.030341894299874755,0.03012524413662976,1.1560966541420553e-05,-0.00020508919670357562
1392,0,,39.1916,39.19758589160329,39.03181458649708,0.005985891603287996,-0.15978541350292375,,0.030334,0.03034584216425121,0.03013252040425235,1.1842164251211346e-05,-0.00020147959574765006
1393,0,,39.19715,39.203858354787755,39.038258605909654,0.006708354787754445,-0.1588913940903467,,0.030337666666666666,0.030349684858471997,0.03013979629484856,1.2018191805331091e-05,-0.00019787037181810685
1394,0,,39.2027,39.210148784282204,39.04470077309689,0.0074487842822037464,-0.15799922690310808,,0.030341333333333335,0.03035342772016461,0.030147071808437925,1.2094386831276033e-05,-0.00019426152489540952
1395,0,,39.20825,39.21645365729978,39.05114108859118,0.008203657299780787,-0.15710891140881955,,0.030345,0.030357076086956522,0.03015434694503998,1.2076086956521598e-05,-0.0001906530549600216
1396,0,,39.2138,39.22276945105357,39.05757955292476,0.008969451053573607,-0.15622044707524196,,0.030348666666666666,0.03036063529647522,0.030161621704674263,1.1968629808553621e-05,-0.0001870449619924032
1397,0,,39.21935,39.22909264275667,39.06401616662971,0.00974264275667025,-0.1553338333702854,,0.030352333333333335,0.030364110686348186,0.030168896087360297,1.1777353014851e-05,-0.00018343724597303865
1398,0,,39.2249,39.23541970962219,39.070450930237975,0.010519709622194284,-0.15444906976202333,,0.030356,0.0303675075942029,0.03017617009311762,1.1507594202899568e-05,-0.0001798299068823811
1399,0,,39.23045,39.24174712886325,39.076883844281326,0.011297128863255068,-0.15356615571867138,,0.030359666666666667,0.030370831357666845,0.03018344372196577,1.1164691000178223e-05,-0.00017622294470089755
1400,0,,39.236,39.24807137769293,39.08331490929139,0.012071377692933538,-0.15268509070860858,,0.030363333333333332,0.030374087314367505,0.03019071697392426,1.07539810341728e-05,-0.00017261635940907238
1401,0,,39.24155,39.25438893332436,39.08974412579964,0.012838933324360369,-0.15180587420035607,,0.030367,0.030377280801932367,0.030197989849012636,1.0280801932365663e-05,-0.00016901015098736566
1402,0,,39.247099999999996,39.26069627297062,39.0961714943374,0.013596272970623602,-0.1509285056625984,,0.030370666666666667,0.030380417157988907,0.030205262347250413,9.75049132223918e-06,-0.0001654043194162548
1403,0,,39.25265,39.26698987384482,39.10259701543583,0.014339873844818385,-0.15005298456416938,,0.030374333333333333,0.030383501720164612,0.030212534468657126,9.168386831279185e-06,-0.00016179886467620683
1404,0,,39.2582,39.273266213160085,39.109020689625964,0.015066213160082498,-0.14917931037403775,,0.030378,0.030386539826086956,0.030219806213252296,8.539826086957636e-06,-0.00015819378674770262
1405,0,,39.26375,39.2795217681295,39.115442517438645,0.015771768129496877,-0.14830748256135706,,0.030381666666666668,0.030389536813383432,0.030227077581055452,7.870146716763837e-06,-0.00015458908561121615
1406,0,,39.2693,39.285753015966165,39.12186249940459,0.016453015966163775,-0.14743750059540872,,0.030385333333333334,0.030392498019681517,0.030234348572086116,7.164686348183624e-06,-0.00015098476124721788
1407,0,,39.27485,39.29195643388321,39.12828063605436,0.017106433883206762,-0.14656936394563758,,0.030389,0.030395428782608695,0.03024161918636381,6.428782608695893e-06,-0.0001473808136361887
1408,0,,39.2804,39.29812849909372,39.134696927918355,0.017728499093720984,-0.1457030720816448,,0.030392666666666665,0.03039833443979245,0.030248889423908052,5.667773125786479e-06,-0.000143777242758613
1409,0,,39.28595,39.3042656888108,39.14111137552683,0.01831568881080159,-0.14483862447316653,,0.030396333333333334,0.03040122032886026,0.03025615928473837,4.88699552692734e-06,-0.0001401740485949647
1410,0,,39.2915,39.310364480247564,39.1475239794099,0.01886448024756504,-0.1439760205901024,,0.0304,0.03040409178743961,0.03026342876887428,4.09178743961125e-06,-0.00013657123112572125
1411,0,,39.29705,39.316421350617105,39.15393474009748,0.019371350617106486,-0.1431152599025154,,0.030403666666666666,0.03040695415315799,0.030270697876335302,3.287486491324043e-06,-0.00013296879033136352
1412,0,,39.3026,39.32243277713253,39.160343658119395,0.019832777132535284,-0.14225634188060354,,0.030407333333333335,0.030409812763642873,0.03027796660714096,2.479430309537678e-06,-0.00012936672619237588
1413,0,,39.30815,39.32839523700696,39.16675073400528,0.020245237006960792,-0.1413992659947212,,0.030411,0.03041267295652174,0.030285234961310754,1.6729565217379894e-06,-0.00012576503868924616
1414,0,,39.3137,39.33430520745348,39.17315596828461,0.020605207453485264,-0.1405440317153861,,0.030414666666666666,0.030415540069422077,0.030292502938864214,8.734027554108126e-07,-0.00012216372780245177
1415,0,,39.31925,39.3401591656852,39.179559361486746,0.020909165685203845,-0.13969063851325103,,0.030418333333333332,0.03041841943997137,0.03029977053982085,8.610663803851337e-08,-0.00011856279351248056
1416,0,,39.324799999999996,39.34595358891523,39.185960914140864,0.021153588915233,-0.13883908585913218,,0.030422,0.0304213164057971,0.030307037764200177,-6.835942029000119e-07,-0.00011496223579982381
1417,0,,39.330349999999996,39.35168495435667,39.19236062677601,0.021334954356674984,-0.13798937322398785,,0.030425666666666667,0.030424236304526748,0.030314304612021708,-1.4303621399189281e-06,-0.00011136205464495896
1418,0,,39.3359,39.35734973922263,39.19875849992104,0.02144973922262494,-0.1371415000789611,,0.030429333333333333,0.0304271844737878,0.030321571083304952,-2.1488595455324e-06,-0.00010776225002838077
1419,0,,39.34145,39.36294442072621,39.20515453410472,0.021494420726206442,-0.1362954658952802,,0.030432999999999998,0.03043016625120773,0.030328837178069418,-2.83374879226847e-06,-0.00010416282193058055
1420,0,,39.347,39.3684654760805,39.21154872985561,0.021465476080500423,-0.13545127014439373,,0.030436666666666667,0.030433186974414026,0.03033610289633462,-3.4796922526413032e-06,-0.00010056377033204611
1421,0,,39.35255,39.37390938249864,39.21794108770213,0.021359382498637558,-0.1346089122978711,,0.030440333333333333,0.030436251981034175,0.03034336823812007,-4.081352299158125e-06,-9.696509521326183e-05
1422,0,,39.3581,39.379272617193706,39.22433160817256,0.02117261719370589,-0.13376839182743794,,0.030444,0.030439366608695652,0.03035063320344527,-4.633391304346979e-06,-9.33667965547294e-05
1423,0,,39.36365,39.38455165737881,39.23072029179504,0.02090165737880767,-0.13292970820496208,,0.030447666666666665,0.030442536195025946,0.030357897792329724,-5.130471640718559e-06,-8.976887433694014e-05
1424,0,,39.3692,39.38974298026706,39.23710713909751,0.020542980267059363,-0.13209286090248895,,0.030451333333333334,0.03044576607765253,0.030365162004792945,-5.567255680804378e-06,-8.617132854038881e-05
1425,0,,39.37475,39.39484306307156,39.24349215060781,0.020093063071563222,-0.13125784939219187,,0.030455,0.030449061594202898,0.030372425840854433,-5.938405797101254e-06,-8.25741591455667e-05
1426,0,,39.3803,39.399848383005406,39.24987532685361,0.019548383005407288,-0.13042467314638628,,0.030458666666666665,0.030452428082304524,0.03037968930053369,-6.238584362140698e-06,-7.897736613297554e-05
1427,0,,39.38585,39.40475541728171,39.25625666836241,0.01890541728171513,-0.12959333163758657,,0.030462333333333334,0.030455870879584897,0.030386952383850224,-6.462453748436875e-06,-7.538094948311008e-05
1428,0,,39.3914,39.409560643113586,39.26263617566159,0.018160643113589003,-0.1287638243384066,,0.030466,0.030459395323671496,0.03039421509082354,-6.60467632850395e-06,-7.178490917646163e-05
1429,0,,39.39695,39.41426053771412,39.26901384927836,0.017310537714124052,-0.1279361507216379,,0.030469666666666666,0.030463006752191806,0.030401477421473123,-6.659914474859557e-06,-6.81892451935423e-05
1430,0,,39.402499999999996,39.41885157829643,39.275389689739775,0.016351578296436742,-0.12711031026022113,,0.03047333333333333,0.030466710502773303,0.030408739375818485,-6.62283056002827e-06,-6.459395751484687e-05
1431,0,,39.408049999999996,39.42333024207362,39.28176369757275,0.015280242073622219,-0.12628630242724626,,0.030477,0.030470511913043476,0.03041600095387912,-6.488086956524253e-06,-6.09990461208805e-05
1432,0,,39.413599999999995,39.427693006258785,39.288135873304036,0.014093006258789842,-0.12546412669595952,,0.030480666666666666,0.030474416320629808,0.03042326215567453,-6.250346036858201e-06,-5.7404510992137975e-05
1433,0,,39.41915,39.43193634806504,39.29450621746025,0.012786348065034758,-0.12464378253974928,,0.030484333333333332,0.03047842906315978,0.0304305229812242,-5.904270173551218e-06,-5.3810352109131404e-05
1434,0,,39.4247,39.43605674470548,39.30087473056784,0.011356744705480537,-0.12382526943216021,,0.030487999999999998,0.030482555478260873,0.03043778343054765,-5.444521739124408e-06,-5.021656945234862e-05
1435,0,,39.43025,39.440050673393216,39.307241413153115,0.00980067339321522,-0.1230085868468862,,0.030491666666666667,0.03048680090356056,0.030445043503664344,-4.865763106105814e-06,-4.6623163002322554e-05
1436,0,,39.4358,39.443914611341356,39.31360626574222,0.008114611341355271,-0.12219373425777746,,0.030495333333333333,0.030491170676686347,0.0304523032005938,-4.162656646985313e-06,-4.30301327395341e-05
1437,0,,39.44135,39.447645035763,39.319969288861174,0.006295035763002943,-0.12138071113882631,,0.030499,0.0304956701352657,0.030459562521355493,-3.329864734297888e-06,-3.943747864450578e-05
1438,0,,39.4469,39.45123842387125,39.326330483035804,0.004338423871253383,-0.1205695169641956,,0.030502666666666664,0.030500304616926103,0.03046682146596892,-2.362049740561173e-06,-3.5845200697742774e-05
1439,0,,39.45245,39.454691252879215,39.33268984879183,0.002241252879215949,-0.11976015120816896,,0.030506333333333333,0.030505079459295044,0.03047408003445358,-1.253874038289332e-06,-3.225329887975373e-05
1440,1,39.458,39.458,39.458,39.33904738665479,0.0,-0.11895261334520768,0.03051,0.03051,0.03051,0.030481338226828955,0.0,-2.866177317104382e-05
1441,0,,39.46028333333333,39.46118363920393,39.34540309715008,0.0009003058706014144,-0.11488023618324661,,0.03051783333333333,0.030515100928469333,0.030488596043114533,-2.732404863998311e-06,-2.9237290218798312e-05
1442,0,,39.46256666666667,39.46426593520524,39.351756980802946,0.001699268538573051,-0.11080968586372109,,0.030525666666666666,0.0305204094125504,0.030495853483329803,-5.25725411626779e-06,-2.9813183336863114e-05
1443,0,,39.46485,39.467250551332874,39.358109038138494,0.0024005513328759776,-0.1067409618615045,,0.030533499999999998,0.030525919507499152,0.03050311054749425,-7.580492500845748e-06,-3.0389452505746872e-05
1444,0,,39.46713333333333,39.470141150915765,39.36445926968166,0.0030078175824357345,-0.1026740636516692,,0.030541333333333334,0.03053162526857157,0.03051036723562736,-9.708064761762558e-06,-3.096609770597211e-05
1445,0,,39.46941666666667,39.47294139728285,39.37080767595724,0.003524730616184968,-0.09860899070942963,,0.030549166666666665,0.030537520751023603,0.030517623547748625,-1.1645915643062471e-05,-3.154311891804054e-05
1446,0,,39.4717,39.4756549537631,39.37715425748986,0.003954953763098956,-0.09454574251013526,,0.030557,0.03054360001011122,0.030524879483877516,-1.3399989888779329e-05,-3.212051612248509e-05
1447,0,,39.47398333333333,39.47828548368542,39.38349901480404,0.004302150352089029,-0.09048431852929184,,0.030564833333333333,0.030549857101090386,0.030532135044033515,-1.4976232242946974e-05,-3.2698289299817884e-05
1448,0,,39.47626666666667,39.480836650378784,39.389841948424106,0.0045699837121162545,-0.08642471824256148,,0.030572666666666665,0.030556286079217065,0.030539390228236117,-1.638058744959925e-05,-3.327643843054756e-05
1449,0,,39.47855,39.48331211717212,39.39618305887424,0.004762117172120384,-0.08236694112575549,,0.0305805,0.030562880999747216,0.030546645036504796,-1.7619000252783873e-05,-3.385496349520359e-05
1450,0,,39.48083333333333,39.48571554739436,39.4025223466785,0.0048822140610340625,-0.07831098665482727,,0.030588333333333332,0.03056963591793681,0.030553899468859023,-1.869741539652081e-05,-3.443386447430849e-05
1451,0,,39.48311666666667,39.488050604374465,39.408859812360774,0.0049339377077970425,-0.07425685430589368,,0.030596166666666667,0.030576544889041803,0.03056115352531829,-1.9621777624864722e-05,-3.501314134837785e-05
1452,0,,39.4854,39.490320951441376,39.41519545644478,0.004920951441377497,-0.07020454355522077,,0.030604,0.030583601968318164,0.03056840720590206,-2.039803168183557e-05,-3.559279409793767e-05
1453,0,,39.48768333333333,39.492530251924016,39.42152927945412,0.004846918590686755,-0.06615405387920958,,0.03061183333333333,0.030590801211021857,0.030575660510629824,-2.103212231147414e-05,-3.6172822703506996e-05
1454,0,,39.48996666666667,39.49468216915135,39.427861281912236,0.004715502484685885,-0.062105384754431725,,0.030619666666666667,0.03059813667240884,0.030582913439521048,-2.1529994257828144e-05,-3.6753227145618766e-05
1455,0,,39.49225,39.496780366452306,39.434191464342405,0.004530366452307533,-0.05805853565759378,,0.0306275,0.030605602407735084,0.030590165992595206,-2.1897592264914084e-05,-3.7334007404792036e-05
1456,0,,39.49453333333333,39.498828507155835,39.44051982726777,0.00429517382250566,-0.05401350606555866,,0.030635333333333334,0.030613192472256547,0.030597418169871778,-2.2140861076786617e-05,-3.791516346155627e-05
1457,0,,39.49681666666667,39.50083025459088,39.44684637121131,0.0040135879242129135,-0.0499702954553598,,0.030643166666666666,0.0306209009212292,0.03060466997137023,-2.2265745437465706e-05,-3.8496695296437455e-05
1458,0,,39.4991,39.50278927208637,39.45317109669587,0.0036892720863690442,-0.04592890330413013,,0.030650999999999998,0.030628721809908995,0.030611921397110033,-2.2278190091002542e-05,-3.9078602889965064e-05
1459,0,,39.50138333333333,39.504709222971265,39.45949400424413,0.00332588963793512,-0.04188932908920151,,0.030658833333333333,0.03063664919355191,0.03061917244711066,-2.2184139781424028e-05,-3.9660886222672026e-05
1460,0,,39.50366666666667,39.5065937705745,39.46581509437863,0.0029271039078295757,-0.03785157228804081,,0.030666666666666665,0.030644677127413898,0.030626423121391584,-2.1989539252767476e-05,-4.0243545275080866e-05
1461,0,,39.50595,39.50844657822501,39.47213436762174,0.0024965782250134794,-0.03381563237825702,,0.0306745,0.030652799666750927,0.030633673419972265,-2.1700333249073667e-05,-4.082658002773493e-05
1462,0,,39.50823333333333,39.51027130925174,39.478451824495714,0.0020379759184123714,-0.029781508837615434,,0.030682333333333332,0.030661010866818956,0.030640923342872176,-2.1322466514376442e-05,-4.140999046115673e-05
1463,0,,39.51051666666667,39.51207162698365,39.48476746552263,0.001554960316980214,-0.02574920114403767,,0.030690166666666668,0.030669304782873955,0.03064817289011078,-2.0861883792713115e-05,-4.199377655588615e-05
1464,0,,39.5128,39.51385119474965,39.49108129122442,0.0010511947496496532,-0.021718708775580353,,0.030698,0.030677675470171892,0.030655422061707547,-2.032452982810712e-05,-4.2577938292452655e-05
1465,0,,39.51508333333333,39.51561367587872,39.49739330212287,0.0005303425453888622,-0.017690031210456425,,0.03070583333333333,0.030686116983968715,0.030662670857681935,-1.971634936461658e-05,-4.316247565139611e-05
1466,0,,39.51736666666667,39.51736273369976,39.50370349873962,-3.932966905040303e-06,-0.013663167927049358,,0.030713666666666667,0.030694623379520402,0.030669919278053417,-1.9043287146264937e-05,-4.374738861324945e-05
1467,0,,39.51965,39.519102031541756,39.51001188159614,-0.0005479684582425648,-0.00963811840385631,,0.0307215,0.03070318871208291,0.03067716732284144,-1.8311287917089497e-05,-4.4332677158559486e-05
1468,0,,39.52193333333333,39.520835232733624,39.516318451213785,-0.0010981005997052762,-0.005614882119544973,,0.030729333333333334,0.03071180703691221,0.03068441499206548,-1.7526296421124105e-05,-4.491834126785568e-05
1469,0,,39.52421666666667,39.522566000604314,39.52262320811373,-0.001650666062353423,-0.001593458552939353,,0.030737166666666666,0.03072047240926425,0.030691662285744985,-1.669425740241648e-05,-4.550438092168138e-05
1470,0,,39.5265,39.524297998482766,39.528926152817014,-0.002202001517233043,0.0024261528170157476,,0.030744999999999998,0.03072917888439501,0.030698909203899425,-1.5821115604986585e-05,-4.6090796100572984e-05
1471,0,,39.52878333333333,39.52603488969792,39.53522728584451,-0.0027484436354114905,0.0064439525111836815,,0.030752833333333333,0.030737920517560448,0.030706155746548253,-1.4912815772885613e-05,-4.667758678508077e-05
1472,0,,39.53106666666667,39.52778033757872,39.54152660771697,-0.0032863290879490137,0.010459941050299904,,0.030760666666666665,0.03074669136401653,0.030713401913710924,-1.3975302650136995e-05,-4.7264752955741146e-05
1473,0,,39.53335,39.529538005454114,39.54782411895497,-0.003811994545884545,0.01447411895497197,,0.0307685,0.030755485479019212,0.0307206477054069,-1.3014520980788452e-05,-4.785229459310092e-05
1474,0,,39.53563333333333,39.531311556653044,39.55411982007895,-0.0043217766802854385,0.0184864867456227,,0.030776333333333333,0.030764296917824466,0.03072789312165563,-1.2036415508866888e-05,-4.844021167770343e-05
1475,0,,39.53791666666667,39.533104654504434,39.5604137116092,-0.004812012162233259,0.022497044942532796,,0.030784166666666668,0.03077311973568825,0.03073513816247657,-1.1046930978416553e-05,-4.9028504190098965e-05
1476,0,,39.5402,39.53492096233725,39.56670579406585,-0.005279037662745623,0.026505794065847965,,0.030792,0.03078194798786653,0.030742382827889176,-1.0052012133471289e-05,-4.961717211082392e-05
1477,0,,39.54248333333333,39.53676414348042,39.572996067968894,-0.0057191898529111995,0.030512734635564698,,0.030799833333333332,0.030790775729615274,0.030749627117912896,-9.057603718058e-06,-5.020621542043552e-05
1478,0,,39.54476666666667,39.5386378612629,39.57928453383817,-0.006128805403768922,0.03451786717150185,,0.030807666666666667,0.03079959701619044,0.030756871032567187,-8.069650476227874e-06,-5.079563409948057e-05
1479,0,,39.54705,39.54054577901362,39.58557119219336,-0.006504220986379039,0.038521192193364584,,0.0308155,0.030808405902847995,0.03076411457187149,-7.094097152004347e-06,-5.138542812850935e-05
1480,0,,39.54933333333333,39.54249156006152,39.59185604355402,-0.006841773271808904,0.04252271022068754,,0.030823333333333335,0.0308171964448439,0.030771357735845262,-6.136888489435138e-06,-5.197559748807215e-05
1481,0,,39.55161666666667,39.544478867735556,39.59813908843952,-0.007137798931111661,0.04652242177284904,,0.030831166666666666,0.030825962697434123,0.03077860052450795,-5.2039692325436815e-06,-5.256614215871577e-05
1482,0,,39.5539,39.546511365364665,39.60442032736911,-0.0073886346353333465,0.050520327369113716,,0.030839,0.03083469871587462,0.030785842937879,-4.301284125377697e-06,-5.315706212099744e-05
1483,0,,39.55618333333333,39.54859271627778,39.610699760861884,-0.007590617055548421,0.054516427528554345,,0.030846833333333334,0.030843398555421363,0.030793084975977856,-3.4347779119710264e-06,-5.374835735547784e-05
1484,0,,39.55846666666667,39.55072658380386,39.616977389436784,-0.007740082862810027,0.05851072277011582,,0.030854666666666666,0.03085205627133031,0.030800326638823965,-2.6103953363540433e-06,-5.434002784270031e-05
1485,0,,39.56075,39.55291663127183,39.6232532136126,-0.007833368728171308,0.06250321361260092,,0.0308625,0.030860665918857434,0.03080756792643677,-1.8340811425675285e-06,-5.4932073563232486e-05
1486,0,,39.56303333333333,39.555166522010644,39.62952723390798,-0.007866811322685408,0.06649390057464899,,0.030870333333333333,0.030869221553258684,0.030814808838835715,-1.1117800746487938e-06,-5.5524494497617705e-05
1487,0,,39.56531666666667,39.55747991934925,39.63579945084142,-0.007836747317419679,0.07048278417475018,,0.03087816666666667,0.030877717229790033,0.030822049376040245,-4.4943687663515086e-07,-5.6117290626423594e-05
1488,0,,39.5676,39.55986048661656,39.64206986493126,-0.0077395133834414764,0.07446986493125962,,0.030886,0.03088614700370745,0.030829289538069793,1.4700370744996638e-07,-5.671046193020737e-05
1489,0,,39.56988333333333,39.562311887141554,39.6483384766957,-0.007571446191775522,0.07845514336236903,,0.030893833333333332,0.030894504930266884,0.030836529324943806,6.71596933551899e-07,-5.730400838952626e-05
1490,0,,39.57216666666667,39.56483778425315,39.654605286652796,-0.00732888241351759,0.082438619986128,,0.030901666666666668,0.03090278506472431,0.030843768736681723,1.1183980576437436e-06,-5.789792998494442e-05
1491,0,,39.57445,39.5674418412803,39.660870295320436,-0.007008158719699509,0.08642029532043694,,0.0309095,0.03091098146233569,0.030851007773302977,1.4814623356916579e-06,-5.849222669702253e-05
1492,0,,39.57673333333333,39.57012772155195,39.66713350321637,-0.006605611781381526,0.0904001698830399,,0.030917333333333335,0.03091908817835699,0.03085824643482701,1.7548450236548607e-06,-5.908689850632476e-05
1493,0,,39.57901666666667,39.57289908839703,39.67339491085821,-0.006117578269638102,0.09437824419153884,,0.030925166666666667,0.030927099268044163,0.030865484721273255,1.9326013774960404e-06,-5.968194539341179e-05
1494,0,,39.5813,39.57575960514449,39.6796545187634,-0.005540394855508168,0.09835451876340073,,0.030933,0.030935008786653187,0.03087272263266115,2.0087866531882936e-06,-6.027736733884778e-05
1495,0,,39.58358333333333,39.57871293512327,39.685912327449245,-0.004870398210059079,0.1023289941159149,,0.030940833333333334,0.030942810789440015,0.030879960169010123,1.977456106680431e-06,-6.087316432321077e-05
1496,0,,39.58586666666667,39.58176274166232,39.69216833743291,-0.004103925004351083,0.10630167076624275,,0.030948666666666666,0.030950499331660615,0.030887197330339615,1.832664993949018e-06,-6.146933632705104e-05
1497,0,,39.58815,39.584912688090576,39.698422549231395,-0.003237311909423113,0.11027254923139651,,0.0309565,0.030958068468570948,0.03089443411666905,1.5684685709463353e-06,-6.206588333095009e-05
1498,0,,39.59043333333333,39.58816643773698,39.704674963361555,-0.0022668955963496273,0.11424163002822496,,0.030964333333333333,0.03096551225542698,0.030901670528017868,1.1789220936454792e-06,-6.266280531546514e-05
1499,0,,39.59271666666667,39.59152765393047,39.7109255803401,-0.0011890127361979808,0.11820891367343478,,0.03097216666666667,0.030972824747484678,0.030908906564405494,6.58080818009138e-07,-6.326010226117423e-05
1500,1,39.595,39.595,39.595,39.71717440068359,0.0,0.12217440068359053,0.03098,0.03098,0.03098,0.030916142225851352,0.0,-6.385777414864846e-05
1501,0,,39.60276666666667,39.598726416057254,39.72342142490845,-0.004040250609413931,0.12065475824178407,,0.0309865,0.03098708071860944,0.030923377512374877,5.807186094393402e-07,-6.31224876251231e-05
1502,0,,39.61053333333333,39.60283881298688,39.72966665353093,-0.007694520346447575,0.11913332019759793,,0.030993,0.030994114511436504,0.030930612423995495,1.1145114365042341e-06,-6.238757600450506e-05
1503,0,,39.6183,39.60732431027728,39.735910087067154,-0.010975689722720006,0.11761008706715614,,0.0309995,0.031001102787467705,0.03093784696073263,1.6027874677054799e-06,-6.165303926736893e-05
1504,0,,39.62606666666667,39.61217002741682,39.742151726033086,-0.01389663924984319,0.11608505936641933,,0.031006000000000002,0.03100804695568954,0.030945081122605703,2.046955689536528e-06,-6.091887739429966e-05
1505,0,,39.633833333333335,39.617363083893885,39.74839157094454,-0.016470249439450413,0.11455823761120598,,0.031012500000000002,0.031014948425088527,0.030952314909634147,2.4484250885255243e-06,-6.018509036585448e-05
1506,0,,39.6416,39.622890599196865,39.754629622317196,-0.018709400803132326,0.1130296223171996,,0.031019,0.031021808604651164,0.03095954832183738,2.8086046511624496e-06,-5.945167816262184e-05
1507,0,,39.649366666666666,39.62873969281413,39.76086588066658,-0.020626973852536423,0.11149921399991314,,0.0310255,0.03102862890336396,0.030966781359234825,3.128903363958102e-06,-5.87186407651763e-05
1508,0,,39.657133333333334,39.634897484234074,39.76710034650806,-0.022235849099260463,0.10996701317472457,,0.031032,0.031035410730213417,0.0309740140218459,3.410730213416341e-06,-5.7985978154099366e-05
1509,0,,39.664899999999996,39.641351092945065,39.77333302035685,-0.023548907054930623,0.10843302035685554,,0.0310385,0.031042155494186048,0.030981246309690028,3.655494186047964e-06,-5.7253690309972544e-05
1510,0,,39.672666666666665,39.648087638435506,39.77956390272804,-0.024579028231158873,0.10689723606137846,,0.031045,0.031048864604268353,0.03098847822278663,3.864604268353361e-06,-5.65217772133704e-05
1511,0,,39.68043333333333,39.655094240193776,39.78579299413657,-0.02533909313955718,0.10535966080323789,,0.0310515,0.03105553946944684,0.03099570976115512,4.039469446839861e-06,-5.579023884487791e-05
1512,0,,39.6882,39.662358017708236,39.79202029509722,-0.02584198229176593,0.10382029509721491,,0.031058000000000002,0.03106218149870801,0.031002940924814912,4.1814987080078525e-06,-5.5059075185090456e-05
1513,0,,39.69596666666666,39.669866090467295,39.798245806124605,-0.026100576199368675,0.10227913945794143,,0.031064500000000002,0.031068792101038377,0.031010171713785426,4.2921010383750735e-06,-5.4328286214575666e-05
1514,0,,39.70373333333333,39.67760557795933,39.80446952773322,-0.026127755373998696,0.1007361943998859,,0.031071,0.03107537268542444,0.03101740212808608,4.372685424438444e-06,-5.3597871913921985e-05
1515,0,,39.7115,39.685563599672705,39.81069146043742,-0.025936400327296383,0.09919146043741733,,0.0310775,0.031081924660852717,0.031024632167736283,4.4246608527157005e-06,-5.2867832263717857e-05
1516,0,,39.71926666666666,39.693727275095824,39.81691160475137,-0.025539391570838177,0.09764493808470576,,0.031084,0.031088449436309694,0.03103186183275545,4.449436309693355e-06,-5.2138167244551725e-05
1517,0,,39.72703333333333,39.70208372371707,39.823129961189125,-0.024949609616264468,0.09609662785579332,,0.0310905,0.031094948420781896,0.031039091123162988,4.448420781896084e-06,-5.1408876837012035e-05
1518,0,,39.7348,39.7106200650248,39.82934653026459,-0.024179934975201434,0.09454653026458715,,0.031097,0.031101423023255817,0.031046320038978316,4.423023255817338e-06,-5.067996102168376e-05
1519,0,,39.74256666666667,39.719323418507415,39.83556131249149,-0.023243248159253938,0.09299464582482386,,0.031103500000000003,0.03110787465271796,0.031053548580220837,4.374652717957506e-06,-4.9951419779165757e-05
1520,0,,39.75033333333333,39.7281809036533,39.84177430838345,-0.02215242968002684,0.09144097505011928,,0.031110000000000002,0.031114304718154847,0.031060776746909963,4.304718154844733e-06,-4.9223253090039526e-05
1521,0,,39.7581,39.73717963995084,39.8479855184539,-0.020920360049160536,0.08988551845390447,,0.031116500000000002,0.031120714628552974,0.031068004539065105,4.214628552972471e-06,-4.8495460934896983e-05
1522,0,,39.76586666666667,39.74630674688841,39.85419494321616,-0.019559919778259882,0.08832827654948971,,0.031123,0.031127105792898842,0.03107523195670566,4.10579289884111e-06,-4.776804329434045e-05
1523,0,,39.77363333333333,39.75554934395439,39.86040258318337,-0.01808398937893685,0.0867692498500432,,0.0311295,0.031133479620178966,0.03108245899985105,3.9796201789649155e-06,-4.7041000148951434e-05
1524,0,,39.7814,39.76489455063717,39.86660843886856,-0.01650544936282472,0.08520843886856255,,0.031136,0.031139837519379848,0.03108968566852066,3.837519379847748e-06,-4.6314331479339194e-05
1525,0,,39.78916666666667,39.77432948642513,39.872812510784584,-0.014837180241535464,0.08364584411791753,,0.0311425,0.031146180899487994,0.031096911962733904,3.6808994879934664e-06,-4.5588037266095643e-05
1526,0,,39.796933333333335,39.78384127080665,39.87901479944415,-0.013092062526688153,0.08208146611081446,,0.031149,0.031152511169489906,0.03110413788251019,3.51116948990593e-06,-4.486211748980923e-05
1527,0,,39.8047,39.793417023270116,39.88521530535982,-0.011282976729880545,0.08051530535982465,,0.031155500000000003,0.03115882973837209,0.03111136342786891,3.3297383720889973e-06,-4.413657213109268e-05
1528,0,,39.812466666666666,39.80304386330392,39.891414029044036,-0.009422803362745924,0.07894736237737021,,0.031162000000000002,0.031165138015121066,0.031118588598829475,3.138015121063875e-06,-4.34114011705275e-05
1529,0,,39.820233333333334,39.81270891039642,39.89761097100906,-0.007524422936917574,0.07737763767572403,,0.031168500000000002,0.031171437408723326,0.031125813395411272,2.9374087233240143e-06,-4.268660458872989e-05
1530,0,,39.828,39.82239928403602,39.903806131767,-0.005600715963986147,0.07580613176699558,,0.031175,0.031177729328165378,0.03113303781763371,2.729328165376743e-06,-4.196218236629176e-05
1531,0,,39.835766666666665,39.832102103711094,39.90999951182986,-0.003664562955570716,0.07423284516319484,,0.0311815,0.031184015182433727,0.031140261865516182,2.515182433725921e-06,-4.123813448381891e-05
1532,0,,39.84353333333333,39.84180448891002,39.91619111170946,-0.0017288444233116707,0.07265777837612575,,0.031188,0.031190296380514883,0.031147485539078087,2.2963805148823457e-06,-4.051446092191366e-05
1533,0,,39.8513,39.85149355912119,39.92238093191748,0.0001935591211861265,0.07108093191747855,,0.0311945,0.031196574331395353,0.031154708838338818,2.074331395353346e-06,-3.9791161661181795e-05
1534,0,,39.85906666666666,39.86115643383299,39.928568972965465,0.0020897671663249184,0.06950230629880139,,0.031201000000000003,0.031202850444061632,0.031161931763317774,1.850444061628903e-06,-3.906823668222911e-05
1535,0,,39.86683333333333,39.87078023253378,39.934755235364804,0.003946899200450105,0.06792190203147186,,0.031207500000000003,0.03120912612750024,0.031169154314034345,1.6261275002371622e-06,-3.834568596565793e-05
1536,0,,39.8746,39.88035207471198,39.940939719626726,0.005752074711978139,0.06633971962672547,,0.031214000000000002,0.031215402790697674,0.031176376490507925,1.4027906976715743e-06,-3.762350949207752e-05
1537,0,,39.88236666666667,39.88985907985594,39.94712242626235,0.007492413189268632,0.06475575959567692,,0.0312205,0.031221681842640445,0.0311835982927579,1.1818426404429372e-06,-3.6901707242100595e-05
1538,0,,39.89013333333333,39.899288367454055,39.953303355782595,0.009155034120723826,0.06317002244926329,,0.031227,0.031227964692315056,0.031190819720803675,9.6469231505511e-07,-3.618027919632602e-05
1539,0,,39.8979,39.9086270569947,39.959482508698294,0.010727056994703332,0.061582508698293736,,0.0312335,0.03123425274870801,0.031198040774664627,7.527487080084827e-07,-3.545922533537346e-05
1540,0,,39.90566666666667,39.91786226796627,39.96565988552008,0.012195601299602288,0.05999321885341402,,0.03124,0.031240547420805818,0.031205261454360155,5.474208058173224e-07,-3.473854563984524e-05
1541,0,,39.91343333333333,39.92698111985715,39.97183548675848,0.013547786523822936,0.058402153425149095,,0.0312465,0.031246850117594985,0.031212481759909635,3.5011759498548845e-07,-3.40182400903645e-05
1542,0,,39.9212,39.93597073215571,39.97800931292384,0.014770732155710675,0.05680931292383917,,0.031253,0.031253162248062016,0.031219701691332466,1.6224806201337039e-07,-3.3298308667537024e-05
1543,0,,39.92896666666667,39.94481822435033,39.98418136452638,0.015851557683660644,0.05521469785971078,,0.0312595,0.031259485221193414,0.031226921248648017,-1.4778806588233717e-08,-3.257875135198596e-05
1544,0,,39.936733333333336,39.953510715929404,39.99035164207616,0.01677738259606798,0.053618308742827026,,0.031266,0.031265820445975694,0.031234140431875692,-1.7955402430852585e-07,-3.185956812431015e-05
1545,0,,39.9445,39.96203532638131,39.99652014608312,0.01753532638131361,0.05202014608312311,,0.0312725,0.03127216933139535,0.031241359241034862,-3.306686046505858e-07,-3.114075896513968e-05
1546,0,,39.95226666666667,39.97037917519443,40.00268687705702,0.01811250852776425,0.0504202103903566,,0.031279,0.0312785332864389,0.03124857767614491,-4.667135611036155e-07,-3.042232385509075e-05
1547,0,,39.960033333333335,39.97852938185716,40.0088518355075,0.01849604852382214,0.04881850217416428,,0.0312855,0.03128491372009284,0.03125579573722522,-5.862799071637559e-07,-2.9704262774779555e-05
1548,0,,39.9678,39.98647306585786,40.01501502194404,0.018673065857861104,0.047215021944040814,,0.031292,0.03129131204134367,0.03126301342429518,-6.879586563271478e-07,-2.898657570481883e-05
1549,0,,39.975566666666666,39.99419734668492,40.02117643687596,0.018630680018254964,0.04560977020929613,,0.0312985,0.03129772965917792,0.031270230737374165,-7.703408220829933e-07,-2.826926262583518e-05
1550,0,,39.983333333333334,40.001689343826726,40.02733608081247,0.01835601049339175,0.044002747479133575,,0.031305,0.031304167982582065,0.03127744767648154,-8.32017417934372e-07,-2.7552323518462152e-05
1551,0,,39.9911,40.00893617677167,40.0334939542626,0.0178361767716666,0.042393954262600175,,0.0313115,0.031310628420542636,0.03128466424163671,-8.715794573635471e-07,-2.6835758363291662e-05
1552,0,,39.998866666666665,40.015924965008104,40.03965005773526,0.017058298341439126,0.040783391068593744,,0.031318,0.03131711238204614,0.03129188043285902,-8.876179538597206e-07,-2.6119567140978073e-05
1553,0,,40.00663333333333,40.02264282802445,40.045804391739175,0.016009494691118675,0.03917105840584156,,0.031324500000000005,0.03132362127607905,0.03129909625016788,-8.787239209537279e-07,-2.5403749832127176e-05
1554,0,,40.0144,40.029076885309074,40.05195695678297,0.014676885309071963,0.03755695678297144,,0.031331000000000005,0.03133015651162791,0.03130631169358263,-8.434883720931374e-07,-2.468830641737252e-05
1555,0,,40.022166666666664,40.03521425635034,40.05810775337511,0.013047589683679917,0.035941086708447756,,0.031337500000000004,0.0313367194976792,0.03131352676312267,-7.805023208018458e-07,-2.397323687733377e-05
1556,0,,40.02993333333333,40.04104206063666,40.06425678202388,0.011108727303330568,0.03432344869055015,,0.031344000000000004,0.03134331164321945,0.03132074145880736,-6.883567805551771e-07,-2.3258541192644477e-05
1557,0,,40.0377,40.046547417656406,40.070404043237474,0.008847417656404843,0.032704043237473,,0.0313505,0.03134993435723514,0.03132795578065608,-5.656427648631501e-07,-2.254421934392431e-05
1558,0,,40.04546666666667,40.05171744689795,40.07654953752389,0.00625078023128367,0.031082870857218836,,0.031357,0.0313565890487128,0.03133516972868818,-4.10951287201089e-07,-2.1830271311820693e-05
1559,0,,40.05323333333333,40.056539267849686,40.08269326539101,0.00330593451635508,0.029459932057676497,,0.0313635,0.03136327712663891,0.03134238330292306,-2.2287336109289013e-07,-2.1116697076939417e-05
1560,1,40.061,40.061,40.061,40.088835227346564,0.0,0.027835227346564295,0.03137,0.03137,0.03137,0.03134959650338007,0.0,-2.0403496619934847e-05
1561,0,,40.06395,40.06521428120379,40.09497542389813,0.0012642812037881868,0.03102542389812868,,0.031377,0.031376752108802565,0.03135680933007858,-2.478911974371223e-07,-2.0190669921420212e-05
1562,0,,40.0669,40.069308015293515,40.101113855553145,0.0024080152935184174,0.03421385555314771,,0.031384,0.03138352647596106,0.03136402178303796,-4.735240389450168e-07,-1.997821696204244e-05
1563,0,,40.06985,40.07328522072387,40.107250522818894,0.003435220723865484,0.03740052281889206,,0.031391,0.031390322384823845,0.03137123386227757,-6.776151761575533e-07,-1.9766137722435073e-05
1564,0,,40.0728,40.07714991594954,40.113385426202534,0.004349915949539707,0.040585426202532915,,0.031398,0.031397139118739335,0.03137844556781678,-8.60881260666968e-07,-1.9554432183224724e-05
1565,0,,40.07575,40.08090611942523,40.119518566211056,0.005156119425230088,0.043768566211056736,,0.031405,0.03140397596105591,0.03138565689967495,-1.024038944093253e-06,-1.9343100325051876e-05
1566,0,,40.0787,40.084557849605645,40.125649943351306,0.0058578496056469476,0.046949943351307866,,0.031412,0.03141083219512196,0.031392867857871445,-1.167804878042522e-06,-1.9132142128557017e-05
1567,0,,40.08165,40.08810912494546,40.13177955813,0.0064591249454579724,0.050129558129995644,,0.031419,0.03141770710428586,0.03140007844242563,-1.2928957141417063e-06,-1.8921557574373693e-05
1568,0,,40.0846,40.09156396389938,40.13790741105369,0.0069639638993805875,0.053307411053687304,,0.031426,0.03142459997189601,0.03140728865335686,-1.400028103989981e-06,-1.871134664314239e-05
1569,0,,40.08755,40.094926384922104,40.1440335026288,0.007376384922103796,0.056483502628800863,,0.031433,0.031431510081300816,0.03141449849068449,-1.489918699186521e-06,-1.8501509315510534e-05
1570,0,,40.0905,40.09820040646832,40.150157833361604,0.007700406468323706,0.05965783336160513,,0.03144,0.03143843671584864,0.03142170795442789,-1.5632841513651963e-06,-1.829204557211167e-05
1571,0,,40.09345,40.10139004699272,40.156280403758224,0.007940046992722216,0.0628304037582268,,0.031447,0.03144537915888789,0.031428917044606416,-1.6208411121113042e-06,-1.8082955393586286e-05
1572,0,,40.0964,40.10449932495001,40.162401214324625,0.008099324950009645,0.06600121432462203,,0.031454,0.03145233669376694,0.031436125761239414,-1.6633062330656534e-06,-1.7874238760588745e-05
1573,0,,40.09935,40.10753225879488,40.168520265566656,0.008182258794882102,0.06917026556665462,,0.031461,0.03145930860383419,0.03144333410434625,-1.6913961658135412e-06,-1.7665895653752595e-05
1574,0,,40.1023,40.11049286698203,40.17463755799,0.00819286698202859,0.07233755799000363,,0.031468,0.03146629417243802,0.03145054207394627,-1.7058275619818986e-06,-1.7457926053732198e-05
1575,0,,40.10525,40.11338516796614,40.180753092100204,0.008135167966145218,0.075503092100206,,0.031475,0.03147329268292684,0.03145774967005884,-1.7073170731629617e-06,-1.7250329941161102e-05
1576,0,,40.1082,40.116213180201925,40.18686686840265,0.008013180201928094,0.07866686840265658,,0.031482,0.031480303418649005,0.0314649568927033,-1.6965813509975392e-06,-1.704310729670061e-05
1577,0,,40.11115,40.118980922144075,40.19297888740262,0.007830922144073327,0.08182888740261518,,0.031489,0.031487325662952925,0.03147216374189901,-1.6743370470778673e-06,-1.6836258100991208e-05
1578,0,,40.1141,40.12169241224728,40.199089149605186,0.007592412247277025,0.08498914960518533,,0.031496,0.03149435869918699,0.031479370217665316,-1.6413008130100604e-06,-1.662978233468726e-05
1579,0,,40.11705,40.12435166896623,40.20519765551534,0.007301668966228192,0.08814765551534265,,0.031503,0.03150140181069959,0.031486576320021574,-1.5981893004141101e-06,-1.642367997842925e-05
1580,0,,40.12,40.12696271075564,40.21130440563788,0.0069627107556442525,0.09130440563788511,,0.03151,0.03150845428083911,0.031493782048987125,-1.5457191608961307e-06,-1.6217951012878484e-05
1581,0,,40.12295,40.12952955607018,40.21740940047749,0.006579556070178683,0.09445940047748991,,0.031517,0.03151551539295393,0.031500987404581314,-1.484607046076114e-06,-1.6012595418689324e-05
1582,0,,40.1259,40.132056223364565,40.22351264053869,0.006156223364563118,0.09761264053868501,,0.031524,0.03152258443039246,0.0315081923868235,-1.4155696075462965e-06,-1.5807613176502255e-05
1583,0,,40.12885,40.13454673109348,40.229614126325856,0.005696731093479457,0.1007641263258563,,0.031531,0.03152966067650306,0.03151539699573302,-1.3393234969405476e-06,-1.560300426698552e-05
1584,0,,40.1318,40.13700509771162,40.23571385834324,0.005205097711623807,0.1039138583432404,,0.031538000000000004,0.031536743414634145,0.03152260123132922,-1.2565853658580428e-06,-1.5398768670786545e-05
1585,0,,40.13475,40.13943534167369,40.24181183709492,0.004685341673692278,0.10706183709492478,,0.031545000000000004,0.0315438319281341,0.031529805093631444,-1.168071865904896e-06,-1.519490636855969e-05
1586,0,,40.1377,40.141841481434376,40.24790806308485,0.004141481434373873,0.11020806308484765,,0.031552000000000004,0.031550925500351296,0.03153700858265903,-1.0744996487080383e-06,-1.4991417340973201e-05
1587,0,,40.14065,40.144227535448366,40.25400253681683,0.0035775354483646993,0.11335253681682644,,0.031559000000000004,0.031558023414634144,0.03154421169843132,-9.765853658597057e-07,-1.4788301568681439e-05
1588,0,,40.1436,40.14659752217038,40.26009525879451,0.002997522170382183,0.11649525879450806,,0.031566000000000004,0.031565124954331024,0.031551414440967665,-8.750456689798902e-07,-1.4585559032338768e-05
1589,0,,40.14655,40.14895546005509,40.266186229521416,0.002405460055094011,0.11963622952141861,,0.031573000000000004,0.03157222940279033,0.031558616810287404,-7.70597209674706e-07,-1.4383189712599553e-05
1590,0,,40.1495,40.15130536755721,40.2722754495009,0.0018053675572033967,0.12277544950089947,,0.03158,0.03157933604336043,0.03156581880640986,-6.63956639564145e-07,-1.4181193590138974e-05
1591,0,,40.15245,40.153651263131415,40.2783629192362,0.0012012631314135547,0.12591291923619963,,0.031587,0.031586444159389736,0.03157302042935438,-5.558406102612601e-07,-1.3979570645618333e-05
1592,0,,40.1554,40.15599716523242,40.2844486392304,0.0005971652324205934,0.12904863923039755,,0.031594,0.03159355303422664,0.031580221679140305,-4.469657733582877e-07,-1.3778320859691995e-05
1593,0,,40.15835,40.158347092314905,40.2905326099864,-2.907685093589407e-06,0.1321826099864012,,0.031601,0.03160066195121951,0.03158742255578696,-3.380487804890975e-07,-1.357744421303514e-05
1594,0,,40.1613,40.16070506283357,40.29661483200702,-0.0005949371664257797,0.1353148320070261,,0.031608,0.03160777019371676,0.031594623059313695,-2.2980628323898689e-07,-1.337694068630213e-05
1595,0,,40.16425,40.16307509524311,40.302695305794906,-0.0011749047568940796,0.1384453057949031,,0.031615,0.03161487704506675,0.03160182318973983,-1.229549332487645e-07,-1.3176810260168148e-05
1596,0,,40.1672,40.16546120799823,40.308774031852536,-0.0017387920017739589,0.14157403185253514,,0.031622,0.03162198178861789,0.0316090229470847,-1.821138211066664e-08,-1.2977052915294496e-05
1597,0,,40.17015,40.1678674195536,40.31485101068228,-0.0022825804463977306,0.14470101068228303,,0.031629,0.03162908370771856,0.03161622233136764,8.370771856225367e-08,-1.2777668632356354e-05
1598,0,,40.1731,40.17029774836394,40.320926242786356,-0.0028022516360550753,0.14782624278635836,,0.031636,0.03163618208571715,0.03162342134260798,1.8208571715000454e-07,-1.2578657392015025e-05
1599,0,,40.17605,40.17275621288394,40.32699972866681,-0.00329378711605699,0.15094972866681644,,0.031643,0.031643276205962065,0.03163061998082504,2.7620596206728854e-07,-1.2380019174959567e-05
1600,0,,40.179,40.175246831568295,40.33307146882558,-0.0037531684317073655,0.15407146882557754,,0.03165,0.031650365351801664,0.03163781824603816,3.6535180166635817e-07,-1.2181753961837405e-05
1601,0,,40.18195,40.17777362287168,40.33914146376445,-0.004176377128317199,0.15719146376444826,,0.031657,0.03165744880658436,0.031645016138266674,4.48806584361916e-07,-1.198386173332372e-05
1602,0,,40.1849,40.18034060524883,40.345209713985035,-0.004559394751169066,0.16030971398503624,,0.031664,0.03166452585365853,0.03165221365752989,5.258536585339701e-07,-1.178634247010757e-05
1603,0,,40.18785,40.18295179715441,40.35127621998884,-0.004898202845588173,0.16342621998884255,,0.031671,0.03167159577637258,0.03165941080384714,5.957763725833454e-07,-1.1589196152857195e-05
1604,0,,40.1908,40.185611217043125,40.35734098227721,-0.005188782956878413,0.16654098227720482,,0.031678,0.03167865785807488,0.03166660757723776,6.578580748831109e-07,-1.139242276224084e-05
1605,0,,40.19375,40.188322883369665,40.363404001351334,-0.00542711663033657,0.1696540013513328,,0.031685,0.031685711382113825,0.03167380397772106,7.113821138271526e-07,-1.119602227894062e-05
1606,0,,40.1967,40.19109081458873,40.36946527771228,-0.005609185411266537,0.1727652777122799,,0.031692,0.03169275563183779,0.031681000005316366,7.556318377954785e-07,-1.099999468363172e-05
1607,0,,40.19965,40.19391902915502,40.37552481186097,-0.005730970844979311,0.17587481186097165,,0.031699,0.0316997898905952,0.031688195660042995,7.898905952027913e-07,-1.0804339957003195e-05
1608,0,,40.2026,40.19681154552322,40.38158260429815,-0.0057884544767787816,0.17898260429815593,,0.031706,0.03170681344173442,0.03169539094192028,8.134417344221601e-07,-1.060905807971635e-05
1609,0,,40.20555,40.199772382148026,40.38763865552447,-0.005777617851975947,0.18208865552446696,,0.031713,0.031713825568603825,0.03170258585096754,8.255686038266541e-07,-1.041414903246024e-05
1610,0,,40.2085,40.20280555748413,40.393692966040405,-0.005694442515867593,0.18519296604040392,,0.03172,0.03172082555455184,0.03170978038720408,8.255545518448537e-07,-1.0219612795916988e-05
1611,0,,40.21145,40.205915089986256,40.39974553634628,-0.005534910013743399,0.18829553634628127,,0.031727,0.03172781268292682,0.03171697455064922,8.126829268220725e-07,-1.002544935077565e-05
1612,0,,40.2144,40.209104998109055,40.405796366942305,-0.005295001890942785,0.19139636694230688,,0.031734,0.031734786237077185,0.03172416834132229,7.86237077186891e-07,-9.831658677711408e-06
1613,0,,40.217349999999996,40.21237930030726,40.41184545832853,-0.004970699692734115,0.19449545832853232,,0.031741,0.0317417455003513,0.03173136175924259,7.455003512985003e-07,-9.63824075740638e-06
1614,0,,40.2203,40.215742015035545,40.41789281100485,-0.004557984964456807,0.19759281100484571,,0.031748,0.031748689756097556,0.03173855480442944,6.897560975577255e-07,-9.445195570556564e-06
1615,0,,40.22325,40.219197160748614,40.42393842547103,-0.004052839251386331,0.2006884254710286,,0.031755,0.031755618287664364,0.03174574747690216,6.182876643653912e-07,-9.25252309783714e-06
1616,0,,40.2262,40.22274875590115,40.4299823022267,-0.0034512440988478943,0.20378230222669913,,0.031762,0.03176253037840008,0.03175293977668006,5.303784000806888e-07,-9.060223319937166e-06
1617,0,,40.22915,40.226400818947866,40.43602444177132,-0.0027491810521311777,0.2068744417713262,,0.031769,0.03176942531165312,0.031760131703782446,4.25311653118321e-07,-8.86829621755264e-06
1618,0,,40.2321,40.230157368343455,40.44206484460424,-0.001942631656547178,0.2099648446042366,,0.031776,0.03177630237077185,0.03176732325822863,3.0237077185135686e-07,-8.676741771365681e-06
1619,0,,40.23505,40.2340224225426,40.44810351122464,-0.0010275774573997865,0.21305351122463634,,0.031783,0.031783160839104686,0.031774514440037926,1.6083910468756013e-07,-8.485559962072287e-06
1620,1,40.238,40.238,40.238,40.45414044213156,0.0,0.21614044213156092,0.03179,0.03179,0.03179,0.03178170524922963,0.0,-8.294750770368453e-06
1621,0,,40.24438333333333,40.242094535469974,40.46017563782391,-0.002288797863357672,0.21579230449057718,,0.03179666666666667,0.031796819944275745,0.03178889568582307,1.5327760907735133e-07,-7.770980843598008e-06
1622,0,,40.250766666666664,40.24630641382275,40.46620909880045,-0.004460252843912826,0.21544243213378422,,0.03180333333333333,0.031803621688923714,0.031796085749837534,2.8835559038459246e-07,-7.24758349579524e-06
1623,0,,40.25715,40.25063357868688,40.47224082555979,-0.006516421313122578,0.2150908255597841,,0.03181,0.031810405906553034,0.031803275441292335,4.059065530359618e-07,-6.724558707663086e-06
1624,0,,40.263533333333335,40.255073973690926,40.47827081860039,-0.008459359642408515,0.21473748526705805,,0.03181666666666667,0.03181717326977286,0.03181046476020678,5.0660310619427e-07,-6.201906459883666e-06
1625,0,,40.26991666666667,40.25962554246345,40.484299078420605,-0.010291124203213542,0.21438241175393813,,0.031823333333333335,0.0318239244511923,0.03181765370660017,5.911178589668165e-07,-5.679626733166854e-06
1626,0,,40.2763,40.264286228633004,40.4903256055186,-0.012013771366994774,0.21402560551860006,,0.03183,0.031830660123420514,0.03182484228049181,6.601234205164119e-07,-5.15771950818783e-06
1627,0,,40.28268333333333,40.26905397582815,40.49635040039242,-0.013629357505180906,0.21366706705909166,,0.031836666666666666,0.031837380959066616,0.031832030481900996,7.142923999503559e-07,-4.636184765670348e-06
1628,0,,40.28906666666666,40.27392672767743,40.502373463539975,-0.015139938989236157,0.21330679687331155,,0.031843333333333335,0.03184408763073976,0.03183921831084703,7.5429740642452e-07,-4.115022486303466e-06
1629,0,,40.29545,40.27890242780942,40.508394795459,-0.016547572190582116,0.21294479545899492,,0.031849999999999996,0.03185078081104907,0.03184640576734922,7.808110490739595e-07,-3.594232650776241e-06
1630,0,,40.301833333333335,40.28397901985267,40.514414396647126,-0.017854313480661688,0.21258106331379167,,0.031856666666666665,0.03185746117260369,0.031853592851426846,7.945059370267904e-07,-3.0738152398193663e-06
1631,0,,40.30821666666667,40.28915444743574,40.52043226760182,-0.01906221923092488,0.2122156009351528,,0.031863333333333334,0.03186412938801276,0.031860779563099226,7.960546794250067e-07,-2.5537702341080215e-06
1632,0,,40.3146,40.29442665418719,40.5264484088204,-0.020173345812807497,0.21184840882040135,,0.03187,0.0318707861298854,0.031867965902385643,7.861298853967247e-07,-2.0340976143590206e-06
1633,0,,40.32098333333333,40.29979358373557,40.53246282080005,-0.021189749597759544,0.2114794874667183,,0.031876666666666664,0.03187743207083075,0.031875151869305396,7.654041640839382e-07,-1.5147973612683607e-06
1634,0,,40.32736666666667,40.305253179709446,40.53847550403783,-0.022113486957223927,0.2111088373711567,,0.03188333333333333,0.03188406788345795,0.03188233746387779,7.345501246147634e-07,-9.958694555459169e-07
1635,0,,40.33375,40.31080338573737,40.54448645903061,-0.02294661426262934,0.21073645903060623,,0.03189,0.03189069424037614,0.0318895226861221,6.942403761381333e-07,-4.77313877901564e-07
1636,0,,40.340133333333334,40.316442145447915,40.550495686275156,-0.023691187885418685,0.21036235294182148,,0.03189666666666666,0.031897311814194446,0.03189670753605763,6.451475277821639e-07,4.086939096870079e-08
1637,0,,40.346516666666666,40.32216740246961,40.55650318626809,-0.024349264197056186,0.20998651960142212,,0.03190333333333333,0.031903921277522014,0.031903892013703666,5.879441886819103e-07,5.586803703341858e-07
1638,0,,40.3529,40.327977100431035,40.56250895950588,-0.02492289956896343,0.20960895950587854,,0.03191,0.03191052330296797,0.03191107611907951,5.233029679724277e-07,1.0761190795058329e-06
1639,0,,40.35928333333333,40.33386918296074,40.56851300648483,-0.025414150372590427,0.20922967315149776,,0.03191666666666667,0.03191711856314145,0.031918259852204436,4.5189647478183215e-07,1.593185537766828e-06
1640,0,,40.36566666666667,40.33984159368729,40.57451532770115,-0.02582507297938008,0.2088486610344802,,0.03192333333333333,0.03192370773065161,0.03192544321309774,3.743973182798732e-07,2.1098797644072964e-06
1641,0,,40.37205,40.345892276239226,40.58051592365087,-0.026157723760775298,0.2084659236508699,,0.03193,0.03193029147810755,0.03193262620177871,2.914781075530337e-07,2.626201778710424e-06
1642,0,,40.378433333333334,40.352019174245115,40.586514794829895,-0.02641415908821898,0.20808146149656181,,0.03193666666666667,0.03193687047811844,0.031939808818266635,2.038114517710632e-07,3.1421515999663363e-06
1643,0,,40.384816666666666,40.358220231333526,40.592511941733974,-0.026596435333139823,0.20769527506730867,,0.03194333333333333,0.031943445403293386,0.031946991062580796,1.1206996005513892e-07,3.657729247465158e-06
1644,0,,40.3912,40.364493391133,40.598507364858726,-0.02670660886699494,0.20730736485872825,,0.03195,0.03195001692624155,0.03195417293474047,1.6926241554193755e-08,4.1729347404692585e-06
1645,0,,40.39758333333334,40.3708365972721,40.60450106469962,-0.026746736061234344,0.206917731366282,,0.03195666666666667,0.03195658571957206,0.03196135443476496,-8.094709461059502e-08,4.68776809828958e-06
1646,0,,40.40396666666667,40.377247793379404,40.610493041751994,-0.02671887328726541,0.2065263750853248,,0.03196333333333334,0.03196315245589404,0.03196853556267353,-1.8087743929723343e-07,5.20222934019543e-06
1647,0,,40.41035,40.38372492308344,40.61648329651102,-0.026625076916559465,0.20613329651101964,,0.03197,0.031969717807816635,0.031975716318485475,-2.8219218336372753e-07,5.7163184854769344e-06
1648,0,,40.41673333333333,40.390265930012774,40.62247182947175,-0.026467403320559413,0.20573849613841588,,0.03197666666666667,0.03197628244794898,0.03198289670222007,-3.8421871768890004e-07,6.230035553403401e-06
1649,0,,40.423116666666665,40.396868757795964,40.628458641129086,-0.026247908870701053,0.20534197446242075,,0.031983333333333336,0.031982847048900205,0.031990076713896594,-4.86284433130757e-07,6.743380563258017e-06
1650,0,,40.429500000000004,40.40353135006158,40.63444373197778,-0.02596864993842729,0.20494373197777804,,0.031990000000000005,0.03198941228327946,0.03199725635353432,-5.877167205473044e-07,7.256353534317028e-06
1651,0,,40.43588333333334,40.41025165043816,40.64042710251246,-0.025631682895173924,0.20454376917912498,,0.031996666666666666,0.03199597882369587,0.032004435621152544,-6.878429707965483e-07,7.7689544858775e-06
1652,0,,40.44226666666667,40.41702760255428,40.646408753227604,-0.025239064112390963,0.20414208656093535,,0.032003333333333335,0.032002547342758564,0.032011614516770516,-7.859905747711893e-07,8.281183437180983e-06
1653,0,,40.44865,40.42385715003848,40.65238868461754,-0.024792849961521313,0.20373868461754086,,0.032010000000000004,0.032009118513076695,0.032018793040407535,-8.814869233084166e-07,8.793040407531483e-06
1654,0,,40.45503333333333,40.43073823651934,40.65836689717646,-0.024295096813993666,0.20333356384312395,,0.032016666666666665,0.03201569300725939,0.03202597119208286,-9.736594072731752e-07,9.304525416191367e-06
1655,0,,40.461416666666665,40.4376688056254,40.664343391398404,-0.02374786104126514,0.20292672473173923,,0.032023333333333334,0.03202227149791578,0.03203314897181577,-1.0618354175512268e-06,9.815638482436884e-06
1656,0,,40.467800000000004,40.44464680098523,40.67031816777729,-0.02315319901477153,0.20251816777728493,,0.03203,0.03202885465765501,0.03204032637962554,-1.1453423449936384e-06,1.032637962553734e-05
1657,0,,40.474183333333336,40.45167016622737,40.676291226806875,-0.02251316710596285,0.20210789347353852,,0.03203666666666667,0.03203544315908621,0.03204750341553145,-1.2235075804584161e-06,1.0836748864775925e-05
1658,0,,40.48056666666667,40.458736844980386,40.68226256898079,-0.021829821686282003,0.20169590231412116,,0.03204333333333333,0.032042037674818516,0.03205468007955274,-1.2956585148174438e-06,1.1346746219408066e-05
1659,0,,40.48695,40.46584478087284,40.68823219479252,-0.02110521912715768,0.20128219479251896,,0.03205,0.032048638877461066,0.03206185637170871,-1.3611225389356663e-06,1.1856371708710012e-05
1660,0,,40.49333333333333,40.4729919175333,40.694200104735394,-0.02034141580003279,0.20086677140206177,,0.03205666666666667,0.03205524743962299,0.03206903229201862,-1.4192270436780285e-06,1.236562535195107e-05
1661,0,,40.49971666666667,40.4801761985903,40.700166299302616,-0.019540468076371553,0.2004496326359444,,0.03206333333333333,0.03206186403391344,0.03207620784050173,-1.4692994198955978e-06,1.287450716840055e-05
1662,0,,40.5061,40.487395567672415,40.70613077898724,-0.01870443232758845,0.20003077898723376,,0.03207,0.03206848933294153,0.03208338301717732,-1.5106670584741355e-06,1.3383017177320822e-05
1663,0,,40.512483333333336,40.494647968408195,40.712093544282176,-0.017835364925140595,0.19961021094884046,,0.03207666666666667,0.0320751240093164,0.032090557822064644,-1.5426573502716479e-06,1.3891155397974253e-05
1664,0,,40.51886666666667,40.5019313444262,40.7180545956802,-0.016935322240470896,0.199187929013533,,0.03208333333333334,0.03208176873564719,0.032097732255182976,-1.5645976861461408e-06,1.4398921849637092e-05
1665,0,,40.52525,40.509243639354985,40.72401393367395,-0.01600636064501515,0.19876393367395195,,0.03209,0.03208842418454306,0.032104906316551565,-1.5758154569417426e-06,1.4906316551564769e-05
1666,0,,40.53163333333333,40.51658279682312,40.729971558755906,-0.015050536510209156,0.1983382254225745,,0.03209666666666667,0.0320950910286131,0.03211208000618969,-1.5756380535719705e-06,1.5413339523019653e-05
1667,0,,40.53801666666667,40.52394676045915,40.73592747141842,-0.014069906207524241,0.19791080475174994,,0.03210333333333334,0.03210176994046648,0.032119253324116595,-1.563392866860136e-06,1.5919990783257176e-05
1668,0,,40.5444,40.53133347389163,40.741881672153696,-0.013066526108374887,0.1974816721536925,,0.03211,0.032108461592712315,0.03212642627035156,-1.5384072876850619e-06,1.6426270351560524e-05
1669,0,,40.550783333333335,40.538740880749124,40.747834161453795,-0.012042452584211105,0.19705082812046015,,0.03211666666666667,0.032115166657959764,0.03213359884491383,-1.500008706904754e-06,1.693217824716431e-05
1670,0,,40.55716666666667,40.54616692466019,40.75378493981066,-0.010999742006475799,0.19661827314399005,,0.03212333333333334,0.03212188580881793,0.03214077104782267,-1.4475245154049743e-06,1.7437714489330902e-05
1671,0,,40.56355,40.55360954925339,40.75973400771604,-0.009940450746611873,0.19618400771604172,,0.032130000000000006,0.03212861971789598,0.032147942879097335,-1.3802821040229118e-06,1.794287909732961e-05
1672,0,,40.56993333333334,40.561066698157276,40.76568136566161,-0.008866635176062232,0.1957480323282681,,0.03213666666666667,0.03213536905780303,0.03215511433875709,-1.2976088636373895e-06,1.8447672090422806e-05
1673,0,,40.57631666666667,40.5685363150004,40.77162701413884,-0.00778035166626978,0.1953103474721729,,0.032143333333333336,0.03214213450114823,0.032162285426821174,-1.1988321851064132e-06,1.8952093487838162e-05
1674,0,,40.5827,40.57601634341133,40.777570953639106,-0.006683656588670317,0.19487095363910356,,0.032150000000000005,0.0321489167205407,0.03216945614330885,-1.0832794593018669e-06,1.9456143308844986e-05
1675,0,,40.589083333333335,40.58350472701862,40.783513184653614,-0.005578606314713852,0.19442985132027957,,0.03215666666666667,0.032155716388589585,0.03217662648823938,-9.502780770817565e-07,1.9959821572712588e-05
1676,0,,40.59546666666667,40.59099940945082,40.78945370767346,-0.00446725721584329,0.19398704100679254,,0.032163333333333335,0.03216253417790403,0.032183796461632004,-7.991554293040881e-07,2.0463128298668642e-05
1677,0,,40.60185,40.59849833433652,40.79539252318955,-0.003351665663480219,0.19354252318954934,,0.032170000000000004,0.03216937076109315,0.03219096606350598,-6.292389068546234e-07,2.096606350597552e-05
1678,0,,40.60823333333334,40.605999445304235,40.801329631692695,-0.0022338880291030705,0.19309629835935738,,0.03217666666666667,0.0321762268107661,0.03219813529388056,-4.3985590057055157e-07,2.1468627213888647e-05
1679,0,,40.61461666666667,40.61350068598255,40.807265033673545,-0.0011159806841192221,0.19264836700687482,,0.032183333333333335,0.032183102999532004,0.03220530415277499,-2.3033380133069548e-07,2.197081944165652e-05
1680,1,40.621,40.621,40.621,40.81319872962261,0.0,0.19219872962261064,0.03219,0.03219,0.03219,0.03221247264020852,0.0,2.247264020851375e-05
1681,0,,40.63008333333334,40.628583124559064,40.81913072003026,-0.0015002087742743697,0.18904738669692023,,0.03219716666666667,0.0321969135237034,0.03221964075620039,-2.5314296327183516e-07,2.247408953371527e-05
1682,0,,40.63916666666667,40.636333165639016,40.82506100538673,-0.002833501027652119,0.18589433872006111,,0.032204333333333335,0.03220383872692792,0.03222680850076986,-4.94606405415654e-07,2.2475167436523946e-05
1683,0,,40.648250000000004,40.64424412003368,40.83098958618209,-0.004005879966321402,0.18273958618208752,,0.032211500000000004,0.03221077544941128,0.03223397587393617,-7.245505887210069e-07,2.2475873936167456e-05
1684,0,,40.657333333333334,40.65230998453688,40.83691646290631,-0.005023348796456162,0.1795831295729755,,0.03221866666666667,0.032217723530891244,0.03224114287571856,-9.431357754288716e-07,2.2476209051887353e-05
1685,0,,40.66641666666667,40.660524755942426,40.84284163604918,-0.005891910724244553,0.1764249693825093,,0.032225833333333335,0.032224682811105534,0.032248309506136275,-1.150522227801043e-06,2.2476172802939065e-05
1686,0,,40.6755,40.66888243104415,40.84876510610037,-0.006617568955846309,0.1732651061003736,,0.032233000000000005,0.0322316531297919,0.03225547576520857,-1.3468702081062545e-06,2.2475765208564147e-05
1687,0,,40.684583333333336,40.67737700663586,40.85468687354942,-0.007206326697478005,0.17010354021608265,,0.03224016666666667,0.03223863432668807,0.032262641652954664,-1.5323399785993619e-06,2.2474986287997212e-05
1688,0,,40.693666666666665,40.686002479511366,40.860606938885695,-0.0076641871552993734,0.16694027221902985,,0.032247333333333336,0.03224562624153179,0.032269807169393816,-1.7070918015490988e-06,2.2473836060479813e-05
1689,0,,40.70275,40.6947528464645,40.86652530259845,-0.007997153535498569,0.1637753025984452,,0.032254500000000005,0.032252628714060795,0.03227697231454526,-1.871285939210321e-06,2.2472314545253502e-05
1690,0,,40.71183333333333,40.70362210428909,40.872441965176776,-0.00821122904424243,0.16060863184344498,,0.03226166666666667,0.03225964158401282,0.032284137088428234,-2.025082653844823e-06,2.2470421761566772e-05
1691,0,,40.72091666666667,40.71260424977893,40.87835692710965,-0.008312416887740426,0.1574402604429821,,0.03226883333333334,0.032266664691125616,0.03229130149106197,-2.1686422077213385e-06,2.246815772863342e-05
1692,0,,40.730000000000004,40.721693279727845,40.884270188885885,-0.008306720272159396,0.1542701888858815,,0.032276000000000006,0.03227369787513691,0.03229846552246572,-2.3021248630947233e-06,2.2465522465715815e-05
1693,0,,40.73908333333333,40.73088319092967,40.89018175099417,-0.008200142403666177,0.1510984176608332,,0.03228316666666667,0.032280740975784455,0.03230562918265871,-2.425690882212894e-06,2.2462515992041632e-05
1694,0,,40.74816666666667,40.740167980178214,40.89609161392303,-0.00799868648845603,0.14792494725636374,,0.03229033333333334,0.03228779383280597,0.03231279247166016,-2.5395005273654014e-06,2.2459138326824668e-05
1695,0,,40.75725,40.74954164426729,40.901999778160885,-0.007708355732710004,0.14474977816088597,,0.03229750000000001,0.032294856285939214,0.03231995538948934,-2.643714060793223e-06,2.2455389489334232e-05
1696,0,,40.766333333333336,40.758998179990726,40.90790624419599,-0.007335153342609146,0.14157291086265644,,0.03230466666666667,0.03230192817492192,0.032327117936165446,-2.7384917447512147e-06,2.2451269498777182e-05
1697,0,,40.775416666666665,40.76853158414233,40.91381101251646,-0.006885082524334507,0.1383943458497967,,0.03231183333333334,0.03230900933949181,0.03233428011170773,-2.8239938415289267e-06,2.244677837439507e-05
1698,0,,40.7845,40.77813585351593,40.91971408361027,-0.00636414648407424,0.13521408361027198,,0.032319,0.03231609961938664,0.032341441916135416,-2.900380613360398e-06,2.2441916135415574e-05
1699,0,,40.79358333333333,40.787804984905335,40.92561545796528,-0.0057783484279951836,0.13203212463194802,,0.03232616666666667,0.032323198854344155,0.032348603349467736,-2.9678123225143627e-06,2.2436682801066365e-05
1700,0,,40.80266666666667,40.79753297510438,40.931515136069166,-0.005133691562285492,0.12884846940249872,,0.03233333333333334,0.03233030688410207,0.032355764411723914,-3.0264492312664926e-06,2.243107839057512e-05
1701,0,,40.81175,40.80731382090687,40.937413118409495,-0.004436179093133319,0.1256631184094914,,0.0323405,0.03233742354839814,0.032362925102923185,-3.076451601857766e-06,2.2425102923183393e-05
1702,0,,40.82083333333333,40.81714151910661,40.94330940547369,-0.003691814226719714,0.12247607214035838,,0.03234766666666667,0.03234454868697011,0.03237008542308477,-3.117979696563855e-06,2.241875641809804e-05
1703,0,,40.82991666666667,40.82701006649746,40.949203997749024,-0.002906600169211515,0.11928733108235434,,0.03235483333333334,0.03235168213955571,0.0323772453722279,-3.151193777632677e-06,2.2412038894560615e-05
1704,0,,40.839,40.8369134598732,40.95509689572264,-0.0020865401267968764,0.11609689572264159,,0.032362,0.03235882374589267,0.03238440495037179,-3.1762541073329653e-06,2.2404950371784915e-05
1705,0,,40.848083333333335,40.84684569602767,40.96098809988153,-0.0012376373056639522,0.1129047665481977,,0.03236916666666667,0.03236597334571874,0.03239156415753568,-3.1933209479334534e-06,2.2397490869005554e-05
1706,0,,40.857166666666664,40.85680077175468,40.966877610712565,-0.0003658949119866861,0.10971094404590076,,0.03237633333333333,0.03237313077877166,0.03239872299373877,-3.2025545616751194e-06,2.238966040543633e-05
1707,0,,40.86625,40.86677268384805,40.97276542870246,0.0005226838480467677,0.10651542870245834,,0.0323835,0.03238029588478916,0.0324058814590003,-3.2041152108405746e-06,2.2381459000297976e-05
1708,0,,40.87533333333333,40.87675542910159,40.97865155433778,0.0014220957682624658,0.1033182210044501,,0.03239066666666667,0.032387468503508994,0.03241303955333949,-3.198163157677736e-06,2.237288667281817e-05
1709,0,,40.88441666666667,40.88674300430914,40.98453598810498,0.0023263376424722537,0.10011932143831359,,0.032397833333333334,0.03239464847466888,0.032420197276775545,-3.1848586644553367e-06,2.236394344221071e-05
1710,0,,40.8935,40.8967294062645,40.99041873049035,0.0032294062644950827,0.09691873049034427,,0.032405,0.032401835638006575,0.0324273546293277,-3.164361993428233e-06,2.235462932769633e-05
1711,0,,40.90258333333333,40.90670863176149,40.99629978198005,0.004125298428157009,0.0937164486467168,,0.03241216666666667,0.03240902983325981,0.03243451161101516,-3.1368334068651582e-06,2.2344944348488827e-05
1712,0,,40.91166666666667,40.91667467759394,41.002179143060104,0.005008010927269879,0.09051247639343529,,0.032419333333333335,0.03241623090016632,0.03244166822185715,-3.1024331670140293e-06,2.2334888523815877e-05
1713,0,,40.92075,40.92662154055566,41.00805681421639,0.005871540555659749,0.0873068142163902,,0.032426500000000004,0.03242343867846386,0.03244882446187289,-3.0613215361435797e-06,2.2324461872884338e-05
1714,0,,40.929833333333335,40.93654321744046,41.01393279593465,0.006709884107124253,0.08409946260131562,,0.03243366666666667,0.03243065300789015,0.032455980331081574,-3.013658776522543e-06,2.231366441490107e-05
1715,0,,40.938916666666664,40.94643370504218,41.01980708870049,0.0075170383755178705,0.0808904220338249,,0.032440833333333335,0.03243787372818294,0.03246313582950244,-2.9596051503988363e-06,2.2302496169107622e-05
1716,0,,40.948,40.956287000154624,41.025679692999354,0.008287000154624025,0.07767969299935373,,0.032448000000000005,0.032445100679079956,0.03247029095715469,-2.899320920048132e-06,2.22909571546831e-05
1717,0,,40.95708333333333,40.96609709957163,41.031550609316575,0.009013766238297194,0.07446727598324543,,0.03245516666666667,0.032452333700318955,0.032477445714057536,-2.8329663477114075e-06,2.2279047390869056e-05
1718,0,,40.966166666666666,40.97585800008698,41.03741983813734,0.009691333420313697,0.07125317147067278,,0.032462333333333336,0.032459572631637665,0.03248460010023019,-2.760701695671275e-06,2.226676689685153e-05
1719,0,,40.975249999999996,40.985563698494516,41.043287379946676,0.010313698494520906,0.06803737994668069,,0.032469500000000005,0.03246681731277382,0.03249175411569185,-2.6826872261825896e-06,2.2254115691844323e-05
1720,0,,40.98433333333333,40.99520819158806,41.0491532352295,0.010874858254730668,0.06481990189616482,,0.03247666666666667,0.03247406758346518,0.03249890776046174,-2.5990832014863297e-06,2.2241093795075106e-05
1721,0,,40.99341666666667,41.00478547616143,41.05501740447057,0.011368809494761933,0.061600737803900074,,0.03248383333333334,0.03248132328344946,0.032506061034559074,-2.510049883878984e-06,2.2227701225736862e-05
1722,0,,41.0025,41.014289549008424,41.06087988815451,0.011789549008426548,0.058379888154512116,,0.032491000000000006,0.032488584252464404,0.032513213938003035,-2.4157475356015312e-06,2.221393800302951e-05
1723,0,,41.011583333333334,41.023714406922885,41.066740686765804,0.012131073589550567,0.0551573534324703,,0.03249816666666667,0.032495850330247766,0.03252036647081284,-2.3163364189018876e-06,2.2199804146173785e-05
1724,0,,41.02066666666666,41.033054046698616,41.07259980078881,0.012387380031952944,0.05193313412214451,,0.03250533333333334,0.03250312135653727,0.03252751863300771,-2.2119767960696035e-06,2.2185299674369607e-05
1725,0,,41.02975,41.04230246512945,41.07845723070771,0.012552465129452628,0.04870723070771277,,0.0325125,0.03251039717107065,0.032534670424606824,-2.102828929352596e-06,2.2170424606823835e-05
1726,0,,41.03883333333333,41.0514536590092,41.0843129770066,0.012620325675868571,0.045479643673267844,,0.03251966666666667,0.032517677613585656,0.03254182184562939,-1.9890530810126594e-06,2.215517896272251e-05
1727,0,,41.047916666666666,41.06050162513167,41.09016704016939,0.012584958465005514,0.04225037350272487,,0.03252683333333334,0.032524962523820033,0.032548972896094625,-1.8708095133046498e-06,2.213956276128637e-05
1728,0,,41.056999999999995,41.06944036029071,41.09601942067987,0.012440360290717933,0.03901942067987818,,0.032534,0.0325322517415115,0.03255612357602171,-1.7482584884973007e-06,2.212357602170839e-05
1729,0,,41.06608333333333,41.07826386128011,41.1018701190217,0.012180527946775044,0.035786785688365796,,0.03254116666666667,0.03253954510639782,0.03256327388542986,-1.6215602688524067e-06,2.2107218763188496e-05
1730,0,,41.07516666666666,41.086966124893685,41.10771913567839,0.011799458227024218,0.03255246901172626,,0.03254833333333334,0.032546842458216714,0.032570423824338265,-1.4908751166248235e-06,2.2090491004926605e-05
1731,0,,41.08425,41.09554114792528,41.113566471133296,0.011291147925284406,0.02931647113329916,,0.0325555,0.032554143636705925,0.032577573392766124,-1.356363294076346e-06,2.2073392766122635e-05
1732,0,,41.093333333333334,41.1039829271687,41.11941212586967,0.010649593835367455,0.026078792536338824,,0.03256266666666667,0.03256144848160318,0.03258472259073264,-1.2181850634895852e-06,2.2055924065969568e-05
1733,0,,41.10241666666666,41.11228545941776,41.1252561003706,0.00986879275109942,0.02283943370393615,,0.03256983333333334,0.03256875683264624,0.03259187141825701,-1.0765006870985805e-06,2.2038084923667323e-05
1734,0,,41.1115,41.120442741466285,41.13109839511904,0.008942741466285042,0.019598395119039935,,0.032577,0.03257606852957284,0.032599019875358404,-9.314704271651264e-07,2.201987535840194e-05
1735,0,,41.12058333333333,41.12844877010809,41.13693901059781,0.00786543677476459,0.016355677264478174,,0.03258416666666667,0.032583383412120706,0.03260616796205605,-7.832545459648954e-07,2.2001295389380282e-05
1736,0,,41.129666666666665,41.136297542137,41.14277794728958,0.006630875470335695,0.013111280622915444,,0.03259133333333333,0.03259070132002759,0.032613315678369115,-6.320133057458044e-07,2.1982345035781448e-05
1737,0,,41.138749999999995,41.14398305434682,41.1486152056769,0.005233054346824417,0.009865205676902633,,0.0325985,0.03259802209303122,0.03262046302431681,-4.779069687835258e-07,2.1963024316805357e-05
1738,0,,41.14783333333333,41.151499303531395,41.15445078624216,0.003665970198063917,0.006617452908827204,,0.03260566666666667,0.03260534557086934,0.03262760999991832,-3.210957973329154e-07,2.1943333251644992e-05
1739,0,,41.15691666666666,41.158840286484505,41.16028468946763,0.001923619817844724,0.0033680228009700386,,0.032612833333333334,0.032612671593279685,0.03263475660519282,-1.6174005364882893e-07,2.1923271859486393e-05
1740,1,41.166,41.166,41.166,41.16611691583543,0.0,0.00011691583543438355,0.03262,0.03262,0.03262,0.03264190284015951,0.0,2.1902840159508663e-05
1741,0,,41.17178333333333,41.17305168451046,41.17194746582754,0.0012683511771314215,0.00016413249421276532,,0.032627500000000004,0.032627332448442764,0.03264904870483759,-1.6755155723968684e-07,2.1548704837587307e-05
1742,0,,41.177566666666664,41.180072175635274,41.17777633992582,0.0025055089686105703,0.00020967325915677293,,0.032635000000000004,0.0326346706986532,0.03265619419924623,-3.293013468019801e-07,2.1194199246225842e-05
1743,0,,41.18335,41.18706086294843,41.18360353861196,0.0037108629484308153,0.0002535386119646432,,0.032642500000000005,0.03264201474431819,0.03266333932340462,-4.852556818174536e-07,2.083932340461725e-05
1744,0,,41.18913333333333,41.19401713602391,41.18942906236754,0.00488380269057842,0.00029572903420671537,,0.032650000000000005,0.03264936457912458,0.03267048407733195,-6.354208754236201e-07,2.048407733194757e-05
1745,0,,41.194916666666664,41.20094038443572,41.19525291167399,0.00602371776905386,0.00033624500732543083,,0.032657500000000006,0.03265672019675926,0.0326776284610474,-7.798032407441147e-07,2.0128461047395907e-05
1746,0,,41.2007,41.20782999775784,41.201075087012605,0.007129997757843398,0.0003750870126069117,,0.032665,0.03266408159090909,0.032684772474570155,-9.184090909095111e-07,1.977247457015524e-05
1747,0,,41.20648333333333,41.21468536556427,41.206895588864526,0.008202032230940404,0.00041225553119517144,,0.0326725,0.03267144875526094,0.03269191611791939,-1.051244739057322e-06,1.9416117919390796e-05
1748,0,,41.212266666666665,41.221505877428996,41.212714417710785,0.00923921076233114,0.0004477510441205368,,0.03268,0.03267882168350169,0.03269905939111429,-1.1783164983111827e-06,1.9059391114288615e-05
1749,0,,41.21805,41.228290922926014,41.21853157403224,0.010240922926016083,0.00048157403224280415,,0.0326875,0.032686200369318186,0.032706202294174036,-1.2996306818155445e-06,1.870229417403474e-05
1750,0,,41.22383333333333,41.2350398916293,41.224347058309654,0.011206558295967284,0.000513724976322294,,0.032695,0.032693584806397315,0.03271334482711781,-1.4151936026871037e-06,1.834482711780827e-05
1751,0,,41.229616666666665,41.24175217311286,41.23016087102361,0.012135506446192323,0.000544204356941691,,0.0327025,0.03270097498842593,0.032720486989964784,-1.5250115740703118e-06,1.7986989964781375e-05
1752,0,,41.2354,41.24842715695066,41.235973012654576,0.013027156950663255,0.0005730126545770986,,0.03271,0.03270837090909091,0.032727628782734136,-1.6290909090957428e-06,1.7628782734133153e-05
1753,0,,41.24118333333333,41.25506423271674,41.24178348368288,0.013880899383408973,0.0006001503495483007,,0.032717500000000004,0.03271577256207913,0.032734770205445046,-1.7274379208731538e-06,1.7270205445042708e-05
1754,0,,41.246966666666665,41.26166278998505,41.247592284588706,0.014696123318387322,0.0006256179220400782,,0.032725000000000004,0.03272317994107745,0.03274191125811668,-1.8200589225539354e-06,1.6911258116675265e-05
1755,0,,41.25275,41.26822221832959,41.2533994158521,0.01547221832959167,0.0006494158521022086,,0.032732500000000005,0.03273059303977273,0.03274905194076822,-1.9069602272756003e-06,1.6551940768216866e-05
1756,0,,41.25853333333333,41.27474190732436,41.25920487795298,0.016208573991029596,0.0006715446196494668,,0.032740000000000005,0.03273801185185186,0.032756192253418845,-1.9881481481479057e-06,1.6192253418839675e-05
1757,0,,41.264316666666666,41.281221246543346,41.26500867137112,0.01690457987668026,0.0006920047044545186,,0.032747500000000006,0.032745436371001684,0.03276333219608771,-2.0636289983222422e-06,1.5832196087701977e-05
1758,0,,41.2701,41.287659625560536,41.27081079658614,0.01755962556053703,0.0007107965861408161,,0.032755000000000006,0.03275286659090909,0.032770471768793996,-2.133409090915306e-06,1.5471768793989815e-05
1759,0,,41.27588333333333,41.29405643394992,41.27661125407755,0.01817310061658617,0.0007279207442181246,,0.0327625,0.03276030250526095,0.03277761097155687,-2.1974947390507316e-06,1.5110971556868413e-05
1760,0,,41.281666666666666,41.300411061285494,41.2824100443247,0.018744394618828153,0.0007433776580327844,,0.03277,0.03276774410774411,0.032784749804395504,-2.2558922558937877e-06,1.4749804395502997e-05
1761,0,,41.28745,41.306722897141256,41.288207167806824,0.01927289714125635,0.0007571678068245546,,0.0327775,0.03277519139204546,0.03279188826732907,-2.3086079545403537e-06,1.438826732906573e-05
1762,0,,41.29323333333333,41.312991331091176,41.294002625002996,0.019757997757842816,0.0007692916696626639,,0.032785,0.03278264435185186,0.032799026360376723,-2.35564814814182e-06,1.4026360376721836e-05
1763,0,,41.29901666666667,41.31921575270927,41.29979641639216,0.020199086042602232,0.0007797497254955488,,0.0327925,0.032790102980850167,0.03280616408355764,-2.3970191498356996e-06,1.3664083557636542e-05
1764,0,,41.3048,41.32539555156951,41.305588542453144,0.020595551569506654,0.0007885424531437479,,0.0328,0.03279756727272728,0.03281330143689098,-2.4327272727248106e-06,1.3301436890975071e-05
1765,0,,41.310583333333334,41.33153011724588,41.31137900366459,0.02094678391254945,0.0007956703312572699,,0.0328075,0.032805037221170036,0.032820438420395906,-2.4627788299674824e-06,1.293842039590265e-05
1766,0,,41.31636666666667,41.337618839312405,41.31716780050505,0.0212521726457382,0.0008011338383795419,,0.032815000000000004,0.032812512819865323,0.03282757503409159,-2.4871801346804112e-06,1.2575034091584503e-05
1767,0,,41.32215,41.343661107343046,41.32295493345291,0.021511107343044955,0.0008049334529118823,,0.032822500000000004,0.032819994062499996,0.032834711277997176,-2.5059375000080486e-06,1.2211277997171976e-05
1768,0,,41.327933333333334,41.349656310911804,41.32874040298644,0.021722977578470193,0.0008070696531063959,,0.032830000000000005,0.032827480942760945,0.03284184715213184,-2.5190572390601518e-06,1.1847152131837235e-05
1769,0,,41.33371666666667,41.35560383959267,41.33452420958375,0.021887172926000176,0.000807542917080184,,0.032837500000000006,0.03283497345433502,0.032848982656514744,-2.5265456649881113e-06,1.1482656514738565e-05
1770,0,,41.3395,41.361503082959636,41.340306353722816,0.02200308295963538,0.000806353722815345,,0.032845,0.0328424715909091,0.03285611779116504,-2.5284090909016843e-06,1.1117791165041191e-05
1771,0,,41.34528333333333,41.3673534305867,41.34608683588151,0.02207009725336917,0.0008035025481802904,,0.0328525,0.03284997534617004,0.03286325255610189,-2.5246538299592003e-06,1.0752556101889521e-05
1772,0,,41.35106666666666,41.373154272047834,41.35186565653751,0.022087605381173603,0.0007989898708515852,,0.03286,0.03285748471380471,0.03287038695134444,-2.515286195291233e-06,1.0386951344441842e-05
1773,0,,41.356849999999994,41.37890499691704,41.35764281616841,0.022054996917049152,0.0007928161684134238,,0.0328675,0.03286499968750001,0.032877520976911864,-2.500312499993662e-06,1.0020976911863377e-05
1774,0,,41.36263333333333,41.3846049947683,41.363418315251636,0.021971661434974976,0.0007849819183078921,,0.032875,0.03287252026094276,0.03288465463282331,-2.4797390572386946e-06,9.654632823305476e-06
1775,0,,41.36841666666666,41.390253655175634,41.369192154264475,0.021836988508972865,0.0007754875978136511,,0.0328825,0.032880046427819866,0.032891787919097915,-2.4535721801360877e-06,9.287919097912545e-06
1776,0,,41.374199999999995,41.395850367713,41.3749643336841,0.021650367713007768,0.0007643336841027804,,0.03289,0.03288757818181819,0.03289892083575485,-2.4218181818094764e-06,8.92083575484981e-06
1777,0,,41.37998333333333,41.40139452195441,41.380734853987526,0.021411188621080157,0.0007515206541981456,,0.0328975,0.03289511551662458,0.03290605338281327,-2.384483375424129e-06,8.553382813268617e-06
1778,0,,41.38576666666666,41.40688550747384,41.38650371565164,0.021118840807176298,0.000737048984980504,,0.032905000000000004,0.03290265842592593,0.032913185560292324,-2.341574074075925e-06,8.185560292320315e-06
1779,0,,41.391549999999995,41.41232271384529,41.3922709191532,0.020772713845296664,0.0007209191532027148,,0.032912500000000004,0.032910206903409095,0.032920317368211154,-2.293096590909316e-06,7.817368211149311e-06
1780,0,,41.39733333333333,41.41770553064275,41.3980364649688,0.020372197309420415,0.0007031316354684236,,0.032920000000000005,0.03291776094276094,0.032927448806588905,-2.2390572390618146e-06,7.448806588900014e-06
1781,0,,41.40311666666666,41.4230333474402,41.40380035357492,0.019916680773540918,0.0006836869082604835,,0.032927500000000005,0.032925320537668355,0.03293457987544474,-2.179462331650117e-06,7.079875444737649e-06
1782,0,,41.408899999999996,41.428305553811654,41.4095625854479,0.01940555381165865,0.0006625854479054283,,0.032935000000000006,0.03293288568181818,0.032941710574797806,-2.114318181825614e-06,6.710574797799684e-06
1783,0,,41.41468333333333,41.43352153933108,41.41532316106394,0.018838205997752766,0.0006398277306089994,,0.0329425,0.03294045636889731,0.03294884090466723,-2.0436311026911236e-06,6.340904667230529e-06
1784,0,,41.42046666666666,41.43868069357249,41.4210820808991,0.01821402690583085,0.00061541423243483,,0.03295,0.032948032592592595,0.03295597086507218,-1.9674074074049752e-06,5.97086507218153e-06
1785,0,,41.426249999999996,41.44378240610987,41.42683934542931,0.017532406109872056,0.0005893454293115497,,0.0329575,0.03295561434659092,0.032963100456031784,-1.885653409083865e-06,5.600456031783219e-06
1786,0,,41.43203333333333,41.448826066517185,41.432594955130355,0.016792733183855546,0.0005616217970256798,,0.032965,0.03296320162457912,0.03297022967756519,-1.7983754208791836e-06,5.229677565186941e-06
1787,0,,41.43781666666666,41.45381106436846,41.43834891047789,0.015994397701796004,0.0005322438112287387,,0.0329725,0.032970794420244115,0.032977358529691546,-1.7055797558868102e-06,4.8585296915440446e-06
1788,0,,41.443599999999996,41.45873678923766,41.44410121194744,0.015136789237665482,0.0005012119474443466,,0.03298,0.03297839272727273,0.03298448701242998,-1.6072727272720133e-06,4.487012429978121e-06
1789,0,,41.44938333333333,41.4636026306988,41.44985186001438,0.014219297365471562,0.0004685266810469102,,0.0329875,0.03298599653935186,0.03299161512579965,-1.50346064814455e-06,4.115125799647457e-06
1790,0,,41.45516666666666,41.46840797832586,41.45560085515393,0.0132413116591934,0.0004341884872687274,,0.032995000000000003,0.032993605850168355,0.03299874286981968,-1.394149831648872e-06,3.7428698196756427e-06
1791,0,,41.46095,41.47315222169282,41.46134819784123,0.012202221692824367,0.0003981978412355147,,0.033002500000000004,0.033001220653409095,0.03300587024450922,-1.2793465909086144e-06,3.3702445092140265e-06
1792,0,,41.46673333333333,41.477834750373695,41.46709388855124,0.011101417040364936,0.0003605552179095639,,0.033010000000000005,0.03300884094276094,0.03301299724988739,-1.1590572390612897e-06,2.9972498873861997e-06
1793,0,,41.472516666666664,41.48245495394245,41.472837927758775,0.009938287275787161,0.00032126109211105813,,0.033017500000000005,0.03301646671191078,0.03302012388597334,-1.033288089223594e-06,2.6238859733365705e-06
1794,0,,41.4783,41.487012221973096,41.47858031593856,0.008712221973098622,0.0002803159385607046,,0.033025,0.03302409795454546,0.03302725015278621,-9.020454545399792e-07,2.250152786209547e-06
1795,0,,41.48408333333333,41.49150594403961,41.48432105356513,0.007422610706278476,0.00023772023180157476,,0.0330325,0.03303173466435185,0.03303437605034512,-7.653356481479578e-07,1.8760503451217825e-06
1796,0,,41.489866666666664,41.49593550971599,41.49006014111292,0.006068843049327199,0.0001934744462559479,,0.03304,0.03303937683501684,0.03304150157866921,-6.231649831572872e-07,1.5015786692107458e-06
1797,0,,41.49565,41.50030030857623,41.49579757905622,0.004650308576231055,0.00014757905622531098,,0.0330475,0.033047024460227274,0.033048626737777614,-4.7553977272629666e-07,1.1267377776139065e-06
1798,0,,41.50143333333333,41.504599730194315,41.501533367869186,0.0031663968609834114,0.00010003453585483157,,0.033055,0.03305467753367003,0.03305575152768946,-3.2246632997168234e-07,7.51527689461795e-07
1799,0,,41.507216666666665,41.50883316414424,41.50726750802581,0.0016164974775776386,5.084135914756871e-05,,0.0330625,0.03306233604903199,0.03306287594842388,-1.639509680101403e-07,3.759484238780031e-07
1800,1,41.513,41.513,41.513,41.513,0.0,0.0,0.03307,0.03307,0.03307,0.03307,0.0,0.0
