time_s,oven_temperature_c,surface_temperature_c,heat_flux_into_herb_w_m2,oven_moisture_kg_kg,surface_moisture_kg_kg,moisture_ratio_flux_out_m_s,moisture_mass_flux_out_kg_m2_s
0,28,28,0,0.01963,2.55,2.024296e-06,0.00165992272
1,28.0088,28.0001916,0.2152101013,0.0196365,2.518152192,1.998812553e-06,0.001639026294
2,28.0176,28.0005321,0.4266975595,0.019643,2.504773515,1.988104412e-06,0.001630245618
3,28.0264,28.00096969,0.6357576989,0.0196495,2.494607526,1.97996642e-06,0.001623572465
4,28.0352,28.00148506,0.8428735045,0.019656,2.486088787,1.97314623e-06,0.001617979908
5,28.044,28.00206703,1.048324126,0.0196625,2.478618197,1.967164557e-06,0.001613074937
6,28.0528,28.00270808,1.252298,0.019669,2.471890246,1.961776997e-06,0.001608657137
7,28.0616,28.00340266,1.454933482,0.0196755,2.465724071,1.956838857e-06,0.001604607862
8,28.0704,28.00414649,1.65633776,0.019682,2.460002102,1.952256082e-06,0.001600849987
9,28.0792,28.00493612,1.856597052,0.0196885,2.454642813,1.94796345e-06,0.001597330029
10,28.088,28.00576869,2.05578266,0.019695,2.449586922,1.943913538e-06,0.001594009101
11,28.0968,28.00664181,2.253954827,0.0197015,2.444789721,1.940070577e-06,0.001590857873
12,28.1056,28.00755339,2.451165324,0.019708,2.440216504,1.936406804e-06,0.001587853579
13,28.1144,28.00850163,2.647459266,0.0197145,2.435839694,1.932900155e-06,0.001584978127
14,28.1232,28.00948494,2.842876421,0.019721,2.43163694,1.929532752e-06,0.001582216856
15,28.132,28.01050191,3.037452188,0.0197275,2.427589833,1.926289867e-06,0.001579557691
16,28.1408,28.01155127,3.231218339,0.019734,2.423682997,1.923159197e-06,0.001576990542
17,28.1496,28.01263186,3.424203599,0.0197405,2.419903426,1.920130341e-06,0.00157450688
18,28.1584,28.01374264,3.6164341,0.019747,2.41624001,1.917194408e-06,0.001572099415
19,28.1672,28.01488265,3.807933747,0.0197535,2.412683165,1.914343732e-06,0.00156976186
20,28.176,28.01605102,3.99872452,0.01976,2.409224554,1.911571643e-06,0.001567488747
21,28.1848,28.01724693,4.188826712,0.0197665,2.405856874,1.908872299e-06,0.001565275285
22,28.1936,28.01846963,4.37825914,0.019773,2.402573683,1.906240546e-06,0.001563117248
23,28.2024,28.01971843,4.567039309,0.0197795,2.399369265,1.903671812e-06,0.001561010886
24,28.2112,28.02099266,4.755183559,0.019786,2.396238519,1.901162015e-06,0.001558952852
25,28.22,28.02229171,4.94270719,0.0197925,2.393176873,1.898707498e-06,0.001556940149
26,28.2288,28.02361502,5.129624563,0.019799,2.390180207,1.896304966e-06,0.001554970072
27,28.2376,28.02496203,5.315949195,0.0198055,2.387244796,1.893951437e-06,0.001553040178
28,28.2464,28.02633225,5.501693837,0.019812,2.384367256,1.891644205e-06,0.001551148248
29,28.2552,28.02772518,5.686870543,0.0198185,2.381544504,1.889380803e-06,0.001549292259
30,28.264,28.02914037,5.87149073,0.019825,2.37877372,1.887158976e-06,0.001547470361
31,28.2728,28.03057739,6.055565235,0.0198315,2.376052319,1.884976655e-06,0.001545680857
32,28.2816,28.03203583,6.239104357,0.019838,2.373377922,1.882831938e-06,0.001543922189
33,28.2904,28.03351528,6.422117905,0.0198445,2.370748335,1.880723068e-06,0.001542192916
34,28.2992,28.03501539,6.60461523,0.019851,2.36816153,1.878648424e-06,0.001540491708
35,28.308,28.03653579,6.786605265,0.0198575,2.365615626,1.876606501e-06,0.001538817331
36,28.3168,28.03807614,6.96809655,0.019864,2.363108876,1.874595901e-06,0.001537168639
37,28.3256,28.03963611,7.149097262,0.0198705,2.360639656,1.872615324e-06,0.001535544566
38,28.3344,28.04121539,7.329615241,0.019877,2.358206447,1.870663557e-06,0.001533944117
39,28.3432,28.04281368,7.50965801,0.0198835,2.355807833,1.868739466e-06,0.001532366362
40,28.352,28.04443069,7.689232795,0.01989,2.353442486,1.866841989e-06,0.001530810431
41,28.3608,28.04606614,7.868346548,0.0198965,2.351109163,1.86497013e-06,0.001529275507
42,28.3696,28.04771976,8.047005958,0.019903,2.348806694,1.863122955e-06,0.001527760823
43,28.3784,28.0493913,8.225217471,0.0199095,2.34653398,1.861299584e-06,0.001526265659
44,28.3872,28.05108051,8.402987305,0.019916,2.344289984,1.859499188e-06,0.001524789334
45,28.396,28.05278714,8.580321459,0.0199225,2.342073731,1.857720985e-06,0.001523331207
46,28.4048,28.05451097,8.757225728,0.019929,2.339884295,1.855964236e-06,0.001521890674
47,28.4136,28.05625177,8.933705713,0.0199355,2.337720805,1.854228244e-06,0.00152046716
48,28.4224,28.05800933,9.109766834,0.019942,2.335582433,1.852512347e-06,0.001519060124
49,28.4312,28.05978343,9.285414335,0.0199485,2.333468395,1.850815916e-06,0.001517669051
50,28.44,28.06157387,9.460653299,0.019955,2.331377947,1.849138358e-06,0.001516293453
51,28.4488,28.06338045,9.63548865,0.0199615,2.329310382,1.847479106e-06,0.001514932867
52,28.4576,28.06520299,9.809925164,0.019968,2.327265027,1.845837622e-06,0.00151358685
53,28.4664,28.0670413,9.983967478,0.0199745,2.325241243,1.844213394e-06,0.001512254983
54,28.4752,28.0688952,10.15762009,0.019981,2.323238417,1.842605934e-06,0.001510936866
55,28.484,28.0707645,10.33088738,0.0199875,2.32125597,1.841014776e-06,0.001509632116
56,28.4928,28.07264906,10.50377359,0.019994,2.319293344,1.839439476e-06,0.00150834037
57,28.5016,28.07454869,10.67628285,0.0200005,2.31735001,1.837879608e-06,0.001507061279
58,28.5104,28.07646323,10.8484192,0.020007,2.315425459,1.836334767e-06,0.001505794509
59,28.5192,28.07839254,11.02018654,0.0200135,2.313519205,1.834804564e-06,0.001504539743
60,28.528,28.08033645,11.19158869,0.02002,2.311630784,1.833288627e-06,0.001503296674
61,28.53906667,28.08234418,11.41806226,0.0200285,2.309759767,1.831785013e-06,0.001502063711
62,28.55013333,28.08440457,11.64321912,0.020037,2.307905721,1.830294977e-06,0.001500841881
63,28.5612,28.08650414,11.86739644,0.0200455,2.306068233,1.828818187e-06,0.001499630913
64,28.57226667,28.08863778,12.09072206,0.020054,2.304246906,1.827354324e-06,0.001498430546
65,28.58333333,28.09080248,12.31327126,0.0200625,2.302441359,1.825903087e-06,0.001497240531
66,28.5944,28.09299617,12.53509585,0.020071,2.300651228,1.824464182e-06,0.001496060629
67,28.60546667,28.09521728,12.75623467,0.0200795,2.298876161,1.823037329e-06,0.00149489061
68,28.61653333,28.09746459,12.97671847,0.020088,2.297115821,1.821622257e-06,0.00149373025
69,28.6276,28.0997371,13.1965725,0.0200965,2.295369882,1.820218705e-06,0.001492579338
70,28.63866667,28.10203394,13.41581814,0.020105,2.29363803,1.818826424e-06,0.001491437668
71,28.64973333,28.10435438,13.63447383,0.0201135,2.291919963,1.81744517e-06,0.00149030504
72,28.6608,28.10669777,13.85255575,0.020122,2.290215389,1.816074711e-06,0.001489181263
73,28.67186667,28.10906353,14.07007834,0.0201305,2.288524026,1.814714821e-06,0.001488066153
74,28.68293333,28.11145115,14.28705458,0.020139,2.286845603,1.813365282e-06,0.001486959531
75,28.694,28.11386015,14.50349627,0.0201475,2.285179856,1.812025884e-06,0.001485861225
76,28.70506667,28.1162901,14.71941422,0.020156,2.283526531,1.810696424e-06,0.001484771068
77,28.71613333,28.1187406,14.93481841,0.0201645,2.281885382,1.809376706e-06,0.001483688899
78,28.7272,28.12121128,15.14971808,0.020173,2.280256172,1.808066538e-06,0.001482614561
79,28.73826667,28.12370179,15.36412189,0.0201815,2.278638671,1.806765737e-06,0.001481547904
80,28.74933333,28.12621182,15.5780379,0.02019,2.277032655,1.805474124e-06,0.001480488782
81,28.7604,28.12874105,15.79147373,0.0201985,2.275437909,1.804191527e-06,0.001479437052
82,28.77146667,28.1312892,16.00443655,0.020207,2.273854223,1.802917778e-06,0.001478392578
83,28.78253333,28.13385601,16.21693317,0.0202155,2.272281394,1.801652715e-06,0.001477355227
84,28.7936,28.1364412,16.42897003,0.020224,2.270719227,1.800396181e-06,0.001476324869
85,28.80466667,28.13904454,16.64055328,0.0202325,2.269167529,1.799148023e-06,0.001475301379
86,28.81573333,28.14166578,16.85168879,0.020241,2.267626115,1.797908092e-06,0.001474284635
87,28.8268,28.14430471,17.06238216,0.0202495,2.266094806,1.796676244e-06,0.00147327452
88,28.83786667,28.14696112,17.27263877,0.020258,2.264573426,1.795452341e-06,0.001472270919
89,28.84893333,28.14963478,17.48246376,0.0202665,2.263061806,1.794236245e-06,0.001471273721
90,28.86,28.15232552,17.6918621,0.020275,2.261559781,1.793027825e-06,0.001470282816
91,28.87106667,28.15503312,17.90083855,0.0202835,2.26006719,1.791826952e-06,0.001469298101
92,28.88213333,28.15775742,18.10939772,0.020292,2.258583877,1.790633502e-06,0.001468319471
93,28.8932,28.16049824,18.31754404,0.0203005,2.257109691,1.789447353e-06,0.001467346829
94,28.90426667,28.16325539,18.5252818,0.020309,2.255644483,1.788268386e-06,0.001466380077
95,28.91533333,28.16602873,18.73261516,0.0203175,2.25418811,1.787096488e-06,0.00146541912
96,28.9264,28.16881807,18.93954813,0.020326,2.252740432,1.785931545e-06,0.001464463867
97,28.93746667,28.17162328,19.14608461,0.0203345,2.251301312,1.784773449e-06,0.001463514228
98,28.94853333,28.1744442,19.35222838,0.020343,2.249870617,1.783622094e-06,0.001462570117
99,28.9596,28.17728068,19.55798311,0.0203515,2.248448218,1.782477375e-06,0.001461631447
100,28.97066667,28.18013257,19.76335238,0.02036,2.247033989,1.781339191e-06,0.001460698137
101,28.98173333,28.18299975,19.96833964,0.0203685,2.245627807,1.780207445e-06,0.001459770105
102,28.9928,28.18588207,20.17294827,0.020377,2.244229551,1.779082041e-06,0.001458847273
103,29.00386667,28.1887794,20.37718157,0.0203855,2.242839105,1.777962884e-06,0.001457929565
104,29.01493333,28.19169162,20.58104274,0.020394,2.241456354,1.776849883e-06,0.001457016904
105,29.026,28.1946186,20.78453491,0.0204025,2.240081186,1.775742949e-06,0.001456109218
106,29.03706667,28.19756022,20.98766112,0.020411,2.238713494,1.774641995e-06,0.001455206436
107,29.04813333,28.20051636,21.19042434,0.0204195,2.23735317,1.773546936e-06,0.001454308487
108,29.0592,28.2034869,21.39282749,0.020428,2.236000111,1.772457689e-06,0.001453415305
109,29.07026667,28.20647173,21.59487341,0.0204365,2.234654215,1.771374172e-06,0.001452526821
110,29.08133333,28.20947074,21.79656487,0.020445,2.233315384,1.770296307e-06,0.001451642972
111,29.0924,28.21248382,21.99790459,0.0204535,2.23198352,1.769224016e-06,0.001450763693
112,29.10346667,28.21551086,22.19889522,0.020462,2.230658529,1.768157223e-06,0.001449888923
113,29.11453333,28.21855176,22.39953936,0.0204705,2.229340318,1.767095854e-06,0.001449018601
114,29.1256,28.22160642,22.59983956,0.020479,2.228028797,1.766039838e-06,0.001448152667
115,29.13666667,28.22467473,22.79979832,0.0204875,2.226723878,1.764989102e-06,0.001447291064
116,29.14773333,28.22775661,22.99941808,0.020496,2.225425473,1.763943578e-06,0.001446433734
117,29.1588,28.23085195,23.19870123,0.0205045,2.224133498,1.762903199e-06,0.001445580623
118,29.16986667,28.23396066,23.39765013,0.020513,2.222847871,1.761867896e-06,0.001444731675
119,29.18093333,28.23708265,23.59626707,0.0205215,2.221568509,1.760837607e-06,0.001443886838
120,29.192,28.24021783,23.79455432,0.02053,2.220295334,1.759812267e-06,0.001443046059
121,29.2002,28.24330369,23.92240778,0.02053783333,2.219028262,1.758792343e-06,0.001442209721
122,29.2084,28.24635406,24.05114862,0.02054566667,2.217767217,1.757777241e-06,0.001441377337
123,29.2166,28.24938572,24.18035702,0.0205535,2.216512128,1.756766902e-06,0.00144054886
124,29.2248,28.25240489,24.30987775,0.02056133333,2.215262921,1.75576127e-06,0.001439724241
125,29.233,28.25541512,24.43962194,0.02056916667,2.214019525,1.754760287e-06,0.001438903435
126,29.2412,28.25841879,24.56953023,0.020577,2.21278187,1.753763896e-06,0.001438086395
127,29.2494,28.26141762,24.69955954,0.02058483333,2.211549888,1.752772044e-06,0.001437273076
128,29.2576,28.26441292,24.82967692,0.02059266667,2.210323511,1.751784676e-06,0.001436463434
129,29.2658,28.26740575,24.95985621,0.0206005,2.209102674,1.750801739e-06,0.001435657426
130,29.274,28.27039696,25.09007608,0.02060833333,2.20788731,1.749823182e-06,0.001434855009
131,29.2822,28.27338725,25.22031877,0.02061616667,2.206677358,1.748848953e-06,0.001434056142
132,29.2904,28.27637723,25.35056926,0.020624,2.205472754,1.747879004e-06,0.001433260783
133,29.2986,28.27936741,25.48081465,0.02063183333,2.204273438,1.746913284e-06,0.001432468893
134,29.3068,28.28235825,25.61104376,0.02063966667,2.20307935,1.745951746e-06,0.001431680432
135,29.315,28.28535013,25.74124683,0.0206475,2.201890429,1.744994344e-06,0.001430895362
136,29.3232,28.28834339,25.87141522,0.02065533333,2.20070662,1.744041029e-06,0.001430113644
137,29.3314,28.29133835,26.00154127,0.02066316667,2.199527865,1.743091759e-06,0.001429335242
138,29.3396,28.29433527,26.13161815,0.020671,2.198354108,1.742146486e-06,0.001428560119
139,29.3478,28.29733441,26.26163972,0.02067883333,2.197185295,1.741205169e-06,0.001427788239
140,29.356,28.30033598,26.39160044,0.02068666667,2.196021372,1.740267764e-06,0.001427019566
141,29.3642,28.30334019,26.52149531,0.0206945,2.194862285,1.739334228e-06,0.001426254067
142,29.3724,28.30634721,26.65131977,0.02070233333,2.193707985,1.738404521e-06,0.001425491707
143,29.3806,28.30935721,26.78106968,0.02071016667,2.192558418,1.737478601e-06,0.001424732453
144,29.3888,28.31237035,26.91074126,0.020718,2.191413537,1.736556429e-06,0.001423976272
145,29.397,28.31538676,27.04033102,0.02072583333,2.19027329,1.735637965e-06,0.001423223132
146,29.4052,28.31840657,27.1698358,0.02073366667,2.189137631,1.734723171e-06,0.001422473
147,29.4134,28.32142989,27.29925264,0.0207415,2.18800651,1.733812008e-06,0.001421725847
148,29.4216,28.32445685,27.42857887,0.02074933333,2.186879883,1.73290444e-06,0.001420981641
149,29.4298,28.32748752,27.55781197,0.02075716667,2.185757703,1.732000429e-06,0.001420240352
150,29.438,28.33052201,27.68694966,0.020765,2.184639925,1.73109994e-06,0.001419501951
151,29.4462,28.33356041,27.81598979,0.02077283333,2.183526504,1.730202936e-06,0.001418766408
152,29.4544,28.33660278,27.94493039,0.02078066667,2.182417397,1.729309384e-06,0.001418033695
153,29.4626,28.33964921,28.07376963,0.0207885,2.181312561,1.728419248e-06,0.001417303784
154,29.4708,28.34269977,28.2025058,0.02079633333,2.180211953,1.727532496e-06,0.001416576647
155,29.479,28.34575451,28.33113732,0.02080416667,2.179115533,1.726649093e-06,0.001415852256
156,29.4872,28.34881349,28.45966272,0.020812,2.178023259,1.725769007e-06,0.001415130586
157,29.4954,28.35187678,28.58808062,0.02081983333,2.176935092,1.724892207e-06,0.001414411609
158,29.5036,28.35494441,28.71638976,0.02082766667,2.175850991,1.724018659e-06,0.001413695301
159,29.5118,28.35801644,28.84458895,0.0208355,2.174770917,1.723148334e-06,0.001412981634
160,29.52,28.36109292,28.97267707,0.02084333333,2.173694834,1.7222812e-06,0.001412270584
161,29.5282,28.36417388,29.10065311,0.02085116667,2.172622701,1.721417228e-06,0.001411562127
162,29.5364,28.36725936,29.22851609,0.020859,2.171554484,1.720556387e-06,0.001410856237
163,29.5446,28.3703494,29.35626512,0.02086683333,2.170490144,1.719698648e-06,0.001410152892
164,29.5528,28.37344403,29.48389936,0.02087466667,2.169429646,1.718843984e-06,0.001409452067
165,29.561,28.37654328,29.61141804,0.0208825,2.168372955,1.717992364e-06,0.001408753738
166,29.5692,28.37964718,29.73882043,0.02089033333,2.167320035,1.717143762e-06,0.001408057885
167,29.5774,28.38275577,29.86610586,0.02089816667,2.166270853,1.716298149e-06,0.001407364482
168,29.5856,28.38586905,29.9932737,0.020906,2.165225374,1.715455499e-06,0.001406673509
169,29.5938,28.38898707,30.12032336,0.02091383333,2.164183565,1.714615785e-06,0.001405984944
170,29.602,28.39210983,30.2472543,0.02092166667,2.163145393,1.713778981e-06,0.001405298765
171,29.6102,28.39523736,30.37406601,0.0209295,2.162110826,1.712945061e-06,0.00140461495
172,29.6184,28.39836968,30.50075802,0.02093733333,2.161079832,1.712113999e-06,0.001403933479
173,29.6266,28.4015068,30.6273299,0.02094516667,2.160052379,1.71128577e-06,0.001403254331
174,29.6348,28.40464875,30.75378125,0.020953,2.159028437,1.710460349e-06,0.001402577487
175,29.643,28.40779553,30.8801117,0.02096083333,2.158007974,1.709637713e-06,0.001401902924
176,29.6512,28.41094716,31.00632089,0.02096866667,2.156990962,1.708817836e-06,0.001401230625
177,29.6594,28.41410366,31.13240851,0.0209765,2.155977369,1.708000695e-06,0.00140056057
178,29.6676,28.41726503,31.25837428,0.02098433333,2.154967167,1.707186267e-06,0.001399892739
179,29.6758,28.42043128,31.38421792,0.02099216667,2.153960327,1.706374528e-06,0.001399227113
180,29.684,28.42360243,31.50993919,0.021,2.152956821,1.705565456e-06,0.001398563674
181,29.68988333,28.42672805,31.57888217,0.0210085,2.151956626,1.704758501e-06,0.00139790197
182,29.69576667,28.42981937,31.64868238,0.021017,2.150959713,1.703954171e-06,0.00139724242
183,29.70165,28.43289006,31.71899862,0.0210255,2.149966055,1.703152444e-06,0.001396585004
184,29.70753333,28.43594519,31.78970357,0.021034,2.148975622,1.702353298e-06,0.001395929704
185,29.71341667,28.43898772,31.86072361,0.0210425,2.147988389,1.701556711e-06,0.001395276503
186,29.7193,28.44201964,31.932009,0.021051,2.147004328,1.700762662e-06,0.001394625383
187,29.72518333,28.44504241,32.00352319,0.0210595,2.146023414,1.699971131e-06,0.001393976328
188,29.73106667,28.44805715,32.07523787,0.021068,2.145045622,1.699182097e-06,0.00139332932
189,29.73695,28.45106479,32.14713026,0.0210765,2.144070925,1.69839554e-06,0.001392684343
190,29.74283333,28.45406607,32.21918151,0.021085,2.143099299,1.697611439e-06,0.00139204138
191,29.74871667,28.45706164,32.2913757,0.0210935,2.14213072,1.696829776e-06,0.001391400416
192,29.7546,28.46005203,32.36369916,0.021102,2.141165163,1.69605053e-06,0.001390761435
193,29.76048333,28.46303773,32.43613998,0.0211105,2.140202604,1.695273683e-06,0.00139012442
194,29.76636667,28.46601916,32.50868766,0.021119,2.13924302,1.694499216e-06,0.001389489357
195,29.77225,28.46899669,32.58133287,0.0211275,2.138286388,1.69372711e-06,0.00138885623
196,29.77813333,28.47197064,32.65406723,0.021136,2.137332684,1.692957347e-06,0.001388225025
197,29.78401667,28.47494134,32.7268832,0.0211445,2.136381886,1.692189909e-06,0.001387595725
198,29.7899,28.47790904,32.7997739,0.021153,2.135433971,1.691424777e-06,0.001386968317
199,29.79578333,28.48087401,32.87273307,0.0211615,2.134488918,1.690661934e-06,0.001386342786
200,29.80166667,28.48383647,32.94575496,0.02117,2.133546704,1.689901363e-06,0.001385719118
201,29.80755,28.48679663,33.01883425,0.0211785,2.132607308,1.689143046e-06,0.001385097298
202,29.81343333,28.48975469,33.09196604,0.021187,2.131670708,1.688386967e-06,0.001384477313
203,29.81931667,28.49271084,33.16514578,0.0211955,2.130736885,1.687633108e-06,0.001383859148
204,29.8252,28.49566523,33.23836922,0.021204,2.129805816,1.686881453e-06,0.001383242791
205,29.83108333,28.49861804,33.31163241,0.0212125,2.128877481,1.686131985e-06,0.001382628228
206,29.83696667,28.5015694,33.38493163,0.021221,2.127951861,1.685384689e-06,0.001382015445
207,29.84285,28.50451946,33.45826341,0.0212295,2.127028935,1.684639548e-06,0.001381404429
208,29.84873333,28.50746835,33.53162447,0.021238,2.126108683,1.683896547e-06,0.001380795168
209,29.85461667,28.5104162,33.60501173,0.0212465,2.125191087,1.683155669e-06,0.001380187649
210,29.8605,28.51336311,33.67842228,0.021255,2.124276125,1.6824169e-06,0.001379581858
211,29.86638333,28.5163092,33.75185337,0.0212635,2.123363781,1.681680225e-06,0.001378977784
212,29.87226667,28.51925457,33.82530238,0.021272,2.122454034,1.680945627e-06,0.001378375414
213,29.87815,28.52219933,33.89876685,0.0212805,2.121546866,1.680213093e-06,0.001377774736
214,29.88403333,28.52514356,33.97224442,0.021289,2.120642259,1.679482607e-06,0.001377175738
215,29.88991667,28.52808735,34.04573287,0.0212975,2.119740195,1.678754156e-06,0.001376578408
216,29.8958,28.5310308,34.11923006,0.021306,2.118840655,1.678027724e-06,0.001375982734
217,29.90168333,28.53397398,34.19273396,0.0213145,2.117943622,1.677303297e-06,0.001375388704
218,29.90756667,28.53691696,34.26624264,0.021323,2.117049078,1.676580863e-06,0.001374796307
219,29.91345,28.53985983,34.33975425,0.0213315,2.116157007,1.675860405e-06,0.001374205532
220,29.91933333,28.54280265,34.41326702,0.02134,2.11526739,1.675141912e-06,0.001373616368
221,29.92521667,28.5457455,34.48677926,0.0213485,2.114380211,1.674425369e-06,0.001373028802
222,29.9311,28.54868843,34.56028935,0.021357,2.113495453,1.673710763e-06,0.001372442825
223,29.93698333,28.5516315,34.63379573,0.0213655,2.1126131,1.67299808e-06,0.001371858426
224,29.94286667,28.55457479,34.70729691,0.021374,2.111733135,1.672287308e-06,0.001371275593
225,29.94875,28.55751834,34.78079146,0.0213825,2.110855542,1.671578434e-06,0.001370694316
226,29.95463333,28.56046221,34.854278,0.021391,2.109980306,1.670871444e-06,0.001370114584
227,29.96051667,28.56340646,34.92775522,0.0213995,2.109107409,1.670166327e-06,0.001369536388
228,29.9664,28.56635113,35.00122184,0.021408,2.108236837,1.669463069e-06,0.001368959717
229,29.97228333,28.56929627,35.07467663,0.0214165,2.107368574,1.668761659e-06,0.00136838456
230,29.97816667,28.57224193,35.14811842,0.021425,2.106502604,1.668062083e-06,0.001367810908
231,29.98405,28.57518816,35.22154607,0.0214335,2.105638913,1.667364331e-06,0.001367238751
232,29.98993333,28.57813499,35.29495849,0.021442,2.104777486,1.666668389e-06,0.001366668079
233,29.99581667,28.58108248,35.36835461,0.0214505,2.103918307,1.665974246e-06,0.001366098882
234,30.0017,28.58403066,35.44173342,0.021459,2.103061363,1.66528189e-06,0.00136553115
235,30.00758333,28.58697958,35.51509394,0.0214675,2.102206638,1.66459131e-06,0.001364964875
236,30.01346667,28.58992926,35.5884352,0.021476,2.101354118,1.663902495e-06,0.001364400046
237,30.01935,28.59287975,35.6617563,0.0214845,2.10050379,1.663215432e-06,0.001363836654
238,30.02523333,28.59583108,35.73505635,0.021493,2.099655638,1.66253011e-06,0.001363274691
239,30.03111667,28.59878329,35.80833448,0.0215015,2.098809649,1.66184652e-06,0.001362714146
240,30.037,28.60173641,35.88158986,0.02151,2.09796581,1.661164648e-06,0.001362155011
241,30.05028333,28.60485158,36.13579383,0.02151666667,2.097124089,1.660485938e-06,0.001361598469
242,30.06356667,28.60809294,36.38684307,0.02152333333,2.096284478,1.659808916e-06,0.001361043311
243,30.07685,28.61141696,36.63582606,0.02153,2.095446967,1.659133574e-06,0.00136048953
244,30.09013333,28.6148074,36.88314824,0.02153666667,2.094611545,1.658459903e-06,0.00135993712
245,30.10341667,28.61825492,37.12904363,0.02154333333,2.0937782,1.657787893e-06,0.001359386072
246,30.1167,28.6217532,37.37366999,0.02155,2.092946919,1.657117535e-06,0.001358836379
247,30.12998333,28.62529761,37.61714303,0.02155666667,2.09211769,1.656448818e-06,0.001358288031
248,30.14326667,28.62888458,37.85955221,0.02156333333,2.091290501,1.655781734e-06,0.001357741022
249,30.15655,28.63251122,38.10096942,0.02157,2.090465339,1.655116271e-06,0.001357195343
250,30.16983333,28.63617517,38.34145401,0.02157666667,2.089642193,1.654452421e-06,0.001356650985
251,30.18311667,28.63987442,38.58105605,0.02158333333,2.088821051,1.653790174e-06,0.001356107942
252,30.1964,28.64360726,38.8198185,0.02159,2.088001899,1.653129519e-06,0.001355566206
253,30.20968333,28.64737218,39.05777874,0.02159666667,2.087184727,1.652470449e-06,0.001355025768
254,30.22296667,28.65116788,39.29496968,0.02160333333,2.086369523,1.651812952e-06,0.001354486621
255,30.23625,28.65499318,39.53142055,0.02161,2.085556275,1.65115702e-06,0.001353948756
256,30.24953333,28.65884703,39.76715757,0.02161666667,2.084744971,1.650502644e-06,0.001353412168
257,30.26281667,28.66272849,40.0022044,0.02162333333,2.083935601,1.649849814e-06,0.001352876847
258,30.2761,28.6666367,40.23658252,0.02163,2.083128151,1.649198521e-06,0.001352342787
259,30.28938333,28.67057087,40.47031158,0.02163666667,2.082322613,1.648548757e-06,0.00135180998
260,30.30266667,28.67453028,40.7034096,0.02164333333,2.081518973,1.647900512e-06,0.00135127842
261,30.31595,28.67851427,40.93589321,0.02165,2.080717221,1.647253777e-06,0.001350748097
262,30.32923333,28.68252222,41.16777779,0.02165666667,2.079917347,1.646608544e-06,0.001350219006
263,30.34251667,28.68655356,41.39907766,0.02166333333,2.079119339,1.645964804e-06,0.00134969114
264,30.3558,28.69060775,41.62980613,0.02167,2.078323186,1.645322549e-06,0.00134916449
265,30.36908333,28.69468431,41.85997569,0.02167666667,2.077528878,1.644681769e-06,0.001348639051
266,30.38236667,28.69878275,42.08959802,0.02168333333,2.076736405,1.644042457e-06,0.001348114815
267,30.39565,28.70290264,42.31868412,0.02169,2.075945756,1.643404604e-06,0.001347591776
268,30.40893333,28.70704356,42.54724434,0.02169666667,2.07515692,1.642768202e-06,0.001347069926
269,30.42221667,28.71120513,42.77528846,0.02170333333,2.074369887,1.642133243e-06,0.001346549259
270,30.4355,28.71538697,43.00282574,0.02171,2.073584647,1.641499718e-06,0.001346029768
271,30.44878333,28.71958874,43.22986495,0.02171666667,2.07280119,1.640867619e-06,0.001345511447
272,30.46206667,28.72381009,43.45641443,0.02172333333,2.072019506,1.640236938e-06,0.001344994289
273,30.47535,28.72805072,43.6824821,0.02173,2.071239586,1.639607668e-06,0.001344478288
274,30.48863333,28.73231031,43.90807551,0.02173666667,2.070461418,1.638979801e-06,0.001343963437
275,30.50191667,28.73658859,44.13320188,0.02174333333,2.069684994,1.638353329e-06,0.001343449729
276,30.5152,28.74088528,44.35786808,0.02175,2.068910304,1.637728243e-06,0.001342937159
277,30.52848333,28.7452001,44.58208071,0.02175666667,2.068137338,1.637104537e-06,0.001342425721
278,30.54176667,28.74953282,44.80584608,0.02176333333,2.067366087,1.636482203e-06,0.001341915407
279,30.55505,28.75388319,45.02917024,0.02177,2.066596542,1.635861234e-06,0.001341406212
280,30.56833333,28.75825097,45.252059,0.02177666667,2.065828693,1.635241621e-06,0.001340898129
281,30.58161667,28.76263595,45.47451794,0.02178333333,2.065062531,1.634623358e-06,0.001340391153
282,30.5949,28.7670379,45.69655244,0.02179,2.064298046,1.634006437e-06,0.001339885278
283,30.60818333,28.77145663,45.91816767,0.02179666667,2.063535231,1.633390851e-06,0.001339380498
284,30.62146667,28.77589192,46.13936862,0.02180333333,2.062774075,1.632776594e-06,0.001338876807
285,30.63475,28.7803436,46.3601601,0.02181,2.062014571,1.632163656e-06,0.001338374198
286,30.64803333,28.78481146,46.58054675,0.02181666667,2.061256708,1.631552033e-06,0.001337872667
287,30.66131667,28.78929534,46.80053305,0.02182333333,2.060500479,1.630941716e-06,0.001337372207
288,30.6746,28.79379507,47.02012336,0.02183,2.059745874,1.6303327e-06,0.001336872814
289,30.68788333,28.79831046,47.23932186,0.02183666667,2.058992886,1.629724976e-06,0.00133637448
290,30.70116667,28.80284136,47.45813262,0.02184333333,2.058241506,1.629118538e-06,0.001335877201
291,30.71445,28.80738762,47.67655958,0.02185,2.057491724,1.628513379e-06,0.001335380971
292,30.72773333,28.81194907,47.89460657,0.02185666667,2.056743534,1.627909494e-06,0.001334885785
293,30.74101667,28.81652558,48.11227728,0.02186333333,2.055996926,1.627306874e-06,0.001334391636
294,30.7543,28.82111699,48.32957531,0.02187,2.055251892,1.626705513e-06,0.001333898521
295,30.76758333,28.82572317,48.54650416,0.02187666667,2.054508424,1.626105406e-06,0.001333406433
296,30.78086667,28.83034398,48.76306723,0.02188333333,2.053766515,1.625506545e-06,0.001332915367
297,30.79415,28.83497929,48.97926781,0.02189,2.053026155,1.624908924e-06,0.001332425318
298,30.80743333,28.83962897,49.19510912,0.02189666667,2.052287338,1.624312537e-06,0.00133193628
299,30.82071667,28.84429289,49.41059429,0.02190333333,2.051550055,1.623717377e-06,0.001331448249
300,30.834,28.84897095,49.62572636,0.02191,2.050814298,1.623123439e-06,0.00133096122
301,30.84165,28.85354035,49.70274123,0.021917,2.050080063,1.622530451e-06,0.00133047497
302,30.8493,28.85802832,49.78179191,0.021924,2.049347342,1.621938673e-06,0.001329989712
303,30.85695,28.86246792,49.86205202,0.021931,2.048616125,1.6213481e-06,0.001329505442
304,30.8646,28.8668714,49.94321512,0.021938,2.047886405,1.620758724e-06,0.001329022154
305,30.87225,28.87124579,50.02510522,0.021945,2.047158175,1.62017054e-06,0.001328539843
306,30.8799,28.87559583,50.10760429,0.021952,2.046431427,1.619583541e-06,0.001328058504
307,30.88755,28.87992495,50.19062633,0.021959,2.045706152,1.618997722e-06,0.001327578132
308,30.8952,28.88423579,50.27410523,0.021966,2.044982345,1.618413076e-06,0.001327098723
309,30.90285,28.88853047,50.35798823,0.021973,2.044259998,1.617829598e-06,0.001326620271
310,30.9105,28.89281072,50.44223208,0.02198,2.043539103,1.617247282e-06,0.001326142771
311,30.91815,28.89707798,50.52680056,0.021987,2.042819653,1.616666122e-06,0.00132566622
312,30.9258,28.90133349,50.61166282,0.021994,2.042101641,1.616086113e-06,0.001325190613
313,30.93345,28.90557831,50.6967922,0.022001,2.041385061,1.615507248e-06,0.001324715944
314,30.9411,28.90981338,50.78216545,0.022008,2.040669904,1.614929523e-06,0.001324242209
315,30.94875,28.91403952,50.86776204,0.022015,2.039956164,1.614352932e-06,0.001323769404
316,30.9564,28.91825745,50.95356375,0.022022,2.039243835,1.613777468e-06,0.001323297524
317,30.96405,28.92246783,51.03955425,0.022029,2.03853291,1.613203128e-06,0.001322826565
318,30.9717,28.92667125,51.12571882,0.022036,2.03782338,1.612629904e-06,0.001322356522
319,30.97935,28.93086823,51.21204414,0.022043,2.037115241,1.612057793e-06,0.00132188739
320,30.987,28.93505928,51.29851809,0.02205,2.036408485,1.611486788e-06,0.001321419166
321,30.99465,28.93924482,51.38512958,0.022057,2.035703106,1.610916885e-06,0.001320951846
322,31.0023,28.94342526,51.47186843,0.022064,2.034999097,1.610348078e-06,0.001320485424
323,31.00995,28.94760099,51.55872526,0.022071,2.034296452,1.609780362e-06,0.001320019897
324,31.0176,28.95177234,51.64569143,0.022078,2.033595164,1.609213731e-06,0.001319555259
325,31.02525,28.95593964,51.7327589,0.022085,2.032895226,1.608648181e-06,0.001319091509
326,31.0329,28.96010319,51.81992022,0.022092,2.032196634,1.608083707e-06,0.00131862864
327,31.04055,28.96426326,51.90716843,0.022099,2.031499379,1.607520303e-06,0.001318166648
328,31.0482,28.96842012,51.99449706,0.022106,2.030803456,1.606957965e-06,0.001317705531
329,31.05585,28.972574,52.08190002,0.022113,2.030108859,1.606396687e-06,0.001317245283
330,31.0635,28.97672513,52.16937164,0.02212,2.029415581,1.605836465e-06,0.001316785901
331,31.07115,28.98087374,52.25690657,0.022127,2.028723617,1.605277293e-06,0.00131632738
332,31.0788,28.98502001,52.34449977,0.022134,2.02803296,1.604719168e-06,0.001315869718
333,31.08645,28.98916414,52.43214652,0.022141,2.027343604,1.604162083e-06,0.001315412908
334,31.0941,28.99330631,52.51984232,0.022148,2.026655544,1.603606035e-06,0.001314956949
335,31.10175,28.99744668,52.60758297,0.022155,2.025968773,1.603051018e-06,0.001314501835
336,31.1094,29.00158542,52.69536445,0.022162,2.025283286,1.602497029e-06,0.001314047563
337,31.11705,29.00572268,52.78318297,0.022169,2.024599076,1.601944061e-06,0.00131359413
338,31.1247,29.0098586,52.87103495,0.022176,2.023916139,1.601392111e-06,0.001313141531
339,31.13235,29.01399332,52.95891695,0.022183,2.023234467,1.600841174e-06,0.001312689763
340,31.14,29.01812697,53.04682573,0.02219,2.022554056,1.600291245e-06,0.001312238821
341,31.14765,29.02225967,53.1347582,0.022197,2.0218749,1.59974232e-06,0.001311788703
342,31.1553,29.02639154,53.22271141,0.022204,2.021196993,1.599194395e-06,0.001311339404
343,31.16295,29.0305227,53.31068255,0.022211,2.02052033,1.598647464e-06,0.001310890921
344,31.1706,29.03465324,53.39866894,0.022218,2.019844905,1.598101524e-06,0.00131044325
345,31.17825,29.03878328,53.48666802,0.022225,2.019170712,1.59755657e-06,0.001309996387
346,31.1859,29.04291291,53.57467733,0.022232,2.018497747,1.597012597e-06,0.00130955033
347,31.19355,29.04704222,53.66269454,0.022239,2.017826003,1.596469602e-06,0.001309105074
348,31.2012,29.0511713,53.7507174,0.022246,2.017155475,1.59592758e-06,0.001308660616
349,31.20885,29.05530025,53.83874376,0.022253,2.016486158,1.595386527e-06,0.001308216952
350,31.2165,29.05942914,53.92677156,0.02226,2.015818047,1.594846438e-06,0.001307774079
351,31.22415,29.06355805,54.01479882,0.022267,2.015151137,1.594307309e-06,0.001307331994
352,31.2318,29.06768705,54.10282364,0.022274,2.014485421,1.593769137e-06,0.001306890692
353,31.23945,29.07181623,54.1908442,0.022281,2.013820896,1.593231917e-06,0.001306450172
354,31.2471,29.07594565,54.27885875,0.022288,2.013157555,1.592695644e-06,0.001306010428
355,31.25475,29.08007538,54.3668656,0.022295,2.012495394,1.592160315e-06,0.001305571459
356,31.2624,29.08420547,54.45486313,0.022302,2.011834408,1.591625926e-06,0.001305133259
357,31.27005,29.08833601,54.54284978,0.022309,2.011174591,1.591092473e-06,0.001304695828
358,31.2777,29.09246704,54.63082404,0.022316,2.010515939,1.590559951e-06,0.00130425916
359,31.28535,29.09659862,54.71878447,0.022323,2.009858446,1.590028357e-06,0.001303823253
360,31.293,29.10073081,54.80672967,0.02233,2.009202108,1.589497686e-06,0.001303388103
361,31.30178333,29.10488834,54.92237474,0.0223375,2.008546924,1.588967539e-06,0.001302953382
362,31.31056667,29.10906577,55.0375225,0.022345,2.007892889,1.588438311e-06,0.001302519415
363,31.31935,29.11325646,55.15233853,0.0223525,2.007239996,1.587909997e-06,0.001302086198
364,31.32813333,29.11745798,55.2668838,0.02236,2.006588241,1.587382592e-06,0.001301653726
365,31.33691667,29.12166894,55.38119311,0.0223675,2.005937617,1.586856094e-06,0.001301221997
366,31.3457,29.12588842,55.49528959,0.022375,2.00528812,1.586330496e-06,0.001300791007
367,31.35448333,29.13011573,55.60918996,0.0223825,2.004639746,1.585805797e-06,0.001300360754
368,31.36326667,29.13435039,55.72290698,0.02239,2.00399249,1.585281992e-06,0.001299931233
369,31.37205,29.13859197,55.83645072,0.0223975,2.003346346,1.584759077e-06,0.001299502443
370,31.38083333,29.14284016,55.94982938,0.022405,2.00270131,1.584237048e-06,0.00129907438
371,31.38961667,29.14709468,56.06304975,0.0224125,2.002057378,1.583715903e-06,0.00129864704
372,31.3984,29.1513553,56.17611759,0.02242,2.001414545,1.583195636e-06,0.001298220422
373,31.40718333,29.15562182,56.2890378,0.0224275,2.000772807,1.582676245e-06,0.001297794521
374,31.41596667,29.15989408,56.40181462,0.022435,2.000132158,1.582157726e-06,0.001297369335
375,31.42475,29.16417193,56.51445179,0.0224425,1.999492594,1.581640075e-06,0.001296944862
376,31.43353333,29.16845523,56.62695257,0.02245,1.998854111,1.581123289e-06,0.001296521097
377,31.44231667,29.17274387,56.73931987,0.0224575,1.998216705,1.580607364e-06,0.001296098039
378,31.4511,29.17703775,56.85155628,0.022465,1.997580371,1.580092297e-06,0.001295675683
379,31.45988333,29.18133677,56.96366414,0.0224725,1.996945105,1.579578084e-06,0.001295254029
380,31.46866667,29.18564084,57.07564556,0.02248,1.996310902,1.579064721e-06,0.001294833072
381,31.47745,29.1899499,57.18750245,0.0224875,1.995677758,1.578552206e-06,0.001294412809
382,31.48623333,29.19426387,57.29923654,0.022495,1.995045669,1.578040535e-06,0.001293993239
383,31.49501667,29.19858269,57.41084944,0.0225025,1.99441463,1.577529704e-06,0.001293574357
384,31.5038,29.2029063,57.5223426,0.02251,1.993784638,1.57701971e-06,0.001293156163
385,31.51258333,29.20723464,57.63371737,0.0225175,1.993155688,1.57651055e-06,0.001292738651
386,31.52136667,29.21156767,57.74497498,0.022525,1.992527776,1.576002221e-06,0.001292321821
387,31.53015,29.21590534,57.85611661,0.0225325,1.991900898,1.575494718e-06,0.001291905669
388,31.53893333,29.2202476,57.9671433,0.02254,1.99127505,1.57498804e-06,0.001291490193
389,31.54771667,29.22459442,58.07805606,0.0225475,1.990650227,1.574482182e-06,0.001291075389
390,31.5565,29.22894577,58.18885581,0.022555,1.990026426,1.573977141e-06,0.001290661256
391,31.56528333,29.2333016,58.29954343,0.0225625,1.989403643,1.573472915e-06,0.00129024779
392,31.57406667,29.23766188,58.41011973,0.02257,1.988781874,1.572969499e-06,0.001289834989
393,31.58285,29.24202658,58.52058547,0.0225775,1.988161114,1.572466891e-06,0.001289422851
394,31.59163333,29.24639568,58.63094137,0.022585,1.98754136,1.571965088e-06,0.001289011372
395,31.60041667,29.25076914,58.74118812,0.0225925,1.986922607,1.571464086e-06,0.001288600551
396,31.6092,29.25514695,58.85132634,0.0226,1.986304853,1.570963883e-06,0.001288190384
397,31.61798333,29.25952907,58.96135665,0.0226075,1.985688093,1.570464474e-06,0.001287780869
398,31.62676667,29.26391548,59.07127963,0.022615,1.985072323,1.569965858e-06,0.001287372004
399,31.63555,29.26830617,59.18109581,0.0226225,1.984457539,1.569468031e-06,0.001286963786
400,31.64433333,29.2727011,59.29080572,0.02263,1.983843738,1.568970991e-06,0.001286556212
401,31.65311667,29.27710027,59.40040985,0.0226375,1.983230916,1.568474733e-06,0.001286149281
402,31.6619,29.28150365,59.50990866,0.022645,1.982619069,1.567979255e-06,0.001285742989
403,31.67068333,29.28591123,59.61930262,0.0226525,1.982008194,1.567484555e-06,0.001285337335
404,31.67946667,29.29032298,59.72859214,0.02266,1.981398286,1.566990629e-06,0.001284932315
405,31.68825,29.29473889,59.83777764,0.0226675,1.980789342,1.566497473e-06,0.001284527928
406,31.69703333,29.29915895,59.94685951,0.022675,1.980181358,1.566005087e-06,0.001284124171
407,31.70581667,29.30358314,60.05583814,0.0226825,1.979574331,1.565513465e-06,0.001283721041
408,31.7146,29.30801145,60.16471387,0.02269,1.978968258,1.565022606e-06,0.001283318537
409,31.72338333,29.31244385,60.27348707,0.0226975,1.978363134,1.564532507e-06,0.001282916656
410,31.73216667,29.31688034,60.38215806,0.022705,1.977758955,1.564043164e-06,0.001282515395
411,31.74095,29.32132091,60.49072718,0.0227125,1.97715572,1.563554576e-06,0.001282114752
412,31.74973333,29.32576554,60.59919473,0.02272,1.976553423,1.563066738e-06,0.001281714725
413,31.75851667,29.33021423,60.70756102,0.0227275,1.975952062,1.562579649e-06,0.001281315312
414,31.7673,29.33466695,60.81582634,0.022735,1.975351632,1.562093306e-06,0.001280916511
415,31.77608333,29.33912369,60.92399098,0.0227425,1.974752131,1.561607705e-06,0.001280518318
416,31.78486667,29.34358446,61.0320552,0.02275,1.974153555,1.561122844e-06,0.001280120732
417,31.79365,29.34804923,61.14001927,0.0227575,1.973555901,1.560638721e-06,0.001279723751
418,31.80243333,29.352518,61.24788345,0.022765,1.972959165,1.560155332e-06,0.001279327372
419,31.81121667,29.35699075,61.35564799,0.0227725,1.972363344,1.559672675e-06,0.001278931594
420,31.82,29.36146747,61.46331314,0.02278,1.971768435,1.559190748e-06,0.001278536413
421,31.82501667,29.36586616,61.47876268,0.02278783333,1.971174437,1.558709283e-06,0.001278141612
422,31.83003333,29.37020507,61.4957067,0.02279566667,1.970581346,1.558228543e-06,0.001277747406
423,31.83505,29.37450636,61.51359098,0.0228035,1.969989158,1.557748527e-06,0.001277353792
424,31.84006667,29.37877831,61.53220902,0.02281133333,1.96939787,1.557269229e-06,0.001276960768
425,31.84508333,29.38302567,61.55144153,0.02281916667,1.968807478,1.556790649e-06,0.001276568332
426,31.8501,29.38725168,61.57120808,0.022827,1.968217979,1.556312783e-06,0.001276176482
427,31.85511667,29.39145868,61.59144964,0.02283483333,1.967629369,1.555835629e-06,0.001275785216
428,31.86013333,29.39564851,61.61212055,0.02284266667,1.967041646,1.555359184e-06,0.001275394531
429,31.86515,29.39982264,61.63318408,0.0228505,1.966454806,1.554883445e-06,0.001275004425
430,31.87016667,29.40398227,61.65460991,0.02285833333,1.965868845,1.55440841e-06,0.001274614896
431,31.87518333,29.40812844,61.67637246,0.02286616667,1.965283762,1.553934076e-06,0.001274225942
432,31.8802,29.41226201,61.69844973,0.022874,1.964699551,1.553460441e-06,0.001273837562
433,31.88521667,29.41638376,61.7208226,0.02288183333,1.964116211,1.552987502e-06,0.001273449752
434,31.89023333,29.42049436,61.74347422,0.02288966667,1.963533739,1.552515258e-06,0.001273062511
435,31.89525,29.42459441,61.76638963,0.0228975,1.96295213,1.552043704e-06,0.001272675837
436,31.90026667,29.42868445,61.78955538,0.02290533333,1.962371383,1.55157284e-06,0.001272289728
437,31.90528333,29.43276496,61.81295936,0.02291316667,1.961791493,1.551102661e-06,0.001271904182
438,31.9103,29.43683638,61.83659055,0.022921,1.961212459,1.550633167e-06,0.001271519197
439,31.91531667,29.44089911,61.86043887,0.02292883333,1.960634277,1.550164355e-06,0.001271134771
440,31.92033333,29.44495353,61.88449508,0.02293666667,1.960056943,1.549696221e-06,0.001270750902
441,31.92535,29.44899997,61.90875065,0.0229445,1.959480456,1.549228765e-06,0.001270367587
442,31.93036667,29.45303876,61.93319768,0.02295233333,1.958904812,1.548761983e-06,0.001269984826
443,31.93538333,29.45707018,61.95782884,0.02296016667,1.958330008,1.548295873e-06,0.001269602616
444,31.9404,29.46109451,61.98263728,0.022968,1.957756041,1.547830433e-06,0.001269220955
445,31.94541667,29.465112,62.00761661,0.02297583333,1.957182909,1.54736566e-06,0.001268839841
446,31.95043333,29.4691229,62.03276082,0.02298366667,1.956610608,1.546901553e-06,0.001268459273
447,31.95545,29.47312743,62.05806427,0.0229915,1.956039135,1.546438108e-06,0.001268079249
448,31.96046667,29.4771258,62.08352166,0.02299933333,1.955468488,1.545975324e-06,0.001267699766
449,31.96548333,29.48111822,62.10912795,0.02300716667,1.954898665,1.545513198e-06,0.001267320823
450,31.9705,29.48510486,62.13487842,0.023015,1.954329661,1.545051729e-06,0.001266942417
451,31.97551667,29.48908592,62.16076856,0.02302283333,1.953761474,1.544590913e-06,0.001266564548
452,31.98053333,29.49306157,62.1867941,0.02303066667,1.953194102,1.544130748e-06,0.001266187214
453,31.98555,29.49703196,62.21295097,0.0230385,1.952627542,1.543671233e-06,0.001265810411
454,31.99056667,29.50099725,62.23923531,0.02304633333,1.95206179,1.543212365e-06,0.00126543414
455,31.99558333,29.5049576,62.26564343,0.02305416667,1.951496845,1.542754142e-06,0.001265058397
456,32.0006,29.50891313,62.29217181,0.023062,1.950932703,1.542296562e-06,0.001264683181
457,32.00561667,29.51286398,62.31881708,0.02306983333,1.950369362,1.541839623e-06,0.001264308491
458,32.01063333,29.51681029,62.34557601,0.02307766667,1.949806819,1.541383322e-06,0.001263934324
459,32.01565,29.52075218,62.3724455,0.0230855,1.949245071,1.540927657e-06,0.001263560678
460,32.02066667,29.52468976,62.39942261,0.02309333333,1.948684116,1.540472626e-06,0.001263187553
461,32.02568333,29.52862315,62.42650447,0.02310116667,1.948123951,1.540018227e-06,0.001262814946
462,32.0307,29.53255247,62.45368835,0.023109,1.947564573,1.539564459e-06,0.001262442856
463,32.03571667,29.5364778,62.48097161,0.02311683333,1.947005981,1.539111318e-06,0.001262071281
464,32.04073333,29.54039926,62.50835172,0.02312466667,1.94644817,1.538658803e-06,0.001261700218
465,32.04575,29.54431695,62.53582622,0.0231325,1.945891139,1.538206911e-06,0.001261329667
466,32.05076667,29.54823096,62.56339277,0.02314033333,1.945334885,1.537755641e-06,0.001260959626
467,32.05578333,29.55214137,62.59104909,0.02314816667,1.944779405,1.537304991e-06,0.001260590093
468,32.0608,29.55604828,62.61879296,0.023156,1.944224698,1.536854958e-06,0.001260221066
469,32.06581667,29.55995178,62.64662228,0.02316383333,1.943670759,1.536405541e-06,0.001259852544
470,32.07083333,29.56385193,62.67453498,0.02317166667,1.943117588,1.535956737e-06,0.001259484524
471,32.07585,29.56774884,62.70252907,0.0231795,1.942565181,1.535508545e-06,0.001259117007
472,32.08086667,29.57164256,62.73060263,0.02318733333,1.942013536,1.535060962e-06,0.001258749989
473,32.08588333,29.57553318,62.75875377,0.02319516667,1.94146265,1.534613986e-06,0.001258383469
474,32.0909,29.57942077,62.78698071,0.023203,1.94091252,1.534167616e-06,0.001258017445
475,32.09591667,29.5833054,62.81528166,0.02321083333,1.940363146,1.53372185e-06,0.001257651917
476,32.10093333,29.58718714,62.84365494,0.02321866667,1.939814523,1.533276685e-06,0.001257286882
477,32.10595,29.59106604,62.87209888,0.0232265,1.93926665,1.53283212e-06,0.001256922338
478,32.11096667,29.59494219,62.90061188,0.02323433333,1.938719524,1.532388152e-06,0.001256558285
479,32.11598333,29.59881564,62.92919237,0.02324216667,1.938173142,1.53194478e-06,0.00125619472
480,32.121,29.60268645,62.95783883,0.02325,1.937627503,1.531502003e-06,0.001255831642
481,32.13115,29.60666644,63.112089,0.02325866667,1.937082612,1.531059156e-06,0.001255468508
482,32.1413,29.61073077,63.26423068,0.02326733333,1.936538464,1.530616905e-06,0.001255105862
483,32.15145,29.61484928,63.41501807,0.023276,1.935995056,1.530175244e-06,0.0012547437
484,32.1616,29.61901074,63.56473155,0.02328466667,1.935452383,1.529734173e-06,0.001254382022
485,32.17175,29.6232087,63.71353262,0.02329333333,1.934910444,1.529293688e-06,0.001254020824
486,32.1819,29.6274388,63.86152991,0.023302,1.934369235,1.528853788e-06,0.001253660106
487,32.19205,29.63169789,64.00880285,0.02331066667,1.933828755,1.52841447e-06,0.001253299866
488,32.2022,29.63598349,64.15541275,0.02331933333,1.933289,1.527975733e-06,0.001252940101
489,32.21235,29.64029365,64.3014087,0.023328,1.932749968,1.527537575e-06,0.001252580811
490,32.2225,29.64462676,64.4468311,0.02333666667,1.932211658,1.527099993e-06,0.001252221994
491,32.23265,29.64898144,64.59171395,0.02334533333,1.931674066,1.526662986e-06,0.001251863648
492,32.2428,29.65335655,64.73608634,0.023354,1.93113719,1.526226552e-06,0.001251505772
493,32.25295,29.65775106,64.87997348,0.02336266667,1.930601028,1.525790689e-06,0.001251148365
494,32.2631,29.6621641,65.02339751,0.02337133333,1.930065577,1.525355395e-06,0.001250791424
495,32.27325,29.66659488,65.16637803,0.02338,1.929530836,1.524920669e-06,0.001250434948
496,32.2834,29.6710427,65.30893254,0.02338866667,1.928996802,1.524486508e-06,0.001250078937
497,32.29355,29.67550693,65.45107681,0.02339733333,1.928463472,1.524052911e-06,0.001249723387
498,32.3037,29.679987,65.5928251,0.023406,1.927930846,1.523619877e-06,0.001249368299
499,32.31385,29.68448238,65.7341904,0.02341466667,1.92739892,1.523187402e-06,0.00124901367
500,32.324,29.68899262,65.87518459,0.02342333333,1.926867691,1.522755486e-06,0.001248659499
501,32.33415,29.69351726,66.01581859,0.023432,1.926337159,1.522324127e-06,0.001248305785
502,32.3443,29.6980559,66.15610248,0.02344066667,1.925807321,1.521893324e-06,0.001247952525
503,32.35445,29.70260818,66.2960456,0.02344933333,1.925278175,1.521463073e-06,0.00124759972
504,32.3646,29.70717374,66.43565661,0.023458,1.924749718,1.521033374e-06,0.001247247367
505,32.37475,29.71175226,66.5749436,0.02346666667,1.924221948,1.520604225e-06,0.001246895465
506,32.3849,29.71634344,66.71391411,0.02347533333,1.923694864,1.520175625e-06,0.001246544012
507,32.39505,29.72094699,66.85257522,0.023484,1.923168463,1.51974757e-06,0.001246193008
508,32.4052,29.72556266,66.99093357,0.02349266667,1.922642743,1.519320061e-06,0.00124584245
509,32.41535,29.73019018,67.12899541,0.02350133333,1.922117702,1.518893095e-06,0.001245492338
510,32.4255,29.73482933,67.26676664,0.02351,1.921593339,1.518466671e-06,0.00124514267
511,32.43565,29.73947989,67.40425283,0.02351866667,1.92106965,1.518040786e-06,0.001244793445
512,32.4458,29.74414163,67.54145925,0.02352733333,1.920546634,1.51761544e-06,0.001244444661
513,32.45595,29.74881436,67.6783909,0.023536,1.920024288,1.517190631e-06,0.001244096317
514,32.4661,29.7534979,67.81505252,0.02354466667,1.919502612,1.516766356e-06,0.001243748412
515,32.47625,29.75819205,67.95144864,0.02355333333,1.918981602,1.516342615e-06,0.001243400944
516,32.4864,29.76289666,68.08758355,0.023562,1.918461257,1.515919406e-06,0.001243053913
517,32.49655,29.76761155,68.22346135,0.02357066667,1.917941575,1.515496727e-06,0.001242707316
518,32.5067,29.77233656,68.35908595,0.02357933333,1.917422554,1.515074577e-06,0.001242361153
519,32.51685,29.77707156,68.49446109,0.023588,1.916904191,1.514652953e-06,0.001242015422
520,32.527,29.78181639,68.62959036,0.02359666667,1.916386486,1.514231855e-06,0.001241670121
521,32.53715,29.78657091,68.76447718,0.02360533333,1.915869435,1.513811281e-06,0.001241325251
522,32.5473,29.79133501,68.89912484,0.023614,1.915353037,1.51339123e-06,0.001240980809
523,32.55745,29.79610854,69.03353651,0.02362266667,1.914837291,1.512971699e-06,0.001240636793
524,32.5676,29.80089139,69.1677152,0.02363133333,1.914322193,1.512552688e-06,0.001240293204
525,32.57775,29.80568345,69.30166385,0.02364,1.913807742,1.512134194e-06,0.001239950039
526,32.5879,29.81048459,69.43538525,0.02364866667,1.913293937,1.511716216e-06,0.001239607297
527,32.59805,29.81529472,69.56888211,0.02365733333,1.912780775,1.511298754e-06,0.001239264978
528,32.6082,29.82011372,69.70215704,0.023666,1.912268255,1.510881804e-06,0.001238923079
529,32.61835,29.8249415,69.83521255,0.02367466667,1.911756374,1.510465366e-06,0.0012385816
530,32.6285,29.82977796,69.96805107,0.02368333333,1.911245131,1.510049438e-06,0.001238240539
531,32.63865,29.834623,70.10067494,0.023692,1.910734524,1.509634019e-06,0.001237899896
532,32.6488,29.83947654,70.23308643,0.02370066667,1.910224551,1.509219107e-06,0.001237559668
533,32.65895,29.84433849,70.36528774,0.02370933333,1.90971521,1.508804701e-06,0.001237219855
534,32.6691,29.84920876,70.49728098,0.023718,1.909206499,1.508390799e-06,0.001236880456
535,32.67925,29.85408727,70.62906821,0.02372666667,1.908698417,1.5079774e-06,0.001236541468
536,32.6894,29.85897394,70.76065143,0.02373533333,1.908190962,1.507564503e-06,0.001236202892
537,32.69955,29.8638687,70.89203257,0.023744,1.907684131,1.507152105e-06,0.001235864726
538,32.7097,29.86877146,71.02321349,0.02375266667,1.907177924,1.506740206e-06,0.001235526969
539,32.71985,29.87368216,71.15419602,0.02376133333,1.906672338,1.506328803e-06,0.001235189619
540,32.73,29.87860072,71.28498193,0.02377,1.906167371,1.505917897e-06,0.001234852675
541,32.73786667,29.88347737,71.35973242,0.0237785,1.905663021,1.505507617e-06,0.001234516246
542,32.74573333,29.88832311,71.43525559,0.023787,1.905159285,1.505097828e-06,0.001234180219
543,32.7536,29.89315132,71.51121696,0.0237955,1.904656163,1.50468853e-06,0.001233844595
544,32.76146667,29.89796696,71.58749278,0.023804,1.904153653,1.504279722e-06,0.001233509372
545,32.76933333,29.90277285,71.66401216,0.0238125,1.903651752,1.503871402e-06,0.00123317455
546,32.7772,29.90757089,71.7407277,0.023821,1.903150461,1.503463569e-06,0.001232840126
547,32.78506667,29.91236247,71.81760497,0.0238295,1.902649776,1.503056221e-06,0.001232506101
548,32.79293333,29.91714863,71.89461756,0.023838,1.902149696,1.502649357e-06,0.001232172473
549,32.8008,29.92193022,71.9717445,0.0238465,1.90165022,1.502242976e-06,0.00123183924
550,32.80866667,29.92670792,72.04896863,0.023855,1.901151346,1.501837077e-06,0.001231506403
551,32.81653333,29.93148231,72.12627564,0.0238635,1.900653071,1.501431657e-06,0.001231173959
552,32.8244,29.93625386,72.20365338,0.023872,1.900155396,1.501026717e-06,0.001230841908
553,32.83226667,29.94102301,72.2810914,0.0238805,1.899658317,1.500622253e-06,0.001230510248
554,32.84013333,29.94579011,72.35858061,0.023889,1.899161833,1.500218266e-06,0.001230178978
555,32.848,29.95055548,72.43611303,0.0238975,1.898665942,1.499814754e-06,0.001229848098
556,32.85586667,29.9553194,72.51368157,0.023906,1.898170644,1.499411715e-06,0.001229517606
557,32.86373333,29.96008214,72.59127993,0.0239145,1.897675936,1.499009148e-06,0.001229187502
558,32.8716,29.9648439,72.66890245,0.023923,1.897181816,1.498607053e-06,0.001228857783
559,32.87946667,29.96960491,72.74654403,0.0239315,1.896688283,1.498205426e-06,0.00122852845
560,32.88733333,29.97436533,72.82420002,0.02394,1.896195336,1.497804268e-06,0.0012281995
561,32.8952,29.97912535,72.90186621,0.0239485,1.895702972,1.497403577e-06,0.001227870934
562,32.90306667,29.98388512,72.97953875,0.023957,1.89521119,1.497003352e-06,0.001227542749
563,32.91093333,29.98864477,73.0572141,0.0239655,1.894719989,1.496603591e-06,0.001227214945
564,32.9188,29.99340444,73.13488901,0.023974,1.894229367,1.496204294e-06,0.001226887521
565,32.92666667,29.99816425,73.21256047,0.0239825,1.893739322,1.495805458e-06,0.001226560475
566,32.93453333,30.00292431,73.29022569,0.023991,1.893249853,1.495407083e-06,0.001226233808
567,32.9424,30.00768472,73.36788211,0.0239995,1.892760959,1.495009167e-06,0.001225907517
568,32.95026667,30.01244557,73.44552731,0.024008,1.892272637,1.494611709e-06,0.001225581602
569,32.95813333,30.01720697,73.52315907,0.0240165,1.891784886,1.494214708e-06,0.001225256061
570,32.966,30.02196899,73.60077529,0.024025,1.891297704,1.493818163e-06,0.001224930894
571,32.97386667,30.02673171,73.67837402,0.0240335,1.890811091,1.493422073e-06,0.001224606099
572,32.98173333,30.0314952,73.75595344,0.024042,1.890325044,1.493026435e-06,0.001224281677
573,32.9896,30.03625953,73.83351181,0.0240505,1.889839562,1.492631249e-06,0.001223957624
574,32.99746667,30.04102476,73.91104754,0.024059,1.889354643,1.492236515e-06,0.001223633942
575,33.00533333,30.04579097,73.9885591,0.0240675,1.888870286,1.491842229e-06,0.001223310628
576,33.0132,30.0505582,74.06604505,0.024076,1.88838649,1.491448392e-06,0.001222987682
577,33.02106667,30.0553265,74.14350404,0.0240845,1.887903253,1.491055002e-06,0.001222665102
578,33.02893333,30.06009594,74.2209348,0.024093,1.887420573,1.490662058e-06,0.001222342888
579,33.0368,30.06486656,74.29833612,0.0241015,1.886938449,1.490269559e-06,0.001222021038
580,33.04466667,30.06963839,74.37570685,0.02411,1.886456879,1.489877503e-06,0.001221699553
581,33.05253333,30.0744115,74.4530459,0.0241185,1.885975862,1.48948589e-06,0.00122137843
582,33.0604,30.07918591,74.53035225,0.024127,1.885495397,1.489094718e-06,0.001221057669
583,33.06826667,30.08396167,74.60762492,0.0241355,1.885015482,1.488703986e-06,0.001220737268
584,33.07613333,30.08873881,74.68486298,0.024144,1.884536116,1.488313692e-06,0.001220417228
585,33.084,30.09351738,74.76206555,0.0241525,1.884057296,1.487923837e-06,0.001220097546
586,33.09186667,30.0982974,74.83923178,0.024161,1.883579022,1.487534418e-06,0.001219778223
587,33.09973333,30.1030789,74.91636088,0.0241695,1.883101293,1.487145434e-06,0.001219459256
588,33.1076,30.10786192,74.99345207,0.024178,1.882624106,1.486756885e-06,0.001219140645
589,33.11546667,30.11264648,75.07050463,0.0241865,1.88214746,1.486368768e-06,0.00121882239
590,33.12333333,30.11743262,75.14751786,0.024195,1.881671355,1.485981084e-06,0.001218504489
591,33.1312,30.12222036,75.22449109,0.0242035,1.881195788,1.48559383e-06,0.001218186941
592,33.13906667,30.12700972,75.3014237,0.024212,1.880720758,1.485207007e-06,0.001217869745
593,33.14693333,30.13180073,75.37831507,0.0242205,1.880246264,1.484820611e-06,0.001217552901
594,33.1548,30.13659342,75.45516462,0.024229,1.879772305,1.484434644e-06,0.001217236408
595,33.16266667,30.1413878,75.53197179,0.0242375,1.879298878,1.484049102e-06,0.001216920264
596,33.17053333,30.14618389,75.60873605,0.024246,1.878825983,1.483663986e-06,0.001216604469
597,33.1784,30.15098172,75.68545688,0.0242545,1.878353618,1.483279294e-06,0.001216289021
598,33.18626667,30.15578131,75.76213381,0.024263,1.877881781,1.482895025e-06,0.001215973921
599,33.19413333,30.16058268,75.83876635,0.0242715,1.877410473,1.482511178e-06,0.001215659166
600,33.202,30.16538584,75.91535405,0.02428,1.87693969,1.482127752e-06,0.001215344757
601,33.21328333,30.1702652,76.07545343,0.02428616667,1.87646941,1.481746594e-06,0.001215032207
602,33.22456667,30.1752042,76.23406179,0.02429233333,1.875999636,1.481365842e-06,0.001214719991
603,33.23585,30.18018273,76.39168164,0.0242985,1.875530373,1.480985499e-06,0.001214408109
604,33.24713333,30.18519333,76.54850011,0.02430466667,1.875061622,1.480605565e-06,0.001214096563
605,33.25841667,30.19023166,76.70462522,0.02431083333,1.874593383,1.48022604e-06,0.001213785353
606,33.2697,30.19529481,76.86012978,0.024317,1.874125655,1.479846924e-06,0.001213474478
607,33.28098333,30.20038065,77.01506716,0.02432316667,1.873658437,1.479468216e-06,0.001213163937
608,33.29226667,30.20548752,77.16947865,0.02432933333,1.873191729,1.479089916e-06,0.001212853731
609,33.30355,30.2106141,77.32339741,0.0243355,1.872725529,1.478712023e-06,0.001212543859
610,33.31483333,30.2157593,77.47685081,0.02434166667,1.872259838,1.478334537e-06,0.00121223432
611,33.32611667,30.22092219,77.62986195,0.02434783333,1.871794652,1.477957455e-06,0.001211925113
612,33.3374,30.22610197,77.78245066,0.024354,1.871329973,1.477580778e-06,0.001211616238
613,33.34868333,30.23129797,77.93463417,0.02436016667,1.870865798,1.477204505e-06,0.001211307694
614,33.35996667,30.23650956,78.08642765,0.02436633333,1.870402126,1.476828635e-06,0.00121099948
615,33.37125,30.24173622,78.23784461,0.0243725,1.869938957,1.476453166e-06,0.001210691596
616,33.38253333,30.24697745,78.38889713,0.02437866667,1.869476289,1.476078098e-06,0.00121038404
617,33.39381667,30.25223282,78.53959613,0.02438483333,1.869014121,1.47570343e-06,0.001210076813
618,33.4051,30.25750194,78.68995153,0.024391,1.868552452,1.475329162e-06,0.001209769913
619,33.41638333,30.26278444,78.83997239,0.02439716667,1.868091281,1.474955291e-06,0.001209463339
620,33.42766667,30.26807999,78.98966704,0.02440333333,1.867630606,1.474581818e-06,0.001209157091
621,33.43895,30.27338827,79.13904314,0.0244095,1.867170427,1.474208741e-06,0.001208851168
622,33.45023333,30.27870902,79.28810781,0.02441566667,1.866710741,1.47383606e-06,0.001208545569
623,33.46151667,30.28404196,79.43686765,0.02442183333,1.86625155,1.473463773e-06,0.001208240294
624,33.4728,30.28938685,79.58532883,0.024428,1.86579285,1.47309188e-06,0.001207935341
625,33.48408333,30.29474345,79.7334971,0.02443416667,1.86533464,1.472720379e-06,0.001207630711
626,33.49536667,30.30011155,79.88137788,0.02444033333,1.864876921,1.47234927e-06,0.001207326401
627,33.50665,30.30549095,80.02897625,0.0244465,1.86441969,1.471978552e-06,0.001207022412
628,33.51793333,30.31088145,80.17629699,0.02445266667,1.863962946,1.471608223e-06,0.001206718743
629,33.52921667,30.31628288,80.32334463,0.02445883333,1.863506688,1.471238284e-06,0.001206415393
630,33.5405,30.32169506,80.47012347,0.024465,1.863050916,1.470868733e-06,0.001206112361
631,33.55178333,30.32711783,80.61663755,0.02447116667,1.862595627,1.470499568e-06,0.001205809646
632,33.56306667,30.33255104,80.76289075,0.02447733333,1.862140821,1.47013079e-06,0.001205507248
633,33.57435,30.33799453,80.90888673,0.0244835,1.861686497,1.469762398e-06,0.001205205166
634,33.58563333,30.34344817,81.05462901,0.02448966667,1.861232653,1.469394389e-06,0.001204903399
635,33.59691667,30.34891183,81.20012091,0.02449583333,1.860779288,1.469026764e-06,0.001204601947
636,33.6082,30.35438537,81.34536564,0.024502,1.860326402,1.468659522e-06,0.001204300808
637,33.61948333,30.35986868,81.49036626,0.02450816667,1.859873993,1.468292661e-06,0.001203999982
638,33.63076667,30.36536164,81.63512569,0.02451433333,1.859422059,1.467926181e-06,0.001203699468
639,33.64205,30.37086413,81.77964675,0.0245205,1.858970601,1.46756008e-06,0.001203399266
640,33.65333333,30.37637605,81.92393215,0.02452666667,1.858519616,1.467194359e-06,0.001203099374
641,33.66461667,30.38189729,82.06798447,0.02453283333,1.858069103,1.466829016e-06,0.001202799793
642,33.6759,30.38742775,82.21180622,0.024539,1.857619062,1.46646405e-06,0.001202500521
643,33.68718333,30.39296734,82.35539981,0.02454516667,1.857169491,1.46609946e-06,0.001202201557
644,33.69846667,30.39851596,82.49876755,0.02455133333,1.85672039,1.465735245e-06,0.001201902901
645,33.70975,30.40407353,82.6419117,0.0245575,1.856271756,1.465371405e-06,0.001201604552
646,33.72103333,30.40963996,82.78483442,0.02456366667,1.85582359,1.465007939e-06,0.00120130651
647,33.73231667,30.41521516,82.92753779,0.02456983333,1.855375889,1.464644845e-06,0.001201008773
648,33.7436,30.42079905,83.07002385,0.024576,1.854928654,1.464282123e-06,0.001200711341
649,33.75488333,30.42639155,83.21229456,0.02458216667,1.854481881,1.463919772e-06,0.001200414213
650,33.76616667,30.43199259,83.35435181,0.02458833333,1.854035572,1.463557791e-06,0.001200117389
651,33.77745,30.4376021,83.49619744,0.0245945,1.853589724,1.463196179e-06,0.001199820867
652,33.78873333,30.44322,83.63783326,0.02460066667,1.853144337,1.462834936e-06,0.001199524648
653,33.80001667,30.44884623,83.77926098,0.02460683333,1.852699409,1.46247406e-06,0.001199228729
654,33.8113,30.45448071,83.92048229,0.024613,1.852254939,1.462113551e-06,0.001198933112
655,33.82258333,30.46012338,84.06149883,0.02461916667,1.851810926,1.461753408e-06,0.001198637794
656,33.83386667,30.46577418,84.2023122,0.02462533333,1.85136737,1.461393629e-06,0.001198342776
657,33.84515,30.47143304,84.34292393,0.0246315,1.850924269,1.461034215e-06,0.001198048056
658,33.85643333,30.47709991,84.48333555,0.02463766667,1.850481621,1.460675164e-06,0.001197753634
659,33.86771667,30.48277473,84.62354851,0.02464383333,1.850039427,1.460316475e-06,0.001197459509
660,33.879,30.48845743,84.76356425,0.02465,1.849597685,1.459958148e-06,0.001197165681
661,33.88548333,30.49404346,84.78599683,0.02465683333,1.8491564,1.459599653e-06,0.001196871716
662,33.89196667,30.49955605,84.81026547,0.02466366667,1.848715569,1.459241522e-06,0.001196578048
663,33.89845,30.5050234,84.83566497,0.0246705,1.848275191,1.458883753e-06,0.001196284677
664,33.90493333,30.51045601,84.86193317,0.02467733333,1.847835263,1.458526343e-06,0.001195991602
665,33.91141667,30.5158599,84.88891906,0.02468416667,1.847395784,1.458169294e-06,0.001195698821
666,33.9179,30.52123916,84.91652112,0.024691,1.846956752,1.457812602e-06,0.001195406333
667,33.92438333,30.52659673,84.94466506,0.02469783333,1.846518167,1.457456267e-06,0.001195114139
668,33.93086667,30.53193492,84.97329362,0.02470466667,1.846080027,1.457100289e-06,0.001194822237
669,33.93735,30.53725556,85.00236091,0.0247115,1.845642332,1.456744665e-06,0.001194530626
670,33.94383333,30.54256017,85.03182917,0.02471833333,1.845205079,1.456389397e-06,0.001194239305
671,33.95031667,30.54785,85.06166665,0.02472516667,1.844768269,1.456034482e-06,0.001193948275
672,33.9568,30.55312615,85.0918462,0.024732,1.844331899,1.455679919e-06,0.001193657534
673,33.96328333,30.55838956,85.12234425,0.02473883333,1.84389597,1.455325709e-06,0.001193367081
674,33.96976667,30.56364106,85.15314017,0.02474566667,1.843460479,1.45497185e-06,0.001193076917
675,33.97625,30.56888137,85.18421565,0.0247525,1.843025425,1.45461834e-06,0.001192787039
676,33.98273333,30.57411116,85.21555437,0.02475933333,1.842590809,1.45426518e-06,0.001192497448
677,33.98921667,30.579331,85.24714164,0.02476616667,1.842156628,1.453912369e-06,0.001192208143
678,33.9957,30.58454143,85.27896415,0.024773,1.841722882,1.453559906e-06,0.001191919123
679,34.00218333,30.58974294,85.31100981,0.02477983333,1.841289569,1.453207789e-06,0.001191630387
680,34.00866667,30.59493596,85.34326756,0.02478666667,1.84085669,1.452856018e-06,0.001191341935
681,34.01515,30.60012091,85.37572723,0.0247935,1.840424241,1.452504593e-06,0.001191053766
682,34.02163333,30.60529816,85.40837944,0.02480033333,1.839992224,1.452153512e-06,0.00119076588
683,34.02811667,30.61046805,85.44121553,0.02480716667,1.839560636,1.451802775e-06,0.001190478276
684,34.0346,30.6156309,85.47422743,0.024814,1.839129476,1.451452381e-06,0.001190190952
685,34.04108333,30.62078703,85.50740765,0.02482083333,1.838698745,1.451102329e-06,0.00118990391
686,34.04756667,30.6259367,85.54074917,0.02482766667,1.83826844,1.450752618e-06,0.001189617147
687,34.05405,30.63108018,85.57424545,0.0248345,1.83783856,1.450403248e-06,0.001189330664
688,34.06053333,30.63621772,85.60789032,0.02484133333,1.837409106,1.450054218e-06,0.001189044459
689,34.06701667,30.64134955,85.641678,0.02484816667,1.836980075,1.449705527e-06,0.001188758532
690,34.0735,30.64647588,85.67560303,0.024855,1.836551467,1.449357174e-06,0.001188472882
691,34.07998333,30.65159692,85.70966026,0.02486183333,1.836123281,1.449009158e-06,0.00118818751
692,34.08646667,30.65671287,85.74384483,0.02486866667,1.835695516,1.448661479e-06,0.001187902413
693,34.09295,30.66182392,85.77815212,0.0248755,1.835268171,1.448314137e-06,0.001187617592
694,34.09943333,30.66693022,85.81257776,0.02488233333,1.834841245,1.447967129e-06,0.001187333046
695,34.10591667,30.67203196,85.84711759,0.02488916667,1.834414737,1.447620456e-06,0.001187048774
696,34.1124,30.67712929,85.88176765,0.024896,1.833988646,1.447274116e-06,0.001186764776
697,34.11888333,30.68222237,85.91652418,0.02490283333,1.833562971,1.44692811e-06,0.00118648105
698,34.12536667,30.68731132,85.95138358,0.02490966667,1.833137711,1.446582436e-06,0.001186197597
699,34.13185,30.6923963,85.98634243,0.0249165,1.832712866,1.446237093e-06,0.001185914416
700,34.13833333,30.69747744,86.02139744,0.02492333333,1.832288435,1.445892081e-06,0.001185631506
701,34.14481667,30.70255485,86.05654547,0.02493016667,1.831864415,1.445547399e-06,0.001185348867
702,34.1513,30.70762866,86.09178352,0.024937,1.831440808,1.445203046e-06,0.001185066498
703,34.15778333,30.71269898,86.12710871,0.02494383333,1.831017611,1.444859022e-06,0.001184784398
704,34.16426667,30.71776594,86.16251827,0.02495066667,1.830594824,1.444515326e-06,0.001184502567
705,34.17075,30.72282962,86.19800955,0.0249575,1.830172445,1.444171956e-06,0.001184221004
706,34.17723333,30.72789013,86.23357999,0.02496433333,1.829750475,1.443828913e-06,0.001183939709
707,34.18371667,30.73294758,86.26922714,0.02497116667,1.829328912,1.443486196e-06,0.001183658681
708,34.1902,30.73800205,86.30494863,0.024978,1.828907754,1.443143804e-06,0.001183377919
709,34.19668333,30.74305365,86.3407422,0.02498483333,1.828487003,1.442801735e-06,0.001183097423
710,34.20316667,30.74810244,86.37660563,0.02499166667,1.828066655,1.442459991e-06,0.001182817192
711,34.20965,30.75314853,86.41253682,0.0249985,1.827646711,1.442118569e-06,0.001182537227
712,34.21613333,30.75819198,86.44853373,0.02500533333,1.82722717,1.441777469e-06,0.001182257525
713,34.22261667,30.76323289,86.48459437,0.02501216667,1.82680803,1.441436691e-06,0.001181978086
714,34.2291,30.76827133,86.52071685,0.025019,1.826389291,1.441096233e-06,0.001181698911
715,34.23558333,30.77330736,86.55689931,0.02502583333,1.825970953,1.440756095e-06,0.001181419998
716,34.24206667,30.77834107,86.59313997,0.02503266667,1.825553013,1.440416277e-06,0.001181141347
717,34.24855,30.78337252,86.62943711,0.0250395,1.825135472,1.440076777e-06,0.001180862957
718,34.25503333,30.78840177,86.66578904,0.02504633333,1.824718328,1.439737595e-06,0.001180584828
719,34.26151667,30.7934289,86.70219416,0.02505316667,1.82430158,1.439398731e-06,0.001180306959
720,34.268,30.79845396,86.73865089,0.02506,1.823885228,1.439060183e-06,0.00118002935
721,34.27696667,30.80353109,86.83588935,0.02506766667,1.823469279,1.43872129e-06,0.001179751458
722,34.28593333,30.8086483,86.93212589,0.02507533333,1.82305373,1.438382718e-06,0.001179473828
723,34.2949,30.81379102,87.02772462,0.025083,1.822638578,1.438044463e-06,0.001179196459
724,34.30386667,30.81895385,87.12282044,0.02509066667,1.822223822,1.437706524e-06,0.00117891935
725,34.31283333,30.8241337,87.21749078,0.02509833333,1.82180946,1.437368901e-06,0.001178642499
726,34.3218,30.8293285,87.31178749,0.025106,1.821395491,1.437031593e-06,0.001178365906
727,34.33076667,30.83453673,87.40574834,0.02511366667,1.820981914,1.436694598e-06,0.00117808957
728,34.33973333,30.83975724,87.49940233,0.02512133333,1.820568728,1.436357915e-06,0.001177813491
729,34.3487,30.8449891,87.59277259,0.025129,1.820155932,1.436021545e-06,0.001177537667
730,34.35766667,30.85023154,87.68587804,0.02513666667,1.819743525,1.435685486e-06,0.001177262099
731,34.36663333,30.85548395,87.77873456,0.02514433333,1.819331506,1.435349738e-06,0.001176986785
732,34.3756,30.86074578,87.87135562,0.025152,1.818919874,1.435014299e-06,0.001176711726
733,34.38456667,30.86601655,87.96375288,0.02515966667,1.818508629,1.43467917e-06,0.001176436919
734,34.39353333,30.87129587,88.05593649,0.02516733333,1.81809777,1.434344349e-06,0.001176162366
735,34.4025,30.87658338,88.14791542,0.025175,1.817687295,1.434009836e-06,0.001175888065
736,34.41146667,30.88187876,88.23969761,0.02518266667,1.817277203,1.433675629e-06,0.001175614016
737,34.42043333,30.88718173,88.33129019,0.02519033333,1.816867495,1.433341729e-06,0.001175340218
738,34.4294,30.89249202,88.42269957,0.025198,1.816458169,1.433008135e-06,0.001175066671
739,34.43836667,30.8978094,88.51393157,0.02520566667,1.816049224,1.432674845e-06,0.001174793373
740,34.44733333,30.90313367,88.60499147,0.02521333333,1.815640659,1.43234186e-06,0.001174520326
741,34.4563,30.90846464,88.69588411,0.025221,1.815232474,1.432009179e-06,0.001174247527
742,34.46526667,30.91380211,88.78661393,0.02522866667,1.814824667,1.4316768e-06,0.001173974976
743,34.47423333,30.91914593,88.87718501,0.02523633333,1.814417239,1.431344724e-06,0.001173702674
744,34.4832,30.92449595,88.96760113,0.025244,1.814010187,1.43101295e-06,0.001173430619
745,34.49216667,30.92985203,89.05786579,0.02525166667,1.813603512,1.430681476e-06,0.001173158811
746,34.50113333,30.93521404,89.14798227,0.02525933333,1.813197213,1.430350303e-06,0.001172887249
747,34.5101,30.94058186,89.23795358,0.025267,1.812791288,1.43001943e-06,0.001172615933
748,34.51906667,30.94595536,89.32778257,0.02527466667,1.812385737,1.429688856e-06,0.001172344862
749,34.52803333,30.95133446,89.4174719,0.02528233333,1.811980559,1.42935858e-06,0.001172074036
750,34.537,30.95671904,89.50702407,0.02529,1.811575753,1.429028602e-06,0.001171803454
751,34.54596667,30.96210901,89.59644141,0.02529766667,1.811171319,1.428698922e-06,0.001171533116
752,34.55493333,30.96750429,89.68572613,0.02530533333,1.810767255,1.428369538e-06,0.001171263021
753,34.5639,30.97290479,89.77488033,0.025313,1.810363562,1.428040449e-06,0.001170993169
754,34.57286667,30.97831043,89.86390597,0.02532066667,1.809960237,1.427711657e-06,0.001170723558
755,34.58183333,30.98372114,89.95280492,0.02532833333,1.809557281,1.427383159e-06,0.00117045419
756,34.5908,30.98913684,90.04157895,0.025336,1.809154693,1.427054955e-06,0.001170185063
757,34.59976667,30.99455748,90.13022974,0.02534366667,1.808752472,1.426727044e-06,0.001169916176
758,34.60873333,30.99998298,90.21875888,0.02535133333,1.808350616,1.426399426e-06,0.00116964753
759,34.6177,31.00541328,90.3071679,0.025359,1.807949126,1.426072101e-06,0.001169379123
760,34.62666667,31.01084834,90.39545824,0.02536666667,1.807548001,1.425745067e-06,0.001169110955
761,34.63563333,31.01628808,90.48363128,0.02537433333,1.807147239,1.425418325e-06,0.001168843026
762,34.6446,31.02173247,90.57168835,0.025382,1.80674684,1.425091872e-06,0.001168575335
763,34.65356667,31.02718144,90.6596307,0.02538966667,1.806346804,1.42476571e-06,0.001168307882
764,34.66253333,31.03263495,90.74745955,0.02539733333,1.805947129,1.424439837e-06,0.001168040666
765,34.6715,31.03809296,90.83517605,0.025405,1.805547815,1.424114252e-06,0.001167773687
766,34.68046667,31.04355541,90.92278131,0.02541266667,1.805148862,1.423788956e-06,0.001167506944
767,34.68943333,31.04902228,91.01027639,0.02542033333,1.804750267,1.423463947e-06,0.001167240437
768,34.6984,31.05449351,91.09766232,0.025428,1.804352031,1.423139225e-06,0.001166974164
769,34.70736667,31.05996906,91.18494008,0.02543566667,1.803954153,1.422814789e-06,0.001166708127
770,34.71633333,31.06544891,91.27211061,0.02544333333,1.803556632,1.422490639e-06,0.001166442324
771,34.7253,31.07093301,91.35917483,0.025451,1.803159468,1.422166774e-06,0.001166176755
772,34.73426667,31.07642132,91.44613362,0.02545866667,1.802762659,1.421843194e-06,0.001165911419
773,34.74323333,31.08191382,91.53298781,0.02546633333,1.802366205,1.421519898e-06,0.001165646316
774,34.7522,31.08741047,91.61973823,0.025474,1.801970106,1.421196885e-06,0.001165381445
775,34.76116667,31.09291124,91.70638567,0.02548166667,1.80157436,1.420874154e-06,0.001165116807
776,34.77013333,31.0984161,91.79293088,0.02548933333,1.801178966,1.420551706e-06,0.001164852399
777,34.7791,31.10392502,91.8793746,0.025497,1.800783925,1.42022954e-06,0.001164588223
778,34.78806667,31.10943796,91.96571754,0.02550466667,1.800389236,1.419907655e-06,0.001164324277
779,34.79703333,31.11495492,92.0519604,0.02551233333,1.799994896,1.419586051e-06,0.001164060561
780,34.806,31.12047585,92.13810384,0.02552,1.799600907,1.419264726e-06,0.001163797075
781,34.8116,31.12592743,92.14181434,0.02553,1.79920729,1.418941832e-06,0.001163532302
782,34.8172,31.13132596,92.14685088,0.02554,1.798814038,1.418619231e-06,0.001163267769
783,34.8228,31.13669126,92.15271853,0.02555,1.798421145,1.418296916e-06,0.001163003471
784,34.8284,31.14203068,92.15923308,0.02556,1.798028609,1.417974887e-06,0.001162739407
785,34.834,31.14734847,92.16628831,0.02557,1.797636427,1.417653141e-06,0.001162475576
786,34.8396,31.15264749,92.1738127,0.02558,1.797244597,1.417331678e-06,0.001162211976
787,34.8452,31.15792985,92.18175386,0.02559,1.796853119,1.417010495e-06,0.001161948606
788,34.8508,31.16319715,92.19007129,0.0256,1.796461992,1.416689593e-06,0.001161685466
789,34.8564,31.1684507,92.19873254,0.02561,1.796071213,1.41636897e-06,0.001161422556
790,34.862,31.17369157,92.20771081,0.02562,1.795680783,1.416048626e-06,0.001161159873
791,34.8676,31.17892066,92.21698355,0.02563,1.7952907,1.41572856e-06,0.001160897419
792,34.8732,31.18413874,92.22653143,0.02564,1.794900963,1.41540877e-06,0.001160635191
793,34.8788,31.18934649,92.23633764,0.02565,1.794511571,1.415089257e-06,0.001160373191
794,34.8844,31.1945445,92.24638742,0.02566,1.794122524,1.41477002e-06,0.001160111416
795,34.89,31.19973329,92.25666767,0.02567,1.793733821,1.414451057e-06,0.001159849867
796,34.8956,31.20491333,92.26716666,0.02568,1.793345461,1.414132369e-06,0.001159588542
797,34.9012,31.21008505,92.27787382,0.02569,1.792957443,1.413813954e-06,0.001159327443
798,34.9068,31.21524882,92.28877956,0.0257,1.792569766,1.413495813e-06,0.001159066567
799,34.9124,31.220405,92.29987512,0.02571,1.79218243,1.413177944e-06,0.001158805914
800,34.918,31.2255539,92.3111525,0.02572,1.791795434,1.412860347e-06,0.001158545485
801,34.9236,31.23069583,92.32260431,0.02573,1.791408777,1.412543021e-06,0.001158285278
802,34.9292,31.23583105,92.33422372,0.02574,1.791022458,1.412225966e-06,0.001158025292
803,34.9348,31.24095982,92.3460044,0.02575,1.790636476,1.411909181e-06,0.001157765529
804,34.9404,31.24608238,92.35794045,0.02576,1.790250832,1.411592666e-06,0.001157505986
805,34.946,31.25119895,92.37002637,0.02577,1.789865524,1.411276419e-06,0.001157246664
806,34.9516,31.25630972,92.38225701,0.02578,1.789480551,1.410960441e-06,0.001156987561
807,34.9572,31.2614149,92.39462753,0.02579,1.789095913,1.41064473e-06,0.001156728679
808,34.9628,31.26651467,92.40713337,0.0258,1.788711609,1.410329287e-06,0.001156470015
809,34.9684,31.27160919,92.41977025,0.02581,1.788327638,1.41001411e-06,0.00115621157
810,34.974,31.27669864,92.43253412,0.02582,1.787944,1.4096992e-06,0.001155953344
811,34.9796,31.28178315,92.44542114,0.02583,1.787560693,1.409384555e-06,0.001155695335
812,34.9852,31.28686289,92.45842766,0.02584,1.787177718,1.409070175e-06,0.001155437543
813,34.9908,31.29193799,92.47155024,0.02585,1.786795074,1.408756059e-06,0.001155179969
814,34.9964,31.29700858,92.48478558,0.02586,1.78641276,1.408442208e-06,0.00115492261
815,35.002,31.30207478,92.49813056,0.02587,1.786030775,1.40812862e-06,0.001154665468
816,35.0076,31.30713671,92.51158219,0.02588,1.785649118,1.407815294e-06,0.001154408541
817,35.0132,31.3121945,92.52513762,0.02589,1.785267789,1.407502231e-06,0.00115415183
818,35.0188,31.31724824,92.53879411,0.0259,1.784886788,1.40718943e-06,0.001153895333
819,35.0244,31.32229804,92.55254906,0.02591,1.784506113,1.40687689e-06,0.00115363905
820,35.03,31.327344,92.56639997,0.02592,1.784125764,1.406564611e-06,0.001153382981
821,35.0356,31.33238622,92.58034443,0.02593,1.783745741,1.406252593e-06,0.001153127126
822,35.0412,31.33742479,92.59438013,0.02594,1.783366042,1.405940833e-06,0.001152871483
823,35.0468,31.34245981,92.60850486,0.02595,1.782986667,1.405629334e-06,0.001152616054
824,35.0524,31.34749134,92.62271648,0.02596,1.782607615,1.405318092e-06,0.001152360836
825,35.058,31.35251948,92.63701294,0.02597,1.782228887,1.405007109e-06,0.00115210583
826,35.0636,31.35754431,92.65139226,0.02598,1.78185048,1.404696384e-06,0.001151851035
827,35.0692,31.3625659,92.66585253,0.02599,1.781472395,1.404385916e-06,0.001151596451
828,35.0748,31.36758432,92.6803919,0.026,1.781094631,1.404075705e-06,0.001151342078
829,35.0804,31.37259966,92.6950086,0.02601,1.780717187,1.403765749e-06,0.001151087914
830,35.086,31.37761196,92.7097009,0.02602,1.780340062,1.40345605e-06,0.001150833961
831,35.0916,31.38262131,92.72446714,0.02603,1.779963257,1.403146605e-06,0.001150580216
832,35.0972,31.38762777,92.73930571,0.02604,1.779586769,1.402837416e-06,0.001150326681
833,35.1028,31.3926314,92.75421504,0.02605,1.7792106,1.40252848e-06,0.001150073354
834,35.1084,31.39763225,92.76919363,0.02606,1.778834748,1.402219798e-06,0.001149820235
835,35.114,31.4026304,92.78424001,0.02607,1.778459212,1.40191137e-06,0.001149567323
836,35.1196,31.40762589,92.79935275,0.02608,1.778083992,1.401603194e-06,0.001149314619
837,35.1252,31.41261878,92.81453048,0.02609,1.777709088,1.40129527e-06,0.001149062121
838,35.1308,31.41760913,92.82977186,0.0261,1.777334498,1.400987598e-06,0.001148809831
839,35.1364,31.42259698,92.84507558,0.02611,1.776960222,1.400680178e-06,0.001148557746
840,35.142,31.42758238,92.86044039,0.02612,1.77658626,1.400373008e-06,0.001148305866
841,35.14836667,31.43258209,92.8946144,0.026128,1.776212591,1.400067673e-06,0.001148055492
842,35.15473333,31.43759242,92.92852275,0.026136,1.77583922,1.399762576e-06,0.001147805313
843,35.1611,31.44260892,92.96227711,0.026144,1.775466151,1.399457721e-06,0.001147555331
844,35.16746667,31.44762993,92.99591843,0.026152,1.775093386,1.399153109e-06,0.001147305549
845,35.17383333,31.45265454,93.02946992,0.02616,1.774720924,1.398848739e-06,0.001147055966
846,35.1802,31.45768212,93.06294693,0.026168,1.774348767,1.398544613e-06,0.001146806583
847,35.18656667,31.46271225,93.09636046,0.026176,1.773976913,1.39824073e-06,0.001146557399
848,35.19293333,31.46774458,93.12971882,0.026184,1.773605363,1.39793709e-06,0.001146308414
849,35.1993,31.47277886,93.16302852,0.026192,1.773234116,1.397633693e-06,0.001146059628
850,35.20566667,31.47781487,93.19629482,0.0262,1.772863173,1.397330538e-06,0.001145811041
851,35.21203333,31.48285245,93.22952199,0.026208,1.772492532,1.397027626e-06,0.001145562653
852,35.2184,31.48789145,93.26271363,0.026216,1.772122195,1.396724956e-06,0.001145314464
853,35.22476667,31.49293176,93.29587275,0.026224,1.771752159,1.396422527e-06,0.001145066472
854,35.23113333,31.49797326,93.32900194,0.026232,1.771382425,1.39612034e-06,0.001144818679
855,35.2375,31.50301586,93.36210342,0.02624,1.771012992,1.395818394e-06,0.001144571083
856,35.24386667,31.5080595,93.3951791,0.026248,1.77064386,1.395516688e-06,0.001144323684
857,35.25023333,31.51310411,93.42823067,0.026256,1.770275028,1.395215223e-06,0.001144076483
858,35.2566,31.51814962,93.46125958,0.026264,1.769906497,1.394913997e-06,0.001143829478
859,35.26296667,31.52319598,93.49426714,0.026272,1.769538264,1.394613012e-06,0.00114358267
860,35.26933333,31.52824315,93.52725447,0.02628,1.769170331,1.394312265e-06,0.001143336057
861,35.2757,31.5332911,93.56022259,0.026288,1.768802697,1.394011757e-06,0.001143089641
862,35.28206667,31.53833977,93.5931724,0.026296,1.76843536,1.393711488e-06,0.00114284342
863,35.28843333,31.54338915,93.62610469,0.026304,1.768068321,1.393411456e-06,0.001142597394
864,35.2948,31.54843919,93.65902018,0.026312,1.767701578,1.393111663e-06,0.001142351563
865,35.30116667,31.55348989,93.69191949,0.02632,1.767335133,1.392812106e-06,0.001142105927
866,35.30753333,31.55854121,93.7248032,0.026328,1.766968983,1.392512787e-06,0.001141860485
867,35.3139,31.56359313,93.75767182,0.026336,1.766603129,1.392213704e-06,0.001141615237
868,35.32026667,31.56864564,93.79052579,0.026344,1.766237571,1.391914856e-06,0.001141370182
869,35.32663333,31.57369871,93.82336553,0.026352,1.765872306,1.391616245e-06,0.001141125321
870,35.333,31.57875234,93.85619139,0.02636,1.765507336,1.391317869e-06,0.001140880653
871,35.33936667,31.58380652,93.88900369,0.026368,1.76514266,1.391019728e-06,0.001140636177
872,35.34573333,31.58886122,93.92180274,0.026376,1.764778276,1.390721821e-06,0.001140391893
873,35.3521,31.59391645,93.95458878,0.026384,1.764414185,1.390424148e-06,0.001140147802
874,35.35846667,31.59897218,93.98736205,0.026392,1.764050386,1.390126709e-06,0.001139903902
875,35.36483333,31.60402842,94.02012274,0.0264,1.763686879,1.389829503e-06,0.001139660193
876,35.3712,31.60908516,94.05287104,0.026408,1.763323663,1.389532531e-06,0.001139416675
877,35.37756667,31.61414238,94.0856071,0.026416,1.762960738,1.38923579e-06,0.001139173348
878,35.38393333,31.61920009,94.11833107,0.026424,1.762598102,1.388939282e-06,0.001138930211
879,35.3903,31.62425828,94.15104306,0.026432,1.762235757,1.388643005e-06,0.001138687264
880,35.39666667,31.62931694,94.18374317,0.02644,1.7618737,1.38834696e-06,0.001138444507
881,35.40303333,31.63437607,94.2164315,0.026448,1.761511932,1.388051146e-06,0.00113820194
882,35.4094,31.63943568,94.24910811,0.026456,1.761150452,1.387755562e-06,0.001137959561
883,35.41576667,31.64449574,94.28177308,0.026464,1.76078926,1.387460208e-06,0.001137717371
884,35.42213333,31.64955628,94.31442646,0.026472,1.760428355,1.387165084e-06,0.001137475369
885,35.4285,31.65461727,94.34706827,0.02648,1.760067737,1.386870189e-06,0.001137233555
886,35.43486667,31.65967872,94.37969856,0.026488,1.759707404,1.386575524e-06,0.001136991929
887,35.44123333,31.66474064,94.41231735,0.026496,1.759347358,1.386281086e-06,0.001136750491
888,35.4476,31.66980301,94.44492464,0.026504,1.758987596,1.385986877e-06,0.001136509239
889,35.45396667,31.67486585,94.47752045,0.026512,1.75862812,1.385692896e-06,0.001136268175
890,35.46033333,31.67992914,94.51010477,0.02652,1.758268927,1.385399142e-06,0.001136027296
891,35.4667,31.6849929,94.5426776,0.026528,1.757910019,1.385105615e-06,0.001135786604
892,35.47306667,31.69005711,94.57523892,0.026536,1.757551393,1.384812314e-06,0.001135546098
893,35.47943333,31.69512179,94.60778871,0.026544,1.75719305,1.38451924e-06,0.001135305777
894,35.4858,31.70018692,94.64032694,0.026552,1.75683499,1.384226392e-06,0.001135065641
895,35.49216667,31.70525252,94.67285359,0.02656,1.756477211,1.383933769e-06,0.00113482569
896,35.49853333,31.71031859,94.70536863,0.026568,1.756119713,1.383641371e-06,0.001134585924
897,35.5049,31.71538512,94.73787201,0.026576,1.755762497,1.383349197e-06,0.001134346342
898,35.51126667,31.72045212,94.7703637,0.026584,1.75540556,1.383057248e-06,0.001134106944
899,35.51763333,31.72551959,94.80284364,0.026592,1.755048904,1.382765523e-06,0.001133867729
900,35.524,31.73058753,94.8353118,0.0266,1.754692527,1.382474021e-06,0.001133628697
901,35.53345,31.73572307,94.94317318,0.0266045,1.754336395,1.382185516e-06,0.001133392123
902,35.5429,31.74091127,95.04971833,0.026609,1.753980515,1.381897212e-06,0.001133155714
903,35.55235,31.74613396,95.15540105,0.0266135,1.753624897,1.381609118e-06,0.001132919476
904,35.5618,31.75138438,95.26039052,0.026618,1.753269542,1.381321234e-06,0.001132683412
905,35.57125,31.75665862,95.36478447,0.0266225,1.752914453,1.381033563e-06,0.001132447521
906,35.5807,31.76195404,95.46864888,0.026627,1.75255963,1.380746104e-06,0.001132211805
907,35.59015,31.76726871,95.57203215,0.0266315,1.752205073,1.380458858e-06,0.001131976264
908,35.5996,31.77260113,95.67497179,0.026636,1.751850783,1.380171826e-06,0.001131740898
909,35.60905,31.77795008,95.77749792,0.0266405,1.75149676,1.379885008e-06,0.001131505707
910,35.6185,31.78331458,95.87963546,0.026645,1.751143004,1.379598403e-06,0.00113127069
911,35.62795,31.78869378,95.98140546,0.0266495,1.750789514,1.379312011e-06,0.001131035849
912,35.6374,31.79408696,96.08282599,0.026654,1.750436292,1.379025833e-06,0.001130801183
913,35.64685,31.79949349,96.18391277,0.0266585,1.750083336,1.378739869e-06,0.001130566692
914,35.6563,31.80491281,96.28467968,0.026663,1.749730646,1.378454117e-06,0.001130332376
915,35.66575,31.81034444,96.38513904,0.0266675,1.749378223,1.378168578e-06,0.001130098234
916,35.6752,31.81578792,96.48530191,0.026672,1.749026065,1.377883252e-06,0.001129864267
917,35.68465,31.82124287,96.58517829,0.0266765,1.748674174,1.377598139e-06,0.001129630474
918,35.6941,31.82670891,96.68477725,0.026681,1.748322547,1.377313238e-06,0.001129396855
919,35.70355,31.83218572,96.7841071,0.0266855,1.747971186,1.377028549e-06,0.00112916341
920,35.713,31.83767298,96.88317546,0.02669,1.74762009,1.376744072e-06,0.001128930139
921,35.72245,31.84317043,96.98198937,0.0266945,1.747269258,1.376459806e-06,0.001128697041
922,35.7319,31.84867779,97.08055534,0.026699,1.74691869,1.376175752e-06,0.001128464117
923,35.74135,31.85419482,97.17887944,0.0267035,1.746568386,1.375891909e-06,0.001128231365
924,35.7508,31.85972131,97.27696731,0.026708,1.746218346,1.375608277e-06,0.001127998787
925,35.76025,31.86525703,97.37482424,0.0267125,1.745868569,1.375324855e-06,0.001127766381
926,35.7697,31.87080179,97.47245518,0.026717,1.745519054,1.375041643e-06,0.001127534148
927,35.77915,31.87635541,97.56986479,0.0267215,1.745169802,1.374758642e-06,0.001127302086
928,35.7886,31.8819177,97.66705747,0.026726,1.744820813,1.37447585e-06,0.001127070197
929,35.79805,31.88748851,97.76403736,0.0267305,1.744472084,1.374193268e-06,0.001126838479
930,35.8075,31.89306766,97.86080839,0.026735,1.744123618,1.373910894e-06,0.001126606933
931,35.81695,31.89865503,97.95737428,0.0267395,1.743775412,1.37362873e-06,0.001126375558
932,35.8264,31.90425046,98.05373856,0.026744,1.743427467,1.373346774e-06,0.001126144354
933,35.83585,31.90985382,98.14990459,0.0267485,1.743079782,1.373065026e-06,0.001125913321
934,35.8453,31.91546498,98.24587557,0.026753,1.742732357,1.372783486e-06,0.001125682458
935,35.85475,31.92108382,98.34165457,0.0267575,1.742385192,1.372502153e-06,0.001125451766
936,35.8642,31.92671022,98.43724449,0.026762,1.742038285,1.372221028e-06,0.001125221243
937,35.87365,31.93234407,98.53264813,0.0267665,1.741691638,1.37194011e-06,0.00112499089
938,35.8831,31.93798527,98.62786816,0.026771,1.741345249,1.371659399e-06,0.001124760707
939,35.89255,31.94363371,98.72290714,0.0267755,1.740999118,1.371378894e-06,0.001124530693
940,35.902,31.9492893,98.81776754,0.02678,1.740653244,1.371098595e-06,0.001124300848
941,35.91145,31.95495193,98.91245171,0.0267845,1.740307628,1.370818502e-06,0.001124071172
942,35.9209,31.96062152,99.00696192,0.026789,1.739962268,1.370538614e-06,0.001123841664
943,35.93035,31.96629799,99.10130037,0.0267935,1.739617165,1.370258932e-06,0.001123612324
944,35.9398,31.97198123,99.19546916,0.026798,1.739272318,1.369979454e-06,0.001123383153
945,35.94925,31.97767119,99.28947031,0.0268025,1.738927726,1.369700181e-06,0.001123154149
946,35.9587,31.98336777,99.38330579,0.026807,1.73858339,1.369421112e-06,0.001122925312
947,35.96815,31.9890709,99.47697749,0.0268115,1.738239309,1.369142247e-06,0.001122696643
948,35.9776,31.99478051,99.57048725,0.026816,1.737895483,1.368863586e-06,0.001122468141
949,35.98705,32.00049653,99.66383682,0.0268205,1.73755191,1.368585128e-06,0.001122239805
950,35.9965,32.00621888,99.75702791,0.026825,1.737208591,1.368306873e-06,0.001122011636
951,36.00595,32.01194751,99.85006219,0.0268295,1.736865526,1.368028821e-06,0.001121783633
952,36.0154,32.01768235,99.94294127,0.026834,1.736522713,1.367750971e-06,0.001121555796
953,36.02485,32.02342333,100.0356667,0.0268385,1.736180154,1.367473323e-06,0.001121328125
954,36.0343,32.0291704,100.12824,0.026843,1.735837846,1.367195877e-06,0.001121100619
955,36.04375,32.0349235,100.2206626,0.0268475,1.73549579,1.366918632e-06,0.001120873278
956,36.0532,32.04068256,100.3129359,0.026852,1.735153985,1.366641588e-06,0.001120646102
957,36.06265,32.04644755,100.4050614,0.0268565,1.734812432,1.366364746e-06,0.001120419091
958,36.0721,32.05221839,100.4970403,0.026861,1.734471129,1.366088103e-06,0.001120192245
959,36.08155,32.05799504,100.588874,0.0268655,1.734130077,1.365811661e-06,0.001119965562
960,36.091,32.06377745,100.6805638,0.02687,1.733789274,1.365535419e-06,0.001119739044
961,36.09538333,32.06945525,100.648202,0.0268775,1.73344875,1.365257e-06,0.00111951074
962,36.09976667,32.07505299,100.617842,0.026885,1.733108497,1.364978798e-06,0.001119282614
963,36.10415,32.08060043,100.5887393,0.0268925,1.732768508,1.364700806e-06,0.001119054661
964,36.10853333,32.08610866,100.5606168,0.0269,1.732428778,1.364423022e-06,0.001118826878
965,36.11291667,32.09158407,100.533315,0.0269075,1.732089307,1.364145445e-06,0.001118599265
966,36.1173,32.09703094,100.5067265,0.026915,1.731750092,1.363868074e-06,0.00111837182
967,36.12168333,32.10245243,100.4807726,0.0269225,1.731411133,1.363590906e-06,0.001118144543
968,36.12606667,32.10785096,100.4553928,0.02693,1.731072428,1.363313942e-06,0.001117917432
969,36.13045,32.11322847,100.4305383,0.0269375,1.730733976,1.363037181e-06,0.001117690488
970,36.13483333,32.11858657,100.4061691,0.026945,1.730395777,1.362760622e-06,0.00111746371
971,36.13921667,32.12392661,100.3822514,0.0269525,1.73005783,1.362484264e-06,0.001117237097
972,36.1436,32.12924974,100.3587565,0.02696,1.729720135,1.362208108e-06,0.001117010648
973,36.14798333,32.13455696,100.3356593,0.0269675,1.72938269,1.361932152e-06,0.001116784365
974,36.15236667,32.13984916,100.3129377,0.026975,1.729045495,1.361656396e-06,0.001116558245
975,36.15675,32.14512711,100.2905723,0.0269825,1.728708549,1.36138084e-06,0.001116332288
976,36.16113333,32.15039151,100.2685457,0.02699,1.728371853,1.361105482e-06,0.001116106495
977,36.16551667,32.15564298,100.2468421,0.0269975,1.728035405,1.360830324e-06,0.001115880865
978,36.1699,32.16088211,100.2254473,0.027005,1.727699204,1.360555363e-06,0.001115655398
979,36.17428333,32.16610939,100.2043485,0.0270125,1.727363251,1.360280601e-06,0.001115430092
980,36.17866667,32.17132532,100.1835337,0.02702,1.727027544,1.360006035e-06,0.001115204949
981,36.18305,32.17653032,100.162992,0.0270275,1.726692084,1.359731667e-06,0.001114979967
982,36.18743333,32.1817248,100.1427133,0.027035,1.72635687,1.359457496e-06,0.001114755146
983,36.19181667,32.18690913,100.1226884,0.0270425,1.726021901,1.35918352e-06,0.001114530487
984,36.1962,32.19208366,100.1029085,0.02705,1.725687176,1.358909741e-06,0.001114305988
985,36.20058333,32.19724871,100.0833656,0.0270575,1.725352696,1.358636157e-06,0.001114081649
986,36.20496667,32.20240458,100.0640521,0.027065,1.72501846,1.358362768e-06,0.00111385747
987,36.20935,32.20755156,100.0449609,0.0270725,1.724684468,1.358089574e-06,0.001113633451
988,36.21373333,32.21268992,100.0260854,0.02708,1.724350718,1.357816575e-06,0.001113409591
989,36.21811667,32.2178199,100.0074192,0.0270875,1.724017212,1.357543769e-06,0.001113185891
990,36.2225,32.22294174,99.98895653,0.027095,1.723683947,1.357271157e-06,0.001112962349
991,36.22688333,32.22805566,99.97069171,0.0271025,1.723350924,1.356998739e-06,0.001112738966
992,36.23126667,32.23316189,99.95261947,0.02711,1.723018142,1.356726514e-06,0.001112515741
993,36.23565,32.23826061,99.93473478,0.0271175,1.722685601,1.356454481e-06,0.001112292674
994,36.24003333,32.24335202,99.91703287,0.027125,1.722353301,1.356182641e-06,0.001112069765
995,36.24441667,32.2484363,99.8995092,0.0271325,1.722021241,1.355910993e-06,0.001111847014
996,36.2488,32.25351362,99.88215943,0.02714,1.72168942,1.355639536e-06,0.001111624419
997,36.25318333,32.25858416,99.86497945,0.0271475,1.721357838,1.355368271e-06,0.001111401982
998,36.25756667,32.26364805,99.84796532,0.027155,1.721026496,1.355097197e-06,0.001111179701
999,36.26195,32.26870547,99.83111326,0.0271625,1.720695391,1.354826313e-06,0.001110957577
1000,36.26633333,32.27375655,99.81441966,0.02717,1.720364525,1.35455562e-06,0.001110735608
1001,36.27071667,32.27880142,99.79788108,0.0271775,1.720033896,1.354285117e-06,0.001110513796
1002,36.2751,32.28384023,99.78149418,0.027185,1.719703505,1.354014804e-06,0.001110292139
1003,36.27948333,32.2888731,99.7652558,0.0271925,1.71937335,1.35374468e-06,0.001110070638
1004,36.28386667,32.29390015,99.74916286,0.0272,1.719043432,1.353474746e-06,0.001109849291
1005,36.28825,32.2989215,99.73321243,0.0272075,1.71871375,1.353205e-06,0.0011096281
1006,36.29263333,32.30393727,99.71740168,0.027215,1.718384303,1.352935442e-06,0.001109407063
1007,36.29701667,32.30894755,99.70172787,0.0272225,1.718055091,1.352666073e-06,0.00110918618
1008,36.3014,32.31395247,99.68618837,0.02723,1.717726115,1.352396892e-06,0.001108965451
1009,36.30578333,32.31895211,99.67078064,0.0272375,1.717397373,1.352127898e-06,0.001108744877
1010,36.31016667,32.32394658,99.65550224,0.027245,1.717068865,1.351859092e-06,0.001108524455
1011,36.31455,32.32893597,99.6403508,0.0272525,1.71674059,1.351590472e-06,0.001108304187
1012,36.31893333,32.33392037,99.62532401,0.02726,1.716412549,1.351322039e-06,0.001108084072
1013,36.32331667,32.33889988,99.61041968,0.0272675,1.716084741,1.351053793e-06,0.00110786411
1014,36.3277,32.34387457,99.59563566,0.027275,1.715757166,1.350785733e-06,0.001107644301
1015,36.33208333,32.34884454,99.58096987,0.0272825,1.715429822,1.350517858e-06,0.001107424643
1016,36.33646667,32.35380985,99.56642029,0.02729,1.715102711,1.350250169e-06,0.001107205138
1017,36.34085,32.3587706,99.55198499,0.0272975,1.714775831,1.349982665e-06,0.001106985785
1018,36.34523333,32.36372685,99.53766206,0.027305,1.714449182,1.349715345e-06,0.001106766583
1019,36.34961667,32.36867868,99.52344967,0.0273125,1.714122763,1.349448211e-06,0.001106547533
1020,36.354,32.37362616,99.50934603,0.02732,1.713796575,1.34918126e-06,0.001106328633
1021,36.36588333,32.37873265,99.67876712,0.02733016667,1.713470643,1.348912381e-06,0.001106108153
1022,36.37776667,32.38396183,99.84512085,0.02734033333,1.713144961,1.348643702e-06,0.001105887835
1023,36.38965,32.38926962,100.0095095,0.0273505,1.71281952,1.348375216e-06,0.001105667677
1024,36.40153333,32.3946396,100.1723432,0.02736066667,1.712494319,1.348106922e-06,0.001105447676
1025,36.41341667,32.40006233,100.3338583,0.02737083333,1.712169355,1.347838817e-06,0.00110522783
1026,36.4253,32.40553145,100.4942138,0.027381,1.711844628,1.347570902e-06,0.00110500814
1027,36.43718333,32.41104228,100.6535263,0.02739116667,1.711520135,1.347303175e-06,0.001104788603
1028,36.44906667,32.41659124,100.8118856,0.02740133333,1.711195877,1.347035635e-06,0.001104569221
1029,36.46095,32.42217545,100.9693638,0.0274115,1.710871853,1.346768282e-06,0.001104349991
1030,36.47283333,32.42779252,101.1260203,0.02742166667,1.71054806,1.346501115e-06,0.001104130914
1031,36.48471667,32.43344046,101.2819051,0.02743183333,1.7102245,1.346234134e-06,0.00110391199
1032,36.4966,32.43911755,101.4370612,0.027442,1.709901172,1.345967337e-06,0.001103693217
1033,36.50848333,32.44482231,101.5915256,0.02745216667,1.709578074,1.345700725e-06,0.001103474595
1034,36.52036667,32.45055343,101.745331,0.02746233333,1.709255206,1.345434298e-06,0.001103256124
1035,36.53225,32.45630974,101.8985064,0.0274725,1.708932568,1.345168054e-06,0.001103037804
1036,36.54413333,32.46209023,102.0510777,0.02748266667,1.708610159,1.344901994e-06,0.001102819635
1037,36.55601667,32.46789394,102.2030682,0.02749283333,1.708287978,1.344636116e-06,0.001102601615
1038,36.5679,32.47372004,102.3544991,0.027503,1.707966026,1.344370421e-06,0.001102383745
1039,36.57978333,32.47956775,102.5053896,0.02751316667,1.707644302,1.344104908e-06,0.001102166025
1040,36.59166667,32.48543637,102.6557574,0.02752333333,1.707322804,1.343839577e-06,0.001101948453
1041,36.60355,32.49132525,102.8056188,0.0275335,1.707001534,1.343574427e-06,0.00110173103
1042,36.61543333,32.49723378,102.9549888,0.02754366667,1.70668049,1.343309459e-06,0.001101513756
1043,36.62731667,32.50316142,103.1038812,0.02755383333,1.706359672,1.343044671e-06,0.00110129663
1044,36.6392,32.50910764,103.252309,0.027564,1.706039079,1.342780063e-06,0.001101079652
1045,36.65108333,32.51507196,103.4002843,0.02757416667,1.705718711,1.342515636e-06,0.001100862821
1046,36.66296667,32.52105393,103.5478184,0.02758433333,1.705398568,1.342251388e-06,0.001100646138
1047,36.67485,32.52705312,103.6949219,0.0275945,1.70507865,1.34198732e-06,0.001100429602
1048,36.68673333,32.53306914,103.8416047,0.02760466667,1.704758955,1.34172343e-06,0.001100213213
1049,36.69861667,32.53910162,103.9878763,0.02761483333,1.704439483,1.34145972e-06,0.00109999697
1050,36.7105,32.54515018,104.1337454,0.027625,1.704120235,1.341196188e-06,0.001099780874
1051,36.72238333,32.55121451,104.2792205,0.02763516667,1.703801209,1.340932834e-06,0.001099564924
1052,36.73426667,32.55729429,104.4243095,0.02764533333,1.703482405,1.340669657e-06,0.001099349119
1053,36.74615,32.5633892,104.56902,0.0276555,1.703163823,1.340406659e-06,0.00109913346
1054,36.75803333,32.56949897,104.713359,0.02766566667,1.702845463,1.340143837e-06,0.001098917946
1055,36.76991667,32.57562332,104.8573336,0.02767583333,1.702527324,1.339881193e-06,0.001098702578
1056,36.7818,32.581762,105.00095,0.027686,1.702209406,1.339618725e-06,0.001098487354
1057,36.79368333,32.58791475,105.1442146,0.02769616667,1.701891708,1.339356433e-06,0.001098272275
1058,36.80556667,32.59408134,105.2871333,0.02770633333,1.70157423,1.339094317e-06,0.00109805734
1059,36.81745,32.60026153,105.4297117,0.0277165,1.701256971,1.338832377e-06,0.001097842549
1060,36.82933333,32.60645512,105.5719553,0.02772666667,1.700939932,1.338570612e-06,0.001097627902
1061,36.84121667,32.61266189,105.7138694,0.02773683333,1.700623112,1.338309023e-06,0.001097413399
1062,36.8531,32.61888165,105.8554588,0.027747,1.70030651,1.338047608e-06,0.001097199039
1063,36.86498333,32.62511419,105.9967285,0.02775716667,1.699990127,1.337786368e-06,0.001096984822
1064,36.87686667,32.63135934,106.1376831,0.02776733333,1.699673961,1.337525302e-06,0.001096770748
1065,36.88875,32.63761692,106.2783269,0.0277775,1.699358013,1.33726441e-06,0.001096556816
1066,36.90063333,32.64388676,106.4186644,0.02778766667,1.699042282,1.337003692e-06,0.001096343027
1067,36.91251667,32.65016868,106.5586996,0.02779783333,1.698726767,1.336743147e-06,0.001096129381
1068,36.9244,32.65646254,106.6984365,0.027808,1.698411469,1.336482776e-06,0.001095915876
1069,36.93628333,32.66276817,106.837879,0.02781816667,1.698096388,1.336222577e-06,0.001095702513
1070,36.94816667,32.66908543,106.9770308,0.02782833333,1.697781522,1.335962551e-06,0.001095489292
1071,36.96005,32.67541418,107.1158955,0.0278385,1.697466871,1.335702697e-06,0.001095276211
1072,36.97193333,32.68175427,107.2544766,0.02784866667,1.697152435,1.335443015e-06,0.001095063272
1073,36.98381667,32.68810557,107.3927775,0.02785883333,1.696838214,1.335183505e-06,0.001094850474
1074,36.9957,32.69446794,107.5308014,0.027869,1.696524208,1.334924166e-06,0.001094637816
1075,37.00758333,32.70084127,107.6685515,0.02787916667,1.696210415,1.334664999e-06,0.001094425299
1076,37.01946667,32.70722543,107.8060308,0.02788933333,1.695896837,1.334406003e-06,0.001094212922
1077,37.03135,32.7136203,107.9432424,0.0278995,1.695583471,1.334147177e-06,0.001094000685
1078,37.04323333,32.72002577,108.0801892,0.02790966667,1.695270319,1.333888522e-06,0.001093788588
1079,37.05511667,32.72644171,108.2168739,0.02791983333,1.694957379,1.333630037e-06,0.00109357663
1080,37.067,32.73286803,108.3532993,0.02793,1.694644652,1.333371721e-06,0.001093364812
1081,37.07286667,32.73917362,108.3423263,0.0279355,1.694332091,1.333117273e-06,0.001093156164
1082,37.07873333,32.74538756,108.3336444,0.027941,1.694019708,1.332862966e-06,0.001092947632
1083,37.0846,32.75154518,108.3263706,0.0279465,1.693707513,1.33260881e-06,0.001092739224
1084,37.09046667,32.75765959,108.320177,0.027952,1.69339551,1.332354808e-06,0.001092530943
1085,37.09633333,32.76373833,108.3148751,0.0279575,1.693083703,1.332100962e-06,0.001092322789
1086,37.1022,32.76978646,108.3103386,0.027963,1.692772092,1.331847273e-06,0.001092114764
1087,37.10806667,32.77580767,108.306475,0.0279685,1.692460678,1.331593742e-06,0.001091906869
1088,37.11393333,32.7818048,108.3032133,0.027974,1.692149462,1.33134037e-06,0.001091699103
1089,37.1198,32.78778014,108.3004966,0.0279795,1.691838444,1.331087156e-06,0.001091491468
1090,37.12566667,32.79373553,108.2982783,0.027985,1.691527626,1.3308341e-06,0.001091283962
1091,37.13153333,32.79967256,108.2965194,0.0279905,1.691217006,1.330581205e-06,0.001091076588
1092,37.1374,32.80559255,108.2951863,0.027996,1.690906585,1.330328468e-06,0.001090869344
1093,37.14326667,32.81149666,108.2942502,0.0280015,1.690596364,1.330075891e-06,0.001090662231
1094,37.14913333,32.8173859,108.2936859,0.028007,1.690286342,1.329823473e-06,0.001090455248
1095,37.155,32.82326116,108.2934709,0.0280125,1.689976519,1.329571215e-06,0.001090248396
1096,37.16086667,32.82912325,108.2935855,0.028018,1.689666896,1.329319116e-06,0.001090041675
1097,37.16673333,32.83497286,108.2940117,0.0280235,1.689357471,1.329067177e-06,0.001089835085
1098,37.1726,32.84081066,108.2947335,0.028029,1.689048246,1.328815397e-06,0.001089628626
1099,37.17846667,32.84663722,108.2957361,0.0280345,1.688739221,1.328563776e-06,0.001089422297
1100,37.18433333,32.85245308,108.2970063,0.02804,1.688430394,1.328312315e-06,0.001089216098
1101,37.1902,32.85825872,108.2985319,0.0280455,1.688121766,1.328061013e-06,0.00108901003
1102,37.19606667,32.86405461,108.3003015,0.028051,1.687813336,1.327809869e-06,0.001088804093
1103,37.20193333,32.86984114,108.3023048,0.0280565,1.687505106,1.327558885e-06,0.001088598285
1104,37.2078,32.87561872,108.3045321,0.028062,1.687197074,1.327308059e-06,0.001088392608
1105,37.21366667,32.88138769,108.3069745,0.0280675,1.68688924,1.327057392e-06,0.001088187061
1106,37.21953333,32.88714839,108.3096237,0.028073,1.686581604,1.326806883e-06,0.001087981644
1107,37.2254,32.89290113,108.3124719,0.0280785,1.686274167,1.326556533e-06,0.001087776357
1108,37.23126667,32.8986462,108.3155117,0.028084,1.685966927,1.326306341e-06,0.0010875712
1109,37.23713333,32.90438388,108.3187364,0.0280895,1.685659884,1.326056307e-06,0.001087366172
1110,37.243,32.91011442,108.3221395,0.028095,1.685353039,1.325806431e-06,0.001087161274
1111,37.24886667,32.91583807,108.325715,0.0281005,1.685046392,1.325556713e-06,0.001086956505
1112,37.25473333,32.92155505,108.3294571,0.028106,1.684739941,1.325307153e-06,0.001086751865
1113,37.2606,32.92726558,108.3333604,0.0281115,1.684433687,1.32505775e-06,0.001086547355
1114,37.26646667,32.93296987,108.3374198,0.028117,1.68412763,1.324808504e-06,0.001086342973
1115,37.27233333,32.93866811,108.3416305,0.0281225,1.683821769,1.324559415e-06,0.00108613872
1116,37.2782,32.94436049,108.3459878,0.028128,1.683516104,1.324310483e-06,0.001085934596
1117,37.28406667,32.95004717,108.3504875,0.0281335,1.683210635,1.324061708e-06,0.001085730601
1118,37.28993333,32.95572833,108.3551252,0.028139,1.682905362,1.32381309e-06,0.001085526733
1119,37.2958,32.96140412,108.359897,0.0281445,1.682600284,1.323564627e-06,0.001085322995
1120,37.30166667,32.9670747,108.3647992,0.02815,1.682295402,1.323316322e-06,0.001085119384
1121,37.30753333,32.97274021,108.3698281,0.0281555,1.681990715,1.323068172e-06,0.001084915901
1122,37.3134,32.97840079,108.3749802,0.028161,1.681686222,1.322820178e-06,0.001084712546
1123,37.31926667,32.98405657,108.3802523,0.0281665,1.681381925,1.32257234e-06,0.001084509319
1124,37.32513333,32.98970769,108.3856412,0.028172,1.681077821,1.322324657e-06,0.001084306219
1125,37.331,32.99535425,108.3911438,0.0281775,1.680773912,1.32207713e-06,0.001084103246
1126,37.33686667,33.00099638,108.3967572,0.028183,1.680470197,1.321829757e-06,0.001083900401
1127,37.34273333,33.00663419,108.4024786,0.0281885,1.680166675,1.32158254e-06,0.001083697683
1128,37.3486,33.01226779,108.4083053,0.028194,1.679863347,1.321335478e-06,0.001083495092
1129,37.35446667,33.01789728,108.4142348,0.0281995,1.679560212,1.32108857e-06,0.001083292627
1130,37.36033333,33.02352276,108.4202644,0.028205,1.67925727,1.320841816e-06,0.001083090289
1131,37.3662,33.02914432,108.4263919,0.0282105,1.678954521,1.320595217e-06,0.001082888078
1132,37.37206667,33.03476207,108.4326149,0.028216,1.678651964,1.320348771e-06,0.001082685993
1133,37.37793333,33.04037609,108.4389312,0.0282215,1.6783496,1.32010248e-06,0.001082484033
1134,37.3838,33.04598646,108.4453386,0.028227,1.678047427,1.319856342e-06,0.0010822822
1135,37.38966667,33.05159327,108.451835,0.0282325,1.677745447,1.319610358e-06,0.001082080493
1136,37.39553333,33.05719659,108.4584185,0.028238,1.677443658,1.319364526e-06,0.001081878912
1137,37.4014,33.06279652,108.465087,0.0282435,1.67714206,1.319118848e-06,0.001081677456
1138,37.40726667,33.06839311,108.4718388,0.028249,1.676840654,1.318873323e-06,0.001081476125
1139,37.41313333,33.07398645,108.478672,0.0282545,1.676539438,1.31862795e-06,0.001081274919
1140,37.419,33.07957661,108.4855848,0.02826,1.676238413,1.31838273e-06,0.001081073839
1141,37.42671667,33.08520392,108.5378186,0.02827083333,1.675937631,1.318133438e-06,0.001080869419
1142,37.43443333,33.09085949,108.589346,0.02828166667,1.675637078,1.317884329e-06,0.00108066515
1143,37.44215,33.09653249,108.6404378,0.0282925,1.675336741,1.317635393e-06,0.001080461022
1144,37.44986667,33.1022189,108.691194,0.02830333333,1.675036615,1.317386625e-06,0.001080257033
1145,37.45758333,33.10791646,108.7416718,0.02831416667,1.674736696,1.317138024e-06,0.001080053179
1146,37.4653,33.11362363,108.7919093,0.028325,1.674436983,1.316889587e-06,0.001079849461
1147,37.47301667,33.1193393,108.8419341,0.02833583333,1.674137474,1.316641312e-06,0.001079645876
1148,37.48073333,33.12506264,108.8917674,0.02834666667,1.673838167,1.3163932e-06,0.001079442424
1149,37.48845,33.13079296,108.9414261,0.0283575,1.67353906,1.316145248e-06,0.001079239104
1150,37.49616667,33.13652972,108.9909237,0.02836833333,1.673240155,1.315897457e-06,0.001079035915
1151,37.50388333,33.14227246,109.0402717,0.02837916667,1.672941448,1.315649825e-06,0.001078832856
1152,37.5116,33.14802081,109.0894798,0.02839,1.67264294,1.315402352e-06,0.001078629928
1153,37.51931667,33.15377442,109.1385562,0.02840083333,1.672344629,1.315155037e-06,0.00107842713
1154,37.52703333,33.15953301,109.187508,0.02841166667,1.672046516,1.314907879e-06,0.001078224461
1155,37.53475,33.16529633,109.2363417,0.0284225,1.671748599,1.314660879e-06,0.001078021921
1156,37.54246667,33.17106415,109.2850628,0.02843333333,1.671450878,1.314414036e-06,0.001077819509
1157,37.55018333,33.17683628,109.3336762,0.02844416667,1.671153352,1.314167348e-06,0.001077617226
1158,37.5579,33.18261254,109.3821864,0.028455,1.670856021,1.313920817e-06,0.00107741507
1159,37.56561667,33.18839277,109.4305974,0.02846583333,1.670558885,1.313674441e-06,0.001077213042
1160,37.57333333,33.19417682,109.4789127,0.02847666667,1.670261942,1.31342822e-06,0.001077011141
1161,37.58105,33.19996457,109.5271358,0.0284875,1.669965193,1.313182154e-06,0.001076809366
1162,37.58876667,33.20575589,109.5752695,0.02849833333,1.669668636,1.312936242e-06,0.001076607719
1163,37.59648333,33.21155067,109.6233167,0.02850916667,1.669372272,1.312690485e-06,0.001076406197
1164,37.6042,33.21734881,109.6712798,0.02852,1.669076101,1.312444881e-06,0.001076204802
1165,37.61191667,33.22315022,109.7191612,0.02853083333,1.668780121,1.31219943e-06,0.001076003533
1166,37.61963333,33.22895481,109.766963,0.02854166667,1.668484332,1.311954132e-06,0.001075802389
1167,37.62735,33.23476251,109.8146873,0.0285525,1.668188735,1.311708988e-06,0.00107560137
1168,37.63506667,33.24057323,109.8623358,0.02856333333,1.667893328,1.311463995e-06,0.001075400476
1169,37.64278333,33.24638692,109.9099104,0.02857416667,1.667598111,1.311219155e-06,0.001075199707
1170,37.6505,33.2522035,109.9574125,0.028585,1.667303084,1.310974467e-06,0.001074999063
1171,37.65821667,33.25802291,110.0048438,0.02859583333,1.667008246,1.31072993e-06,0.001074798543
1172,37.66593333,33.26384511,110.0522056,0.02860666667,1.666713598,1.310485545e-06,0.001074598147
1173,37.67365,33.26967003,110.0994993,0.0286175,1.666419138,1.310241311e-06,0.001074397875
1174,37.68136667,33.27549763,110.146726,0.02862833333,1.666124867,1.309997227e-06,0.001074197726
1175,37.68908333,33.28132786,110.193887,0.02863916667,1.665830784,1.309753294e-06,0.001073997701
1176,37.6968,33.28716067,110.2409833,0.02865,1.665536889,1.309509511e-06,0.001073797799
1177,37.70451667,33.29299603,110.288016,0.02866083333,1.665243182,1.309265879e-06,0.00107359802
1178,37.71223333,33.29883389,110.3349861,0.02867166667,1.664949661,1.309022396e-06,0.001073398364
1179,37.71995,33.30467422,110.3818944,0.0286825,1.664656328,1.308779062e-06,0.001073198831
1180,37.72766667,33.31051699,110.428742,0.02869333333,1.664363181,1.308535878e-06,0.00107299942
1181,37.73538333,33.31636215,110.4755295,0.02870416667,1.66407022,1.308292843e-06,0.001072800131
1182,37.7431,33.32220968,110.5222579,0.028715,1.663777445,1.308049956e-06,0.001072600964
1183,37.75081667,33.32805955,110.5689278,0.02872583333,1.663484856,1.307807218e-06,0.001072401919
1184,37.75853333,33.33391173,110.61554,0.02873666667,1.663192452,1.307564628e-06,0.001072202995
1185,37.76625,33.3397662,110.6620951,0.0287475,1.662900234,1.307322187e-06,0.001072004193
1186,37.77396667,33.34562291,110.7085938,0.02875833333,1.6626082,1.307079893e-06,0.001071805512
1187,37.78168333,33.35148186,110.7550368,0.02876916667,1.66231635,1.306837747e-06,0.001071606952
1188,37.7894,33.35734302,110.8014245,0.02878,1.662024685,1.306595748e-06,0.001071408513
1189,37.79711667,33.36320636,110.8477576,0.02879083333,1.661733203,1.306353896e-06,0.001071210195
1190,37.80483333,33.36907187,110.8940366,0.02880166667,1.661441905,1.306112191e-06,0.001071011997
1191,37.81255,33.37493952,110.9402621,0.0288125,1.661150791,1.305870633e-06,0.001070813919
1192,37.82026667,33.38080929,110.9864345,0.02882333333,1.660859859,1.305629221e-06,0.001070615961
1193,37.82798333,33.38668116,111.0325543,0.02883416667,1.66056911,1.305387955e-06,0.001070418123
1194,37.8357,33.39255512,111.078622,0.028845,1.660278544,1.305146835e-06,0.001070220405
1195,37.84341667,33.39843115,111.1246379,0.02885583333,1.65998816,1.304905861e-06,0.001070022806
1196,37.85113333,33.40430923,111.1706026,0.02886666667,1.659697958,1.304665033e-06,0.001069825327
1197,37.85885,33.41018934,111.2165164,0.0288775,1.659407937,1.30442435e-06,0.001069627967
1198,37.86656667,33.41607148,111.2623797,0.02888833333,1.659118098,1.304183812e-06,0.001069430726
1199,37.87428333,33.42195562,111.3081929,0.02889916667,1.65882844,1.303943419e-06,0.001069233604
1200,37.882,33.42784174,111.3539564,0.02891,1.658538963,1.303703171e-06,0.0010690366
1201,37.8862,33.43365328,111.3136679,0.028915,1.658249609,1.303467688e-06,0.001068843504
1202,37.8904,33.43940728,111.2748181,0.02892,1.657960393,1.303232314e-06,0.001068650498
1203,37.8946,33.44512442,111.2368894,0.028925,1.657671327,1.302997062e-06,0.001068457591
1204,37.8988,33.45081242,111.1996894,0.02893,1.657382418,1.302761935e-06,0.001068264787
1205,37.903,33.45647573,111.1631067,0.028935,1.657093669,1.302526935e-06,0.001068072087
1206,37.9072,33.46211735,111.1270662,0.02894,1.656805082,1.302292065e-06,0.001067879494
1207,37.9114,33.46773948,111.0915131,0.028945,1.656516657,1.302057326e-06,0.001067687007
1208,37.9156,33.47334381,111.0564047,0.02895,1.656228396,1.301822717e-06,0.001067494628
1209,37.9198,33.47893172,111.0217069,0.028955,1.6559403,1.30158824e-06,0.001067302357
1210,37.924,33.48450435,110.9873914,0.02896,1.655652369,1.301353895e-06,0.001067110194
1211,37.9282,33.49006263,110.9534343,0.028965,1.655364603,1.301119683e-06,0.00106691814
1212,37.9324,33.49560739,110.9198153,0.02897,1.655077004,1.300885603e-06,0.001066726194
1213,37.9366,33.50113934,110.8865165,0.028975,1.654789571,1.300651656e-06,0.001066534358
1214,37.9408,33.50665911,110.8535223,0.02898,1.654502304,1.300417843e-06,0.001066342631
1215,37.945,33.51216725,110.8208188,0.028985,1.654215204,1.300184163e-06,0.001066151014
1216,37.9492,33.51766427,110.7883934,0.02899,1.65392827,1.299950616e-06,0.001065959505
1217,37.9534,33.5231506,110.7562349,0.028995,1.653641504,1.299717203e-06,0.001065768106
1218,37.9576,33.52862668,110.724333,0.029,1.653354904,1.299483923e-06,0.001065576817
1219,37.9618,33.53409286,110.6926785,0.029005,1.653068471,1.299250777e-06,0.001065385637
1220,37.966,33.53954949,110.6612627,0.02901,1.652782205,1.299017764e-06,0.001065194567
1221,37.9702,33.5449969,110.6300776,0.029015,1.652496107,1.298784885e-06,0.001065003606
1222,37.9744,33.55043536,110.599116,0.02902,1.652210175,1.29855214e-06,0.001064812755
1223,37.9786,33.55586516,110.568371,0.029025,1.65192441,1.298319528e-06,0.001064622013
1224,37.9828,33.56128655,110.5378363,0.02903,1.651638811,1.298087049e-06,0.00106443138
1225,37.987,33.56669977,110.5075058,0.029035,1.65135338,1.297854704e-06,0.001064240857
1226,37.9912,33.57210503,110.4773742,0.02904,1.651068115,1.297622492e-06,0.001064050443
1227,37.9954,33.57750256,110.447436,0.029045,1.650783017,1.297390413e-06,0.001063860139
1228,37.9996,33.58289254,110.4176864,0.02905,1.650498085,1.297158468e-06,0.001063669944
1229,38.0038,33.58827517,110.3881207,0.029055,1.65021332,1.296926656e-06,0.001063479858
1230,38.008,33.59365062,110.3587345,0.02906,1.649928721,1.296694977e-06,0.001063289881
1231,38.0122,33.59901906,110.3295235,0.029065,1.649644288,1.29646343e-06,0.001063100013
1232,38.0164,33.60438064,110.3004839,0.02907,1.649360021,1.296232017e-06,0.001062910254
1233,38.0206,33.60973553,110.2716119,0.029075,1.649075921,1.296000737e-06,0.001062720604
1234,38.0248,33.61508385,110.2429037,0.02908,1.648791986,1.295769589e-06,0.001062531063
1235,38.029,33.62042576,110.2143561,0.029085,1.648508217,1.295538574e-06,0.00106234163
1236,38.0332,33.62576137,110.1859657,0.02909,1.648224613,1.295307691e-06,0.001062152306
1237,38.0374,33.63109083,110.1577294,0.029095,1.647941175,1.29507694e-06,0.001061963091
1238,38.0416,33.63641424,110.1296441,0.0291,1.647657903,1.294846322e-06,0.001061773984
1239,38.0458,33.64173172,110.101707,0.029105,1.647374795,1.294615836e-06,0.001061584986
1240,38.05,33.64704339,110.0739154,0.02911,1.647091853,1.294385482e-06,0.001061396095
1241,38.0542,33.65234934,110.0462665,0.029115,1.646809075,1.29415526e-06,0.001061207313
1242,38.0584,33.65764969,110.0187577,0.02912,1.646526462,1.29392517e-06,0.001061018639
1243,38.0626,33.66294453,109.9913868,0.029125,1.646244014,1.293695211e-06,0.001060830073
1244,38.0668,33.66823395,109.9641512,0.02913,1.64596173,1.293465384e-06,0.001060641615
1245,38.071,33.67351806,109.9370486,0.029135,1.64567961,1.293235688e-06,0.001060453264
1246,38.0752,33.67879692,109.9100769,0.02914,1.645397655,1.293006124e-06,0.001060265022
1247,38.0794,33.68407064,109.883234,0.029145,1.645115863,1.292776691e-06,0.001060076886
1248,38.0836,33.68933929,109.8565177,0.02915,1.644834236,1.292547389e-06,0.001059888859
1249,38.0878,33.69460296,109.8299261,0.029155,1.644552772,1.292318217e-06,0.001059700938
1250,38.092,33.69986171,109.8034572,0.02916,1.644271471,1.292089177e-06,0.001059513125
1251,38.0962,33.70511563,109.7771091,0.029165,1.643990334,1.291860267e-06,0.001059325419
1252,38.1004,33.71036479,109.7508802,0.02917,1.64370936,1.291631488e-06,0.00105913782
1253,38.1046,33.71560926,109.7247685,0.029175,1.643428548,1.291402839e-06,0.001058950328
1254,38.1088,33.7208491,109.6987724,0.02918,1.6431479,1.29117432e-06,0.001058762942
1255,38.113,33.72608439,109.6728902,0.029185,1.642867414,1.290945932e-06,0.001058575664
1256,38.1172,33.73131518,109.6471204,0.02919,1.642587091,1.290717673e-06,0.001058388492
1257,38.1214,33.73654155,109.6214613,0.029195,1.64230693,1.290489544e-06,0.001058201426
1258,38.1256,33.74176354,109.5959115,0.0292,1.642026931,1.290261545e-06,0.001058014467
1259,38.1298,33.74698123,109.5704694,0.029205,1.641747095,1.290033676e-06,0.001057827614
1260,38.134,33.75219466,109.5451336,0.02921,1.64146742,1.289805936e-06,0.001057640867
1261,38.14455,33.75754214,109.6751964,0.02921666667,1.641187923,1.289577005e-06,0.001057453144
1262,38.1551,33.76299294,109.8026765,0.02922333333,1.640908599,1.289348213e-06,0.001057265534
1263,38.16565,33.76850971,109.9285073,0.02923,1.640629446,1.289119557e-06,0.001057078036
1264,38.1762,33.77407856,110.053036,0.02923666667,1.64035046,1.288891034e-06,0.001056890648
1265,38.18675,33.77969149,110.1764628,0.02924333333,1.64007164,1.288662646e-06,0.001056703369
1266,38.1973,33.7853431,110.2989224,0.02925,1.639792987,1.288434389e-06,0.001056516199
1267,38.20785,33.79102946,110.4205135,0.02925666667,1.639514499,1.288206265e-06,0.001056329138
1268,38.2184,33.79674751,110.5413121,0.02926333333,1.639236175,1.287978273e-06,0.001056142184
1269,38.22895,33.80249482,110.6613795,0.02927,1.638958015,1.287750412e-06,0.001055955338
1270,38.2395,33.80826937,110.7807658,0.02927666667,1.63868002,1.287522682e-06,0.0010557686
1271,38.25005,33.81406946,110.8995136,0.02928333333,1.638402188,1.287295083e-06,0.001055581968
1272,38.2606,33.81989364,111.017659,0.02929,1.638124518,1.287067615e-06,0.001055395444
1273,38.27115,33.82574066,111.1352335,0.02929666667,1.637847012,1.286840276e-06,0.001055209026
1274,38.2817,33.8316094,111.252265,0.02930333333,1.637569668,1.286613068e-06,0.001055022715
1275,38.29225,33.83749889,111.3687778,0.02931,1.637292486,1.286385989e-06,0.001054836511
1276,38.3028,33.84340824,111.4847939,0.02931666667,1.637015466,1.286159039e-06,0.001054650412
1277,38.31335,33.84933668,111.6003331,0.02932333333,1.636738607,1.285932219e-06,0.00105446442
1278,38.3239,33.85528347,111.7154133,0.02933,1.63646191,1.285705528e-06,0.001054278533
1279,38.33445,33.86124797,111.8300508,0.02933666667,1.636185374,1.285478966e-06,0.001054092752
1280,38.345,33.86722957,111.9442607,0.02934333333,1.635908999,1.285252532e-06,0.001053907076
1281,38.35555,33.87322774,112.0580566,0.02935,1.635632784,1.285026227e-06,0.001053721506
1282,38.3661,33.87924195,112.1714512,0.02935666667,1.635356729,1.28480005e-06,0.001053536041
1283,38.37665,33.88527175,112.2844564,0.02936333333,1.635080835,1.284574001e-06,0.001053350681
1284,38.3872,33.89131668,112.397083,0.02937,1.6348051,1.28434808e-06,0.001053165426
1285,38.39775,33.89737635,112.5093414,0.02937666667,1.634529525,1.284122287e-06,0.001052980275
1286,38.4083,33.90345036,112.621241,0.02938333333,1.63425411,1.283896621e-06,0.001052795229
1287,38.41885,33.90953837,112.7327909,0.02939,1.633978853,1.283671083e-06,0.001052610288
1288,38.4294,33.91564003,112.8439994,0.02939666667,1.633703756,1.283445671e-06,0.00105242545
1289,38.43995,33.92175502,112.9548745,0.02940333333,1.633428817,1.283220387e-06,0.001052240717
1290,38.4505,33.92788305,113.0654237,0.02941,1.633154037,1.282995229e-06,0.001052056088
1291,38.46105,33.93402384,113.1756541,0.02941666667,1.632879415,1.282770198e-06,0.001051871563
1292,38.4716,33.94017711,113.2855723,0.02942333333,1.632604951,1.282545294e-06,0.001051687141
1293,38.48215,33.94634261,113.3951848,0.02943,1.632330645,1.282320516e-06,0.001051502823
1294,38.4927,33.95252009,113.5044977,0.02943666667,1.632056496,1.282095864e-06,0.001051318608
1295,38.50325,33.95870934,113.6135166,0.02944333333,1.631782505,1.281871338e-06,0.001051134497
1296,38.5138,33.96491012,113.722247,0.02945,1.631508672,1.281646937e-06,0.001050950489
1297,38.52435,33.97112223,113.8306943,0.02945666667,1.631234995,1.281422663e-06,0.001050766583
1298,38.5349,33.97734547,113.9388633,0.02946333333,1.630961475,1.281198513e-06,0.001050582781
1299,38.54545,33.98357964,114.046759,0.02947,1.630688112,1.280974489e-06,0.001050399081
1300,38.556,33.98982457,114.1543858,0.02947666667,1.630414905,1.280750591e-06,0.001050215484
1301,38.56655,33.99608007,114.2617482,0.02948333333,1.630141854,1.280526817e-06,0.00105003199
1302,38.5771,34.00234598,114.3688505,0.02949,1.62986896,1.280303168e-06,0.001049848598
1303,38.58765,34.00862214,114.4756965,0.02949666667,1.629596221,1.280079644e-06,0.001049665308
1304,38.5982,34.01490839,114.5822904,0.02950333333,1.629323638,1.279856244e-06,0.00104948212
1305,38.60875,34.02120457,114.6886357,0.02951,1.629051211,1.279632968e-06,0.001049299034
1306,38.6193,34.02751056,114.7947361,0.02951666667,1.628778938,1.279409817e-06,0.00104911605
1307,38.62985,34.0338262,114.9005951,0.02952333333,1.628506821,1.27918679e-06,0.001048933168
1308,38.6404,34.04015136,115.0062161,0.02953,1.628234858,1.278963887e-06,0.001048750387
1309,38.65095,34.04648591,115.1116022,0.02953666667,1.627963051,1.278741107e-06,0.001048567708
1310,38.6615,34.05282973,115.2167566,0.02954333333,1.627691397,1.278518451e-06,0.00104838513
1311,38.67205,34.0591827,115.3216824,0.02955,1.627419898,1.278295919e-06,0.001048202653
1312,38.6826,34.0655447,115.4263825,0.02955666667,1.627148553,1.278073509e-06,0.001048020278
1313,38.69315,34.07191561,115.5308596,0.02956333333,1.626877362,1.277851223e-06,0.001047838003
1314,38.7037,34.07829534,115.6351166,0.02957,1.626606325,1.27762906e-06,0.001047655829
1315,38.71425,34.08468376,115.7391561,0.02957666667,1.626335441,1.277407019e-06,0.001047473756
1316,38.7248,34.09108078,115.8429806,0.02958333333,1.62606471,1.277185102e-06,0.001047291783
1317,38.73535,34.09748629,115.9465927,0.02959,1.625794133,1.276963306e-06,0.001047109911
1318,38.7459,34.10390021,116.0499948,0.02959666667,1.625523708,1.276741633e-06,0.001046928139
1319,38.75645,34.11032243,116.1531892,0.02960333333,1.625253437,1.276520083e-06,0.001046746468
1320,38.767,34.11675287,116.2561783,0.02961,1.624983317,1.276298654e-06,0.001046564896
1321,38.77296667,34.12309164,116.2468756,0.02962133333,1.624713397,1.276073651e-06,0.001046380394
1322,38.77893333,34.1293609,116.2393108,0.02963266667,1.624443663,1.275848797e-06,0.001046196014
1323,38.7849,34.13558755,116.2328114,0.029644,1.624174105,1.275624084e-06,0.001046011749
1324,38.79086667,34.14178156,116.2271278,0.02965533333,1.623904716,1.275399506e-06,0.001045827595
1325,38.79683333,34.14794867,116.2221166,0.02966666667,1.623635496,1.275175063e-06,0.001045643552
1326,38.8028,34.15409274,116.2176816,0.029678,1.623366441,1.274950753e-06,0.001045459617
1327,38.80876667,34.16021656,116.2137527,0.02968933333,1.623097551,1.274726574e-06,0.001045275791
1328,38.81473333,34.1663223,116.2102759,0.02970066667,1.622828823,1.274502525e-06,0.001045092071
1329,38.8207,34.17241168,116.207208,0.029712,1.622560258,1.274278607e-06,0.001044908457
1330,38.82666667,34.17848612,116.2045138,0.02972333333,1.622291854,1.274054817e-06,0.00104472495
1331,38.83263333,34.1845468,116.2021634,0.02973466667,1.622023611,1.273831155e-06,0.001044541547
1332,38.8386,34.19059473,116.2001317,0.029746,1.621755527,1.273607622e-06,0.00104435825
1333,38.84456667,34.1966308,116.1983967,0.02975733333,1.621487603,1.273384215e-06,0.001044175057
1334,38.85053333,34.20265576,116.1969393,0.02976866667,1.621219837,1.273160936e-06,0.001043991968
1335,38.8565,34.20867029,116.1957427,0.02978,1.620952229,1.272937783e-06,0.001043808982
1336,38.86246667,34.21467499,116.1947919,0.02979133333,1.620684779,1.272714757e-06,0.001043626101
1337,38.86843333,34.2206704,116.1940732,0.02980266667,1.620417487,1.272491856e-06,0.001043443322
1338,38.8744,34.22665701,116.1935747,0.029814,1.620150351,1.272269081e-06,0.001043260646
1339,38.88036667,34.23263526,116.1932852,0.02982533333,1.619883371,1.27204643e-06,0.001043078073
1340,38.88633333,34.23860554,116.1931948,0.02983666667,1.619616548,1.271823905e-06,0.001042895602
1341,38.8923,34.24456824,116.1932941,0.029848,1.61934988,1.271601504e-06,0.001042713233
1342,38.89826667,34.25052368,116.1935748,0.02985933333,1.619083368,1.271379227e-06,0.001042530966
1343,38.90423333,34.25647218,116.1940289,0.02987066667,1.61881701,1.271157075e-06,0.001042348801
1344,38.9102,34.26241402,116.1946494,0.029882,1.618550807,1.270935046e-06,0.001042166738
1345,38.91616667,34.26834949,116.1954294,0.02989333333,1.618284759,1.27071314e-06,0.001041984775
1346,38.92213333,34.27427882,116.1963628,0.02990466667,1.618018864,1.270491358e-06,0.001041802914
1347,38.9281,34.28020226,116.1974436,0.029916,1.617753123,1.270269699e-06,0.001041621153
1348,38.93406667,34.28612001,116.1986665,0.02992733333,1.617487536,1.270048162e-06,0.001041439493
1349,38.94003333,34.29203228,116.2000262,0.02993866667,1.617222102,1.269826748e-06,0.001041257933
1350,38.946,34.29793928,116.2015181,0.02995,1.61695682,1.269605456e-06,0.001041076474
1351,38.95196667,34.30384117,116.2031375,0.02996133333,1.616691691,1.269384286e-06,0.001040895115
1352,38.95793333,34.30973813,116.2048801,0.02997266667,1.616426715,1.269163238e-06,0.001040713856
1353,38.9639,34.31563032,116.206742,0.029984,1.61616189,1.268942312e-06,0.001040532696
1354,38.96986667,34.32151789,116.2087194,0.02999533333,1.615897217,1.268721507e-06,0.001040351636
1355,38.97583333,34.32740099,116.2108086,0.03000666667,1.615632696,1.268500824e-06,0.001040170675
1356,38.9818,34.33327976,116.2130061,0.030018,1.615368326,1.268280261e-06,0.001039989814
1357,38.98776667,34.33915432,116.2153088,0.03002933333,1.615104107,1.268059819e-06,0.001039809052
1358,38.99373333,34.3450248,116.2177134,0.03004066667,1.614840039,1.267839498e-06,0.001039628388
1359,38.9997,34.35089131,116.2202171,0.030052,1.614576121,1.267619297e-06,0.001039447824
1360,39.00566667,34.35675398,116.2228171,0.03006333333,1.614312354,1.267399216e-06,0.001039267357
1361,39.01163333,34.36261291,116.2255106,0.03007466667,1.614048736,1.267179256e-06,0.00103908699
1362,39.0176,34.3684682,116.2282951,0.030086,1.613785269,1.266959415e-06,0.00103890672
1363,39.02356667,34.37431994,116.2311681,0.03009733333,1.613521951,1.266739694e-06,0.001038726549
1364,39.02953333,34.38016825,116.2341272,0.03010866667,1.613258782,1.266520092e-06,0.001038546476
1365,39.0355,34.38601319,116.2371703,0.03012,1.612995763,1.26630061e-06,0.0010383665
1366,39.04146667,34.39185486,116.2402951,0.03013133333,1.612732892,1.266081247e-06,0.001038186623
1367,39.04743333,34.39769335,116.2434995,0.03014266667,1.61247017,1.265862003e-06,0.001038006842
1368,39.0534,34.40352873,116.2467817,0.030154,1.612207597,1.265642878e-06,0.00103782716
1369,39.05936667,34.40936108,116.2501396,0.03016533333,1.611945172,1.265423871e-06,0.001037647574
1370,39.06533333,34.41519048,116.2535714,0.03017666667,1.611682895,1.265204982e-06,0.001037468086
1371,39.0713,34.42101699,116.2570753,0.030188,1.611420765,1.264986212e-06,0.001037288694
1372,39.07726667,34.42684068,116.2606497,0.03019933333,1.611158784,1.26476756e-06,0.0010371094
1373,39.08323333,34.43266162,116.2642928,0.03021066667,1.61089695,1.264549026e-06,0.001036930202
1374,39.0892,34.43847987,116.2680032,0.030222,1.610635262,1.26433061e-06,0.0010367511
1375,39.09516667,34.4442955,116.2717792,0.03023333333,1.610373722,1.264112311e-06,0.001036572095
1376,39.10113333,34.45010856,116.2756193,0.03024466667,1.610112329,1.26389413e-06,0.001036393187
1377,39.1071,34.45591911,116.2795222,0.030256,1.609851082,1.263676066e-06,0.001036214374
1378,39.11306667,34.46172721,116.2834865,0.03026733333,1.609589982,1.263458119e-06,0.001036035658
1379,39.11903333,34.4675329,116.2875107,0.03027866667,1.609329028,1.263240289e-06,0.001035857037
1380,39.125,34.47333625,116.2915937,0.03029,1.60906822,1.263022576e-06,0.001035678512
1381,39.13055,34.47912823,116.2855443,0.03029366667,1.608807482,1.262811052e-06,0.001035505063
1382,39.1361,34.4849109,116.2797274,0.03029733333,1.608546831,1.262599598e-06,0.001035331671
1383,39.14165,34.49068678,116.2740805,0.030301,1.608286289,1.262388231e-06,0.001035158349
1384,39.1472,34.49645682,116.2685796,0.03030466667,1.608025861,1.262176955e-06,0.001034985103
1385,39.15275,34.50222159,116.2632104,0.03030833333,1.607765551,1.261965774e-06,0.001034811935
1386,39.1583,34.50798149,116.2579628,0.030312,1.607505363,1.26175469e-06,0.001034638846
1387,39.16385,34.51373683,116.2528293,0.03031566667,1.607245298,1.261543705e-06,0.001034465838
1388,39.1694,34.51948785,116.2478038,0.03031933333,1.606985357,1.261332819e-06,0.001034292912
1389,39.17495,34.52523475,116.2428812,0.030323,1.606725543,1.261122034e-06,0.001034120068
1390,39.1805,34.53097771,116.2380572,0.03032666667,1.606465855,1.26091135e-06,0.001033947307
1391,39.18605,34.53671688,116.2333281,0.03033033333,1.606206294,1.260700769e-06,0.00103377463
1392,39.1916,34.54245239,116.2286903,0.030334,1.605946862,1.26049029e-06,0.001033602038
1393,39.19715,34.54818436,116.224141,0.03033766667,1.605687558,1.260279913e-06,0.001033429529
1394,39.2027,34.5539129,116.2196774,0.03034133333,1.605428384,1.26006964e-06,0.001033257105
1395,39.20825,34.55963812,116.215297,0.030345,1.605169338,1.259859471e-06,0.001033084766
1396,39.2138,34.5653601,116.2109975,0.03034866667,1.604910423,1.259649405e-06,0.001032912512
1397,39.21935,34.57107893,116.2067766,0.03035233333,1.604651637,1.259439443e-06,0.001032740343
1398,39.2249,34.5767947,116.2026325,0.030356,1.604392982,1.259229585e-06,0.00103256826
1399,39.23045,34.58250747,116.1985632,0.03035966667,1.604134457,1.259019832e-06,0.001032396262
1400,39.236,34.58821732,116.194567,0.03036333333,1.603876062,1.258810183e-06,0.00103222435
1401,39.24155,34.59392432,116.1906421,0.030367,1.603617798,1.258600638e-06,0.001032052523
1402,39.2471,34.59962852,116.186787,0.03037066667,1.603359665,1.258391198e-06,0.001031880783
1403,39.25265,34.60532999,116.1830002,0.03037433333,1.603101662,1.258181863e-06,0.001031709128
1404,39.2582,34.61102879,116.1792802,0.030378,1.602843791,1.257972633e-06,0.001031537559
1405,39.26375,34.61672497,116.1756257,0.03038166667,1.602586051,1.257763507e-06,0.001031366076
1406,39.2693,34.62241859,116.1720353,0.03038533333,1.602328441,1.257554486e-06,0.001031194679
1407,39.27485,34.62810968,116.1685079,0.030389,1.602070963,1.25734557e-06,0.001031023368
1408,39.2804,34.63379832,116.1650421,0.03039266667,1.601813616,1.257136759e-06,0.001030852143
1409,39.28595,34.63948453,116.1616368,0.03039633333,1.6015564,1.256928053e-06,0.001030681004
1410,39.2915,34.64516836,116.158291,0.0304,1.601299315,1.256719452e-06,0.00103050995
1411,39.29705,34.65084986,116.1550034,0.03040366667,1.601042361,1.256510955e-06,0.001030338983
1412,39.3026,34.65652907,116.1517732,0.03040733333,1.600785538,1.256302564e-06,0.001030168102
1413,39.30815,34.66220603,116.1485992,0.030411,1.600528846,1.256094277e-06,0.001029997307
1414,39.3137,34.66788078,116.1454805,0.03041466667,1.600272286,1.255886095e-06,0.001029826598
1415,39.31925,34.67355335,116.1424162,0.03041833333,1.600015856,1.255678018e-06,0.001029655975
1416,39.3248,34.67922378,116.1394054,0.030422,1.599759558,1.255470046e-06,0.001029485438
1417,39.33035,34.68489212,116.1364471,0.03042566667,1.59950339,1.255262179e-06,0.001029314986
1418,39.3359,34.69055838,116.1335405,0.03042933333,1.599247353,1.255054416e-06,0.001029144621
1419,39.34145,34.69622261,116.1306848,0.030433,1.598991447,1.254846758e-06,0.001028974341
1420,39.347,34.70188483,116.1278792,0.03043666667,1.598735672,1.254639204e-06,0.001028804147
1421,39.35255,34.70754508,116.1251229,0.03044033333,1.598480027,1.254431755e-06,0.001028634039
1422,39.3581,34.7132034,116.1224151,0.030444,1.598224514,1.254224411e-06,0.001028464017
1423,39.36365,34.7188598,116.119755,0.03044766667,1.59796913,1.254017171e-06,0.00102829408
1424,39.3692,34.72451432,116.1171421,0.03045133333,1.597713878,1.253810035e-06,0.001028124229
1425,39.37475,34.73016698,116.1145754,0.030455,1.597458755,1.253603004e-06,0.001027954464
1426,39.3803,34.73581782,116.1120544,0.03045866667,1.597203763,1.253396077e-06,0.001027784784
1427,39.38585,34.74146686,116.1095785,0.03046233333,1.596948902,1.253189255e-06,0.001027615189
1428,39.3914,34.74711413,116.1071468,0.030466,1.596694171,1.252982536e-06,0.00102744568
1429,39.39695,34.75275965,116.1047588,0.03046966667,1.596439569,1.252775922e-06,0.001027276256
1430,39.4025,34.75840344,116.1024139,0.03047333333,1.596185098,1.252569412e-06,0.001027106918
1431,39.40805,34.76404554,116.1001115,0.030477,1.595930757,1.252363006e-06,0.001026937665
1432,39.4136,34.76968596,116.0978509,0.03048066667,1.595676546,1.252156703e-06,0.001026768497
1433,39.41915,34.77532474,116.0956316,0.03048433333,1.595422464,1.251950505e-06,0.001026599414
1434,39.4247,34.78096188,116.093453,0.030488,1.595168512,1.25174441e-06,0.001026430416
1435,39.43025,34.78659742,116.0913146,0.03049166667,1.59491469,1.251538419e-06,0.001026261503
1436,39.4358,34.79223137,116.0892158,0.03049533333,1.594660998,1.251332531e-06,0.001026092676
1437,39.44135,34.79786376,116.0871561,0.030499,1.594407434,1.251126747e-06,0.001025923933
1438,39.4469,34.80349461,116.0851349,0.03050266667,1.594154,1.250921067e-06,0.001025755275
1439,39.45245,34.80912393,116.0831517,0.03050633333,1.593900696,1.25071549e-06,0.001025586702
1440,39.458,34.81475175,116.0812061,0.03051,1.59364752,1.250510016e-06,0.001025418213
1441,39.46028333,34.82030697,115.999409,0.03051783333,1.593394515,1.250301345e-06,0.001025247103
1442,39.46256667,34.82580545,115.9190303,0.03052566667,1.59314167,1.250092802e-06,0.001025076098
1443,39.46485,34.83126645,115.8395888,0.0305335,1.592888974,1.249884379e-06,0.001024905191
1444,39.46713333,34.83669714,115.7609047,0.03054133333,1.592636424,1.249676073e-06,0.00102473438
1445,39.46941667,34.84210171,115.6828739,0.03054916667,1.592384017,1.24946788e-06,0.001024563662
1446,39.4717,34.84748296,115.6054261,0.030557,1.592131751,1.249259801e-06,0.001024393037
1447,39.47398333,34.85284296,115.5285093,0.03056483333,1.591879626,1.249051834e-06,0.001024222504
1448,39.47626667,34.85818333,115.4520835,0.03057266667,1.591627639,1.248843978e-06,0.001024052062
1449,39.47855,34.86350535,115.3761162,0.0305805,1.591375791,1.248636232e-06,0.001023881711
1450,39.48083333,34.86881011,115.3005805,0.03058833333,1.59112408,1.248428597e-06,0.00102371145
1451,39.48311667,34.87409852,115.2254536,0.03059616667,1.590872506,1.248221071e-06,0.001023541278
1452,39.4854,34.87937136,115.150716,0.030604,1.590621068,1.248013654e-06,0.001023371197
1453,39.48768333,34.88462931,115.0763505,0.03061183333,1.590369766,1.247806346e-06,0.001023201204
1454,39.48996667,34.88987299,115.0023419,0.03061966667,1.5901186,1.247599146e-06,0.0010230313
1455,39.49225,34.89510293,114.9286767,0.0306275,1.589867568,1.247392055e-06,0.001022861485
1456,39.49453333,34.90031962,114.8553428,0.03063533333,1.589616672,1.247185071e-06,0.001022691758
1457,39.49681667,34.9055235,114.7823291,0.03064316667,1.589365909,1.246978194e-06,0.001022522119
1458,39.4991,34.91071497,114.7096256,0.030651,1.589115281,1.246771424e-06,0.001022352568
1459,39.50138333,34.91589441,114.6372231,0.03065883333,1.588864786,1.246564762e-06,0.001022183105
1460,39.50366667,34.92106215,114.565113,0.03066666667,1.588614424,1.246358206e-06,0.001022013729
1461,39.50595,34.9262185,114.4932875,0.0306745,1.588364196,1.246151756e-06,0.00102184444
1462,39.50823333,34.93136376,114.4217392,0.03068233333,1.5881141,1.245945413e-06,0.001021675239
1463,39.51051667,34.93649821,114.3504614,0.03069016667,1.587864137,1.245739176e-06,0.001021506124
1464,39.5128,34.9416221,114.2794476,0.030698,1.587614306,1.245533045e-06,0.001021337097
1465,39.51508333,34.94673566,114.2086918,0.03070583333,1.587364607,1.245327019e-06,0.001021168155
1466,39.51736667,34.95183913,114.1381884,0.03071366667,1.58711504,1.245121098e-06,0.001020999301
1467,39.51965,34.95693271,114.0679321,0.0307215,1.586865604,1.244915283e-06,0.001020830532
1468,39.52193333,34.96201662,113.9979179,0.03072933333,1.5866163,1.244709573e-06,0.00102066185
1469,39.52421667,34.96709103,113.9281408,0.03073716667,1.586367126,1.244503968e-06,0.001020493254
1470,39.5265,34.97215614,113.8585965,0.030745,1.586118084,1.244298467e-06,0.001020324743
1471,39.52878333,34.97721211,113.7892806,0.03075283333,1.585869172,1.244093071e-06,0.001020156318
1472,39.53106667,34.98225911,113.720189,0.03076066667,1.585620391,1.24388778e-06,0.001019987979
1473,39.53335,34.98729729,113.6513178,0.0307685,1.58537174,1.243682592e-06,0.001019819726
1474,39.53563333,34.9923268,113.5826632,0.03077633333,1.58512322,1.243477509e-06,0.001019651557
1475,39.53791667,34.9973478,113.5142217,0.03078416667,1.584874829,1.24327253e-06,0.001019483474
1476,39.5402,35.00236041,113.4459897,0.030792,1.584626568,1.243067654e-06,0.001019315476
1477,39.54248333,35.00736477,113.377964,0.03079983333,1.584378436,1.242862882e-06,0.001019147563
1478,39.54476667,35.01236101,113.3101415,0.03080766667,1.584130434,1.242658214e-06,0.001018979735
1479,39.54705,35.01734924,113.242519,0.0308155,1.583882561,1.242453648e-06,0.001018811992
1480,39.54933333,35.02232959,113.1750937,0.03082333333,1.583634816,1.242249186e-06,0.001018644333
1481,39.55161667,35.02730216,113.1078627,0.03083116667,1.583387201,1.242044827e-06,0.001018476758
1482,39.5539,35.03226707,113.0408232,0.030839,1.583139714,1.241840571e-06,0.001018309268
1483,39.55618333,35.03722442,112.9739727,0.03084683333,1.582892356,1.241636418e-06,0.001018141863
1484,39.55846667,35.04217432,112.9073086,0.03085466667,1.582645126,1.241432367e-06,0.001017974541
1485,39.56075,35.04711686,112.8408284,0.0308625,1.582398024,1.241228419e-06,0.001017807304
1486,39.56303333,35.05205214,112.7745298,0.03087033333,1.58215105,1.241024573e-06,0.00101764015
1487,39.56531667,35.05698025,112.7084103,0.03087816667,1.581904204,1.24082083e-06,0.00101747308
1488,39.5676,35.06190128,112.6424679,0.030886,1.581657485,1.240617188e-06,0.001017306094
1489,39.56988333,35.06681532,112.5767003,0.03089383333,1.581410894,1.240413648e-06,0.001017139192
1490,39.57216667,35.07172245,112.5111054,0.03090166667,1.58116443,1.240210211e-06,0.001016972373
1491,39.57445,35.07662275,112.4456812,0.0309095,1.580918093,1.240006875e-06,0.001016805637
1492,39.57673333,35.08151631,112.3804256,0.03091733333,1.580671883,1.23980364e-06,0.001016638985
1493,39.57901667,35.08640319,112.3153368,0.03092516667,1.5804258,1.239600507e-06,0.001016472416
1494,39.5813,35.09128349,112.2504129,0.030933,1.580179844,1.239397475e-06,0.00101630593
1495,39.58358333,35.09615725,112.185652,0.03094083333,1.579934014,1.239194545e-06,0.001016139527
1496,39.58586667,35.10102457,112.1210523,0.03094866667,1.579688311,1.238991715e-06,0.001015973207
1497,39.58815,35.10588551,112.0566121,0.0309565,1.579442734,1.238788987e-06,0.001015806969
1498,39.59043333,35.11074014,111.9923298,0.03096433333,1.579197282,1.238586359e-06,0.001015640815
1499,39.59271667,35.11558852,111.9282036,0.03097216667,1.578951957,1.238383832e-06,0.001015474742
1500,39.595,35.12043072,111.864232,0.03098,1.578706757,1.238181406e-06,0.001015308753
1501,39.60276667,35.12538618,111.9345121,0.0309865,1.57846167,1.237980136e-06,0.001015143711
1502,39.61053333,35.13042837,112.0026241,0.030993,1.578216698,1.237778958e-06,0.001014978746
1503,39.6183,35.13552506,112.0693735,0.0309995,1.577971845,1.237577876e-06,0.001014813858
1504,39.62606667,35.14066427,112.1350599,0.031006,1.577727111,1.237376889e-06,0.001014649049
1505,39.63383333,35.1458391,112.1998558,0.0310125,1.577482498,1.237175998e-06,0.001014484319
1506,39.6416,35.15104491,112.2638772,0.031019,1.577238006,1.236975205e-06,0.001014319668
1507,39.64936667,35.15627831,112.3272089,0.0310255,1.576993634,1.236774507e-06,0.001014155096
1508,39.65713333,35.16153668,112.3899163,0.031032,1.576749384,1.236573907e-06,0.001013990604
1509,39.6649,35.16681792,112.452052,0.0310385,1.576505255,1.236373404e-06,0.001013826191
1510,39.67266667,35.17212031,112.513659,0.031045,1.576261247,1.236172997e-06,0.001013661858
1511,39.68043333,35.17744239,112.5747737,0.0310515,1.57601736,1.235972688e-06,0.001013497604
1512,39.6882,35.18278292,112.635427,0.031058,1.575773595,1.235772476e-06,0.00101333343
1513,39.69596667,35.18814083,112.6956458,0.0310645,1.575529951,1.23557236e-06,0.001013169336
1514,39.70373333,35.19351518,112.7554538,0.031071,1.575286428,1.235372342e-06,0.001013005321
1515,39.7115,35.19890512,112.8148719,0.0310775,1.575043026,1.235172421e-06,0.001012841385
1516,39.71926667,35.20430992,112.8739187,0.031084,1.574799745,1.234972596e-06,0.001012677529
1517,39.72703333,35.20972889,112.932611,0.0310905,1.574556585,1.234772868e-06,0.001012513752
1518,39.7348,35.21516144,112.9909639,0.031097,1.574313547,1.234573237e-06,0.001012350055
1519,39.74256667,35.22060701,113.0489914,0.0311035,1.574070629,1.234373703e-06,0.001012186437
1520,39.75033333,35.22606509,113.106706,0.03111,1.573827832,1.234174266e-06,0.001012022898
1521,39.7581,35.23153522,113.1641194,0.0311165,1.573585156,1.233974925e-06,0.001011859438
1522,39.76586667,35.23701697,113.2212423,0.031123,1.5733426,1.23377568e-06,0.001011696058
1523,39.77363333,35.24250995,113.2780846,0.0311295,1.573100165,1.233576532e-06,0.001011532756
1524,39.7814,35.24801378,113.3346554,0.031136,1.572857851,1.23337748e-06,0.001011369534
1525,39.78916667,35.25352813,113.3909634,0.0311425,1.572615656,1.233178525e-06,0.001011206391
1526,39.79693333,35.25905267,113.4470166,0.031149,1.572373582,1.232979666e-06,0.001011043326
1527,39.8047,35.26458711,113.5028224,0.0311555,1.572131629,1.232780903e-06,0.00101088034
1528,39.81246667,35.27013115,113.5583879,0.031162,1.571889795,1.232582236e-06,0.001010717434
1529,39.82023333,35.27568455,113.6137196,0.0311685,1.571648081,1.232383665e-06,0.001010554605
1530,39.828,35.28124704,113.6688239,0.031175,1.571406488,1.23218519e-06,0.001010391856
1531,39.83576667,35.2868184,113.7237066,0.0311815,1.571165013,1.231986811e-06,0.001010229185
1532,39.84353333,35.2923984,113.7783733,0.031188,1.570923659,1.231788527e-06,0.001010066592
1533,39.8513,35.29798683,113.8328292,0.0311945,1.570682424,1.231590339e-06,0.001009904078
1534,39.85906667,35.30358349,113.8870793,0.031201,1.570441309,1.231392247e-06,0.001009741643
1535,39.86683333,35.3091882,113.9411284,0.0312075,1.570200313,1.23119425e-06,0.001009579285
1536,39.8746,35.31480076,113.994981,0.031214,1.569959436,1.230996349e-06,0.001009417006
1537,39.88236667,35.32042101,114.0486414,0.0312205,1.569718678,1.230798543e-06,0.001009254805
1538,39.89013333,35.32604878,114.1021138,0.031227,1.56947804,1.230600832e-06,0.001009092682
1539,39.8979,35.33168392,114.1554019,0.0312335,1.56923752,1.230403216e-06,0.001008930637
1540,39.90566667,35.33732628,114.2085096,0.03124,1.568997119,1.230205695e-06,0.00100876867
1541,39.91343333,35.34297571,114.2614405,0.0312465,1.568756837,1.230008269e-06,0.001008606781
1542,39.9212,35.34863208,114.314198,0.031253,1.568516673,1.229810939e-06,0.00100844497
1543,39.92896667,35.35429525,114.3667853,0.0312595,1.568276628,1.229613702e-06,0.001008283236
1544,39.93673333,35.3599651,114.4192057,0.031266,1.568036701,1.229416561e-06,0.00100812158
1545,39.9445,35.36564151,114.4714622,0.0312725,1.567796893,1.229219514e-06,0.001007960001
1546,39.95226667,35.37132436,114.5235577,0.031279,1.567557202,1.229022562e-06,0.001007798501
1547,39.96003333,35.37701353,114.575495,0.0312855,1.56731763,1.228825704e-06,0.001007637077
1548,39.9678,35.38270893,114.6272768,0.031292,1.567078175,1.22862894e-06,0.001007475731
1549,39.97556667,35.38841044,114.6789057,0.0312985,1.566838838,1.228432271e-06,0.001007314462
1550,39.98333333,35.39411796,114.7303842,0.031305,1.566599619,1.228235695e-06,0.00100715327
1551,39.9911,35.39983141,114.7817148,0.0313115,1.566360518,1.228039214e-06,0.001006992155
1552,39.99886667,35.40555068,114.8328998,0.031318,1.566121533,1.227842827e-06,0.001006831118
1553,40.00663333,35.41127568,114.8839414,0.0313245,1.565882667,1.227646533e-06,0.001006670157
1554,40.0144,35.41700633,114.9348418,0.031331,1.565643917,1.227450334e-06,0.001006509274
1555,40.02216667,35.42274254,114.9856032,0.0313375,1.565405285,1.227254228e-06,0.001006348467
1556,40.02993333,35.42848423,115.0362275,0.031344,1.565166769,1.227058215e-06,0.001006187737
1557,40.0377,35.43423133,115.0867169,0.0313505,1.564928371,1.226862297e-06,0.001006027083
1558,40.04546667,35.43998375,115.137073,0.031357,1.564690089,1.226666471e-06,0.001005866506
1559,40.05323333,35.44574142,115.1872979,0.0313635,1.564451924,1.226470739e-06,0.001005706006
1560,40.061,35.45150426,115.2373934,0.03137,1.564213875,1.2262751e-06,0.001005545582
1561,40.06395,35.45716735,115.1695662,0.031377,1.563975948,1.226079158e-06,0.00100538491
1562,40.0669,35.46275398,115.1036505,0.031384,1.563738141,1.225883313e-06,0.001005224316
1563,40.06985,35.46829244,115.0389391,0.031391,1.563500452,1.225687562e-06,0.001005063801
1564,40.0728,35.47379323,114.9751691,0.031398,1.563262882,1.225491906e-06,0.001004903363
1565,40.07575,35.47926243,114.9121894,0.031405,1.56302543,1.225296344e-06,0.001004743002
1566,40.0787,35.48470407,114.8498982,0.031412,1.562788094,1.225100876e-06,0.001004582718
1567,40.08165,35.49012115,114.7882213,0.031419,1.562550876,1.224905501e-06,0.001004422511
1568,40.0846,35.49551594,114.7271015,0.031426,1.562313775,1.22471022e-06,0.001004262381
1569,40.08755,35.50089028,114.666493,0.031433,1.562076791,1.224515033e-06,0.001004102327
1570,40.0905,35.50624567,114.6063581,0.03144,1.561839923,1.224319938e-06,0.00100394235
1571,40.09345,35.51158339,114.5466652,0.031447,1.561603172,1.224124937e-06,0.001003782449
1572,40.0964,35.51690451,114.4873872,0.031454,1.561366536,1.223930029e-06,0.001003622624
1573,40.09935,35.52220998,114.4285006,0.031461,1.561130017,1.223735214e-06,0.001003462875
1574,40.1023,35.5275006,114.369985,0.031468,1.560893614,1.223540491e-06,0.001003303203
1575,40.10525,35.53277712,114.3118221,0.031475,1.560657326,1.223345861e-06,0.001003143606
1576,40.1082,35.53804017,114.2539957,0.031482,1.560421154,1.223151323e-06,0.001002984085
1577,40.11115,35.54329035,114.1964913,0.031489,1.560185098,1.222956878e-06,0.00100282464
1578,40.1141,35.54852818,114.1392955,0.031496,1.559949157,1.222762525e-06,0.001002665271
1579,40.11705,35.55375414,114.0823965,0.031503,1.559713331,1.222568264e-06,0.001002505977
1580,40.12,35.55896867,114.0257833,0.03151,1.55947762,1.222374096e-06,0.001002346758
1581,40.12295,35.56417217,113.9694457,0.031517,1.559242023,1.222180019e-06,0.001002187615
1582,40.1259,35.56936502,113.9133745,0.031524,1.559006542,1.221986034e-06,0.001002028548
1583,40.12885,35.57454755,113.8575611,0.031531,1.558771175,1.22179214e-06,0.001001869555
1584,40.1318,35.5797201,113.8019976,0.031538,1.558535923,1.221598339e-06,0.001001710638
1585,40.13475,35.58488295,113.7466763,0.031545,1.558300786,1.221404629e-06,0.001001551795
1586,40.1377,35.59003638,113.6915906,0.031552,1.558065762,1.22121101e-06,0.001001393028
1587,40.14065,35.59518065,113.6367338,0.031559,1.557830853,1.221017482e-06,0.001001234335
1588,40.1436,35.60031601,113.5820998,0.031566,1.557596058,1.220824046e-06,0.001001075718
1589,40.14655,35.60544268,113.527683,0.031573,1.557361376,1.220630701e-06,0.001000917175
1590,40.1495,35.61056089,113.4734778,0.03158,1.557126808,1.220437447e-06,0.001000758706
1591,40.15245,35.61567083,113.4194793,0.031587,1.556892354,1.220244284e-06,0.001000600313
1592,40.1554,35.6207727,113.3656826,0.031594,1.556658014,1.220051211e-06,0.001000441993
1593,40.15835,35.62586668,113.3120831,0.031601,1.556423787,1.21985823e-06,0.001000283748
1594,40.1613,35.63095294,113.2586764,0.031608,1.556189673,1.219665339e-06,0.001000125578
1595,40.16425,35.63603166,113.2054585,0.031615,1.555955673,1.219472538e-06,0.0009999674812
1596,40.1672,35.64110298,113.1524255,0.031622,1.555721785,1.219279828e-06,0.000999809459
1597,40.17015,35.64616706,113.0995735,0.031629,1.55548801,1.219087208e-06,0.0009996515108
1598,40.1731,35.65122404,113.046899,0.031636,1.555254349,1.218894679e-06,0.0009994936367
1599,40.17605,35.65627405,112.9943987,0.031643,1.555020799,1.21870224e-06,0.0009993358365
1600,40.179,35.66131723,112.9420692,0.03165,1.554787363,1.21850989e-06,0.0009991781101
1601,40.18195,35.6663537,112.8899074,0.031657,1.554554039,1.218317631e-06,0.0009990204575
1602,40.1849,35.67138359,112.8379103,0.031664,1.554320827,1.218125462e-06,0.0009988628786
1603,40.18785,35.676407,112.7860751,0.031671,1.554087728,1.217933382e-06,0.0009987053733
1604,40.1908,35.68142404,112.734399,0.031678,1.55385474,1.217741392e-06,0.0009985479415
1605,40.19375,35.68643483,112.6828793,0.031685,1.553621865,1.217549492e-06,0.0009983905833
1606,40.1967,35.69143946,112.6315136,0.031692,1.553389101,1.217357681e-06,0.0009982332984
1607,40.19965,35.69643803,112.5802992,0.031699,1.553156449,1.21716596e-06,0.0009980760868
1608,40.2026,35.70143064,112.5292339,0.031706,1.552923909,1.216974327e-06,0.0009979189485
1609,40.20555,35.70641738,112.4783155,0.031713,1.552691481,1.216782785e-06,0.0009977618833
1610,40.2085,35.71139834,112.4275416,0.03172,1.552459164,1.216591331e-06,0.0009976048913
1611,40.21145,35.7163736,112.3769101,0.031727,1.552226958,1.216399966e-06,0.0009974479722
1612,40.2144,35.72134324,112.3264191,0.031734,1.551994863,1.21620869e-06,0.0009972911261
1613,40.21735,35.72630734,112.2760665,0.031741,1.551762879,1.216017504e-06,0.0009971343529
1614,40.2203,35.73126599,112.2258503,0.031748,1.551531007,1.215826405e-06,0.0009969776524
1615,40.22325,35.73621925,112.1757688,0.031755,1.551299245,1.215635396e-06,0.0009968210247
1616,40.2262,35.74116719,112.1258202,0.031762,1.551067594,1.215444475e-06,0.0009966644697
1617,40.22915,35.7461099,112.0760026,0.031769,1.550836054,1.215253643e-06,0.0009965079872
1618,40.2321,35.75104743,112.0263144,0.031776,1.550604624,1.215062899e-06,0.0009963515772
1619,40.23505,35.75597984,111.9767539,0.031783,1.550373304,1.214872243e-06,0.0009961952397
1620,40.238,35.76090722,111.9273196,0.03179,1.550142095,1.214681676e-06,0.0009960389745
1621,40.24438333,35.76590436,111.9619744,0.03179666667,1.549910993,1.214491461e-06,0.000995882998
1622,40.25076667,35.77095467,111.9952999,0.03180333333,1.549679998,1.214301332e-06,0.0009957270922
1623,40.25715,35.776038,112.0278,0.03181,1.549449112,1.214111289e-06,0.0009955712573
1624,40.26353333,35.78114686,112.0596617,0.03181666667,1.549218334,1.213921334e-06,0.0009954154937
1625,40.26991667,35.78627696,112.0909926,0.03182333333,1.548987665,1.213731465e-06,0.0009952598013
1626,40.2763,35.79142541,112.1218647,0.03183,1.548757104,1.213541683e-06,0.0009951041801
1627,40.28268333,35.7965901,112.1523308,0.03183666667,1.548526652,1.213351988e-06,0.0009949486302
1628,40.28906667,35.80176941,112.1824314,0.03184333333,1.548296308,1.21316238e-06,0.0009947931514
1629,40.29545,35.80696204,112.212199,0.03185,1.548066073,1.212972858e-06,0.0009946377439
1630,40.30183333,35.81216693,112.24166,0.03185666667,1.547835946,1.212783424e-06,0.0009944824075
1631,40.30821667,35.81738319,112.2708368,0.03186333333,1.547605928,1.212594076e-06,0.0009943271422
1632,40.3146,35.82261006,112.2997485,0.03187,1.547376018,1.212404815e-06,0.0009941719479
1633,40.32098333,35.82784687,112.3284115,0.03187666667,1.547146216,1.21221564e-06,0.0009940168247
1634,40.32736667,35.83309306,112.3568402,0.03188333333,1.546916523,1.212026552e-06,0.0009938617723
1635,40.33375,35.8383481,112.3850475,0.03189,1.546686937,1.21183755e-06,0.0009937067909
1636,40.34013333,35.84361155,112.4130445,0.03189666667,1.54645746,1.211648634e-06,0.0009935518803
1637,40.34651667,35.84888301,112.4408415,0.03190333333,1.54622809,1.211459805e-06,0.0009933970405
1638,40.3529,35.85416209,112.4684477,0.03191,1.545998828,1.211271063e-06,0.0009932422713
1639,40.35928333,35.85944848,112.4958715,0.03191666667,1.545769674,1.211082406e-06,0.0009930875729
1640,40.36566667,35.86474185,112.5231203,0.03192333333,1.545540628,1.210893835e-06,0.000992932945
1641,40.37205,35.87004195,112.5502013,0.03193,1.545311689,1.210705351e-06,0.0009927783877
1642,40.37843333,35.8753485,112.5771208,0.03193666667,1.545082857,1.210516952e-06,0.0009926239008
1643,40.38481667,35.88066127,112.6038848,0.03194333333,1.544854133,1.210328639e-06,0.0009924694844
1644,40.3912,35.88598005,112.6304987,0.03195,1.544625516,1.210140413e-06,0.0009923151383
1645,40.39758333,35.89130462,112.6569677,0.03195666667,1.544397006,1.209952271e-06,0.0009921608624
1646,40.40396667,35.89663481,112.6832965,0.03196333333,1.544168603,1.209764216e-06,0.0009920066569
1647,40.41035,35.90197042,112.7094896,0.03197,1.543940307,1.209576246e-06,0.0009918525214
1648,40.41673333,35.90731129,112.7355511,0.03197666667,1.543712118,1.209388361e-06,0.0009916984561
1649,40.42311667,35.91265727,112.7614848,0.03198333333,1.543484036,1.209200562e-06,0.0009915444608
1650,40.4295,35.91800821,112.7872946,0.03199,1.54325606,1.209012848e-06,0.0009913905355
1651,40.43588333,35.92336398,112.8129839,0.03199666667,1.543028191,1.20882522e-06,0.0009912366801
1652,40.44226667,35.92872443,112.8385558,0.03200333333,1.542800429,1.208637676e-06,0.0009910828945
1653,40.44865,35.93408946,112.8640136,0.03201,1.542572772,1.208450218e-06,0.0009909291787
1654,40.45503333,35.93945893,112.8893601,0.03201666667,1.542345222,1.208262845e-06,0.0009907755326
1655,40.46141667,35.94483274,112.9145981,0.03202333333,1.542117779,1.208075556e-06,0.0009906219562
1656,40.4678,35.95021079,112.9397303,0.03203,1.541890441,1.207888353e-06,0.0009904684493
1657,40.47418333,35.95559297,112.964759,0.03203666667,1.541663209,1.207701234e-06,0.000990315012
1658,40.48056667,35.96097919,112.9896868,0.03204333333,1.541436084,1.2075142e-06,0.0009901616441
1659,40.48695,35.96636936,113.0145159,0.03205,1.541209064,1.207327251e-06,0.0009900083457
1660,40.49333333,35.97176339,113.0392485,0.03205666667,1.540982149,1.207140386e-06,0.0009898551165
1661,40.49971667,35.9771612,113.0638866,0.03206333333,1.54075534,1.206953606e-06,0.0009897019567
1662,40.5061,35.98256271,113.0884322,0.03207,1.540528637,1.20676691e-06,0.000989548866
1663,40.51248333,35.98796784,113.1128873,0.03207666667,1.540302039,1.206580298e-06,0.0009893958445
1664,40.51886667,35.99337652,113.1372536,0.03208333333,1.540075547,1.206393771e-06,0.000989242892
1665,40.52525,35.99878869,113.1615328,0.03209,1.539849159,1.206207327e-06,0.0009890900085
1666,40.53163333,36.00420426,113.1857267,0.03209666667,1.539622877,1.206020968e-06,0.000988937194
1667,40.53801667,36.00962319,113.2098369,0.03210333333,1.5393967,1.205834693e-06,0.0009887844484
1668,40.5444,36.01504541,113.2338649,0.03211,1.539170627,1.205648502e-06,0.0009886317716
1669,40.55078333,36.02047085,113.2578121,0.03211666667,1.53894466,1.205462395e-06,0.0009884791635
1670,40.55716667,36.02589946,113.2816801,0.03212333333,1.538718797,1.205276371e-06,0.0009883266241
1671,40.56355,36.03133119,113.3054702,0.03213,1.538493039,1.205090431e-06,0.0009881741534
1672,40.56993333,36.03676599,113.3291837,0.03213666667,1.538267385,1.204904575e-06,0.0009880217512
1673,40.57631667,36.04220379,113.3528219,0.03214333333,1.538041836,1.204718802e-06,0.0009878694175
1674,40.5827,36.04764456,113.3763861,0.03215,1.537816391,1.204533112e-06,0.0009877171522
1675,40.58908333,36.05308824,113.3998774,0.03215666667,1.53759105,1.204347506e-06,0.0009875649553
1676,40.59546667,36.05853479,113.423297,0.03216333333,1.537365813,1.204161984e-06,0.0009874128267
1677,40.60185,36.06398416,113.446646,0.03217,1.53714068,1.203976544e-06,0.0009872607664
1678,40.60823333,36.06943631,113.4699256,0.03217666667,1.536915652,1.203791188e-06,0.0009871087742
1679,40.61461667,36.0748912,113.4931367,0.03218333333,1.536690727,1.203605915e-06,0.0009869568501
1680,40.621,36.08034879,113.5162803,0.03219,1.536465906,1.203420724e-06,0.0009868049941
1681,40.63008333,36.08586782,113.6053879,0.03219716667,1.536241193,1.203235221e-06,0.0009866528813
1682,40.63916667,36.09143515,113.6932878,0.03220433333,1.536016588,1.203049804e-06,0.000986500839
1683,40.64825,36.09703487,113.7803784,0.0322115,1.535792089,1.202864471e-06,0.0009863488661
1684,40.65733333,36.10266098,113.8668087,0.03221866667,1.535567695,1.202679222e-06,0.0009861969624
1685,40.66641667,36.10831005,113.9526653,0.03222583333,1.535343406,1.202494058e-06,0.0009860451276
1686,40.6755,36.11397972,114.0380069,0.032233,1.535119222,1.202308977e-06,0.0009858933614
1687,40.68458333,36.11966827,114.1228767,0.03224016667,1.534895142,1.20212398e-06,0.0009857416638
1688,40.69366667,36.12537433,114.2073083,0.03224733333,1.534671167,1.201939067e-06,0.0009855900346
1689,40.70275,36.13109683,114.2913291,0.0322545,1.534447295,1.201754236e-06,0.0009854384736
1690,40.71183333,36.13683487,114.3749617,0.03226166667,1.534223528,1.201569489e-06,0.0009852869809
1691,40.72091667,36.14258766,114.4582252,0.03226883333,1.533999864,1.201384825e-06,0.0009851355561
1692,40.73,36.14835455,114.5411364,0.032276,1.533776304,1.201200243e-06,0.0009849841994
1693,40.73908333,36.15413495,114.6237096,0.03228316667,1.533552847,1.201015745e-06,0.0009848329105
1694,40.74816667,36.15992835,114.7059578,0.03229033333,1.533329494,1.200831329e-06,0.0009846816894
1695,40.75725,36.1657343,114.7878926,0.0322975,1.533106244,1.200646995e-06,0.000984530536
1696,40.76633333,36.17155236,114.8695243,0.03230466667,1.532883097,1.200462744e-06,0.0009843794502
1697,40.77541667,36.17738217,114.9508623,0.03231183333,1.532660053,1.200278576e-06,0.0009842284319
1698,40.7845,36.18322339,115.0319153,0.032319,1.532437111,1.200094489e-06,0.0009840774811
1699,40.79358333,36.18907568,115.1126913,0.03232616667,1.532214273,1.199910485e-06,0.0009839265977
1700,40.80266667,36.19493877,115.1931975,0.03233333333,1.531991537,1.199726563e-06,0.0009837757816
1701,40.81175,36.20081237,115.2734407,0.0323405,1.531768903,1.199542723e-06,0.0009836250326
1702,40.82083333,36.20669624,115.3534273,0.03234766667,1.531546372,1.199358964e-06,0.0009834743508
1703,40.82991667,36.21259014,115.4331632,0.03235483333,1.531323943,1.199175288e-06,0.0009833237361
1704,40.839,36.21849384,115.5126539,0.032362,1.531101617,1.198991693e-06,0.0009831731884
1705,40.84808333,36.22440714,115.5919047,0.03236916667,1.530879392,1.19880818e-06,0.0009830227076
1706,40.85716667,36.23032985,115.6709205,0.03237633333,1.530657269,1.198624748e-06,0.0009828722937
1707,40.86625,36.23626177,115.7497058,0.0323835,1.530435248,1.198441398e-06,0.0009827219466
1708,40.87533333,36.24220273,115.8282651,0.03239066667,1.530213328,1.198258129e-06,0.0009825716661
1709,40.88441667,36.24815256,115.9066027,0.03239783333,1.529991511,1.198074942e-06,0.0009824214524
1710,40.8935,36.25411111,115.9847223,0.032405,1.529769794,1.197891836e-06,0.0009822713051
1711,40.90258333,36.26007822,116.0626279,0.03241216667,1.52954818,1.19770881e-06,0.0009821212244
1712,40.91166667,36.26605375,116.140323,0.03241933333,1.529326666,1.197525866e-06,0.0009819712102
1713,40.92075,36.27203756,116.2178111,0.0324265,1.529105253,1.197343003e-06,0.0009818212623
1714,40.92983333,36.27802952,116.2950954,0.03243366667,1.528883942,1.19716022e-06,0.0009816713807
1715,40.93891667,36.2840295,116.3721792,0.03244083333,1.528662732,1.196977519e-06,0.0009815215653
1716,40.948,36.29003738,116.4490654,0.032448,1.528441622,1.196794898e-06,0.0009813718161
1717,40.95708333,36.29605305,116.525757,0.03245516667,1.528220613,1.196612357e-06,0.000981222133
1718,40.96616667,36.30207639,116.6022568,0.03246233333,1.527999705,1.196429898e-06,0.000981072516
1719,40.97525,36.3081073,116.6785674,0.0324695,1.527778898,1.196247518e-06,0.0009809229649
1720,40.98433333,36.31414567,116.7546915,0.03247666667,1.527558191,1.196065219e-06,0.0009807734797
1721,40.99341667,36.3201914,116.8306316,0.03248383333,1.527337584,1.195883e-06,0.0009806240604
1722,41.0025,36.3262444,116.90639,0.032491,1.527117078,1.195700862e-06,0.0009804747068
1723,41.01158333,36.33230457,116.9819691,0.03249816667,1.526896671,1.195518804e-06,0.000980325419
1724,41.02066667,36.33837182,117.0573712,0.03250533333,1.526676365,1.195336825e-06,0.0009801761968
1725,41.02975,36.34444606,117.1325985,0.0325125,1.526456159,1.195154927e-06,0.0009800270402
1726,41.03883333,36.35052721,117.207653,0.03251966667,1.526236052,1.194973109e-06,0.0009798779491
1727,41.04791667,36.35661519,117.2825368,0.03252683333,1.526016046,1.19479137e-06,0.0009797289234
1728,41.057,36.36270992,117.357252,0.032534,1.525796139,1.194609711e-06,0.0009795799632
1729,41.06608333,36.36881132,117.4318004,0.03254116667,1.525576332,1.194428132e-06,0.0009794310682
1730,41.07516667,36.37491931,117.5061839,0.03254833333,1.525356624,1.194246632e-06,0.0009792822385
1731,41.08425,36.38103383,117.5804043,0.0325555,1.525137015,1.194065212e-06,0.0009791334741
1732,41.09333333,36.3871548,117.6544634,0.03256266667,1.524917506,1.193883872e-06,0.0009789847747
1733,41.10241667,36.39328215,117.728363,0.03256983333,1.524698096,1.19370261e-06,0.0009788361405
1734,41.1115,36.39941582,117.8021046,0.032577,1.524478785,1.193521428e-06,0.0009786875712
1735,41.12058333,36.40555574,117.8756899,0.03258416667,1.524259574,1.193340326e-06,0.0009785390669
1736,41.12966667,36.41170184,117.9491206,0.03259133333,1.524040461,1.193159302e-06,0.0009783906275
1737,41.13875,36.41785408,118.0223981,0.0325985,1.523821447,1.192978357e-06,0.0009782422529
1738,41.14783333,36.42401237,118.095524,0.03260566667,1.523602531,1.192797492e-06,0.0009780939431
1739,41.15691667,36.43017668,118.1684997,0.03261283333,1.523383714,1.192616705e-06,0.000977945698
1740,41.166,36.43634693,118.2413267,0.03262,1.523164996,1.192435997e-06,0.0009777975175
1741,41.17178333,36.44245123,118.2333025,0.0326275,1.52294638,1.192255104e-06,0.0009776491851
1742,41.17756667,36.44850553,118.2265284,0.032635,1.522727864,1.192074291e-06,0.0009775009189
1743,41.18335,36.4545292,118.2205199,0.0326425,1.522509449,1.191893559e-06,0.0009773527183
1744,41.18913333,36.46052945,118.2150972,0.03265,1.522291133,1.191712906e-06,0.000977204583
1745,41.19491667,36.46651039,118.2101569,0.0326575,1.522072916,1.191532333e-06,0.0009770565127
1746,41.2007,36.47247482,118.2056296,0.032665,1.521854798,1.191351838e-06,0.0009769085074
1747,41.20648333,36.47842475,118.2014645,0.0326725,1.521636779,1.191171423e-06,0.0009767605669
1748,41.21226667,36.48436175,118.1976229,0.03268,1.521418859,1.190991087e-06,0.0009766126912
1749,41.21805,36.49028707,118.1940733,0.0326875,1.521201037,1.190810829e-06,0.0009764648801
1750,41.22383333,36.49620172,118.1907903,0.032695,1.520983313,1.190630651e-06,0.0009763171335
1751,41.22961667,36.50210657,118.1877524,0.0327025,1.520765688,1.19045055e-06,0.0009761694514
1752,41.2354,36.50800235,118.1849413,0.03271,1.520548161,1.190270529e-06,0.0009760218336
1753,41.24118333,36.51388969,118.1823411,0.0327175,1.520330732,1.190090585e-06,0.0009758742801
1754,41.24696667,36.51976915,118.179938,0.032725,1.520113401,1.18991072e-06,0.0009757267908
1755,41.25275,36.52564121,118.1777197,0.0327325,1.519896167,1.189730934e-06,0.0009755793656
1756,41.25853333,36.53150632,118.1756754,0.03274,1.519679031,1.189551225e-06,0.0009754320045
1757,41.26431667,36.53736486,118.1737951,0.0327475,1.519461993,1.189371594e-06,0.0009752847074
1758,41.2701,36.54321719,118.1720703,0.032755,1.519245052,1.189192042e-06,0.0009751374742
1759,41.27588333,36.54906362,118.1704927,0.0327625,1.519028209,1.189012567e-06,0.0009749903048
1760,41.28166667,36.55490446,118.1690552,0.03277,1.518811462,1.18883317e-06,0.0009748431992
1761,41.28745,36.56073996,118.167751,0.0327775,1.518594813,1.18865385e-06,0.0009746961574
1762,41.29323333,36.56657038,118.1665739,0.032785,1.518378261,1.188474609e-06,0.0009745491791
1763,41.29901667,36.57239593,118.1655184,0.0327925,1.518161806,1.188295444e-06,0.0009744022644
1764,41.3048,36.57821683,118.1645792,0.0328,1.517945447,1.188116358e-06,0.0009742554133
1765,41.31058333,36.58403328,118.1637513,0.0328075,1.517729185,1.187937348e-06,0.0009741086255
1766,41.31636667,36.58984546,118.1630302,0.032815,1.51751302,1.187758416e-06,0.0009739619012
1767,41.32215,36.59565353,118.1624117,0.0328225,1.517296951,1.187579561e-06,0.0009738152401
1768,41.32793333,36.60145766,118.1618919,0.03283,1.517080979,1.187400783e-06,0.0009736686423
1769,41.33371667,36.60725799,118.161467,0.0328375,1.516865103,1.187222083e-06,0.0009735221077
1770,41.3395,36.61305466,118.1611335,0.032845,1.516649324,1.187043459e-06,0.0009733756362
1771,41.34528333,36.61884781,118.1608881,0.0328525,1.51643364,1.186864912e-06,0.0009732292278
1772,41.35106667,36.62463756,118.1607278,0.03286,1.516218052,1.186686442e-06,0.0009730828824
1773,41.35685,36.63042402,118.1606495,0.0328675,1.516002561,1.186508049e-06,0.0009729365999
1774,41.36263333,36.63620731,118.1606506,0.032875,1.515787165,1.186329732e-06,0.0009727903802
1775,41.36841667,36.64198753,118.1607285,0.0328825,1.515571865,1.186151492e-06,0.0009726442234
1776,41.3742,36.64776478,118.1608805,0.03289,1.515356661,1.185973328e-06,0.0009724981294
1777,41.37998333,36.65353916,118.1611044,0.0328975,1.515141552,1.185795241e-06,0.000972352098
1778,41.38576667,36.65931075,118.161398,0.032905,1.514926538,1.185617231e-06,0.0009722061292
1779,41.39155,36.66507964,118.161759,0.0329125,1.51471162,1.185439296e-06,0.000972060223
1780,41.39733333,36.67084591,118.1621855,0.03292,1.514496798,1.185261438e-06,0.0009719143793
1781,41.40311667,36.67660965,118.1626755,0.0329275,1.51428207,1.185083656e-06,0.0009717685981
1782,41.4089,36.68237091,118.1632272,0.032935,1.514067438,1.18490595e-06,0.0009716228793
1783,41.41468333,36.68812979,118.1638387,0.0329425,1.513852901,1.18472832e-06,0.0009714772227
1784,41.42046667,36.69388633,118.1645084,0.03295,1.513638458,1.184550766e-06,0.0009713316285
1785,41.42625,36.69964061,118.1652347,0.0329575,1.51342411,1.184373288e-06,0.0009711860964
1786,41.43203333,36.70539269,118.166016,0.032965,1.513209858,1.184195886e-06,0.0009710406265
1787,41.43781667,36.71114263,118.1668508,0.0329725,1.512995699,1.184018559e-06,0.0009708952187
1788,41.4436,36.71689049,118.1677377,0.03298,1.512781636,1.183841308e-06,0.000970749873
1789,41.44938333,36.72263632,118.1686753,0.0329875,1.512567666,1.183664133e-06,0.0009706045892
1790,41.45516667,36.72838017,118.1696623,0.032995,1.512353792,1.183487033e-06,0.0009704593673
1791,41.46095,36.7341221,118.1706974,0.0330025,1.512140011,1.183310009e-06,0.0009703142073
1792,41.46673333,36.73986216,118.1717794,0.03301,1.511926325,1.18313306e-06,0.000970169109
1793,41.47251667,36.74560038,118.1729071,0.0330175,1.511712733,1.182956186e-06,0.0009700240725
1794,41.4783,36.75133682,118.1740795,0.033025,1.511499234,1.182779387e-06,0.0009698790977
1795,41.48408333,36.75707152,118.1752953,0.0330325,1.51128583,1.182602664e-06,0.0009697341845
1796,41.48986667,36.76280453,118.1765535,0.03304,1.51107252,1.182426016e-06,0.0009695893329
1797,41.49565,36.76853587,118.1778531,0.0330475,1.510859303,1.182249442e-06,0.0009694445428
1798,41.50143333,36.7742656,118.1791932,0.033055,1.51064618,1.182072944e-06,0.0009692998142
1799,41.50721667,36.77999375,118.1805728,0.0330625,1.510433151,1.181896521e-06,0.0009691551469
1800,41.513,36.78572036,118.1819909,0.03307,1.510220215,1.181720172e-06,0.000969010541
