time_s,radius_cm,r_0.0_cm,r_0.1_cm,r_0.2_cm,r_0.3_cm,r_0.4_cm,r_0.5_cm,r_0.6_cm,r_0.7_cm,r_0.8_cm,r_0.9_cm,r_1.0_cm,r_1.1_cm,r_1.2_cm,r_1.3_cm,r_1.4_cm,r_1.5_cm,r_1.6_cm,r_1.7_cm,r_1.8_cm,r_1.9_cm,r_2.0_cm,surface
60,1.99576667,2.5500000000,2.5500000000,2.5500000000,2.5500000000,2.5500000000,2.5500000000,2.5500000000,2.5500000000,2.5500000000,2.5500000000,2.5500000000,2.5500000000,2.5500000000,2.5500000000,2.5500000000,2.5500000000,2.5500000000,2.5500000000,2.5499997850,2.5480354433,,2.0789778934
120,1.99153333,2.5500000000,2.5500000000,2.5500000000,2.5500000000,2.5500000000,2.5500000000,2.5500000000,2.5500000000,2.5500000000,2.5500000000,2.5500000000,2.5500000000,2.5500000000,2.5500000000,2.5500000000,2.5500000000,2.5500000000,2.5499999722,2.5499342832,2.5257389972,,1.9224554293
180,1.98730000,2.5500000000,2.5500000000,2.5500000000,2.5500000000,2.5500000000,2.5500000000,2.5500000000,2.5500000000,2.5500000000,2.5500000000,2.5500000000,2.5500000000,2.5500000000,2.5500000000,2.5500000000,2.5500000000,2.5499999964,2.5499972489,2.5491085563,2.4785317201,,1.8152953148
240,1.98306667,2.5500000000,2.5500000000,2.5500000000,2.5500000000,2.5500000000,2.5500000000,2.5500000000,2.5500000000,2.5500000000,2.5500000000,2.5500000000,2.5500000000,2.5500000000,2.5500000000,2.5500000000,2.5499999998,2.5499998556,2.5499602696,2.5458256700,2.4147640152,,1.7326752923
300,1.97883333,2.5500000000,2.5500000000,2.5500000000,2.5500000000,2.5500000000,2.5500000000,2.5500000000,2.5500000000,2.5500000000,2.5500000000,2.5500000000,2.5500000000,2.5500000000,2.5500000000,2.5500000000,2.5499999942,2.5499981597,2.5497674185,2.5380822296,2.3445158910,,1.6656392649
360,1.97460000,2.5500000000,2.5500000000,2.5500000000,2.5500000000,2.5500000000,2.5500000000,2.5500000000,2.5500000000,2.5500000000,2.5500000000,2.5500000000,2.5500000000,2.5500000000,2.5500000000,2.5499999997,2.5499999139,2.5499881082,2.5491779396,2.5253513868,2.2710897601,,1.6093788453
420,1.97036667,2.5500000000,2.5500000000,2.5500000000,2.5500000000,2.5500000000,2.5500000000,2.5500000000,2.5500000000,2.5500000000,2.5500000000,2.5500000000,2.5500000000,2.5500000000,2.5500000000,2.5499999956,2.5499993472,2.5499503436,2.5478732756,2.5077235908,2.1947851931,,1.5609300668
480,1.96613333,2.5500000000,2.5500000000,2.5500000000,2.5500000000,2.5500000000,2.5500000000,2.5500000000,2.5500000000,2.5500000000,2.5500000000,2.5500000000,2.5500000000,2.5500000000,2.5499999997,2.5499999639,2.5499967872,2.5498461051,2.5455265470,2.4856747300,2.1201035380,,1.5183918098
540,1.96190000,2.5500000000,2.5500000000,2.5500000000,2.5500000000,2.5500000000,2.5500000000,2.5500000000,2.5500000000,2.5500000000,2.5500000000,2.5500000000,2.5500000000,2.5500000000,2.5499999976,2.5499998033,2.5499883064,2.5496094575,2.5415259247,2.4586553655,2.0464404209,,1.4807348630
600,1.95766667,2.5500000000,2.5500000000,2.5500000000,2.5500000000,2.5500000000,2.5500000000,2.5500000000,2.5500000000,2.5500000000,2.5500000000,2.5500000000,2.5500000000,2.5499999999,2.5499999871,2.5499991974,2.5499658871,2.5491021016,2.5356708181,2.4273910961,1.9736072210,,1.4471565073
660,1.95343333,2.5500000000,2.5500000000,2.5500000000,2.5500000000,2.5500000000,2.5500000000,2.5500000000,2.5500000000,2.5500000000,2.5500000000,2.5500000000,2.5500000000,2.5499999992,2.5499999449,2.5499973636,2.5499158391,2.5482261577,2.5279154548,2.3934480037,1.9036725897,,1.4170425739
720,1.94920000,2.5500000000,2.5500000000,2.5500000000,2.5500000000,2.5500000000,2.5500000000,2.5500000000,2.5500000000,2.5500000000,2.5500000000,2.5500000000,2.5499999999,2.5499999967,2.5499998065,2.5499926827,2.5498177051,2.5468608315,2.5182093766,2.3573904325,1.8347947073,,1.3897508270
780,1.94496667,2.5500000000,2.5500000000,2.5500000000,2.5500000000,2.5500000000,2.5500000000,2.5500000000,2.5500000000,2.5500000000,2.5500000000,2.5500000000,2.5499999997,2.5499999877,2.5499994186,2.5499822366,2.5496438928,2.5448897011,2.5065681832,2.3193685351,1.7686224982,,1.3648472688
840,1.94073333,2.5500000000,2.5500000000,2.5500000000,2.5500000000,2.5500000000,2.5500000000,2.5500000000,2.5500000000,2.5500000000,2.5500000000,2.5500000000,2.5499999989,2.5499999604,2.5499984632,2.5499613165,2.5493581647,2.5422072307,2.4930522557,2.2781581865,1.7045184895,,1.3419802727
900,1.93650000,2.5500000000,2.5500000000,2.5500000000,2.5500000000,2.5500000000,2.5500000000,2.5500000000,2.5500000000,2.5500000000,2.5500000000,2.5499999999,2.5499999961,2.5499998803,2.5499963487,2.5499229673,2.5488650666,2.5387233967,2.4767154322,2.2362425141,1.6425440980,,1.3208109193
960,1.93226667,2.5500000000,2.5500000000,2.5500000000,2.5500000000,2.5500000000,2.5500000000,2.5500000000,2.5500000000,2.5500000000,2.5500000000,2.5499999997,2.5499999881,2.5499996635,2.5499920706,2.5498576413,2.5481389204,2.5343656951,2.4583564534,2.1939113024,1.5827240529,,1.3013165128
1020,1.92803333,2.5500000000,2.5500000000,2.5500000000,2.5500000000,2.5500000000,2.5500000000,2.5500000000,2.5500000000,2.5500000000,2.5500000000,2.5499999991,2.5499999672,2.5499991604,2.5499840484,2.5497512486,2.5471245274,2.5286701692,2.4383804742,2.1512553673,1.5249719106,,1.2832017066
1080,1.92380000,2.5500000000,2.5500000000,2.5500000000,2.5500000000,2.5500000000,2.5500000000,2.5500000000,2.5500000000,2.5500000000,2.5499999999,2.5499999972,2.5499999174,2.5499980978,2.5499683676,2.5495694919,2.5457668234,2.5217706726,2.4169507581,2.1066707999,1.4691595184,,1.2665291476
1140,1.91956667,2.5500000000,2.5500000000,2.5500000000,2.5500000000,2.5500000000,2.5500000000,2.5500000000,2.5500000000,2.5500000000,2.5499999998,2.5499999922,2.5499998077,2.5499960213,2.5499407011,2.5492997458,2.5440121816,2.5137688941,2.3942069242,2.0623742743,1.4156072370,,1.2510841799
1200,1.91533333,2.5500000000,2.5500000000,2.5500000000,2.5500000000,2.5500000000,2.5500000000,2.5500000000,2.5500000000,2.5500000000,2.5499999994,2.5499999801,2.5499995821,2.5499922216,2.5498958428,2.5489170050,2.5418098082,2.5046642275,2.3698914012,2.0185102666,1.3638099460,,1.2366595565
1260,1.91110000,2.5500000000,2.5500000000,2.5500000000,2.5500000000,2.5500000000,2.5500000000,2.5500000000,2.5500000000,2.5499999999,2.5499999984,2.5499999529,2.5499991450,2.5499856492,2.5498266582,2.5483940064,2.5391133932,2.4944702793,2.3433415722,1.9746975824,1.3138956403,,1.2230457887
1320,1.90686667,2.5500000000,2.5500000000,2.5500000000,2.5500000000,2.5500000000,2.5500000000,2.5500000000,2.5500000000,2.5499999998,2.5499999960,2.5499998959,2.5499983420,2.5499748215,2.5497243922,2.5477018757,2.5358820552,2.4832132905,2.3159385891,1.9303510125,1.2657776419,,1.2103708252
1380,1.90263333,2.5500000000,2.5500000000,2.5500000000,2.5500000000,2.5500000000,2.5500000000,2.5500000000,2.5500000000,2.5499999995,2.5499999902,2.5499997829,2.5499969349,2.5499577281,2.5495786396,2.5468106400,2.5318836386,2.4709215834,2.2878007977,1.8867937806,1.2195467075,,1.1985984567
1440,1.89840000,2.5500000000,2.5500000000,2.5500000000,2.5500000000,2.5500000000,2.5500000000,2.5500000000,2.5500000000,2.5499999989,2.5499999774,2.5499995702,2.5499945706,2.5499317332,2.5493773421,2.5456896986,2.5270463200,2.4567402084,2.2590554316,1.8440902080,,,1.1874119550
1500,1.89416667,2.5500000000,2.5500000000,2.5500000000,2.5500000000,2.5500000000,2.5500000000,2.5500000000,2.5499999999,2.5499999975,2.5499999510,2.5499991877,2.5499902282,2.5498934882,2.5491069049,2.5443087600,2.5215150171,2.4414333675,2.2297048772,1.8012239554,,,1.1766782203
1560,1.88993333,2.5500000000,2.5500000000,2.5500000000,2.5500000000,2.5500000000,2.5500000000,2.5500000000,2.5499999997,2.5499999947,2.5499998996,2.5499985276,2.5499832251,2.5498388626,2.5487523862,2.5426386393,2.5152775435,2.4252024276,2.1985646722,1.7591010294,,,1.1665212531
1620,1.88570000,2.5500000000,2.5500000000,2.5500000000,2.5500000000,2.5500000000,2.5500000000,2.5500000000,2.5499999993,2.5499999890,2.5499998040,2.5499974298,2.5499723815,2.5497628909,2.5482976860,2.5406068383,2.5083268477,2.4081094914,2.1672204642,1.7179683036,,,1.1568788730
1680,1.88146667,2.5500000000,2.5500000000,2.5500000000,2.5500000000,2.5500000000,2.5500000000,2.5499999999,2.5499999986,2.5499999780,2.5499996334,2.5499956646,2.5499561495,2.5496597281,2.5477257063,2.5380451014,2.5006620886,2.3902218782,2.1357631928,1.6772016479,,,1.1477061879
1740,1.87723333,2.5500000000,2.5500000000,2.5500000000,2.5500000000,2.5500000000,2.5500000000,2.5499999998,2.5499999970,2.5499999565,2.5499993406,2.5499929116,2.5499325682,2.5495095925,2.5470064321,2.5350706459,2.4922869280,2.3715996117,2.1042474488,1.6370025134,,,1.1392004086
1800,1.87300000,2.5500000000,2.5500000000,2.5500000000,2.5500000000,2.5500000000,2.5500000000,2.5499999996,2.5499999941,2.5499999153,2.5499988548,2.5499887363,2.5498992099,2.5493082657,2.5460553618,2.5316605932,2.4832056566,2.3517634027,2.0723591621,1.5978235701,,,1.1312379015
1860,1.87036667,2.5500000000,2.5500000000,2.5500000000,2.5500000000,2.5500000000,2.5500000000,2.5499999992,2.5499999887,2.5499998461,2.5499981091,2.5499828064,2.5498558914,2.5490684104,2.5450095711,2.5281617620,2.4742711965,2.3336003485,2.0452513096,1.5680918920,,,1.1236012309
1920,1.86773333,2.5500000000,2.5500000000,2.5500000000,2.5500000000,2.5500000000,2.5499999999,2.5499999984,2.5499999790,2.5499997296,2.5499969626,2.5499743581,2.5497982201,2.5487686314,2.5437812995,2.5242779711,2.4644761168,2.3150885002,2.0184263176,1.5389994081,,,1.1161289688
1980,1.86510000,2.5500000000,2.5500000000,2.5500000000,2.5500000000,2.5500000000,2.5499999998,2.5499999970,2.5499999623,2.5499995395,2.5499952429,2.5499625688,2.5497228190,2.5483996829,2.5423558012,2.5200029891,2.4541605737,2.2962896117,1.9919375654,1.5107977131,,,1.1088514129
2040,1.86246667,2.5500000000,2.5500000000,2.5500000000,2.5500000000,2.5500000000,2.5499999996,2.5499999944,2.5499999342,2.5499992376,2.5499927216,2.5499464304,2.5496258738,2.5479519952,2.5407194658,2.5153335346,2.4433524064,2.2772486076,1.9657906554,1.4833905675,,,1.1019173996
2100,1.85983333,2.5500000000,2.5500000000,2.5500000000,2.5500000000,2.5499999999,2.5499999992,2.5499999898,2.5499998880,2.5499987703,2.5499891025,2.5499247289,2.5495031320,2.5474157008,2.5388594392,2.5102674428,2.4320769597,2.2580042273,1.9399931536,1.4567118520,,,1.0952151673
2160,1.85720000,2.5500000000,2.5500000000,2.5500000000,2.5500000000,2.5499999999,2.5499999985,2.5499999820,2.5499998141,2.5499980638,2.5499840089,2.5498947756,2.5493499092,2.5467807473,2.5367639798,2.5048052718,2.4203631401,2.2386008066,1.9145640206,1.4304591510,,,1.0887300188
2220,1.85456667,2.5500000000,2.5500000000,2.5500000000,2.5500000000,2.5499999998,2.5499999972,2.5499999689,2.5499996964,2.5499970190,2.5499769695,2.5498545894,2.5491611236,2.5460370730,2.5344227087,2.4989498836,2.4082391936,2.2190723904,1.8893647497,1.4049295002,,,1.0826131684
2280,1.85193333,2.5500000000,2.5500000000,2.5500000000,2.5500000000,2.5499999996,2.5499999950,2.5499999476,2.5499995071,2.5499955049,2.5499674050,2.5498025488,2.5489313145,2.5451746136,2.5318261060,2.4927043367,2.3957287175,2.1994425835,1.8640462807,1.3801292802,,,1.0767255474
2340,1.84930000,2.5500000000,2.5500000000,2.5500000000,2.5499999999,2.5499999992,2.5499999913,2.5499999136,2.5499992182,2.5499933517,2.5499546133,2.5497361581,2.5486546598,2.5441833709,2.5289657774,2.4860737900,2.3828588086,2.1797005794,1.8391396542,1.3559478702,,,1.0710800187
2400,1.84666667,2.5500000000,2.5500000000,2.5500000000,2.5499999999,2.5499999986,2.5499999851,2.5499998606,2.5499987870,2.5499903431,2.5499377558,2.5496526185,2.5483250311,2.5430535797,2.5258345481,2.4789272056,2.3696524113,2.1592976186,1.8146321109,1.3322269525,,,1.0656687829
2460,1.84403333,2.5500000000,2.5500000000,2.5500000000,2.5499999998,2.5499999975,2.5499999751,2.5499997794,2.5499981556,2.5499862078,2.5499158435,2.5495488249,2.5479360158,2.5417756970,2.5224263243,2.4711936552,2.3561355632,2.1389038925,1.7905351324,1.3091705177,,,1.0604975593
2520,1.84140000,2.5500000000,2.5500000000,2.5500000000,2.5499999996,2.5499999957,2.5499999593,2.5499996573,2.5499972481,2.5499806103,2.5498877243,2.5494213724,2.5474809886,2.5403405999,2.5187363256,2.4630845002,2.3423303965,2.1185347573,1.7668360836,1.2867712238,,,1.0555304763
2580,1.83876667,2.5500000000,2.5500000000,2.5499999999,2.5499999993,2.5499999927,2.5499999346,2.5499994768,2.5499959658,2.5499731416,2.5498520719,2.5492665611,2.5469531354,2.5387395324,2.5147608332,2.4546118191,2.3280495234,2.0982195050,1.7435567837,1.2648303248,,,1.0505920624
2640,1.83613333,2.5500000000,2.5500000000,2.5499999999,2.5499999987,2.5499999879,2.5499998967,2.5499992144,2.5499941828,2.5499633095,2.5498073759,2.5490804199,2.5463455767,2.5369645323,2.5104983867,2.4457913278,2.3132106284,2.0779855462,1.7204565934,1.2433726952,,,1.0458663031
2700,1.83350000,2.5500000000,2.5500000000,2.5499999997,2.5499999978,2.5499999803,2.5499998398,2.5499988304,2.5499917406,2.5499505296,2.5497519389,2.5488587375,2.5456309022,2.5350082605,2.5059481131,2.4366357917,2.2981668082,2.0578341424,1.6975419046,1.2225055988,,,1.0413572618
2760,1.83086667,2.5500000000,2.5499999999,2.5499999995,2.5499999963,2.5499999684,2.5499997554,2.5499982725,2.5499884426,2.5499341156,2.5496838667,2.5485970573,2.5447987957,2.5328636354,2.5009515420,2.4271579425,2.2829404622,2.0377866180,1.6750590997,1.2020834258,,,1.0368646346
2820,1.82823333,2.5500000000,2.5499999999,2.5499999992,2.5499999939,2.5499999503,2.5499996324,2.5499974891,2.5499840479,2.5499132699,2.5496010651,2.5482907140,2.5438583444,2.5305245713,2.4955834123,2.4173755119,2.2675618963,2.0178716559,1.6530188588,1.1820550767,,,1.0324048910
2880,1.82560000,2.5499999999,2.5499999998,2.5499999986,2.5499999901,2.5499999229,2.5499994557,2.5499964052,2.5499782647,2.5498870768,2.5495012482,2.5479349053,2.5428026329,2.5278926046,2.4899198848,2.4073059094,2.2520540623,1.9980636091,1.6313886416,1.1624920804,,,1.0281454390
2940,1.82296667,2.5499999999,2.5499999996,2.5499999977,2.5499999840,2.5499998823,2.5499992054,2.5499949262,2.5499707449,2.5498544962,2.5493819429,2.5475247056,2.5416249719,2.5250131671,2.4839651274,2.3969622397,2.2364308858,1.9779196776,1.6101483163,1.1433171643,,,1.0239695500
3000,1.82033333,2.5499999998,2.5499999994,2.5499999962,2.5499999747,2.5499998229,2.5499988553,2.5499929345,2.5499610767,2.5498143566,2.5492404859,2.5470550656,2.5403188883,2.5219137755,2.4777247458,2.3863617113,2.2207183389,1.9579700395,1.5892072481,1.1244979298,,,1.0197754577
3060,1.81770000,2.5499999997,2.5499999990,2.5499999939,2.5499999604,2.5499997372,2.5499983584,2.5499902854,2.5499487784,2.5497653510,2.5490667130,2.5465209111,2.5388784262,2.5185922990,2.4712061618,2.3755216744,2.2049352371,1.9382165967,1.5684226270,1.1060420634,,,1.0157108498
3120,1.81506667,2.5499999995,2.5499999983,2.5499999902,2.5499999391,2.5499996154,2.5499976703,2.5499868035,2.5499332929,2.5497060365,2.5488617739,2.5459171657,2.5372980225,2.5150472206,2.4644165936,2.3644572706,2.1890964963,1.9186585802,1.5480113769,1.0879751327,,,1.0118741470
3180,1.81243333,2.5499999991,2.5499999972,2.5499999847,2.5499999077,2.5499994423,2.5499967364,2.5499822780,2.5499139817,2.5496348314,2.5486232134,2.5452387407,2.5355723648,2.5112770887,2.4573615008,2.3531773012,2.1732032342,1.8992753836,1.5279418019,1.0704238529,,,1.0082620006
3240,1.80980000,2.5499999985,2.5499999956,2.5499999763,2.5499998620,2.5499991969,2.5499954844,2.5499764583,2.5498901188,2.5495500089,2.5483474673,2.5444804702,2.5336961943,2.5072804040,2.4500463534,2.3414218368,2.1571399282,1.8800822113,1.5082479721,1.0532141545,,,1.0046817439
3300,1.80716667,2.5499999975,2.5499999930,2.5499999638,2.5499997965,2.5499988582,2.5499938247,2.5499690492,2.5498608843,2.5494496966,2.5480308352,2.5436372438,2.5316648209,2.5030571126,2.4424792962,2.3293406678,2.1407176227,1.8610855653,1.4889232214,1.0363364711,,,1.0011825987
3360,1.80453333,2.5499999959,2.5499999890,2.5499999454,2.5499997038,2.5499983965,2.5499916486,2.5499597064,2.5498253608,2.5493318833,2.5476695213,2.5427040817,2.5294741061,2.4986079536,2.4346687117,2.3170912504,2.1243031627,1.8422926446,1.4698127181,1.0197163479,,,0.9976603233
3420,1.80190000,2.5499999935,2.5499999830,2.5499999188,2.5499995742,2.5499977741,2.5499888248,2.5499480316,2.5497825305,2.5491944251,2.5472596582,2.5416761635,2.5271204984,2.4939346991,2.4266245136,2.3046910869,2.1079148843,1.8234541610,1.4509598429,1.0033331478,,,0.9941676826
3480,1.79926667,2.5499999898,2.5499999742,2.5499998807,2.5499993951,2.5499969444,2.5499851965,2.5499335683,2.5497312736,2.5490350567,2.5467973501,2.5405489162,2.5246011452,2.4890400530,2.4183568341,2.2921551991,2.0915636195,1.8047196690,1.4324552800,,,,0.9906549878
3540,1.79663333,2.5499999843,2.5499999612,2.5499998268,2.5499991503,2.5499958496,2.5499805782,2.5499157984,2.5496703679,2.5488514014,2.5462786931,2.5393179960,2.5219137339,2.4839273668,2.4098764992,2.2795005337,2.0752666392,1.7862335385,1.4142929918,,,,0.9871391388
3600,1.79400000,2.5499999760,2.5499999424,2.5499997514,2.5499988193,2.5499944196,2.5499747528,2.5498941384,2.5495984902,2.5486409852,2.5456998194,2.5379793866,2.5190566988,2.4786009101,2.4011944695,2.2667408850,2.0590298004,1.7679794727,1.3964223157,,,,0.9838034138
3660,1.79096667,2.5499999637,2.5499999154,2.5499996468,2.5499983742,2.5499925559,2.5499674026,2.5498676706,2.5495132865,2.5483984119,2.5450456935,2.5365038705,2.5159602909,2.4729120314,2.3920302525,2.2533463253,2.0420146564,1.7487456279,1.3772162959,,,,0.9806139679
3720,1.78793333,2.5499999459,2.5499998772,2.5499995035,2.5499977835,2.5499901623,2.5499582681,2.5498358185,2.5494138098,2.5481229501,2.5443210125,2.5348804418,2.5126815325,2.4670003266,2.3823181889,2.2398432905,2.0250521823,1.7297327369,1.3581962043,,,,0.9774571786
3780,1.78490000,2.5499999202,2.5499998237,2.5499993090,2.5499970072,2.5499871152,2.5499470057,2.5497977517,2.5492983564,2.5478117004,2.5435216636,2.5330793466,2.5092192127,2.4608699709,2.3723843207,2.2262441487,2.0081489506,1.7109355404,1.3394959229,,,,0.9744252442
3840,1.78186667,2.5499998837,2.5499997493,2.5499990479,2.5499959964,2.5499832688,2.5499332247,2.5497525579,2.5491651184,2.5474616911,2.5426436146,2.5311428668,2.5055724879,2.4545250052,2.3622638828,2.2125578533,1.9911143626,1.6922134235,1.3211161374,,,,0.9714071267
3900,1.77883333,2.5499998323,2.5499996472,2.5499987004,2.5499946917,2.5499784525,2.5499164837,2.5496992412,2.5490121858,2.5470554599,2.5416829051,2.5290677176,2.5017409122,2.4479700186,2.3519672301,2.1987967733,1.9739185535,1.6735110003,1.3030259434,,,,0.9683723947
3960,1.77580000,2.5499997608,2.5499995084,2.5499982423,2.5499930219,2.5499724686,2.5498962872,2.5496367204,2.5488375533,2.5465986676,2.5406357167,2.5268510749,2.4976561232,2.4409585996,2.3415058701,2.1846833406,1.9568240245,1.6550495604,1.2850632997,,,,0.9653809331
4020,1.77276667,2.5499996622,2.5499993213,2.5499976434,2.5499909020,2.5499650891,2.5498720834,2.5495638309,2.5486391318,2.5460907389,2.5394984111,2.5244905560,2.4932785077,2.4337256224,2.3308904510,2.1703862096,1.9398363701,1.6368264539,1.2673935845,,,,0.9623496702
4080,1.76973333,2.5499995276,2.5499990715,2.5499968672,2.5499882320,2.5499560534,2.5498432621,2.5494793257,2.5484147570,2.5455284188,2.5382675318,2.5219841856,2.4887117573,2.4262979055,2.3201325668,2.1560633808,1.9229666324,1.6188471180,1.2500016178,,,,0.9592498593
4140,1.76670000,2.5499993457,2.5499987409,2.5499958693,2.5499848942,2.5499450659,2.5498091525,2.5493818784,2.5481622021,2.5449084977,2.5369398735,2.5193305504,2.4839586967,2.4186837400,2.3092444573,2.1417269189,1.9062199397,1.6011003033,1.2327967517,,,,0.9562755337
4200,1.76366667,2.5499991021,2.5499983070,2.5499945964,2.5499807521,2.5499317934,2.5497690231,2.5492700881,2.5478791939,2.5442278368,2.5355124732,2.5165285913,2.4790221305,2.4108898814,2.2982335403,2.1273789820,1.8895867695,1.5835437645,1.2157199653,,,,0.9533585542
4260,1.76063333,2.5499987787,2.5499977422,2.5499929852,2.5499756481,2.5499158635,2.5497220804,2.5491424808,2.5475634097,2.5434833300,2.5339824565,2.5135772456,2.4739044549,2.4029223352,2.2871077131,2.1130272932,1.8730730602,1.5659397556,1.1989005472,,,,0.9504619573
4320,1.75760000,2.5499983531,2.5499970130,2.5499909607,2.5499694013,2.5498968617,2.5496674674,2.5489975101,2.5472124809,2.5426719217,2.5323471361,2.5104758250,2.4686086255,2.3947877498,2.2758748344,2.0986760642,1.8566622147,1.5485427014,1.1823159559,,,,0.9477392237
4380,1.75456667,2.5499977978,2.5499960786,2.5499884348,2.5499618058,2.5498743295,2.5496042636,2.5488335614,2.5468240047,2.5417906164,2.5306039586,2.5072236831,2.4631370515,2.3864909139,2.2645392375,2.0843257103,1.8400189139,1.5313514451,1.1659063656,,,,0.9449562290
4440,1.75153333,2.5499970791,2.5499948905,2.5499853052,2.5499526286,2.5498477624,2.5495314835,2.5486489517,2.5463955376,2.5408364536,2.5287504764,2.5038203946,2.4574927960,2.3780389992,2.2530725792,2.0699925099,1.8235221529,1.5143978962,1.1496961847,,,,0.9420378935
4500,1.74850000,2.5499961561,2.5499933903,2.5499814529,2.5499416070,2.5498166083,2.5494480776,2.5484419393,2.5459246345,2.5398066427,2.5267847343,2.5002666445,2.4516809332,2.3694418819,2.2412102776,2.0556871505,1.8071728769,1.4976632726,1.1336645426,,,,0.9391917043
4560,1.74546667,2.5499949798,2.5499915094,2.5499767412,2.5499284476,2.5497802666,2.5493529383,2.5482107441,2.5454088906,2.5386986056,2.5247051579,2.4965634399,2.4457060022,2.3607065430,2.2292828884,2.0412922878,1.7909603946,1.4810815592,1.1177751304,,,,0.9364339361
4620,1.74243333,2.5499934915,2.5499891672,2.5499710139,2.5499128241,2.5497380890,2.5492449028,2.5479535490,2.5448458154,2.5375098612,2.5225065494,2.4927115460,2.4395716354,2.3518384282,2.2172953169,2.0266832585,1.7748808316,1.4644990928,1.1020492806,,,,0.9337551472
4680,1.73940000,2.5499916220,2.5499862693,2.5499640936,2.5498943761,2.5496893777,2.5491227518,2.5476684964,2.5442118667,2.5362379995,2.5201083321,2.4887116998,2.4332811716,2.3428422779,2.2052510742,2.0121146272,1.7589261575,1.4481038636,1.0865679716,,,,0.9311530502
4740,1.73636667,2.5499892896,2.5499827069,2.5499557799,2.5498727074,2.5496333849,2.5489852103,2.5473536882,2.5435232638,2.5348806721,2.5175868216,2.4845646310,2.4268379034,2.3337232705,2.1931560284,1.9975915593,1.7431013361,1.4319060594,1.0712376918,,,,0.9285759605
4800,1.73333333,2.5499863993,2.5499783542,2.5499458477,2.5498473836,2.5495693112,2.5488309481,2.5470071922,2.5427775714,2.5334356564,2.5149410737,2.4802715028,2.4202457675,2.3244757635,2.1810158677,1.9831161824,1.7273514486,1.4159008675,1.0560859211,,,,0.9259829114
4860,1.73030000,2.5499828404,2.5499730674,2.5499340452,2.5498179311,2.5494963066,2.5486585852,2.5466270538,2.5419724060,2.5319008732,2.5121703714,2.4758336918,2.4135088316,2.3148336629,2.1688376082,1.9686953636,1.7115061296,1.4000990804,1.0410915103,,,,0.9233108296
4920,1.72726667,2.5499784853,2.5499666824,2.5499200923,2.5497838363,2.5494134707,2.5484666956,2.5462113064,2.5411054578,2.5302744413,2.5092743845,2.4712532381,2.4066323055,2.3050921883,2.1566304081,1.9543367296,1.6958113372,1.3843524217,1.0261636027,,,,0.9207186521
4980,1.72423333,2.5499731877,2.5499590136,2.5499036789,2.5497445441,2.5493198556,2.5482538167,2.5457579925,2.5401745295,2.5285547235,2.5062531403,2.4664521157,2.3996209389,2.2952571795,2.1443975252,1.9400377878,1.6802577457,1.3687317731,1.0114419468,,,,0.9180797913
5040,1.72120000,2.5499667810,2.5499498519,2.5498844638,2.5496994590,2.5492144681,2.5480184542,2.5452651634,2.5391775059,2.5267402052,2.5031067481,2.4614269643,2.3922662703,2.2853361922,2.1321489976,1.9258126721,1.6648644337,1.3533185519,0.9967137646,,,,0.9153023915
5100,1.71816667,2.5499590763,2.5499389631,2.5498620733,2.5496479438,2.5490962715,2.5477590869,2.5447308943,2.5381124064,2.5248296856,2.4998359650,2.4562640697,2.3847682655,2.2753388248,2.1198942714,1.9116661372,1.6496246361,1.3380792695,0.9820877844,,,,0.9125647433
5160,1.71513333,2.5499498610,2.5499260866,2.5498361006,2.5495893217,2.5489641921,2.5474741844,2.5441533185,2.5369774329,2.5228222649,2.4964418436,2.4509670989,2.3771527357,2.2652705061,2.1075716301,1.8973916319,1.6345201845,1.3229796105,0.9676071255,,,,0.9099932432
5220,1.71210000,2.5499388973,2.5499109341,2.5498061049,2.5495228772,2.5488171229,2.5471622084,2.5435306084,2.5357708745,2.5207170651,2.4929251238,2.4455385690,2.3694227541,2.2551321870,2.0949918437,1.8830848305,1.6195324578,1.3079114206,0.9533500758,,,,0.9074764895
5280,1.70906667,2.5499259206,2.5498931880,2.5497716111,2.5494478557,2.5486539209,2.5468215996,2.5428609324,2.5344910031,2.5185130649,2.4892861397,2.4399803550,2.3615812436,2.2449273403,2.0824168713,1.8688581108,1.6044768173,1.2929664730,0.9391037098,,,,0.9048280930
5340,1.70603333,2.5499106380,2.5498725001,2.5497321076,2.5493634615,2.5484734040,2.5464507746,2.5421424650,2.5331361627,2.5162094488,2.4855258067,2.4342957806,2.3536341323,2.2346641590,2.0698560034,1.8547189050,1.5895313741,1.2781864927,0.9249599943,,,,0.9022493429
5400,1.70300000,2.5498927258,2.5498484893,2.5496870456,2.5492688592,2.5482743589,2.5460481505,2.5413734509,2.5317048993,2.5138057704,2.4816455454,2.4284884870,2.3455865550,2.2243471950,2.0573099344,1.8406609341,1.5747182558,1.2635527933,0.9109025490,,,,0.8996393880
5460,1.70040000,2.5498718349,2.5498207761,2.5496360077,2.5491637572,2.5480572203,2.5456163777,2.5405460004,2.5302214530,2.5113487806,2.4777440640,2.4227392745,2.3377338103,2.2144158012,2.0454272244,1.8275522575,1.5611487152,1.2504105065,0.8985971477,,,,0.8971029807
5520,1.69780000,2.5498475867,2.5497889050,2.5495782786,2.5490468631,2.5478195121,2.5451506197,2.5396613411,2.5286625697,2.5087966090,2.4737336894,2.4168845817,2.3298015690,2.2044507121,2.0335718252,1.8145251264,1.5476966822,1.2372971685,,,,,0.8946021112
5580,1.69520000,2.5498195662,2.5497524015,2.5495132174,2.5489172720,2.5475600213,2.5446494287,2.5387213492,2.5270272781,2.5061492157,2.4696157261,2.4109269046,2.3217928134,2.1944547826,2.0217469789,1.8015856299,1.5343746882,1.2243103822,,,,,0.8919917141
5640,1.69260000,2.5497873248,2.5497107572,2.5494401485,2.5487740483,2.5472775176,2.5441113644,2.5377246174,2.5253146968,2.5033468554,2.4653919097,2.4048697712,2.3137125747,2.1844338193,2.0099580041,1.7887368489,1.5211823036,1.2114569524,,,,,0.8893897639
5700,1.69000000,2.5497503792,2.5496634287,2.5493583621,2.5486162285,2.5469707627,2.5435350174,2.5366698376,2.5235241324,2.5004348564,2.4610643183,2.3987169195,2.3055655496,2.1742409322,1.9982071416,1.7759774050,1.5080516983,1.1987192441,,,,,0.8868311783
5760,1.68740000,2.5497082119,2.5496098383,2.5492671159,2.5484428264,2.5466385181,2.5429190183,2.5355557988,2.5216550251,2.4974261597,2.4566349355,2.3924714961,2.2973549161,2.1639512487,1.9864921035,1.7631037402,1.4949276657,1.1860991029,,,,,0.8843020830
5820,1.68480000,2.5496602704,2.5495493740,2.5491656368,2.5482528345,2.5462795449,2.5422620263,2.5343813460,2.5197068485,2.4943213600,2.4521054925,2.3861363005,2.2890840101,2.1536509322,1.9748175343,1.7503121575,1.4819332865,1.1735375420,,,,,0.8816402618
5880,1.68220000,2.5496059676,2.5494813897,2.5490531208,2.5480452247,2.5458926032,2.5415627300,2.5331453985,2.5176792137,2.4911213275,2.4474783295,2.3797154157,2.2807584382,2.1433465791,1.9631900354,1.7376220427,1.4690686146,1.1610560993,,,,,0.8790054713
5940,1.67960000,2.5495446814,2.5494052058,2.5489287355,2.5478189536,2.5454764665,2.5408198809,2.5318470207,2.5155719798,2.4878272886,2.4427561564,2.3732129636,2.2723827219,2.1330411525,1.9513895945,1.7250236497,1.4563104612,1.1486543611,,,,,0.8765295070
6000,1.67700000,2.5494757565,2.5493201111,2.5487916234,2.5475729696,2.5450299305,2.5400322942,2.5304853774,2.5133850670,2.4844402991,2.4379408635,2.3666308656,2.2639568352,2.1227298443,1.9396234923,1.7124965904,1.4436338486,1.1363575127,,,,,0.8742040237
6060,1.67440000,2.5493985050,2.5492253639,2.5486409034,2.5473062100,2.5445517943,2.5391987877,2.5290595794,2.5111181487,2.4809607752,2.4330331693,2.3599695964,2.2554148228,2.1124116887,1.9278981708,1.7000481302,1.4310616651,1.1242098822,,,,,0.8717855736
6120,1.67180000,2.5493122049,2.5491201895,2.5484756651,2.5470175884,2.5440408380,2.5383181549,2.5275686983,2.5087708683,2.4773892802,2.4279786168,2.3532318945,2.2466948275,2.1020929845,1.9162223450,1.6876897045,1.4186122019,1.1121067945,,,,,0.8692207602
6180,1.66920000,2.5492160979,2.5490037785,2.5482949679,2.5467060000,2.5434958451,2.5373892360,2.5260119477,2.5063431972,2.4737270493,2.4227672933,2.3464222302,2.2379376577,2.0917810174,1.9046028819,1.6754256820,1.4061493165,1.1000826840,,,,,0.8667594119
6240,1.66660000,2.5491093917,2.5488752898,2.5480978488,2.5463703375,2.5429156361,2.5364109745,2.5243887481,2.5038354247,2.4699756681,2.4174697234,2.3394497544,2.2291457051,2.0814741025,1.8930304940,1.6632375369,1.3937677622,1.0881551379,,,,,0.8643741252
6300,1.66400000,2.5489912643,2.5487338565,2.5478833298,2.5460094999,2.5422990678,2.5353823755,2.5226985605,2.5012477206,2.4661361839,2.4120875526,2.3323409184,2.2203195236,2.0711720837,1.8815064994,1.6511107659,1.3814944496,1.0763531400,,,,,0.8619359830
6360,1.66140000,2.5488608660,2.5485785865,2.5476504160,2.5456223820,2.5416450047,2.5343024517,2.5209408364,2.4985802300,2.4622097233,2.4066229575,2.3251690337,2.2114630009,2.0608795186,1.8700358120,1.6389189493,1.3693336657,1.0645766529,,,,,0.8593989655
6420,1.65880000,2.5487173176,2.5484085612,2.5473980946,2.5452078766,2.5409523345,2.5331585797,2.5191151559,2.4958333334,2.4581978162,2.4010787197,2.3179379532,2.2025806916,2.0506013428,1.8586234940,1.6268244893,1.3572884171,1.0528602592,,,,,0.8568213386
6480,1.65620000,2.5485597134,2.5482228393,2.5471253416,2.5447648879,2.5402199919,2.5319522271,2.5172212710,2.4930076691,2.4541023453,2.3954580447,2.3106519367,2.1936773105,2.0403419330,1.8472725270,1.6148276836,1.3453512894,1.0412107968,,,,,0.8541855485
6540,1.65360000,2.5483871265,2.5480204628,2.5468311304,2.5442923425,2.5394469731,2.5306907741,2.5152591007,2.4901040741,2.4499253601,2.3897641383,2.3033148519,2.1847564642,2.0301033977,1.8359817162,1.6029208049,1.3335004628,1.0296073219,,,,,0.8517411572
6600,1.65100000,2.5481986139,2.5478004629,2.5465144376,2.5437891959,2.5386323351,2.5293736066,2.5132286528,2.4871233828,2.4456686111,2.3839992188,2.2959282085,2.1758170268,2.0197273810,1.8247380525,1.5910833935,1.3215914719,1.0180478718,,,,,0.8493106334
6660,1.64840000,2.5479932192,2.5475618612,2.5461742424,2.5432544200,2.5377751580,2.5280001059,2.5111298114,2.4840660451,2.4413330395,2.3781642954,2.2884925851,2.1668592968,2.0093265486,1.8133740131,1.5793315398,1.3097874450,1.0065824734,,,,,0.8467714077
6720,1.64580000,2.5477699680,2.5473036643,2.5458095144,2.5426869838,2.5368745173,2.5265696413,2.5089624592,2.4809326357,2.4369201705,2.3722620162,2.2810119481,2.1578887592,1.9989537195,1.8020642116,1.5676682854,1.2980842961,0.9951730095,,,,,0.8442353407
6780,1.64320000,2.5475278665,2.5470248629,2.5454192185,2.5420858718,2.5359295410,2.5250817040,2.5067267174,2.4776903038,2.4324320648,2.3662954102,2.2734897257,2.1489081136,1.9886090506,1.7908152592,1.5560833020,1.2864609773,0.9837969494,,,,,0.8417801994
6840,1.64060000,2.5472659107,2.5467244426,2.5450023293,2.5414501034,2.5349394252,2.5235358831,2.5044227903,2.4743393387,2.4278703925,2.3602664413,2.2659273084,2.1399170926,1.9782896653,1.7796218284,1.5445710596,1.2749169004,0.9724790704,,,,,0.8392934517
6900,1.63800000,2.5469830907,2.5464013873,2.5445578307,2.5407787210,2.5339033941,2.5219317769,2.5020508196,2.4709136167,2.4232365173,2.3541768621,2.2583265931,2.1309177948,1.9679983391,1.7684881271,1.5329945004,1.2634577505,0.9612229337,,,,,0.8369002758
6960,1.63540000,2.5466783887,2.5460546764,2.5440847101,2.5400707813,2.5328206970,2.5202690202,2.4996110047,2.4674140925,2.4185320191,2.3480286641,2.2506892244,2.1219101274,1.9577309672,1.7574034532,1.5214760102,1.2519970556,0.9500806303,,,,,0.8345893771
7020,1.63280000,2.5463507797,2.5456832856,2.5435819607,2.5393253595,2.5316906091,2.5185472602,2.4971034808,2.4638414529,2.4137578003,2.3418225554,2.2430151167,2.1128930196,1.9474863750,1.7463691860,1.5100290315,1.2405765367,0.9389784359,,,,,0.8322199924
7080,1.63020000,2.5459992299,2.5452861837,2.5430485732,2.5385415290,2.5305123939,2.5167661059,2.4945283132,2.4601963430,2.4089149757,2.3355601589,2.2353064094,2.1038559392,1.9372681775,1.7353897915,1.4986594413,1.2292520032,0.9279365329,,,,,0.8297947554
7140,1.62760000,2.5456226931,2.5448623298,2.5424835352,2.5377183721,2.5292853436,2.5149252371,2.4918857236,2.4564797233,2.4040052235,2.3292439490,2.2275662916,2.0946544504,1.9270805841,1.7244696763,1.4873716587,1.2180184948,0.9169097762,,,,,0.8273924247
7200,1.62500000,2.5452201186,2.5444106830,2.5418858473,2.5368550072,2.5280088235,2.5130244633,2.4891761372,2.4526928356,2.3990305280,2.3228765296,2.2197974394,2.0854552772,1.9169230531,1.7136046799,1.4761568219,1.2068585533,0.9059218187,,,,,0.8249780473
7260,1.62380000,2.5447908519,2.5439320662,2.5412614961,2.5359685425,2.5267207575,2.5111531663,2.4865542238,2.4491245985,2.3944230411,2.3171428772,2.2130062437,2.0777377410,1.9087011325,1.7052377508,1.4680606130,1.1994346004,0.8993435537,,,,,0.8225146075
7320,1.62260000,2.5443343348,2.5434247353,2.5406044911,2.5350435976,2.5253876946,2.5092310181,2.4838793680,2.4455063789,2.3897759299,2.3113870778,2.2062159352,2.0700475085,1.9005284356,1.6969366684,1.4600384675,1.1920788978,0.8927559301,,,,,0.8199207434
7380,1.62140000,2.5438496971,2.5428878566,2.5399141105,2.5340796634,2.5240094577,2.5072583026,2.4811523710,2.4418395158,2.3850909529,2.3056112794,2.1994291500,2.0623881290,1.8924102384,1.6886920076,1.4520982566,1.1847890164,0.8861139598,,,,,0.8173352808
7440,1.62020000,2.5433360895,2.5423206203,2.5391896654,2.5330762798,2.5225859441,2.5052354256,2.4783742431,2.4381256978,2.3803703762,2.2998181106,2.1926482984,2.0547606555,1.8843445079,1.6804600663,1.4442250733,1.1774970491,0.8795065262,,,,,0.8147171239
7500,1.61900000,2.5427926945,2.5417222531,2.5384305164,2.5320330542,2.5211171365,2.5031628771,2.4755460174,2.4343664457,2.3756159069,2.2940090677,2.1858742566,2.0471652801,1.8763314552,1.6722971057,1.4364207809,1.1702494673,0.8729066309,,,,,0.8121493647
7560,1.61780000,2.5422187305,2.5410920205,2.5376360676,2.5309496401,2.5196030543,2.5010411539,2.4726686864,2.4305631964,2.3708291707,2.2881855950,2.1791076639,2.0396008503,1.8683667864,1.6641936972,1.4286464268,1.1630334883,0.8663870926,,,,,0.8096121506
7620,1.61660000,2.5416134474,2.5404292205,2.5368057583,2.5298257245,2.5180437348,2.4988707239,2.4697431103,2.4267170542,2.3659643216,2.2823481124,2.1723480632,2.0320662235,1.8604185363,1.6561516427,1.4208994397,1.1558728153,0.8598494625,,,,,0.8069887787
7680,1.61540000,2.5409761176,2.5397331734,2.5359390471,2.5286610021,2.5164391990,2.4966520047,2.4667700838,2.4228291421,2.3610685614,2.2764981216,2.1655937807,2.0245637351,1.8524795892,1.6481738484,1.4132168767,1.1487637978,0.8532972351,,,,,0.8043728016
7740,1.61420000,2.5403060313,2.5390032184,2.5350354143,2.5274551965,2.5147895126,2.4943854988,2.4637505680,2.4189008756,2.3561447157,2.2706375051,2.1587850753,2.0170943211,1.8445922642,1.6402562728,1.4055901722,1.1416880176,0.8468151629,,,,,0.8018488135
7800,1.61300000,2.5396025087,2.5382387274,2.5340943805,2.5262080825,2.5130915972,2.4920717718,2.4606855466,2.4149335463,2.3511940685,2.2647669548,2.1519873116,2.0096549299,1.8367502653,1.6323895593,1.3980091479,1.1346479716,0.8403796571,,,,,0.7992858145
7860,1.61180000,2.5388649046,2.5374391070,2.5331154999,2.5249194578,2.5113419339,2.4897112979,2.4575757650,2.4109279966,2.3462172680,2.2588866475,2.1452002535,2.0022455613,1.8289550785,1.6245781962,1.3904817469,1.1276536948,0.8339829642,,,,,0.7968142923
7920,1.61060000,2.5380925929,2.5366037812,2.5320983366,2.5235891160,2.5095470977,2.4873045104,2.4544219543,2.4068851717,2.3412152836,2.2529972333,2.1384236307,1.9948638686,1.8212004786,1.6168103296,1.3829914338,1.1206896007,0.8276787476,,,,,0.7943842154
7980,1.60940000,2.5372849620,2.5357321879,2.5310424666,2.5222168550,2.5077071754,2.4848517834,2.4512246805,2.4028056327,2.3361883505,2.2470626271,2.1316564388,1.9875091493,1.8134882745,1.6090941879,1.3755576779,1.1137945624,0.8213195041,,,,,0.7918391309
8040,1.60820000,2.5364414079,2.5348237699,2.5299474629,2.5208024546,2.5058222159,2.4823534510,2.4479845467,2.3986902653,2.3311377078,2.2410981411,2.1249014719,1.9801854595,1.8058234338,1.6014342699,1.3681823961,1.1069495401,0.8149805661,,,,,0.7893201628
8100,1.60700000,2.5355613383,2.5338779841,2.5288129202,2.5193457374,2.5038923594,2.4798100344,2.4447024877,2.3945404310,2.3260650479,2.2351283743,2.1181600163,1.9728927786,1.7982037206,1.5938261351,1.3608601355,1.1001481905,0.8086525367,,,,,0.7867812132
8160,1.60580000,2.5346442018,2.5328943318,2.5276384882,2.5178465967,2.5019178301,2.4772221301,2.4413794536,2.3903573627,2.3209717372,2.2291546894,2.1114334774,1.9656329670,1.7906321903,1.5862746047,1.3535945857,1.0933478947,0.8023763984,,,,,0.7843168811
8220,1.60460000,2.5336894959,2.5318723645,2.5264238699,2.5163049817,2.4998989107,2.4745903974,2.4380164701,2.3861423807,2.3158591561,2.2231780086,2.1047212920,1.9584022462,1.7830995162,1.5787627920,1.3463613439,1.0865654465,0.7961917456,,,,,0.7818954186
8280,1.60340000,2.5326967661,2.5308116819,2.5251688144,2.5147208757,2.4978358772,2.4719153789,2.4346142107,2.3818960172,2.3107272846,2.2171973738,2.0980216277,1.9511990614,1.7756071396,1.5712990412,1.3391789033,1.0798409810,0.7900081379,,,,,0.7794726240
8340,1.60220000,2.5316655782,2.5297118986,2.5238730683,2.5130942254,2.4957289190,2.4691974891,2.4311732590,2.3776189825,2.3055769465,2.2112137890,2.0913357500,1.9440248011,1.7681558741,1.5638823782,1.3320451093,1.0731676244,0.7837721281,,,,,0.7769561834
8400,1.60100000,2.5305955035,2.5285726341,2.5225363831,2.5114249893,2.4935782613,2.4664372342,2.4276943829,2.3733122795,2.3004093468,2.2052287225,2.0846657207,1.9368829155,1.7607517809,1.5565226892,1.3249733325,1.0665468743,0.7775383212,,,,,0.7744469240
8460,1.59980000,2.5294861400,2.5273935375,2.5211585493,2.5097131843,2.4913842281,2.4636352972,2.4241786601,2.3689774238,2.2952264117,2.1992443270,2.0780133461,1.9297735831,1.7533911320,1.5492095678,1.3179434846,1.0599455300,,,,,,0.7720058270
8520,1.59860000,2.5283371437,2.5261743194,2.5197394301,2.5079589169,2.4891472435,2.4607924319,2.4206271034,2.3646154931,2.2900289028,2.1932604994,2.0713771078,1.9226936662,1.7460696793,1.5419390497,1.3109521839,1.0533743960,,,,,,0.7696326147
8580,1.59740000,2.5271482253,2.5249147431,2.5182789296,2.5061623038,2.4868676773,2.4579092210,2.4170403893,2.3602270510,2.2848169700,2.1872766241,2.0647552951,1.9156401311,1.7387830199,1.5347056991,1.3039890742,1.0468426157,,,,,,0.7672484217
8640,1.59620000,2.5259191125,2.5236145820,2.5167769440,2.5043234198,2.4845458029,2.4549860799,2.4134189556,2.3558123980,2.2795906252,2.1812924400,2.0581478075,1.9086141334,1.7315353645,1.5275188064,1.2970353088,1.0403702654,,,,,,0.7648275019
8700,1.59500000,2.5246495237,2.5222735973,2.5152333482,2.5024423084,2.4821818685,2.4520234573,2.4097634432,2.3513724091,2.2743510794,2.1753096884,2.0515571313,1.9016189168,1.7243301418,1.5203808216,1.2901339638,1.0339427454,,,,,,0.7623525314
8760,1.59380000,2.5233391895,2.5208915657,2.5136480457,2.5005190727,2.4797762416,2.4490220175,2.4060748267,2.3469083763,2.2690998949,2.1693301021,2.0449850161,1.8946560570,1.7171685124,1.5132613255,1.2832840310,1.0275496645,,,,,,0.7598885743
8820,1.59260000,2.5219878961,2.5194683238,2.5120210118,2.4985539067,2.4773294030,2.4459825509,2.4023541902,2.3424216164,2.2638384685,2.1633548983,2.0384321078,1.8877250800,1.7100481342,1.5061642479,1.2764756544,1.0211460313,,,,,,0.7574451505
8880,1.59140000,2.5205954989,2.5180037782,2.5103522925,2.4965470703,2.4748418778,2.4429058344,2.3986024818,2.3379130793,2.2585674616,2.1573840589,2.0318972896,1.8808234719,1.7029651183,1.4991079803,1.2697036425,1.0147623204,,,,,,0.7550659831
8940,1.59020000,2.5191619033,2.5164978812,2.5086419655,2.4944988250,2.4723141362,2.4397924977,2.3948203796,2.3333833237,2.2532871201,2.1514173979,2.0253800641,1.8739509552,1.6959204587,1.4920960835,1.2629762561,1.0084273592,,,,,,0.7525975285
9000,1.58900000,2.5176870296,2.5149505954,2.5068901054,2.4924094079,2.4697466040,2.4366431297,2.3909811880,2.3288331600,2.2479983949,2.1454561770,2.0188823154,1.8671103309,1.6889176325,1.4851310111,1.2562918184,1.0021153366,,,,,,0.7502554898
9060,1.58776667,2.5161707794,2.5133617548,2.5050963133,2.4902779538,2.4671372467,2.4334542496,2.3871050457,2.3242531365,2.2426864637,2.1394784565,2.0123728713,1.8601979932,1.6818973235,1.4781336239,1.2495524036,0.9957320049,,,,,,0.7480797530
9120,1.58653333,2.5146130887,2.5117314399,2.5032611056,2.4881057388,2.4644888274,2.4302302841,2.3832000545,2.3196531290,2.2373653598,2.1335032023,2.0058767117,1.8533084053,1.6749054493,1.4711694212,1.2428504907,0.9894251796,,,,,,0.7457522150
9180,1.58530000,2.5130139064,2.5100596289,2.5013845334,2.4858929013,2.4618015476,2.4269714161,2.3792663092,2.3150331387,2.2320352567,2.1275314465,1.9993969493,1.8464484477,1.6679535149,1.4642542500,1.2362053311,0.9831703258,,,,,,0.7433626967
9240,1.58406667,2.5113731311,2.5083462510,2.4994666081,2.4836395793,2.4590757189,2.4236781794,2.3753046660,2.3103944770,2.2266980607,2.1215656308,1.9929359898,1.8396190299,1.6610385602,1.4573791586,1.2296006205,0.9769352483,,,,,,0.7409978406
9300,1.58283333,2.5096907025,2.5065912870,2.4975074237,2.4813460447,2.4563118454,2.4203513175,2.3713160790,2.3057381711,2.2213546758,2.1156063107,1.9864939920,1.8328203010,1.6541196634,1.4505481771,1.2230401502,0.9707282674,,,,,,0.7387060115
9360,1.58160000,2.5079666385,2.5047947957,2.4955071491,2.4790126314,2.4535104621,2.4169915545,2.3673014263,2.3010651464,2.2160059212,2.1096538971,1.9800703875,1.8260497052,1.6472201438,1.4437509767,1.2165085720,0.9645502516,,,,,,0.7363973187
9420,1.58036667,2.5062010127,2.5029568885,2.4934659953,2.4766396924,2.4506720749,2.4135994887,2.3632612869,2.2963757535,2.2106517141,2.1037077730,1.9736642903,1.8193070080,1.6403562646,1.4369938632,1.2100174951,0.9583816884,,,,,,0.7341142590
9480,1.57913333,2.5043939139,2.5010776854,2.4913841641,2.4742275418,2.4477971175,2.4101756375,2.3591962239,2.2916705457,2.2052925736,2.0977683518,1.9672757516,1.8125911945,1.6335246122,1.4302690724,1.2035543049,0.9522270643,,,,,,0.7319050128
9540,1.57790000,2.5025454315,2.4991573065,2.4892618547,2.4717764892,2.4448860144,2.4067204867,2.3551066901,2.2869497580,2.1999282892,2.0918347313,1.9609030628,1.8058999844,1.6267231764,1.4235764375,1.1971123568,0.9461162910,,,,,,0.7296989895
9600,1.57666667,2.5006556505,2.4971958623,2.4870992425,2.4692867929,2.4419390957,2.4032343761,2.3509929592,2.2822135012,2.1945587817,2.0859067265,1.9545462106,1.7992340363,1.6199540516,1.4169207100,1.1906804260,0.9400594448,,,,,,0.7274138307
9660,1.57543333,2.4987246327,2.4951934380,2.4848964732,2.4667586809,2.4389566814,2.3997177030,2.3468555181,2.2774624071,2.1891850239,2.0799860281,1.9482081899,1.7925982878,1.6132243426,1.4103101641,1.1842968097,0.9340260802,,,,,,0.7251868290
9720,1.57420000,2.4967524500,2.4931501349,2.4826537293,2.4641924648,2.4359392619,2.3961711732,2.3426953344,2.2726976996,2.1838083692,2.0740736598,1.9418886612,1.7859892139,1.6065251324,1.4037293016,1.1779396155,0.9280185344,,,,,,0.7229206305
9780,1.57296667,2.4947392476,2.4910661320,2.4803712788,2.4615885400,2.4328873702,2.3925953974,2.3385129735,2.2679196792,2.1784286479,2.0681689906,1.9355871652,1.7794082972,1.5998630187,1.3971936196,1.1716349571,0.9220549766,,,,,,0.7205855112
9840,1.57173333,2.4926852093,2.4889416387,2.4780493989,2.4589472801,2.4298014947,2.3889909836,2.3343092164,2.2631294278,2.1730475140,2.0622745803,1.9293073320,1.7728597061,1.5932408650,1.3907007912,1.1653689114,0.9160961354,,,,,,0.7183396814
9900,1.57050000,2.4905905576,2.4867769108,2.4756884369,2.4562691771,2.4266823233,2.3853588355,2.3300851743,2.2583281424,2.1676659452,2.0563905646,1.9230474598,1.7663386045,1.5866496421,1.3842374540,1.1591244591,0.9101597088,,,,,,0.7161064069
9960,1.56926667,2.4884555995,2.4845722868,2.4732888132,2.4535547622,2.4235304882,2.3816995977,2.3258413441,2.2535159113,2.1622833430,2.0505154999,1.9168054649,1.7598430882,1.5800890478,1.3778060968,1.1529084416,0.9042312661,,,,,,0.7139666696
10020,1.56803333,2.4862806478,2.4823280983,2.4708509049,2.4508044610,2.4203464366,2.3780136654,2.3215779815,2.2486927460,2.1568993894,2.0446486325,1.9105799450,1.7533705990,1.5735544959,1.3713587758,1.1467124847,0.8983256408,,,,,,0.7118477861
10080,1.56680000,2.4840659638,2.4800446203,2.4683750176,2.4480186068,2.4171304965,2.3743012777,2.3172951245,2.2438583330,2.1515132969,2.0387886994,1.9043504379,1.7469203917,1.5670475218,1.3649373299,1.1405536280,0.8924750458,,,,,,0.7096817801
10140,1.56556667,2.4818117406,2.4777220549,2.4658613732,2.4451974358,2.4138828992,2.3705626273,2.3129929330,2.2390128813,2.1461255831,2.0329369952,1.8981057403,1.7404971760,1.5605747410,1.3585547193,1.1344365926,0.8866483877,,,,,,0.7075528805
10200,1.56433333,2.4795181330,2.4753605729,2.4633101866,2.4423412325,2.4106040329,2.3667982356,2.3086721112,2.2341572957,2.1407372722,2.0270943094,1.8918792967,1.7340982061,1.5541293659,1.3521999251,1.1283468885,0.8808568971,,,,,,0.7053959751
10260,1.56310000,2.4771853450,2.4729604001,2.4607217408,2.4394503604,2.4072943430,2.3630085826,2.3043330877,2.2292918217,2.1353483417,2.0212604869,1.8856714542,1.7277258341,1.5477180750,1.3458862879,1.1223037643,0.8750923304,,,,,,0.7031702091
10320,1.56186667,2.4748136163,2.4705217934,2.4580963386,2.4365251881,2.4039542833,2.3591942206,2.2999765673,2.2244174086,2.1299601243,2.0154372979,1.8794841401,1.7213812187,1.5413395500,1.3396077536,1.1162932965,0.8693396964,,,,,,0.7010002005
10380,1.56063333,2.4724032342,2.4680450636,2.4554343546,2.4335661878,2.4005844507,2.3553558647,2.2956033514,2.2195348495,2.1245732535,2.0096250337,1.8733171698,1.7150638062,1.5349931981,1.3333635443,1.1103112554,0.8636041163,,,,,,0.6988811521
10440,1.55940000,2.4699545563,2.4655305896,2.4527362235,2.4305738717,2.3971854376,2.3514941473,2.2912140382,2.2146445619,2.1191877200,2.0038228515,1.8671682244,1.7087690362,1.5286716299,1.3271436682,1.1043249233,0.8579043441,,,,,,0.6967372232
10500,1.55816667,2.4674679647,2.4629787668,2.4500023713,2.4275486922,2.3937576860,2.3476094122,2.2868087573,2.2097308236,2.1138030363,1.9980303637,1.8610380890,1.7025009234,1.5223848619,1.3209664783,1.0983733195,0.8522038385,,,,,,0.6944808618
10560,1.55693333,2.4649437990,2.4603899430,2.4472331665,2.4244910467,2.3903016408,2.3437021885,2.2823882428,2.2047890185,2.1084211083,1.9922505116,1.8549306513,1.6962633436,1.5161342926,1.3148269749,1.0924536909,0.8464962526,,,,,,0.6923448007
10620,1.55570000,2.4623824269,2.4577645092,2.4444290663,2.4213947089,2.3868180265,2.3397733810,2.2779535655,2.1998417813,2.1030427326,1.9864831241,1.8488437295,1.6900508442,1.5099099350,1.3087099566,1.0865436325,0.8408156184,,,,,,0.6903350380
10680,1.55446667,2.4597843181,2.4551029549,2.4415906097,2.4182622217,2.3833074610,2.3358235138,2.2735049422,2.1948886802,2.0976663649,1.9807250499,1.8427721974,1.6838564307,1.5037037988,1.3026082869,1.0806445644,0.8351973946,,,,,,0.6884053030
10740,1.55323333,2.4571499120,2.4524057173,2.4387182172,2.4150986274,2.3797701522,2.3318524994,2.2690418182,2.1899285471,2.0922902261,1.9749742089,1.8367144827,1.6776804475,1.4975199700,1.2965317889,1.0747792286,0.8296426112,,,,,,0.6864061184
10800,1.55200000,2.4544794790,2.4496730542,2.4358121068,2.4119040701,2.3762061212,2.3278602106,2.2645639567,2.1849611749,2.0869144427,1.9691882993,1.8306726723,1.6715263569,1.4913356355,1.2904852324,1.0689522574,0.8241080606,,,,,,0.6843769031
10860,1.55060000,2.4517728772,2.4469038693,2.4328682878,2.4086679729,2.3725967846,2.3238174005,2.2600245764,2.1799175346,2.0814489189,1.9632812859,1.8244858070,1.6651915073,1.4849101006,1.2841725110,1.0628070768,0.8181788514,,,,,,0.6823848781
10920,1.54920000,2.4490299775,2.4440989621,2.4298903820,2.4054004185,2.3689601061,2.3197525828,2.2554696559,2.1748658542,2.0759829540,1.9573821906,1.8183139024,1.6588281590,1.4785106311,1.2778904671,1.0566984175,0.8122609350,,,,,,0.6803480318
10980,1.54780000,2.4462509782,2.4412585408,2.4268786227,2.4021016796,2.3652963966,2.3156661071,2.2508996038,2.1698066575,2.0704784531,1.9514923439,1.8121592873,1.6524900545,1.4721433822,1.2716473881,1.0506344439,0.8063460496,,,,,,0.6782748123
11040,1.54640000,2.4434361265,2.4383828664,2.4238333118,2.3987721329,2.3616061435,2.3115586260,2.2463153281,2.1647412132,2.0649679171,1.9456139713,1.8060244613,1.6461793425,1.4658089116,1.2654396819,1.0446012685,0.8004378586,,,,,,0.6762844311
11100,1.54500000,2.4405857834,2.4354723232,2.4207548987,2.3954123387,2.3578900479,2.3074309931,2.2417177991,2.1596704663,2.0594605098,1.9397467445,1.7999073230,1.6398911920,1.4594989491,1.2592411728,1.0385846703,0.7945712246,,,,,,0.6743095213
11160,1.54360000,2.4377004280,2.4325274052,2.4176439142,2.3920228708,2.3541486853,2.3032836954,2.2371072589,2.1545942054,2.0539553714,1.9338891363,1.7938060904,1.6336246500,1.4532152072,1.2530412385,1.0326009282,0.7887359751,,,,,,0.6723079267
11220,1.54220000,2.4347805232,2.4295485752,2.4145008153,2.3886041669,2.3503824369,2.2991170268,2.2324839195,2.1495126414,2.0484529335,1.9280421999,1.7877229761,1.6273835904,1.4469633097,1.2468782965,1.0266222763,0.7829103861,,,,,,0.6701981404
11280,1.54080000,2.4318264796,2.4265362487,2.4113260331,2.3851566907,2.3465918197,2.2949316016,2.2278485784,2.1444268656,2.0429547033,1.9222079205,1.7816603117,1.6211701326,1.4407438057,1.2407490959,1.0206632305,0.7770499477,,,,,,0.6682320488
11340,1.53940000,2.4288387607,2.4234909063,2.4081200961,2.3816810533,2.3427775468,2.2907282377,2.2232021120,2.1393376532,2.0374609971,1.9163855034,1.7756152292,1.6149781877,1.4345466118,1.2346401285,1.0147162081,0.7712457997,,,,,,0.6662868116
11400,1.53800000,2.4258179109,2.4204131011,2.4048835754,2.3781778358,2.3389401514,2.2865073169,2.2185445889,2.1342445799,2.0319708068,1.9105735700,1.7695867477,1.6088085849,1.4283761160,1.2285598696,1.0087978321,0.7654566952,,,,,,0.6643801940
11460,1.53660000,2.4227644207,2.4173033179,2.4016169364,2.3746474652,2.3350799869,2.2822690919,2.2138761542,2.1291476885,2.0264840491,1.9047717301,1.7635736304,1.6026581795,1.4222259191,1.2224986284,1.0028998383,0.7597257247,,,,,,0.6624431412
11520,1.53520000,2.4196787007,2.4141619627,2.3983205687,2.3710902959,2.3311973277,2.2780136998,2.2091967392,2.1240466635,2.0210002572,1.8989798075,1.7575770502,1.5965313546,1.4161061193,1.2164749216,0.9970498228,0.7539830000,,,,,,0.6604121573
11580,1.53380000,2.4165610898,2.4109893708,2.3949947995,2.3675066520,2.3272925126,2.2737415593,2.2045069975,2.1189426330,2.0155213321,1.8932006632,1.7516005406,1.5904310135,1.4100162845,1.2104811146,0.9912215706,0.7482322765,,,,,,0.6584720051
11640,1.53240000,2.4134119703,2.4077859401,2.3916400725,2.3638970611,2.3233661825,2.2694534341,2.1998077570,2.1138362754,2.0100473344,1.8874329365,1.7456402524,1.5843498098,1.4039456024,1.2045049511,0.9854056670,0.7425080546,,,,,,0.6565332293
11700,1.53100000,2.4102318270,2.4045521606,2.3882568853,2.3602620126,2.3194187522,2.2651495564,2.1950989147,2.1087270285,2.0045772966,1.8816757535,1.7396966341,1.5782916490,1.3979041456,1.1985640626,0.9796305274,0.7367733668,,,,,,0.6545236021
11760,1.52960000,2.4070210887,2.4012884539,2.3848456393,2.3566018795,2.3154505665,2.2608302868,2.1903809774,2.1036157598,1.9991127140,1.8759313789,1.7337723894,1.5722584010,1.3918903972,1.1926498888,0.9738738213,0.7310616468,,,,,,0.6526353566
11820,1.52820000,2.4037801819,2.3979952556,2.3814067969,2.3529171756,2.3114622036,2.2564819881,2.1856545855,2.0985029261,1.9936534818,1.8701985251,1.7278642449,1.5662440069,1.3858951464,1.1867505746,0.9681241227,0.7254335993,,,,,,0.6508616471
11880,1.52680000,2.4005095910,2.3946730502,2.3779408379,2.3492083521,2.3074540161,2.2521059138,2.1809194758,2.0933876340,1.9881978597,1.8644745382,1.7219689281,1.5602455141,1.3799176163,1.1808705857,0.9623765006,0.7198490004,,,,,,0.6489884224
11940,1.52540000,2.3972097012,2.3913222046,2.3744480715,2.3454756135,2.3034260393,2.2477150359,2.1761752709,2.0882694645,1.9827458008,1.8587605262,1.7160898616,1.5542700203,1.3739694952,1.1750264328,0.9566638543,0.7141984145,,,,,,0.6470651594
12000,1.52400000,2.3938807623,2.3879429611,2.3709287255,2.3417191853,2.2993785394,2.2433097634,2.1714226974,2.0831496754,1.9772992451,1.8530589811,1.7102293628,1.5483179534,1.3680466913,1.1692069875,0.9509685881,0.7085734722,,,,,,0.6452175578
12060,1.52260000,2.3905230962,2.3845356566,2.3673831798,2.3379395243,2.2953120650,2.2388907244,2.1666623571,2.0780285955,1.9718577900,1.8473680941,1.7043711251,1.5423825436,1.3621001730,1.1633797298,0.9452812510,0.7030324938,,,,,,0.6434974708
12120,1.52120000,2.3871371227,2.3811007100,2.3638118435,2.3341369997,2.2912268678,2.2344579309,2.1618938319,2.0729051695,1.9664195881,1.8416852739,1.6984892993,1.5364617268,1.3561663414,1.1575525116,0.9396242885,0.6975307274,,,,,,0.6416853571
12180,1.51980000,2.3837231543,2.3776384121,2.3602149437,2.3303117265,2.2871228919,2.2300111248,2.1571166897,2.0677789607,1.9609845926,1.8360115642,1.6926228757,1.5305619706,1.3502605456,1.1517610168,0.9340169388,0.6919464151,,,,,,0.6397655959
12240,1.51840000,2.3802813674,2.3741489315,2.3565926323,2.3264638530,2.2830003285,2.2255506526,2.1523316341,2.0626513173,1.9555551225,1.8303505022,1.6867765756,1.5246886307,1.3443875205,1.1460078729,0.9284448931,0.6863355857,,,,,,0.6378349773
12300,1.51700000,2.3768120334,2.3706325604,2.3529452659,2.3225938645,2.2788598669,2.2210775002,2.1475400256,2.0575239943,1.9501332119,1.8247040737,1.6809517369,1.5188415447,1.3385446070,1.1402859545,0.9228895703,0.6807518081,,,,,,0.6359640149
12360,1.51560000,2.3733156753,2.3670898478,2.3492734659,2.3187024993,2.2747023793,2.2165926580,2.1427428774,2.0523978314,1.9447191943,1.8190716432,1.6751462213,1.5130166805,1.3327258075,1.1345865681,0.9173460817,0.6751989276,,,,,,0.6340957555
12420,1.51420000,2.3697929773,2.3635214851,2.3455779387,2.3147904704,2.2705285366,2.2120966714,2.1379404728,2.0472726960,1.9393123949,1.8134519820,1.6693584237,1.5071786590,1.3269297516,1.1289075331,0.9118156000,0.6696470857,,,,,,0.6322862298
12480,1.51280000,2.3662445942,2.3599281169,2.3418592958,2.3108583245,2.2663387643,2.2075897777,2.1331327652,2.0421481364,1.9339117856,1.8078432377,1.6635853300,1.5013460748,1.3211503850,1.1232428663,0.9062878748,0.6641604815,,,,,,0.6304966510
12540,1.51140000,2.3626710504,2.3563102479,2.3381179823,2.3069063960,2.2621332142,2.2030718721,2.1283193293,2.0370234264,1.9285165484,1.8022450603,1.6578281072,1.4955343439,1.3153960724,1.1176058647,0.9007665201,0.6586530302,,,,,,0.6286756988
12600,1.51000000,2.3590727002,2.3526682155,2.3343542907,2.3029349169,2.2579120605,2.1985431200,2.1235004198,2.0318990383,1.9231274341,1.7966582869,1.6520869325,1.4897414309,1.3096603038,1.1119843535,0.8952564094,0.6532290972,,,,,,0.6269912582
12660,1.50890000,2.3554505927,2.3490053428,2.3305783201,2.2989687334,2.2537173380,2.1940734903,2.1187740003,2.0269138433,1.9179304325,1.7913212858,1.6466667037,1.4843422433,1.3043912453,1.1069125425,0.8904062137,0.6486100756,,,,,,0.6252817305
12720,1.50780000,2.3518057429,2.3453203966,2.3267821288,2.2949852666,2.2495093124,2.1895952514,2.1140440820,2.0219304331,1.9127402971,1.7859957286,1.6412622261,1.4789624076,1.2991444953,1.1018671558,0.8855956088,0.6439154524,,,,,,0.6234532203
12780,1.50670000,2.3481383643,2.3416135765,2.3229658796,2.2909846306,2.2452880553,2.1851084825,2.1093108641,2.0169493273,1.9075581453,1.7806836337,1.6358765916,1.4736058733,1.2939239581,1.0968502140,0.8808071096,0.6392323660,,,,,,0.6216877604
12840,1.50560000,2.3444486839,2.3378851143,2.3191298223,2.2869671206,2.2410539410,2.1806136792,2.1045749741,2.0119711965,1.9023843920,1.7753845181,1.6305073115,1.4682667763,1.2887194144,1.0918466924,0.8760226449,0.6346405255,,,,,,0.6199983864
12900,1.50450000,2.3407370434,2.3341353531,2.3152742997,2.2829330618,2.2368072216,2.1761109185,2.0998361479,2.0069952355,1.8972175501,1.7700963074,1.6251523171,1.4629444011,1.2835335800,1.0868638157,0.8712657276,0.6300862475,,,,,,0.6183358157
12960,1.50340000,2.3370037419,2.3303645738,2.3113995389,2.2788825886,2.2325478987,2.1716000526,2.0950941186,2.0020211775,1.8920575771,1.7648194948,1.6198129746,1.4576412919,1.2783703239,1.0819074767,0.8665464122,0.6254287171,,,,,,0.6165413839
13020,1.50230000,2.3332489856,2.3265729729,2.3075057126,2.2748158491,2.2282761137,2.1670812767,2.0903492517,1.9970497637,1.8869058999,1.7595566281,1.6144935077,1.4523638778,1.2732383664,1.0769773800,0.8618622775,0.6207155188,,,,,,0.6147004228
13080,1.50120000,2.3294730385,2.3227608260,2.3035931357,2.2707332481,2.2239924330,2.1625554278,2.0856027793,1.9920827201,1.8817646944,1.7543074159,1.6091953290,1.4471109954,1.2681313632,1.0720496391,0.8571748235,0.6161359227,,,,,,0.6130062642
13140,1.50010000,2.3256763952,2.3189286497,2.2996623854,2.2666354558,2.2196976170,2.1580232906,2.0808553174,1.9871200978,1.8766328028,1.7490399419,1.6039121762,1.4418729014,1.2630368897,1.0671302857,0.8524930082,0.6115802314,,,,,,0.6113193620
13200,1.49900000,2.3218596570,2.3150770329,2.2957140051,2.2625229055,2.2153918731,2.1534846874,2.0761061277,1.9821605086,1.8715083790,1.7437842140,1.5986443440,1.4366541509,1.2579662754,1.0622389733,0.8478294619,,,,,,,0.6095261661
13260,1.49790000,2.3180232242,2.3112063474,2.2917482893,2.2583957785,2.2110752665,2.1489396392,2.0713553644,1.9772045522,1.8663928407,1.7385427261,1.5933952247,1.4314579844,1.2529202950,1.0573720777,0.8431719740,,,,,,,0.6078177242
13320,1.49680000,2.3141674188,2.3073169164,2.2877655696,2.2542544378,2.2067482236,2.1443886730,2.0666036586,1.9722528788,1.8612866187,1.7333152529,1.5881633303,1.4262809825,1.2478893161,1.0525215151,0.8385240269,,,,,,,0.6061317026
13380,1.49570000,2.3102926551,2.3034091556,2.2837662628,2.2500992913,2.2024111054,2.1398320331,2.0618510200,1.9673050975,1.8561887390,1.7281000824,1.5829461815,1.4211200099,1.2428471575,1.0476837426,0.8338898271,,,,,,,0.6045259311
13440,1.49460000,2.3063993265,2.2994834424,2.2797506970,2.2459305734,2.1980639902,2.1352695668,2.0570969802,1.9623603457,1.8510979075,1.7228955364,1.5777419517,1.4159736296,1.2378208191,1.0428634015,0.8292876520,,,,,,,0.6028513793
13500,1.49350000,2.3024876810,2.2955400008,2.2757190287,2.2417483305,2.1937067802,2.1307010326,2.0523405683,1.9574184396,1.8460144919,1.7177032228,1.5725544070,1.4108485712,1.2328200321,1.0380720563,0.8247155162,,,,,,,0.6011952359
13560,1.49240000,2.2985578663,2.2915789735,2.2716713933,2.2375527118,2.1893396881,2.1261267987,2.0475579133,1.9524803169,1.8409395890,1.7125238398,1.5673827330,1.4057409687,1.2278368826,1.0332990112,0.8201613780,,,,,,,0.5994979720
13620,1.49130000,2.2946101325,2.2876006177,2.2676080666,2.2333440192,2.1849630290,2.1215471618,2.0427745091,1.9475461439,1.8358734772,1.7073583513,1.5622297613,1.4006572683,1.2228831478,1.0285601386,0.8156360953,,,,,,,0.5977412589
13680,1.49020000,2.2906448140,2.2836052723,2.2635294050,2.2291226554,2.1805772996,2.1169627993,2.0379913206,1.9426172487,1.8308177298,1.7022079831,1.5570949981,1.3955929485,1.2179474348,1.0238343196,0.8111037003,,,,,,,0.5961068769
13740,1.48910000,2.2866623943,2.2795934318,2.2594359293,2.2248891707,2.1761830418,2.1123741428,2.0332084711,1.9376931400,1.8257709071,1.6970701751,1.5519751368,1.3905453177,1.2130302108,1.0191277042,0.8065973765,,,,,,,0.5943985039
13800,1.48800000,2.2826633700,2.2755655757,2.2553280676,2.2206438973,2.1717804421,2.1077812054,2.0284258366,1.9327737435,1.8207333912,1.6919464438,1.5468736928,1.3855206495,1.2081403562,1.0144506612,0.8021176217,,,,,,,0.5926502864
13860,1.48690000,2.2786481401,2.2715220969,2.2512062019,2.2163872235,2.1673699409,2.1031845748,2.0236442784,1.9278603191,1.8157015509,1.6868385894,1.5417918545,1.3805181137,1.2032729368,1.0097922907,0.7976265805,,,,,,,0.5909553538
13920,1.48580000,2.2746172016,2.2674635035,2.2470708715,2.2121197389,2.1629521748,2.0985848935,2.0188643256,1.9229530408,1.8106546680,1.6817447613,1.5367259339,1.3755316749,1.1984192930,1.0051407183,0.7931150349,,,,,,,0.5893924974
13980,1.48470000,2.2705711217,2.2633903522,2.2429225960,2.2078418753,2.1585273977,2.0939820941,2.0140853879,1.9180505414,1.8056160266,1.6766613069,1.5316710912,1.3705558011,1.1935744729,1.0004947497,0.7886283304,,,,,,,0.5878383062
14040,1.48360000,2.2665102750,2.2593029787,2.2387615970,2.2035536503,2.1540953263,2.0893755075,2.0093063809,1.9131514340,1.8005842956,1.6715876980,1.5266287101,1.3655950815,1.1887471142,0.9958686221,0.7841777293,,,,,,,0.5862847458
14100,1.48250000,2.2624347318,2.2552014234,2.2345878362,2.1992549189,2.1496557188,2.0847648675,2.0045271448,1.9082453277,1.7955599636,1.6665246616,1.5215991921,1.3606484622,1.1839335641,0.9912328902,0.7797493304,,,,,,,0.5847555431
14160,1.48140000,2.2583444779,2.2510856662,2.2304012794,2.1949456307,2.1452085060,2.0801500823,1.9997475469,1.9033247410,1.7905427790,1.6614720465,1.5165610095,1.3556919697,1.1791388686,0.9866180477,0.7753568803,,,,,,,0.5831633556
14220,1.48030000,2.2542395194,2.2469557100,2.2262019232,2.1906257829,2.1407537071,2.0755312527,1.9949678789,1.8984083108,1.7855340405,1.6564320541,1.5115305156,1.3507516276,1.1743672651,0.9820302453,0.7709823909,,,,,,,0.5815874189
14280,1.47920000,2.2501199594,2.2428116705,2.2219899228,2.1862956122,2.1362916872,2.0709089266,1.9901888963,1.8934969482,1.7805346063,1.6514050580,1.5065160766,1.3458292134,1.1696151042,0.9774649395,0.7666281160,,,,,,,0.5799251180
14340,1.47810000,2.2459860906,2.2386538515,2.2177656119,2.1819554960,2.1318228649,2.0662835543,1.9854110785,1.8885912236,1.7755453737,1.6463928324,1.5015212905,1.3409314893,1.1648932285,0.9729348475,0.7622912287,,,,,,,0.5782053087
14400,1.47700000,2.2418383341,2.2344826859,2.2135294611,2.1776059879,2.1273479396,2.0616560822,1.9806357361,1.8836928966,1.7705684658,1.6413973693,1.4965468516,1.3360557589,1.1601922885,0.9684186151,0.7579355121,,,,,,,0.5766305544
14460,1.47600000,2.2376747586,2.2302972712,2.2092835729,2.1732553361,2.1228822071,2.0570523949,1.9759012804,1.8788543604,1.7656711760,1.6365013742,1.4916941048,1.3313229560,1.1556547077,0.9640881780,0.7538098714,,,,,,,0.5750653431
14520,1.47500000,2.2334993664,2.2261005708,2.2050278658,2.1688972049,2.1184120262,2.0524477632,1.9711696083,1.8740222620,1.7607836096,1.6316178132,1.4868561477,1.3266067707,1.1511345940,0.9597741460,0.7496839673,,,,,,,0.5734960894
14580,1.47400000,2.2293125094,2.2218929143,2.2007566499,2.1645317673,2.1139374580,2.0478421487,1.9664406274,1.8691965393,1.7559058376,1.6267469649,1.4820334313,1.3219075527,1.1466317756,0.9554768519,0.7455721674,,,,,,,0.5719303311
14640,1.47300000,2.2251144567,2.2176745584,2.1964736212,2.1601592013,2.1094586287,2.0432356345,1.9617143955,1.8643772467,1.7510379288,1.6218889160,1.4772260281,1.3172252612,1.1421461498,0.9511966217,0.7414772338,,,,,,,0.5703692821
14700,1.47200000,2.2209054555,2.2134457430,2.1921814614,2.1557797004,2.1049756977,2.0386283470,1.9569910074,1.8595644514,1.7461799264,1.6170436876,1.4724339200,1.3125597998,1.1376776621,0.9469335130,0.7373985306,,,,,,,0.5688134765
14760,1.47100000,2.2166857530,2.2092067098,2.1878803985,2.1513934685,2.1004888389,2.0340204264,1.9522705670,1.8547582190,1.7413318593,1.6122112745,1.4676570546,1.3079110595,1.1332053447,0.9426874531,0.7333357167,,,,,,,0.5672631991
14820,1.47000000,2.2124556013,2.2049577057,2.1835706664,2.1470007163,2.0959982323,2.0294120175,1.9475531787,1.8499586112,1.7364937473,1.6073916563,1.4628953622,1.3032789292,1.1287461314,0.9384583197,0.7292885759,,,,,,,0.5657186169
14880,1.46900000,2.2082152569,2.2006989818,2.1792525029,2.1426016578,2.0915040605,2.0248032659,1.9428389456,1.8451656861,1.7316656038,1.6025848033,1.4581487641,1.2986632993,1.1243040150,0.9342459764,0.7252569536,,,,,,,0.5641798337
14940,1.46800000,2.2039649788,2.1964307918,2.1749261481,2.1381965085,2.0870065065,2.0201943162,1.9381279687,1.8403794981,1.7268474373,1.5977906795,1.4534171780,1.2940640612,1.1198788924,0.9300502859,0.7212407266,,,,,,,0.5626469146
15000,1.46700000,2.1997050270,2.1921533900,2.1705918425,2.1337854841,2.0825057526,2.0155853118,1.9334203470,1.8356000988,1.7220392525,1.5930092448,1.4487005198,1.2894811075,1.1154706526,0.9258711148,0.7172397897,,,,,,,0.5611198995
15060,1.46600000,2.1954356612,2.1878670308,2.1662498261,2.1293687991,2.0780019800,2.0109763943,1.9287161771,1.8308275376,1.7172410517,1.5882404567,1.4439987048,1.2849143313,1.1110791803,0.9217083349,0.7132540468,,,,,,,0.5595988102
15120,1.46500000,2.1911571400,2.1835719668,2.1619003375,2.1249466667,2.0734953681,2.0063677037,1.9240155541,1.8260618619,1.7124528349,1.5834842712,1.4393116493,1.2803636264,1.1067043585,0.9175499191,0.7092754502,,,,,,,0.5580836555
15180,1.46400000,2.1868697199,2.1792684493,2.1575436134,2.1205192980,2.0689860944,2.0017593777,1.9193185709,1.8213031173,1.7076746009,1.5787406434,1.4346392699,1.2758288872,1.1023460697,0.9133945189,0.7052920878,,,,,,,0.5565744340
15240,1.46300000,2.1825736554,2.1749567268,2.1531798881,2.1160869020,2.0644743341,1.9971515522,1.9146253189,1.8165513479,1.7029063472,1.5740095282,1.4299814843,1.2713100093,1.0980041973,0.9092552515,0.7013236585,,,,,,,0.5550711367
15300,1.46200000,2.1782691981,2.1706370455,2.1488093935,2.1116496851,2.0599602602,1.9925443610,1.9099358874,1.8118065964,1.6981480703,1.5692908806,1.4253382113,1.2668068893,1.0936786261,0.9051320043,0.6973700748,,,,,,,0.5535737483
15360,1.46100000,2.1739565970,2.1663096488,2.1444323586,2.1072078513,2.0554440434,1.9879379358,1.9052503646,1.8070689046,1.6933997662,1.5645846556,1.4207093706,1.2623194249,1.0893692426,0.9010246675,0.6934312493,,,,,,,0.5520822487
15420,1.46000000,2.1696360982,2.1619747771,2.1400490098,2.1027616018,2.0509258521,1.9833324064,1.9005688365,1.8023383127,1.6886614305,1.5598908085,1.4160948832,1.2578475156,1.0850759355,0.8969331338,0.6895070939,,,,,,,0.5505966138
15480,1.45900000,2.1653079445,2.1576326679,2.1356595705,2.0983111352,2.0464058522,1.9787279006,1.8958913879,1.7976148601,1.6839330582,1.5552092952,1.4114946713,1.2533910620,1.0807985951,0.8928572979,0.6855975205,,,,,,,0.5491168166
15540,1.45800000,2.1609723760,2.1532835557,2.1312642613,2.0938566475,2.0418842073,1.9741245441,1.8912181020,1.7928985853,1.6792146439,1.5505400718,1.4069086579,1.2489499666,1.0765371138,0.8887970564,0.6817024403,,,,,,,0.5476428275
15600,1.45700000,2.1566296296,2.1489276721,2.1268632998,2.0893983320,2.0373610786,1.9695224607,1.8865490605,1.7881895255,1.6745061823,1.5458830950,1.4023367674,1.2445241332,1.0722913862,0.8847523075,0.6778217642,,,,,,,0.5461746147
15660,1.45600000,2.1522799391,2.1445652455,2.1224569007,2.0849363793,2.0328366251,1.9649217722,1.8818843434,1.7834877174,1.6698076675,1.5412383219,1.3977789254,1.2401134674,1.0680613082,0.8807229505,0.6739554028,,,,,,,0.5447121450
15720,1.45500000,2.1479235353,2.1401965015,2.1180452760,2.0804709773,2.0282994897,1.9603225986,1.8772240296,1.7787931966,1.6651190935,1.5366057102,1.3932350584,1.2357178762,1.0638467780,0.8767088863,0.6700861432,,,,,,,0.5432553836
15780,1.45400000,2.1435606461,2.1358216625,2.1136286346,2.0760023115,2.0237566244,1.9557250578,1.8725681964,1.7741059979,1.6604404542,1.5319852181,1.3887050943,1.2313372683,1.0596476949,0.8727100166,0.6662203456,,,,,,,0.5418042946
15840,1.45300000,2.1391914961,2.1314409480,2.1092071828,2.0715305645,2.0192129209,1.9511292659,1.8679169198,1.7694261554,1.6557717435,1.5273537666,1.3841889618,1.2269715536,1.0554639603,0.8687262444,0.6623685835,,,,,,,0.5403588414
15900,1.45200000,2.1348163071,2.1270545747,2.1047811237,2.0670559166,2.0146685298,1.9465353373,1.8632702743,1.7647537023,1.6511129548,1.5227323808,1.3796865910,1.2226206437,1.0512954768,0.8647574733,0.6585307662,,,,,,,0.5389189866
15960,1.45100000,2.1304352978,2.1226627563,2.1003506581,2.0625785453,2.0101235996,1.9419433845,1.8586283332,1.7600886712,1.6464640817,1.5181231816,1.3751979129,1.2182659299,1.0471421484,0.8608036082,0.6547068035,,,,,,,0.5374846920
16020,1.45000000,2.1260486842,2.1182657036,2.0959159837,2.0580986257,2.0055782765,1.9373535181,1.8539911686,1.7554310938,1.6418251175,1.5135261263,1.3707228595,1.2139207838,1.0430038807,0.8568645548,0.6508966053,,,,,,,0.5360559190
16080,1.44900000,2.1216566792,2.1138636244,2.0914772955,2.0536163305,2.0010327046,1.9327658470,1.8493588511,1.7507810013,1.6371960557,1.5089411723,1.3662613640,1.2095903537,1.0388805803,0.8529402195,0.6471000816,,,,,,,0.5346326288
16140,1.44800000,2.1172594927,2.1094567239,2.0870347859,2.0491318297,1.9964870258,1.9281804784,1.8447314501,1.7461384241,1.6325768895,1.5043682780,1.3618133605,1.2052745533,1.0347624945,0.8490124766,0.6433171430,,,,,,,0.5332147820
16200,1.44700000,2.1128573321,2.1050452045,2.0825886446,2.0446452911,1.9919413797,1.9235975178,1.8401090341,1.7415033920,1.6279676120,1.4998074020,1.3573787841,1.2009732978,1.0306457250,0.8450925900,0.6395477003,,,,,,,0.5318023392
16260,1.44623333,2.1084514679,2.1006324943,2.0781506982,2.0401798221,1.9874376971,1.9190782504,1.8355806159,1.7369966134,1.6235239447,1.4954577255,1.3531967094,1.1969783699,1.0268899252,0.8415965081,0.6362664621,,,,,,,0.5303859959
16320,1.44546667,2.1040424601,2.0962169905,2.0737109348,2.0357140983,1.9829357757,1.9145630326,1.8310586898,1.7324987030,1.6190912595,1.4911208525,1.3490285540,1.1929980978,1.0231487846,0.8381142570,0.6329893931,,,,,,,0.5289701554
16380,1.44470000,2.0996305107,2.0917988899,2.0692695370,2.0312482780,1.9784357436,1.9100519563,1.8265433085,1.7280096741,1.6146695333,1.4867967272,1.3448742403,1.1890323856,1.0194221769,0.8346454995,0.6297220363,,,,,,,0.5275566808
16440,1.44393333,2.0952158186,2.0873783860,2.0648266845,2.0267825175,1.9739377268,1.9055451113,1.8220345234,1.7235295394,1.6102587429,1.4824852947,1.3407192309,1.1850811354,1.0157099573,0.8311899348,0.6264646448,,,,,,,0.5261463447
16500,1.44316667,2.0907985799,2.0829556695,2.0603825541,2.0223169703,1.9694418492,1.9010425862,1.8175323851,1.7190583113,1.6058588655,1.4781865004,1.3365742921,1.1811442456,1.0120119694,0.8277473288,0.6232174275,,,,,,,0.5247395855
16560,1.44240000,2.0863789873,2.0785309283,2.0559373198,2.0178517872,1.9649482323,1.8965444675,1.8130369428,1.7145960017,1.6014698784,1.4739002903,1.3324431005,1.1772216110,1.0083280546,0.8243175052,0.6199805360,,,,,,,0.5233366854
16620,1.44163333,2.0819572308,2.0741043470,2.0514911528,2.0133871169,1.9604569960,1.8920508405,1.8085482450,1.7101426219,1.5970917588,1.4696266110,1.3283255766,1.1733131232,1.0046580586,0.8209003278,0.6167540768,,,,,,,0.5219378394
16680,1.44086667,2.0775334971,2.0696761076,2.0470442219,2.0089231055,1.9559682578,1.8875617889,1.8040663390,1.7056981829,1.5927244841,1.4653654090,1.3242216400,1.1694186718,1.0010018350,0.8174956880,0.6135381227,,,,,,,0.5205431877
16740,1.44010000,2.0731079704,2.0652463890,2.0425966928,2.0044598968,1.9514821334,1.8830773946,1.7995912711,1.7012626953,1.5883680317,1.4611166310,1.3201312098,1.1655381460,0.9973592466,0.8141034943,0.6103327212,,,,,,,0.5191528333
16800,1.43933333,2.0686808318,2.0608153677,2.0381487287,1.9999976321,1.9469987364,1.8785977384,1.7951230869,1.6968361691,1.5840223790,1.4568802238,1.3160542044,1.1616714357,0.9937301653,0.8107236669,0.6071379004,,,,,,,0.5177668532
16860,1.43856667,2.0642522595,2.0563832169,2.0337004903,1.9955364505,1.9425181784,1.8741228993,1.7906618307,1.6924186141,1.5796875031,1.4526561340,1.3119905418,1.1578184322,0.9901144717,0.8073561334,0.6039467740,,,,,,,0.5163853048
16920,1.43780000,2.0598224290,2.0519501074,2.0292521355,1.9910764888,1.9380405692,1.8696529549,1.7862075459,1.6880100394,1.5753633812,1.4484443080,1.3079401402,1.1539790293,0.9865120537,0.8040008263,0.6007518745,,,,,,,0.5150082311
16980,1.43703333,2.0553915131,2.0475162073,2.0248038200,1.9866178815,1.9335660168,1.8651879816,1.7817602752,1.6836104538,1.5710499903,1.4442446922,1.3039029177,1.1501531233,0.9829228059,0.8006576813,0.5975675207,,,,,,,0.5136356632
17040,1.43626667,2.0509596817,2.0430816818,2.0203556967,1.9821607608,1.9290946272,1.8607280542,1.7773200602,1.6792198654,1.5667473071,1.4400572329,1.2998787932,1.1463406132,0.9793466284,0.7973266360,0.5943936971,,,,,,,0.5122676234
17100,1.43550000,2.0465271021,2.0386466938,2.0159079160,1.9777052570,1.9246265045,1.8562732461,1.7728869415,1.6748382819,1.5624553081,1.4358818764,1.2958676863,1.1425414012,0.9757834263,0.7940076296,0.5912303820,,,,,,,0.5109041263
17160,1.43473333,2.0420939389,2.0342114032,2.0114606261,1.9732514979,1.9201617511,1.8518236294,1.7684609590,1.6704657107,1.5581739696,1.4317185691,1.2918695175,1.1387553922,0.9722331088,0.7907006018,0.5880775482,,,,,,,0.5095451808
17220,1.43396667,2.0376603543,2.0297759678,2.0070139727,1.9687996093,1.9157004677,1.8473792748,1.7640421515,1.6661021584,1.5539032677,1.4275672577,1.2878842086,1.1349824939,0.9686955885,0.7874054931,0.5849351642,,,,,,,0.5081907905
17280,1.43320000,2.0332265075,2.0253405424,2.0025680990,1.9643497151,1.9112427531,1.8429402516,1.7596305569,1.6617476311,1.5496431782,1.4234278890,1.2839116825,1.1312226167,0.9651707813,0.7841222442,0.5818031949,,,,,,,0.5068409548
17340,1.43243333,2.0287925554,2.0209052798,1.9981231461,1.9599019368,1.9067887045,1.8385066281,1.7552262125,1.6574021346,1.5453936770,1.4193004102,1.2799518633,1.1274756737,0.9616586058,0.7808334587,0.5786816021,,,,,,,0.5054956699
17400,1.43166667,2.0243586525,2.0164703298,1.9936792525,1.9554563941,1.9023384173,1.8340784710,1.7508291542,1.6530656741,1.5411547396,1.4151847688,1.2760046768,1.1237415801,0.9581589826,0.7775547349,0.5755703450,,,,,,,0.5041549286
17460,1.43090000,2.0199249506,2.0120358403,1.9892365548,1.9510132045,1.8978919852,1.8296558457,1.7464394174,1.6487382540,1.5369188086,1.4110809131,1.2720700497,1.1200202536,0.9546718348,0.7742877157,0.5724493606,,,,,,,0.5028187213
17520,1.43013333,2.0154915991,2.0076019565,1.9847951870,1.9465724838,1.8934495004,1.8252388166,1.7420570366,1.6444198787,1.5326834773,1.4069887915,1.2681479106,1.1163116139,0.9511970870,0.7710323419,0.5693376149,,,,,,,0.5014870362
17580,1.42936667,2.0110587451,2.0031688212,1.9803552810,1.9421343455,1.8890110534,1.8208274465,1.7376820452,1.6401105518,1.5284587440,1.4029083533,1.2642381890,1.1126155827,0.9477346655,0.7677885538,0.5662360224,,,,,,,0.5001598598
17640,1.42860000,2.0066265332,1.9987365752,1.9759169668,1.9376989015,1.8845767329,1.8164217972,1.7333144760,1.6358102764,1.5242445825,1.3988395481,1.2603408160,1.1089320834,0.9442844982,0.7645562921,0.5631445349,,,,,,,0.4988371766
17700,1.42783333,2.0021951057,1.9943053567,1.9714803718,1.9332662616,1.8801466263,1.8120219292,1.7289543608,1.6315190555,1.5200409667,1.3947823265,1.2564557241,1.1052610413,0.9408465141,0.7613354973,0.5600631030,,,,,,,0.4975189699
17760,1.42706667,1.9977646026,1.9898753017,1.9670456216,1.9288365338,1.8757208193,1.8076279019,1.7246017307,1.6272368912,1.5158478705,1.3907366394,1.2525828468,1.1016023833,0.9374206435,0.7581261102,0.5569916765,,,,,,,0.4962052218
17820,1.42630000,1.9933351615,1.9854465441,1.9626128396,1.9244098242,1.8712993960,1.8032397732,1.7202566157,1.6229637856,1.5116652681,1.3867024385,1.2487221191,1.0979560377,0.9340011814,0.7549280714,0.5539302042,,,,,,,0.4948959133
17880,1.42553333,1.9889069180,1.9810192155,1.9581821473,1.9199862371,1.8668824390,1.7988576003,1.7159190454,1.6186997402,1.5074931334,1.3826796762,1.2448734771,1.0943219342,0.9305825168,0.7517413218,0.5508786344,,,,,,,0.4935910243
17940,1.42476667,1.9844800052,1.9765934454,1.9537536638,1.9155658751,1.8624700296,1.7944814388,1.7115890483,1.6144447561,1.5033314409,1.3786683054,1.2410368581,1.0907000040,0.9271758203,0.7485658024,0.5478246563,,,,,,,0.4922905343
18000,1.42400000,1.9800545542,1.9721693610,1.9493275065,1.9111488388,1.8580622472,1.7901113434,1.7072666524,1.6101988343,1.4991801650,1.3746682799,1.2372122005,1.0870901794,0.9237810250,0.7454014543,0.5447722659,,,,,,,0.4909944217
18060,1.42310000,1.9756300728,1.9677452162,1.9448970751,1.9067220389,1.8536352947,1.7857125786,1.7029016650,1.6058943051,1.4949495292,1.3705693179,1.2332647327,1.0833270815,0.9202055936,0.7420205070,0.5414450921,,,,,,,0.4897077022
18120,1.42220000,1.9712064813,1.9633221798,1.9404683790,1.9022979535,1.8492123410,1.7813192365,1.6985436392,1.6015982230,1.4907287550,1.3664812232,1.2293288644,1.0795620413,0.9166420166,0.7386510298,0.5381303466,,,,,,,0.4884279369
18180,1.42130000,1.9667839054,1.9589003741,1.9360415315,1.8978766811,1.8447934653,1.7769313735,1.6941926071,1.5973105949,1.4865178246,1.3624039588,1.2254045437,1.0758089192,0.9130902571,0.7352931452,0.5348273995,,,,,,,0.4871540686
18240,1.42040000,1.9623624687,1.9544799193,1.9316166442,1.8934583185,1.8403787456,1.7725490452,1.6898485997,1.5930314274,1.4823167203,1.3583374880,1.2214917202,1.0720676603,0.9095502922,0.7319469186,0.5315358354,,,,,,,0.4858856326
18300,1.41950000,1.9579422929,1.9500609338,1.9271938269,1.8890429607,1.8359682585,1.7681723058,1.6855116476,1.5887607269,1.4781254248,1.3542817749,1.2175903446,1.0683382139,0.9060221052,0.7286123597,0.5282532914,,,,,,,0.4846223455
18360,1.41860000,1.9535234978,1.9456435344,1.9227731876,1.8846307015,1.8315620793,1.7637980240,1.6811817807,1.5844984994,1.4739439208,1.3502367842,1.2137003692,1.0646205336,0.9025056794,0.7252888704,0.5249608165,,,,,,,0.4833640085
18420,1.41770000,1.9491062014,1.9412278357,1.9183548325,1.8802216329,1.8271602819,1.7594161670,1.6768590279,1.5802447505,1.4697721909,1.3462024814,1.2098217484,1.0609145765,0.8990009937,0.7219548081,0.5216789717,,,,,,,0.4821104699
18480,1.41680000,1.9446905198,1.9368139508,1.9139388664,1.8758158456,1.8227629391,1.7550401162,1.6725434178,1.5759994856,1.4656102184,1.3421788326,1.2059544382,1.0572203019,0.8955080217,0.7186322965,0.5184076007,,,,,,,0.4808616077
18540,1.41590000,1.9402765674,1.9324019910,1.9095253922,1.8714134285,1.8183701223,1.7506699221,1.6682349783,1.5717627100,1.4614579864,1.3381658048,1.2020983966,1.0535376703,0.8920267313,0.7153212679,0.5151465665,,,,,,,0.4796173198
18600,1.41500000,1.9358644566,1.9279920656,1.9051145112,1.8670144694,1.8139819017,1.7463056340,1.6639337365,1.5675227268,1.4573154785,1.3341633661,1.1982535829,1.0498666430,0.8885570854,0.7120216512,0.5118957460,,,,,,,0.4783775185
18660,1.41410000,1.9314542983,1.9235842824,1.9007063230,1.8626190544,1.8095983462,1.7419473004,1.6596397190,1.5632839325,1.4531826785,1.3301714853,1.1944199580,1.0462071810,0.8850990429,0.7087333737,0.5086413351,,,,,,,0.4771421263
18720,1.41320000,1.9270462015,1.9191787475,1.8963009258,1.8582272684,1.8052195237,1.7375949691,1.6553529518,1.5590537361,1.4490595705,1.3261901320,1.1905974837,1.0425592449,0.8816525592,0.7054563624,0.5053892675,,,,,,,0.4759110740
18780,1.41230000,1.9226402735,1.9147755653,1.8918984160,1.8538391945,1.8008455006,1.7332486865,1.6510734605,1.5548321412,1.4449461390,1.3222192769,1.1867861228,1.0389227948,0.8782175870,0.7021905443,0.5021470362,,,,,,,0.4746842984
18840,1.41140000,1.9182366198,1.9103748384,1.8874988885,1.8494549148,1.7964763425,1.7289084986,1.6468012697,1.5506191511,1.4408423687,1.3182588912,1.1829858389,1.0352977902,0.8747940770,0.6989358473,0.4989145481,,,,,,,0.4734617418
18900,1.41050000,1.9138353445,1.9059766679,1.8831024369,1.8450745098,1.7921121135,1.7245744501,1.6425364040,1.5464147690,1.4367482449,1.3143084750,1.1791965958,1.0316841896,0.8713819783,0.6956922001,0.4956916500,,,,,,,0.4722433501
18960,1.40960000,1.9094365497,1.9015811532,1.8787091528,1.8406980588,1.7877528769,1.7202465853,1.6382788872,1.5422189981,1.4326637530,1.3103499387,1.1754154605,1.0280819510,0.8679812389,0.6924595325,0.4924591352,,,,,,,0.4710290732
19020,1.40870000,1.9050403362,1.8971883923,1.8743191268,1.8363256397,1.7833986945,1.7159249472,1.6340113435,1.5380318414,1.4285888788,1.3064018926,1.1716296413,1.0244910320,0.8645918059,0.6892377751,0.4892360459,,,,,,,0.4698188634
19080,1.40780000,1.9006468030,1.8927984813,1.8699324476,1.8319573291,1.7790496273,1.7116095784,1.6297508445,1.5338533018,1.4245236084,1.3024643094,1.1678548514,1.0209113893,0.8612136260,0.6860268599,0.4860223026,,,,,,,0.4686126757
19140,1.40690000,1.8962560475,1.8884115151,1.8655492027,1.8275932021,1.7747057352,1.7073005204,1.6254978400,1.5296833822,1.4204679282,1.2985371617,1.1640910546,1.0173429794,0.8578466452,0.6828267198,0.4828151989,,,,,,,0.4674104673
19200,1.40600000,1.8918681656,1.8840275867,1.8611694781,1.8232333330,1.7703670770,1.7029978140,1.6212523517,1.5255220855,1.4164218248,1.2946204228,1.1603382146,1.0137857585,0.8544875545,0.6796372889,0.4796032305,,,,,,,0.4662121972
19260,1.40510000,1.8874832517,1.8796467880,1.8567933584,1.8188777943,1.7660337103,1.6987014994,1.6170144008,1.5213694144,1.4123852850,1.2907140662,1.1565962953,1.0102396822,0.8511234058,0.6764573158,0.4764003249,,,,,,,0.4650178260
19320,1.40420000,1.8831013985,1.8752692090,1.8524209268,1.8145266577,1.7617056919,1.6944116158,1.6127840078,1.5172253715,1.4083582960,1.2868180657,1.1528652607,1.0067047064,0.8477703412,0.6732657934,0.4732051195,,,,,,,0.4638273157
19380,1.40330000,1.8787226973,1.8708949385,1.8480522649,1.8101799934,1.7573830775,1.6901282019,1.6085611932,1.5130899595,1.4043408449,1.2829323953,1.1491450746,1.0031807864,0.8444283059,0.6700847879,0.4700065164,,,,,,,0.4626406298
19440,1.40240000,1.8743472379,1.8665240639,1.8436874534,1.8058378706,1.7530659219,1.6858512955,1.6043459767,1.5089631809,1.4003329190,1.2790570294,1.1454357011,0.9996678776,0.8410972451,0.6669142367,0.4668167153,,,,,,,0.4614577327
19500,1.40150000,1.8699751087,1.8621566708,1.8393265712,1.8015003571,1.7487542787,1.6815809338,1.6001383780,1.5048450380,1.3963345060,1.2751919423,1.1417371044,0.9961659355,0.8377771046,0.6637540778,0.4636275277,,,,,,,0.4602785901
19560,1.40060000,1.8656063967,1.8577928437,1.8349696961,1.7971675199,1.7444482009,1.6773171534,1.5959384162,1.5007355333,1.3923455933,1.2713371087,1.1380492484,0.9926749154,0.8344678303,0.6606042504,0.4604432606,,,,,,,0.4591031687
19620,1.39970000,1.8612411872,1.8534326658,1.8306169046,1.7928394244,1.7401477404,1.6730599900,1.5917461099,1.4966346690,1.3883661688,1.2674925032,1.1343720974,0.9891947728,0.8311693685,0.6574646944,,,,,,,,0.4579314357
19680,1.39880000,1.8568795643,1.8490762186,1.8262682720,1.7885161352,1.7358529479,1.6688094788,1.5875614777,1.4925424472,1.3843962200,1.2636581006,1.1307056157,0.9857254632,0.8278816659,0.6543353508,,,,,,,,0.4567633597
19740,1.39790000,1.8525216108,1.8447235825,1.8219238721,1.7841977157,1.7315638737,1.6645656544,1.5833845374,1.4884588699,1.3804357348,1.2598338759,1.1270497676,0.9822669424,0.8246046697,0.6512161612,,,,,,,,0.4555989096
19800,1.39700000,1.8481674079,1.8403748364,1.8175837776,1.7798842283,1.7272805670,1.6603285506,1.5792153068,1.4843839390,1.3764847010,1.2560198042,1.1234045176,0.9788191662,0.8213383275,0.6481070682,,,,,,,,0.4544380552
19860,1.39623333,1.8438176578,1.8360319217,1.8132547231,1.7755887891,1.7230266238,1.6561347893,1.5751055870,1.4803864147,1.3726302852,1.2523253724,1.1199026419,0.9755265446,0.8182710968,0.6452350438,,,,,,,,0.4532759415
19920,1.39546667,1.8394726444,1.8316938741,1.8089309241,1.7712991883,1.7187792900,1.6519485067,1.5710042328,1.4763980749,1.3687857294,1.2486413510,1.1164114659,0.9722420477,0.8152142880,0.6423723849,,,,,,,,0.4521148549
19980,1.39470000,1.8351324424,1.8273607662,1.8046124468,1.7670154815,1.7145386077,1.6477697295,1.5669112548,1.4724189151,1.3649510151,1.2449677090,1.1129309482,0.9689682473,0.8121678083,0.6395188237,,,,,,,,0.4509557576
20040,1.39393333,1.8307971253,1.8230326690,1.8002993556,1.7627377229,1.7103046183,1.6435984842,1.5628266635,1.4684489303,1.3611261238,1.2413044156,1.1094610477,0.9657050876,0.8091315529,0.6366742127,,,,,,,,0.4497990446
20100,1.39316667,1.8264667650,1.8187096522,1.7959917141,1.7584659659,1.7060773622,1.6394347963,1.5587504691,1.4644881156,1.3573110371,1.2376514401,1.1060017223,0.9624525089,0.8061054169,0.6338384742,,,,,,,,0.4486449374
20160,1.39240000,1.8221414324,1.8143917843,1.7916895847,1.7542002628,1.7018568791,1.6352786909,1.5546826812,1.4605364660,1.3535057366,1.2340087517,1.1025529294,0.9592104482,0.8030893026,0.6310048534,,,,,,,,0.4474935768
20220,1.39163333,1.8178211967,1.8100791325,1.7873930283,1.7499406649,1.6976432079,1.6311301926,1.5506233093,1.4565939762,1.3497102037,1.2303763193,1.0991146252,0.9559788409,0.8000831219,0.6281662077,,,,,,,,0.4463450586
20280,1.39086667,1.8135061262,1.8057717627,1.7831021050,1.7456872224,1.6934363865,1.6269893253,1.5465723626,1.4526606409,1.3459244200,1.2267541119,1.0956867647,0.9527576220,0.7970867957,0.6253363128,,,,,,,,0.4451994507
20340,1.39010000,1.8091962876,1.8014697396,1.7788168735,1.7414399847,1.6892364523,1.6228561123,1.5425298497,1.4487364546,1.3421483669,1.2231420978,1.0922693026,0.9495467270,0.7941002532,0.6225151460,,,,,,,,0.4440568020
20400,1.38933333,1.8048917466,1.7971731267,1.7745373916,1.7371990001,1.6850434416,1.6187305766,1.5384957790,1.4448214115,1.3383820255,1.2195402453,1.0888621925,0.9463460931,0.7911234301,0.6197026850,,,,,,,,0.4429171481
20460,1.38856667,1.8005925675,1.7928819862,1.7702637159,1.7329643160,1.6808573903,1.6146127404,1.5344701587,1.4409155059,1.3346253771,1.2159485220,1.0854653880,0.9431556593,0.7881562672,0.6168989068,,,,,,,,0.4417805152
20520,1.38780000,1.7962988136,1.7885963794,1.7659959018,1.7287359788,1.6766783333,1.6105026254,1.5304529965,1.4370187316,1.3308784024,1.2123668956,1.0820788427,0.9399753664,0.7851987099,0.6141037872,,,,,,,,0.4406469218
20580,1.38703333,1.7920105467,1.7843163662,1.7617340038,1.7245140340,1.6725063049,1.6064002528,1.5264442998,1.4331310824,1.3271410822,1.2087953333,1.0787025103,0.9368051574,0.7822491986,0.6113173013,,,,,,,,0.4395163810
20640,1.38626667,1.7877278278,1.7800420054,1.7574780753,1.7202985264,1.6683413384,1.6023056433,1.5224440756,1.4292525518,1.3234133971,1.2052338020,1.0753363449,0.9336449773,0.7792941518,0.6085394226,,,,,,,,0.4383889012
20700,1.38550000,1.7834507164,1.7757733547,1.7532281686,1.7160894995,1.6641834668,1.5982188171,1.5184523306,1.4253831329,1.3196953272,1.2016822688,1.0719803012,0.9304947730,0.7763485838,0.6057701238,,,,,,,,0.4372644874
20760,1.38473333,1.7791792711,1.7715104707,1.7489843352,1.7118869963,1.6600327221,1.5941397937,1.5144690711,1.4215228189,1.3159868527,1.1981407007,1.0686343343,0.9273544932,0.7734124491,0.6030093767,,,,,,,,0.4361431415
20820,1.38396667,1.7749135494,1.7672534090,1.7447466253,1.7076910588,1.6558891356,1.5900685923,1.5104943031,1.4176716025,1.3122879535,1.1946090644,1.0652984003,0.9242240880,0.7704857037,0.6002571522,,,,,,,,0.4350248633
20880,1.38320000,1.7706536076,1.7630022241,1.7405150883,1.7035017281,1.6517527381,1.5860052314,1.5065280322,1.4138294761,1.3085986092,1.1910873271,1.0619724556,0.9211035091,0.7675683046,0.5975134205,,,,,,,,0.4339096504
20940,1.38243333,1.7663995008,1.7587569693,1.7362897726,1.6993190445,1.6476235595,1.5819497290,1.5025702636,1.4099964321,1.3049187996,1.1875754560,1.0586564578,0.9179927097,0.7646602099,0.5947781512,,,,,,,,0.4327974987
21000,1.38166667,1.7621512834,1.7545176971,1.7320707257,1.6951430474,1.6435016292,1.5779021028,1.4986210021,1.4061724623,1.3012485042,1.1840734183,1.0553503647,0.9148916440,0.7617613785,0.5920513134,,,,,,,,0.4316884030
21060,1.38090000,1.7579090084,1.7502844589,1.7278579941,1.6909737756,1.6393869757,1.5738623697,1.4946802524,1.4023575586,1.2975877022,1.1805811818,1.0520541354,0.9118002674,0.7588717702,0.5893275373,,,,,,,,0.4305823568
21120,1.38013333,1.7536727280,1.7460573049,1.7236516232,1.6868112668,1.6352796272,1.5698305463,1.4907480184,1.3985517123,1.2939277449,1.1770987143,1.0487677292,0.9087185363,0.7559913452,0.5865961274,,,,,,,,0.4294793524
21180,1.37936667,1.7494424933,1.7418362847,1.7194516579,1.6826555582,1.6311796109,1.5658066485,1.4868243040,1.3947549150,1.2902710213,1.1736259838,1.0454911065,0.9056464080,0.7531200644,0.5838730239,,,,,,,,0.4283793817
21240,1.37860000,1.7452183544,1.7376214467,1.7152581419,1.6785066860,1.6270869536,1.5617906920,1.4829091125,1.3909671574,1.2866237995,1.1701629589,1.0422242281,0.9025838407,0.7502578891,0.5811581941,,,,,,,,0.4272824355
21300,1.37783333,1.7410003605,1.7334128383,1.7110711180,1.6743646858,1.6230016813,1.5577826916,1.4790024471,1.3871884307,1.2829860583,1.1667096082,1.0389670556,0.8995307935,0.7474047813,0.5784516052,,,,,,,,0.4261885042
21360,1.37706667,1.7367885597,1.7292105060,1.7068906284,1.6702295923,1.6189238194,1.5537826620,1.4751043103,1.3834187254,1.2793577761,1.1632659008,1.0357113712,0.8964872259,0.7445607030,0.5757532241,,,,,,,,0.4250975776
21420,1.37630000,1.7325829992,1.7250144956,1.7027167141,1.6661014394,1.6148533927,1.5497906171,1.4712147046,1.3796580319,1.2757389318,1.1598318061,1.0324591107,0.8934530984,0.7417256170,0.5730630178,,,,,,,,0.4240096452
21480,1.37553333,1.7283837254,1.7208248517,1.6985494156,1.6619802606,1.6107904255,1.5458065706,1.4673336319,1.3759063407,1.2721295040,1.1564072937,1.0292164989,0.8904283720,0.7388994861,0.5703809529,,,,,,,,0.4229246959
21540,1.37476667,1.7241907836,1.7166416181,1.6943887722,1.6578660881,1.6067349412,1.5418305354,1.4634610940,1.3721636418,1.2685294715,1.1529923336,1.0259834989,0.8874130081,0.7360822737,0.5677069962,,,,,,,,0.4218427184
21600,1.37400000,1.7200042184,1.7124648378,1.6902348226,1.6537589540,1.6026869629,1.5378625243,1.4595970922,1.3684299253,1.2649388131,1.1495868962,1.0227600745,0.8844069690,0.7332739435,0.5650411144,,,,,,,,0.4207637012
21660,1.37340000,1.7158248326,1.7082968203,1.6860956960,1.6496747221,1.5986750137,1.5339467361,1.4558040264,1.3647878635,1.2614653447,1.1463221834,1.0197083223,0.8816015884,0.7307042588,0.5626663416,,,,,,,,0.4196818686
21720,1.37280000,1.7116529178,1.7041363397,1.6819643113,1.6455985224,1.5946714826,1.5300397797,1.4520201792,1.3611553235,1.2580016200,1.1430671976,1.0166661610,0.8788053784,0.7281431048,0.5602983975,,,,,,,,0.4185999808
21780,1.37220000,1.7074885108,1.6999834311,1.6778406994,1.6415303786,1.5906763845,1.5261416597,1.4482455442,1.3575322879,1.2545476112,1.1398219035,1.0136335502,0.8760182928,0.7255903753,0.5579370256,,,,,,,,0.4175192100
21840,1.37160000,1.7033316473,1.6958381289,1.6737248901,1.6374703141,1.5866897338,1.5222523802,1.4444801146,1.3539187393,1.2511032910,1.1365862666,1.0106104490,0.8732288986,0.7230459544,0.5555821697,,,,,,,,0.4164400494
21900,1.37100000,1.6991823622,1.6917004663,1.6696169128,1.6334183511,1.5827115442,1.5183719448,1.4407238833,1.3503146600,1.2476686319,1.1333602521,1.0075968160,0.8704484407,0.7205097351,0.5532338420,,,,,,,,0.4153627836
21960,1.37040000,1.6950406896,1.6875704759,1.6655167956,1.6293745114,1.5787418289,1.5145003568,1.4369768431,1.3467200326,1.2442436068,1.1301389205,1.0045926086,0.8676769672,0.7179816261,0.5508912462,,,,,,,,0.4142876005
22020,1.36980000,1.6909066626,1.6834481895,1.6614245664,1.6253388161,1.5747806005,1.5106376192,1.4332389864,1.3431348394,1.2408281887,1.1269209220,1.0015977828,0.8649144154,0.7154615519,0.5485386492,,,,,,,,0.4132146332
22080,1.36920000,1.6867803135,1.6793336379,1.6573402517,1.6213112856,1.5708278711,1.5067837343,1.4295103056,1.3395590627,1.2374223504,1.1237124916,0.9986122936,0.8621607235,0.7129466516,0.5461926310,,,,,,,,0.4121439811
22140,1.36860000,1.6826616737,1.6752268511,1.6532638778,1.6172919397,1.5668836523,1.5029387044,1.4257907927,1.3359926848,1.2340260650,1.1205135935,0.9956360952,0.8594158314,0.7104292726,0.5438532143,,,,,,,,0.4110757202
22200,1.36800000,1.6785507739,1.6711278584,1.6491954699,1.6132807974,1.5629479551,1.4991025311,1.4220804395,1.3324356878,1.2306393053,1.1173241921,0.9926691415,0.8566796819,0.7079197724,0.5415204167,,,,,,,,0.4100099102
22260,1.36740000,1.6744476440,1.6670366883,1.6451350526,1.6092778771,1.5590207901,1.4952752157,1.4183792376,1.3288880538,1.2272620443,1.1141442511,0.9897113862,0.8539522203,0.7054181117,0.5391942506,,,,,,,,0.4089465989
22320,1.36680000,1.6703523129,1.6629533684,1.6410826498,1.6052831968,1.5551021672,1.4914567592,1.4146871785,1.3253497648,1.2238942546,1.1109737342,0.9867627835,0.8512333949,0.7029242551,0.5368747242,,,,,,,,0.4078858247
22380,1.36620000,1.6662648089,1.6588779257,1.6370382847,1.6012967736,1.5511920959,1.4876471623,1.4110042532,1.3218208028,1.2205359091,1.1078126049,0.9838232879,0.8485231569,0.7004381704,0.5345618419,,,,,,,,0.4068276187
22440,1.36560000,1.6621851595,1.6548103862,1.6330019797,1.5973186241,1.5472905853,1.4838464251,1.4073304528,1.3183011494,1.2171869801,1.1046608266,0.9808928548,0.8458214599,0.6979598276,0.5322556048,,,,,,,,0.4057720064
22500,1.36500000,1.6581133913,1.6507507755,1.6289737565,1.5933487643,1.5433976439,1.4800545477,1.4036657680,1.3147907862,1.2138474402,1.1015183630,0.9779714406,0.8431282597,0.6954891985,0.5299560110,,,,,,,,0.4047190087
22560,1.36440000,1.6540495304,1.6466991182,1.6249536364,1.5893872096,1.5395132797,1.4762715295,1.4000101892,1.3112896949,1.2105172617,1.0983851776,0.9750590023,0.8404435142,0.6930262562,0.5276630566,,,,,,,,0.4036686423
22620,1.36380000,1.6499936019,1.6426554383,1.6209416396,1.5854339749,1.5356375004,1.4724973697,1.3963637068,1.3077978566,1.2071964169,1.0952612344,0.9721554981,0.8377671832,0.6905709744,0.5253767350,,,,,,,,0.4026209211
22680,1.36320000,1.6459456303,1.6386197590,1.6169377860,1.5814890744,1.5317703130,1.4687320673,1.3927263109,1.3043152527,1.2038848781,1.0921464975,0.9692608871,0.8350992279,0.6881233278,0.5230970383,,,,,,,,0.4015758561
22740,1.36260000,1.6419056394,1.6345921028,1.6129420947,1.5775525219,1.5279117243,1.4649756206,1.3890979912,1.3008418641,1.2005826176,1.0890409314,0.9663751295,0.8324396111,0.6856832914,0.5208239565,,,,,,,,0.4005334561
22800,1.36200000,1.6378736523,1.6305724918,1.6089545842,1.5736243304,1.5240617403,1.4612280281,1.3854787373,1.2973776719,1.1972896076,1.0859445010,0.9634981864,0.8297882968,0.6832508407,0.5185574786,,,,,,,,0.3994937278
22860,1.36140000,1.6338496913,1.6265609470,1.6049752724,1.5697045126,1.5202203670,1.4574892874,1.3818685386,1.2939226568,1.1940058206,1.0828571716,0.9606300196,0.8271452499,0.6808259514,0.5162975922,,,,,,,,0.3984566763
22920,1.36080000,1.6298337780,1.6225574889,1.6010041764,1.5657930805,1.5163876097,1.4537593961,1.3782673843,1.2904767996,1.1907312290,1.0797789090,0.9577705921,0.8245104366,0.6784085994,0.5140442837,,,,,,,,0.3974223053
22980,1.36020000,1.6258259336,1.6185621376,1.5970413130,1.5618900457,1.5125634731,1.4500383515,1.3746752634,1.2870400809,1.1874658053,1.0767096792,0.9549198674,0.8218838237,0.6759987607,0.5117846778,,,,,,,,0.3963906171
23040,1.35960000,1.6218261783,1.6145749121,1.5930866981,1.5579903705,1.5087479619,1.4463261503,1.3710921644,1.2836124813,1.1842095222,1.0736494490,0.9520778102,0.8192653789,0.6735964115,0.5095262212,,,,,,,,0.3953616130
23100,1.35900000,1.6178345319,1.6105958310,1.5891403472,1.5540973694,1.5049410800,1.4426227893,1.3675180760,1.2801939812,1.1809623527,1.0705981854,0.9492443854,0.8166550706,0.6712015280,0.5072742516,,,,,,,,0.3943352934
23160,1.35840000,1.6138510134,1.6066249125,1.5852022753,1.5502128260,1.5011428312,1.4389282645,1.3639529864,1.2767845611,1.1777242695,1.0675558560,0.9464195591,0.8140528677,0.6688140865,0.5050287522,,,,,,,,0.3933116575
23220,1.35780000,1.6098756413,1.6026621737,1.5812724965,1.5463367498,1.4973532186,1.4352425720,1.3603968839,1.2733842014,1.1744952461,1.0645224288,0.9436032978,0.8114587398,0.6664340632,0.5027897055,,,,,,,,0.3922907042
23280,1.35720000,1.6059084332,1.5987076315,1.5773510247,1.5424691498,1.4935722450,1.4315657075,1.3568497562,1.2699928824,1.1712752556,1.0614978722,0.9407955686,0.8088726569,0.6640614347,0.5005570938,,,,,,,,0.3912724312
23340,1.35660000,1.6019494064,1.5947613019,1.5734378730,1.5386100345,1.4897999130,1.4278976661,1.3533115913,1.2666105844,1.1680642717,1.0584821552,0.9379963393,0.8062945896,0.6616961772,0.4983308984,,,,,,,,0.3902568361
23400,1.35600000,1.5979985776,1.5908232006,1.5695330540,1.5347594119,1.4860362244,1.4242384431,1.3497823768,1.2632372879,1.1648622681,1.0554752469,0.9352055781,0.8037245088,0.6593382671,0.4961111007,,,,,,,,0.3892439156
23460,1.35536667,1.5940558175,1.5868929092,1.5656350343,1.5309138925,1.4822757452,1.4205796147,1.3462502241,1.2598572508,1.1616487293,1.0524515920,0.9323924348,0.8011253286,0.6569430265,0.4938411180,,,,,,,,0.3882347641
23520,1.35473333,1.5901210941,1.5829706847,1.5617451866,1.5270767064,1.4785237513,1.4169294508,1.3427268750,1.2564755900,1.1584440511,1.0494366484,0.9295876915,0.7985341033,0.6545551503,0.4915778019,,,,,,,,0.3872288480
23580,1.35410000,1.5861944236,1.5790565423,1.5578635232,1.5232478617,1.4747802449,1.4132879470,1.3392123178,1.2531021739,1.1552482090,1.0464303878,0.9267913187,0.7959508068,0.6521746329,0.4893211528,,,,,,,,0.3862259371
23640,1.35346667,1.5822758213,1.5751504963,1.5539900558,1.5194273658,1.4710452279,1.4096550984,1.3357065409,1.2497376355,1.1520611787,1.0434327819,0.9240032879,0.7933754150,0.6498014688,0.4870711334,,,,,,,,0.3852259303
23700,1.35283333,1.5783653022,1.5712525609,1.5501247957,1.5156152257,1.4673187018,1.4060309002,1.3322095324,1.2463819559,1.1488829361,1.0404438030,0.9212235709,0.7908079052,0.6474356492,0.4848277013,,,,,,,,0.3842287660
23760,1.35220000,1.5744628806,1.5673627493,1.5462677537,1.5118114479,1.4636006675,1.4024153471,1.3287212804,1.2430351166,1.1457134574,1.0374634238,0.9184521403,0.7882482555,0.6450647342,0.4825908157,,,,,,,,0.3832344008
23820,1.35156667,1.5705685704,1.5634810746,1.5424189400,1.5080160387,1.4598911260,1.3988084335,1.3252417727,1.2396970989,1.1425527190,1.0344916175,0.9156889696,0.7856964447,0.6426991256,0.4803580044,,,,,,,,0.3822428013
23880,1.35093333,1.5666823848,1.5596075491,1.5385783645,1.5042290036,1.4561900775,1.3952101538,1.3217709973,1.2363678842,1.1394006972,1.0315283574,0.9129340326,0.7831524513,0.6403408104,0.4781140351,,,,,,,,0.3812539406
23940,1.35030000,1.5628043367,1.5557421847,1.5347460364,1.5004503481,1.4524975221,1.3916205019,1.3183089418,1.2330474541,1.1362573690,1.0285736177,0.9101873040,0.7806162538,0.6379897674,0.4758764487,,,,,,,,0.3802677957
24000,1.34966667,1.5589344381,1.5518849927,1.5309219647,1.4966800771,1.4488134597,1.3880394716,1.3148555938,1.2297357901,1.1331227112,1.0256273725,0.9074487587,0.7780878303,0.6356459742,0.4736452122,,,,,,,,0.3792843467
24060,1.34903333,1.5550727011,1.5480359841,1.5271061578,1.4929181949,1.4451378896,1.3844670567,1.3114109409,1.2264328737,1.1299967012,1.0226895967,0.9047183720,0.7755643204,0.6333094074,0.4714202944,,,,,,,,0.3783035759
24120,1.34840000,1.5512191366,1.5441951693,1.5232986235,1.4891647057,1.4414708110,1.3809032503,1.3079749704,1.2231386866,1.1268793164,1.0197602653,0.9019961194,0.7730394597,0.6309800430,0.4692016652,,,,,,,,0.3773254671
24180,1.34776667,1.5473737555,1.5403625581,1.5194993694,1.4854196133,1.4378122226,1.3773480457,1.3045476697,1.2198532106,1.1237705344,1.0168393538,0.8992819768,0.7705223223,0.6286578568,0.4669892951,,,,,,,,0.3763500053
24240,1.34713333,1.5435365681,1.5365381600,1.5157084025,1.4816829209,1.4341621229,1.3738014360,1.3011290260,1.2165764274,1.1206703332,1.0139268380,0.8965679490,0.7680128849,0.6263428241,0.4647831559,,,,,,,,0.3753771767
24300,1.34650000,1.5397075842,1.5327219839,1.5119257296,1.4779546315,1.4305205103,1.3702634137,1.2977190267,1.2133083190,1.1175786909,1.0110226939,0.8938589267,0.7655111240,0.6240349204,0.4625832198,,,,,,,,0.3744069681
24360,1.34586667,1.5358868130,1.5289140384,1.5081513567,1.4742347477,1.4268873825,1.3667339716,1.2943176588,1.2100488673,1.1144955857,1.0081268977,0.8911579718,0.7630170158,0.6217341209,0.4603894595,,,,,,,,0.3734393672
24420,1.34523333,1.5320742634,1.5251143316,1.5043852897,1.4705232717,1.4232627373,1.3632131021,1.2909249094,1.2067980544,1.1114209962,1.0052394258,0.8884650604,0.7605305363,0.6194404010,0.4582018484,,,,,,,,0.3724743618
24480,1.34460000,1.5282699438,1.5213228711,1.5006275340,1.4668202053,1.4196465721,1.3597007974,1.2875407655,1.2035558623,1.1083549011,1.0023602551,0.8857801684,0.7580516617,0.6171537361,0.4560203603,,,,,,,,0.3715119407
24540,1.34396667,1.5244738622,1.5175396640,1.4968780945,1.4631255501,1.4160388838,1.3561970495,1.2841652142,1.2003222733,1.1052972791,0.9994893623,0.8831032720,0.7555803680,0.6148741016,0.4538449693,,,,,,,,0.3705520928
24600,1.34333333,1.5206860260,1.5137647171,1.4931369758,1.4594393073,1.4124396695,1.3527018505,1.2807982423,1.1970972696,1.1022481094,0.9966267245,0.8804343473,0.7531166311,0.6126014731,0.4516715272,,,,,,,,0.3695948072
24660,1.34270000,1.5169064423,1.5099980367,1.4894041821,1.4557614777,1.4088489256,1.3492151920,1.2774398367,1.1938808336,1.0992073711,0.9937723188,0.8777733706,0.7506604271,0.6103358262,0.4494874468,,,,,,,,0.3686400736
24720,1.34206667,1.5131351178,1.5062396288,1.4856797173,1.4520920618,1.4052666485,1.3457370657,1.2740899843,1.1906729476,1.0961750435,0.9909261226,0.8751203182,0.7482117319,0.6080771368,0.4473093217,,,,,,,,0.3676878819
24780,1.34143333,1.5093720587,1.5024894988,1.4819635847,1.4484310599,1.4016928343,1.3422674630,1.2707486720,1.1874735943,1.0931511060,0.9880881132,0.8724751665,0.7457705216,0.6058253808,0.4451371269,,,,,,,,0.3667382219
24840,1.34080000,1.5056172708,1.4987476519,1.4782557874,1.4447784718,1.3981274789,1.3388063753,1.2674158864,1.1842827560,1.0901355382,0.9852582683,0.8698378920,0.7433367723,0.6035805343,0.4429708378,,,,,,,,0.3657910841
24900,1.34016667,1.5018707594,1.4950140927,1.4745563282,1.4411342971,1.3945705780,1.3353537936,1.2640916143,1.1811004155,1.0871283197,0.9824365656,0.8672084712,0.7409104602,0.6013425735,0.4408104300,,,,,,,,0.3648464589
24960,1.33953333,1.4981325297,1.4912888257,1.4708652093,1.4374985350,1.3910221268,1.3319097092,1.2607758424,1.1779265554,1.0841294303,0.9796229827,0.8645868807,0.7384915616,0.5991114747,0.4386558791,,,,,,,,0.3639043368
25020,1.33890000,1.4944025861,1.4875718547,1.4671824329,1.4338711846,1.3874821207,1.3284741128,1.2574685575,1.1747611583,1.0811388500,0.9768174978,0.8619730973,0.7360800528,0.5968872144,0.4365071613,,,,,,,,0.3629647087
25080,1.33826667,1.4906809329,1.4838631832,1.4635080005,1.4302522446,1.3839505546,1.3250469953,1.2541697460,1.1716042071,1.0781565586,0.9740200886,0.8593670977,0.7336759102,0.5946697693,0.4343642528,,,,,,,,0.3620275655
25140,1.33763333,1.4869675741,1.4801628146,1.4598419134,1.4266417134,1.3804274232,1.3216283474,1.2508793947,1.1684556846,1.0751825363,0.9712307334,0.8567688588,0.7312791103,0.5924591162,0.4322271299,,,,,,,,0.3610928982
25200,1.33700000,1.4832625129,1.4764707516,1.4561841728,1.4230395890,1.3769127212,1.3182181596,1.2475974900,1.1653155735,1.0722167632,0.9684494104,0.8541783577,0.7288896299,0.5902483774,0.4300957692,,,,,,,,0.3601606981
25260,1.33646667,1.4795661665,1.4727882329,1.4525391880,1.4194555570,1.3734219399,1.3148404137,1.2443578538,1.1622303208,1.0693176034,0.9657488854,0.8516852954,0.7266154172,0.5881692952,0.4281411207,,,,,,,,0.3592278112
25320,1.33593333,1.4758786723,1.4691145674,1.4489030738,1.4158804179,1.3699400272,1.3114715044,1.2411256633,1.1591536979,1.0664268271,0.9630564349,0.8491999188,0.7243483822,0.5860967074,0.4261872356,,,,,,,,0.3582957498
25380,1.33540000,1.4722000289,1.4654497531,1.4452758265,1.4123141652,1.3664669731,1.3081114182,1.2378950330,1.1560856847,1.0635444116,0.9603720346,0.8467222023,0.7220884941,0.5840305231,0.4242235659,,,,,,,,0.3573651528
25440,1.33486667,1.4685302345,1.4617937875,1.4416574420,1.4087567923,1.3630027678,1.3047601414,1.2346731580,1.1530262606,1.0606703342,0.9576956605,0.8442521203,0.7198357177,0.5819706602,0.4222645070,,,,,,,,0.3564362876
25500,1.33433333,1.4648692870,1.4581466679,1.4380479157,1.4052082921,1.3595474010,1.3014176604,1.2314600208,1.1499754055,1.0578022478,0.9550272882,0.8417896458,0.7175900140,0.5799170547,0.4203101470,,,,,,,,0.3555093078
25560,1.33380000,1.4612171838,1.4545083913,1.4344472432,1.4016686573,1.3561008624,1.2980839613,1.2282556043,1.1469330991,1.0549359641,0.9523642298,0.8393347513,0.7153513431,0.5778696588,0.4183605487,,,,,,,,0.3545843142
25620,1.33326667,1.4575739222,1.4508789544,1.4308554193,1.3981378807,1.3526631416,1.2947590304,1.2250598909,1.1438993213,1.0520779866,0.9497029597,0.8368874080,0.7131196656,0.5758284368,0.4164157565,,,,,,,,0.3536613778
25680,1.33273333,1.4539394990,1.4472583535,1.4272724389,1.3946159544,1.3492342279,1.2914428537,1.2218728635,1.1408740519,1.0492282927,0.9470496481,0.8344475864,0.7108949434,0.5737933606,0.4144758024,,,,,,,,0.3527405514
25740,1.33220000,1.4503139108,1.4436465846,1.4236982965,1.3911028706,1.3458141105,1.2881354172,1.2186945047,1.1378572708,1.0463868598,0.9444042699,0.8320152568,0.7086771408,0.5717644077,0.4125407087,,,,,,,,0.3518218751
25800,1.33166667,1.4466971540,1.4400436435,1.4201329863,1.3875986213,1.3424027785,1.2848367066,1.2155247971,1.1348489578,1.0435536651,0.9417667997,0.8295903893,0.7064662238,0.5697415586,0.4106104909,,,,,,,,0.3509053801
25860,1.33113333,1.4430892244,1.4364495257,1.4165765023,1.3841031980,1.3390002207,1.2815467080,1.2123637234,1.1318490929,1.0407286861,0.9391372117,0.8271729539,0.7042621609,0.5677247961,0.4086851592,,,,,,,,0.3499910913
25920,1.33060000,1.4394901177,1.4328642263,1.4130288382,1.3806165924,1.3356064260,1.2782654069,1.2092112661,1.1288576560,1.0379119000,0.9365154802,0.8247629212,0.7020649221,0.5657141043,0.4067647196,,,,,,,,0.3490790286
25980,1.33006667,1.4358998293,1.4292877401,1.4094899874,1.3771387956,1.3322213829,1.2749927890,1.2060674077,1.1258746270,1.0351032838,0.9339015792,0.8223602622,0.6998744792,0.5637094681,0.4048491745,,,,,,,,0.3481692079
26040,1.32953333,1.4323183544,1.4257200620,1.4059599433,1.3736697987,1.3288450800,1.2717288399,1.2029321309,1.1228999855,1.0323028146,0.9312954829,0.8199649482,0.6976908055,0.5617108729,0.4029385239,,,,,,,,0.3472616423
26100,1.32900000,1.4287456877,1.4221611862,1.4024386987,1.3702095927,1.3254775056,1.2684735451,1.1998054181,1.1199337116,1.0295104695,0.9286971653,0.8175769514,0.6955138752,0.5597183045,0.4010198736,,,,,,,,0.3463563420
26160,1.32846667,1.4251818238,1.4186111067,1.3989262466,1.3667581683,1.3221186478,1.2652268900,1.1966872517,1.1169757849,1.0267262254,0.9261066006,0.8151962442,0.6933436638,0.5577317485,0.3991004589,,,,,,,,0.3454533155
26220,1.32793333,1.4216267570,1.4150698176,1.3954225794,1.3633155160,1.3187644592,1.2619888599,1.1935776143,1.1140261853,1.0239500594,0.9235237632,0.8128227998,0.6911801477,0.5557511909,0.3971858473,,,,,,,,0.3445525695
26280,1.32740000,1.4180804814,1.4115373124,1.3919276894,1.3598816260,1.3154162899,1.2587594400,1.1904764880,1.1110848923,1.0211819482,0.9209486275,0.8104565920,0.6890173496,0.5537766173,0.3952760315,,,,,,,,0.3436541092
26340,1.32686667,1.4145429907,1.4080135844,1.3884415688,1.3564564887,1.3120768325,1.2555386156,1.1873838553,1.1081518856,1.0184218690,0.9183811684,0.8080975950,0.6868570734,0.5518080136,0.3933710028,,,,,,,,0.3427579388
26400,1.32633333,1.4110142786,1.4044986269,1.3849642094,1.3530400940,1.3087460746,1.2523263716,1.1842996983,1.1052271450,1.0156697987,0.9158213606,0.8057457835,0.6847034342,0.5498453653,0.3914707519,,,,,,,,0.3418640611
26460,1.32580000,1.4074943382,1.4009924326,1.3814956030,1.3496324317,1.3054240038,1.2491226932,1.1812239993,1.1023106500,1.0129257143,0.9132691794,0.8034011328,0.6825564106,0.5478886579,0.3895752683,,,,,,,,0.3409724784
26520,1.32526667,1.4039831627,1.3974949942,1.3780357410,1.3462334915,1.3021106074,1.2459275651,1.1781567405,1.0994023802,1.0101895930,0.9107246002,0.8010636185,0.6804159814,0.5459378767,0.3876845410,,,,,,,,0.3400831920
26580,1.32473333,1.4004807449,1.3940063043,1.3745846147,1.3428432629,1.2988058727,1.2427352508,1.1750979040,1.0965023153,1.0074614119,0.9081875987,0.7987332167,0.6782821261,0.5439930069,0.3857985583,,,,,,,,0.3391962026
26640,1.32420000,1.3969870774,1.3905263550,1.3711422153,1.3394617352,1.2955097867,1.2395496584,1.1720474718,1.0936104347,1.0047411484,0.9056581506,0.7964099039,0.6761548243,0.5420540338,0.3839173081,,,,,,,,0.3383115102
26700,1.32366667,1.3935021526,1.3870551383,1.3677085335,1.3360888976,1.2922223364,1.2363726055,1.1690054259,1.0907267182,1.0020287798,0.9031362323,0.7940936569,0.6740340559,0.5401209423,0.3820407776,,,,,,,,0.3374291145
26760,1.32313333,1.3900259627,1.3835926462,1.3642835602,1.3327247392,1.2889435088,1.2332040764,1.1659717484,1.0878511453,0.9993242836,0.9006218200,0.7917844528,0.6719198011,0.5381937172,0.3801587534,,,,,,,,0.3365490146
26820,1.32260000,1.3865584997,1.3801388700,1.3608672859,1.3293692487,1.2856732905,1.2300440556,1.1629464211,1.0849836958,0.9966276375,0.8981148903,0.7894822691,0.6698120403,0.5362650048,0.3782728950,,,,,,,,0.3356712092
26880,1.32206667,1.3830997553,1.3766938014,1.3574597009,1.3260224149,1.2824116683,1.2268925274,1.1599294259,1.0821243491,0.9939388191,0.8956154202,0.7871870835,0.6677107539,0.5343359878,0.3763916277,,,,,,,,0.3347956967
26940,1.32153333,1.3796497210,1.3732574314,1.3540607953,1.3226842264,1.2791586286,1.2237494759,1.1569207448,1.0792730851,0.9912578062,0.8931233868,0.7848988741,0.6656159227,0.5324127777,0.3745149369,,,,,,,,0.3339224751
27000,1.32100000,1.3762083882,1.3698297512,1.3506705593,1.3193546717,1.2759141580,1.2206148854,1.1539203596,1.0764298834,0.9885845770,0.8906387672,0.7826176191,0.6635275276,0.5304953592,0.3726428076,,,,,,,,0.3330515422
27060,1.32066667,1.3727765259,1.3664130802,1.3472972952,1.3160520074,1.2727099263,1.2175367799,1.1509951055,1.0736824319,0.9860325760,0.8883024273,0.7805134113,0.6616547530,0.5288439606,0.3711281637,,,,,,,,0.3321769002
27120,1.32033333,1.3693543774,1.3630060984,1.3439336565,1.3127588610,1.2695150505,1.2144678028,1.1480786769,1.0709434203,0.9834885629,0.8859735294,0.7784160121,0.6597880933,0.5271977538,0.3696149641,,,,,,,,0.3313014570
27180,1.32000000,1.3659419250,1.3596087881,1.3405796245,1.3094752123,1.2663295089,1.2114079309,1.1451710491,1.0682128225,0.9809525106,0.8836520470,0.7763253964,0.6579275129,0.5255565699,0.3681038898,,,,,,,,0.3304264457
27240,1.31966667,1.3625391510,1.3562211312,1.3372351804,1.3062010414,1.2631532799,1.2083571407,1.1422721969,1.0654906122,0.9784243927,0.8813379538,0.7742393182,0.6560729664,0.5239202788,0.3665953518,,,,,,,,0.3295523892
27300,1.31933333,1.3591460377,1.3528431097,1.3339003053,1.3029363281,1.2599863418,1.2053154091,1.1393820957,1.0627767636,0.9759041824,0.8790312235,0.7721566581,0.6542244026,0.5222887977,0.3650896114,,,,,,,,0.3286795927
27360,1.31900000,1.3557625670,1.3494747052,1.3305749802,1.2996810521,1.2568286729,1.2022827125,1.1365007206,1.0600712507,0.9733918533,0.8767318295,0.7700807094,0.6523817693,0.5206620786,0.3635868484,,,,,,,,0.3278082602
27420,1.31866667,1.3523887208,1.3461158993,1.3272591858,1.2964351930,1.2536802513,1.1992590277,1.1336280467,1.0573740478,0.9708873791,0.8744397448,0.7680114401,0.6505450164,0.5190400952,0.3620871940,,,,,,,,0.3269385389
27480,1.31833333,1.3490244807,1.3427666736,1.3239529028,1.2931987305,1.2505410552,1.1962443312,1.1307640494,1.0546851289,0.9683907334,0.8721549420,0.7659488164,0.6487140982,0.5174228342,0.3605907473,,,,,,,,0.3260705404
27540,1.31800000,1.3456698284,1.3394270093,1.3206561119,1.2899716440,1.2474110626,1.1932385997,1.1279087039,1.0520044686,0.9659018898,0.8698773930,0.7638928044,0.6468889732,0.5158102900,0.3590911635,,,,,,,,0.3252043521
27600,1.31766667,1.3423247453,1.3360968876,1.3173687935,1.2867539128,1.2442902516,1.1902418098,1.1250619856,1.0493320411,0.9634208217,0.8676070693,0.7618433697,0.6450696047,0.5142024612,0.3575895947,,,,,,,,0.3243400445
27660,1.31733333,1.3389892126,1.3327762896,1.3140909280,1.2835455163,1.2411786002,1.1872539381,1.1222238698,1.0466678209,0.9609475026,0.8653439422,0.7598004787,0.6432559597,0.5125993487,0.3560913539,,,,,,,,0.3234776753
27720,1.31700000,1.3356632115,1.3294651962,1.3108224957,1.2803464336,1.2380760862,1.1842749611,1.1193943318,1.0440117823,0.9584819057,0.8630879825,0.7577640982,0.6414480090,0.5110009542,0.3545964807,,,,,,,,0.3226172927
27780,1.31666667,1.3323467231,1.3261635883,1.3075634766,1.2771566440,1.2349826876,1.1813048554,1.1165733471,1.0413638997,0.9560240041,0.8608391611,0.7557341960,0.6396457259,0.5094072798,0.3531050071,,,,,,,,0.3217589371
27840,1.31633333,1.3290397283,1.3228714466,1.3043138509,1.2739761264,1.2318983823,1.1783435977,1.1137608910,1.0387241476,0.9535737708,0.8585974485,0.7537107410,0.6378490864,0.5078183274,0.3516169593,,,,,,,,0.3209026431
27900,1.31600000,1.3257422079,1.3195887516,1.3010735985,1.2708048598,1.2288231479,1.1753911644,1.1109569391,1.0360925004,0.9511311787,0.8563628158,0.7516937032,0.6360580685,0.5062340986,0.3501323587,,,,,,,,0.3200484401
27960,1.31566667,1.3224541425,1.3163154838,1.2978426993,1.2676428233,1.2257569623,1.1724475322,1.1081614667,1.0334689322,0.9486962008,0.8541352340,0.7496830535,0.6342726517,0.5046545941,0.3486512226,,,,,,,,0.3191963535
28020,1.31533333,1.3191755129,1.3130516237,1.2946211331,1.2644899956,1.2226998033,1.1695126776,1.1053744492,1.0308534175,0.9462688098,0.8519146745,0.7476787640,0.6324928170,0.5030798142,0.3471735648,,,,,,,,0.3183464055
28080,1.31500000,1.3159062994,1.3097971515,1.2914088795,1.2613463554,1.2196516484,1.1665865770,1.1025958621,1.0282459305,0.9438489786,0.8497011089,0.7456808077,0.6307185462,0.5015097584,0.3456993965,,,,,,,,0.3174986151
28140,1.31466667,1.3126464823,1.3065520473,1.2882059181,1.2582118816,1.2166124754,1.1636692072,1.0998256808,1.0256464454,0.9414366802,0.8474945092,0.7436891585,0.6289498223,0.4999444256,0.3442287261,,,,,,,,0.3166529991
28200,1.31433333,1.3093960421,1.3033162913,1.2850122285,1.2550865529,1.2135822619,1.1607605444,1.0970638806,1.0230549366,0.9390318875,0.8452948479,0.7417037913,0.6271866289,0.4983838137,0.3427615602,,,,,,,,0.3158095719
28260,1.31400000,1.3061549587,1.3000898634,1.2818277901,1.2519703477,1.2105609855,1.1578605653,1.0943104369,1.0204713783,0.9366345736,0.8431020978,0.7397246815,0.6254289501,0.4968279203,0.3412979032,,,,,,,,0.3149683464
28320,1.31366667,1.3029232123,1.2968727436,1.2786525823,1.2488632446,1.2075486237,1.1549692463,1.0915653251,1.0178957448,0.9342447119,0.8409162321,0.7377518055,0.6236767705,0.4952767423,0.3398377582,,,,,,,,0.3141293336
28380,1.31333333,1.2997007828,1.2936649115,1.2754865842,1.2457652222,1.2045451539,1.1520865639,1.0888285206,1.0153280104,0.9318622756,0.8387372247,0.7357851401,0.6219300753,0.4937302757,0.3383708423,,,,,,,,0.3132925432
28440,1.31300000,1.2964876502,1.2904663470,1.2723297753,1.2426762588,1.2015505538,1.1492124944,1.0860999988,1.0127681495,0.9294872383,0.8365650494,0.7338246630,0.6201888496,0.4921885163,0.3369061096,,,,,,,,0.3124579837
28500,1.31266667,1.2932837941,1.2872770297,1.2691821344,1.2395963329,1.1985648007,1.1463470143,1.0833797349,1.0102161364,0.9271195739,0.8343996809,0.7318703522,0.6184530792,0.4906514593,0.3354448184,,,,,,,,0.3116256624
28560,1.31233333,1.2900891944,1.2840969390,1.2660436408,1.2365254228,1.1955878721,1.1434901000,1.0806677045,1.0076719457,0.9247592563,0.8322410940,0.7299221862,0.6167227497,0.4891190992,0.3339869665,,,,,,,,0.3107955855
28620,1.31200000,1.2869038306,1.2809260546,1.2629142735,1.2334635067,1.1926197452,1.1406417279,1.0779638828,1.0051355519,0.9224062597,0.8300892640,0.7279801440,0.6149978470,0.4875914302,0.3325325506,,,,,,,,0.3099677586
28680,1.31166667,1.2837276822,1.2777643557,1.2597940113,1.2304105628,1.1896603976,1.1378018744,1.0752682453,1.0026069296,0.9200605584,0.8279441665,0.7260442050,0.6132783572,0.4860684460,0.3310815669,,,,,,,,0.3091421862
28740,1.31133333,1.2805607288,1.2746118216,1.2566828331,1.2273665694,1.1867098064,1.1349705157,1.0725807674,1.0000860536,0.9177221271,0.8258057775,0.7241143490,0.6115642664,0.4845501400,0.3296340106,,,,,,,,0.3083188724
28800,1.31100000,1.2774029496,1.2714684317,1.2535807177,1.2243315045,1.1837679489,1.1321476283,1.0699014247,0.9975728987,0.9153909406,0.8236740734,0.7221905561,0.6098555608,0.4830365052,0.3281898763,,,,,,,,0.3074978203
28860,1.31060000,1.2742540845,1.2683334432,1.2504850609,1.2212996657,1.1808249459,1.1293182362,1.0672093714,0.9950401016,0.9130315566,0.8215049710,0.7202183917,0.6080863094,0.4814448128,0.3266298854,,,,,,,,0.3066809287
28920,1.31020000,1.2711140349,1.2652072436,1.2473981244,1.2182764341,1.1778903838,1.1264970576,1.0645252364,0.9925148548,0.9106793009,0.8193424952,0.7182522960,0.6063225144,0.4798579723,0.3250743829,,,,,,,,0.3058672754
28980,1.30980000,1.2679827828,1.2620898149,1.2443198898,1.2152617902,1.1749642422,1.1236840712,1.0618489974,0.9899971355,0.9083341502,0.8171866243,0.7162922509,0.6045641676,0.4782760286,0.3235230384,,,,,,,,0.3050564707
29040,1.30940000,1.2648603101,1.2589811387,1.2412503381,1.2122557145,1.1720465007,1.1208792555,1.0591806320,0.9874869206,0.9059960820,0.8150373372,0.7143382390,0.6028112642,0.4766963461,0.3219640616,,,,,,,,0.3042483495
29100,1.30900000,1.2617465984,1.2558811965,1.2381894504,1.2092581874,1.1691371387,1.1180825892,1.0565201179,0.9849841873,0.9036650734,0.8128946128,0.7123902441,0.6010638010,0.4751133611,0.3204073383,,,,,,,,0.3034428153
29160,1.30860000,1.2586416293,1.2527899699,1.2351372080,1.2062691895,1.1662361360,1.1152940507,1.0538674329,0.9824889130,0.9013411021,0.8107584305,0.7104482506,0.5993217750,0.4735352957,0.3188543441,,,,,,,,0.3026398030
29220,1.30820000,1.2555453846,1.2497074403,1.2320935917,1.2032887009,1.1633434719,1.1125136187,1.0512225547,0.9800010751,0.8990241458,0.8086287702,0.7085122438,0.5975851826,0.4719621417,0.3173050210,,,,,,,,0.3018392652
29280,1.30780000,1.2524578456,1.2466335890,1.2290585826,1.2003167019,1.1604591259,1.1097412718,1.0485854613,0.9775206510,0.8967141827,0.8065056123,0.7065822096,0.5958540184,0.4703938874,0.3157593214,,,,,,,,0.3010411654
29340,1.30740000,1.2493789938,1.2435683975,1.2260321615,1.1973531729,1.1575830774,1.1069769886,1.0459561304,0.9750476185,0.8944111910,0.8043889373,0.7046581342,0.5941229429,0.4688305183,0.3142172053,,,,,,,,0.3002454743
29400,1.30700000,1.2463088106,1.2405118470,1.2230143092,1.1943980941,1.1547153059,1.1042207476,1.0433345401,0.9725819555,0.8921151492,0.8022787263,0.7027400041,0.5923949072,0.4672720191,0.3126786375,,,,,,,,0.2994521677
29460,1.30660000,1.2432472773,1.2374639185,1.2200050066,1.1914514454,1.1518557907,1.1014725275,1.0407206684,0.9701236397,0.8898260362,0.8001749609,0.7008278057,0.5906722795,0.4657183736,0.3111435865,,,,,,,,0.2986612251
29520,1.30620000,1.2401943751,1.2344234264,1.2170042344,1.1885132072,1.1490045113,1.0987323069,1.0381144935,0.9676726494,0.8875438309,0.7980776227,0.6989215253,0.5889550492,0.4641695655,0.3096019143,,,,,,,,0.2978726289
29580,1.30580000,1.2371500852,1.2313913153,1.2140119732,1.1855833595,1.1461614470,1.0960000645,1.0355159934,0.9652289627,0.8852685126,0.7959866938,0.6970211493,0.5872432050,0.4626255782,0.3080618100,,,,,,,,0.2970863635
29640,1.30540000,1.2341143887,1.2283677764,1.2110282036,1.1826618823,1.1433265771,1.0932757789,1.0329251465,0.9627925581,0.8830000609,0.7939021563,0.6951266634,0.5855367348,0.4610863953,0.3065250581,,,,,,,,0.2963024150
29700,1.30500000,1.2310872665,1.2253527907,1.2080529063,1.1797487556,1.1404998810,1.0905594289,1.0303419311,0.9603634142,0.8807384555,0.7918239927,0.6932380537,0.5838356257,0.4595520006,0.3049916346,,,,,,,,0.2955207709
29760,1.30460000,1.2280686998,1.2223463389,1.2050860618,1.1768439594,1.1376813380,1.0878509933,1.0277663255,0.9579415096,0.8784836763,0.7897521854,0.6913553057,0.5821398645,0.4580223777,0.3034615163,,,,,,,,0.2947414199
29820,1.30420000,1.2250586695,1.2193484019,1.2021276504,1.1739474737,1.1348709275,1.0851504507,1.0251983084,0.9555268232,0.8762357035,0.7876867170,0.6894784047,0.5804494376,0.4564975108,0.3019346811,,,,,,,,0.2939643512
29880,1.30380000,1.2220571563,1.2163589604,1.1991776527,1.1710592783,1.1320686288,1.0824577800,1.0226378583,0.9531193340,0.8739945173,0.7856275701,0.6876073359,0.5787643309,0.4549773840,0.3004065811,,,,,,,,0.2931895552
29940,1.30340000,1.2190641412,1.2133779952,1.1962360491,1.1681793533,1.1292744212,1.0797729600,1.0200849540,0.9507190212,0.8717600983,0.7835747275,0.6857420844,0.5770845303,0.4534619817,0.2988761031,,,,,,,,0.2924170226
30000,1.30300000,1.2160796049,1.2104054868,1.1933028199,1.1653076784,1.1264882840,1.0770959698,1.0175395741,0.9483258640,0.8695324270,0.7815281719,0.6838826349,0.5754100213,0.4519512883,0.2973487700,,,,,,,,0.2916467448
30060,1.30260000,1.2131035282,1.2074414158,1.1903779454,1.1624442335,1.1237101967,1.0744267881,1.0150016977,0.9459398419,0.8673114841,0.7794878861,0.6820289723,0.5737407893,0.4504452886,0.2958245613,,,,,,,,0.2908787135
30120,1.30220000,1.2101358916,1.2044857629,1.1874614059,1.1595889984,1.1209401385,1.0717653940,1.0124713035,0.9435609345,0.8650972506,0.7774538528,0.6801810810,0.5720768195,0.4489439674,0.2943034571,,,,,,,,0.2901129209
30180,1.30180000,1.2071766758,1.2015385085,1.1845531816,1.1567419531,1.1181780888,1.0691117665,1.0099483709,0.9411891213,0.8628897073,0.7754260549,0.6783389456,0.5704180972,0.4474473097,0.2927803001,,,,,,,,0.2893493595
30240,1.30140000,1.2042258614,1.1985996331,1.1816532528,1.1539030772,1.1154240271,1.0664658847,1.0074328788,0.9388243823,0.8606888353,0.7734044750,0.6765025503,0.5687646074,0.4459553006,0.2912575779,,,,,,,,0.2885880219
30300,1.30100000,1.2012834290,1.1956691172,1.1787615997,1.1510723506,1.1126779326,1.0638277278,1.0049248065,0.9364638832,0.8584946158,0.7713890961,0.6746718796,0.5671163351,0.4444679254,0.2897378408,,,,,,,,0.2878289013
30360,1.30060000,1.1983493590,1.1927469411,1.1758782024,1.1482497531,1.1099397849,1.0611972749,1.0024241334,0.9341076941,0.8563070299,0.7693799009,0.6728469175,0.5654732654,0.4429851695,0.2882187186,,,,,,,,0.2870719908
30420,1.30020000,1.1954236318,1.1898330851,1.1730030411,1.1454352644,1.1072095633,1.0585745054,0.9999308389,0.9317585415,0.8541260589,0.7673768723,0.6710276483,0.5638353833,0.4415070183,0.2867000160,,,,,,,,0.2863172839
30480,1.29980000,1.1925062280,1.1869275297,1.1701360958,1.1426288644,1.1044872473,1.0559593985,0.9974449025,0.9294164056,0.8519516841,0.7653757527,0.6692140561,0.5622026737,0.4400334575,,,,,,,,,0.2855647740
30540,1.29940000,1.1895971279,1.1840302551,1.1672773467,1.1398305328,1.1017728164,1.0533519335,0.9949663037,0.9270812665,0.8497838871,0.7633791338,0.6674061249,0.5605751215,0.4385644727,,,,,,,,,0.2848144550
30600,1.29900000,1.1866963118,1.1811412416,1.1644267739,1.1370402494,1.0990662501,1.0507520899,0.9924950223,0.9247531045,0.8476226492,0.7613886461,0.6656038389,0.5589527118,0.4371000499,,,,,,,,,0.2840663206
30660,1.29873333,1.1838042043,1.1782622557,1.1615891857,1.1342686203,1.0963859776,1.0481878552,0.9900700729,0.9224850402,0.8455345367,0.7594892411,0.6639100570,0.5574631776,0.4358023588,,,,,,,,,0.2833167524
30720,1.29846667,1.1809209295,1.1753920698,1.1587602886,1.1315055110,1.0937139834,1.0456315854,0.9876527041,0.9202241217,0.8434530593,0.7575959366,0.6622217882,0.5559785487,0.4345087772,,,,,,,,,0.2825675122
30780,1.29820000,1.1780464624,1.1725306590,1.1559400574,1.1287508965,1.0910502426,1.0430832557,0.9852428921,0.9179703263,0.8413781959,0.7557087134,0.6605390144,0.5544987980,0.4332191820,,,,,,,,,0.2818193407
30840,1.29793333,1.1751807781,1.1696779983,1.1531284672,1.1260047518,1.0883947303,1.0405428418,0.9828406130,0.9157236315,0.8393099254,0.7538275520,0.6588617165,0.5530238921,0.4319334966,,,,,,,,,0.2810725486
30900,1.29766667,1.1723238515,1.1668340626,1.1503254930,1.1232670518,1.0857474216,1.0380103192,0.9804458432,0.9134840147,0.8372482269,0.7519524328,0.6571898741,0.5515537950,0.4306516808,,,,,,,,,0.2803273158
30960,1.29740000,1.1694756578,1.1639988270,1.1475311098,1.1205377717,1.0831082918,1.0354856634,0.9780585592,0.9112514534,0.8351930794,0.7500833362,0.6555234655,0.5500884712,0.4293737158,,,,,,,,,0.2795837607
31020,1.29713333,1.1666361720,1.1611722666,1.1447452927,1.1178168866,1.0804773162,1.0329688503,0.9756787374,0.9090259253,0.8331444621,0.7482202421,0.6538624678,0.5486278875,0.4280995942,,,,,,,,,0.2788419680
31080,1.29686667,1.1638053692,1.1583543565,1.1419680168,1.1151043715,1.0778544700,1.0304598556,0.9733063545,0.9068074081,0.8311023538,0.7463631299,0.6522068576,0.5471720138,0.4268236728,,,,,,,,,0.2781020007
31140,1.29660000,1.1609832246,1.1555450716,1.1391992572,1.1124002017,1.0752397288,1.0279586552,0.9709413871,0.9045958796,0.8290667338,0.7445119790,0.6505566110,0.5457208235,0.4255493467,,,,,,,,,0.2773639079
31200,1.29633333,1.1581697131,1.1527443872,1.1364389890,1.1097043524,1.0726330679,1.0254652250,0.9685838120,0.9023913174,0.8270375808,0.7426667683,0.6489117044,0.5442742925,0.4242788507,,,,,,,,,0.2766277281
31260,1.29606667,1.1553648099,1.1499522784,1.1336871874,1.1070167989,1.0700344628,1.0229795412,0.9662336061,0.9001936996,0.8250148737,0.7408274763,0.6472721143,0.5428323993,0.4230121868,,,,,,,,,0.2758934926
31320,1.29580000,1.1525684903,1.1471687202,1.1309438275,1.1043375164,1.0674438892,1.0205015797,0.9638907461,0.8980030039,0.8229985913,0.7389940815,0.6456378177,0.5413951245,0.4217493564,,,,,,,,,0.2751612269
31380,1.29553333,1.1497807292,1.1443936878,1.1282088848,1.1016664804,1.0648613227,1.0180313167,0.9615552092,0.8958192083,0.8209887123,0.7371665623,0.6440087922,0.5399624502,0.4204903604,,,,,,,,,0.2744309521
31440,1.29526667,1.1470015020,1.1416271565,1.1254823343,1.0990036661,1.0622867391,1.0155687285,0.9592269723,0.8936422907,0.8189852152,0.7353448971,0.6423850160,0.5385343599,0.4192351990,,,,,,,,,0.2737026857
31500,1.29500000,1.1442307838,1.1388691014,1.1227641514,1.0963490492,1.0597201139,1.0131137914,0.9569060125,0.8914722288,0.8169880786,0.7335290643,0.6407664680,0.5371108382,0.4179838719,,,,,,,,,0.2729764424
31560,1.29473333,1.1414685499,1.1361194979,1.1200543114,1.0937026051,1.0571614232,1.0106664816,0.9545923070,0.8893090008,0.8149972810,0.7317190423,0.6391531275,0.5356918704,0.4167363778,,,,,,,,,0.2722522344
31620,1.29446667,1.1387147755,1.1333783211,1.1173527897,1.0910643093,1.0546106427,1.0082267758,0.9522858328,0.8871525844,0.8130128008,0.7299148098,0.6375449745,0.5342774426,0.4154927149,,,,,,,,,0.2715300721
31680,1.29420000,1.1359694359,1.1306455463,1.1146595618,1.0884341374,1.0520677484,1.0057946503,0.9499865673,0.8850029576,0.8110346166,0.7281163455,0.6359419896,0.5328675414,0.4142528806,,,,,,,,,0.2708099641
31740,1.29393333,1.1332325064,1.1279211490,1.1119746030,1.0858120651,1.0495327164,1.0033700817,0.9476944876,0.8828600983,0.8090627068,0.7263236286,0.6343438840,0.5314621539,0.4130168719,,,,,,,,,0.2700919176
31800,1.29366667,1.1305039624,1.1252051045,1.1092978889,1.0831980681,1.0470055225,1.0009530465,0.9454095711,0.8807239845,0.8070970500,0.7245366381,0.6327469666,0.5300612673,0.4117846851,,,,,,,,,0.2693759387
31860,1.29340000,1.1277837792,1.1224973882,1.1066293949,1.0805921221,1.0444861431,0.9985435215,0.9431317950,0.8785945941,0.8051376248,0.7227553535,0.6311551692,0.5286648693,0.4105563161,,,,,,,,,0.2686620323
31920,1.29313333,1.1250719324,1.1197979754,1.1039690968,1.0779942029,1.0419745541,0.9961414832,0.9408611369,0.8764719051,0.8031844099,0.7209797545,0.6295684739,0.5272729476,0.4093317603,,,,,,,,,0.2679502025
31980,1.29286667,1.1223683972,1.1171068418,1.1013169700,1.0754042863,1.0394707319,0.9937469086,0.9385975739,0.8743558955,0.8012373840,0.7192098210,0.6279868635,0.5258854902,0.4081110125,,,,,,,,,0.2672404525
32040,1.29260000,1.1196731493,1.1144239629,1.0986729903,1.0728223483,1.0369746526,0.9913597742,0.9363410836,0.8722465434,0.7992965260,0.7174455329,0.6264103208,0.5245024852,0.4068940674,,,,,,,,,0.2665327849
32100,1.29233333,1.1169861641,1.1117493141,1.0960371333,1.0702483648,1.0344862927,0.9889800571,0.9340916435,0.8701438269,0.7973613407,0.7156868707,0.6248388289,0.5231239206,0.4056809191,,,,,,,,,0.2658272016
32160,1.29206667,1.1143074172,1.1090828710,1.0934093749,1.0676823118,1.0320056284,0.9866077340,0.9318492311,0.8680477242,0.7954291543,0.7139338148,0.6232723713,0.5217497847,0.4044715614,,,,,,,,,0.2651237040
32220,1.29180000,1.1116368841,1.1064246094,1.0907896907,1.0651241652,1.0295326363,0.9842427820,0.9296138239,0.8659582134,0.7935030859,0.7121863460,0.6217109317,0.5203800658,0.4032659880,,,,,,,,,0.2644222929
32280,1.29153333,1.1089745407,1.1037745049,1.0881780567,1.0625739013,1.0270672926,0.9818851779,0.9273853995,0.8638752730,0.7915831147,0.7104444452,0.6201544938,0.5190147521,0.4020641920,,,,,,,,,0.2637229687
32340,1.29126667,1.1063203624,1.1011325332,1.0855744486,1.0600314961,1.0246095741,0.9795348988,0.9251639356,0.8617988811,0.7896692200,0.7087080934,0.6186030417,0.5176538319,0.4008661664,,,,,,,,,0.2630257315
32400,1.29100000,1.1036743250,1.0984986700,1.0829788426,1.0574969258,1.0221594571,0.9771919219,0.9229494099,0.8597290163,0.7877613814,0.7069772719,0.6170565596,0.5162972936,0.3996719041,,,,,,,,,0.2623305809
32460,1.29066667,1.1010362005,1.0958720635,1.0803889722,1.0549652269,1.0197083350,0.9748431824,0.9207236056,0.8576408483,0.7858275543,0.7052121206,0.6154656065,0.5148846997,0.3984018916,,,,,,,,,0.2616392328
32520,1.29033333,1.0984058987,1.0932532519,1.0778068017,1.0524410812,1.0172645604,0.9725015248,0.9185045583,0.8555590725,0.7838996978,0.7034524662,0.6138796454,0.5134765659,0.3971358368,,,,,,,,,0.2609508424
32580,1.29000000,1.0957833980,1.0906422135,1.0752323093,1.0499244674,1.0148281122,0.9701669282,0.9162922477,0.8534836690,0.7819777929,0.7016982914,0.6122986619,0.5120728863,0.3958737860,,,,,,,,,0.2602650532
32640,1.28966667,1.0931686766,1.0880389267,1.0726654737,1.0474153639,1.0123989693,0.9678393717,0.9140866532,0.8514146180,0.7800618209,0.6999495789,0.6107226419,0.5106736577,0.3946157591,,,,,,,,,0.2595817136
32700,1.28933333,1.0905617129,1.0854433698,1.0701062732,1.0449137494,1.0099771104,0.9655188347,0.9118877547,0.8493518998,0.7781517629,0.6982063120,0.6091515723,0.5092788785,0.3933617577,,,,,,,,,0.2589007339
32760,1.28900000,1.0879624853,1.0828555213,1.0675546863,1.0424196027,1.0075625146,0.9632052964,0.9096955318,0.8472954948,0.7762476004,0.6964684738,0.6075854405,0.5078885464,0.3921117735,,,,,,,,,0.2582220534
32820,1.28866667,1.0853709723,1.0802753595,1.0650106917,1.0399329024,1.0051551608,0.9608987361,0.9075099644,0.8452453834,0.7743493148,0.6947360480,0.6060242346,0.5064965856,0.3908657931,,,,,,,,,0.2575456275
32880,1.28833333,1.0827871522,1.0777028630,1.0624742679,1.0374536273,1.0027550279,0.9585991330,0.9053310322,0.8432015460,0.7724568880,0.6930090184,0.6044679431,0.5051084989,0.3896238010,,,,,,,,,0.2568714215
32940,1.28800000,1.0802110035,1.0751380102,1.0599453935,1.0349817562,1.0003620950,0.9563064667,0.9031587152,0.8411639634,0.7705703016,0.6912873692,0.6029165547,0.5037248474,0.3883857808,,,,,,,,,0.2561994072
33000,1.28766667,1.0776425047,1.0725807797,1.0574240472,1.0325172678,0.9979763412,0.9540207165,0.9009929933,0.8391326161,0.7686895377,0.6895710848,0.6013700581,0.5023456233,0.3871517155,,,,,,,,,0.2555295614
33060,1.28733333,1.0750816344,1.0700311500,1.0549102077,1.0300601411,0.9955977456,0.9517418619,0.8988338466,0.8371074851,0.7668145784,0.6878601498,0.5998284421,0.5009708179,0.3859215886,,,,,,,,,0.2548618642
33120,1.28700000,1.0725283711,1.0674890998,1.0524038536,1.0276103548,0.9932262873,0.9494698824,0.8966812551,0.8350885511,0.7649454061,0.6861545491,0.5982916951,0.4996004212,0.3846953834,,,,,,,,,0.2541962980
33180,1.28666667,1.0699826935,1.0649546076,1.0499049638,1.0251678880,0.9908619455,0.9472047576,0.8945351991,0.8330757952,0.7630820031,0.6844542676,0.5967598055,0.4982344229,0.3834730840,,,,,,,,,0.2535328477
33240,1.28633333,1.0674445801,1.0624276521,1.0474135170,1.0227327196,0.9885046994,0.9449464672,0.8923956587,0.8310691985,0.7612243522,0.6827592906,0.5952327614,0.4968728117,0.3822546745,,,,,,,,,0.2528714995
33300,1.28600000,1.0649140096,1.0599082120,1.0449294920,1.0203048286,0.9861545283,0.9426949908,0.8902626142,0.8290687423,0.7593724360,0.6810696031,0.5937105507,0.4955155761,0.3810401395,,,,,,,,,0.2522122408
33360,1.28566667,1.0623909608,1.0573962660,1.0424528677,1.0178841940,0.9838114115,0.9404503081,0.8881360460,0.8270744077,0.7575262375,0.6793851904,0.5921931609,0.4941627039,0.3798294640,,,,,,,,,0.2515550601
33420,1.28533333,1.0598754123,1.0548917929,1.0399836229,1.0154707948,0.9814753284,0.9382123989,0.8860159345,0.8250861763,0.7556857397,0.6777060378,0.5906805797,0.4928141830,0.3786164391,,,,,,,,,0.2508999470
33480,1.28500000,1.0573673430,1.0523947714,1.0375217367,1.0130646103,0.9791462583,0.9359812431,0.8839022603,0.8231040295,0.7538509257,0.6760321306,0.5891727943,0.4914700007,0.3774025790,,,,,,,,,0.2502468914
33540,1.28466667,1.0548667316,1.0499051805,1.0350671878,1.0106656195,0.9768241808,0.9337568206,0.8817950039,0.8211279490,0.7520217787,0.6743634541,0.5876697917,0.4901301443,0.3761925153,,,,,,,,,0.2495958841
33600,1.28433333,1.0523735569,1.0474229988,1.0326199555,1.0082738016,0.9745090752,0.9315391113,0.8796941462,0.8191579166,0.7501982820,0.6726999935,0.5861715588,0.4887946010,0.3749862341,,,,,,,,,0.2489469163
33660,1.28400000,1.0498877978,1.0449482055,1.0301800185,1.0058891358,0.9722009211,0.9293280952,0.8775996677,0.8171939140,0.7483804190,0.6710417341,0.5846780826,0.4874633579,0.3737837218,,,,,,,,,0.2482999795
33720,1.28366667,1.0474094333,1.0424807793,1.0277473562,1.0035116015,0.9698996981,0.9271237524,0.8755115493,0.8152359231,0.7465681732,0.6693886612,0.5831893496,0.4861364019,0.3725849648,,,,,,,,,0.2476550660
33780,1.28333333,1.0449384421,1.0400206992,1.0253219474,1.0011411779,0.9676053859,0.9249260631,0.8734297720,0.8132839260,0.7447615281,0.6677407601,0.5817053465,0.4848137199,0.3713899499,,,,,,,,,0.2470121679
33840,1.28300000,1.0424748034,1.0375679443,1.0229037714,0.9987778443,0.9653179640,0.9227350075,0.8713543167,0.8113379047,0.7429604672,0.6660980159,0.5802260596,0.4834952988,0.3701986641,,,,,,,,,0.2463712779
33900,1.28266667,1.0400184961,1.0351224935,1.0204928074,0.9964215802,0.9630374124,0.9205505658,0.8692851646,0.8093978414,0.7411649741,0.6644604139,0.5787514756,0.4821811256,0.3690110944,,,,,,,,,0.2457323890
33960,1.28233333,1.0375694993,1.0326843260,1.0180890346,0.9940723650,0.9607637107,0.9183727183,0.8672222967,0.8074637183,0.7393750325,0.6628279392,0.5772815806,0.4808711870,0.3678272282,,,,,,,,,0.2450954941
34020,1.28200000,1.0351277920,1.0302534208,1.0156924321,0.9917301782,0.9584968387,0.9162014455,0.8651656942,0.8055355177,0.7375906260,0.6612005770,0.5758163610,0.4795654700,0.3666470528,,,,,,,,,0.2444605867
34080,1.28166667,1.0326933533,1.0278297571,1.0133029794,0.9893949992,0.9562367764,0.9140367277,0.8631153385,0.8036132220,0.7358117385,0.6595783124,0.5743558030,0.4782639614,0.3654705559,,,,,,,,,0.2438276601
34140,1.28133333,1.0302661624,1.0254133141,1.0109206558,0.9870668078,0.9539835038,0.9118785456,0.8610712109,0.8016968136,0.7340383537,0.6579611306,0.5728998929,0.4769666482,0.3642977250,,,,,,,,,0.2431967081
34200,1.28100000,1.0278461985,1.0230040709,1.0085454406,0.9847455834,0.9517370007,0.9097268797,0.8590332927,0.7997862749,0.7322704553,0.6563490168,0.5714486168,0.4756735171,0.3631285480,,,,,,,,,0.2425677243
34260,1.28073333,1.0254336286,1.0206027770,1.0061794037,0.9824359162,0.9495052655,0.9075939048,0.8570185961,0.7979048497,0.7305381156,0.6547794826,0.5700486931,0.4744433009,0.3620416586,,,,,,,,,0.2419390642
34320,1.28046667,1.0230284929,1.0182088861,1.0038206683,0.9801333911,0.9472804508,0.9054675677,0.8550101974,0.7960293432,0.7288112698,0.6532149811,0.5686533233,0.4732171415,0.3609581823,,,,,,,,,0.2413115310
34380,1.28020000,1.0206307682,1.0158223752,1.0014692117,0.9778379857,0.9450625347,0.9033478475,0.8530080764,0.7941597365,0.7270899007,0.6516554967,0.5672624928,0.4719950201,0.3598780544,,,,,,,,,0.2406854582
34440,1.27993333,1.0182404318,1.0134432214,0.9991250112,0.9755496779,0.9428514956,0.9012347231,0.8510122135,0.7922960111,0.7253739912,0.6501010135,0.5658761864,0.4707769147,0.3588012411,,,,,,,,,0.2400609832
34500,1.27966667,1.0158574607,1.0110714021,0.9967880443,0.9732684454,0.9406473119,0.8991281737,0.8490225887,0.7904381484,0.7236635240,0.6485515157,0.5644943884,0.4695628028,0.3577277263,,,,,,,,,0.2394381840
34560,1.27940000,1.0134818321,1.0087068944,0.9944582885,0.9709942660,0.9384499620,0.8970281786,0.8470391823,0.7885861300,0.7219584820,0.6470069874,0.5631170824,0.4683526624,0.3566575027,,,,,,,,,0.2388171109
34620,1.27913333,1.0111135233,1.0063496756,0.9921357213,0.9687271177,0.9362594243,0.8949347170,0.8450619747,0.7867399373,0.7202588482,0.6454674126,0.5617442518,0.4671464730,0.3555905663,,,,,,,,,0.2381977985
34680,1.27886667,1.0087525116,1.0039997232,0.9898203203,0.9664669785,0.9340756774,0.8928477683,0.8430909462,0.7848995519,0.7185646053,0.6439327750,0.5603758794,0.4659442156,0.3545269147,,,,,,,,,0.2375802721
34740,1.27860000,1.0063987743,1.0016570145,0.9875120633,0.9642138265,0.9318987000,0.8907673118,0.8411260773,0.7830649555,0.7168757362,0.6424030583,0.5590119484,0.4647458727,0.3534665457,,,,,,,,,0.2369645505
34800,1.27833333,1.0040522889,0.9993215271,0.9852109279,0.9619676397,0.9297284707,0.8886933272,0.8391673486,0.7812361297,0.7151922239,0.6408782460,0.5576524416,0.4635514282,0.3524094568,,,,,,,,,0.2363506479
34860,1.27806667,1.0017130328,0.9969932384,0.9829168918,0.9597283962,0.9275649683,0.8866257939,0.8372147404,0.7794130563,0.7135140511,0.6393583217,0.5562973422,0.4623608670,0.3513556453,,,,,,,,,0.2357385751
34920,1.27780000,0.9993809836,0.9946721261,0.9806299330,0.9574960744,0.9254081716,0.8845646915,0.8352682336,0.7775957170,0.7118412007,0.6378432687,0.5549466336,0.4611741750,0.3503051076,,,,,,,,,0.2351283405
34980,1.27753333,0.9970561188,0.9923581677,0.9783500294,0.9552706526,0.9232580594,0.8825099998,0.8333278088,0.7757840935,0.7101736554,0.6363330704,0.5536002994,0.4599913386,0.3492578400,,,,,,,,,0.2345199505
35040,1.27726667,0.9947384161,0.9900513411,0.9760771588,0.9530521091,0.9211146108,0.8804616985,0.8313934467,0.7739781677,0.7085113980,0.6348277101,0.5522583236,0.4588123450,0.3482138381,,,,,,,,,0.2339134098
35100,1.27700000,0.9924278531,0.9877516240,0.9738112994,0.9508404222,0.9189778047,0.8784197674,0.8294651282,0.7721779215,0.7068544114,0.6333271713,0.5509206904,0.4576371817,0.3471730971,,,,,,,,,0.2333087220
35160,1.27673333,0.9901244076,0.9854589941,0.9715524292,0.9486355706,0.9168476203,0.8763841863,0.8275428340,0.7703833366,0.7052026781,0.6318314374,0.5495873842,0.4564658365,0.3461356116,,,,,,,,,0.2327058896
35220,1.27646667,0.9878280575,0.9831734295,0.9693005263,0.9464375328,0.9147240366,0.8743549353,0.8256265451,0.7685943949,0.7035561812,0.6303404919,0.5482583898,0.4552982976,0.3451013762,,,,,,,,,0.2321049143
35280,1.27620000,0.9855387805,0.9808949080,0.9670555690,0.9442462873,0.9126070329,0.8723319942,0.8237162424,0.7668110783,0.7019149032,0.6288543185,0.5469336922,0.4541345533,0.3440703848,,,,,,,,,0.2315057970
35340,1.27593333,0.9832565547,0.9786234076,0.9648175355,0.9420618128,0.9104965884,0.8703153432,0.8218119068,0.7650333688,0.7002788271,0.6273729009,0.5456132765,0.4529745921,0.3430426311,,,,,,,,,0.2309085381
35400,1.27566667,0.9809813580,0.9763589064,0.9625864041,0.9398840881,0.9083926825,0.8683049623,0.8199135195,0.7632612483,0.6986479356,0.6258962228,0.5442971282,0.4518184027,0.3420181087,,,,,,,,,0.2303131373
35460,1.27540000,0.9787131684,0.9741013825,0.9603621532,0.9377130919,0.9062952946,0.8663008317,0.8180210614,0.7614946987,0.6970222117,0.6244242682,0.5429852328,0.4506659739,0.3409968108,,,,,,,,,0.2297195940
35520,1.27513333,0.9764519641,0.9718508141,0.9581447613,0.9355488032,0.9042044040,0.8643029316,0.8161345136,0.7597337022,0.6954016384,0.6229570210,0.5416775761,0.4495172944,0.3399787303,,,,,,,,,0.2291279072
35580,1.27486667,0.9741977232,0.9696071794,0.9559342068,0.9333912008,0.9021199903,0.8623112422,0.8142538574,0.7579782407,0.6937861985,0.6214944655,0.5403741439,0.4483723531,0.3389638601,,,,,,,,,0.2285380755
35640,1.27460000,0.9719504239,0.9673704567,0.9537304684,0.9312402638,0.9000420331,0.8603257439,0.8123790739,0.7562282963,0.6921758751,0.6200365857,0.5390749224,0.4472311390,0.3379430128,,,,,,,,,0.2279500973
35700,1.27433333,0.9697100445,0.9651406244,0.9515335246,0.9290959711,0.8979705120,0.8583464171,0.8105101443,0.7544838511,0.6905706514,0.6185833661,0.5377798976,0.4460936411,0.3369248873,,,,,,,,,0.2273639706
35760,1.27406667,0.9674765635,0.9629176610,0.9493433541,0.9269583018,0.8959054067,0.8563732422,0.8086470500,0.7527448874,0.6889705105,0.6171347910,0.5364890558,0.4449598483,0.3359099292,,,,,,,,,0.2267796933
35820,1.27380000,0.9652499590,0.9607015448,0.9471599357,0.9248272351,0.8938466968,0.8544061995,0.8067897721,0.7510113873,0.6873754355,0.6156908450,0.5352023835,0.4438297497,0.3348981308,,,,,,,,,0.2261972630
35880,1.27353333,0.9630302098,0.9584922544,0.9449832482,0.9227027503,0.8917943623,0.8524452697,0.8049382922,0.7492833330,0.6857854099,0.6142515127,0.5339198671,0.4427033344,0.3338894842,,,,,,,,,0.2256166771
35940,1.27326667,0.9608172941,0.9562897684,0.9428132705,0.9205848266,0.8897483828,0.8504904334,0.8030925917,0.7475607070,0.6842004168,0.6128167787,0.5326414931,0.4415805914,0.3328839815,,,,,,,,,0.2250379331
36000,1.27300000,0.9586111907,0.9540940655,0.9406499814,0.9184734432,0.8877087385,0.8485416711,0.8012526519,0.7458434916,0.6826204399,0.6113866278,0.5313672482,0.4404615097,0.3318816146,,,,,,,,,0.2244610279
36060,1.27276667,0.9564119643,0.9519054816,0.9384943321,0.9163707263,0.8856791457,0.8466046518,0.7994264076,0.7441425509,0.6810595675,0.6099786809,0.5301191660,0.4393739661,0.3309214225,,,,,,,,,0.2238851767
36120,1.27253333,0.9542196215,0.9497237504,0.9363454367,0.9142746071,0.8836559347,0.8446737404,0.7976059432,0.7424470220,0.6795036937,0.6085752809,0.5288751579,0.4382900110,0.3299642381,,,,,,,,,0.2233107650
36180,1.27230000,0.9520341400,0.9475488495,0.9342032733,0.9121850643,0.8816390847,0.8427489169,0.7957912394,0.7407568867,0.6779528017,0.6071764126,0.5276352105,0.4372096305,0.3290100284,,,,,,,,,0.2227379514
36240,1.27206667,0.9498554975,0.9453807570,0.9320678200,0.9101020764,0.8796285749,0.8408301612,0.7939822774,0.7390721271,0.6764068747,0.6057820607,0.5263993101,0.4361328099,0.3280587767,,,,,,,,,0.2221668011
36300,1.27183333,0.9476836719,0.9432194506,0.9299390550,0.9080256220,0.8776243846,0.8389174535,0.7921790380,0.7373927252,0.6748658959,0.6043922100,0.5251674428,0.4350595336,0.3271104744,,,,,,,,,0.2215973503
36360,1.27160000,0.9455186410,0.9410649084,0.9278169567,0.9059556800,0.8756264932,0.8370107739,0.7903815023,0.7357186630,0.6733298486,0.6030068452,0.5239395946,0.4339897868,0.3261651169,,,,,,,,,0.2210296223
36420,1.27136667,0.9433603828,0.9389171084,0.9257015033,0.9038922290,0.8736348799,0.8351101026,0.7885896515,0.7340499228,0.6717987163,0.6016259513,0.5227157513,0.4329205421,0.3252227003,,,,,,,,,0.2204636324
36480,1.27113333,0.9412088754,0.9367760287,0.9235926733,0.9018352480,0.8716495244,0.8332154197,0.7868034667,0.7323864867,0.6702724825,0.6002495129,0.5214958987,0.4318529499,0.3242832213,,,,,,,,,0.2198993915
36540,1.27090000,0.9390640968,0.9346416475,0.9214904451,0.8997847159,0.8696704061,0.8313267056,0.7850211923,0.7307283370,0.6687511305,0.5988775149,0.5202800225,0.4307888482,0.3233466763,,,,,,,,,0.2193369075
36600,1.27066667,0.9369260253,0.9325139431,0.9193947972,0.8977406116,0.8676975046,0.8294439407,0.7832438039,0.7290754561,0.6672346441,0.5975099421,0.5190681085,0.4297282246,0.3224130612,,,,,,,,,0.2187761858
36660,1.27043333,0.9347946389,0.9303928937,0.9173057083,0.8957029141,0.8657307995,0.8275671053,0.7814720360,0.7274278263,0.6657230067,0.5961467794,0.5178601427,0.4286710675,0.3214823719,,,,,,,,,0.2182172301
36720,1.27020000,0.9326699161,0.9282784778,0.9152231570,0.8936716026,0.8637702706,0.8256961800,0.7797058701,0.7257854301,0.6642162020,0.5947880116,0.5166561110,0.4276173654,0.3205546035,,,,,,,,,0.2176600431
36780,1.26996667,0.9305518351,0.9261706737,0.9131471220,0.8916466562,0.8618158977,0.8238311452,0.7779452875,0.7241482499,0.6627142137,0.5934336235,0.5154559997,0.4265671074,0.3196297511,,,,,,,,,0.2171046262
36840,1.26973333,0.9284403743,0.9240694600,0.9110775821,0.8896280542,0.8598676604,0.8219719816,0.7761902697,0.7225162685,0.6612170255,0.5920836001,0.5142575498,0.4255202825,0.3187078093,,,,,,,,,0.2165509803
36900,1.26950000,0.9263355124,0.9219748153,0.9090145162,0.8876157758,0.8579255388,0.8201186698,0.7744407983,0.7208894682,0.6597246211,0.5907379265,0.5130616866,0.4244768801,0.3177887724,,,,,,,,,0.2159991054
36960,1.26926667,0.9242372277,0.9198867181,0.9069579032,0.8856098004,0.8559895128,0.8182711905,0.7726968548,0.7192678318,0.6582369843,0.5893965875,0.5118697092,0.4234368898,0.3168726345,,,,,,,,,0.2154490010
37020,1.26903333,0.9221454990,0.9178051472,0.9049077220,0.8836101074,0.8540595624,0.8164295245,0.7709584209,0.7176513420,0.6567540991,0.5880595684,0.5106816042,0.4224003011,0.3159593894,,,,,,,,,0.2149006663
37080,1.26880000,0.9200603048,0.9157300813,0.9028639517,0.8816166762,0.8521356676,0.8145936526,0.7692254782,0.7160399816,0.6552759492,0.5867268544,0.5094973587,0.4213671037,0.3150490307,,,,,,,,,0.2143541000
37140,1.26856667,0.9179816240,0.9136614993,0.9008265714,0.8796294863,0.8502178085,0.8127635556,0.7674980086,0.7144337333,0.6538025187,0.5853958589,0.5083169595,0.4203372875,0.3141415519,,,,,,,,,0.2138093004
37200,1.26833333,0.9159094353,0.9115993799,0.8987955602,0.8776485174,0.8483059654,0.8109392146,0.7657759937,0.7128325800,0.6523337915,0.5840687096,0.5071403939,0.4193108421,0.3132369463,,,,,,,,,0.2132662657
37260,1.26810000,0.9138437175,0.9095437023,0.8967708974,0.8756737492,0.8464001185,0.8091206104,0.7640594155,0.7112365046,0.6508697517,0.5827458292,0.5059676491,0.4182877575,0.3123352069,,,,,,,,,0.2127249937
37320,1.26786667,0.9117844497,0.9074944453,0.8947525622,0.8737051612,0.8445002480,0.8073077242,0.7623482558,0.7096454901,0.6494103835,0.5814272032,0.5047987124,0.4172680234,0.3114363267,,,,,,,,,0.2121854821
37380,1.26763333,0.9097316108,0.9054515881,0.8927405340,0.8717427333,0.8426063344,0.8055005370,0.7606424967,0.7080595195,0.6479556710,0.5801128172,0.5036335712,0.4162516299,0.3105402987,,,,,,,,,0.2116477282
37440,1.26740000,0.9076851798,0.9034151097,0.8907347922,0.8697864453,0.8407183580,0.8036990301,0.7589421201,0.7064785759,0.6465055984,0.5788026568,0.5024722129,0.4152385667,0.3096471155,,,,,,,,,0.2111117295
37500,1.26716667,0.9056451359,0.9013849894,0.8887353163,0.8678362771,0.8388362993,0.8019031845,0.7572471081,0.7049026423,0.6450601501,0.5774967076,0.5013146253,0.4142288238,0.3087567699,,,,,,,,,0.2105774830
37560,1.26693333,0.9036114582,0.8993612065,0.8867420857,0.8658922087,0.8369601389,0.8001129817,0.7555574429,0.7033317020,0.6436193105,0.5761949556,0.5001607958,0.4132223910,0.3078692543,,,,,,,,,0.2100449857
37620,1.26670000,0.9015841260,0.8973437402,0.8847550802,0.8639542200,0.8350898573,0.7983284030,0.7538731067,0.7017657383,0.6421830639,0.5748973865,0.4990107122,0.4122192584,0.3069845614,,,,,,,,,0.2095142344
37680,1.26646667,0.8995631185,0.8953325699,0.8827742792,0.8620222911,0.8332254352,0.7965494296,0.7521940816,0.7002047343,0.6407513949,0.5736039864,0.4978643622,0.4112194159,0.3061026835,,,,,,,,,0.2089852261
37740,1.26623333,0.8975484152,0.8933276751,0.8807996626,0.8600964022,0.8313668532,0.7947760431,0.7505203499,0.6986486735,0.6393242880,0.5723147411,0.4967217336,0.4102228533,0.3052236130,,,,,,,,,0.2084579572
37800,1.26600000,0.8955399955,0.8913290353,0.8788312101,0.8581765334,0.8295140923,0.7930082251,0.7488518941,0.6970975393,0.6379017279,0.5710296368,0.4955828142,0.4092295605,0.3043473422,,,,,,,,,0.2079324245
37860,1.26580000,0.8935379177,0.8893369612,0.8768698052,0.8562646630,0.8276706145,0.7912512621,0.7471964631,0.6955614936,0.6364969206,0.5697656568,0.4944688937,0.4082666974,0.3035115251,,,,,,,,,0.2074078773
37920,1.26560000,0.8915421868,0.8873512038,0.8749146222,0.8543588632,0.8258329985,0.7894998964,0.7455463217,0.6940303735,0.6350966420,0.5685057812,0.4933586284,0.4073070329,0.3026783767,,,,,,,,,0.2068846856
37980,1.26540000,0.8895527814,0.8853717417,0.8729656401,0.8524591135,0.8240012242,0.7877541089,0.7439014518,0.6925041619,0.6337008763,0.5672499961,0.4922520061,0.4063505542,0.3018478666,,,,,,,,,0.2063630007
38040,1.26520000,0.8875696803,0.8833985539,0.8710228378,0.8505653934,0.8221752719,0.7860138805,0.7422618354,0.6909828419,0.6323096080,0.5659982875,0.4911490142,0.4053972475,0.3010199812,,,,,,,,,0.2058428843
38100,1.26500000,0.8855928621,0.8814316191,0.8690861947,0.8486776825,0.8203551217,0.7842791922,0.7406274544,0.6894663967,0.6309228217,0.5647506414,0.4900496402,0.4044470987,0.3001942690,,,,,,,,,0.2053243704
38160,1.26480000,0.8836223058,0.8794709163,0.8671556898,0.8467959606,0.8185407541,0.7825500253,0.7389982910,0.6879548096,0.6295405018,0.5635070437,0.4889538711,0.4035000941,0.2993634602,,,,,,,,,0.2048074804
38220,1.26460000,0.8816579902,0.8775164244,0.8652313024,0.8449202072,0.8167321493,0.7808263608,0.7373743272,0.6864480637,0.6281626330,0.5622674806,0.4878616941,0.4025562204,0.2985352455,,,,,,,,,0.2042922286
38280,1.26440000,0.8796998942,0.8755681224,0.8633130120,0.8430504022,0.8149292878,0.7791081800,0.7357555452,0.6849461426,0.6267891999,0.5610319381,0.4867730960,0.4016154654,0.2977096226,,,,,,,,,0.2037786248
38340,1.26420000,0.8777479969,0.8736259895,0.8614007978,0.8411865254,0.8131321500,0.7773954642,0.7341419272,0.6834490294,0.6254201873,0.5598004021,0.4856880639,0.4006778173,0.2968865886,,,,,,,,,0.2032666758
38400,1.26400000,0.8758022774,0.8716900049,0.8594946393,0.8393285568,0.8113407166,0.7756881948,0.7325334555,0.6819567078,0.6240555800,0.5585728588,0.4846065847,0.3997432649,0.2960661404,,,,,,,,,0.2027563864
38460,1.26380000,0.8738627147,0.8697601478,0.8575945161,0.8374764764,0.8095549680,0.7739863531,0.7309301126,0.6804691613,0.6226953626,0.5573492942,0.4835286455,0.3988117975,0.2952482742,,,,,,,,,0.2022477598
38520,1.26360000,0.8719292883,0.8678363975,0.8557004078,0.8356302641,0.8077748851,0.7722899206,0.7293318808,0.6789863734,0.6213395200,0.5561296942,0.4824542336,0.3978834047,0.2944329861,,,,,,,,,0.2017407978
38580,1.26340000,0.8700019772,0.8659187333,0.8538122940,0.8337899001,0.8060004484,0.7705988789,0.7277387426,0.6775083278,0.6199880372,0.5549140451,0.4813833363,0.3969580764,0.2936202715,,,,,,,,,0.2012355015
38640,1.26320000,0.8680807609,0.8640071348,0.8519301545,0.8319553647,0.8042316389,0.7689132096,0.7261506806,0.6760350081,0.6186408989,0.5537023329,0.4803159412,0.3960358026,0.2928101258,,,,,,,,,0.2007318713
38700,1.26300000,0.8661656188,0.8621015813,0.8500539690,0.8301266379,0.8024684374,0.7672328943,0.7245676773,0.6745663980,0.6172980901,0.5524945437,0.4792520357,0.3951165736,0.2920025437,,,,,,,,,0.2002299067
38760,1.26280000,0.8642565303,0.8602020526,0.8481837174,0.8283037001,0.8007108248,0.7655579148,0.7229897154,0.6731024815,0.6159595959,0.5512906639,0.4781916077,0.3942003797,0.2911975201,,,,,,,,,0.1997296071
38820,1.26260000,0.8623534751,0.8583085282,0.8463193796,0.8264865318,0.7989587821,0.7638882528,0.7214167777,0.6716432422,0.6146254013,0.5500906796,0.4771346450,0.3932872113,0.2903950492,,,,,,,,,0.1992309711
38880,1.26240000,0.8604564327,0.8564209878,0.8444609355,0.8246751132,0.7972122904,0.7622238903,0.7198488468,0.6701886642,0.6132954912,0.5488945772,0.4760811357,0.3923770591,0.2895951254,,,,,,,,,0.1987339971
38940,1.26220000,0.8585653828,0.8545394112,0.8426083654,0.8228694249,0.7954713307,0.7605648090,0.7182859057,0.6687387312,0.6119698509,0.5477023432,0.4750310677,0.3914699136,0.2887977426,,,,,,,,,0.1982386834
39000,1.26200000,0.8566803052,0.8526637782,0.8407616491,0.8210694475,0.7937358842,0.7589109910,0.7167279373,0.6672934274,0.6106484655,0.5465139640,0.4739844292,0.3905657654,0.2880028948,,,,,,,,,0.1977450277
39060,1.26180000,0.8548011796,0.8507940687,0.8389207670,0.8192751615,0.7920059323,0.7572624183,0.7151749243,0.6658527367,0.6093313202,0.5453294262,0.4729412086,0.3896646051,0.2872105757,,,,,,,,,0.1972530276
39120,1.26160000,0.8529279859,0.8489302627,0.8370856993,0.8174865477,0.7902814560,0.7556190730,0.7136268500,0.6644166432,0.6080184003,0.5441487164,0.4719013941,0.3887664235,0.2864207789,,,,,,,,,0.1967626807
39180,1.26140000,0.8510607041,0.8470723402,0.8352564262,0.8157035868,0.7885624370,0.7539809372,0.7120836972,0.6629851312,0.6067096911,0.5429718212,0.4708649741,0.3878712111,0.2856334980,,,,,,,,,0.1962739842
39240,1.26120000,0.8491993141,0.8452202813,0.8334329282,0.8139262596,0.7868488564,0.7523479931,0.7105454492,0.6615581847,0.6054051781,0.5417987275,0.4698319373,0.3869789587,0.2848487262,,,,,,,,,0.1957869351
39300,1.26100000,0.8473437961,0.8433740660,0.8316151856,0.8121545470,0.7851406959,0.7507202230,0.7090120890,0.6601357880,0.6041048466,0.5406294221,0.4688022720,0.3860896569,0.2840664570,,,,,,,,,0.1953015305
39360,1.26080000,0.8454941301,0.8415336748,0.8298031789,0.8103884299,0.7834379369,0.7490976092,0.7074836000,0.6587179254,0.6028086822,0.5394638917,0.4677759669,0.3852032965,0.2832866836,,,,,,,,,0.1948177672
39420,1.26060000,0.8436502964,0.8396990877,0.8279968888,0.8086278892,0.7817405611,0.7474801341,0.7059599653,0.6573045813,0.6015166704,0.5383021235,0.4667530107,0.3843198682,0.2825093991,,,,,,,,,0.1943356419
39480,1.26040000,0.8418122751,0.8378702852,0.8261962958,0.8068729061,0.7800485502,0.7458677801,0.7044411684,0.6558957401,0.6002287969,0.5371441044,0.4657333920,0.3834393627,0.2817345967,,,,,,,,,0.1938551514
39540,1.26020000,0.8399800467,0.8360472476,0.8244013805,0.8051234616,0.7783618857,0.7442605297,0.7029271925,0.6544913863,0.5989450472,0.5359898214,0.4647170997,0.3825617707,0.2809622693,,,,,,,,,0.1933762922
39600,1.26000000,0.8381535914,0.8342299554,0.8226121238,0.8033795370,0.7766805496,0.7426583654,0.7014180211,0.6530915043,0.5976654072,0.5348392618,0.4637041225,0.3816870829,0.2801924100,,,,,,,,,0.1928990607
39660,1.25976667,0.8363328177,0.8324180824,0.8208276666,0.8016392540,0.7750012804,0.7410563225,0.6999063837,0.6516865587,0.5963774702,0.5336764297,0.4626743365,0.3807894659,0.2793872820,,,,,,,,,0.1924241682
39720,1.25953333,0.8345176828,0.8306118221,0.8190487400,0.7999043712,0.7733272311,0.7394592711,0.6983994733,0.6502860251,0.5950936034,0.5325173038,0.4616478716,0.3798947827,0.2785847201,,,,,,,,,0.1919512512
39780,1.25930000,0.8327081682,0.8288111563,0.8172753258,0.7981748707,0.7716583844,0.7378671945,0.6968972740,0.6488898889,0.5938137930,0.5313618718,0.4606247168,0.3790030266,0.2777847376,,,,,,,,,0.1914801574
39840,1.25906667,0.8309042553,0.8270160665,0.8155074059,0.7964507349,0.7699947230,0.7362800762,0.6953997701,0.6474981351,0.5925380256,0.5302101213,0.4596048615,0.3781141917,0.2769873308,,,,,,,,,0.1910108207
39900,1.25883333,0.8291059258,0.8252265342,0.8137449622,0.7947319459,0.7683362297,0.7346978997,0.6939069459,0.6461107490,0.5912662874,0.5290620400,0.4585882954,0.3772282725,0.2761924891,,,,,,,,,0.1905432014
39960,1.25860000,0.8273131613,0.8234425414,0.8119879766,0.7930184862,0.7666828876,0.7331206485,0.6924187856,0.6447277161,0.5899985649,0.5279176157,0.4575750083,0.3763452630,0.2754002000,,,,,,,,,0.1900772717
40020,1.25836667,0.8255259435,0.8216640696,0.8102364311,0.7913103380,0.7650346794,0.7315483064,0.6909352739,0.6433490216,0.5887348445,0.5267768363,0.4565649901,0.3754651567,0.2746104503,,,,,,,,,0.1896130105
40080,1.25813333,0.8237442541,0.8198911008,0.8084903078,0.7896074840,0.7633915881,0.7299808568,0.6894563950,0.6419746511,0.5874751130,0.5256396897,0.4555582311,0.3745879464,0.2738232272,,,,,,,,,0.1891504010
40140,1.25790000,0.8219680750,0.8181236168,0.8067495889,0.7879099065,0.7617535968,0.7284182837,0.6879821335,0.6406045899,0.5862193568,0.5245061640,0.4545547214,0.3737136244,0.2730385182,,,,,,,,,0.1886894290
40200,1.25766667,0.8201973879,0.8163615995,0.8050142564,0.7862175881,0.7601206887,0.7268605706,0.6865124740,0.6392388238,0.5849675628,0.5233762474,0.4535544512,0.3728421824,0.2722563115,,,,,,,,,0.1882300824
40260,1.25743333,0.8184321749,0.8146050310,0.8032842927,0.7845305115,0.7584928467,0.7253077015,0.6850474011,0.6378773382,0.5837197176,0.5222499280,0.4525574108,0.3719736118,0.2714765955,,,,,,,,,0.1877723504
40320,1.25720000,0.8166724178,0.8128538932,0.8015596800,0.7828486592,0.7568700541,0.7237596602,0.6835868994,0.6365201188,0.5824758080,0.5211271942,0.4515635902,0.3711079037,0.2706993591,,,,,,,,,0.1873162234
40380,1.25696667,0.8149180988,0.8111081683,0.7998404006,0.7811720141,0.7552522942,0.7222164306,0.6821309536,0.6351671513,0.5812358210,0.5200080344,0.4505729795,0.3702450490,0.2699245917,,,,,,,,,0.1868616925
40440,1.25673333,0.8131691999,0.8093678385,0.7981264371,0.7795005589,0.7536395503,0.7206779968,0.6806795486,0.6338184215,0.5799997435,0.5188924369,0.4495855688,0.3693850382,0.2691522830,,,,,,,,,0.1864087496
40500,1.25650000,0.8114257032,0.8076328859,0.7964177717,0.7778342765,0.7520318057,0.7191443427,0.6792326691,0.6324739153,0.5787675624,0.5177803903,0.4486013480,0.3685278620,0.2683824227,,,,,,,,,0.1859573870
40560,1.25626667,0.8096875909,0.8059032929,0.7947143871,0.7761731496,0.7504290438,0.7176154524,0.6777903000,0.6311336184,0.5775392650,0.5166718829,0.4476203071,0.3676735107,0.2676150012,,,,,,,,,0.1855075974
40620,1.25603333,0.8079548453,0.8041790416,0.7930162657,0.7745171613,0.7488312481,0.7160913101,0.6763524263,0.6297975169,0.5763148382,0.5155669033,0.4466424357,0.3668219749,0.2668500087,,,,,,,,,0.1850593741
40680,1.25580000,0.8062274486,0.8024601146,0.7913233903,0.7728662946,0.7472384021,0.7145718999,0.6749190329,0.6284655967,0.5750942693,0.5144654401,0.4456677239,0.3659732448,0.2660799782,,,,,,,,,0.1846127105
40740,1.25556667,0.8045053833,0.8007464942,0.7896357434,0.7712205324,0.7456504893,0.7130572061,0.6734901049,0.6271378438,0.5738775455,0.5133674816,0.4446961612,0.3651273108,0.2653089271,,,,,,,,,0.1841676002
40800,1.25533333,0.8027886318,0.7990381630,0.7879533078,0.7695798579,0.7440674935,0.7115472130,0.6720656273,0.6258142445,0.5726646540,0.5122730166,0.4437277374,0.3642841632,0.2645402509,,,,,,,,,0.1837240372
40860,1.25510000,0.8010771765,0.7973351034,0.7862760662,0.7679442542,0.7424893982,0.7100419050,0.6706455853,0.6244947847,0.5714555822,0.5111820336,0.4427624422,0.3634412295,0.2637739408,,,,,,,,,0.1832820156
40920,1.25486667,0.7993709999,0.7956372981,0.7846040016,0.7663137046,0.7409161871,0.7085412663,0.6692299642,0.6231794508,0.5702503175,0.5100945212,0.4418002652,0.3625984992,0.2630099879,,,,,,,,,0.1828415295
40980,1.25463333,0.7976700846,0.7939447297,0.7829370968,0.7646881922,0.7393478442,0.7070452815,0.6678187491,0.6218682290,0.5690488471,0.5090104679,0.4408411962,0.3617585285,0.2622483838,,,,,,,,,0.1824025734
41040,1.25440000,0.7959744133,0.7922573809,0.7812753347,0.7630677005,0.7377843531,0.7055539352,0.6664119253,0.6205611055,0.5678511586,0.5079298624,0.4398852248,0.3609213079,0.2614891199,,,,,,,,,0.1819651418
41100,1.25416667,0.7942839686,0.7905752345,0.7796186983,0.7614522128,0.7362256978,0.7040672117,0.6650094783,0.6192580668,0.5666572394,0.5068526933,0.4389323405,0.3600868279,0.2607321877,,,,,,,,,0.1815292293
41160,1.25393333,0.7925987333,0.7888982733,0.7779671707,0.7598417124,0.7346718622,0.7025850958,0.6636113933,0.6179590992,0.5654670770,0.5057789493,0.4379825330,0.3592550787,0.2599775789,,,,,,,,,0.1810948306
41220,1.25370000,0.7909186901,0.7872264801,0.7763207349,0.7582361828,0.7331228303,0.7011075721,0.6622176560,0.6166641893,0.5642796187,0.5047086188,0.4370357920,0.3584260509,0.2592252853,,,,,,,,,0.1806619406
41280,1.25346667,0.7892438220,0.7855598379,0.7746793742,0.7566356077,0.7315785861,0.6996346253,0.6608282517,0.6153733234,0.5630944509,0.5036416908,0.4360921071,0.3575997349,0.2584752988,,,,,,,,,0.1802305541
41340,1.25323333,0.7875741118,0.7838983296,0.7730430717,0.7550399705,0.7300391137,0.6981662402,0.6594431661,0.6140864882,0.5619130103,0.5025781537,0.4351514679,0.3567761213,0.2577276111,,,,,,,,,0.1798006660
41400,1.25300000,0.7859095424,0.7822419383,0.7714118107,0.7534492549,0.7285043974,0.6967024016,0.6580623847,0.6128036702,0.5607352847,0.5015179963,0.4342138642,0.3559552006,0.2569822143,,,,,,,,,0.1793722713
41460,1.25283333,0.7842502291,0.7805912175,0.7697871404,0.7518669161,0.7269804823,0.6952523499,0.6566994853,0.6115427185,0.5595852697,0.5004913560,0.4333173762,0.3551876523,0.2563154115,,,,,,,,,0.1789439930
41520,1.25266667,0.7825961974,0.7789457517,0.7681676423,0.7502896167,0.7254614236,0.6938069238,0.6553409424,0.6102858091,0.5584389612,0.4994680542,0.4324238469,0.3544226823,0.2556506535,,,,,,,,,0.1785165223
41580,1.25250000,0.7809474290,0.7773055222,0.7665532984,0.7487173390,0.7239472042,0.6923661070,0.6539867405,0.6090329278,0.5572963461,0.4984480792,0.4315332657,0.3536602769,0.2549878984,,,,,,,,,0.1780901402
41640,1.25233333,0.7793039052,0.7756705109,0.7649440905,0.7471500654,0.7224378071,0.6909298833,0.6526368646,0.6077840605,0.5561574115,0.4974314190,0.4306456213,0.3529004202,0.2543271379,,,,,,,,,0.1776649610
41700,1.25216667,0.7776656078,0.7740406993,0.7633400006,0.7455877782,0.7209332153,0.6894982366,0.6512912994,0.6065376494,0.5550221445,0.4964180621,0.4297609026,0.3521430963,0.2536683749,,,,,,,,,0.1772410487
41760,1.25200000,0.7760325184,0.7724160692,0.7617410107,0.7440304600,0.7194334119,0.6880711509,0.6499500296,0.6052951574,0.5538905322,0.4954079965,0.4288790980,0.3513882898,0.2530116152,,,,,,,,,0.1768184442
41820,1.25183333,0.7744046186,0.7707966025,0.7601471029,0.7424780934,0.7179383801,0.6866486099,0.6486130403,0.6040566432,0.5527625617,0.4944012105,0.4280001955,0.3506359866,0.2523568641,,,,,,,,,0.1763971754
41880,1.25166667,0.7727818904,0.7691822810,0.7585582594,0.7409306608,0.7164481032,0.6852305979,0.6472803164,0.6028220929,0.5516382202,0.4933976922,0.4271241831,0.3498861740,0.2517041259,,,,,,,,,0.1759772620
41940,1.25150000,0.7711643156,0.7675730866,0.7569744624,0.7393881451,0.7149625643,0.6838170987,0.6459518429,0.6015914925,0.5505174949,0.4923974296,0.4262510488,0.3491388402,0.2510534036,,,,,,,,,0.1755587186
42000,1.25133333,0.7695518760,0.7659690014,0.7553956941,0.7378505288,0.7134817470,0.6824080967,0.6446276048,0.6003648282,0.5494003729,0.4914004107,0.4253807807,0.3483939744,0.2504046991,,,,,,,,,0.1751415560
42060,1.25116667,0.7679445536,0.7643700075,0.7538219370,0.7363177949,0.7120056345,0.6810035760,0.6433075874,0.5991420861,0.5482868414,0.4904066236,0.4245133668,0.3476515667,0.2497580131,,,,,,,,,0.1747257822
42120,1.25100000,0.7663423306,0.7627760869,0.7522531735,0.7347899261,0.7105342104,0.6796035209,0.6419917756,0.5979232524,0.5471768878,0.4894160562,0.4236487954,0.3469116076,0.2491133456,,,,,,,,,0.1743114032
42180,1.25083333,0.7647451891,0.7611872219,0.7506893860,0.7332669054,0.7090674582,0.6782079156,0.6406801548,0.5967083133,0.5460704991,0.4884286965,0.4227870551,0.3461740880,0.2484706956,,,,,,,,,0.1738984235
42240,1.25066667,0.7631531111,0.7596033948,0.7491305570,0.7317487158,0.7076053614,0.6768167445,0.6393727102,0.5954972551,0.5449676626,0.4874445323,0.4219281344,0.3454389993,0.2478300616,,,,,,,,,0.1734868460
42300,1.25050000,0.7615660789,0.7580245878,0.7475766692,0.7302353403,0.7061479038,0.6754299921,0.6380694272,0.5942900641,0.5438683656,0.4864635518,0.4210720223,0.3447063330,0.2471914414,,,,,,,,,0.1730766729
42360,1.25033333,0.7599840749,0.7564507834,0.7460277052,0.7287267620,0.7046950689,0.6740476428,0.6367702910,0.5930867265,0.5427725953,0.4854857430,0.4202187077,0.3439760809,0.2465548324,,,,,,,,,0.1726679055
42420,1.25016667,0.7584070813,0.7548819639,0.7444836477,0.7272229640,0.7032468407,0.6726696812,0.6354752871,0.5918872288,0.5416803390,0.4845110939,0.4193681799,0.3432482349,0.2459202317,,,,,,,,,0.1722605444
42480,1.25000000,0.7568350807,0.7533181120,0.7429444795,0.7257239296,0.7018032029,0.6712960918,0.6341844010,0.5906915574,0.5405915840,0.4835395928,0.4185204281,0.3425227871,0.2452876357,,,,,,,,,0.1718545895
42540,1.24983333,0.7552680555,0.7517592101,0.7414101836,0.7242296420,0.7003641394,0.6699268593,0.6328976180,0.5894996985,0.5395063177,0.4825712278,0.4176754420,0.3417997296,0.2446570407,,,,,,,,,0.1714500404
42600,1.24966667,0.7537059882,0.7502052409,0.7398807426,0.7227400847,0.6989296341,0.6685619683,0.6316149239,0.5883116389,0.5384245273,0.4816059873,0.4168332111,0.3410790545,0.2440284428,,,,,,,,,0.1710468962
42660,1.24950000,0.7521488614,0.7486561872,0.7383561397,0.7212552409,0.6974996710,0.6672014036,0.6303363041,0.5871273648,0.5373462004,0.4806438597,0.4159937251,0.3403607540,0.2434018378,,,,,,,,,0.1706451556
42720,1.24933333,0.7505966579,0.7471120316,0.7368363579,0.7197750942,0.6960742343,0.6658451501,0.6290617443,0.5859468628,0.5362713244,0.4796848333,0.4151569740,0.3396448204,0.2427772211,,,,,,,,,0.1702448173
42780,1.24916667,0.7490493604,0.7455727569,0.7353213802,0.7182996280,0.6946533078,0.6644931924,0.6277912302,0.5847701196,0.5351998866,0.4787288967,0.4143229477,0.3389312459,0.2421545882,,,,,,,,,0.1698458792
42840,1.24900000,0.7475069516,0.7440383462,0.7338111898,0.7168288260,0.6932368760,0.6631455156,0.6265247474,0.5835971216,0.5341318748,0.4777760384,0.4134916362,0.3382200228,0.2415339342,,,,,,,,,0.1694483395
42900,1.24883333,0.7459694144,0.7425087822,0.7323057699,0.7153626717,0.6918249229,0.6618021046,0.6252622817,0.5824278556,0.5330672764,0.4768262472,0.4126630297,0.3375111435,0.2409152543,,,,,,,,,0.1690521958
42960,1.24866667,0.7444367318,0.7409840481,0.7308051038,0.7139011489,0.6904174328,0.6604629443,0.6240038190,0.5812623082,0.5320060790,0.4758795117,0.4118371183,0.3368046001,0.2402985433,,,,,,,,,0.1686574458
43020,1.24850000,0.7429088866,0.7394641268,0.7293091748,0.7124442413,0.6890143901,0.6591280199,0.6227493450,0.5801004662,0.5309482704,0.4749358208,0.4110138925,0.3361003850,0.2396837960,,,,,,,,,0.1682640868
43080,1.24833333,0.7413858620,0.7379490015,0.7278179662,0.7109919328,0.6876157791,0.6577973163,0.6214988457,0.5789423162,0.5298938383,0.4739951633,0.4101933424,0.3353984905,0.2390710072,,,,,,,,,0.1678721163
43140,1.24816667,0.7398676411,0.7364386554,0.7263314616,0.7095442071,0.6862215843,0.6564708188,0.6202523070,0.5777878452,0.5288427704,0.4730575281,0.4093754585,0.3346989088,0.2384601715,,,,,,,,,0.1674815313
43200,1.24800000,0.7383542069,0.7349330717,0.7248496444,0.7081010481,0.6848317901,0.6551485125,0.6190097148,0.5766370399,0.5277950546,0.4721229043,0.4085602313,0.3340016323,0.2378512834,,,,,,,,,0.1670923289
43260,1.24786667,0.7368456030,0.7334324982,0.7233732268,0.7066640575,0.6834492081,0.6538347041,0.6177774114,0.5754985610,0.5267619511,0.4712054728,0.4077656526,0.3333307940,0.2372813714,,,,,,,,,0.1667038475
43320,1.24773333,0.7353418322,0.7319367321,0.7219015385,0.7052316701,0.6820710558,0.6525251067,0.6165490625,0.5743637429,0.5257321809,0.4702910196,0.4069736824,0.3326621968,0.2367132773,,,,,,,,,0.1663164214
43380,1.24760000,0.7338428770,0.7304457562,0.7204345626,0.7038038692,0.6806973169,0.6512197050,0.6153246536,0.5732325720,0.5247057316,0.4693795337,0.4061843113,0.3319958310,0.2361431448,,,,,,,,,0.1659301844
43440,1.24746667,0.7323487201,0.7289595530,0.7189722821,0.7023806385,0.6793279758,0.6499184839,0.6141041706,0.5721050351,0.5236825909,0.4684710039,0.4053975295,0.3313316861,0.2355714265,,,,,,,,,0.1655451904
43500,1.24733333,0.7308593441,0.7274781054,0.7175146799,0.7009619613,0.6779630164,0.6486214281,0.6128875991,0.5709811188,0.5226627467,0.4675654195,0.4046116355,0.3306697514,0.2350014843,,,,,,,,,0.1651614688
43560,1.24720000,0.7293747319,0.7260013962,0.7160617394,0.6995478212,0.6766024229,0.6473285227,0.6116749249,0.5698608099,0.5216461867,0.4666627695,0.4038280622,0.3300100167,0.2344333197,,,,,,,,,0.1647790377
43620,1.24706667,0.7278948662,0.7245294085,0.7146134436,0.6981382020,0.6752461796,0.6460397526,0.6104661338,0.5687440952,0.5206328990,0.4657630430,0.4030470522,0.3293524721,0.2338669336,,,,,,,,,0.1643979092
43680,1.24693333,0.7264197300,0.7230621250,0.7131697758,0.6967330872,0.6738942709,0.6447551029,0.6092612118,0.5676309615,0.5196228713,0.4648662291,0.4022685956,0.3286971086,0.2333023263,,,,,,,,,0.1640180912
43740,1.24680000,0.7249493063,0.7215995290,0.7117307193,0.6953324607,0.6725466809,0.6434745586,0.6080601446,0.5665213957,0.5186160918,0.4639723170,0.4014926824,0.3280439173,0.2327394971,,,,,,,,,0.1636395892
43800,1.24666667,0.7234835780,0.7201416036,0.7102962576,0.6939363063,0.6712033942,0.6421981049,0.6068629184,0.5654153848,0.5176125483,0.4630812958,0.4007193026,0.3273928899,0.2321784449,,,,,,,,,0.1632624068
43860,1.24653333,0.7220225282,0.7186883318,0.7088663741,0.6925446078,0.6698643951,0.6409257269,0.6056695191,0.5643129157,0.5166122291,0.4621931547,0.3999484466,0.3267440183,0.2316191676,,,,,,,,,0.1628865462
43920,1.24640000,0.7205661401,0.7172396969,0.7074410522,0.6911573492,0.6685296683,0.6396574100,0.6044799328,0.5632139755,0.5156151222,0.4613078830,0.3991801044,0.3260972949,0.2310616631,,,,,,,,,0.1625120087
43980,1.24626667,0.7191143968,0.7157956823,0.7060202756,0.6897745145,0.6671991983,0.6383931393,0.6032941456,0.5621185513,0.5146212157,0.4604254698,0.3984142666,0.3254527119,0.2305059284,,,,,,,,,0.1621387946
44040,1.24613333,0.7176672818,0.7143562712,0.7046040279,0.6883960876,0.6658729697,0.6371329003,0.6021121438,0.5610266301,0.5136304978,0.4595459044,0.3976509234,0.3248102620,0.2299519604,,,,,,,,,0.1617669039
44100,1.24600000,0.7162247782,0.7129214472,0.7031922926,0.6870220528,0.6645509671,0.6358766783,0.6009339135,0.5599381993,0.5126429568,0.4586691762,0.3968900654,0.3241699378,0.2293997558,,,,,,,,,0.1613963357
44160,1.24586667,0.7147868695,0.7114911936,0.7017850537,0.6856523942,0.6632331754,0.6346244588,0.5997594411,0.5588532459,0.5116585810,0.4577952745,0.3961316833,0.3235317320,0.2288493107,,,,,,,,,0.1610270890
44220,1.24573333,0.7133535392,0.7100654941,0.7003822949,0.6842870960,0.6619195794,0.6333762273,0.5985887128,0.5577717574,0.5106773585,0.4569241887,0.3953757677,0.3228956373,0.2283006212,,,,,,,,,0.1606591622
44280,1.24560000,0.7119247707,0.7086443321,0.6989840000,0.6829261424,0.6606101637,0.6321319694,0.5974217151,0.5566937209,0.5096992779,0.4560559083,0.3946223096,0.3222616468,0.2277536832,,,,,,,,,0.1602925536
44340,1.24546667,0.7105005477,0.7072276915,0.6975901530,0.6815695179,0.6593049135,0.6308916707,0.5962584344,0.5556191239,0.5087243273,0.4551904228,0.3938712996,0.3216297530,0.2272084923,,,,,,,,,0.1599272610
44400,1.24533333,0.7090808537,0.7058155559,0.6962007379,0.6802172068,0.6580038136,0.6296553167,0.5950988571,0.5545479537,0.5077524954,0.4543277217,0.3931227289,0.3209999491,0.2266650441,,,,,,,,,0.1595632824
44460,1.24520000,0.7076656726,0.7044079091,0.6948157387,0.6788691936,0.6567068490,0.6284228933,0.5939429697,0.5534801978,0.5067837706,0.4534677947,0.3923765884,0.3203722277,0.2261233340,,,,,,,,,0.1592006151
44520,1.24506667,0.7062549879,0.7030047349,0.6934351394,0.6775254627,0.6554140048,0.6271943862,0.5927907590,0.5524158438,0.5058181413,0.4526106314,0.3916328691,0.3197465820,0.2255833573,,,,,,,,,0.1588392567
44580,1.24493333,0.7048487836,0.7016060172,0.6920589243,0.6761859987,0.6541252661,0.6259697812,0.5916422113,0.5513548791,0.5048555962,0.4517562217,0.3908915622,0.3191230046,0.2250451091,,,,,,,,,0.1584792043
44640,1.24480000,0.7034470435,0.7002117400,0.6906870776,0.6748507863,0.6528406182,0.6247490642,0.5904973136,0.5502972914,0.5038961240,0.4509045552,0.3901526590,0.3185014886,0.2245085845,,,,,,,,,0.1581204552
44700,1.24466667,0.7020497515,0.6988218873,0.6893195835,0.6735198101,0.6515600461,0.6235322211,0.5893560524,0.5492430682,0.5029397131,0.4500556218,0.3894161505,0.3178820269,0.2239737787,,,,,,,,,0.1577630063
44760,1.24453333,0.7006568918,0.6974364432,0.6879564263,0.6721930549,0.6502835352,0.6223187056,0.5882184145,0.5481921973,0.5019863524,0.4492094114,0.3886820281,0.3172646124,0.2234406864,,,,,,,,,0.1574068545
44820,1.24440000,0.6992684482,0.6960553918,0.6865975905,0.6708705053,0.6490110708,0.6211086015,0.5870843867,0.5471446663,0.5010360307,0.4483659140,0.3879502832,0.3166492380,0.2229093027,,,,,,,,,0.1570519967
44880,1.24426667,0.6978844049,0.6946787173,0.6852430604,0.6695521463,0.6477426384,0.6199023335,0.5859539560,0.5461004631,0.5000887366,0.4475251195,0.3872209070,0.3160358966,0.2223796223,,,,,,,,,0.1566984297
44940,1.24413333,0.6965047461,0.6933064039,0.6838928206,0.6682379628,0.6464782233,0.6186998877,0.5848271091,0.5450595755,0.4991444592,0.4466870179,0.3864938910,0.3154245811,0.2218516401,,,,,,,,,0.1563461502
45000,1.24400000,0.6951294560,0.6919384360,0.6825468556,0.6669279397,0.6452178110,0.6175012503,0.5837038332,0.5440219914,0.4982031872,0.4458515994,0.3857692266,0.3148152845,0.2213253507,,,,,,,,,0.1559951547
45060,1.24386667,0.6937585189,0.6905747979,0.6812051501,0.6656220620,0.6439613871,0.6163064074,0.5825841151,0.5429876986,0.4972649097,0.4450188541,0.3850469052,0.3142079997,0.2208007489,,,,,,,,,0.1556454399
45120,1.24373333,0.6923919191,0.6892154741,0.6798676887,0.6643203148,0.6427089371,0.6151153453,0.5814679420,0.5419566852,0.4963296156,0.4441887722,0.3843269184,0.3136027196,0.2202778294,,,,,,,,,0.1552970023
45180,1.24360000,0.6910296410,0.6878604490,0.6785344560,0.6630226831,0.6414604468,0.6139280504,0.5803553009,0.5409289390,0.4953972940,0.4433613438,0.3836092577,0.3129994371,0.2197565867,,,,,,,,,0.1549498384
45240,1.24346667,0.6896716691,0.6865097071,0.6772054370,0.6617291522,0.6402159018,0.6127445089,0.5792461790,0.5399044483,0.4944679339,0.4425365592,0.3828939146,0.3123981452,0.2192370156,,,,,,,,,0.1546039446
45300,1.24333333,0.6883179879,0.6851632331,0.6758806164,0.6604397072,0.6389752878,0.6115647072,0.5781405635,0.5388832011,0.4935415246,0.4417144089,0.3821808808,0.3117988368,0.2187191106,,,,,,,,,0.1542593173
45360,1.24320000,0.6869685820,0.6838210115,0.6745599791,0.6591543335,0.6377385907,0.6103886319,0.5770384416,0.5378651855,0.4926180551,0.4408948830,0.3814701479,0.3112015048,0.2182028662,,,,,,,,,0.1539159529
45420,1.24306667,0.6856234360,0.6824830271,0.6732435101,0.6578730164,0.6365057964,0.6092162694,0.5759398006,0.5368503897,0.4916975148,0.4400779720,0.3807617074,0.3106061422,0.2176882771,,,,,,,,,0.1535738477
45480,1.24293333,0.6842825345,0.6811492647,0.6719311943,0.6565957411,0.6352768907,0.6080476063,0.5748446280,0.5358388021,0.4907798929,0.4392636662,0.3800555511,0.3100127419,0.2171753377,,,,,,,,,0.1532329981
45540,1.24280000,0.6829458623,0.6798197091,0.6706230168,0.6553224933,0.6340518595,0.6068826291,0.5737529110,0.5348304108,0.4898651786,0.4384519563,0.3793516707,0.3094212969,0.2166640426,,,,,,,,,0.1528934003
45600,1.24266667,0.6816134042,0.6784943450,0.6693189628,0.6540532583,0.6328306890,0.6057213245,0.5726646371,0.5338252042,0.4889533615,0.4376428327,0.3786500579,0.3088318002,0.2161543864,,,,,,,,,0.1525550506
45660,1.24253333,0.6802851450,0.6771731576,0.6680190173,0.6527880217,0.6316133651,0.6045636792,0.5715797938,0.5328231708,0.4880444308,0.4368362858,0.3779507044,0.3082442447,0.2156463634,,,,,,,,,0.1522179453
45720,1.24240000,0.6789610697,0.6758561316,0.6667231656,0.6515267691,0.6303998739,0.6034096800,0.5704983687,0.5318242988,0.4871383760,0.4360323063,0.3772536021,0.3076586233,0.2151399683,,,,,,,,,0.1518820805
45780,1.24226667,0.6776411632,0.6745432522,0.6654313929,0.6502694861,0.6291902017,0.6022593137,0.5694203492,0.5308285769,0.4862351866,0.4352308849,0.3765587427,0.3070749292,0.2146351955,,,,,,,,,0.1515474525
45840,1.24213333,0.6763254104,0.6732345045,0.6641436846,0.6490161584,0.6279843347,0.6011125670,0.5683457231,0.5298359934,0.4853348521,0.4344320121,0.3758661180,0.3064931552,0.2141320395,,,,,,,,,0.1512140575
45900,1.24200000,0.6750137966,0.6719298735,0.6628600260,0.6477667718,0.6267822590,0.5999694269,0.5672744780,0.5288465370,0.4844373622,0.4336356787,0.3751757199,0.3059132945,0.2136304948,,,,,,,,,0.1508818917
45960,1.24186667,0.6737063067,0.6706293446,0.6615804027,0.6465213121,0.6255839610,0.5988298804,0.5662066017,0.5278601964,0.4835427064,0.4328418753,0.3744875402,0.3053353399,0.2131305558,,,,,,,,,0.1505509512
46020,1.24173333,0.6724029261,0.6693329028,0.6603047999,0.6452797652,0.6243894272,0.5976939144,0.5651420818,0.5268769600,0.4826508743,0.4320505927,0.3738015709,0.3047592846,0.2126322171,,,,,,,,,0.1502212322
46080,1.24160000,0.6711036398,0.6680405337,0.6590332034,0.6440421168,0.6231986438,0.5965615160,0.5640809063,0.5258968167,0.4817618558,0.4312618217,0.3731178039,0.3041851215,0.2121354731,,,,,,,,,0.1498927309
46140,1.24146667,0.6698084332,0.6667522224,0.6577655986,0.6428083531,0.6220115974,0.5954326722,0.5630230630,0.5249197552,0.4808756404,0.4304755532,0.3724362311,0.3036128438,0.2116403184,,,,,,,,,0.1495654433
46200,1.24133333,0.6685172916,0.6654679544,0.6565019713,0.6415784599,0.6208282744,0.5943073702,0.5619685398,0.5239457643,0.4799922181,0.4296917779,0.3717568445,0.3030424444,0.2111467473,,,,,,,,,0.1492393657
46260,1.24120000,0.6672302004,0.6641877152,0.6552423071,0.6403524234,0.6196486615,0.5931855972,0.5609173246,0.5229748327,0.4791115785,0.4289104868,0.3710796361,0.3024739165,0.2106547545,,,,,,,,,0.1489144941
46320,1.24106667,0.6659471451,0.6629114903,0.6539865917,0.6391302297,0.6184727452,0.5920673404,0.5598694055,0.5220069495,0.4782337116,0.4281316708,0.3704045979,0.3019072532,0.2101643343,,,,,,,,,0.1485908247
46380,1.24093333,0.6646681112,0.6616392653,0.6527348110,0.6379118649,0.6173005122,0.5909525871,0.5588247705,0.5210421034,0.4773586072,0.4273553208,0.3697317219,0.3013424475,0.2096754813,,,,,,,,,0.1482683536
46440,1.24080000,0.6633930841,0.6603710257,0.6514869507,0.6366973152,0.6161319493,0.5898413247,0.5577834077,0.5200802834,0.4764862554,0.4265814278,0.3690610002,0.3007794926,0.2091881900,,,,,,,,,0.1479470769
46500,1.24066667,0.6621220495,0.6591067574,0.6502429969,0.6354865669,0.6149670431,0.5887335404,0.5567453052,0.5191214786,0.4756166459,0.4258099829,0.3683924249,0.3002183816,0.2087024549,,,,,,,,,0.1476269907
46560,1.24053333,0.6608549931,0.6578464459,0.6490029354,0.6342796064,0.6138057805,0.5876292218,0.5557104513,0.5181656780,0.4747497690,0.4250409771,0.3677259880,0.2996591076,0.2082182706,,,,,,,,,0.1473080912
46620,1.24040000,0.6595919006,0.6565900770,0.6477667523,0.6330764199,0.6126481484,0.5865283563,0.5546788341,0.5172128706,0.4738856145,0.4242744014,0.3670616818,0.2991016639,0.2077356314,,,,,,,,,0.1469903743
46680,1.24026667,0.6583327577,0.6553376367,0.6465344336,0.6318769939,0.6114941337,0.5854309314,0.5536504419,0.5162630457,0.4730241726,0.4235102471,0.3663994983,0.2985460435,0.2072545320,,,,,,,,,0.1466738364
46740,1.24013333,0.6570775502,0.6540891108,0.6453059654,0.6306813148,0.6103437232,0.5843369346,0.5526252631,0.5153161923,0.4721654335,0.4227485051,0.3657394298,0.2979922397,0.2067749669,,,,,,,,,0.1463584733
46800,1.24000000,0.6558262640,0.6528444852,0.6440813338,0.6294893693,0.6091969041,0.5832463537,0.5516032859,0.5143722997,0.4713093872,0.4219891668,0.3650814685,0.2974398645,0.2062894561,,,,,,,,,0.1460442813
46860,1.23986667,0.6545788851,0.6516037459,0.6428605252,0.6283011437,0.6080536634,0.5821591762,0.5505844989,0.5134313572,0.4704560240,0.4212322232,0.3644256066,0.2968865964,0.2058043363,,,,,,,,,0.1457312565
46920,1.23973333,0.6533353993,0.6503668789,0.6416435257,0.6271166248,0.6069139881,0.5810753899,0.5495688904,0.5124933539,0.4696053340,0.4204774727,0.3637718362,0.2963351270,0.2053207134,,,,,,,,,0.1454193949
46980,1.23960000,0.6520957927,0.6491338704,0.6404303216,0.6259357992,0.6057778655,0.5799949825,0.5485564490,0.5115582793,0.4687573076,0.4197238487,0.3631201498,0.2957854495,0.2048385821,,,,,,,,,0.1451086926
47040,1.23946667,0.6508600514,0.6479047064,0.6392208993,0.6247586536,0.6046452827,0.5789179418,0.5475471632,0.5106261228,0.4679119351,0.4189725968,0.3624705396,0.2952375572,0.2043579370,,,,,,,,,0.1447991458
47100,1.23933333,0.6496281615,0.6466793733,0.6380152453,0.6235851748,0.6035162270,0.5778442557,0.5465410216,0.5096968737,0.4670692068,0.4182237084,0.3618229979,0.2946914434,0.2038787729,,,,,,,,,0.1444907506
47160,1.23920000,0.6484001092,0.6454578571,0.6368133459,0.6224153495,0.6023906857,0.5767739120,0.5455380128,0.5087705214,0.4662291130,0.4174771748,0.3611775170,0.2941471014,0.2034010845,,,,,,,,,0.1441835031
47220,1.23906667,0.6471758806,0.6442401443,0.6356151877,0.6212491647,0.6012686460,0.5757068987,0.5445381254,0.5078470556,0.4653916443,0.4167329873,0.3605340894,0.2936045247,0.2029248665,,,,,,,,,0.1438773993
47280,1.23893333,0.6459554622,0.6430262211,0.6344207573,0.6200866073,0.6001500955,0.5746432037,0.5435413482,0.5069264657,0.4645567909,0.4159911374,0.3598927074,0.2930637065,0.2024501137,,,,,,,,,0.1435724355
47340,1.23880000,0.6447388400,0.6418160739,0.6332300412,0.6189276641,0.5990350215,0.5735828151,0.5425476700,0.5060087413,0.4637245434,0.4152516165,0.3592533635,0.2925246402,0.2019768209,,,,,,,,,0.1432686077
47400,1.23866667,0.6435260007,0.6406096892,0.6320430261,0.6177723223,0.5979234115,0.5725257210,0.5415570795,0.5050938719,0.4628948924,0.4145144161,0.3586160500,0.2919873192,0.2015049828,,,,,,,,,0.1429659120
47460,1.23853333,0.6423169305,0.6394070535,0.6308596987,0.6166205688,0.5968152530,0.5714719095,0.5405695655,0.5041818474,0.4620678283,0.4137795277,0.3579807594,0.2914517370,0.2010345941,,,,,,,,,0.1426643446
47520,1.23840000,0.6411116160,0.6382081533,0.6296800458,0.6154723908,0.5957105337,0.5704213687,0.5395851170,0.5032726572,0.4612433418,0.4130469428,0.3573474843,0.2909178870,0.2005656498,,,,,,,,,0.1423639016
47580,1.23826667,0.6399100437,0.6370129753,0.6285040542,0.6143277754,0.5946092411,0.5693740868,0.5386037229,0.5023662913,0.4604214234,0.4123166529,0.3567162171,0.2903857625,0.2000981446,,,,,,,,,0.1420645791
47640,1.23813333,0.6387122001,0.6358215060,0.6273317108,0.6131867098,0.5935113629,0.5683300521,0.5376253721,0.5014627392,0.4596020639,0.4115886496,0.3560869504,0.2898553571,0.1996320733,,,,,,,,,0.1417663733
47700,1.23800000,0.6375180719,0.6346337321,0.6261630023,0.6120491813,0.5924168869,0.5672892529,0.5366500536,0.5005619909,0.4587852538,0.4108629246,0.3554596767,0.2893266643,0.1991674308,,,,,,,,,0.1414692803
47760,1.23786667,0.6363276458,0.6334496405,0.6249979159,0.6109151771,0.5913258007,0.5662516776,0.5356777566,0.4996640362,0.4579709840,0.4101394695,0.3548343886,0.2887996776,0.1987042119,,,,,,,,,0.1411732963
47820,1.23773333,0.6351409084,0.6322692178,0.6238364384,0.6097846846,0.5902380922,0.5652173144,0.5347084700,0.4987688649,0.4571592451,0.4094182759,0.3542110787,0.2882743905,0.1982424115,,,,,,,,,0.1408784174
47880,1.23760000,0.6339578465,0.6310924509,0.6226785570,0.6086576911,0.5891537493,0.5641861518,0.5337421830,0.4978764670,0.4563500280,0.4086993356,0.3535897396,0.2877507965,0.1977820245,,,,,,,,,0.1405846397
47940,1.23746667,0.6327784471,0.6299193268,0.6215242587,0.6075341842,0.5880727597,0.5631581784,0.5327788848,0.4969868324,0.4555433234,0.4079826402,0.3529703640,0.2872288891,0.1973230457,,,,,,,,,0.1402919595
48000,1.23733333,0.6316026968,0.6287498323,0.6203735307,0.6064141512,0.5869951116,0.5621333825,0.5318185646,0.4960999512,0.4547391223,0.4072681816,0.3523529446,0.2867086621,0.1968654700,,,,,,,,,0.1400003729
48060,1.23720000,0.6304305827,0.6275839544,0.6192263602,0.6052975798,0.5859207929,0.5611117528,0.5308612116,0.4952158133,0.4539374155,0.4065559515,0.3517374740,0.2861901089,0.1964092925,,,,,,,,,0.1397098761
48120,1.23706667,0.6292620917,0.6264216801,0.6180827343,0.6041844574,0.5848497915,0.5600932778,0.5299068151,0.4943344087,0.4531381939,0.4058459418,0.3511239450,0.2856732233,0.1959545079,,,,,,,,,0.1394204652
48180,1.23693333,0.6280972108,0.6252629967,0.6169426405,0.6030747717,0.5837820956,0.5590779463,0.5289553645,0.4934557277,0.4523414485,0.4051381442,0.3505123503,0.2851579987,0.1955011113,,,,,,,,,0.1391321364
48240,1.23680000,0.6269359271,0.6241078910,0.6158060660,0.6019685104,0.5827176933,0.5580657468,0.5280068491,0.4925797604,0.4515471703,0.4044325507,0.3499026828,0.2846444289,0.1950490976,,,,,,,,,0.1388448860
48300,1.23666667,0.6257782277,0.6229563505,0.6146729982,0.6008656611,0.5816565728,0.5570566682,0.5270612583,0.4917064968,0.4507553502,0.4037291531,0.3492949351,0.2841325076,0.1945984617,,,,,,,,,0.1385587101
48360,1.23653333,0.6246240998,0.6218083621,0.6135434245,0.5997662117,0.5805987222,0.5560506991,0.5261185817,0.4908359273,0.4499659794,0.4030279433,0.3486891001,0.2836222284,0.1941491988,,,,,,,,,0.1382736050
48420,1.23640000,0.6234735305,0.6206639134,0.6124173324,0.5986701498,0.5795441299,0.5550478283,0.5251788086,0.4899680421,0.4491790489,0.4023289134,0.3480851707,0.2831135852,0.1937013037,,,,,,,,,0.1379895668
48480,1.23626667,0.6223265071,0.6195229915,0.6112947095,0.5975774635,0.5784927841,0.5540480449,0.5242419286,0.4891028315,0.4483945498,0.4016320553,0.3474831398,0.2826065715,0.1932547715,,,,,,,,,0.1377065917
48540,1.23613333,0.6211830170,0.6183855838,0.6101755433,0.5964881406,0.5774446732,0.5530513375,0.5233079313,0.4882402857,0.4476124733,0.4009373610,0.3468830001,0.2821011811,0.1928095972,,,,,,,,,0.1374246761
48600,1.23600000,0.6200430473,0.6172516777,0.6090598214,0.5954021689,0.5763997855,0.5520576952,0.5223768062,0.4873803952,0.4468328105,0.4002448225,0.3462847447,0.2815974079,0.1923657759,,,,,,,,,0.1371438161
48660,1.23590000,0.6189066315,0.6161214729,0.6079481219,0.5943208535,0.5753604184,0.5510708605,0.5214537746,0.4865303282,0.4460649407,0.3995666899,0.3457040961,0.2811169425,0.1919613944,,,,,,,,,0.1368634213
48720,1.23580000,0.6177737718,0.6149948044,0.6068398990,0.5932429173,0.5743242967,0.5500871051,0.5205336213,0.4856829125,0.4452994698,0.3988906859,0.3451252915,0.2806380382,0.1915582441,,,,,,,,,0.1365837986
48780,1.23570000,0.6166444550,0.6138716590,0.6057351398,0.5921683479,0.5732914085,0.5491064178,0.5196163358,0.4848381382,0.4445363888,0.3982168025,0.3445483235,0.2801606877,0.1911563141,,,,,,,,,0.1363050667
48840,1.23560000,0.6155186682,0.6127520238,0.6046338317,0.5910971331,0.5722617420,0.5481287871,0.5187019074,0.4839959956,0.4437756890,0.3975450317,0.3439731852,0.2796848831,0.1907556059,,,,,,,,,0.1360272721
48900,1.23550000,0.6143963984,0.6116358859,0.6035359619,0.5900292603,0.5712352852,0.5471542019,0.5177903255,0.4831564749,0.4430173613,0.3968753656,0.3433998694,0.2792106163,0.1903561230,,,,,,,,,0.1357504394
48960,1.23540000,0.6132776326,0.6105232325,0.6024415177,0.5889647173,0.5702120263,0.5461826509,0.5168815797,0.4823195663,0.4422613969,0.3962077961,0.3428283688,0.2787378796,0.1899578681,,,,,,,,,0.1354745832
49020,1.23530000,0.6121623581,0.6094140508,0.6013504867,0.5879034919,0.5691919536,0.5452141229,0.5159756595,0.4814852602,0.4415077872,0.3955423155,0.3422586761,0.2782666654,0.1895608428,,,,,,,,,0.1351997127
49080,1.23520000,0.6110505618,0.6083083279,0.6002628562,0.5868455719,0.5681750554,0.5442486067,0.5150725545,0.4806535471,0.4407565231,0.3948789157,0.3416907841,0.2777969668,0.1891650479,,,,,,,,,0.1349258338
49140,1.23510000,0.6099422311,0.6072060512,0.5991786137,0.5857909452,0.5671613199,0.5432860914,0.5141722543,0.4798244172,0.4400075961,0.3942175889,0.3411246854,0.2773287771,0.1887704830,,,,,,,,,0.1346529503
49200,1.23500000,0.6088373533,0.6061072080,0.5980977469,0.5847395995,0.5661507355,0.5423265658,0.5132747485,0.4789978610,0.4392609974,0.3935583272,0.3405603728,0.2768620898,0.1883771472,,,,,,,,,0.1343810642
49260,1.23490000,0.6077359157,0.6050117858,0.5970202432,0.5836915229,0.5651432907,0.5413700189,0.5123800268,0.4781738689,0.4385167183,0.3929011227,0.3399978390,0.2763968987,0.1879850391,,,,,,,,,0.1341101765
49320,1.23480000,0.6066379055,0.6039197719,0.5959460904,0.5826467034,0.5641389739,0.5404164399,0.5114880789,0.4773524316,0.4377747502,0.3922459676,0.3394370769,0.2759331978,0.1875941566,,,,,,,,,0.1338402876
49380,1.23470000,0.6055433104,0.6028311538,0.5948752761,0.5816051289,0.5631377737,0.5394658176,0.5105988947,0.4765335394,0.4370350844,0.3915928539,0.3388780792,0.2754709813,0.1872044975,,,,,,,,,0.1335713970
49440,1.23460000,0.6044521176,0.6017459191,0.5938077882,0.5805667876,0.5621396784,0.5385181413,0.5097124640,0.4757171831,0.4362977123,0.3909417740,0.3383208390,0.2750102434,0.1868160591,,,,,,,,,0.1333035037
49500,1.23450000,0.6033643148,0.6006640554,0.5927436143,0.5795316677,0.5611446769,0.5375734002,0.5088287765,0.4749033532,0.4355626253,0.3902927199,0.3377653492,0.2745509784,0.1864288386,,,,,,,,,0.1330366066
49560,1.23440000,0.6022798895,0.5995855503,0.5916827424,0.5784997572,0.5601527576,0.5366315834,0.5079478222,0.4740920403,0.4348298150,0.3896456840,0.3372116028,0.2740931808,0.1860428329,,,,,,,,,0.1327707039
49620,1.23430000,0.6011988293,0.5985103915,0.5906251603,0.5774710444,0.5591639093,0.5356926801,0.5070695910,0.4732832352,0.4340992726,0.3890006585,0.3366595931,0.2736368450,0.1856580387,,,,,,,,,0.1325057937
49680,1.23420000,0.6001211219,0.5974385667,0.5895708559,0.5764455176,0.5581781207,0.5347566798,0.5061940728,0.4724769285,0.4333709899,0.3883576356,0.3361093131,0.2731819655,0.1852744526,,,,,,,,,0.1322418741
49740,1.23410000,0.5990467550,0.5963700637,0.5885198173,0.5754231651,0.5571953805,0.5338235716,0.5053212577,0.4716731110,0.4326449582,0.3877166078,0.3355607562,0.2727285369,0.1848920711,,,,,,,,,0.1319789426
49800,1.23400000,0.5979757163,0.5953048703,0.5874720324,0.5744039752,0.5562156776,0.5328933450,0.5044511357,0.4708717734,0.4319211692,0.3870775674,0.3350139155,0.2722765536,0.1845108907,,,,,,,,,0.1317169970
49860,1.23390000,0.5969079937,0.5942429743,0.5864274894,0.5733879364,0.5552390009,0.5319659893,0.5035836969,0.4700729066,0.4311996144,0.3864405067,0.3344687844,0.2718260104,0.1841309075,,,,,,,,,0.1314560346
49920,1.23380000,0.5958435749,0.5931843638,0.5853861763,0.5723750371,0.5542653391,0.5310414941,0.5027189314,0.4692765015,0.4304802855,0.3858054183,0.3339253564,0.2713769017,0.1837521177,,,,,,,,,0.1311960527
49980,1.23370000,0.5947824480,0.5921290266,0.5843480814,0.5713652657,0.5532946814,0.5301198488,0.5018568293,0.4684825488,0.4297631741,0.3851722945,0.3333836247,0.2709292222,0.1833745177,,,,,,,,,0.1309370487
50040,1.23360000,0.5937246008,0.5910769509,0.5833131928,0.5703586109,0.5523270166,0.5292010430,0.5009973809,0.4676910395,0.4290482719,0.3845411280,0.3328435829,0.2704829664,0.1829981033,,,,,,,,,0.1306790197
50100,1.23350000,0.5926700214,0.5900281245,0.5822814988,0.5693550612,0.5513623337,0.5282850661,0.5001405763,0.4669019646,0.4283355706,0.3839119112,0.3323052245,0.2700381292,0.1826228707,,,,,,,,,0.1304219627
50160,1.23340000,0.5916186977,0.5889825357,0.5812529877,0.5683546052,0.5504006219,0.5273719079,0.4992864058,0.4661153149,0.4276250620,0.3832846368,0.3317685430,0.2695947050,0.1822488159,,,,,,,,,0.1301658749
50220,1.23330000,0.5905706179,0.5879401726,0.5802276478,0.5673572317,0.5494418703,0.5264615580,0.4984348598,0.4653310816,0.4269167379,0.3826592973,0.3312335320,0.2691526885,0.1818759348,,,,,,,,,0.1299107532
50280,1.23320000,0.5895257701,0.5869010234,0.5792054676,0.5663629292,0.5484860679,0.5255540060,0.4975859284,0.4645492557,0.4262105901,0.3820358854,0.3307001851,0.2687120745,0.1814987308,,,,,,,,,0.1296565946
50340,1.23310000,0.5884841425,0.5858650763,0.5781864355,0.5653716867,0.5475332041,0.5246492417,0.4967396022,0.4637698282,0.4255066103,0.3814143938,0.3301684959,0.2682728576,0.1811203906,,,,,,,,,0.1294033959
50400,1.23300000,0.5874457232,0.5848323197,0.5771705399,0.5643834928,0.5465832680,0.5237472549,0.4958958716,0.4629927903,0.4248047906,0.3807948153,0.3296384581,0.2678350324,0.1807431938,,,,,,,,,0.1291511540
50460,1.23286667,0.5864104587,0.5838025442,0.5761572177,0.5633971041,0.5456340861,0.5228445145,0.4950498139,0.4622113804,0.4240962731,0.3801655529,0.3290951384,0.2673778582,0.1803273350,,,,,,,,,0.1289004312
50520,1.23273333,0.5853783238,0.5827758814,0.5751469572,0.5624136943,0.5446877691,0.5219444979,0.4942063081,0.4614323285,0.4233898971,0.3795381996,0.3285534821,0.2669221060,0.1799127151,,,,,,,,,0.1286509211
50580,1.23260000,0.5843493074,0.5817523202,0.5741397475,0.5614332529,0.5437443068,0.5210471955,0.4933653452,0.4606556260,0.4226856546,0.3789127485,0.3280134828,0.2664677717,0.1794993351,,,,,,,,,0.1284025023
50640,1.23246667,0.5833233982,0.5807318497,0.5731355778,0.5604557692,0.5428036890,0.5201525976,0.4925269160,0.4598812645,0.4219835380,0.3782891925,0.3274751345,0.2660148514,0.1790871840,,,,,,,,,0.1281551235
50700,1.23233333,0.5823005854,0.5797144588,0.5721344373,0.5594812327,0.5418659056,0.5192606945,0.4916910113,0.4591092355,0.4212835395,0.3776675245,0.3269384311,0.2655633414,0.1786762494,,,,,,,,,0.1279087546
50760,1.23220000,0.5812808578,0.5787001365,0.5711363151,0.5585096329,0.5409309464,0.5183714765,0.4908576221,0.4583395305,0.4205856513,0.3770477378,0.3264033668,0.2651132381,0.1782665199,,,,,,,,,0.1276633751
50820,1.23206667,0.5802642045,0.5776888720,0.5701412006,0.5575409594,0.5399988013,0.5174849340,0.4900267393,0.4575721411,0.4198898657,0.3764298252,0.3258699355,0.2646645374,0.1778579850,,,,,,,,,0.1274189694
50880,1.23193333,0.5792506146,0.5766806544,0.5691490830,0.5565752018,0.5390694605,0.5166010575,0.4891983540,0.4568070590,0.4191961750,0.3758137801,0.3253381316,0.2642172348,0.1774506358,,,,,,,,,0.1271755254
50940,1.23180000,0.5782400772,0.5756754728,0.5681599517,0.5556123496,0.5381429137,0.5157198375,0.4883724572,0.4560442758,0.4185045717,0.3751995954,0.3248079493,0.2637713258,0.1770444637,,,,,,,,,0.1269330329
51000,1.23166667,0.5772325815,0.5746733165,0.5671737960,0.5546523925,0.5372191511,0.5148412644,0.4875490399,0.4552837832,0.4178150481,0.3745872645,0.3242793829,0.2633268056,0.1766394613,,,,,,,,,0.1266914832
51060,1.23153333,0.5762281166,0.5736741747,0.5661906055,0.5536953203,0.5362981628,0.5139653287,0.4867280933,0.4545255730,0.4171275966,0.3739767806,0.3237524266,0.2628836691,0.1762356214,,,,,,,,,0.1264508687
51120,1.23140000,0.5752266718,0.5726780367,0.5652103695,0.5527411226,0.5353799389,0.5130920211,0.4859096084,0.4537696368,0.4164422098,0.3733681369,0.3232270748,0.2624419112,0.1758329375,,,,,,,,,0.1262111823
51180,1.23126667,0.5742282364,0.5716848919,0.5642330776,0.5517897892,0.5344644695,0.5122213322,0.4850935765,0.4530159665,0.4157588800,0.3727613268,0.3227033218,0.2620015266,0.1754314032,,,,,,,,,0.1259724180
51240,1.23113333,0.5732327996,0.5706947295,0.5632587192,0.5508413101,0.5335517448,0.5113532526,0.4842799887,0.4522645539,0.4150775999,0.3721563438,0.3221811619,0.2615625100,0.1750310126,,,,,,,,,0.1257345698
51300,1.23100000,0.5722403509,0.5697075391,0.5622872841,0.5498956749,0.5326417550,0.5104877729,0.4834688363,0.4515153909,0.4143983620,0.3715531810,0.3216605893,0.2611248561,0.1746317602,,,,,,,,,0.1254976322
51360,1.23086667,0.5712508796,0.5687233100,0.5613187617,0.5489528736,0.5317344905,0.5096248839,0.4826601106,0.4507684693,0.4137211588,0.3709518321,0.3211415983,0.2606885595,0.1742336403,,,,,,,,,0.1252616003
51420,1.23073333,0.5702643751,0.5677420318,0.5603531418,0.5480128961,0.5308299414,0.5087645764,0.4818538027,0.4500237810,0.4130459831,0.3703522903,0.3206241833,0.2602536147,0.1738366477,,,,,,,,,0.1250264689
51480,1.23060000,0.5692808270,0.5667636940,0.5593904140,0.5470757324,0.5299280981,0.5079068410,0.4810499041,0.4492813180,0.4123728276,0.3697545492,0.3201083383,0.2598200164,0.1734407773,,,,,,,,,0.1247922335
51540,1.23046667,0.5683002247,0.5657882861,0.5584305681,0.5461413725,0.5290289510,0.5070516687,0.4802484061,0.4485410723,0.4117016848,0.3691586024,0.3195940577,0.2593877591,0.1730460241,,,,,,,,,0.1245588895
51600,1.23033333,0.5673225578,0.5648157978,0.5574735939,0.5452098064,0.5281324905,0.5061990503,0.4794493001,0.4478030359,0.4110325475,0.3685644432,0.3190813358,0.2589568376,0.1726523831,,,,,,,,,0.1243264326
51660,1.23020000,0.5663478158,0.5638462187,0.5565194811,0.5442810242,0.5272387070,0.5053489766,0.4786525776,0.4470672009,0.4103654085,0.3679720652,0.3185701667,0.2585272462,0.1722598497,,,,,,,,,0.1240948585
51720,1.23006667,0.5653759885,0.5628795384,0.5555682196,0.5433550160,0.5263475911,0.5045014386,0.4778582299,0.4463335593,0.4097002606,0.3673814619,0.3180605447,0.2580989799,0.1718684191,,,,,,,,,0.1238641630
51780,1.22993333,0.5644070655,0.5619157468,0.5546197993,0.5424317720,0.5254591331,0.5036564272,0.4770662487,0.4456021032,0.4090370965,0.3667926270,0.3175524641,0.2576720330,0.1714780867,,,,,,,,,0.1236343422
51840,1.22980000,0.5634410365,0.5609548335,0.5536742102,0.5415112822,0.5245733237,0.5028139334,0.4762766253,0.4448728248,0.4083759092,0.3662055540,0.3170459191,0.2572464005,0.1710888480,,,,,,,,,0.1234053920
51900,1.22966667,0.5624778912,0.5599967884,0.5527314420,0.5405935371,0.5236901534,0.5019739483,0.4754893515,0.4441457162,0.4077166915,0.3656202365,0.3165409039,0.2568220769,0.1707006985,,,,,,,,,0.1231773085
51960,1.22953333,0.5615176194,0.5590416013,0.5517914850,0.5396785267,0.5228096128,0.5011364628,0.4747044187,0.4434207698,0.4070594363,0.3650366682,0.3160374130,0.2563990569,0.1703136338,,,,,,,,,0.1229500880
52020,1.22940000,0.5605602109,0.5580892620,0.5508543291,0.5387662415,0.5219316927,0.5003014681,0.4739218187,0.4426979776,0.4064041365,0.3644548425,0.3155354404,0.2559773354,0.1699276496,,,,,,,,,0.1227237268
52080,1.22926667,0.5596056556,0.5571397605,0.5499199643,0.5378566717,0.5210563836,0.4994689553,0.4731415430,0.4419773320,0.4057507850,0.3638747534,0.3150349807,0.2555569071,0.1695427415,,,,,,,,,0.1224982209
52140,1.22913333,0.5586539434,0.5561930868,0.5489883808,0.5369498077,0.5201836763,0.4986389155,0.4723635833,0.4412588252,0.4050993749,0.3632963943,0.3145360279,0.2551377668,0.1691589054,,,,,,,,,0.1222735669
52200,1.22900000,0.5577050643,0.5552492308,0.5480595688,0.5360456399,0.5193135616,0.4978113400,0.4715879314,0.4405424497,0.4044498992,0.3627197589,0.3140385765,0.2547199093,0.1687761370,,,,,,,,,0.1220497612
52260,1.22890000,0.5567590465,0.5543083671,0.5471340357,0.5351453160,0.5184480633,0.4969895342,0.4708192090,0.4398345722,0.4038107215,0.3621558353,0.3135568309,0.2543232017,0.1684334972,,,,,,,,,0.1218262541
52320,1.22880000,0.5558158925,0.5533703511,0.5462113021,0.5342477127,0.5175851773,0.4961702055,0.4700528003,0.4391288234,0.4031734664,0.3615936130,0.3130765524,0.2539277277,0.1680918080,,,,,,,,,0.1216033388
52380,1.22870000,0.5548755920,0.5524351725,0.5452913578,0.5333528203,0.5167248939,0.4953533450,0.4692886969,0.4384251954,0.4025381268,0.3610330855,0.3125977354,0.2535334816,0.1677510647,,,,,,,,,0.1213811262
52440,1.22860000,0.5539381344,0.5515028209,0.5443741926,0.5324606287,0.5158672036,0.4945389436,0.4685268904,0.4377236806,0.4019046955,0.3604742466,0.3121203740,0.2531404568,0.1674112723,,,,,,,,,0.1211596586
52500,1.22850000,0.5530035096,0.5505732861,0.5434597964,0.5315711282,0.5150120971,0.4937269924,0.4677673724,0.4370242710,0.4012731656,0.3599170899,0.3116444627,0.2527486471,0.1670724360,,,,,,,,,0.1209389582
52560,1.22840000,0.5520717072,0.5496465577,0.5425481593,0.5306843090,0.5141595649,0.4929174824,0.4670101345,0.4363269591,0.4006435301,0.3593616092,0.3111699957,0.2523580461,0.1667345596,,,,,,,,,0.1207190378
52620,1.22830000,0.5511427169,0.5487226257,0.5416392710,0.5298001613,0.5133095977,0.4921104047,0.4662551683,0.4356317370,0.4000157819,0.3588077981,0.3106969671,0.2519686478,0.1663976451,,,,,,,,,0.1204999056
52680,1.22820000,0.5502165285,0.5478014799,0.5407331218,0.5289186754,0.5124621861,0.4913057505,0.4655024657,0.4349385973,0.3993899141,0.3582556504,0.3102253712,0.2515804465,0.1660616939,,,,,,,,,0.1202815665
52740,1.22810000,0.5492931319,0.5468831101,0.5398297015,0.5280398417,0.5116173207,0.4905035109,0.4647520182,0.4342475321,0.3987659198,0.3577051597,0.3097552022,0.2511934366,0.1657267061,,,,,,,,,0.1200640236
52800,1.22800000,0.5483725170,0.5459675062,0.5389290003,0.5271636505,0.5107749925,0.4897036771,0.4640038178,0.4335585340,0.3981437920,0.3571563199,0.3092864542,0.2508076131,0.1653926813,,,,,,,,,0.1198472785
52860,1.22790000,0.5474546735,0.5450546583,0.5380310083,0.5262900921,0.5099351920,0.4889062403,0.4632578560,0.4328715952,0.3975235238,0.3566091247,0.3088191216,0.2504229709,0.1650596183,,,,,,,,,0.1196313319
52920,1.22780000,0.5465395916,0.5441445563,0.5371357158,0.5254191571,0.5090979101,0.4881111918,0.4625141249,0.4321867084,0.3969051083,0.3560635678,0.3083531985,0.2500395050,0.1647275159,,,,,,,,,0.1194161838
52980,1.22770000,0.5456272611,0.5432371903,0.5362431128,0.5245508360,0.5082631378,0.4873185230,0.4617726162,0.4315038660,0.3962885388,0.3555196430,0.3078886794,0.2496572107,0.1643963721,,,,,,,,,0.1192018338
53040,1.22760000,0.5447176721,0.5423325503,0.5353531897,0.5236851191,0.5074308657,0.4865282251,0.4610333219,0.4308230604,0.3956738084,0.3549773442,0.3074255585,0.2492760833,0.1640661850,,,,,,,,,0.1189882807
53100,1.22750000,0.5438108147,0.5414306265,0.5344659366,0.5228219971,0.5066010850,0.4857402896,0.4602962339,0.4301442843,0.3950609101,0.3544366651,0.3069638303,0.2488961183,0.1637369522,,,,,,,,,0.1187755234
53160,1.22740000,0.5429066789,0.5405314089,0.5335813440,0.5219614605,0.5057737864,0.4849547077,0.4595613440,0.4294675301,0.3944498374,0.3538975996,0.3065034891,0.2485173111,0.1634086715,,,,,,,,,0.1185635603
53220,1.22730000,0.5420052549,0.5396348879,0.5326994022,0.5211035000,0.5049489611,0.4841714711,0.4588286444,0.4287927905,0.3938405834,0.3533601415,0.3060445296,0.2481396572,0.1630813400,,,,,,,,,0.1183523897
53280,1.22720000,0.5411065328,0.5387410536,0.5318201016,0.5202481063,0.5041265999,0.4833905711,0.4580981270,0.4281200581,0.3932331413,0.3528242847,0.3055869462,0.2477631521,0.1627549552,,,,,,,,,0.1181420095
53340,1.22710000,0.5402105029,0.5378498963,0.5309434326,0.5193952699,0.5033066941,0.4826119992,0.4573697839,0.4274493256,0.3926275045,0.3522900232,0.3051307336,0.2473877915,0.1624283137,,,,,,,,,0.1179324178
53400,1.22700000,0.5393171554,0.5369614063,0.5300693856,0.5185449818,0.5024892346,0.4818357470,0.4566436072,0.4267805856,0.3920236662,0.3517573508,0.3046758863,0.2470135708,0.1620943633,,,,,,,,,0.1177236122
53460,1.22690000,0.5384264807,0.5360755740,0.5291979512,0.5176972325,0.5016742126,0.4810618061,0.4559195888,0.4261138307,0.3914216198,0.3512262615,0.3042223991,0.2466404858,0.1617613296,,,,,,,,,0.1175155906
53520,1.22680000,0.5375384690,0.5351923896,0.5283291200,0.5168520130,0.5008616193,0.4802901681,0.4551977211,0.4254490538,0.3908213586,0.3506967493,0.3037702666,0.2462685321,0.1614292099,,,,,,,,,0.1173083506
53580,1.22670000,0.5366531106,0.5343118438,0.5274628824,0.5160093140,0.5000514458,0.4795208245,0.4544779962,0.4247862476,0.3902228760,0.3501688083,0.3033194836,0.2458977054,0.1610980013,,,,,,,,,0.1171018897
53640,1.22660000,0.5357703961,0.5334339268,0.5265992292,0.5151691264,0.4992436834,0.4787537672,0.4537604062,0.4241254049,0.3896261653,0.3496424324,0.3028700449,0.2455280012,0.1607677008,,,,,,,,,0.1168962053
53700,1.22650000,0.5348903159,0.5325586292,0.5257381509,0.5143314412,0.4984383233,0.4779889877,0.4530449434,0.4234665184,0.3890312201,0.3491176157,0.3024215327,0.2451594153,0.1604383053,,,,,,,,,0.1166912951
53760,1.22640000,0.5340128603,0.5316859415,0.5248796382,0.5134962492,0.4976353569,0.4772264778,0.4523316000,0.4228095810,0.3884380338,0.3485943524,0.3019734342,0.2447919434,0.1601098120,,,,,,,,,0.1164871562
53820,1.22630000,0.5331380200,0.5308158543,0.5240236820,0.5126635416,0.4968347755,0.4764662292,0.4516203683,0.4221545856,0.3878465998,0.3480726365,0.3015266670,0.2444255812,0.1597822178,,,,,,,,,0.1162837862
53880,1.22620000,0.5322657855,0.5299483582,0.5231702728,0.5118333092,0.4960365704,0.4757082338,0.4509112407,0.4215015250,0.3872569116,0.3475524623,0.3010812258,0.2440603245,0.1594555196,,,,,,,,,0.1160811824
53940,1.22610000,0.5313961473,0.5290834438,0.5223194016,0.5110055431,0.4952407330,0.4749524835,0.4502042095,0.4208503922,0.3866689628,0.3470338239,0.3006371057,0.2436961689,0.1591297144,,,,,,,,,0.1158793420
54000,1.22600000,0.5305290961,0.5282211018,0.5214710592,0.5101802344,0.4944472549,0.4741989699,0.4494992670,0.4202011800,0.3860827469,0.3465167155,0.3001943014,0.2433331102,0.1588047991,,,,,,,,,0.1156782624
54060,1.22590000,0.5296646226,0.5273613229,0.5206252363,0.5093573743,0.4936561273,0.4734476851,0.4487964057,0.4195538815,0.3854982575,0.3460011313,0.2997528081,0.2429711442,0.1584807705,,,,,,,,,0.1154779409
54120,1.22580000,0.5288027174,0.5265040979,0.5197819240,0.5085369538,0.4928673419,0.4726986210,0.4480956179,0.4189084897,0.3849154881,0.3454870657,0.2993126206,0.2426091469,0.1581576257,,,,,,,,,0.1152783746
54180,1.22570000,0.5279433713,0.5256494175,0.5189411132,0.5077189643,0.4920808901,0.4719517695,0.4473968962,0.4182649975,0.3843344326,0.3449745129,0.2988737341,0.2422469642,0.1578353614,,,,,,,,,0.1150795608
54240,1.22560000,0.5270865751,0.5247972726,0.5181027948,0.5069033968,0.4912967636,0.4712071226,0.4467002330,0.4176233980,0.3837550844,0.3444634673,0.2984361436,0.2418858642,0.1575139747,,,,,,,,,0.1148814968
54300,1.22550000,0.5262323195,0.5239476539,0.5172669598,0.5060902426,0.4905149539,0.4704646723,0.4460056209,0.4169836843,0.3831774373,0.3439539231,0.2979998440,0.2415258426,0.1571934623,,,,,,,,,0.1146841798
54360,1.22540000,0.5253805954,0.5231005525,0.5164335993,0.5052794931,0.4897354526,0.4697244107,0.4453130524,0.4163458494,0.3826014849,0.3434458748,0.2975648306,0.2411668954,0.1568738212,,,,,,,,,0.1144876069
54420,1.22530000,0.5245313937,0.5222559592,0.5156027044,0.5044711396,0.4889582515,0.4689863298,0.4446225200,0.4157098866,0.3820272211,0.3429393167,0.2971310984,0.2408090184,0.1565550482,,,,,,,,,0.1142917755
54480,1.22520000,0.5236847052,0.5214138650,0.5147742661,0.5036651733,0.4881833422,0.4682504218,0.4439340164,0.4150757889,0.3814546395,0.3424342433,0.2966986425,0.2404522073,0.1562371403,,,,,,,,,0.1140966827
54540,1.22510000,0.5228405210,0.5205742609,0.5139482757,0.5028615858,0.4874107164,0.4675166787,0.4432475342,0.4144435496,0.3808837341,0.3419306491,0.2962674581,0.2400964581,0.1559200943,,,,,,,,,0.1139023257
54600,1.22500000,0.5219988319,0.5197371379,0.5131247243,0.5020603684,0.4866403658,0.4667850928,0.4425630660,0.4138131618,0.3803144984,0.3414285283,0.2958375404,0.2397417667,0.1556039071,,,,,,,,,0.1137087017
54660,1.22490000,0.5211596291,0.5189024871,0.5123036031,0.5012615126,0.4858722824,0.4660556562,0.4418806046,0.4131846188,0.3797469265,0.3409278757,0.2954088846,0.2393881289,0.1552885756,,,,,,,,,0.1135158080
54720,1.22480000,0.5203229036,0.5180702995,0.5114849033,0.5004650099,0.4851064579,0.4653283612,0.4412001426,0.4125579138,0.3791810122,0.3404286857,0.2949814858,0.2390355407,0.1549740968,,,,,,,,,0.1133236416
54780,1.22470000,0.5194886464,0.5172405664,0.5106686163,0.4996708518,0.4843428841,0.4646032001,0.4405216728,0.4119330401,0.3786167494,0.3399309528,0.2945553393,0.2386839979,0.1546604675,,,,,,,,,0.1131321999
54840,1.22460000,0.5186568486,0.5164132789,0.5098547334,0.4988790299,0.4835815529,0.4638801650,0.4398451880,0.4113099911,0.3780541319,0.3394346716,0.2941304404,0.2383334966,0.1543476847,,,,,,,,,0.1129414800
54900,1.22450000,0.5178275015,0.5155884281,0.5090432458,0.4980895357,0.4828224563,0.4631592484,0.4391706809,0.4106887600,0.3774931537,0.3389398367,0.2937067843,0.2379840325,0.1540357452,,,,,,,,,0.1127514792
54960,1.22440000,0.5170005963,0.5147660054,0.5082341451,0.4973023608,0.4820655863,0.4624404425,0.4384981444,0.4100693403,0.3769338089,0.3384464426,0.2932843663,0.2376356018,0.1537246461,,,,,,,,,0.1125621945
55020,1.22430000,0.5161761240,0.5139460019,0.5074274226,0.4965174970,0.4813109346,0.4617237398,0.4378275714,0.4094517253,0.3763760913,0.3379544841,0.2928631817,0.2372882003,0.1534143841,,,,,,,,,0.1123736233
55080,1.22420000,0.5153540761,0.5131284091,0.5066230697,0.4957349359,0.4805584935,0.4610091327,0.4371589548,0.4088359084,0.3758199950,0.3374639558,0.2924432258,0.2369418241,0.1531049564,,,,,,,,,0.1121857628
55140,1.22410000,0.5145344437,0.5123132182,0.5058210780,0.4949546692,0.4798082549,0.4602966135,0.4364922873,0.4082218832,0.3752655140,0.3369748524,0.2920244941,0.2365964692,0.1527963597,,,,,,,,,0.1119986102
55200,1.22400000,0.5137172183,0.5115004206,0.5050214390,0.4941766887,0.4790602108,0.4595861748,0.4358275620,0.4076096430,0.3747126424,0.3364871685,0.2916069818,0.2362521315,0.1524885912,,,,,,,,,0.1118121626
55260,1.22390000,0.5129023911,0.5106900077,0.5042241441,0.4934009862,0.4783143535,0.4588778091,0.4351647719,0.4069991813,0.3741613743,0.3360008988,0.2911906843,0.2359088071,0.1521816477,,,,,,,,,0.1116264174
55320,1.22380000,0.5120899536,0.5098819710,0.5034291851,0.4926275534,0.4775706750,0.4581715088,0.4345039099,0.4063904918,0.3736117038,0.3355160383,0.2907755971,0.2355664920,0.1518755262,,,,,,,,,0.1114413718
55380,1.22370000,0.5112798972,0.5090763020,0.5026365535,0.4918563823,0.4768291675,0.4574672665,0.4338449691,0.4057835679,0.3730636250,0.3350325815,0.2903617155,0.2352251824,0.1515702237,,,,,,,,,0.1112570230
55440,1.22360000,0.5104722133,0.5082729920,0.5018462409,0.4910874646,0.4760898231,0.4567650749,0.4331879425,0.4051784032,0.3725171322,0.3345505233,0.2899490351,0.2348848742,0.1512657372,,,,,,,,,0.1110733682
55500,1.22350000,0.5096668934,0.5074720327,0.5010582391,0.4903207924,0.4753526342,0.4560649264,0.4325328231,0.4045749913,0.3719722193,0.3340698584,0.2895375511,0.2345455636,0.1509620638,,,,,,,,,0.1108904048
55560,1.22340000,0.5088639292,0.5066734157,0.5002725397,0.4895563575,0.4746175929,0.4553668138,0.4318796042,0.4039733258,0.3714288808,0.3335905818,0.2891272593,0.2342072466,0.1506592003,,,,,,,,,0.1107081299
55620,1.22330000,0.5080633120,0.5058771325,0.4994891345,0.4887941519,0.4738846915,0.4546707297,0.4312282787,0.4033734004,0.3708871107,0.3331126883,0.2887181549,0.2338699194,0.1503571439,,,,,,,,,0.1105265408
55680,1.22320000,0.5072650335,0.5050831748,0.4987080153,0.4880341676,0.4731539224,0.4539766668,0.4305788399,0.4027752088,0.3703469035,0.3326361727,0.2883102336,0.2335335781,0.1500558915,,,,,,,,,0.1103456349
55740,1.22310000,0.5064690854,0.5042915343,0.4979291739,0.4872763967,0.4724250916,0.4532846178,0.4299312810,0.4021787447,0.3698082532,0.3321610300,0.2879034908,0.2331982189,0.1497554402,,,,,,,,,0.1101654093
55800,1.22300000,0.5056754593,0.5035022026,0.4971526021,0.4865208312,0.4716981316,0.4525945755,0.4292855951,0.4015840017,0.3692711543,0.3316872550,0.2874979222,0.2328638378,0.1494557871,,,,,,,,,0.1099858614
55860,1.22293333,0.5048841791,0.5027153331,0.4963787478,0.4857684862,0.4709752277,0.4519094762,0.4286458967,0.4009966666,0.3687431053,0.3312247536,0.2871068506,0.2325494768,0.1491977227,,,,,,,,,0.1098064797
55920,1.22286667,0.5040952470,0.5019307979,0.4956071869,0.4850183675,0.4702544586,0.4512263946,0.4280080764,0.4004110504,0.3682165973,0.3307636003,0.2867169224,0.2322360494,0.1489403410,,,,,,,,,0.1096275464
55980,1.22280000,0.5033086544,0.5011485884,0.4948379110,0.4842704668,0.4695358163,0.4505453232,0.4273721273,0.3998271467,0.3676916245,0.3303037900,0.2863281331,0.2319235513,0.1486836444,,,,,,,,,0.1094491650
56040,1.22273333,0.5025243927,0.5003686961,0.4940709117,0.4835247760,0.4688192931,0.4498662547,0.4267380425,0.3992449492,0.3671681814,0.3298453175,0.2859404782,0.2316119777,0.1484276413,,,,,,,,,0.1092713747
56100,1.22266667,0.5017424533,0.4995911125,0.4933061806,0.4827812869,0.4681048812,0.4491891817,0.4261058151,0.3986644516,0.3666462620,0.3293881778,0.2855539534,0.2313013239,0.1481723389,,,,,,,,,0.1090941957
56160,1.22260000,0.5009628278,0.4988158291,0.4925437095,0.4820399914,0.4673925729,0.4485140967,0.4254754382,0.3980856476,0.3661258609,0.3289323659,0.2851685542,0.2309915854,0.1479177418,,,,,,,,,0.1089176396
56220,1.22253333,0.5001855075,0.4980428374,0.4917834900,0.4813008816,0.4666823603,0.4478409926,0.4248469051,0.3975085308,0.3656069722,0.3284778768,0.2847842761,0.2306827575,0.1476638530,,,,,,,,,0.1087417139
56280,1.22246667,0.4994104842,0.4972721291,0.4910255139,0.4805639494,0.4659742359,0.4471698620,0.4242202089,0.3969330951,0.3650895904,0.3280247054,0.2844011147,0.2303748361,0.1474106743,,,,,,,,,0.1085664231
56340,1.22240000,0.4986377493,0.4965036958,0.4902697729,0.4798291868,0.4652681918,0.4465006977,0.4235953428,0.3963593342,0.3645737098,0.3275728468,0.2840190655,0.2300678171,0.1471582066,,,,,,,,,0.1083917698
56400,1.22233333,0.4978672945,0.4957375292,0.4895162588,0.4790965858,0.4645642206,0.4458334924,0.4229723001,0.3957872419,0.3640593248,0.3271222960,0.2836381240,0.2297616966,0.1469064498,,,,,,,,,0.1082177556
56460,1.22226667,0.4970991114,0.4949736209,0.4887649636,0.4783661385,0.4638623145,0.4451682390,0.4223510741,0.3952168121,0.3635464299,0.3266730481,0.2832582859,0.2294564708,0.1466554037,,,,,,,,,0.1080443813
56520,1.22220000,0.4963331917,0.4942119626,0.4880158790,0.4776378371,0.4631624661,0.4445049302,0.4217316581,0.3946480386,0.3630350196,0.3262250981,0.2828795466,0.2291521361,0.1464050675,,,,,,,,,0.1078716470
56580,1.22213333,0.4955695271,0.4934525462,0.4872689970,0.4769116736,0.4624646677,0.4438435589,0.4211140454,0.3940809152,0.3625250882,0.3257784410,0.2825019018,0.2288486890,0.1461554399,,,,,,,,,0.1076995522
56640,1.22206667,0.4948081094,0.4926953635,0.4865243094,0.4761876402,0.4617689119,0.4431841181,0.4204982294,0.3935154359,0.3620166303,0.3253330720,0.2821253472,0.2285461259,0.1459065195,,,,,,,,,0.1075280962
56700,1.22200000,0.4940489303,0.4919404062,0.4857818084,0.4754657292,0.4610751911,0.4425266006,0.4198842035,0.3929515946,0.3615096404,0.3248889861,0.2817498784,0.2282444435,0.1456583049,,,,,,,,,0.1073572780
56760,1.22193333,0.4932919816,0.4911876662,0.4850414858,0.4747459328,0.4603834980,0.4418709993,0.4192719611,0.3923893853,0.3610041130,0.3244461785,0.2813754911,0.2279436384,0.1454107943,,,,,,,,,0.1071870963
56820,1.22186667,0.4925372553,0.4904371355,0.4843033337,0.4740282432,0.4596938251,0.4412173073,0.4186614956,0.3918288019,0.3605000426,0.3240046444,0.2810021811,0.2276437072,0.1451639858,,,,,,,,,0.1070175496
56880,1.22180000,0.4917847431,0.4896888058,0.4835673442,0.4733126528,0.4590061649,0.4405655176,0.4180528006,0.3912698385,0.3599974240,0.3235643788,0.2806299442,0.2273446465,0.1449178773,,,,,,,,,0.1068486364
56940,1.22173333,0.4910344370,0.4889426693,0.4828335094,0.4725991538,0.4583205102,0.4399156231,0.4174458695,0.3907124890,0.3594962515,0.3231253769,0.2802587762,0.2270464532,0.1446724668,,,,,,,,,0.1066803549
57000,1.22166667,0.4902863290,0.4881987179,0.4821018214,0.4718877386,0.4576368535,0.4392676170,0.4168406958,0.3901567475,0.3589965200,0.3226876340,0.2798886729,0.2267491238,0.1444277523,,,,,,,,,0.1065127033
57060,1.22160000,0.4895404109,0.4874569436,0.4813722724,0.4711783996,0.4569551877,0.4386214923,0.4162372731,0.3896026081,0.3584982239,0.3222511453,0.2795196302,0.2264526552,0.1441810310,,,,,,,,,0.1063456797
57120,1.22153333,0.4887966749,0.4867173385,0.4806448545,0.4704711292,0.4562755054,0.4379772421,0.4156355950,0.3890500648,0.3580013579,0.3218159061,0.2791516441,0.2261570440,0.1439298515,,,,,,,,,0.1061792822
57180,1.22146667,0.4880551129,0.4859798946,0.4799195600,0.4697659200,0.4555977993,0.4373348596,0.4150356550,0.3884991118,0.3575059168,0.3213819115,0.2787847104,0.2258622870,0.1436793450,,,,,,,,,0.1060135086
57240,1.22140000,0.4873157171,0.4852446041,0.4791963811,0.4690627642,0.4549220623,0.4366943380,0.4144374469,0.3879497433,0.3570118952,0.3209491570,0.2784188251,0.2255683811,0.1434295093,,,,,,,,,0.1058483570
57300,1.22133333,0.4865784795,0.4845114591,0.4784753102,0.4683616545,0.4542482871,0.4360556704,0.4138409641,0.3874019533,0.3565192879,0.3205176378,0.2780539843,0.2252753229,0.1431803421,,,,,,,,,0.1056838252
57360,1.22126667,0.4858433923,0.4837804519,0.4777563395,0.4676625835,0.4535764667,0.4354188500,0.4132462006,0.3868557362,0.3560280895,0.3200873492,0.2776901838,0.2249831092,0.1429318411,,,,,,,,,0.1055199110
57420,1.22120000,0.4851104476,0.4830515745,0.4770394613,0.4669655436,0.4529065938,0.4347838702,0.4126531498,0.3863110860,0.3555382949,0.3196582867,0.2773274198,0.2246917368,0.1426840041,,,,,,,,,0.1053566123
57480,1.22113333,0.4843796377,0.4823248193,0.4763246682,0.4662705274,0.4522386613,0.4341507242,0.4120618056,0.3857679970,0.3550498989,0.3192304455,0.2769656883,0.2244012025,0.1424368288,,,,,,,,,0.1051939269
57540,1.22106667,0.4836509547,0.4816001786,0.4756119524,0.4655775277,0.4515726623,0.4335194053,0.4114721617,0.3852264635,0.3545628962,0.3188038212,0.2766049854,0.2241115032,0.1421903128,,,,,,,,,0.1050318524
57600,1.22100000,0.4829243909,0.4808776446,0.4749013065,0.4648865370,0.4509085896,0.4328899068,0.4108842119,0.3846864798,0.3540772817,0.3183784092,0.2762453071,0.2238226355,0.1419444539,,,,,,,,,0.1048703867
57660,1.22093333,0.4821999387,0.4801572097,0.4741927228,0.4641975481,0.4502464363,0.4322622222,0.4102979500,0.3841480401,0.3535930502,0.3179542048,0.2758866496,0.2235345965,0.1416992496,,,,,,,,,0.1047095275
57720,1.22086667,0.4814775903,0.4794388662,0.4734861940,0.4635105536,0.4495861953,0.4316363447,0.4097133698,0.3836111388,0.3531101967,0.3175312037,0.2755290090,0.2232473828,0.1414546977,,,,,,,,,0.1045492724
57780,1.22080000,0.4807573381,0.4787226066,0.4727817124,0.4628255463,0.4489278596,0.4310122678,0.4091304652,0.3830757703,0.3526287160,0.3171094012,0.2751723816,0.2229609913,0.1412107957,,,,,,,,,0.1043896193
57840,1.22073333,0.4800391745,0.4780084233,0.4720792707,0.4621425191,0.4482714224,0.4303899849,0.4085492301,0.3825419288,0.3521486030,0.3166887929,0.2748167633,0.2226754189,0.1409675413,,,,,,,,,0.1042305658
57900,1.22066667,0.4793230919,0.4772963087,0.4713788615,0.4614614646,0.4476168768,0.4297694896,0.4079696583,0.3820096089,0.3516698527,0.3162693743,0.2744621505,0.2223906623,0.1407249322,,,,,,,,,0.1040721096
57960,1.22060000,0.4786090827,0.4765862553,0.4706804774,0.4607823757,0.4469642158,0.4291507752,0.4073917438,0.3814788049,0.3511924600,0.3158511411,0.2741085393,0.2221067186,0.1404829660,,,,,,,,,0.1039142484
58020,1.22053333,0.4778971394,0.4758782556,0.4699841111,0.4601052453,0.4463134327,0.4285338354,0.4068154805,0.3809495113,0.3507164200,0.3154340887,0.2737559260,0.2218235845,0.1402416403,,,,,,,,,0.1037569799
58080,1.22046667,0.4771872546,0.4751723023,0.4692897551,0.4594300663,0.4456645205,0.4279186635,0.4062408625,0.3804217225,0.3502417276,0.3150182128,0.2734043069,0.2215412570,0.1400009528,,,,,,,,,0.1036003017
58140,1.22040000,0.4764794207,0.4744683878,0.4685974023,0.4587568316,0.4450174725,0.4273052534,0.4056678837,0.3798954330,0.3497683779,0.3146035090,0.2730536780,0.2212597328,0.1397609011,,,,,,,,,0.1034442116
58200,1.22033333,0.4757736303,0.4737665048,0.4679070453,0.4580855342,0.4443722820,0.4266935984,0.4050965381,0.3793706374,0.3492963659,0.3141899729,0.2727040358,0.2209790090,0.1395214828,,,,,,,,,0.1032887071
58260,1.22026667,0.4750698761,0.4730666459,0.4672186770,0.4574161669,0.4437289421,0.4260836923,0.4045268198,0.3788473301,0.3488256866,0.3137776003,0.2723553766,0.2206990824,0.1392826956,,,,,,,,,0.1031337861
58320,1.22020000,0.4743681506,0.4723688039,0.4665322900,0.4567487229,0.4430874463,0.4254755286,0.4039587228,0.3783255058,0.3483563353,0.3133663867,0.2720076965,0.2204199500,0.1390445371,,,,,,,,,0.1029794461
58380,1.22013333,0.4736684465,0.4716729713,0.4658478774,0.4560831951,0.4424477877,0.4248691012,0.4033922414,0.3778051589,0.3478883070,0.3129563279,0.2716609920,0.2201416086,0.1388070051,,,,,,,,,0.1028256849
58440,1.22006667,0.4729707565,0.4709791409,0.4651654318,0.4554195767,0.4418099597,0.4242644035,0.4028273695,0.3772862841,0.3474215968,0.3125474196,0.2713152595,0.2198640553,0.1385700970,,,,,,,,,0.1026725001
58500,1.22000000,0.4722750732,0.4702873054,0.4644849462,0.4547578607,0.4411739558,0.4236614295,0.4022641013,0.3767688761,0.3469561999,0.3121396575,0.2709704951,0.2195872869,0.1383338107,,,,,,,,,0.1025198894
58560,1.21993333,0.4715813895,0.4695974578,0.4638064135,0.4540980401,0.4405397692,0.4230601728,0.4017024310,0.3762529294,0.3464921115,0.3117330374,0.2706266954,0.2193113005,0.1380981437,,,,,,,,,0.1023678505
58620,1.21986667,0.4708896981,0.4689095906,0.4631298267,0.4534401083,0.4399073935,0.4224606272,0.4011423529,0.3757384388,0.3460293267,0.3113275551,0.2702838566,0.2190360930,0.1378630938,,,,,,,,,0.1022163811
58680,1.21980000,0.4701999919,0.4682236969,0.4624551786,0.4527840583,0.4392768220,0.4218627864,0.4005838610,0.3752253989,0.3455678408,0.3109232064,0.2699419753,0.2187616614,0.1376286585,,,,,,,,,0.1020654789
58740,1.21973333,0.4695122635,0.4675397695,0.4617824623,0.4521298833,0.4386480482,0.4212666444,0.4000269497,0.3747138045,0.3451076491,0.3105199871,0.2696010477,0.2184880027,0.1373948357,,,,,,,,,0.1019151416
58800,1.21966667,0.4688265060,0.4668578012,0.4611116709,0.4514775765,0.4380210656,0.4206721950,0.3994716131,0.3742036502,0.3446487468,0.3101178929,0.2692610704,0.2182151138,0.1371616229,,,,,,,,,0.1017653668
58860,1.21960000,0.4681427121,0.4661777851,0.4604427973,0.4508271313,0.4373958679,0.4200794320,0.3989178457,0.3736949309,0.3441911291,0.3097169198,0.2689220397,0.2179429919,0.1369290180,,,,,,,,,0.1016161524
58920,1.21953333,0.4674608748,0.4654997140,0.4597758346,0.4501785409,0.4367724484,0.4194883494,0.3983656417,0.3731876412,0.3437347914,0.3093170636,0.2685839522,0.2176716339,0.1366970185,,,,,,,,,0.1014674960
58980,1.21946667,0.4667809870,0.4648235809,0.4591107760,0.4495317985,0.4361508008,0.4188989411,0.3978149954,0.3726817761,0.3432797290,0.3089183202,0.2682468043,0.2174010369,0.1364656222,,,,,,,,,0.1013193953
59040,1.21940000,0.4661030418,0.4641493789,0.4584476146,0.4488868976,0.4355309187,0.4183112009,0.3972659013,0.3721773303,0.3428259372,0.3085206856,0.2679105925,0.2171311979,0.1362348268,,,,,,,,,0.1011718480
59100,1.21933333,0.4654270321,0.4634771010,0.4577863435,0.4482438315,0.4349127956,0.4177251229,0.3967183535,0.3716742987,0.3423734114,0.3081241555,0.2675753132,0.2168621140,0.1360046300,,,,,,,,,0.1010248520
59160,1.21926667,0.4647529509,0.4628067402,0.4571269560,0.4476025935,0.4342964254,0.4171407011,0.3961723467,0.3711726761,0.3419221470,0.3077287260,0.2672409631,0.2165937822,0.1357750296,,,,,,,,,0.1008784048
59220,1.21920000,0.4640807912,0.4621382897,0.4564694452,0.4469631772,0.4336818016,0.4165579296,0.3956278752,0.3706724574,0.3414721393,0.3073343930,0.2669075386,0.2163261996,0.1355460233,,,,,,,,,0.1007325044
59280,1.21913333,0.4634105463,0.4614717426,0.4558138044,0.4463255758,0.4330689180,0.4159768022,0.3950849334,0.3701736376,0.3410233839,0.3069411525,0.2665750363,0.2160593634,0.1353176088,,,,,,,,,0.1005871483
59340,1.21906667,0.4627422091,0.4608070920,0.4551600269,0.4456897830,0.4324577682,0.4153973132,0.3945435159,0.3696762116,0.3405758760,0.3065490005,0.2662434527,0.2157932706,0.1350897840,,,,,,,,,0.1004423344
59400,1.21900000,0.4620757729,0.4601443312,0.4545081059,0.4450557921,0.4318483460,0.4148194566,0.3940036171,0.3691801742,0.3401296113,0.3061579330,0.2659127844,0.2155279184,0.1348625465,,,,,,,,,0.1002980605
59460,1.21896667,0.4614112579,0.4594835953,0.4538584387,0.4444245054,0.4312423771,0.4142458524,0.3934689159,0.3686906263,0.3396913397,0.3057769136,0.2655951787,0.2152808753,0.1346792757,,,,,,,,,0.1001538510
59520,1.21893333,0.4607486662,0.4588247709,0.4532106484,0.4437950385,0.4306381496,0.4136738903,0.3929357379,0.3682024653,0.3392543025,0.3053969618,0.2652784615,0.2150345328,0.1344964815,,,,,,,,,0.1000099772
59580,1.21890000,0.4600879907,0.4581678510,0.4525647281,0.4431673847,0.4300356573,0.4131035640,0.3924040774,0.3677156860,0.3388184951,0.3050180735,0.2649626292,0.2147888877,0.1343141710,,,,,,,,,0.0998665352
59640,1.21886667,0.4594292244,0.4575128285,0.4519206710,0.4425415373,0.4294348938,0.4125348676,0.3918739290,0.3672302834,0.3383839128,0.3046402447,0.2646476785,0.2145439365,0.1341323544,,,,,,,,,0.0997235606
59700,1.21883333,0.4587723601,0.4568596965,0.4512784702,0.4419174898,0.4288358525,0.4119677950,0.3913452870,0.3667462524,0.3379505513,0.3042634714,0.2643336061,0.2142996759,0.1339510391,,,,,,,,,0.0995810713
59760,1.21880000,0.4581173909,0.4562084479,0.4506381189,0.4412952354,0.4282385273,0.4114023403,0.3908181458,0.3662635879,0.3375184058,0.3038877498,0.2640204085,0.2140561024,0.1337702298,,,,,,,,,0.0994390778
59820,1.21876667,0.4574643099,0.4555590759,0.4499996102,0.4406747675,0.4276429118,0.4108384976,0.3902924999,0.3657822849,0.3370874720,0.3035130760,0.2637080824,0.2138132126,0.1335899299,,,,,,,,,0.0992975864
59880,1.21873333,0.4568131100,0.4549115736,0.4493629374,0.4400560797,0.4270489997,0.4102762608,0.3897683439,0.3653023383,0.3366577453,0.3031394459,0.2633966243,0.2135710034,0.1334101410,,,,,,,,,0.0991566010
59940,1.21870000,0.4561637844,0.4542659340,0.4487280937,0.4394391653,0.4264567848,0.4097156242,0.3892456722,0.3648237432,0.3362292213,0.3027668557,0.2630860309,0.2133294717,0.1332308641,,,,,,,,,0.0990161238
60000,1.21866667,0.4555163262,0.4536221503,0.4480950724,0.4388240179,0.4258662607,0.4091565817,0.3887244793,0.3643464945,0.3358018956,0.3023953014,0.2627762987,0.2130886147,0.1330520997,,,,,,,,,0.0988761563
60060,1.21863333,0.4548707285,0.4529802158,0.4474638668,0.4382106309,0.4252774214,0.4085991276,0.3882047599,0.3638705874,0.3353757636,0.3020247794,0.2624674244,0.2128484296,0.1328738475,,,,,,,,,0.0987366989
60120,1.21860000,0.4542269844,0.4523401236,0.4468344703,0.4375989979,0.4246902606,0.4080432560,0.3876865085,0.3633960168,0.3349508211,0.3016552855,0.2621594047,0.2126089136,0.1326961069,,,,,,,,,0.0985977517
60180,1.21856667,0.4535850873,0.4517018669,0.4462068761,0.4369891124,0.4241047722,0.4074889612,0.3871697198,0.3629227778,0.3345270635,0.3012868161,0.2618522361,0.2123700641,0.1325188773,,,,,,,,,0.0984593144
60240,1.21853333,0.4529450302,0.4510654391,0.4455810778,0.4363809681,0.4235209500,0.4069362372,0.3866543883,0.3624508656,0.3341044866,0.3009193673,0.2615459154,0.2121318786,0.1323421576,,,,,,,,,0.0983213863
60300,1.21850000,0.4523068065,0.4504308335,0.4449570687,0.4357745586,0.4229387879,0.4063850784,0.3861405087,0.3619802753,0.3336830859,0.3005529352,0.2612404392,0.2118943544,0.1321659467,,,,,,,,,0.0981839665
60360,1.21846667,0.4516704095,0.4497980432,0.4443348423,0.4351698774,0.4223582798,0.4058354791,0.3856280757,0.3615110021,0.3332628571,0.3001875161,0.2609358043,0.2116574890,0.1319902431,,,,,,,,,0.0980470539
60420,1.21843333,0.4510358324,0.4491670618,0.4437143919,0.4345669183,0.4217794197,0.4052874334,0.3851170840,0.3610430410,0.3328437959,0.2998231061,0.2606320074,0.2114212801,0.1318150455,,,,,,,,,0.0979106473
60480,1.21840000,0.4504030686,0.4485378825,0.4430957113,0.4339656750,0.4212022016,0.4047409358,0.3846075283,0.3605763873,0.3324258981,0.2994597014,0.2603290453,0.2111857250,0.1316403524,,,,,,,,,0.0977747453
60540,1.21836667,0.4497721114,0.4479104989,0.4424787937,0.4333661412,0.4206266194,0.4041959806,0.3840994033,0.3601110361,0.3320091519,0.2990972984,0.2600269148,0.2109508213,0.1314661622,,,,,,,,,0.0976393465
60600,1.21833333,0.4491429543,0.4472849042,0.4418636329,0.4327683106,0.4200526672,0.4036525621,0.3835927039,0.3596469828,0.3315933380,0.2987358932,0.2597256127,0.2107165666,0.1312924732,,,,,,,,,0.0975044493
60660,1.21830000,0.4485155906,0.4466610920,0.4412502224,0.4321721771,0.4194803389,0.4031106746,0.3830874247,0.3591842225,0.3311786751,0.2983754822,0.2594251359,0.2104829585,0.1311192837,,,,,,,,,0.0973700521
60720,1.21826667,0.4478900139,0.4460390558,0.4406385557,0.4315777343,0.4189096287,0.4025703128,0.3825835607,0.3587227505,0.3307651590,0.2980160616,0.2591254813,0.2102499945,0.1309465920,,,,,,,,,0.0972361534
60780,1.21823333,0.4472662175,0.4454187891,0.4400286266,0.4309849762,0.4183405307,0.4020314708,0.3820811066,0.3582625622,0.3303527856,0.2976576277,0.2588266456,0.2100176723,0.1307743963,,,,,,,,,0.0971027514
60840,1.21820000,0.4466441950,0.4448002854,0.4394204286,0.4303938966,0.4177730390,0.4014941433,0.3815800573,0.3578036527,0.3299415506,0.2973001769,0.2585286259,0.2097859894,0.1306026948,,,,,,,,,0.0969698443
60900,1.21816667,0.4460239400,0.4441835382,0.4388139555,0.4298044894,0.4172071477,0.4009583246,0.3810804077,0.3573460174,0.3295314497,0.2969437054,0.2582314191,0.2095549435,0.1304314857,,,,,,,,,0.0968374305
60960,1.21813333,0.4454054459,0.4435685412,0.4382092010,0.4292167484,0.4166428510,0.4004240093,0.3805821526,0.3568896518,0.3291224789,0.2965882098,0.2579350220,0.2093245321,0.1302607671,,,,,,,,,0.0967055081
61020,1.21810000,0.4447887063,0.4429552881,0.4376061588,0.4286306677,0.4160801430,0.3998911919,0.3800852870,0.3564345510,0.3287146340,0.2962336862,0.2576394317,0.2090947528,0.1300905371,,,,,,,,,0.0965740752
61080,1.21806667,0.4441737149,0.4423437723,0.4370048227,0.4280462411,0.4155190180,0.3993598669,0.3795898058,0.3559807105,0.3283079108,0.2958801312,0.2573446452,0.2088656034,0.1299207939,,,,,,,,,0.0964431302
61140,1.21803333,0.4435604652,0.4417339877,0.4364051864,0.4274634626,0.4149594703,0.3988300289,0.3790957039,0.3555281258,0.3279023053,0.2955275411,0.2570506594,0.2086370814,0.1297515356,,,,,,,,,0.0963126710
61200,1.21800000,0.4429489510,0.4411259279,0.4358072438,0.4268823263,0.4144014940,0.3983016725,0.3786029764,0.3550767921,0.3274978133,0.2951759124,0.2567574713,0.2084091845,0.1295827603,,,,,,,,,0.0961826959
61260,1.21793333,0.4423391410,0.4405194532,0.4352106081,0.4263019686,0.4138434473,0.3977723088,0.3781081301,0.3546218638,0.3270877883,0.2948167024,0.2564534667,0.2081650266,0.1293717913,,,,,,,,,0.0960536588
61320,1.21786667,0.4417310207,0.4399146583,0.4346156228,0.4257232129,0.4132869363,0.3972443963,0.3776146338,0.3541681698,0.3266788688,0.2944584548,0.2561502725,0.2079215211,0.1291614042,,,,,,,,,0.0959252902
61380,1.21780000,0.4411245842,0.4393115372,0.4340222821,0.4251460533,0.4127319558,0.3967179298,0.3771224828,0.3537157057,0.3262710508,0.2941011664,0.2558478856,0.2076786656,0.1289515883,,,,,,,,,0.0957974939
61440,1.21773333,0.4405198255,0.4387100841,0.4334305800,0.4245704844,0.4121785003,0.3961929043,0.3766316724,0.3532644672,0.3258643306,0.2937448334,0.2555463033,0.2074364585,0.1287423299,,,,,,,,,0.0956702322
61500,1.21766667,0.4399167387,0.4381102931,0.4328405109,0.4239965004,0.4116265643,0.3956693145,0.3761421977,0.3528144499,0.3254587041,0.2933894527,0.2552455225,0.2071948978,0.1285336182,,,,,,,,,0.0955434844
61560,1.21760000,0.4393153178,0.4375121581,0.4322520689,0.4234240957,0.4110761425,0.3951471556,0.3756540540,0.3523656495,0.3250541674,0.2930350206,0.2549455405,0.2069539817,0.1283254447,,,,,,,,,0.0954172369
61620,1.21753333,0.4387155570,0.4369156735,0.4316652483,0.4228532648,0.4105272296,0.3946264222,0.3751672366,0.3519180615,0.3246507166,0.2926815338,0.2546463543,0.2067137084,0.1281178027,,,,,,,,,0.0952914800
61680,1.21746667,0.4381174504,0.4363208333,0.4310800433,0.4222840020,0.4099798202,0.3941071095,0.3746817407,0.3514716818,0.3242483479,0.2923289889,0.2543479612,0.2064740760,0.1279106865,,,,,,,,,0.0951662062
61740,1.21740000,0.4375209922,0.4357276318,0.4304964482,0.4217163019,0.4094339089,0.3935892125,0.3741975619,0.3510265061,0.3238470573,0.2919773825,0.2540503583,0.2062350823,0.1277040914,,,,,,,,,0.0950414095
61800,1.21733333,0.4369261766,0.4351360631,0.4299144574,0.4211501590,0.4088894906,0.3930727260,0.3737146952,0.3505825299,0.3234468411,0.2916267113,0.2537535429,0.2059967251,0.1274980131,,,,,,,,,0.0949170849
61860,1.21726667,0.4363329976,0.4345461216,0.4293340652,0.4205855677,0.4083465599,0.3925576451,0.3732331362,0.3501397492,0.3230476955,0.2912769719,0.2534575123,0.2057590023,0.1272924481,,,,,,,,,0.0947932280
61920,1.21720000,0.4357414497,0.4339578014,0.4287552660,0.4200225225,0.4078051116,0.3920439649,0.3727528802,0.3496981596,0.3226496165,0.2909281610,0.2531622637,0.2055219115,0.1270873930,,,,,,,,,0.0946698351
61980,1.21713333,0.4351515270,0.4333710969,0.4281780541,0.4194610181,0.4072651405,0.3915316804,0.3722739226,0.3492577570,0.3222526004,0.2905802753,0.2528677944,0.2052854504,0.1268828446,,,,,,,,,0.0945469025
62040,1.21706667,0.4345632237,0.4327860023,0.4276024239,0.4189010489,0.4067266412,0.3910207867,0.3717962588,0.3488185371,0.3218566435,0.2902333116,0.2525741016,0.2050496167,0.1266788000,,,,,,,,,0.0944244272
62100,1.21700000,0.4339765343,0.4322025119,0.4270283699,0.4183426096,0.4061896088,0.3905112788,0.3713198842,0.3483804958,0.3214617420,0.2898872664,0.2522811826,0.2048144079,0.1264752565,,,,,,,,,0.0943024061
62160,1.21693333,0.4333914529,0.4316206202,0.4264558865,0.4177856948,0.4056540379,0.3900031520,0.3708447943,0.3479436289,0.3210678921,0.2895421367,0.2519890348,0.2045798217,0.1262722116,,,,,,,,,0.0941808364
62220,1.21686667,0.4328079740,0.4310403215,0.4258849683,0.4172302991,0.4051199235,0.3894964013,0.3703709846,0.3475079322,0.3206750901,0.2891979191,0.2516976553,0.2043458556,0.1260696628,,,,,,,,,0.0940597155
62280,1.21680000,0.4322260919,0.4304616102,0.4253156096,0.4166764171,0.4045872604,0.3889910219,0.3698984505,0.3470734016,0.3202833323,0.2888546105,0.2514070416,0.2041125073,0.1258676077,,,,,,,,,0.0939390409
62340,1.21673333,0.4316458009,0.4298844808,0.4247478049,0.4161240436,0.4040560435,0.3884870089,0.3694271875,0.3466400329,0.3198926150,0.2885122076,0.2511171908,0.2038797743,0.1256582925,,,,,,,,,0.0938188101
62400,1.21666667,0.4310670956,0.4293089275,0.4241815490,0.4155731733,0.4035262678,0.3879843576,0.3689571913,0.3462078222,0.3195029346,0.2881707072,0.2508281002,0.2036476543,0.1254470557,,,,,,,,,0.0936990208
62460,1.21660000,0.4304899703,0.4287349450,0.4236168362,0.4150238008,0.4029979281,0.3874830632,0.3684884572,0.3457767653,0.3191142873,0.2878301061,0.2505397672,0.2034161448,0.1252362898,,,,,,,,,0.0935796707
62520,1.21653333,0.4299144194,0.4281625277,0.4230536612,0.4144759209,0.4024710194,0.3869831209,0.3680209809,0.3453468581,0.3187266696,0.2874904012,0.2502521891,0.2031852435,0.1250259929,,,,,,,,,0.0934607575
62580,1.21646667,0.4293404375,0.4275916700,0.4224920186,0.4139295284,0.4019455367,0.3864845259,0.3675547580,0.3449180966,0.3183400778,0.2871515894,0.2499653631,0.2029549481,0.1248161631,,,,,,,,,0.0933422792
62640,1.21640000,0.4287680191,0.4270223666,0.4219319030,0.4133846181,0.4014214750,0.3859872735,0.3670897840,0.3444904768,0.3179545083,0.2868136674,0.2496792866,0.2027252560,0.1246067985,,,,,,,,,0.0932242335
62700,1.21633333,0.4281971586,0.4264546120,0.4213733090,0.4128411847,0.4008988293,0.3854913591,0.3666260546,0.3440639946,0.3175699575,0.2864766321,0.2493939569,0.2024961652,0.1243978973,,,,,,,,,0.0931066185
62760,1.21626667,0.4276278505,0.4258884008,0.4208161032,0.4122992230,0.4003775947,0.3849967778,0.3661635654,0.3436386461,0.3171864218,0.2861404805,0.2491093714,0.2022676730,0.1241894577,,,,,,,,,0.0929894319
62820,1.21620000,0.4270600896,0.4253237274,0.4202604075,0.4117587280,0.3998577662,0.3845035251,0.3657023120,0.3432144272,0.3168038977,0.2858052093,0.2488255272,0.2020397774,0.1239814778,,,,,,,,,0.0928726720
62880,1.21613333,0.4264938703,0.4247605867,0.4197062179,0.4112196944,0.3993393388,0.3840115963,0.3652422901,0.3427913341,0.3164223815,0.2854708156,0.2485424219,0.2018124759,0.1237739560,,,,,,,,,0.0927563366
62940,1.21606667,0.4259291872,0.4241989731,0.4191535293,0.4106821173,0.3988223077,0.3835209868,0.3647834954,0.3423693627,0.3160418699,0.2851372962,0.2482600526,0.2015857662,0.1235668904,,,,,,,,,0.0926404238
63000,1.21600000,0.4253660350,0.4236388813,0.4186023363,0.4101459913,0.3983066680,0.3830316918,0.3643259237,0.3419485091,0.3156623592,0.2848046480,0.2479784169,0.2013596461,0.1233602794,,,,,,,,,0.0925249316
63060,1.21593333,0.4248044082,0.4230803061,0.4180526337,0.4096113116,0.3977924147,0.3825437070,0.3638695705,0.3415287695,0.3152838459,0.2844728680,0.2476975120,0.2011341134,0.1231541213,,,,,,,,,0.0924098583
63120,1.21586667,0.4242443017,0.4225232421,0.4175044163,0.4090780730,0.3972795432,0.3820570275,0.3634144318,0.3411101399,0.3149063266,0.2841419531,0.2474173354,0.2009091656,0.1229484144,,,,,,,,,0.0922952018
63180,1.21580000,0.4236857100,0.4219676840,0.4169576789,0.4085462705,0.3967680485,0.3815716490,0.3629605031,0.3406926164,0.3145297977,0.2838119003,0.2471378843,0.2006848006,0.1227431570,,,,,,,,,0.0921809603
63240,1.21573333,0.4231286279,0.4214136267,0.4164124164,0.4080158991,0.3962579258,0.3810875668,0.3625077803,0.3402761953,0.3141542559,0.2834827066,0.2468591563,0.2004610162,0.1225383475,,,,,,,,,0.0920671319
63300,1.21566667,0.4225730501,0.4208610647,0.4158686236,0.4074869538,0.3957491704,0.3806047764,0.3620562592,0.3398608725,0.3137796975,0.2831543688,0.2465811486,0.2002378102,0.1223339843,,,,,,,,,0.0919537149
63360,1.21560000,0.4220189714,0.4203099930,0.4153262954,0.4069594297,0.3952417775,0.3801232734,0.3616059356,0.3394466443,0.3134061194,0.2828268841,0.2463038587,0.2000151803,0.1221300658,,,,,,,,,0.0918407074
63420,1.21553333,0.4214663865,0.4197604063,0.4147854266,0.4064333217,0.3947357422,0.3796430532,0.3611568053,0.3390335069,0.3130335179,0.2825002494,0.2460272841,0.1997931242,0.1219265903,,,,,,,,,0.0917281075
63480,1.21546667,0.4209152902,0.4192122995,0.4142460122,0.4059086249,0.3942310600,0.3791641113,0.3607088642,0.3386214565,0.3126618897,0.2821744617,0.2457514221,0.1995716400,0.1217235563,,,,,,,,,0.0916159136
63540,1.21540000,0.4203656773,0.4186656673,0.4137080471,0.4053853344,0.3937277260,0.3786864434,0.3602621080,0.3382104893,0.3122912313,0.2818495180,0.2454762702,0.1993507253,0.1215209622,,,,,,,,,0.0915041237
63600,1.21533333,0.4198175427,0.4181205047,0.4131715263,0.4048634453,0.3932257356,0.3782100449,0.3598165328,0.3378006015,0.3119215395,0.2815254155,0.2452018259,0.1991303780,0.1213188064,,,,,,,,,0.0913927362
63660,1.21526667,0.4192708812,0.4175768066,0.4126364447,0.4043429528,0.3927250842,0.3777349115,0.3593721343,0.3373917893,0.3115528108,0.2812021511,0.2449280866,0.1989105960,0.1211170875,,,,,,,,,0.0912817494
63720,1.21520000,0.4187256877,0.4170345678,0.4121027974,0.4038238520,0.3922257670,0.3772610387,0.3589289085,0.3369840490,0.3111850419,0.2808797218,0.2446550497,0.1986913771,0.1209158037,,,,,,,,,0.0911711614
63780,1.21513333,0.4181819571,0.4164937832,0.4115705793,0.4033061380,0.3917277793,0.3767884223,0.3584868513,0.3365773770,0.3108182294,0.2805581249,0.2443827128,0.1984727191,0.1207149537,,,,,,,,,0.0910609705
63840,1.21506667,0.4176396842,0.4159544479,0.4110397855,0.4027898060,0.3912311167,0.3763170577,0.3580459587,0.3361717694,0.3104523701,0.2802373572,0.2441110733,0.1982546201,0.1205145359,,,,,,,,,0.0909511750
63900,1.21500000,0.4170988642,0.4154165568,0.4105104109,0.4022748513,0.3907357745,0.3758469407,0.3576062266,0.3357672226,0.3100874605,0.2799174160,0.2438401288,0.1980370778,0.1203145487,,,,,,,,,0.0908417733
63960,1.21493333,0.4165594918,0.4148801048,0.4099824508,0.4017612690,0.3902417481,0.3753780669,0.3571676509,0.3353637329,0.3097234974,0.2795982984,0.2435698768,0.1978200901,0.1201149907,,,,,,,,,0.0907327636
64020,1.21486667,0.4160215621,0.4143450870,0.4094559002,0.4012490544,0.3897490329,0.3749104320,0.3567302278,0.3349612966,0.3093604775,0.2792800014,0.2433003147,0.1976036551,0.1199158604,,,,,,,,,0.0906241442
64080,1.21480000,0.4154850700,0.4138114984,0.4089307542,0.4007382027,0.3892576245,0.3744440318,0.3562939531,0.3345599101,0.3089983975,0.2789625221,0.2430314401,0.1973877705,0.1197171563,,,,,,,,,0.0905159135
64140,1.21473333,0.4149500106,0.4132793340,0.4084070079,0.4002287092,0.3887675182,0.3739788619,0.3558588229,0.3341595698,0.3086372542,0.2786458578,0.2427632506,0.1971724344,0.1195188770,,,,,,,,,0.0904080697
64200,1.21466667,0.4144163789,0.4127485889,0.4078846565,0.3997205693,0.3882787095,0.3735149181,0.3554248332,0.3337602719,0.3082770443,0.2783300055,0.2424957437,0.1969576447,0.1193210209,,,,,,,,,0.0903006113
64260,1.21460000,0.4138841700,0.4122192582,0.4073636951,0.3992137781,0.3877911940,0.3730521962,0.3549919802,0.3333620130,0.3079177645,0.2780149625,0.2422289170,0.1967433993,0.1191235866,,,,,,,,,0.0901935366
64320,1.21453333,0.4133533789,0.4116913370,0.4068441190,0.3987083311,0.3873049673,0.3725906919,0.3545602598,0.3329647894,0.3075594117,0.2777007258,0.2419627680,0.1965296963,0.1189265727,,,,,,,,,0.0900868439
64380,1.21446667,0.4128240008,0.4111648204,0.4063259233,0.3982042237,0.3868200247,0.3721304010,0.3541296681,0.3325685976,0.3072019826,0.2773872927,0.2416972943,0.1963165335,0.1187299777,,,,,,,,,0.0899805316
64440,1.21440000,0.4122960307,0.4106397036,0.4058091033,0.3977014511,0.3863363620,0.3716713193,0.3537002014,0.3321734339,0.3068454740,0.2770746604,0.2414324936,0.1961039090,0.1185338002,,,,,,,,,0.0898745981
64500,1.21433333,0.4117694637,0.4101159817,0.4052936542,0.3972000087,0.3858539746,0.3712134427,0.3532718555,0.3317792948,0.3064898828,0.2767628260,0.2411683633,0.1958918208,0.1183380387,,,,,,,,,0.0897690419
64560,1.21426667,0.4112442951,0.4095936498,0.4047795713,0.3966998921,0.3853728582,0.3707567669,0.3528446268,0.3313861769,0.3061352057,0.2764517869,0.2409049013,0.1956802668,0.1181426918,,,,,,,,,0.0896638612
64620,1.21420000,0.4107205200,0.4090727033,0.4042668498,0.3962010965,0.3848930084,0.3703012879,0.3524185114,0.3309940765,0.3057814396,0.2761415401,0.2406421049,0.1954692452,0.1179477582,,,,,,,,,0.0895590544
64680,1.21413333,0.4101981336,0.4085531372,0.4037554851,0.3957036175,0.3844144208,0.3698470016,0.3519935053,0.3306029901,0.3054285814,0.2758320830,0.2403799720,0.1952587538,0.1177532364,,,,,,,,,0.0894546201
64740,1.21406667,0.4096771310,0.4080349469,0.4032454724,0.3952074504,0.3839370910,0.3693939037,0.3515696048,0.3302129143,0.3050766279,0.2755234128,0.2401185002,0.1950487908,0.1175591251,,,,,,,,,0.0893505566
64800,1.21400000,0.4091575076,0.4075181276,0.4027368072,0.3947125908,0.3834610149,0.3689419903,0.3511468062,0.3298238456,0.3047255760,0.2752155267,0.2398576870,0.1948393543,0.1173654227,,,,,,,,,0.0892468624
64860,1.21396667,0.4086392798,0.4070027934,0.4022298869,0.3942198049,0.3829876619,0.3684934986,0.3507282599,0.3294401714,0.3043814725,0.2749162294,0.2396082175,0.1946461388,0.1172186868,,,,,,,,,0.0891431125
64920,1.21393333,0.4081224499,0.4064888484,0.4017243309,0.3937283416,0.3825155747,0.3680462001,0.3503108202,0.3290575040,0.3040382644,0.2746177038,0.2393593861,0.1944534177,0.1170722556,,,,,,,,,0.0890395618
64980,1.21390000,0.4076070128,0.4059762878,0.4012201345,0.3932381964,0.3820447487,0.3676000906,0.3498944832,0.3286758400,0.3036959484,0.2743199473,0.2391111904,0.1942611891,0.1169261420,,,,,,,,,0.0889362954
65040,1.21386667,0.4070929638,0.4054651067,0.4007172929,0.3927493645,0.3815751795,0.3671551659,0.3494792450,0.3282951759,0.3033545216,0.2740229571,0.2388636282,0.1940694506,0.1167803579,,,,,,,,,0.0888333437
65100,1.21383333,0.4065802978,0.4049553002,0.4002158013,0.3922618414,0.3811068626,0.3667114217,0.3490651017,0.3279155080,0.3030139807,0.2737267304,0.2386166970,0.1938782000,0.1166349107,,,,,,,,,0.0887307215
65160,1.21380000,0.4060690100,0.4044468634,0.3997156549,0.3917756224,0.3806397936,0.3662688541,0.3486520495,0.3275368329,0.3026743227,0.2734312646,0.2383703948,0.1936874351,0.1164898055,,,,,,,,,0.0886284375
65220,1.21376667,0.4055590955,0.4039397916,0.3992168490,0.3912907029,0.3801739682,0.3658274587,0.3482400845,0.3271591471,0.3023355443,0.2731365570,0.2381247191,0.1934971536,0.1163450452,,,,,,,,,0.0885264967
65280,1.21373333,0.4050505495,0.4034340798,0.3987193789,0.3908070784,0.3797093819,0.3653872315,0.3478292029,0.3267824472,0.3019976426,0.2728426049,0.2378796676,0.1933073534,0.1162006319,,,,,,,,,0.0884249021
65340,1.21370000,0.4045433671,0.4029297233,0.3982232399,0.3903247442,0.3792460305,0.3649481685,0.3474194010,0.3264067297,0.3016606145,0.2725494056,0.2376352381,0.1931180324,0.1160565666,,,,,,,,,0.0883236557
65400,1.21366667,0.4040375436,0.4024267174,0.3977284272,0.3898436959,0.3787839095,0.3645102654,0.3470106750,0.3260319911,0.3013244568,0.2722569565,0.2373914282,0.1929291888,0.1159128498,,,,,,,,,0.0882227585
65460,1.21363333,0.4035330742,0.4019250573,0.3972349362,0.3893639289,0.3783230147,0.3640735183,0.3466030210,0.3256582280,0.3009891666,0.2719652549,0.2371482357,0.1927408206,0.1157694819,,,,,,,,,0.0881222110
65520,1.21360000,0.4030299541,0.4014247382,0.3967427623,0.3888854388,0.3778633417,0.3636379231,0.3461964353,0.3252854370,0.3006547408,0.2716742981,0.2369056583,0.1925529260,0.1156264625,,,,,,,,,0.0880220132
65580,1.21356667,0.4025281786,0.4009257555,0.3962519008,0.3884082210,0.3774048863,0.3632034757,0.3457909143,0.3249136148,0.3003211763,0.2713840836,0.2366636937,0.1923655031,0.1154837914,,,,,,,,,0.0879221650
65640,1.21353333,0.4020277429,0.4004281043,0.3957623472,0.3879322711,0.3769476441,0.3627701721,0.3453864541,0.3245427578,0.2999884702,0.2710946086,0.2364223397,0.1921785504,0.1153414681,,,,,,,,,0.0878226660
65700,1.21350000,0.4015286423,0.3999317802,0.3952740967,0.3874575846,0.3764916111,0.3623380084,0.3449830510,0.3241728628,0.2996566194,0.2708058706,0.2361815940,0.1919920660,0.1151994919,,,,,,,,,0.0877235154
65760,1.21346667,0.4010308722,0.3994367783,0.3947871450,0.3869841571,0.3760367828,0.3619069806,0.3445807014,0.3238039264,0.2993256209,0.2705178670,0.2359414543,0.1918060482,0.1150578620,,,,,,,,,0.0876247126
65820,1.21343333,0.4005344278,0.3989430941,0.3943014873,0.3865119843,0.3755831551,0.3614770846,0.3441794016,0.3234359452,0.2989954718,0.2702305951,0.2357019186,0.1916204954,0.1149165776,,,,,,,,,0.0875262567
65880,1.21340000,0.4000393046,0.3984507230,0.3938171192,0.3860410616,0.3751307238,0.3610483165,0.3437791479,0.3230689159,0.2986661691,0.2699440524,0.2354629845,0.1914354059,0.1147756378,,,,,,,,,0.0874281467
65940,1.21336667,0.3995454978,0.3979596603,0.3933340362,0.3855713848,0.3746794847,0.3606206724,0.3433799367,0.3227028352,0.2983377099,0.2696582363,0.2352246500,0.1912507782,0.1146350416,,,,,,,,,0.0873303818
66000,1.21333333,0.3990530030,0.3974699015,0.3928522337,0.3851029494,0.3742294337,0.3601941484,0.3429817644,0.3223376998,0.2980100910,0.2693731442,0.2349869128,0.1910666104,0.1144947880,,,,,,,,,0.0872329607
66060,1.21330000,0.3985618154,0.3969814419,0.3923717073,0.3846357511,0.3737805665,0.3597687406,0.3425844923,0.3219735063,0.2976833098,0.2690887735,0.2347497708,0.1908829011,0.1143548760,,,,,,,,,0.0871358824
66120,1.21326667,0.3980719306,0.3964942771,0.3918924525,0.3841697857,0.3733328791,0.3593444450,0.3421882374,0.3216102516,0.2973573631,0.2688051218,0.2345132218,0.1906996486,0.1142153045,,,,,,,,,0.0870391458
66180,1.21323333,0.3975833439,0.3960084025,0.3914144649,0.3837050488,0.3728863674,0.3589212578,0.3417930110,0.3212479323,0.2970322482,0.2685221864,0.2342772637,0.1905168512,0.1140760724,,,,,,,,,0.0869427497
66240,1.21320000,0.3970960509,0.3955238137,0.3909377401,0.3832415361,0.3724410272,0.3584991751,0.3413988095,0.3208865452,0.2967079621,0.2682399649,0.2340418945,0.1903345075,0.1139371785,,,,,,,,,0.0868466929
66300,1.21316667,0.3966100469,0.3950405061,0.3904622735,0.3827792433,0.3719968545,0.3580781931,0.3410056293,0.3205260871,0.2963845019,0.2679584548,0.2338071120,0.1901526158,0.1137986218,,,,,,,,,0.0867509741
66360,1.21313333,0.3961253276,0.3945584752,0.3899880610,0.3823181663,0.3715538452,0.3576583080,0.3406134668,0.3201665547,0.2960618647,0.2676776534,0.2335729141,0.1899711745,0.1136604010,,,,,,,,,0.0866555922
66420,1.21310000,0.3956418884,0.3940777166,0.3895150980,0.3818583007,0.3711119953,0.3572395160,0.3402223186,0.3198079447,0.2957400476,0.2673975585,0.2333392988,0.1897901820,0.1135225151,,,,,,,,,0.0865605458
66480,1.21306667,0.3951597248,0.3935982259,0.3890433802,0.3813996424,0.3706713007,0.3568218132,0.3398321812,0.3194502541,0.2954190479,0.2671181674,0.2331062640,0.1896096367,0.1133849629,,,,,,,,,0.0864658338
66540,1.21303333,0.3946788325,0.3931199987,0.3885729033,0.3809421871,0.3702317574,0.3564051959,0.3394430509,0.3190934796,0.2950988627,0.2668394777,0.2328738077,0.1894295371,0.1132477431,,,,,,,,,0.0863714549
66600,1.21300000,0.3941992069,0.3926430305,0.3881036630,0.3804859307,0.3697933615,0.3559896603,0.3390549244,0.3187376181,0.2947794891,0.2665614870,0.2326419278,0.1892498816,0.1131108546,,,,,,,,,0.0862774078
66660,1.21296667,0.3937208438,0.3921673169,0.3876356550,0.3800308690,0.3693561089,0.3555752027,0.3386677981,0.3183826663,0.2944609244,0.2662841927,0.2324106222,0.1890706686,0.1129742962,,,,,,,,,0.0861836911
66720,1.21293333,0.3932437386,0.3916928537,0.3871688749,0.3795769978,0.3689199956,0.3551618193,0.3382816686,0.3180286212,0.2941431656,0.2660075926,0.2321798890,0.1888918966,0.1128380668,,,,,,,,,0.0860903037
66780,1.21290000,0.3927678871,0.3912196364,0.3867033185,0.3791243130,0.3684850178,0.3547495064,0.3378965324,0.3176754796,0.2938262100,0.2657316841,0.2319497262,0.1887135640,0.1127021650,,,,,,,,,0.0859972442
66840,1.21286667,0.3922932848,0.3907476608,0.3862389817,0.3786728106,0.3680511714,0.3543382604,0.3375123861,0.3173232383,0.2935100549,0.2654564648,0.2317201317,0.1885356692,0.1125665898,,,,,,,,,0.0859045114
66900,1.21283333,0.3918199274,0.3902769225,0.3857758600,0.3782224863,0.3676184526,0.3539280774,0.3371292263,0.3169718943,0.2931946975,0.2651819324,0.2314911037,0.1883582107,0.1124313400,,,,,,,,,0.0858121039
66960,1.21280000,0.3913478106,0.3898074172,0.3853139494,0.3777733362,0.3671868575,0.3535189539,0.3367470496,0.3166214445,0.2928801349,0.2649078413,0.2312626400,0.1881811871,0.1122964143,,,,,,,,,0.0857200205
67020,1.21276667,0.3908769301,0.3893391406,0.3848532457,0.3773253562,0.3667563822,0.3531108862,0.3363658526,0.3162718857,0.2925663645,0.2646344149,0.2310347387,0.1880045966,0.1121618115,,,,,,,,,0.0856282598
67080,1.21273333,0.3904072817,0.3888720886,0.3843937445,0.3768785421,0.3663270227,0.3527038706,0.3359856319,0.3159232150,0.2922533835,0.2643616688,0.2308073979,0.1878284379,0.1120275305,,,,,,,,,0.0855368206
67140,1.21270000,0.3899388609,0.3884062567,0.3839354419,0.3764328900,0.3658987754,0.3522979035,0.3356063841,0.3155754292,0.2919411892,0.2640896006,0.2305806156,0.1876527093,0.1118935701,,,,,,,,,0.0854457015
67200,1.21266667,0.3894716637,0.3879416410,0.3834783335,0.3759883959,0.3654716362,0.3518929813,0.3352281059,0.3152285253,0.2916297789,0.2638182079,0.2303543899,0.1874774093,0.1117599291,,,,,,,,,0.0853549014
67260,1.21263333,0.3890056857,0.3874782370,0.3830224154,0.3755450557,0.3650456014,0.3514891004,0.3348507940,0.3148825002,0.2913191498,0.2635474883,0.2301287188,0.1873021578,0.1116266063,,,,,,,,,0.0852644189
67320,1.21260000,0.3885409228,0.3870160406,0.3825676834,0.3751028656,0.3646206672,0.3510862572,0.3344744450,0.3145373510,0.2910092993,0.2632774397,0.2299036005,0.1871269404,0.1114936004,,,,,,,,,0.0851742526
67380,1.21256667,0.3880773707,0.3865550477,0.3821141334,0.3746618214,0.3641968298,0.3506844482,0.3340990556,0.3141930745,0.2907002247,0.2630080595,0.2296790329,0.1869521483,0.1113579143,,,,,,,,,0.0850844014
67440,1.21253333,0.3876150252,0.3860952541,0.3816617613,0.3742219192,0.3637740854,0.3502836697,0.3337246225,0.3138496679,0.2903919233,0.2627393457,0.2294550142,0.1867777798,0.1112188979,,,,,,,,,0.0849948640
67500,1.21250000,0.3871538823,0.3856366557,0.3812105630,0.3737831552,0.3633524303,0.3498839182,0.3333511425,0.3135071282,0.2900843925,0.2624712957,0.2292315425,0.1866038335,0.1110801862,,,,,,,,,0.0849056390
67560,1.21246667,0.3866939377,0.3851792483,0.3807605345,0.3733455254,0.3629318606,0.3494851903,0.3329786122,0.3131654523,0.2897776297,0.2622039075,0.2290086159,0.1864303078,0.1109417783,,,,,,,,,0.0848167252
67620,1.21243333,0.3862351873,0.3847230278,0.3803116719,0.3729090259,0.3625123727,0.3490874823,0.3326070284,0.3128246373,0.2894716320,0.2619371786,0.2287862325,0.1862572014,0.1108036730,,,,,,,,,0.0847281213
67680,1.21240000,0.3857776270,0.3842679901,0.3798639709,0.3724736528,0.3620939629,0.3486907909,0.3322363878,0.3124846802,0.2891663971,0.2616711068,0.2285643904,0.1860845126,0.1106658692,,,,,,,,,0.0846398261
67740,1.21236667,0.3853212527,0.3838141312,0.3794174278,0.3720394022,0.3616766274,0.3482951124,0.3318666873,0.3121455782,0.2888619222,0.2614056899,0.2283430878,0.1859122401,0.1105283659,,,,,,,,,0.0845518382
67800,1.21233333,0.3848660603,0.3833614471,0.3789720384,0.3716062703,0.3612603626,0.3479004435,0.3314979236,0.3118073282,0.2885582048,0.2611409256,0.2281223229,0.1857403824,0.1103911621,,,,,,,,,0.0844641565
67860,1.21230000,0.3844120457,0.3829099335,0.3785277988,0.3711742532,0.3608451647,0.3475067806,0.3311300935,0.3114699274,0.2882552422,0.2608768117,0.2279020936,0.1855689380,0.1102542566,,,,,,,,,0.0843767797
67920,1.21226667,0.3839592049,0.3824595867,0.3780847051,0.3707433472,0.3604310302,0.3471141204,0.3307631938,0.3111333729,0.2879530318,0.2606133460,0.2276823983,0.1853979055,0.1101176485,,,,,,,,,0.0842897064
67980,1.21223333,0.3835075339,0.3820104024,0.3776427533,0.3703135483,0.3600179554,0.3467224593,0.3303972213,0.3107976617,0.2876515712,0.2603505262,0.2274632351,0.1852272833,0.1099813365,,,,,,,,,0.0842029356
68040,1.21220000,0.3830570287,0.3815623768,0.3772019395,0.3698848528,0.3596059366,0.3463317941,0.3300321728,0.3104627911,0.2873508577,0.2600883501,0.2272446021,0.1850570701,0.1098453198,,,,,,,,,0.0841164659
68100,1.21216667,0.3826076851,0.3811155059,0.3767622598,0.3694572569,0.3591949703,0.3459421212,0.3296680453,0.3101287580,0.2870508889,0.2598268156,0.2270264975,0.1848872645,0.1097095973,,,,,,,,,0.0840302960
68160,1.21213333,0.3821594994,0.3806697856,0.3763237104,0.3690307569,0.3587850528,0.3455534373,0.3293048356,0.3097955598,0.2867516620,0.2595659204,0.2268089195,0.1847178649,0.1095741679,,,,,,,,,0.0839444248
68220,1.21210000,0.3817124674,0.3802252121,0.3758862872,0.3686053490,0.3583761805,0.3451657390,0.3289425404,0.3094631934,0.2864531747,0.2593056624,0.2265918664,0.1845488700,0.1094390306,,,,,,,,,0.0838588511
68280,1.21206667,0.3812665853,0.3797817815,0.3754499866,0.3681810295,0.3579683500,0.3447790229,0.3285811568,0.3091316562,0.2861554245,0.2590460394,0.2263753362,0.1843802783,0.1093041843,,,,,,,,,0.0837735735
68340,1.21203333,0.3808218490,0.3793394897,0.3750148046,0.3677577946,0.3575615576,0.3443932858,0.3282206816,0.3088009452,0.2858584087,0.2587870492,0.2261593273,0.1842120885,0.1091696281,,,,,,,,,0.0836885909
68400,1.21200000,0.3803782547,0.3788983330,0.3745807375,0.3673356407,0.3571557998,0.3440085242,0.3278611117,0.3084710577,0.2855621249,0.2585286896,0.2259438378,0.1840442990,0.1090353608,,,,,,,,,0.0836039021
68460,1.21196667,0.3799357985,0.3784583075,0.3741477813,0.3669145640,0.3567510730,0.3436247349,0.3275024441,0.3081419909,0.2852665707,0.2582709587,0.2257288660,0.1838769086,0.1089013816,,,,,,,,,0.0835195058
68520,1.21193333,0.3794944765,0.3780194092,0.3737159324,0.3664945609,0.3563473738,0.3432419144,0.3271446756,0.3078137420,0.2849717435,0.2580138541,0.2255144101,0.1837099158,0.1087676893,,,,,,,,,0.0834354008
68580,1.21190000,0.3790542848,0.3775816343,0.3732851869,0.3660756277,0.3559446986,0.3428600597,0.3267878033,0.3074863082,0.2846776409,0.2577573738,0.2253004683,0.1835433192,0.1086342830,,,,,,,,,0.0833515860
68640,1.21186667,0.3786152195,0.3771449790,0.3728555411,0.3656577608,0.3555430440,0.3424791673,0.3264318240,0.3071596867,0.2843842605,0.2575015157,0.2250870388,0.1833771174,0.1085011616,,,,,,,,,0.0832680602
68700,1.21183333,0.3781772769,0.3767094395,0.3724269912,0.3652409565,0.3551424065,0.3420992339,0.3260767348,0.3068338748,0.2840915997,0.2572462776,0.2248741201,0.1832113090,0.1083683242,,,,,,,,,0.0831848220
68760,1.21180000,0.3777404530,0.3762750119,0.3719995335,0.3648252112,0.3547427827,0.3417202564,0.3257225326,0.3065088698,0.2837996562,0.2569916575,0.2246617102,0.1830458927,0.1082357697,,,,,,,,,0.0831018705
68820,1.21176667,0.3773047440,0.3758416926,0.3715731643,0.3644105214,0.3543441690,0.3413422315,0.3253692145,0.3061846689,0.2835084275,0.2567376533,0.2244498074,0.1828808672,0.1081034972,,,,,,,,,0.0830192043
68880,1.21173333,0.3768701463,0.3754094776,0.3711478799,0.3639968834,0.3539465620,0.3409651560,0.3250167774,0.3058612694,0.2832179112,0.2564842628,0.2242384101,0.1827162309,0.1079715057,,,,,,,,,0.0829368223
68940,1.21170000,0.3764366559,0.3749783633,0.3707236765,0.3635842936,0.3535499585,0.3405890266,0.3246652183,0.3055386687,0.2829281050,0.2562314841,0.2240275166,0.1825519826,0.1078397941,,,,,,,,,0.0828547233
69000,1.21166667,0.3760042691,0.3745483459,0.3703005505,0.3631727486,0.3531543548,0.3402138401,0.3243145344,0.3052168639,0.2826390063,0.2559793150,0.2238171250,0.1823881209,0.1077083615,,,,,,,,,0.0827729062
69060,1.21163333,0.3755729822,0.3741194216,0.3698784983,0.3627622446,0.3527597477,0.3398395934,0.3239647226,0.3048958524,0.2823506129,0.2557277535,0.2236072337,0.1822246445,0.1075772070,,,,,,,,,0.0826913697
69120,1.21160000,0.3751427914,0.3736915868,0.3694575162,0.3623527784,0.3523661338,0.3394662832,0.3236157799,0.3045756316,0.2820629224,0.2554767976,0.2233978411,0.1820615521,0.1074463295,,,,,,,,,0.0826101129
69180,1.21156667,0.3747136930,0.3732648378,0.3690376005,0.3619443462,0.3519735097,0.3390939065,0.3232677035,0.3042561988,0.2817759323,0.2552264451,0.2231889453,0.1818988422,0.1073157281,,,,,,,,,0.0825291343
69240,1.21153333,0.3742856833,0.3728391708,0.3686187477,0.3615369446,0.3515818721,0.3387224600,0.3229204905,0.3039375513,0.2814896404,0.2549766942,0.2229805449,0.1817365136,0.1071854018,,,,,,,,,0.0824484331
69300,1.21150000,0.3738587586,0.3724145823,0.3682009541,0.3611305701,0.3511912176,0.3383519406,0.3225741378,0.3036196865,0.2812040443,0.2547275427,0.2227726379,0.1815745649,0.1070553496,,,,,,,,,0.0823680079
69360,1.21146667,0.3734329152,0.3719910685,0.3677842162,0.3607252193,0.3508015429,0.3379823452,0.3222286427,0.3033026017,0.2809191416,0.2544789887,0.2225652229,0.1814129948,0.1069255707,,,,,,,,,0.0822878576
69420,1.21143333,0.3730081495,0.3715686258,0.3673685304,0.3603208887,0.3504128447,0.3376136707,0.3218840023,0.3029862944,0.2806349300,0.2542310300,0.2223582981,0.1812518020,0.1067960640,,,,,,,,,0.0822079812
69480,1.21140000,0.3725844578,0.3711472506,0.3669538931,0.3599175747,0.3500251197,0.3372459139,0.3215402136,0.3026707619,0.2803514073,0.2539836649,0.2221518619,0.1810909852,0.1066668286,,,,,,,,,0.0821283774
69540,1.21136667,0.3721618365,0.3707269393,0.3665403008,0.3595152741,0.3496383646,0.3368790718,0.3211972738,0.3023560016,0.2800685711,0.2537368912,0.2219459126,0.1809305431,0.1065378636,,,,,,,,,0.0820490452
69600,1.21133333,0.3717402819,0.3703076882,0.3661277500,0.3591139833,0.3492525762,0.3365131413,0.3208551800,0.3020420110,0.2797864191,0.2534907070,0.2217404486,0.1807704744,0.1064091680,,,,,,,,,0.0819699835
69660,1.21130000,0.3713197905,0.3698894939,0.3657162371,0.3587136991,0.3488677511,0.3361481194,0.3205139295,0.3017287874,0.2795049490,0.2532451102,0.2215354683,0.1806107778,0.1062807409,,,,,,,,,0.0818911911
69720,1.21126667,0.3709003586,0.3694723526,0.3653057586,0.3583144178,0.3484838863,0.3357840029,0.3201735193,0.3014163284,0.2792241585,0.2530000990,0.2213309700,0.1804514520,0.1061525813,,,,,,,,,0.0818126668
69780,1.21123333,0.3704819828,0.3690562610,0.3648963111,0.3579161363,0.3481009783,0.3354207888,0.3198339467,0.3011046312,0.2789440454,0.2527556714,0.2211269521,0.1802924958,0.1060246884,,,,,,,,,0.0817344097
69840,1.21120000,0.3700646593,0.3686412154,0.3644878910,0.3575188511,0.3477190241,0.3350584742,0.3194952089,0.3007936935,0.2786646074,0.2525118255,0.2209234130,0.1801339078,0.1058970612,,,,,,,,,0.0816564187
69900,1.21116667,0.3696483848,0.3682272122,0.3640804949,0.3571225589,0.3473380203,0.3346970559,0.3191573031,0.3004835126,0.2783858423,0.2522685592,0.2207203511,0.1799756868,0.1057696988,,,,,,,,,0.0815786925
69960,1.21113333,0.3692331555,0.3678142481,0.3636741195,0.3567272564,0.3469579639,0.3343365311,0.3188202264,0.3001740860,0.2781077478,0.2520258707,0.2205177647,0.1798178315,0.1056426003,,,,,,,,,0.0815012301
70020,1.21110000,0.3688189681,0.3674023195,0.3632687611,0.3563329401,0.3465788516,0.3339768966,0.3184839761,0.2998654112,0.2778303216,0.2517837580,0.2203156524,0.1796603406,0.1055157647,,,,,,,,,0.0814240305
70080,1.21106667,0.3684058190,0.3669914229,0.3628644164,0.3559396069,0.3462006802,0.3336181496,0.3181485495,0.2995574857,0.2775535616,0.2515422192,0.2201140125,0.1795032130,0.1053891912,,,,,,,,,0.0813470926
70140,1.21103333,0.3679937047,0.3665815548,0.3624610821,0.3555472533,0.3458234467,0.3332602870,0.3178139438,0.2992503070,0.2772774656,0.2513012525,0.2199128434,0.1793464473,0.1052628789,,,,,,,,,0.0812704152
70200,1.21100000,0.3675826218,0.3661727118,0.3620587546,0.3551558762,0.3454471478,0.3329033059,0.3174801562,0.2989438727,0.2770020313,0.2510608559,0.2197121435,0.1791900424,0.1051368268,,,,,,,,,0.0811939974
70260,1.21096667,0.3671725667,0.3657648905,0.3616574307,0.3547654722,0.3450717805,0.3325472033,0.3171471841,0.2986381802,0.2767272565,0.2508210274,0.2195119114,0.1790339969,0.1050110342,,,,,,,,,0.0811178379
70320,1.21093333,0.3667635361,0.3653580873,0.3612571069,0.3543760380,0.3446973416,0.3321919763,0.3168150247,0.2983332270,0.2764531391,0.2505817654,0.2193121453,0.1788783096,0.1048855000,,,,,,,,,0.0810419359
70380,1.21090000,0.3663555265,0.3649522990,0.3608577800,0.3539875706,0.3443238280,0.3318376221,0.3164836753,0.2980290108,0.2761796768,0.2503430677,0.2191128439,0.1787229794,0.1047602234,,,,,,,,,0.0809662902
70440,1.21086667,0.3659485344,0.3645475221,0.3604594465,0.3536000665,0.3439512366,0.3314841376,0.3161531332,0.2977255291,0.2759068675,0.2501049327,0.2189140054,0.1785680050,0.1046352035,,,,,,,,,0.0808908998
70500,1.21083333,0.3655425565,0.3641437531,0.3600621031,0.3532135226,0.3435795644,0.3311315199,0.3158233958,0.2974227793,0.2756347091,0.2498673583,0.2187156284,0.1784133852,0.1045104395,,,,,,,,,0.0808157636
70560,1.21080000,0.3651375893,0.3637409888,0.3596657466,0.3528279356,0.3432088083,0.3307797663,0.3154944603,0.2971207592,0.2753631993,0.2496303429,0.2185177114,0.1782591187,0.1043859304,,,,,,,,,0.0807408806
70620,1.21076667,0.3647336295,0.3633392258,0.3592703737,0.3524433024,0.3428389652,0.3304288738,0.3151663241,0.2968194663,0.2750923361,0.2493938844,0.2183202527,0.1781052044,0.1042616754,,,,,,,,,0.0806662497
70680,1.21073333,0.3643306737,0.3629384607,0.3588759809,0.3520596198,0.3424700320,0.3300788395,0.3148389845,0.2965188982,0.2748221173,0.2491579812,0.2181232510,0.1779516410,0.1041376737,,,,,,,,,0.0805918700
70740,1.21070000,0.3639287186,0.3625386901,0.3584825651,0.3516768847,0.3421020059,0.3297296607,0.3145124389,0.2962190524,0.2745525407,0.2489226313,0.2179267046,0.1777984274,0.1040139244,,,,,,,,,0.0805177403
70800,1.21066667,0.3635277608,0.3621399109,0.3580901231,0.3512950938,0.3417348836,0.3293813344,0.3141866847,0.2959199267,0.2742836043,0.2486878329,0.2177306121,0.1776455624,0.1038904266,,,,,,,,,0.0804438597
70860,1.21063333,0.3631277969,0.3617421196,0.3576986515,0.3509142440,0.3413686623,0.3290338578,0.3138617193,0.2956215186,0.2740153059,0.2484535842,0.2175349720,0.1774930448,0.1037671794,,,,,,,,,0.0803702271
70920,1.21060000,0.3627288238,0.3613453129,0.3573081471,0.3505343322,0.3410033389,0.3286872281,0.3135375399,0.2953238257,0.2737476435,0.2482198834,0.2173397826,0.1773408734,0.1036441821,,,,,,,,,0.0802968415
70980,1.21056667,0.3623308379,0.3609494877,0.3569186068,0.3501553552,0.3406389105,0.3283414425,0.3132141441,0.2950268457,0.2734806149,0.2479867287,0.2171450427,0.1771890470,0.1035214337,,,,,,,,,0.0802237020
71040,1.21053333,0.3619338362,0.3605546405,0.3565300272,0.3497773100,0.3402753740,0.3279964983,0.3128915293,0.2947305762,0.2732142181,0.2477541182,0.2169507506,0.1770375645,0.1033989335,,,,,,,,,0.0801508075
71100,1.21050000,0.3615378152,0.3601607682,0.3561424052,0.3494001934,0.3399127266,0.3276523925,0.3125696928,0.2944350150,0.2729484509,0.2475220503,0.2167569050,0.1768864246,0.1032766805,,,,,,,,,0.0800781570
71160,1.21046667,0.3611427718,0.3597678675,0.3557557376,0.3490240024,0.3395509652,0.3273091225,0.3122486321,0.2941401596,0.2726833114,0.2472905231,0.2165635042,0.1767356263,0.1031546741,,,,,,,,,0.0800057494
71220,1.21043333,0.3607487026,0.3593759352,0.3553700213,0.3486487339,0.3391900869,0.3269666855,0.3119283447,0.2938460077,0.2724187974,0.2470595349,0.2163705470,0.1765851684,0.1030329132,,,,,,,,,0.0799335839
71280,1.21040000,0.3603556045,0.3589849680,0.3549852531,0.3482743849,0.3388300889,0.3266250786,0.3116088279,0.2935525571,0.2721549069,0.2468290838,0.2161780317,0.1764350497,0.1029113972,,,,,,,,,0.0798616595
71340,1.21036667,0.3599634741,0.3585949628,0.3546014297,0.3479009522,0.3384709681,0.3262842993,0.3112900793,0.2932598054,0.2718916379,0.2465991682,0.2159859569,0.1762852691,0.1027901251,,,,,,,,,0.0797899751
71400,1.21033333,0.3595723084,0.3582059163,0.3542185482,0.3475284328,0.3381127218,0.3259443448,0.3109720963,0.2929677504,0.2716289883,0.2463697862,0.2157943212,0.1761358255,0.1026690962,,,,,,,,,0.0797185297
71460,1.21030000,0.3591821040,0.3578178254,0.3538366054,0.3471568239,0.3377553469,0.3256052122,0.3106548764,0.2926763896,0.2713669561,0.2461409361,0.2156031232,0.1759867176,0.1025483096,,,,,,,,,0.0796473224
71520,1.21026667,0.3587928579,0.3574306869,0.3534555981,0.3467861222,0.3373988407,0.3252668990,0.3103384170,0.2923857210,0.2711055392,0.2459126163,0.2154123614,0.1758379444,0.1024277646,,,,,,,,,0.0795763523
71580,1.21023333,0.3584045668,0.3570444977,0.3530755233,0.3464163248,0.3370432002,0.3249294024,0.3100227158,0.2920957421,0.2708447357,0.2456848249,0.2152220344,0.1756895048,0.1023074603,,,,,,,,,0.0795056183
71640,1.21020000,0.3580172275,0.3566592545,0.3526963779,0.3460474288,0.3366884226,0.3245927198,0.3097077702,0.2918064508,0.2705845436,0.2454575602,0.2150321407,0.1755413976,0.1021873960,,,,,,,,,0.0794351195
71700,1.21016667,0.3576308370,0.3562749544,0.3523181588,0.3456794311,0.3363345051,0.3242568484,0.3093935777,0.2915178448,0.2703249608,0.2452308205,0.2148426789,0.1753936217,0.1020675707,,,,,,,,,0.0793648550
71760,1.21013333,0.3572453920,0.3558915941,0.3519408629,0.3453123288,0.3359814448,0.3239217856,0.3090801359,0.2912299219,0.2700659854,0.2450046041,0.2146536476,0.1752461760,0.1019479838,,,,,,,,,0.0792948237
71820,1.21010000,0.3568608895,0.3555091706,0.3515644873,0.3449461189,0.3356292389,0.3235875287,0.3087674422,0.2909426797,0.2698076154,0.2447789093,0.2144650455,0.1750990594,0.1018286344,,,,,,,,,0.0792250248
71880,1.21006667,0.3564773264,0.3551276807,0.3511890288,0.3445807985,0.3352778846,0.3232540751,0.3084554943,0.2906561162,0.2695498488,0.2445537344,0.2142768710,0.1749522708,0.1017095217,,,,,,,,,0.0791554573
71940,1.21003333,0.3560946994,0.3547471214,0.3508144844,0.3442163409,0.3349273791,0.3229214222,0.3081442897,0.2903702290,0.2692926837,0.2443290777,0.2140891229,0.1748058091,0.1015906450,,,,,,,,,0.0790861202
72000,1.21000000,0.3557130056,0.3543674896,0.3504408511,0.3438527185,0.3345777195,0.3225895673,0.3078338260,0.2900850160,0.2690361181,0.2441049375,0.2139017996,0.1746596732,0.1014720035,,,,,,,,,0.0790170126
72060,1.20996667,0.3553322419,0.3539887822,0.3500681260,0.3434899771,0.3342289032,0.3222585078,0.3075241007,0.2898004750,0.2687801500,0.2438813122,0.2137148999,0.1745138620,0.1013535964,,,,,,,,,0.0789481336
72120,1.20993333,0.3549524052,0.3536109963,0.3496963060,0.3431281137,0.3338809274,0.3219282412,0.3072151114,0.2895166038,0.2685247776,0.2436582000,0.2135284223,0.1743683744,0.1012354229,,,,,,,,,0.0788794823
72180,1.20990000,0.3545734924,0.3532341287,0.3493253882,0.3427671255,0.3335337892,0.3215987647,0.3069068558,0.2892334002,0.2682699988,0.2434355994,0.2133423655,0.1742232094,0.1011174822,,,,,,,,,0.0788110577
72240,1.20986667,0.3541955005,0.3528581764,0.3489553696,0.3424070096,0.3331874860,0.3212700759,0.3065993315,0.2889508621,0.2680158118,0.2432135086,0.2131567281,0.1740783658,0.1009997736,,,,,,,,,0.0787428590
72300,1.20983333,0.3538184265,0.3524831365,0.3485862472,0.3420477631,0.3328420150,0.3209421721,0.3062925360,0.2886689872,0.2677622146,0.2429919260,0.2129715087,0.1739338427,0.1008822963,,,,,,,,,0.0786748851
72360,1.20980000,0.3534422674,0.3521090060,0.3482180180,0.3416893832,0.3324973735,0.3206150508,0.3059864670,0.2883877734,0.2675092053,0.2427708499,0.2127867060,0.1737896389,0.1007650496,,,,,,,,,0.0786071353
72420,1.20976667,0.3530670201,0.3517357817,0.3478506793,0.3413318670,0.3321535588,0.3202887095,0.3056811221,0.2881072187,0.2672567821,0.2425502788,0.2126023186,0.1736457534,0.1006480326,,,,,,,,,0.0785396085
72480,1.20973333,0.3526926817,0.3513634609,0.3474842279,0.3409752118,0.3318105681,0.3199631456,0.3053764990,0.2878273207,0.2670049430,0.2423302110,0.2124183452,0.1735021851,0.1005312447,,,,,,,,,0.0784723039
72540,1.20970000,0.3523192491,0.3509920405,0.3471186611,0.3406194146,0.3314683988,0.3196383565,0.3050725953,0.2875480775,0.2667536861,0.2421106448,0.2122347845,0.1733589330,0.1004146851,,,,,,,,,0.0784052206
72600,1.20966667,0.3519467195,0.3506215175,0.3467539760,0.3402644728,0.3311270482,0.3193143398,0.3047694087,0.2872694869,0.2665030096,0.2418915787,0.2120516350,0.1732159960,0.1002983530,,,,,,,,,0.0783383577
72660,1.20963333,0.3515750898,0.3502518890,0.3463901695,0.3399103834,0.3307865137,0.3189910929,0.3044669369,0.2869915468,0.2662529115,0.2416730110,0.2118688955,0.1730733731,0.1001822477,,,,,,,,,0.0782717143
72720,1.20960000,0.3512043571,0.3498831522,0.3460272390,0.3395571437,0.3304467925,0.3186686133,0.3041651775,0.2867142550,0.2660033901,0.2414549401,0.2116865646,0.1729310632,0.1000663685,,,,,,,,,0.0782052895
72780,1.20956667,0.3508345185,0.3495153040,0.3456651814,0.3392047509,0.3301078820,0.3183468985,0.3038641282,0.2864376096,0.2657544435,0.2412373645,0.2115046411,0.1727890653,0.0999507146,,,,,,,,,0.0781390825
72840,1.20953333,0.3504655710,0.3491483415,0.3453039940,0.3388532024,0.3297697796,0.3180259461,0.3035637867,0.2861616083,0.2655060698,0.2410202825,0.2113231236,0.1726473785,0.0998352852,,,,,,,,,0.0780730923
72900,1.20950000,0.3500975118,0.3487822620,0.3449436740,0.3385024952,0.3294324827,0.3177057535,0.3032641508,0.2858862491,0.2652582671,0.2408036926,0.2111420107,0.1725060016,0.0997200797,,,,,,,,,0.0780073181
72960,1.20946667,0.3497303378,0.3484170624,0.3445842184,0.3381526267,0.3290959885,0.3173863183,0.3029652182,0.2856115300,0.2650110337,0.2405875931,0.2109613013,0.1723649336,0.0996050973,,,,,,,,,0.0779417590
73020,1.20943333,0.3493640463,0.3480527400,0.3442256244,0.3378035941,0.3287602946,0.3170676381,0.3026669865,0.2853374489,0.2647643676,0.2403719826,0.2107809939,0.1722241735,0.0994903373,,,,,,,,,0.0778764142
73080,1.20940000,0.3489986344,0.3476892918,0.3438678893,0.3374553948,0.3284253983,0.3167497104,0.3023694535,0.2850640037,0.2645182672,0.2401568593,0.2106010874,0.1720837204,0.0993757989,,,,,,,,,0.0778112828
73140,1.20936667,0.3486340991,0.3473267150,0.3435110103,0.3371080259,0.3280912971,0.3164325328,0.3020726171,0.2847911924,0.2642727305,0.2399422219,0.2104215803,0.1719435731,0.0992614815,,,,,,,,,0.0777463639
73200,1.20933333,0.3482704377,0.3469650067,0.3431549845,0.3367614849,0.3277579882,0.3161161027,0.3017764748,0.2845190130,0.2640277558,0.2397280686,0.2102424715,0.1718037308,0.0991473843,,,,,,,,,0.0776816566
73260,1.20930000,0.3479076473,0.3466041643,0.3427998093,0.3364157690,0.3274254693,0.3158004179,0.3014810245,0.2842474633,0.2637833413,0.2395143981,0.2100637597,0.1716641923,0.0990335067,,,,,,,,,0.0776171603
73320,1.20926667,0.3475457250,0.3462441847,0.3424454817,0.3360708755,0.3270937377,0.3154854760,0.3011862639,0.2839765415,0.2635394851,0.2393012086,0.2098854435,0.1715249568,0.0989198478,,,,,,,,,0.0775528738
73380,1.20923333,0.3471846680,0.3458850652,0.3420919992,0.3357268018,0.3267627909,0.3151712744,0.3008921909,0.2837062454,0.2632961855,0.2390884987,0.2097075217,0.1713860231,0.0988064071,,,,,,,,,0.0774887966
73440,1.20920000,0.3468244736,0.3455268031,0.3417393588,0.3353835453,0.3264326262,0.3148578108,0.3005988032,0.2834365731,0.2630534406,0.2388762669,0.2095299931,0.1712473904,0.0986931837,,,,,,,,,0.0774249276
73500,1.20916667,0.3464651388,0.3451693955,0.3413875580,0.3350411031,0.3261032413,0.3145450829,0.3003060986,0.2831675226,0.2628112489,0.2386645117,0.2093528564,0.1711090577,0.0985801771,,,,,,,,,0.0773612661
73560,1.20913333,0.3461066610,0.3448128397,0.3410365940,0.3346994729,0.3257746336,0.3142330882,0.3000140749,0.2828990919,0.2625696084,0.2384532314,0.2091761103,0.1709710238,0.0984673865,,,,,,,,,0.0772978112
73620,1.20910000,0.3457490374,0.3444571329,0.3406864640,0.3343586518,0.3254468006,0.3139218245,0.2997227300,0.2826312789,0.2623285173,0.2382424246,0.2089997536,0.1708332880,0.0983548111,,,,,,,,,0.0772345622
73680,1.20906667,0.3453922651,0.3441022723,0.3403371654,0.3340186373,0.3251197397,0.3136112893,0.2994320616,0.2823640818,0.2620879741,0.2380320899,0.2088237850,0.1706958492,0.0982424504,,,,,,,,,0.0771715181
73740,1.20903333,0.3450363414,0.3437482552,0.3399886954,0.3336794268,0.3247934485,0.3133014804,0.2991420676,0.2820974985,0.2618479768,0.2378222256,0.2086482034,0.1705587065,0.0981303036,,,,,,,,,0.0771086782
73800,1.20900000,0.3446812636,0.3433950789,0.3396410515,0.3333410177,0.3244679245,0.3129923953,0.2988527458,0.2818315272,0.2616085238,0.2376128303,0.2084730074,0.1704218589,0.0980176768,,,,,,,,,0.0770460416
73860,1.20896667,0.3443270289,0.3430427407,0.3392942308,0.3330034074,0.3241431653,0.3126840317,0.2985640940,0.2815661658,0.2613696134,0.2374039026,0.2082981959,0.1702853054,0.0978970034,,,,,,,,,0.0769836076
73920,1.20893333,0.3439736346,0.3426912378,0.3389482309,0.3326665933,0.3238191683,0.3123763874,0.2982761102,0.2813014123,0.2611312438,0.2371954409,0.2081237676,0.1701490450,0.0977765331,,,,,,,,,0.0769213753
73980,1.20890000,0.3436210780,0.3423405675,0.3386030489,0.3323305728,0.3234959312,0.3120694601,0.2979887922,0.2810372650,0.2608934132,0.2369874437,0.2079497213,0.1700130769,0.0976562654,,,,,,,,,0.0768593440
74040,1.20886667,0.3432693563,0.3419907273,0.3382586824,0.3319953435,0.3231734514,0.3117632473,0.2977021379,0.2807737217,0.2606561201,0.2367799096,0.2077760558,0.1698774001,0.0975361996,,,,,,,,,0.0767975127
74100,1.20883333,0.3429184670,0.3416417143,0.3379151285,0.3316609027,0.3228517265,0.3114577470,0.2974161451,0.2805107807,0.2604193626,0.2365728371,0.2076027699,0.1697420137,0.0974163353,,,,,,,,,0.0767358808
74160,1.20880000,0.3425684073,0.3412935259,0.3375723848,0.3313272479,0.3225307542,0.3111529566,0.2971308117,0.2802484400,0.2601831391,0.2363662248,0.2074298624,0.1696069166,0.0972966719,,,,,,,,,0.0766744474
74220,1.20876667,0.3422191745,0.3409461595,0.3372304487,0.3309943766,0.3222105320,0.3108488741,0.2968461357,0.2799866976,0.2599474480,0.2361600712,0.2072573321,0.1694721080,0.0971772087,,,,,,,,,0.0766132118
74280,1.20873333,0.3418707659,0.3405996124,0.3368893174,0.3306622863,0.3218910575,0.3105454971,0.2965621148,0.2797255518,0.2597122874,0.2359543748,0.2070851777,0.1693375870,0.0970579453,,,,,,,,,0.0765521731
74340,1.20870000,0.3415231790,0.3402538819,0.3365489885,0.3303309745,0.3215723283,0.3102428233,0.2962787472,0.2794650005,0.2594776557,0.2357491343,0.2069133982,0.1692033525,0.0969388810,,,,,,,,,0.0764913306
74400,1.20866667,0.3411764110,0.3399089655,0.3362094594,0.3300004386,0.3212543421,0.3099408506,0.2959960306,0.2792050419,0.2592435513,0.2355443481,0.2067419922,0.1690694038,0.0968200153,,,,,,,,,0.0764306835
74460,1.20863333,0.3408304594,0.3395648606,0.3358707274,0.3296706762,0.3209370963,0.3096395767,0.2957139630,0.2789456742,0.2590099725,0.2353400149,0.2065709588,0.1689357398,0.0967013477,,,,,,,,,0.0763702311
74520,1.20860000,0.3404853214,0.3392215644,0.3355327901,0.3293416848,0.3206205888,0.3093389994,0.2954325423,0.2786868954,0.2587769177,0.2351361332,0.2064002966,0.1688023597,0.0965828776,,,,,,,,,0.0763099724
74580,1.20856667,0.3401409946,0.3388790745,0.3351956448,0.3290134620,0.3203048171,0.3090391164,0.2951517665,0.2784287037,0.2585443851,0.2349327015,0.2062300044,0.1686692626,0.0964646045,,,,,,,,,0.0762499068
74640,1.20853333,0.3397974763,0.3385373883,0.3348592891,0.3286860052,0.3199897788,0.3087399255,0.2948716336,0.2781710973,0.2583123731,0.2347297186,0.2060600812,0.1685364475,0.0963465277,,,,,,,,,0.0761900336
74700,1.20850000,0.3394547638,0.3381965031,0.3345237204,0.3283593120,0.3196754717,0.3084414245,0.2945921414,0.2779140742,0.2580808802,0.2345271829,0.2058905258,0.1684039135,0.0962286469,,,,,,,,,0.0761303519
74760,1.20846667,0.3391128547,0.3378564164,0.3341889362,0.3280333800,0.3193618933,0.3081436113,0.2943132880,0.2776576327,0.2578499046,0.2343250931,0.2057213370,0.1682716598,0.0961109613,,,,,,,,,0.0760708610
74820,1.20843333,0.3387717463,0.3375171256,0.3338549340,0.3277082068,0.3190490415,0.3078464837,0.2940350713,0.2774017709,0.2576194448,0.2341234478,0.2055525136,0.1681396854,0.0959934705,,,,,,,,,0.0760115601
74880,1.20840000,0.3384314361,0.3371786283,0.3335217113,0.3273837899,0.3187369138,0.3075500394,0.2937574894,0.2771464870,0.2573894990,0.2339222456,0.2053840546,0.1680079894,0.0958761739,,,,,,,,,0.0759524485
74940,1.20836667,0.3380919216,0.3368409218,0.3331892656,0.3270601269,0.3184255079,0.3072542763,0.2934805402,0.2768917791,0.2571600658,0.2337214850,0.2052159587,0.1678765711,0.0957590711,,,,,,,,,0.0758935255
75000,1.20833333,0.3377532001,0.3365040036,0.3328575943,0.3267372154,0.3181148216,0.3069591923,0.2932042217,0.2766376455,0.2569311435,0.2335211647,0.2050482249,0.1677454294,0.0956421614,,,,,,,,,0.0758347902
75060,1.20830000,0.3374152692,0.3361678712,0.3325266952,0.3264150530,0.3178048526,0.3066647851,0.2929285319,0.2763840843,0.2567027305,0.2333212834,0.2048808520,0.1676145635,0.0955254443,,,,,,,,,0.0757762420
75120,1.20826667,0.3370781263,0.3358325222,0.3321965656,0.3260936374,0.3174955986,0.3063710528,0.2926534689,0.2761310938,0.2564748251,0.2331218397,0.2047138388,0.1674839725,0.0954089193,,,,,,,,,0.0757178801
75180,1.20823333,0.3367417689,0.3354979539,0.3318672031,0.3257729661,0.3171870573,0.3060779930,0.2923790306,0.2758786721,0.2562474259,0.2329228321,0.2045471843,0.1673536556,0.0952925859,,,,,,,,,0.0756597038
75240,1.20820000,0.3364061945,0.3351641640,0.3315386054,0.3254530369,0.3168792265,0.3057856037,0.2921052151,0.2756268175,0.2560205312,0.2327242594,0.2043808873,0.1672236118,0.0951764436,,,,,,,,,0.0756017124
75300,1.20816667,0.3360714007,0.3348311499,0.3312107698,0.3251338472,0.3165721039,0.3054938828,0.2918320205,0.2753755281,0.2557941395,0.2325261202,0.2042149467,0.1670938404,0.0950604918,,,,,,,,,0.0755439050
75360,1.20813333,0.3357373848,0.3344989092,0.3308836942,0.3248153949,0.3162656872,0.3052028281,0.2915594447,0.2751248023,0.2555682491,0.2323284130,0.2040493614,0.1669643404,0.0949447300,,,,,,,,,0.0754862811
75420,1.20810000,0.3354041446,0.3341674394,0.3305573759,0.3244976775,0.3159599743,0.3049124376,0.2912874859,0.2748746382,0.2553428586,0.2321311367,0.2038841303,0.1668351110,0.0948291576,,,,,,,,,0.0754288398
75480,1.20806667,0.3350716774,0.3338367381,0.3302318126,0.3241806927,0.3156549629,0.3046227091,0.2910161420,0.2746250341,0.2551179663,0.2319342898,0.2037192523,0.1667061513,0.0947137743,,,,,,,,,0.0753715805
75540,1.20803333,0.3347399808,0.3335068027,0.3299070020,0.3238644382,0.3153506508,0.3043336406,0.2907454112,0.2743759883,0.2548935707,0.2317378711,0.2035547263,0.1665774605,0.0945985794,,,,,,,,,0.0753145024
75600,1.20800000,0.3344090524,0.3331776310,0.3295829415,0.3235489117,0.3150470357,0.3040452300,0.2904752916,0.2741274769,0.2546696702,0.2315418791,0.2033905512,0.1664490377,0.0944835724,,,,,,,,,0.0752576049
75660,1.20796667,0.3340788898,0.3328492204,0.3292596290,0.3232341109,0.3147441156,0.3037574752,0.2902057811,0.2738793978,0.2544462634,0.2313463125,0.2032267259,0.1663208821,0.0943687529,,,,,,,,,0.0752008871
75720,1.20793333,0.3337494905,0.3325215686,0.3289370619,0.3229200335,0.3144418881,0.3034703742,0.2899368780,0.2736318719,0.2542233487,0.2311511701,0.2030632493,0.1661929929,0.0942541203,,,,,,,,,0.0751443485
75780,1.20790000,0.3334208521,0.3321946731,0.3286152379,0.3226066771,0.3141403511,0.3031839249,0.2896685803,0.2733848977,0.2540009245,0.2309564506,0.2029001204,0.1660653692,0.0941396741,,,,,,,,,0.0750879883
75840,1.20786667,0.3330929722,0.3318685315,0.3282941547,0.3222940396,0.3138395025,0.3028981252,0.2894008861,0.2731384733,0.2537789893,0.2307621525,0.2027373380,0.1659380101,0.0940254139,,,,,,,,,0.0750318058
75900,1.20783333,0.3327658483,0.3315431416,0.3279738099,0.3219821187,0.3135393400,0.3026129732,0.2891337935,0.2728925972,0.2535575416,0.2305682747,0.2025749011,0.1658109149,0.0939113390,,,,,,,,,0.0749758003
75960,1.20780000,0.3324394782,0.3312185008,0.3276542012,0.3216709120,0.3132398615,0.3023284667,0.2888673006,0.2726472674,0.2533365800,0.2303748158,0.2024128087,0.1656840827,0.0937974491,,,,,,,,,0.0749199712
76020,1.20776667,0.3321138594,0.3308946068,0.3273353263,0.3213604173,0.3129410649,0.3020446038,0.2886014056,0.2724024825,0.2531161028,0.2301817745,0.2022510596,0.1655575126,0.0936837435,,,,,,,,,0.0748643177
76080,1.20773333,0.3317889895,0.3305714573,0.3270171829,0.3210506325,0.3126429480,0.3017613825,0.2883361067,0.2721582406,0.2528961086,0.2299891495,0.2020896528,0.1654312040,0.0935702219,,,,,,,,,0.0748088391
76140,1.20770000,0.3314648661,0.3302490499,0.3266997685,0.3207415552,0.3123455086,0.3014788006,0.2880714018,0.2719145401,0.2526765959,0.2297969396,0.2019285872,0.1653051559,0.0934568837,,,,,,,,,0.0747535348
76200,1.20766667,0.3311414870,0.3299273823,0.3263830811,0.3204331833,0.3120487447,0.3011968563,0.2878072893,0.2716713792,0.2524575633,0.2296051434,0.2017678619,0.1651793675,0.0933437284,,,,,,,,,0.0746984041
76260,1.20763333,0.3308188498,0.3296064521,0.3260671182,0.3201255145,0.3117526541,0.3009155476,0.2875437672,0.2714287564,0.2522390091,0.2294137598,0.2016074757,0.1650538380,0.0932307556,,,,,,,,,0.0746434463
76320,1.20760000,0.3304969521,0.3292862571,0.3257518776,0.3198185466,0.3114572347,0.3006348724,0.2872808337,0.2711866700,0.2520209320,0.2292227873,0.2014474276,0.1649285667,0.0931179647,,,,,,,,,0.0745886607
76380,1.20756667,0.3301757916,0.3289667948,0.3254373570,0.3195122774,0.3111624845,0.3003548287,0.2870184869,0.2709451183,0.2518033305,0.2290322249,0.2012877165,0.1648035526,0.0930053553,,,,,,,,,0.0745340467
76440,1.20753333,0.3298553660,0.3286480630,0.3251235541,0.3192067047,0.3108684013,0.3000754147,0.2867567251,0.2707040996,0.2515862031,0.2288420711,0.2011283415,0.1646787951,0.0928929269,,,,,,,,,0.0744796036
76500,1.20750000,0.3295356729,0.3283300595,0.3248104667,0.3189018264,0.3105749830,0.2997966283,0.2864955465,0.2704636122,0.2513695483,0.2286523248,0.2009693015,0.1645542933,0.0927806790,,,,,,,,,0.0744253307
76560,1.20746667,0.3292167101,0.3280127818,0.3244980926,0.3185976402,0.3102822275,0.2995184676,0.2862349492,0.2702236547,0.2511533647,0.2284629847,0.2008105954,0.1644300463,0.0926686110,,,,,,,,,0.0743712274
76620,1.20743333,0.3288984753,0.3276962278,0.3241864295,0.3182941440,0.3099901329,0.2992409307,0.2859749314,0.2699842252,0.2509376509,0.2282740495,0.2006522223,0.1643060535,0.0925567227,,,,,,,,,0.0743172930
76680,1.20740000,0.3285809662,0.3273803951,0.3238754752,0.3179913357,0.3096986969,0.2989640155,0.2857154913,0.2697453222,0.2507224053,0.2280855181,0.2004941811,0.1641823141,0.0924450134,,,,,,,,,0.0742635269
76740,1.20736667,0.3282641806,0.3270652816,0.3235652274,0.3176892130,0.3094079177,0.2986877202,0.2854566271,0.2695069441,0.2505076267,0.2278973891,0.2003364708,0.1640588272,0.0923334826,,,,,,,,,0.0742099284
76800,1.20733333,0.3279481160,0.3267508849,0.3232556840,0.3173877739,0.3091177930,0.2984120428,0.2851983371,0.2692690892,0.2502933134,0.2277096614,0.2001790905,0.1639355920,0.0922221300,,,,,,,,,0.0741564968
76860,1.20730000,0.3276327704,0.3264372028,0.3229468427,0.3170870161,0.3088283209,0.2981369815,0.2849406195,0.2690317559,0.2500794642,0.2275223337,0.2000220390,0.1638126079,0.0921109550,,,,,,,,,0.0741032315
76920,1.20726667,0.3273181413,0.3261242330,0.3226387014,0.3167869377,0.3085394994,0.2978625342,0.2846834725,0.2687949427,0.2498660775,0.2273354048,0.1998653154,0.1636898739,0.0919999573,,,,,,,,,0.0740501318
76980,1.20723333,0.3270042267,0.3258119734,0.3223312578,0.3164875364,0.3082513264,0.2975886992,0.2844268943,0.2685586479,0.2496531520,0.2271488735,0.1997089187,0.1635673894,0.0918891362,,,,,,,,,0.0739971972
77040,1.20720000,0.3266910243,0.3255004217,0.3220245098,0.3161888102,0.3079637999,0.2973154745,0.2841708832,0.2683228699,0.2494406863,0.2269627385,0.1995528479,0.1634451535,0.0917784913,,,,,,,,,0.0739444270
77100,1.20716667,0.3263785317,0.3251895757,0.3217184553,0.3158907569,0.3076769180,0.2970428581,0.2839154374,0.2680876071,0.2492286789,0.2267769987,0.1993971019,0.1633231656,0.0916680223,,,,,,,,,0.0738918205
77160,1.20713333,0.3260667469,0.3248794333,0.3214130920,0.3155933744,0.3073906785,0.2967708483,0.2836605552,0.2678528580,0.2490171284,0.2265916529,0.1992416799,0.1632014248,0.0915577285,,,,,,,,,0.0738393771
77220,1.20710000,0.3257556677,0.3245699921,0.3211084178,0.3152966607,0.3071050795,0.2964994432,0.2834062349,0.2676186210,0.2488060335,0.2264066999,0.1990865809,0.1630799304,0.0914476096,,,,,,,,,0.0737870962
77280,1.20706667,0.3254452917,0.3242612501,0.3208044305,0.3150006137,0.3068201190,0.2962286408,0.2831524747,0.2673848944,0.2485953928,0.2262221384,0.1989318037,0.1629586816,0.0913376651,,,,,,,,,0.0737349771
77340,1.20703333,0.3251356168,0.3239532050,0.3205011281,0.3147052314,0.3065357951,0.2959584394,0.2828992729,0.2671516769,0.2483852048,0.2260379673,0.1987773476,0.1628376776,0.0912278945,,,,,,,,,0.0736830193
77400,1.20700000,0.3248266409,0.3236458546,0.3201985083,0.3144105115,0.3062521058,0.2956888370,0.2826466277,0.2669189667,0.2481754682,0.2258541854,0.1986230734,0.1627169178,0.0911182975,,,,,,,,,0.0736312221
77460,1.20696667,0.3245183618,0.3233391969,0.3198965691,0.3141164522,0.3059690490,0.2954198319,0.2823945376,0.2666867623,0.2479661817,0.2256707915,0.1984689135,0.1625964013,0.0910088734,,,,,,,,,0.0735795849
77520,1.20693333,0.3242107772,0.3230332297,0.3195953084,0.3138230513,0.3056866229,0.2951514221,0.2821430007,0.2664550623,0.2477573438,0.2254877845,0.1983150721,0.1624761275,0.0908996219,,,,,,,,,0.0735281070
77580,1.20690000,0.3239038851,0.3227279508,0.3192947240,0.3135303069,0.3054048255,0.2948836059,0.2818920154,0.2662238649,0.2475489532,0.2253051631,0.1981615483,0.1623560955,0.0907905426,,,,,,,,,0.0734767879
77640,1.20686667,0.3235976833,0.3224233581,0.3189948139,0.3132382168,0.3051236549,0.2946163814,0.2816415799,0.2659931688,0.2473410085,0.2251229262,0.1980083412,0.1622363047,0.0906816350,,,,,,,,,0.0734256270
77700,1.20683333,0.3232921696,0.3221194494,0.3186955759,0.3129467790,0.3048431091,0.2943497468,0.2813916927,0.2657629724,0.2471335084,0.2249410727,0.1978554498,0.1621167543,0.0905728985,,,,,,,,,0.0733746235
77760,1.20680000,0.3229873419,0.3218162226,0.3183970080,0.3126559916,0.3045631862,0.2940837003,0.2811423520,0.2655332742,0.2469264515,0.2247596014,0.1977028731,0.1619974436,0.0904643329,,,,,,,,,0.0733237771
77820,1.20676667,0.3226831981,0.3215136757,0.3180991081,0.3123658526,0.3042838842,0.2938182400,0.2808935561,0.2653040726,0.2467198365,0.2245785111,0.1975506102,0.1618783718,0.0903559376,,,,,,,,,0.0732730869
77880,1.20673333,0.3223797361,0.3212118064,0.3178018741,0.3120763598,0.3040052014,0.2935533643,0.2806453034,0.2650753661,0.2465136620,0.2243978006,0.1973986602,0.1617595382,0.0902477123,,,,,,,,,0.0732225525
77940,1.20670000,0.3220769537,0.3209106128,0.3175053040,0.3117875114,0.3037271357,0.2932890712,0.2803975922,0.2648471532,0.2463079268,0.2242174689,0.1972470220,0.1616409421,0.0901396564,,,,,,,,,0.0731721732
78000,1.20666667,0.3217748489,0.3206100927,0.3172093958,0.3114993053,0.3034496852,0.2930253590,0.2801504208,0.2646194325,0.2461026294,0.2240375148,0.1970956948,0.1615225828,0.0900317695,,,,,,,,,0.0731219485
78060,1.20663333,0.3214734195,0.3203102441,0.3169141473,0.3112117396,0.3031728481,0.2927622259,0.2799037877,0.2643922024,0.2458977686,0.2238579372,0.1969446777,0.1614044595,0.0899240512,,,,,,,,,0.0730718777
78120,1.20660000,0.3211726635,0.3200110648,0.3166195566,0.3109248122,0.3028966226,0.2924996702,0.2796576912,0.2641654615,0.2456933430,0.2236787349,0.1967939696,0.1612865715,0.0898165011,,,,,,,,,0.0730219603
78180,1.20656667,0.3208725788,0.3197125529,0.3163256215,0.3106385214,0.3026210066,0.2922376901,0.2794121296,0.2639392082,0.2454893514,0.2234999068,0.1966435697,0.1611689182,0.0897091187,,,,,,,,,0.0729721956
78240,1.20653333,0.3205731633,0.3194147061,0.3160323402,0.3103528649,0.3023459983,0.2919762838,0.2791671013,0.2637134410,0.2452857924,0.2233214517,0.1964934771,0.1610514988,0.0896019036,,,,,,,,,0.0729225831
78300,1.20650000,0.3202744150,0.3191175226,0.3157397106,0.3100678410,0.3020715960,0.2917154495,0.2789226047,0.2634881586,0.2450826646,0.2231433687,0.1963436908,0.1609343126,0.0894948553,,,,,,,,,0.0728731223
78360,1.20646667,0.3199763318,0.3188210003,0.3154477307,0.3097834477,0.3017977977,0.2914551856,0.2786786382,0.2632633595,0.2448799669,0.2229656564,0.1961942100,0.1608173588,0.0893879735,,,,,,,,,0.0728238124
78420,1.20643333,0.3196789116,0.3185251370,0.3151563984,0.3094996830,0.3015246015,0.2911954903,0.2784352001,0.2630390421,0.2446776980,0.2227883139,0.1960450336,0.1607006369,0.0892812578,,,,,,,,,0.0727746531
78480,1.20640000,0.3193821524,0.3182299309,0.3148657119,0.3092165450,0.3012520056,0.2909363618,0.2781922889,0.2628152050,0.2444758564,0.2226113401,0.1958961608,0.1605841461,0.0891747075,,,,,,,,,0.0727256436
78540,1.20636667,0.3190860522,0.3179353798,0.3145756690,0.3089340318,0.3009800083,0.2906777984,0.2779499029,0.2625918468,0.2442744410,0.2224347337,0.1957475907,0.1604678856,0.0890683225,,,,,,,,,0.0726767834
78600,1.20633333,0.3187906090,0.3176414817,0.3142862679,0.3086521415,0.3007086076,0.2904197984,0.2777080407,0.2623689660,0.2440734505,0.2222584938,0.1955993225,0.1603518549,0.0889621022,,,,,,,,,0.0726280719
78660,1.20630000,0.3184958207,0.3173482348,0.3139975066,0.3083708722,0.3004378018,0.2901623601,0.2774667004,0.2621465613,0.2438728836,0.2220826192,0.1954513550,0.1602360532,0.0888560462,,,,,,,,,0.0725795087
78720,1.20626667,0.3182016854,0.3170556368,0.3137093830,0.3080902220,0.3001675890,0.2899054818,0.2772258807,0.2619246310,0.2436727389,0.2219071089,0.1953036876,0.1601204798,0.0887501541,,,,,,,,,0.0725310930
78780,1.20623333,0.3179082009,0.3167636860,0.3134218953,0.3078101889,0.2998979674,0.2896491618,0.2769855799,0.2617031739,0.2434730154,0.2217319617,0.1951563193,0.1600051340,0.0886444255,,,,,,,,,0.0724828244
78840,1.20620000,0.3176153654,0.3164723802,0.3131350416,0.3075307711,0.2996289353,0.2893933983,0.2767457965,0.2614821885,0.2432737116,0.2215571766,0.1950092492,0.1598900152,0.0885388600,,,,,,,,,0.0724347023
78900,1.20616667,0.3173231769,0.3161817176,0.3128488198,0.3072519667,0.2993604907,0.2891381897,0.2765065288,0.2612616734,0.2430748264,0.2213827524,0.1948624764,0.1597751227,0.0884334571,,,,,,,,,0.0723867261
78960,1.20613333,0.3170316333,0.3158916961,0.3125632280,0.3069737739,0.2990926320,0.2888835344,0.2762677754,0.2610416271,0.2428763585,0.2212086882,0.1947160001,0.1596604558,0.0883282165,,,,,,,,,0.0723388953
79020,1.20610000,0.3167407327,0.3156023137,0.3122782643,0.3066961908,0.2988253574,0.2886294306,0.2760295346,0.2608220483,0.2426783066,0.2210349829,0.1945698193,0.1595460138,0.0882231377,,,,,,,,,0.0722912093
79080,1.20606667,0.3164504731,0.3153135686,0.3119939269,0.3064192155,0.2985586651,0.2883758766,0.2757918050,0.2606029356,0.2424806695,0.2208616353,0.1944239333,0.1594317961,0.0881182203,,,,,,,,,0.0722436676
79140,1.20603333,0.3161608525,0.3150254588,0.3117102137,0.3061428462,0.2982925532,0.2881228708,0.2755545850,0.2603842875,0.2422834459,0.2206886445,0.1942783410,0.1593178020,0.0880124678,,,,,,,,,0.0721962697
79200,1.20600000,0.3158718691,0.3147379823,0.3114271229,0.3058670809,0.2980270201,0.2878704116,0.2753178730,0.2601661026,0.2420866348,0.2205160093,0.1941330417,0.1592040307,0.0878957286,,,,,,,,,0.0721490149
79260,1.20600000,0.3155835328,0.3144512166,0.3111449285,0.3055925118,0.2977630909,0.2876200687,0.2750840085,0.2599516466,0.2418946108,0.2203496676,0.1939963754,0.1591032946,0.0878487328,,,,,,,,,0.0721015954
79320,1.20600000,0.3152958456,0.3141650960,0.3108633675,0.3053185565,0.2974997487,0.2873702787,0.2748506560,0.2597376549,0.2417029969,0.2201836752,0.1938599903,0.1590027615,0.0878017985,,,,,,,,,0.0720542177
79380,1.20600000,0.3150088054,0.3138796184,0.3105824378,0.3050452134,0.2972369917,0.2871210400,0.2746178138,0.2595241260,0.2415117918,0.2200180311,0.1937238856,0.1589024308,0.0877549493,,,,,,,,,0.0720069396
79440,1.20600000,0.3147224101,0.3135947818,0.3103021376,0.3047724804,0.2969748182,0.2868723507,0.2743854804,0.2593110585,0.2413209943,0.2198527341,0.1935880603,0.1588023018,0.0877081975,,,,,,,,,0.0719597795
79500,1.20600000,0.3144366579,0.3133105841,0.3100224648,0.3045003556,0.2967132262,0.2866242093,0.2741536542,0.2590984510,0.2411306031,0.2196877832,0.1934525138,0.1587023737,0.0876615494,,,,,,,,,0.0719127460
79560,1.20600000,0.3141515466,0.3130270235,0.3097434176,0.3042288372,0.2964522140,0.2863766139,0.2739223336,0.2588863020,0.2409406169,0.2195231774,0.1933172451,0.1586026460,0.0876150089,,,,,,,,,0.0718658437
79620,1.20600000,0.3138670743,0.3127440979,0.3094649938,0.3039579233,0.2961917798,0.2861295630,0.2736915172,0.2586746103,0.2407510346,0.2193589157,0.1931822534,0.1585031178,0.0875685781,,,,,,,,,0.0718190753
79680,1.20600000,0.3135832390,0.3124618054,0.3091871917,0.3036876120,0.2959319219,0.2858830549,0.2734612033,0.2584633744,0.2405618548,0.2191949969,0.1930475378,0.1584037884,0.0875222584,,,,,,,,,0.0717724424
79740,1.20600000,0.3133000386,0.3121801439,0.3089100092,0.3034179013,0.2956726383,0.2856370878,0.2732313904,0.2582525929,0.2403730765,0.2190314202,0.1929130976,0.1583046572,0.0874760509,,,,,,,,,0.0717259460
79800,1.20600000,0.3130174712,0.3118991115,0.3086334444,0.3031487895,0.2954139273,0.2853916601,0.2730020770,0.2580422644,0.2401846984,0.2188681844,0.1927789319,0.1582057234,0.0874299559,,,,,,,,,0.0716795866
79860,1.20600000,0.3127355349,0.3116187062,0.3083574955,0.3028802747,0.2951557873,0.2851467701,0.2727732615,0.2578323875,0.2399967192,0.2187052885,0.1926450398,0.1581069864,0.0873839738,,,,,,,,,0.0716333646
79920,1.20600000,0.3124542276,0.3113389261,0.3080821604,0.3026123550,0.2948982163,0.2849024163,0.2725449425,0.2576229609,0.2398091378,0.2185427315,0.1925114206,0.1580084456,0.0873381047,,,,,,,,,0.0715872802
79980,1.20600000,0.3121735474,0.3110597692,0.3078074373,0.3023450287,0.2946412126,0.2846585968,0.2723171183,0.2574139831,0.2396219529,0.2183805123,0.1923780733,0.1579101004,0.0872923487,,,,,,,,,0.0715413333
80040,1.20600000,0.3118934924,0.3107812336,0.3075333244,0.3020782937,0.2943847745,0.2844153102,0.2720897875,0.2572054529,0.2394351634,0.2182186301,0.1922449973,0.1578119501,0.0872467056,,,,,,,,,0.0714955237
80100,1.20600000,0.3116140606,0.3105033174,0.3072598196,0.3018121484,0.2941289003,0.2841725546,0.2718629486,0.2569973689,0.2392487681,0.2180570836,0.1921121915,0.1577139942,0.0872011754,,,,,,,,,0.0714498514
80160,1.20600000,0.3113352500,0.3102260186,0.3069869211,0.3015465909,0.2938735882,0.2839303287,0.2716366000,0.2567897297,0.2390627657,0.2178958721,0.1919796554,0.1576162321,0.0871557579,,,,,,,,,0.0714043161
80220,1.20600000,0.3110570588,0.3099493354,0.3067146270,0.3012816194,0.2936188364,0.2836886306,0.2714107403,0.2565825339,0.2388771551,0.2177349943,0.1918473879,0.1575186632,0.0871104528,,,,,,,,,0.0713589175
80280,1.20600000,0.3107794850,0.3096732657,0.3064429355,0.3010172320,0.2933646433,0.2834474587,0.2711853680,0.2563757802,0.2386919352,0.2175744494,0.1917153883,0.1574212870,0.0870652599,,,,,,,,,0.0713136552
80340,1.20600000,0.3105025267,0.3093978078,0.3061718447,0.3007534270,0.2931110070,0.2832068116,0.2709604816,0.2561694673,0.2385071046,0.2174142363,0.1915836558,0.1573241029,0.0870201788,,,,,,,,,0.0712685290
80400,1.20600000,0.3102261821,0.3091229597,0.3059013527,0.3004902025,0.2928579260,0.2829666875,0.2707360796,0.2559635938,0.2383226624,0.2172543541,0.1914521896,0.1572271103,0.0869752094,,,,,,,,,0.0712235384
80460,1.20600000,0.3099504491,0.3088487195,0.3056314577,0.3002275569,0.2926053985,0.2827270848,0.2705121605,0.2557581585,0.2381386072,0.2170948017,0.1913209888,0.1571303086,0.0869303512,,,,,,,,,0.0711786831
80520,1.20600000,0.3096753259,0.3085750854,0.3053621578,0.2999654882,0.2923534228,0.2824880020,0.2702887229,0.2555531599,0.2379549379,0.2169355782,0.1911900528,0.1570336975,0.0868856039,,,,,,,,,0.0711339627
80580,1.20600000,0.3094008107,0.3083020555,0.3050934513,0.2997039947,0.2921019972,0.2822494375,0.2700657653,0.2553485968,0.2377716534,0.2167766826,0.1910593806,0.1569372762,0.0868409672,,,,,,,,,0.0710893767
80640,1.20600000,0.3091269015,0.3080296278,0.3048253362,0.2994430747,0.2918511201,0.2820113896,0.2698432862,0.2551444678,0.2375887526,0.2166181138,0.1909289716,0.1568410443,0.0867964408,,,,,,,,,0.0710449248
80700,1.20600000,0.3088535965,0.3077578007,0.3045578108,0.2991827264,0.2916007897,0.2817738569,0.2696212843,0.2549407717,0.2374062342,0.2164598710,0.1907988249,0.1567450011,0.0867520242,,,,,,,,,0.0710006065
80760,1.20600000,0.3085808938,0.3074865721,0.3042908732,0.2989229480,0.2913510043,0.2815368377,0.2693997579,0.2547375071,0.2372240971,0.2163019531,0.1906689397,0.1566491463,0.0867077171,,,,,,,,,0.0709564214
80820,1.20600000,0.3083087915,0.3072159403,0.3040245216,0.2986637378,0.2911017623,0.2813003305,0.2691787058,0.2545346727,0.2370423402,0.2161443593,0.1905393153,0.1565534792,0.0866635191,,,,,,,,,0.0709123689
80880,1.20600000,0.3080372879,0.3069459035,0.3037587543,0.2984050940,0.2908530621,0.2810643336,0.2689581264,0.2543322673,0.2368609624,0.2159870884,0.1904099508,0.1564579993,0.0866194299,,,,,,,,,0.0708684488
80940,1.20600000,0.3077663810,0.3066764597,0.3034935694,0.2981470150,0.2906049020,0.2808288457,0.2687380184,0.2541302895,0.2366799624,0.2158301396,0.1902808456,0.1563627060,0.0865754490,,,,,,,,,0.0708246605
81000,1.20600000,0.3074960691,0.3064076072,0.3032289652,0.2978894989,0.2903572803,0.2805938651,0.2685183803,0.2539287380,0.2364993392,0.2156735119,0.1901519989,0.1562675989,0.0865315761,,,,,,,,,0.0707810035
81060,1.20596667,0.3072263391,0.3061392683,0.3029646752,0.2976319740,0.2901092088,0.2803578794,0.2682969576,0.2537244640,0.2363148700,0.2155114651,0.1900153304,0.1561602253,0.0864187350,,,,,,,,,0.0707377722
81120,1.20593333,0.3069571856,0.3058715025,0.3027009484,0.2973749959,0.2898616613,0.2801223888,0.2680759956,0.2535206101,0.2361307750,0.2153497415,0.1898789281,0.1560530541,0.0863060871,,,,,,,,,0.0706947653
81180,1.20590000,0.3066886068,0.3056043080,0.3024377832,0.2971185632,0.2896146364,0.2798873918,0.2678554926,0.2533171752,0.2359470533,0.2151883400,0.1897427914,0.1559460849,0.0861936103,,,,,,,,,0.0706519273
81240,1.20586667,0.3064206011,0.3053376832,0.3021751780,0.2968626740,0.2893681325,0.2796528871,0.2676354475,0.2531141581,0.2357637037,0.2150272598,0.1896069193,0.1558393170,0.0860812926,,,,,,,,,0.0706092399
81300,1.20583333,0.3061531667,0.3050716264,0.3019131309,0.2966073268,0.2891221480,0.2794188731,0.2674158589,0.2529115575,0.2355807251,0.2148664999,0.1894713112,0.1557327501,0.0859691274,,,,,,,,,0.0705666942
81360,1.20580000,0.3058863020,0.3048061359,0.3016516405,0.2963525201,0.2888766814,0.2791853485,0.2671967254,0.2527093722,0.2353981165,0.2147060593,0.1893359663,0.1556263836,0.0858571107,,,,,,,,,0.0705242850
81420,1.20576667,0.3056200052,0.3045412100,0.3013907050,0.2960982522,0.2886317312,0.2789523117,0.2669780457,0.2525076010,0.2352158768,0.2145459373,0.1892008839,0.1555202171,0.0857452396,,,,,,,,,0.0704820090
81480,1.20573333,0.3053542747,0.3042768471,0.3011303228,0.2958445214,0.2883872958,0.2787197613,0.2667598185,0.2523062427,0.2350340048,0.2143861328,0.1890660632,0.1554142502,0.0856335122,,,,,,,,,0.0704398637
81540,1.20570000,0.3050891087,0.3040130454,0.3008704922,0.2955913263,0.2881433738,0.2784876960,0.2665420425,0.2521052962,0.2348524997,0.2142266449,0.1889315034,0.1553084823,0.0855219271,,,,,,,,,0.0703978472
81600,1.20566667,0.3048245057,0.3037498033,0.3006112116,0.2953386652,0.2878999635,0.2782561143,0.2663247163,0.2519047601,0.2346713602,0.2140674727,0.1887972039,0.1552029131,0.0854104832,,,,,,,,,0.0703559582
81660,1.20563333,0.3045604638,0.3034871192,0.3003524795,0.2950865366,0.2876570636,0.2780250147,0.2661078386,0.2517046333,0.2344905854,0.2139086154,0.1886631639,0.1550975418,0.0852991793,,,,,,,,,0.0703141954
81720,1.20560000,0.3042969816,0.3032249914,0.3000942941,0.2948349389,0.2874146724,0.2777943958,0.2658914081,0.2515049147,0.2343101742,0.2137500720,0.1885293827,0.1549923682,0.0851880149,,,,,,,,,0.0702725577
81780,1.20556667,0.3040340573,0.3029634182,0.2998366538,0.2945838705,0.2871727886,0.2775642563,0.2656754235,0.2513056030,0.2341301255,0.2135918415,0.1883958595,0.1548873916,0.0850769893,,,,,,,,,0.0702310444
81840,1.20553333,0.3037716892,0.3027023980,0.2995795571,0.2943333298,0.2869314106,0.2773345948,0.2654598835,0.2511066970,0.2339504382,0.2134339232,0.1882625936,0.1547826115,0.0849661017,,,,,,,,,0.0701896544
81900,1.20550000,0.3035098757,0.3024419292,0.2993230023,0.2940833154,0.2866905369,0.2771054097,0.2652447868,0.2509081956,0.2337711114,0.2132763161,0.1881295844,0.1546780273,0.0848553518,,,,,,,,,0.0701483872
81960,1.20546667,0.3032486152,0.3021820101,0.2990669878,0.2938338256,0.2864501660,0.2768766999,0.2650301322,0.2507100976,0.2335921441,0.2131190194,0.1879968311,0.1545736386,0.0847447391,,,,,,,,,0.0701072419
82020,1.20543333,0.3029879061,0.3019226391,0.2988115121,0.2935848589,0.2862102965,0.2766484637,0.2648159183,0.2505124019,0.2334135350,0.2129620321,0.1878643330,0.1544694447,0.0846342631,,,,,,,,,0.0700662180
82080,1.20540000,0.3027277467,0.3016638147,0.2985565735,0.2933364138,0.2859709270,0.2764207000,0.2646021438,0.2503151072,0.2332352834,0.2128053533,0.1877320893,0.1543654451,0.0845239234,,,,,,,,,0.0700253148
82140,1.20536667,0.3024681354,0.3014055351,0.2983021705,0.2930884887,0.2857320558,0.2761934072,0.2643888075,0.2501182125,0.2330573880,0.2126489822,0.1876000995,0.1542616393,0.0844137197,,,,,,,,,0.0699845318
82200,1.20533333,0.3022090705,0.3011477988,0.2980483015,0.2928410822,0.2854936817,0.2759665841,0.2641759081,0.2499217164,0.2328798479,0.2124929180,0.1874683627,0.1541580266,0.0843036515,,,,,,,,,0.0699438683
82260,1.20530000,0.3019505506,0.3008906042,0.2977949649,0.2925941926,0.2852558030,0.2757402292,0.2639634443,0.2497256180,0.2327026621,0.2123371597,0.1873368783,0.1540546066,0.0841937186,,,,,,,,,0.0699033239
82320,1.20526667,0.3016925739,0.3006339497,0.2975421592,0.2923478185,0.2850184185,0.2755143412,0.2637514149,0.2495299161,0.2325258296,0.2121817065,0.1872056455,0.1539513787,0.0840839207,,,,,,,,,0.0698628979
82380,1.20523333,0.3014351388,0.3003778337,0.2972898828,0.2921019584,0.2847815265,0.2752889187,0.2635398186,0.2493346095,0.2323493493,0.2120265574,0.1870746637,0.1538483423,0.0839742574,,,,,,,,,0.0698225900
82440,1.20520000,0.3011782439,0.3001222546,0.2970381341,0.2918566107,0.2845451258,0.2750639604,0.2633286541,0.2491396970,0.2321732202,0.2118717118,0.1869439322,0.1537454969,0.0838647284,,,,,,,,,0.0697823995
82500,1.20516667,0.3009218874,0.2998672109,0.2967869116,0.2916117740,0.2843092148,0.2748394649,0.2631179203,0.2489451776,0.2319974414,0.2117171686,0.1868134503,0.1536428419,0.0837553334,,,,,,,,,0.0697423261
82560,1.20513333,0.3006660679,0.2996127010,0.2965362138,0.2913674468,0.2840737922,0.2746154308,0.2629076158,0.2487510501,0.2318220117,0.2115629270,0.1866832172,0.1535403768,0.0836460721,,,,,,,,,0.0697023691
82620,1.20510000,0.3004107837,0.2993587232,0.2962860391,0.2911236275,0.2838388564,0.2743918570,0.2626977395,0.2485573134,0.2316469304,0.2114089863,0.1865532323,0.1534381010,0.0835369444,,,,,,,,,0.0696625282
82680,1.20506667,0.3001560332,0.2991052761,0.2960363860,0.2908803147,0.2836044062,0.2741687419,0.2624882900,0.2483639663,0.2314721962,0.2112553455,0.1864234950,0.1533360139,0.0834279498,,,,,,,,,0.0696228029
82740,1.20503333,0.2999018150,0.2988523581,0.2957872529,0.2906375070,0.2833704400,0.2739460843,0.2622792661,0.2481710078,0.2312978083,0.2111020037,0.1862940044,0.1532341152,0.0833190882,,,,,,,,,0.0695831926
82800,1.20500000,0.2996481274,0.2985999677,0.2955386384,0.2903952028,0.2831369565,0.2737238828,0.2620706667,0.2479784367,0.2311237657,0.2109489603,0.1861647599,0.1531324040,0.0832103592,,,,,,,,,0.0695436971
82860,1.20500000,0.2993949794,0.2983481761,0.2952907956,0.2901539496,0.2829049050,0.2735035932,0.2618646652,0.2477892936,0.2309541518,0.2108017760,0.1860436083,0.1530430127,0.0831703428,,,,,,,,,0.0695040328
82920,1.20500000,0.2991423728,0.2980969226,0.2950434813,0.2899132090,0.2826733438,0.2732837656,0.2616590919,0.2476005392,0.2307848814,0.2106548846,0.1859226928,0.1529537916,0.0831303667,,,,,,,,,0.0694643940
82980,1.20500000,0.2988903061,0.2978462057,0.2947966939,0.2896729793,0.2824422715,0.2730643988,0.2614539455,0.2474121723,0.2306159536,0.2105082854,0.1858020126,0.1528647402,0.0830904559,,,,,,,,,0.0694248324
83040,1.20500000,0.2986387776,0.2975960237,0.2945504318,0.2894332592,0.2822116865,0.2728454914,0.2612492248,0.2472241917,0.2304473675,0.2103619775,0.1856815671,0.1527758579,0.0830506220,,,,,,,,,0.0693853644
83100,1.20500000,0.2983877856,0.2973463749,0.2943046936,0.2891940469,0.2819815875,0.2726270420,0.2610449285,0.2470365964,0.2302791219,0.2102159599,0.1855613556,0.1526871441,0.0830108709,,,,,,,,,0.0693459974
83160,1.20500000,0.2981373287,0.2970972579,0.2940594776,0.2889553411,0.2817519730,0.2724090492,0.2608410553,0.2468493852,0.2301112160,0.2100702320,0.1854413774,0.1525985984,0.0829712059,,,,,,,,,0.0693067352
83220,1.20500000,0.2978874051,0.2968486711,0.2938147822,0.2887171402,0.2815228415,0.2721915117,0.2606376040,0.2466625569,0.2299436486,0.2099247929,0.1853216319,0.1525102201,0.0829316291,,,,,,,,,0.0692675801
83280,1.20500000,0.2976380133,0.2966006127,0.2935706059,0.2884794427,0.2812941916,0.2719744282,0.2604345734,0.2464761106,0.2297764189,0.2097796417,0.1852021185,0.1524220086,0.0828921417,,,,,,,,,0.0692285336
83340,1.20500000,0.2973891516,0.2963530813,0.2933269471,0.2882422470,0.2810660218,0.2717577972,0.2602319622,0.2462900449,0.2296095259,0.2096347776,0.1850828363,0.1523339634,0.0828527445,,,,,,,,,0.0691895964
83400,1.20500000,0.2971408186,0.2961060752,0.2930838043,0.2880055518,0.2808383309,0.2715416175,0.2600297691,0.2461043589,0.2294429686,0.2094901997,0.1849637849,0.1522460839,0.0828134381,,,,,,,,,0.0691507691
83460,1.20500000,0.2968930125,0.2958595929,0.2928411760,0.2877693555,0.2806111172,0.2713258877,0.2598279930,0.2459190515,0.2292767460,0.2093459074,0.1848449635,0.1521583696,0.0827742226,,,,,,,,,0.0691120518
83520,1.20500000,0.2966457319,0.2956136329,0.2925990606,0.2875336566,0.2803843794,0.2711106065,0.2596266327,0.2457341214,0.2291108571,0.2092018997,0.1847263714,0.1520708201,0.0827350983,,,,,,,,,0.0690734449
83580,1.20500000,0.2963989752,0.2953681935,0.2923574566,0.2872984536,0.2801581162,0.2708957726,0.2594256868,0.2455495677,0.2289453010,0.2090581759,0.1846080080,0.1519834347,0.0826960651,,,,,,,,,0.0690349481
83640,1.20500000,0.2961527407,0.2951232733,0.2921163624,0.2870637452,0.2799323260,0.2706813847,0.2592251543,0.2453653892,0.2287800767,0.2089147351,0.1844898727,0.1518962130,0.0826571231,,,,,,,,,0.0689965615
83700,1.20500000,0.2959070270,0.2948788706,0.2918757766,0.2868295297,0.2797070075,0.2704674414,0.2590250338,0.2451815848,0.2286151834,0.2087715765,0.1843719647,0.1518091545,0.0826182721,,,,,,,,,0.0689582850
83760,1.20500000,0.2956618325,0.2946349839,0.2916356976,0.2865958057,0.2794821593,0.2702539414,0.2588253242,0.2449981535,0.2284506199,0.2086286993,0.1842542835,0.1517222588,0.0825795120,,,,,,,,,0.0689201183
83820,1.20500000,0.2954171556,0.2943916118,0.2913961239,0.2863625718,0.2792577800,0.2700408834,0.2586260243,0.2448150941,0.2282863854,0.2084861027,0.1841368283,0.1516355254,0.0825408427,,,,,,,,,0.0688820612
83880,1.20500000,0.2951729948,0.2941487526,0.2911570541,0.2861298266,0.2790338682,0.2698282661,0.2584271328,0.2446324056,0.2281224789,0.2083437859,0.1840195985,0.1515489538,0.0825022640,,,,,,,,,0.0688441135
83940,1.20500000,0.2949293486,0.2939064048,0.2909184865,0.2858975685,0.2788104225,0.2696160883,0.2582286486,0.2444500869,0.2279588994,0.2082017481,0.1839025935,0.1514625436,0.0824637756,,,,,,,,,0.0688062749
84000,1.20500000,0.2946862154,0.2936645669,0.2906804198,0.2856657962,0.2785874416,0.2694043486,0.2580305706,0.2442681369,0.2277956462,0.2080599886,0.1837858127,0.1513762943,0.0824253773,,,,,,,,,0.0687685452
84060,1.20500000,0.2944435937,0.2934232374,0.2904428525,0.2854345082,0.2783649241,0.2691930458,0.2578328974,0.2440865546,0.2276327181,0.2079185064,0.1836692553,0.1512902055,0.0823870689,,,,,,,,,0.0687309239
84120,1.20500000,0.2942014820,0.2931824148,0.2902057830,0.2852037030,0.2781428686,0.2689821785,0.2576356279,0.2439053389,0.2274701142,0.2077773009,0.1835529207,0.1512042768,0.0823488502,,,,,,,,,0.0686934109
84180,1.20500000,0.2939598788,0.2929420976,0.2899692100,0.2849733793,0.2779212738,0.2687717455,0.2574387610,0.2437244888,0.2273078337,0.2076363712,0.1834368084,0.1511185076,0.0823107208,,,,,,,,,0.0686560058
84240,1.20500000,0.2937187826,0.2927022843,0.2897331318,0.2847435356,0.2777001383,0.2685617456,0.2572422954,0.2435440031,0.2271458756,0.2074957166,0.1833209176,0.1510328976,0.0822726805,,,,,,,,,0.0686187082
84300,1.20500000,0.2934781919,0.2924629734,0.2894975471,0.2845141705,0.2774794607,0.2683521773,0.2570462301,0.2433638808,0.2269842390,0.2073553363,0.1832052477,0.1509474463,0.0822347290,,,,,,,,,0.0685815179
84360,1.20500000,0.2932381051,0.2922241634,0.2892624544,0.2842852825,0.2772592398,0.2681430396,0.2568505638,0.2431841209,0.2268229230,0.2072152294,0.1830897982,0.1508621533,0.0821968660,,,,,,,,,0.0685444344
84420,1.20500000,0.2929985208,0.2919858528,0.2890278523,0.2840568704,0.2770394741,0.2679343311,0.2566552954,0.2430047224,0.2266619265,0.2070753952,0.1829745684,0.1507770181,0.0821590913,,,,,,,,,0.0685074575
84480,1.20500000,0.2927594375,0.2917480402,0.2887937393,0.2838289327,0.2768201624,0.2677260506,0.2564604237,0.2428256841,0.2265012489,0.2069358330,0.1828595576,0.1506920404,0.0821214045,,,,,,,,,0.0684705868
84540,1.20500000,0.2925208537,0.2915107241,0.2885601139,0.2836014679,0.2766013033,0.2675181969,0.2562659476,0.2426470051,0.2263408890,0.2067965419,0.1827447653,0.1506072197,0.0820838054,,,,,,,,,0.0684338219
84600,1.20500000,0.2922827679,0.2912739029,0.2883269748,0.2833744748,0.2763828955,0.2673107686,0.2560718660,0.2424686844,0.2261808460,0.2066575212,0.1826301908,0.1505225556,0.0820462937,,,,,,,,,0.0683971625
84660,1.20496667,0.2920451689,0.2910375055,0.2880940755,0.2831474234,0.2761640217,0.2671023601,0.2558760793,0.2422877829,0.2260171695,0.2065133834,0.1825082164,0.1504262355,0.0819408971,,,,,,,,,0.0683608794
84720,1.20493333,0.2918080520,0.2908015874,0.2878616475,0.2829208296,0.2759455867,0.2668943665,0.2556806789,0.2421072344,0.2258538078,0.2063695177,0.1823864667,0.1503300865,0.0818356775,,,,,,,,,0.0683247841
84780,1.20490000,0.2915714157,0.2905661471,0.2876296892,0.2826946921,0.2757275893,0.2666867866,0.2554856637,0.2419270377,0.2256907599,0.2062259235,0.1822649411,0.1502341082,0.0817306113,,,,,,,,,0.0682888266
84840,1.20486667,0.2913352587,0.2903311833,0.2873981994,0.2824690097,0.2755100283,0.2664796192,0.2552910326,0.2417471919,0.2255280251,0.2060825999,0.1821436390,0.1501383002,0.0816256871,,,,,,,,,0.0682529909
84900,1.20483333,0.2910995797,0.2900966948,0.2871671767,0.2822437810,0.2752929023,0.2662728633,0.2550967845,0.2415676961,0.2253656024,0.2059395463,0.1820225599,0.1500426621,0.0815208989,,,,,,,,,0.0682172694
84960,1.20480000,0.2908643772,0.2898626800,0.2869366198,0.2820190048,0.2750762102,0.2660665176,0.2549029184,0.2413885492,0.2252034910,0.2057967619,0.1819017030,0.1499471934,0.0814162430,,,,,,,,,0.0681816578
85020,1.20476667,0.2906296499,0.2896291377,0.2867065274,0.2817946797,0.2748599508,0.2658605810,0.2547094331,0.2412097502,0.2250416900,0.2056542459,0.1817810678,0.1498518939,0.0813117171,,,,,,,,,0.0681461531
85080,1.20473333,0.2903953965,0.2893960666,0.2864768982,0.2815708045,0.2746441227,0.2656550522,0.2545163277,0.2410312983,0.2248801986,0.2055119977,0.1816606537,0.1497567632,0.0812073195,,,,,,,,,0.0681107535
85140,1.20470000,0.2901616156,0.2891634652,0.2862477308,0.2813473779,0.2744287248,0.2654499303,0.2543236010,0.2408531924,0.2247190158,0.2053700164,0.1815404601,0.1496618008,0.0811030488,,,,,,,,,0.0680754574
85200,1.20466667,0.2899283059,0.2889313323,0.2860190240,0.2811243987,0.2742137559,0.2652452140,0.2541312520,0.2406754315,0.2245581409,0.2052283014,0.1814204863,0.1495670064,0.0809989041,,,,,,,,,0.0680402636
85260,1.20463333,0.2896954660,0.2886996664,0.2857907763,0.2809018655,0.2739992148,0.2650409021,0.2539392796,0.2404980148,0.2243975731,0.2050868519,0.1813007319,0.1494723795,0.0808948846,,,,,,,,,0.0680051712
85320,1.20460000,0.2894630946,0.2884684664,0.2855629866,0.2806797771,0.2737851003,0.2648369937,0.2537476828,0.2403209412,0.2242373113,0.2049456672,0.1811811962,0.1493779199,0.0807909897,,,,,,,,,0.0679701792
85380,1.20456667,0.2892311903,0.2882377308,0.2853356535,0.2804581323,0.2735714110,0.2646334874,0.2535564605,0.2401442099,0.2240773549,0.2048047466,0.1810618786,0.1492836269,0.0806872187,,,,,,,,,0.0679352870
85440,1.20453333,0.2889997519,0.2880074584,0.2851087758,0.2802369298,0.2733581460,0.2644303822,0.2533656117,0.2399678198,0.2239177029,0.2046640893,0.1809427786,0.1491895003,0.0805835712,,,,,,,,,0.0679004939
85500,1.20450000,0.2887687780,0.2877776478,0.2848823520,0.2800161683,0.2731453039,0.2642276770,0.2531751353,0.2397917700,0.2237583546,0.2045236946,0.1808238955,0.1490955396,0.0804800468,,,,,,,,,0.0678657994
85560,1.20446667,0.2885382673,0.2875482977,0.2846563811,0.2797958467,0.2729328836,0.2640253707,0.2529850304,0.2396160595,0.2235993091,0.2043835618,0.1807052288,0.1490017443,0.0803766451,,,,,,,,,0.0678312028
85620,1.20443333,0.2883082185,0.2873194069,0.2844308616,0.2795759636,0.2727208838,0.2638234620,0.2527952958,0.2394406875,0.2234405655,0.2042436903,0.1805867780,0.1489081140,0.0802733657,,,,,,,,,0.0677967037
85680,1.20440000,0.2880786303,0.2870909739,0.2842057923,0.2793565178,0.2725093035,0.2636219500,0.2526059305,0.2392656530,0.2232821230,0.2041040792,0.1804685424,0.1488146483,0.0801702082,,,,,,,,,0.0677623016
85740,1.20436667,0.2878495013,0.2868629976,0.2839811719,0.2791375081,0.2722981414,0.2634208335,0.2524169335,0.2390909550,0.2231239809,0.2039647279,0.1803505214,0.1487213467,0.0800671724,,,,,,,,,0.0677279960
85800,1.20433333,0.2876208304,0.2866354767,0.2837569992,0.2789189333,0.2720873963,0.2632201114,0.2522283039,0.2389165927,0.2229661382,0.2038256356,0.1802327146,0.1486282088,0.0799642579,,,,,,,,,0.0676937864
85860,1.20430000,0.2873926161,0.2864084098,0.2835332729,0.2787007921,0.2718770672,0.2630197826,0.2520400405,0.2387425650,0.2228085942,0.2036868017,0.1801151213,0.1485352341,0.0798614645,,,,,,,,,0.0676596725
85920,1.20426667,0.2871648572,0.2861817957,0.2833099918,0.2784830834,0.2716671527,0.2628198460,0.2518521423,0.2385688712,0.2226513480,0.2035482255,0.1799977410,0.1484424222,0.0797587919,,,,,,,,,0.0676256539
85980,1.20423333,0.2869375524,0.2859556330,0.2830871545,0.2782658059,0.2714576518,0.2626203005,0.2516646084,0.2383955101,0.2224943988,0.2034099063,0.1798805731,0.1483497726,0.0796562399,,,,,,,,,0.0675917301
86040,1.20420000,0.2867107005,0.2857299206,0.2828647599,0.2780489583,0.2712485633,0.2624211450,0.2514774376,0.2382224811,0.2223377459,0.2032718433,0.1797636170,0.1482572849,0.0795538081,,,,,,,,,0.0675579007
86100,1.20416667,0.2864843001,0.2855046572,0.2826428067,0.2778325396,0.2710398861,0.2622223784,0.2512906291,0.2380497830,0.2221813884,0.2031340360,0.1796468722,0.1481649586,0.0794514964,,,,,,,,,0.0675241654
86160,1.20413333,0.2862583500,0.2852798415,0.2824212936,0.2776165484,0.2708316189,0.2620239997,0.2511041819,0.2378774150,0.2220253254,0.2029964835,0.1795303381,0.1480727934,0.0793493045,,,,,,,,,0.0674905237
86220,1.20410000,0.2860328490,0.2850554722,0.2822002195,0.2774009837,0.2706237607,0.2618260078,0.2509180948,0.2377053763,0.2218695562,0.2028591852,0.1794140142,0.1479807887,0.0792472322,,,,,,,,,0.0674569754
86280,1.20406667,0.2858077957,0.2848315480,0.2819795830,0.2771858441,0.2704163104,0.2616284016,0.2507323670,0.2375336659,0.2217140801,0.2027221404,0.1792978999,0.1478889442,0.0791452792,,,,,,,,,0.0674235200
86340,1.20403333,0.2855831888,0.2846080678,0.2817593830,0.2769711286,0.2702092666,0.2614311799,0.2505469973,0.2373622828,0.2215588961,0.2025853485,0.1791819946,0.1477972593,0.0790434454,,,,,,,,,0.0673901572
86400,1.20400000,0.2853590273,0.2843850303,0.2815396183,0.2767568359,0.2700026285,0.2612343419,0.2503619849,0.2371912263,0.2214040035,0.2024488087,0.1790662978,0.1477057337,0.0789417304,,,,,,,,,0.0673568867
86460,1.20400000,0.2851353190,0.2841625015,0.2813205238,0.2765434751,0.2697972796,0.2610392441,0.2501793591,0.2370233408,0.2212532312,0.2023177519,0.1789582220,0.1476258956,0.0789075398,,,,,,,,,0.0673234477
86520,1.20400000,0.2849120658,0.2839404250,0.2811018737,0.2763305453,0.2695923433,0.2608445353,0.2499970941,0.2368557832,0.2211027491,0.2021869428,0.1788503460,0.1475462014,0.0788733727,,,,,,,,,0.0672900221
86580,1.20400000,0.2846892663,0.2837187995,0.2808836666,0.2761180454,0.2693878183,0.2606502146,0.2498151889,0.2366885526,0.2209525564,0.2020563807,0.1787426691,0.1474666505,0.0788392553,,,,,,,,,0.0672566566
86640,1.20400000,0.2844669193,0.2834976237,0.2806659013,0.2759059740,0.2691837036,0.2604562808,0.2496336425,0.2365216479,0.2208026523,0.2019260650,0.1786351909,0.1473872425,0.0788051989,,,,,,,,,0.0672233657
86700,1.20400000,0.2842450234,0.2832768963,0.2804485764,0.2756943299,0.2689799979,0.2602627328,0.2494524539,0.2363550684,0.2206530359,0.2017959950,0.1785279109,0.1473079771,0.0787712089,,,,,,,,,0.0671901556
86760,1.20400000,0.2840235773,0.2830566160,0.2802316908,0.2754831120,0.2687767001,0.2600695695,0.2492716221,0.2361888131,0.2205037066,0.2016661700,0.1784208284,0.1472288537,0.0787372884,,,,,,,,,0.0671570298
86820,1.20400000,0.2838025798,0.2828367815,0.2800152432,0.2752723189,0.2685738090,0.2598767898,0.2490911461,0.2360228811,0.2203546634,0.2015365893,0.1783139430,0.1471498719,0.0787034392,,,,,,,,,0.0671239902
86880,1.20400000,0.2835820295,0.2826173917,0.2797992323,0.2750619495,0.2683713234,0.2596843926,0.2489110248,0.2358572715,0.2202059056,0.2014072524,0.1782072541,0.1470710312,0.0786696625,,,,,,,,,0.0670910381
86940,1.20400000,0.2833619252,0.2823984450,0.2795836568,0.2748520026,0.2681692422,0.2594923768,0.2487312574,0.2356919833,0.2200574324,0.2012781584,0.1781007611,0.1469923312,0.0786359590,,,,,,,,,0.0670581741
87000,1.20400000,0.2831422656,0.2821799404,0.2793685156,0.2746424769,0.2679675642,0.2593007414,0.2485518427,0.2355270157,0.2199092430,0.2011493067,0.1779944636,0.1469137715,0.0786023291,,,,,,,,,0.0670253986
87060,1.20400000,0.2829230493,0.2819618765,0.2791538073,0.2744333712,0.2677662884,0.2591094853,0.2483727797,0.2353623678,0.2197613366,0.2010206967,0.1778883610,0.1468353515,0.0785687731,,,,,,,,,0.0669927121
87120,1.20400000,0.2827042752,0.2817442521,0.2789395308,0.2742246844,0.2675654134,0.2589186073,0.2481940676,0.2351980387,0.2196137124,0.2008923277,0.1777824528,0.1467570709,0.0785352912,,,,,,,,,0.0669601144
87180,1.20400000,0.2824859420,0.2815270659,0.2787256847,0.2740164153,0.2673649383,0.2587281065,0.2480157053,0.2350340275,0.2194663697,0.2007641991,0.1776767384,0.1466789294,0.0785018834,,,,,,,,,0.0669276058
87240,1.20400000,0.2822680483,0.2813103166,0.2785122679,0.2738085626,0.2671648618,0.2585379818,0.2478376917,0.2348703333,0.2193193077,0.2006363102,0.1775712173,0.1466009264,0.0784685497,,,,,,,,,0.0668951860
87300,1.20400000,0.2820505930,0.2810940031,0.2782992791,0.2736011251,0.2669651829,0.2583482320,0.2476600261,0.2347069553,0.2191725256,0.2005086603,0.1774658890,0.1465230616,0.0784352902,,,,,,,,,0.0668628552
87360,1.20400000,0.2818335748,0.2808781240,0.2780867172,0.2733941018,0.2667659004,0.2581588562,0.2474827072,0.2345438925,0.2190260226,0.2003812488,0.1773607529,0.1464453346,0.0784021046,,,,,,,,,0.0668306130
87420,1.20400000,0.2816169924,0.2806626781,0.2778745808,0.2731874914,0.2665670131,0.2579698532,0.2473057343,0.2343811440,0.2188797980,0.2002540750,0.1772558085,0.1463677451,0.0783689929,,,,,,,,,0.0667984594
87480,1.20400000,0.2814008446,0.2804476642,0.2776628688,0.2729812927,0.2663685200,0.2577812221,0.2471291063,0.2342187091,0.2187338509,0.2001271383,0.1771510553,0.1462902926,0.0783359550,,,,,,,,,0.0667663941
87540,1.20400000,0.2811851302,0.2802330810,0.2774515800,0.2727755045,0.2661704199,0.2575929618,0.2469528222,0.2340565867,0.2185881807,0.2000004381,0.1770464928,0.1462129769,0.0783029906,,,,,,,,,0.0667344171
87600,1.20400000,0.2809698478,0.2800189274,0.2772407131,0.2725701258,0.2659727118,0.2574050712,0.2467768811,0.2338947762,0.2184427866,0.1998739736,0.1769421204,0.1461357975,0.0782700997,,,,,,,,,0.0667025279
87660,1.20400000,0.2807549964,0.2798052020,0.2770302670,0.2723651553,0.2657753945,0.2572175493,0.2466012821,0.2337332765,0.2182976678,0.1997477443,0.1768379376,0.1460587540,0.0782372820,,,,,,,,,0.0666707265
87720,1.20400000,0.2805405746,0.2795919037,0.2768202404,0.2721605919,0.2655784669,0.2570303951,0.2464260241,0.2335720868,0.2181528235,0.1996217495,0.1767339439,0.1459818462,0.0782045374,,,,,,,,,0.0666390125
87780,1.20400000,0.2803265812,0.2793790313,0.2766106323,0.2719564344,0.2653819279,0.2568436075,0.2462511063,0.2334112064,0.2180082530,0.1994959886,0.1766301388,0.1459050737,0.0781718656,,,,,,,,,0.0666073858
87840,1.20400000,0.2801130151,0.2791665835,0.2764014413,0.2717526816,0.2651857765,0.2566571855,0.2460765276,0.2332506342,0.2178639556,0.1993704609,0.1765265218,0.1458284360,0.0781392665,,,,,,,,,0.0665758461
87900,1.20400000,0.2798998749,0.2789545591,0.2761926663,0.2715493325,0.2649900114,0.2564711281,0.2459022871,0.2330903695,0.2177199304,0.1992451658,0.1764230924,0.1457519329,0.0781067397,,,,,,,,,0.0665443930
87960,1.20400000,0.2796871596,0.2787429570,0.2759843062,0.2713463859,0.2647946317,0.2562854342,0.2457283839,0.2329304114,0.2175761768,0.1991201027,0.1763198500,0.1456755640,0.0780742853,,,,,,,,,0.0665130264
88020,1.20400000,0.2794748678,0.2785317760,0.2757763597,0.2711438407,0.2645996363,0.2561001028,0.2455548171,0.2327707591,0.2174326940,0.1989952709,0.1762167941,0.1455993290,0.0780419028,,,,,,,,,0.0664817460
88080,1.20400000,0.2792629984,0.2783210147,0.2755688257,0.2709416956,0.2644050240,0.2559151330,0.2453815857,0.2326114117,0.2172894813,0.1988706698,0.1761139243,0.1455232275,0.0780095921,,,,,,,,,0.0664505515
88140,1.20400000,0.2790515501,0.2781106722,0.2753617030,0.2707399497,0.2642107939,0.2557305236,0.2452086887,0.2324523683,0.2171465379,0.1987462988,0.1760112401,0.1454472592,0.0779773529,,,,,,,,,0.0664194427
88200,1.20400000,0.2788405219,0.2779007471,0.2751549904,0.2705386017,0.2640169447,0.2555462738,0.2450361253,0.2322936282,0.2170038631,0.1986221573,0.1759087409,0.1453714236,0.0779451851,,,,,,,,,0.0663884192
88260,1.20396667,0.2786299037,0.2776911736,0.2749484590,0.2703371581,0.2638226211,0.2553610706,0.2448619312,0.2321324361,0.2168577450,0.1984931674,0.1757992172,0.1452844781,0.0778463502,,,,,,,,,0.0663577305
88320,1.20393333,0.2784196916,0.2774820038,0.2747423246,0.2701361003,0.2636286675,0.2551762176,0.2446880634,0.2319715425,0.2167118936,0.1983644085,0.1756898847,0.1451976785,0.0777476790,,,,,,,,,0.0663272002
88380,1.20390000,0.2782098843,0.2772732367,0.2745365861,0.2699354271,0.2634350831,0.2549917139,0.2445145211,0.2318109466,0.2165663081,0.1982358801,0.1755807429,0.1451110244,0.0776491467,,,,,,,,,0.0662967832
88440,1.20386667,0.2780004809,0.2770648711,0.2743312424,0.2697351376,0.2632418668,0.2548075586,0.2443413035,0.2316506477,0.2164209880,0.1981075816,0.1754717913,0.1450245154,0.0775507424,,,,,,,,,0.0662664656
88500,1.20383333,0.2777914802,0.2768569058,0.2741262924,0.2695352308,0.2630490176,0.2546237506,0.2441684096,0.2314906449,0.2162759324,0.1979795122,0.1753630294,0.1449381513,0.0774524605,,,,,,,,,0.0662362408
88560,1.20380000,0.2775828810,0.2766493399,0.2739217351,0.2693357054,0.2628565345,0.2544402890,0.2439958387,0.2313309375,0.2161311407,0.1978516715,0.1752544567,0.1448519316,0.0773542977,,,,,,,,,0.0662061052
88620,1.20376667,0.2773746824,0.2764421722,0.2737175694,0.2691365607,0.2626644165,0.2542571730,0.2438235897,0.2311715247,0.2159866122,0.1977240588,0.1751460727,0.1447658562,0.0772562519,,,,,,,,,0.0661760563
88680,1.20373333,0.2771668832,0.2762354016,0.2735137942,0.2689377954,0.2624726627,0.2540744016,0.2436516619,0.2310124056,0.2158423462,0.1975966736,0.1750378768,0.1446799247,0.0771583216,,,,,,,,,0.0661460925
88740,1.20370000,0.2769594823,0.2760290271,0.2733104085,0.2687394085,0.2622812720,0.2538919738,0.2434800544,0.2308535796,0.2156983420,0.1974695151,0.1749298688,0.1445941368,0.0770605057,,,,,,,,,0.0661162124
88800,1.20366667,0.2767524786,0.2758230475,0.2731074111,0.2685413991,0.2620902434,0.2537098887,0.2433087664,0.2306950458,0.2155545988,0.1973425829,0.1748220479,0.1445084922,0.0769594415,,,,,,,,,0.0660864153
88860,1.20363333,0.2765458710,0.2756174619,0.2729048011,0.2683437661,0.2618995760,0.2535281454,0.2431377969,0.2305368034,0.2154111161,0.1972158764,0.1747144139,0.1444229906,0.0768450028,,,,,,,,,0.0660567001
88920,1.20360000,0.2763396586,0.2754122690,0.2727025774,0.2681465085,0.2617092689,0.2533467430,0.2429671451,0.2303788517,0.2152678931,0.1970893948,0.1746069661,0.1443376315,0.0767306683,,,,,,,,,0.0660270663
88980,1.20356667,0.2761338401,0.2752074679,0.2725007389,0.2679496253,0.2615193209,0.2531656806,0.2427968103,0.2302211899,0.2151249291,0.1969631378,0.1744997041,0.1442524148,0.0766164375,,,,,,,,,0.0659975133
89040,1.20353333,0.2759284146,0.2750030575,0.2722992846,0.2677531154,0.2613297313,0.2529849572,0.2426267915,0.2300638172,0.2149822235,0.1968371046,0.1743926274,0.1441673400,0.0765023102,,,,,,,,,0.0659680406
89100,1.20350000,0.2757233809,0.2747990367,0.2720982134,0.2675569778,0.2611404989,0.2528045720,0.2424570878,0.2299067329,0.2148397756,0.1967112947,0.1742857356,0.1440824068,0.0763882862,,,,,,,,,0.0659386476
89160,1.20346667,0.2755187380,0.2745954045,0.2718975244,0.2673612116,0.2609516228,0.2526245240,0.2422876985,0.2297499361,0.2146975846,0.1965857075,0.1741790283,0.1439976149,0.0762743651,,,,,,,,,0.0659093339
89220,1.20343333,0.2753144848,0.2743921598,0.2716972164,0.2671658157,0.2607631021,0.2524448123,0.2421186227,0.2295934262,0.2145556500,0.1964603424,0.1740725048,0.1439129638,0.0761605469,,,,,,,,,0.0658800992
89280,1.20340000,0.2751106203,0.2741893016,0.2714972884,0.2669707892,0.2605749359,0.2522654360,0.2419498596,0.2294372024,0.2144139710,0.1963351989,0.1739661648,0.1438284533,0.0760468314,,,,,,,,,0.0658509430
89340,1.20336667,0.2749071434,0.2739868288,0.2712977395,0.2667761309,0.2603871230,0.2520863943,0.2417814084,0.2292812639,0.2142725470,0.1962102763,0.1738600078,0.1437440830,0.0759332183,,,,,,,,,0.0658218651
89400,1.20333333,0.2747040531,0.2737847403,0.2710985686,0.2665818401,0.2601996627,0.2519076862,0.2416132681,0.2291256100,0.2141313773,0.1960855741,0.1737540333,0.1436598525,0.0758197077,,,,,,,,,0.0657928649
89460,1.20330000,0.2745013482,0.2735830352,0.2708997746,0.2663879155,0.2600125540,0.2517293108,0.2414454380,0.2289702399,0.2139904612,0.1959610918,0.1736482409,0.1435757614,0.0757062994,,,,,,,,,0.0657639423
89520,1.20326667,0.2742990279,0.2733817124,0.2707013566,0.2661943564,0.2598257959,0.2515512673,0.2412779173,0.2288151528,0.2138497981,0.1958368287,0.1735426300,0.1434918095,0.0755929933,,,,,,,,,0.0657350968
89580,1.20323333,0.2740970910,0.2731807708,0.2705033135,0.2660011616,0.2596393874,0.2513735548,0.2411107051,0.2286603480,0.2137093873,0.1957127843,0.1734372004,0.1434079963,0.0754797893,,,,,,,,,0.0657063281
89640,1.20320000,0.2738955365,0.2729802095,0.2703056443,0.2658083302,0.2594533277,0.2511961723,0.2409438007,0.2285058249,0.2135692282,0.1955889580,0.1733319514,0.1433243214,0.0753666872,,,,,,,,,0.0656776361
89700,1.20316667,0.2736943634,0.2727800273,0.2701083481,0.2656158612,0.2592676158,0.2510191190,0.2407772031,0.2283515825,0.2134293200,0.1954653493,0.1732268827,0.1432407846,0.0752536871,,,,,,,,,0.0656490202
89760,1.20313333,0.2734935706,0.2725802234,0.2699114237,0.2654237537,0.2590822508,0.2508423941,0.2406109116,0.2281976202,0.2132896622,0.1953419576,0.1731219937,0.1431573855,0.0751407888,,,,,,,,,0.0656204803
89820,1.20310000,0.2732931572,0.2723807966,0.2697148703,0.2652320066,0.2588972317,0.2506659966,0.2404449254,0.2280439373,0.2131502541,0.1952187823,0.1730172840,0.1430741236,0.0750279923,,,,,,,,,0.0655920161
89880,1.20306667,0.2730931220,0.2721817460,0.2695186868,0.2650406191,0.2587125576,0.2504899256,0.2402792437,0.2278905330,0.2130110950,0.1950958229,0.1729127533,0.1429909987,0.0749152974,,,,,,,,,0.0655636273
89940,1.20303333,0.2728934641,0.2719830705,0.2693228722,0.2648495901,0.2585282276,0.2503141804,0.2401138656,0.2277374066,0.2128721842,0.1949730788,0.1728084009,0.1429080104,0.0748027042,,,,,,,,,0.0655353135
90000,1.20300000,0.2726941825,0.2717847691,0.2691274255,0.2646589187,0.2583442408,0.2501387600,0.2399487904,0.2275845573,0.2127335212,0.1948505495,0.1727042265,0.1428251583,0.0746902125,,,,,,,,,0.0655070746
90060,1.20300000,0.2724952843,0.2715869032,0.2689325660,0.2644690805,0.2581614237,0.2499649347,0.2397859212,0.2274346579,0.2125987112,0.1947331747,0.1726072579,0.1427534320,0.0746608712,,,,,,,,,0.0654786704
90120,1.20300000,0.2722967714,0.2713894202,0.2687380828,0.2642796074,0.2579789562,0.2497914393,0.2396233582,0.2272850372,0.2124641482,0.1946160109,0.1725104597,0.1426818282,0.0746315403,,,,,,,,,0.0654502711
90180,1.20300000,0.2720986425,0.2711923191,0.2685439747,0.2640904984,0.2577968374,0.2496182730,0.2394611008,0.2271356943,0.2123298313,0.1944990577,0.1724138314,0.1426103466,0.0746022480,,,,,,,,,0.0654219189
90240,1.20300000,0.2719008968,0.2709955987,0.2683502408,0.2639017525,0.2576150663,0.2494454350,0.2392991479,0.2269866285,0.2121957600,0.1943823143,0.1723173726,0.1425389868,0.0745730051,,,,,,,,,0.0653936265
90300,1.20300000,0.2717035330,0.2707992580,0.2681568800,0.2637133687,0.2574336421,0.2492729243,0.2391374989,0.2268378391,0.2120619337,0.1942657804,0.1722210827,0.1424677485,0.0745438167,,,,,,,,,0.0653653993
90360,1.20300000,0.2715065502,0.2706032961,0.2679638913,0.2635253459,0.2572525636,0.2491007400,0.2389761530,0.2266893253,0.2119283516,0.1941494552,0.1721249615,0.1423966313,0.0745146857,,,,,,,,,0.0653372404
90420,1.20300000,0.2713099472,0.2704077117,0.2677712736,0.2633376833,0.2570718301,0.2489288812,0.2388151092,0.2265410864,0.2117950132,0.1940333383,0.1720290084,0.1423256349,0.0744856137,,,,,,,,,0.0653091515
90480,1.20300000,0.2711137232,0.2702125039,0.2675790259,0.2631503798,0.2568914404,0.2487573471,0.2386543667,0.2263931217,0.2116619177,0.1939174292,0.1719332230,0.1422547588,0.0744566017,,,,,,,,,0.0652811335
90540,1.20300000,0.2709178769,0.2700176717,0.2673871473,0.2629634345,0.2567113938,0.2485861367,0.2384939248,0.2262454303,0.2115290645,0.1938017272,0.1718376048,0.1421840027,0.0744276505,,,,,,,,,0.0652531872
90600,1.20300000,0.2707224073,0.2698232140,0.2671956366,0.2627768463,0.2565316892,0.2484152492,0.2383337826,0.2260980116,0.2113964531,0.1936862319,0.1717421535,0.1421133663,0.0743987603,,,,,,,,,0.0652253128
90660,1.20300000,0.2705273135,0.2696291298,0.2670044930,0.2625906142,0.2563523258,0.2482446838,0.2381739394,0.2259508648,0.2112640827,0.1935709426,0.1716468686,0.1420428491,0.0743699314,,,,,,,,,0.0651975108
90720,1.20300000,0.2703325943,0.2694354180,0.2668137153,0.2624047373,0.2561733026,0.2480744394,0.2380143943,0.2258039893,0.2111319526,0.1934558590,0.1715517496,0.1419724509,0.0743411641,,,,,,,,,0.0651697810
90780,1.20300000,0.2701382488,0.2692420776,0.2666233025,0.2622192147,0.2559946186,0.2479045153,0.2378551465,0.2256573842,0.2110000624,0.1933409803,0.1714567962,0.1419021713,0.0743124584,,,,,,,,,0.0651421237
90840,1.20300000,0.2699442759,0.2690491077,0.2664332538,0.2620340453,0.2558162729,0.2477349106,0.2376961951,0.2255110489,0.2108684113,0.1932263061,0.1713620079,0.1418320100,0.0742838143,,,,,,,,,0.0651145388
90900,1.20300000,0.2697506747,0.2688565071,0.2662435680,0.2618492282,0.2556382647,0.2475656244,0.2375375395,0.2253649826,0.2107369987,0.1931118359,0.1712673842,0.1417619667,0.0742552318,,,,,,,,,0.0650870262
90960,1.20300000,0.2695574439,0.2686642750,0.2660542442,0.2616647624,0.2554605930,0.2473966559,0.2373791789,0.2252191846,0.2106058239,0.1929975691,0.1711729247,0.1416920411,0.0742267108,,,,,,,,,0.0650595858
91020,1.20300000,0.2693645828,0.2684724101,0.2658652813,0.2614806470,0.2552832569,0.2472280042,0.2372211123,0.2250736543,0.2104748864,0.1928835051,0.1710786291,0.1416222328,0.0741982512,,,,,,,,,0.0650322175
91080,1.20300000,0.2691720902,0.2682809117,0.2656766785,0.2612968809,0.2551062554,0.2470596684,0.2370633391,0.2249283908,0.2103441855,0.1927696435,0.1709844968,0.1415525415,0.0741698531,,,,,,,,,0.0650049212
91140,1.20300000,0.2689799651,0.2680897786,0.2654884347,0.2611134634,0.2549295877,0.2468916477,0.2369058584,0.2247833936,0.2102137207,0.1926559838,0.1708905274,0.1414829670,0.0741415161,,,,,,,,,0.0649776967
91200,1.20300000,0.2687882066,0.2678990098,0.2653005489,0.2609303933,0.2547532528,0.2467239412,0.2367486695,0.2246386617,0.2100834911,0.1925425253,0.1707967206,0.1414135090,0.0741132403,,,,,,,,,0.0649505439
91260,1.20300000,0.2685968135,0.2677086044,0.2651130201,0.2607476697,0.2545772500,0.2465565481,0.2365917715,0.2244941947,0.2099534963,0.1924292676,0.1707030758,0.1413441671,0.0740850254,,,,,,,,,0.0649234625
91320,1.20300000,0.2684057850,0.2675185614,0.2649258474,0.2605652918,0.2544015781,0.2463894675,0.2364351637,0.2243499917,0.2098237357,0.1923162102,0.1706095928,0.1412749411,0.0740568713,,,,,,,,,0.0648964524
91380,1.20300000,0.2682151201,0.2673288797,0.2647390298,0.2603832586,0.2542262364,0.2462226987,0.2362788454,0.2242060521,0.2096942085,0.1922033525,0.1705162709,0.1412058307,0.0740287779,,,,,,,,,0.0648695134
91440,1.20300000,0.2680248176,0.2671395584,0.2645525664,0.2602015691,0.2540512240,0.2460562407,0.2361228157,0.2240623751,0.2095649143,0.1920906940,0.1704231099,0.1411368355,0.0740007450,,,,,,,,,0.0648426454
91500,1.20300000,0.2678348768,0.2669505965,0.2643664561,0.2600202223,0.2538765399,0.2458900927,0.2359670739,0.2239189601,0.2094358524,0.1919782342,0.1703301093,0.1410679554,0.0739727725,,,,,,,,,0.0648158480
91560,1.20300000,0.2676452964,0.2667619931,0.2641806981,0.2598392175,0.2537021833,0.2457242539,0.2358116191,0.2237758064,0.2093070221,0.1918659725,0.1702372688,0.1409991900,0.0739448601,,,,,,,,,0.0647891211
91620,1.20300000,0.2674560757,0.2665737471,0.2639952913,0.2596585536,0.2535281534,0.2455587235,0.2356564507,0.2236329132,0.2091784229,0.1917539085,0.1701445877,0.1409305390,0.0739170077,,,,,,,,,0.0647624645
91680,1.20300000,0.2672672135,0.2663858575,0.2638102348,0.2594782297,0.2533544491,0.2453935006,0.2355015679,0.2234902799,0.2090500541,0.1916420417,0.1700520659,0.1408620021,0.0738892152,,,,,,,,,0.0647358780
91740,1.20300000,0.2670787090,0.2661983235,0.2636255276,0.2592982449,0.2531810697,0.2452285844,0.2353469699,0.2233479058,0.2089219153,0.1915303715,0.1699597028,0.1407935791,0.0738614823,,,,,,,,,0.0647093614
91800,1.20300000,0.2668905611,0.2660111440,0.2634411689,0.2591185983,0.2530080142,0.2450639741,0.2351926559,0.2232057902,0.2087940056,0.1914188973,0.1698674980,0.1407252697,0.0738338089,,,,,,,,,0.0646829144
91860,1.20300000,0.2667027689,0.2658243181,0.2632571575,0.2589392889,0.2528352818,0.2448996688,0.2350386252,0.2230639325,0.2086663247,0.1913076189,0.1697754512,0.1406570736,0.0738061949,,,,,,,,,0.0646565369
91920,1.20300000,0.2665153314,0.2656378448,0.2630734928,0.2587603159,0.2526628717,0.2447356678,0.2348848771,0.2229223319,0.2085388718,0.1911965355,0.1696835620,0.1405889905,0.0737786399,,,,,,,,,0.0646302286
91980,1.20300000,0.2663282477,0.2654517232,0.2628901735,0.2585816784,0.2524907828,0.2445719702,0.2347314107,0.2227809878,0.2084116463,0.1910856467,0.1695918298,0.1405210202,0.0737511439,,,,,,,,,0.0646039893
92040,1.20300000,0.2661415168,0.2652659522,0.2627071989,0.2584033754,0.2523190145,0.2444085752,0.2345782254,0.2226398994,0.2082846477,0.1909749520,0.1695002544,0.1404531623,0.0737237066,,,,,,,,,0.0645778188
92100,1.20300000,0.2659551377,0.2650805311,0.2625245681,0.2582254060,0.2521475658,0.2442454821,0.2344253204,0.2224990662,0.2081578754,0.1908644509,0.1694088354,0.1403854166,0.0736963279,,,,,,,,,0.0645517169
92160,1.20300000,0.2657691095,0.2648954587,0.2623422800,0.2580477693,0.2519764359,0.2440826899,0.2342726949,0.2223584874,0.2080313288,0.1907541428,0.1693175722,0.1403177829,0.0736690077,,,,,,,,,0.0645256833
92220,1.20300000,0.2655834312,0.2647107342,0.2621603337,0.2578704645,0.2518056239,0.2439201979,0.2341203482,0.2222181624,0.2079050073,0.1906440274,0.1692264646,0.1402502608,0.0736417456,,,,,,,,,0.0644997178
92280,1.20300000,0.2653981019,0.2645263566,0.2619787284,0.2576934907,0.2516351289,0.2437580054,0.2339682796,0.2220780906,0.2077789103,0.1905341041,0.1691355121,0.1401828500,0.0736145416,,,,,,,,,0.0644738203
92340,1.20300000,0.2652131206,0.2643423250,0.2617974631,0.2575168469,0.2514649501,0.2435961114,0.2338164883,0.2219382711,0.2076530372,0.1904243724,0.1690447144,0.1401155503,0.0735873954,,,,,,,,,0.0644479905
92400,1.20300000,0.2650284865,0.2641586385,0.2616165369,0.2573405322,0.2512950868,0.2434345152,0.2336649737,0.2217987035,0.2075273875,0.1903148317,0.1689540710,0.1400483615,0.0735603069,,,,,,,,,0.0644222282
92460,1.20300000,0.2648441985,0.2639752961,0.2614359489,0.2571645459,0.2511255379,0.2432732160,0.2335137349,0.2216593870,0.2074019605,0.1902054817,0.1688635816,0.1399812832,0.0735332759,,,,,,,,,0.0643965331
92520,1.20300000,0.2646602558,0.2637922969,0.2612556981,0.2569888870,0.2509563027,0.2431122131,0.2333627712,0.2215203209,0.2072767557,0.1900963218,0.1687732457,0.1399143151,0.0735063022,,,,,,,,,0.0643709051
92580,1.20300000,0.2644766573,0.2636096399,0.2610757837,0.2568135545,0.2507873804,0.2429515056,0.2332120819,0.2213815046,0.2071517725,0.1899873516,0.1686830630,0.1398474571,0.0734793857,,,,,,,,,0.0643453439
92640,1.20300000,0.2642934022,0.2634273243,0.2608962048,0.2566385478,0.2506187700,0.2427910927,0.2330616663,0.2212429375,0.2070270104,0.1898785705,0.1685930331,0.1397807088,0.0734525261,,,,,,,,,0.0643198494
92700,1.20300000,0.2641104896,0.2632453492,0.2607169604,0.2564638658,0.2504504708,0.2426309737,0.2329115237,0.2211046189,0.2069024687,0.1897699781,0.1685031556,0.1397140699,0.0734257232,,,,,,,,,0.0642944212
92760,1.20300000,0.2639279185,0.2630637136,0.2605380497,0.2562895077,0.2502824820,0.2424711478,0.2327616533,0.2209665482,0.2067781469,0.1896615738,0.1684134301,0.1396475403,0.0733989769,,,,,,,,,0.0642690592
92820,1.20300000,0.2637456881,0.2628824165,0.2603594717,0.2561154727,0.2501148027,0.2423116142,0.2326120545,0.2208287246,0.2066540444,0.1895533572,0.1683238562,0.1395811195,0.0733722871,,,,,,,,,0.0642437632
92880,1.20300000,0.2635637973,0.2627014572,0.2601812257,0.2559417599,0.2499474321,0.2421523721,0.2324627264,0.2206911477,0.2065301607,0.1894453279,0.1682344336,0.1395148075,0.0733456534,,,,,,,,,0.0642185329
92940,1.20300000,0.2633822453,0.2625208346,0.2600033106,0.2557683684,0.2497803694,0.2419934208,0.2323136685,0.2205538166,0.2064064951,0.1893374853,0.1681451619,0.1394486038,0.0733190759,,,,,,,,,0.0641933682
93000,1.20300000,0.2632010312,0.2623405480,0.2598257256,0.2555952973,0.2496136137,0.2418347595,0.2321648800,0.2204167308,0.2062830472,0.1892298289,0.1680560407,0.1393825082,0.0732925541,,,,,,,,,0.0641682688
93060,1.20300000,0.2630201541,0.2621605963,0.2596484698,0.2554225458,0.2494471642,0.2416763875,0.2320163601,0.2202798896,0.2061598163,0.1891223584,0.1679670696,0.1393165205,0.0732660881,,,,,,,,,0.0641432345
93120,1.20300000,0.2628396130,0.2619809787,0.2594715424,0.2552501132,0.2492810202,0.2415183038,0.2318681082,0.2201432925,0.2060368020,0.1890150731,0.1678782482,0.1392506404,0.0732396776,,,,,,,,,0.0641182651
93180,1.20300000,0.2626594072,0.2618016944,0.2592949424,0.2550779984,0.2491151808,0.2413605079,0.2317201236,0.2200069387,0.2059140035,0.1889079727,0.1677895761,0.1391848676,0.0732133224,,,,,,,,,0.0640933604
93240,1.20300000,0.2624795355,0.2616227423,0.2591186690,0.2549062006,0.2489496452,0.2412029990,0.2315724056,0.2198708276,0.2057914205,0.1888010567,0.1677010531,0.1391192019,0.0731870223,,,,,,,,,0.0640685202
93300,1.20300000,0.2622999973,0.2614441217,0.2589427214,0.2547347191,0.2487844126,0.2410457762,0.2314249534,0.2197349586,0.2056690523,0.1886943246,0.1676126787,0.1390536430,0.0731607773,,,,,,,,,0.0640437442
93360,1.20300000,0.2621207916,0.2612658315,0.2587670985,0.2545635530,0.2486194822,0.2408888388,0.2312777665,0.2195993312,0.2055468984,0.1885877759,0.1675244525,0.1389881907,0.0731345870,,,,,,,,,0.0640190323
93420,1.20300000,0.2619419175,0.2610878711,0.2585917997,0.2543927014,0.2484548532,0.2407321862,0.2311308440,0.2194639445,0.2054249582,0.1884814101,0.1674363742,0.1389228446,0.0731084514,,,,,,,,,0.0639943842
93480,1.20300000,0.2617633740,0.2609102394,0.2584168240,0.2542221636,0.2482905248,0.2405758175,0.2309841853,0.2193287981,0.2053032312,0.1883752269,0.1673484434,0.1388576046,0.0730823703,,,,,,,,,0.0639697998
93540,1.20300000,0.2615851605,0.2607329356,0.2582421705,0.2540519386,0.2481264962,0.2404197319,0.2308377897,0.2191938913,0.2051817168,0.1882692257,0.1672606597,0.1387924703,0.0730563434,,,,,,,,,0.0639452787
93600,1.20300000,0.2614072759,0.2605559589,0.2580678385,0.2538820256,0.2479627667,0.2402639288,0.2306916566,0.2190592234,0.2050604145,0.1881634060,0.1671730228,0.1387274415,0.0730303706,,,,,,,,,0.0639208209
93660,1.20300000,0.2612297193,0.2603793083,0.2578938270,0.2537124239,0.2477993353,0.2401084075,0.2305457852,0.2189247939,0.2049393237,0.1880577675,0.1670855323,0.1386625180,0.0730044518,,,,,,,,,0.0638964262
93720,1.20300000,0.2610524900,0.2602029830,0.2577201352,0.2535431325,0.2476362015,0.2399531670,0.2304001748,0.2187906022,0.2048184440,0.1879523097,0.1669981878,0.1385976995,0.0729785867,,,,,,,,,0.0638720942
93780,1.20300000,0.2608755871,0.2600269821,0.2575467623,0.2533741508,0.2474733642,0.2397982069,0.2302548248,0.2186566476,0.2046977747,0.1878470320,0.1669109890,0.1385329857,0.0729527752,,,,,,,,,0.0638478248
93840,1.20300000,0.2606990096,0.2598513048,0.2573737073,0.2532054777,0.2473108229,0.2396435262,0.2301097345,0.2185229295,0.2045773153,0.1877419341,0.1668239355,0.1384683764,0.0729270172,,,,,,,,,0.0638236178
93900,1.20300000,0.2605227567,0.2596759502,0.2572009696,0.2530371127,0.2471485766,0.2394891242,0.2299649033,0.2183894473,0.2044570654,0.1876370155,0.1667370270,0.1384038713,0.0729013124,,,,,,,,,0.0637994730
93960,1.20300000,0.2603468276,0.2595009175,0.2570285482,0.2528690547,0.2469866247,0.2393350003,0.2298203304,0.2182562004,0.2043370242,0.1875322758,0.1666502631,0.1383394702,0.0728756606,,,,,,,,,0.0637753902
94020,1.20300000,0.2601712213,0.2593262057,0.2568564422,0.2527013031,0.2468249663,0.2391811537,0.2296760151,0.2181231882,0.2042171914,0.1874277144,0.1665636433,0.1382751728,0.0728500618,,,,,,,,,0.0637513692
94080,1.20300000,0.2599959372,0.2591518141,0.2566846509,0.2525338570,0.2466636008,0.2390275837,0.2295319569,0.2179904101,0.2040975664,0.1873233310,0.1664771675,0.1382109789,0.0728245158,,,,,,,,,0.0637274097
94140,1.20300000,0.2598209741,0.2589777418,0.2565131735,0.2523667156,0.2465025272,0.2388742896,0.2293881550,0.2178578654,0.2039781487,0.1872191250,0.1663908352,0.1381468882,0.0727990223,,,,,,,,,0.0637035117
94200,1.20300000,0.2596463315,0.2588039880,0.2563420090,0.2521998781,0.2463417449,0.2387212706,0.2292446088,0.2177255537,0.2038589376,0.1871150961,0.1663046460,0.1380829004,0.0727735812,,,,,,,,,0.0636796748
94260,1.20300000,0.2594720083,0.2586305518,0.2561711567,0.2520333437,0.2461812530,0.2385685260,0.2291013177,0.2175934743,0.2037399328,0.1870112438,0.1662185997,0.1380190154,0.0727481924,,,,,,,,,0.0636558989
94320,1.20300000,0.2592980038,0.2584574323,0.2560006158,0.2518671116,0.2460210509,0.2384160551,0.2289582808,0.2174616265,0.2036211337,0.1869075677,0.1661326958,0.1379552328,0.0727228556,,,,,,,,,0.0636321838
94380,1.20300000,0.2591243171,0.2582846289,0.2558303854,0.2517011811,0.2458611378,0.2382638573,0.2288154977,0.2173300098,0.2035025397,0.1868040672,0.1660469340,0.1378915525,0.0726975708,,,,,,,,,0.0636085293
94440,1.20300000,0.2589509473,0.2581121405,0.2556604647,0.2515355512,0.2457015128,0.2381119317,0.2286729676,0.2171986237,0.2033841503,0.1867007421,0.1659613140,0.1378279741,0.0726723377,,,,,,,,,0.0635849351
94500,1.20300000,0.2587778937,0.2579399664,0.2554908529,0.2513702213,0.2455421754,0.2379602777,0.2285306900,0.2170674675,0.2032659651,0.1865975918,0.1658758353,0.1377644975,0.0726471562,,,,,,,,,0.0635614012
94560,1.20300000,0.2586051554,0.2577681058,0.2553215492,0.2512051905,0.2453831246,0.2378088946,0.2283886640,0.2169365405,0.2031479835,0.1864946159,0.1657904978,0.1377011223,0.0726220261,,,,,,,,,0.0635379272
94620,1.20300000,0.2584327315,0.2575965578,0.2551525528,0.2510404582,0.2452243598,0.2376577816,0.2282468892,0.2168058424,0.2030302049,0.1863918139,0.1657053009,0.1376378484,0.0725969473,,,,,,,,,0.0635145131
94680,1.20300000,0.2582606213,0.2574253216,0.2549838629,0.2508760234,0.2450658802,0.2375069381,0.2281053648,0.2166753724,0.2029126290,0.1862891855,0.1656202444,0.1375746754,0.0725719196,,,,,,,,,0.0634911585
94740,1.20300000,0.2580888240,0.2572543964,0.2548154786,0.2507118854,0.2449076851,0.2373563634,0.2279640902,0.2165451299,0.2027952551,0.1861867302,0.1655353279,0.1375116032,0.0725469428,,,,,,,,,0.0634678634
94800,1.20300000,0.2579173386,0.2570837813,0.2546473992,0.2505480434,0.2447497737,0.2372060568,0.2278230647,0.2164151145,0.2026780827,0.1860844475,0.1654505511,0.1374486315,0.0725220168,,,,,,,,,0.0634446274
94860,1.20300000,0.2577461644,0.2569134757,0.2544796239,0.2503844967,0.2445921453,0.2370560176,0.2276822878,0.2162853254,0.2025611114,0.1859823370,0.1653659136,0.1373857600,0.0724971414,,,,,,,,,0.0634214505
94920,1.20300000,0.2575753006,0.2567434785,0.2543121518,0.2502212445,0.2444347992,0.2369062450,0.2275417587,0.2161557622,0.2024443406,0.1858803984,0.1652814151,0.1373229886,0.0724723165,,,,,,,,,0.0633983324
94980,1.20300000,0.2574047463,0.2565737892,0.2541449822,0.2500582860,0.2442777346,0.2367567385,0.2274014769,0.2160264243,0.2023277698,0.1857786311,0.1651970553,0.1372603169,0.0724475419,,,,,,,,,0.0633752730
95040,1.20300000,0.2572345007,0.2564044067,0.2539781143,0.2498956204,0.2441209508,0.2366074973,0.2272614417,0.2158973110,0.2022113986,0.1856770348,0.1651128338,0.1371977448,0.0724228174,,,,,,,,,0.0633522720
95100,1.20300000,0.2570645631,0.2562353304,0.2538115473,0.2497332471,0.2439644470,0.2364585207,0.2271216525,0.2157684219,0.2020952264,0.1855756090,0.1650287502,0.1371352719,0.0723981429,,,,,,,,,0.0633293293
95160,1.20300000,0.2568949326,0.2560665595,0.2536452805,0.2495711652,0.2438082226,0.2363098080,0.2269821086,0.2156397563,0.2019792527,0.1854743533,0.1649448043,0.1370728981,0.0723735183,,,,,,,,,0.0633064446
95220,1.20300000,0.2567256085,0.2558980930,0.2534793129,0.2494093739,0.2436522769,0.2361613586,0.2268428094,0.2155113136,0.2018634770,0.1853732673,0.1648609957,0.1370106232,0.0723489433,,,,,,,,,0.0632836179
95280,1.20300000,0.2565565898,0.2557299303,0.2533136439,0.2492478726,0.2434966090,0.2360131718,0.2267037543,0.2153830934,0.2017478989,0.1852723506,0.1647773240,0.1369484468,0.0723244178,,,,,,,,,0.0632608488
95340,1.20300000,0.2563878759,0.2555620706,0.2531482727,0.2490866604,0.2433412183,0.2358652470,0.2265649427,0.2152550951,0.2016325177,0.1851716026,0.1646937890,0.1368863687,0.0722999417,,,,,,,,,0.0632381372
95400,1.20300000,0.2562194660,0.2553945130,0.2529831986,0.2489257367,0.2431861040,0.2357175833,0.2264263740,0.2151273180,0.2015173331,0.1850710231,0.1646103902,0.1368243888,0.0722755148,,,,,,,,,0.0632154830
95460,1.20296667,0.2560513521,0.2552272007,0.2528182211,0.2487646681,0.2430305133,0.2355690229,0.2262863096,0.2149973149,0.2013990348,0.1849660586,0.1645206147,0.1367522478,0.0721700833,,,,,,,,,0.0631930979
95520,1.20293333,0.2558835314,0.2550601799,0.2526535304,0.2486038784,0.2428751906,0.2354207164,0.2261464825,0.2148675294,0.2012809315,0.1848612638,0.1644309804,0.1366802154,0.0720647912,,,,,,,,,0.0631708281
95580,1.20290000,0.2557160031,0.2548934498,0.2524891258,0.2484433670,0.2427201352,0.2352726633,0.2260068921,0.2147379610,0.2011630228,0.1847566382,0.1643414869,0.1366082913,0.0719596148,,,,,,,,,0.0631486370
95640,1.20286667,0.2555487663,0.2547270098,0.2523250065,0.2482831330,0.2425653464,0.2351248630,0.2258675377,0.2146086090,0.2010453081,0.1846521814,0.1642521340,0.1365364754,0.0718545447,,,,,,,,,0.0631265137
95700,1.20283333,0.2553818204,0.2545608590,0.2521611718,0.2481231759,0.2424108235,0.2349773147,0.2257284188,0.2144794730,0.2009277870,0.1845478931,0.1641629212,0.1364647674,0.0717495762,,,,,,,,,0.0631044534
95760,1.20280000,0.2552151647,0.2543949967,0.2519976210,0.2479634949,0.2422565660,0.2348300179,0.2255895347,0.2143505525,0.2008104590,0.1844437728,0.1640738482,0.1363931671,0.0716447068,,,,,,,,,0.0630824532
95820,1.20276667,0.2550487984,0.2542294223,0.2518343534,0.2478040893,0.2421025730,0.2346829719,0.2254508850,0.2142218469,0.2006933237,0.1843398201,0.1639849148,0.1363216743,0.0715399349,,,,,,,,,0.0630605113
95880,1.20273333,0.2548827208,0.2540641350,0.2516713683,0.2476449585,0.2419488441,0.2345361762,0.2253124690,0.2140933557,0.2005763806,0.1842360347,0.1638961206,0.1362502887,0.0714352595,,,,,,,,,0.0630386267
95940,1.20270000,0.2547169312,0.2538991341,0.2515086649,0.2474861018,0.2417953784,0.2343896301,0.2251742862,0.2139650783,0.2004596292,0.1841324161,0.1638074652,0.1361790101,0.0713306797,,,,,,,,,0.0630167983
96000,1.20266667,0.2545514288,0.2537344189,0.2513462426,0.2473275184,0.2416421754,0.2342433330,0.2250363360,0.2138370143,0.2003430690,0.1840289639,0.1637189484,0.1361078384,0.0712261949,,,,,,,,,0.0629950255
96060,1.20263333,0.2543862130,0.2535699886,0.2511841007,0.2471692078,0.2414892345,0.2340972842,0.2248986177,0.2137091632,0.2002266997,0.1839256777,0.1636305698,0.1360367732,0.0711218048,,,,,,,,,0.0629733078
96120,1.20260000,0.2542212830,0.2534058425,0.2510222385,0.2470111691,0.2413365548,0.2339514832,0.2247611309,0.2135815243,0.2001105207,0.1838225572,0.1635423290,0.1359658144,0.0710175089,,,,,,,,,0.0629516446
96180,1.20256667,0.2540566380,0.2532419800,0.2508606552,0.2468534018,0.2411841359,0.2338059294,0.2246238750,0.2134540973,0.1999945316,0.1837196019,0.1634542258,0.1358949618,0.0709133071,,,,,,,,,0.0629300357
96240,1.20253333,0.2538922775,0.2530784003,0.2506993501,0.2466959052,0.2410319771,0.2336606221,0.2244868494,0.2133268815,0.1998787319,0.1836168114,0.1633662599,0.1358242151,0.0708091989,,,,,,,,,0.0629084805
96300,1.20250000,0.2537282007,0.2529151028,0.2505383227,0.2465386785,0.2408800777,0.2335155608,0.2243500536,0.2131998765,0.1997631212,0.1835141854,0.1632784309,0.1357535740,0.0707051843,,,,,,,,,0.0628869789
96360,1.20246667,0.2535644068,0.2527520866,0.2503775721,0.2463817212,0.2407284370,0.2333707447,0.2242134869,0.2130730817,0.1996476990,0.1834117235,0.1631907385,0.1356830384,0.0706012631,,,,,,,,,0.0628655304
96420,1.20243333,0.2534008952,0.2525893512,0.2502170978,0.2462250326,0.2405770545,0.2332261735,0.2240771489,0.2129464967,0.1995324649,0.1833094252,0.1631031824,0.1356126081,0.0704974350,,,,,,,,,0.0628441349
96480,1.20240000,0.2532376651,0.2524268958,0.2500568989,0.2460686119,0.2404259295,0.2330818463,0.2239410389,0.2128201209,0.1994174183,0.1832072902,0.1630157622,0.1355422826,0.0703937000,,,,,,,,,0.0628227921
96540,1.20236667,0.2530747159,0.2522647196,0.2498969749,0.2459124586,0.2402750614,0.2329377626,0.2238051564,0.2126939538,0.1993025589,0.1831053181,0.1629284778,0.1354720619,0.0702900580,,,,,,,,,0.0628015018
96600,1.20233333,0.2529120469,0.2521028222,0.2497373250,0.2457565719,0.2401244495,0.2327939219,0.2236695009,0.2125679950,0.1991878862,0.1830035085,0.1628413286,0.1354019457,0.0701865088,,,,,,,,,0.0627802636
96660,1.20230000,0.2527496574,0.2519412026,0.2495779486,0.2456009513,0.2399740932,0.2326503235,0.2235340718,0.2124422438,0.1990733998,0.1829018610,0.1627543145,0.1353319337,0.0700830523,,,,,,,,,0.0627590775
96720,1.20226667,0.2525875466,0.2517798603,0.2494188449,0.2454455959,0.2398239918,0.2325069668,0.2233988685,0.2123166999,0.1989590991,0.1828003752,0.1626674351,0.1352620257,0.0699796884,,,,,,,,,0.0627379432
96780,1.20223333,0.2524257139,0.2516187945,0.2492600134,0.2452905053,0.2396741448,0.2323638513,0.2232638905,0.2121913627,0.1988449838,0.1826990508,0.1625806901,0.1351922215,0.0698764171,,,,,,,,,0.0627168604
96840,1.20220000,0.2522641585,0.2514580046,0.2491014533,0.2451356787,0.2395245515,0.2322209763,0.2231291373,0.2120662316,0.1987310535,0.1825978874,0.1624940793,0.1351225207,0.0697732382,,,,,,,,,0.0626958291
96900,1.20216667,0.2521028799,0.2512974899,0.2489431639,0.2449811155,0.2393752113,0.2320783413,0.2229946082,0.2119413063,0.1986173076,0.1824968845,0.1624076022,0.1350529232,0.0696701516,,,,,,,,,0.0626748489
96960,1.20213333,0.2519418773,0.2511372497,0.2487851447,0.2448268150,0.2392261236,0.2319359456,0.2228603028,0.2118165862,0.1985037457,0.1823960419,0.1623212586,0.1349834288,0.0695671574,,,,,,,,,0.0626539198
97020,1.20210000,0.2517811501,0.2509772833,0.2486273949,0.2446727766,0.2390772877,0.2317937888,0.2227262206,0.2116920708,0.1983903675,0.1822953591,0.1622350481,0.1349140371,0.0694642554,,,,,,,,,0.0626330414
97080,1.20206667,0.2516206974,0.2508175900,0.2484699138,0.2445189996,0.2389287030,0.2316518701,0.2225923608,0.2115677597,0.1982771724,0.1821948357,0.1621489706,0.1348447479,0.0693614455,,,,,,,,,0.0626122138
97140,1.20203333,0.2514605188,0.2506581692,0.2483127008,0.2443654835,0.2387803690,0.2315101890,0.2224587231,0.2114436522,0.1981641600,0.1820944714,0.1620630255,0.1347755610,0.0692587277,,,,,,,,,0.0625914366
97200,1.20200000,0.2513006134,0.2504990202,0.2481557553,0.2442122274,0.2386322849,0.2313687450,0.2223253069,0.2113197481,0.1980513299,0.1819942659,0.1619772128,0.1347064762,0.0691561019,,,,,,,,,0.0625707096
97260,1.20200000,0.2511409873,0.2503401967,0.2479992702,0.2440596512,0.2384851815,0.2312286633,0.2221938033,0.2111984303,0.1979419091,0.1818986640,0.1618979015,0.1346475494,0.0691339649,,,,,,,,,0.0625498289
97320,1.20200000,0.2509816419,0.2501816523,0.2478430595,0.2439073415,0.2383383336,0.2310888231,0.2220625242,0.2110773174,0.1978326703,0.1818032182,0.1618187167,0.1345887137,0.0691118235,,,,,,,,,0.0625289428
97380,1.20200000,0.2508225766,0.2500233863,0.2476871226,0.2437552976,0.2381917406,0.2309492239,0.2219314692,0.2109564086,0.1977236130,0.1817079281,0.1617396579,0.1345299690,0.0690897053,,,,,,,,,0.0625080859
97440,1.20200000,0.2506637906,0.2498653980,0.2475314585,0.2436035189,0.2380454018,0.2308098649,0.2218006377,0.2108357037,0.1976147367,0.1816127932,0.1616607249,0.1344713148,0.0690676199,,,,,,,,,0.0624872680
97500,1.20200000,0.2505052832,0.2497076866,0.2473760668,0.2434520046,0.2378993166,0.2306707456,0.2216700291,0.2107152020,0.1975060411,0.1815178132,0.1615819174,0.1344127510,0.0690455714,,,,,,,,,0.0624664936
97560,1.20200000,0.2503470536,0.2495502516,0.2472209467,0.2433007541,0.2377534843,0.2305318655,0.2215396429,0.2105949030,0.1973975256,0.1814229878,0.1615032351,0.1343542775,0.0690235622,,,,,,,,,0.0624457648
97620,1.20200000,0.2501891013,0.2493930921,0.2470660975,0.2431497668,0.2376079043,0.2303932239,0.2214094785,0.2104748062,0.1972891899,0.1813283165,0.1614246777,0.1342958938,0.0690015937,,,,,,,,,0.0624250829
97680,1.20200000,0.2500314255,0.2492362075,0.2469115186,0.2429990419,0.2374625760,0.2302548201,0.2212795353,0.2103549112,0.1971810335,0.1812337990,0.1613462449,0.1342375998,0.0689796667,,,,,,,,,0.0624044487
97740,1.20200000,0.2498740254,0.2490795972,0.2467572091,0.2428485788,0.2373174987,0.2301166537,0.2211498129,0.2102352175,0.1970730560,0.1811394349,0.1612679364,0.1341793952,0.0689577817,,,,,,,,,0.0623838628
97800,1.20200000,0.2497169004,0.2489232602,0.2466031686,0.2426983769,0.2371726719,0.2299787240,0.2210203106,0.2101157245,0.1969652568,0.1810452239,0.1611897519,0.1341212797,0.0689359390,,,,,,,,,0.0623633255
97860,1.20200000,0.2495600498,0.2487671961,0.2464493962,0.2425484354,0.2370280948,0.2298410305,0.2208910280,0.2099964317,0.1968576357,0.1809511655,0.1611116911,0.1340632533,0.0689141389,,,,,,,,,0.0623428368
97920,1.20200000,0.2494034728,0.2486114041,0.2462958912,0.2423987538,0.2368837668,0.2297035724,0.2207619644,0.2098773387,0.1967501922,0.1808572595,0.1610337538,0.1340053155,0.0688923816,,,,,,,,,0.0623223971
97980,1.20200000,0.2492471689,0.2484558835,0.2461426532,0.2422493314,0.2367396874,0.2295663493,0.2206331193,0.2097584449,0.1966429257,0.1807635054,0.1609559395,0.1339474661,0.0688706672,,,,,,,,,0.0623020062
98040,1.20200000,0.2490911372,0.2483006336,0.2459896812,0.2421001674,0.2365958558,0.2294293606,0.2205044923,0.2096397500,0.1965358360,0.1806699029,0.1608782481,0.1338897051,0.0688489955,,,,,,,,,0.0622816643
98100,1.20200000,0.2489353772,0.2481456538,0.2458369747,0.2419512614,0.2364522715,0.2292926057,0.2203760826,0.2095212533,0.1964289225,0.1805764516,0.1608006792,0.1338320320,0.0688273668,,,,,,,,,0.0622613713
98160,1.20200000,0.2487798881,0.2479909433,0.2456845331,0.2418026125,0.2363089339,0.2291560839,0.2202478899,0.2094029544,0.1963221848,0.1804831511,0.1607232326,0.1337744467,0.0688057809,,,,,,,,,0.0622411271
98220,1.20200000,0.2486246692,0.2478365015,0.2455323555,0.2416542202,0.2361658423,0.2290197947,0.2201199135,0.2092848528,0.1962156226,0.1803900012,0.1606459079,0.1337169491,0.0687842379,,,,,,,,,0.0622209317
98280,1.20200000,0.2484697199,0.2476823276,0.2453804415,0.2415060839,0.2360229961,0.2288837376,0.2199921530,0.2091669481,0.1961092354,0.1802970014,0.1605687048,0.1336595388,0.0687627376,,,,,,,,,0.0622007851
98340,1.20200000,0.2483150394,0.2475284211,0.2452287902,0.2413582028,0.2358803947,0.2287479119,0.2198646078,0.2090492397,0.1960030227,0.1802041514,0.1604916231,0.1336022156,0.0687412801,,,,,,,,,0.0621806871
98400,1.20200000,0.2481606272,0.2473747813,0.2450774011,0.2412105763,0.2357380375,0.2286123171,0.2197372773,0.2089317271,0.1958969841,0.1801114507,0.1604146625,0.1335449795,0.0687198652,,,,,,,,,0.0621606376
98460,1.20200000,0.2480064824,0.2472214074,0.2449262734,0.2410632039,0.2355959239,0.2284769527,0.2196101611,0.2088144100,0.1957911193,0.1800188992,0.1603378227,0.1334878301,0.0686984928,,,,,,,,,0.0621406365
98520,1.20200000,0.2478526045,0.2470682988,0.2447754066,0.2409160848,0.2354540533,0.2283418179,0.2194832585,0.2086972878,0.1956854278,0.1799264963,0.1602611034,0.1334307673,0.0686771629,,,,,,,,,0.0621206838
98580,1.20200000,0.2476989928,0.2469154549,0.2446248000,0.2407692184,0.2353124250,0.2282069123,0.2193565692,0.2085803600,0.1955799091,0.1798342418,0.1601845043,0.1333737908,0.0686558754,,,,,,,,,0.0621007792
98640,1.20200000,0.2475456466,0.2467628749,0.2444744528,0.2406226042,0.2351710384,0.2280722353,0.2192300925,0.2084636261,0.1954745629,0.1797421353,0.1601080251,0.1333169005,0.0686346302,,,,,,,,,0.0620809228
98700,1.20200000,0.2473925652,0.2466105583,0.2443243646,0.2404762414,0.2350298931,0.2279377863,0.2191038279,0.2083470858,0.1953693888,0.1796501764,0.1600316655,0.1332600961,0.0686134272,,,,,,,,,0.0620611142
98760,1.20200000,0.2472397479,0.2464585043,0.2441745345,0.2403301294,0.2348889883,0.2278035648,0.2189777750,0.2082307384,0.1952643862,0.1795583648,0.1599554253,0.1332033775,0.0685922663,,,,,,,,,0.0620413536
98820,1.20200000,0.2470871942,0.2463067122,0.2440249621,0.2401842677,0.2347483234,0.2276695701,0.2188519331,0.2081145836,0.1951595549,0.1794667002,0.1598793042,0.1331467445,0.0685711474,,,,,,,,,0.0620216406
98880,1.20200000,0.2469349034,0.2461551815,0.2438756465,0.2400386555,0.2346078979,0.2275358019,0.2187263018,0.2079986209,0.1950548944,0.1793751821,0.1598033019,0.1330901969,0.0685500703,,,,,,,,,0.0620019752
98940,1.20200000,0.2467828747,0.2460039115,0.2437265872,0.2398932923,0.2344677112,0.2274022593,0.2186008806,0.2078828497,0.1949504043,0.1792838103,0.1597274181,0.1330337344,0.0685290350,,,,,,,,,0.0619823573
99000,1.20200000,0.2466311075,0.2458529015,0.2435777836,0.2397481775,0.2343277626,0.2272689420,0.2184756689,0.2077672697,0.1948460841,0.1791925843,0.1596516524,0.1329773570,0.0685080414,,,,,,,,,0.0619627866
99060,1.20200000,0.2464796012,0.2457021509,0.2434292350,0.2396033103,0.2341880517,0.2271358494,0.2183506662,0.2076518804,0.1947419336,0.1791015039,0.1595760048,0.1329210643,0.0684870893,,,,,,,,,0.0619432632
99120,1.20200000,0.2463283551,0.2455516590,0.2432809407,0.2394586903,0.2340485777,0.2270029809,0.2182258720,0.2075366813,0.1946379522,0.1790105687,0.1595004748,0.1328648562,0.0684661787,,,,,,,,,0.0619237868
99180,1.20200000,0.2461773686,0.2454014251,0.2431329001,0.2393143167,0.2339093401,0.2268703359,0.2181012859,0.2074216719,0.1945341395,0.1789197784,0.1594250622,0.1328087326,0.0684453093,,,,,,,,,0.0619043573
99240,1.20200000,0.2460266411,0.2452514487,0.2429851127,0.2391701891,0.2337703383,0.2267379140,0.2179769072,0.2073068519,0.1944304952,0.1788291325,0.1593497667,0.1327526931,0.0684244812,,,,,,,,,0.0618849745
99300,1.20200000,0.2458761718,0.2451017291,0.2428375777,0.2390263067,0.2336315718,0.2266057144,0.2178527355,0.2071922206,0.1943270188,0.1787386308,0.1592745881,0.1326967378,0.0684036942,,,,,,,,,0.0618656384
99360,1.20200000,0.2457259601,0.2449522656,0.2426902946,0.2388826689,0.2334930400,0.2264737368,0.2177287703,0.2070777778,0.1942237100,0.1786482729,0.1591995260,0.1326408662,0.0683829482,,,,,,,,,0.0618463488
99420,1.20200000,0.2455760054,0.2448030577,0.2425432627,0.2387392752,0.2333547422,0.2263419806,0.2176050110,0.2069635228,0.1941205684,0.1785580585,0.1591245802,0.1325850783,0.0683622431,,,,,,,,,0.0618271056
99480,1.20200000,0.2454263070,0.2446541046,0.2423964813,0.2385961250,0.2332166779,0.2262104452,0.2174814573,0.2068494553,0.1940175934,0.1784679873,0.1590497505,0.1325293739,0.0683415787,,,,,,,,,0.0618079086
99540,1.20200000,0.2452768644,0.2445054057,0.2422499500,0.2384532176,0.2330788465,0.2260791300,0.2173581085,0.2067355749,0.1939147849,0.1783780588,0.1589750365,0.1324737527,0.0683209549,,,,,,,,,0.0617887577
99600,1.20200000,0.2451276768,0.2443569605,0.2421036679,0.2383105524,0.2329412475,0.2259480346,0.2172349642,0.2066218809,0.1938121422,0.1782882728,0.1589004380,0.1324182147,0.0683003717,,,,,,,,,0.0617696527
99660,1.20200000,0.2449787437,0.2442087682,0.2419576346,0.2381681289,0.2328038802,0.2258171584,0.2171120238,0.2065083731,0.1937096651,0.1781986289,0.1588259546,0.1323627595,0.0682798289,,,,,,,,,0.0617505936
99720,1.20200000,0.2448300644,0.2440608283,0.2418118494,0.2380259464,0.2326667441,0.2256865009,0.2169892870,0.2063950510,0.1936073532,0.1781091269,0.1587515863,0.1323073871,0.0682593264,,,,,,,,,0.0617315801
99780,1.20200000,0.2446816382,0.2439131401,0.2416663117,0.2378840044,0.2325298387,0.2255560615,0.2168667531,0.2062819140,0.1935052060,0.1780197662,0.1586773326,0.1322520972,0.0682388641,,,,,,,,,0.0617126122
99840,1.20200000,0.2445334646,0.2437657030,0.2415210209,0.2377423022,0.2323931633,0.2254258396,0.2167444217,0.2061689618,0.1934032232,0.1779305467,0.1586031933,0.1321968896,0.0682184419,,,,,,,,,0.0616936897
99900,1.20200000,0.2443855429,0.2436185164,0.2413759763,0.2376008392,0.2322567175,0.2252958349,0.2166222923,0.2060561940,0.1933014044,0.1778414680,0.1585291681,0.1321417642,0.0681980596,,,,,,,,,0.0616748125
99960,1.20200000,0.2442378725,0.2434715796,0.2412311774,0.2374596150,0.2321205005,0.2251660466,0.2165003644,0.2059436100,0.1931997492,0.1777525297,0.1584552569,0.1320867208,0.0681777171,,,,,,,,,0.0616559804
100020,1.20200000,0.2440904528,0.2433248921,0.2410866235,0.2373186288,0.2319845120,0.2250364744,0.2163786375,0.2058312094,0.1930982571,0.1776637316,0.1583814592,0.1320317592,0.0681574144,,,,,,,,,0.0616371933
100080,1.20200000,0.2439432832,0.2431784531,0.2409423141,0.2371778801,0.2318487512,0.2249071176,0.2162571112,0.2057189919,0.1929969279,0.1775750732,0.1583077749,0.1319768792,0.0681371513,,,,,,,,,0.0616184510
100140,1.20200000,0.2437963629,0.2430322622,0.2407982486,0.2370373684,0.2317132177,0.2247779758,0.2161357849,0.2056069568,0.1928957610,0.1774865543,0.1582342037,0.1319220806,0.0681169277,,,,,,,,,0.0615997535
100200,1.20200000,0.2436496915,0.2428863187,0.2406544262,0.2368970929,0.2315779110,0.2246490484,0.2160146581,0.2054951039,0.1927947562,0.1773981746,0.1581607453,0.1318673633,0.0680967435,,,,,,,,,0.0615811006
100260,1.20200000,0.2435032683,0.2427406219,0.2405108466,0.2367570533,0.2314428303,0.2245203349,0.2158937305,0.2053834327,0.1926939131,0.1773099337,0.1580873995,0.1318127270,0.0680765985,,,,,,,,,0.0615624922
100320,1.20200000,0.2433570926,0.2425951713,0.2403675089,0.2366172487,0.2313079752,0.2243918348,0.2157730014,0.2052719427,0.1925932312,0.1772218312,0.1580141660,0.1317581717,0.0680564928,,,,,,,,,0.0615439280
100380,1.20200000,0.2432111640,0.2424499663,0.2402244127,0.2364776788,0.2311733452,0.2242635475,0.2156524705,0.2051606336,0.1924927102,0.1771338669,0.1579410445,0.1317036970,0.0680364260,,,,,,,,,0.0615254081
100440,1.20200000,0.2430654817,0.2423050062,0.2400815574,0.2363383429,0.2310389397,0.2241354726,0.2155321372,0.2050495048,0.1923923497,0.1770460405,0.1578680349,0.1316493028,0.0680163982,,,,,,,,,0.0615069322
100500,1.20200000,0.2429200452,0.2421602905,0.2399389423,0.2361992404,0.2309047581,0.2240076096,0.2154120011,0.2049385559,0.1922921493,0.1769583516,0.1577951367,0.1315949890,0.0679964092,,,,,,,,,0.0614885002
100560,1.20200000,0.2427748538,0.2420158186,0.2397965669,0.2360603708,0.2307707999,0.2238799578,0.2152920616,0.2048277866,0.1921921087,0.1768707998,0.1577223499,0.1315407553,0.0679764590,,,,,,,,,0.0614701121
100620,1.20200000,0.2426299070,0.2418715898,0.2396544306,0.2359217335,0.2306370645,0.2237525168,0.2151723184,0.2047171963,0.1920922274,0.1767833850,0.1576496740,0.1314866017,0.0679565473,,,,,,,,,0.0614517676
100680,1.20200000,0.2424852041,0.2417276035,0.2395125328,0.2357833280,0.2305035515,0.2236252862,0.2150527709,0.2046067847,0.1919925051,0.1766961067,0.1575771089,0.1314325278,0.0679366741,,,,,,,,,0.0614334666
100740,1.20200000,0.2423407446,0.2415838592,0.2393708729,0.2356451536,0.2303702602,0.2234982653,0.2149334187,0.2044965514,0.1918929415,0.1766089646,0.1575046544,0.1313785335,0.0679168393,,,,,,,,,0.0614152090
100800,1.20200000,0.2421965279,0.2414403563,0.2392294503,0.2355072098,0.2302371902,0.2233714537,0.2148142613,0.2043864958,0.1917935360,0.1765219584,0.1574323101,0.1313246187,0.0678970428,,,,,,,,,0.0613969946
100860,1.20200000,0.2420525533,0.2412970942,0.2390882644,0.2353694960,0.2301043408,0.2232448509,0.2146952982,0.2042766177,0.1916942884,0.1764350879,0.1573600758,0.1312707832,0.0678772844,,,,,,,,,0.0613788234
100920,1.20200000,0.2419088202,0.2411540722,0.2389473148,0.2352320117,0.2299717116,0.2231184563,0.2145765290,0.2041669164,0.1915951984,0.1763483526,0.1572879512,0.1312170268,0.0678575641,,,,,,,,,0.0613606952
100980,1.20200000,0.2417653282,0.2410112899,0.2388066007,0.2350947563,0.2298393020,0.2229922695,0.2144579532,0.2040573918,0.1914962654,0.1762617523,0.1572159362,0.1311633493,0.0678378817,,,,,,,,,0.0613426099
101040,1.20200000,0.2416220765,0.2408687465,0.2386661217,0.2349577293,0.2297071115,0.2228662899,0.2143395703,0.2039480432,0.1913974892,0.1761752867,0.1571440304,0.1311097505,0.0678182371,,,,,,,,,0.0613245673
101100,1.20200000,0.2414790646,0.2407264416,0.2385258770,0.2348209301,0.2295751395,0.2227405171,0.2142213799,0.2038388704,0.1912988694,0.1760889554,0.1570722336,0.1310562303,0.0677986303,,,,,,,,,0.0613065673
101160,1.20200000,0.2413362920,0.2405843745,0.2383858663,0.2346843581,0.2294433855,0.2226149506,0.2141033815,0.2037298728,0.1912004056,0.1760027581,0.1570005456,0.1310027885,0.0677790610,,,,,,,,,0.0612886098
101220,1.20200000,0.2411937579,0.2404425447,0.2382460889,0.2345480129,0.2293118491,0.2224895898,0.2139855747,0.2036210501,0.1911020974,0.1759166946,0.1569289661,0.1309494249,0.0677595293,,,,,,,,,0.0612706947
101280,1.20200000,0.2410514619,0.2403009516,0.2381065441,0.2344118938,0.2291805296,0.2223644343,0.2138679590,0.2035124019,0.1910039445,0.1758307644,0.1568574948,0.1308961393,0.0677400349,,,,,,,,,0.0612528218
101340,1.20200000,0.2409094034,0.2401595945,0.2379672316,0.2342760002,0.2290494266,0.2222394836,0.2137505339,0.2034039277,0.1909059466,0.1757449674,0.1567861316,0.1308429316,0.0677205779,,,,,,,,,0.0612349910
101400,1.20200000,0.2407675817,0.2400184730,0.2378281507,0.2341403318,0.2289185395,0.2221147372,0.2136332990,0.2032956271,0.1908081031,0.1756593032,0.1567148761,0.1307898016,0.0677011580,,,,,,,,,0.0612172021
101460,1.20200000,0.2406259964,0.2398775865,0.2376893007,0.2340048878,0.2287878677,0.2219901945,0.2135162538,0.2031874997,0.1907104139,0.1755737714,0.1566437282,0.1307367492,0.0676817752,,,,,,,,,0.0611994551
101520,1.20200000,0.2404846467,0.2397369343,0.2375506813,0.2338696678,0.2286574109,0.2218658552,0.2133993980,0.2030795452,0.1906128786,0.1754883719,0.1565726875,0.1306837741,0.0676624294,,,,,,,,,0.0611817498
101580,1.20200000,0.2403435323,0.2395965160,0.2374122918,0.2337346712,0.2285271684,0.2217417187,0.2132827309,0.2029717630,0.1905154967,0.1754031042,0.1565017538,0.1306308761,0.0676431205,,,,,,,,,0.0611640861
101640,1.20200000,0.2402026524,0.2394563309,0.2372741316,0.2335998975,0.2283971398,0.2216177845,0.2131662522,0.2028641529,0.1904182679,0.1753179681,0.1564309270,0.1305780552,0.0676238483,,,,,,,,,0.0611464639
101700,1.20200000,0.2400620065,0.2393163785,0.2371362003,0.2334653461,0.2282673245,0.2214940521,0.2130499615,0.2027567143,0.1903211918,0.1752329632,0.1563602067,0.1305253111,0.0676046127,,,,,,,,,0.0611288830
101760,1.20200000,0.2399215941,0.2391766582,0.2369984971,0.2333310165,0.2281377220,0.2213705211,0.2129338582,0.2026494469,0.1902242682,0.1751480893,0.1562895927,0.1304726437,0.0675854137,,,,,,,,,0.0611113433
101820,1.20200000,0.2397814145,0.2390371695,0.2368610217,0.2331969082,0.2280083318,0.2212471910,0.2128179420,0.2025423503,0.1901274966,0.1750633461,0.1562190848,0.1304200528,0.0675662511,,,,,,,,,0.0610938448
101880,1.20200000,0.2396414673,0.2388979117,0.2367237734,0.2330630206,0.2278791534,0.2211240613,0.2127022124,0.2024354241,0.1900308767,0.1749787333,0.1561486828,0.1303675383,0.0675471249,,,,,,,,,0.0610763871
101940,1.20200000,0.2395017518,0.2387588844,0.2365867517,0.2329293532,0.2277501863,0.2210011315,0.2125866689,0.2023286678,0.1899344081,0.1748942505,0.1560783863,0.1303150999,0.0675280349,,,,,,,,,0.0610589704
102000,1.20200000,0.2393622675,0.2386200869,0.2364499561,0.2327959055,0.2276214299,0.2208784012,0.2124713112,0.2022220811,0.1898380906,0.1748098975,0.1560081951,0.1302627374,0.0675089811,,,,,,,,,0.0610415943
102060,1.20200000,0.2392230138,0.2384815188,0.2363133860,0.2326626769,0.2274928839,0.2207558698,0.2123561387,0.2021156636,0.1897419236,0.1747256739,0.1559381091,0.1302104509,0.0674899632,,,,,,,,,0.0610242588
102120,1.20200000,0.2390839902,0.2383431794,0.2361770408,0.2325296669,0.2273645476,0.2206335369,0.2122411510,0.2020094149,0.1896459069,0.1746415795,0.1558681280,0.1301582399,0.0674709813,,,,,,,,,0.0610069639
102180,1.20200000,0.2389451961,0.2382050682,0.2360409200,0.2323968750,0.2272364206,0.2205114020,0.2121263478,0.2019033346,0.1895500402,0.1745576140,0.1557982515,0.1301061045,0.0674520352,,,,,,,,,0.0609897092
102240,1.20200000,0.2388066310,0.2380671847,0.2359050231,0.2322643007,0.2271085023,0.2203894647,0.2120117285,0.2017974222,0.1894543231,0.1744737771,0.1557284794,0.1300540444,0.0674331249,,,,,,,,,0.0609724948
102300,1.20200000,0.2386682943,0.2379295283,0.2357693495,0.2321319434,0.2269807923,0.2202677245,0.2118972927,0.2016916774,0.1893587552,0.1743900684,0.1556588114,0.1300020594,0.0674142502,,,,,,,,,0.0609553206
102360,1.20200000,0.2385301854,0.2377920985,0.2356338987,0.2319998026,0.2268532901,0.2201461808,0.2117830400,0.2015860999,0.1892633362,0.1743064878,0.1555892474,0.1299501495,0.0673954109,,,,,,,,,0.0609381863
102420,1.20200000,0.2383923038,0.2376548947,0.2354986702,0.2318678779,0.2267259951,0.2200248334,0.2116689699,0.2014806891,0.1891680657,0.1742230348,0.1555197872,0.1298983144,0.0673766071,,,,,,,,,0.0609210918
102480,1.20200000,0.2382546490,0.2375179163,0.2353636634,0.2317361686,0.2265989069,0.2199036815,0.2115550821,0.2013754448,0.1890729434,0.1741397093,0.1554504303,0.1298465539,0.0673578387,,,,,,,,,0.0609040372
102540,1.20200000,0.2381172205,0.2373811629,0.2352288778,0.2316046742,0.2264720250,0.2197827249,0.2114413761,0.2012703665,0.1889779690,0.1740565108,0.1553811768,0.1297948680,0.0673391054,,,,,,,,,0.0608870221
102600,1.20200000,0.2379800175,0.2372446339,0.2350943129,0.2314733943,0.2263453489,0.2196619631,0.2113278515,0.2011654539,0.1888831422,0.1739734392,0.1553120262,0.1297432564,0.0673204073,,,,,,,,,0.0608700466
102660,1.20200000,0.2378430397,0.2371083287,0.2349599681,0.2313423284,0.2262188781,0.2195413955,0.2112145078,0.2010607065,0.1887884625,0.1738904941,0.1552429784,0.1296917189,0.0673017441,,,,,,,,,0.0608531105
102720,1.20200000,0.2377062865,0.2369722468,0.2348258429,0.2312114759,0.2260926120,0.2194210218,0.2111013446,0.2009561240,0.1886939296,0.1738076753,0.1551740332,0.1296402555,0.0672831159,,,,,,,,,0.0608362136
102780,1.20200000,0.2375697574,0.2368363877,0.2346919368,0.2310808363,0.2259665504,0.2193008414,0.2109883615,0.2008517059,0.1885995432,0.1737249824,0.1551051902,0.1295888659,0.0672645226,,,,,,,,,0.0608193559
102840,1.20200000,0.2374334517,0.2367007509,0.2345582492,0.2309504090,0.2258406925,0.2191808540,0.2108755581,0.2007474520,0.1885053030,0.1736424152,0.1550364494,0.1295375500,0.0672459639,,,,,,,,,0.0608025372
102900,1.20200000,0.2372973690,0.2365653357,0.2344247796,0.2308201937,0.2257150380,0.2190610590,0.2107629339,0.2006433618,0.1884112086,0.1735599734,0.1549678104,0.1294863077,0.0672274399,,,,,,,,,0.0607857575
102960,1.20200000,0.2371615088,0.2364301417,0.2342915276,0.2306901898,0.2255895864,0.2189414560,0.2106504885,0.2005394349,0.1883172598,0.1734776567,0.1548992730,0.1294351387,0.0672089504,,,,,,,,,0.0607690166
103020,1.20200000,0.2370258705,0.2362951684,0.2341584925,0.2305603968,0.2254643372,0.2188220445,0.2105382216,0.2004356710,0.1882234560,0.1733954649,0.1548308371,0.1293840429,0.0671904953,,,,,,,,,0.0607523143
103080,1.20200000,0.2368904535,0.2361604152,0.2340256740,0.2304308142,0.2253392898,0.2187028242,0.2104261326,0.2003320697,0.1881297971,0.1733133975,0.1547625023,0.1293330202,0.0671720746,,,,,,,,,0.0607356507
103140,1.20200000,0.2367552574,0.2360258816,0.2338930713,0.2303014414,0.2252144440,0.2185837945,0.2103142213,0.2002286306,0.1880362827,0.1732314544,0.1546942685,0.1292820704,0.0671536881,,,,,,,,,0.0607190255
103200,1.20200000,0.2366202816,0.2358915670,0.2337606841,0.2301722780,0.2250897990,0.2184649549,0.2102024870,0.2001253533,0.1879429124,0.1731496353,0.1546261354,0.1292311932,0.0671353357,,,,,,,,,0.0607024386
103260,1.20200000,0.2364855256,0.2357574710,0.2336285119,0.2300433236,0.2249653545,0.2183463052,0.2100909296,0.2000222374,0.1878496860,0.1730679399,0.1545581029,0.1291803887,0.0671170174,,,,,,,,,0.0606858900
103320,1.20200000,0.2363509888,0.2356235931,0.2334965540,0.2299145775,0.2248411101,0.2182278447,0.2099795484,0.1999192827,0.1877566031,0.1729863679,0.1544901706,0.1291296566,0.0670987331,,,,,,,,,0.0606693795
103380,1.20200000,0.2362166708,0.2354899326,0.2333648101,0.2297860393,0.2247170652,0.2181095731,0.2098683432,0.1998164886,0.1876636633,0.1729049190,0.1544223383,0.1290789967,0.0670804826,,,,,,,,,0.0606529070
103440,1.20200000,0.2360825710,0.2353564891,0.2332332795,0.2296577085,0.2245932193,0.2179914899,0.2097573134,0.1997138549,0.1875708664,0.1728235930,0.1543546059,0.1290284089,0.0670622658,,,,,,,,,0.0606364724
103500,1.20200000,0.2359486889,0.2352232621,0.2331019619,0.2295295847,0.2244695720,0.2178735947,0.2096464588,0.1996113812,0.1874782119,0.1727423895,0.1542869731,0.1289778931,0.0670440828,,,,,,,,,0.0606200755
103560,1.20200000,0.2358150241,0.2350902511,0.2329708566,0.2294016673,0.2243461228,0.2177558870,0.2095357789,0.1995090670,0.1873856997,0.1726613084,0.1542194397,0.1289274490,0.0670259333,,,,,,,,,0.0606037164
103620,1.20200000,0.2356815758,0.2349574554,0.2328399632,0.2292739558,0.2242228713,0.2176383664,0.2094252732,0.1994069121,0.1872933293,0.1725803492,0.1541520055,0.1288770766,0.0670078173,,,,,,,,,0.0605873948
103680,1.20200000,0.2355483437,0.2348248748,0.2327092812,0.2291464497,0.2240998170,0.2175210324,0.2093149414,0.1993049160,0.1872011005,0.1724995119,0.1540846703,0.1288267757,0.0669897347,,,,,,,,,0.0605711106
103740,1.20200000,0.2354153273,0.2346925085,0.2325788100,0.2290191486,0.2239769594,0.2174038847,0.2092047831,0.1992030784,0.1871090129,0.1724187960,0.1540174337,0.1287765460,0.0669716853,,,,,,,,,0.0605548638
103800,1.20200000,0.2352825260,0.2345603561,0.2324485492,0.2288920520,0.2238542981,0.2172869227,0.2090947979,0.1991013990,0.1870170661,0.1723382013,0.1539502957,0.1287263876,0.0669536692,,,,,,,,,0.0605386542
103860,1.20200000,0.2351499393,0.2344284172,0.2323184983,0.2287651594,0.2237318326,0.2171701461,0.2089849853,0.1989998773,0.1869252600,0.1722577275,0.1538832560,0.1286763001,0.0669356862,,,,,,,,,0.0605224817
103920,1.20200000,0.2350175667,0.2342966911,0.2321886568,0.2286384703,0.2236095624,0.2170535544,0.2088753450,0.1988985130,0.1868335941,0.1721773744,0.1538163144,0.1286262835,0.0669177362,,,,,,,,,0.0605063461
103980,1.20200000,0.2348854077,0.2341651775,0.2320590242,0.2285119843,0.2234874871,0.2169371472,0.2087658765,0.1987973057,0.1867420681,0.1720971417,0.1537494706,0.1285763376,0.0668998191,,,,,,,,,0.0604902475
104040,1.20200000,0.2347534618,0.2340338757,0.2319295999,0.2283857008,0.2233656062,0.2168209240,0.2086565796,0.1986962551,0.1866506817,0.1720170291,0.1536827245,0.1285264623,0.0668819349,,,,,,,,,0.0604741857
104100,1.20200000,0.2346217285,0.2339027853,0.2318003836,0.2282596194,0.2232439192,0.2167048844,0.2085474537,0.1985953608,0.1865594347,0.1719370363,0.1536160758,0.1284766574,0.0668640834,,,,,,,,,0.0604581605
104160,1.20200000,0.2344902073,0.2337719058,0.2316713746,0.2281337396,0.2231224258,0.2165890281,0.2084384984,0.1984946225,0.1864683266,0.1718571632,0.1535495243,0.1284269227,0.0668462645,,,,,,,,,0.0604421719
104220,1.20200000,0.2343588976,0.2336412368,0.2315425726,0.2280080609,0.2230011255,0.2164733545,0.2083297135,0.1983940398,0.1863773572,0.1717774093,0.1534830699,0.1283772581,0.0668284783,,,,,,,,,0.0604262198
104280,1.20200000,0.2342277991,0.2335107775,0.2314139770,0.2278825828,0.2228800177,0.2163578632,0.2082210984,0.1982936124,0.1862865261,0.1716977745,0.1534167122,0.1283276634,0.0668107245,,,,,,,,,0.0604103040
104340,1.20200000,0.2340969111,0.2333805277,0.2312855874,0.2277573050,0.2227591022,0.2162425538,0.2081126529,0.1981933398,0.1861958331,0.1716182585,0.1533504511,0.1282781385,0.0667930030,,,,,,,,,0.0603944245
104400,1.20200000,0.2339662332,0.2332504869,0.2311574032,0.2276322269,0.2226383783,0.2161274260,0.2080043764,0.1980932217,0.1861052778,0.1715388609,0.1532842864,0.1282286833,0.0667753139,,,,,,,,,0.0603785810
104460,1.20196667,0.2338357595,0.2331206063,0.2310292514,0.2275069725,0.2225171911,0.2160114695,0.2078947474,0.1979911076,0.1860119387,0.1714555394,0.1532123897,0.1281700194,0.0666804291,,,,,,,,,0.0603629480
104520,1.20193333,0.2337054877,0.2329909267,0.2309012973,0.2273819107,0.2223961891,0.2158956890,0.2077852832,0.1978891452,0.1859187361,0.1713723372,0.1531405931,0.1281114334,0.0665856686,,,,,,,,,0.0603473955
104580,1.20190000,0.2335754174,0.2328614474,0.2307735404,0.2272570409,0.2222753720,0.2157800840,0.2076759834,0.1977873341,0.1858256698,0.1712892542,0.1530688964,0.1280529251,0.0664863208,,,,,,,,,0.0603318951
104640,1.20186667,0.2334455480,0.2327321680,0.2306459804,0.2271323628,0.2221547393,0.2156646543,0.2075668477,0.1976856740,0.1857327393,0.1712062901,0.1529972994,0.1279944942,0.0663704184,,,,,,,,,0.0603164386
104700,1.20183333,0.2333158792,0.2326030881,0.2305186168,0.2270078759,0.2220342905,0.2155493993,0.2074578757,0.1975841645,0.1856399445,0.1711234446,0.1529258018,0.1279361408,0.0662546119,,,,,,,,,0.0603010224
104760,1.20180000,0.2331864104,0.2324742072,0.2303914491,0.2268835797,0.2219140254,0.2154343187,0.2073490670,0.1974828054,0.1855472850,0.1710407175,0.1528544035,0.1278778646,0.0661388994,,,,,,,,,0.0602856444
104820,1.20176667,0.2330571413,0.2323455249,0.2302644769,0.2267594740,0.2217939435,0.2153194121,0.2072404213,0.1973815962,0.1854547605,0.1709581085,0.1527831042,0.1278196655,0.0660232797,,,,,,,,,0.0602703036
104880,1.20173333,0.2329280713,0.2322170407,0.2301376998,0.2266355581,0.2216740443,0.2152046791,0.2071319381,0.1972805367,0.1853623708,0.1708756173,0.1527119038,0.1277615434,0.0659077521,,,,,,,,,0.0602549989
104940,1.20170000,0.2327992001,0.2320887542,0.2300111173,0.2265118318,0.2215543274,0.2150901193,0.2070236173,0.1971796265,0.1852701155,0.1707932438,0.1526408020,0.1277034981,0.0657923159,,,,,,,,,0.0602397299
105000,1.20166667,0.2326705271,0.2319606649,0.2298847289,0.2263882945,0.2214347926,0.2149757324,0.2069154583,0.1970788654,0.1851779943,0.1707109877,0.1525697985,0.1276455294,0.0656769709,,,,,,,,,0.0602244960
105060,1.20163333,0.2325420520,0.2318327724,0.2297585343,0.2262649459,0.2213154392,0.2148615179,0.2068074608,0.1969782529,0.1850860070,0.1706288487,0.1524988933,0.1275876373,0.0655617169,,,,,,,,,0.0602092969
105120,1.20160000,0.2324137742,0.2317050762,0.2296325330,0.2261417855,0.2211962670,0.2147474755,0.2066996245,0.1968777888,0.1849941532,0.1705468265,0.1524280861,0.1275298215,0.0654465536,,,,,,,,,0.0601941323
105180,1.20156667,0.2322856934,0.2315775759,0.2295067245,0.2260188129,0.2210772755,0.2146336048,0.2065919491,0.1967774726,0.1849024327,0.1704649209,0.1523573767,0.1274720820,0.0653314808,,,,,,,,,0.0601790019
105240,1.20153333,0.2321578091,0.2314502711,0.2293811085,0.2258960277,0.2209584643,0.2145199054,0.2064844341,0.1966773042,0.1848108452,0.1703831317,0.1522867649,0.1274144186,0.0652164986,,,,,,,,,0.0601639055
105300,1.20150000,0.2320301208,0.2313231612,0.2292556845,0.2257734295,0.2208398331,0.2144063769,0.2063770792,0.1965772832,0.1847193904,0.1703014586,0.1522162504,0.1273568312,0.0651016068,,,,,,,,,0.0601488428
105360,1.20146667,0.2319026281,0.2311962460,0.2291304520,0.2256510177,0.2207213814,0.2142930190,0.2062698840,0.1964774092,0.1846280679,0.1702199013,0.1521458331,0.1272993195,0.0649868053,,,,,,,,,0.0601338138
105420,1.20143333,0.2317753306,0.2310695249,0.2290054107,0.2255287922,0.2206031088,0.2141798312,0.2061628482,0.1963776819,0.1845368776,0.1701384597,0.1520755128,0.1272418835,0.0648720942,,,,,,,,,0.0601188181
105480,1.20140000,0.2316482279,0.2309429975,0.2288805601,0.2254067523,0.2204850149,0.2140668132,0.2060559715,0.1962781011,0.1844458192,0.1700571334,0.1520052893,0.1271845230,0.0647574733,,,,,,,,,0.0601038558
105540,1.20136667,0.2315213194,0.2308166633,0.2287558998,0.2252848977,0.2203670993,0.2139539646,0.2059492535,0.1961786663,0.1843548922,0.1699759222,0.1519351623,0.1271272379,0.0646429427,,,,,,,,,0.0600889266
105600,1.20133333,0.2313946048,0.2306905220,0.2286314293,0.2251632280,0.2202493617,0.2138412851,0.2058426939,0.1960793773,0.1842640966,0.1698948259,0.1518651317,0.1270700279,0.0645285024,,,,,,,,,0.0600740304
105660,1.20130000,0.2312680835,0.2305645731,0.2285071482,0.2250417428,0.2201318016,0.2137287742,0.2057362922,0.1959802337,0.1841734319,0.1698138443,0.1517951973,0.1270128930,0.0644141523,,,,,,,,,0.0600591670
105720,1.20126667,0.2311417553,0.2304388162,0.2283830562,0.2249204416,0.2200144186,0.2136164316,0.2056300482,0.1958812353,0.1840828979,0.1697329770,0.1517253588,0.1269558330,0.0642998925,,,,,,,,,0.0600443364
105780,1.20123333,0.2310156196,0.2303132508,0.2282591527,0.2247993240,0.2198972124,0.2135042569,0.2055239615,0.1957823817,0.1839924943,0.1696522238,0.1516556161,0.1268988477,0.0641857230,,,,,,,,,0.0600295383
105840,1.20120000,0.2308896761,0.2301878765,0.2281354374,0.2246783897,0.2197801825,0.2133922498,0.2054180317,0.1956836726,0.1839022208,0.1695715845,0.1515859690,0.1268419369,0.0640716437,,,,,,,,,0.0600147728
105900,1.20116667,0.2307639242,0.2300626928,0.2280119099,0.2245576382,0.2196633285,0.2132804098,0.2053122586,0.1955851077,0.1838120772,0.1694910589,0.1515164173,0.1267851006,0.0639576548,,,,,,,,,0.0600000396
105960,1.20113333,0.2306383637,0.2299376995,0.2278885697,0.2244370692,0.2195466502,0.2131687367,0.2052066417,0.1954866866,0.1837220631,0.1694106467,0.1514469607,0.1267283385,0.0638437561,,,,,,,,,0.0599853387
106020,1.20110000,0.2305129939,0.2298128960,0.2277654163,0.2243166821,0.2194301470,0.2130572300,0.2051011807,0.1953884092,0.1836321783,0.1693303476,0.1513775991,0.1266716506,0.0637299477,,,,,,,,,0.0599706699
106080,1.20106667,0.2303878146,0.2296882818,0.2276424495,0.2241964766,0.2193138186,0.2129458893,0.2049958754,0.1952902749,0.1835424226,0.1692501615,0.1513083322,0.1266150365,0.0636162297,,,,,,,,,0.0599560332
106140,1.20103333,0.2302628252,0.2295638567,0.2275196687,0.2240764524,0.2191976646,0.2128347144,0.2048907253,0.1951922836,0.1834527956,0.1691700881,0.1512391600,0.1265584963,0.0635026021,,,,,,,,,0.0599414285
106200,1.20100000,0.2301380254,0.2294396201,0.2273970736,0.2239566090,0.2190816846,0.2127237048,0.2047857301,0.1950944349,0.1833632970,0.1690901271,0.1511700821,0.1265020297,0.0633890648,,,,,,,,,0.0599268555
106260,1.20100000,0.2300134199,0.2293156184,0.2272748321,0.2238373123,0.2189665173,0.2126138463,0.2046823761,0.1949988313,0.1832767856,0.1690142388,0.1511068168,0.1264547573,0.0633733426,,,,,,,,,0.0599121462
106320,1.20100000,0.2298890100,0.2291918113,0.2271527819,0.2237182017,0.2188515285,0.2125041569,0.2045791798,0.1949033719,0.1831904027,0.1689384611,0.1510436415,0.1264075500,0.0633576076,,,,,,,,,0.0598974260
106380,1.20100000,0.2297647953,0.2290681981,0.2270309225,0.2235992766,0.2187367179,0.2123946362,0.2044761407,0.1948080562,0.1831041480,0.1688627939,0.1509805560,0.1263604078,0.0633418860,,,,,,,,,0.0598827220
106440,1.20100000,0.2296407753,0.2289447786,0.2269092536,0.2234805367,0.2186220851,0.2122852839,0.2043732585,0.1947128840,0.1830180213,0.1687872368,0.1509175602,0.1263133305,0.0633261854,,,,,,,,,0.0598680417
106500,1.20100000,0.2295169495,0.2288215523,0.2267877747,0.2233619815,0.2185076297,0.2121760995,0.2042705329,0.1946178549,0.1829320221,0.1687117896,0.1508546539,0.1262663179,0.0633105092,,,,,,,,,0.0598533882
106560,1.20100000,0.2293933175,0.2286985186,0.2266664853,0.2232436106,0.2183933511,0.2120670827,0.2041679635,0.1945229686,0.1828461504,0.1686364520,0.1507918369,0.1262193699,0.0632948591,,,,,,,,,0.0598387634
106620,1.20100000,0.2292698788,0.2285756772,0.2265453851,0.2231254235,0.2182792492,0.2119582331,0.2040655499,0.1944282248,0.1827604057,0.1685612240,0.1507291089,0.1261724863,0.0632792363,,,,,,,,,0.0598241682
106680,1.20100000,0.2291466331,0.2284530277,0.2264244735,0.2230074199,0.2181653233,0.2118495503,0.2039632918,0.1943336233,0.1826747878,0.1684861051,0.1506664698,0.1261256670,0.0632636414,,,,,,,,,0.0598096031
106740,1.20100000,0.2290235798,0.2283305695,0.2263037502,0.2228895993,0.2180515732,0.2117410339,0.2038611889,0.1942391635,0.1825892965,0.1684110951,0.1506039194,0.1260789118,0.0632480747,,,,,,,,,0.0597950686
106800,1.20100000,0.2289007186,0.2282083023,0.2261832147,0.2227719614,0.2179379985,0.2116326836,0.2037592408,0.1941448453,0.1825039314,0.1683361939,0.1505414575,0.1260322206,0.0632325365,,,,,,,,,0.0597805649
106860,1.20100000,0.2287780489,0.2280862256,0.2260628666,0.2226545056,0.2178245987,0.2115244990,0.2036574471,0.1940506684,0.1824186922,0.1682614012,0.1504790840,0.1259855932,0.0632170272,,,,,,,,,0.0597660921
106920,1.20100000,0.2286555703,0.2279643390,0.2259427055,0.2225372316,0.2177113734,0.2114164797,0.2035558076,0.1939566323,0.1823335787,0.1681867167,0.1504167986,0.1259390295,0.0632015466,,,,,,,,,0.0597516505
106980,1.20100000,0.2285332825,0.2278426419,0.2258227309,0.2224201389,0.2175983223,0.2113086254,0.2034543218,0.1938627369,0.1822485907,0.1681121403,0.1503546011,0.1258925292,0.0631860950,,,,,,,,,0.0597372399
107040,1.20100000,0.2284111849,0.2277211341,0.2257029424,0.2223032272,0.2174854449,0.2112009356,0.2033529894,0.1937689817,0.1821637277,0.1680376716,0.1502924913,0.1258460923,0.0631706724,,,,,,,,,0.0597228605
107100,1.20100000,0.2282892772,0.2275998151,0.2255833396,0.2221864961,0.2173727408,0.2110934099,0.2032518100,0.1936753665,0.1820789896,0.1679633105,0.1502304692,0.1257997187,0.0631552789,,,,,,,,,0.0597085123
107160,1.20100000,0.2281675588,0.2274786844,0.2254639220,0.2220699450,0.2172602098,0.2109860481,0.2031507834,0.1935818910,0.1819943761,0.1678890567,0.1501685344,0.1257534080,0.0631399143,,,,,,,,,0.0596941952
107220,1.20100000,0.2280460294,0.2273577416,0.2253446892,0.2219535737,0.2171478513,0.2108788498,0.2030499092,0.1934885548,0.1819098869,0.1678149100,0.1501066868,0.1257071604,0.0631245787,,,,,,,,,0.0596799092
107280,1.20100000,0.2279246885,0.2272369862,0.2252256409,0.2218373816,0.2170356649,0.2107718145,0.2029491870,0.1933953577,0.1818255218,0.1677408701,0.1500449262,0.1256609755,0.0631092721,,,,,,,,,0.0596656543
107340,1.20100000,0.2278035357,0.2271164179,0.2251067766,0.2217213685,0.2169236504,0.2106649420,0.2028486165,0.1933022993,0.1817412803,0.1676669369,0.1499832524,0.1256148532,0.0630939945,,,,,,,,,0.0596514305
107400,1.20100000,0.2276825706,0.2269960362,0.2249880958,0.2216055338,0.2168118072,0.2105582318,0.2027481974,0.1932093794,0.1816571624,0.1675931100,0.1499216653,0.1255687935,0.0630787458,,,,,,,,,0.0596372377
107460,1.20100000,0.2275617927,0.2268758407,0.2248695981,0.2214898772,0.2167001351,0.2104516835,0.2026479293,0.1931165975,0.1815731677,0.1675193893,0.1498601645,0.1255227961,0.0630635259,,,,,,,,,0.0596230758
107520,1.20100000,0.2274412016,0.2267558310,0.2247512832,0.2213743983,0.2165886336,0.2103452969,0.2025478119,0.1930239535,0.1814892960,0.1674457746,0.1497987501,0.1254768610,0.0630483349,,,,,,,,,0.0596089448
107580,1.20100000,0.2273207969,0.2266360066,0.2246331507,0.2212590966,0.2164773023,0.2102390716,0.2024478448,0.1929314470,0.1814055469,0.1673722655,0.1497374217,0.1254309880,0.0630331726,,,,,,,,,0.0595948446
107640,1.20100000,0.2272005781,0.2265163671,0.2245152000,0.2211439719,0.2163661408,0.2101330071,0.2023480278,0.1928390777,0.1813219203,0.1672988619,0.1496761792,0.1253851770,0.0630180391,,,,,,,,,0.0595807752
107700,1.20100000,0.2270805449,0.2263969121,0.2243974308,0.2210290236,0.2162551489,0.2100271031,0.2022483604,0.1927468453,0.1812384158,0.1672255636,0.1496150223,0.1253394279,0.0630029342,,,,,,,,,0.0595667365
107760,1.20100000,0.2269606968,0.2262776412,0.2242798426,0.2209142513,0.2161443260,0.2099213594,0.2021488424,0.1926547495,0.1811550331,0.1671523702,0.1495539510,0.1252937405,0.0629878579,,,,,,,,,0.0595527284
107820,1.20100000,0.2268410333,0.2261585540,0.2241624352,0.2207996547,0.2160336718,0.2098157754,0.2020494734,0.1925627899,0.1810717721,0.1670792817,0.1494929651,0.1252481147,0.0629728101,,,,,,,,,0.0595387508
107880,1.20100000,0.2267215542,0.2260396500,0.2240452080,0.2206852335,0.2159231859,0.2097103509,0.2019502530,0.1924709664,0.1809886324,0.1670062977,0.1494320643,0.1252025503,0.0629577909,,,,,,,,,0.0595248037
107940,1.20100000,0.2266022588,0.2259209288,0.2239281606,0.2205709870,0.2158128680,0.2096050855,0.2018511810,0.1923792786,0.1809056138,0.1669334181,0.1493712484,0.1251570473,0.0629428000,,,,,,,,,0.0595108870
108000,1.20100000,0.2264831470,0.2258023900,0.2238112927,0.2204569151,0.2157027177,0.2094999788,0.2017522571,0.1922877262,0.1808227161,0.1668606426,0.1493105173,0.1251116056,0.0629278375,,,,,,,,,0.0594970007
108060,1.20100000,0.2263642181,0.2256840333,0.2236946038,0.2203430172,0.2155927345,0.2093950305,0.2016534808,0.1921963089,0.1807399389,0.1667879710,0.1492498709,0.1250662249,0.0629129033,,,,,,,,,0.0594831445
108120,1.20100000,0.2262454718,0.2255658581,0.2235780935,0.2202292931,0.2154829182,0.2092902402,0.2015548519,0.1921050264,0.1806572819,0.1667154030,0.1491893088,0.1250209052,0.0628979972,,,,,,,,,0.0594693186
108180,1.20100000,0.2261269077,0.2254478641,0.2234617615,0.2201157422,0.2153732683,0.2091856076,0.2014563700,0.1920138784,0.1805747450,0.1666429385,0.1491288311,0.1249756463,0.0628831193,,,,,,,,,0.0594555227
108240,1.20100000,0.2260085254,0.2253300508,0.2233456073,0.2200023643,0.2152637844,0.2090811324,0.2013580348,0.1919228646,0.1804923279,0.1665705773,0.1490684373,0.1249304482,0.0628682695,,,,,,,,,0.0594417569
108300,1.20100000,0.2258903245,0.2252124179,0.2232296305,0.2198891589,0.2151544663,0.2089768141,0.2012598461,0.1918319847,0.1804100303,0.1664983190,0.1490081275,0.1248853106,0.0628534477,,,,,,,,,0.0594280210
108360,1.20100000,0.2257723045,0.2250949650,0.2231138307,0.2197761256,0.2150453134,0.2088726524,0.2011618033,0.1917412385,0.1803278519,0.1664261635,0.1489479014,0.1248402336,0.0628386539,,,,,,,,,0.0594143149
108420,1.20100000,0.2256544650,0.2249776916,0.2229982075,0.2196632641,0.2149363256,0.2087686470,0.2010639063,0.1916506255,0.1802457926,0.1663541106,0.1488877587,0.1247952169,0.0628238879,,,,,,,,,0.0594006387
108480,1.20100000,0.2255368057,0.2248605973,0.2228827606,0.2195505739,0.2148275023,0.2086647975,0.2009661548,0.1915601457,0.1801638519,0.1662821600,0.1488276995,0.1247502604,0.0628091497,,,,,,,,,0.0593869921
108540,1.20100000,0.2254193261,0.2247436817,0.2227674894,0.2194380547,0.2147188432,0.2085611036,0.2008685483,0.1914697985,0.1800820298,0.1662103115,0.1487677234,0.1247053640,0.0627944393,,,,,,,,,0.0593733751
108600,1.20100000,0.2253020259,0.2246269445,0.2226523938,0.2193257061,0.2146103480,0.2084575650,0.2007710866,0.1913795838,0.1800003258,0.1661385650,0.1487078304,0.1246605276,0.0627797565,,,,,,,,,0.0593597877
108660,1.20100000,0.2251849045,0.2245103852,0.2225374731,0.2192135277,0.2145020162,0.2083541812,0.2006737694,0.1912895013,0.1799187399,0.1660669201,0.1486480201,0.1246157511,0.0627651013,,,,,,,,,0.0593462298
108720,1.20100000,0.2250679617,0.2243940034,0.2224227271,0.2191015191,0.2143938476,0.2082509520,0.2005765963,0.1911995507,0.1798372716,0.1659953767,0.1485882925,0.1245710343,0.0627504736,,,,,,,,,0.0593327012
108780,1.20100000,0.2249511970,0.2242777988,0.2223081553,0.2189896800,0.2142858417,0.2081478770,0.2004795670,0.1911097316,0.1797559208,0.1659239345,0.1485286474,0.1245263771,0.0627358733,,,,,,,,,0.0593192020
108840,1.20100000,0.2248346100,0.2241617709,0.2221937574,0.2188780099,0.2141779982,0.2080449558,0.2003826812,0.1910200439,0.1796746872,0.1658525934,0.1484690846,0.1244817795,0.0627213005,,,,,,,,,0.0593057319
108900,1.20100000,0.2247182003,0.2240459193,0.2220795329,0.2187665086,0.2140703167,0.2079421882,0.2002859386,0.1909304872,0.1795935705,0.1657813531,0.1484096039,0.1244372412,0.0627067549,,,,,,,,,0.0592922911
108960,1.20100000,0.2246019675,0.2239302436,0.2219654815,0.2186551755,0.2139627969,0.2078395737,0.2001893389,0.1908410612,0.1795125705,0.1657102134,0.1483502052,0.1243927622,0.0626922366,,,,,,,,,0.0592788792
109020,1.20100000,0.2244859112,0.2238147435,0.2218516028,0.2185440104,0.2138554384,0.2077371121,0.2000928817,0.1907517656,0.1794316870,0.1656391741,0.1482908883,0.1243483423,0.0626777455,,,,,,,,,0.0592654964
109080,1.20100000,0.2243700311,0.2236994185,0.2217378964,0.2184330128,0.2137482409,0.2076348029,0.1999965668,0.1906626002,0.1793509197,0.1655682349,0.1482316530,0.1243039815,0.0626632814,,,,,,,,,0.0592521425
109140,1.20100000,0.2242543267,0.2235842683,0.2216243620,0.2183221825,0.2136412039,0.2075326460,0.1999003938,0.1905735647,0.1792702683,0.1654973958,0.1481724991,0.1242596795,0.0626488444,,,,,,,,,0.0592388174
109200,1.20100000,0.2241387976,0.2234692924,0.2215109990,0.2182115189,0.2135343272,0.2074306408,0.1998043624,0.1904846588,0.1791897326,0.1654266563,0.1481134265,0.1242154363,0.0626344344,,,,,,,,,0.0592255210
109260,1.20100000,0.2240234435,0.2233544905,0.2213978072,0.2181010218,0.2134276103,0.2073287872,0.1997084723,0.1903958821,0.1791093123,0.1653560165,0.1480544350,0.1241712518,0.0626200512,,,,,,,,,0.0592122533
109320,1.20100000,0.2239082639,0.2232398622,0.2212847862,0.2179906908,0.2133210530,0.2072270847,0.1996127232,0.1903072346,0.1790290073,0.1652854759,0.1479955245,0.1241271259,0.0626056948,,,,,,,,,0.0591990142
109380,1.20100000,0.2237932584,0.2231254071,0.2211719356,0.2178805255,0.2132146548,0.2071255330,0.1995171149,0.1902187157,0.1789488172,0.1652150344,0.1479366947,0.1240830584,0.0625913652,,,,,,,,,0.0591858036
109440,1.20100000,0.2236784267,0.2230111248,0.2210592549,0.2177705255,0.2131084155,0.2070241319,0.1994216469,0.1901303254,0.1788687418,0.1651446919,0.1478779455,0.1240390491,0.0625770623,,,,,,,,,0.0591726215
109500,1.20100000,0.2235637685,0.2228970149,0.2209467439,0.2176606904,0.2130023346,0.2069228809,0.1993263190,0.1900420632,0.1787887808,0.1650744481,0.1478192767,0.1239950981,0.0625627860,,,,,,,,,0.0591594677
109560,1.20100000,0.2234492831,0.2227830770,0.2208344021,0.2175510200,0.2128964119,0.2068217797,0.1992311308,0.1899539290,0.1787089341,0.1650043027,0.1477606882,0.1239512052,0.0625485362,,,,,,,,,0.0591463422
109620,1.20100000,0.2233349705,0.2226693108,0.2207222293,0.2174415138,0.2127906469,0.2067208280,0.1991360821,0.1898659224,0.1786292013,0.1649342556,0.1477021798,0.1239073702,0.0625343130,,,,,,,,,0.0591332449
109680,1.20100000,0.2232208300,0.2225557158,0.2206102249,0.2173321715,0.2126850393,0.2066200255,0.1990411726,0.1897780432,0.1785495822,0.1648643066,0.1476437513,0.1238635930,0.0625201161,,,,,,,,,0.0591201757
109740,1.20100000,0.2231068613,0.2224422918,0.2204983886,0.2172229926,0.2125795888,0.2065193719,0.1989464019,0.1896902910,0.1784700767,0.1647944555,0.1475854026,0.1238198736,0.0625059455,,,,,,,,,0.0591071345
109800,1.20100000,0.2229930642,0.2223290382,0.2203867200,0.2171139770,0.2124742950,0.2064188667,0.1988517698,0.1896026657,0.1783906843,0.1647247020,0.1475271335,0.1237762118,0.0624918012,,,,,,,,,0.0590941213
109860,1.20100000,0.2228794380,0.2222159548,0.2202752189,0.2170051241,0.2123691576,0.2063185098,0.1987572760,0.1895151669,0.1783114050,0.1646550460,0.1474689438,0.1237326075,0.0624776831,,,,,,,,,0.0590811360
109920,1.20100000,0.2227659826,0.2221030411,0.2201638847,0.2168964336,0.2122641762,0.2062183007,0.1986629201,0.1894277943,0.1782322384,0.1645854872,0.1474108333,0.1236890606,0.0624635911,,,,,,,,,0.0590681786
109980,1.20100000,0.2226526975,0.2219902968,0.2200527172,0.2167879052,0.2121593505,0.2061182392,0.1985687018,0.1893405478,0.1781531843,0.1645160254,0.1473528020,0.1236455709,0.0624495252,,,,,,,,,0.0590552488
110040,1.20100000,0.2225395823,0.2218777215,0.2199417160,0.2166795385,0.2120546801,0.2060183249,0.1984746209,0.1892534270,0.1780742425,0.1644466605,0.1472948496,0.1236021384,0.0624354853,,,,,,,,,0.0590423468
110100,1.20100000,0.2224266367,0.2217653148,0.2198308806,0.2165713331,0.2119501648,0.2059185574,0.1983806771,0.1891664316,0.1779954127,0.1643773922,0.1472369760,0.1235587629,0.0624214713,,,,,,,,,0.0590294723
110160,1.20100000,0.2223138603,0.2216530764,0.2197202108,0.2164632888,0.2118458041,0.2058189366,0.1982868700,0.1890795615,0.1779166947,0.1643082203,0.1471791810,0.1235154443,0.0624074832,,,,,,,,,0.0590166253
110220,1.20100000,0.2222012527,0.2215410058,0.2196097061,0.2163554050,0.2117415977,0.2057194620,0.1981931994,0.1889928162,0.1778380882,0.1642391447,0.1471214645,0.1234721826,0.0623935209,,,,,,,,,0.0590038057
110280,1.20100000,0.2220888135,0.2214291027,0.2194993662,0.2162476816,0.2116375453,0.2056201334,0.1980996649,0.1889061956,0.1777595931,0.1641701651,0.1470638262,0.1234289775,0.0623795843,,,,,,,,,0.0589910135
110340,1.20100000,0.2219765423,0.2213173668,0.2193891908,0.2161401181,0.2115336466,0.2055209504,0.1980062663,0.1888196993,0.1776812091,0.1641012813,0.1470062661,0.1233858290,0.0623656733,,,,,,,,,0.0589782486
110400,1.20100000,0.2218644389,0.2212057976,0.2192791794,0.2160327141,0.2114299012,0.2054219126,0.1979130033,0.1887333272,0.1776029359,0.1640324931,0.1469487839,0.1233427370,0.0623517879,,,,,,,,,0.0589655109
110460,1.20100000,0.2217525027,0.2210943948,0.2191693317,0.2159254694,0.2113263087,0.2053230199,0.1978198755,0.1886470789,0.1775247733,0.1639638004,0.1468913796,0.1232997014,0.0623379281,,,,,,,,,0.0589528003
110520,1.20100000,0.2216407336,0.2209831581,0.2190596474,0.2158183836,0.2112228689,0.2052242719,0.1977268828,0.1885609542,0.1774467211,0.1638952029,0.1468340528,0.1232567219,0.0623240937,,,,,,,,,0.0589401168
110580,1.20100000,0.2215291309,0.2208720870,0.2189501260,0.2157114563,0.2111195814,0.2051256681,0.1976340247,0.1884749528,0.1773687790,0.1638267003,0.1467768036,0.1232137986,0.0623102847,,,,,,,,,0.0589274603
110640,1.20100000,0.2214176945,0.2207611812,0.2188407673,0.2156046872,0.2110164458,0.2050272085,0.1975413010,0.1883890744,0.1772909468,0.1637582926,0.1467196317,0.1231709313,0.0622965010,,,,,,,,,0.0589148306
110700,1.20100000,0.2213064240,0.2206504403,0.2187315709,0.2154980759,0.2109134619,0.2049288925,0.1974487115,0.1883033188,0.1772132243,0.1636899796,0.1466625370,0.1231281200,0.0622827426,,,,,,,,,0.0589022278
110760,1.20100000,0.2211953189,0.2205398640,0.2186225363,0.2153916220,0.2108106293,0.2048307200,0.1973562558,0.1882176858,0.1771356113,0.1636217609,0.1466055193,0.1230853644,0.0622690094,,,,,,,,,0.0588896518
110820,1.20100000,0.2210843789,0.2204294519,0.2185136634,0.2152853254,0.2107079477,0.2047326906,0.1972639336,0.1881321750,0.1770581074,0.1635536365,0.1465485784,0.1230426645,0.0622553013,,,,,,,,,0.0588771024
110880,1.20100000,0.2209736037,0.2203192036,0.2184049516,0.2151791855,0.2106054167,0.2046348039,0.1971717447,0.1880467862,0.1769807126,0.1634856061,0.1464917142,0.1230000201,0.0622416182,,,,,,,,,0.0588645797
110940,1.20100000,0.2208629929,0.2202091188,0.2182964007,0.2150732021,0.2105030361,0.2045370598,0.1970796887,0.1879615191,0.1769034265,0.1634176696,0.1464349266,0.1229574313,0.0622279602,,,,,,,,,0.0588520835
111000,1.20100000,0.2207525461,0.2200991972,0.2181880102,0.2149673748,0.2104008054,0.2044394578,0.1969877654,0.1878763735,0.1768262489,0.1633498267,0.1463782153,0.1229148977,0.0622143271,,,,,,,,,0.0588396138
111060,1.20100000,0.2206422629,0.2199894383,0.2180797800,0.2148617032,0.2102987244,0.2043419977,0.1968959745,0.1877913492,0.1767491796,0.1632820772,0.1463215803,0.1228724194,0.0622007189,,,,,,,,,0.0588271704
111120,1.20100000,0.2205321431,0.2198798418,0.2179717095,0.2147561871,0.2101967928,0.2042446792,0.1968043157,0.1877064458,0.1766722183,0.1632144210,0.1462650213,0.1228299963,0.0621871354,,,,,,,,,0.0588147534
111180,1.20100000,0.2204221862,0.2197704074,0.2178637984,0.2146508261,0.2100950101,0.2041475019,0.1967127888,0.1876216631,0.1765953649,0.1631468579,0.1462085383,0.1227876281,0.0621735767,,,,,,,,,0.0588023627
111240,1.20100000,0.2203123919,0.2196611346,0.2177560464,0.2145456198,0.2099933762,0.2040504655,0.1966213933,0.1875370008,0.1765186191,0.1630793876,0.1461521310,0.1227453149,0.0621600427,,,,,,,,,0.0587899981
111300,1.20100000,0.2202027598,0.2195520232,0.2176484532,0.2144405679,0.2098918906,0.2039535698,0.1965301291,0.1874524587,0.1764419807,0.1630120100,0.1460957993,0.1227030565,0.0621465333,,,,,,,,,0.0587776596
111360,1.20100000,0.2200932897,0.2194430728,0.2175410184,0.2143356702,0.2097905530,0.2038568145,0.1964389959,0.1873680366,0.1763654494,0.1629447248,0.1460395431,0.1226608527,0.0621330484,,,,,,,,,0.0587653471
111420,1.20100000,0.2199839810,0.2193342831,0.2174337416,0.2142309261,0.2096893632,0.2037601992,0.1963479934,0.1872837342,0.1762890250,0.1628775320,0.1459833622,0.1226187036,0.0621195881,,,,,,,,,0.0587530607
111480,1.20100000,0.2198748335,0.2192256536,0.2173266226,0.2141263355,0.2095883208,0.2036637236,0.1962571214,0.1871995511,0.1762127074,0.1628104312,0.1459272564,0.1225766089,0.0621061521,,,,,,,,,0.0587408001
111540,1.20100000,0.2197658468,0.2191171840,0.2172196609,0.2140218979,0.2094874255,0.2035673874,0.1961663794,0.1871154873,0.1761364962,0.1627434223,0.1458712256,0.1225345686,0.0620927405,,,,,,,,,0.0587285653
111600,1.20100000,0.2196570206,0.2190088740,0.2171128562,0.2139176131,0.2093866769,0.2034711904,0.1960757673,0.1870315423,0.1760603913,0.1626765052,0.1458152696,0.1224925825,0.0620793532,,,,,,,,,0.0587163563
111660,1.20100000,0.2195483545,0.2189007233,0.2170062082,0.2138134807,0.2092860748,0.2033751322,0.1959852848,0.1869477161,0.1759843924,0.1626096796,0.1457593883,0.1224506506,0.0620659902,,,,,,,,,0.0587041729
111720,1.20100000,0.2194398482,0.2187927315,0.2168997165,0.2137095003,0.2091856188,0.2032792126,0.1958949316,0.1868640082,0.1759084994,0.1625429453,0.1457035816,0.1224087728,0.0620526513,,,,,,,,,0.0586920152
111780,1.20100000,0.2193315013,0.2186848982,0.2167933809,0.2136056717,0.2090853087,0.2031834311,0.1958047074,0.1867804185,0.1758327119,0.1624763022,0.1456478492,0.1223669489,0.0620393365,,,,,,,,,0.0586798830
111840,1.20100000,0.2192233135,0.2185772231,0.2166872008,0.2135019946,0.2089851440,0.2030877877,0.1957146120,0.1866969468,0.1757570298,0.1624097500,0.1455921911,0.1223251788,0.0620260457,,,,,,,,,0.0586677763
111900,1.20100000,0.2191152844,0.2184697058,0.2165811762,0.2133984685,0.2088851246,0.2029922819,0.1956246450,0.1866135926,0.1756814529,0.1623432886,0.1455366070,0.1222834624,0.0620127790,,,,,,,,,0.0586556949
111960,1.20100000,0.2190074136,0.2183623461,0.2164753065,0.2132950932,0.2087852500,0.2028969134,0.1955348062,0.1865303560,0.1756059808,0.1622769177,0.1454810969,0.1222417997,0.0619995361,,,,,,,,,0.0586436390
112020,1.20100000,0.2188997009,0.2182551435,0.2163695914,0.2131918683,0.2086855199,0.2028016820,0.1954450954,0.1864472364,0.1755306135,0.1622106373,0.1454256606,0.1222001905,0.0619863172,,,,,,,,,0.0586316082
112080,1.20100000,0.2187921459,0.2181480978,0.2162640306,0.2130887935,0.2085859341,0.2027065873,0.1953555123,0.1863642338,0.1754553507,0.1621444471,0.1453702979,0.1221586346,0.0619731220,,,,,,,,,0.0586196027
112140,1.20100000,0.2186847483,0.2180412085,0.2161586239,0.2129858686,0.2084864923,0.2026116291,0.1952660565,0.1862813479,0.1753801921,0.1620783469,0.1453150087,0.1221171321,0.0619599506,,,,,,,,,0.0586076223
112200,1.20100000,0.2185775076,0.2179344754,0.2160533707,0.2128830930,0.2083871941,0.2025168071,0.1951767278,0.1861985784,0.1753051376,0.1620123365,0.1452597928,0.1220756828,0.0619468028,,,,,,,,,0.0585956669
112260,1.20100000,0.2184704236,0.2178278981,0.2159482709,0.2127804667,0.2082880392,0.2024221210,0.1950875260,0.1861159251,0.1752301870,0.1619464158,0.1452046501,0.1220342866,0.0619336787,,,,,,,,,0.0585837365
112320,1.20100000,0.2183634960,0.2177214763,0.2158433240,0.2126779891,0.2081890273,0.2023275705,0.1949984508,0.1860333878,0.1751553400,0.1618805846,0.1451495805,0.1219929433,0.0619205781,,,,,,,,,0.0585718311
112380,1.20100000,0.2182567243,0.2176152096,0.2157385298,0.2125756600,0.2080901582,0.2022331552,0.1949095019,0.1859509661,0.1750805963,0.1618148426,0.1450945837,0.1219516530,0.0619075010,,,,,,,,,0.0585599505
112440,1.20100000,0.2181501083,0.2175090977,0.2156338880,0.2124734792,0.2079914314,0.2021388750,0.1948206790,0.1858686599,0.1750059559,0.1617491898,0.1450396597,0.1219104154,0.0618944474,,,,,,,,,0.0585480947
112500,1.20100000,0.2180436476,0.2174031403,0.2155293981,0.2123714461,0.2078928467,0.2020447296,0.1947319819,0.1857864689,0.1749314184,0.1616836259,0.1449848083,0.1218692305,0.0618814171,,,,,,,,,0.0585362636
112560,1.20100000,0.2179373418,0.2172973370,0.2154250598,0.2122695607,0.2077944038,0.2019507185,0.1946434103,0.1857043928,0.1748569837,0.1616181507,0.1449300294,0.1218280982,0.0618684102,,,,,,,,,0.0585244571
112620,1.20100000,0.2178311907,0.2171916874,0.2153208729,0.2121678224,0.2076961024,0.2018568416,0.1945549639,0.1856224315,0.1747826516,0.1615527641,0.1448753227,0.1217870184,0.0618554265,,,,,,,,,0.0585126752
112680,1.20100000,0.2177251940,0.2170861914,0.2152168370,0.2120662311,0.2075979422,0.2017630986,0.1944666425,0.1855405847,0.1747084218,0.1614874658,0.1448206882,0.1217459909,0.0618424660,,,,,,,,,0.0585009179
112740,1.20100000,0.2176193512,0.2169808485,0.2151129518,0.2119647863,0.2074999229,0.2016694892,0.1943784459,0.1854588521,0.1746342941,0.1614222558,0.1447661258,0.1217050156,0.0618295287,,,,,,,,,0.0584891850
112800,1.20100000,0.2175136620,0.2168756584,0.2150092170,0.2118634878,0.2074020442,0.2015760131,0.1942903736,0.1853772335,0.1745602683,0.1613571337,0.1447116352,0.1216640926,0.0618166144,,,,,,,,,0.0584774765
112860,1.20100000,0.2174081261,0.2167706207,0.2149056321,0.2117623353,0.2073043057,0.2014826700,0.1942024256,0.1852957287,0.1744863443,0.1612920995,0.1446572163,0.1216232216,0.0618037232,,,,,,,,,0.0584657923
112920,1.20100000,0.2173027433,0.2166657352,0.2148021970,0.2116613284,0.2072067072,0.2013894596,0.1941146015,0.1852143375,0.1744125217,0.1612271530,0.1446028690,0.1215824026,0.0617908549,,,,,,,,,0.0584541323
112980,1.20100000,0.2171975131,0.2165610016,0.2146989113,0.2115604669,0.2071092484,0.2012963817,0.1940269011,0.1851330595,0.1743388004,0.1611622939,0.1445485932,0.1215416354,0.0617780095,,,,,,,,,0.0584424966
113040,1.20100000,0.2170924352,0.2164564194,0.2145957747,0.2114597504,0.2070119290,0.2012034360,0.1939393240,0.1850518946,0.1742651802,0.1610975221,0.1444943887,0.1215009200,0.0617651870,,,,,,,,,0.0584308849
113100,1.20100000,0.2169875093,0.2163519884,0.2144927867,0.2113591786,0.2069147487,0.2011106221,0.1938518701,0.1849708425,0.1741916608,0.1610328375,0.1444402553,0.1214602562,0.0617523873,,,,,,,,,0.0584192973
113160,1.20100000,0.2168827350,0.2162477082,0.2143899473,0.2112587513,0.2068177071,0.2010179399,0.1937645391,0.1848899030,0.1741182421,0.1609682398,0.1443861929,0.1214196440,0.0617396103,,,,,,,,,0.0584077337
113220,1.20100000,0.2167781122,0.2161435785,0.2142872559,0.2111584680,0.2067208041,0.2009253890,0.1936773307,0.1848090758,0.1740449239,0.1609037288,0.1443322015,0.1213790832,0.0617268559,,,,,,,,,0.0583961941
113280,1.20100000,0.2166736403,0.2160395991,0.2141847123,0.2110583285,0.2066240392,0.2008329691,0.1935902447,0.1847283608,0.1739717059,0.1608393045,0.1442782807,0.1213385738,0.0617141242,,,,,,,,,0.0583846782
113340,1.20100000,0.2165693191,0.2159357695,0.2140823163,0.2109583325,0.2065274123,0.2007406800,0.1935032808,0.1846477576,0.1738985879,0.1607749666,0.1442244305,0.1212981157,0.0617014151,,,,,,,,,0.0583731862
113400,1.20100000,0.2164651483,0.2158320894,0.2139800673,0.2108584797,0.2064309230,0.2006485215,0.1934164388,0.1845672661,0.1738255697,0.1607107149,0.1441706508,0.1212577087,0.0616887284,,,,,,,,,0.0583617179
113460,1.20100000,0.2163611276,0.2157285586,0.2138779653,0.2107587698,0.2063345710,0.2005564931,0.1933297183,0.1844868860,0.1737526512,0.1606465492,0.1441169414,0.1212173527,0.0616760642,,,,,,,,,0.0583502733
113520,1.20100000,0.2162572565,0.2156251767,0.2137760097,0.2106592024,0.2062383560,0.2004645948,0.1932431192,0.1844066171,0.1736798321,0.1605824695,0.1440633022,0.1211770477,0.0616634224,,,,,,,,,0.0583388523
113580,1.20100000,0.2161535349,0.2155219434,0.2136742004,0.2105597773,0.2061422778,0.2003728261,0.1931566412,0.1843264592,0.1736071122,0.1605184755,0.1440097330,0.1211367936,0.0616508030,,,,,,,,,0.0583274548
113640,1.20100000,0.2160499624,0.2154188584,0.2135725370,0.2104604941,0.2060463360,0.2002811868,0.1930702840,0.1842464120,0.1735344914,0.1604545670,0.1439562336,0.1210965902,0.0616382058,,,,,,,,,0.0583160809
113700,1.20100000,0.2159465386,0.2153159213,0.2134710192,0.2103613526,0.2059505304,0.2001896766,0.1929840474,0.1841664753,0.1734619693,0.1603907439,0.1439028041,0.1210564375,0.0616256308,,,,,,,,,0.0583047303
113760,1.20100000,0.2158432633,0.2152131319,0.2133696467,0.2102623525,0.2058548607,0.2000982953,0.1928979312,0.1840866488,0.1733895458,0.1603270059,0.1438494441,0.1210163353,0.0616130780,,,,,,,,,0.0582934031
113820,1.20100000,0.2157401362,0.2151104898,0.2132684191,0.2101634934,0.2057593265,0.2000070426,0.1928119350,0.1840069324,0.1733172208,0.1602633531,0.1437961536,0.1209762836,0.0616005473,,,,,,,,,0.0582820991
113880,1.20100000,0.2156371568,0.2150079947,0.2131673362,0.2100647751,0.2056639277,0.1999159182,0.1927260587,0.1839273258,0.1732449939,0.1601997850,0.1437429325,0.1209362823,0.0615880386,,,,,,,,,0.0582708184
113940,1.20100000,0.2155343250,0.2149056463,0.2130663977,0.2099661973,0.2055686639,0.1998249218,0.1926403019,0.1838478288,0.1731728651,0.1601363016,0.1436897806,0.1208963312,0.0615755520,,,,,,,,,0.0582595609
114000,1.20100000,0.2154316403,0.2148034443,0.2129656033,0.2098677596,0.2054735348,0.1997340533,0.1925546645,0.1837684411,0.1731008340,0.1600729028,0.1436366977,0.1208564303,0.0615630873,,,,,,,,,0.0582483264
114060,1.20100000,0.2153291025,0.2147013884,0.2128649526,0.2097694618,0.2053785401,0.1996433122,0.1924691461,0.1836891626,0.1730289006,0.1600095883,0.1435836837,0.1208165795,0.0615506445,,,,,,,,,0.0582371150
114120,1.20100000,0.2152267113,0.2145994783,0.2127644453,0.2096713035,0.2052836796,0.1995526984,0.1923837466,0.1836099930,0.1729570645,0.1599463579,0.1435307385,0.1207767787,0.0615382235,,,,,,,,,0.0582259266
114180,1.20100000,0.2151244663,0.2144977136,0.2126640812,0.2095732846,0.2051889530,0.1994622116,0.1922984657,0.1835309320,0.1728853256,0.1598832116,0.1434778620,0.1207370277,0.0615258243,,,,,,,,,0.0582147611
114240,1.20100000,0.2150223673,0.2143960940,0.2125638599,0.2094754046,0.2050943599,0.1993718515,0.1922133031,0.1834519796,0.1728136838,0.1598201491,0.1434250540,0.1206973265,0.0615134469,,,,,,,,,0.0582036185
114300,1.20100000,0.2149204139,0.2142946193,0.2124637812,0.2093776633,0.2049999002,0.1992816178,0.1921282586,0.1833731353,0.1727421387,0.1597571702,0.1433723144,0.1206576750,0.0615010911,,,,,,,,,0.0581924986
114360,1.20100000,0.2148186058,0.2141932891,0.2123638447,0.2092800604,0.2049055736,0.1991915103,0.1920433319,0.1832943991,0.1726706903,0.1596942749,0.1433196430,0.1206180731,0.0614887569,,,,,,,,,0.0581814015
114420,1.20100000,0.2147169428,0.2140921032,0.2122640501,0.2091825956,0.2048113796,0.1991015287,0.1919585229,0.1832157706,0.1725993383,0.1596314628,0.1432670398,0.1205785207,0.0614764443,,,,,,,,,0.0581703270
114480,1.20100000,0.2146154244,0.2139910611,0.2121643971,0.2090852686,0.2047173182,0.1990116728,0.1918738312,0.1831372497,0.1725280825,0.1595687340,0.1432145045,0.1205390177,0.0614641531,,,,,,,,,0.0581592752
114540,1.20100000,0.2145140505,0.2138901627,0.2120648855,0.2089880791,0.2046233890,0.1989219423,0.1917892566,0.1830588362,0.1724569227,0.1595060881,0.1431620371,0.1204995640,0.0614518835,,,,,,,,,0.0581482459
114600,1.20100000,0.2144128206,0.2137894076,0.2119655149,0.2088910268,0.2045295916,0.1988323369,0.1917047989,0.1829805298,0.1723858587,0.1594435251,0.1431096373,0.1204601595,0.0614396352,,,,,,,,,0.0581372391
114660,1.20100000,0.2143117345,0.2136887955,0.2118662851,0.2087941115,0.2044359260,0.1987428564,0.1916204579,0.1829023303,0.1723148904,0.1593810447,0.1430573052,0.1204208041,0.0614274083,,,,,,,,,0.0581262548
114720,1.20100000,0.2142107920,0.2135883261,0.2117671956,0.2086973329,0.2043423916,0.1986535005,0.1915362332,0.1828242375,0.1722440175,0.1593186468,0.1430050405,0.1203814978,0.0614152027,,,,,,,,,0.0581152928
114780,1.20100000,0.2141099926,0.2134879992,0.2116682464,0.2086006906,0.2042489884,0.1985642690,0.1914521247,0.1827462511,0.1721732398,0.1592563312,0.1429528431,0.1203422403,0.0614030184,,,,,,,,,0.0581043531
114840,1.20100000,0.2140093360,0.2133878143,0.2115694370,0.2085041844,0.2041557160,0.1984751615,0.1913681321,0.1826683710,0.1721025572,0.1591940978,0.1429007129,0.1203030317,0.0613908552,,,,,,,,,0.0580934357
114900,1.20100000,0.2139088221,0.2132877712,0.2114707671,0.2084078140,0.2040625742,0.1983861779,0.1912842551,0.1825905969,0.1720319695,0.1591319464,0.1428486497,0.1202638719,0.0613787132,,,,,,,,,0.0580825405
114960,1.20100000,0.2138084504,0.2131878696,0.2113722365,0.2083115791,0.2039695626,0.1982973178,0.1912004936,0.1825129287,0.1719614764,0.1590698768,0.1427966534,0.1202247607,0.0613665922,,,,,,,,,0.0580716674
115020,1.20100000,0.2137082208,0.2130881093,0.2112738448,0.2082154795,0.2038766810,0.1982085811,0.1911168473,0.1824353660,0.1718910778,0.1590078889,0.1427447240,0.1201856980,0.0613544923,,,,,,,,,0.0580608164
115080,1.20100000,0.2136081328,0.2129884898,0.2111755919,0.2081195147,0.2037839292,0.1981199675,0.1910333159,0.1823579087,0.1718207734,0.1589459825,0.1426928612,0.1201466838,0.0613424134,,,,,,,,,0.0580499874
115140,1.20100000,0.2135081861,0.2128890110,0.2110774773,0.2080236847,0.2036913068,0.1980314766,0.1909498993,0.1822805566,0.1717505632,0.1588841575,0.1426410649,0.1201077180,0.0613303554,,,,,,,,,0.0580391804
115200,1.20100000,0.2134083806,0.2127896725,0.2109795008,0.2079279890,0.2035988136,0.1979431083,0.1908665971,0.1822033094,0.1716804469,0.1588224137,0.1425893350,0.1200688005,0.0613183183,,,,,,,,,0.0580283952
115260,1.20100000,0.2133087158,0.2126904740,0.2108816621,0.2078324274,0.2035064493,0.1978548623,0.1907834092,0.1821261670,0.1716104242,0.1587607508,0.1425376713,0.1200299311,0.0613063020,,,,,,,,,0.0580176320
115320,1.20100000,0.2132091916,0.2125914152,0.2107839609,0.2077369996,0.2034142137,0.1977667384,0.1907003353,0.1820491291,0.1715404951,0.1586991689,0.1424860738,0.1199911099,0.0612943064,,,,,,,,,0.0580068905
115380,1.20100000,0.2131098075,0.2124924959,0.2106863969,0.2076417054,0.2033221064,0.1976787362,0.1906173751,0.1819721955,0.1714706594,0.1586376676,0.1424345423,0.1199523366,0.0612823316,,,,,,,,,0.0579961707
115440,1.20100000,0.2130105633,0.2123937157,0.2105889699,0.2075465444,0.2032301273,0.1975908556,0.1905345286,0.1818953660,0.1714009167,0.1585762469,0.1423830767,0.1199136112,0.0612703775,,,,,,,,,0.0579854726
115500,1.20100000,0.2129114588,0.2122950744,0.2104916796,0.2074515164,0.2031382760,0.1975030963,0.1904517953,0.1818186404,0.1713312671,0.1585149066,0.1423316768,0.1198749337,0.0612584440,,,,,,,,,0.0579747961
115560,1.20100000,0.2128124935,0.2121965716,0.2103945256,0.2073566211,0.2030465523,0.1974154580,0.1903691751,0.1817420184,0.1712617102,0.1584536464,0.1422803426,0.1198363039,0.0612465311,,,,,,,,,0.0579641412
115620,1.20100000,0.2127136673,0.2120982071,0.2102975077,0.2072618582,0.2029549560,0.1973279405,0.1902866677,0.1816655000,0.1711922458,0.1583924664,0.1422290738,0.1197977217,0.0612346387,,,,,,,,,0.0579535077
115680,1.20100000,0.2126149798,0.2119999806,0.2102006255,0.2071672275,0.2028634866,0.1972405435,0.1902042730,0.1815890847,0.1711228739,0.1583313662,0.1421778704,0.1197591870,0.0612227667,,,,,,,,,0.0579428957
115740,1.20100000,0.2125164307,0.2119018918,0.2101038789,0.2070727286,0.2027721441,0.1971532669,0.1901219906,0.1815127726,0.1710535942,0.1582703458,0.1421267322,0.1197206999,0.0612109152,,,,,,,,,0.0579323051
115800,1.20100000,0.2124180198,0.2118039404,0.2100072675,0.2069783614,0.2026809281,0.1970661102,0.1900398204,0.1814365632,0.1709844065,0.1582094050,0.1420756592,0.1196822600,0.0611990841,,,,,,,,,0.0579217358
115860,1.20100000,0.2123197468,0.2117061261,0.2099107911,0.2068841254,0.2025898384,0.1969790734,0.1899577622,0.1813604565,0.1709153107,0.1581485436,0.1420246511,0.1196438675,0.0611872733,,,,,,,,,0.0579111878
115920,1.20100000,0.2122216113,0.2116084486,0.2098144494,0.2067900206,0.2024988747,0.1968921562,0.1898758156,0.1812844522,0.1708463065,0.1580877615,0.1419737079,0.1196055221,0.0611754827,,,,,,,,,0.0579006611
115980,1.20100000,0.2121236132,0.2115109077,0.2097182420,0.2066960465,0.2024080367,0.1968053582,0.1897939805,0.1812085501,0.1707773938,0.1580270585,0.1419228294,0.1195672239,0.0611637124,,,,,,,,,0.0578901554
116040,1.20100000,0.2120257520,0.2114135030,0.2096221687,0.2066022029,0.2023173242,0.1967186793,0.1897122566,0.1811327500,0.1707085724,0.1579664345,0.1418720155,0.1195289726,0.0611519622,,,,,,,,,0.0578796709
116100,1.20100000,0.2119280276,0.2113162343,0.2095262293,0.2065084895,0.2022267369,0.1966321192,0.1896306437,0.1810570518,0.1706398421,0.1579058893,0.1418212661,0.1194907683,0.0611402322,,,,,,,,,0.0578692075
116160,1.20100000,0.2118304395,0.2112191013,0.2094304234,0.2064149062,0.2021362746,0.1965456777,0.1895491416,0.1809814551,0.1705712028,0.1578454227,0.1417705811,0.1194526108,0.0611285222,,,,,,,,,0.0578587650
116220,1.20100000,0.2117329877,0.2111221038,0.2093347508,0.2063214525,0.2020459370,0.1964593545,0.1894677501,0.1809059598,0.1705026541,0.1577850346,0.1417199603,0.1194145000,0.0611168323,,,,,,,,,0.0578483435
116280,1.20100000,0.2116356717,0.2110252413,0.2092392111,0.2062281283,0.2019557239,0.1963731494,0.1893864689,0.1808305656,0.1704341961,0.1577247249,0.1416694035,0.1193764359,0.0611051623,,,,,,,,,0.0578379428
116340,1.20100000,0.2115384912,0.2109285137,0.2091438042,0.2061349332,0.2018656349,0.1962870621,0.1893052979,0.1807552725,0.1703658284,0.1576644933,0.1416189108,0.1193384183,0.0610935123,,,,,,,,,0.0578275630
116400,1.20100000,0.2114414461,0.2108319207,0.2090485298,0.2060418670,0.2017756699,0.1962010925,0.1892242367,0.1806800801,0.1702975509,0.1576043398,0.1415684819,0.1193004472,0.0610818821,,,,,,,,,0.0578172040
116460,1.20100000,0.2113445360,0.2107354620,0.2089533875,0.2059489294,0.2016858286,0.1961152402,0.1891432852,0.1806049883,0.1702293635,0.1575442641,0.1415181168,0.1192625225,0.0610702718,,,,,,,,,0.0578068656
116520,1.20100000,0.2112477607,0.2106391373,0.2088583771,0.2058561203,0.2015961107,0.1960295050,0.1890624431,0.1805299969,0.1701612658,0.1574842662,0.1414678153,0.1192246441,0.0610586812,,,,,,,,,0.0577965480
116580,1.20100000,0.2111511197,0.2105429463,0.2087634983,0.2057634392,0.2015065160,0.1959438867,0.1889817102,0.1804551056,0.1700932579,0.1574243458,0.1414175772,0.1191868120,0.0610471104,,,,,,,,,0.0577862510
116640,1.20100000,0.2110546130,0.2104468888,0.2086687509,0.2056708859,0.2014170443,0.1958583850,0.1889010864,0.1803803143,0.1700253394,0.1573645029,0.1413674026,0.1191490259,0.0610355593,,,,,,,,,0.0577759745
116700,1.20100000,0.2109582402,0.2103509644,0.2085741346,0.2055784603,0.2013276952,0.1957729998,0.1888205713,0.1803056227,0.1699575103,0.1573047372,0.1413172911,0.1191112859,0.0610240278,,,,,,,,,0.0577657185
116760,1.20100000,0.2108620010,0.2102551730,0.2084796491,0.2054861619,0.2012384685,0.1956877307,0.1887401647,0.1802310308,0.1698897703,0.1572450487,0.1412672428,0.1190735918,0.0610125159,,,,,,,,,0.0577554830
116820,1.20100000,0.2107658952,0.2101595142,0.2083852941,0.2053939906,0.2011493639,0.1956025775,0.1886598665,0.1801565381,0.1698221192,0.1571854371,0.1412172575,0.1190359436,0.0610010236,,,,,,,,,0.0577452679
116880,1.20100000,0.2106699224,0.2100639877,0.2082910693,0.2053019460,0.2010603813,0.1955175401,0.1885796764,0.1800821447,0.1697545569,0.1571259023,0.1411673351,0.1189983412,0.0609895507,,,,,,,,,0.0577350731
116940,1.20100000,0.2105740824,0.2099685934,0.2081969746,0.2052100280,0.2009715204,0.1954326181,0.1884995943,0.1800078502,0.1696870832,0.1570664442,0.1411174754,0.1189607845,0.0609780973,,,,,,,,,0.0577248986
117000,1.20100000,0.2104783750,0.2098733308,0.2081030096,0.2051182363,0.2008827809,0.1953478113,0.1884196198,0.1799336545,0.1696196979,0.1570070626,0.1410676784,0.1189232734,0.0609666633,,,,,,,,,0.0577147443
117060,1.20100000,0.2103827998,0.2097781998,0.2080091741,0.2050265705,0.2007941626,0.1952631195,0.1883397527,0.1798595573,0.1695524009,0.1569477574,0.1410179439,0.1188858078,0.0609552487,,,,,,,,,0.0577046103
117120,1.20100000,0.2102873565,0.2096832000,0.2079154678,0.2049350305,0.2007056651,0.1951785424,0.1882599929,0.1797855585,0.1694851920,0.1568885283,0.1409682718,0.1188483876,0.0609438533,,,,,,,,,0.0576944964
117180,1.20100000,0.2101920450,0.2095883313,0.2078218904,0.2048436160,0.2006172884,0.1950940799,0.1881803401,0.1797116579,0.1694180709,0.1568293754,0.1409186619,0.1188110128,0.0609324773,,,,,,,,,0.0576844025
117240,1.20100000,0.2100968650,0.2094935933,0.2077284417,0.2047523268,0.2005290321,0.1950097317,0.1881007942,0.1796378553,0.1693510376,0.1567702984,0.1408691143,0.1187736833,0.0609211204,,,,,,,,,0.0576743287
117300,1.20100000,0.2100018160,0.2093989857,0.2076351214,0.2046611625,0.2004408960,0.1949254975,0.1880213548,0.1795641504,0.1692840919,0.1567112971,0.1408196286,0.1187363989,0.0609097827,,,,,,,,,0.0576642749
117360,1.20100000,0.2099068980,0.2093045083,0.2075419292,0.2045701229,0.2003528798,0.1948413772,0.1879420218,0.1794905432,0.1692172335,0.1566523714,0.1407702049,0.1186991597,0.0608984642,,,,,,,,,0.0576542410
117420,1.20100000,0.2098121106,0.2092101609,0.2074488649,0.2044792078,0.2002649833,0.1947573704,0.1878627950,0.1794170333,0.1691504623,0.1565935213,0.1407208430,0.1186619654,0.0608871647,,,,,,,,,0.0576442269
117480,1.20100000,0.2097174536,0.2091159431,0.2073559282,0.2043884169,0.2001772063,0.1946734770,0.1877836741,0.1793436206,0.1690837782,0.1565347464,0.1406715428,0.1186248161,0.0608758842,,,,,,,,,0.0576342327
117540,1.20100000,0.2096229266,0.2090218547,0.2072631189,0.2042977499,0.2000895484,0.1945896968,0.1877046590,0.1792703050,0.1690171809,0.1564760468,0.1406223041,0.1185877117,0.0608646228,,,,,,,,,0.0576242583
117600,1.20100000,0.2095285295,0.2089278954,0.2071704367,0.2042072067,0.2000020096,0.1945060294,0.1876257494,0.1791970861,0.1689506703,0.1564174222,0.1405731269,0.1185506520,0.0608533802,,,,,,,,,0.0576143035
117660,1.20100000,0.2094342619,0.2088340649,0.2070778813,0.2041167869,0.1999145895,0.1944224748,0.1875469451,0.1791239639,0.1688842463,0.1563588724,0.1405240110,0.1185136370,0.0608421566,,,,,,,,,0.0576043685
117720,1.20100000,0.2093401236,0.2087403631,0.2069854525,0.2040264903,0.1998272878,0.1943390325,0.1874682460,0.1790509381,0.1688179086,0.1563003974,0.1404749564,0.1184766665,0.0608309518,,,,,,,,,0.0575944531
117780,1.20100000,0.2092461144,0.2086467896,0.2068931500,0.2039363167,0.1997401044,0.1942557025,0.1873896517,0.1789780085,0.1687516570,0.1562419970,0.1404259628,0.1184397406,0.0608197659,,,,,,,,,0.0575845572
117840,1.20100000,0.2091522339,0.2085533442,0.2068009735,0.2038462657,0.1996530390,0.1941724845,0.1873111621,0.1789051749,0.1686854915,0.1561836711,0.1403770302,0.1184028591,0.0608085986,,,,,,,,,0.0575746808
117900,1.20100000,0.2090584819,0.2084600266,0.2067089228,0.2037563372,0.1995660913,0.1940893783,0.1872327770,0.1788324372,0.1686194118,0.1561254195,0.1403281585,0.1183660220,0.0607974501,,,,,,,,,0.0575648239
117960,1.20100000,0.2089648581,0.2083668365,0.2066169977,0.2036665309,0.1994792612,0.1940063836,0.1871544961,0.1787597952,0.1685534178,0.1560672420,0.1402793475,0.1183292291,0.0607863203,,,,,,,,,0.0575549865
118020,1.20100000,0.2088713623,0.2082737737,0.2065251979,0.2035768466,0.1993925484,0.1939235002,0.1870763193,0.1786872487,0.1684875094,0.1560091386,0.1402305972,0.1182924805,0.0607752091,,,,,,,,,0.0575451684
118080,1.20100000,0.2087779942,0.2081808379,0.2064335231,0.2034872839,0.1993059526,0.1938407280,0.1869982464,0.1786147974,0.1684216862,0.1559511090,0.1401819074,0.1182557759,0.0607641165,,,,,,,,,0.0575353696
118140,1.20100000,0.2086847536,0.2080880289,0.2063419731,0.2033978427,0.1992194736,0.1937580666,0.1869202771,0.1785424412,0.1683559482,0.1558931532,0.1401332779,0.1182191153,0.0607530424,,,,,,,,,0.0575255900
118200,1.20100000,0.2085916401,0.2079953464,0.2062505476,0.2033085227,0.1991331112,0.1936755158,0.1868424112,0.1784701799,0.1682902952,0.1558352710,0.1400847088,0.1181824987,0.0607419869,,,,,,,,,0.0575158297
118260,1.20100000,0.2084986536,0.2079027902,0.2061592464,0.2032193237,0.1990468652,0.1935930755,0.1867646485,0.1783980134,0.1682247271,0.1557774622,0.1400361999,0.1181459259,0.0607309497,,,,,,,,,0.0575060886
118320,1.20100000,0.2084057938,0.2078103600,0.2060680692,0.2031302454,0.1989607352,0.1935107454,0.1866869889,0.1783259414,0.1681592436,0.1557197267,0.1399877510,0.1181093969,0.0607199310,,,,,,,,,0.0574963666
118380,1.20100000,0.2083130603,0.2077180555,0.2059770157,0.2030412875,0.1988747211,0.1934285253,0.1866094321,0.1782539637,0.1680938447,0.1556620644,0.1399393620,0.1180729116,0.0607089306,,,,,,,,,0.0574866636
118440,1.20100000,0.2082204531,0.2076258764,0.2058860858,0.2029524499,0.1987888227,0.1933464149,0.1865319779,0.1781820802,0.1680285301,0.1556044752,0.1398910329,0.1180364699,0.0606979486,,,,,,,,,0.0574769797
118500,1.20100000,0.2081279717,0.2075338226,0.2057952791,0.2028637323,0.1987030397,0.1932644141,0.1864546261,0.1781102906,0.1679632996,0.1555469588,0.1398427635,0.1180000718,0.0606869848,,,,,,,,,0.0574673147
118560,1.20100000,0.2080356160,0.2074418938,0.2057045955,0.2027751344,0.1986173718,0.1931825226,0.1863773765,0.1780385948,0.1678981532,0.1554895151,0.1397945537,0.1179637171,0.0606760393,,,,,,,,,0.0574576687
118620,1.20100000,0.2079433856,0.2073500897,0.2056140346,0.2026866560,0.1985318189,0.1931007402,0.1863002289,0.1779669927,0.1678330906,0.1554321441,0.1397464035,0.1179274058,0.0606651120,,,,,,,,,0.0574480415
118680,1.20100000,0.2078512804,0.2072584100,0.2055235962,0.2025982969,0.1984463806,0.1930190667,0.1862231831,0.1778954839,0.1677681117,0.1553748455,0.1396983126,0.1178911377,0.0606542028,,,,,,,,,0.0574384331
118740,1.20100000,0.2077593001,0.2071668546,0.2054332801,0.2025100568,0.1983610569,0.1929375018,0.1861462389,0.1778240684,0.1677032164,0.1553176193,0.1396502809,0.1178549129,0.0606433117,,,,,,,,,0.0574288436
118800,1.20100000,0.2076674444,0.2070754231,0.2053430860,0.2024219354,0.1982758474,0.1928560454,0.1860693961,0.1777527459,0.1676384043,0.1552604653,0.1396023084,0.1178187312,0.0606324386,,,,,,,,,0.0574192727
118860,1.20100000,0.2075757131,0.2069841154,0.2052530136,0.2023339327,0.1981907519,0.1927746973,0.1859926545,0.1776815163,0.1675736755,0.1552033833,0.1395543950,0.1177825926,0.0606215836,,,,,,,,,0.0574097206
118920,1.20100000,0.2074841059,0.2068929310,0.2051630628,0.2022460482,0.1981057703,0.1926934572,0.1859160139,0.1776103794,0.1675090297,0.1551463732,0.1395065405,0.1177464969,0.0606107466,,,,,,,,,0.0574001870
118980,1.20100000,0.2073926225,0.2068018699,0.2050732333,0.2021582817,0.1980209021,0.1926123248,0.1858394741,0.1775393350,0.1674444668,0.1550894349,0.1394587448,0.1177104441,0.0605999275,,,,,,,,,0.0573906721
119040,1.20100000,0.2073012628,0.2067109318,0.2049835248,0.2020706331,0.1979361474,0.1925313001,0.1857630348,0.1774683829,0.1673799866,0.1550325682,0.1394110079,0.1176744342,0.0605891262,,,,,,,,,0.0573811757
119100,1.20100000,0.2072100265,0.2066201164,0.2048939372,0.2019831021,0.1978515057,0.1924503827,0.1856866960,0.1773975229,0.1673155890,0.1549757730,0.1393633295,0.1176384670,0.0605783429,,,,,,,,,0.0573716977
119160,1.20100000,0.2071189133,0.2065294234,0.2048044700,0.2018956884,0.1977669769,0.1923695725,0.1856104573,0.1773267549,0.1672512738,0.1549190492,0.1393157097,0.1176025424,0.0605675773,,,,,,,,,0.0573622383
119220,1.20100000,0.2070279229,0.2064388527,0.2047151232,0.2018083918,0.1976825607,0.1922888693,0.1855343187,0.1772560787,0.1671870407,0.1548623966,0.1392681482,0.1175666604,0.0605568295,,,,,,,,,0.0573527972
119280,1.20100000,0.2069370552,0.2063484039,0.2046258964,0.2017212122,0.1975982570,0.1922082727,0.1854582798,0.1771854940,0.1671228898,0.1548058151,0.1392206450,0.1175308210,0.0605460995,,,,,,,,,0.0573433745
119340,1.20100000,0.2068463099,0.2062580768,0.2045367895,0.2016341491,0.1975140655,0.1921277827,0.1853823405,0.1771150008,0.1670588208,0.1547493046,0.1391731999,0.1174950239,0.0605353871,,,,,,,,,0.0573339700
119400,1.20100000,0.2067556867,0.2061678713,0.2044478021,0.2015472025,0.1974299860,0.1920473990,0.1853065007,0.1770445988,0.1669948335,0.1546928648,0.1391258130,0.1174592692,0.0605246923,,,,,,,,,0.0573245839
119460,1.20100000,0.2066651853,0.2060777869,0.2043589341,0.2014603720,0.1973460182,0.1919671214,0.1852307600,0.1769742879,0.1669309278,0.1546364958,0.1390784839,0.1174235568,0.0605140152,,,,,,,,,0.0573152159
119520,1.20100000,0.2065748057,0.2059878236,0.2042701851,0.2013736575,0.1972621619,0.1918869497,0.1851551184,0.1769040679,0.1668671036,0.1545801973,0.1390312127,0.1173878866,0.0605033556,,,,,,,,,0.0573058661
119580,1.20100000,0.2064845474,0.2058979810,0.2041815551,0.2012870588,0.1971784170,0.1918068837,0.1850795756,0.1768339386,0.1668033606,0.1545239692,0.1389839992,0.1173522584,0.0604927135,,,,,,,,,0.0572965344
119640,1.20100000,0.2063944102,0.2058082589,0.2040930436,0.2012005754,0.1970947832,0.1917269231,0.1850041314,0.1767638998,0.1667396988,0.1544678114,0.1389368434,0.1173166724,0.0604820889,,,,,,,,,0.0572872208
119700,1.20100000,0.2063043940,0.2057186571,0.2040046506,0.2011142074,0.1970112602,0.1916470678,0.1849287856,0.1766939513,0.1666761179,0.1544117238,0.1388897450,0.1172811282,0.0604714818,,,,,,,,,0.0572779252
119760,1.20100000,0.2062144984,0.2056291753,0.2039163756,0.2010279543,0.1969278479,0.1915673176,0.1848535381,0.1766240931,0.1666126179,0.1543557061,0.1388427041,0.1172456260,0.0604608920,,,,,,,,,0.0572686476
119820,1.20100000,0.2061247233,0.2055398132,0.2038282186,0.2009418161,0.1968445460,0.1914876722,0.1847783886,0.1765543248,0.1665491985,0.1542997583,0.1387957205,0.1172101656,0.0604503196,,,,,,,,,0.0572593879
119880,1.20100000,0.2060350683,0.2054505707,0.2037401793,0.2008557924,0.1967613543,0.1914081314,0.1847033370,0.1764846463,0.1664858596,0.1542438803,0.1387487940,0.1171747469,0.0604397645,,,,,,,,,0.0572501461
119940,1.20100000,0.2059455333,0.2053614475,0.2036522574,0.2007698830,0.1966782726,0.1913286951,0.1846283830,0.1764150576,0.1664226011,0.1541880719,0.1387019247,0.1171393699,0.0604292267,,,,,,,,,0.0572409222
120000,1.20100000,0.2058561180,0.2052724434,0.2035644527,0.2006840878,0.1965953006,0.1912493630,0.1845535265,0.1763455582,0.1663594227,0.1541323330,0.1386551123,0.1171040344,0.0604187061,,,,,,,,,0.0572317160
120060,1.20100000,0.2057668221,0.2051835581,0.2034767650,0.2005984064,0.1965124383,0.1911701349,0.1844787673,0.1762761482,0.1662963244,0.1540766634,0.1386083568,0.1170687405,0.0604082027,,,,,,,,,0.0572225276
120120,1.20100000,0.2056776455,0.2050947914,0.2033891941,0.2005128387,0.1964296852,0.1910910106,0.1844041051,0.1762068273,0.1662333060,0.1540210631,0.1385616581,0.1170334880,0.0603977164,,,,,,,,,0.0572133569
120180,1.20100000,0.2055885878,0.2050061430,0.2033017396,0.2004273844,0.1963470413,0.1910119899,0.1843295399,0.1761375954,0.1661703673,0.1539655318,0.1385150160,0.1169982768,0.0603872473,,,,,,,,,0.0572042039
120240,1.20100000,0.2054996489,0.2049176128,0.2032144014,0.2003420432,0.1962645063,0.1909330726,0.1842550713,0.1760684522,0.1661075082,0.1539100695,0.1384684305,0.1169631069,0.0603767952,,,,,,,,,0.0571950685
120300,1.20100000,0.2054108285,0.2048292004,0.2031271792,0.2002568151,0.1961820799,0.1908542586,0.1841806993,0.1759993977,0.1660447285,0.1538546760,0.1384219014,0.1169279782,0.0603663602,,,,,,,,,0.0571859506
120360,1.20100000,0.2053221264,0.2047409057,0.2030400729,0.2001716997,0.1960997621,0.1907755475,0.1841064236,0.1759304316,0.1659820281,0.1537993513,0.1383754287,0.1168928907,0.0603559422,,,,,,,,,0.0571768503
120420,1.20100000,0.2052335423,0.2046527283,0.2029530821,0.2000866969,0.1960175525,0.1906969392,0.1840322440,0.1758615538,0.1659194068,0.1537440950,0.1383290122,0.1168578442,0.0603455411,,,,,,,,,0.0571677675
120480,1.20100000,0.2051450760,0.2045646682,0.2028662067,0.2000018063,0.1959354509,0.1906184335,0.1839581604,0.1757927640,0.1658568644,0.1536889073,0.1382826518,0.1168228387,0.0603351570,,,,,,,,,0.0571587021
120540,1.20100000,0.2050567272,0.2044767250,0.2027794464,0.1999170278,0.1958534572,0.1905400302,0.1838841725,0.1757240622,0.1657944009,0.1536337878,0.1382363475,0.1167878741,0.0603247897,,,,,,,,,0.0571496541
120600,1.20100000,0.2049684958,0.2043888984,0.2026928010,0.1998323612,0.1957715711,0.1904617291,0.1838102803,0.1756554481,0.1657320161,0.1535787365,0.1381900991,0.1167529503,0.0603144393,,,,,,,,,0.0571406235
120660,1.20100000,0.2048803815,0.2043011884,0.2026062702,0.1997478062,0.1956897924,0.1903835300,0.1837364834,0.1755869217,0.1656697097,0.1535237533,0.1381439065,0.1167180673,0.0603041056,,,,,,,,,0.0571316102
120720,1.20100000,0.2047923841,0.2042135946,0.2025198539,0.1996633627,0.1956081208,0.1903054327,0.1836627817,0.1755184826,0.1656074818,0.1534688379,0.1380977697,0.1166832250,0.0602937887,,,,,,,,,0.0571226141
120780,1.20100000,0.2047045033,0.2041261168,0.2024335518,0.1995790303,0.1955265563,0.1902274370,0.1835891750,0.1754501308,0.1655453320,0.1534139904,0.1380516885,0.1166484232,0.0602834886,,,,,,,,,0.0571136353
120840,1.20100000,0.2046167389,0.2040387548,0.2023473637,0.1994948089,0.1954450986,0.1901495426,0.1835156632,0.1753818661,0.1654832603,0.1533592106,0.1380056628,0.1166136621,0.0602732051,,,,,,,,,0.0571046736
120900,1.20100000,0.2045290906,0.2039515084,0.2022612893,0.1994106982,0.1953637474,0.1900717495,0.1834422461,0.1753136883,0.1654212666,0.1533044982,0.1379596925,0.1165789414,0.0602629383,,,,,,,,,0.0570957291
120960,1.20100000,0.2044415583,0.2038643773,0.2021753285,0.1993266981,0.1952825025,0.1899940573,0.1833689234,0.1752455972,0.1653593506,0.1532498533,0.1379137775,0.1165442610,0.0602526881,,,,,,,,,0.0570868016
121020,1.20100000,0.2043541417,0.2037773612,0.2020894809,0.1992428083,0.1952013638,0.1899164659,0.1832956949,0.1751775927,0.1652975122,0.1531952757,0.1378679177,0.1165096210,0.0602424544,,,,,,,,,0.0570778913
121080,1.20100000,0.2042668406,0.2036904601,0.2020037465,0.1991590287,0.1951203310,0.1898389752,0.1832225606,0.1751096747,0.1652357513,0.1531407653,0.1378221131,0.1164750213,0.0602322373,,,,,,,,,0.0570689979
121140,1.20100000,0.2041796547,0.2036036736,0.2019181249,0.1990753589,0.1950394040,0.1897615848,0.1831495202,0.1750418428,0.1651740678,0.1530863218,0.1377763634,0.1164404617,0.0602220367,,,,,,,,,0.0570601215
121200,1.20100000,0.2040925839,0.2035170015,0.2018326159,0.1989917987,0.1949585825,0.1896842947,0.1830765736,0.1749740971,0.1651124614,0.1530319453,0.1377306686,0.1164059423,0.0602118525,,,,,,,,,0.0570512620
121260,1.20100000,0.2040056279,0.2034304435,0.2017472194,0.1989083480,0.1948778663,0.1896071045,0.1830037204,0.1749064373,0.1650509321,0.1529776356,0.1376850287,0.1163714628,0.0602016847,,,,,,,,,0.0570424194
121320,1.20100000,0.2039187864,0.2033439996,0.2016619350,0.1988250066,0.1947972552,0.1895300142,0.1829309607,0.1748388632,0.1649894796,0.1529233925,0.1376394434,0.1163370233,0.0601915334,,,,,,,,,0.0570335936
121380,1.20100000,0.2038320592,0.2032576693,0.2015767626,0.1987417742,0.1947167490,0.1894530235,0.1828582942,0.1747713747,0.1649281039,0.1528692159,0.1375939128,0.1163026237,0.0601813983,,,,,,,,,0.0570247846
121440,1.20100000,0.2037454462,0.2031714526,0.2014917020,0.1986586505,0.1946363474,0.1893761323,0.1827857206,0.1747039716,0.1648668048,0.1528151058,0.1375484366,0.1162682640,0.0601712796,,,,,,,,,0.0570159924
121500,1.20100000,0.2036589471,0.2030853492,0.2014067529,0.1985756355,0.1945560504,0.1892993402,0.1827132399,0.1746366538,0.1648055821,0.1527610619,0.1375030149,0.1162339439,0.0601611771,,,,,,,,,0.0570072169
121560,1.20100000,0.2035725616,0.2029993588,0.2013219151,0.1984927289,0.1944758577,0.1892226473,0.1826408519,0.1745694210,0.1647444357,0.1527070842,0.1374576474,0.1161996636,0.0601510909,,,,,,,,,0.0569984580
121620,1.20100000,0.2034862896,0.2029134813,0.2012371884,0.1984099304,0.1943957690,0.1891460531,0.1825685563,0.1745022732,0.1646833655,0.1526531726,0.1374123342,0.1161654228,0.0601410209,,,,,,,,,0.0569897158
121680,1.20100000,0.2034001308,0.2028277164,0.2011525725,0.1983272399,0.1943157843,0.1890695576,0.1824963531,0.1744352102,0.1646223713,0.1525993268,0.1373670750,0.1161312216,0.0601309670,,,,,,,,,0.0569809902
121740,1.20100000,0.2033140850,0.2027420639,0.2010680673,0.1982446571,0.1942359032,0.1889931606,0.1824242419,0.1743682318,0.1645614530,0.1525455469,0.1373218699,0.1160970598,0.0601209292,,,,,,,,,0.0569722811
121800,1.20100000,0.2032281519,0.2026565236,0.2009836726,0.1981621818,0.1941561255,0.1889168619,0.1823522227,0.1743013378,0.1645006104,0.1524918326,0.1372767187,0.1160629374,0.0601109076,,,,,,,,,0.0569635885
121860,1.20100000,0.2031423315,0.2025710952,0.2008993881,0.1980798139,0.1940764512,0.1888406612,0.1822802953,0.1742345281,0.1644398434,0.1524381838,0.1372316212,0.1160288543,0.0601009019,,,,,,,,,0.0569549124
121920,1.20100000,0.2030566233,0.2024857785,0.2008152136,0.1979975531,0.1939968799,0.1887645585,0.1822084594,0.1741678026,0.1643791519,0.1523846005,0.1371865775,0.1159948105,0.0600909123,,,,,,,,,0.0569462527
121980,1.20100000,0.2029710273,0.2024005734,0.2007311488,0.1979153992,0.1939174115,0.1886885534,0.1821367149,0.1741011610,0.1643185357,0.1523310825,0.1371415874,0.1159608059,0.0600809387,,,,,,,,,0.0569376094
122040,1.20100000,0.2028855431,0.2023154796,0.2006471937,0.1978333520,0.1938380457,0.1886126459,0.1820650617,0.1740346031,0.1642579946,0.1522776296,0.1370966508,0.1159268404,0.0600709810,,,,,,,,,0.0569289824
122100,1.20100000,0.2028001706,0.2022304968,0.2005633479,0.1977514113,0.1937587825,0.1885368357,0.1819934996,0.1739681290,0.1641975285,0.1522242419,0.1370517676,0.1158929139,0.0600610391,,,,,,,,,0.0569203718
122160,1.20100000,0.2027149096,0.2021456249,0.2004796112,0.1976695768,0.1936796215,0.1884611226,0.1819220283,0.1739017383,0.1641371373,0.1521709190,0.1370069377,0.1158590264,0.0600511132,,,,,,,,,0.0569117773
122220,1.20100000,0.2026297598,0.2020608637,0.2003959835,0.1975878484,0.1936005625,0.1883855065,0.1818506478,0.1738354310,0.1640768209,0.1521176610,0.1369621611,0.1158251778,0.0600412031,,,,,,,,,0.0569031991
122280,1.20100000,0.2025447210,0.2019762129,0.2003124645,0.1975062259,0.1935216055,0.1883099872,0.1817793577,0.1737692068,0.1640165790,0.1520644677,0.1369174375,0.1157913680,0.0600313088,,,,,,,,,0.0568946371
122340,1.20100000,0.2024597930,0.2018916723,0.2002290540,0.1974247091,0.1934427501,0.1882345644,0.1817081581,0.1737030656,0.1639564116,0.1520113389,0.1368727670,0.1157575970,0.0600214302,,,,,,,,,0.0568860913
122400,1.20100000,0.2023749756,0.2018072417,0.2001457518,0.1973432977,0.1933639962,0.1881592380,0.1816370486,0.1736370073,0.1638963185,0.1519582746,0.1368281494,0.1157238646,0.0600115674,,,,,,,,,0.0568775615
122460,1.20100000,0.2022902685,0.2017229208,0.2000625577,0.1972619915,0.1932853436,0.1880840079,0.1815660292,0.1735710316,0.1638362996,0.1519052746,0.1367835847,0.1156901709,0.0600017202,,,,,,,,,0.0568690478
122520,1.20100000,0.2022056716,0.2016387096,0.1999794714,0.1971807904,0.1932067921,0.1880088737,0.1814950996,0.1735051385,0.1637763547,0.1518523389,0.1367390726,0.1156565158,0.0599918887,,,,,,,,,0.0568605501
122580,1.20100000,0.2021211847,0.2015546077,0.1998964928,0.1970996942,0.1931283414,0.1879338354,0.1814242596,0.1734393278,0.1637164837,0.1517994673,0.1366946133,0.1156228991,0.0599820728,,,,,,,,,0.0568520683
122640,1.20100000,0.2020368074,0.2014706149,0.1998136217,0.1970187025,0.1930499915,0.1878588927,0.1813535092,0.1733735993,0.1636566865,0.1517466596,0.1366502064,0.1155893209,0.0599722725,,,,,,,,,0.0568436026
122700,1.20100000,0.2019525397,0.2013867311,0.1997308578,0.1969378153,0.1929717421,0.1877840455,0.1812828481,0.1733079529,0.1635969629,0.1516939158,0.1366058520,0.1155557810,0.0599624878,,,,,,,,,0.0568351527
122760,1.20100000,0.2018683812,0.2013029559,0.1996482010,0.1968570324,0.1928935929,0.1877092936,0.1812122762,0.1732423884,0.1635373128,0.1516412357,0.1365615500,0.1155222794,0.0599527185,,,,,,,,,0.0568267187
122820,1.20100000,0.2017843319,0.2012192893,0.1995656509,0.1967763534,0.1928155439,0.1876346368,0.1811417932,0.1731769057,0.1634777361,0.1515886193,0.1365173002,0.1154888160,0.0599429648,,,,,,,,,0.0568183005
122880,1.20100000,0.2017003914,0.2011357310,0.1994832075,0.1966957783,0.1927375948,0.1875600749,0.1810713991,0.1731115045,0.1634182325,0.1515360664,0.1364731026,0.1154553908,0.0599332264,,,,,,,,,0.0568098980
122940,1.20100000,0.2016165595,0.2010522807,0.1994008705,0.1966153068,0.1926597455,0.1874856078,0.1810010936,0.1730461848,0.1633588020,0.1514835769,0.1364289571,0.1154220036,0.0599235035,,,,,,,,,0.0568015114
123000,1.20100000,0.2015328361,0.2009689384,0.1993186398,0.1965349388,0.1925819956,0.1874112352,0.1809308767,0.1729809464,0.1632994445,0.1514311506,0.1363848635,0.1153886545,0.0599137960,,,,,,,,,0.0567931404
123060,1.20100000,0.2014492209,0.2008857037,0.1992365150,0.1964546739,0.1925043452,0.1873369569,0.1808607480,0.1729157892,0.1632401597,0.1513787875,0.1363408218,0.1153553433,0.0599041038,,,,,,,,,0.0567847851
123120,1.20100000,0.2013657138,0.2008025764,0.1991544960,0.1963745121,0.1924267938,0.1872627729,0.1807907075,0.1728507129,0.1631809476,0.1513264875,0.1362968319,0.1153220700,0.0598944269,,,,,,,,,0.0567764454
123180,1.20100000,0.2012823144,0.2007195564,0.1990725826,0.1962944531,0.1923493414,0.1871886829,0.1807207549,0.1727857175,0.1631218081,0.1512742504,0.1362528937,0.1152888345,0.0598847652,,,,,,,,,0.0567681214
123240,1.20100000,0.2011990227,0.2006366434,0.1989907746,0.1962144967,0.1922719878,0.1871146867,0.1806508902,0.1727208027,0.1630627409,0.1512220761,0.1362090071,0.1152556367,0.0598751188,,,,,,,,,0.0567598128
123300,1.20100000,0.2011158384,0.2005538372,0.1989090717,0.1961346428,0.1921947328,0.1870407842,0.1805811131,0.1726559685,0.1630037460,0.1511699645,0.1361651720,0.1152224766,0.0598654876,,,,,,,,,0.0567515198
123360,1.20100000,0.2010327612,0.2004711377,0.1988274739,0.1960548911,0.1921175762,0.1869669751,0.1805114235,0.1725912147,0.1629448232,0.1511179154,0.1361213884,0.1151893542,0.0598558716,,,,,,,,,0.0567432423
123420,1.20100000,0.2009497910,0.2003885446,0.1987459808,0.1959752415,0.1920405178,0.1868932593,0.1804418212,0.1725265411,0.1628859724,0.1510659289,0.1360776560,0.1151562693,0.0598462707,,,,,,,,,0.0567349802
123480,1.20100000,0.2008669276,0.2003060577,0.1986645923,0.1958956936,0.1919635574,0.1868196367,0.1803723060,0.1724619475,0.1628271935,0.1510140047,0.1360339749,0.1151232218,0.0598366849,,,,,,,,,0.0567267335
123540,1.20100000,0.2007841708,0.2002236768,0.1985833081,0.1958162474,0.1918866948,0.1867461070,0.1803028779,0.1723974339,0.1627684863,0.1509621427,0.1359903449,0.1150902118,0.0598271141,,,,,,,,,0.0567185022
123600,1.20100000,0.2007015203,0.2001414017,0.1985021282,0.1957369027,0.1918099299,0.1866726701,0.1802335365,0.1723330001,0.1627098507,0.1509103429,0.1359467659,0.1150572391,0.0598175584,,,,,,,,,0.0567102861
123660,1.20100000,0.2006189760,0.2000592322,0.1984210522,0.1956576592,0.1917332624,0.1865993257,0.1801642818,0.1722686459,0.1626512865,0.1508586050,0.1359032379,0.1150243037,0.0598080177,,,,,,,,,0.0567020854
123720,1.20100000,0.2005365376,0.1999771681,0.1983400799,0.1955785168,0.1916566921,0.1865260738,0.1800951136,0.1722043712,0.1625927937,0.1508069291,0.1358597608,0.1149914056,0.0597984920,,,,,,,,,0.0566938999
123780,1.20100000,0.2004542050,0.1998952091,0.1982592113,0.1954994752,0.1915802190,0.1864529141,0.1800260318,0.1721401758,0.1625343720,0.1507553149,0.1358163344,0.1149585446,0.0597889812,,,,,,,,,0.0566857297
123840,1.20100000,0.2003719779,0.1998133552,0.1981784460,0.1954205343,0.1915038428,0.1863798464,0.1799570361,0.1720760596,0.1624760214,0.1507037624,0.1357729587,0.1149257206,0.0597794853,,,,,,,,,0.0566775746
123900,1.20100000,0.2002898561,0.1997316060,0.1980977838,0.1953416939,0.1914275632,0.1863068706,0.1798881263,0.1720120225,0.1624177417,0.1506522715,0.1357296336,0.1148929337,0.0597700042,,,,,,,,,0.0566694346
123960,1.20100000,0.2002078395,0.1996499615,0.1980172247,0.1952629538,0.1913513802,0.1862339866,0.1798193025,0.1719480642,0.1623595329,0.1506008420,0.1356863590,0.1148601838,0.0597605380,,,,,,,,,0.0566613098
124020,1.20100000,0.2001259278,0.1995684213,0.1979367683,0.1951843137,0.1912752935,0.1861611941,0.1797505643,0.1718841847,0.1623013947,0.1505494738,0.1356431348,0.1148274707,0.0597510866,,,,,,,,,0.0566532000
124080,1.20100000,0.2000441208,0.1994869853,0.1978564145,0.1951057736,0.1911993030,0.1860884929,0.1796819116,0.1718203837,0.1622433270,0.1504981669,0.1355999610,0.1147947945,0.0597416499,,,,,,,,,0.0566451052
124140,1.20100000,0.1999624184,0.1994056532,0.1977761631,0.1950273332,0.1911234085,0.1860158829,0.1796133443,0.1717566612,0.1621853297,0.1504469211,0.1355568373,0.1147621551,0.0597322280,,,,,,,,,0.0566370254
124200,1.20100000,0.1998808203,0.1993244250,0.1976960139,0.1949489923,0.1910476097,0.1859433640,0.1795448621,0.1716930170,0.1621274027,0.1503957363,0.1355137638,0.1147295523,0.0597228208,,,,,,,,,0.0566289606
124260,1.20096667,0.1997993229,0.1992432638,0.1976158330,0.1948704584,0.1909713950,0.1858701434,0.1794752639,0.1716277418,0.1620672066,0.1503413421,0.1354659611,0.1146892414,0.0596261704,,,,,,,,,0.0566210287
124320,1.20093333,0.1997179250,0.1991622015,0.1975357497,0.1947920197,0.1908952721,0.1857970105,0.1794057482,0.1715625431,0.1620070800,0.1502870094,0.1354182108,0.1146489722,0.0595296332,,,,,,,,,0.0566131388
124380,1.20090000,0.1996366263,0.1990812380,0.1974557637,0.1947136760,0.1908192409,0.1857239650,0.1793363149,0.1714974207,0.1619470226,0.1502327381,0.1353705127,0.1146087448,0.0594331911,,,,,,,,,0.0566052731
124440,1.20086667,0.1995554266,0.1990003730,0.1973758749,0.1946354271,0.1907433012,0.1856510069,0.1792669638,0.1714323745,0.1618870344,0.1501785279,0.1353228668,0.1145685590,0.0593368390,,,,,,,,,0.0565974270
124500,1.20083333,0.1994743259,0.1989196065,0.1972960831,0.1945572729,0.1906674529,0.1855781359,0.1791976947,0.1713674043,0.1618271153,0.1501243789,0.1352752730,0.1145284148,0.0592405745,,,,,,,,,0.0565895984
124560,1.20080000,0.1993933238,0.1988389382,0.1972163881,0.1944792132,0.1905916958,0.1855053519,0.1791285076,0.1713025101,0.1617672651,0.1500702908,0.1352277311,0.1144883122,0.0591443964,,,,,,,,,0.0565817862
124620,1.20076667,0.1993124202,0.1987583679,0.1971367897,0.1944012478,0.1905160297,0.1854326547,0.1790594023,0.1712376916,0.1617074837,0.1500162637,0.1351802411,0.1144482510,0.0590483038,,,,,,,,,0.0565739896
124680,1.20073333,0.1992316150,0.1986778955,0.1970572878,0.1943233765,0.1904404545,0.1853600443,0.1789903785,0.1711729488,0.1616477710,0.1499622973,0.1351328030,0.1144082311,0.0589522962,,,,,,,,,0.0565662083
124740,1.20070000,0.1991509079,0.1985975207,0.1969778822,0.1942455992,0.1903649701,0.1852875203,0.1789214363,0.1711082815,0.1615881269,0.1499083917,0.1350854165,0.1143682526,0.0588380688,,,,,,,,,0.0565584420
124800,1.20066667,0.1990702988,0.1985172434,0.1968985728,0.1941679157,0.1902895761,0.1852150827,0.1788525754,0.1710436896,0.1615285512,0.1498545466,0.1350380817,0.1143283154,0.0587236872,,,,,,,,,0.0565506903
124860,1.20063333,0.1989897875,0.1984370635,0.1968193592,0.1940903258,0.1902142725,0.1851427313,0.1787837957,0.1709791729,0.1614690439,0.1498007620,0.1349907983,0.1142884194,0.0586094097,,,,,,,,,0.0565429532
124920,1.20060000,0.1989093738,0.1983569807,0.1967402414,0.1940128293,0.1901390592,0.1850704660,0.1787150971,0.1709147313,0.1614096048,0.1497470377,0.1349435665,0.1142485645,0.0584952363,,,,,,,,,0.0565352304
124980,1.20056667,0.1988290575,0.1982769949,0.1966612193,0.1939354261,0.1900639359,0.1849982866,0.1786464793,0.1708503647,0.1613502338,0.1496933737,0.1348963860,0.1142087506,0.0583811668,,,,,,,,,0.0565275219
125040,1.20053333,0.1987488385,0.1981971058,0.1965822925,0.1938581161,0.1899889025,0.1849261929,0.1785779423,0.1707860730,0.1612909307,0.1496397699,0.1348492567,0.1141689778,0.0582672011,,,,,,,,,0.0565198275
125100,1.20050000,0.1986687166,0.1981173134,0.1965034609,0.1937808990,0.1899139588,0.1848541849,0.1785094859,0.1707218559,0.1612316955,0.1495862261,0.1348021787,0.1141292460,0.0581533392,,,,,,,,,0.0565121472
125160,1.20046667,0.1985886916,0.1980376174,0.1964247245,0.1937037747,0.1898391047,0.1847822622,0.1784411100,0.1706577135,0.1611725280,0.1495327423,0.1347551517,0.1140895550,0.0580395810,,,,,,,,,0.0565044808
125220,1.20043333,0.1985087633,0.1979580177,0.1963460829,0.1936267429,0.1897643400,0.1847104249,0.1783728144,0.1705936454,0.1611134282,0.1494793183,0.1347081758,0.1140499049,0.0579259265,,,,,,,,,0.0564968282
125280,1.20040000,0.1984289316,0.1978785140,0.1962675361,0.1935498037,0.1896896645,0.1846386726,0.1783045989,0.1705296517,0.1610543958,0.1494259540,0.1346612508,0.1140102956,0.0578123755,,,,,,,,,0.0564891896
125340,1.20036667,0.1983491962,0.1977991063,0.1961890838,0.1934729566,0.1896150781,0.1845670054,0.1782364635,0.1704657322,0.1609954308,0.1493726494,0.1346143766,0.1139706272,0.0576989282,,,,,,,,,0.0564815646
125400,1.20033333,0.1982695571,0.1977197943,0.1961107258,0.1933962017,0.1895405806,0.1844954230,0.1781684080,0.1704018867,0.1609365331,0.1493194043,0.1345675531,0.1139305732,0.0575855843,,,,,,,,,0.0564739534
125460,1.20030000,0.1981900140,0.1976405778,0.1960324621,0.1933195388,0.1894661719,0.1844239252,0.1781004323,0.1703381152,0.1608777025,0.1492662187,0.1345207803,0.1138905601,0.0574723439,,,,,,,,,0.0564663558
125520,1.20026667,0.1981105667,0.1975614568,0.1959542925,0.1932429676,0.1893918517,0.1843525120,0.1780325361,0.1702744174,0.1608189389,0.1492130924,0.1344740581,0.1138505880,0.0573592070,,,,,,,,,0.0564587718
125580,1.20023333,0.1980312151,0.1974824310,0.1958762167,0.1931664880,0.1893176201,0.1842811832,0.1779647195,0.1702107933,0.1607602422,0.1491600253,0.1344273864,0.1138106566,0.0572461736,,,,,,,,,0.0564512014
125640,1.20020000,0.1979519590,0.1974035002,0.1957982345,0.1930900999,0.1892434766,0.1842099385,0.1778969821,0.1701472428,0.1607016124,0.1491070173,0.1343807651,0.1137707659,0.0571332435,,,,,,,,,0.0564436444
125700,1.20016667,0.1978727982,0.1973246642,0.1957203460,0.1930138030,0.1891694214,0.1841387780,0.1778293239,0.1700837656,0.1606430491,0.1490540683,0.1343341942,0.1137309160,0.0570204168,,,,,,,,,0.0564361010
125760,1.20013333,0.1977937326,0.1972459230,0.1956425507,0.1929375972,0.1890954540,0.1840677013,0.1777617448,0.1700203617,0.1605845525,0.1490011783,0.1342876734,0.1136911066,0.0569023546,,,,,,,,,0.0564285709
125820,1.20010000,0.1977147620,0.1971672763,0.1955648487,0.1928614824,0.1890215745,0.1839967085,0.1776942446,0.1699570309,0.1605261223,0.1489483471,0.1342412028,0.1136513377,0.0567762322,,,,,,,,,0.0564210542
125880,1.20006667,0.1976358862,0.1970887240,0.1954872397,0.1927854584,0.1889477826,0.1839257992,0.1776268231,0.1698937731,0.1604677584,0.1488955746,0.1341947823,0.1136116094,0.0566502296,,,,,,,,,0.0564135508
125940,1.20003333,0.1975571051,0.1970102658,0.1954097235,0.1927095250,0.1888740782,0.1838549734,0.1775594803,0.1698305882,0.1604094607,0.1488428607,0.1341484118,0.1135719214,0.0565243469,,,,,,,,,0.0564060608
126000,1.20000000,0.1974784184,0.1969319017,0.1953323000,0.1926336820,0.1888004612,0.1837842309,0.1774922159,0.1697674761,0.1603512291,0.1487902053,0.1341020911,0.1135322737,0.0563985840,,,,,,,,,0.0563985840
126060,1.20000000,0.1973998293,0.1968536672,0.1952551003,0.1925582165,0.1887274340,0.1837143505,0.1774262110,0.1697061181,0.1602953661,0.1487408299,0.1340605332,0.1135008381,0.0563910060,,,,,,,,,0.0563910060
126120,1.20000000,0.1973213386,0.1967755307,0.1951779969,0.1924828448,0.1886544973,0.1836445560,0.1773602865,0.1696448340,0.1602395696,0.1486915121,0.1340190228,0.1134694374,0.0563834152,,,,,,,,,0.0563834152
126180,1.20000000,0.1972429463,0.1966974919,0.1951009899,0.1924075670,0.1885816508,0.1835748474,0.1772944424,0.1695836239,0.1601838394,0.1486422520,0.1339775597,0.1134380713,0.0563758284,,,,,,,,,0.0563758284
126240,1.20000000,0.1971646520,0.1966195508,0.1950240790,0.1923323828,0.1885088945,0.1835052244,0.1772286785,0.1695224874,0.1601281754,0.1485930493,0.1339361439,0.1134067399,0.0563682502,,,,,,,,,0.0563682502
126300,1.20000000,0.1970864557,0.1965417070,0.1949472640,0.1922572920,0.1884362281,0.1834356868,0.1771629946,0.1694614246,0.1600725775,0.1485439041,0.1338947753,0.1133754432,0.0563606824,,,,,,,,,0.0563606824
126360,1.20000000,0.1970083572,0.1964639605,0.1948705447,0.1921822945,0.1883636515,0.1833662346,0.1770973906,0.1694004352,0.1600170456,0.1484948161,0.1338534539,0.1133441810,0.0563531262,,,,,,,,,0.0563531262
126420,1.20000000,0.1969303561,0.1963863111,0.1947939210,0.1921073900,0.1882911646,0.1832968676,0.1770318663,0.1693395191,0.1599615794,0.1484457853,0.1338121794,0.1133129532,0.0563455819,,,,,,,,,0.0563455819
126480,1.20000000,0.1968524525,0.1963087585,0.1947173927,0.1920325785,0.1882187671,0.1832275856,0.1769664217,0.1692786762,0.1599061791,0.1483968115,0.1337709519,0.1132817599,0.0563380501,,,,,,,,,0.0563380501
126540,1.20000000,0.1967746460,0.1962313026,0.1946409596,0.1919578597,0.1881464588,0.1831583885,0.1769010565,0.1692179064,0.1598508443,0.1483478948,0.1337297713,0.1132506010,0.0563305309,,,,,,,,,0.0563305309
126600,1.20000000,0.1966969365,0.1961539431,0.1945646215,0.1918832334,0.1880742397,0.1830892760,0.1768357706,0.1691572095,0.1597955750,0.1482990349,0.1336886375,0.1132194763,0.0563230245,,,,,,,,,0.0563230245
126660,1.20000000,0.1966193239,0.1960766800,0.1944883782,0.1918086996,0.1880021095,0.1830202481,0.1767705639,0.1690965854,0.1597403710,0.1482502318,0.1336475503,0.1131883858,0.0563155310,,,,,,,,,0.0563155310
126720,1.20000000,0.1965418079,0.1959995130,0.1944122296,0.1917342579,0.1879300681,0.1829513045,0.1767054362,0.1690360339,0.1596852323,0.1482014854,0.1336065098,0.1131573295,0.0563080504,,,,,,,,,0.0563080504
126780,1.20000000,0.1964643883,0.1959224420,0.1943361755,0.1916599083,0.1878581153,0.1828824452,0.1766403874,0.1689755550,0.1596301588,0.1481527955,0.1335655159,0.1131263073,0.0563005830,,,,,,,,,0.0563005830
126840,1.20000000,0.1963870651,0.1958454668,0.1942602157,0.1915856506,0.1877862510,0.1828136700,0.1765754173,0.1689151485,0.1595751502,0.1481041621,0.1335245684,0.1130953191,0.0562931286,,,,,,,,,0.0562931286
126900,1.20000000,0.1963098379,0.1957685871,0.1941843501,0.1915114845,0.1877144749,0.1827449787,0.1765105257,0.1688548142,0.1595202066,0.1480555851,0.1334836673,0.1130643649,0.0562856873,,,,,,,,,0.0562856873
126960,1.20000000,0.1962327066,0.1956918029,0.1941085784,0.1914374100,0.1876427870,0.1826763711,0.1764457127,0.1687945520,0.1594653277,0.1480070643,0.1334428125,0.1130334445,0.0562782591,,,,,,,,,0.0562782591
127020,1.20000000,0.1961556711,0.1956151139,0.1940329005,0.1913634268,0.1875711870,0.1826078472,0.1763809779,0.1687343619,0.1594105135,0.1479585998,0.1334020039,0.1130025580,0.0562708440,,,,,,,,,0.0562708440
127080,1.20000000,0.1960787312,0.1955385200,0.1939573162,0.1912895349,0.1874996749,0.1825394067,0.1763163212,0.1686742436,0.1593557639,0.1479101913,0.1333612414,0.1129717052,0.0562634421,,,,,,,,,0.0562634421
127140,1.20000000,0.1960018866,0.1954620209,0.1938818253,0.1912157339,0.1874282503,0.1824710495,0.1762517426,0.1686141970,0.1593010786,0.1478618388,0.1333205250,0.1129408862,0.0562560532,,,,,,,,,0.0562560532
127200,1.20000000,0.1959251372,0.1953856166,0.1938064277,0.1911420238,0.1873569133,0.1824027754,0.1761872418,0.1685542221,0.1592464577,0.1478135421,0.1332798546,0.1129101007,0.0562486775,,,,,,,,,0.0562486775
127260,1.20000000,0.1958484828,0.1953093068,0.1937311232,0.1910684044,0.1872856635,0.1823345843,0.1761228188,0.1684943186,0.1591919010,0.1477653012,0.1332392301,0.1128793489,0.0562413149,,,,,,,,,0.0562413149
127320,1.20000000,0.1957719233,0.1952330913,0.1936559116,0.1909948755,0.1872145009,0.1822664761,0.1760584733,0.1684344865,0.1591374084,0.1477171160,0.1331986514,0.1128486305,0.0562339653,,,,,,,,,0.0562339653
127380,1.20000000,0.1956954585,0.1951569700,0.1935807927,0.1909214369,0.1871434253,0.1821984506,0.1759942053,0.1683747256,0.1590829797,0.1476689864,0.1331581185,0.1128179457,0.0562266288,,,,,,,,,0.0562266288
127440,1.20000000,0.1956190881,0.1950809427,0.1935057664,0.1908480885,0.1870724365,0.1821305076,0.1759300146,0.1683150358,0.1590286149,0.1476209123,0.1331176312,0.1127872942,0.0562193054,,,,,,,,,0.0562193054
127500,1.20000000,0.1955428121,0.1950050092,0.1934308325,0.1907748301,0.1870015344,0.1820626469,0.1758659010,0.1682554169,0.1589743139,0.1475728935,0.1330771894,0.1127566760,0.0562119950,,,,,,,,,0.0562119950
127560,1.20000000,0.1954666301,0.1949291694,0.1933559908,0.1907016615,0.1869307187,0.1819948686,0.1758018644,0.1681958689,0.1589200764,0.1475249301,0.1330367932,0.1127260911,0.0562046976,,,,,,,,,0.0562046976
127620,1.20000000,0.1953905422,0.1948534230,0.1932812412,0.1906285826,0.1868599895,0.1819271722,0.1757379047,0.1681363916,0.1588659025,0.1474770218,0.1329964424,0.1126955395,0.0561974131,,,,,,,,,0.0561974131
127680,1.20000000,0.1953145481,0.1947777700,0.1932065835,0.1905555932,0.1867893464,0.1818595579,0.1756740218,0.1680769848,0.1588117920,0.1474291686,0.1329561369,0.1126650210,0.0561901416,,,,,,,,,0.0561901416
127740,1.20000000,0.1952386475,0.1947022101,0.1931320174,0.1904826932,0.1867187893,0.1817920253,0.1756102154,0.1680176485,0.1587577447,0.1473813704,0.1329158767,0.1126345356,0.0561828831,,,,,,,,,0.0561828831
127800,1.20000000,0.1951628404,0.1946267431,0.1930575429,0.1904098823,0.1866483181,0.1817245743,0.1755464855,0.1679583825,0.1587037607,0.1473336271,0.1328756617,0.1126040833,0.0561756375,,,,,,,,,0.0561756375
127860,1.20000000,0.1950871266,0.1945513689,0.1929831598,0.1903371605,0.1865779326,0.1816572048,0.1754828319,0.1678991867,0.1586498397,0.1472859386,0.1328354918,0.1125736639,0.0561684047,,,,,,,,,0.0561684047
127920,1.20000000,0.1950115058,0.1944760873,0.1929088678,0.1902645274,0.1865076327,0.1815899166,0.1754192545,0.1678400610,0.1585959816,0.1472383048,0.1327953669,0.1125432776,0.0561611849,,,,,,,,,0.0561611849
127980,1.20000000,0.1949359780,0.1944008982,0.1928346669,0.1901919831,0.1864374181,0.1815227096,0.1753557531,0.1677810052,0.1585421864,0.1471907256,0.1327552870,0.1125129240,0.0561539778,,,,,,,,,0.0561539778
128040,1.20000000,0.1948605429,0.1943258013,0.1927605569,0.1901195273,0.1863672888,0.1814555837,0.1752923276,0.1677220193,0.1584884539,0.1471432009,0.1327152519,0.1124826034,0.0561467836,,,,,,,,,0.0561467836
128100,1.20000000,0.1947852004,0.1942507966,0.1926865376,0.1900471598,0.1862972446,0.1813885386,0.1752289779,0.1676631030,0.1584347840,0.1470957307,0.1326752616,0.1124523154,0.0561396022,,,,,,,,,0.0561396022
128160,1.20000000,0.1947099504,0.1941758837,0.1926126087,0.1899748806,0.1862272853,0.1813215743,0.1751657038,0.1676042563,0.1583811766,0.1470483147,0.1326353160,0.1124220602,0.0561324335,,,,,,,,,0.0561324335
128220,1.20000000,0.1946347925,0.1941010626,0.1925387703,0.1899026893,0.1861574108,0.1812546905,0.1751025052,0.1675454790,0.1583276316,0.1470009530,0.1325954150,0.1123918377,0.0561252775,,,,,,,,,0.0561252775
128280,1.20000000,0.1945597267,0.1940263331,0.1924650220,0.1898305860,0.1860876209,0.1811878872,0.1750393819,0.1674867710,0.1582741489,0.1469536454,0.1325555586,0.1123616478,0.0561181343,,,,,,,,,0.0561181343
128340,1.20000000,0.1944847528,0.1939516950,0.1923913638,0.1897585703,0.1860179154,0.1811211642,0.1749763339,0.1674281322,0.1582207283,0.1469063919,0.1325157467,0.1123314904,0.0561110037,,,,,,,,,0.0561110037
128400,1.20000000,0.1944098706,0.1938771481,0.1923177954,0.1896866422,0.1859482942,0.1810545214,0.1749133609,0.1673695625,0.1581673698,0.1468591923,0.1324759792,0.1123013655,0.0561038858,,,,,,,,,0.0561038858
128460,1.20000000,0.1943350800,0.1938026924,0.1922443167,0.1896148015,0.1858787572,0.1809879585,0.1748504629,0.1673110617,0.1581140733,0.1468120465,0.1324362560,0.1122712731,0.0560967805,,,,,,,,,0.0560967805
128520,1.20000000,0.1942603807,0.1937283275,0.1921709276,0.1895430480,0.1858093042,0.1809214755,0.1747876397,0.1672526298,0.1580608386,0.1467649545,0.1323965770,0.1122412130,0.0560896878,,,,,,,,,0.0560896878
128580,1.20000000,0.1941857727,0.1936540534,0.1920976278,0.1894713815,0.1857399351,0.1808550722,0.1747248911,0.1671942665,0.1580076656,0.1467179161,0.1323569422,0.1122111853,0.0560826077,,,,,,,,,0.0560826077
128640,1.20000000,0.1941112557,0.1935798698,0.1920244172,0.1893998020,0.1856706496,0.1807887485,0.1746622171,0.1671359718,0.1579545542,0.1466709313,0.1323173515,0.1121811899,0.0560755401,,,,,,,,,0.0560755401
128700,1.20000000,0.1940368296,0.1935057767,0.1919512956,0.1893283092,0.1856014476,0.1807225042,0.1745996175,0.1670777456,0.1579015044,0.1466240000,0.1322778049,0.1121512267,0.0560684850,,,,,,,,,0.0560684850
128760,1.20000000,0.1939624942,0.1934317738,0.1918782630,0.1892569029,0.1855323291,0.1806563392,0.1745370922,0.1670195877,0.1578485159,0.1465771220,0.1322383021,0.1121212957,0.0560614424,,,,,,,,,0.0560614424
128820,1.20000000,0.1938882494,0.1933578610,0.1918053190,0.1891855831,0.1854632937,0.1805902534,0.1744746410,0.1669614980,0.1577955888,0.1465302974,0.1321988433,0.1120913968,0.0560544123,,,,,,,,,0.0560544123
128880,1.20000000,0.1938140949,0.1932840381,0.1917324636,0.1891143496,0.1853943415,0.1805242465,0.1744122638,0.1669034763,0.1577427228,0.1464835259,0.1321594282,0.1120615300,0.0560473946,,,,,,,,,0.0560473946
128940,1.20000000,0.1937400307,0.1932103049,0.1916596965,0.1890432022,0.1853254722,0.1804583184,0.1743499604,0.1668455227,0.1576899179,0.1464368075,0.1321200568,0.1120316952,0.0560403893,,,,,,,,,0.0560403893
129000,1.20000000,0.1936660565,0.1931366613,0.1915870177,0.1889721407,0.1852566856,0.1803924691,0.1742877308,0.1667876368,0.1576371739,0.1463901421,0.1320807291,0.1120018923,0.0560333964,,,,,,,,,0.0560333964
129060,1.20000000,0.1935921721,0.1930631072,0.1915144269,0.1889011651,0.1851879817,0.1803266983,0.1742255748,0.1667298187,0.1575844909,0.1463435296,0.1320414449,0.1119721214,0.0560264158,,,,,,,,,0.0560264158
129120,1.20000000,0.1935183775,0.1929896422,0.1914419241,0.1888302750,0.1851193602,0.1802610060,0.1741634923,0.1666720682,0.1575318685,0.1462969700,0.1320022043,0.1119423823,0.0560194475,,,,,,,,,0.0560194475
129180,1.20000000,0.1934446724,0.1929162664,0.1913695089,0.1887594705,0.1850508211,0.1801953919,0.1741014831,0.1666143851,0.1574793069,0.1462504631,0.1319630070,0.1119126750,0.0560124916,,,,,,,,,0.0560124916
129240,1.20000000,0.1933710568,0.1928429795,0.1912971814,0.1886887513,0.1849823641,0.1801298560,0.1740395471,0.1665567695,0.1574268057,0.1462040088,0.1319238531,0.1118829995,0.0560055479,,,,,,,,,0.0560055479
129300,1.20000000,0.1932975303,0.1927697814,0.1912249413,0.1886181172,0.1849139892,0.1800643980,0.1739776841,0.1664992210,0.1573743650,0.1461576070,0.1318847424,0.1118533557,0.0559986164,,,,,,,,,0.0559986164
129360,1.20000000,0.1932240929,0.1926966718,0.1911527884,0.1885475682,0.1848456962,0.1799990179,0.1739158942,0.1664417397,0.1573219846,0.1461112577,0.1318456750,0.1118237435,0.0559916971,,,,,,,,,0.0559916971
129420,1.20000000,0.1931507444,0.1926236507,0.1910807226,0.1884771040,0.1847774849,0.1799337155,0.1738541770,0.1663843253,0.1572696645,0.1460649608,0.1318066506,0.1117941629,0.0559847901,,,,,,,,,0.0559847901
129480,1.20000000,0.1930774846,0.1925507179,0.1910087438,0.1884067245,0.1847093551,0.1798684907,0.1737925325,0.1663269779,0.1572174044,0.1460187161,0.1317676693,0.1117646139,0.0559778951,,,,,,,,,0.0559778951
129540,1.20000000,0.1930043134,0.1924778731,0.1909368517,0.1883364296,0.1846413068,0.1798033434,0.1737309606,0.1662696972,0.1571652044,0.1459725236,0.1317287310,0.1117350964,0.0559710123,,,,,,,,,0.0559710123
129600,1.20000000,0.1929312307,0.1924051164,0.1908650463,0.1882662191,0.1845733398,0.1797382733,0.1736694610,0.1662124831,0.1571130642,0.1459263832,0.1316898356,0.1117056103,0.0559641416,,,,,,,,,0.0559641416
129660,1.20000000,0.1928582361,0.1923324474,0.1907933273,0.1881960928,0.1845054539,0.1796732804,0.1736080338,0.1661553356,0.1570609839,0.1458802948,0.1316509829,0.1116761555,0.0559572830,,,,,,,,,0.0559572830
129720,1.20000000,0.1927853297,0.1922598660,0.1907216946,0.1881260506,0.1844376490,0.1796083645,0.1735466787,0.1660982545,0.1570089632,0.1458342583,0.1316121731,0.1116467322,0.0559504364,,,,,,,,,0.0559504364
129780,1.20000000,0.1927125111,0.1921873721,0.1906501481,0.1880560923,0.1843699250,0.1795435254,0.1734853957,0.1660412396,0.1569570022,0.1457882736,0.1315734059,0.1116173401,0.0559436019,,,,,,,,,0.0559436019
129840,1.20000000,0.1926397804,0.1921149656,0.1905786875,0.1879862178,0.1843022816,0.1794787632,0.1734241846,0.1659842910,0.1569051006,0.1457423407,0.1315346813,0.1115879792,0.0559367793,,,,,,,,,0.0559367793
129900,1.20000000,0.1925671372,0.1920426462,0.1905073129,0.1879164270,0.1842347188,0.1794140775,0.1733630452,0.1659274083,0.1568532584,0.1456964594,0.1314959993,0.1115586495,0.0559299687,,,,,,,,,0.0559299687
129960,1.20000000,0.1924945815,0.1919704137,0.1904360238,0.1878467197,0.1841672364,0.1793494682,0.1733019775,0.1658705917,0.1568014754,0.1456506296,0.1314573597,0.1115293510,0.0559231700,,,,,,,,,0.0559231700
130020,1.20000000,0.1924221131,0.1918982682,0.1903648203,0.1877770956,0.1840998343,0.1792849353,0.1732409813,0.1658138408,0.1567497517,0.1456048513,0.1314187625,0.1115000835,0.0559163832,,,,,,,,,0.0559163832
130080,1.20000000,0.1923497318,0.1918262093,0.1902937022,0.1877075548,0.1840325123,0.1792204786,0.1731800565,0.1657571556,0.1566980870,0.1455591244,0.1313802076,0.1114708471,0.0559096084,,,,,,,,,0.0559096084
130140,1.20000000,0.1922774375,0.1917542369,0.1902226693,0.1876380970,0.1839652702,0.1791560980,0.1731192030,0.1657005361,0.1566464813,0.1455134487,0.1313416950,0.1114416416,0.0559028453,,,,,,,,,0.0559028453
130200,1.20000000,0.1922052299,0.1916823509,0.1901517215,0.1875687220,0.1838981080,0.1790917932,0.1730584206,0.1656439820,0.1565949344,0.1454678243,0.1313032245,0.1114124671,0.0558960941,,,,,,,,,0.0558960941
130260,1.20000000,0.1921331091,0.1916105510,0.1900808585,0.1874994298,0.1838310255,0.1790275643,0.1729977092,0.1655874932,0.1565434463,0.1454222509,0.1312647962,0.1113833235,0.0558893547,,,,,,,,,0.0558893547
130320,1.20000000,0.1920610747,0.1915388373,0.1900100803,0.1874302202,0.1837640225,0.1789634110,0.1729370687,0.1655310697,0.1564920168,0.1453767286,0.1312264098,0.1113542106,0.0558826271,,,,,,,,,0.0558826271
130380,1.20000000,0.1919891267,0.1914672094,0.1899393867,0.1873610930,0.1836970989,0.1788993332,0.1728764990,0.1654747113,0.1564406459,0.1453312572,0.1311880654,0.1113251286,0.0558759112,,,,,,,,,0.0558759112
130440,1.20000000,0.1919172648,0.1913956673,0.1898687775,0.1872920481,0.1836302546,0.1788353307,0.1728159999,0.1654184180,0.1563893335,0.1452858367,0.1311497630,0.1112960773,0.0558692070,,,,,,,,,0.0558692070
130500,1.20000000,0.1918454890,0.1913242107,0.1897982527,0.1872230853,0.1835634893,0.1787714035,0.1727555713,0.1653621895,0.1563380794,0.1452404668,0.1311115023,0.1112670566,0.0558625145,,,,,,,,,0.0558625145
130560,1.20000000,0.1917737991,0.1912528396,0.1897278120,0.1871542045,0.1834968031,0.1787075515,0.1726952131,0.1653060258,0.1562868836,0.1451951477,0.1310732834,0.1112380666,0.0558558337,,,,,,,,,0.0558558337
130620,1.20000000,0.1917021948,0.1911815538,0.1896574552,0.1870854055,0.1834301957,0.1786437743,0.1726349252,0.1652499268,0.1562357458,0.1451498792,0.1310351061,0.1112091071,0.0558491645,,,,,,,,,0.0558491645
130680,1.20000000,0.1916306762,0.1911103530,0.1895871823,0.1870166883,0.1833636669,0.1785800721,0.1725747074,0.1651938923,0.1561846662,0.1451046611,0.1309969705,0.1111801782,0.0558425070,,,,,,,,,0.0558425070
130740,1.20000000,0.1915592429,0.1910392373,0.1895169931,0.1869480526,0.1832972168,0.1785164445,0.1725145596,0.1651379223,0.1561336445,0.1450594934,0.1309588763,0.1111512798,0.0558358610,,,,,,,,,0.0558358610
130800,1.20000000,0.1914878949,0.1909682063,0.1894468874,0.1868794982,0.1832308450,0.1784528915,0.1724544816,0.1650820166,0.1560826806,0.1450143761,0.1309208237,0.1111224117,0.0558292266,,,,,,,,,0.0558292266
130860,1.20000000,0.1914166319,0.1908972600,0.1893768651,0.1868110251,0.1831645515,0.1783894129,0.1723944735,0.1650261751,0.1560317745,0.1449693090,0.1308828125,0.1110935741,0.0558226037,,,,,,,,,0.0558226037
130920,1.20000000,0.1913454540,0.1908263982,0.1893069260,0.1867426332,0.1830983361,0.1783260087,0.1723345350,0.1649703977,0.1559809260,0.1449242920,0.1308448425,0.1110647668,0.0558159923,,,,,,,,,0.0558159923
130980,1.20000000,0.1912743608,0.1907556208,0.1892370701,0.1866743222,0.1830321987,0.1782626786,0.1722746660,0.1649146843,0.1559301351,0.1448793251,0.1308069139,0.1110359897,0.0558093924,,,,,,,,,0.0558093924
131040,1.20000000,0.1912033522,0.1906849276,0.1891672970,0.1866060919,0.1829661391,0.1781994225,0.1722148664,0.1648590348,0.1558794016,0.1448344082,0.1307690264,0.1110072429,0.0558028040,,,,,,,,,0.0558028040
131100,1.20000000,0.1911324282,0.1906143184,0.1890976067,0.1865379424,0.1829001572,0.1781362404,0.1721551360,0.1648034490,0.1558287254,0.1447895412,0.1307311800,0.1109785263,0.0557962270,,,,,,,,,0.0557962270
131160,1.20000000,0.1910615884,0.1905437931,0.1890279991,0.1864698734,0.1828342530,0.1780731320,0.1720954748,0.1647479269,0.1557781065,0.1447447240,0.1306933747,0.1109498398,0.0557896614,,,,,,,,,0.0557896614
131220,1.20000000,0.1909908329,0.1904733516,0.1889584740,0.1864018848,0.1827684261,0.1780100973,0.1720358827,0.1646924684,0.1557275447,0.1446999565,0.1306556104,0.1109211833,0.0557831072,,,,,,,,,0.0557831072
131280,1.20000000,0.1909201613,0.1904029936,0.1888890311,0.1863339764,0.1827026766,0.1779471361,0.1719763594,0.1646370733,0.1556770400,0.1446552386,0.1306178869,0.1108925569,0.0557765643,,,,,,,,,0.0557765643
131340,1.20000000,0.1908495737,0.1903327191,0.1888196705,0.1862661481,0.1826370041,0.1778842483,0.1719169049,0.1645817415,0.1556265922,0.1446105703,0.1305802044,0.1108639605,0.0557700327,,,,,,,,,0.0557700327
131400,1.20000000,0.1907790698,0.1902625280,0.1887503919,0.1861983997,0.1825714088,0.1778214338,0.1718575191,0.1645264729,0.1555762013,0.1445659514,0.1305425625,0.1108353941,0.0557635125,,,,,,,,,0.0557635125
131460,1.20000000,0.1907086494,0.1901924199,0.1886811953,0.1861307312,0.1825058902,0.1777586924,0.1717982019,0.1644712674,0.1555258672,0.1445213820,0.1305049614,0.1108068575,0.0557570035,,,,,,,,,0.0557570035
131520,1.20000000,0.1906383125,0.1901223949,0.1886120803,0.1860631423,0.1824404485,0.1776960239,0.1717389530,0.1644161249,0.1554755896,0.1444768618,0.1304674010,0.1107783507,0.0557505058,,,,,,,,,0.0557505058
131580,1.20000000,0.1905680589,0.1900524527,0.1885430470,0.1859956329,0.1823750833,0.1776334284,0.1716797725,0.1643610453,0.1554253687,0.1444323908,0.1304298811,0.1107498737,0.0557440193,,,,,,,,,0.0557440193
131640,1.20000000,0.1904978884,0.1899825932,0.1884740951,0.1859282029,0.1823097946,0.1775709055,0.1716206601,0.1643060284,0.1553752042,0.1443879690,0.1303924017,0.1107214265,0.0557375440,,,,,,,,,0.0557375440
131700,1.20000000,0.1904278008,0.1899128162,0.1884052246,0.1858608522,0.1822445823,0.1775084553,0.1715616158,0.1642510742,0.1553250960,0.1443435962,0.1303549627,0.1106930090,0.0557310798,,,,,,,,,0.0557310798
131760,1.20000000,0.1903577961,0.1898431217,0.1883364352,0.1857935805,0.1821794461,0.1774460776,0.1715026394,0.1641961826,0.1552750442,0.1442992724,0.1303175641,0.1106646211,0.0557246268,,,,,,,,,0.0557246268
131820,1.20000000,0.1902878741,0.1897735094,0.1882677268,0.1857263878,0.1821143860,0.1773837722,0.1714437309,0.1641413534,0.1552250484,0.1442549975,0.1302802058,0.1106362628,0.0557181850,,,,,,,,,0.0557181850
131880,1.20000000,0.1902180346,0.1897039792,0.1881990993,0.1856592739,0.1820494018,0.1773215391,0.1713848900,0.1640865866,0.1551751088,0.1442107713,0.1302428878,0.1106079340,0.0557117542,,,,,,,,,0.0557117542
131940,1.20000000,0.1901482775,0.1896345310,0.1881305526,0.1855922387,0.1819844935,0.1772593780,0.1713261168,0.1640318819,0.1551252251,0.1441665939,0.1302056099,0.1105796348,0.0557053345,,,,,,,,,0.0557053345
132000,1.20000000,0.1900786026,0.1895651646,0.1880620864,0.1855252821,0.1819196608,0.1771972890,0.1712674110,0.1639772394,0.1550753973,0.1441224651,0.1301683721,0.1105513650,0.0556989258,,,,,,,,,0.0556989258
132060,1.20000000,0.1900090099,0.1894958799,0.1879937007,0.1854584038,0.1818549036,0.1771352717,0.1712087725,0.1639226589,0.1550256253,0.1440783848,0.1301311743,0.1105231246,0.0556925282,,,,,,,,,0.0556925282
132120,1.20000000,0.1899394990,0.1894266767,0.1879253952,0.1853916038,0.1817902218,0.1770733262,0.1711502013,0.1638681404,0.1549759090,0.1440343530,0.1300940165,0.1104949136,0.0556861416,,,,,,,,,0.0556861416
132180,1.20000000,0.1898700700,0.1893575549,0.1878571700,0.1853248819,0.1817256152,0.1770114523,0.1710916972,0.1638136836,0.1549262483,0.1439903696,0.1300568986,0.1104667318,0.0556797659,,,,,,,,,0.0556797659
132240,1.20000000,0.1898007226,0.1892885143,0.1877890247,0.1852582379,0.1816610838,0.1769496498,0.1710332601,0.1637592885,0.1548766430,0.1439464345,0.1300198205,0.1104385794,0.0556734012,,,,,,,,,0.0556734012
132300,1.20000000,0.1897314567,0.1892195548,0.1877209593,0.1851916718,0.1815966274,0.1768879187,0.1709748899,0.1637049549,0.1548270932,0.1439025477,0.1299827822,0.1104104561,0.0556670474,,,,,,,,,0.0556670474
132360,1.20000000,0.1896622722,0.1891506762,0.1876529737,0.1851251834,0.1815322458,0.1768262588,0.1709165865,0.1636506829,0.1547775986,0.1438587089,0.1299457836,0.1103823620,0.0556607045,,,,,,,,,0.0556607045
132420,1.20000000,0.1895931689,0.1890818785,0.1875850676,0.1850587726,0.1814679390,0.1767646700,0.1708583496,0.1635964722,0.1547281593,0.1438149182,0.1299088246,0.1103542971,0.0556543725,,,,,,,,,0.0556543725
132480,1.20000000,0.1895241467,0.1890131614,0.1875172410,0.1849924392,0.1814037068,0.1767031522,0.1708001794,0.1635423228,0.1546787751,0.1437711755,0.1298719052,0.1103262612,0.0556480513,,,,,,,,,0.0556480513
132540,1.20000000,0.1894552054,0.1889445248,0.1874494937,0.1849261831,0.1813395490,0.1766417052,0.1707420755,0.1634882345,0.1546294459,0.1437274807,0.1298350253,0.1102982543,0.0556417409,,,,,,,,,0.0556417409
132600,1.20000000,0.1893863449,0.1888759686,0.1873818255,0.1848600042,0.1812754656,0.1765803289,0.1706840379,0.1634342073,0.1545801716,0.1436838337,0.1297981848,0.1102702764,0.0556354414,,,,,,,,,0.0556354414
132660,1.20000000,0.1893175651,0.1888074926,0.1873142364,0.1847939022,0.1812114563,0.1765190232,0.1706260665,0.1633802411,0.1545309522,0.1436402345,0.1297613837,0.1102423275,0.0556291526,,,,,,,,,0.0556291526
132720,1.20000000,0.1892488657,0.1887390967,0.1872467262,0.1847278772,0.1811475212,0.1764577880,0.1705681612,0.1633263356,0.1544817875,0.1435966828,0.1297246219,0.1102144074,0.0556228746,,,,,,,,,0.0556228746
132780,1.20000000,0.1891802467,0.1886707808,0.1871792947,0.1846619288,0.1810836600,0.1763966231,0.1705103218,0.1632724910,0.1544326775,0.1435531788,0.1296878994,0.1101865162,0.0556166072,,,,,,,,,0.0556166072
132840,1.20000000,0.1891117079,0.1886025447,0.1871119418,0.1845960571,0.1810198726,0.1763355285,0.1704525483,0.1632187069,0.1543836220,0.1435097223,0.1296512160,0.1101586538,0.0556103506,,,,,,,,,0.0556103506
132900,1.20000000,0.1890432492,0.1885343882,0.1870446674,0.1845302619,0.1809561588,0.1762745039,0.1703948405,0.1631649834,0.1543346210,0.1434663131,0.1296145718,0.1101308201,0.0556041047,,,,,,,,,0.0556041047
132960,1.20000000,0.1889748704,0.1884663112,0.1869774714,0.1844645430,0.1808925187,0.1762135494,0.1703371983,0.1631113203,0.1542856743,0.1434229513,0.1295779666,0.1101030152,0.0555978694,,,,,,,,,0.0555978694
133020,1.20000000,0.1889065714,0.1883983136,0.1869103535,0.1843989003,0.1808289519,0.1761526647,0.1702796216,0.1630577175,0.1542367819,0.1433796368,0.1295414003,0.1100752388,0.0555916448,,,,,,,,,0.0555916448
133080,1.20000000,0.1888383520,0.1883303953,0.1868433136,0.1843333337,0.1807654585,0.1760918497,0.1702221103,0.1630041749,0.1541879437,0.1433363694,0.1295048730,0.1100474911,0.0555854308,,,,,,,,,0.0555854308
133140,1.20000000,0.1887702121,0.1882625560,0.1867763517,0.1842678430,0.1807020382,0.1760311043,0.1701646642,0.1629506925,0.1541391596,0.1432931492,0.1294683846,0.1100197720,0.0555792273,,,,,,,,,0.0555792273
133200,1.20000000,0.1887021516,0.1881947958,0.1867094676,0.1842024281,0.1806386909,0.1759704284,0.1701072833,0.1628972700,0.1540904295,0.1432499759,0.1294319349,0.1099920814,0.0555730344,,,,,,,,,0.0555730344
133260,1.20000000,0.1886341704,0.1881271143,0.1866426611,0.1841370889,0.1805754166,0.1759098219,0.1700499675,0.1628439075,0.1540417532,0.1432068496,0.1293955240,0.1099644192,0.0555668521,,,,,,,,,0.0555668521
133320,1.20000000,0.1885662682,0.1880595115,0.1865759321,0.1840718253,0.1805122150,0.1758492847,0.1699927165,0.1627906048,0.1539931308,0.1431637702,0.1293591517,0.1099367855,0.0555606802,,,,,,,,,0.0555606802
133380,1.20000000,0.1884984449,0.1879919873,0.1865092805,0.1840066370,0.1804490861,0.1757888166,0.1699355304,0.1627373617,0.1539445622,0.1431207375,0.1293228180,0.1099091802,0.0555545189,,,,,,,,,0.0555545189
133440,1.20000000,0.1884307005,0.1879245414,0.1864427061,0.1839415240,0.1803860298,0.1757284174,0.1698784090,0.1626841783,0.1538960471,0.1430777515,0.1292865229,0.1098816032,0.0555483680,,,,,,,,,0.0555483680
133500,1.20000000,0.1883630347,0.1878571738,0.1863762088,0.1838764861,0.1803230458,0.1756680872,0.1698213522,0.1626310543,0.1538475856,0.1430348122,0.1292502662,0.1098540545,0.0555422275,,,,,,,,,0.0555422275
133560,1.20000000,0.1882954475,0.1877898844,0.1863097884,0.1838115233,0.1802601341,0.1756078257,0.1697643599,0.1625779898,0.1537991776,0.1429919194,0.1292140480,0.1098265340,0.0555360975,,,,,,,,,0.0555360975
133620,1.20000000,0.1882279386,0.1877226729,0.1862434449,0.1837466353,0.1801972945,0.1755476329,0.1697074320,0.1625249845,0.1537508229,0.1429490730,0.1291778681,0.1097990417,0.0555299778,,,,,,,,,0.0555299778
133680,1.20000000,0.1881605080,0.1876555393,0.1861771781,0.1836818221,0.1801345270,0.1754875087,0.1696505683,0.1624720385,0.1537025215,0.1429062731,0.1291417265,0.1097715776,0.0555238686,,,,,,,,,0.0555238686
133740,1.20000000,0.1880931556,0.1875884834,0.1861109878,0.1836170835,0.1800718314,0.1754274528,0.1695937687,0.1624191515,0.1536542732,0.1428635194,0.1291056231,0.1097441416,0.0555177696,,,,,,,,,0.0555177696
133800,1.20000000,0.1880258811,0.1875215051,0.1860448739,0.1835524193,0.1800092075,0.1753674652,0.1695370333,0.1623663235,0.1536060781,0.1428208121,0.1290695578,0.1097167337,0.0555116810,,,,,,,,,0.0555116810
133860,1.20000000,0.1879586844,0.1874546043,0.1859788364,0.1834878296,0.1799466553,0.1753075458,0.1694803617,0.1623135544,0.1535579359,0.1427781508,0.1290335307,0.1096893538,0.0555056027,,,,,,,,,0.0555056027
133920,1.20000000,0.1878915654,0.1873877807,0.1859128749,0.1834233140,0.1798841746,0.1752476945,0.1694237539,0.1622608441,0.1535098467,0.1427355357,0.1289975416,0.1096620018,0.0554995347,,,,,,,,,0.0554995347
133980,1.20000000,0.1878245240,0.1873210343,0.1858469895,0.1833588726,0.1798217654,0.1751879110,0.1693672099,0.1622081925,0.1534618103,0.1426929665,0.1289615904,0.1096346778,0.0554934769,,,,,,,,,0.0554934769
134040,1.20000000,0.1877575600,0.1872543649,0.1857811800,0.1832945051,0.1797594273,0.1751281955,0.1693107295,0.1621555994,0.1534138266,0.1426504433,0.1289256772,0.1096073817,0.0554874294,,,,,,,,,0.0554874294
134100,1.20000000,0.1876906734,0.1871877725,0.1857154463,0.1832302114,0.1796971605,0.1750685476,0.1692543125,0.1621030649,0.1533658955,0.1426079659,0.1288898018,0.1095801134,0.0554813921,,,,,,,,,0.0554813921
134160,1.20000000,0.1876238639,0.1871212568,0.1856497881,0.1831659915,0.1796349646,0.1750089673,0.1691979589,0.1620505887,0.1533180170,0.1425655344,0.1288539642,0.1095528730,0.0554753649,,,,,,,,,0.0554753649
134220,1.20000000,0.1875571314,0.1870548178,0.1855842055,0.1831018451,0.1795728397,0.1749494544,0.1691416687,0.1619981709,0.1532701910,0.1425231485,0.1288181643,0.1095256603,0.0554693480,,,,,,,,,0.0554693480
134280,1.20000000,0.1874904758,0.1869884552,0.1855186982,0.1830377722,0.1795107856,0.1748900090,0.1690854415,0.1619458112,0.1532224174,0.1424808082,0.1287824021,0.1094984752,0.0554633411,,,,,,,,,0.0554633411
134340,1.20000000,0.1874238969,0.1869221690,0.1854532661,0.1829737726,0.1794488021,0.1748306307,0.1690292775,0.1618935096,0.1531746960,0.1424385135,0.1287466775,0.1094713179,0.0554573444,,,,,,,,,0.0554573444
134400,1.20000000,0.1873573947,0.1868559590,0.1853879092,0.1829098461,0.1793868891,0.1747713196,0.1689731763,0.1618412660,0.1531270269,0.1423962642,0.1287109904,0.1094441882,0.0554513578,,,,,,,,,0.0554513578
134460,1.20000000,0.1872909690,0.1867898252,0.1853226272,0.1828459928,0.1793250465,0.1747120755,0.1689171380,0.1617890803,0.1530794098,0.1423540604,0.1286753408,0.1094170861,0.0554453813,,,,,,,,,0.0554453813
134520,1.20000000,0.1872246196,0.1867237673,0.1852574200,0.1827822124,0.1792632743,0.1746528983,0.1688611625,0.1617369524,0.1530318448,0.1423119019,0.1286397287,0.1093900115,0.0554394148,,,,,,,,,0.0554394148
134580,1.20000000,0.1871583464,0.1866577852,0.1851922875,0.1827185048,0.1792015722,0.1745937878,0.1688052496,0.1616848822,0.1529843317,0.1422697886,0.1286041538,0.1093629643,0.0554334583,,,,,,,,,0.0554334583
134640,1.20000000,0.1870921493,0.1865918788,0.1851272296,0.1826548699,0.1791399401,0.1745347441,0.1687493992,0.1616328696,0.1529368705,0.1422277205,0.1285686163,0.1093359447,0.0554275119,,,,,,,,,0.0554275119
134700,1.20000000,0.1870260282,0.1865260480,0.1850622462,0.1825913076,0.1790783780,0.1744757668,0.1686936112,0.1615809144,0.1528894611,0.1421856975,0.1285331160,0.1093089524,0.0554215754,,,,,,,,,0.0554215754
134760,1.20000000,0.1869599829,0.1864602927,0.1849973370,0.1825278177,0.1790168857,0.1744168560,0.1686378855,0.1615290167,0.1528421033,0.1421437195,0.1284976529,0.1092819875,0.0554156489,,,,,,,,,0.0554156489
134820,1.20000000,0.1868940133,0.1863946126,0.1849325021,0.1824644001,0.1789554631,0.1743580115,0.1685822220,0.1614771763,0.1527947971,0.1421017865,0.1284622269,0.1092550500,0.0554097323,,,,,,,,,0.0554097323
134880,1.20000000,0.1868281192,0.1863290077,0.1848677412,0.1824010547,0.1788941100,0.1742992332,0.1685266206,0.1614253931,0.1527475424,0.1420598983,0.1284268380,0.1092281397,0.0554038257,,,,,,,,,0.0554038257
134940,1.20000000,0.1867623006,0.1862634779,0.1848030542,0.1823377813,0.1788328264,0.1742405210,0.1684710812,0.1613736671,0.1527003392,0.1420180550,0.1283914861,0.1092012566,0.0553979289,,,,,,,,,0.0553979289
135000,1.20000000,0.1866965573,0.1861980230,0.1847384410,0.1822745799,0.1787716121,0.1741818748,0.1684156037,0.1613219980,0.1526531872,0.1419762563,0.1283561710,0.1091744007,0.0553920420,,,,,,,,,0.0553920420
135060,1.20000000,0.1866308891,0.1861326428,0.1846739015,0.1822114503,0.1787104670,0.1741232945,0.1683601879,0.1612703859,0.1526060865,0.1419345023,0.1283208929,0.1091475720,0.0553861650,,,,,,,,,0.0553861650
135120,1.20000000,0.1865652960,0.1860673373,0.1846094355,0.1821483924,0.1786493910,0.1740647799,0.1683048338,0.1612188306,0.1525590370,0.1418927929,0.1282856516,0.1091207704,0.0553802978,,,,,,,,,0.0553802978
135180,1.20000000,0.1864997778,0.1860021064,0.1845450430,0.1820854061,0.1785883840,0.1740063309,0.1682495413,0.1611673320,0.1525120386,0.1418511280,0.1282504470,0.1090939958,0.0553744404,,,,,,,,,0.0553744404
135240,1.20000000,0.1864343343,0.1859369498,0.1844807237,0.1820224911,0.1785274458,0.1739479474,0.1681943103,0.1611158900,0.1524650911,0.1418095076,0.1282152791,0.1090672482,0.0553685929,,,,,,,,,0.0553685929
135300,1.20000000,0.1863689655,0.1858718675,0.1844164776,0.1819596475,0.1784665764,0.1738896294,0.1681391406,0.1610645046,0.1524181946,0.1417679315,0.1281801479,0.1090405277,0.0553627550,,,,,,,,,0.0553627550
135360,1.20000000,0.1863036712,0.1858068593,0.1843523046,0.1818968751,0.1784057756,0.1738313767,0.1680840321,0.1610131756,0.1523713489,0.1417263997,0.1281450533,0.1090138340,0.0553569269,,,,,,,,,0.0553569269
135420,1.20000000,0.1862384513,0.1857419252,0.1842882044,0.1818341738,0.1783450432,0.1737731891,0.1680289848,0.1609619030,0.1523245539,0.1416849121,0.1281099951,0.1089871673,0.0553511086,,,,,,,,,0.0553511086
135480,1.20000000,0.1861733056,0.1856770649,0.1842241770,0.1817715434,0.1782843792,0.1737150667,0.1679739986,0.1609106866,0.1522778095,0.1416434686,0.1280749734,0.1089605274,0.0553452999,,,,,,,,,0.0553452999
135540,1.20000000,0.1861082341,0.1856122783,0.1841602223,0.1817089838,0.1782237835,0.1736570092,0.1679190733,0.1608595264,0.1522311158,0.1416020692,0.1280399882,0.1089339143,0.0553395009,,,,,,,,,0.0553395009
135600,1.20000000,0.1860432366,0.1855475654,0.1840963401,0.1816464950,0.1781632560,0.1735990165,0.1678642088,0.1608084223,0.1521844725,0.1415607138,0.1280050392,0.1089073280,0.0553337116,,,,,,,,,0.0553337116
135660,1.20000000,0.1859783129,0.1854829260,0.1840325303,0.1815840767,0.1781027964,0.1735410887,0.1678094051,0.1607573741,0.1521378796,0.1415194023,0.1279701266,0.1088807684,0.0553279319,,,,,,,,,0.0553279319
135720,1.20000000,0.1859134630,0.1854183600,0.1839687928,0.1815217289,0.1780424048,0.1734832254,0.1677546619,0.1607063818,0.1520913370,0.1414781347,0.1279352502,0.1088542354,0.0553221619,,,,,,,,,0.0553221619
135780,1.20000000,0.1858486867,0.1853538672,0.1839051275,0.1814594514,0.1779820810,0.1734254267,0.1676999794,0.1606554452,0.1520448447,0.1414369108,0.1279004099,0.1088277291,0.0553164014,,,,,,,,,0.0553164014
135840,1.20000000,0.1857839839,0.1852894475,0.1838415342,0.1813972441,0.1779218248,0.1733676924,0.1676453572,0.1606045644,0.1519984025,0.1413957307,0.1278656058,0.1088012495,0.0553106505,,,,,,,,,0.0553106505
135900,1.20000000,0.1857193545,0.1852251008,0.1837780128,0.1813351070,0.1778616362,0.1733100223,0.1675907954,0.1605537392,0.1519520104,0.1413545942,0.1278308377,0.1087747963,0.0553049091,,,,,,,,,0.0553049091
135960,1.20000000,0.1856547983,0.1851608270,0.1837145632,0.1812730398,0.1778015151,0.1732524165,0.1675362938,0.1605029694,0.1519056682,0.1413135013,0.1277961055,0.1087483697,0.0552991773,,,,,,,,,0.0552991773
136020,1.20000000,0.1855903152,0.1850966260,0.1836511852,0.1812110425,0.1777414613,0.1731948748,0.1674818523,0.1604522551,0.1518593760,0.1412724518,0.1277614094,0.1087219696,0.0552934550,,,,,,,,,0.0552934550
136080,1.20000000,0.1855259051,0.1850324975,0.1835878788,0.1811491149,0.1776814747,0.1731373971,0.1674274709,0.1604015961,0.1518131336,0.1412314458,0.1277267491,0.1086955958,0.0552877422,,,,,,,,,0.0552877422
136140,1.20000000,0.1854615679,0.1849684415,0.1835246438,0.1810872569,0.1776215552,0.1730799832,0.1673731493,0.1603509923,0.1517669409,0.1411904831,0.1276921246,0.1086692485,0.0552820389,,,,,,,,,0.0552820389
136200,1.20000000,0.1853973033,0.1849044579,0.1834614801,0.1810254684,0.1775617027,0.1730226331,0.1673188876,0.1603004436,0.1517207978,0.1411495638,0.1276575359,0.1086429275,0.0552763450,,,,,,,,,0.0552763450
136260,1.20000000,0.1853331114,0.1848405466,0.1833983875,0.1809637493,0.1775019170,0.1729653466,0.1672646856,0.1602499500,0.1516747044,0.1411086876,0.1276229829,0.1086166329,0.0552706605,,,,,,,,,0.0552706605
136320,1.20000000,0.1852689920,0.1847767073,0.1833353660,0.1809020995,0.1774421981,0.1729081237,0.1672105432,0.1601995113,0.1516286604,0.1410678546,0.1275884655,0.1085903645,0.0552649854,,,,,,,,,0.0552649854
136380,1.20000000,0.1852049450,0.1847129401,0.1832724155,0.1808405188,0.1773825459,0.1728509643,0.1671564604,0.1601491275,0.1515826658,0.1410270646,0.1275539838,0.1085641223,0.0552593198,,,,,,,,,0.0552593198
136440,1.20000000,0.1851409701,0.1846492447,0.1832095357,0.1807790072,0.1773229602,0.1727938681,0.1671024369,0.1600987984,0.1515367206,0.1409863176,0.1275195375,0.1085379063,0.0552536635,,,,,,,,,0.0552536635
136500,1.20000000,0.1850770674,0.1845856210,0.1831467267,0.1807175644,0.1772634409,0.1727368352,0.1670484728,0.1600485241,0.1514908246,0.1409456136,0.1274851268,0.1085117164,0.0552480165,,,,,,,,,0.0552480165
136560,1.20000000,0.1850132367,0.1845220690,0.1830839881,0.1806561904,0.1772039879,0.1726798654,0.1669945679,0.1599983043,0.1514449777,0.1409049524,0.1274507514,0.1084855527,0.0552423789,,,,,,,,,0.0552423789
136620,1.20000000,0.1849494779,0.1844585885,0.1830213201,0.1805948851,0.1771446011,0.1726229586,0.1669407221,0.1599481390,0.1513991800,0.1408643340,0.1274164114,0.1084594150,0.0552367505,,,,,,,,,0.0552367505
136680,1.20000000,0.1848857907,0.1843951794,0.1829587223,0.1805336484,0.1770852804,0.1725661147,0.1668869353,0.1598980280,0.1513534312,0.1408237584,0.1273821068,0.1084333033,0.0552311315,,,,,,,,,0.0552311315
136740,1.20000000,0.1848221752,0.1843318415,0.1828961948,0.1804724801,0.1770260257,0.1725093336,0.1668332074,0.1598479714,0.1513077314,0.1407832253,0.1273478374,0.1084072176,0.0552255217,,,,,,,,,0.0552255217
136800,1.20000000,0.1847586312,0.1842685748,0.1828337373,0.1804113801,0.1769668368,0.1724526152,0.1667795384,0.1597979691,0.1512620804,0.1407427349,0.1273136031,0.1083811579,0.0552199212,,,,,,,,,0.0552199212
136860,1.20000000,0.1846951586,0.1842053791,0.1827713498,0.1803503483,0.1769077137,0.1723959594,0.1667259280,0.1597480208,0.1512164782,0.1407022870,0.1272794041,0.1083551241,0.0552143298,,,,,,,,,0.0552143298
136920,1.20000000,0.1846317572,0.1841422542,0.1827090322,0.1802893847,0.1768486562,0.1723393661,0.1666723763,0.1596981266,0.1511709246,0.1406618815,0.1272452401,0.1083291161,0.0552087477,,,,,,,,,0.0552087477
136980,1.20000000,0.1845684270,0.1840792002,0.1826467842,0.1802284890,0.1767896642,0.1722828351,0.1666188832,0.1596482863,0.1511254196,0.1406215184,0.1272111111,0.1083031339,0.0552031748,,,,,,,,,0.0552031748
137040,1.20000000,0.1845051678,0.1840162167,0.1825846059,0.1801676611,0.1767307376,0.1722263665,0.1665654484,0.1595984999,0.1510799632,0.1405811976,0.1271770171,0.1082771775,0.0551976110,,,,,,,,,0.0551976110
137100,1.20000000,0.1844419794,0.1839533039,0.1825224971,0.1801069010,0.1766718764,0.1721699599,0.1665120720,0.1595487673,0.1510345552,0.1405409191,0.1271429580,0.1082512469,0.0551920564,,,,,,,,,0.0551920564
137160,1.20000000,0.1843788618,0.1838904614,0.1824604576,0.1800462085,0.1766130803,0.1721136155,0.1664587538,0.1594990883,0.1509891956,0.1405006827,0.1271089338,0.1082253419,0.0551865109,,,,,,,,,0.0551865109
137220,1.20000000,0.1843158149,0.1838276892,0.1823984874,0.1799855836,0.1765543493,0.1720573330,0.1664054938,0.1594494630,0.1509438842,0.1404604884,0.1270749443,0.1081994627,0.0551809745,,,,,,,,,0.0551809745
137280,1.20000000,0.1842528385,0.1837649872,0.1823365863,0.1799250260,0.1764956833,0.1720011123,0.1663522917,0.1593998911,0.1508986211,0.1404203361,0.1270409897,0.1081736090,0.0551754472,,,,,,,,,0.0551754472
137340,1.20000000,0.1841899325,0.1837023552,0.1822747542,0.1798645357,0.1764370821,0.1719449534,0.1662991477,0.1593503727,0.1508534060,0.1403802259,0.1270070697,0.1081477809,0.0551699290,,,,,,,,,0.0551699290
137400,1.20000000,0.1841270968,0.1836397932,0.1822129911,0.1798041126,0.1763785457,0.1718888562,0.1662460614,0.1593009075,0.1508082390,0.1403401575,0.1269731843,0.1081219784,0.0551644198,,,,,,,,,0.0551644198
137460,1.20000000,0.1840643312,0.1835773010,0.1821512967,0.1797437566,0.1763200739,0.1718328204,0.1661930330,0.1592514957,0.1507631200,0.1403001309,0.1269393336,0.1080962014,0.0551589196,,,,,,,,,0.0551589196
137520,1.20000000,0.1840016357,0.1835148785,0.1820896709,0.1796834674,0.1762616667,0.1717768462,0.1661400621,0.1592021369,0.1507180489,0.1402601461,0.1269055173,0.1080704498,0.0551534284,,,,,,,,,0.0551534284
137580,1.20000000,0.1839390101,0.1834525255,0.1820281138,0.1796232452,0.1762033239,0.1717209332,0.1660871489,0.1591528313,0.1506730255,0.1402202030,0.1268717356,0.1080447236,0.0551479462,,,,,,,,,0.0551479462
137640,1.20000000,0.1838764544,0.1833902420,0.1819666250,0.1795630896,0.1761450454,0.1716650815,0.1660342931,0.1591035786,0.1506280499,0.1401803015,0.1268379883,0.1080190229,0.0551424730,,,,,,,,,0.0551424730
137700,1.20000000,0.1838139683,0.1833280279,0.1819052046,0.1795030007,0.1760868311,0.1716092909,0.1659814946,0.1590543788,0.1505831220,0.1401404416,0.1268042753,0.1079933475,0.0551370088,,,,,,,,,0.0551370088
137760,1.20000000,0.1837515518,0.1832658829,0.1818438524,0.1794429782,0.1760286809,0.1715535614,0.1659287534,0.1590052318,0.1505382416,0.1401006232,0.1267705966,0.1079676973,0.0551315534,,,,,,,,,0.0551315534
137820,1.20000000,0.1836892047,0.1832038071,0.1817825682,0.1793830221,0.1759705947,0.1714978928,0.1658760694,0.1589561375,0.1504934088,0.1400608462,0.1267369522,0.1079420725,0.0551261070,,,,,,,,,0.0551261070
137880,1.20000000,0.1836269270,0.1831418003,0.1817213520,0.1793231323,0.1759125724,0.1714422850,0.1658234425,0.1589070958,0.1504486233,0.1400211106,0.1267033420,0.1079164729,0.0551206694,,,,,,,,,0.0551206694
137940,1.20000000,0.1835647185,0.1830798623,0.1816602037,0.1792633086,0.1758546139,0.1713867379,0.1657708726,0.1588581067,0.1504038852,0.1399814162,0.1266697660,0.1078908985,0.0551152408,,,,,,,,,0.0551152408
138000,1.20000000,0.1835025791,0.1830179931,0.1815991231,0.1792035510,0.1757967190,0.1713312514,0.1657183595,0.1588091701,0.1503591943,0.1399417631,0.1266362240,0.1078653492,0.0551098209,,,,,,,,,0.0551098209
138060,1.20000000,0.1834405087,0.1829561925,0.1815381102,0.1791438594,0.1757388877,0.1712758255,0.1656659032,0.1587602858,0.1503145507,0.1399021512,0.1266027161,0.1078398250,0.0551044100,,,,,,,,,0.0551044100
138120,1.20000000,0.1833785072,0.1828944605,0.1814771648,0.1790842335,0.1756811198,0.1712204599,0.1656135037,0.1587114538,0.1502699541,0.1398625803,0.1265692422,0.1078143259,0.0550990078,,,,,,,,,0.0550990078
138180,1.20000000,0.1833165744,0.1828327968,0.1814162867,0.1790246734,0.1756234153,0.1711651547,0.1655611607,0.1586626739,0.1502254046,0.1398230505,0.1265358022,0.1077888519,0.0550936144,,,,,,,,,0.0550936144
138240,1.20000000,0.1832547103,0.1827712015,0.1813554760,0.1789651788,0.1755657741,0.1711099098,0.1655088743,0.1586139462,0.1501809021,0.1397835616,0.1265023961,0.1077634028,0.0550882298,,,,,,,,,0.0550882298
138300,1.20000000,0.1831929146,0.1827096743,0.1812947324,0.1789057498,0.1755081960,0.1710547249,0.1654566443,0.1585652705,0.1501364464,0.1397441137,0.1264690238,0.1077379787,0.0550828539,,,,,,,,,0.0550828539
138360,1.20000000,0.1831311874,0.1826482152,0.1812340558,0.1788463861,0.1754506809,0.1709996000,0.1654044706,0.1585166468,0.1500920376,0.1397047065,0.1264356853,0.1077125795,0.0550774868,,,,,,,,,0.0550774868
138420,1.20000000,0.1830695285,0.1825868240,0.1811734463,0.1787870877,0.1753932288,0.1709445351,0.1653523532,0.1584680749,0.1500476754,0.1396653402,0.1264023805,0.1076872052,0.0550721284,,,,,,,,,0.0550721284
138480,1.20000000,0.1830079377,0.1825255007,0.1811129035,0.1787278545,0.1753358394,0.1708895300,0.1653002918,0.1584195548,0.1500033600,0.1396260145,0.1263691093,0.1076618558,0.0550667787,,,,,,,,,0.0550667787
138540,1.20000000,0.1829464150,0.1824642450,0.1810524275,0.1786686863,0.1752785128,0.1708345846,0.1652482866,0.1583710863,0.1499590911,0.1395867295,0.1263358718,0.1076365311,0.0550614377,,,,,,,,,0.0550614377
138600,1.20000000,0.1828849603,0.1824030570,0.1809920181,0.1786095831,0.1752212488,0.1707796988,0.1651963373,0.1583226695,0.1499148687,0.1395474850,0.1263026679,0.1076112312,0.0550561053,,,,,,,,,0.0550561053
138660,1.20000000,0.1828235733,0.1823419365,0.1809316751,0.1785505447,0.1751640473,0.1707248725,0.1651444438,0.1582743042,0.1498706927,0.1395082811,0.1262694974,0.1075859561,0.0550507816,,,,,,,,,0.0550507816
138720,1.20000000,0.1827622541,0.1822808833,0.1808713986,0.1784915710,0.1751069082,0.1706701057,0.1650926062,0.1582259903,0.1498265631,0.1394691176,0.1262363605,0.1075607056,0.0550454665,,,,,,,,,0.0550454665
138780,1.20000000,0.1827010025,0.1822198974,0.1808111883,0.1784326619,0.1750498315,0.1706153982,0.1650408242,0.1581777277,0.1497824798,0.1394299945,0.1262032569,0.1075354798,0.0550401600,,,,,,,,,0.0550401600
138840,1.20000000,0.1826398184,0.1821589787,0.1807510442,0.1783738174,0.1749928169,0.1705607499,0.1649890978,0.1581295164,0.1497384426,0.1393909116,0.1261701867,0.1075102786,0.0550348621,,,,,,,,,0.0550348621
138900,1.20000000,0.1825787017,0.1820981270,0.1806909662,0.1783150373,0.1749358644,0.1705061607,0.1649374268,0.1580813563,0.1496944516,0.1393518691,0.1261371497,0.1074851020,0.0550295728,,,,,,,,,0.0550295728
138960,1.20000000,0.1825176522,0.1820373422,0.1806309541,0.1782563214,0.1748789739,0.1704516306,0.1648858113,0.1580332473,0.1496505067,0.1393128667,0.1261041461,0.1074599500,0.0550242920,,,,,,,,,0.0550242920
139020,1.20000000,0.1824566699,0.1819766243,0.1805710078,0.1781976698,0.1748221453,0.1703971594,0.1648342512,0.1579851893,0.1496066077,0.1392739044,0.1260711756,0.1074348224,0.0550190198,,,,,,,,,0.0550190198
139080,1.20000000,0.1823957546,0.1819159730,0.1805111272,0.1781390822,0.1747653784,0.1703427470,0.1647827462,0.1579371823,0.1495627547,0.1392349822,0.1260382382,0.1074097193,0.0550137561,,,,,,,,,0.0550137561
139140,1.20000000,0.1823349062,0.1818553883,0.1804513123,0.1780805586,0.1747086733,0.1702883934,0.1647312964,0.1578892261,0.1495189475,0.1391961000,0.1260053340,0.1073846406,0.0550085008,,,,,,,,,0.0550085008
139200,1.20000000,0.1822741247,0.1817948701,0.1803915628,0.1780220988,0.1746520297,0.1702340984,0.1646799016,0.1578413206,0.1494751860,0.1391572578,0.1259724628,0.1073595864,0.0550032541,,,,,,,,,0.0550032541
139260,1.20000000,0.1822134098,0.1817344183,0.1803318788,0.1779637029,0.1745954476,0.1701798619,0.1646285617,0.1577934658,0.1494314702,0.1391184553,0.1259396246,0.1073345564,0.0549980158,,,,,,,,,0.0549980158
139320,1.20000000,0.1821527616,0.1816740327,0.1802722600,0.1779053705,0.1745389269,0.1701256839,0.1645772767,0.1577456617,0.1493878000,0.1390796927,0.1259068193,0.1073095508,0.0549927859,,,,,,,,,0.0549927859
139380,1.20000000,0.1820921798,0.1816137133,0.1802127064,0.1778471018,0.1744824674,0.1700715643,0.1645260465,0.1576979080,0.1493441754,0.1390409699,0.1258740469,0.1072845695,0.0549875645,,,,,,,,,0.0549875645
139440,1.20000000,0.1820316644,0.1815534599,0.1801532179,0.1777888964,0.1744260691,0.1700175029,0.1644748710,0.1576502048,0.1493005962,0.1390022867,0.1258413073,0.1072596124,0.0549823515,,,,,,,,,0.0549823515
139500,1.20000000,0.1819712152,0.1814932724,0.1800937943,0.1777307545,0.1743697319,0.1699634996,0.1644237501,0.1576025519,0.1492570625,0.1389636431,0.1258086005,0.1072346796,0.0549771468,,,,,,,,,0.0549771468
139560,1.20000000,0.1819108322,0.1814331508,0.1800344355,0.1776726757,0.1743134557,0.1699095544,0.1643726836,0.1575549493,0.1492135740,0.1389250391,0.1257759265,0.1072097709,0.0549719506,,,,,,,,,0.0549719506
139620,1.20000000,0.1818505152,0.1813730948,0.1799751416,0.1776146601,0.1742572403,0.1698556672,0.1643216716,0.1575073969,0.1491701308,0.1388864745,0.1257432851,0.1071848863,0.0549667627,,,,,,,,,0.0549667627
139680,1.20000000,0.1817902641,0.1813131044,0.1799159122,0.1775567075,0.1742010857,0.1698018379,0.1642707139,0.1574598946,0.1491267328,0.1388479494,0.1257106764,0.1071600258,0.0549615831,,,,,,,,,0.0549615831
139740,1.20000000,0.1817300789,0.1812531796,0.1798567474,0.1774988178,0.1741449918,0.1697480663,0.1642198105,0.1574124423,0.1490833798,0.1388094637,0.1256781002,0.1071351894,0.0549564118,,,,,,,,,0.0549564118
139800,1.20000000,0.1816699594,0.1811933201,0.1797976469,0.1774409909,0.1740889584,0.1696943524,0.1641689612,0.1573650400,0.1490400719,0.1387710172,0.1256455566,0.1071103770,0.0549512489,,,,,,,,,0.0549512489
139860,1.20000000,0.1816099054,0.1811335258,0.1797386108,0.1773832267,0.1740329855,0.1696406961,0.1641181659,0.1573176875,0.1489968090,0.1387326100,0.1256130455,0.1070855887,0.0549460942,,,,,,,,,0.0549460942
139920,1.20000000,0.1815499170,0.1810737968,0.1796796389,0.1773255252,0.1739770729,0.1695870973,0.1640674246,0.1572703849,0.1489535909,0.1386942420,0.1255805667,0.1070608242,0.0549409478,,,,,,,,,0.0549409478
139980,1.20000000,0.1814899939,0.1810141328,0.1796207311,0.1772678861,0.1739212207,0.1695335558,0.1640167372,0.1572231319,0.1489104176,0.1386559131,0.1255481204,0.1070360837,0.0549358096,,,,,,,,,0.0549358096
140040,1.20000000,0.1814301361,0.1809545337,0.1795618873,0.1772103095,0.1738654286,0.1694800717,0.1639661036,0.1571759285,0.1488672891,0.1386176232,0.1255157064,0.1070113670,0.0549306796,,,,,,,,,0.0549306796
140100,1.20000000,0.1813703435,0.1808949994,0.1795031074,0.1771527951,0.1738096965,0.1694266448,0.1639155238,0.1571287747,0.1488242053,0.1385793723,0.1254833247,0.1069866742,0.0549255579,,,,,,,,,0.0549255579
140160,1.20000000,0.1813106159,0.1808355299,0.1794443912,0.1770953429,0.1737540245,0.1693732750,0.1638649975,0.1570816704,0.1487811660,0.1385411604,0.1254509751,0.1069620052,0.0549204444,,,,,,,,,0.0549204444
140220,1.20000000,0.1812509532,0.1807761250,0.1793857387,0.1770379528,0.1736984123,0.1693199622,0.1638145247,0.1570346154,0.1487381713,0.1385029873,0.1254186578,0.1069373600,0.0549153390,,,,,,,,,0.0549153390
140280,1.20000000,0.1811913554,0.1807167847,0.1793271498,0.1769806247,0.1736428598,0.1692667064,0.1637641055,0.1569876097,0.1486952210,0.1384648531,0.1253863726,0.1069127385,0.0549102418,,,,,,,,,0.0549102418
140340,1.20000000,0.1811318223,0.1806575087,0.1792686244,0.1769233585,0.1735873671,0.1692135074,0.1637137395,0.1569406533,0.1486523151,0.1384267576,0.1253541195,0.1068881407,0.0549051527,,,,,,,,,0.0549051527
140400,1.20000000,0.1810723539,0.1805982970,0.1792101623,0.1768661541,0.1735319339,0.1691603651,0.1636634269,0.1568937460,0.1486094536,0.1383887007,0.1253218984,0.1068635666,0.0549000718,,,,,,,,,0.0549000718
140460,1.20000000,0.1810129500,0.1805391495,0.1791517634,0.1768090114,0.1734765602,0.1691072795,0.1636131674,0.1568468878,0.1485666363,0.1383506825,0.1252897093,0.1068390161,0.0548949990,,,,,,,,,0.0548949990
140520,1.20000000,0.1809536104,0.1804800661,0.1790934277,0.1767519302,0.1734212459,0.1690542504,0.1635629610,0.1568000786,0.1485238631,0.1383127029,0.1252575521,0.1068144892,0.0548899342,,,,,,,,,0.0548899342
140580,1.20000000,0.1808943352,0.1804210467,0.1790351551,0.1766949105,0.1733659909,0.1690012778,0.1635128077,0.1567533182,0.1484811341,0.1382747617,0.1252254268,0.1067899859,0.0548848776,,,,,,,,,0.0548848776
140640,1.20000000,0.1808351242,0.1803620912,0.1789769454,0.1766379522,0.1733107950,0.1689483616,0.1634627072,0.1567066067,0.1484384490,0.1382368590,0.1251933333,0.1067655061,0.0548798290,,,,,,,,,0.0548798290
140700,1.20000000,0.1807759772,0.1803031994,0.1789187985,0.1765810552,0.1732556583,0.1688955017,0.1634126596,0.1566599440,0.1483958080,0.1381989947,0.1251612716,0.1067410497,0.0548747884,,,,,,,,,0.0548747884
140760,1.20000000,0.1807168942,0.1802443713,0.1788607144,0.1765242193,0.1732005805,0.1688426979,0.1633626648,0.1566133299,0.1483532108,0.1381611687,0.1251292417,0.1067166168,0.0548697558,,,,,,,,,0.0548697558
140820,1.20000000,0.1806578752,0.1801856067,0.1788026929,0.1764674445,0.1731455617,0.1687899502,0.1633127226,0.1565667644,0.1483106575,0.1381233810,0.1250972434,0.1066922074,0.0548647313,,,,,,,,,0.0548647313
140880,1.20000000,0.1805989198,0.1801269056,0.1787447339,0.1764107307,0.1730906016,0.1687372586,0.1632628331,0.1565202475,0.1482681479,0.1380856315,0.1250652767,0.1066678213,0.0548597147,,,,,,,,,0.0548597147
140940,1.20000000,0.1805400282,0.1800682679,0.1786868373,0.1763540778,0.1730357002,0.1686846229,0.1632129960,0.1564737790,0.1482256820,0.1380479201,0.1250333417,0.1066434586,0.0548547061,,,,,,,,,0.0548547061
141000,1.20000000,0.1804812001,0.1800096934,0.1786290031,0.1762974856,0.1729808575,0.1686320429,0.1631632113,0.1564273588,0.1481832597,0.1380102468,0.1250014382,0.1066191191,0.0548497055,,,,,,,,,0.0548497055
141060,1.20000000,0.1804224355,0.1799511820,0.1785712311,0.1762409541,0.1729260732,0.1685795188,0.1631134790,0.1563809869,0.1481408810,0.1379726116,0.1249695662,0.1065948030,0.0548447128,,,,,,,,,0.0548447128
141120,1.20000000,0.1803637342,0.1798927337,0.1785135212,0.1761844832,0.1728713474,0.1685270502,0.1630637989,0.1563346633,0.1480985457,0.1379350142,0.1249377256,0.1065705101,0.0548397280,,,,,,,,,0.0548397280
141180,1.20000000,0.1803050962,0.1798343483,0.1784558733,0.1761280728,0.1728166799,0.1684746372,0.1630141710,0.1562883877,0.1480562538,0.1378974548,0.1249059164,0.1065462404,0.0548347512,,,,,,,,,0.0548347512
141240,1.20000000,0.1802465213,0.1797760257,0.1783982873,0.1760717227,0.1727620706,0.1684222797,0.1629645952,0.1562421602,0.1480140053,0.1378599333,0.1248741385,0.1065219938,0.0548297822,,,,,,,,,0.0548297822
141300,1.20000000,0.1801880095,0.1797177659,0.1783407631,0.1760154329,0.1727075195,0.1683699776,0.1629150713,0.1561959807,0.1479718001,0.1378224495,0.1248423920,0.1064977704,0.0548248211,,,,,,,,,0.0548248211
141360,1.20000000,0.1801295606,0.1796595687,0.1782833007,0.1759592033,0.1726530264,0.1683177307,0.1628655994,0.1561498491,0.1479296380,0.1377850035,0.1248106767,0.1064735701,0.0548198678,,,,,,,,,0.0548198678
141420,1.20000000,0.1800711745,0.1796014340,0.1782258998,0.1759030338,0.1725985912,0.1682655390,0.1628161793,0.1561037653,0.1478875191,0.1377475951,0.1247789926,0.1064493929,0.0548149224,,,,,,,,,0.0548149224
141480,1.20000000,0.1800128512,0.1795433617,0.1781685605,0.1758469243,0.1725442139,0.1682134024,0.1627668109,0.1560577293,0.1478454433,0.1377102243,0.1247473396,0.1064252387,0.0548099848,,,,,,,,,0.0548099848
141540,1.20000000,0.1799545905,0.1794853518,0.1781112825,0.1757908746,0.1724898943,0.1681613209,0.1627174942,0.1560117409,0.1478034104,0.1376728911,0.1247157178,0.1064011075,0.0548050550,,,,,,,,,0.0548050550
141600,1.20000000,0.1798963923,0.1794274040,0.1780540659,0.1757348848,0.1724356324,0.1681092942,0.1626682291,0.1559658001,0.1477614205,0.1376355954,0.1246841270,0.1063769993,0.0548001330,,,,,,,,,0.0548001330
141660,1.20000000,0.1798382565,0.1793695184,0.1779969105,0.1756789546,0.1723814280,0.1680573224,0.1626190154,0.1559199068,0.1477194734,0.1375983371,0.1246525672,0.1063529140,0.0547952188,,,,,,,,,0.0547952188
141720,1.20000000,0.1797801831,0.1793116948,0.1779398162,0.1756230840,0.1723272812,0.1680054054,0.1625698532,0.1558740610,0.1476775692,0.1375611162,0.1246210384,0.1063288516,0.0547903123,,,,,,,,,0.0547903123
141780,1.20000000,0.1797221719,0.1792539331,0.1778827828,0.1755672729,0.1722731917,0.1679535430,0.1625207423,0.1558282626,0.1476357076,0.1375239326,0.1245895405,0.1063048121,0.0547854135,,,,,,,,,0.0547854135
141840,1.20000000,0.1796642228,0.1791962332,0.1778258104,0.1755115212,0.1722191595,0.1679017352,0.1624716827,0.1557825114,0.1475938888,0.1374867863,0.1245580735,0.1062807954,0.0547805225,,,,,,,,,0.0547805225
141900,1.20000000,0.1796063357,0.1791385950,0.1777688988,0.1754558289,0.1721651844,0.1678499818,0.1624226742,0.1557368075,0.1475521125,0.1374496771,0.1245266373,0.1062568014,0.0547756392,,,,,,,,,0.0547756392
141960,1.20000000,0.1795485105,0.1790810184,0.1777120479,0.1754001957,0.1721112665,0.1677982829,0.1623737168,0.1556911507,0.1475103787,0.1374126051,0.1244952319,0.1062328303,0.0547707636,,,,,,,,,0.0547707636
142020,1.20000000,0.1794907471,0.1790235033,0.1776552576,0.1753446216,0.1720574056,0.1677466383,0.1623248104,0.1556455409,0.1474686874,0.1373755702,0.1244638572,0.1062088819,0.0547658957,,,,,,,,,0.0547658957
142080,1.20000000,0.1794330455,0.1789660496,0.1775985279,0.1752891065,0.1720036016,0.1676950478,0.1622759550,0.1555999782,0.1474270385,0.1373385724,0.1244325132,0.1061849561,0.0547610354,,,,,,,,,0.0547610354
142140,1.20000000,0.1793754054,0.1789086572,0.1775418585,0.1752336504,0.1719498544,0.1676435116,0.1622271503,0.1555544623,0.1473854319,0.1373016115,0.1244011998,0.1061610530,0.0547561828,,,,,,,,,0.0547561828
142200,1.20000000,0.1793178269,0.1788513261,0.1774852494,0.1751782531,0.1718961640,0.1675920293,0.1621783965,0.1555089934,0.1473438676,0.1372646875,0.1243699170,0.1061371726,0.0547513377,,,,,,,,,0.0547513377
142260,1.20000000,0.1792603098,0.1787940560,0.1774287006,0.1751229145,0.1718425302,0.1675406011,0.1621296933,0.1554635711,0.1473023454,0.1372278004,0.1243386647,0.1061133147,0.0547465004,,,,,,,,,0.0547465004
142320,1.20000000,0.1792028540,0.1787368469,0.1773722119,0.1750676345,0.1717889530,0.1674892266,0.1620810406,0.1554181956,0.1472608654,0.1371909500,0.1243074429,0.1060894794,0.0547416705,,,,,,,,,0.0547416705
142380,1.20000000,0.1791454594,0.1786796988,0.1773157832,0.1750124131,0.1717354322,0.1674379060,0.1620324386,0.1553728667,0.1472194275,0.1371541365,0.1242762516,0.1060656667,0.0547368483,,,,,,,,,0.0547368483
142440,1.20000000,0.1790881259,0.1786226114,0.1772594144,0.1749572501,0.1716819677,0.1673866391,0.1619838869,0.1553275844,0.1471780315,0.1371173596,0.1242450907,0.1060418764,0.0547320337,,,,,,,,,0.0547320337
142500,1.20000000,0.1790308534,0.1785655848,0.1772031054,0.1749021455,0.1716285596,0.1673354258,0.1619353856,0.1552823485,0.1471366775,0.1370806193,0.1242139602,0.1060181086,0.0547272266,,,,,,,,,0.0547272266
142560,1.20000000,0.1789736418,0.1785086187,0.1771468562,0.1748470991,0.1715752076,0.1672842660,0.1618869346,0.1552371590,0.1470953653,0.1370439156,0.1241828599,0.1059943632,0.0547224270,,,,,,,,,0.0547224270
142620,1.20000000,0.1789164911,0.1784517132,0.1770906666,0.1747921108,0.1715219117,0.1672331597,0.1618385337,0.1551920158,0.1470540950,0.1370072484,0.1241517899,0.1059706402,0.0547176349,,,,,,,,,0.0547176349
142680,1.20000000,0.1788594010,0.1783948681,0.1770345365,0.1747371807,0.1714686719,0.1671821067,0.1617901830,0.1551469189,0.1470128663,0.1369706177,0.1241207501,0.1059469395,0.0547128504,,,,,,,,,0.0547128504
142740,1.20000000,0.1788023716,0.1783380833,0.1769784659,0.1746823085,0.1714154879,0.1671311070,0.1617418823,0.1551018682,0.1469716794,0.1369340234,0.1240897405,0.1059232612,0.0547080733,,,,,,,,,0.0547080733
142800,1.20000000,0.1787454027,0.1782813587,0.1769224546,0.1746274941,0.1713623597,0.1670801604,0.1616936315,0.1550568636,0.1469305340,0.1368974654,0.1240587611,0.1058996052,0.0547033037,,,,,,,,,0.0547033037
142860,1.20000000,0.1786884942,0.1782246942,0.1768665026,0.1745727376,0.1713092873,0.1670292670,0.1616454307,0.1550119050,0.1468894302,0.1368609438,0.1240278117,0.1058759714,0.0546985415,,,,,,,,,0.0546985415
142920,1.20000000,0.1786316460,0.1781680898,0.1768106097,0.1745180388,0.1712562706,0.1669784266,0.1615972796,0.1549669924,0.1468483678,0.1368244583,0.1239968923,0.1058523599,0.0546937868,,,,,,,,,0.0546937868
142980,1.20000000,0.1785748581,0.1781115453,0.1767547758,0.1744633975,0.1712033094,0.1669276391,0.1615491782,0.1549221257,0.1468073469,0.1367880091,0.1239660030,0.1058287705,0.0546890395,,,,,,,,,0.0546890395
143040,1.20000000,0.1785181302,0.1780550606,0.1766990009,0.1744088137,0.1711504036,0.1668769045,0.1615011265,0.1548773048,0.1467663673,0.1367515959,0.1239351435,0.1058052033,0.0546842997,,,,,,,,,0.0546842997
143100,1.20000000,0.1784614624,0.1779986356,0.1766432849,0.1743542874,0.1710975533,0.1668262226,0.1614531244,0.1548325296,0.1467254290,0.1367152189,0.1239043140,0.1057816583,0.0546795672,,,,,,,,,0.0546795672
143160,1.20000000,0.1784048546,0.1779422703,0.1765876277,0.1742998184,0.1710447582,0.1667755934,0.1614051717,0.1547878001,0.1466845318,0.1366788778,0.1238735143,0.1057581353,0.0546748421,,,,,,,,,0.0546748421
143220,1.20000000,0.1783483065,0.1778859645,0.1765320291,0.1742454066,0.1709920183,0.1667250167,0.1613572684,0.1547431162,0.1466436759,0.1366425728,0.1238427445,0.1057346344,0.0546701243,,,,,,,,,0.0546701243
143280,1.20000000,0.1782918183,0.1778297182,0.1764764891,0.1741910519,0.1709393335,0.1666744926,0.1613094144,0.1546984778,0.1466028610,0.1366063036,0.1238120044,0.1057111556,0.0546654139,,,,,,,,,0.0546654139
143340,1.20000000,0.1782353896,0.1777735312,0.1764210075,0.1741367543,0.1708867038,0.1666240210,0.1612616097,0.1546538849,0.1465620871,0.1365700702,0.1237812940,0.1056876987,0.0546607108,,,,,,,,,0.0546607108
143400,1.20000000,0.1781790205,0.1777174034,0.1763655844,0.1740825136,0.1708341289,0.1665736016,0.1612138542,0.1546093374,0.1465213543,0.1365338727,0.1237506133,0.1056642638,0.0546560151,,,,,,,,,0.0546560151
143460,1.20000000,0.1781227108,0.1776613348,0.1763102196,0.1740283298,0.1707816090,0.1665232345,0.1611661477,0.1545648352,0.1464806622,0.1364977109,0.1237199622,0.1056408508,0.0546513266,,,,,,,,,0.0546513266
143520,1.20000000,0.1780664605,0.1776053253,0.1762549129,0.1739742028,0.1707291437,0.1664729196,0.1611184902,0.1545203783,0.1464400111,0.1364615848,0.1236893407,0.1056174598,0.0546466455,,,,,,,,,0.0546466455
143580,1.20000000,0.1780102695,0.1775493747,0.1761996644,0.1739201324,0.1706767332,0.1664226568,0.1610708817,0.1544759665,0.1463994007,0.1364254943,0.1236587488,0.1055940906,0.0546419716,,,,,,,,,0.0546419716
143640,1.20000000,0.1779541376,0.1774934830,0.1761444739,0.1738661186,0.1706243772,0.1663724460,0.1610233221,0.1544315998,0.1463588310,0.1363894394,0.1236281863,0.1055707433,0.0546373049,,,,,,,,,0.0546373049
143700,1.20000000,0.1778980648,0.1774376500,0.1760893413,0.1738121613,0.1705720758,0.1663222871,0.1609758112,0.1543872781,0.1463183019,0.1363534200,0.1235976533,0.1055474177,0.0546326456,,,,,,,,,0.0546326456
143760,1.20000000,0.1778420509,0.1773818758,0.1760342665,0.1737582604,0.1705198287,0.1662721801,0.1609283490,0.1543430014,0.1462778134,0.1363174360,0.1235671497,0.1055241139,0.0546279934,,,,,,,,,0.0546279934
143820,1.20000000,0.1777860959,0.1773261601,0.1759792495,0.1737044159,0.1704676360,0.1662221248,0.1608809355,0.1542987696,0.1462373655,0.1362814875,0.1235366755,0.1055008319,0.0546233484,,,,,,,,,0.0546233484
143880,1.20000000,0.1777301997,0.1772705029,0.1759242901,0.1736506275,0.1704154975,0.1661721212,0.1608335704,0.1542545827,0.1461969580,0.1362455744,0.1235062305,0.1054775716,0.0546187107,,,,,,,,,0.0546187107
143940,1.20000000,0.1776743622,0.1772149041,0.1758693883,0.1735968953,0.1703634131,0.1661221692,0.1607862539,0.1542104404,0.1461565909,0.1362096965,0.1234758149,0.1054543330,0.0546140801,,,,,,,,,0.0546140801
144000,1.20000000,0.1776185833,0.1771593637,0.1758145439,0.1735432191,0.1703113828,0.1660722687,0.1607389858,0.1541663429,0.1461162641,0.1361738539,0.1234454285,0.1054311160,0.0546094567,,,,,,,,,0.0546094567
144060,1.20000000,0.1775628629,0.1771038814,0.1757597569,0.1734895989,0.1702594065,0.1660224197,0.1606917660,0.1541222900,0.1460759775,0.1361380465,0.1234150713,0.1054079206,0.0546048404,,,,,,,,,0.0546048404
144120,1.20000000,0.1775072009,0.1770484572,0.1757050271,0.1734360346,0.1702074841,0.1659726220,0.1606445944,0.1540782816,0.1460357312,0.1361022742,0.1233847432,0.1053847468,0.0546002313,,,,,,,,,0.0546002313
144180,1.20000000,0.1774515972,0.1769930911,0.1756503546,0.1733825260,0.1701556155,0.1659228756,0.1605974710,0.1540343177,0.1459955250,0.1360665370,0.1233544442,0.1053615946,0.0545956293,,,,,,,,,0.0545956293
144240,1.20000000,0.1773960517,0.1769377829,0.1755957391,0.1733290731,0.1701038006,0.1658731803,0.1605503957,0.1539903981,0.1459553590,0.1360308349,0.1233241743,0.1053384639,0.0545910344,,,,,,,,,0.0545910344
144300,1.20000000,0.1773405644,0.1768825325,0.1755411807,0.1732756758,0.1700520393,0.1658235362,0.1605033684,0.1539465230,0.1459152329,0.1359951677,0.1232939334,0.1053153546,0.0545864466,,,,,,,,,0.0545864466
144360,1.20000000,0.1772851350,0.1768273399,0.1754866791,0.1732223341,0.1700003316,0.1657739431,0.1604563890,0.1539026920,0.1458751467,0.1359595355,0.1232637214,0.1052922669,0.0545818659,,,,,,,,,0.0545818659
144420,1.20000000,0.1772297636,0.1767722049,0.1754322343,0.1731690477,0.1699486773,0.1657244010,0.1604094575,0.1538589053,0.1458351005,0.1359239381,0.1232335384,0.1052692005,0.0545772923,,,,,,,,,0.0545772923
144480,1.20000000,0.1771744501,0.1767171275,0.1753778463,0.1731158167,0.1698970765,0.1656749097,0.1603625738,0.1538151627,0.1457950941,0.1358883756,0.1232033843,0.1052461556,0.0545727257,,,,,,,,,0.0545727257
144540,1.20000000,0.1771191943,0.1766621076,0.1753235150,0.1730626409,0.1698455289,0.1656254692,0.1603157378,0.1537714642,0.1457551275,0.1358528478,0.1231732590,0.1052231320,0.0545681661,,,,,,,,,0.0545681661
144600,1.20000000,0.1770639962,0.1766071450,0.1752692401,0.1730095203,0.1697940345,0.1655760794,0.1602689495,0.1537278097,0.1457152006,0.1358173548,0.1231431625,0.1052001298,0.0545636136,,,,,,,,,0.0545636136
144660,1.20000000,0.1770088556,0.1765522397,0.1752150217,0.1729564547,0.1697425933,0.1655267402,0.1602222087,0.1536841990,0.1456753133,0.1357818964,0.1231130947,0.1051771488,0.0545590680,,,,,,,,,0.0545590680
144720,1.20000000,0.1769537725,0.1764973916,0.1751608597,0.1729034442,0.1696912051,0.1654774516,0.1601755154,0.1536406323,0.1456354656,0.1357464726,0.1230830557,0.1051541891,0.0545545295,,,,,,,,,0.0545545295
144780,1.20000000,0.1768987469,0.1764426007,0.1751067540,0.1728504885,0.1696398698,0.1654282135,0.1601288696,0.1535971093,0.1455956575,0.1357110834,0.1230530453,0.1051312507,0.0545499979,,,,,,,,,0.0545499979
144840,1.20000000,0.1768437784,0.1763878667,0.1750527044,0.1727975876,0.1695885874,0.1653790257,0.1600822711,0.1535536300,0.1455558888,0.1356757287,0.1230230636,0.1051083335,0.0545454733,,,,,,,,,0.0545454733
144900,1.20000000,0.1767888672,0.1763331896,0.1749987110,0.1727447415,0.1695373579,0.1653298883,0.1600357198,0.1535101944,0.1455161595,0.1356404084,0.1229931105,0.1050854375,0.0545409557,,,,,,,,,0.0545409557
144960,1.20000000,0.1767340132,0.1762785694,0.1749447736,0.1726919500,0.1694861810,0.1652808011,0.1599892157,0.1534668024,0.1454764696,0.1356051226,0.1229631858,0.1050625626,0.0545364450,,,,,,,,,0.0545364450
145020,1.20000000,0.1766792161,0.1762240059,0.1748908920,0.1726392130,0.1694350567,0.1652317640,0.1599427588,0.1534234538,0.1454368190,0.1355698711,0.1229332897,0.1050397088,0.0545319412,,,,,,,,,0.0545319412
145080,1.20000000,0.1766244759,0.1761694991,0.1748370663,0.1725865305,0.1693839850,0.1651827770,0.1598963489,0.1533801488,0.1453972075,0.1355346539,0.1229034221,0.1050168761,0.0545274443,,,,,,,,,0.0545274443
145140,1.20000000,0.1765697926,0.1761150488,0.1747832964,0.1725339024,0.1693329658,0.1651338400,0.1598499860,0.1533368871,0.1453576353,0.1354994709,0.1228735828,0.1049940645,0.0545229543,,,,,,,,,0.0545229543
145200,1.20000000,0.1765151661,0.1760606550,0.1747295821,0.1724813285,0.1692819989,0.1650849530,0.1598036700,0.1532936687,0.1453181021,0.1354643221,0.1228437719,0.1049712739,0.0545184712,,,,,,,,,0.0545184712
145260,1.20000000,0.1764605962,0.1760063175,0.1746759233,0.1724288089,0.1692310843,0.1650361157,0.1597574008,0.1532504936,0.1452786080,0.1354292075,0.1228139894,0.1049485043,0.0545139949,,,,,,,,,0.0545139949
145320,1.20000000,0.1764060829,0.1759520364,0.1746223201,0.1723763434,0.1691802220,0.1649873282,0.1597111784,0.1532073616,0.1452391529,0.1353941270,0.1227842351,0.1049257556,0.0545095255,,,,,,,,,0.0545095255
145380,1.20000000,0.1763516260,0.1758978114,0.1745687722,0.1723239319,0.1691294117,0.1649385904,0.1596650027,0.1531642728,0.1451997367,0.1353590805,0.1227545091,0.1049030279,0.0545050630,,,,,,,,,0.0545050630
145440,1.20000000,0.1762972256,0.1758436426,0.1745152796,0.1722715743,0.1690786535,0.1648899022,0.1596188736,0.1531212270,0.1451603594,0.1353240680,0.1227248113,0.1048803211,0.0545006072,,,,,,,,,0.0545006072
145500,1.20000000,0.1762428814,0.1757895298,0.1744618423,0.1722192707,0.1690279473,0.1648412636,0.1595727910,0.1530782241,0.1451210209,0.1352890894,0.1226951416,0.1048576352,0.0544961583,,,,,,,,,0.0544961583
145560,1.20000000,0.1761885935,0.1757354729,0.1744084601,0.1721670207,0.1689772929,0.1647926743,0.1595267548,0.1530352642,0.1450817211,0.1352541448,0.1226655001,0.1048349701,0.0544917162,,,,,,,,,0.0544917162
145620,1.20000000,0.1761343616,0.1756814719,0.1743551329,0.1721148245,0.1689266904,0.1647441345,0.1594807651,0.1529923472,0.1450424601,0.1352192339,0.1226358867,0.1048123259,0.0544872808,,,,,,,,,0.0544872808
145680,1.20000000,0.1760801858,0.1756275266,0.1743018606,0.1720626819,0.1688761395,0.1646956439,0.1594348217,0.1529494729,0.1450032376,0.1351843569,0.1226063012,0.1047897024,0.0544828523,,,,,,,,,0.0544828523
145740,1.20000000,0.1760260660,0.1755736370,0.1742486433,0.1720105928,0.1688256403,0.1646472026,0.1593889246,0.1529066414,0.1449640537,0.1351495136,0.1225767438,0.1047670996,0.0544784304,,,,,,,,,0.0544784304
145800,1.20000000,0.1759720020,0.1755198030,0.1741954807,0.1719585572,0.1687751927,0.1645988104,0.1593430736,0.1528638525,0.1449249084,0.1351147039,0.1225472144,0.1047445176,0.0544740154,,,,,,,,,0.0544740154
145860,1.20000000,0.1759179938,0.1754660245,0.1741423728,0.1719065749,0.1687247966,0.1645504672,0.1592972687,0.1528211061,0.1448858015,0.1350799279,0.1225177128,0.1047219563,0.0544696070,,,,,,,,,0.0544696070
145920,1.20000000,0.1758640412,0.1754123013,0.1740893195,0.1718546458,0.1686744518,0.1645021731,0.1592515099,0.1527784023,0.1448467330,0.1350451855,0.1224882391,0.1046994157,0.0544652054,,,,,,,,,0.0544652054
145980,1.20000000,0.1758101443,0.1753586335,0.1740363207,0.1718027700,0.1686241583,0.1644539278,0.1592057970,0.1527357410,0.1448077028,0.1350104766,0.1224587933,0.1046768957,0.0544608104,,,,,,,,,0.0544608104
146040,1.20000000,0.1757563028,0.1753050209,0.1739833763,0.1717509473,0.1685739161,0.1644057314,0.1591601300,0.1526931220,0.1447687109,0.1349758012,0.1224293752,0.1046543963,0.0544564222,,,,,,,,,0.0544564222
146100,1.20000000,0.1757025168,0.1752514635,0.1739304864,0.1716991775,0.1685237251,0.1643575838,0.1591145089,0.1526505454,0.1447297572,0.1349411592,0.1223999849,0.1046319175,0.0544520406,,,,,,,,,0.0544520406
146160,1.20000000,0.1756487860,0.1751979611,0.1738776506,0.1716474608,0.1684735851,0.1643094848,0.1590689334,0.1526080110,0.1446908417,0.1349065506,0.1223706223,0.1046094592,0.0544476657,,,,,,,,,0.0544476657
146220,1.20000000,0.1755951106,0.1751445137,0.1738248691,0.1715957968,0.1684234961,0.1642614345,0.1590234037,0.1525655188,0.1446519643,0.1348719753,0.1223412873,0.1045870214,0.0544432974,,,,,,,,,0.0544432974
146280,1.20000000,0.1755414903,0.1750911212,0.1737721416,0.1715441857,0.1683734580,0.1642134326,0.1589779196,0.1525230687,0.1446131249,0.1348374334,0.1223119800,0.1045646042,0.0544389357,,,,,,,,,0.0544389357
146340,1.20000000,0.1754879250,0.1750377834,0.1737194682,0.1714926272,0.1683234708,0.1641654793,0.1589324810,0.1524806607,0.1445743236,0.1348029246,0.1222827003,0.1045422073,0.0544345807,,,,,,,,,0.0544345807
146400,1.20000000,0.1754344147,0.1749845004,0.1736668486,0.1714411213,0.1682735343,0.1641175743,0.1588870879,0.1524382947,0.1445355601,0.1347684490,0.1222534481,0.1045198310,0.0544302323,,,,,,,,,0.0544302323
146460,1.20000000,0.1753809593,0.1749312720,0.1736142829,0.1713896680,0.1682236485,0.1640697176,0.1588417402,0.1523959707,0.1444968346,0.1347340066,0.1222242234,0.1044974750,0.0544258905,,,,,,,,,0.0544258905
146520,1.20000000,0.1753275588,0.1748780981,0.1735617710,0.1713382671,0.1681738133,0.1640219091,0.1587964378,0.1523536885,0.1444581468,0.1346995972,0.1221950262,0.1044751394,0.0544215552,,,,,,,,,0.0544215552
146580,1.20000000,0.1752742129,0.1748249787,0.1735093127,0.1712869185,0.1681240286,0.1639741488,0.1587511807,0.1523114481,0.1444194968,0.1346652209,0.1221658564,0.1044528241,0.0544172265,,,,,,,,,0.0544172265
146640,1.20000000,0.1752209217,0.1747719137,0.1734569080,0.1712356222,0.1680742944,0.1639264366,0.1587059688,0.1522692495,0.1443808846,0.1346308776,0.1221367140,0.1044305291,0.0544129044,,,,,,,,,0.0544129044
146700,1.20000000,0.1751676850,0.1747189029,0.1734045568,0.1711843781,0.1680246105,0.1638787724,0.1586608019,0.1522270925,0.1443423099,0.1345965671,0.1221075989,0.1044082545,0.0544085888,,,,,,,,,0.0544085888
146760,1.20000000,0.1751145028,0.1746659463,0.1733522591,0.1711331862,0.1679749769,0.1638311561,0.1586156802,0.1521849772,0.1443037729,0.1345622896,0.1220785112,0.1043860000,0.0544042797,,,,,,,,,0.0544042797
146820,1.20000000,0.1750613750,0.1746130439,0.1733000146,0.1710820462,0.1679253935,0.1637835877,0.1585706034,0.1521429034,0.1442652734,0.1345280449,0.1220494507,0.1043637658,0.0543999772,,,,,,,,,0.0543999772
146880,1.20000000,0.1750083015,0.1745601955,0.1732478234,0.1710309583,0.1678758602,0.1637360671,0.1585255715,0.1521008711,0.1442268113,0.1344938330,0.1220204174,0.1043415518,0.0543956811,,,,,,,,,0.0543956811
146940,1.20000000,0.1749552822,0.1745074010,0.1731956854,0.1709799221,0.1678263770,0.1636885942,0.1584805845,0.1520588802,0.1441883867,0.1344596539,0.1219914113,0.1043193580,0.0543913916,,,,,,,,,0.0543913916
147000,1.20000000,0.1749023170,0.1744546603,0.1731436005,0.1709289378,0.1677769438,0.1636411689,0.1584356422,0.1520169307,0.1441499994,0.1344255074,0.1219624323,0.1042971843,0.0543871085,,,,,,,,,0.0543871085
147060,1.20000000,0.1748494058,0.1744019735,0.1730915686,0.1708780052,0.1677275604,0.1635937911,0.1583907447,0.1519750225,0.1441116495,0.1343913936,0.1219334805,0.1042750307,0.0543828319,,,,,,,,,0.0543828319
147120,1.20000000,0.1747965486,0.1743493403,0.1730395895,0.1708271242,0.1676782269,0.1635464609,0.1583458918,0.1519331555,0.1440733368,0.1343573123,0.1219045557,0.1042528972,0.0543785617,,,,,,,,,0.0543785617
147180,1.20000000,0.1747437453,0.1742967608,0.1729876634,0.1707762947,0.1676289431,0.1634991781,0.1583010834,0.1518913297,0.1440350613,0.1343232636,0.1218756580,0.1042307838,0.0543742979,,,,,,,,,0.0543742979
147240,1.20000000,0.1746909957,0.1742442347,0.1729357899,0.1707255168,0.1675797090,0.1634519426,0.1582563196,0.1518495451,0.1439968229,0.1342892474,0.1218467872,0.1042086904,0.0543700406,,,,,,,,,0.0543700406
147300,1.20000000,0.1746382999,0.1741917621,0.1728839692,0.1706747902,0.1675305244,0.1634047544,0.1582116002,0.1518078014,0.1439586216,0.1342552637,0.1218179434,0.1041866169,0.0543657897,,,,,,,,,0.0543657897
147360,1.20000000,0.1745856577,0.1741393429,0.1728322010,0.1706241149,0.1674813894,0.1633576134,0.1581669251,0.1517660988,0.1439204573,0.1342213123,0.1217891264,0.1041645635,0.0543615452,,,,,,,,,0.0543615452
147420,1.20000000,0.1745330690,0.1740869769,0.1727804853,0.1705734908,0.1674323038,0.1633105195,0.1581222944,0.1517244371,0.1438823300,0.1341873933,0.1217603364,0.1041425300,0.0543573071,,,,,,,,,0.0543573071
147480,1.20000000,0.1744805337,0.1740346641,0.1727288221,0.1705229179,0.1673832675,0.1632634727,0.1580777079,0.1516828162,0.1438442397,0.1341535066,0.1217315732,0.1041205164,0.0543530753,,,,,,,,,0.0543530753
147540,1.20000000,0.1744280518,0.1739824044,0.1726772112,0.1704723961,0.1673342806,0.1632164728,0.1580331655,0.1516412361,0.1438061862,0.1341196522,0.1217028367,0.1040985226,0.0543488499,,,,,,,,,0.0543488499
147600,1.20000000,0.1743756232,0.1739301978,0.1726256526,0.1704219252,0.1672853428,0.1631695199,0.1579886672,0.1515996968,0.1437681694,0.1340858300,0.1216741270,0.1040765488,0.0543446308,,,,,,,,,0.0543446308
147660,1.20000000,0.1743232478,0.1738780441,0.1725741461,0.1703715053,0.1672364542,0.1631226138,0.1579442130,0.1515581982,0.1437301895,0.1340520399,0.1216454441,0.1040545947,0.0543404181,,,,,,,,,0.0543404181
147720,1.20000000,0.1742709256,0.1738259432,0.1725226918,0.1703211361,0.1671876146,0.1630757544,0.1578998027,0.1515167401,0.1436922462,0.1340182819,0.1216167878,0.1040326605,0.0543362117,,,,,,,,,0.0543362117
147780,1.20000000,0.1742186563,0.1737738951,0.1724712894,0.1702708178,0.1671388240,0.1630289418,0.1578554363,0.1514753227,0.1436543396,0.1339845560,0.1215881581,0.1040107460,0.0543320116,,,,,,,,,0.0543320116
147840,1.20000000,0.1741664400,0.1737218997,0.1724199390,0.1702205501,0.1670900823,0.1629821757,0.1578111137,0.1514339457,0.1436164695,0.1339508622,0.1215595550,0.1039888513,0.0543278178,,,,,,,,,0.0543278178
147900,1.20000000,0.1741142766,0.1736699570,0.1723686405,0.1701703330,0.1670413894,0.1629354562,0.1577668349,0.1513926092,0.1435786360,0.1339172003,0.1215309785,0.1039669762,0.0543236303,,,,,,,,,0.0543236303
147960,1.20000000,0.1740621660,0.1736180667,0.1723173937,0.1701201664,0.1669927452,0.1628887832,0.1577225998,0.1513513130,0.1435408390,0.1338835703,0.1215024285,0.1039451209,0.0543194490,,,,,,,,,0.0543194490
148020,1.20000000,0.1740101081,0.1735662289,0.1722661987,0.1700700503,0.1669441498,0.1628421566,0.1576784083,0.1513100571,0.1435030784,0.1338499722,0.1214739050,0.1039232852,0.0543152740,,,,,,,,,0.0543152740
148080,1.20000000,0.1739581028,0.1735144435,0.1722150552,0.1700199845,0.1668956029,0.1627955764,0.1576342604,0.1512688415,0.1434653541,0.1338164059,0.1214454079,0.1039014692,0.0543111053,,,,,,,,,0.0543111053
148140,1.20000000,0.1739061500,0.1734627103,0.1721639633,0.1699699690,0.1668471046,0.1627490423,0.1575901559,0.1512276661,0.1434276662,0.1337828714,0.1214169372,0.1038796727,0.0543069428,,,,,,,,,0.0543069428
148200,1.20000000,0.1738542497,0.1734110294,0.1721129229,0.1699200037,0.1667986547,0.1627025545,0.1575460949,0.1511865308,0.1433900145,0.1337493686,0.1213884929,0.1038578959,0.0543027865,,,,,,,,,0.0543027865
148260,1.20000000,0.1738024018,0.1733594006,0.1720619338,0.1698700886,0.1667502532,0.1626561128,0.1575020772,0.1511454355,0.1433523990,0.1337158976,0.1213600749,0.1038361386,0.0542986364,,,,,,,,,0.0542986364
148320,1.20000000,0.1737506062,0.1733078238,0.1720109960,0.1698202234,0.1667019000,0.1626097172,0.1574581029,0.1511043803,0.1433148197,0.1336824581,0.1213316832,0.1038144008,0.0542944925,,,,,,,,,0.0542944925
148380,1.20000000,0.1736988628,0.1732562990,0.1719601095,0.1697704083,0.1666535950,0.1625633676,0.1574141717,0.1510633650,0.1432772764,0.1336490503,0.1213033178,0.1037926825,0.0542903548,,,,,,,,,0.0542903548
148440,1.20000000,0.1736471716,0.1732048261,0.1719092741,0.1697206431,0.1666053382,0.1625170638,0.1573702838,0.1510223896,0.1432397692,0.1336156740,0.1212749786,0.1037709836,0.0542862232,,,,,,,,,0.0542862232
148500,1.20000000,0.1735955324,0.1731534050,0.1718584897,0.1696709277,0.1665571295,0.1624708059,0.1573264389,0.1509814541,0.1432022980,0.1335823292,0.1212466655,0.1037493042,0.0542820979,,,,,,,,,0.0542820979
148560,1.20000000,0.1735439451,0.1731020356,0.1718077563,0.1696212620,0.1665089687,0.1624245938,0.1572826370,0.1509405583,0.1431648628,0.1335490159,0.1212183786,0.1037276442,0.0542779786,,,,,,,,,0.0542779786
148620,1.20000000,0.1734924098,0.1730507178,0.1717570739,0.1695716460,0.1664608559,0.1623784273,0.1572388782,0.1508997022,0.1431274634,0.1335157340,0.1211901177,0.1037060036,0.0542738655,,,,,,,,,0.0542738655
148680,1.20000000,0.1734409263,0.1729994516,0.1717064422,0.1695220796,0.1664127910,0.1623323065,0.1571951622,0.1508588857,0.1430900998,0.1334824834,0.1211618830,0.1036843824,0.0542697586,,,,,,,,,0.0542697586
148740,1.20000000,0.1733894945,0.1729482369,0.1716558613,0.1694725627,0.1663647738,0.1622862313,0.1571514890,0.1508181088,0.1430527720,0.1334492642,0.1211336742,0.1036627804,0.0542656577,,,,,,,,,0.0542656577
148800,1.20000000,0.1733381144,0.1728970736,0.1716053311,0.1694230952,0.1663168043,0.1622402016,0.1571078587,0.1507773715,0.1430154800,0.1334160762,0.1211054915,0.1036411978,0.0542615629,,,,,,,,,0.0542615629
148860,1.20000000,0.1732867859,0.1728459616,0.1715548514,0.1693736771,0.1662688825,0.1621942172,0.1570642710,0.1507366736,0.1429782236,0.1333829195,0.1210773347,0.1036196345,0.0542574742,,,,,,,,,0.0542574742
148920,1.20000000,0.1732355088,0.1727949009,0.1715044223,0.1693243083,0.1662210083,0.1621482783,0.1570207260,0.1506960152,0.1429410028,0.1333497940,0.1210492038,0.1035980904,0.0542533916,,,,,,,,,0.0542533916
148980,1.20000000,0.1731842832,0.1727438913,0.1714540436,0.1692749887,0.1661731815,0.1621023846,0.1569772236,0.1506553961,0.1429038175,0.1333166995,0.1210210988,0.1035765655,0.0542493151,,,,,,,,,0.0542493151
149040,1.20000000,0.1731331089,0.1726929328,0.1714037153,0.1692257182,0.1661254022,0.1620565361,0.1569337636,0.1506148163,0.1428666678,0.1332836362,0.1209930196,0.1035550598,0.0542452446,,,,,,,,,0.0542452446
149100,1.20000000,0.1730819859,0.1726420254,0.1713534372,0.1691764968,0.1660776702,0.1620107328,0.1568903462,0.1505742757,0.1428295536,0.1332506039,0.1209649662,0.1035335733,0.0542411801,,,,,,,,,0.0542411801
149160,1.20000000,0.1730309140,0.1725911688,0.1713032094,0.1691273244,0.1660299855,0.1619649746,0.1568469711,0.1505337743,0.1427924747,0.1332176026,0.1209369386,0.1035121059,0.0542371217,,,,,,,,,0.0542371217
149220,1.20000000,0.1729798933,0.1725403631,0.1712530317,0.1690782009,0.1659823480,0.1619192614,0.1568036383,0.1504933120,0.1427554312,0.1331846323,0.1209089367,0.1034906576,0.0542330692,,,,,,,,,0.0542330692
149280,1.20000000,0.1729289235,0.1724896082,0.1712029040,0.1690291262,0.1659347577,0.1618735931,0.1567603478,0.1504528888,0.1427184230,0.1331516929,0.1208809605,0.1034692284,0.0542290228,,,,,,,,,0.0542290228
149340,1.20000000,0.1728780048,0.1724389040,0.1711528263,0.1689801003,0.1658872144,0.1618279697,0.1567170995,0.1504125045,0.1426814501,0.1331187843,0.1208530099,0.1034478183,0.0542249824,,,,,,,,,0.0542249824
149400,1.20000000,0.1728271369,0.1723882504,0.1711027985,0.1689311230,0.1658397181,0.1617823911,0.1566738933,0.1503721592,0.1426445123,0.1330859065,0.1208250850,0.1034264272,0.0542209479,,,,,,,,,0.0542209479
149460,1.20000000,0.1727763197,0.1723376473,0.1710528205,0.1688821944,0.1657922687,0.1617368573,0.1566307292,0.1503318528,0.1426076097,0.1330530596,0.1207971856,0.1034050551,0.0542169195,,,,,,,,,0.0542169195
149520,1.20000000,0.1727255533,0.1722870947,0.1710028923,0.1688333143,0.1657448661,0.1616913681,0.1565876071,0.1502915852,0.1425707422,0.1330202433,0.1207693118,0.1033837020,0.0542128969,,,,,,,,,0.0542128969
149580,1.20000000,0.1726748375,0.1722365925,0.1709530137,0.1687844827,0.1656975104,0.1616459235,0.1565445269,0.1502513564,0.1425339097,0.1329874577,0.1207414634,0.1033623679,0.0542088803,,,,,,,,,0.0542088803
149640,1.20000000,0.1726241723,0.1721861406,0.1709031847,0.1687356995,0.1656502013,0.1616005235,0.1565014886,0.1502111663,0.1424971122,0.1329547028,0.1207136406,0.1033410526,0.0542048697,,,,,,,,,0.0542048697
149700,1.20000000,0.1725735576,0.1721357390,0.1708534052,0.1686869646,0.1656029389,0.1615551679,0.1564584921,0.1501710149,0.1424603497,0.1329219785,0.1206858432,0.1033197563,0.0542008649,,,,,,,,,0.0542008649
149760,1.20000000,0.1725229932,0.1720853875,0.1708036752,0.1686382779,0.1655557230,0.1615098567,0.1564155374,0.1501309020,0.1424236220,0.1328892847,0.1206580712,0.1032984789,0.0541968661,,,,,,,,,0.0541968661
149820,1.20000000,0.1724724792,0.1720350860,0.1707539945,0.1685896394,0.1655085536,0.1614645899,0.1563726244,0.1500908277,0.1423869292,0.1328566214,0.1206303245,0.1032772203,0.0541928732,,,,,,,,,0.0541928732
149880,1.20000000,0.1724220154,0.1719848346,0.1707043632,0.1685410490,0.1654614307,0.1614193673,0.1563297530,0.1500507918,0.1423502711,0.1328239886,0.1206026031,0.1032559805,0.0541888861,,,,,,,,,0.0541888861
149940,1.20000000,0.1723716018,0.1719346331,0.1706547810,0.1684925066,0.1654143541,0.1613741889,0.1562869231,0.1500107944,0.1423136478,0.1327913862,0.1205749071,0.1032347595,0.0541849050,,,,,,,,,0.0541849050
150000,1.20000000,0.1723212383,0.1718844815,0.1706052480,0.1684440122,0.1653673237,0.1613290547,0.1562441348,0.1499708353,0.1422770592,0.1327588141,0.1205472363,0.1032135573,0.0541809297,,,,,,,,,0.0541809297
150060,1.20000000,0.1722709248,0.1718343796,0.1705557640,0.1683955657,0.1653203396,0.1612839645,0.1562013879,0.1499309145,0.1422405051,0.1327262724,0.1205195907,0.1031923738,0.0541769602,,,,,,,,,0.0541769602
150120,1.20000000,0.1722206613,0.1717843274,0.1705063291,0.1683471669,0.1652734016,0.1612389184,0.1561586824,0.1498910320,0.1422039857,0.1326937610,0.1204919703,0.1031712090,0.0541729966,,,,,,,,,0.0541729966
150180,1.20000000,0.1721704476,0.1717343248,0.1704569430,0.1682988159,0.1652265097,0.1611939162,0.1561160181,0.1498511877,0.1421675008,0.1326612798,0.1204643750,0.1031500629,0.0541690388,,,,,,,,,0.0541690388
150240,1.20000000,0.1721202837,0.1716843718,0.1704076058,0.1682505125,0.1651796638,0.1611489578,0.1560733952,0.1498113815,0.1421310504,0.1326288289,0.1204368049,0.1031289355,0.0541650868,,,,,,,,,0.0541650868
150300,1.20000000,0.1720701695,0.1716344683,0.1703583174,0.1682022568,0.1651328639,0.1611040432,0.1560308134,0.1497716135,0.1420946344,0.1325964080,0.1204092598,0.1031078268,0.0541611406,,,,,,,,,0.0541611406
150360,1.20000000,0.1720201050,0.1715846141,0.1703090776,0.1681540485,0.1650861098,0.1610591724,0.1559882728,0.1497318834,0.1420582527,0.1325640173,0.1203817397,0.1030867366,0.0541572002,,,,,,,,,0.0541572002
150420,1.20000000,0.1719700900,0.1715348093,0.1702598865,0.1681058877,0.1650394015,0.1610143453,0.1559457733,0.1496921913,0.1420219054,0.1325316566,0.1203542447,0.1030656650,0.0541532656,,,,,,,,,0.0541532656
150480,1.20000000,0.1719201245,0.1714850537,0.1702107439,0.1680577742,0.1649927389,0.1609695618,0.1559033147,0.1496525371,0.1419855924,0.1324993260,0.1203267746,0.1030446120,0.0541493368,,,,,,,,,0.0541493368
150540,1.20000000,0.1718702084,0.1714353473,0.1701616498,0.1680097081,0.1649461219,0.1609248218,0.1558608971,0.1496129207,0.1419493136,0.1324670253,0.1202993294,0.1030235776,0.0541454138,,,,,,,,,0.0541454138
150600,1.20000000,0.1718203416,0.1713856900,0.1701126040,0.1679616892,0.1648995506,0.1608801252,0.1558185204,0.1495733422,0.1419130690,0.1324347546,0.1202719091,0.1030025616,0.0541414964,,,,,,,,,0.0541414964
150660,1.20000000,0.1717705241,0.1713360817,0.1700636066,0.1679137174,0.1648530248,0.1608354721,0.1557761845,0.1495338014,0.1418768585,0.1324025138,0.1202445137,0.1029815641,0.0541375848,,,,,,,,,0.0541375848
150720,1.20000000,0.1717207558,0.1712865224,0.1700146575,0.1678657927,0.1648065444,0.1607908624,0.1557338894,0.1494942983,0.1418406820,0.1323703028,0.1202171432,0.1029605851,0.0541336790,,,,,,,,,0.0541336790
150780,1.20000000,0.1716710366,0.1712370119,0.1699657565,0.1678179151,0.1647601094,0.1607462959,0.1556916350,0.1494548328,0.1418045396,0.1323381216,0.1201897974,0.1029396245,0.0541297788,,,,,,,,,0.0541297788
150840,1.20000000,0.1716213665,0.1711875502,0.1699169036,0.1677700844,0.1647137197,0.1607017726,0.1556494212,0.1494154049,0.1417684312,0.1323059702,0.1201624763,0.1029186823,0.0541258844,,,,,,,,,0.0541258844
150900,1.20000000,0.1715717453,0.1711381373,0.1698680988,0.1677223005,0.1646673753,0.1606572925,0.1556072481,0.1493760146,0.1417323567,0.1322738485,0.1201351800,0.1028977585,0.0541219957,,,,,,,,,0.0541219957
150960,1.20000000,0.1715221730,0.1710887730,0.1698193419,0.1676745635,0.1646210760,0.1606128555,0.1555651154,0.1493366616,0.1416963160,0.1322417565,0.1201079083,0.1028768531,0.0541181126,,,,,,,,,0.0541181126
151020,1.20000000,0.1714726495,0.1710394573,0.1697706329,0.1676268731,0.1645748219,0.1605684615,0.1555230232,0.1492973461,0.1416603092,0.1322096941,0.1200806613,0.1028559660,0.0541142352,,,,,,,,,0.0541142352
151080,1.20000000,0.1714231747,0.1709901900,0.1697219718,0.1675792295,0.1645286128,0.1605241104,0.1554809714,0.1492580680,0.1416243362,0.1321776613,0.1200534389,0.1028350972,0.0541103635,,,,,,,,,0.0541103635
151140,1.20000000,0.1713737486,0.1709409713,0.1696733583,0.1675316324,0.1644824486,0.1604798023,0.1554389599,0.1492188272,0.1415883969,0.1321456580,0.1200262411,0.1028142467,0.0541064974,,,,,,,,,0.0541064974
151200,1.20000000,0.1713243711,0.1708918008,0.1696247926,0.1674840819,0.1644363294,0.1604355369,0.1553969888,0.1491796236,0.1415524913,0.1321136843,0.1199990679,0.1027934144,0.0541026369,,,,,,,,,0.0541026369
151260,1.20000000,0.1712750421,0.1708426787,0.1695762744,0.1674365778,0.1643902550,0.1603913144,0.1553550578,0.1491404572,0.1415166193,0.1320817400,0.1199719191,0.1027726004,0.0540987821,,,,,,,,,0.0540987821
151320,1.20000000,0.1712257616,0.1707936047,0.1695278037,0.1673891200,0.1643442254,0.1603471345,0.1553131671,0.1491013279,0.1414807809,0.1320498252,0.1199447948,0.1027518046,0.0540949329,,,,,,,,,0.0540949329
151380,1.20000000,0.1711765294,0.1707445789,0.1694793806,0.1673417086,0.1642982404,0.1603029973,0.1552713164,0.1490622357,0.1414449760,0.1320179397,0.1199176950,0.1027310269,0.0540910893,,,,,,,,,0.0540910893
151440,1.20000000,0.1711273456,0.1706956012,0.1694310048,0.1672943435,0.1642523002,0.1602589027,0.1552295057,0.1490231805,0.1414092046,0.1319860835,0.1198906195,0.1027102674,0.0540872513,,,,,,,,,0.0540872513
151500,1.20000000,0.1710782100,0.1706466715,0.1693826763,0.1672470245,0.1642064044,0.1602148505,0.1551877351,0.1489841624,0.1413734667,0.1319542567,0.1198635685,0.1026895261,0.0540834188,,,,,,,,,0.0540834188
151560,1.20000000,0.1710291225,0.1705977897,0.1693343950,0.1671997516,0.1641605532,0.1601708409,0.1551460044,0.1489451811,0.1413377621,0.1319224591,0.1198365417,0.1026688028,0.0540795920,,,,,,,,,0.0540795920
151620,1.20000000,0.1709800831,0.1705489557,0.1692861609,0.1671525247,0.1641147465,0.1601268736,0.1551043135,0.1489062367,0.1413020909,0.1318906907,0.1198095393,0.1026480976,0.0540757707,,,,,,,,,0.0540757707
151680,1.20000000,0.1709310917,0.1705001695,0.1692379739,0.1671053438,0.1640689841,0.1600829486,0.1550626625,0.1488673291,0.1412664529,0.1318589515,0.1197825611,0.1026274105,0.0540719549,,,,,,,,,0.0540719549
151740,1.20000000,0.1708821482,0.1704514310,0.1691898340,0.1670582088,0.1640232660,0.1600390659,0.1550210512,0.1488284583,0.1412308482,0.1318272414,0.1197556072,0.1026067414,0.0540681447,,,,,,,,,0.0540681447
151800,1.20000000,0.1708332527,0.1704027402,0.1691417410,0.1670111196,0.1639775921,0.1599952253,0.1549794796,0.1487896241,0.1411952767,0.1317955604,0.1197286775,0.1025860903,0.0540643401,,,,,,,,,0.0540643401
151860,1.20000000,0.1707844049,0.1703540969,0.1690936949,0.1669640762,0.1639319624,0.1599514269,0.1549379476,0.1487508266,0.1411597383,0.1317639085,0.1197017719,0.1025654572,0.0540605409,,,,,,,,,0.0540605409
151920,1.20000000,0.1707356048,0.1703055011,0.1690456956,0.1669170785,0.1638863769,0.1599076706,0.1548964552,0.1487120657,0.1411242331,0.1317322855,0.1196748905,0.1025448421,0.0540567472,,,,,,,,,0.0540567472
151980,1.20000000,0.1706868524,0.1702569527,0.1689977430,0.1668701263,0.1638408353,0.1598639563,0.1548550023,0.1486733414,0.1410887608,0.1317006915,0.1196480331,0.1025242449,0.0540529591,,,,,,,,,0.0540529591
152040,1.20000000,0.1706381475,0.1702084516,0.1689498371,0.1668232198,0.1637953378,0.1598202840,0.1548135889,0.1486346535,0.1410533216,0.1316691264,0.1196211999,0.1025036656,0.0540491764,,,,,,,,,0.0540491764
152100,1.20000000,0.1705894902,0.1701599979,0.1689019779,0.1667763587,0.1637498841,0.1597766535,0.1547722149,0.1485960021,0.1410179153,0.1316375902,0.1195943906,0.1024831042,0.0540453992,,,,,,,,,0.0540453992
152160,1.20000000,0.1705408803,0.1701115913,0.1688541651,0.1667295430,0.1637044743,0.1597330648,0.1547308802,0.1485573871,0.1409825420,0.1316060829,0.1195676054,0.1024625606,0.0540416275,,,,,,,,,0.0540416275
152220,1.20000000,0.1704923177,0.1700632319,0.1688063989,0.1666827727,0.1636591083,0.1596895179,0.1546895848,0.1485188084,0.1409472015,0.1315746043,0.1195408441,0.1024420349,0.0540378612,,,,,,,,,0.0540378612
152280,1.20000000,0.1704438025,0.1700149195,0.1687586790,0.1666360477,0.1636137860,0.1596460127,0.1546483286,0.1484802659,0.1409118938,0.1315431545,0.1195141067,0.1024215270,0.0540341004,,,,,,,,,0.0540341004
152340,1.20000000,0.1703953345,0.1699666542,0.1687110055,0.1665893679,0.1635685073,0.1596025492,0.1546071116,0.1484417597,0.1408766188,0.1315117334,0.1194873932,0.1024010368,0.0540303450,,,,,,,,,0.0540303450
152400,1.20000000,0.1703469136,0.1699184357,0.1686633782,0.1665427332,0.1635232722,0.1595591272,0.1545659337,0.1484032897,0.1408413766,0.1314803410,0.1194607036,0.1023805645,0.0540265950,,,,,,,,,0.0540265950
152460,1.20000000,0.1702985398,0.1698702641,0.1686157971,0.1664961436,0.1634780807,0.1595157467,0.1545247949,0.1483648557,0.1408061671,0.1314489772,0.1194340379,0.1023601098,0.0540228505,,,,,,,,,0.0540228505
152520,1.20000000,0.1702502130,0.1698221393,0.1685682621,0.1664495990,0.1634329326,0.1594724077,0.1544836950,0.1483264579,0.1407709901,0.1314176420,0.1194073959,0.1023396729,0.0540191113,,,,,,,,,0.0540191113
152580,1.20000000,0.1702019332,0.1697740612,0.1685207732,0.1664030994,0.1633878278,0.1594291101,0.1544426341,0.1482880960,0.1407358458,0.1313863354,0.1193807777,0.1023192537,0.0540153775,,,,,,,,,0.0540153775
152640,1.20000000,0.1701537002,0.1697260298,0.1684733302,0.1663566446,0.1633427665,0.1593858538,0.1544016121,0.1482497701,0.1407007340,0.1313550572,0.1193541832,0.1022988521,0.0540116491,,,,,,,,,0.0540116491
152700,1.20000000,0.1701055140,0.1696780449,0.1684259332,0.1663102346,0.1632977483,0.1593426388,0.1543606289,0.1482114801,0.1406656546,0.1313238076,0.1193276124,0.1022784682,0.0540079261,,,,,,,,,0.0540079261
152760,1.20000000,0.1700573745,0.1696301065,0.1683785820,0.1662638694,0.1632527734,0.1592994650,0.1543196845,0.1481732260,0.1406306077,0.1312925863,0.1193010652,0.1022581019,0.0540042085,,,,,,,,,0.0540042085
152820,1.20000000,0.1700092818,0.1695822146,0.1683312766,0.1662175489,0.1632078416,0.1592563323,0.1542787788,0.1481350077,0.1405955932,0.1312613935,0.1192745417,0.1022377532,0.0540004962,,,,,,,,,0.0540004962
152880,1.20000000,0.1699612356,0.1695343690,0.1682840169,0.1661712730,0.1631629529,0.1592132407,0.1542379117,0.1480968251,0.1405606110,0.1312302290,0.1192480418,0.1022174220,0.0539967892,,,,,,,,,0.0539967892
152940,1.20000000,0.1699132359,0.1694865697,0.1682368029,0.1661250416,0.1631181072,0.1591701901,0.1541970832,0.1480586783,0.1405256611,0.1311990928,0.1192215655,0.1021971084,0.0539930876,,,,,,,,,0.0539930876
153000,1.20000000,0.1698652827,0.1694388167,0.1681896344,0.1660788547,0.1630733044,0.1591271806,0.1541562933,0.1480205670,0.1404907435,0.1311679848,0.1191951127,0.1021768123,0.0539893913,,,,,,,,,0.0539893913
153060,1.20000000,0.1698173758,0.1693911098,0.1681425114,0.1660327122,0.1630285445,0.1590842119,0.1541155419,0.1479824914,0.1404558580,0.1311369051,0.1191686833,0.1021565337,0.0539857003,,,,,,,,,0.0539857003
153120,1.20000000,0.1697695153,0.1693434490,0.1680954339,0.1659866141,0.1629838274,0.1590412840,0.1540748288,0.1479444513,0.1404210048,0.1311058536,0.1191422775,0.1021362726,0.0539820145,,,,,,,,,0.0539820145
153180,1.20000000,0.1697217010,0.1692958342,0.1680484017,0.1659405602,0.1629391531,0.1589983970,0.1540341542,0.1479064467,0.1403861836,0.1310748303,0.1191158951,0.1021160290,0.0539783341,,,,,,,,,0.0539783341
153240,1.20000000,0.1696739329,0.1692482654,0.1680014148,0.1658945506,0.1628945214,0.1589555507,0.1539935179,0.1478684776,0.1403513945,0.1310438350,0.1190895360,0.1020958027,0.0539746590,,,,,,,,,0.0539746590
153300,1.20000000,0.1696262109,0.1692007424,0.1679544732,0.1658485851,0.1628499324,0.1589127450,0.1539529198,0.1478305438,0.1403166374,0.1310128678,0.1190632004,0.1020755939,0.0539709891,,,,,,,,,0.0539709891
153360,1.20000000,0.1695785349,0.1691532653,0.1679075768,0.1658026637,0.1628053860,0.1588699800,0.1539123600,0.1477926454,0.1402819123,0.1309819287,0.1190368881,0.1020554025,0.0539673245,,,,,,,,,0.0539673245
153420,1.20000000,0.1695309049,0.1691058339,0.1678607254,0.1657567863,0.1627608820,0.1588272555,0.1538718383,0.1477547823,0.1402472191,0.1309510175,0.1190105990,0.1020352284,0.0539636652,,,,,,,,,0.0539636652
153480,1.20000000,0.1694833208,0.1690584482,0.1678139191,0.1657109528,0.1627164205,0.1587845714,0.1538313546,0.1477169544,0.1402125577,0.1309201343,0.1189843333,0.1020150716,0.0539600110,,,,,,,,,0.0539600110
153540,1.20000000,0.1694357826,0.1690111081,0.1677671577,0.1656651633,0.1626720014,0.1587419279,0.1537909091,0.1476791617,0.1401779283,0.1308892790,0.1189580908,0.1019949321,0.0539563621,,,,,,,,,0.0539563621
153600,1.20000000,0.1693882901,0.1689638136,0.1677204413,0.1656194176,0.1626276246,0.1586993246,0.1537505015,0.1476414041,0.1401433306,0.1308584515,0.1189318715,0.1019748100,0.0539527185,,,,,,,,,0.0539527185
153660,1.20000000,0.1693408433,0.1689165645,0.1676737696,0.1655737156,0.1625832900,0.1586567617,0.1537101318,0.1476036816,0.1401087646,0.1308276519,0.1189056753,0.1019547051,0.0539490800,,,,,,,,,0.0539490800
153720,1.20000000,0.1692934421,0.1688693609,0.1676271428,0.1655280574,0.1625389976,0.1586142391,0.1536698000,0.1475659942,0.1400742304,0.1307968801,0.1188795023,0.1019346174,0.0539454467,,,,,,,,,0.0539454467
153780,1.20000000,0.1692460865,0.1688222025,0.1675805606,0.1654824427,0.1624947474,0.1585717566,0.1536295060,0.1475283417,0.1400397278,0.1307661361,0.1188533525,0.1019145469,0.0539418187,,,,,,,,,0.0539418187
153840,1.20000000,0.1691987764,0.1687750895,0.1675340231,0.1654368717,0.1624505392,0.1585293143,0.1535892498,0.1474907241,0.1400052568,0.1307354197,0.1188272257,0.1018944937,0.0539381958,,,,,,,,,0.0539381958
153900,1.20000000,0.1691515117,0.1687280217,0.1674875302,0.1653913441,0.1624063730,0.1584869120,0.1535490313,0.1474531415,0.1399708174,0.1307047311,0.1188011219,0.1018744576,0.0539345780,,,,,,,,,0.0539345780
153960,1.20000000,0.1691042924,0.1686809990,0.1674410818,0.1653458600,0.1623622488,0.1584445498,0.1535088505,0.1474155937,0.1399364094,0.1306740700,0.1187750411,0.1018544386,0.0539309655,,,,,,,,,0.0539309655
154020,1.20000000,0.1690571183,0.1686340214,0.1673946778,0.1653004192,0.1623181664,0.1584022275,0.1534687072,0.1473780806,0.1399020330,0.1306434366,0.1187489834,0.1018344368,0.0539273581,,,,,,,,,0.0539273581
154080,1.20000000,0.1690099895,0.1685870888,0.1673483181,0.1652550218,0.1622741259,0.1583599451,0.1534286015,0.1473406023,0.1398676880,0.1306128307,0.1187229486,0.1018144521,0.0539237558,,,,,,,,,0.0539237558
154140,1.20000000,0.1689629059,0.1685402011,0.1673020028,0.1652096676,0.1622301271,0.1583177026,0.1533885333,0.1473031587,0.1398333744,0.1305822523,0.1186969367,0.1017944844,0.0539201586,,,,,,,,,0.0539201586
154200,1.20000000,0.1689158673,0.1684933583,0.1672557317,0.1651643566,0.1621861701,0.1582754998,0.1533485025,0.1472657497,0.1397990921,0.1305517015,0.1186709476,0.1017745338,0.0539165666,,,,,,,,,0.0539165666
154260,1.20000000,0.1688688738,0.1684465603,0.1672095048,0.1651190887,0.1621422546,0.1582333368,0.1533085091,0.1472283753,0.1397648411,0.1305211780,0.1186449815,0.1017546002,0.0539129797,,,,,,,,,0.0539129797
154320,1.20000000,0.1688219252,0.1683998071,0.1671633221,0.1650738638,0.1620983807,0.1581912134,0.1532685530,0.1471910354,0.1397306214,0.1304906820,0.1186190381,0.1017346837,0.0539093979,,,,,,,,,0.0539093979
154380,1.20000000,0.1687750215,0.1683530985,0.1671171833,0.1650286820,0.1620545484,0.1581491297,0.1532286342,0.1471537300,0.1396964328,0.1304602133,0.1185931176,0.1017147841,0.0539058211,,,,,,,,,0.0539058211
154440,1.20000000,0.1687281627,0.1683064346,0.1670710886,0.1649835431,0.1620107575,0.1581070855,0.1531887527,0.1471164591,0.1396622754,0.1304297720,0.1185672198,0.1016949015,0.0539022495,,,,,,,,,0.0539022495
154500,1.20000000,0.1686813486,0.1682598152,0.1670250377,0.1649384471,0.1619670080,0.1580650808,0.1531489082,0.1470792225,0.1396281492,0.1303993579,0.1185413448,0.1016750358,0.0538986829,,,,,,,,,0.0538986829
154560,1.20000000,0.1686345792,0.1682132403,0.1669790308,0.1648933938,0.1619232998,0.1580231155,0.1531091009,0.1470420203,0.1395940540,0.1303689711,0.1185154924,0.1016551870,0.0538951214,,,,,,,,,0.0538951214
154620,1.20000000,0.1685878545,0.1681667098,0.1669330676,0.1648483833,0.1618796329,0.1579811896,0.1530693307,0.1470048523,0.1395599898,0.1303386116,0.1184896627,0.1016353552,0.0538915650,,,,,,,,,0.0538915650
154680,1.20000000,0.1685411743,0.1681202236,0.1668871481,0.1648034155,0.1618360072,0.1579393031,0.1530295974,0.1469677186,0.1395259567,0.1303082791,0.1184638557,0.1016155402,0.0538880136,,,,,,,,,0.0538880136
154740,1.20000000,0.1684945386,0.1680737818,0.1668412723,0.1647584903,0.1617924227,0.1578974558,0.1529899012,0.1469306191,0.1394919544,0.1302779739,0.1184380712,0.1015957420,0.0538844672,,,,,,,,,0.0538844672
154800,1.20000000,0.1684479473,0.1680273841,0.1667954401,0.1647136077,0.1617488792,0.1578556477,0.1529502418,0.1468935537,0.1394579831,0.1302476957,0.1184123093,0.1015759607,0.0538809258,,,,,,,,,0.0538809258
154860,1.20000000,0.1684014004,0.1679810306,0.1667496514,0.1646687675,0.1617053768,0.1578138787,0.1529106192,0.1468565224,0.1394240426,0.1302174446,0.1183865700,0.1015561962,0.0538773895,,,,,,,,,0.0538773895
154920,1.20000000,0.1683548978,0.1679347212,0.1667039062,0.1646239698,0.1616619153,0.1577721489,0.1528710335,0.1468195252,0.1393901329,0.1301872205,0.1183608532,0.1015364484,0.0538738581,,,,,,,,,0.0538738581
154980,1.20000000,0.1683084395,0.1678884558,0.1666582044,0.1645792145,0.1616184948,0.1577304581,0.1528314844,0.1467825619,0.1393562540,0.1301570234,0.1183351588,0.1015167175,0.0538703318,,,,,,,,,0.0538703318
155040,1.20000000,0.1682620253,0.1678422344,0.1666125460,0.1645345014,0.1615751151,0.1576888063,0.1527919721,0.1467456326,0.1393224058,0.1301268532,0.1183094869,0.1014970032,0.0538668105,,,,,,,,,0.0538668105
155100,1.20000000,0.1682156552,0.1677960569,0.1665669308,0.1644898306,0.1615317763,0.1576471934,0.1527524964,0.1467087372,0.1392885883,0.1300967099,0.1182838374,0.1014773057,0.0538632941,,,,,,,,,0.0538632941
155160,1.20000000,0.1681693292,0.1677499232,0.1665213588,0.1644452020,0.1614884781,0.1576056194,0.1527130573,0.1466718756,0.1392548015,0.1300665936,0.1182582103,0.1014576248,0.0538597827,,,,,,,,,0.0538597827
155220,1.20000000,0.1681230471,0.1677038333,0.1664758300,0.1644006155,0.1614452206,0.1575640841,0.1526736547,0.1466350479,0.1392210452,0.1300365040,0.1182326056,0.1014379607,0.0538562762,,,,,,,,,0.0538562762
155280,1.20000000,0.1680768090,0.1676577870,0.1664303443,0.1643560711,0.1614020038,0.1575225877,0.1526342886,0.1465982539,0.1391873195,0.1300064413,0.1182070232,0.1014183131,0.0538527747,,,,,,,,,0.0538527747
155340,1.20000000,0.1680306147,0.1676117845,0.1663849016,0.1643115686,0.1613588275,0.1574811299,0.1525949589,0.1465614935,0.1391536242,0.1299764053,0.1181814631,0.1013986822,0.0538492782,,,,,,,,,0.0538492782
155400,1.20000000,0.1679844642,0.1675658255,0.1663395019,0.1642671081,0.1613156917,0.1574397108,0.1525556656,0.1465247669,0.1391199595,0.1299463960,0.1181559252,0.1013790679,0.0538457865,,,,,,,,,0.0538457865
155460,1.20000000,0.1679383574,0.1675199100,0.1662941450,0.1642226895,0.1612725963,0.1573983303,0.1525164086,0.1464880738,0.1390863251,0.1299164134,0.1181304096,0.1013594702,0.0538422998,,,,,,,,,0.0538422998
155520,1.20000000,0.1678922943,0.1674740379,0.1662488310,0.1641783127,0.1612295413,0.1573569883,0.1524771879,0.1464514144,0.1390527212,0.1298864575,0.1181049162,0.1013398890,0.0538388180,,,,,,,,,0.0538388180
155580,1.20000000,0.1678462747,0.1674282093,0.1662035598,0.1641339777,0.1611865267,0.1573156848,0.1524380034,0.1464147884,0.1390191475,0.1298565282,0.1180794450,0.1013203244,0.0538353411,,,,,,,,,0.0538353411
155640,1.20000000,0.1678002987,0.1673824239,0.1661583313,0.1640896843,0.1611435523,0.1572744198,0.1523988550,0.1463781959,0.1389856042,0.1298266255,0.1180539959,0.1013007763,0.0538318691,,,,,,,,,0.0538318691
155700,1.20000000,0.1677543662,0.1673366819,0.1661131455,0.1640454326,0.1611006181,0.1572331931,0.1523597428,0.1463416368,0.1389520911,0.1297967492,0.1180285689,0.1012812447,0.0538284020,,,,,,,,,0.0538284020
155760,1.20000000,0.1677084771,0.1672909830,0.1660680022,0.1640012225,0.1610577241,0.1571920047,0.1523206666,0.1463051111,0.1389186083,0.1297668995,0.1180031640,0.1012617295,0.0538249397,,,,,,,,,0.0538249397
155820,1.20000000,0.1676626313,0.1672453272,0.1660229015,0.1639570538,0.1610148701,0.1571508545,0.1522816264,0.1462686187,0.1388851555,0.1297370763,0.1179777812,0.1012422308,0.0538214824,,,,,,,,,0.0538214824
155880,1.20000000,0.1676168288,0.1671997146,0.1659778432,0.1639129266,0.1609720562,0.1571097426,0.1522426222,0.1462321596,0.1388517329,0.1297072795,0.1179524203,0.1012227486,0.0538180298,,,,,,,,,0.0538180298
155940,1.20000000,0.1675710695,0.1671541449,0.1659328273,0.1638688409,0.1609292823,0.1570686688,0.1522036539,0.1461957337,0.1388183404,0.1296775091,0.1179270815,0.1012032827,0.0538145822,,,,,,,,,0.0538145822
156000,1.20000000,0.1675253534,0.1671086182,0.1658878538,0.1638247964,0.1608865482,0.1570276331,0.1521647215,0.1461593410,0.1387849780,0.1296477650,0.1179017647,0.1011838332,0.0538111393,,,,,,,,,0.0538111393
156060,1.20000000,0.1674796803,0.1670631343,0.1658429226,0.1637807932,0.1608438541,0.1569866354,0.1521258248,0.1461229814,0.1387516455,0.1296180472,0.1178764697,0.1011644001,0.0538077013,,,,,,,,,0.0538077013
156120,1.20000000,0.1674340503,0.1670176933,0.1657980336,0.1637368313,0.1608011997,0.1569456758,0.1520869639,0.1460866549,0.1387183430,0.1295883558,0.1178511967,0.1011449833,0.0538042681,,,,,,,,,0.0538042681
156180,1.20000000,0.1673884632,0.1669722951,0.1657531867,0.1636929104,0.1607585851,0.1569047540,0.1520481387,0.1460503614,0.1386850704,0.1295586906,0.1178259456,0.1011255828,0.0538008398,,,,,,,,,0.0538008398
156240,1.20000000,0.1673429191,0.1669269395,0.1657083819,0.1636490307,0.1607160101,0.1568638702,0.1520093492,0.1460141010,0.1386518276,0.1295290515,0.1178007162,0.1011061986,0.0537974162,,,,,,,,,0.0537974162
156300,1.20000000,0.1672974178,0.1668816266,0.1656636192,0.1636051920,0.1606734748,0.1568230241,0.1519705952,0.1459778735,0.1386186147,0.1294994387,0.1177755088,0.1010868307,0.0537939974,,,,,,,,,0.0537939974
156360,1.20000000,0.1672519592,0.1668363562,0.1656188984,0.1635613943,0.1606309791,0.1567822158,0.1519318768,0.1459416789,0.1385854316,0.1294698520,0.1177503231,0.1010674791,0.0537905834,,,,,,,,,0.0537905834
156420,1.20000000,0.1672065434,0.1667911283,0.1655742196,0.1635176375,0.1605885229,0.1567414453,0.1518931939,0.1459055171,0.1385522782,0.1294402914,0.1177251591,0.1010481437,0.0537871742,,,,,,,,,0.0537871742
156480,1.20000000,0.1671611702,0.1667459429,0.1655295826,0.1634739216,0.1605461061,0.1567007123,0.1518545465,0.1458693882,0.1385191545,0.1294107569,0.1177000169,0.1010288244,0.0537837697,,,,,,,,,0.0537837697
156540,1.20000000,0.1671158396,0.1667007999,0.1654849874,0.1634302465,0.1605037288,0.1566600170,0.1518159344,0.1458332920,0.1384860605,0.1293812483,0.1176748963,0.1010095214,0.0537803700,,,,,,,,,0.0537803700
156600,1.20000000,0.1670705516,0.1666556993,0.1654404340,0.1633866121,0.1604613908,0.1566193593,0.1517773577,0.1457972285,0.1384529961,0.1293517658,0.1176497975,0.1009902346,0.0537769751,,,,,,,,,0.0537769751
156660,1.20000000,0.1670253060,0.1666106408,0.1653959222,0.1633430184,0.1604190921,0.1565787390,0.1517388163,0.1457611977,0.1384199613,0.1293223093,0.1176247203,0.1009709639,0.0537735849,,,,,,,,,0.0537735849
156720,1.20000000,0.1669801028,0.1665656246,0.1653514520,0.1632994653,0.1603768326,0.1565381562,0.1517003101,0.1457251995,0.1383869560,0.1292928786,0.1175996646,0.1009517093,0.0537701994,,,,,,,,,0.0537701994
156780,1.20000000,0.1669349420,0.1665206505,0.1653070234,0.1632559527,0.1603346123,0.1564976108,0.1516618391,0.1456892339,0.1383539802,0.1292634739,0.1175746306,0.1009324708,0.0537668186,,,,,,,,,0.0537668186
156840,1.20000000,0.1668898234,0.1664757185,0.1652626362,0.1632124807,0.1602924311,0.1564571027,0.1516234033,0.1456533009,0.1383210339,0.1292340950,0.1175496181,0.1009132484,0.0537634426,,,,,,,,,0.0537634426
156900,1.20000000,0.1668447471,0.1664308286,0.1652182905,0.1631690491,0.1602502889,0.1564166319,0.1515850026,0.1456174003,0.1382881170,0.1292047419,0.1175246271,0.1008940421,0.0537600713,,,,,,,,,0.0537600713
156960,1.20000000,0.1667997129,0.1663859806,0.1651739862,0.1631256580,0.1602081858,0.1563761983,0.1515466369,0.1455815321,0.1382552294,0.1291754145,0.1174996577,0.1008748518,0.0537567046,,,,,,,,,0.0537567046
157020,1.20000000,0.1667547209,0.1663411744,0.1651297232,0.1630823071,0.1601661217,0.1563358019,0.1515083062,0.1455456964,0.1382223712,0.1291461130,0.1174747097,0.1008556775,0.0537533427,,,,,,,,,0.0537533427
157080,1.20000000,0.1667097708,0.1662964102,0.1650855014,0.1630389965,0.1601240964,0.1562954426,0.1514700105,0.1455098930,0.1381895423,0.1291168371,0.1174497831,0.1008365192,0.0537499854,,,,,,,,,0.0537499854
157140,1.20000000,0.1666648628,0.1662516877,0.1650413209,0.1629957262,0.1600821100,0.1562551204,0.1514317497,0.1454741219,0.1381567426,0.1290875869,0.1174248779,0.1008173769,0.0537466328,,,,,,,,,0.0537466328
157200,1.20000000,0.1666199967,0.1662070069,0.1649971814,0.1629524960,0.1600401623,0.1562148352,0.1513935237,0.1454383831,0.1381239722,0.1290583624,0.1173999941,0.1007982505,0.0537432848,,,,,,,,,0.0537432848
157260,1.20000000,0.1665751724,0.1661623678,0.1649530831,0.1629093058,0.1599982534,0.1561745870,0.1513553325,0.1454026764,0.1380912309,0.1290291634,0.1173751317,0.1007791401,0.0537399415,,,,,,,,,0.0537399415
157320,1.20000000,0.1665303899,0.1661177703,0.1649090258,0.1628661558,0.1599563832,0.1561343757,0.1513171761,0.1453670020,0.1380585188,0.1289999900,0.1173502905,0.1007600456,0.0537366029,,,,,,,,,0.0537366029
157380,1.20000000,0.1664856492,0.1660732143,0.1648650094,0.1628230457,0.1599145516,0.1560942013,0.1512790543,0.1453313597,0.1380258357,0.1289708422,0.1173254707,0.1007409670,0.0537332689,,,,,,,,,0.0537332689
157440,1.20000000,0.1664409501,0.1660286998,0.1648210339,0.1627799755,0.1598727585,0.1560540636,0.1512409672,0.1452957494,0.1379931817,0.1289417198,0.1173006721,0.1007219042,0.0537299395,,,,,,,,,0.0537299395
157500,1.20000000,0.1663962927,0.1659842267,0.1647770993,0.1627369453,0.1598310040,0.1560139628,0.1512029148,0.1452601712,0.1379605567,0.1289126229,0.1172758947,0.1007028573,0.0537266147,,,,,,,,,0.0537266147
157560,1.20000000,0.1663516768,0.1659397950,0.1647332054,0.1626939548,0.1597892879,0.1559738986,0.1511648969,0.1452246249,0.1379279606,0.1288835515,0.1172511386,0.1006838263,0.0537232946,,,,,,,,,0.0537232946
157620,1.20000000,0.1663071025,0.1658954046,0.1646893523,0.1626510041,0.1597476102,0.1559338711,0.1511269134,0.1451891106,0.1378953935,0.1288545054,0.1172264036,0.1006648110,0.0537199790,,,,,,,,,0.0537199790
157680,1.20000000,0.1662625695,0.1658510554,0.1646455398,0.1626080931,0.1597059708,0.1558938801,0.1510889645,0.1451536283,0.1378628553,0.1288254847,0.1172016898,0.1006458116,0.0537166680,,,,,,,,,0.0537166680
157740,1.20000000,0.1662180780,0.1658067474,0.1646017679,0.1625652217,0.1596643698,0.1558539258,0.1510510499,0.1451181777,0.1378303459,0.1287964893,0.1171769971,0.1006268279,0.0537133617,,,,,,,,,0.0537133617
157800,1.20000000,0.1661736277,0.1657624805,0.1645580366,0.1625223899,0.1596228069,0.1558140079,0.1510131697,0.1450827590,0.1377978653,0.1287675192,0.1171523255,0.1006078599,0.0537100598,,,,,,,,,0.0537100598
157860,1.20000000,0.1661292187,0.1657182547,0.1645143458,0.1624795977,0.1595812823,0.1557741265,0.1509753239,0.1450473720,0.1377654135,0.1287385744,0.1171276749,0.1005889077,0.0537067626,,,,,,,,,0.0537067626
157920,1.20000000,0.1660848510,0.1656740699,0.1644706954,0.1624368449,0.1595397958,0.1557342814,0.1509375123,0.1450120168,0.1377329905,0.1287096547,0.1171030454,0.1005699712,0.0537034699,,,,,,,,,0.0537034699
157980,1.20000000,0.1660405243,0.1656299261,0.1644270854,0.1623941315,0.1594983474,0.1556944727,0.1508997349,0.1449766932,0.1377005961,0.1286807603,0.1170784369,0.1005510503,0.0537001818,,,,,,,,,0.0537001818
158040,1.20000000,0.1659962388,0.1655858231,0.1643835157,0.1623514575,0.1594569369,0.1556547003,0.1508619916,0.1449414013,0.1376682303,0.1286518910,0.1170538493,0.1005321452,0.0536968982,,,,,,,,,0.0536968982
158100,1.20000000,0.1659519943,0.1655417610,0.1643399862,0.1623088228,0.1594155645,0.1556149641,0.1508242825,0.1449061409,0.1376358932,0.1286230468,0.1170292827,0.1005132556,0.0536936191,,,,,,,,,0.0536936191
158160,1.20000000,0.1659077907,0.1654977396,0.1642964970,0.1622662274,0.1593742299,0.1555752642,0.1507866075,0.1448709121,0.1376035847,0.1285942277,0.1170047371,0.1004943817,0.0536903446,,,,,,,,,0.0536903446
158220,1.20000000,0.1658636281,0.1654537590,0.1642530479,0.1622236711,0.1593329333,0.1555356003,0.1507489665,0.1448357148,0.1375713046,0.1285654337,0.1169802123,0.1004755234,0.0536870746,,,,,,,,,0.0536870746
158280,1.20000000,0.1658195063,0.1654098190,0.1642096389,0.1621811540,0.1592916744,0.1554959726,0.1507113595,0.1448005490,0.1375390531,0.1285366647,0.1169557084,0.1004566807,0.0536838091,,,,,,,,,0.0536838091
158340,1.20000000,0.1657754252,0.1653659196,0.1641662699,0.1621386760,0.1592504532,0.1554563808,0.1506737863,0.1447654146,0.1375068300,0.1285079206,0.1169312253,0.1004378536,0.0536805481,,,,,,,,,0.0536805481
158400,1.20000000,0.1657313850,0.1653220607,0.1641229409,0.1620962370,0.1592092698,0.1554168251,0.1506362471,0.1447303115,0.1374746354,0.1284792015,0.1169067630,0.1004190420,0.0536772916,,,,,,,,,0.0536772916
158460,1.20000000,0.1656873854,0.1652782423,0.1640796518,0.1620538369,0.1591681240,0.1553773053,0.1505987417,0.1446952398,0.1374424691,0.1284505073,0.1168823215,0.1004002459,0.0536740395,,,,,,,,,0.0536740395
158520,1.20000000,0.1656434264,0.1652344644,0.1640364026,0.1620114758,0.1591270158,0.1553378214,0.1505612701,0.1446601993,0.1374103311,0.1284218380,0.1168579008,0.1003814653,0.0536707920,,,,,,,,,0.0536707920
158580,1.20000000,0.1655995080,0.1651907268,0.1639931932,0.1619691535,0.1590859451,0.1552983733,0.1505238323,0.1446251901,0.1373782214,0.1283931935,0.1168335008,0.1003627002,0.0536675489,,,,,,,,,0.0536675489
158640,1.20000000,0.1655556300,0.1651470295,0.1639500235,0.1619268701,0.1590449120,0.1552589610,0.1504864281,0.1445902121,0.1373461400,0.1283645739,0.1168091215,0.1003439505,0.0536643103,,,,,,,,,0.0536643103
158700,1.20000000,0.1655117925,0.1651033724,0.1639068935,0.1618846254,0.1590039162,0.1552195844,0.1504490576,0.1445552652,0.1373140869,0.1283359790,0.1167847628,0.1003252163,0.0536610761,,,,,,,,,0.0536610761
158760,1.20000000,0.1654679954,0.1650597556,0.1638638032,0.1618424193,0.1589629578,0.1551802435,0.1504117206,0.1445203495,0.1372820618,0.1283074089,0.1167604248,0.1003064976,0.0536578463,,,,,,,,,0.0536578463
158820,1.20000000,0.1654242387,0.1650161789,0.1638207524,0.1618002520,0.1589220368,0.1551409382,0.1503744173,0.1444854648,0.1372500650,0.1282788635,0.1167361075,0.1002877942,0.0536546210,,,,,,,,,0.0536546210
158880,1.20000000,0.1653805222,0.1649726423,0.1637777411,0.1617581232,0.1588811530,0.1551016686,0.1503371474,0.1444506111,0.1372180962,0.1282503427,0.1167118107,0.1002691062,0.0536514002,,,,,,,,,0.0536514002
158940,1.20000000,0.1653368459,0.1649291457,0.1637347693,0.1617160329,0.1588403064,0.1550624344,0.1502999110,0.1444157884,0.1371861555,0.1282218466,0.1166875344,0.1002504335,0.0536481837,,,,,,,,,0.0536481837
159000,1.20000000,0.1652932098,0.1648856890,0.1636918370,0.1616739811,0.1587994970,0.1550232357,0.1502627080,0.1443809966,0.1371542428,0.1281933751,0.1166632787,0.1002317762,0.0536449716,,,,,,,,,0.0536449716
159060,1.20000000,0.1652496137,0.1648422723,0.1636489439,0.1616319678,0.1587587248,0.1549840725,0.1502255383,0.1443462358,0.1371223582,0.1281649282,0.1166390435,0.1002131343,0.0536417640,,,,,,,,,0.0536417640
159120,1.20000000,0.1652060577,0.1647988954,0.1636060902,0.1615899928,0.1587179896,0.1549449447,0.1501884020,0.1443115058,0.1370905014,0.1281365058,0.1166148288,0.1001945076,0.0536385607,,,,,,,,,0.0536385607
159180,1.20000000,0.1651625417,0.1647555583,0.1635632757,0.1615480561,0.1586772913,0.1549058521,0.1501512989,0.1442768066,0.1370586726,0.1281081079,0.1165906346,0.1001758962,0.0536353619,,,,,,,,,0.0536353619
159240,1.20000000,0.1651190657,0.1647122610,0.1635205004,0.1615061577,0.1586366301,0.1548667949,0.1501142291,0.1442421381,0.1370268716,0.1280797346,0.1165664607,0.1001573001,0.0536321674,,,,,,,,,0.0536321674
159300,1.20000000,0.1650756295,0.1646690033,0.1634777642,0.1614642975,0.1585960058,0.1548277729,0.1500771925,0.1442075004,0.1369950985,0.1280513856,0.1165423073,0.1001387192,0.0536289773,,,,,,,,,0.0536289773
159360,1.20000000,0.1650322331,0.1646257853,0.1634350671,0.1614224754,0.1585554183,0.1547887861,0.1500401890,0.1441728934,0.1369633532,0.1280230611,0.1165181742,0.1001201535,0.0536257915,,,,,,,,,0.0536257915
159420,1.20000000,0.1649888764,0.1645826068,0.1633924090,0.1613806914,0.1585148676,0.1547498344,0.1500032185,0.1441383170,0.1369316356,0.1279947609,0.1164940615,0.1001016031,0.0536226101,,,,,,,,,0.0536226101
159480,1.20000000,0.1649455595,0.1645394679,0.1633497899,0.1613389455,0.1584743537,0.1547109178,0.1499662811,0.1441037712,0.1368999458,0.1279664851,0.1164699691,0.1000830678,0.0536194330,,,,,,,,,0.0536194330
159540,1.20000000,0.1649022822,0.1644963684,0.1633072097,0.1612972376,0.1584338764,0.1546720362,0.1499293767,0.1440692560,0.1368682836,0.1279382336,0.1164458970,0.1000645477,0.0536162603,,,,,,,,,0.0536162603
159600,1.20000000,0.1648590445,0.1644533083,0.1632646683,0.1612555676,0.1583934358,0.1546331896,0.1498925053,0.1440347713,0.1368366491,0.1279100064,0.1164218451,0.1000460427,0.0536130919,,,,,,,,,0.0536130919
159660,1.20000000,0.1648158464,0.1644102875,0.1632221658,0.1612139355,0.1583530319,0.1545943780,0.1498556668,0.1440003170,0.1368050422,0.1278818035,0.1163978135,0.1000275529,0.0536099278,,,,,,,,,0.0536099278
159720,1.20000000,0.1647726877,0.1643673061,0.1631797019,0.1611723412,0.1583126644,0.1545556012,0.1498188611,0.1439658932,0.1367734628,0.1278536247,0.1163738020,0.1000090781,0.0536067681,,,,,,,,,0.0536067681
159780,1.20000000,0.1647295685,0.1643243639,0.1631372768,0.1611307847,0.1582723335,0.1545168593,0.1497820882,0.1439314997,0.1367419110,0.1278254701,0.1163498108,0.0999906185,0.0536036126,,,,,,,,,0.0536036126
159840,1.20000000,0.1646864886,0.1642814608,0.1630948903,0.1610892659,0.1582320390,0.1544781522,0.1497453481,0.1438971366,0.1367103867,0.1277973397,0.1163258397,0.0999721739,0.0536004615,,,,,,,,,0.0536004615
159900,1.20000000,0.1646434480,0.1642385969,0.1630525424,0.1610477848,0.1581917808,0.1544394798,0.1497086407,0.1438628039,0.1366788898,0.1277692334,0.1163018888,0.0999537444,0.0535973146,,,,,,,,,0.0535973146
159960,1.20000000,0.1646004467,0.1641957721,0.1630102331,0.1610063413,0.1581515591,0.1544008422,0.1496719660,0.1438285013,0.1366474204,0.1277411512,0.1162779579,0.0999353299,0.0535941720,,,,,,,,,0.0535941720
160020,1.20000000,0.1645574846,0.1641529862,0.1629679621,0.1609649353,0.1581113736,0.1543622391,0.1496353239,0.1437942290,0.1366159783,0.1277130930,0.1162540472,0.0999169304,0.0535910337,,,,,,,,,0.0535910337
160080,1.20000000,0.1645145616,0.1641102394,0.1629257297,0.1609235669,0.1580712243,0.1543236707,0.1495987144,0.1437599869,0.1365845636,0.1276850589,0.1162301564,0.0998985458,0.0535878997,,,,,,,,,0.0535878997
160140,1.20000000,0.1644716777,0.1640675314,0.1628835355,0.1608822360,0.1580311113,0.1542851368,0.1495621375,0.1437257749,0.1365531762,0.1276570487,0.1162062857,0.0998801763,0.0535847699,,,,,,,,,0.0535847699
160200,1.20000000,0.1644288329,0.1640248623,0.1628413797,0.1608409424,0.1579910344,0.1542466375,0.1495255930,0.1436915930,0.1365218161,0.1276290625,0.1161824350,0.0998618217,0.0535816444,,,,,,,,,0.0535816444
160260,1.20000000,0.1643860270,0.1639822320,0.1627992622,0.1607996862,0.1579509935,0.1542081726,0.1494890810,0.1436574411,0.1364904832,0.1276011002,0.1161586043,0.0998434820,0.0535785231,,,,,,,,,0.0535785231
160320,1.20000000,0.1643432600,0.1639396404,0.1627571828,0.1607584673,0.1579109887,0.1541697421,0.1494526014,0.1436233193,0.1364591775,0.1275731618,0.1161347935,0.0998251573,0.0535754061,,,,,,,,,0.0535754061
160380,1.20000000,0.1643005320,0.1638970875,0.1627151416,0.1607172857,0.1578710199,0.1541313459,0.1494161542,0.1435892275,0.1364278989,0.1275452473,0.1161110026,0.0998068474,0.0535722932,,,,,,,,,0.0535722932
160440,1.20000000,0.1642578427,0.1638545733,0.1626731385,0.1606761412,0.1578310871,0.1540929841,0.1493797392,0.1435551655,0.1363966475,0.1275173566,0.1160872316,0.0997885524,0.0535691846,,,,,,,,,0.0535691846
160500,1.20000000,0.1642151922,0.1638120976,0.1626311734,0.1606350339,0.1577911901,0.1540546565,0.1493433566,0.1435211335,0.1363654232,0.1274894897,0.1160634805,0.0997702723,0.0535660803,,,,,,,,,0.0535660803
160560,1.20000000,0.1641725804,0.1637696604,0.1625892463,0.1605939637,0.1577513289,0.1540163631,0.1493070062,0.1434871313,0.1363342259,0.1274616466,0.1160397492,0.0997520070,0.0535629801,,,,,,,,,0.0535629801
160620,1.20000000,0.1641300073,0.1637272617,0.1625473572,0.1605529305,0.1577115036,0.1539781040,0.1492706879,0.1434531589,0.1363030556,0.1274338271,0.1160160378,0.0997337565,0.0535598841,,,,,,,,,0.0535598841
160680,1.20000000,0.1640874728,0.1636849015,0.1625055059,0.1605119344,0.1576717139,0.1539398789,0.1492344018,0.1434192163,0.1362719123,0.1274060314,0.1159923461,0.0997155208,0.0535567923,,,,,,,,,0.0535567923
160740,1.20000000,0.1640449768,0.1636425796,0.1624636925,0.1604709751,0.1576319600,0.1539016879,0.1491981478,0.1433853034,0.1362407959,0.1273782594,0.1159686742,0.0996972999,0.0535537047,,,,,,,,,0.0535537047
160800,1.20000000,0.1640025193,0.1636002960,0.1624219169,0.1604300528,0.1575922417,0.1538635309,0.1491619259,0.1433514202,0.1362097065,0.1273505110,0.1159450220,0.0996790938,0.0535506213,,,,,,,,,0.0535506213
160860,1.20000000,0.1639601002,0.1635580506,0.1623801789,0.1603891672,0.1575525590,0.1538254080,0.1491257359,0.1433175667,0.1361786439,0.1273227862,0.1159213895,0.0996609024,0.0535475420,,,,,,,,,0.0535475420
160920,1.20000000,0.1639177195,0.1635158435,0.1623384787,0.1603483185,0.1575129118,0.1537873189,0.1490895779,0.1432837427,0.1361476081,0.1272950850,0.1158977767,0.0996427257,0.0535444669,,,,,,,,,0.0535444669
160980,1.20000000,0.1638753772,0.1634736745,0.1622968160,0.1603075065,0.1574733001,0.1537492638,0.1490534518,0.1432499484,0.1361165992,0.1272674073,0.1158741836,0.0996245637,0.0535413960,,,,,,,,,0.0535413960
161040,1.20000000,0.1638330731,0.1634315436,0.1622551910,0.1602667312,0.1574337239,0.1537112425,0.1490173576,0.1432161835,0.1360856170,0.1272397531,0.1158506101,0.0996064164,0.0535383292,,,,,,,,,0.0535383292
161100,1.20000000,0.1637908072,0.1633894507,0.1622136034,0.1602259925,0.1573941830,0.1536732549,0.1489812953,0.1431824481,0.1360546615,0.1272121224,0.1158270562,0.0995882838,0.0535352665,,,,,,,,,0.0535352665
161160,1.20000000,0.1637485795,0.1633473958,0.1621720533,0.1601852904,0.1573546775,0.1536353011,0.1489452647,0.1431487422,0.1360237327,0.1271845152,0.1158035218,0.0995701658,0.0535322079,,,,,,,,,0.0535322079
161220,1.20000000,0.1637063900,0.1633053789,0.1621305406,0.1601446248,0.1573152073,0.1535973811,0.1489092659,0.1431150657,0.1359928306,0.1271569313,0.1157800071,0.0995520624,0.0535291535,,,,,,,,,0.0535291535
161280,1.20000000,0.1636642385,0.1632633998,0.1620890653,0.1601039957,0.1572757723,0.1535594946,0.1488732987,0.1430814185,0.1359619550,0.1271293709,0.1157565118,0.0995339737,0.0535261032,,,,,,,,,0.0535261032
161340,1.20000000,0.1636221250,0.1632214586,0.1620476273,0.1600634030,0.1572363725,0.1535216418,0.1488373633,0.1430478007,0.1359311061,0.1271018338,0.1157330361,0.0995158995,0.0535230570,,,,,,,,,0.0535230570
161400,1.20000000,0.1635800494,0.1631795551,0.1620062265,0.1600228467,0.1571970079,0.1534838226,0.1488014594,0.1430142122,0.1359002837,0.1270743201,0.1157095799,0.0994978399,0.0535200150,,,,,,,,,0.0535200150
161460,1.20000000,0.1635380118,0.1631376894,0.1619648629,0.1599823268,0.1571576784,0.1534460368,0.1487655871,0.1429806529,0.1358694878,0.1270468296,0.1156861430,0.0994797949,0.0535169770,,,,,,,,,0.0535169770
161520,1.20000000,0.1634960120,0.1630958613,0.1619235365,0.1599418431,0.1571183839,0.1534082846,0.1487297463,0.1429471228,0.1358387184,0.1270193624,0.1156627257,0.0994617644,0.0535139430,,,,,,,,,0.0535139430
161580,1.20000000,0.1634540500,0.1630540709,0.1618822472,0.1599013956,0.1570791244,0.1533705657,0.1486939370,0.1429136218,0.1358079754,0.1269919184,0.1156393277,0.0994437484,0.0535109132,,,,,,,,,0.0535109132
161640,1.20000000,0.1634121257,0.1630123180,0.1618409949,0.1598609843,0.1570398999,0.1533328802,0.1486581592,0.1428801500,0.1357772588,0.1269644976,0.1156159491,0.0994257469,0.0535078874,,,,,,,,,0.0535078874
161700,1.20000000,0.1633702391,0.1629706027,0.1617997796,0.1598206091,0.1570007102,0.1532952281,0.1486224128,0.1428467073,0.1357465685,0.1269371000,0.1155925898,0.0994077599,0.0535048657,,,,,,,,,0.0535048657
161760,1.20000000,0.1633283902,0.1629289248,0.1617586013,0.1597802700,0.1569615554,0.1532576092,0.1485866977,0.1428132936,0.1357159047,0.1269097256,0.1155692499,0.0993897874,0.0535018481,,,,,,,,,0.0535018481
161820,1.20000000,0.1632865789,0.1628872843,0.1617174598,0.1597399670,0.1569224355,0.1532200236,0.1485510139,0.1427799090,0.1356852671,0.1268823742,0.1155459293,0.0993718293,0.0534988345,,,,,,,,,0.0534988345
161880,1.20000000,0.1632448051,0.1628456811,0.1616763552,0.1596996999,0.1568833503,0.1531824712,0.1485153614,0.1427465533,0.1356546557,0.1268550459,0.1155226280,0.0993538856,0.0534958250,,,,,,,,,0.0534958250
161940,1.20000000,0.1632030688,0.1628041153,0.1616352874,0.1596594687,0.1568442998,0.1531449519,0.1484797401,0.1427132265,0.1356240706,0.1268277407,0.1154993459,0.0993359563,0.0534928194,,,,,,,,,0.0534928194
162000,1.20000000,0.1631613699,0.1627625867,0.1615942563,0.1596192734,0.1568052839,0.1531074658,0.1484441500,0.1426799287,0.1355935117,0.1268004585,0.1154760830,0.0993180415,0.0534898180,,,,,,,,,0.0534898180
162060,1.20000000,0.1631197084,0.1627210954,0.1615532619,0.1595791140,0.1567663027,0.1530700126,0.1484085910,0.1426466596,0.1355629789,0.1267731993,0.1154528393,0.0993001409,0.0534868205,,,,,,,,,0.0534868205
162120,1.20000000,0.1630780842,0.1626796411,0.1615123041,0.1595389903,0.1567273561,0.1530325925,0.1483730632,0.1426134194,0.1355324722,0.1267459630,0.1154296148,0.0992822548,0.0534838270,,,,,,,,,0.0534838270
162180,1.20000000,0.1630364973,0.1626382240,0.1614713830,0.1594989023,0.1566884440,0.1529952054,0.1483375664,0.1425802080,0.1355019917,0.1267187496,0.1154064095,0.0992643830,0.0534808376,,,,,,,,,0.0534808376
162240,1.20000000,0.1629949476,0.1625968439,0.1614304983,0.1594588500,0.1566495663,0.1529578512,0.1483021006,0.1425470253,0.1354715371,0.1266915592,0.1153832233,0.0992465254,0.0534778521,,,,,,,,,0.0534778521
162300,1.20000000,0.1629534351,0.1625555009,0.1613896502,0.1594188334,0.1566107231,0.1529205298,0.1482666658,0.1425138713,0.1354411086,0.1266643916,0.1153600561,0.0992286822,0.0534748707,,,,,,,,,0.0534748707
162360,1.20000000,0.1629119597,0.1625141947,0.1613488385,0.1593788523,0.1565719142,0.1528832413,0.1482312619,0.1424807459,0.1354107061,0.1266372469,0.1153369081,0.0992108533,0.0534718932,,,,,,,,,0.0534718932
162420,1.20000000,0.1628705213,0.1624729255,0.1613080631,0.1593389067,0.1565331397,0.1528459856,0.1481958889,0.1424476492,0.1353803295,0.1266101249,0.1153137791,0.0991930386,0.0534689197,,,,,,,,,0.0534689197
162480,1.20000000,0.1628291200,0.1624316931,0.1612673241,0.1592989967,0.1564943995,0.1528087626,0.1481605468,0.1424145811,0.1353499788,0.1265830257,0.1152906692,0.0991752382,0.0534659502,,,,,,,,,0.0534659502
162540,1.20000000,0.1627877557,0.1623904975,0.1612266214,0.1592591220,0.1564556935,0.1527715724,0.1481252354,0.1423815415,0.1353196540,0.1265559493,0.1152675782,0.0991574520,0.0534629846,,,,,,,,,0.0534629846
162600,1.20000000,0.1627464283,0.1623493386,0.1611859549,0.1592192828,0.1564170217,0.1527344147,0.1480899548,0.1423485304,0.1352893551,0.1265288956,0.1152445062,0.0991396800,0.0534600230,,,,,,,,,0.0534600230
162660,1.20000000,0.1627051377,0.1623082164,0.1611453246,0.1591794789,0.1563783840,0.1526972897,0.1480547050,0.1423155477,0.1352590819,0.1265018646,0.1152214532,0.0991219222,0.0534570653,,,,,,,,,0.0534570653
162720,1.20000000,0.1626638839,0.1622671309,0.1611047305,0.1591397102,0.1563397804,0.1526601973,0.1480194858,0.1422825935,0.1352288346,0.1264748562,0.1151984191,0.0991041785,0.0534541116,,,,,,,,,0.0534541116
162780,1.20000000,0.1626226670,0.1622260820,0.1610641724,0.1590999769,0.1563012109,0.1526231373,0.1479842972,0.1422496677,0.1351986129,0.1264478705,0.1151754039,0.0990864490,0.0534511618,,,,,,,,,0.0534511618
162840,1.20000000,0.1625814867,0.1621850696,0.1610236504,0.1590602787,0.1562626754,0.1525861099,0.1479491393,0.1422167702,0.1351684170,0.1264209073,0.1151524075,0.0990687337,0.0534482160,,,,,,,,,0.0534482160
162900,1.20000000,0.1625403431,0.1621440936,0.1609831643,0.1590206156,0.1562241739,0.1525491148,0.1479140119,0.1421839010,0.1351382467,0.1263939667,0.1151294301,0.0990510324,0.0534452740,,,,,,,,,0.0534452740
162960,1.20000000,0.1624992361,0.1621031542,0.1609427142,0.1589809876,0.1561857062,0.1525121522,0.1478789150,0.1421510602,0.1351081021,0.1263670487,0.1151064714,0.0990333453,0.0534423360,,,,,,,,,0.0534423360
163020,1.20000000,0.1624581656,0.1620622511,0.1609022999,0.1589413947,0.1561472724,0.1524752219,0.1478438486,0.1421182475,0.1350779830,0.1263401531,0.1150835316,0.0990156723,0.0534394019,,,,,,,,,0.0534394019
163080,1.20000000,0.1624171317,0.1620213843,0.1608619215,0.1589018368,0.1561088725,0.1524383239,0.1478088126,0.1420854630,0.1350478896,0.1263132801,0.1150606106,0.0989980133,0.0534364717,,,,,,,,,0.0534364717
163140,1.20000000,0.1623761342,0.1619805538,0.1608215789,0.1588623138,0.1560705063,0.1524014581,0.1477738071,0.1420527068,0.1350178216,0.1262864295,0.1150377083,0.0989803683,0.0534335454,,,,,,,,,0.0534335454
163200,1.20000000,0.1623351731,0.1619397596,0.1607812720,0.1588228257,0.1560321738,0.1523646246,0.1477388318,0.1420199786,0.1349877792,0.1262596013,0.1150148247,0.0989627374,0.0534306229,,,,,,,,,0.0534306229
163260,1.20000000,0.1622942484,0.1618990016,0.1607410009,0.1587833725,0.1559938750,0.1523278232,0.1477038869,0.1419872785,0.1349577623,0.1262327955,0.1149919599,0.0989451205,0.0534277044,,,,,,,,,0.0534277044
163320,1.20000000,0.1622533600,0.1618582797,0.1607007653,0.1587439541,0.1559556099,0.1522910540,0.1476689722,0.1419546065,0.1349277707,0.1262060120,0.1149691137,0.0989275176,0.0534247897,,,,,,,,,0.0534247897
163380,1.20000000,0.1622125079,0.1618175939,0.1606605653,0.1587045705,0.1559173783,0.1522543168,0.1476340878,0.1419219624,0.1348978046,0.1261792509,0.1149462862,0.0989099286,0.0534218789,,,,,,,,,0.0534218789
163440,1.20000000,0.1621716919,0.1617769441,0.1606204009,0.1586652215,0.1558791803,0.1522176117,0.1475992335,0.1418893464,0.1348678638,0.1261525121,0.1149234774,0.0988923537,0.0534189719,,,,,,,,,0.0534189719
163500,1.20000000,0.1621309122,0.1617363303,0.1605802720,0.1586259072,0.1558410158,0.1521809385,0.1475644094,0.1418567582,0.1348379484,0.1261257955,0.1149006871,0.0988747926,0.0534160688,,,,,,,,,0.0534160688
163560,1.20000000,0.1620901685,0.1616957524,0.1605401785,0.1585866276,0.1558028847,0.1521442973,0.1475296154,0.1418241980,0.1348080582,0.1260991012,0.1148779154,0.0988572455,0.0534131695,,,,,,,,,0.0534131695
163620,1.20000000,0.1620494609,0.1616552105,0.1605001205,0.1585473825,0.1557647870,0.1521076881,0.1474948515,0.1417916657,0.1347781933,0.1260724291,0.1148551623,0.0988397123,0.0534102741,,,,,,,,,0.0534102741
163680,1.20000000,0.1620087893,0.1616147044,0.1604600977,0.1585081719,0.1557267227,0.1520711106,0.1474601176,0.1417591611,0.1347483537,0.1260457792,0.1148324278,0.0988221930,0.0534073825,,,,,,,,,0.0534073825
163740,1.20000000,0.1619681537,0.1615742341,0.1604201103,0.1584689958,0.1556886917,0.1520345650,0.1474254137,0.1417266844,0.1347185392,0.1260191515,0.1148097118,0.0988046876,0.0534044948,,,,,,,,,0.0534044948
163800,1.20000000,0.1619275540,0.1615337995,0.1603801581,0.1584298541,0.1556506940,0.1519980512,0.1473907397,0.1416942353,0.1346887500,0.1259925458,0.1147870142,0.0987871960,0.0534016108,,,,,,,,,0.0534016108
163860,1.20000000,0.1618869901,0.1614934006,0.1603402411,0.1583907468,0.1556127295,0.1519615691,0.1473560956,0.1416618140,0.1346589858,0.1259659623,0.1147643351,0.0987697182,0.0533987307,,,,,,,,,0.0533987307
163920,1.20000000,0.1618464621,0.1614530374,0.1603003593,0.1583516738,0.1555747982,0.1519251187,0.1473214814,0.1416294204,0.1346292467,0.1259394009,0.1147416745,0.0987522543,0.0533958543,,,,,,,,,0.0533958543
163980,1.20000000,0.1618059698,0.1614127097,0.1602605126,0.1583126352,0.1555369000,0.1518887000,0.1472868969,0.1415970544,0.1345995327,0.1259128614,0.1147190323,0.0987348041,0.0533929818,,,,,,,,,0.0533929818
164040,1.20000000,0.1617655132,0.1613724176,0.1602207009,0.1582736307,0.1554990349,0.1518523128,0.1472523423,0.1415647161,0.1345698438,0.1258863440,0.1146964085,0.0987173678,0.0533901130,,,,,,,,,0.0533901130
164100,1.20000000,0.1617250923,0.1613321610,0.1601809243,0.1582346605,0.1554612028,0.1518159572,0.1472178174,0.1415324052,0.1345401798,0.1258598486,0.1146738031,0.0986999452,0.0533872481,,,,,,,,,0.0533872481
164160,1.20000000,0.1616847071,0.1612919399,0.1601411826,0.1581957244,0.1554234038,0.1517796332,0.1471833223,0.1415001219,0.1345105408,0.1258333752,0.1146512160,0.0986825364,0.0533843869,,,,,,,,,0.0533843869
164220,1.20000000,0.1616443574,0.1612517541,0.1601014758,0.1581568224,0.1553856376,0.1517433406,0.1471488568,0.1414678661,0.1344809267,0.1258069236,0.1146286473,0.0986651413,0.0533815295,,,,,,,,,0.0533815295
164280,1.20000000,0.1616040432,0.1612116038,0.1600618039,0.1581179544,0.1553479045,0.1517070794,0.1471144209,0.1414356378,0.1344513376,0.1257804940,0.1146060968,0.0986477599,0.0533786758,,,,,,,,,0.0533786758
164340,1.20000000,0.1615637645,0.1611714887,0.1600221669,0.1580791205,0.1553102041,0.1516708497,0.1470800146,0.1414034369,0.1344217733,0.1257540862,0.1145835647,0.0986303922,0.0533758259,,,,,,,,,0.0533758259
164400,1.20000000,0.1615235212,0.1611314089,0.1599825646,0.1580403205,0.1552725366,0.1516346513,0.1470456378,0.1413712633,0.1343922338,0.1257277003,0.1145610508,0.0986130382,0.0533729798,,,,,,,,,0.0533729798
164460,1.20000000,0.1614833133,0.1610913643,0.1599429970,0.1580015545,0.1552349019,0.1515984842,0.1470112905,0.1413391171,0.1343627191,0.1257013361,0.1145385551,0.0985956978,0.0533701374,,,,,,,,,0.0533701374
164520,1.20000000,0.1614431407,0.1610513548,0.1599034641,0.1579628223,0.1551972999,0.1515623483,0.1469769727,0.1413069982,0.1343332292,0.1256749938,0.1145160776,0.0985783712,0.0533672987,,,,,,,,,0.0533672987
164580,1.20000000,0.1614030034,0.1610113805,0.1598639658,0.1579241239,0.1551597306,0.1515262437,0.1469426843,0.1412749066,0.1343037641,0.1256486732,0.1144936184,0.0985610581,0.0533644638,,,,,,,,,0.0533644638
164640,1.20000000,0.1613629013,0.1609714412,0.1598245021,0.1578854593,0.1551221939,0.1514901703,0.1469084254,0.1412428422,0.1342743236,0.1256223743,0.1144711773,0.0985437586,0.0533616326,,,,,,,,,0.0533616326
164700,1.20000000,0.1613228344,0.1609315370,0.1597850730,0.1578468285,0.1550846898,0.1514541280,0.1468741957,0.1412108051,0.1342449078,0.1255960972,0.1144487543,0.0985264728,0.0533588051,,,,,,,,,0.0533588051
164760,1.20000000,0.1612828027,0.1608916677,0.1597456783,0.1578082313,0.1550472183,0.1514181168,0.1468399954,0.1411787950,0.1342155167,0.1255698417,0.1144263495,0.0985092005,0.0533559813,,,,,,,,,0.0533559813
164820,1.20000000,0.1612428060,0.1608518333,0.1597063181,0.1577696677,0.1550097793,0.1513821367,0.1468058243,0.1411468121,0.1341861501,0.1255436078,0.1144039627,0.0984919418,0.0533531612,,,,,,,,,0.0533531612
164880,1.20000000,0.1612028444,0.1608120339,0.1596669923,0.1577311378,0.1549723727,0.1513461875,0.1467716825,0.1411148563,0.1341568081,0.1255173956,0.1143815941,0.0984746967,0.0533503449,,,,,,,,,0.0533503449
164940,1.20000000,0.1611629178,0.1607722692,0.1596277008,0.1576926414,0.1549349986,0.1513102694,0.1467375698,0.1410829276,0.1341274907,0.1254912050,0.1143592434,0.0984574650,0.0533475322,,,,,,,,,0.0533475322
165000,1.20000000,0.1611230261,0.1607325393,0.1595884437,0.1576541785,0.1548976569,0.1512743822,0.1467034863,0.1410510259,0.1340981978,0.1254650359,0.1143369108,0.0984402469,0.0533447232,,,,,,,,,0.0533447232
165060,1.20000000,0.1610831693,0.1606928442,0.1595492208,0.1576157491,0.1548603475,0.1512385259,0.1466694319,0.1410191512,0.1340689294,0.1254388883,0.1143145963,0.0984230423,0.0533419179,,,,,,,,,0.0533419179
165120,1.20000000,0.1610433474,0.1606531838,0.1595100321,0.1575773531,0.1548230704,0.1512027004,0.1466354066,0.1409873034,0.1340396854,0.1254127623,0.1142922997,0.0984058511,0.0533391162,,,,,,,,,0.0533391162
165180,1.20000000,0.1610035602,0.1606135580,0.1594708776,0.1575389904,0.1547858255,0.1511669057,0.1466014104,0.1409554825,0.1340104658,0.1253866577,0.1142700210,0.0983886734,0.0533363182,,,,,,,,,0.0533363182
165240,1.20000000,0.1609638079,0.1605739667,0.1594317571,0.1575006611,0.1547486129,0.1511311418,0.1465674431,0.1409236885,0.1339812706,0.1253605746,0.1142477603,0.0983715092,0.0533335239,,,,,,,,,0.0533335239
165300,1.20000000,0.1609240902,0.1605344101,0.1593926708,0.1574623651,0.1547114324,0.1510954086,0.1465335047,0.1408919214,0.1339520997,0.1253345129,0.1142255175,0.0983543584,0.0533307332,,,,,,,,,0.0533307332
165360,1.20000000,0.1608844072,0.1604948879,0.1593536185,0.1574241023,0.1546742840,0.1510597062,0.1464995953,0.1408601810,0.1339229532,0.1253084725,0.1142032926,0.0983372210,0.0533279462,,,,,,,,,0.0533279462
165420,1.20000000,0.1608447588,0.1604554002,0.1593146002,0.1573858727,0.1546371678,0.1510240343,0.1464657148,0.1408284674,0.1338938310,0.1252824536,0.1141810855,0.0983200970,0.0533251628,,,,,,,,,0.0533251628
165480,1.20000000,0.1608051450,0.1604159469,0.1592756158,0.1573476762,0.1546000835,0.1509883931,0.1464318631,0.1407967806,0.1338647330,0.1252564560,0.1141588963,0.0983029864,0.0533223831,,,,,,,,,0.0533223831
165540,1.20000000,0.1607655657,0.1603765280,0.1592366653,0.1573095128,0.1545630312,0.1509527824,0.1463980403,0.1407651205,0.1338356592,0.1252304797,0.1141367250,0.0982858891,0.0533196070,,,,,,,,,0.0533196070
165600,1.20000000,0.1607260208,0.1603371433,0.1591977486,0.1572713825,0.1545260109,0.1509172022,0.1463642461,0.1407334870,0.1338066096,0.1252045247,0.1141145714,0.0982688052,0.0533168345,,,,,,,,,0.0533168345
165660,1.20000000,0.1606865104,0.1602977930,0.1591588657,0.1572332852,0.1544890225,0.1508816525,0.1463304808,0.1407018802,0.1337775842,0.1251785909,0.1140924356,0.0982517346,0.0533140656,,,,,,,,,0.0533140656
165720,1.20000000,0.1606470344,0.1602584768,0.1591200166,0.1571952208,0.1544520660,0.1508461333,0.1462967441,0.1406702999,0.1337485829,0.1251526783,0.1140703175,0.0982346774,0.0533113003,,,,,,,,,0.0533113003
165780,1.20000000,0.1606075927,0.1602191948,0.1590812012,0.1571571894,0.1544151412,0.1508106444,0.1462630360,0.1406387463,0.1337196057,0.1251267870,0.1140482172,0.0982176334,0.0533085386,,,,,,,,,0.0533085386
165840,1.20000000,0.1605681854,0.1601799470,0.1590424195,0.1571191909,0.1543782483,0.1507751860,0.1462293566,0.1406072191,0.1336906526,0.1251009168,0.1140261346,0.0982006027,0.0533057806,,,,,,,,,0.0533057806
165900,1.20000000,0.1605288122,0.1601407332,0.1590036714,0.1570812251,0.1543413870,0.1507397578,0.1461957057,0.1405757184,0.1336617235,0.1250750678,0.1140040697,0.0981835853,0.0533030261,,,,,,,,,0.0533030261
165960,1.20000000,0.1604894733,0.1601015535,0.1589649568,0.1570432922,0.1543045575,0.1507043599,0.1461620834,0.1405442442,0.1336328184,0.1250492399,0.1139820224,0.0981665811,0.0533002752,,,,,,,,,0.0533002752
166020,1.20000000,0.1604501684,0.1600624078,0.1589262758,0.1570053920,0.1542677596,0.1506689922,0.1461284896,0.1405127965,0.1336039373,0.1250234331,0.1139599928,0.0981495901,0.0532975279,,,,,,,,,0.0532975279
166080,1.20000000,0.1604108978,0.1600232960,0.1588876282,0.1569675246,0.1542309934,0.1506336548,0.1460949243,0.1404813751,0.1335750802,0.1249976473,0.1139379808,0.0981326124,0.0532947841,,,,,,,,,0.0532947841
166140,1.20000000,0.1603716611,0.1599842181,0.1588490141,0.1569296897,0.1541942587,0.1505983475,0.1460613873,0.1404499800,0.1335462469,0.1249718826,0.1139159864,0.0981156479,0.0532920439,,,,,,,,,0.0532920439
166200,1.20000000,0.1603324585,0.1599451741,0.1588104334,0.1568918875,0.1541575555,0.1505630703,0.1460278788,0.1404186113,0.1335174375,0.1249461389,0.1138940096,0.0980986965,0.0532893073,,,,,,,,,0.0532893073
166260,1.20000000,0.1602932898,0.1599061639,0.1587718860,0.1568541179,0.1541208838,0.1505278232,0.1459943986,0.1403872689,0.1334886520,0.1249204162,0.1138720504,0.0980817583,0.0532865742,,,,,,,,,0.0532865742
166320,1.20000000,0.1602541551,0.1598671874,0.1587333719,0.1568163808,0.1540842435,0.1504926061,0.1459609467,0.1403559527,0.1334598902,0.1248947145,0.1138501086,0.0980648333,0.0532838447,,,,,,,,,0.0532838447
166380,1.20000000,0.1602150542,0.1598282447,0.1586948911,0.1567786762,0.1540476346,0.1504574190,0.1459275231,0.1403246627,0.1334311523,0.1248690336,0.1138281844,0.0980479214,0.0532811187,,,,,,,,,0.0532811187
166440,1.20000000,0.1601759872,0.1597893356,0.1586564435,0.1567410040,0.1540110571,0.1504222619,0.1458941277,0.1402933989,0.1334024381,0.1248433737,0.1138062777,0.0980310226,0.0532783962,,,,,,,,,0.0532783962
166500,1.20000000,0.1601369540,0.1597504601,0.1586180290,0.1567033642,0.1539745109,0.1503871347,0.1458607606,0.1402621613,0.1333737477,0.1248177346,0.1137843884,0.0980141369,0.0532756773,,,,,,,,,0.0532756773
166560,1.20000000,0.1600979544,0.1597116183,0.1585796477,0.1566657568,0.1539379960,0.1503520374,0.1458274216,0.1402309497,0.1333450809,0.1247921164,0.1137625166,0.0979972643,0.0532729619,,,,,,,,,0.0532729619
166620,1.20000000,0.1600589886,0.1596728100,0.1585412994,0.1566281816,0.1539015123,0.1503169699,0.1457941107,0.1401997643,0.1333164378,0.1247665190,0.1137406622,0.0979804048,0.0532702500,,,,,,,,,0.0532702500
166680,1.20000000,0.1600200565,0.1596340351,0.1585029842,0.1565906388,0.1538650598,0.1502819322,0.1457608279,0.1401686049,0.1332878183,0.1247409425,0.1137188252,0.0979635583,0.0532675416,,,,,,,,,0.0532675416
166740,1.20000000,0.1599811579,0.1595952937,0.1584647020,0.1565531281,0.1538286384,0.1502469243,0.1457275732,0.1401374715,0.1332592225,0.1247153866,0.1136970055,0.0979467249,0.0532648367,,,,,,,,,0.0532648367
166800,1.20000000,0.1599422929,0.1595565858,0.1584264527,0.1565156497,0.1537922482,0.1502119461,0.1456943465,0.1401063640,0.1332306502,0.1246898516,0.1136752033,0.0979299045,0.0532621354,,,,,,,,,0.0532621354
166860,1.20000000,0.1599034614,0.1595179111,0.1583882363,0.1564782034,0.1537558890,0.1501769975,0.1456611477,0.1400752825,0.1332021014,0.1246643372,0.1136534183,0.0979130971,0.0532594375,,,,,,,,,0.0532594375
166920,1.20000000,0.1598646634,0.1594792698,0.1583500528,0.1564407891,0.1537195608,0.1501420787,0.1456279769,0.1400442270,0.1331735762,0.1246388436,0.1136316507,0.0978963026,0.0532567431,,,,,,,,,0.0532567431
166980,1.20000000,0.1598258988,0.1594406618,0.1583119021,0.1564034070,0.1536832636,0.1501071894,0.1455948340,0.1400131973,0.1331450744,0.1246133705,0.1136099004,0.0978795212,0.0532540521,,,,,,,,,0.0532540521
167040,1.20000000,0.1597871676,0.1594020870,0.1582737842,0.1563660568,0.1536469974,0.1500723296,0.1455617190,0.1399821934,0.1331165961,0.1245879182,0.1135881673,0.0978627527,0.0532513647,,,,,,,,,0.0532513647
167100,1.20000000,0.1597484697,0.1593635453,0.1582356990,0.1563287386,0.1536107620,0.1500374994,0.1455286318,0.1399512154,0.1330881412,0.1245624864,0.1135664515,0.0978459972,0.0532486807,,,,,,,,,0.0532486807
167160,1.20000000,0.1597098051,0.1593250368,0.1581976465,0.1562914523,0.1535745576,0.1500026987,0.1454955724,0.1399202631,0.1330597097,0.1245370753,0.1135447529,0.0978292545,0.0532460002,,,,,,,,,0.0532460002
167220,1.20000000,0.1596711738,0.1592865614,0.1581596266,0.1562541979,0.1535383839,0.1499679275,0.1454625408,0.1398893365,0.1330313016,0.1245116846,0.1135230715,0.0978125248,0.0532433231,,,,,,,,,0.0532433231
167280,1.20000000,0.1596325756,0.1592481190,0.1581216393,0.1562169754,0.1535022410,0.1499331856,0.1454295369,0.1398584357,0.1330029167,0.1244863146,0.1135014073,0.0977958080,0.0532406495,,,,,,,,,0.0532406495
167340,1.20000000,0.1595940107,0.1592097097,0.1580836845,0.1561797846,0.1534661288,0.1498984731,0.1453965606,0.1398275605,0.1329745552,0.1244609650,0.1134797603,0.0977791041,0.0532379793,,,,,,,,,0.0532379793
167400,1.20000000,0.1595554788,0.1591713332,0.1580457623,0.1561426256,0.1534300474,0.1498637899,0.1453636121,0.1397967110,0.1329462170,0.1244356359,0.1134581303,0.0977624130,0.0532353126,,,,,,,,,0.0532353126
167460,1.20000000,0.1595169800,0.1591329898,0.1580078725,0.1561054983,0.1533939966,0.1498291361,0.1453306911,0.1397658871,0.1329179020,0.1244103273,0.1134365176,0.0977457348,0.0532326492,,,,,,,,,0.0532326492
167520,1.20000000,0.1594785142,0.1590946791,0.1579700152,0.1560684027,0.1533579764,0.1497945115,0.1452977977,0.1397350888,0.1328896102,0.1243850391,0.1134149219,0.0977290694,0.0532299894,,,,,,,,,0.0532299894
167580,1.20000000,0.1594400814,0.1590564013,0.1579321902,0.1560313387,0.1533219867,0.1497599161,0.1452649319,0.1397043160,0.1328613415,0.1243597712,0.1133933433,0.0977124168,0.0532273329,,,,,,,,,0.0532273329
167640,1.20000000,0.1594016815,0.1590181563,0.1578943976,0.1559943063,0.1532860277,0.1497253498,0.1452320935,0.1396735687,0.1328330961,0.1243345238,0.1133717817,0.0976957770,0.0532246799,,,,,,,,,0.0532246799
167700,1.20000000,0.1593633146,0.1589799441,0.1578566373,0.1559573055,0.1532500991,0.1496908127,0.1451992827,0.1396428469,0.1328048737,0.1243092967,0.1133502372,0.0976791500,0.0532220302,,,,,,,,,0.0532220302
167760,1.20000000,0.1593249805,0.1589417645,0.1578189092,0.1559203361,0.1532142009,0.1496563047,0.1451664992,0.1396121505,0.1327766744,0.1242840900,0.1133287096,0.0976625358,0.0532193840,,,,,,,,,0.0532193840
167820,1.20000000,0.1592866791,0.1589036176,0.1577812133,0.1558833982,0.1531783332,0.1496218258,0.1451337432,0.1395814795,0.1327484982,0.1242589035,0.1133071991,0.0976459344,0.0532167411,,,,,,,,,0.0532167411
167880,1.20000000,0.1592484106,0.1588655033,0.1577435496,0.1558464918,0.1531424958,0.1495873759,0.1451010145,0.1395508339,0.1327203451,0.1242337373,0.1132857056,0.0976293456,0.0532141017,,,,,,,,,0.0532141017
167940,1.20000000,0.1592101748,0.1588274215,0.1577059180,0.1558096167,0.1531066888,0.1495529550,0.1450683132,0.1395202137,0.1326922149,0.1242085914,0.1132642290,0.0976127696,0.0532114656,,,,,,,,,0.0532114656
168000,1.20000000,0.1591719716,0.1587893723,0.1576683185,0.1557727729,0.1530709121,0.1495185630,0.1450356391,0.1394896187,0.1326641077,0.1241834657,0.1132427693,0.0975962063,0.0532088329,,,,,,,,,0.0532088329
168060,1.20000000,0.1591338011,0.1587513555,0.1576307510,0.1557359604,0.1530351656,0.1494841999,0.1450029923,0.1394590491,0.1326360234,0.1241583602,0.1132213265,0.0975796557,0.0532062036,,,,,,,,,0.0532062036
168120,1.20000000,0.1590956632,0.1587133712,0.1575932155,0.1556991792,0.1529994494,0.1494498657,0.1449703727,0.1394285046,0.1326079621,0.1241332748,0.1131999006,0.0975631178,0.0532035776,,,,,,,,,0.0532035776
168180,1.20000000,0.1590575578,0.1586754193,0.1575557120,0.1556624292,0.1529637633,0.1494155604,0.1449377803,0.1393979854,0.1325799236,0.1241082096,0.1131784916,0.0975465925,0.0532009551,,,,,,,,,0.0532009551
168240,1.20000000,0.1590194849,0.1586374998,0.1575182404,0.1556257104,0.1529281073,0.1493812838,0.1449052151,0.1393674914,0.1325519080,0.1240831645,0.1131570994,0.0975300799,0.0531983358,,,,,,,,,0.0531983358
168300,1.20000000,0.1589814444,0.1585996125,0.1574808007,0.1555890227,0.1528924814,0.1493470360,0.1448726769,0.1393370225,0.1325239152,0.1240581396,0.1131357240,0.0975135799,0.0531957199,,,,,,,,,0.0531957199
168360,1.20000000,0.1589434364,0.1585617575,0.1574433927,0.1555523661,0.1528568856,0.1493128169,0.1448401659,0.1393065787,0.1324959453,0.1240331346,0.1131143655,0.0974970925,0.0531931074,,,,,,,,,0.0531931074
168420,1.20000000,0.1589054608,0.1585239348,0.1574060166,0.1555157406,0.1528213198,0.1492786265,0.1448076819,0.1392761600,0.1324679980,0.1240081498,0.1130930237,0.0974806178,0.0531904982,,,,,,,,,0.0531904982
168480,1.20000000,0.1588675175,0.1584861442,0.1573686722,0.1554791460,0.1527857840,0.1492444647,0.1447752249,0.1392457664,0.1324400736,0.1239831849,0.1130716987,0.0974641556,0.0531878923,,,,,,,,,0.0531878923
168540,1.20000000,0.1588296064,0.1584483857,0.1573313595,0.1554425824,0.1527502781,0.1492103316,0.1447427948,0.1392153978,0.1324121718,0.1239582400,0.1130503904,0.0974477060,0.0531852898,,,,,,,,,0.0531852898
168600,1.20000000,0.1587917277,0.1584106594,0.1572940785,0.1554060498,0.1527148022,0.1491762270,0.1447103917,0.1391850541,0.1323842927,0.1239333152,0.1130290988,0.0974312689,0.0531826906,,,,,,,,,0.0531826906
168660,1.20000000,0.1587538811,0.1583729651,0.1572568290,0.1553695480,0.1526793560,0.1491421509,0.1446780155,0.1391547354,0.1323564363,0.1239084102,0.1130078239,0.0974148444,0.0531800947,,,,,,,,,0.0531800947
168720,1.20000000,0.1587160667,0.1583353028,0.1572196112,0.1553330771,0.1526439397,0.1491081034,0.1446456662,0.1391244417,0.1323286024,0.1238835252,0.1129865657,0.0973984324,0.0531775021,,,,,,,,,0.0531775021
168780,1.20000000,0.1586782844,0.1582976725,0.1571824249,0.1552966369,0.1526085532,0.1490740843,0.1446133437,0.1390941728,0.1323007912,0.1238586600,0.1129653242,0.0973820329,0.0531749128,,,,,,,,,0.0531749128
168840,1.20000000,0.1586405342,0.1582600741,0.1571452700,0.1552602276,0.1525731964,0.1490400936,0.1445810480,0.1390639288,0.1322730026,0.1238338148,0.1129440993,0.0973656459,0.0531723268,,,,,,,,,0.0531723268
168900,1.20000000,0.1586028160,0.1582225076,0.1571081467,0.1552238489,0.1525378693,0.1490061313,0.1445487791,0.1390337096,0.1322452364,0.1238089893,0.1129228910,0.0973492713,0.0531697441,,,,,,,,,0.0531697441
168960,1.20000000,0.1585651298,0.1581849729,0.1570710547,0.1551875010,0.1525025719,0.1489721973,0.1445165369,0.1390035152,0.1322174928,0.1237841837,0.1129016993,0.0973329093,0.0531671647,,,,,,,,,0.0531671647
169020,1.20000000,0.1585274755,0.1581474700,0.1570339941,0.1551511837,0.1524673041,0.1489382917,0.1444843214,0.1389733455,0.1321897717,0.1237593979,0.1128805242,0.0973165597,0.0531645885,,,,,,,,,0.0531645885
169080,1.20000000,0.1584898532,0.1581099989,0.1569969648,0.1551148970,0.1524320659,0.1489044143,0.1444521326,0.1389432006,0.1321620730,0.1237346318,0.1128593656,0.0973002225,0.0531620157,,,,,,,,,0.0531620157
169140,1.20000000,0.1584522627,0.1580725595,0.1569599668,0.1550786408,0.1523968572,0.1488705652,0.1444199704,0.1389130804,0.1321343967,0.1237098855,0.1128382236,0.0972838978,0.0531594461,,,,,,,,,0.0531594461
169200,1.20000000,0.1584147040,0.1580351518,0.1569230001,0.1550424152,0.1523616780,0.1488367443,0.1443878347,0.1388829848,0.1321067428,0.1236851589,0.1128170981,0.0972675854,0.0531568798,,,,,,,,,0.0531568798
169260,1.20000000,0.1583771771,0.1579977757,0.1568860646,0.1550062200,0.1523265283,0.1488029515,0.1443557257,0.1388529139,0.1320791113,0.1236604520,0.1127959891,0.0972512854,0.0531543167,,,,,,,,,0.0531543167
169320,1.20000000,0.1583396820,0.1579604312,0.1568491602,0.1549700553,0.1522914081,0.1487691869,0.1443236431,0.1388228676,0.1320515022,0.1236357648,0.1127748965,0.0972349979,0.0531517569,,,,,,,,,0.0531517569
169380,1.20000000,0.1583022185,0.1579231183,0.1568122869,0.1549339210,0.1522563172,0.1487354504,0.1442915871,0.1387928458,0.1320239153,0.1236110972,0.1127538204,0.0972187226,0.0531492003,,,,,,,,,0.0531492003
169440,1.20000000,0.1582647867,0.1578858368,0.1567754447,0.1548978171,0.1522212557,0.1487017419,0.1442595575,0.1387628486,0.1319963507,0.1235864493,0.1127327607,0.0972024597,0.0531466470,,,,,,,,,0.0531466470
169500,1.20000000,0.1582273866,0.1578485868,0.1567386336,0.1548617435,0.1521862235,0.1486680614,0.1442275543,0.1387328759,0.1319688084,0.1235618209,0.1127117175,0.0971862092,0.0531440970,,,,,,,,,0.0531440970
169560,1.20000000,0.1581900180,0.1578113683,0.1567018534,0.1548257001,0.1521512206,0.1486344089,0.1441955775,0.1387029277,0.1319412883,0.1235372121,0.1126906906,0.0971699709,0.0531415501,,,,,,,,,0.0531415501
169620,1.20000000,0.1581526809,0.1577741811,0.1566651043,0.1547896871,0.1521162469,0.1486007844,0.1441636271,0.1386730039,0.1319137903,0.1235126228,0.1126696801,0.0971537450,0.0531390065,,,,,,,,,0.0531390065
169680,1.20000000,0.1581153753,0.1577370253,0.1566283860,0.1547537042,0.1520813024,0.1485671877,0.1441317029,0.1386431046,0.1318863146,0.1234880531,0.1126486859,0.0971375314,0.0531364661,,,,,,,,,0.0531364661
169740,1.20000000,0.1580781011,0.1576999008,0.1565916986,0.1547177515,0.1520463871,0.1485336189,0.1440998051,0.1386132296,0.1318588610,0.1234635029,0.1126277081,0.0971213300,0.0531339289,,,,,,,,,0.0531339289
169800,1.20000000,0.1580408584,0.1576628075,0.1565550420,0.1546818289,0.1520115009,0.1485000780,0.1440679335,0.1385833790,0.1318314295,0.1234389721,0.1126067466,0.0971051408,0.0531313949,,,,,,,,,0.0531313949
169860,1.20000000,0.1580036470,0.1576257455,0.1565184163,0.1546459363,0.1519766438,0.1484665649,0.1440360881,0.1385535526,0.1318040201,0.1234144608,0.1125858014,0.0970889640,0.0531288641,,,,,,,,,0.0531288641
169920,1.20000000,0.1579664670,0.1575887146,0.1564818213,0.1546100739,0.1519418157,0.1484330795,0.1440042690,0.1385237506,0.1317766327,0.1233899689,0.1125648724,0.0970727993,0.0531263366,,,,,,,,,0.0531263366
169980,1.20000000,0.1579293182,0.1575517149,0.1564452570,0.1545742414,0.1519070167,0.1483996219,0.1439724759,0.1384939729,0.1317492673,0.1233654964,0.1125439597,0.0970566468,0.0531238122,,,,,,,,,0.0531238122
170040,1.20000000,0.1578922007,0.1575147463,0.1564087234,0.1545384389,0.1518722466,0.1483661920,0.1439407090,0.1384642193,0.1317219240,0.1233410433,0.1125230632,0.0970405066,0.0531212910,,,,,,,,,0.0531212910
170100,1.20000000,0.1578551144,0.1574778087,0.1563722204,0.1545026664,0.1518375055,0.1483327897,0.1439089682,0.1384344900,0.1316946026,0.1233166096,0.1125021830,0.0970243785,0.0531187730,,,,,,,,,0.0531187730
170160,1.20000000,0.1578180592,0.1574409022,0.1563357480,0.1544669237,0.1518027933,0.1482994150,0.1438772534,0.1384047848,0.1316673032,0.1232921951,0.1124813189,0.0970082626,0.0531162582,,,,,,,,,0.0531162582
170220,1.20000000,0.1577810352,0.1574040266,0.1562993062,0.1544312109,0.1517681099,0.1482660679,0.1438455646,0.1383751038,0.1316400257,0.1232678000,0.1124604710,0.0969921589,0.0531137465,,,,,,,,,0.0531137465
170280,1.20000000,0.1577440423,0.1573671820,0.1562628949,0.1543955279,0.1517334554,0.1482327484,0.1438139018,0.1383454468,0.1316127701,0.1232434241,0.1124396392,0.0969760672,0.0531112380,,,,,,,,,0.0531112380
170340,1.20000000,0.1577070803,0.1573303682,0.1562265141,0.1543598747,0.1516988296,0.1481994564,0.1437822650,0.1383158140,0.1315855363,0.1232190676,0.1124188236,0.0969599878,0.0531087327,,,,,,,,,0.0531087327
170400,1.20000000,0.1576701494,0.1572935853,0.1561901637,0.1543242512,0.1516642326,0.1481661919,0.1437506540,0.1382862052,0.1315583244,0.1231947302,0.1123980241,0.0969439204,0.0531062305,,,,,,,,,0.0531062305
170460,1.20000000,0.1576332495,0.1572568333,0.1561538437,0.1542886574,0.1516296643,0.1481329548,0.1437190690,0.1382566204,0.1315311343,0.1231704120,0.1123772407,0.0969278651,0.0531037315,,,,,,,,,0.0531037315
170520,1.20000000,0.1575963804,0.1572201120,0.1561175540,0.1542530933,0.1515951247,0.1480997451,0.1436875098,0.1382270596,0.1315039659,0.1231461131,0.1123564734,0.0969118219,0.0531012356,,,,,,,,,0.0531012356
170580,1.20000000,0.1575595422,0.1571834214,0.1560812947,0.1542175587,0.1515606137,0.1480665628,0.1436559764,0.1381975227,0.1314768193,0.1231218332,0.1123357221,0.0968957908,0.0530987429,,,,,,,,,0.0530987429
170640,1.20000000,0.1575227349,0.1571467615,0.1560450657,0.1541820538,0.1515261313,0.1480334078,0.1436244688,0.1381680097,0.1314496945,0.1230975726,0.1123149868,0.0968797717,0.0530962533,,,,,,,,,0.0530962533
170700,1.20000000,0.1574859584,0.1571101323,0.1560088669,0.1541465784,0.1514916775,0.1480002801,0.1435929870,0.1381385207,0.1314225913,0.1230733310,0.1122942675,0.0968637646,0.0530937668,,,,,,,,,0.0530937668
170760,1.20000000,0.1574492126,0.1570735337,0.1559726983,0.1541111325,0.1514572522,0.1479671797,0.1435615308,0.1381090555,0.1313955098,0.1230491085,0.1122735643,0.0968477696,0.0530912834,,,,,,,,,0.0530912834
170820,1.20000000,0.1574124975,0.1570369657,0.1559365598,0.1540757161,0.1514228554,0.1479341066,0.1435301004,0.1380796141,0.1313684499,0.1230249051,0.1122528770,0.0968317866,0.0530888032,,,,,,,,,0.0530888032
170880,1.20000000,0.1573758132,0.1570004282,0.1559004515,0.1540403291,0.1513884871,0.1479010606,0.1434986956,0.1380501966,0.1313414117,0.1230007208,0.1122322057,0.0968158156,0.0530863261,,,,,,,,,0.0530863261
170940,1.20000000,0.1573391594,0.1569639212,0.1558643733,0.1540049715,0.1513541472,0.1478680418,0.1434673164,0.1380208028,0.1313143950,0.1229765554,0.1122115503,0.0967998566,0.0530838521,,,,,,,,,0.0530838521
171000,1.20000000,0.1573025363,0.1569274447,0.1558283251,0.1539696432,0.1513198356,0.1478350501,0.1434359628,0.1379914327,0.1312873999,0.1229524090,0.1121909108,0.0967839095,0.0530813812,,,,,,,,,0.0530813812
171060,1.20000000,0.1572659437,0.1568909985,0.1557923069,0.1539343443,0.1512855524,0.1478020855,0.1434046348,0.1379620864,0.1312604264,0.1229282817,0.1121702872,0.0967679744,0.0530789133,,,,,,,,,0.0530789133
171120,1.20000000,0.1572293816,0.1568545828,0.1557563186,0.1538990746,0.1512512975,0.1477691480,0.1433733323,0.1379327637,0.1312334743,0.1229041732,0.1121496795,0.0967520512,0.0530764486,,,,,,,,,0.0530764486
171180,1.20000000,0.1571928500,0.1568181974,0.1557203603,0.1538638342,0.1512170709,0.1477362375,0.1433420552,0.1379034647,0.1312065437,0.1228800837,0.1121290877,0.0967361399,0.0530739870,,,,,,,,,0.0530739870
171240,1.20000000,0.1571563488,0.1567818423,0.1556844319,0.1538286230,0.1511828725,0.1477033540,0.1433108037,0.1378741893,0.1311796346,0.1228560131,0.1121085117,0.0967202406,0.0530715284,,,,,,,,,0.0530715284
171300,1.20000000,0.1571198781,0.1567455174,0.1556485333,0.1537934409,0.1511487024,0.1476704974,0.1432795775,0.1378449375,0.1311527469,0.1228319614,0.1120879515,0.0967043531,0.0530690730,,,,,,,,,0.0530690730
171360,1.20000000,0.1570834377,0.1567092228,0.1556126646,0.1537582880,0.1511145603,0.1476376678,0.1432483768,0.1378157092,0.1311258806,0.1228079285,0.1120674071,0.0966884776,0.0530666206,,,,,,,,,0.0530666206
171420,1.20000000,0.1570470276,0.1566729583,0.1555768256,0.1537231642,0.1510804464,0.1476048650,0.1432172014,0.1377865045,0.1310990357,0.1227839144,0.1120468785,0.0966726139,0.0530641712,,,,,,,,,0.0530641712
171480,1.20000000,0.1570106478,0.1566367240,0.1555410164,0.1536880694,0.1510463606,0.1475720891,0.1431860513,0.1377573233,0.1310722121,0.1227599192,0.1120263656,0.0966567620,0.0530617250,,,,,,,,,0.0530617250
171540,1.20000000,0.1569742983,0.1566005198,0.1555052368,0.1536530036,0.1510123029,0.1475393401,0.1431549265,0.1377281656,0.1310454098,0.1227359427,0.1120058685,0.0966409220,0.0530592818,,,,,,,,,0.0530592818
171600,1.20000000,0.1569379789,0.1565643457,0.1554694869,0.1536179668,0.1509782731,0.1475066178,0.1431238270,0.1376990313,0.1310186288,0.1227119850,0.1119853871,0.0966250938,0.0530568416,,,,,,,,,0.0530568416
171660,1.20000000,0.1569016897,0.1565282015,0.1554337666,0.1535829589,0.1509442714,0.1474739222,0.1430927527,0.1376699204,0.1309918691,0.1226880460,0.1119649214,0.0966092774,0.0530544045,,,,,,,,,0.0530544045
171720,1.20000000,0.1568654306,0.1564920874,0.1553980759,0.1535479799,0.1509102976,0.1474412534,0.1430617037,0.1376408329,0.1309651307,0.1226641258,0.1119444714,0.0965934729,0.0530519704,,,,,,,,,0.0530519704
171780,1.20000000,0.1568292017,0.1564560032,0.1553624148,0.1535130298,0.1508763517,0.1474086112,0.1430306797,0.1376117687,0.1309384134,0.1226402242,0.1119240371,0.0965776801,0.0530495394,,,,,,,,,0.0530495394
171840,1.20000000,0.1567930027,0.1564199489,0.1553267831,0.1534781086,0.1508424337,0.1473759957,0.1429996810,0.1375827279,0.1309117173,0.1226163413,0.1119036184,0.0965618990,0.0530471113,,,,,,,,,0.0530471113
171900,1.20000000,0.1567568338,0.1563839245,0.1552911809,0.1534432161,0.1508085435,0.1473434068,0.1429687073,0.1375537103,0.1308850424,0.1225924771,0.1118832154,0.0965461298,0.0530446864,,,,,,,,,0.0530446864
171960,1.20000000,0.1567206949,0.1563479299,0.1552556082,0.1534083523,0.1507746811,0.1473108445,0.1429377587,0.1375247161,0.1308583887,0.1225686315,0.1118628279,0.0965303722,0.0530422644,,,,,,,,,0.0530422644
172020,1.20000000,0.1566845858,0.1563119652,0.1552200648,0.1533735173,0.1507408465,0.1472783087,0.1429068351,0.1374957450,0.1308317560,0.1225448044,0.1118424561,0.0965146264,0.0530398454,,,,,,,,,0.0530398454
172080,1.20000000,0.1566485067,0.1562760301,0.1551845508,0.1533387110,0.1507070396,0.1472457994,0.1428759365,0.1374667972,0.1308051444,0.1225209960,0.1118220998,0.0964988924,0.0530374295,,,,,,,,,0.0530374295
172140,1.20000000,0.1566124574,0.1562401248,0.1551490661,0.1533039333,0.1506732604,0.1472133166,0.1428450630,0.1374378726,0.1307785539,0.1224972061,0.1118017590,0.0964831700,0.0530350166,,,,,,,,,0.0530350166
172200,1.20000000,0.1565764380,0.1562042492,0.1551136107,0.1532691842,0.1506395089,0.1471808603,0.1428142143,0.1374089711,0.1307519844,0.1224734347,0.1117814338,0.0964674593,0.0530326066,,,,,,,,,0.0530326066
172260,1.20000000,0.1565404483,0.1561684032,0.1550781845,0.1532344637,0.1506057850,0.1471484303,0.1427833906,0.1373800927,0.1307254358,0.1224496819,0.1117611242,0.0964517602,0.0530301997,,,,,,,,,0.0530301997
172320,1.20000000,0.1565044883,0.1561325868,0.1550427875,0.1531997717,0.1505720887,0.1471160268,0.1427525917,0.1373512374,0.1306989083,0.1224259475,0.1117408300,0.0964360729,0.0530277958,,,,,,,,,0.0530277958
172380,1.20000000,0.1564685581,0.1560967999,0.1550074197,0.1531651082,0.1505384199,0.1470836496,0.1427218177,0.1373224052,0.1306724017,0.1224022316,0.1117205513,0.0964203971,0.0530253948,,,,,,,,,0.0530253948
172440,1.20000000,0.1564326575,0.1560610426,0.1549720810,0.1531304731,0.1505047787,0.1470512987,0.1426910686,0.1372935960,0.1306459161,0.1223785341,0.1117002880,0.0964047331,0.0530229968,,,,,,,,,0.0530229968
172500,1.20000000,0.1563967866,0.1560253148,0.1549367714,0.1530958665,0.1504711650,0.1470189740,0.1426603442,0.1372648098,0.1306194513,0.1223548551,0.1116800402,0.0963890806,0.0530206018,,,,,,,,,0.0530206018
172560,1.20000000,0.1563609452,0.1559896164,0.1549014909,0.1530612883,0.1504375787,0.1469866756,0.1426296445,0.1372360466,0.1305930074,0.1223311944,0.1116598078,0.0963734397,0.0530182098,,,,,,,,,0.0530182098
172620,1.20000000,0.1563251334,0.1559539475,0.1548662393,0.1530267384,0.1504040198,0.1469544034,0.1425989696,0.1372073063,0.1305665844,0.1223075521,0.1116395908,0.0963578104,0.0530158207,,,,,,,,,0.0530158207
172680,1.20000000,0.1562893510,0.1559183079,0.1548310168,0.1529922168,0.1503704883,0.1469221574,0.1425683194,0.1371785890,0.1305401822,0.1222839282,0.1116193892,0.0963421927,0.0530134346,,,,,,,,,0.0530134346
172740,1.20000000,0.1562535982,0.1558826977,0.1547958232,0.1529577236,0.1503369841,0.1468899376,0.1425376938,0.1371498945,0.1305138008,0.1222603226,0.1115992030,0.0963265866,0.0530110515,,,,,,,,,0.0530110515
172800,1.20000000,0.1562178748,0.1558471167,0.1547606585,0.1529232585,0.1503035073,0.1468577438,0.1425070929,0.1371212229,0.1304874401,0.1222367353,0.1115790321,0.0963109920,0.0530086713,,,,,,,,,0.0530086713
172860,1.20000000,0.1561821808,0.1558115650,0.1547255226,0.1528888217,0.1502700577,0.1468255761,0.1424765166,0.1370925741,0.1304611002,0.1222131663,0.1115588765,0.0962954089,0.0530062940,,,,,,,,,0.0530062940
172920,1.20000000,0.1561465161,0.1557760426,0.1546904156,0.1528544130,0.1502366354,0.1467934345,0.1424459648,0.1370639482,0.1304347810,0.1221896155,0.1115387363,0.0962798374,0.0530039197,,,,,,,,,0.0530039197
172980,1.20000000,0.1561108808,0.1557405493,0.1546553374,0.1528200325,0.1502032403,0.1467613189,0.1424154376,0.1370353450,0.1304084825,0.1221660830,0.1115186113,0.0962642774,0.0530015483,,,,,,,,,0.0530015483
173040,1.20000000,0.1560752747,0.1557050852,0.1546202879,0.1527856800,0.1501698723,0.1467292292,0.1423849349,0.1370067645,0.1303822047,0.1221425687,0.1114985016,0.0962487288,0.0529991799,,,,,,,,,0.0529991799
173100,1.20000000,0.1560396979,0.1556696501,0.1545852672,0.1527513556,0.1501365315,0.1466971655,0.1423544567,0.1369782068,0.1303559475,0.1221190726,0.1114784072,0.0962331918,0.0529968144,,,,,,,,,0.0529968144
173160,1.20000000,0.1560041504,0.1556342442,0.1545502751,0.1527170593,0.1501032178,0.1466651277,0.1423240029,0.1369496717,0.1303297109,0.1220955947,0.1114583280,0.0962176662,0.0529944518,,,,,,,,,0.0529944518
173220,1.20000000,0.1559686319,0.1555988673,0.1545153117,0.1526827909,0.1500699311,0.1466331158,0.1422935735,0.1369211594,0.1303034949,0.1220721349,0.1114382640,0.0962021521,0.0529920921,,,,,,,,,0.0529920921
173280,1.20000000,0.1559331426,0.1555635194,0.1544803769,0.1526485505,0.1500366715,0.1466011298,0.1422631685,0.1368926696,0.1302772995,0.1220486932,0.1114182152,0.0961866494,0.0529897353,,,,,,,,,0.0529897353
173340,1.20000000,0.1558976825,0.1555282004,0.1544454706,0.1526143380,0.1500034389,0.1465691695,0.1422327879,0.1368642025,0.1302511246,0.1220252697,0.1113981817,0.0961711581,0.0529873815,,,,,,,,,0.0529873815
173400,1.20000000,0.1558622513,0.1554929104,0.1544105929,0.1525801534,0.1499702333,0.1465372350,0.1422024316,0.1368357579,0.1302249702,0.1220018642,0.1113781632,0.0961556783,0.0529850305,,,,,,,,,0.0529850305
173460,1.20000000,0.1558268492,0.1554576493,0.1543757438,0.1525459967,0.1499370546,0.1465053263,0.1421720996,0.1368073359,0.1301988364,0.1219784768,0.1113581599,0.0961402099,0.0529826825,,,,,,,,,0.0529826825
173520,1.20000000,0.1557914761,0.1554224170,0.1543409230,0.1525118677,0.1499039028,0.1464734433,0.1421417918,0.1367789364,0.1301727229,0.1219551074,0.1113381718,0.0961247528,0.0529803373,,,,,,,,,0.0529803373
173580,1.20000000,0.1557561319,0.1553872136,0.1543061307,0.1524777666,0.1498707778,0.1464415860,0.1421115083,0.1367505594,0.1301466300,0.1219317560,0.1113181987,0.0961093071,0.0529779950,,,,,,,,,0.0529779950
173640,1.20000000,0.1557208167,0.1553520389,0.1542713668,0.1524436931,0.1498376797,0.1464097543,0.1420812490,0.1367222049,0.1301205574,0.1219084227,0.1112982408,0.0960938728,0.0529756556,,,,,,,,,0.0529756556
173700,1.20000000,0.1556855303,0.1553168930,0.1542366312,0.1524096474,0.1498046084,0.1463779483,0.1420510138,0.1366938728,0.1300945052,0.1218851073,0.1112782979,0.0960784499,0.0529733191,,,,,,,,,0.0529733191
173760,1.20000000,0.1556502727,0.1552817757,0.1542019240,0.1523756294,0.1497715638,0.1463461678,0.1420208028,0.1366655631,0.1300684734,0.1218618099,0.1112583701,0.0960630382,0.0529709855,,,,,,,,,0.0529709855
173820,1.20000000,0.1556150440,0.1552466872,0.1541672450,0.1523416390,0.1497385460,0.1463144129,0.1419906159,0.1366372758,0.1300424619,0.1218385303,0.1112384573,0.0960476379,0.0529686547,,,,,,,,,0.0529686547
173880,1.20000000,0.1555798440,0.1552116273,0.1541325943,0.1523076762,0.1497055548,0.1462826835,0.1419604531,0.1366090108,0.1300164707,0.1218152687,0.1112185595,0.0960322489,0.0529663268,,,,,,,,,0.0529663268
173940,1.20000000,0.1555446727,0.1551765959,0.1540979718,0.1522737409,0.1496725903,0.1462509796,0.1419303144,0.1365807682,0.1299904999,0.1217920250,0.1111986768,0.0960168712,0.0529640017,,,,,,,,,0.0529640017
174000,1.20000000,0.1555095302,0.1551415932,0.1540633775,0.1522398332,0.1496396525,0.1462193012,0.1419001996,0.1365525479,0.1299645492,0.1217687992,0.1111788090,0.0960015048,0.0529616795,,,,,,,,,0.0529616795
174060,1.20000000,0.1554744163,0.1551066189,0.1540288113,0.1522059530,0.1496067412,0.1461876482,0.1418701089,0.1365243498,0.1299386189,0.1217455912,0.1111589562,0.0959861496,0.0529593602,,,,,,,,,0.0529593602
174120,1.20000000,0.1554393310,0.1550716731,0.1539942733,0.1521721003,0.1495738565,0.1461560206,0.1418400421,0.1364961740,0.1299127087,0.1217224010,0.1111391183,0.0959708057,0.0529570437,,,,,,,,,0.0529570437
174180,1.20000000,0.1554042743,0.1550367558,0.1539597633,0.1521382749,0.1495409984,0.1461244183,0.1418099992,0.1364680204,0.1298868187,0.1216992286,0.1111192954,0.0959554731,0.0529547300,,,,,,,,,0.0529547300
174240,1.20000000,0.1553692461,0.1550018669,0.1539252813,0.1521044770,0.1495081667,0.1460928414,0.1417799803,0.1364398890,0.1298609489,0.1216760740,0.1110994873,0.0959401516,0.0529524192,,,,,,,,,0.0529524192
174300,1.20000000,0.1553342465,0.1549670064,0.1538908273,0.1520707064,0.1494753615,0.1460612898,0.1417499852,0.1364117797,0.1298350992,0.1216529371,0.1110796942,0.0959248414,0.0529501112,,,,,,,,,0.0529501112
174360,1.20000000,0.1552992753,0.1549321743,0.1538564013,0.1520369632,0.1494425827,0.1460297635,0.1417200139,0.1363836926,0.1298092697,0.1216298180,0.1110599159,0.0959095424,0.0529478061,,,,,,,,,0.0529478061
174420,1.20000000,0.1552643326,0.1548973704,0.1538220032,0.1520032472,0.1494098302,0.1459982623,0.1416900665,0.1363556276,0.1297834602,0.1216067166,0.1110401525,0.0958942546,0.0529455037,,,,,,,,,0.0529455037
174480,1.20000000,0.1552294182,0.1548625948,0.1537876330,0.1519695585,0.1493771042,0.1459667864,0.1416601429,0.1363275846,0.1297576708,0.1215836329,0.1110204040,0.0958789780,0.0529432042,,,,,,,,,0.0529432042
174540,1.20000000,0.1551945323,0.1548278475,0.1537532907,0.1519358971,0.1493444045,0.1459353357,0.1416302430,0.1362995638,0.1297319014,0.1215605669,0.1110006703,0.0958637125,0.0529409075,,,,,,,,,0.0529409075
174600,1.20000000,0.1551596746,0.1547931283,0.1537189762,0.1519022628,0.1493117311,0.1459039101,0.1416003668,0.1362715649,0.1297061521,0.1215375185,0.1109809513,0.0958484582,0.0529386136,,,,,,,,,0.0529386136
174660,1.20000000,0.1551248453,0.1547584373,0.1536846894,0.1518686556,0.1492790839,0.1458725096,0.1415705143,0.1362435880,0.1296804227,0.1215144877,0.1109612472,0.0958332150,0.0529363225,,,,,,,,,0.0529363225
174720,1.20000000,0.1550900442,0.1547237744,0.1536504304,0.1518350756,0.1492464630,0.1458411342,0.1415406855,0.1362156331,0.1296547133,0.1214914746,0.1109415578,0.0958179830,0.0529340342,,,,,,,,,0.0529340342
174780,1.20000000,0.1550552713,0.1546891397,0.1536161992,0.1518015227,0.1492138682,0.1458097838,0.1415108803,0.1361877002,0.1296290239,0.1214684790,0.1109218832,0.0958027620,0.0529317487,,,,,,,,,0.0529317487
174840,1.20000000,0.1550205267,0.1546545330,0.1535819956,0.1517679968,0.1491812996,0.1457784585,0.1414810987,0.1361597891,0.1296033543,0.1214455010,0.1109022233,0.0957875522,0.0529294660,,,,,,,,,0.0529294660
174900,1.20000000,0.1549858101,0.1546199543,0.1535478197,0.1517344979,0.1491487572,0.1457471581,0.1414513408,0.1361319000,0.1295777047,0.1214225405,0.1108825782,0.0957723534,0.0529271860,,,,,,,,,0.0529271860
174960,1.20000000,0.1549511217,0.1545854036,0.1535136713,0.1517010260,0.1491162408,0.1457158827,0.1414216063,0.1361040327,0.1295520749,0.1213995976,0.1108629477,0.0957571658,0.0529249089,,,,,,,,,0.0529249089
175020,1.20000000,0.1549164614,0.1545508808,0.1534795506,0.1516675810,0.1490837505,0.1456846323,0.1413918954,0.1360761872,0.1295264650,0.1213766721,0.1108433320,0.0957419891,0.0529226345,,,,,,,,,0.0529226345
175080,1.20000000,0.1548818291,0.1545163860,0.1534454574,0.1516341630,0.1490512863,0.1456534067,0.1413622079,0.1360483636,0.1295008749,0.1213537642,0.1108237309,0.0957268236,0.0529203629,,,,,,,,,0.0529203629
175140,1.20000000,0.1548472248,0.1544819190,0.1534113917,0.1516007719,0.1490188480,0.1456222059,0.1413325439,0.1360205617,0.1294753046,0.1213308737,0.1108041444,0.0957116690,0.0529180941,,,,,,,,,0.0529180941
175200,1.20000000,0.1548126485,0.1544474799,0.1533773534,0.1515674075,0.1489864357,0.1455910300,0.1413029034,0.1359927816,0.1294497541,0.1213080006,0.1107845726,0.0956965255,0.0529158280,,,,,,,,,0.0529158280
175260,1.20000000,0.1547781001,0.1544130686,0.1533433426,0.1515340700,0.1489540493,0.1455598789,0.1412732862,0.1359650232,0.1294242233,0.1212851449,0.1107650154,0.0956813930,0.0529135647,,,,,,,,,0.0529135647
175320,1.20000000,0.1547435797,0.1543786851,0.1533093592,0.1515007593,0.1489216889,0.1455287526,0.1412436925,0.1359372866,0.1293987123,0.1212623067,0.1107454727,0.0956662715,0.0529113041,,,,,,,,,0.0529113041
175380,1.20000000,0.1547090871,0.1543443293,0.1532754032,0.1514674754,0.1488893543,0.1454976510,0.1412141220,0.1359095715,0.1293732209,0.1212394858,0.1107259447,0.0956511610,0.0529090463,,,,,,,,,0.0529090463
175440,1.20000000,0.1546746223,0.1543100012,0.1532414745,0.1514342181,0.1488570455,0.1454665741,0.1411845749,0.1358818782,0.1293477492,0.1212166823,0.1107064312,0.0956360615,0.0529067912,,,,,,,,,0.0529067912
175500,1.20000000,0.1546401854,0.1542757008,0.1532075732,0.1514009875,0.1488247626,0.1454355219,0.1411550511,0.1358542064,0.1293222972,0.1211938961,0.1106869323,0.0956209729,0.0529045389,,,,,,,,,0.0529045389
175560,1.20000000,0.1546057762,0.1542414281,0.1531736990,0.1513677836,0.1487925054,0.1454044943,0.1411255505,0.1358265563,0.1292968648,0.1211711272,0.1106674479,0.0956058953,0.0529022893,,,,,,,,,0.0529022893
175620,1.20000000,0.1545713947,0.1542071829,0.1531398521,0.1513346062,0.1487602739,0.1453734914,0.1410960732,0.1357989277,0.1292714520,0.1211483756,0.1106479780,0.0955908286,0.0529000425,,,,,,,,,0.0529000425
175680,1.20000000,0.1545370409,0.1541729653,0.1531060325,0.1513014555,0.1487280682,0.1453425130,0.1410666190,0.1357713207,0.1292460588,0.1211256413,0.1106285226,0.0955757728,0.0528977983,,,,,,,,,0.0528977983
175740,1.20000000,0.1545027148,0.1541387752,0.1530722399,0.1512683313,0.1486958881,0.1453115592,0.1410371880,0.1357437352,0.1292206852,0.1211029243,0.1106090817,0.0955607279,0.0528955569,,,,,,,,,0.0528955569
175800,1.20000000,0.1544684163,0.1541046127,0.1530384745,0.1512352336,0.1486637337,0.1452806299,0.1410077802,0.1357161711,0.1291953310,0.1210802244,0.1105896552,0.0955456940,0.0528933182,,,,,,,,,0.0528933182
175860,1.20000000,0.1544341454,0.1540704776,0.1530047362,0.1512021624,0.1486316049,0.1452497251,0.1409783955,0.1356886286,0.1291699964,0.1210575418,0.1105702432,0.0955306709,0.0528910822,,,,,,,,,0.0528910822
175920,1.20000000,0.1543999021,0.1540363699,0.1529710250,0.1511691176,0.1485995017,0.1452188448,0.1409490339,0.1356611074,0.1291446813,0.1210348764,0.1105508456,0.0955156587,0.0528888490,,,,,,,,,0.0528888490
175980,1.20000000,0.1543656862,0.1540022896,0.1529373408,0.1511360993,0.1485674240,0.1451879888,0.1409196953,0.1356336077,0.1291193857,0.1210122281,0.1105314625,0.0955006573,0.0528866184,,,,,,,,,0.0528866184
176040,1.20000000,0.1543314979,0.1539682367,0.1529036835,0.1511031073,0.1485353718,0.1451571573,0.1408903797,0.1356061294,0.1290941095,0.1209895970,0.1105120937,0.0954856668,0.0528843905,,,,,,,,,0.0528843905
176100,1.20000000,0.1542973370,0.1539342111,0.1528700533,0.1510701417,0.1485033452,0.1451263502,0.1408610872,0.1355786724,0.1290688527,0.1209669830,0.1104927393,0.0954706872,0.0528821653,,,,,,,,,0.0528821653
176160,1.20000000,0.1542632035,0.1539002128,0.1528364499,0.1510372023,0.1484713439,0.1450955674,0.1408318176,0.1355512367,0.1290436153,0.1209443861,0.1104733992,0.0954557183,0.0528799429,,,,,,,,,0.0528799429
176220,1.20000000,0.1542290974,0.1538662417,0.1528028735,0.1510042893,0.1484393681,0.1450648089,0.1408025710,0.1355238224,0.1290183972,0.1209218063,0.1104540735,0.0954407603,0.0528777231,,,,,,,,,0.0528777231
176280,1.20000000,0.1541950187,0.1538322979,0.1527693239,0.1509714025,0.1484074177,0.1450340747,0.1407733473,0.1354964293,0.1289931985,0.1208992435,0.1104347621,0.0954258130,0.0528755059,,,,,,,,,0.0528755059
176340,1.20000000,0.1541609672,0.1537983813,0.1527358012,0.1509385420,0.1483754927,0.1450033648,0.1407441465,0.1354690575,0.1289680192,0.1208766978,0.1104154650,0.0954108766,0.0528732915,,,,,,,,,0.0528732915
176400,1.20000000,0.1541269431,0.1537644918,0.1527023052,0.1509057076,0.1483435929,0.1449726790,0.1407149685,0.1354417069,0.1289428591,0.1208541692,0.1103961822,0.0953959509,0.0528710798,,,,,,,,,0.0528710798
176460,1.20000000,0.1540929462,0.1537306294,0.1526688360,0.1508728993,0.1483117185,0.1449420175,0.1406858134,0.1354143775,0.1289177183,0.1208316575,0.1103769137,0.0953810360,0.0528688707,,,,,,,,,0.0528688707
176520,1.20000000,0.1540589765,0.1536967942,0.1526353935,0.1508401172,0.1482798693,0.1449113801,0.1406566810,0.1353870693,0.1288925968,0.1208091628,0.1103576594,0.0953661318,0.0528666642,,,,,,,,,0.0528666642
176580,1.20000000,0.1540250340,0.1536629859,0.1526019777,0.1508073612,0.1482480454,0.1448807669,0.1406275715,0.1353597823,0.1288674944,0.1207866851,0.1103384194,0.0953512384,0.0528644605,,,,,,,,,0.0528644605
176640,1.20000000,0.1539911186,0.1536292047,0.1525685886,0.1507746312,0.1482162466,0.1448501777,0.1405984847,0.1353325164,0.1288424113,0.1207642243,0.1103191936,0.0953363556,0.0528622594,,,,,,,,,0.0528622594
176700,1.20000000,0.1539572303,0.1535954505,0.1525352261,0.1507419272,0.1481844730,0.1448196126,0.1405694206,0.1353052715,0.1288173474,0.1207417805,0.1102999820,0.0953214836,0.0528600609,,,,,,,,,0.0528600609
176760,1.20000000,0.1539233692,0.1535617233,0.1525018902,0.1507092493,0.1481527246,0.1447890716,0.1405403792,0.1352780478,0.1287923027,0.1207193535,0.1102807846,0.0953066223,0.0528578651,,,,,,,,,0.0528578651
176820,1.20000000,0.1538895350,0.1535280229,0.1524685808,0.1506765972,0.1481210013,0.1447585546,0.1405113605,0.1352508451,0.1287672770,0.1206969435,0.1102616014,0.0952917717,0.0528556719,,,,,,,,,0.0528556719
176880,1.20000000,0.1538557279,0.1534943495,0.1524352980,0.1506439711,0.1480893030,0.1447280616,0.1404823644,0.1352236634,0.1287422705,0.1206745503,0.1102424323,0.0952769318,0.0528534814,,,,,,,,,0.0528534814
176940,1.20000000,0.1538219477,0.1534607029,0.1524020416,0.1506113709,0.1480576298,0.1446975925,0.1404533909,0.1351965027,0.1287172831,0.1206521739,0.1102232774,0.0952621025,0.0528512935,,,,,,,,,0.0528512935
177000,1.20000000,0.1537881945,0.1534270831,0.1523688118,0.1505787966,0.1480259816,0.1446671473,0.1404244400,0.1351693630,0.1286923148,0.1206298144,0.1102041366,0.0952472839,0.0528491083,,,,,,,,,0.0528491083
177060,1.20000000,0.1537544682,0.1533934901,0.1523356083,0.1505462481,0.1479943584,0.1446367260,0.1403955116,0.1351422442,0.1286673654,0.1206074716,0.1101850099,0.0952324759,0.0528469256,,,,,,,,,0.0528469256
177120,1.20000000,0.1537207688,0.1533599239,0.1523024313,0.1505137254,0.1479627602,0.1446063286,0.1403666058,0.1351151463,0.1286424352,0.1205851457,0.1101658973,0.0952176785,0.0528447456,,,,,,,,,0.0528447456
177180,1.20000000,0.1536870962,0.1533263843,0.1522692806,0.1504812284,0.1479311869,0.1445759551,0.1403377225,0.1350880694,0.1286175239,0.1205628365,0.1101467987,0.0952028918,0.0528425682,,,,,,,,,0.0528425682
177240,1.20000000,0.1536534504,0.1532928715,0.1522361562,0.1504487572,0.1478996384,0.1445456053,0.1403088616,0.1350610133,0.1285926316,0.1205405441,0.1101277142,0.0951881156,0.0528403935,,,,,,,,,0.0528403935
177300,1.20000000,0.1536198314,0.1532593853,0.1522030581,0.1504163117,0.1478681148,0.1445152794,0.1402800232,0.1350339780,0.1285677582,0.1205182683,0.1101086438,0.0951733501,0.0528382213,,,,,,,,,0.0528382213
177360,1.20000000,0.1535862391,0.1532259257,0.1521699863,0.1503838918,0.1478366161,0.1444849771,0.1402512072,0.1350069636,0.1285429038,0.1204960093,0.1100895874,0.0951585951,0.0528360517,,,,,,,,,0.0528360517
177420,1.20000000,0.1535526735,0.1531924928,0.1521369408,0.1503514976,0.1478051421,0.1444546986,0.1402224136,0.1349799700,0.1285180683,0.1204737670,0.1100705450,0.0951438507,0.0528338848,,,,,,,,,0.0528338848
177480,1.20000000,0.1535191346,0.1531590863,0.1521039214,0.1503191290,0.1477736930,0.1444244438,0.1401936424,0.1349529971,0.1284932516,0.1204515413,0.1100515166,0.0951291168,0.0528317204,,,,,,,,,0.0528317204
177540,1.20000000,0.1534856224,0.1531257064,0.1520709282,0.1502867859,0.1477422685,0.1443942126,0.1401648935,0.1349260450,0.1284684539,0.1204293323,0.1100325022,0.0951143935,0.0528295586,,,,,,,,,0.0528295586
177600,1.20000000,0.1534521368,0.1530923530,0.1520379611,0.1502544684,0.1477108688,0.1443640051,0.1401361669,0.1348991136,0.1284436749,0.1204071399,0.1100135017,0.0950996807,0.0528273994,,,,,,,,,0.0528273994
177660,1.20000000,0.1534186777,0.1530590260,0.1520050201,0.1502221764,0.1476794937,0.1443338212,0.1401074626,0.1348722029,0.1284189148,0.1203849641,0.1099945152,0.0950849784,0.0528252428,,,,,,,,,0.0528252428
177720,1.20000000,0.1533852452,0.1530257255,0.1519721052,0.1501899099,0.1476481433,0.1443036608,0.1400787805,0.1348453129,0.1283941735,0.1203628049,0.1099755426,0.0950702866,0.0528230888,,,,,,,,,0.0528230888
177780,1.20000000,0.1533518392,0.1529924513,0.1519392164,0.1501576688,0.1476168175,0.1442735240,0.1400501206,0.1348184435,0.1283694510,0.1203406623,0.1099565839,0.0950556054,0.0528209374,,,,,,,,,0.0528209374
177840,1.20000000,0.1533184596,0.1529592035,0.1519063535,0.1501254532,0.1475855163,0.1442434107,0.1400214830,0.1347915947,0.1283447472,0.1203185362,0.1099376391,0.0950409346,0.0528187885,,,,,,,,,0.0528187885
177900,1.20000000,0.1532851065,0.1529259820,0.1518735166,0.1500932629,0.1475542397,0.1442133209,0.1399928675,0.1347647665,0.1283200621,0.1202964266,0.1099187082,0.0950262743,0.0528166422,,,,,,,,,0.0528166422
177960,1.20000000,0.1532517799,0.1528927869,0.1518407057,0.1500610980,0.1475229875,0.1441832546,0.1399642742,0.1347379589,0.1282953958,0.1202743335,0.1098997911,0.0950116244,0.0528144985,,,,,,,,,0.0528144985
178020,1.20000000,0.1532184796,0.1528596179,0.1518079206,0.1500289584,0.1474917599,0.1441532117,0.1399357030,0.1347111718,0.1282707481,0.1202522570,0.1098808879,0.0949969850,0.0528123573,,,,,,,,,0.0528123573
178080,1.20000000,0.1531852056,0.1528264752,0.1517751615,0.1499968441,0.1474605568,0.1441231922,0.1399071539,0.1346844053,0.1282461191,0.1202301969,0.1098619985,0.0949823560,0.0528102187,,,,,,,,,0.0528102187
178140,1.20000000,0.1531519580,0.1527933587,0.1517424282,0.1499647551,0.1474293780,0.1440931961,0.1398786268,0.1346576592,0.1282215087,0.1202081532,0.1098431230,0.0949677374,0.0528080826,,,,,,,,,0.0528080826
178200,1.20000000,0.1531187366,0.1527602684,0.1517097206,0.1499326912,0.1473982237,0.1440632233,0.1398501218,0.1346309336,0.1281969170,0.1201861260,0.1098242612,0.0949531293,0.0528059491,,,,,,,,,0.0528059491
178260,1.20000000,0.1530855415,0.1527272042,0.1516770389,0.1499006526,0.1473670938,0.1440332738,0.1398216388,0.1346042285,0.1281723438,0.1201641152,0.1098054132,0.0949385315,0.0528038181,,,,,,,,,0.0528038181
178320,1.20000000,0.1530523726,0.1526941661,0.1516443830,0.1498686392,0.1473359882,0.1440033476,0.1397931778,0.1345775438,0.1281477892,0.1201421207,0.1097865790,0.0949239442,0.0528016897,,,,,,,,,0.0528016897
178380,1.20000000,0.1530192299,0.1526611540,0.1516117527,0.1498366509,0.1473049069,0.1439734447,0.1397647387,0.1345508795,0.1281232532,0.1201201427,0.1097677586,0.0949093672,0.0527995638,,,,,,,,,0.0527995638
178440,1.20000000,0.1529861134,0.1526281680,0.1515791481,0.1498046876,0.1472738499,0.1439435650,0.1397363216,0.1345242355,0.1280987357,0.1200981810,0.1097489518,0.0948948006,0.0527974404,,,,,,,,,0.0527974404
178500,1.20000000,0.1529530229,0.1525952080,0.1515465692,0.1497727495,0.1472428172,0.1439137085,0.1397079264,0.1344976119,0.1280742366,0.1200762356,0.1097301588,0.0948802443,0.0527953195,,,,,,,,,0.0527953195
178560,1.20000000,0.1529199586,0.1525622739,0.1515140159,0.1497408364,0.1472118087,0.1438838752,0.1396795530,0.1344710086,0.1280497561,0.1200543065,0.1097113795,0.0948656984,0.0527932012,,,,,,,,,0.0527932012
178620,1.20000000,0.1528869203,0.1525293658,0.1514814882,0.1497089483,0.1471808243,0.1438540650,0.1396512015,0.1344444256,0.1280252941,0.1200323938,0.1096926139,0.0948511627,0.0527910854,,,,,,,,,0.0527910854
178680,1.20000000,0.1528539080,0.1524964836,0.1514489861,0.1496770852,0.1471498642,0.1438242780,0.1396228719,0.1344178629,0.1280008504,0.1200104973,0.1096738620,0.0948366375,0.0527889721,,,,,,,,,0.0527889721
178740,1.20000000,0.1528209217,0.1524636273,0.1514165095,0.1496452471,0.1471189282,0.1437945140,0.1395945640,0.1343913205,0.1279764252,0.1199886171,0.1096551237,0.0948221225,0.0527868613,,,,,,,,,0.0527868613
178800,1.20000000,0.1527879614,0.1524307968,0.1513840584,0.1496134339,0.1470880163,0.1437647731,0.1395662779,0.1343647982,0.1279520184,0.1199667531,0.1096363990,0.0948076178,0.0527847531,,,,,,,,,0.0527847531
178860,1.20000000,0.1527550270,0.1523979921,0.1513516327,0.1495816455,0.1470571285,0.1437350553,0.1395380135,0.1343382962,0.1279276300,0.1199449053,0.1096176880,0.0947931234,0.0527826473,,,,,,,,,0.0527826473
178920,1.20000000,0.1527221185,0.1523652132,0.1513192325,0.1495498820,0.1470262647,0.1437053604,0.1395097709,0.1343118144,0.1279032599,0.1199230737,0.1095989906,0.0947786393,0.0527805440,,,,,,,,,0.0527805440
178980,1.20000000,0.1526892359,0.1523324601,0.1512868577,0.1495181434,0.1469954250,0.1436756885,0.1394815500,0.1342853527,0.1278789082,0.1199012583,0.1095803068,0.0947641654,0.0527784433,,,,,,,,,0.0527784433
179040,1.20000000,0.1526563791,0.1522997326,0.1512545083,0.1494864295,0.1469646092,0.1436460396,0.1394533507,0.1342589111,0.1278545747,0.1198794591,0.1095616365,0.0947497018,0.0527763450,,,,,,,,,0.0527763450
179100,1.20000000,0.1526235481,0.1522670309,0.1512221842,0.1494547405,0.1469338175,0.1436164136,0.1394251731,0.1342324896,0.1278302596,0.1198576760,0.1095429798,0.0947352484,0.0527742492,,,,,,,,,0.0527742492
179160,1.20000000,0.1525907429,0.1522343547,0.1511898854,0.1494230761,0.1469030496,0.1435868105,0.1393970170,0.1342060882,0.1278059627,0.1198359090,0.1095243367,0.0947208052,0.0527721559,,,,,,,,,0.0527721559
179220,1.20000000,0.1525579634,0.1522017043,0.1511576119,0.1493914365,0.1468723057,0.1435572302,0.1393688826,0.1341797069,0.1277816840,0.1198141582,0.1095057071,0.0947063723,0.0527700650,,,,,,,,,0.0527700650
179280,1.20000000,0.1525252096,0.1521690794,0.1511253636,0.1493598215,0.1468415856,0.1435276728,0.1393407698,0.1341533456,0.1277574236,0.1197924234,0.1094870910,0.0946919495,0.0527679767,,,,,,,,,0.0527679767
179340,1.20000000,0.1524924815,0.1521364800,0.1510931406,0.1493282312,0.1468108894,0.1434981382,0.1393126784,0.1341270043,0.1277331814,0.1197707047,0.1094684884,0.0946775369,0.0527658908,,,,,,,,,0.0527658908
179400,1.20000000,0.1524597790,0.1521039062,0.1510609427,0.1492966655,0.1467802170,0.1434686264,0.1392846086,0.1341006830,0.1277089573,0.1197490020,0.1094498993,0.0946631346,0.0527638074,,,,,,,,,0.0527638074
179460,1.20000000,0.1524271022,0.1520713579,0.1510287700,0.1492651244,0.1467495683,0.1434391374,0.1392565603,0.1340743817,0.1276847515,0.1197273154,0.1094313236,0.0946487424,0.0527617264,,,,,,,,,0.0527617264
179520,1.20000000,0.1523944509,0.1520388350,0.1509966225,0.1492336079,0.1467189435,0.1434096711,0.1392285334,0.1340481003,0.1276605637,0.1197056448,0.1094127614,0.0946343603,0.0527596479,,,,,,,,,0.0527596479
179580,1.20000000,0.1523618252,0.1520063376,0.1509645000,0.1492021159,0.1466883424,0.1433802275,0.1392005280,0.1340218388,0.1276363941,0.1196839901,0.1093942127,0.0946199884,0.0527575719,,,,,,,,,0.0527575719
179640,1.20000000,0.1523292249,0.1519738656,0.1509324026,0.1491706483,0.1466577649,0.1433508065,0.1391725440,0.1339955972,0.1276122425,0.1196623515,0.1093756774,0.0946056266,0.0527554983,,,,,,,,,0.0527554983
179700,1.20000000,0.1522966502,0.1519414189,0.1509003302,0.1491392053,0.1466272112,0.1433214082,0.1391445813,0.1339693754,0.1275881091,0.1196407288,0.1093571554,0.0945912749,0.0527534271,,,,,,,,,0.0527534271
179760,1.20000000,0.1522641009,0.1519089976,0.1508682828,0.1491077867,0.1465966811,0.1432920325,0.1391166400,0.1339431735,0.1275639937,0.1196191220,0.1093386469,0.0945769334,0.0527513584,,,,,,,,,0.0527513584
179820,1.20000000,0.1522315771,0.1518766016,0.1508362604,0.1490763925,0.1465661746,0.1432626795,0.1390887201,0.1339169915,0.1275398963,0.1195975312,0.1093201517,0.0945626019,0.0527492922,,,,,,,,,0.0527492922
179880,1.20000000,0.1521990786,0.1518442309,0.1508042630,0.1490450226,0.1465356917,0.1432333489,0.1390608214,0.1338908292,0.1275158169,0.1195759562,0.1093016699,0.0945482806,0.0527472283,,,,,,,,,0.0527472283
179940,1.20000000,0.1521666055,0.1518118854,0.1507722904,0.1490136772,0.1465052323,0.1432040410,0.1390329441,0.1338646867,0.1274917555,0.1195543972,0.1092832015,0.0945339693,0.0527451670,,,,,,,,,0.0527451670
180000,1.20000000,0.1521341578,0.1517795652,0.1507403428,0.1489823560,0.1464747965,0.1431747555,0.1390050880,0.1338385639,0.1274677121,0.1195328540,0.1092647464,0.0945196681,0.0527431080,,,,,,,,,0.0527431080
180060,1.20000000,0.1521017353,0.1517472701,0.1507084199,0.1489510592,0.1464443842,0.1431454925,0.1389772531,0.1338124609,0.1274436866,0.1195113266,0.1092463045,0.0945053769,0.0527410515,,,,,,,,,0.0527410515
180120,1.20000000,0.1520693381,0.1517150002,0.1506765220,0.1489197865,0.1464139954,0.1431162520,0.1389494394,0.1337863775,0.1274196790,0.1194898150,0.1092278760,0.0944910958,0.0527389973,,,,,,,,,0.0527389973
180180,1.20000000,0.1520369662,0.1516827554,0.1506446487,0.1488885382,0.1463836300,0.1430870339,0.1389216469,0.1337603139,0.1273956894,0.1194683193,0.1092094608,0.0944768247,0.0527369456,,,,,,,,,0.0527369456
180240,1.20000000,0.1520046194,0.1516505357,0.1506128003,0.1488573140,0.1463532880,0.1430578382,0.1388938755,0.1337342699,0.1273717176,0.1194468394,0.1091910588,0.0944625636,0.0527348964,,,,,,,,,0.0527348964
180300,1.20000000,0.1519722948,0.1516183380,0.1505809736,0.1488261111,0.1463229666,0.1430286622,0.1388661228,0.1337082431,0.1273477615,0.1194253733,0.1091726685,0.0944483114,0.0527328492,,,,,,,,,0.0527328492
180360,1.20000000,0.1519399923,0.1515861624,0.1505491686,0.1487949294,0.1462926657,0.1429995058,0.1388383886,0.1336822336,0.1273238212,0.1194039211,0.1091542899,0.0944340679,0.0527308044,,,,,,,,,0.0527308044
180420,1.20000000,0.1519077150,0.1515540117,0.1505173883,0.1487637719,0.1462623882,0.1429703718,0.1388106754,0.1336562437,0.1272998986,0.1193824846,0.1091359244,0.0944198344,0.0527287619,,,,,,,,,0.0527287619
180480,1.20000000,0.1518754627,0.1515218861,0.1504856327,0.1487326384,0.1462321340,0.1429412600,0.1387829834,0.1336302734,0.1272759938,0.1193610638,0.1091175722,0.0944056109,0.0527267219,,,,,,,,,0.0527267219
180540,1.20000000,0.1518432355,0.1514897854,0.1504539017,0.1487015290,0.1462019030,0.1429121706,0.1387553124,0.1336043226,0.1272521069,0.1193396588,0.1090992332,0.0943913973,0.0527246842,,,,,,,,,0.0527246842
180600,1.20000000,0.1518110333,0.1514577096,0.1504221953,0.1486704437,0.1461716954,0.1428831034,0.1387276623,0.1335783913,0.1272282377,0.1193182694,0.1090809073,0.0943771938,0.0527226490,,,,,,,,,0.0527226490
180660,1.20000000,0.1517788562,0.1514256587,0.1503905134,0.1486393823,0.1461415109,0.1428540584,0.1387000333,0.1335524796,0.1272043862,0.1192968957,0.1090625947,0.0943630001,0.0527206161,,,,,,,,,0.0527206161
180720,1.20000000,0.1517467040,0.1513936327,0.1503588561,0.1486083450,0.1461113497,0.1428250357,0.1386724253,0.1335265873,0.1271805525,0.1192755376,0.1090442951,0.0943488164,0.0527185857,,,,,,,,,0.0527185857
180780,1.20000000,0.1517145768,0.1513616315,0.1503272233,0.1485773315,0.1460812117,0.1427960351,0.1386448381,0.1335007145,0.1271567365,0.1192541952,0.1090260088,0.0943346426,0.0527165576,,,,,,,,,0.0527165576
180840,1.20000000,0.1516824745,0.1513296552,0.1502956149,0.1485463421,0.1460510968,0.1427670566,0.1386172719,0.1334748611,0.1271329381,0.1192328684,0.1090077355,0.0943204788,0.0527145319,,,,,,,,,0.0527145319
180900,1.20000000,0.1516503970,0.1512977036,0.1502640310,0.1485153765,0.1460210050,0.1427381003,0.1385897266,0.1334490271,0.1271091574,0.1192115572,0.1089894754,0.0943063248,0.0527125086,,,,,,,,,0.0527125086
180960,1.20000000,0.1516183444,0.1512657767,0.1502324715,0.1484844347,0.1459909363,0.1427091660,0.1385622021,0.1334232125,0.1270853944,0.1191902615,0.1089712283,0.0942921807,0.0527104876,,,,,,,,,0.0527104876
181020,1.20000000,0.1515863167,0.1512338745,0.1502009364,0.1484535168,0.1459608906,0.1426802539,0.1385346985,0.1333974172,0.1270616489,0.1191689815,0.1089529943,0.0942780466,0.0527084690,,,,,,,,,0.0527084690
181080,1.20000000,0.1515543137,0.1512019971,0.1501694257,0.1484226228,0.1459308680,0.1426513637,0.1385072157,0.1333716413,0.1270379211,0.1191477169,0.1089347734,0.0942639222,0.0527064528,,,,,,,,,0.0527064528
181140,1.20000000,0.1515223355,0.1511701443,0.1501379392,0.1483917525,0.1459008685,0.1426224956,0.1384797537,0.1333458848,0.1270142108,0.1191264679,0.1089165656,0.0942498078,0.0527044389,,,,,,,,,0.0527044389
181200,1.20000000,0.1514903821,0.1511383161,0.1501064771,0.1483609059,0.1458708918,0.1425936495,0.1384523124,0.1333201475,0.1269905181,0.1191052344,0.1088983707,0.0942357031,0.0527024273,,,,,,,,,0.0527024273
181260,1.20000000,0.1514584533,0.1511065125,0.1500750393,0.1483300831,0.1458409382,0.1425648253,0.1384248919,0.1332944295,0.1269668430,0.1190840164,0.1088801889,0.0942216084,0.0527004182,,,,,,,,,0.0527004182
181320,1.20000000,0.1514265493,0.1510747334,0.1500436256,0.1482992839,0.1458110075,0.1425360231,0.1383974921,0.1332687307,0.1269431853,0.1190628138,0.1088620201,0.0942075234,0.0526984113,,,,,,,,,0.0526984113
181380,1.20000000,0.1513946698,0.1510429789,0.1500122362,0.1482685084,0.1457810996,0.1425072427,0.1383701129,0.1332430512,0.1269195452,0.1190416267,0.1088438643,0.0941934483,0.0526964069,,,,,,,,,0.0526964069
181440,1.20000000,0.1513628150,0.1510112489,0.1499808710,0.1482377566,0.1457512147,0.1424784843,0.1383427545,0.1332173908,0.1268959225,0.1190204550,0.1088257214,0.0941793829,0.0526944047,,,,,,,,,0.0526944047
181500,1.20000000,0.1513309848,0.1509795434,0.1499495299,0.1482070284,0.1457213526,0.1424497477,0.1383154167,0.1331917497,0.1268723172,0.1189992988,0.1088075916,0.0941653274,0.0526924049,,,,,,,,,0.0526924049
181560,1.20000000,0.1512991791,0.1509478623,0.1499182130,0.1481763237,0.1456915133,0.1424210329,0.1382880995,0.1331661277,0.1268487295,0.1189781579,0.1087894746,0.0941512816,0.0526904074,,,,,,,,,0.0526904074
181620,1.20000000,0.1512673980,0.1509162057,0.1498869201,0.1481456426,0.1456616967,0.1423923400,0.1382608029,0.1331405248,0.1268251591,0.1189570324,0.1087713706,0.0941372456,0.0526884123,,,,,,,,,0.0526884123
181680,1.20000000,0.1512356413,0.1508845734,0.1498556513,0.1481149850,0.1456319030,0.1423636688,0.1382335268,0.1331149411,0.1268016061,0.1189359223,0.1087532795,0.0941232194,0.0526864194,,,,,,,,,0.0526864194
181740,1.20000000,0.1512039091,0.1508529655,0.1498244065,0.1480843509,0.1456021320,0.1423350194,0.1382062713,0.1330893764,0.1267780705,0.1189148275,0.1087352013,0.0941092029,0.0526844289,,,,,,,,,0.0526844289
181800,1.20000000,0.1511722014,0.1508213819,0.1497931858,0.1480537403,0.1455723837,0.1423063917,0.1381790363,0.1330638308,0.1267545522,0.1188937481,0.1087171360,0.0940951961,0.0526824407,,,,,,,,,0.0526824407
181860,1.20000000,0.1511405180,0.1507898226,0.1497619890,0.1480231531,0.1455426580,0.1422777857,0.1381518219,0.1330383043,0.1267310513,0.1188726840,0.1086990836,0.0940811991,0.0526804549,,,,,,,,,0.0526804549
181920,1.20000000,0.1511088591,0.1507582876,0.1497308161,0.1479925894,0.1455129551,0.1422492014,0.1381246278,0.1330127968,0.1267075677,0.1188516351,0.1086810440,0.0940672118,0.0526784713,,,,,,,,,0.0526784713
181980,1.20000000,0.1510772245,0.1507267768,0.1496996672,0.1479620490,0.1454832747,0.1422206387,0.1380974543,0.1329873083,0.1266841014,0.1188306015,0.1086630173,0.0940532342,0.0526764900,,,,,,,,,0.0526764900
182040,1.20000000,0.1510456142,0.1506952902,0.1496685422,0.1479315319,0.1454536169,0.1421920977,0.1380703011,0.1329618387,0.1266606523,0.1188095832,0.1086450034,0.0940392663,0.0526745111,,,,,,,,,0.0526745111
182100,1.20000000,0.1510140282,0.1506638278,0.1496374410,0.1479010382,0.1454239818,0.1421635782,0.1380431684,0.1329363881,0.1266372205,0.1187885802,0.1086270023,0.0940253081,0.0526725344,,,,,,,,,0.0526725344
182160,1.20000000,0.1509824665,0.1506323896,0.1496063637,0.1478705678,0.1453943691,0.1421350803,0.1380160560,0.1329109565,0.1266138060,0.1187675923,0.1086090140,0.0940113596,0.0526705601,,,,,,,,,0.0526705601
182220,1.20000000,0.1509509290,0.1506009755,0.1495753102,0.1478401207,0.1453647790,0.1421066040,0.1379889640,0.1328855438,0.1265904086,0.1187466197,0.1085910385,0.0939974207,0.0526685880,,,,,,,,,0.0526685880
182280,1.20000000,0.1509194157,0.1505695855,0.1495442804,0.1478096968,0.1453352114,0.1420781492,0.1379618922,0.1328601499,0.1265670285,0.1187256622,0.1085730758,0.0939834915,0.0526666182,,,,,,,,,0.0526666182
182340,1.20000000,0.1508879265,0.1505382195,0.1495132744,0.1477792961,0.1453056662,0.1420497159,0.1379348408,0.1328347749,0.1265436655,0.1187047199,0.1085551258,0.0939695719,0.0526646507,,,,,,,,,0.0526646507
182400,1.20000000,0.1508564616,0.1505068776,0.1494822921,0.1477489186,0.1452761435,0.1420213040,0.1379078097,0.1328094188,0.1265203197,0.1186837928,0.1085371886,0.0939556619,0.0526626855,,,,,,,,,0.0526626855
182460,1.20000000,0.1508250207,0.1504755597,0.1494513335,0.1477185642,0.1452466432,0.1419929136,0.1378807988,0.1327840815,0.1264969910,0.1186628808,0.1085192641,0.0939417616,0.0526607226,,,,,,,,,0.0526607226
182520,1.20000000,0.1507936039,0.1504442658,0.1494203986,0.1476882330,0.1452171652,0.1419645446,0.1378538082,0.1327587630,0.1264736794,0.1186419839,0.1085013523,0.0939278709,0.0526587619,,,,,,,,,0.0526587619
182580,1.20000000,0.1507622112,0.1504129958,0.1493894873,0.1476579249,0.1451877097,0.1419361970,0.1378268378,0.1327334633,0.1264503849,0.1186211021,0.1084834532,0.0939139898,0.0526568035,,,,,,,,,0.0526568035
182640,1.20000000,0.1507308425,0.1503817497,0.1493585996,0.1476276399,0.1451582764,0.1419078708,0.1377998875,0.1327081823,0.1264271075,0.1186002354,0.1084655668,0.0939001182,0.0526548474,,,,,,,,,0.0526548474
182700,1.20000000,0.1506994979,0.1503505276,0.1493277355,0.1475973779,0.1451288655,0.1418795659,0.1377729574,0.1326829201,0.1264038471,0.1185793838,0.1084476931,0.0938862563,0.0526528935,,,,,,,,,0.0526528935
182760,1.20000000,0.1506681772,0.1503193293,0.1492968950,0.1475671389,0.1450994768,0.1418512824,0.1377460474,0.1326576766,0.1263806038,0.1185585472,0.1084298320,0.0938724039,0.0526509419,,,,,,,,,0.0526509419
182820,1.20000000,0.1506368804,0.1502881548,0.1492660779,0.1475369230,0.1450701104,0.1418230201,0.1377191576,0.1326324518,0.1263573774,0.1185377256,0.1084119836,0.0938585611,0.0526489925,,,,,,,,,0.0526489925
182880,1.20000000,0.1506056075,0.1502570042,0.1492352844,0.1475067300,0.1450407662,0.1417947791,0.1376922878,0.1326072456,0.1263341681,0.1185169191,0.1083941478,0.0938447278,0.0526470455,,,,,,,,,0.0526470455
182940,1.20000000,0.1505743586,0.1502258773,0.1492045143,0.1474765599,0.1450114442,0.1417665593,0.1376654381,0.1325820581,0.1263109758,0.1184961275,0.1083763246,0.0938309041,0.0526451006,,,,,,,,,0.0526451006
183000,1.20000000,0.1505431335,0.1501947742,0.1491737676,0.1474464127,0.1449821444,0.1417383608,0.1376386085,0.1325568893,0.1262878004,0.1184753510,0.1083585140,0.0938170898,0.0526431580,,,,,,,,,0.0526431580
183060,1.20000000,0.1505119322,0.1501636947,0.1491430444,0.1474162885,0.1449528667,0.1417101834,0.1376117988,0.1325317390,0.1262646419,0.1184545894,0.1083407160,0.0938032852,0.0526412176,,,,,,,,,0.0526412176
183120,1.20000000,0.1504807547,0.1501326390,0.1491123445,0.1473861871,0.1449236112,0.1416820273,0.1375850092,0.1325066073,0.1262415004,0.1184338427,0.1083229305,0.0937894900,0.0526392795,,,,,,,,,0.0526392795
183180,1.20000000,0.1504496010,0.1501016070,0.1490816680,0.1473561085,0.1448943777,0.1416538922,0.1375582395,0.1324814942,0.1262183757,0.1184131110,0.1083051576,0.0937757043,0.0526373436,,,,,,,,,0.0526373436
183240,1.20000000,0.1504184711,0.1500705986,0.1490510149,0.1473260527,0.1448651663,0.1416257783,0.1375314897,0.1324563996,0.1261952680,0.1183923941,0.1082873973,0.0937619281,0.0526354100,,,,,,,,,0.0526354100
183300,1.20000000,0.1503873648,0.1500396138,0.1490203850,0.1472960197,0.1448359770,0.1415976855,0.1375047599,0.1324313235,0.1261721771,0.1183716922,0.1082696495,0.0937481613,0.0526334786,,,,,,,,,0.0526334786
183360,1.20000000,0.1503562823,0.1500086526,0.1489897784,0.1472660095,0.1448068096,0.1415696137,0.1374780500,0.1324062660,0.1261491030,0.1183510052,0.1082519142,0.0937344040,0.0526315494,,,,,,,,,0.0526315494
183420,1.20000000,0.1503252234,0.1499777149,0.1489591950,0.1472360219,0.1447776643,0.1415415630,0.1374513600,0.1323812269,0.1261260457,0.1183303330,0.1082341914,0.0937206562,0.0526296224,,,,,,,,,0.0526296224
183480,1.20000000,0.1502941881,0.1499468008,0.1489286349,0.1472060571,0.1447485409,0.1415135333,0.1374246898,0.1323562063,0.1261030053,0.1183096756,0.1082164811,0.0937069179,0.0526276976,,,,,,,,,0.0526276976
183540,1.20000000,0.1502631764,0.1499159101,0.1488980979,0.1471761149,0.1447194395,0.1414855246,0.1373980394,0.1323312041,0.1260799816,0.1182890331,0.1081987832,0.0936931889,0.0526257751,,,,,,,,,0.0526257751
183600,1.20000000,0.1502321884,0.1498850430,0.1488675841,0.1471461954,0.1446903599,0.1414575368,0.1373714089,0.1323062203,0.1260569747,0.1182684054,0.1081810979,0.0936794694,0.0526238547,,,,,,,,,0.0526238547
183660,1.20000000,0.1502012238,0.1498541992,0.1488370934,0.1471162985,0.1446613023,0.1414295700,0.1373447981,0.1322812549,0.1260339845,0.1182477925,0.1081634249,0.0936657593,0.0526219366,,,,,,,,,0.0526219366
183720,1.20000000,0.1501702828,0.1498233789,0.1488066258,0.1470864241,0.1446322665,0.1414016241,0.1373182071,0.1322563079,0.1260110111,0.1182271944,0.1081457644,0.0936520586,0.0526200207,,,,,,,,,0.0526200207
183780,1.20000000,0.1501393653,0.1497925820,0.1487761814,0.1470565724,0.1446032525,0.1413736992,0.1372916358,0.1322313792,0.1259880543,0.1182066110,0.1081281163,0.0936383673,0.0526181070,,,,,,,,,0.0526181070
183840,1.20000000,0.1501084712,0.1497618084,0.1487457599,0.1470267431,0.1445742604,0.1413457950,0.1372650843,0.1322064688,0.1259651142,0.1181860424,0.1081104807,0.0936246853,0.0526161954,,,,,,,,,0.0526161954
183900,1.20000000,0.1500776006,0.1497310582,0.1487153615,0.1469969364,0.1445452900,0.1413179118,0.1372385524,0.1321815768,0.1259421908,0.1181654884,0.1080928574,0.0936110128,0.0526142861,,,,,,,,,0.0526142861
183960,1.20000000,0.1500467534,0.1497003312,0.1486849861,0.1469671522,0.1445163414,0.1412900493,0.1372120402,0.1321567030,0.1259192841,0.1181449493,0.1080752464,0.0935973496,0.0526123790,,,,,,,,,0.0526123790
184020,1.20000000,0.1500159295,0.1496696276,0.1486546336,0.1469373904,0.1444874145,0.1412622077,0.1371855477,0.1321318475,0.1258963940,0.1181244247,0.1080576479,0.0935836958,0.0526104740,,,,,,,,,0.0526104740
184052,1.20000000,0.1499994997,0.1496532618,0.1486384550,0.1469215266,0.1444719957,0.1412473673,0.1371714263,0.1321185987,0.1258841927,0.1181134843,0.1080482670,0.0935764175,0.0526094589,,,,,,,,,0.0526094589
