time_s,radius_cm,r_0.0_cm,r_0.1_cm,r_0.2_cm,r_0.3_cm,r_0.4_cm,r_0.5_cm,r_0.6_cm,r_0.7_cm,r_0.8_cm,r_0.9_cm,r_1.0_cm,r_1.1_cm,r_1.2_cm,r_1.3_cm,r_1.4_cm,r_1.5_cm,r_1.6_cm,r_1.7_cm,r_1.8_cm,r_1.9_cm,r_2.0_cm,surface
60,1.99576667,301.150000,301.150000,301.150000,301.150000,301.150000,301.150000,301.150000,301.150000,301.150001,301.150004,301.150013,301.150040,301.150116,301.150325,301.150856,301.152109,301.154862,301.160631,301.171828,301.192157,,301.225281
120,1.99153333,301.150001,301.150001,301.150002,301.150004,301.150008,301.150019,301.150042,301.150094,301.150204,301.150434,301.150896,301.151784,301.153443,301.156465,301.161783,301.170800,301.185634,301.209330,301.246143,301.301291,,301.374555
180,1.98730000,301.150042,301.150049,301.150072,301.150121,301.150212,301.150378,301.150675,301.151200,301.152111,301.153664,301.156242,301.160400,301.167010,301.177252,301.192844,301.215841,301.249085,301.295834,301.360048,301.446191,,301.544733
240,1.98306667,301.150458,301.150507,301.150658,301.150951,301.151446,301.152249,301.153526,301.155530,301.158628,301.163334,301.170340,301.180527,301.195228,301.215864,301.244592,301.283466,301.335358,301.402901,301.489189,301.597724,,301.709089
300,1.97883333,301.152237,301.152402,301.152900,301.153823,301.155291,301.157514,301.160796,301.165563,301.172387,301.182001,301.195312,301.213398,301.237908,301.270267,301.312965,301.368268,301.439648,301.530627,301.646281,301.793356,,301.939565
360,1.97460000,301.156959,301.157337,301.158459,301.160480,301.163573,301.168053,301.174355,301.183063,301.194922,301.210860,301.231994,301.259629,301.295890,301.342419,301.402064,301.477860,301.573042,301.691134,301.836141,302.012762,,302.171384
420,1.97036667,301.166360,301.167045,301.169063,301.172634,301.177980,301.185516,301.195812,301.209608,301.227830,301.251603,301.282238,301.321218,301.371053,301.433319,301.510895,301.606815,301.723931,301.865762,302.036184,302.240488,,302.411251
480,1.96613333,301.182126,301.183213,301.186391,301.191958,301.200170,301.211544,301.226769,301.246718,301.272461,301.305253,301.346517,301.397860,301.461931,301.540256,301.635601,301.750736,301.887986,302.050256,302.240120,302.461446,,302.630455
540,1.96190000,301.205875,301.207450,301.212026,301.219985,301.231598,301.247460,301.268353,301.295242,301.329279,301.371777,301.424178,301.488189,301.566205,301.659818,301.771502,301.903869,302.059283,302.241442,302.453858,302.703416,,302.883549
600,1.95766667,301.238967,301.241094,301.247246,301.257889,301.273277,301.294063,301.321078,301.355336,301.398019,301.450454,301.514083,301.590766,301.682699,301.791796,301.920496,302.071527,302.247543,302.451928,302.688070,302.962549,,303.144584
660,1.95343333,301.282328,301.285047,301.292881,301.306379,301.325764,301.351723,301.385126,301.427018,301.478612,301.541259,301.616419,301.706151,301.812407,301.937445,302.083597,302.253693,302.450881,302.678839,302.942295,303.250174,,303.440125
720,1.94920000,301.336516,301.339854,301.349439,301.365909,301.389446,301.420772,301.460787,301.510568,301.571361,301.644550,301.731630,301.834925,301.956143,302.098008,302.262728,302.453091,302.672223,302.922791,303.208491,303.536766,,303.719579
780,1.94496667,301.401947,301.405926,301.417321,301.436872,301.464712,301.501598,301.548466,301.606428,301.676758,301.760863,301.860240,301.977420,302.113672,302.272004,302.454210,302.662827,302.901064,303.171331,303.478233,303.831103,,304.010593
840,1.94073333,301.479025,301.483668,301.496934,301.519669,301.551955,301.594575,301.648483,301.714805,301.794812,301.889890,302.001491,302.132334,302.283198,302.457442,302.656482,302.882622,303.138897,303.426793,303.750470,304.117689,,304.284681
900,1.93650000,301.568094,301.573418,301.588589,301.614571,301.651376,301.699800,301.760801,301.835494,301.925121,302.031012,302.154536,302.298541,302.463306,302.652082,302.866070,303.107371,303.378088,303.680262,304.017775,304.399579,,304.554565
960,1.93226667,301.669308,301.675314,301.692392,301.721619,301.762927,301.817105,301.885093,301.967964,302.066893,302.183117,302.318059,302.474150,302.651827,302.853791,303.081624,303.337509,303.623271,303.942503,304.299857,304.707368,,304.854097
1020,1.92803333,301.782565,301.789240,301.808180,301.840576,301.886263,301.946014,302.020733,302.111440,302.219245,302.345310,302.491188,302.658918,302.849271,303.064495,303.306645,303.577680,303.878725,304.212655,304.582709,304.999240,,305.127693
1080,1.92380000,301.907510,301.914832,301.935562,301.971011,302.020917,302.086035,302.167238,302.265503,302.381882,302.517469,302.673939,302.852854,303.055248,303.282947,303.538123,303.822601,304.138416,304.489615,304.882786,305.333015,,305.452196
1140,1.91956667,302.043719,302.051665,302.074117,302.112509,302.166482,302.236772,302.324217,302.429751,302.554375,302.699129,302.865891,303.055839,303.270505,303.511647,303.781614,304.082302,304.415834,304.785206,305.195970,305.660495,,305.760305
1200,1.91533333,302.190785,302.199333,302.223443,302.264679,302.322591,302.397903,302.491441,302.604119,302.736919,302.890863,303.068049,303.269187,303.496184,303.750421,304.034020,304.348588,304.696347,305.080125,305.506423,305.989422,,306.070617
1260,1.91110000,302.348401,302.357540,302.383273,302.427305,302.489095,302.569364,302.668923,302.788659,302.929516,303.092459,303.279775,303.491621,303.730270,303.996699,304.292789,304.619782,304.979645,305.374388,305.809027,306.296979,,306.355785
1320,1.90686667,302.516401,302.526123,302.553449,302.600228,302.665825,302.750946,302.856375,302.982954,303.131560,303.303068,303.499901,303.721587,303.970702,304.247782,304.554574,304.892407,305.264151,305.673255,306.127360,306.644791,,306.683636
1380,1.90263333,302.694558,302.704845,302.733711,302.783145,302.852408,302.942180,303.053201,303.186256,303.342153,303.521898,303.727521,303.958641,304.218197,304.506560,304.825611,305.176908,305.563032,305.987314,306.455903,306.985598,,307.000713
1440,1.89840000,302.882472,302.893299,302.923628,302.975593,303.048355,303.142570,303.258950,303.398246,303.561231,303.749099,303.963443,304.203981,304.473875,304.773051,305.103123,305.465596,305.862281,306.296241,306.773842,,,307.303076
1500,1.89416667,303.079723,303.091071,303.122807,303.177216,303.253360,303.351880,303.473457,303.618801,303.788623,303.984277,304.206817,304.456258,304.735065,305.043385,305.382153,305.752592,306.155438,306.592728,307.070103,,,307.569568
1560,1.88993333,303.285995,303.297845,303.330933,303.387691,303.467077,303.569700,303.696190,303.847182,304.023283,304.225944,304.455583,304.712448,304.998186,305.313187,305.657880,306.033776,306.441835,306.885685,307.373368,,,307.865211
1620,1.88570000,303.500853,303.513174,303.547517,303.606455,303.688826,303.795188,303.926097,304.082089,304.263655,304.472356,304.708033,304.971312,305.263253,305.584768,305.936063,306.318639,306.732980,307.182032,307.672042,,,308.137433
1680,1.88146667,303.723566,303.736309,303.771772,303.832657,303.917689,304.027372,304.162196,304.322617,304.509032,304.723143,304.964214,305.233215,305.530515,305.857373,306.213839,306.600787,307.019539,307.473804,307.971456,,,308.422634
1740,1.87723333,303.953281,303.966401,304.002908,304.065467,304.152860,304.265488,304.403775,304.568097,304.758878,304.977632,305.223414,305.497513,305.800009,306.132175,306.494915,306.888958,307.317017,307.784066,308.299953,,,308.745887
1800,1.87300000,304.189206,304.202660,304.240101,304.304126,304.393614,304.508863,304.650252,304.818115,305.013065,305.236203,305.486798,305.766515,306.075320,306.414686,306.785701,307.189160,307.628075,308.106487,308.633469,,,309.060813
1860,1.87036667,304.430474,304.444208,304.482433,304.547718,304.639006,304.756542,304.900699,305.071808,305.270636,305.498046,305.753436,306.038677,306.353553,306.699492,307.077499,307.488345,307.935274,308.422298,308.959143,,,309.378741
1920,1.86773333,304.676575,304.690583,304.729575,304.796100,304.889177,305.009008,305.155965,305.330377,305.533155,305.764886,306.025056,306.315684,306.636283,306.988088,307.371716,307.787449,308.237092,308.722882,309.251613,,,309.643078
1980,1.86510000,304.927488,304.941770,304.981534,305.049300,305.144168,305.266286,305.416007,305.593629,305.800153,306.035791,306.299993,306.594707,306.918950,307.273534,307.658666,308.074609,308.523196,309.007821,309.537375,,,309.916183
2040,1.86246667,305.183164,305.197712,305.238216,305.307157,305.403697,305.527900,305.680063,305.860401,306.069954,306.308520,306.575542,306.872990,307.199639,307.556281,307.943242,308.361229,308.812291,309.300436,309.835102,,,310.202277
2100,1.85983333,305.443200,305.457978,305.499122,305.569057,305.667002,305.792926,305.947067,306.129570,306.341544,306.582440,306.851773,307.151638,307.480626,307.839484,308.228456,308.648219,309.100192,309.587716,310.118977,,,310.465939
2160,1.85720000,305.706886,305.721852,305.763525,305.834264,305.933358,306.060693,306.216457,306.400742,306.614739,306.857546,307.128824,307.430402,307.760879,308.120714,308.509977,308.929401,309.380267,309.866351,310.396699,,,310.727794
2220,1.85456667,305.973563,305.988685,306.030792,306.102177,306.202205,306.330673,306.487722,306.673412,306.888910,307.133049,307.405677,307.708216,308.039572,308.400084,308.790014,309.210697,309.663974,310.154956,310.694502,,,311.017456
2280,1.85193333,306.242643,306.257886,306.300336,306.372210,306.472951,306.602279,306.760291,306.947141,307.163707,307.408925,307.682814,307.986526,308.319378,308.681629,309.073563,309.496508,309.951528,310.442807,310.978732,,,311.281259
2340,1.84930000,306.513573,306.528911,306.571631,306.643879,306.745192,306.875223,307.034053,307.221949,307.439522,307.685801,307.960936,308.265703,308.599673,308.962879,309.355636,309.779728,310.236796,310.732854,311.278574,,,311.573332
2400,1.84666667,306.786011,306.801432,306.844386,306.916950,307.018760,307.149407,307.308955,307.497787,307.716246,307.963474,308.239802,308.545732,308.881248,309.246301,309.641294,310.067770,310.526898,311.022958,311.564542,,,311.838572
2460,1.84403333,307.059766,307.075260,307.118425,307.191270,307.293532,307.424751,307.584984,307.774741,307.994105,308.242317,308.519839,308.826789,309.163383,309.529308,309.925113,310.352183,310.812845,311.312341,311.861963,,,312.126006
2520,1.84140000,307.334739,307.350303,307.393670,307.466777,307.569469,307.701227,307.862095,308.052699,308.272852,308.521905,308.800483,309.108408,309.446285,309.813697,310.211386,310.640227,311.102525,311.601992,312.148284,,,312.393081
2580,1.83876667,307.610856,307.626485,307.670039,307.743386,307.846475,307.978733,308.140196,308.331616,308.552536,308.802401,309.081950,309.390593,309.729078,310.096541,310.493441,310.919752,311.377199,311.868288,312.401610,,,312.623703
2640,1.83613333,307.888037,307.903727,307.947455,308.021017,308.124462,308.257152,308.419094,308.611124,308.832459,309.082564,309.362187,309.670254,310.007638,310.373226,310.767754,311.191600,311.647800,312.141396,312.684810,,,312.898030
2700,1.83350000,308.166115,308.181848,308.225699,308.299380,308.403025,308.535917,308.698070,308.890229,309.111474,309.361301,309.640620,309.948207,310.285160,310.650711,311.045934,311.471109,311.928930,312.423697,312.965560,,,313.161323
2760,1.83086667,308.444655,308.460403,308.504301,308.577976,308.681658,308.814566,308.976816,309.168913,309.390042,309.639705,309.918966,310.226425,310.562906,310.927861,311.321581,311.743834,312.196120,312.681556,313.208122,,,313.381854
2820,1.82823333,308.723282,308.739032,308.782941,308.856558,308.960213,309.093065,309.255327,309.447243,309.668048,309.917158,310.195639,310.501760,310.835891,311.197659,311.586582,312.002618,312.447218,312.924325,313.442926,,,313.599627
2880,1.82560000,309.001795,309.017532,309.061410,309.134887,309.238381,309.370971,309.532931,309.724206,309.944048,310.191775,310.468470,310.772199,311.103248,311.461484,311.846655,312.259577,312.702627,313.181651,313.707857,,,313.853012
2940,1.82296667,309.279770,309.295461,309.339214,309.412429,309.515487,309.647503,309.808780,309.998999,310.217485,310.463555,310.738462,311.040218,311.369201,311.725329,312.108193,312.518128,312.956077,313.425013,313.932349,,,314.056063
3000,1.82033333,309.556609,309.572225,309.615772,309.688626,309.791063,309.922335,310.082771,310.271810,310.488851,310.733162,311.006029,311.305185,311.630760,311.982376,312.359405,312.762318,313.192547,313.654221,314.157426,,,314.266641
3060,1.81770000,309.831925,309.847449,309.890742,309.963155,310.064855,310.195295,310.354586,310.542119,310.757261,310.999339,311.269308,311.565117,311.886738,312.233815,312.605763,313.003152,313.427161,313.881275,314.374444,,,314.467216
3120,1.81506667,310.105363,310.120769,310.163738,310.235589,310.336378,310.465780,310.623613,310.809316,311.022214,311.261740,311.528523,311.820824,312.138547,312.481588,312.849923,313.245379,313.671059,314.133469,314.646358,,,314.729584
3180,1.81243333,310.376463,310.391728,310.434304,310.505483,310.605250,310.733419,310.889642,311.073419,311.284116,311.521398,311.785785,312.076095,312.392443,312.735104,313.104249,313.501622,313.929185,314.391017,314.896917,,,314.963870
3240,1.80980000,310.644924,310.660042,310.702216,310.772723,310.871556,310.998554,311.153408,311.335677,311.544804,311.780666,312.043573,312.332628,312.647717,312.988912,313.356181,313.750811,314.174700,314.631959,315.132938,,,315.185153
3300,1.80716667,310.910943,310.925938,310.967780,311.037738,311.135821,311.261887,311.415652,311.596697,311.804474,312.038992,312.300256,312.587598,312.900701,313.239564,313.604259,313.995899,314.416407,314.870224,315.367875,,,315.405758
3360,1.80453333,311.174964,311.189856,311.231421,311.300914,311.398345,311.523575,311.676321,311.856161,312.062538,312.295574,312.554967,312.840275,313.150947,313.486807,313.847755,314.234183,314.647074,315.089710,315.570249,,,315.593210
3420,1.80190000,311.437204,311.451999,311.493297,311.562336,311.659117,311.783489,311.935152,312.113652,312.318385,312.549525,312.806387,313.088643,313.395424,313.726382,314.081478,314.461135,314.867010,315.303665,315.781213,,,315.790813
3480,1.79926667,311.697621,311.712307,311.753306,311.821827,311.917851,312.041194,312.191516,312.368315,312.570933,312.799603,313.053325,313.331981,313.634529,313.960528,314.309838,314.682227,315.078438,315.501158,,,,315.954247
3540,1.79663333,311.955884,311.970436,312.011065,312.078947,312.174037,312.296119,312.444810,312.619558,312.819643,313.045319,313.295225,313.569321,313.866253,314.185387,314.526575,314.889575,315.275730,315.688744,,,,316.122024
3600,1.79400000,312.211511,312.225900,312.266073,312.333172,312.427116,312.547649,312.694334,312.866560,313.063543,313.285580,313.531043,313.800152,314.091595,314.405086,314.741271,315.100856,315.486921,315.905410,,,,316.339629
3660,1.79096667,312.463974,312.478172,312.517812,312.583999,312.676627,312.795413,312.939905,313.109493,313.303431,313.522230,313.764150,314.029934,314.318411,314.629536,314.964142,315.322306,315.705960,316.118613,,,,316.526527
3720,1.78793333,312.712855,312.726848,312.765924,312.831163,312.922466,313.039563,313.182031,313.349303,313.540689,313.756878,313.995941,314.258710,314.543934,314.851483,315.181730,315.534948,315.913267,316.320948,,,,316.711522
3780,1.78490000,312.958216,312.972020,313.010577,313.074951,313.165049,313.280614,313.421236,313.586363,313.775314,313.988906,314.225099,314.484573,314.766420,315.070604,315.397380,315.747566,316.123637,316.530391,,,,316.907516
3840,1.78186667,313.200346,313.213974,313.252048,313.315613,313.404575,313.518685,313.657545,313.820619,314.007247,314.218406,314.451984,314.708548,314.987515,315.288823,315.612279,315.958649,316.329493,316.728439,,,,317.081910
3900,1.77883333,313.439433,313.452895,313.490512,313.553313,313.641205,313.753947,313.891149,314.052285,314.236809,314.445473,314.676343,314.929632,315.204900,315.501878,315.819877,316.159825,316.522833,316.912560,,,,317.244379
3960,1.77580000,313.675642,313.688945,313.726124,313.788185,313.875032,313.986413,314.121925,314.281022,314.463254,314.669043,314.896680,315.146071,315.416935,315.708726,316.020905,316.354443,316.710602,317.093386,,,,317.406816
4020,1.77276667,313.908987,313.922124,313.958843,314.020124,314.105854,314.215761,314.349420,314.506257,314.685915,314.888512,315.112580,315.357839,315.623934,315.910209,316.216046,316.541854,316.888325,317.258399,,,,317.546721
4080,1.76973333,314.139257,314.152213,314.188429,314.248854,314.333357,314.441644,314.573263,314.727605,314.904385,315.103392,315.323328,315.563640,315.823773,316.102830,316.400043,316.715364,317.049284,317.404449,,,,317.668393
4140,1.76670000,314.366145,314.378899,314.414553,314.474018,314.557140,314.663590,314.792871,314.944319,315.117688,315.312435,315.527432,315.761941,316.015420,316.287195,316.577152,316.886183,317.216658,317.574043,,,,317.832769
4200,1.76366667,314.589200,314.601721,314.636726,314.695086,314.776619,314.880968,315.007609,315.155866,315.325603,315.516101,315.726590,315.956398,316.205223,316.472591,316.758491,317.063218,317.387996,317.736047,,,,317.972969
4260,1.76063333,314.807926,314.820195,314.854499,314.911682,314.991558,315.093772,315.217818,315.363045,315.529453,315.716133,315.922562,316.147938,316.391913,316.653983,316.934320,317.233429,317.553535,317.899138,,,,318.125117
4320,1.75760000,315.022217,315.034239,315.067859,315.123897,315.202169,315.302332,315.423891,315.566216,315.729436,315.912476,316.115119,316.336598,316.576800,316.835594,317.113827,317.412611,317.735390,318.087691,,,,318.308508
4380,1.75456667,315.232226,315.244013,315.276979,315.331931,315.408695,315.506951,315.626245,315.766009,315.926564,316.106741,316.306691,316.525653,316.763533,317.019950,317.295067,317.588355,317.900142,318.231618,,,,318.422470
4440,1.75153333,315.438274,315.449851,315.482242,315.536244,315.611705,315.708332,315.825702,315.963267,316.121430,316.298738,316.495359,316.710104,316.942402,317.191352,317.456663,317.737721,318.035186,318.351765,,,,318.524595
4500,1.74850000,315.640852,315.652239,315.684105,315.737220,315.811421,315.906391,316.021665,316.156629,316.311664,316.485017,316.676904,316.885960,317.111622,317.353294,317.610971,317.885206,318.177769,318.493425,,,,318.657595
4560,1.74546667,315.839926,315.851100,315.882371,315.934469,316.007203,316.100220,316.213020,316.344959,316.496475,316.665672,316.853021,317.057224,317.277928,317.514886,317.768113,318.038373,318.327001,318.638130,,,,318.789154
4620,1.74243333,316.034979,316.045914,316.076517,316.127491,316.198635,316.289592,316.399871,316.528851,316.677086,316.842576,317.026046,317.226232,317.442928,317.676230,317.926435,318.194961,318.484341,318.800193,,,,318.944711
4680,1.73940000,316.225777,316.236473,316.266414,316.316285,316.385893,316.474903,316.582857,316.709283,316.854614,317.017168,317.197599,317.395014,317.609242,317.840523,318.088838,318.354971,318.640381,318.948459,,,,319.077690
4740,1.73636667,316.412533,316.423014,316.452359,316.501247,316.569507,316.656838,316.762826,316.887141,317.030076,317.190182,317.367909,317.562538,317.773728,318.001769,318.246598,318.509305,318.792280,319.100178,,,,319.220178
4800,1.73333333,316.595758,316.606054,316.634888,316.682931,316.750024,316.835889,316.940135,317.062548,317.203258,317.361049,317.536193,317.728213,317.936682,318.161911,318.403518,318.662081,318.939119,319.237710,,,,319.343254
4860,1.73030000,316.775902,316.786032,316.814410,316.861694,316.927734,317.012263,317.114904,317.235536,317.374104,317.529556,317.701883,317.890667,318.095253,318.315377,318.550409,318.800315,319.065752,319.349109,,,,319.439389
4920,1.72726667,316.953233,316.963206,316.991149,317.037701,317.102706,317.185881,317.286828,317.405467,317.541497,317.693969,317.862569,318.046972,318.246523,318.460968,318.690459,318.936141,319.200670,319.489710,,,,319.574106
4980,1.72423333,317.127714,317.137517,317.164983,317.210725,317.274565,317.356203,317.455218,317.571595,317.704864,317.854300,318.019513,318.200309,318.396175,318.606370,318.830413,319.067660,319.317569,319.580676,,,,319.646766
5040,1.72120000,317.299032,317.308649,317.335597,317.380464,317.443069,317.523099,317.620121,317.734160,317.864521,318.010523,318.171473,318.346815,318.535624,318.736748,318.949545,319.173593,319.409331,319.659338,,,,319.714738
5100,1.71816667,317.466971,317.476386,317.502767,317.546669,317.607877,317.686037,317.780652,317.891724,318.018300,318.159752,318.315213,318.484076,318.665506,318.858616,319.063280,319.279756,319.509366,319.755890,,,,319.803075
5160,1.71513333,317.631006,317.640177,317.665871,317.708601,317.768121,317.844039,317.935822,318.043499,318.165978,318.302826,318.453227,318.616824,318.793237,318.982296,319.185071,319.403291,319.640570,319.903854,,,,319.946675
5220,1.71210000,317.790436,317.799334,317.824265,317.865718,317.923448,317.997079,318.086123,318.190752,318.309886,318.443462,318.590876,318.752107,318.927047,319.115607,319.318246,319.535219,319.767566,320.017631,,,,320.049350
5280,1.70906667,317.945181,317.953830,317.978073,318.018400,318.074604,318.146369,318.233282,318.335665,318.452374,318.583520,318.728356,318.886646,319.057879,319.241473,319.437052,319.644181,319.863166,320.095766,,,,320.117692
5340,1.70603333,318.095983,318.104431,318.128117,318.167527,318.222470,318.292645,318.377641,318.477812,318.591833,318.719841,318.860896,319.014626,319.180498,319.358214,319.547963,319.750670,319.968817,320.207577,,,,320.222846
5400,1.70300000,318.243382,318.251637,318.274785,318.313287,318.366944,318.435442,318.518359,318.616088,318.727204,318.852014,318.989600,319.139709,319.301897,319.475858,319.661224,319.857801,320.065822,320.286909,,,,320.293787
5460,1.70040000,318.387271,318.395321,318.417899,318.455448,318.507769,318.574551,318.655422,318.750681,318.858941,318.980530,319.114439,319.260368,319.417926,319.587182,319.768554,319.963631,320.175612,320.411008,,,,320.412010
5520,1.69780000,318.527573,318.535420,318.557429,318.594026,318.645013,318.710084,318.788935,318.881778,318.987363,319.106190,319.237383,319.380874,319.536477,319.704335,319.884326,320.076785,320.282400,,,,,320.498367
5580,1.69520000,318.664344,318.671998,318.693471,318.729185,318.778960,318.842521,318.919654,319.010502,319.113907,319.230410,319.359014,319.499482,319.651371,319.814549,319.988577,320.173749,320.371046,,,,,320.572798
5640,1.69260000,318.797937,318.805421,318.826421,318.861350,318.910033,318.972198,319.047675,319.136476,319.237523,319.351189,319.476507,319.613107,319.760475,319.918460,320.086536,320.264990,320.454752,,,,,320.642915
5700,1.69000000,318.928575,318.935889,318.956414,318.990540,319.038086,319.098764,319.172431,319.258969,319.357394,319.467919,319.589709,319.722388,319.865636,320.019597,320.184424,320.361497,320.553316,,,,,320.742738
5760,1.68740000,319.056116,319.063248,319.083262,319.116531,319.162867,319.221984,319.293790,319.378092,319.474073,319.581911,319.701014,319.831074,319.971886,320.123336,320.285180,320.457463,320.640552,,,,,320.810818
5820,1.68480000,319.180443,319.187396,319.206911,319.239355,319.284549,319.342224,319.412347,319.494647,319.588403,319.693627,319.809713,319.936078,320.072226,320.217490,320.371275,320.533046,320.702831,,,,,320.854144
5880,1.68220000,319.301728,319.308511,319.327551,319.359196,319.403261,319.459460,319.527765,319.607757,319.698738,319.800488,319.912374,320.033642,320.163774,320.302099,320.448468,320.602941,320.766721,,,,,320.910473
5940,1.67960000,319.419892,319.426485,319.444990,319.475726,319.518484,319.572950,319.639093,319.716378,319.804194,319.902249,320.010145,320.127398,320.254143,320.390678,320.538569,320.700342,320.880789,,,,,321.043138
6000,1.67700000,319.534485,319.540867,319.558779,319.588525,319.629907,319.682637,319.746776,319.821833,319.907485,320.003646,320.110445,320.227803,320.356339,320.496341,320.648800,320.814595,320.995360,,,,,321.146674
6060,1.67440000,319.645563,319.651770,319.669204,319.698189,319.738582,319.790181,319.853201,319.927196,320.012053,320.107660,320.214224,320.331429,320.459465,320.597978,320.747051,320.906622,321.077235,,,,,321.212432
6120,1.67180000,319.754228,319.760333,319.777490,319.806037,319.845863,319.896800,319.959123,320.032296,320.116232,320.210607,320.315408,320.430039,320.554043,320.686561,320.826809,320.973807,321.126876,,,,,321.240605
6180,1.66920000,319.861391,319.867415,319.884346,319.912505,319.951762,320.001913,320.063194,320.134897,320.216866,320.308572,320.409760,320.519936,320.638730,320.766163,320.903080,321.051555,321.215627,,,,,321.341979
6240,1.66660000,319.966867,319.972773,319.989366,320.016938,320.055329,320.104299,320.164085,320.233923,320.313804,320.403321,320.502487,320.611254,320.729535,320.857478,320.995297,321.143453,321.302610,,,,,321.415672
6300,1.66400000,320.070000,320.075768,320.091976,320.118913,320.156432,320.204322,320.262891,320.331360,320.409841,320.497898,320.595479,320.702359,320.818172,320.942754,321.075953,321.218120,321.370037,,,,,321.473563
6360,1.66140000,320.170882,320.176532,320.192413,320.218810,320.255583,320.302525,320.359968,320.427051,320.503911,320.590002,320.685148,320.788957,320.900845,321.020367,321.146916,321.280109,321.419846,,,,,321.509355
6420,1.65880000,320.269739,320.275272,320.290821,320.316654,320.352618,320.398501,320.454553,320.519859,320.594502,320.677784,320.769356,320.868632,320.974848,321.087415,321.205653,321.329199,321.458247,,,,,321.537270
6480,1.65620000,320.366318,320.371704,320.386839,320.411960,320.446884,320.491388,320.545580,320.608528,320.680243,320.759917,320.847100,320.941129,321.041203,321.146723,321.257003,321.371652,321.490865,,,,,321.560348
6540,1.65360000,320.459964,320.465162,320.479763,320.503972,320.537578,320.580350,320.632269,320.692420,320.760790,320.836567,320.919389,321.008875,321.104825,321.207830,321.319153,321.441366,321.579355,,,,,321.662468
6600,1.65100000,320.549981,320.554960,320.568944,320.592122,320.624287,320.665253,320.714992,320.772740,320.838710,320.912354,320.993690,321.082716,321.179403,321.283904,321.396065,321.515366,321.641340,,,,,321.708102
6660,1.64840000,320.636287,320.641077,320.654539,320.676879,320.707935,320.747617,320.795915,320.852167,320.916643,320.988693,321.068112,321.154486,321.247250,321.345832,321.449516,321.557624,321.669926,,,,,321.725984
6720,1.64580000,320.719757,320.724407,320.737479,320.759174,320.789337,320.827895,320.874748,320.929212,320.991462,321.060697,321.136561,321.218542,321.306136,321.398996,321.497031,321.600680,321.711331,,,,,321.765163
6780,1.64320000,320.800742,320.805241,320.817887,320.838857,320.867975,320.905163,320.950234,321.002540,321.062212,321.128540,321.201275,321.280144,321.365054,321.456160,321.554044,321.660026,321.776453,,,,,321.831048
6840,1.64060000,320.878869,320.883198,320.895367,320.915542,320.943553,320.979357,321.022752,321.073212,321.130894,321.195273,321.266182,321.343389,321.426679,321.515641,321.609722,321.708233,321.810347,,,,,321.852757
6900,1.63800000,320.954109,320.958286,320.970029,320.989507,321.016569,321.051210,321.093201,321.142075,321.197896,321.260148,321.328566,321.402925,321.483295,321.570028,321.664304,321.768555,321.887026,,,,,321.937186
6960,1.63540000,321.026825,321.030864,321.042222,321.061064,321.087245,321.120800,321.161492,321.208982,321.263410,321.324544,321.392398,321.467102,321.549041,321.638443,321.735761,321.841532,321.956657,,,,,322.000000
7020,1.63280000,321.097296,321.101225,321.112283,321.130647,321.156215,321.189097,321.229087,321.275972,321.329901,321.390714,321.458327,321.532686,321.613902,321.701798,321.796492,321.898281,322.008076,,,,,322.046183
7080,1.63020000,321.166273,321.170139,321.181025,321.199116,321.224327,321.256805,321.296308,321.342661,321.395905,321.455856,321.522256,321.594840,321.673407,321.757322,321.846067,321.939005,322.035730,,,,,322.065728
7140,1.62760000,321.234296,321.238108,321.248842,321.266674,321.291502,321.323465,321.362232,321.407604,321.459459,321.517534,321.581409,321.650758,321.725354,321.804965,321.889854,321.980818,322.079772,,,,,322.108962
7200,1.62500000,321.301176,321.304907,321.315407,321.332829,321.357048,321.388182,321.425829,321.469816,321.519962,321.576102,321.637891,321.705172,321.777814,321.855695,321.938918,322.027742,322.123053,,,,,322.148117
7260,1.62380000,321.366305,321.369923,321.380105,321.396994,321.420461,321.450627,321.487084,321.529689,321.578255,321.632656,321.692552,321.757805,321.828275,321.903917,321.984971,322.071971,322.166300,,,,,322.190115
7320,1.62260000,321.429425,321.432929,321.442794,321.459156,321.481891,321.511128,321.546455,321.587756,321.634820,321.687520,321.745434,321.808234,321.875335,321.945911,322.018780,322.092291,322.164458,,,,,322.180371
7380,1.62140000,321.490581,321.493975,321.503526,321.519359,321.541343,321.569578,321.603598,321.643218,321.688077,321.737868,321.791969,321.849911,321.911198,321.975630,322.043508,322.115897,322.195243,,,,,322.213518
7440,1.62020000,321.549579,321.552833,321.561983,321.577131,321.598114,321.624993,321.657267,321.694747,321.737080,321.784058,321.835206,321.890228,321.948660,322.010028,322.073635,322.138567,322.203779,,,,,322.216906
7500,1.61900000,321.605824,321.608912,321.617596,321.631964,321.651854,321.677319,321.707857,321.743286,321.783222,321.827435,321.875425,321.926945,321.981776,322.040173,322.102889,322.171647,322.249537,,,,,322.265774
7560,1.61780000,321.659113,321.662033,321.670243,321.683824,321.702620,321.726693,321.755572,321.789152,321.827147,321.869531,321.916041,321.966707,322.021427,322.080322,322.143325,322.210448,322.281784,,,,,322.294974
7620,1.61660000,321.709550,321.712323,321.720124,321.733044,321.750959,321.773975,321.801670,321.834004,321.870716,321.911757,321.956784,322.005613,322.057819,322.113098,322.170941,322.230918,322.292766,,,,,322.303232
7680,1.61540000,321.757717,321.760377,321.767863,321.780265,321.797470,321.819583,321.846172,321.877175,321.912273,321.951308,321.993862,322.039633,322.088148,322.139129,322.192287,322.247612,322.305537,,,,,322.314765
7740,1.61420000,321.803932,321.806478,321.813643,321.825502,321.841933,321.863017,321.888306,321.917722,321.950944,321.987834,322.028120,322.071750,322.118764,322.169764,322.225808,322.288924,322.362444,,,,,322.374024
7800,1.61300000,321.848025,321.850448,321.857265,321.868551,321.884194,321.904297,321.928466,321.956724,321.988884,322.024993,322.065001,322.108944,322.156693,322.208118,322.262646,322.319344,322.376877,,,,,322.384343
7860,1.61180000,321.890132,321.892461,321.899021,321.909897,321.925016,321.944501,321.968004,321.995571,322.026989,322.062240,322.101233,322.144010,322.190808,322.242520,322.300725,322.368327,322.450108,,,,,322.461031
7920,1.61060000,321.930877,321.933141,321.939520,321.950107,321.964849,321.983886,322.006932,322.034135,322.065427,322.101020,322.141139,322.186036,322.235918,322.291018,322.351159,322.415843,322.484265,,,,,322.491707
7980,1.60940000,321.970745,321.972982,321.979291,321.989786,322.004457,322.023484,322.046627,322.074068,322.105693,322.141570,322.181637,322.225664,322.273290,322.324073,322.377343,322.432371,322.488533,,,,,322.493862
8040,1.60820000,322.010480,322.012718,322.019033,322.029531,322.044196,322.063162,322.086136,322.113205,322.144126,322.178804,322.217043,322.258590,322.303275,322.351179,322.402687,322.458790,322.521497,,,,,322.527033
8100,1.60700000,322.050036,322.052245,322.058471,322.068801,322.083194,322.101734,322.124104,322.150369,322.180279,322.213755,322.250610,322.290515,322.332984,322.377267,322.422131,322.465780,322.505750,,,,,322.508336
8160,1.60580000,322.088777,322.090927,322.096980,322.107012,322.120967,322.138881,322.160405,322.185522,322.213884,322.245289,322.279483,322.316300,322.355930,322.399234,322.448108,322.506002,322.578741,,,,,322.583590
8220,1.60460000,322.126209,322.128269,322.134067,322.143664,322.157001,322.174105,322.194680,322.218819,322.246375,322.277473,322.312288,322.351009,322.393827,322.440762,322.491399,322.544721,322.599079,,,,,322.601572
8280,1.60340000,322.162109,322.164099,322.169710,322.179024,322.192029,322.208800,322.229105,322.253090,322.280586,322.311617,322.346143,322.384083,322.425470,322.470530,322.519859,322.574686,322.637325,,,,,322.639636
8340,1.60220000,322.197210,322.199172,322.204705,322.213894,322.226739,322.243309,322.263377,322.287087,322.314258,322.344896,322.378900,322.415995,322.455703,322.497121,322.538728,322.578183,322.612218,,,,,322.612875
8400,1.60100000,322.231864,322.233799,322.239256,322.248311,322.260951,322.277199,322.296772,322.319695,322.345611,322.374265,322.405265,322.438160,322.472614,322.508561,322.546490,322.587762,322.635038,,,,,322.635556
8460,1.59980000,322.265775,322.267644,322.272904,322.281606,322.293697,322.309136,322.327615,322.349126,322.373365,322.400216,322.429557,322.461307,322.495521,322.532322,322.571973,322.614875,,,,,,322.661639
8520,1.59860000,322.298133,322.299903,322.304884,322.313124,322.324582,322.339228,322.356802,322.377366,322.400701,322.426808,322.455723,322.487578,322.522800,322.562100,322.606784,322.658922,,,,,,322.720772
8580,1.59740000,322.328885,322.330579,322.335353,322.343267,322.354319,322.368525,322.385708,322.406051,322.429462,322.456100,322.486130,322.519668,322.556833,322.597462,322.641119,322.686886,,,,,,322.732230
8640,1.59620000,322.358726,322.360396,322.365108,322.372942,322.383931,322.398120,322.415351,322.435802,322.459295,322.485813,322.515227,322.547281,322.581689,322.618028,322.655903,322.694961,,,,,,322.733582
8700,1.59500000,322.388402,322.390065,322.394757,322.402548,322.413455,322.427474,322.444400,322.464318,322.486947,322.512141,322.539639,322.569064,322.599994,322.631856,322.664003,322.695695,,,,,,322.724712
8760,1.59380000,322.417701,322.419322,322.423890,322.431452,322.441991,322.455445,322.471560,322.490333,322.511409,322.534560,322.559468,322.585773,322.613178,322.641442,322.670543,322.700749,,,,,,322.730790
8820,1.59260000,322.445859,322.447395,322.451713,322.458843,322.468743,322.481314,322.496293,322.513657,322.533086,322.554424,322.577501,322.602201,322.628583,322.656849,322.687553,322.721619,,,,,,322.757589
8880,1.59140000,322.472258,322.473688,322.477710,322.484350,322.493575,322.505302,322.519315,322.535655,322.554098,322.574605,322.597135,322.621654,322.648216,322.676791,322.707386,322.739959,,,,,,322.771533
8940,1.59020000,322.496938,322.498284,322.502076,322.508348,322.517093,322.528252,322.541646,322.557341,322.575107,322.594846,322.616361,322.639328,322.663279,322.687426,322.710636,322.731330,,,,,,322.746087
9000,1.58900000,322.520369,322.521652,322.525266,322.531240,322.539560,322.550138,322.562768,322.577422,322.593801,322.611722,322.631017,322.651664,322.674079,322.699293,322.729441,322.768142,,,,,,322.814448
9060,1.58776667,322.542553,322.543757,322.547144,322.552740,322.560532,322.570456,322.582382,322.596429,322.612572,322.631041,322.652221,322.676654,322.705181,322.738651,322.778009,322.824252,,,,,,322.871515
9120,1.58653333,322.563540,322.564706,322.568002,322.573489,322.581232,322.591265,322.603583,322.618449,322.635918,322.656194,322.679406,322.705489,322.734092,322.764219,322.794082,322.820868,,,,,,322.838472
9180,1.58530000,322.584641,322.585848,322.589264,322.594965,322.603028,322.613463,322.626201,322.641341,322.658689,322.678076,322.699225,322.721799,322.745560,322.770533,322.797284,322.827271,,,,,,322.857436
9240,1.58406667,322.606389,322.607609,322.611050,322.616759,322.624761,322.634990,322.647320,322.661774,322.678167,322.696394,322.716305,322.737680,322.760172,322.783161,322.805614,322.825947,,,,,,322.839754
9300,1.58283333,322.627831,322.629010,322.632333,322.637829,322.645503,322.655258,322.666940,322.680502,322.695705,322.712354,322.730251,322.749279,322.769550,322.791634,322.816752,322.847204,,,,,,322.879124
9360,1.58160000,322.648300,322.649411,322.652539,322.657703,322.664901,322.674033,322.684981,322.697758,322.712270,322.728522,322.746553,322.766401,322.788016,322.811131,322.835052,322.858559,,,,,,322.876147
9420,1.58036667,322.667573,322.668627,322.671598,322.676516,322.683403,322.692183,322.702768,322.715167,322.729256,322.744948,322.762160,322.780860,322.801150,322.823434,322.848548,322.878104,,,,,,322.906857
9480,1.57913333,322.686039,322.687054,322.689916,322.694656,322.701301,322.709782,322.720035,322.732110,322.745979,322.761703,322.779415,322.799346,322.821802,322.847206,322.876020,322.908923,,,,,,322.938472
9540,1.57790000,322.703923,322.704917,322.707723,322.712386,322.718962,322.727419,322.737748,322.750057,322.764384,322.780825,322.799517,322.820651,322.844409,322.871047,322.900835,322.934245,,,,,,322.963253
9600,1.57666667,322.721737,322.722743,322.725589,322.730331,322.737047,322.745717,322.756352,322.769051,322.783815,322.800628,322.819388,322.839820,322.861294,322.882698,322.902236,322.917191,,,,,,322.923243
9660,1.57543333,322.739925,322.740952,322.743852,322.748672,322.755461,322.764141,322.774631,322.786869,322.800656,322.815747,322.831897,322.848972,322.867134,322.887189,322.910952,322.941731,,,,,,322.972749
9720,1.57420000,322.758073,322.759068,322.761869,322.766498,322.772973,322.781190,322.791081,322.802643,322.815851,322.830721,322.847305,322.865623,322.885432,322.906068,322.926097,322.943027,,,,,,322.951380
9780,1.57296667,322.775435,322.776387,322.779073,322.783522,322.789766,322.797710,322.807283,322.818417,322.830936,322.844560,322.858892,322.873362,322.887223,322.899579,322.909403,322.915626,,,,,,322.917223
9840,1.57173333,322.792094,322.792996,322.795532,322.799707,322.805504,322.812759,322.821313,322.830974,322.841465,322.852475,322.863722,322.875032,322.886495,322.898655,322.912772,322.931024,,,,,,322.948585
9900,1.57050000,322.807348,322.808145,322.810381,322.814041,322.819095,322.825386,322.832798,322.841234,322.850614,322.860899,322.872131,322.884432,322.897888,322.912527,322.928193,322.944409,,,,,,322.955764
9960,1.56926667,322.820735,322.821442,322.823432,322.826709,322.831278,322.837041,322.843952,322.851976,322.861094,322.871298,322.882662,322.895422,322.909974,322.927105,322.948220,322.975389,,,,,,322.999494
10020,1.56803333,322.832964,322.833630,322.835509,322.838624,322.843017,322.848638,322.855521,322.863733,322.873416,322.884742,322.897993,322.913596,322.931905,322.953342,322.978313,323.007081,,,,,,323.029037
10080,1.56680000,322.844908,322.845586,322.847510,322.850728,322.855329,322.861311,322.868764,322.877790,322.888527,322.901033,322.915331,322.931333,322.948590,322.966316,322.983139,322.997017,,,,,,323.003248
10140,1.56556667,322.857497,322.858224,322.860285,322.863728,322.868632,322.874950,322.882701,322.891857,322.902376,322.914122,322.926992,322.940997,322.956362,322.973848,322.995049,323.022704,,,,,,323.046410
10200,1.56433333,322.870711,322.871450,322.873541,322.877012,322.881919,322.888190,322.895851,322.904912,322.915452,322.927502,322.941124,322.956298,322.972689,322.989517,323.005214,323.017163,,,,,,323.021090
10260,1.56310000,322.883963,322.884703,322.886797,322.890276,322.895195,322.901472,322.909098,322.917993,322.928065,322.939083,322.950783,322.962852,322.975009,322.987162,322.999576,323.013082,,,,,,323.022867
10320,1.56186667,322.897124,322.897842,322.899868,322.903210,322.907885,322.913763,322.920786,322.928833,322.937801,322.947510,322.957788,322.968412,322.979058,322.989252,322.998275,323.005052,,,,,,323.007482
10380,1.56063333,322.909526,322.910186,322.912042,322.915094,322.919339,322.924637,322.930911,322.938024,322.945863,322.954284,322.963246,322.972890,322.983701,322.996761,323.013982,323.038551,,,,,,323.058993
10440,1.55940000,322.920747,322.921339,322.923004,322.925744,322.929575,322.934401,322.940229,322.947051,322.954964,322.964036,322.974383,322.985980,322.998491,323.010976,323.021567,323.027066,,,,,,323.026004
10500,1.55816667,322.931057,322.931623,322.933220,322.935869,322.939609,322.944356,322.950096,322.956724,322.964107,322.971943,322.979809,322.987107,322.993086,322.996882,322.997625,322.994418,,,,,,322.990384
10560,1.55693333,322.940995,322.941526,322.943015,322.945452,322.948816,322.952951,322.957731,322.962944,322.968345,322.973642,322.978563,322.982946,322.986849,322.990720,322.995560,323.003129,,,,,,323.009663
10620,1.55570000,322.949707,322.950139,322.951348,322.953306,322.955970,322.959201,322.962914,322.967010,322.971463,322.976337,322.981892,322.988638,322.997493,323.009883,323.027825,323.054271,,,,,,323.074189
10680,1.55446667,322.956702,322.957061,322.958071,322.959740,322.962096,322.965116,322.968888,322.973524,322.979294,322.986537,322.995765,323.007487,323.022314,323.040723,323.062934,323.088971,,,,,,323.104715
10740,1.55323333,322.963272,322.963664,322.964782,322.966683,322.969475,322.973208,322.978066,322.984199,322.991863,323.001262,323.012628,323.026033,323.041528,323.058954,323.077937,323.097960,,,,,,323.108835
10800,1.55200000,322.971157,322.971646,322.973044,322.975415,322.978873,322.983442,322.989267,322.996414,323.005014,323.015133,323.026844,323.040164,323.055232,323.072253,323.091622,323.114104,,,,,,323.127453
10860,1.55060000,322.980722,322.981291,322.982909,322.985632,322.989550,322.994647,323.001037,323.008754,323.017910,323.028595,323.040916,323.054945,323.070854,323.088757,323.108801,323.131216,,,,,,323.143605
10920,1.54920000,322.991458,322.992080,322.993846,322.996808,323.001046,323.006526,323.013350,323.021519,323.031096,323.042084,323.054394,323.067793,323.081873,323.095875,323.108623,323.118425,,,,,,323.121469
10980,1.54780000,323.003001,323.003656,323.005512,323.008607,323.012987,323.018565,323.025357,323.033237,323.042076,323.051624,323.061493,323.071174,323.079994,323.087147,323.091669,323.092459,,,,,,323.091129
11040,1.54640000,323.014701,323.015332,323.017107,323.020033,323.024087,323.029116,323.035027,323.041608,323.048643,323.055877,323.063082,323.070166,323.077299,323.085101,323.094871,323.108785,,,,,,323.117556
11100,1.54500000,323.025332,323.025875,323.027398,323.029893,323.033321,323.037549,323.042525,323.048148,323.054389,323.061269,323.068870,323.077326,323.086813,323.097416,323.109102,323.121610,,,,,,323.127395
11160,1.54360000,323.034425,323.034900,323.036235,323.038444,323.041523,323.045397,323.050075,323.055498,323.061647,323.068467,323.075839,323.083541,323.091186,323.098139,323.103428,323.105658,,,,,,323.105206
11220,1.54220000,323.042683,323.043126,323.044374,323.046439,323.049312,323.052903,323.057172,323.061976,323.067152,323.072435,323.077442,323.081656,323.084360,323.084647,323.081317,323.072827,,,,,,323.067206
11280,1.54080000,323.050245,323.050631,323.051712,323.053472,323.055855,323.058722,323.061941,323.065298,323.068559,323.071474,323.073867,323.075757,323.077542,323.080252,323.085828,323.097437,,,,,,323.104964
11340,1.53940000,323.056333,323.056618,323.057411,323.058689,323.060396,323.062438,323.064758,323.067303,323.070078,323.073146,323.076599,323.080485,323.084660,323.088572,323.091005,323.089814,,,,,,323.087652
11400,1.53800000,323.060824,323.061047,323.061672,323.062700,323.064116,323.065871,323.067949,323.070295,323.072869,323.075648,323.078672,323.082164,323.086700,323.093453,323.104502,323.123187,,,,,,323.133298
11460,1.53660000,323.064590,323.064788,323.065345,323.066274,323.067581,323.069260,323.071372,323.073974,323.077200,323.081214,323.086152,323.092015,323.098451,323.104481,323.108168,323.106276,,,,,,323.103267
11520,1.53520000,323.068244,323.068458,323.069067,323.070099,323.071575,323.073487,323.075858,323.078620,323.081664,323.084759,323.087528,323.089429,323.089782,323.087793,323.082618,323.073366,,,,,,323.068945
11580,1.53380000,323.072189,323.072399,323.072987,323.073946,323.075237,323.076776,323.078464,323.080149,323.081663,323.082849,323.083658,323.084278,323.085343,323.088182,323.095092,323.109689,,,,,,323.117277
11640,1.53240000,323.075441,323.075587,323.075994,323.076648,323.077519,323.078566,323.079788,323.081204,323.082900,323.085011,323.087667,323.090885,323.094341,323.097092,323.097247,323.091581,,,,,,323.087716
11700,1.53100000,323.077806,323.077930,323.078283,323.078873,323.079701,323.080747,323.082002,323.083395,323.084812,323.086047,323.086791,323.086629,323.085110,323.081791,323.076363,323.068680,,,,,,323.065838
11760,1.52960000,323.079959,323.080063,323.080353,323.080812,323.081402,323.082053,323.082678,323.083163,323.083383,323.083231,323.082681,323.081865,323.081202,323.081539,323.084293,323.091672,,,,,,323.095189
11820,1.52820000,323.081354,323.081403,323.081534,323.081733,323.081971,323.082224,323.082485,323.082790,323.083247,323.084074,323.085633,323.088501,323.093425,323.101450,323.113862,323.132412,,,,,,323.139064
11880,1.52680000,323.082042,323.082084,323.082206,323.082432,323.082804,323.083381,323.084291,323.085677,323.087736,323.090669,323.094585,323.099405,323.104592,323.108952,323.110331,323.105285,,,,,,323.102221
11940,1.52540000,323.083323,323.083428,323.083735,323.084279,323.085102,323.086230,323.087705,323.089489,323.091490,323.093509,323.095246,323.096297,323.096291,323.094935,323.092214,323.088471,,,,,,323.087438
12000,1.52400000,323.085565,323.085692,323.086051,323.086641,323.087440,323.088402,323.089475,323.090578,323.091635,323.092607,323.093557,323.094751,323.096764,323.100675,323.108194,323.121883,,,,,,323.126484
12060,1.52260000,323.087610,323.087708,323.087981,323.088431,323.089053,323.089847,323.090857,323.092165,323.093941,323.096472,323.100170,323.105667,323.113673,323.125137,323.141157,323.163086,,,,,,323.169052
12120,1.52120000,323.089444,323.089564,323.089911,323.090529,323.091478,323.092839,323.094774,323.097455,323.101109,323.105974,323.112220,323.119894,323.128669,323.137759,323.145667,323.150041,,,,,,323.150203
12180,1.51980000,323.092371,323.092579,323.093179,323.094230,323.095787,323.097900,323.100655,323.104056,323.108051,323.112466,323.116945,323.120886,323.123405,323.123280,323.118892,323.108126,,,,,,323.104995
12240,1.51840000,323.096694,323.096945,323.097657,323.098844,323.100476,323.102488,323.104784,323.107171,323.109369,323.110979,323.111484,323.110233,323.106492,323.099483,323.088353,323.072134,,,,,,323.068494
12300,1.51700000,323.100823,323.101007,323.101513,323.102302,323.103276,323.104291,323.105149,323.105598,323.105343,323.104061,323.101449,323.097281,323.091511,323.084389,323.076512,323.068917,,,,,,323.067756
12360,1.51560000,323.102993,323.103043,323.103164,323.103299,323.103350,323.103194,323.102673,323.101637,323.099943,323.097473,323.094135,323.089865,323.084571,323.078122,323.070218,323.060298,,,,,,323.058510
12420,1.51420000,323.102792,323.102727,323.102530,323.102153,323.101536,323.100608,323.099272,323.097456,323.095112,323.092260,323.089046,323.085852,323.083443,323.083099,323.086849,323.097776,,,,,,323.100149
12480,1.51280000,323.100941,323.100813,323.100446,323.099819,323.098930,323.097794,323.096448,323.094989,323.093565,323.092365,323.091564,323.091191,323.090941,323.089920,323.086379,323.077325,,,,,,323.075554
12540,1.51140000,323.098646,323.098533,323.098217,323.097702,323.097015,323.096188,323.095241,323.094181,323.092987,323.091608,323.089988,323.088145,323.086294,323.085031,323.085532,323.089807,,,,,,323.090662
12600,1.51000000,323.096818,323.096727,323.096468,323.096038,323.095452,323.094728,323.093897,323.093020,323.092206,323.091636,323.091604,323.092522,323.094983,323.099719,323.107689,323.120149,,,,,,323.121706
12660,1.50890000,323.095332,323.095267,323.095093,323.094825,323.094514,323.094231,323.094084,323.094225,323.094847,323.096178,323.098482,323.101969,323.106793,323.112929,323.120152,323.127981,,,,,,323.128685
12720,1.50780000,323.094765,323.094773,323.094807,323.094908,323.095133,323.095564,323.096297,323.097432,323.099033,323.101110,323.103558,323.106061,323.108018,323.108431,323.105764,323.097792,,,,,,323.096858
12780,1.50670000,323.095586,323.095660,323.095875,323.096255,323.096810,323.097547,323.098455,323.099488,323.100571,323.101623,323.102627,323.103761,323.105592,323.109317,323.117080,323.132287,,,,,,323.133691
12840,1.50560000,323.097065,323.097146,323.097375,323.097763,323.098310,323.099031,323.099971,323.101218,323.102922,323.105319,323.108752,323.113576,323.120166,323.128764,323.139420,323.151919,,,,,,323.152667
12900,1.50450000,323.098704,323.098813,323.099129,323.099692,323.100543,323.101750,323.103412,323.105660,323.108628,323.112470,323.117367,323.123442,323.130839,323.139683,323.150133,323.162433,,,,,,323.163038
12960,1.50340000,323.101277,323.101452,323.101959,323.102847,323.104155,323.105945,323.108289,323.111260,323.114876,323.119086,323.123685,323.128173,323.131629,323.132509,323.128384,323.115734,,,,,,323.115097
13020,1.50230000,323.104993,323.105215,323.105844,323.106907,323.108381,323.110228,323.112369,323.114641,323.116774,323.118383,323.118919,323.117792,323.114342,323.107971,323.098195,323.084692,,,,,,323.084335
13080,1.50120000,323.108758,323.108929,323.109398,323.110139,323.111057,323.112033,323.112906,323.113481,323.113580,323.113101,323.112123,323.111126,323.111169,323.114216,323.123435,323.143620,,,,,,323.143956
13140,1.50010000,323.110911,323.110980,323.111166,323.111448,323.111792,323.112177,323.112620,323.113212,323.114129,323.115632,323.118038,323.121518,323.125959,323.130648,323.133965,323.133062,,,,,,323.133057
13200,1.49900000,323.111947,323.112009,323.112189,323.112511,323.112997,323.113681,323.114599,323.115776,323.117182,323.118721,323.120182,323.121233,323.121425,323.120183,323.116883,,,,,,,323.110853
13260,1.49790000,323.113334,323.113416,323.113649,323.114039,323.114568,323.115211,323.115921,323.116622,323.117212,323.117572,323.117594,323.117251,323.116642,323.116102,323.116280,,,,,,,323.118186
13320,1.49680000,323.114657,323.114714,323.114870,323.115117,323.115428,323.115775,323.116133,323.116486,323.116852,323.117303,323.117995,323.119193,323.121307,323.124956,323.130948,,,,,,,323.140081
13380,1.49570000,323.115472,323.115510,323.115620,323.115809,323.116085,323.116476,323.117031,323.117849,323.119080,323.120968,323.123883,323.128337,323.135056,323.145098,323.159824,,,,,,,323.180164
13440,1.49460000,323.116404,323.116478,323.116698,323.117109,323.117760,323.118749,323.120196,323.122289,323.125196,323.129083,323.133983,323.139643,323.145331,323.149538,323.149745,,,,,,,323.142719
13500,1.49350000,323.118506,323.118661,323.119110,323.119900,323.121054,323.122611,323.124577,323.126941,323.129616,323.132500,323.135528,323.138821,323.142912,323.149069,323.159589,,,,,,,323.176736
13560,1.49240000,323.121692,323.121874,323.122390,323.123269,323.124500,323.126105,323.128102,323.130546,323.133468,323.136879,323.140636,323.144267,323.146694,323.145841,323.138280,,,,,,,323.120678
13620,1.49130000,323.125125,323.125314,323.125849,323.126747,323.127968,323.129466,323.131142,323.132824,323.134250,323.135075,323.134952,323.133654,323.131305,323.128671,323.127474,,,,,,,323.130161
13680,1.49020000,323.128194,323.128325,323.128684,323.129249,323.129949,323.130706,323.131436,323.132062,323.132560,323.132982,323.133492,323.134381,323.136058,323.139026,323.143852,,,,,,,323.150346
13740,1.48910000,323.129942,323.130011,323.130202,323.130512,323.130922,323.131427,323.132027,323.132738,323.133570,323.134494,323.135367,323.135815,323.135074,323.131795,323.123817,,,,,,,323.110076
13800,1.48800000,323.131065,323.131119,323.131270,323.131512,323.131816,323.132134,323.132380,323.132405,323.131985,323.130790,323.128435,323.124442,323.118360,323.109836,323.098652,,,,,,,323.086546
13860,1.48690000,323.131638,323.131634,323.131609,323.131518,323.131294,323.130829,323.129997,323.128626,323.126556,323.123635,323.119829,323.115219,323.110155,323.105321,323.101839,,,,,,,323.101206
13920,1.48580000,323.130696,323.130600,323.130318,323.129802,323.129022,323.127920,323.126476,323.124694,323.122678,323.120679,323.119158,323.118912,323.121173,323.127698,323.141072,,,,,,,323.160739
13980,1.48470000,323.128539,323.128420,323.128088,323.127549,323.126863,323.126119,323.125469,323.125153,323.125506,323.126935,323.129816,323.134478,323.140922,323.148649,323.156485,,,,,,,323.161702
14040,1.48360000,323.127079,323.127055,323.127002,323.126977,323.127065,323.127395,323.128101,323.129350,323.131312,323.134151,323.138039,323.143284,323.150370,323.160096,323.173897,,,,,,,323.190134
14100,1.48250000,323.127692,323.127780,323.128044,323.128547,323.129350,323.130574,323.132344,323.134845,323.138295,323.142928,323.148953,323.156608,323.165983,323.176969,323.189264,,,,,,,323.199990
14160,1.48140000,323.130275,323.130467,323.131026,323.132027,323.133511,323.135588,323.138340,323.141872,323.146249,323.151450,323.157317,323.163519,323.169410,323.173995,323.175772,,,,,,,323.173715
14220,1.48030000,323.134590,323.134855,323.135610,323.136908,323.138728,323.141092,323.143960,323.147280,323.150946,323.154819,323.158780,323.162820,323.167165,323.172437,323.179859,,,,,,,323.188724
14280,1.47920000,323.139540,323.139801,323.140540,323.141784,323.143483,323.145632,323.148186,323.151106,323.154314,323.157649,323.160783,323.163042,323.163189,323.159163,323.147674,,,,,,,323.130059
14340,1.47810000,323.144117,323.144344,323.144979,323.146021,323.147382,323.148966,323.150592,323.151992,323.152769,323.152405,323.150301,323.145759,323.138192,323.127217,323.112749,,,,,,,323.099148
14400,1.47700000,323.147371,323.147478,323.147760,323.148155,323.148536,323.148726,323.148523,323.147690,323.146015,323.143410,323.140021,323.136386,323.133679,323.133940,323.140330,,,,,,,323.152370
14460,1.47600000,323.147640,323.147629,323.147582,323.147454,323.147191,323.146715,323.145975,323.144944,323.143651,323.142216,323.140835,323.139765,323.139246,323.139381,323.140006,,,,,,,323.140563
14520,1.47500000,323.146777,323.146723,323.146567,323.146289,323.145887,323.145349,323.144686,323.143925,323.143115,323.142332,323.141657,323.141171,323.140929,323.140954,323.141230,,,,,,,323.141588
14580,1.47400000,323.145753,323.145699,323.145547,323.145292,323.144948,323.144524,323.144043,323.143534,323.143032,323.142580,323.142217,323.141979,323.141891,323.141965,323.142205,,,,,,,323.142489
14640,1.47300000,323.144921,323.144880,323.144764,323.144575,323.144327,323.144033,323.143712,323.143388,323.143085,323.142828,323.142640,323.142540,323.142542,323.142654,323.142878,,,,,,,323.143113
14700,1.47200000,323.144337,323.144309,323.144230,323.144103,323.143940,323.143750,323.143551,323.143356,323.143184,323.143050,323.142969,323.142952,323.143007,323.143139,323.143348,,,,,,,323.143548
14760,1.47100000,323.143960,323.143943,323.143894,323.143815,323.143716,323.143603,323.143489,323.143384,323.143299,323.143245,323.143231,323.143265,323.143350,323.143491,323.143687,,,,,,,323.143861
14820,1.47000000,323.143739,323.143729,323.143701,323.143657,323.143603,323.143544,323.143489,323.143444,323.143417,323.143415,323.143444,323.143508,323.143611,323.143754,323.143938,,,,,,,323.144093
14880,1.46900000,323.143626,323.143621,323.143608,323.143588,323.143565,323.143543,323.143527,323.143522,323.143533,323.143565,323.143620,323.143703,323.143815,323.143958,323.144131,,,,,,,323.144270
14940,1.46800000,323.143588,323.143586,323.143583,323.143579,323.143577,323.143580,323.143590,323.143611,323.143646,323.143699,323.143771,323.143864,323.143980,323.144120,323.144284,,,,,,,323.144410
15000,1.46700000,323.143598,323.143599,323.143603,323.143610,323.143621,323.143640,323.143666,323.143704,323.143755,323.143820,323.143902,323.144000,323.144117,323.144253,323.144408,,,,,,,323.144524
15060,1.46600000,323.143641,323.143644,323.143652,323.143665,323.143685,323.143714,323.143751,323.143799,323.143859,323.143931,323.144018,323.144118,323.144234,323.144365,323.144512,,,,,,,323.144619
15120,1.46500000,323.143704,323.143708,323.143718,323.143736,323.143762,323.143796,323.143840,323.143894,323.143958,323.144034,323.144122,323.144223,323.144336,323.144461,323.144601,,,,,,,323.144700
15180,1.46400000,323.143780,323.143784,323.143796,323.143816,323.143845,323.143883,323.143930,323.143986,323.144053,323.144130,323.144218,323.144317,323.144426,323.144547,323.144679,,,,,,,323.144772
15240,1.46300000,323.143862,323.143866,323.143879,323.143901,323.143931,323.143970,323.144019,323.144076,323.144144,323.144221,323.144307,323.144403,323.144508,323.144624,323.144750,,,,,,,323.144836
15300,1.46200000,323.143947,323.143952,323.143965,323.143987,323.144017,323.144057,323.144106,323.144164,323.144230,323.144305,323.144390,323.144482,323.144584,323.144694,323.144814,,,,,,,323.144894
15360,1.46100000,323.144033,323.144037,323.144051,323.144073,323.144103,323.144143,323.144191,323.144247,323.144312,323.144386,323.144467,323.144556,323.144653,323.144759,323.144873,,,,,,,323.144948
15420,1.46000000,323.144118,323.144122,323.144135,323.144157,323.144187,323.144226,323.144273,323.144328,323.144391,323.144462,323.144540,323.144626,323.144718,323.144819,323.144927,,,,,,,323.144997
15480,1.45900000,323.144201,323.144206,323.144218,323.144239,323.144269,323.144306,323.144352,323.144405,323.144466,323.144534,323.144609,323.144691,323.144779,323.144875,323.144979,,,,,,,323.145044
15540,1.45800000,323.144282,323.144286,323.144298,323.144319,323.144347,323.144383,323.144427,323.144478,323.144537,323.144602,323.144674,323.144752,323.144837,323.144928,323.145027,,,,,,,323.145088
15600,1.45700000,323.144360,323.144364,323.144376,323.144395,323.144423,323.144457,323.144500,323.144549,323.144605,323.144667,323.144736,323.144811,323.144891,323.144978,323.145072,,,,,,,323.145129
15660,1.45600000,323.144435,323.144439,323.144450,323.144469,323.144495,323.144528,323.144569,323.144616,323.144669,323.144729,323.144794,323.144866,323.144943,323.145025,323.145115,,,,,,,323.145168
15720,1.45500000,323.144507,323.144510,323.144521,323.144539,323.144564,323.144596,323.144635,323.144680,323.144731,323.144788,323.144850,323.144918,323.144991,323.145070,323.145155,,,,,,,323.145205
15780,1.45400000,323.144575,323.144579,323.144589,323.144606,323.144630,323.144661,323.144698,323.144740,323.144789,323.144843,323.144903,323.144968,323.145038,323.145113,323.145194,,,,,,,323.145240
15840,1.45300000,323.144641,323.144644,323.144654,323.144671,323.144693,323.144722,323.144758,323.144798,323.144845,323.144897,323.144953,323.145015,323.145082,323.145153,323.145230,,,,,,,323.145274
15900,1.45200000,323.144703,323.144707,323.144716,323.144732,323.144754,323.144781,323.144815,323.144854,323.144898,323.144947,323.145001,323.145060,323.145123,323.145191,323.145265,,,,,,,323.145306
15960,1.45100000,323.144763,323.144766,323.144775,323.144790,323.144811,323.144837,323.144869,323.144906,323.144948,323.144995,323.145047,323.145103,323.145163,323.145228,323.145298,,,,,,,323.145336
16020,1.45000000,323.144820,323.144823,323.144832,323.144846,323.144866,323.144891,323.144921,323.144956,323.144997,323.145041,323.145090,323.145144,323.145201,323.145263,323.145329,,,,,,,323.145364
16080,1.44900000,323.144874,323.144877,323.144885,323.144899,323.144918,323.144942,323.144970,323.145004,323.145042,323.145085,323.145132,323.145182,323.145237,323.145295,323.145359,,,,,,,323.145392
16140,1.44800000,323.144926,323.144929,323.144936,323.144949,323.144967,323.144990,323.145017,323.145049,323.145086,323.145126,323.145171,323.145219,323.145271,323.145327,323.145387,,,,,,,323.145418
16200,1.44700000,323.144975,323.144978,323.144985,323.144997,323.145014,323.145036,323.145062,323.145093,323.145127,323.145166,323.145208,323.145254,323.145303,323.145357,323.145414,,,,,,,323.145443
16260,1.44623333,323.145022,323.145024,323.145031,323.145043,323.145059,323.145080,323.145105,323.145134,323.145167,323.145203,323.145244,323.145287,323.145334,323.145385,323.145439,,,,,,,323.145466
16320,1.44546667,323.145066,323.145069,323.145075,323.145087,323.145102,323.145122,323.145145,323.145173,323.145204,323.145239,323.145277,323.145319,323.145363,323.145412,323.145463,,,,,,,323.145489
16380,1.44470000,323.145109,323.145111,323.145117,323.145128,323.145143,323.145161,323.145184,323.145210,323.145240,323.145273,323.145309,323.145349,323.145391,323.145437,323.145486,,,,,,,323.145510
16440,1.44393333,323.145149,323.145151,323.145157,323.145167,323.145181,323.145199,323.145220,323.145245,323.145274,323.145305,323.145340,323.145377,323.145418,323.145461,323.145508,,,,,,,323.145530
16500,1.44316667,323.145188,323.145190,323.145195,323.145205,323.145218,323.145235,323.145255,323.145279,323.145306,323.145336,323.145369,323.145404,323.145443,323.145484,323.145529,,,,,,,323.145549
16560,1.44240000,323.145224,323.145226,323.145231,323.145240,323.145253,323.145269,323.145288,323.145311,323.145337,323.145365,323.145396,323.145430,323.145467,323.145506,323.145549,,,,,,,323.145568
16620,1.44163333,323.145259,323.145261,323.145266,323.145274,323.145286,323.145302,323.145320,323.145341,323.145366,323.145393,323.145423,323.145455,323.145490,323.145527,323.145567,,,,,,,323.145585
16680,1.44086667,323.145292,323.145293,323.145298,323.145307,323.145318,323.145332,323.145350,323.145370,323.145393,323.145419,323.145448,323.145478,323.145511,323.145547,323.145585,,,,,,,323.145602
16740,1.44010000,323.145323,323.145325,323.145329,323.145337,323.145348,323.145362,323.145378,323.145398,323.145420,323.145444,323.145471,323.145500,323.145532,323.145566,323.145602,,,,,,,323.145618
16800,1.43933333,323.145353,323.145355,323.145359,323.145366,323.145377,323.145390,323.145406,323.145424,323.145445,323.145468,323.145494,323.145521,323.145551,323.145584,323.145618,,,,,,,323.145633
16860,1.43856667,323.145381,323.145383,323.145387,323.145394,323.145404,323.145416,323.145431,323.145449,323.145469,323.145491,323.145515,323.145542,323.145570,323.145601,323.145634,,,,,,,323.145647
16920,1.43780000,323.145408,323.145410,323.145414,323.145421,323.145430,323.145442,323.145456,323.145473,323.145491,323.145512,323.145536,323.145561,323.145588,323.145617,323.145648,,,,,,,323.145661
16980,1.43703333,323.145434,323.145435,323.145439,323.145446,323.145454,323.145466,323.145479,323.145495,323.145513,323.145533,323.145555,323.145579,323.145604,323.145632,323.145662,,,,,,,323.145674
17040,1.43626667,323.145458,323.145460,323.145463,323.145469,323.145478,323.145488,323.145501,323.145516,323.145533,323.145552,323.145573,323.145596,323.145620,323.145647,323.145675,,,,,,,323.145686
17100,1.43550000,323.145482,323.145483,323.145486,323.145492,323.145500,323.145510,323.145522,323.145537,323.145553,323.145571,323.145591,323.145612,323.145636,323.145660,323.145687,,,,,,,323.145698
17160,1.43473333,323.145504,323.145505,323.145508,323.145514,323.145521,323.145531,323.145542,323.145556,323.145571,323.145589,323.145607,323.145628,323.145650,323.145674,323.145699,,,,,,,323.145709
17220,1.43396667,323.145525,323.145526,323.145529,323.145534,323.145541,323.145550,323.145562,323.145574,323.145589,323.145605,323.145623,323.145643,323.145664,323.145686,323.145710,,,,,,,323.145719
17280,1.43320000,323.145545,323.145546,323.145549,323.145554,323.145560,323.145569,323.145580,323.145592,323.145606,323.145621,323.145638,323.145657,323.145677,323.145698,323.145721,,,,,,,323.145729
17340,1.43243333,323.145564,323.145565,323.145567,323.145572,323.145579,323.145587,323.145597,323.145608,323.145622,323.145636,323.145652,323.145670,323.145689,323.145709,323.145731,,,,,,,323.145739
17400,1.43166667,323.145582,323.145582,323.145585,323.145590,323.145596,323.145604,323.145613,323.145624,323.145637,323.145651,323.145666,323.145683,323.145701,323.145720,323.145741,,,,,,,323.145748
17460,1.43090000,323.145599,323.145600,323.145602,323.145606,323.145612,323.145620,323.145629,323.145639,323.145651,323.145664,323.145679,323.145695,323.145712,323.145730,323.145750,,,,,,,323.145756
17520,1.43013333,323.145615,323.145616,323.145618,323.145622,323.145628,323.145635,323.145643,323.145653,323.145665,323.145677,323.145691,323.145706,323.145722,323.145740,323.145759,,,,,,,323.145765
17580,1.42936667,323.145630,323.145631,323.145633,323.145637,323.145643,323.145649,323.145657,323.145667,323.145678,323.145690,323.145703,323.145717,323.145732,323.145749,323.145767,,,,,,,323.145772
17640,1.42860000,323.145645,323.145646,323.145648,323.145652,323.145657,323.145663,323.145671,323.145680,323.145690,323.145701,323.145714,323.145727,323.145742,323.145758,323.145775,,,,,,,323.145780
17700,1.42783333,323.145659,323.145660,323.145662,323.145665,323.145670,323.145676,323.145683,323.145692,323.145702,323.145712,323.145724,323.145737,323.145751,323.145766,323.145782,,,,,,,323.145787
17760,1.42706667,323.145672,323.145673,323.145675,323.145678,323.145683,323.145688,323.145695,323.145703,323.145713,323.145723,323.145734,323.145746,323.145760,323.145774,323.145789,,,,,,,323.145793
17820,1.42630000,323.145685,323.145685,323.145687,323.145690,323.145695,323.145700,323.145707,323.145714,323.145723,323.145733,323.145744,323.145755,323.145768,323.145781,323.145796,,,,,,,323.145800
17880,1.42553333,323.145697,323.145697,323.145699,323.145702,323.145706,323.145711,323.145718,323.145725,323.145733,323.145742,323.145753,323.145764,323.145775,323.145788,323.145802,,,,,,,323.145806
17940,1.42476667,323.145708,323.145709,323.145710,323.145713,323.145717,323.145722,323.145728,323.145735,323.145743,323.145751,323.145761,323.145772,323.145783,323.145795,323.145808,,,,,,,323.145812
18000,1.42400000,323.145719,323.145719,323.145721,323.145724,323.145727,323.145732,323.145738,323.145744,323.145752,323.145760,323.145769,323.145779,323.145790,323.145801,323.145814,,,,,,,323.145817
18060,1.42310000,323.145729,323.145730,323.145731,323.145734,323.145737,323.145742,323.145747,323.145753,323.145760,323.145768,323.145777,323.145786,323.145796,323.145807,323.145819,,,,,,,323.145822
18120,1.42220000,323.145739,323.145739,323.145741,323.145743,323.145746,323.145751,323.145756,323.145762,323.145768,323.145776,323.145784,323.145793,323.145803,323.145813,323.145824,,,,,,,323.145827
18180,1.42130000,323.145748,323.145748,323.145750,323.145752,323.145755,323.145759,323.145764,323.145770,323.145776,323.145783,323.145791,323.145800,323.145809,323.145819,323.145829,,,,,,,323.145832
18240,1.42040000,323.145757,323.145757,323.145758,323.145761,323.145764,323.145767,323.145772,323.145777,323.145783,323.145790,323.145798,323.145806,323.145814,323.145824,323.145834,,,,,,,323.145836
18300,1.41950000,323.145765,323.145765,323.145767,323.145769,323.145772,323.145775,323.145780,323.145785,323.145790,323.145797,323.145804,323.145811,323.145820,323.145829,323.145838,,,,,,,323.145840
18360,1.41860000,323.145773,323.145773,323.145775,323.145776,323.145779,323.145783,323.145787,323.145792,323.145797,323.145803,323.145810,323.145817,323.145825,323.145833,323.145842,,,,,,,323.145844
18420,1.41770000,323.145780,323.145781,323.145782,323.145784,323.145786,323.145790,323.145794,323.145798,323.145803,323.145809,323.145815,323.145822,323.145830,323.145838,323.145846,,,,,,,323.145848
18480,1.41680000,323.145788,323.145788,323.145789,323.145791,323.145793,323.145796,323.145800,323.145804,323.145809,323.145815,323.145821,323.145827,323.145834,323.145842,323.145850,,,,,,,323.145852
18540,1.41590000,323.145794,323.145795,323.145796,323.145797,323.145800,323.145803,323.145806,323.145810,323.145815,323.145820,323.145826,323.145832,323.145839,323.145846,323.145854,,,,,,,323.145855
18600,1.41500000,323.145801,323.145801,323.145802,323.145804,323.145806,323.145809,323.145812,323.145816,323.145820,323.145825,323.145831,323.145836,323.145843,323.145850,323.145857,,,,,,,323.145858
18660,1.41410000,323.145807,323.145807,323.145808,323.145810,323.145812,323.145814,323.145817,323.145821,323.145825,323.145830,323.145835,323.145841,323.145847,323.145853,323.145860,,,,,,,323.145861
18720,1.41320000,323.145813,323.145813,323.145814,323.145815,323.145817,323.145820,323.145823,323.145826,323.145830,323.145835,323.145839,323.145845,323.145850,323.145857,323.145863,,,,,,,323.145864
18780,1.41230000,323.145818,323.145818,323.145819,323.145820,323.145822,323.145825,323.145828,323.145831,323.145835,323.145839,323.145844,323.145849,323.145854,323.145860,323.145866,,,,,,,323.145867
18840,1.41140000,323.145823,323.145824,323.145824,323.145826,323.145827,323.145830,323.145832,323.145835,323.145839,323.145843,323.145847,323.145852,323.145857,323.145863,323.145869,,,,,,,323.145870
18900,1.41050000,323.145828,323.145828,323.145829,323.145830,323.145832,323.145834,323.145837,323.145840,323.145843,323.145847,323.145851,323.145856,323.145860,323.145866,323.145871,,,,,,,323.145872
18960,1.40960000,323.145833,323.145833,323.145834,323.145835,323.145837,323.145839,323.145841,323.145844,323.145847,323.145851,323.145855,323.145859,323.145863,323.145868,323.145874,,,,,,,323.145874
19020,1.40870000,323.145837,323.145838,323.145838,323.145839,323.145841,323.145843,323.145845,323.145848,323.145851,323.145854,323.145858,323.145862,323.145866,323.145871,323.145876,,,,,,,323.145877
19080,1.40780000,323.145842,323.145842,323.145842,323.145843,323.145845,323.145847,323.145849,323.145851,323.145854,323.145857,323.145861,323.145865,323.145869,323.145873,323.145878,,,,,,,323.145879
19140,1.40690000,323.145846,323.145846,323.145846,323.145847,323.145849,323.145850,323.145852,323.145855,323.145858,323.145861,323.145864,323.145868,323.145872,323.145876,323.145880,,,,,,,323.145881
19200,1.40600000,323.145849,323.145849,323.145850,323.145851,323.145852,323.145854,323.145856,323.145858,323.145861,323.145864,323.145867,323.145870,323.145874,323.145878,323.145882,,,,,,,323.145883
19260,1.40510000,323.145853,323.145853,323.145854,323.145854,323.145856,323.145857,323.145859,323.145861,323.145864,323.145866,323.145869,323.145873,323.145876,323.145880,323.145884,,,,,,,323.145884
19320,1.40420000,323.145856,323.145856,323.145857,323.145858,323.145859,323.145860,323.145862,323.145864,323.145867,323.145869,323.145872,323.145875,323.145878,323.145882,323.145886,,,,,,,323.145886
19380,1.40330000,323.145859,323.145860,323.145860,323.145861,323.145862,323.145863,323.145865,323.145867,323.145869,323.145872,323.145874,323.145877,323.145881,323.145884,323.145888,,,,,,,323.145888
19440,1.40240000,323.145863,323.145863,323.145863,323.145864,323.145865,323.145866,323.145868,323.145870,323.145872,323.145874,323.145877,323.145879,323.145882,323.145886,323.145889,,,,,,,323.145889
19500,1.40150000,323.145865,323.145866,323.145866,323.145867,323.145868,323.145869,323.145870,323.145872,323.145874,323.145876,323.145879,323.145881,323.145884,323.145887,323.145891,,,,,,,323.145891
19560,1.40060000,323.145868,323.145868,323.145869,323.145869,323.145870,323.145872,323.145873,323.145875,323.145876,323.145879,323.145881,323.145883,323.145886,323.145889,323.145892,,,,,,,323.145892
19620,1.39970000,323.145871,323.145871,323.145871,323.145872,323.145873,323.145874,323.145875,323.145877,323.145879,323.145881,323.145883,323.145885,323.145888,323.145891,,,,,,,,323.145894
19680,1.39880000,323.145873,323.145873,323.145874,323.145874,323.145875,323.145876,323.145878,323.145879,323.145881,323.145883,323.145885,323.145887,323.145889,323.145892,,,,,,,,323.145895
19740,1.39790000,323.145876,323.145876,323.145876,323.145877,323.145877,323.145878,323.145880,323.145881,323.145883,323.145884,323.145886,323.145889,323.145891,323.145893,,,,,,,,323.145896
19800,1.39700000,323.145878,323.145878,323.145878,323.145879,323.145880,323.145880,323.145882,323.145883,323.145884,323.145886,323.145888,323.145890,323.145892,323.145895,,,,,,,,323.145897
19860,1.39623333,323.145880,323.145880,323.145880,323.145881,323.145882,323.145882,323.145884,323.145885,323.145886,323.145888,323.145890,323.145891,323.145894,323.145896,,,,,,,,323.145898
19920,1.39546667,323.145882,323.145882,323.145882,323.145883,323.145883,323.145884,323.145885,323.145887,323.145888,323.145889,323.145891,323.145893,323.145895,323.145897,,,,,,,,323.145899
19980,1.39470000,323.145884,323.145884,323.145884,323.145885,323.145885,323.145886,323.145887,323.145888,323.145889,323.145891,323.145892,323.145894,323.145896,323.145898,,,,,,,,323.145900
20040,1.39393333,323.145886,323.145886,323.145886,323.145886,323.145887,323.145888,323.145889,323.145890,323.145891,323.145892,323.145894,323.145895,323.145897,323.145899,,,,,,,,323.145901
20100,1.39316667,323.145887,323.145887,323.145888,323.145888,323.145889,323.145889,323.145890,323.145891,323.145892,323.145894,323.145895,323.145897,323.145898,323.145900,,,,,,,,323.145902
20160,1.39240000,323.145889,323.145889,323.145889,323.145890,323.145890,323.145891,323.145892,323.145893,323.145894,323.145895,323.145896,323.145898,323.145899,323.145901,,,,,,,,323.145903
20220,1.39163333,323.145890,323.145890,323.145891,323.145891,323.145892,323.145892,323.145893,323.145894,323.145895,323.145896,323.145897,323.145899,323.145900,323.145902,,,,,,,,323.145903
20280,1.39086667,323.145892,323.145892,323.145892,323.145892,323.145893,323.145894,323.145894,323.145895,323.145896,323.145897,323.145898,323.145900,323.145901,323.145903,,,,,,,,323.145904
20340,1.39010000,323.145893,323.145893,323.145893,323.145894,323.145894,323.145895,323.145895,323.145896,323.145897,323.145898,323.145899,323.145901,323.145902,323.145903,,,,,,,,323.145905
20400,1.38933333,323.145894,323.145895,323.145895,323.145895,323.145895,323.145896,323.145897,323.145897,323.145898,323.145899,323.145900,323.145901,323.145903,323.145904,,,,,,,,323.145905
20460,1.38856667,323.145896,323.145896,323.145896,323.145896,323.145897,323.145897,323.145898,323.145898,323.145899,323.145900,323.145901,323.145902,323.145904,323.145905,,,,,,,,323.145906
20520,1.38780000,323.145897,323.145897,323.145897,323.145897,323.145898,323.145898,323.145899,323.145899,323.145900,323.145901,323.145902,323.145903,323.145904,323.145905,,,,,,,,323.145907
20580,1.38703333,323.145898,323.145898,323.145898,323.145898,323.145899,323.145899,323.145900,323.145900,323.145901,323.145902,323.145903,323.145904,323.145905,323.145906,,,,,,,,323.145907
20640,1.38626667,323.145899,323.145899,323.145899,323.145899,323.145900,323.145900,323.145901,323.145901,323.145902,323.145903,323.145904,323.145905,323.145906,323.145907,,,,,,,,323.145908
20700,1.38550000,323.145900,323.145900,323.145900,323.145900,323.145901,323.145901,323.145902,323.145902,323.145903,323.145904,323.145904,323.145905,323.145906,323.145907,,,,,,,,323.145908
20760,1.38473333,323.145901,323.145901,323.145901,323.145901,323.145902,323.145902,323.145902,323.145903,323.145904,323.145904,323.145905,323.145906,323.145907,323.145908,,,,,,,,323.145909
20820,1.38396667,323.145902,323.145902,323.145902,323.145902,323.145902,323.145903,323.145903,323.145904,323.145904,323.145905,323.145906,323.145906,323.145907,323.145908,,,,,,,,323.145909
20880,1.38320000,323.145903,323.145903,323.145903,323.145903,323.145903,323.145904,323.145904,323.145904,323.145905,323.145906,323.145906,323.145907,323.145908,323.145909,,,,,,,,323.145910
20940,1.38243333,323.145903,323.145903,323.145903,323.145904,323.145904,323.145904,323.145905,323.145905,323.145906,323.145906,323.145907,323.145908,323.145908,323.145909,,,,,,,,323.145910
21000,1.38166667,323.145904,323.145904,323.145904,323.145904,323.145905,323.145905,323.145905,323.145906,323.145906,323.145907,323.145907,323.145908,323.145909,323.145910,,,,,,,,323.145910
21060,1.38090000,323.145905,323.145905,323.145905,323.145905,323.145905,323.145906,323.145906,323.145906,323.145907,323.145907,323.145908,323.145909,323.145909,323.145910,,,,,,,,323.145911
21120,1.38013333,323.145905,323.145905,323.145906,323.145906,323.145906,323.145906,323.145907,323.145907,323.145907,323.145908,323.145908,323.145909,323.145910,323.145910,,,,,,,,323.145911
21180,1.37936667,323.145906,323.145906,323.145906,323.145906,323.145907,323.145907,323.145907,323.145907,323.145908,323.145908,323.145909,323.145909,323.145910,323.145911,,,,,,,,323.145911
21240,1.37860000,323.145907,323.145907,323.145907,323.145907,323.145907,323.145907,323.145908,323.145908,323.145908,323.145909,323.145909,323.145910,323.145910,323.145911,,,,,,,,323.145912
21300,1.37783333,323.145907,323.145907,323.145907,323.145907,323.145908,323.145908,323.145908,323.145908,323.145909,323.145909,323.145910,323.145910,323.145911,323.145911,,,,,,,,323.145912
21360,1.37706667,323.145908,323.145908,323.145908,323.145908,323.145908,323.145908,323.145909,323.145909,323.145909,323.145910,323.145910,323.145911,323.145911,323.145912,,,,,,,,323.145912
21420,1.37630000,323.145908,323.145908,323.145908,323.145908,323.145909,323.145909,323.145909,323.145909,323.145910,323.145910,323.145910,323.145911,323.145911,323.145912,,,,,,,,323.145912
21480,1.37553333,323.145909,323.145909,323.145909,323.145909,323.145909,323.145909,323.145909,323.145910,323.145910,323.145910,323.145911,323.145911,323.145912,323.145912,,,,,,,,323.145913
21540,1.37476667,323.145909,323.145909,323.145909,323.145909,323.145909,323.145910,323.145910,323.145910,323.145910,323.145911,323.145911,323.145912,323.145912,323.145912,,,,,,,,323.145913
21600,1.37400000,323.145910,323.145910,323.145910,323.145910,323.145910,323.145910,323.145910,323.145911,323.145911,323.145911,323.145911,323.145912,323.145912,323.145913,,,,,,,,323.145913
21660,1.37340000,323.145910,323.145910,323.145910,323.145910,323.145910,323.145910,323.145911,323.145911,323.145911,323.145911,323.145912,323.145912,323.145913,323.145913,,,,,,,,323.145913
21720,1.37280000,323.145910,323.145910,323.145910,323.145910,323.145911,323.145911,323.145911,323.145911,323.145911,323.145912,323.145912,323.145912,323.145913,323.145913,,,,,,,,323.145913
21780,1.37220000,323.145911,323.145911,323.145911,323.145911,323.145911,323.145911,323.145911,323.145912,323.145912,323.145912,323.145912,323.145913,323.145913,323.145913,,,,,,,,323.145914
21840,1.37160000,323.145911,323.145911,323.145911,323.145911,323.145911,323.145911,323.145912,323.145912,323.145912,323.145912,323.145913,323.145913,323.145913,323.145914,,,,,,,,323.145914
21900,1.37100000,323.145911,323.145911,323.145911,323.145911,323.145912,323.145912,323.145912,323.145912,323.145912,323.145913,323.145913,323.145913,323.145913,323.145914,,,,,,,,323.145914
21960,1.37040000,323.145912,323.145912,323.145912,323.145912,323.145912,323.145912,323.145912,323.145912,323.145913,323.145913,323.145913,323.145913,323.145914,323.145914,,,,,,,,323.145914
22020,1.36980000,323.145912,323.145912,323.145912,323.145912,323.145912,323.145912,323.145912,323.145913,323.145913,323.145913,323.145913,323.145913,323.145914,323.145914,,,,,,,,323.145914
22080,1.36920000,323.145912,323.145912,323.145912,323.145912,323.145912,323.145913,323.145913,323.145913,323.145913,323.145913,323.145913,323.145914,323.145914,323.145914,,,,,,,,323.145914
22140,1.36860000,323.145912,323.145912,323.145912,323.145913,323.145913,323.145913,323.145913,323.145913,323.145913,323.145913,323.145914,323.145914,323.145914,323.145914,,,,,,,,323.145915
22200,1.36800000,323.145913,323.145913,323.145913,323.145913,323.145913,323.145913,323.145913,323.145913,323.145913,323.145914,323.145914,323.145914,323.145914,323.145914,,,,,,,,323.145915
22260,1.36740000,323.145913,323.145913,323.145913,323.145913,323.145913,323.145913,323.145913,323.145913,323.145914,323.145914,323.145914,323.145914,323.145914,323.145915,,,,,,,,323.145915
22320,1.36680000,323.145913,323.145913,323.145913,323.145913,323.145913,323.145913,323.145913,323.145914,323.145914,323.145914,323.145914,323.145914,323.145914,323.145915,,,,,,,,323.145915
22380,1.36620000,323.145913,323.145913,323.145913,323.145913,323.145913,323.145914,323.145914,323.145914,323.145914,323.145914,323.145914,323.145914,323.145915,323.145915,,,,,,,,323.145915
22440,1.36560000,323.145914,323.145914,323.145914,323.145914,323.145914,323.145914,323.145914,323.145914,323.145914,323.145914,323.145914,323.145915,323.145915,323.145915,,,,,,,,323.145915
22500,1.36500000,323.145914,323.145914,323.145914,323.145914,323.145914,323.145914,323.145914,323.145914,323.145914,323.145914,323.145915,323.145915,323.145915,323.145915,,,,,,,,323.145915
22560,1.36440000,323.145914,323.145914,323.145914,323.145914,323.145914,323.145914,323.145914,323.145914,323.145914,323.145914,323.145915,323.145915,323.145915,323.145915,,,,,,,,323.145915
22620,1.36380000,323.145914,323.145914,323.145914,323.145914,323.145914,323.145914,323.145914,323.145914,323.145914,323.145915,323.145915,323.145915,323.145915,323.145915,,,,,,,,323.145915
22680,1.36320000,323.145914,323.145914,323.145914,323.145914,323.145914,323.145914,323.145914,323.145915,323.145915,323.145915,323.145915,323.145915,323.145915,323.145915,,,,,,,,323.145915
22740,1.36260000,323.145914,323.145914,323.145914,323.145914,323.145914,323.145914,323.145915,323.145915,323.145915,323.145915,323.145915,323.145915,323.145915,323.145915,,,,,,,,323.145915
22800,1.36200000,323.145914,323.145914,323.145914,323.145915,323.145915,323.145915,323.145915,323.145915,323.145915,323.145915,323.145915,323.145915,323.145915,323.145915,,,,,,,,323.145916
22860,1.36140000,323.145915,323.145915,323.145915,323.145915,323.145915,323.145915,323.145915,323.145915,323.145915,323.145915,323.145915,323.145915,323.145915,323.145916,,,,,,,,323.145916
22920,1.36080000,323.145915,323.145915,323.145915,323.145915,323.145915,323.145915,323.145915,323.145915,323.145915,323.145915,323.145915,323.145915,323.145915,323.145916,,,,,,,,323.145916
22980,1.36020000,323.145915,323.145915,323.145915,323.145915,323.145915,323.145915,323.145915,323.145915,323.145915,323.145915,323.145915,323.145915,323.145916,323.145916,,,,,,,,323.145916
23040,1.35960000,323.145915,323.145915,323.145915,323.145915,323.145915,323.145915,323.145915,323.145915,323.145915,323.145915,323.145915,323.145915,323.145916,323.145916,,,,,,,,323.145916
23100,1.35900000,323.145915,323.145915,323.145915,323.145915,323.145915,323.145915,323.145915,323.145915,323.145915,323.145915,323.145915,323.145916,323.145916,323.145916,,,,,,,,323.145916
23160,1.35840000,323.145915,323.145915,323.145915,323.145915,323.145915,323.145915,323.145915,323.145915,323.145915,323.145915,323.145916,323.145916,323.145916,323.145916,,,,,,,,323.145916
23220,1.35780000,323.145915,323.145915,323.145915,323.145915,323.145915,323.145915,323.145915,323.145915,323.145915,323.145916,323.145916,323.145916,323.145916,323.145916,,,,,,,,323.145916
23280,1.35720000,323.145915,323.145915,323.145915,323.145915,323.145915,323.145915,323.145915,323.145915,323.145916,323.145916,323.145916,323.145916,323.145916,323.145916,,,,,,,,323.145916
23340,1.35660000,323.145915,323.145915,323.145915,323.145915,323.145915,323.145915,323.145916,323.145916,323.145916,323.145916,323.145916,323.145916,323.145916,323.145916,,,,,,,,323.145916
23400,1.35600000,323.145915,323.145915,323.145915,323.145915,323.145916,323.145916,323.145916,323.145916,323.145916,323.145916,323.145916,323.145916,323.145916,323.145916,,,,,,,,323.145916
23460,1.35536667,323.145916,323.145916,323.145916,323.145916,323.145916,323.145916,323.145916,323.145916,323.145916,323.145916,323.145916,323.145916,323.145916,323.145916,,,,,,,,323.145916
23520,1.35473333,323.145916,323.145916,323.145916,323.145916,323.145916,323.145916,323.145916,323.145916,323.145916,323.145916,323.145916,323.145916,323.145916,323.145916,,,,,,,,323.145916
23580,1.35410000,323.145916,323.145916,323.145916,323.145916,323.145916,323.145916,323.145916,323.145916,323.145916,323.145916,323.145916,323.145916,323.145916,323.145916,,,,,,,,323.145916
23640,1.35346667,323.145916,323.145916,323.145916,323.145916,323.145916,323.145916,323.145916,323.145916,323.145916,323.145916,323.145916,323.145916,323.145916,323.145916,,,,,,,,323.145916
23700,1.35283333,323.145916,323.145916,323.145916,323.145916,323.145916,323.145916,323.145916,323.145916,323.145916,323.145916,323.145916,323.145916,323.145916,323.145916,,,,,,,,323.145916
23760,1.35220000,323.145916,323.145916,323.145916,323.145916,323.145916,323.145916,323.145916,323.145916,323.145916,323.145916,323.145916,323.145916,323.145916,323.145916,,,,,,,,323.145916
23820,1.35156667,323.145916,323.145916,323.145916,323.145916,323.145916,323.145916,323.145916,323.145916,323.145916,323.145916,323.145916,323.145916,323.145916,323.145916,,,,,,,,323.145916
23880,1.35093333,323.145916,323.145916,323.145916,323.145916,323.145916,323.145916,323.145916,323.145916,323.145916,323.145916,323.145916,323.145916,323.145916,323.145916,,,,,,,,323.145916
23940,1.35030000,323.145916,323.145916,323.145916,323.145916,323.145916,323.145916,323.145916,323.145916,323.145916,323.145916,323.145916,323.145916,323.145916,323.145916,,,,,,,,323.145916
24000,1.34966667,323.145916,323.145916,323.145916,323.145916,323.145916,323.145916,323.145916,323.145916,323.145916,323.145916,323.145916,323.145916,323.145916,323.145916,,,,,,,,323.145916
24060,1.34903333,323.145916,323.145916,323.145916,323.145916,323.145916,323.145916,323.145916,323.145916,323.145916,323.145916,323.145916,323.145916,323.145916,323.145916,,,,,,,,323.145916
24120,1.34840000,323.145916,323.145916,323.145916,323.145916,323.145916,323.145916,323.145916,323.145916,323.145916,323.145916,323.145916,323.145916,323.145916,323.145916,,,,,,,,323.145916
24180,1.34776667,323.145916,323.145916,323.145916,323.145916,323.145916,323.145916,323.145916,323.145916,323.145916,323.145916,323.145916,323.145916,323.145916,323.145916,,,,,,,,323.145916
24240,1.34713333,323.145916,323.145916,323.145916,323.145916,323.145916,323.145916,323.145916,323.145916,323.145916,323.145916,323.145916,323.145916,323.145916,323.145916,,,,,,,,323.145916
24300,1.34650000,323.145916,323.145916,323.145916,323.145916,323.145916,323.145916,323.145916,323.145916,323.145916,323.145916,323.145916,323.145916,323.145916,323.145916,,,,,,,,323.145916
24360,1.34586667,323.145916,323.145916,323.145916,323.145916,323.145916,323.145916,323.145916,323.145916,323.145916,323.145916,323.145916,323.145916,323.145916,323.145916,,,,,,,,323.145916
24420,1.34523333,323.145916,323.145916,323.145916,323.145916,323.145916,323.145916,323.145916,323.145916,323.145916,323.145916,323.145916,323.145916,323.145916,323.145916,,,,,,,,323.145916
24480,1.34460000,323.145916,323.145916,323.145916,323.145916,323.145916,323.145916,323.145916,323.145916,323.145916,323.145916,323.145916,323.145916,323.145916,323.145916,,,,,,,,323.145916
24540,1.34396667,323.145916,323.145916,323.145916,323.145916,323.145916,323.145916,323.145916,323.145916,323.145916,323.145916,323.145916,323.145916,323.145916,323.145916,,,,,,,,323.145916
24600,1.34333333,323.145916,323.145916,323.145916,323.145916,323.145916,323.145916,323.145916,323.145916,323.145916,323.145916,323.145916,323.145916,323.145916,323.145916,,,,,,,,323.145916
24660,1.34270000,323.145916,323.145916,323.145916,323.145916,323.145916,323.145916,323.145916,323.145916,323.145916,323.145916,323.145916,323.145916,323.145916,323.145916,,,,,,,,323.145916
24720,1.34206667,323.145916,323.145916,323.145916,323.145916,323.145916,323.145916,323.145916,323.145916,323.145916,323.145916,323.145916,323.145916,323.145916,323.145916,,,,,,,,323.145917
24780,1.34143333,323.145916,323.145916,323.145916,323.145916,323.145916,323.145916,323.145916,323.145916,323.145916,323.145916,323.145916,323.145916,323.145916,323.145917,,,,,,,,323.145917
24840,1.34080000,323.145916,323.145916,323.145916,323.145916,323.145916,323.145916,323.145916,323.145916,323.145916,323.145916,323.145916,323.145916,323.145916,323.145917,,,,,,,,323.145917
24900,1.34016667,323.145916,323.145916,323.145916,323.145916,323.145916,323.145916,323.145916,323.145916,323.145916,323.145916,323.145916,323.145916,323.145917,323.145917,,,,,,,,323.145917
24960,1.33953333,323.145916,323.145916,323.145916,323.145916,323.145916,323.145916,323.145916,323.145916,323.145916,323.145916,323.145916,323.145916,323.145917,323.145917,,,,,,,,323.145917
25020,1.33890000,323.145916,323.145916,323.145916,323.145916,323.145916,323.145916,323.145916,323.145916,323.145916,323.145916,323.145916,323.145917,323.145917,323.145917,,,,,,,,323.145917
25080,1.33826667,323.145916,323.145916,323.145916,323.145916,323.145916,323.145916,323.145916,323.145916,323.145916,323.145916,323.145917,323.145917,323.145917,323.145917,,,,,,,,323.145917
25140,1.33763333,323.145916,323.145916,323.145916,323.145916,323.145916,323.145916,323.145916,323.145916,323.145916,323.145917,323.145917,323.145917,323.145917,323.145917,,,,,,,,323.145917
25200,1.33700000,323.145916,323.145916,323.145916,323.145916,323.145916,323.145916,323.145916,323.145916,323.145917,323.145917,323.145917,323.145917,323.145917,323.145917,,,,,,,,323.145917
25260,1.33646667,323.145916,323.145916,323.145916,323.145916,323.145916,323.145916,323.145917,323.145917,323.145917,323.145917,323.145917,323.145917,323.145917,323.145917,,,,,,,,323.145917
25320,1.33593333,323.145916,323.145916,323.145916,323.145916,323.145917,323.145917,323.145917,323.145917,323.145917,323.145917,323.145917,323.145917,323.145917,323.145917,,,,,,,,323.145917
25380,1.33540000,323.145917,323.145917,323.145917,323.145917,323.145917,323.145917,323.145917,323.145917,323.145917,323.145917,323.145917,323.145917,323.145917,323.145917,,,,,,,,323.145917
25440,1.33486667,323.145917,323.145917,323.145917,323.145917,323.145917,323.145917,323.145917,323.145917,323.145917,323.145917,323.145917,323.145917,323.145917,323.145917,,,,,,,,323.145917
25500,1.33433333,323.145917,323.145917,323.145917,323.145917,323.145917,323.145917,323.145917,323.145917,323.145917,323.145917,323.145917,323.145917,323.145917,323.145917,,,,,,,,323.145917
25560,1.33380000,323.145917,323.145917,323.145917,323.145917,323.145917,323.145917,323.145917,323.145917,323.145917,323.145917,323.145917,323.145917,323.145917,323.145917,,,,,,,,323.145917
25620,1.33326667,323.145917,323.145917,323.145917,323.145917,323.145917,323.145917,323.145917,323.145917,323.145917,323.145917,323.145917,323.145917,323.145917,323.145917,,,,,,,,323.145917
25680,1.33273333,323.145917,323.145917,323.145917,323.145917,323.145917,323.145917,323.145917,323.145917,323.145917,323.145917,323.145917,323.145917,323.145917,323.145917,,,,,,,,323.145917
25740,1.33220000,323.145917,323.145917,323.145917,323.145917,323.145917,323.145917,323.145917,323.145917,323.145917,323.145917,323.145917,323.145917,323.145917,323.145917,,,,,,,,323.145917
25800,1.33166667,323.145917,323.145917,323.145917,323.145917,323.145917,323.145917,323.145917,323.145917,323.145917,323.145917,323.145917,323.145917,323.145917,323.145917,,,,,,,,323.145917
25860,1.33113333,323.145917,323.145917,323.145917,323.145917,323.145917,323.145917,323.145917,323.145917,323.145917,323.145917,323.145917,323.145917,323.145917,323.145917,,,,,,,,323.145917
25920,1.33060000,323.145917,323.145917,323.145917,323.145917,323.145917,323.145917,323.145917,323.145917,323.145917,323.145917,323.145917,323.145917,323.145917,323.145917,,,,,,,,323.145917
25980,1.33006667,323.145917,323.145917,323.145917,323.145917,323.145917,323.145917,323.145917,323.145917,323.145917,323.145917,323.145917,323.145917,323.145917,323.145917,,,,,,,,323.145917
26040,1.32953333,323.145917,323.145917,323.145917,323.145917,323.145917,323.145917,323.145917,323.145917,323.145917,323.145917,323.145917,323.145917,323.145917,323.145917,,,,,,,,323.145917
26100,1.32900000,323.145917,323.145917,323.145917,323.145917,323.145917,323.145917,323.145917,323.145917,323.145917,323.145917,323.145917,323.145917,323.145917,323.145917,,,,,,,,323.145917
26160,1.32846667,323.145917,323.145917,323.145917,323.145917,323.145917,323.145917,323.145917,323.145917,323.145917,323.145917,323.145917,323.145917,323.145917,323.145917,,,,,,,,323.145917
26220,1.32793333,323.145917,323.145917,323.145917,323.145917,323.145917,323.145917,323.145917,323.145917,323.145917,323.145917,323.145917,323.145917,323.145917,323.145917,,,,,,,,323.145917
26280,1.32740000,323.145917,323.145917,323.145917,323.145917,323.145917,323.145917,323.145917,323.145917,323.145917,323.145917,323.145917,323.145917,323.145917,323.145917,,,,,,,,323.145917
26340,1.32686667,323.145917,323.145917,323.145917,323.145917,323.145917,323.145917,323.145917,323.145917,323.145917,323.145917,323.145917,323.145917,323.145917,323.145917,,,,,,,,323.145917
26400,1.32633333,323.145917,323.145917,323.145917,323.145917,323.145917,323.145917,323.145917,323.145917,323.145917,323.145917,323.145917,323.145917,323.145917,323.145917,,,,,,,,323.145917
26460,1.32580000,323.145917,323.145917,323.145917,323.145917,323.145917,323.145917,323.145917,323.145917,323.145917,323.145917,323.145917,323.145917,323.145917,323.145917,,,,,,,,323.145917
26520,1.32526667,323.145917,323.145917,323.145917,323.145917,323.145917,323.145917,323.145917,323.145917,323.145917,323.145917,323.145917,323.145917,323.145917,323.145917,,,,,,,,323.145917
26580,1.32473333,323.145917,323.145917,323.145917,323.145917,323.145917,323.145917,323.145917,323.145917,323.145917,323.145917,323.145917,323.145917,323.145917,323.145917,,,,,,,,323.145917
26640,1.32420000,323.145917,323.145917,323.145917,323.145917,323.145917,323.145917,323.145917,323.145917,323.145917,323.145917,323.145917,323.145917,323.145917,323.145917,,,,,,,,323.145917
26700,1.32366667,323.145917,323.145917,323.145917,323.145917,323.145917,323.145917,323.145917,323.145917,323.145917,323.145917,323.145917,323.145917,323.145917,323.145917,,,,,,,,323.145917
26760,1.32313333,323.145917,323.145917,323.145917,323.145917,323.145917,323.145917,323.145917,323.145917,323.145917,323.145917,323.145917,323.145917,323.145917,323.145917,,,,,,,,323.145917
26820,1.32260000,323.145917,323.145917,323.145917,323.145917,323.145917,323.145917,323.145917,323.145917,323.145917,323.145917,323.145917,323.145917,323.145917,323.145917,,,,,,,,323.145917
26880,1.32206667,323.145917,323.145917,323.145917,323.145917,323.145917,323.145917,323.145917,323.145917,323.145917,323.145917,323.145917,323.145917,323.145917,323.145917,,,,,,,,323.145917
26940,1.32153333,323.145917,323.145917,323.145917,323.145917,323.145917,323.145917,323.145917,323.145917,323.145917,323.145917,323.145917,323.145917,323.145917,323.145917,,,,,,,,323.145917
27000,1.32100000,323.145917,323.145917,323.145917,323.145917,323.145917,323.145917,323.145917,323.145917,323.145917,323.145917,323.145917,323.145917,323.145917,323.145917,,,,,,,,323.145917
27060,1.32066667,323.145917,323.145917,323.145917,323.145917,323.145917,323.145917,323.145917,323.145917,323.145917,323.145917,323.145917,323.145917,323.145917,323.145917,,,,,,,,323.145917
27120,1.32033333,323.145917,323.145917,323.145917,323.145917,323.145917,323.145917,323.145917,323.145917,323.145917,323.145917,323.145917,323.145917,323.145917,323.145917,,,,,,,,323.145917
27180,1.32000000,323.145917,323.145917,323.145917,323.145917,323.145917,323.145917,323.145917,323.145917,323.145917,323.145917,323.145917,323.145917,323.145917,323.145917,,,,,,,,323.145917
27240,1.31966667,323.145917,323.145917,323.145917,323.145917,323.145917,323.145917,323.145917,323.145917,323.145917,323.145917,323.145917,323.145917,323.145917,323.145917,,,,,,,,323.145917
27300,1.31933333,323.145917,323.145917,323.145917,323.145917,323.145917,323.145917,323.145917,323.145917,323.145917,323.145917,323.145917,323.145917,323.145917,323.145917,,,,,,,,323.145917
27360,1.31900000,323.145917,323.145917,323.145917,323.145917,323.145917,323.145917,323.145917,323.145917,323.145917,323.145917,323.145917,323.145917,323.145917,323.145917,,,,,,,,323.145917
27420,1.31866667,323.145917,323.145917,323.145917,323.145917,323.145917,323.145917,323.145917,323.145917,323.145917,323.145917,323.145917,323.145917,323.145917,323.145917,,,,,,,,323.145917
27480,1.31833333,323.145917,323.145917,323.145917,323.145917,323.145917,323.145917,323.145917,323.145917,323.145917,323.145917,323.145917,323.145917,323.145917,323.145917,,,,,,,,323.145917
27540,1.31800000,323.145917,323.145917,323.145917,323.145917,323.145917,323.145917,323.145917,323.145917,323.145917,323.145917,323.145917,323.145917,323.145917,323.145917,,,,,,,,323.145917
27600,1.31766667,323.145917,323.145917,323.145917,323.145917,323.145917,323.145917,323.145917,323.145917,323.145917,323.145917,323.145917,323.145917,323.145917,323.145917,,,,,,,,323.145917
27660,1.31733333,323.145917,323.145917,323.145917,323.145917,323.145917,323.145917,323.145917,323.145917,323.145917,323.145917,323.145917,323.145917,323.145917,323.145917,,,,,,,,323.145917
27720,1.31700000,323.145917,323.145917,323.145917,323.145917,323.145917,323.145917,323.145917,323.145917,323.145917,323.145917,323.145917,323.145917,323.145917,323.145917,,,,,,,,323.145917
27780,1.31666667,323.145917,323.145917,323.145917,323.145917,323.145917,323.145917,323.145917,323.145917,323.145917,323.145917,323.145917,323.145917,323.145917,323.145917,,,,,,,,323.145917
27840,1.31633333,323.145917,323.145917,323.145917,323.145917,323.145917,323.145917,323.145917,323.145917,323.145917,323.145917,323.145917,323.145917,323.145917,323.145917,,,,,,,,323.145917
27900,1.31600000,323.145917,323.145917,323.145917,323.145917,323.145917,323.145917,323.145917,323.145917,323.145917,323.145917,323.145917,323.145917,323.145917,323.145917,,,,,,,,323.145917
27960,1.31566667,323.145917,323.145917,323.145917,323.145917,323.145917,323.145917,323.145917,323.145917,323.145917,323.145917,323.145917,323.145917,323.145917,323.145917,,,,,,,,323.145917
28020,1.31533333,323.145917,323.145917,323.145917,323.145917,323.145917,323.145917,323.145917,323.145917,323.145917,323.145917,323.145917,323.145917,323.145917,323.145917,,,,,,,,323.145917
28080,1.31500000,323.145917,323.145917,323.145917,323.145917,323.145917,323.145917,323.145917,323.145917,323.145917,323.145917,323.145917,323.145917,323.145917,323.145917,,,,,,,,323.145917
28140,1.31466667,323.145917,323.145917,323.145917,323.145917,323.145917,323.145917,323.145917,323.145917,323.145917,323.145917,323.145917,323.145917,323.145917,323.145917,,,,,,,,323.145917
28200,1.31433333,323.145917,323.145917,323.145917,323.145917,323.145917,323.145917,323.145917,323.145917,323.145917,323.145917,323.145917,323.145917,323.145917,323.145917,,,,,,,,323.145917
28260,1.31400000,323.145917,323.145917,323.145917,323.145917,323.145917,323.145917,323.145917,323.145917,323.145917,323.145917,323.145917,323.145917,323.145917,323.145917,,,,,,,,323.145917
28320,1.31366667,323.145917,323.145917,323.145917,323.145917,323.145917,323.145917,323.145917,323.145917,323.145917,323.145917,323.145917,323.145917,323.145917,323.145917,,,,,,,,323.145917
28380,1.31333333,323.145917,323.145917,323.145917,323.145917,323.145917,323.145917,323.145917,323.145917,323.145917,323.145917,323.145917,323.145917,323.145917,323.145917,,,,,,,,323.145917
28440,1.31300000,323.145917,323.145917,323.145917,323.145917,323.145917,323.145917,323.145917,323.145917,323.145917,323.145917,323.145917,323.145917,323.145917,323.145917,,,,,,,,323.145917
28500,1.31266667,323.145917,323.145917,323.145917,323.145917,323.145917,323.145917,323.145917,323.145917,323.145917,323.145917,323.145917,323.145917,323.145917,323.145917,,,,,,,,323.145917
28560,1.31233333,323.145917,323.145917,323.145917,323.145917,323.145917,323.145917,323.145917,323.145917,323.145917,323.145917,323.145917,323.145917,323.145917,323.145917,,,,,,,,323.145917
28620,1.31200000,323.145917,323.145917,323.145917,323.145917,323.145917,323.145917,323.145917,323.145917,323.145917,323.145917,323.145917,323.145917,323.145917,323.145917,,,,,,,,323.145917
28680,1.31166667,323.145917,323.145917,323.145917,323.145917,323.145917,323.145917,323.145917,323.145917,323.145917,323.145917,323.145917,323.145917,323.145917,323.145917,,,,,,,,323.145917
28740,1.31133333,323.145917,323.145917,323.145917,323.145917,323.145917,323.145917,323.145917,323.145917,323.145917,323.145917,323.145917,323.145917,323.145917,323.145917,,,,,,,,323.145917
28800,1.31100000,323.145917,323.145917,323.145917,323.145917,323.145917,323.145917,323.145917,323.145917,323.145917,323.145917,323.145917,323.145917,323.145917,323.145917,,,,,,,,323.145917
28860,1.31060000,323.145917,323.145917,323.145917,323.145917,323.145917,323.145917,323.145917,323.145917,323.145917,323.145917,323.145917,323.145917,323.145917,323.145917,,,,,,,,323.145917
28920,1.31020000,323.145917,323.145917,323.145917,323.145917,323.145917,323.145917,323.145917,323.145917,323.145917,323.145917,323.145917,323.145917,323.145917,323.145917,,,,,,,,323.145917
28980,1.30980000,323.145917,323.145917,323.145917,323.145917,323.145917,323.145917,323.145917,323.145917,323.145917,323.145917,323.145917,323.145917,323.145917,323.145917,,,,,,,,323.145917
29040,1.30940000,323.145917,323.145917,323.145917,323.145917,323.145917,323.145917,323.145917,323.145917,323.145917,323.145917,323.145917,323.145917,323.145917,323.145917,,,,,,,,323.145917
29100,1.30900000,323.145917,323.145917,323.145917,323.145917,323.145917,323.145917,323.145917,323.145917,323.145917,323.145917,323.145917,323.145917,323.145917,323.145917,,,,,,,,323.145917
29160,1.30860000,323.145917,323.145917,323.145917,323.145917,323.145917,323.145917,323.145917,323.145917,323.145917,323.145917,323.145917,323.145917,323.145917,323.145917,,,,,,,,323.145917
29220,1.30820000,323.145917,323.145917,323.145917,323.145917,323.145917,323.145917,323.145917,323.145917,323.145917,323.145917,323.145917,323.145917,323.145917,323.145917,,,,,,,,323.145917
29280,1.30780000,323.145917,323.145917,323.145917,323.145917,323.145917,323.145917,323.145917,323.145917,323.145917,323.145917,323.145917,323.145917,323.145917,323.145917,,,,,,,,323.145917
29340,1.30740000,323.145917,323.145917,323.145917,323.145917,323.145917,323.145917,323.145917,323.145917,323.145917,323.145917,323.145917,323.145917,323.145917,323.145917,,,,,,,,323.145917
29400,1.30700000,323.145917,323.145917,323.145917,323.145917,323.145917,323.145917,323.145917,323.145917,323.145917,323.145917,323.145917,323.145917,323.145917,323.145917,,,,,,,,323.145917
29460,1.30660000,323.145917,323.145917,323.145917,323.145917,323.145917,323.145917,323.145917,323.145917,323.145917,323.145917,323.145917,323.145917,323.145917,323.145917,,,,,,,,323.145917
29520,1.30620000,323.145917,323.145917,323.145917,323.145917,323.145917,323.145917,323.145917,323.145917,323.145917,323.145917,323.145917,323.145917,323.145917,323.145917,,,,,,,,323.145917
29580,1.30580000,323.145917,323.145917,323.145917,323.145917,323.145917,323.145917,323.145917,323.145917,323.145917,323.145917,323.145917,323.145917,323.145917,323.145917,,,,,,,,323.145917
29640,1.30540000,323.145917,323.145917,323.145917,323.145917,323.145917,323.145917,323.145917,323.145917,323.145917,323.145917,323.145917,323.145917,323.145917,323.145917,,,,,,,,323.145917
29700,1.30500000,323.145917,323.145917,323.145917,323.145917,323.145917,323.145917,323.145917,323.145917,323.145917,323.145917,323.145917,323.145917,323.145917,323.145917,,,,,,,,323.145917
29760,1.30460000,323.145917,323.145917,323.145917,323.145917,323.145917,323.145917,323.145917,323.145917,323.145917,323.145917,323.145917,323.145917,323.145917,323.145917,,,,,,,,323.145917
29820,1.30420000,323.145917,323.145917,323.145917,323.145917,323.145917,323.145917,323.145917,323.145917,323.145917,323.145917,323.145917,323.145917,323.145917,323.145917,,,,,,,,323.145917
29880,1.30380000,323.145917,323.145917,323.145917,323.145917,323.145917,323.145917,323.145917,323.145917,323.145917,323.145917,323.145917,323.145917,323.145917,323.145917,,,,,,,,323.145917
29940,1.30340000,323.145917,323.145917,323.145917,323.145917,323.145917,323.145917,323.145917,323.145917,323.145917,323.145917,323.145917,323.145917,323.145917,323.145917,,,,,,,,323.145917
30000,1.30300000,323.145917,323.145917,323.145917,323.145917,323.145917,323.145917,323.145917,323.145917,323.145917,323.145917,323.145917,323.145917,323.145917,323.145917,,,,,,,,323.145917
30060,1.30260000,323.145917,323.145917,323.145917,323.145917,323.145917,323.145917,323.145917,323.145917,323.145917,323.145917,323.145917,323.145917,323.145917,323.145917,,,,,,,,323.145917
30120,1.30220000,323.145917,323.145917,323.145917,323.145917,323.145917,323.145917,323.145917,323.145917,323.145917,323.145917,323.145917,323.145917,323.145917,323.145917,,,,,,,,323.145917
30180,1.30180000,323.145917,323.145917,323.145917,323.145917,323.145917,323.145917,323.145917,323.145917,323.145917,323.145917,323.145917,323.145917,323.145917,323.145917,,,,,,,,323.145917
30240,1.30140000,323.145917,323.145917,323.145917,323.145917,323.145917,323.145917,323.145917,323.145917,323.145917,323.145917,323.145917,323.145917,323.145917,323.145917,,,,,,,,323.145917
30300,1.30100000,323.145917,323.145917,323.145917,323.145917,323.145917,323.145917,323.145917,323.145917,323.145917,323.145917,323.145917,323.145917,323.145917,323.145917,,,,,,,,323.145917
30360,1.30060000,323.145917,323.145917,323.145917,323.145917,323.145917,323.145917,323.145917,323.145917,323.145917,323.145917,323.145917,323.145917,323.145917,323.145917,,,,,,,,323.145917
30420,1.30020000,323.145917,323.145917,323.145917,323.145917,323.145917,323.145917,323.145917,323.145917,323.145917,323.145917,323.145917,323.145917,323.145917,323.145917,,,,,,,,323.145917
30480,1.29980000,323.145917,323.145917,323.145917,323.145917,323.145917,323.145917,323.145917,323.145917,323.145917,323.145917,323.145917,323.145917,323.145917,,,,,,,,,323.145917
30540,1.29940000,323.145917,323.145917,323.145917,323.145917,323.145917,323.145917,323.145917,323.145917,323.145917,323.145917,323.145917,323.145917,323.145917,,,,,,,,,323.145917
30600,1.29900000,323.145917,323.145917,323.145917,323.145917,323.145917,323.145917,323.145917,323.145917,323.145917,323.145917,323.145917,323.145917,323.145917,,,,,,,,,323.145917
30660,1.29873333,323.145917,323.145917,323.145917,323.145917,323.145917,323.145917,323.145917,323.145917,323.145917,323.145917,323.145917,323.145917,323.145917,,,,,,,,,323.145917
30720,1.29846667,323.145917,323.145917,323.145917,323.145917,323.145917,323.145917,323.145917,323.145917,323.145917,323.145917,323.145917,323.145917,323.145917,,,,,,,,,323.145917
30780,1.29820000,323.145917,323.145917,323.145917,323.145917,323.145917,323.145917,323.145917,323.145917,323.145917,323.145917,323.145917,323.145917,323.145917,,,,,,,,,323.145917
30840,1.29793333,323.145917,323.145917,323.145917,323.145917,323.145917,323.145917,323.145917,323.145917,323.145917,323.145917,323.145917,323.145917,323.145917,,,,,,,,,323.145917
30900,1.29766667,323.145917,323.145917,323.145917,323.145917,323.145917,323.145917,323.145917,323.145917,323.145917,323.145917,323.145917,323.145917,323.145917,,,,,,,,,323.145917
30960,1.29740000,323.145917,323.145917,323.145917,323.145917,323.145917,323.145917,323.145917,323.145917,323.145917,323.145917,323.145917,323.145917,323.145917,,,,,,,,,323.145917
31020,1.29713333,323.145917,323.145917,323.145917,323.145917,323.145917,323.145917,323.145917,323.145917,323.145917,323.145917,323.145917,323.145917,323.145917,,,,,,,,,323.145917
31080,1.29686667,323.145917,323.145917,323.145917,323.145917,323.145917,323.145917,323.145917,323.145917,323.145917,323.145917,323.145917,323.145917,323.145917,,,,,,,,,323.145917
31140,1.29660000,323.145917,323.145917,323.145917,323.145917,323.145917,323.145917,323.145917,323.145917,323.145917,323.145917,323.145917,323.145917,323.145917,,,,,,,,,323.145917
31200,1.29633333,323.145917,323.145917,323.145917,323.145917,323.145917,323.145917,323.145917,323.145917,323.145917,323.145917,323.145917,323.145917,323.145917,,,,,,,,,323.145917
31260,1.29606667,323.145917,323.145917,323.145917,323.145917,323.145917,323.145917,323.145917,323.145917,323.145917,323.145917,323.145917,323.145917,323.145917,,,,,,,,,323.145917
31320,1.29580000,323.145917,323.145917,323.145917,323.145917,323.145917,323.145917,323.145917,323.145917,323.145917,323.145917,323.145917,323.145917,323.145917,,,,,,,,,323.145917
31380,1.29553333,323.145917,323.145917,323.145917,323.145917,323.145917,323.145917,323.145917,323.145917,323.145917,323.145917,323.145917,323.145917,323.145917,,,,,,,,,323.145917
31440,1.29526667,323.145917,323.145917,323.145917,323.145917,323.145917,323.145917,323.145917,323.145917,323.145917,323.145917,323.145917,323.145917,323.145917,,,,,,,,,323.145917
31500,1.29500000,323.145917,323.145917,323.145917,323.145917,323.145917,323.145917,323.145917,323.145917,323.145917,323.145917,323.145917,323.145917,323.145917,,,,,,,,,323.145917
31560,1.29473333,323.145917,323.145917,323.145917,323.145917,323.145917,323.145917,323.145917,323.145917,323.145917,323.145917,323.145917,323.145917,323.145917,,,,,,,,,323.145917
31620,1.29446667,323.145917,323.145917,323.145917,323.145917,323.145917,323.145917,323.145917,323.145917,323.145917,323.145917,323.145917,323.145917,323.145917,,,,,,,,,323.145917
31680,1.29420000,323.145917,323.145917,323.145917,323.145917,323.145917,323.145917,323.145917,323.145917,323.145917,323.145917,323.145917,323.145917,323.145917,,,,,,,,,323.145917
31740,1.29393333,323.145917,323.145917,323.145917,323.145917,323.145917,323.145917,323.145917,323.145917,323.145917,323.145917,323.145917,323.145917,323.145917,,,,,,,,,323.145917
31800,1.29366667,323.145917,323.145917,323.145917,323.145917,323.145917,323.145917,323.145917,323.145917,323.145917,323.145917,323.145917,323.145917,323.145917,,,,,,,,,323.145917
31860,1.29340000,323.145917,323.145917,323.145917,323.145917,323.145917,323.145917,323.145917,323.145917,323.145917,323.145917,323.145917,323.145917,323.145917,,,,,,,,,323.145917
31920,1.29313333,323.145917,323.145917,323.145917,323.145917,323.145917,323.145917,323.145917,323.145917,323.145917,323.145917,323.145917,323.145917,323.145917,,,,,,,,,323.145917
31980,1.29286667,323.145917,323.145917,323.145917,323.145917,323.145917,323.145917,323.145917,323.145917,323.145917,323.145917,323.145917,323.145917,323.145917,,,,,,,,,323.145917
32040,1.29260000,323.145917,323.145917,323.145917,323.145917,323.145917,323.145917,323.145917,323.145917,323.145917,323.145917,323.145917,323.145917,323.145917,,,,,,,,,323.145917
32100,1.29233333,323.145917,323.145917,323.145917,323.145917,323.145917,323.145917,323.145917,323.145917,323.145917,323.145917,323.145917,323.145917,323.145917,,,,,,,,,323.145917
32160,1.29206667,323.145917,323.145917,323.145917,323.145917,323.145917,323.145917,323.145917,323.145917,323.145917,323.145917,323.145917,323.145917,323.145917,,,,,,,,,323.145917
32220,1.29180000,323.145917,323.145917,323.145917,323.145917,323.145917,323.145917,323.145917,323.145917,323.145917,323.145917,323.145917,323.145917,323.145917,,,,,,,,,323.145917
32280,1.29153333,323.145917,323.145917,323.145917,323.145917,323.145917,323.145917,323.145917,323.145917,323.145917,323.145917,323.145917,323.145917,323.145917,,,,,,,,,323.145917
32340,1.29126667,323.145917,323.145917,323.145917,323.145917,323.145917,323.145917,323.145917,323.145917,323.145917,323.145917,323.145917,323.145917,323.145917,,,,,,,,,323.145917
32400,1.29100000,323.145917,323.145917,323.145917,323.145917,323.145917,323.145917,323.145917,323.145917,323.145917,323.145917,323.145917,323.145917,323.145917,,,,,,,,,323.145917
32460,1.29066667,323.145917,323.145917,323.145917,323.145917,323.145917,323.145917,323.145917,323.145917,323.145917,323.145917,323.145917,323.145917,323.145917,,,,,,,,,323.145917
32520,1.29033333,323.145917,323.145917,323.145917,323.145917,323.145917,323.145917,323.145917,323.145917,323.145917,323.145917,323.145917,323.145917,323.145917,,,,,,,,,323.145917
32580,1.29000000,323.145917,323.145917,323.145917,323.145917,323.145917,323.145917,323.145917,323.145917,323.145917,323.145917,323.145917,323.145917,323.145917,,,,,,,,,323.145917
32640,1.28966667,323.145917,323.145917,323.145917,323.145917,323.145917,323.145917,323.145917,323.145917,323.145917,323.145917,323.145917,323.145917,323.145917,,,,,,,,,323.145917
32700,1.28933333,323.145917,323.145917,323.145917,323.145917,323.145917,323.145917,323.145917,323.145917,323.145917,323.145917,323.145917,323.145917,323.145917,,,,,,,,,323.145917
32760,1.28900000,323.145917,323.145917,323.145917,323.145917,323.145917,323.145917,323.145917,323.145917,323.145917,323.145917,323.145917,323.145917,323.145917,,,,,,,,,323.145917
32820,1.28866667,323.145917,323.145917,323.145917,323.145917,323.145917,323.145917,323.145917,323.145917,323.145917,323.145917,323.145917,323.145917,323.145917,,,,,,,,,323.145917
32880,1.28833333,323.145917,323.145917,323.145917,323.145917,323.145917,323.145917,323.145917,323.145917,323.145917,323.145917,323.145917,323.145917,323.145917,,,,,,,,,323.145917
32940,1.28800000,323.145917,323.145917,323.145917,323.145917,323.145917,323.145917,323.145917,323.145917,323.145917,323.145917,323.145917,323.145917,323.145917,,,,,,,,,323.145917
33000,1.28766667,323.145917,323.145917,323.145917,323.145917,323.145917,323.145917,323.145917,323.145917,323.145917,323.145917,323.145917,323.145917,323.145917,,,,,,,,,323.145917
33060,1.28733333,323.145917,323.145917,323.145917,323.145917,323.145917,323.145917,323.145917,323.145917,323.145917,323.145917,323.145917,323.145917,323.145917,,,,,,,,,323.145917
33120,1.28700000,323.145917,323.145917,323.145917,323.145917,323.145917,323.145917,323.145917,323.145917,323.145917,323.145917,323.145917,323.145917,323.145917,,,,,,,,,323.145917
33180,1.28666667,323.145917,323.145917,323.145917,323.145917,323.145917,323.145917,323.145917,323.145917,323.145917,323.145917,323.145917,323.145917,323.145917,,,,,,,,,323.145917
33240,1.28633333,323.145917,323.145917,323.145917,323.145917,323.145917,323.145917,323.145917,323.145917,323.145917,323.145917,323.145917,323.145917,323.145917,,,,,,,,,323.145917
33300,1.28600000,323.145917,323.145917,323.145917,323.145917,323.145917,323.145917,323.145917,323.145917,323.145917,323.145917,323.145917,323.145917,323.145917,,,,,,,,,323.145917
33360,1.28566667,323.145917,323.145917,323.145917,323.145917,323.145917,323.145917,323.145917,323.145917,323.145917,323.145917,323.145917,323.145917,323.145917,,,,,,,,,323.145917
33420,1.28533333,323.145917,323.145917,323.145917,323.145917,323.145917,323.145917,323.145917,323.145917,323.145917,323.145917,323.145917,323.145917,323.145917,,,,,,,,,323.145917
33480,1.28500000,323.145917,323.145917,323.145917,323.145917,323.145917,323.145917,323.145917,323.145917,323.145917,323.145917,323.145917,323.145917,323.145917,,,,,,,,,323.145917
33540,1.28466667,323.145917,323.145917,323.145917,323.145917,323.145917,323.145917,323.145917,323.145917,323.145917,323.145917,323.145917,323.145917,323.145917,,,,,,,,,323.145917
33600,1.28433333,323.145917,323.145917,323.145917,323.145917,323.145917,323.145917,323.145917,323.145917,323.145917,323.145917,323.145917,323.145917,323.145917,,,,,,,,,323.145917
33660,1.28400000,323.145917,323.145917,323.145917,323.145917,323.145917,323.145917,323.145917,323.145917,323.145917,323.145917,323.145917,323.145917,323.145917,,,,,,,,,323.145917
33720,1.28366667,323.145917,323.145917,323.145917,323.145917,323.145917,323.145917,323.145917,323.145917,323.145917,323.145917,323.145917,323.145917,323.145917,,,,,,,,,323.145917
33780,1.28333333,323.145917,323.145917,323.145917,323.145917,323.145917,323.145917,323.145917,323.145917,323.145917,323.145917,323.145917,323.145917,323.145917,,,,,,,,,323.145917
33840,1.28300000,323.145917,323.145917,323.145917,323.145917,323.145917,323.145917,323.145917,323.145917,323.145917,323.145917,323.145917,323.145917,323.145917,,,,,,,,,323.145917
33900,1.28266667,323.145917,323.145917,323.145917,323.145917,323.145917,323.145917,323.145917,323.145917,323.145917,323.145917,323.145917,323.145917,323.145917,,,,,,,,,323.145917
33960,1.28233333,323.145917,323.145917,323.145917,323.145917,323.145917,323.145917,323.145917,323.145917,323.145917,323.145917,323.145917,323.145917,323.145917,,,,,,,,,323.145917
34020,1.28200000,323.145917,323.145917,323.145917,323.145917,323.145917,323.145917,323.145917,323.145917,323.145917,323.145917,323.145917,323.145917,323.145917,,,,,,,,,323.145917
34080,1.28166667,323.145917,323.145917,323.145917,323.145917,323.145917,323.145917,323.145917,323.145917,323.145917,323.145917,323.145917,323.145917,323.145917,,,,,,,,,323.145917
34140,1.28133333,323.145917,323.145917,323.145917,323.145917,323.145917,323.145917,323.145917,323.145917,323.145917,323.145917,323.145917,323.145917,323.145917,,,,,,,,,323.145917
34200,1.28100000,323.145917,323.145917,323.145917,323.145917,323.145917,323.145917,323.145917,323.145917,323.145917,323.145917,323.145917,323.145917,323.145917,,,,,,,,,323.145917
34260,1.28073333,323.145917,323.145917,323.145917,323.145917,323.145917,323.145917,323.145917,323.145917,323.145917,323.145917,323.145917,323.145917,323.145917,,,,,,,,,323.145917
34320,1.28046667,323.145917,323.145917,323.145917,323.145917,323.145917,323.145917,323.145917,323.145917,323.145917,323.145917,323.145917,323.145917,323.145917,,,,,,,,,323.145917
34380,1.28020000,323.145917,323.145917,323.145917,323.145917,323.145917,323.145917,323.145917,323.145917,323.145917,323.145917,323.145917,323.145917,323.145917,,,,,,,,,323.145917
34440,1.27993333,323.145917,323.145917,323.145917,323.145917,323.145917,323.145917,323.145917,323.145917,323.145917,323.145917,323.145917,323.145917,323.145917,,,,,,,,,323.145917
34500,1.27966667,323.145917,323.145917,323.145917,323.145917,323.145917,323.145917,323.145917,323.145917,323.145917,323.145917,323.145917,323.145917,323.145917,,,,,,,,,323.145917
34560,1.27940000,323.145917,323.145917,323.145917,323.145917,323.145917,323.145917,323.145917,323.145917,323.145917,323.145917,323.145917,323.145917,323.145917,,,,,,,,,323.145917
34620,1.27913333,323.145917,323.145917,323.145917,323.145917,323.145917,323.145917,323.145917,323.145917,323.145917,323.145917,323.145917,323.145917,323.145917,,,,,,,,,323.145917
34680,1.27886667,323.145917,323.145917,323.145917,323.145917,323.145917,323.145917,323.145917,323.145917,323.145917,323.145917,323.145917,323.145917,323.145917,,,,,,,,,323.145917
34740,1.27860000,323.145917,323.145917,323.145917,323.145917,323.145917,323.145917,323.145917,323.145917,323.145917,323.145917,323.145917,323.145917,323.145917,,,,,,,,,323.145917
34800,1.27833333,323.145917,323.145917,323.145917,323.145917,323.145917,323.145917,323.145917,323.145917,323.145917,323.145917,323.145917,323.145917,323.145917,,,,,,,,,323.145917
34860,1.27806667,323.145917,323.145917,323.145917,323.145917,323.145917,323.145917,323.145917,323.145917,323.145917,323.145917,323.145917,323.145917,323.145917,,,,,,,,,323.145917
34920,1.27780000,323.145917,323.145917,323.145917,323.145917,323.145917,323.145917,323.145917,323.145917,323.145917,323.145917,323.145917,323.145917,323.145917,,,,,,,,,323.145917
34980,1.27753333,323.145917,323.145917,323.145917,323.145917,323.145917,323.145917,323.145917,323.145917,323.145917,323.145917,323.145917,323.145917,323.145917,,,,,,,,,323.145917
35040,1.27726667,323.145917,323.145917,323.145917,323.145917,323.145917,323.145917,323.145917,323.145917,323.145917,323.145917,323.145917,323.145917,323.145917,,,,,,,,,323.145917
35100,1.27700000,323.145917,323.145917,323.145917,323.145917,323.145917,323.145917,323.145917,323.145917,323.145917,323.145917,323.145917,323.145917,323.145917,,,,,,,,,323.145917
35160,1.27673333,323.145917,323.145917,323.145917,323.145917,323.145917,323.145917,323.145917,323.145917,323.145917,323.145917,323.145917,323.145917,323.145917,,,,,,,,,323.145917
35220,1.27646667,323.145917,323.145917,323.145917,323.145917,323.145917,323.145917,323.145917,323.145917,323.145917,323.145917,323.145917,323.145917,323.145917,,,,,,,,,323.145917
35280,1.27620000,323.145917,323.145917,323.145917,323.145917,323.145917,323.145917,323.145917,323.145917,323.145917,323.145917,323.145917,323.145917,323.145917,,,,,,,,,323.145917
35340,1.27593333,323.145917,323.145917,323.145917,323.145917,323.145917,323.145917,323.145917,323.145917,323.145917,323.145917,323.145917,323.145917,323.145917,,,,,,,,,323.145917
35400,1.27566667,323.145917,323.145917,323.145917,323.145917,323.145917,323.145917,323.145917,323.145917,323.145917,323.145917,323.145917,323.145917,323.145917,,,,,,,,,323.145917
35460,1.27540000,323.145917,323.145917,323.145917,323.145917,323.145917,323.145917,323.145917,323.145917,323.145917,323.145917,323.145917,323.145917,323.145917,,,,,,,,,323.145917
35520,1.27513333,323.145917,323.145917,323.145917,323.145917,323.145917,323.145917,323.145917,323.145917,323.145917,323.145917,323.145917,323.145917,323.145917,,,,,,,,,323.145917
35580,1.27486667,323.145917,323.145917,323.145917,323.145917,323.145917,323.145917,323.145917,323.145917,323.145917,323.145917,323.145917,323.145917,323.145917,,,,,,,,,323.145917
35640,1.27460000,323.145917,323.145917,323.145917,323.145917,323.145917,323.145917,323.145917,323.145917,323.145917,323.145917,323.145917,323.145917,323.145917,,,,,,,,,323.145917
35700,1.27433333,323.145917,323.145917,323.145917,323.145917,323.145917,323.145917,323.145917,323.145917,323.145917,323.145917,323.145917,323.145917,323.145917,,,,,,,,,323.145917
35760,1.27406667,323.145917,323.145917,323.145917,323.145917,323.145917,323.145917,323.145917,323.145917,323.145917,323.145917,323.145917,323.145917,323.145917,,,,,,,,,323.145917
35820,1.27380000,323.145917,323.145917,323.145917,323.145917,323.145917,323.145917,323.145917,323.145917,323.145917,323.145917,323.145917,323.145917,323.145917,,,,,,,,,323.145917
35880,1.27353333,323.145917,323.145917,323.145917,323.145917,323.145917,323.145917,323.145917,323.145917,323.145917,323.145917,323.145917,323.145917,323.145917,,,,,,,,,323.145917
35940,1.27326667,323.145917,323.145917,323.145917,323.145917,323.145917,323.145917,323.145917,323.145917,323.145917,323.145917,323.145917,323.145917,323.145917,,,,,,,,,323.145917
36000,1.27300000,323.145917,323.145917,323.145917,323.145917,323.145917,323.145917,323.145917,323.145917,323.145917,323.145917,323.145917,323.145917,323.145917,,,,,,,,,323.145917
36060,1.27276667,323.145917,323.145917,323.145917,323.145917,323.145917,323.145917,323.145917,323.145917,323.145917,323.145917,323.145917,323.145917,323.145917,,,,,,,,,323.145917
36120,1.27253333,323.145917,323.145917,323.145917,323.145917,323.145917,323.145917,323.145917,323.145917,323.145917,323.145917,323.145917,323.145917,323.145917,,,,,,,,,323.145917
36180,1.27230000,323.145917,323.145917,323.145917,323.145917,323.145917,323.145917,323.145917,323.145917,323.145917,323.145917,323.145917,323.145917,323.145917,,,,,,,,,323.145917
36240,1.27206667,323.145917,323.145917,323.145917,323.145917,323.145917,323.145917,323.145917,323.145917,323.145917,323.145917,323.145917,323.145917,323.145917,,,,,,,,,323.145917
36300,1.27183333,323.145917,323.145917,323.145917,323.145917,323.145917,323.145917,323.145917,323.145917,323.145917,323.145917,323.145917,323.145917,323.145917,,,,,,,,,323.145917
36360,1.27160000,323.145917,323.145917,323.145917,323.145917,323.145917,323.145917,323.145917,323.145917,323.145917,323.145917,323.145917,323.145917,323.145917,,,,,,,,,323.145917
36420,1.27136667,323.145917,323.145917,323.145917,323.145917,323.145917,323.145917,323.145917,323.145917,323.145917,323.145917,323.145917,323.145917,323.145917,,,,,,,,,323.145917
36480,1.27113333,323.145917,323.145917,323.145917,323.145917,323.145917,323.145917,323.145917,323.145917,323.145917,323.145917,323.145917,323.145917,323.145917,,,,,,,,,323.145917
36540,1.27090000,323.145917,323.145917,323.145917,323.145917,323.145917,323.145917,323.145917,323.145917,323.145917,323.145917,323.145917,323.145917,323.145917,,,,,,,,,323.145917
36600,1.27066667,323.145917,323.145917,323.145917,323.145917,323.145917,323.145917,323.145917,323.145917,323.145917,323.145917,323.145917,323.145917,323.145917,,,,,,,,,323.145917
36660,1.27043333,323.145917,323.145917,323.145917,323.145917,323.145917,323.145917,323.145917,323.145917,323.145917,323.145917,323.145917,323.145917,323.145917,,,,,,,,,323.145917
36720,1.27020000,323.145917,323.145917,323.145917,323.145917,323.145917,323.145917,323.145917,323.145917,323.145917,323.145917,323.145917,323.145917,323.145917,,,,,,,,,323.145917
36780,1.26996667,323.145917,323.145917,323.145917,323.145917,323.145917,323.145917,323.145917,323.145917,323.145917,323.145917,323.145917,323.145917,323.145917,,,,,,,,,323.145917
36840,1.26973333,323.145917,323.145917,323.145917,323.145917,323.145917,323.145917,323.145917,323.145917,323.145917,323.145917,323.145917,323.145917,323.145917,,,,,,,,,323.145917
36900,1.26950000,323.145917,323.145917,323.145917,323.145917,323.145917,323.145917,323.145917,323.145917,323.145917,323.145917,323.145917,323.145917,323.145917,,,,,,,,,323.145917
36960,1.26926667,323.145917,323.145917,323.145917,323.145917,323.145917,323.145917,323.145917,323.145917,323.145917,323.145917,323.145917,323.145917,323.145917,,,,,,,,,323.145917
37020,1.26903333,323.145917,323.145917,323.145917,323.145917,323.145917,323.145917,323.145917,323.145917,323.145917,323.145917,323.145917,323.145917,323.145917,,,,,,,,,323.145917
37080,1.26880000,323.145917,323.145917,323.145917,323.145917,323.145917,323.145917,323.145917,323.145917,323.145917,323.145917,323.145917,323.145917,323.145917,,,,,,,,,323.145917
37140,1.26856667,323.145917,323.145917,323.145917,323.145917,323.145917,323.145917,323.145917,323.145917,323.145917,323.145917,323.145917,323.145917,323.145917,,,,,,,,,323.145917
37200,1.26833333,323.145917,323.145917,323.145917,323.145917,323.145917,323.145917,323.145917,323.145917,323.145917,323.145917,323.145917,323.145917,323.145917,,,,,,,,,323.145917
37260,1.26810000,323.145917,323.145917,323.145917,323.145917,323.145917,323.145917,323.145917,323.145917,323.145917,323.145917,323.145917,323.145917,323.145917,,,,,,,,,323.145917
37320,1.26786667,323.145917,323.145917,323.145917,323.145917,323.145917,323.145917,323.145917,323.145917,323.145917,323.145917,323.145917,323.145917,323.145917,,,,,,,,,323.145917
37380,1.26763333,323.145917,323.145917,323.145917,323.145917,323.145917,323.145917,323.145917,323.145917,323.145917,323.145917,323.145917,323.145917,323.145917,,,,,,,,,323.145917
37440,1.26740000,323.145917,323.145917,323.145917,323.145917,323.145917,323.145917,323.145917,323.145917,323.145917,323.145917,323.145917,323.145917,323.145917,,,,,,,,,323.145917
37500,1.26716667,323.145917,323.145917,323.145917,323.145917,323.145917,323.145917,323.145917,323.145917,323.145917,323.145917,323.145917,323.145917,323.145917,,,,,,,,,323.145917
37560,1.26693333,323.145917,323.145917,323.145917,323.145917,323.145917,323.145917,323.145917,323.145917,323.145917,323.145917,323.145917,323.145917,323.145917,,,,,,,,,323.145917
37620,1.26670000,323.145917,323.145917,323.145917,323.145917,323.145917,323.145917,323.145917,323.145917,323.145917,323.145917,323.145917,323.145917,323.145917,,,,,,,,,323.145917
37680,1.26646667,323.145917,323.145917,323.145917,323.145917,323.145917,323.145917,323.145917,323.145917,323.145917,323.145917,323.145917,323.145917,323.145917,,,,,,,,,323.145917
37740,1.26623333,323.145917,323.145917,323.145917,323.145917,323.145917,323.145917,323.145917,323.145917,323.145917,323.145917,323.145917,323.145917,323.145917,,,,,,,,,323.145917
37800,1.26600000,323.145917,323.145917,323.145917,323.145917,323.145917,323.145917,323.145917,323.145917,323.145917,323.145917,323.145917,323.145917,323.145917,,,,,,,,,323.145917
37860,1.26580000,323.145917,323.145917,323.145917,323.145917,323.145917,323.145917,323.145917,323.145917,323.145917,323.145917,323.145917,323.145917,323.145917,,,,,,,,,323.145917
37920,1.26560000,323.145917,323.145917,323.145917,323.145917,323.145917,323.145917,323.145917,323.145917,323.145917,323.145917,323.145917,323.145917,323.145917,,,,,,,,,323.145917
37980,1.26540000,323.145917,323.145917,323.145917,323.145917,323.145917,323.145917,323.145917,323.145917,323.145917,323.145917,323.145917,323.145917,323.145917,,,,,,,,,323.145917
38040,1.26520000,323.145917,323.145917,323.145917,323.145917,323.145917,323.145917,323.145917,323.145917,323.145917,323.145917,323.145917,323.145917,323.145917,,,,,,,,,323.145917
38100,1.26500000,323.145917,323.145917,323.145917,323.145917,323.145917,323.145917,323.145917,323.145917,323.145917,323.145917,323.145917,323.145917,323.145917,,,,,,,,,323.145917
38160,1.26480000,323.145917,323.145917,323.145917,323.145917,323.145917,323.145917,323.145917,323.145917,323.145917,323.145917,323.145917,323.145917,323.145917,,,,,,,,,323.145917
38220,1.26460000,323.145917,323.145917,323.145917,323.145917,323.145917,323.145917,323.145917,323.145917,323.145917,323.145917,323.145917,323.145917,323.145917,,,,,,,,,323.145917
38280,1.26440000,323.145917,323.145917,323.145917,323.145917,323.145917,323.145917,323.145917,323.145917,323.145917,323.145917,323.145917,323.145917,323.145917,,,,,,,,,323.145917
38340,1.26420000,323.145917,323.145917,323.145917,323.145917,323.145917,323.145917,323.145917,323.145917,323.145917,323.145917,323.145917,323.145917,323.145917,,,,,,,,,323.145917
38400,1.26400000,323.145917,323.145917,323.145917,323.145917,323.145917,323.145917,323.145917,323.145917,323.145917,323.145917,323.145917,323.145917,323.145917,,,,,,,,,323.145917
38460,1.26380000,323.145917,323.145917,323.145917,323.145917,323.145917,323.145917,323.145917,323.145917,323.145917,323.145917,323.145917,323.145917,323.145917,,,,,,,,,323.145917
38520,1.26360000,323.145917,323.145917,323.145917,323.145917,323.145917,323.145917,323.145917,323.145917,323.145917,323.145917,323.145917,323.145917,323.145917,,,,,,,,,323.145917
38580,1.26340000,323.145917,323.145917,323.145917,323.145917,323.145917,323.145917,323.145917,323.145917,323.145917,323.145917,323.145917,323.145917,323.145917,,,,,,,,,323.145917
38640,1.26320000,323.145917,323.145917,323.145917,323.145917,323.145917,323.145917,323.145917,323.145917,323.145917,323.145917,323.145917,323.145917,323.145917,,,,,,,,,323.145917
38700,1.26300000,323.145917,323.145917,323.145917,323.145917,323.145917,323.145917,323.145917,323.145917,323.145917,323.145917,323.145917,323.145917,323.145917,,,,,,,,,323.145917
38760,1.26280000,323.145917,323.145917,323.145917,323.145917,323.145917,323.145917,323.145917,323.145917,323.145917,323.145917,323.145917,323.145917,323.145917,,,,,,,,,323.145917
38820,1.26260000,323.145917,323.145917,323.145917,323.145917,323.145917,323.145917,323.145917,323.145917,323.145917,323.145917,323.145917,323.145917,323.145917,,,,,,,,,323.145917
38880,1.26240000,323.145917,323.145917,323.145917,323.145917,323.145917,323.145917,323.145917,323.145917,323.145917,323.145917,323.145917,323.145917,323.145917,,,,,,,,,323.145917
38940,1.26220000,323.145917,323.145917,323.145917,323.145917,323.145917,323.145917,323.145917,323.145917,323.145917,323.145917,323.145917,323.145917,323.145917,,,,,,,,,323.145917
39000,1.26200000,323.145917,323.145917,323.145917,323.145917,323.145917,323.145917,323.145917,323.145917,323.145917,323.145917,323.145917,323.145917,323.145917,,,,,,,,,323.145917
39060,1.26180000,323.145917,323.145917,323.145917,323.145917,323.145917,323.145917,323.145917,323.145917,323.145917,323.145917,323.145917,323.145917,323.145917,,,,,,,,,323.145917
39120,1.26160000,323.145917,323.145917,323.145917,323.145917,323.145917,323.145917,323.145917,323.145917,323.145917,323.145917,323.145917,323.145917,323.145917,,,,,,,,,323.145917
39180,1.26140000,323.145917,323.145917,323.145917,323.145917,323.145917,323.145917,323.145917,323.145917,323.145917,323.145917,323.145917,323.145917,323.145917,,,,,,,,,323.145917
39240,1.26120000,323.145917,323.145917,323.145917,323.145917,323.145917,323.145917,323.145917,323.145917,323.145917,323.145917,323.145917,323.145917,323.145917,,,,,,,,,323.145917
39300,1.26100000,323.145917,323.145917,323.145917,323.145917,323.145917,323.145917,323.145917,323.145917,323.145917,323.145917,323.145917,323.145917,323.145917,,,,,,,,,323.145917
39360,1.26080000,323.145917,323.145917,323.145917,323.145917,323.145917,323.145917,323.145917,323.145917,323.145917,323.145917,323.145917,323.145917,323.145917,,,,,,,,,323.145917
39420,1.26060000,323.145917,323.145917,323.145917,323.145917,323.145917,323.145917,323.145917,323.145917,323.145917,323.145917,323.145917,323.145917,323.145917,,,,,,,,,323.145917
39480,1.26040000,323.145917,323.145917,323.145917,323.145917,323.145917,323.145917,323.145917,323.145917,323.145917,323.145917,323.145917,323.145917,323.145917,,,,,,,,,323.145917
39540,1.26020000,323.145917,323.145917,323.145917,323.145917,323.145917,323.145917,323.145917,323.145917,323.145917,323.145917,323.145917,323.145917,323.145917,,,,,,,,,323.145917
39600,1.26000000,323.145917,323.145917,323.145917,323.145917,323.145917,323.145917,323.145917,323.145917,323.145917,323.145917,323.145917,323.145917,323.145917,,,,,,,,,323.145917
39660,1.25976667,323.145917,323.145917,323.145917,323.145917,323.145917,323.145917,323.145917,323.145917,323.145917,323.145917,323.145917,323.145917,323.145917,,,,,,,,,323.145917
39720,1.25953333,323.145917,323.145917,323.145917,323.145917,323.145917,323.145917,323.145917,323.145917,323.145917,323.145917,323.145917,323.145917,323.145917,,,,,,,,,323.145917
39780,1.25930000,323.145917,323.145917,323.145917,323.145917,323.145917,323.145917,323.145917,323.145917,323.145917,323.145917,323.145917,323.145917,323.145917,,,,,,,,,323.145917
39840,1.25906667,323.145917,323.145917,323.145917,323.145917,323.145917,323.145917,323.145917,323.145917,323.145917,323.145917,323.145917,323.145917,323.145917,,,,,,,,,323.145917
39900,1.25883333,323.145917,323.145917,323.145917,323.145917,323.145917,323.145917,323.145917,323.145917,323.145917,323.145917,323.145917,323.145917,323.145917,,,,,,,,,323.145917
39960,1.25860000,323.145917,323.145917,323.145917,323.145917,323.145917,323.145917,323.145917,323.145917,323.145917,323.145917,323.145917,323.145917,323.145917,,,,,,,,,323.145917
40020,1.25836667,323.145917,323.145917,323.145917,323.145917,323.145917,323.145917,323.145917,323.145917,323.145917,323.145917,323.145917,323.145917,323.145917,,,,,,,,,323.145917
40080,1.25813333,323.145917,323.145917,323.145917,323.145917,323.145917,323.145917,323.145917,323.145917,323.145917,323.145917,323.145917,323.145917,323.145917,,,,,,,,,323.145917
40140,1.25790000,323.145917,323.145917,323.145917,323.145917,323.145917,323.145917,323.145917,323.145917,323.145917,323.145917,323.145917,323.145917,323.145917,,,,,,,,,323.145917
40200,1.25766667,323.145917,323.145917,323.145917,323.145917,323.145917,323.145917,323.145917,323.145917,323.145917,323.145917,323.145917,323.145917,323.145917,,,,,,,,,323.145917
40260,1.25743333,323.145917,323.145917,323.145917,323.145917,323.145917,323.145917,323.145917,323.145917,323.145917,323.145917,323.145917,323.145917,323.145917,,,,,,,,,323.145917
40320,1.25720000,323.145917,323.145917,323.145917,323.145917,323.145917,323.145917,323.145917,323.145917,323.145917,323.145917,323.145917,323.145917,323.145917,,,,,,,,,323.145917
40380,1.25696667,323.145917,323.145917,323.145917,323.145917,323.145917,323.145917,323.145917,323.145917,323.145917,323.145917,323.145917,323.145917,323.145917,,,,,,,,,323.145917
40440,1.25673333,323.145917,323.145917,323.145917,323.145917,323.145917,323.145917,323.145917,323.145917,323.145917,323.145917,323.145917,323.145917,323.145917,,,,,,,,,323.145917
40500,1.25650000,323.145917,323.145917,323.145917,323.145917,323.145917,323.145917,323.145917,323.145917,323.145917,323.145917,323.145917,323.145917,323.145917,,,,,,,,,323.145917
40560,1.25626667,323.145917,323.145917,323.145917,323.145917,323.145917,323.145917,323.145917,323.145917,323.145917,323.145917,323.145917,323.145917,323.145917,,,,,,,,,323.145917
40620,1.25603333,323.145917,323.145917,323.145917,323.145917,323.145917,323.145917,323.145917,323.145917,323.145917,323.145917,323.145917,323.145917,323.145917,,,,,,,,,323.145917
40680,1.25580000,323.145917,323.145917,323.145917,323.145917,323.145917,323.145917,323.145917,323.145917,323.145917,323.145917,323.145917,323.145917,323.145917,,,,,,,,,323.145917
40740,1.25556667,323.145917,323.145917,323.145917,323.145917,323.145917,323.145917,323.145917,323.145917,323.145917,323.145917,323.145917,323.145917,323.145917,,,,,,,,,323.145917
40800,1.25533333,323.145917,323.145917,323.145917,323.145917,323.145917,323.145917,323.145917,323.145917,323.145917,323.145917,323.145917,323.145917,323.145917,,,,,,,,,323.145917
40860,1.25510000,323.145917,323.145917,323.145917,323.145917,323.145917,323.145917,323.145917,323.145917,323.145917,323.145917,323.145917,323.145917,323.145917,,,,,,,,,323.145917
40920,1.25486667,323.145917,323.145917,323.145917,323.145917,323.145917,323.145917,323.145917,323.145917,323.145917,323.145917,323.145917,323.145917,323.145917,,,,,,,,,323.145917
40980,1.25463333,323.145917,323.145917,323.145917,323.145917,323.145917,323.145917,323.145917,323.145917,323.145917,323.145917,323.145917,323.145917,323.145917,,,,,,,,,323.145917
41040,1.25440000,323.145917,323.145917,323.145917,323.145917,323.145917,323.145917,323.145917,323.145917,323.145917,323.145917,323.145917,323.145917,323.145917,,,,,,,,,323.145917
41100,1.25416667,323.145917,323.145917,323.145917,323.145917,323.145917,323.145917,323.145917,323.145917,323.145917,323.145917,323.145917,323.145917,323.145917,,,,,,,,,323.145917
41160,1.25393333,323.145917,323.145917,323.145917,323.145917,323.145917,323.145917,323.145917,323.145917,323.145917,323.145917,323.145917,323.145917,323.145917,,,,,,,,,323.145917
41220,1.25370000,323.145917,323.145917,323.145917,323.145917,323.145917,323.145917,323.145917,323.145917,323.145917,323.145917,323.145917,323.145917,323.145917,,,,,,,,,323.145917
41280,1.25346667,323.145917,323.145917,323.145917,323.145917,323.145917,323.145917,323.145917,323.145917,323.145917,323.145917,323.145917,323.145917,323.145917,,,,,,,,,323.145917
41340,1.25323333,323.145917,323.145917,323.145917,323.145917,323.145917,323.145917,323.145917,323.145917,323.145917,323.145917,323.145917,323.145917,323.145917,,,,,,,,,323.145917
41400,1.25300000,323.145917,323.145917,323.145917,323.145917,323.145917,323.145917,323.145917,323.145917,323.145917,323.145917,323.145917,323.145917,323.145917,,,,,,,,,323.145917
41460,1.25283333,323.145917,323.145917,323.145917,323.145917,323.145917,323.145917,323.145917,323.145917,323.145917,323.145917,323.145917,323.145917,323.145917,,,,,,,,,323.145917
41520,1.25266667,323.145917,323.145917,323.145917,323.145917,323.145917,323.145917,323.145917,323.145917,323.145917,323.145917,323.145917,323.145917,323.145917,,,,,,,,,323.145917
41580,1.25250000,323.145917,323.145917,323.145917,323.145917,323.145917,323.145917,323.145917,323.145917,323.145917,323.145917,323.145917,323.145917,323.145917,,,,,,,,,323.145917
41640,1.25233333,323.145917,323.145917,323.145917,323.145917,323.145917,323.145917,323.145917,323.145917,323.145917,323.145917,323.145917,323.145917,323.145917,,,,,,,,,323.145917
41700,1.25216667,323.145917,323.145917,323.145917,323.145917,323.145917,323.145917,323.145917,323.145917,323.145917,323.145917,323.145917,323.145917,323.145917,,,,,,,,,323.145917
41760,1.25200000,323.145917,323.145917,323.145917,323.145917,323.145917,323.145917,323.145917,323.145917,323.145917,323.145917,323.145917,323.145917,323.145917,,,,,,,,,323.145917
41820,1.25183333,323.145917,323.145917,323.145917,323.145917,323.145917,323.145917,323.145917,323.145917,323.145917,323.145917,323.145917,323.145917,323.145917,,,,,,,,,323.145917
41880,1.25166667,323.145917,323.145917,323.145917,323.145917,323.145917,323.145917,323.145917,323.145917,323.145917,323.145917,323.145917,323.145917,323.145917,,,,,,,,,323.145917
41940,1.25150000,323.145917,323.145917,323.145917,323.145917,323.145917,323.145917,323.145917,323.145917,323.145917,323.145917,323.145917,323.145917,323.145917,,,,,,,,,323.145917
42000,1.25133333,323.145917,323.145917,323.145917,323.145917,323.145917,323.145917,323.145917,323.145917,323.145917,323.145917,323.145917,323.145917,323.145917,,,,,,,,,323.145917
42060,1.25116667,323.145917,323.145917,323.145917,323.145917,323.145917,323.145917,323.145917,323.145917,323.145917,323.145917,323.145917,323.145917,323.145917,,,,,,,,,323.145917
42120,1.25100000,323.145917,323.145917,323.145917,323.145917,323.145917,323.145917,323.145917,323.145917,323.145917,323.145917,323.145917,323.145917,323.145917,,,,,,,,,323.145917
42180,1.25083333,323.145917,323.145917,323.145917,323.145917,323.145917,323.145917,323.145917,323.145917,323.145917,323.145917,323.145917,323.145917,323.145917,,,,,,,,,323.145917
42240,1.25066667,323.145917,323.145917,323.145917,323.145917,323.145917,323.145917,323.145917,323.145917,323.145917,323.145917,323.145917,323.145917,323.145917,,,,,,,,,323.145917
42300,1.25050000,323.145917,323.145917,323.145917,323.145917,323.145917,323.145917,323.145917,323.145917,323.145917,323.145917,323.145917,323.145917,323.145917,,,,,,,,,323.145917
42360,1.25033333,323.145917,323.145917,323.145917,323.145917,323.145917,323.145917,323.145917,323.145917,323.145917,323.145917,323.145917,323.145917,323.145917,,,,,,,,,323.145917
42420,1.25016667,323.145917,323.145917,323.145917,323.145917,323.145917,323.145917,323.145917,323.145917,323.145917,323.145917,323.145917,323.145917,323.145917,,,,,,,,,323.145917
42480,1.25000000,323.145917,323.145917,323.145917,323.145917,323.145917,323.145917,323.145917,323.145917,323.145917,323.145917,323.145917,323.145917,323.145917,,,,,,,,,323.145917
42540,1.24983333,323.145917,323.145917,323.145917,323.145917,323.145917,323.145917,323.145917,323.145917,323.145917,323.145917,323.145917,323.145917,323.145917,,,,,,,,,323.145917
42600,1.24966667,323.145917,323.145917,323.145917,323.145917,323.145917,323.145917,323.145917,323.145917,323.145917,323.145917,323.145917,323.145917,323.145917,,,,,,,,,323.145917
42660,1.24950000,323.145917,323.145917,323.145917,323.145917,323.145917,323.145917,323.145917,323.145917,323.145917,323.145917,323.145917,323.145917,323.145917,,,,,,,,,323.145917
42720,1.24933333,323.145917,323.145917,323.145917,323.145917,323.145917,323.145917,323.145917,323.145917,323.145917,323.145917,323.145917,323.145917,323.145917,,,,,,,,,323.145917
42780,1.24916667,323.145917,323.145917,323.145917,323.145917,323.145917,323.145917,323.145917,323.145917,323.145917,323.145917,323.145917,323.145917,323.145917,,,,,,,,,323.145917
42840,1.24900000,323.145917,323.145917,323.145917,323.145917,323.145917,323.145917,323.145917,323.145917,323.145917,323.145917,323.145917,323.145917,323.145917,,,,,,,,,323.145917
42900,1.24883333,323.145917,323.145917,323.145917,323.145917,323.145917,323.145917,323.145917,323.145917,323.145917,323.145917,323.145917,323.145917,323.145917,,,,,,,,,323.145917
42960,1.24866667,323.145917,323.145917,323.145917,323.145917,323.145917,323.145917,323.145917,323.145917,323.145917,323.145917,323.145917,323.145917,323.145917,,,,,,,,,323.145917
43020,1.24850000,323.145917,323.145917,323.145917,323.145917,323.145917,323.145917,323.145917,323.145917,323.145917,323.145917,323.145917,323.145917,323.145917,,,,,,,,,323.145917
43080,1.24833333,323.145917,323.145917,323.145917,323.145917,323.145917,323.145917,323.145917,323.145917,323.145917,323.145917,323.145917,323.145917,323.145917,,,,,,,,,323.145917
43140,1.24816667,323.145917,323.145917,323.145917,323.145917,323.145917,323.145917,323.145917,323.145917,323.145917,323.145917,323.145917,323.145917,323.145917,,,,,,,,,323.145917
43200,1.24800000,323.145917,323.145917,323.145917,323.145917,323.145917,323.145917,323.145917,323.145917,323.145917,323.145917,323.145917,323.145917,323.145917,,,,,,,,,323.145917
43260,1.24786667,323.145917,323.145917,323.145917,323.145917,323.145917,323.145917,323.145917,323.145917,323.145917,323.145917,323.145917,323.145917,323.145917,,,,,,,,,323.145917
43320,1.24773333,323.145917,323.145917,323.145917,323.145917,323.145917,323.145917,323.145917,323.145917,323.145917,323.145917,323.145917,323.145917,323.145917,,,,,,,,,323.145917
43380,1.24760000,323.145917,323.145917,323.145917,323.145917,323.145917,323.145917,323.145917,323.145917,323.145917,323.145917,323.145917,323.145917,323.145917,,,,,,,,,323.145917
43440,1.24746667,323.145917,323.145917,323.145917,323.145917,323.145917,323.145917,323.145917,323.145917,323.145917,323.145917,323.145917,323.145917,323.145917,,,,,,,,,323.145917
43500,1.24733333,323.145917,323.145917,323.145917,323.145917,323.145917,323.145917,323.145917,323.145917,323.145917,323.145917,323.145917,323.145917,323.145917,,,,,,,,,323.145917
43560,1.24720000,323.145917,323.145917,323.145917,323.145917,323.145917,323.145917,323.145917,323.145917,323.145917,323.145917,323.145917,323.145917,323.145917,,,,,,,,,323.145917
43620,1.24706667,323.145917,323.145917,323.145917,323.145917,323.145917,323.145917,323.145917,323.145917,323.145917,323.145917,323.145917,323.145917,323.145917,,,,,,,,,323.145917
43680,1.24693333,323.145917,323.145917,323.145917,323.145917,323.145917,323.145917,323.145917,323.145917,323.145917,323.145917,323.145917,323.145917,323.145917,,,,,,,,,323.145917
43740,1.24680000,323.145917,323.145917,323.145917,323.145917,323.145917,323.145917,323.145917,323.145917,323.145917,323.145917,323.145917,323.145917,323.145917,,,,,,,,,323.145917
43800,1.24666667,323.145917,323.145917,323.145917,323.145917,323.145917,323.145917,323.145917,323.145917,323.145917,323.145917,323.145917,323.145917,323.145917,,,,,,,,,323.145917
43860,1.24653333,323.145917,323.145917,323.145917,323.145917,323.145917,323.145917,323.145917,323.145917,323.145917,323.145917,323.145917,323.145917,323.145917,,,,,,,,,323.145917
43920,1.24640000,323.145917,323.145917,323.145917,323.145917,323.145917,323.145917,323.145917,323.145917,323.145917,323.145917,323.145917,323.145917,323.145917,,,,,,,,,323.145917
43980,1.24626667,323.145917,323.145917,323.145917,323.145917,323.145917,323.145917,323.145917,323.145917,323.145917,323.145917,323.145917,323.145917,323.145917,,,,,,,,,323.145917
44040,1.24613333,323.145917,323.145917,323.145917,323.145917,323.145917,323.145917,323.145917,323.145917,323.145917,323.145917,323.145917,323.145917,323.145917,,,,,,,,,323.145917
44100,1.24600000,323.145917,323.145917,323.145917,323.145917,323.145917,323.145917,323.145917,323.145917,323.145917,323.145917,323.145917,323.145917,323.145917,,,,,,,,,323.145917
44160,1.24586667,323.145917,323.145917,323.145917,323.145917,323.145917,323.145917,323.145917,323.145917,323.145917,323.145917,323.145917,323.145917,323.145917,,,,,,,,,323.145917
44220,1.24573333,323.145917,323.145917,323.145917,323.145917,323.145917,323.145917,323.145917,323.145917,323.145917,323.145917,323.145917,323.145917,323.145917,,,,,,,,,323.145917
44280,1.24560000,323.145917,323.145917,323.145917,323.145917,323.145917,323.145917,323.145917,323.145917,323.145917,323.145917,323.145917,323.145917,323.145917,,,,,,,,,323.145917
44340,1.24546667,323.145917,323.145917,323.145917,323.145917,323.145917,323.145917,323.145917,323.145917,323.145917,323.145917,323.145917,323.145917,323.145917,,,,,,,,,323.145917
44400,1.24533333,323.145917,323.145917,323.145917,323.145917,323.145917,323.145917,323.145917,323.145917,323.145917,323.145917,323.145917,323.145917,323.145917,,,,,,,,,323.145917
44460,1.24520000,323.145917,323.145917,323.145917,323.145917,323.145917,323.145917,323.145917,323.145917,323.145917,323.145917,323.145917,323.145917,323.145917,,,,,,,,,323.145917
44520,1.24506667,323.145917,323.145917,323.145917,323.145917,323.145917,323.145917,323.145917,323.145917,323.145917,323.145917,323.145917,323.145917,323.145917,,,,,,,,,323.145917
44580,1.24493333,323.145917,323.145917,323.145917,323.145917,323.145917,323.145917,323.145917,323.145917,323.145917,323.145917,323.145917,323.145917,323.145917,,,,,,,,,323.145917
44640,1.24480000,323.145917,323.145917,323.145917,323.145917,323.145917,323.145917,323.145917,323.145917,323.145917,323.145917,323.145917,323.145917,323.145917,,,,,,,,,323.145917
44700,1.24466667,323.145917,323.145917,323.145917,323.145917,323.145917,323.145917,323.145917,323.145917,323.145917,323.145917,323.145917,323.145917,323.145917,,,,,,,,,323.145917
44760,1.24453333,323.145917,323.145917,323.145917,323.145917,323.145917,323.145917,323.145917,323.145917,323.145917,323.145917,323.145917,323.145917,323.145917,,,,,,,,,323.145917
44820,1.24440000,323.145917,323.145917,323.145917,323.145917,323.145917,323.145917,323.145917,323.145917,323.145917,323.145917,323.145917,323.145917,323.145917,,,,,,,,,323.145917
44880,1.24426667,323.145917,323.145917,323.145917,323.145917,323.145917,323.145917,323.145917,323.145917,323.145917,323.145917,323.145917,323.145917,323.145917,,,,,,,,,323.145917
44940,1.24413333,323.145917,323.145917,323.145917,323.145917,323.145917,323.145917,323.145917,323.145917,323.145917,323.145917,323.145917,323.145917,323.145917,,,,,,,,,323.145917
45000,1.24400000,323.145917,323.145917,323.145917,323.145917,323.145917,323.145917,323.145917,323.145917,323.145917,323.145917,323.145917,323.145917,323.145917,,,,,,,,,323.145917
45060,1.24386667,323.145917,323.145917,323.145917,323.145917,323.145917,323.145917,323.145917,323.145917,323.145917,323.145917,323.145917,323.145917,323.145917,,,,,,,,,323.145917
45120,1.24373333,323.145917,323.145917,323.145917,323.145917,323.145917,323.145917,323.145917,323.145917,323.145917,323.145917,323.145917,323.145917,323.145917,,,,,,,,,323.145917
45180,1.24360000,323.145917,323.145917,323.145917,323.145917,323.145917,323.145917,323.145917,323.145917,323.145917,323.145917,323.145917,323.145917,323.145917,,,,,,,,,323.145917
45240,1.24346667,323.145917,323.145917,323.145917,323.145917,323.145917,323.145917,323.145917,323.145917,323.145917,323.145917,323.145917,323.145917,323.145917,,,,,,,,,323.145917
45300,1.24333333,323.145917,323.145917,323.145917,323.145917,323.145917,323.145917,323.145917,323.145917,323.145917,323.145917,323.145917,323.145917,323.145917,,,,,,,,,323.145917
45360,1.24320000,323.145917,323.145917,323.145917,323.145917,323.145917,323.145917,323.145917,323.145917,323.145917,323.145917,323.145917,323.145917,323.145917,,,,,,,,,323.145917
45420,1.24306667,323.145917,323.145917,323.145917,323.145917,323.145917,323.145917,323.145917,323.145917,323.145917,323.145917,323.145917,323.145917,323.145917,,,,,,,,,323.145917
45480,1.24293333,323.145917,323.145917,323.145917,323.145917,323.145917,323.145917,323.145917,323.145917,323.145917,323.145917,323.145917,323.145917,323.145917,,,,,,,,,323.145917
45540,1.24280000,323.145917,323.145917,323.145917,323.145917,323.145917,323.145917,323.145917,323.145917,323.145917,323.145917,323.145917,323.145917,323.145917,,,,,,,,,323.145917
45600,1.24266667,323.145917,323.145917,323.145917,323.145917,323.145917,323.145917,323.145917,323.145917,323.145917,323.145917,323.145917,323.145917,323.145917,,,,,,,,,323.145917
45660,1.24253333,323.145917,323.145917,323.145917,323.145917,323.145917,323.145917,323.145917,323.145917,323.145917,323.145917,323.145917,323.145917,323.145917,,,,,,,,,323.145917
45720,1.24240000,323.145917,323.145917,323.145917,323.145917,323.145917,323.145917,323.145917,323.145917,323.145917,323.145917,323.145917,323.145917,323.145917,,,,,,,,,323.145917
45780,1.24226667,323.145917,323.145917,323.145917,323.145917,323.145917,323.145917,323.145917,323.145917,323.145917,323.145917,323.145917,323.145917,323.145917,,,,,,,,,323.145917
45840,1.24213333,323.145917,323.145917,323.145917,323.145917,323.145917,323.145917,323.145917,323.145917,323.145917,323.145917,323.145917,323.145917,323.145917,,,,,,,,,323.145917
45900,1.24200000,323.145917,323.145917,323.145917,323.145917,323.145917,323.145917,323.145917,323.145917,323.145917,323.145917,323.145917,323.145917,323.145917,,,,,,,,,323.145917
45960,1.24186667,323.145917,323.145917,323.145917,323.145917,323.145917,323.145917,323.145917,323.145917,323.145917,323.145917,323.145917,323.145917,323.145917,,,,,,,,,323.145917
46020,1.24173333,323.145917,323.145917,323.145917,323.145917,323.145917,323.145917,323.145917,323.145917,323.145917,323.145917,323.145917,323.145917,323.145917,,,,,,,,,323.145917
46080,1.24160000,323.145917,323.145917,323.145917,323.145917,323.145917,323.145917,323.145917,323.145917,323.145917,323.145917,323.145917,323.145917,323.145917,,,,,,,,,323.145917
46140,1.24146667,323.145917,323.145917,323.145917,323.145917,323.145917,323.145917,323.145917,323.145917,323.145917,323.145917,323.145917,323.145917,323.145917,,,,,,,,,323.145917
46200,1.24133333,323.145917,323.145917,323.145917,323.145917,323.145917,323.145917,323.145917,323.145917,323.145917,323.145917,323.145917,323.145917,323.145917,,,,,,,,,323.145917
46260,1.24120000,323.145917,323.145917,323.145917,323.145917,323.145917,323.145917,323.145917,323.145917,323.145917,323.145917,323.145917,323.145917,323.145917,,,,,,,,,323.145917
46320,1.24106667,323.145917,323.145917,323.145917,323.145917,323.145917,323.145917,323.145917,323.145917,323.145917,323.145917,323.145917,323.145917,323.145917,,,,,,,,,323.145917
46380,1.24093333,323.145917,323.145917,323.145917,323.145917,323.145917,323.145917,323.145917,323.145917,323.145917,323.145917,323.145917,323.145917,323.145917,,,,,,,,,323.145917
46440,1.24080000,323.145917,323.145917,323.145917,323.145917,323.145917,323.145917,323.145917,323.145917,323.145917,323.145917,323.145917,323.145917,323.145917,,,,,,,,,323.145917
46500,1.24066667,323.145917,323.145917,323.145917,323.145917,323.145917,323.145917,323.145917,323.145917,323.145917,323.145917,323.145917,323.145917,323.145917,,,,,,,,,323.145917
46560,1.24053333,323.145917,323.145917,323.145917,323.145917,323.145917,323.145917,323.145917,323.145917,323.145917,323.145917,323.145917,323.145917,323.145917,,,,,,,,,323.145917
46620,1.24040000,323.145917,323.145917,323.145917,323.145917,323.145917,323.145917,323.145917,323.145917,323.145917,323.145917,323.145917,323.145917,323.145917,,,,,,,,,323.145917
46680,1.24026667,323.145917,323.145917,323.145917,323.145917,323.145917,323.145917,323.145917,323.145917,323.145917,323.145917,323.145917,323.145917,323.145917,,,,,,,,,323.145917
46740,1.24013333,323.145917,323.145917,323.145917,323.145917,323.145917,323.145917,323.145917,323.145917,323.145917,323.145917,323.145917,323.145917,323.145917,,,,,,,,,323.145917
46800,1.24000000,323.145917,323.145917,323.145917,323.145917,323.145917,323.145917,323.145917,323.145917,323.145917,323.145917,323.145917,323.145917,323.145917,,,,,,,,,323.145917
46860,1.23986667,323.145917,323.145917,323.145917,323.145917,323.145917,323.145917,323.145917,323.145917,323.145917,323.145917,323.145917,323.145917,323.145917,,,,,,,,,323.145917
46920,1.23973333,323.145917,323.145917,323.145917,323.145917,323.145917,323.145917,323.145917,323.145917,323.145917,323.145917,323.145917,323.145917,323.145917,,,,,,,,,323.145917
46980,1.23960000,323.145917,323.145917,323.145917,323.145917,323.145917,323.145917,323.145917,323.145917,323.145917,323.145917,323.145917,323.145917,323.145917,,,,,,,,,323.145917
47040,1.23946667,323.145917,323.145917,323.145917,323.145917,323.145917,323.145917,323.145917,323.145917,323.145917,323.145917,323.145917,323.145917,323.145917,,,,,,,,,323.145917
47100,1.23933333,323.145917,323.145917,323.145917,323.145917,323.145917,323.145917,323.145917,323.145917,323.145917,323.145917,323.145917,323.145917,323.145917,,,,,,,,,323.145917
47160,1.23920000,323.145917,323.145917,323.145917,323.145917,323.145917,323.145917,323.145917,323.145917,323.145917,323.145917,323.145917,323.145917,323.145917,,,,,,,,,323.145917
47220,1.23906667,323.145917,323.145917,323.145917,323.145917,323.145917,323.145917,323.145917,323.145917,323.145917,323.145917,323.145917,323.145917,323.145917,,,,,,,,,323.145917
47280,1.23893333,323.145917,323.145917,323.145917,323.145917,323.145917,323.145917,323.145917,323.145917,323.145917,323.145917,323.145917,323.145917,323.145917,,,,,,,,,323.145917
47340,1.23880000,323.145917,323.145917,323.145917,323.145917,323.145917,323.145917,323.145917,323.145917,323.145917,323.145917,323.145917,323.145917,323.145917,,,,,,,,,323.145917
47400,1.23866667,323.145917,323.145917,323.145917,323.145917,323.145917,323.145917,323.145917,323.145917,323.145917,323.145917,323.145917,323.145917,323.145917,,,,,,,,,323.145917
47460,1.23853333,323.145917,323.145917,323.145917,323.145917,323.145917,323.145917,323.145917,323.145917,323.145917,323.145917,323.145917,323.145917,323.145917,,,,,,,,,323.145917
47520,1.23840000,323.145917,323.145917,323.145917,323.145917,323.145917,323.145917,323.145917,323.145917,323.145917,323.145917,323.145917,323.145917,323.145917,,,,,,,,,323.145917
47580,1.23826667,323.145917,323.145917,323.145917,323.145917,323.145917,323.145917,323.145917,323.145917,323.145917,323.145917,323.145917,323.145917,323.145917,,,,,,,,,323.145917
47640,1.23813333,323.145917,323.145917,323.145917,323.145917,323.145917,323.145917,323.145917,323.145917,323.145917,323.145917,323.145917,323.145917,323.145917,,,,,,,,,323.145917
47700,1.23800000,323.145917,323.145917,323.145917,323.145917,323.145917,323.145917,323.145917,323.145917,323.145917,323.145917,323.145917,323.145917,323.145917,,,,,,,,,323.145917
47760,1.23786667,323.145917,323.145917,323.145917,323.145917,323.145917,323.145917,323.145917,323.145917,323.145917,323.145917,323.145917,323.145917,323.145917,,,,,,,,,323.145917
47820,1.23773333,323.145917,323.145917,323.145917,323.145917,323.145917,323.145917,323.145917,323.145917,323.145917,323.145917,323.145917,323.145917,323.145917,,,,,,,,,323.145917
47880,1.23760000,323.145917,323.145917,323.145917,323.145917,323.145917,323.145917,323.145917,323.145917,323.145917,323.145917,323.145917,323.145917,323.145917,,,,,,,,,323.145917
47940,1.23746667,323.145917,323.145917,323.145917,323.145917,323.145917,323.145917,323.145917,323.145917,323.145917,323.145917,323.145917,323.145917,323.145917,,,,,,,,,323.145917
48000,1.23733333,323.145917,323.145917,323.145917,323.145917,323.145917,323.145917,323.145917,323.145917,323.145917,323.145917,323.145917,323.145917,323.145917,,,,,,,,,323.145917
48060,1.23720000,323.145917,323.145917,323.145917,323.145917,323.145917,323.145917,323.145917,323.145917,323.145917,323.145917,323.145917,323.145917,323.145917,,,,,,,,,323.145917
48120,1.23706667,323.145917,323.145917,323.145917,323.145917,323.145917,323.145917,323.145917,323.145917,323.145917,323.145917,323.145917,323.145917,323.145917,,,,,,,,,323.145917
48180,1.23693333,323.145917,323.145917,323.145917,323.145917,323.145917,323.145917,323.145917,323.145917,323.145917,323.145917,323.145917,323.145917,323.145917,,,,,,,,,323.145917
48240,1.23680000,323.145917,323.145917,323.145917,323.145917,323.145917,323.145917,323.145917,323.145917,323.145917,323.145917,323.145917,323.145917,323.145917,,,,,,,,,323.145917
48300,1.23666667,323.145917,323.145917,323.145917,323.145917,323.145917,323.145917,323.145917,323.145917,323.145917,323.145917,323.145917,323.145917,323.145917,,,,,,,,,323.145917
48360,1.23653333,323.145917,323.145917,323.145917,323.145917,323.145917,323.145917,323.145917,323.145917,323.145917,323.145917,323.145917,323.145917,323.145917,,,,,,,,,323.145917
48420,1.23640000,323.145917,323.145917,323.145917,323.145917,323.145917,323.145917,323.145917,323.145917,323.145917,323.145917,323.145917,323.145917,323.145917,,,,,,,,,323.145917
48480,1.23626667,323.145917,323.145917,323.145917,323.145917,323.145917,323.145917,323.145917,323.145917,323.145917,323.145917,323.145917,323.145917,323.145917,,,,,,,,,323.145917
48540,1.23613333,323.145917,323.145917,323.145917,323.145917,323.145917,323.145917,323.145917,323.145917,323.145917,323.145917,323.145917,323.145917,323.145917,,,,,,,,,323.145917
48600,1.23600000,323.145917,323.145917,323.145917,323.145917,323.145917,323.145917,323.145917,323.145917,323.145917,323.145917,323.145917,323.145917,323.145917,,,,,,,,,323.145917
48660,1.23590000,323.145917,323.145917,323.145917,323.145917,323.145917,323.145917,323.145917,323.145917,323.145917,323.145917,323.145917,323.145917,323.145917,,,,,,,,,323.145917
48720,1.23580000,323.145917,323.145917,323.145917,323.145917,323.145917,323.145917,323.145917,323.145917,323.145917,323.145917,323.145917,323.145917,323.145917,,,,,,,,,323.145917
48780,1.23570000,323.145917,323.145917,323.145917,323.145917,323.145917,323.145917,323.145917,323.145917,323.145917,323.145917,323.145917,323.145917,323.145917,,,,,,,,,323.145917
48840,1.23560000,323.145917,323.145917,323.145917,323.145917,323.145917,323.145917,323.145917,323.145917,323.145917,323.145917,323.145917,323.145917,323.145917,,,,,,,,,323.145917
48900,1.23550000,323.145917,323.145917,323.145917,323.145917,323.145917,323.145917,323.145917,323.145917,323.145917,323.145917,323.145917,323.145917,323.145917,,,,,,,,,323.145917
48960,1.23540000,323.145917,323.145917,323.145917,323.145917,323.145917,323.145917,323.145917,323.145917,323.145917,323.145917,323.145917,323.145917,323.145917,,,,,,,,,323.145917
49020,1.23530000,323.145917,323.145917,323.145917,323.145917,323.145917,323.145917,323.145917,323.145917,323.145917,323.145917,323.145917,323.145917,323.145917,,,,,,,,,323.145917
49080,1.23520000,323.145917,323.145917,323.145917,323.145917,323.145917,323.145917,323.145917,323.145917,323.145917,323.145917,323.145917,323.145917,323.145917,,,,,,,,,323.145917
49140,1.23510000,323.145917,323.145917,323.145917,323.145917,323.145917,323.145917,323.145917,323.145917,323.145917,323.145917,323.145917,323.145917,323.145917,,,,,,,,,323.145917
49200,1.23500000,323.145917,323.145917,323.145917,323.145917,323.145917,323.145917,323.145917,323.145917,323.145917,323.145917,323.145917,323.145917,323.145917,,,,,,,,,323.145917
49260,1.23490000,323.145917,323.145917,323.145917,323.145917,323.145917,323.145917,323.145917,323.145917,323.145917,323.145917,323.145917,323.145917,323.145917,,,,,,,,,323.145917
49320,1.23480000,323.145917,323.145917,323.145917,323.145917,323.145917,323.145917,323.145917,323.145917,323.145917,323.145917,323.145917,323.145917,323.145917,,,,,,,,,323.145917
49380,1.23470000,323.145917,323.145917,323.145917,323.145917,323.145917,323.145917,323.145917,323.145917,323.145917,323.145917,323.145917,323.145917,323.145917,,,,,,,,,323.145917
49440,1.23460000,323.145917,323.145917,323.145917,323.145917,323.145917,323.145917,323.145917,323.145917,323.145917,323.145917,323.145917,323.145917,323.145917,,,,,,,,,323.145917
49500,1.23450000,323.145917,323.145917,323.145917,323.145917,323.145917,323.145917,323.145917,323.145917,323.145917,323.145917,323.145917,323.145917,323.145917,,,,,,,,,323.145917
49560,1.23440000,323.145917,323.145917,323.145917,323.145917,323.145917,323.145917,323.145917,323.145917,323.145917,323.145917,323.145917,323.145917,323.145917,,,,,,,,,323.145917
49620,1.23430000,323.145917,323.145917,323.145917,323.145917,323.145917,323.145917,323.145917,323.145917,323.145917,323.145917,323.145917,323.145917,323.145917,,,,,,,,,323.145917
49680,1.23420000,323.145917,323.145917,323.145917,323.145917,323.145917,323.145917,323.145917,323.145917,323.145917,323.145917,323.145917,323.145917,323.145917,,,,,,,,,323.145917
49740,1.23410000,323.145917,323.145917,323.145917,323.145917,323.145917,323.145917,323.145917,323.145917,323.145917,323.145917,323.145917,323.145917,323.145917,,,,,,,,,323.145917
49800,1.23400000,323.145917,323.145917,323.145917,323.145917,323.145917,323.145917,323.145917,323.145917,323.145917,323.145917,323.145917,323.145917,323.145917,,,,,,,,,323.145917
49860,1.23390000,323.145917,323.145917,323.145917,323.145917,323.145917,323.145917,323.145917,323.145917,323.145917,323.145917,323.145917,323.145917,323.145917,,,,,,,,,323.145917
49920,1.23380000,323.145917,323.145917,323.145917,323.145917,323.145917,323.145917,323.145917,323.145917,323.145917,323.145917,323.145917,323.145917,323.145917,,,,,,,,,323.145917
49980,1.23370000,323.145917,323.145917,323.145917,323.145917,323.145917,323.145917,323.145917,323.145917,323.145917,323.145917,323.145917,323.145917,323.145917,,,,,,,,,323.145917
50040,1.23360000,323.145917,323.145917,323.145917,323.145917,323.145917,323.145917,323.145917,323.145917,323.145917,323.145917,323.145917,323.145917,323.145917,,,,,,,,,323.145917
50100,1.23350000,323.145917,323.145917,323.145917,323.145917,323.145917,323.145917,323.145917,323.145917,323.145917,323.145917,323.145917,323.145917,323.145917,,,,,,,,,323.145917
50160,1.23340000,323.145917,323.145917,323.145917,323.145917,323.145917,323.145917,323.145917,323.145917,323.145917,323.145917,323.145917,323.145917,323.145917,,,,,,,,,323.145917
50220,1.23330000,323.145917,323.145917,323.145917,323.145917,323.145917,323.145917,323.145917,323.145917,323.145917,323.145917,323.145917,323.145917,323.145917,,,,,,,,,323.145917
50280,1.23320000,323.145917,323.145917,323.145917,323.145917,323.145917,323.145917,323.145917,323.145917,323.145917,323.145917,323.145917,323.145917,323.145917,,,,,,,,,323.145917
50340,1.23310000,323.145917,323.145917,323.145917,323.145917,323.145917,323.145917,323.145917,323.145917,323.145917,323.145917,323.145917,323.145917,323.145917,,,,,,,,,323.145917
50400,1.23300000,323.145917,323.145917,323.145917,323.145917,323.145917,323.145917,323.145917,323.145917,323.145917,323.145917,323.145917,323.145917,323.145917,,,,,,,,,323.145917
50460,1.23286667,323.145917,323.145917,323.145917,323.145917,323.145917,323.145917,323.145917,323.145917,323.145917,323.145917,323.145917,323.145917,323.145917,,,,,,,,,323.145917
50520,1.23273333,323.145917,323.145917,323.145917,323.145917,323.145917,323.145917,323.145917,323.145917,323.145917,323.145917,323.145917,323.145917,323.145917,,,,,,,,,323.145917
50580,1.23260000,323.145917,323.145917,323.145917,323.145917,323.145917,323.145917,323.145917,323.145917,323.145917,323.145917,323.145917,323.145917,323.145917,,,,,,,,,323.145917
50640,1.23246667,323.145917,323.145917,323.145917,323.145917,323.145917,323.145917,323.145917,323.145917,323.145917,323.145917,323.145917,323.145917,323.145917,,,,,,,,,323.145917
50700,1.23233333,323.145917,323.145917,323.145917,323.145917,323.145917,323.145917,323.145917,323.145917,323.145917,323.145917,323.145917,323.145917,323.145917,,,,,,,,,323.145917
50760,1.23220000,323.145917,323.145917,323.145917,323.145917,323.145917,323.145917,323.145917,323.145917,323.145917,323.145917,323.145917,323.145917,323.145917,,,,,,,,,323.145917
50820,1.23206667,323.145917,323.145917,323.145917,323.145917,323.145917,323.145917,323.145917,323.145917,323.145917,323.145917,323.145917,323.145917,323.145917,,,,,,,,,323.145917
50880,1.23193333,323.145917,323.145917,323.145917,323.145917,323.145917,323.145917,323.145917,323.145917,323.145917,323.145917,323.145917,323.145917,323.145917,,,,,,,,,323.145917
50940,1.23180000,323.145917,323.145917,323.145917,323.145917,323.145917,323.145917,323.145917,323.145917,323.145917,323.145917,323.145917,323.145917,323.145917,,,,,,,,,323.145917
51000,1.23166667,323.145917,323.145917,323.145917,323.145917,323.145917,323.145917,323.145917,323.145917,323.145917,323.145917,323.145917,323.145917,323.145917,,,,,,,,,323.145917
51060,1.23153333,323.145917,323.145917,323.145917,323.145917,323.145917,323.145917,323.145917,323.145917,323.145917,323.145917,323.145917,323.145917,323.145917,,,,,,,,,323.145917
51120,1.23140000,323.145917,323.145917,323.145917,323.145917,323.145917,323.145917,323.145917,323.145917,323.145917,323.145917,323.145917,323.145917,323.145917,,,,,,,,,323.145917
51180,1.23126667,323.145917,323.145917,323.145917,323.145917,323.145917,323.145917,323.145917,323.145917,323.145917,323.145917,323.145917,323.145917,323.145917,,,,,,,,,323.145917
51240,1.23113333,323.145917,323.145917,323.145917,323.145917,323.145917,323.145917,323.145917,323.145917,323.145917,323.145917,323.145917,323.145917,323.145917,,,,,,,,,323.145917
51300,1.23100000,323.145917,323.145917,323.145917,323.145917,323.145917,323.145917,323.145917,323.145917,323.145917,323.145917,323.145917,323.145917,323.145917,,,,,,,,,323.145917
51360,1.23086667,323.145917,323.145917,323.145917,323.145917,323.145917,323.145917,323.145917,323.145917,323.145917,323.145917,323.145917,323.145917,323.145917,,,,,,,,,323.145917
51420,1.23073333,323.145917,323.145917,323.145917,323.145917,323.145917,323.145917,323.145917,323.145917,323.145917,323.145917,323.145917,323.145917,323.145917,,,,,,,,,323.145917
51480,1.23060000,323.145917,323.145917,323.145917,323.145917,323.145917,323.145917,323.145917,323.145917,323.145917,323.145917,323.145917,323.145917,323.145917,,,,,,,,,323.145917
51540,1.23046667,323.145917,323.145917,323.145917,323.145917,323.145917,323.145917,323.145917,323.145917,323.145917,323.145917,323.145917,323.145917,323.145917,,,,,,,,,323.145917
51600,1.23033333,323.145917,323.145917,323.145917,323.145917,323.145917,323.145917,323.145917,323.145917,323.145917,323.145917,323.145917,323.145917,323.145917,,,,,,,,,323.145917
51660,1.23020000,323.145917,323.145917,323.145917,323.145917,323.145917,323.145917,323.145917,323.145917,323.145917,323.145917,323.145917,323.145917,323.145917,,,,,,,,,323.145917
51720,1.23006667,323.145917,323.145917,323.145917,323.145917,323.145917,323.145917,323.145917,323.145917,323.145917,323.145917,323.145917,323.145917,323.145917,,,,,,,,,323.145917
51780,1.22993333,323.145917,323.145917,323.145917,323.145917,323.145917,323.145917,323.145917,323.145917,323.145917,323.145917,323.145917,323.145917,323.145917,,,,,,,,,323.145917
51840,1.22980000,323.145917,323.145917,323.145917,323.145917,323.145917,323.145917,323.145917,323.145917,323.145917,323.145917,323.145917,323.145917,323.145917,,,,,,,,,323.145917
51900,1.22966667,323.145917,323.145917,323.145917,323.145917,323.145917,323.145917,323.145917,323.145917,323.145917,323.145917,323.145917,323.145917,323.145917,,,,,,,,,323.145917
51960,1.22953333,323.145917,323.145917,323.145917,323.145917,323.145917,323.145917,323.145917,323.145917,323.145917,323.145917,323.145917,323.145917,323.145917,,,,,,,,,323.145917
52020,1.22940000,323.145917,323.145917,323.145917,323.145917,323.145917,323.145917,323.145917,323.145917,323.145917,323.145917,323.145917,323.145917,323.145917,,,,,,,,,323.145917
52080,1.22926667,323.145917,323.145917,323.145917,323.145917,323.145917,323.145917,323.145917,323.145917,323.145917,323.145917,323.145917,323.145917,323.145917,,,,,,,,,323.145917
52140,1.22913333,323.145917,323.145917,323.145917,323.145917,323.145917,323.145917,323.145917,323.145917,323.145917,323.145917,323.145917,323.145917,323.145917,,,,,,,,,323.145917
52200,1.22900000,323.145917,323.145917,323.145917,323.145917,323.145917,323.145917,323.145917,323.145917,323.145917,323.145917,323.145917,323.145917,323.145917,,,,,,,,,323.145917
52260,1.22890000,323.145917,323.145917,323.145917,323.145917,323.145917,323.145917,323.145917,323.145917,323.145917,323.145917,323.145917,323.145917,323.145917,,,,,,,,,323.145917
52320,1.22880000,323.145917,323.145917,323.145917,323.145917,323.145917,323.145917,323.145917,323.145917,323.145917,323.145917,323.145917,323.145917,323.145917,,,,,,,,,323.145917
52380,1.22870000,323.145917,323.145917,323.145917,323.145917,323.145917,323.145917,323.145917,323.145917,323.145917,323.145917,323.145917,323.145917,323.145917,,,,,,,,,323.145917
52440,1.22860000,323.145917,323.145917,323.145917,323.145917,323.145917,323.145917,323.145917,323.145917,323.145917,323.145917,323.145917,323.145917,323.145917,,,,,,,,,323.145917
52500,1.22850000,323.145917,323.145917,323.145917,323.145917,323.145917,323.145917,323.145917,323.145917,323.145917,323.145917,323.145917,323.145917,323.145917,,,,,,,,,323.145917
52560,1.22840000,323.145917,323.145917,323.145917,323.145917,323.145917,323.145917,323.145917,323.145917,323.145917,323.145917,323.145917,323.145917,323.145917,,,,,,,,,323.145917
52620,1.22830000,323.145917,323.145917,323.145917,323.145917,323.145917,323.145917,323.145917,323.145917,323.145917,323.145917,323.145917,323.145917,323.145917,,,,,,,,,323.145917
52680,1.22820000,323.145917,323.145917,323.145917,323.145917,323.145917,323.145917,323.145917,323.145917,323.145917,323.145917,323.145917,323.145917,323.145917,,,,,,,,,323.145917
52740,1.22810000,323.145917,323.145917,323.145917,323.145917,323.145917,323.145917,323.145917,323.145917,323.145917,323.145917,323.145917,323.145917,323.145917,,,,,,,,,323.145917
52800,1.22800000,323.145917,323.145917,323.145917,323.145917,323.145917,323.145917,323.145917,323.145917,323.145917,323.145917,323.145917,323.145917,323.145917,,,,,,,,,323.145917
52860,1.22790000,323.145917,323.145917,323.145917,323.145917,323.145917,323.145917,323.145917,323.145917,323.145917,323.145917,323.145917,323.145917,323.145917,,,,,,,,,323.145917
52920,1.22780000,323.145917,323.145917,323.145917,323.145917,323.145917,323.145917,323.145917,323.145917,323.145917,323.145917,323.145917,323.145917,323.145917,,,,,,,,,323.145917
52980,1.22770000,323.145917,323.145917,323.145917,323.145917,323.145917,323.145917,323.145917,323.145917,323.145917,323.145917,323.145917,323.145917,323.145917,,,,,,,,,323.145917
53040,1.22760000,323.145917,323.145917,323.145917,323.145917,323.145917,323.145917,323.145917,323.145917,323.145917,323.145917,323.145917,323.145917,323.145917,,,,,,,,,323.145917
53100,1.22750000,323.145917,323.145917,323.145917,323.145917,323.145917,323.145917,323.145917,323.145917,323.145917,323.145917,323.145917,323.145917,323.145917,,,,,,,,,323.145917
53160,1.22740000,323.145917,323.145917,323.145917,323.145917,323.145917,323.145917,323.145917,323.145917,323.145917,323.145917,323.145917,323.145917,323.145917,,,,,,,,,323.145917
53220,1.22730000,323.145917,323.145917,323.145917,323.145917,323.145917,323.145917,323.145917,323.145917,323.145917,323.145917,323.145917,323.145917,323.145917,,,,,,,,,323.145917
53280,1.22720000,323.145917,323.145917,323.145917,323.145917,323.145917,323.145917,323.145917,323.145917,323.145917,323.145917,323.145917,323.145917,323.145917,,,,,,,,,323.145917
53340,1.22710000,323.145917,323.145917,323.145917,323.145917,323.145917,323.145917,323.145917,323.145917,323.145917,323.145917,323.145917,323.145917,323.145917,,,,,,,,,323.145917
53400,1.22700000,323.145917,323.145917,323.145917,323.145917,323.145917,323.145917,323.145917,323.145917,323.145917,323.145917,323.145917,323.145917,323.145917,,,,,,,,,323.145917
53460,1.22690000,323.145917,323.145917,323.145917,323.145917,323.145917,323.145917,323.145917,323.145917,323.145917,323.145917,323.145917,323.145917,323.145917,,,,,,,,,323.145917
53520,1.22680000,323.145917,323.145917,323.145917,323.145917,323.145917,323.145917,323.145917,323.145917,323.145917,323.145917,323.145917,323.145917,323.145917,,,,,,,,,323.145917
53580,1.22670000,323.145917,323.145917,323.145917,323.145917,323.145917,323.145917,323.145917,323.145917,323.145917,323.145917,323.145917,323.145917,323.145917,,,,,,,,,323.145917
53640,1.22660000,323.145917,323.145917,323.145917,323.145917,323.145917,323.145917,323.145917,323.145917,323.145917,323.145917,323.145917,323.145917,323.145917,,,,,,,,,323.145917
53700,1.22650000,323.145917,323.145917,323.145917,323.145917,323.145917,323.145917,323.145917,323.145917,323.145917,323.145917,323.145917,323.145917,323.145917,,,,,,,,,323.145917
53760,1.22640000,323.145917,323.145917,323.145917,323.145917,323.145917,323.145917,323.145917,323.145917,323.145917,323.145917,323.145917,323.145917,323.145917,,,,,,,,,323.145917
53820,1.22630000,323.145917,323.145917,323.145917,323.145917,323.145917,323.145917,323.145917,323.145917,323.145917,323.145917,323.145917,323.145917,323.145917,,,,,,,,,323.145917
53880,1.22620000,323.145917,323.145917,323.145917,323.145917,323.145917,323.145917,323.145917,323.145917,323.145917,323.145917,323.145917,323.145917,323.145917,,,,,,,,,323.145917
53940,1.22610000,323.145917,323.145917,323.145917,323.145917,323.145917,323.145917,323.145917,323.145917,323.145917,323.145917,323.145917,323.145917,323.145917,,,,,,,,,323.145917
54000,1.22600000,323.145917,323.145917,323.145917,323.145917,323.145917,323.145917,323.145917,323.145917,323.145917,323.145917,323.145917,323.145917,323.145917,,,,,,,,,323.145917
54060,1.22590000,323.145917,323.145917,323.145917,323.145917,323.145917,323.145917,323.145917,323.145917,323.145917,323.145917,323.145917,323.145917,323.145917,,,,,,,,,323.145917
54120,1.22580000,323.145917,323.145917,323.145917,323.145917,323.145917,323.145917,323.145917,323.145917,323.145917,323.145917,323.145917,323.145917,323.145917,,,,,,,,,323.145917
54180,1.22570000,323.145917,323.145917,323.145917,323.145917,323.145917,323.145917,323.145917,323.145917,323.145917,323.145917,323.145917,323.145917,323.145917,,,,,,,,,323.145917
54240,1.22560000,323.145917,323.145917,323.145917,323.145917,323.145917,323.145917,323.145917,323.145917,323.145917,323.145917,323.145917,323.145917,323.145917,,,,,,,,,323.145917
54300,1.22550000,323.145917,323.145917,323.145917,323.145917,323.145917,323.145917,323.145917,323.145917,323.145917,323.145917,323.145917,323.145917,323.145917,,,,,,,,,323.145917
54360,1.22540000,323.145917,323.145917,323.145917,323.145917,323.145917,323.145917,323.145917,323.145917,323.145917,323.145917,323.145917,323.145917,323.145917,,,,,,,,,323.145917
54420,1.22530000,323.145917,323.145917,323.145917,323.145917,323.145917,323.145917,323.145917,323.145917,323.145917,323.145917,323.145917,323.145917,323.145917,,,,,,,,,323.145917
54480,1.22520000,323.145917,323.145917,323.145917,323.145917,323.145917,323.145917,323.145917,323.145917,323.145917,323.145917,323.145917,323.145917,323.145917,,,,,,,,,323.145917
54540,1.22510000,323.145917,323.145917,323.145917,323.145917,323.145917,323.145917,323.145917,323.145917,323.145917,323.145917,323.145917,323.145917,323.145917,,,,,,,,,323.145917
54600,1.22500000,323.145917,323.145917,323.145917,323.145917,323.145917,323.145917,323.145917,323.145917,323.145917,323.145917,323.145917,323.145917,323.145917,,,,,,,,,323.145917
54660,1.22490000,323.145917,323.145917,323.145917,323.145917,323.145917,323.145917,323.145917,323.145917,323.145917,323.145917,323.145917,323.145917,323.145917,,,,,,,,,323.145917
54720,1.22480000,323.145917,323.145917,323.145917,323.145917,323.145917,323.145917,323.145917,323.145917,323.145917,323.145917,323.145917,323.145917,323.145917,,,,,,,,,323.145917
54780,1.22470000,323.145917,323.145917,323.145917,323.145917,323.145917,323.145917,323.145917,323.145917,323.145917,323.145917,323.145917,323.145917,323.145917,,,,,,,,,323.145917
54840,1.22460000,323.145917,323.145917,323.145917,323.145917,323.145917,323.145917,323.145917,323.145917,323.145917,323.145917,323.145917,323.145917,323.145917,,,,,,,,,323.145917
54900,1.22450000,323.145917,323.145917,323.145917,323.145917,323.145917,323.145917,323.145917,323.145917,323.145917,323.145917,323.145917,323.145917,323.145917,,,,,,,,,323.145917
54960,1.22440000,323.145917,323.145917,323.145917,323.145917,323.145917,323.145917,323.145917,323.145917,323.145917,323.145917,323.145917,323.145917,323.145917,,,,,,,,,323.145917
55020,1.22430000,323.145917,323.145917,323.145917,323.145917,323.145917,323.145917,323.145917,323.145917,323.145917,323.145917,323.145917,323.145917,323.145917,,,,,,,,,323.145917
55080,1.22420000,323.145917,323.145917,323.145917,323.145917,323.145917,323.145917,323.145917,323.145917,323.145917,323.145917,323.145917,323.145917,323.145917,,,,,,,,,323.145917
55140,1.22410000,323.145917,323.145917,323.145917,323.145917,323.145917,323.145917,323.145917,323.145917,323.145917,323.145917,323.145917,323.145917,323.145917,,,,,,,,,323.145917
55200,1.22400000,323.145917,323.145917,323.145917,323.145917,323.145917,323.145917,323.145917,323.145917,323.145917,323.145917,323.145917,323.145917,323.145917,,,,,,,,,323.145917
55260,1.22390000,323.145917,323.145917,323.145917,323.145917,323.145917,323.145917,323.145917,323.145917,323.145917,323.145917,323.145917,323.145917,323.145917,,,,,,,,,323.145917
55320,1.22380000,323.145917,323.145917,323.145917,323.145917,323.145917,323.145917,323.145917,323.145917,323.145917,323.145917,323.145917,323.145917,323.145917,,,,,,,,,323.145917
55380,1.22370000,323.145917,323.145917,323.145917,323.145917,323.145917,323.145917,323.145917,323.145917,323.145917,323.145917,323.145917,323.145917,323.145917,,,,,,,,,323.145917
55440,1.22360000,323.145917,323.145917,323.145917,323.145917,323.145917,323.145917,323.145917,323.145917,323.145917,323.145917,323.145917,323.145917,323.145917,,,,,,,,,323.145917
55500,1.22350000,323.145917,323.145917,323.145917,323.145917,323.145917,323.145917,323.145917,323.145917,323.145917,323.145917,323.145917,323.145917,323.145917,,,,,,,,,323.145917
55560,1.22340000,323.145917,323.145917,323.145917,323.145917,323.145917,323.145917,323.145917,323.145917,323.145917,323.145917,323.145917,323.145917,323.145917,,,,,,,,,323.145917
55620,1.22330000,323.145917,323.145917,323.145917,323.145917,323.145917,323.145917,323.145917,323.145917,323.145917,323.145917,323.145917,323.145917,323.145917,,,,,,,,,323.145917
55680,1.22320000,323.145917,323.145917,323.145917,323.145917,323.145917,323.145917,323.145917,323.145917,323.145917,323.145917,323.145917,323.145917,323.145917,,,,,,,,,323.145917
55740,1.22310000,323.145917,323.145917,323.145917,323.145917,323.145917,323.145917,323.145917,323.145917,323.145917,323.145917,323.145917,323.145917,323.145917,,,,,,,,,323.145917
55800,1.22300000,323.145917,323.145917,323.145917,323.145917,323.145917,323.145917,323.145917,323.145917,323.145917,323.145917,323.145917,323.145917,323.145917,,,,,,,,,323.145917
55860,1.22293333,323.145917,323.145917,323.145917,323.145917,323.145917,323.145917,323.145917,323.145917,323.145917,323.145917,323.145917,323.145917,323.145917,,,,,,,,,323.145917
55920,1.22286667,323.145917,323.145917,323.145917,323.145917,323.145917,323.145917,323.145917,323.145917,323.145917,323.145917,323.145917,323.145917,323.145917,,,,,,,,,323.145917
55980,1.22280000,323.145917,323.145917,323.145917,323.145917,323.145917,323.145917,323.145917,323.145917,323.145917,323.145917,323.145917,323.145917,323.145917,,,,,,,,,323.145917
56040,1.22273333,323.145917,323.145917,323.145917,323.145917,323.145917,323.145917,323.145917,323.145917,323.145917,323.145917,323.145917,323.145917,323.145917,,,,,,,,,323.145917
56100,1.22266667,323.145917,323.145917,323.145917,323.145917,323.145917,323.145917,323.145917,323.145917,323.145917,323.145917,323.145917,323.145917,323.145917,,,,,,,,,323.145917
56160,1.22260000,323.145917,323.145917,323.145917,323.145917,323.145917,323.145917,323.145917,323.145917,323.145917,323.145917,323.145917,323.145917,323.145917,,,,,,,,,323.145917
56220,1.22253333,323.145917,323.145917,323.145917,323.145917,323.145917,323.145917,323.145917,323.145917,323.145917,323.145917,323.145917,323.145917,323.145917,,,,,,,,,323.145917
56280,1.22246667,323.145917,323.145917,323.145917,323.145917,323.145917,323.145917,323.145917,323.145917,323.145917,323.145917,323.145917,323.145917,323.145917,,,,,,,,,323.145917
56340,1.22240000,323.145917,323.145917,323.145917,323.145917,323.145917,323.145917,323.145917,323.145917,323.145917,323.145917,323.145917,323.145917,323.145917,,,,,,,,,323.145917
56400,1.22233333,323.145917,323.145917,323.145917,323.145917,323.145917,323.145917,323.145917,323.145917,323.145917,323.145917,323.145917,323.145917,323.145917,,,,,,,,,323.145917
56460,1.22226667,323.145917,323.145917,323.145917,323.145917,323.145917,323.145917,323.145917,323.145917,323.145917,323.145917,323.145917,323.145917,323.145917,,,,,,,,,323.145917
56520,1.22220000,323.145917,323.145917,323.145917,323.145917,323.145917,323.145917,323.145917,323.145917,323.145917,323.145917,323.145917,323.145917,323.145917,,,,,,,,,323.145917
56580,1.22213333,323.145917,323.145917,323.145917,323.145917,323.145917,323.145917,323.145917,323.145917,323.145917,323.145917,323.145917,323.145917,323.145917,,,,,,,,,323.145917
56640,1.22206667,323.145917,323.145917,323.145917,323.145917,323.145917,323.145917,323.145917,323.145917,323.145917,323.145917,323.145917,323.145917,323.145917,,,,,,,,,323.145917
56700,1.22200000,323.145917,323.145917,323.145917,323.145917,323.145917,323.145917,323.145917,323.145917,323.145917,323.145917,323.145917,323.145917,323.145917,,,,,,,,,323.145917
56760,1.22193333,323.145917,323.145917,323.145917,323.145917,323.145917,323.145917,323.145917,323.145917,323.145917,323.145917,323.145917,323.145917,323.145917,,,,,,,,,323.145917
56820,1.22186667,323.145917,323.145917,323.145917,323.145917,323.145917,323.145917,323.145917,323.145917,323.145917,323.145917,323.145917,323.145917,323.145917,,,,,,,,,323.145917
56880,1.22180000,323.145917,323.145917,323.145917,323.145917,323.145917,323.145917,323.145917,323.145917,323.145917,323.145917,323.145917,323.145917,323.145917,,,,,,,,,323.145917
56940,1.22173333,323.145917,323.145917,323.145917,323.145917,323.145917,323.145917,323.145917,323.145917,323.145917,323.145917,323.145917,323.145917,323.145917,,,,,,,,,323.145917
57000,1.22166667,323.145917,323.145917,323.145917,323.145917,323.145917,323.145917,323.145917,323.145917,323.145917,323.145917,323.145917,323.145917,323.145917,,,,,,,,,323.145917
57060,1.22160000,323.145917,323.145917,323.145917,323.145917,323.145917,323.145917,323.145917,323.145917,323.145917,323.145917,323.145917,323.145917,323.145917,,,,,,,,,323.145917
57120,1.22153333,323.145917,323.145917,323.145917,323.145917,323.145917,323.145917,323.145917,323.145917,323.145917,323.145917,323.145917,323.145917,323.145917,,,,,,,,,323.145917
57180,1.22146667,323.145917,323.145917,323.145917,323.145917,323.145917,323.145917,323.145917,323.145917,323.145917,323.145917,323.145917,323.145917,323.145917,,,,,,,,,323.145917
57240,1.22140000,323.145917,323.145917,323.145917,323.145917,323.145917,323.145917,323.145917,323.145917,323.145917,323.145917,323.145917,323.145917,323.145917,,,,,,,,,323.145917
57300,1.22133333,323.145917,323.145917,323.145917,323.145917,323.145917,323.145917,323.145917,323.145917,323.145917,323.145917,323.145917,323.145917,323.145917,,,,,,,,,323.145917
57360,1.22126667,323.145917,323.145917,323.145917,323.145917,323.145917,323.145917,323.145917,323.145917,323.145917,323.145917,323.145917,323.145917,323.145917,,,,,,,,,323.145917
57420,1.22120000,323.145917,323.145917,323.145917,323.145917,323.145917,323.145917,323.145917,323.145917,323.145917,323.145917,323.145917,323.145917,323.145917,,,,,,,,,323.145917
57480,1.22113333,323.145917,323.145917,323.145917,323.145917,323.145917,323.145917,323.145917,323.145917,323.145917,323.145917,323.145917,323.145917,323.145917,,,,,,,,,323.145917
57540,1.22106667,323.145917,323.145917,323.145917,323.145917,323.145917,323.145917,323.145917,323.145917,323.145917,323.145917,323.145917,323.145917,323.145917,,,,,,,,,323.145917
57600,1.22100000,323.145917,323.145917,323.145917,323.145917,323.145917,323.145917,323.145917,323.145917,323.145917,323.145917,323.145917,323.145917,323.145917,,,,,,,,,323.145917
57660,1.22093333,323.145917,323.145917,323.145917,323.145917,323.145917,323.145917,323.145917,323.145917,323.145917,323.145917,323.145917,323.145917,323.145917,,,,,,,,,323.145917
57720,1.22086667,323.145917,323.145917,323.145917,323.145917,323.145917,323.145917,323.145917,323.145917,323.145917,323.145917,323.145917,323.145917,323.145917,,,,,,,,,323.145917
57780,1.22080000,323.145917,323.145917,323.145917,323.145917,323.145917,323.145917,323.145917,323.145917,323.145917,323.145917,323.145917,323.145917,323.145917,,,,,,,,,323.145917
57840,1.22073333,323.145917,323.145917,323.145917,323.145917,323.145917,323.145917,323.145917,323.145917,323.145917,323.145917,323.145917,323.145917,323.145917,,,,,,,,,323.145917
57900,1.22066667,323.145917,323.145917,323.145917,323.145917,323.145917,323.145917,323.145917,323.145917,323.145917,323.145917,323.145917,323.145917,323.145917,,,,,,,,,323.145917
57960,1.22060000,323.145917,323.145917,323.145917,323.145917,323.145917,323.145917,323.145917,323.145917,323.145917,323.145917,323.145917,323.145917,323.145917,,,,,,,,,323.145917
58020,1.22053333,323.145917,323.145917,323.145917,323.145917,323.145917,323.145917,323.145917,323.145917,323.145917,323.145917,323.145917,323.145917,323.145917,,,,,,,,,323.145917
58080,1.22046667,323.145917,323.145917,323.145917,323.145917,323.145917,323.145917,323.145917,323.145917,323.145917,323.145917,323.145917,323.145917,323.145917,,,,,,,,,323.145917
58140,1.22040000,323.145917,323.145917,323.145917,323.145917,323.145917,323.145917,323.145917,323.145917,323.145917,323.145917,323.145917,323.145917,323.145917,,,,,,,,,323.145917
58200,1.22033333,323.145917,323.145917,323.145917,323.145917,323.145917,323.145917,323.145917,323.145917,323.145917,323.145917,323.145917,323.145917,323.145917,,,,,,,,,323.145917
58260,1.22026667,323.145917,323.145917,323.145917,323.145917,323.145917,323.145917,323.145917,323.145917,323.145917,323.145917,323.145917,323.145917,323.145917,,,,,,,,,323.145917
58320,1.22020000,323.145917,323.145917,323.145917,323.145917,323.145917,323.145917,323.145917,323.145917,323.145917,323.145917,323.145917,323.145917,323.145917,,,,,,,,,323.145917
58380,1.22013333,323.145917,323.145917,323.145917,323.145917,323.145917,323.145917,323.145917,323.145917,323.145917,323.145917,323.145917,323.145917,323.145917,,,,,,,,,323.145917
58440,1.22006667,323.145917,323.145917,323.145917,323.145917,323.145917,323.145917,323.145917,323.145917,323.145917,323.145917,323.145917,323.145917,323.145917,,,,,,,,,323.145917
58500,1.22000000,323.145917,323.145917,323.145917,323.145917,323.145917,323.145917,323.145917,323.145917,323.145917,323.145917,323.145917,323.145917,323.145917,,,,,,,,,323.145917
58560,1.21993333,323.145917,323.145917,323.145917,323.145917,323.145917,323.145917,323.145917,323.145917,323.145917,323.145917,323.145917,323.145917,323.145917,,,,,,,,,323.145917
58620,1.21986667,323.145917,323.145917,323.145917,323.145917,323.145917,323.145917,323.145917,323.145917,323.145917,323.145917,323.145917,323.145917,323.145917,,,,,,,,,323.145917
58680,1.21980000,323.145917,323.145917,323.145917,323.145917,323.145917,323.145917,323.145917,323.145917,323.145917,323.145917,323.145917,323.145917,323.145917,,,,,,,,,323.145917
58740,1.21973333,323.145917,323.145917,323.145917,323.145917,323.145917,323.145917,323.145917,323.145917,323.145917,323.145917,323.145917,323.145917,323.145917,,,,,,,,,323.145917
58800,1.21966667,323.145917,323.145917,323.145917,323.145917,323.145917,323.145917,323.145917,323.145917,323.145917,323.145917,323.145917,323.145917,323.145917,,,,,,,,,323.145917
58860,1.21960000,323.145917,323.145917,323.145917,323.145917,323.145917,323.145917,323.145917,323.145917,323.145917,323.145917,323.145917,323.145917,323.145917,,,,,,,,,323.145917
58920,1.21953333,323.145917,323.145917,323.145917,323.145917,323.145917,323.145917,323.145917,323.145917,323.145917,323.145917,323.145917,323.145917,323.145917,,,,,,,,,323.145917
58980,1.21946667,323.145917,323.145917,323.145917,323.145917,323.145917,323.145917,323.145917,323.145917,323.145917,323.145917,323.145917,323.145917,323.145917,,,,,,,,,323.145917
59040,1.21940000,323.145917,323.145917,323.145917,323.145917,323.145917,323.145917,323.145917,323.145917,323.145917,323.145917,323.145917,323.145917,323.145917,,,,,,,,,323.145917
59100,1.21933333,323.145917,323.145917,323.145917,323.145917,323.145917,323.145917,323.145917,323.145917,323.145917,323.145917,323.145917,323.145917,323.145917,,,,,,,,,323.145917
59160,1.21926667,323.145917,323.145917,323.145917,323.145917,323.145917,323.145917,323.145917,323.145917,323.145917,323.145917,323.145917,323.145917,323.145917,,,,,,,,,323.145917
59220,1.21920000,323.145917,323.145917,323.145917,323.145917,323.145917,323.145917,323.145917,323.145917,323.145917,323.145917,323.145917,323.145917,323.145917,,,,,,,,,323.145917
59280,1.21913333,323.145917,323.145917,323.145917,323.145917,323.145917,323.145917,323.145917,323.145917,323.145917,323.145917,323.145917,323.145917,323.145917,,,,,,,,,323.145917
59340,1.21906667,323.145917,323.145917,323.145917,323.145917,323.145917,323.145917,323.145917,323.145917,323.145917,323.145917,323.145917,323.145917,323.145917,,,,,,,,,323.145917
59400,1.21900000,323.145917,323.145917,323.145917,323.145917,323.145917,323.145917,323.145917,323.145917,323.145917,323.145917,323.145917,323.145917,323.145917,,,,,,,,,323.145917
59460,1.21896667,323.145917,323.145917,323.145917,323.145917,323.145917,323.145917,323.145917,323.145917,323.145917,323.145917,323.145917,323.145917,323.145917,,,,,,,,,323.145917
59520,1.21893333,323.145917,323.145917,323.145917,323.145917,323.145917,323.145917,323.145917,323.145917,323.145917,323.145917,323.145917,323.145917,323.145917,,,,,,,,,323.145917
59580,1.21890000,323.145917,323.145917,323.145917,323.145917,323.145917,323.145917,323.145917,323.145917,323.145917,323.145917,323.145917,323.145917,323.145917,,,,,,,,,323.145917
59640,1.21886667,323.145917,323.145917,323.145917,323.145917,323.145917,323.145917,323.145917,323.145917,323.145917,323.145917,323.145917,323.145917,323.145917,,,,,,,,,323.145917
59700,1.21883333,323.145917,323.145917,323.145917,323.145917,323.145917,323.145917,323.145917,323.145917,323.145917,323.145917,323.145917,323.145917,323.145917,,,,,,,,,323.145917
59760,1.21880000,323.145917,323.145917,323.145917,323.145917,323.145917,323.145917,323.145917,323.145917,323.145917,323.145917,323.145917,323.145917,323.145917,,,,,,,,,323.145917
59820,1.21876667,323.145917,323.145917,323.145917,323.145917,323.145917,323.145917,323.145917,323.145917,323.145917,323.145917,323.145917,323.145917,323.145917,,,,,,,,,323.145917
59880,1.21873333,323.145917,323.145917,323.145917,323.145917,323.145917,323.145917,323.145917,323.145917,323.145917,323.145917,323.145917,323.145917,323.145917,,,,,,,,,323.145917
59940,1.21870000,323.145917,323.145917,323.145917,323.145917,323.145917,323.145917,323.145917,323.145917,323.145917,323.145917,323.145917,323.145917,323.145917,,,,,,,,,323.145917
60000,1.21866667,323.145917,323.145917,323.145917,323.145917,323.145917,323.145917,323.145917,323.145917,323.145917,323.145917,323.145917,323.145917,323.145917,,,,,,,,,323.145917
60060,1.21863333,323.145917,323.145917,323.145917,323.145917,323.145917,323.145917,323.145917,323.145917,323.145917,323.145917,323.145917,323.145917,323.145917,,,,,,,,,323.145917
60120,1.21860000,323.145917,323.145917,323.145917,323.145917,323.145917,323.145917,323.145917,323.145917,323.145917,323.145917,323.145917,323.145917,323.145917,,,,,,,,,323.145917
60180,1.21856667,323.145917,323.145917,323.145917,323.145917,323.145917,323.145917,323.145917,323.145917,323.145917,323.145917,323.145917,323.145917,323.145917,,,,,,,,,323.145917
60240,1.21853333,323.145917,323.145917,323.145917,323.145917,323.145917,323.145917,323.145917,323.145917,323.145917,323.145917,323.145917,323.145917,323.145917,,,,,,,,,323.145917
60300,1.21850000,323.145917,323.145917,323.145917,323.145917,323.145917,323.145917,323.145917,323.145917,323.145917,323.145917,323.145917,323.145917,323.145917,,,,,,,,,323.145917
60360,1.21846667,323.145917,323.145917,323.145917,323.145917,323.145917,323.145917,323.145917,323.145917,323.145917,323.145917,323.145917,323.145917,323.145917,,,,,,,,,323.145917
60420,1.21843333,323.145917,323.145917,323.145917,323.145917,323.145917,323.145917,323.145917,323.145917,323.145917,323.145917,323.145917,323.145917,323.145917,,,,,,,,,323.145917
60480,1.21840000,323.145917,323.145917,323.145917,323.145917,323.145917,323.145917,323.145917,323.145917,323.145917,323.145917,323.145917,323.145917,323.145917,,,,,,,,,323.145917
60540,1.21836667,323.145917,323.145917,323.145917,323.145917,323.145917,323.145917,323.145917,323.145917,323.145917,323.145917,323.145917,323.145917,323.145917,,,,,,,,,323.145917
60600,1.21833333,323.145917,323.145917,323.145917,323.145917,323.145917,323.145917,323.145917,323.145917,323.145917,323.145917,323.145917,323.145917,323.145917,,,,,,,,,323.145917
60660,1.21830000,323.145917,323.145917,323.145917,323.145917,323.145917,323.145917,323.145917,323.145917,323.145917,323.145917,323.145917,323.145917,323.145917,,,,,,,,,323.145917
60720,1.21826667,323.145917,323.145917,323.145917,323.145917,323.145917,323.145917,323.145917,323.145917,323.145917,323.145917,323.145917,323.145917,323.145917,,,,,,,,,323.145917
60780,1.21823333,323.145917,323.145917,323.145917,323.145917,323.145917,323.145917,323.145917,323.145917,323.145917,323.145917,323.145917,323.145917,323.145917,,,,,,,,,323.145917
60840,1.21820000,323.145917,323.145917,323.145917,323.145917,323.145917,323.145917,323.145917,323.145917,323.145917,323.145917,323.145917,323.145917,323.145917,,,,,,,,,323.145917
60900,1.21816667,323.145917,323.145917,323.145917,323.145917,323.145917,323.145917,323.145917,323.145917,323.145917,323.145917,323.145917,323.145917,323.145917,,,,,,,,,323.145917
60960,1.21813333,323.145917,323.145917,323.145917,323.145917,323.145917,323.145917,323.145917,323.145917,323.145917,323.145917,323.145917,323.145917,323.145917,,,,,,,,,323.145917
61020,1.21810000,323.145917,323.145917,323.145917,323.145917,323.145917,323.145917,323.145917,323.145917,323.145917,323.145917,323.145917,323.145917,323.145917,,,,,,,,,323.145917
61080,1.21806667,323.145917,323.145917,323.145917,323.145917,323.145917,323.145917,323.145917,323.145917,323.145917,323.145917,323.145917,323.145917,323.145917,,,,,,,,,323.145917
61140,1.21803333,323.145917,323.145917,323.145917,323.145917,323.145917,323.145917,323.145917,323.145917,323.145917,323.145917,323.145917,323.145917,323.145917,,,,,,,,,323.145917
61200,1.21800000,323.145917,323.145917,323.145917,323.145917,323.145917,323.145917,323.145917,323.145917,323.145917,323.145917,323.145917,323.145917,323.145917,,,,,,,,,323.145917
61260,1.21793333,323.145917,323.145917,323.145917,323.145917,323.145917,323.145917,323.145917,323.145917,323.145917,323.145917,323.145917,323.145917,323.145917,,,,,,,,,323.145917
61320,1.21786667,323.145917,323.145917,323.145917,323.145917,323.145917,323.145917,323.145917,323.145917,323.145917,323.145917,323.145917,323.145917,323.145917,,,,,,,,,323.145917
61380,1.21780000,323.145917,323.145917,323.145917,323.145917,323.145917,323.145917,323.145917,323.145917,323.145917,323.145917,323.145917,323.145917,323.145917,,,,,,,,,323.145917
61440,1.21773333,323.145917,323.145917,323.145917,323.145917,323.145917,323.145917,323.145917,323.145917,323.145917,323.145917,323.145917,323.145917,323.145917,,,,,,,,,323.145917
61500,1.21766667,323.145917,323.145917,323.145917,323.145917,323.145917,323.145917,323.145917,323.145917,323.145917,323.145917,323.145917,323.145917,323.145917,,,,,,,,,323.145917
61560,1.21760000,323.145917,323.145917,323.145917,323.145917,323.145917,323.145917,323.145917,323.145917,323.145917,323.145917,323.145917,323.145917,323.145917,,,,,,,,,323.145917
61620,1.21753333,323.145917,323.145917,323.145917,323.145917,323.145917,323.145917,323.145917,323.145917,323.145917,323.145917,323.145917,323.145917,323.145917,,,,,,,,,323.145917
61680,1.21746667,323.145917,323.145917,323.145917,323.145917,323.145917,323.145917,323.145917,323.145917,323.145917,323.145917,323.145917,323.145917,323.145917,,,,,,,,,323.145917
61740,1.21740000,323.145917,323.145917,323.145917,323.145917,323.145917,323.145917,323.145917,323.145917,323.145917,323.145917,323.145917,323.145917,323.145917,,,,,,,,,323.145917
61800,1.21733333,323.145917,323.145917,323.145917,323.145917,323.145917,323.145917,323.145917,323.145917,323.145917,323.145917,323.145917,323.145917,323.145917,,,,,,,,,323.145917
61860,1.21726667,323.145917,323.145917,323.145917,323.145917,323.145917,323.145917,323.145917,323.145917,323.145917,323.145917,323.145917,323.145917,323.145917,,,,,,,,,323.145917
61920,1.21720000,323.145917,323.145917,323.145917,323.145917,323.145917,323.145917,323.145917,323.145917,323.145917,323.145917,323.145917,323.145917,323.145917,,,,,,,,,323.145917
61980,1.21713333,323.145917,323.145917,323.145917,323.145917,323.145917,323.145917,323.145917,323.145917,323.145917,323.145917,323.145917,323.145917,323.145917,,,,,,,,,323.145917
62040,1.21706667,323.145917,323.145917,323.145917,323.145917,323.145917,323.145917,323.145917,323.145917,323.145917,323.145917,323.145917,323.145917,323.145917,,,,,,,,,323.145917
62100,1.21700000,323.145917,323.145917,323.145917,323.145917,323.145917,323.145917,323.145917,323.145917,323.145917,323.145917,323.145917,323.145917,323.145917,,,,,,,,,323.145917
62160,1.21693333,323.145917,323.145917,323.145917,323.145917,323.145917,323.145917,323.145917,323.145917,323.145917,323.145917,323.145917,323.145917,323.145917,,,,,,,,,323.145917
62220,1.21686667,323.145917,323.145917,323.145917,323.145917,323.145917,323.145917,323.145917,323.145917,323.145917,323.145917,323.145917,323.145917,323.145917,,,,,,,,,323.145917
62280,1.21680000,323.145917,323.145917,323.145917,323.145917,323.145917,323.145917,323.145917,323.145917,323.145917,323.145917,323.145917,323.145917,323.145917,,,,,,,,,323.145917
62340,1.21673333,323.145917,323.145917,323.145917,323.145917,323.145917,323.145917,323.145917,323.145917,323.145917,323.145917,323.145917,323.145917,323.145917,,,,,,,,,323.145917
62400,1.21666667,323.145917,323.145917,323.145917,323.145917,323.145917,323.145917,323.145917,323.145917,323.145917,323.145917,323.145917,323.145917,323.145917,,,,,,,,,323.145917
62460,1.21660000,323.145917,323.145917,323.145917,323.145917,323.145917,323.145917,323.145917,323.145917,323.145917,323.145917,323.145917,323.145917,323.145917,,,,,,,,,323.145917
62520,1.21653333,323.145917,323.145917,323.145917,323.145917,323.145917,323.145917,323.145917,323.145917,323.145917,323.145917,323.145917,323.145917,323.145917,,,,,,,,,323.145917
62580,1.21646667,323.145917,323.145917,323.145917,323.145917,323.145917,323.145917,323.145917,323.145917,323.145917,323.145917,323.145917,323.145917,323.145917,,,,,,,,,323.145917
62640,1.21640000,323.145917,323.145917,323.145917,323.145917,323.145917,323.145917,323.145917,323.145917,323.145917,323.145917,323.145917,323.145917,323.145917,,,,,,,,,323.145917
62700,1.21633333,323.145917,323.145917,323.145917,323.145917,323.145917,323.145917,323.145917,323.145917,323.145917,323.145917,323.145917,323.145917,323.145917,,,,,,,,,323.145917
62760,1.21626667,323.145917,323.145917,323.145917,323.145917,323.145917,323.145917,323.145917,323.145917,323.145917,323.145917,323.145917,323.145917,323.145917,,,,,,,,,323.145917
62820,1.21620000,323.145917,323.145917,323.145917,323.145917,323.145917,323.145917,323.145917,323.145917,323.145917,323.145917,323.145917,323.145917,323.145917,,,,,,,,,323.145917
62880,1.21613333,323.145917,323.145917,323.145917,323.145917,323.145917,323.145917,323.145917,323.145917,323.145917,323.145917,323.145917,323.145917,323.145917,,,,,,,,,323.145917
62940,1.21606667,323.145917,323.145917,323.145917,323.145917,323.145917,323.145917,323.145917,323.145917,323.145917,323.145917,323.145917,323.145917,323.145917,,,,,,,,,323.145917
63000,1.21600000,323.145917,323.145917,323.145917,323.145917,323.145917,323.145917,323.145917,323.145917,323.145917,323.145917,323.145917,323.145917,323.145917,,,,,,,,,323.145917
63060,1.21593333,323.145917,323.145917,323.145917,323.145917,323.145917,323.145917,323.145917,323.145917,323.145917,323.145917,323.145917,323.145917,323.145917,,,,,,,,,323.145917
63120,1.21586667,323.145917,323.145917,323.145917,323.145917,323.145917,323.145917,323.145917,323.145917,323.145917,323.145917,323.145917,323.145917,323.145917,,,,,,,,,323.145917
63180,1.21580000,323.145917,323.145917,323.145917,323.145917,323.145917,323.145917,323.145917,323.145917,323.145917,323.145917,323.145917,323.145917,323.145917,,,,,,,,,323.145917
63240,1.21573333,323.145917,323.145917,323.145917,323.145917,323.145917,323.145917,323.145917,323.145917,323.145917,323.145917,323.145917,323.145917,323.145917,,,,,,,,,323.145917
63300,1.21566667,323.145917,323.145917,323.145917,323.145917,323.145917,323.145917,323.145917,323.145917,323.145917,323.145917,323.145917,323.145917,323.145917,,,,,,,,,323.145917
63360,1.21560000,323.145917,323.145917,323.145917,323.145917,323.145917,323.145917,323.145917,323.145917,323.145917,323.145917,323.145917,323.145917,323.145917,,,,,,,,,323.145917
63420,1.21553333,323.145917,323.145917,323.145917,323.145917,323.145917,323.145917,323.145917,323.145917,323.145917,323.145917,323.145917,323.145917,323.145917,,,,,,,,,323.145917
63480,1.21546667,323.145917,323.145917,323.145917,323.145917,323.145917,323.145917,323.145917,323.145917,323.145917,323.145917,323.145917,323.145917,323.145917,,,,,,,,,323.145917
63540,1.21540000,323.145917,323.145917,323.145917,323.145917,323.145917,323.145917,323.145917,323.145917,323.145917,323.145917,323.145917,323.145917,323.145917,,,,,,,,,323.145917
63600,1.21533333,323.145917,323.145917,323.145917,323.145917,323.145917,323.145917,323.145917,323.145917,323.145917,323.145917,323.145917,323.145917,323.145917,,,,,,,,,323.145917
63660,1.21526667,323.145917,323.145917,323.145917,323.145917,323.145917,323.145917,323.145917,323.145917,323.145917,323.145917,323.145917,323.145917,323.145917,,,,,,,,,323.145917
63720,1.21520000,323.145917,323.145917,323.145917,323.145917,323.145917,323.145917,323.145917,323.145917,323.145917,323.145917,323.145917,323.145917,323.145917,,,,,,,,,323.145917
63780,1.21513333,323.145917,323.145917,323.145917,323.145917,323.145917,323.145917,323.145917,323.145917,323.145917,323.145917,323.145917,323.145917,323.145917,,,,,,,,,323.145917
63840,1.21506667,323.145917,323.145917,323.145917,323.145917,323.145917,323.145917,323.145917,323.145917,323.145917,323.145917,323.145917,323.145917,323.145917,,,,,,,,,323.145917
63900,1.21500000,323.145917,323.145917,323.145917,323.145917,323.145917,323.145917,323.145917,323.145917,323.145917,323.145917,323.145917,323.145917,323.145917,,,,,,,,,323.145917
63960,1.21493333,323.145917,323.145917,323.145917,323.145917,323.145917,323.145917,323.145917,323.145917,323.145917,323.145917,323.145917,323.145917,323.145917,,,,,,,,,323.145917
64020,1.21486667,323.145917,323.145917,323.145917,323.145917,323.145917,323.145917,323.145917,323.145917,323.145917,323.145917,323.145917,323.145917,323.145917,,,,,,,,,323.145917
64080,1.21480000,323.145917,323.145917,323.145917,323.145917,323.145917,323.145917,323.145917,323.145917,323.145917,323.145917,323.145917,323.145917,323.145917,,,,,,,,,323.145917
64140,1.21473333,323.145917,323.145917,323.145917,323.145917,323.145917,323.145917,323.145917,323.145917,323.145917,323.145917,323.145917,323.145917,323.145917,,,,,,,,,323.145917
64200,1.21466667,323.145917,323.145917,323.145917,323.145917,323.145917,323.145917,323.145917,323.145917,323.145917,323.145917,323.145917,323.145917,323.145917,,,,,,,,,323.145917
64260,1.21460000,323.145917,323.145917,323.145917,323.145917,323.145917,323.145917,323.145917,323.145917,323.145917,323.145917,323.145917,323.145917,323.145917,,,,,,,,,323.145917
64320,1.21453333,323.145917,323.145917,323.145917,323.145917,323.145917,323.145917,323.145917,323.145917,323.145917,323.145917,323.145917,323.145917,323.145917,,,,,,,,,323.145917
64380,1.21446667,323.145917,323.145917,323.145917,323.145917,323.145917,323.145917,323.145917,323.145917,323.145917,323.145917,323.145917,323.145917,323.145917,,,,,,,,,323.145917
64440,1.21440000,323.145917,323.145917,323.145917,323.145917,323.145917,323.145917,323.145917,323.145917,323.145917,323.145917,323.145917,323.145917,323.145917,,,,,,,,,323.145917
64500,1.21433333,323.145917,323.145917,323.145917,323.145917,323.145917,323.145917,323.145917,323.145917,323.145917,323.145917,323.145917,323.145917,323.145917,,,,,,,,,323.145917
64560,1.21426667,323.145917,323.145917,323.145917,323.145917,323.145917,323.145917,323.145917,323.145917,323.145917,323.145917,323.145917,323.145917,323.145917,,,,,,,,,323.145917
64620,1.21420000,323.145917,323.145917,323.145917,323.145917,323.145917,323.145917,323.145917,323.145917,323.145917,323.145917,323.145917,323.145917,323.145917,,,,,,,,,323.145917
64680,1.21413333,323.145917,323.145917,323.145917,323.145917,323.145917,323.145917,323.145917,323.145917,323.145917,323.145917,323.145917,323.145917,323.145917,,,,,,,,,323.145917
64740,1.21406667,323.145917,323.145917,323.145917,323.145917,323.145917,323.145917,323.145917,323.145917,323.145917,323.145917,323.145917,323.145917,323.145917,,,,,,,,,323.145917
64800,1.21400000,323.145917,323.145917,323.145917,323.145917,323.145917,323.145917,323.145917,323.145917,323.145917,323.145917,323.145917,323.145917,323.145917,,,,,,,,,323.145917
64860,1.21396667,323.145917,323.145917,323.145917,323.145917,323.145917,323.145917,323.145917,323.145917,323.145917,323.145917,323.145917,323.145917,323.145917,,,,,,,,,323.145917
64920,1.21393333,323.145917,323.145917,323.145917,323.145917,323.145917,323.145917,323.145917,323.145917,323.145917,323.145917,323.145917,323.145917,323.145917,,,,,,,,,323.145917
64980,1.21390000,323.145917,323.145917,323.145917,323.145917,323.145917,323.145917,323.145917,323.145917,323.145917,323.145917,323.145917,323.145917,323.145917,,,,,,,,,323.145917
65040,1.21386667,323.145917,323.145917,323.145917,323.145917,323.145917,323.145917,323.145917,323.145917,323.145917,323.145917,323.145917,323.145917,323.145917,,,,,,,,,323.145917
65100,1.21383333,323.145917,323.145917,323.145917,323.145917,323.145917,323.145917,323.145917,323.145917,323.145917,323.145917,323.145917,323.145917,323.145917,,,,,,,,,323.145917
65160,1.21380000,323.145917,323.145917,323.145917,323.145917,323.145917,323.145917,323.145917,323.145917,323.145917,323.145917,323.145917,323.145917,323.145917,,,,,,,,,323.145917
65220,1.21376667,323.145917,323.145917,323.145917,323.145917,323.145917,323.145917,323.145917,323.145917,323.145917,323.145917,323.145917,323.145917,323.145917,,,,,,,,,323.145917
65280,1.21373333,323.145917,323.145917,323.145917,323.145917,323.145917,323.145917,323.145917,323.145917,323.145917,323.145917,323.145917,323.145917,323.145917,,,,,,,,,323.145917
65340,1.21370000,323.145917,323.145917,323.145917,323.145917,323.145917,323.145917,323.145917,323.145917,323.145917,323.145917,323.145917,323.145917,323.145917,,,,,,,,,323.145917
65400,1.21366667,323.145917,323.145917,323.145917,323.145917,323.145917,323.145917,323.145917,323.145917,323.145917,323.145917,323.145917,323.145917,323.145917,,,,,,,,,323.145917
65460,1.21363333,323.145917,323.145917,323.145917,323.145917,323.145917,323.145917,323.145917,323.145917,323.145917,323.145917,323.145917,323.145917,323.145917,,,,,,,,,323.145917
65520,1.21360000,323.145917,323.145917,323.145917,323.145917,323.145917,323.145917,323.145917,323.145917,323.145917,323.145917,323.145917,323.145917,323.145917,,,,,,,,,323.145917
65580,1.21356667,323.145917,323.145917,323.145917,323.145917,323.145917,323.145917,323.145917,323.145917,323.145917,323.145917,323.145917,323.145917,323.145917,,,,,,,,,323.145917
65640,1.21353333,323.145917,323.145917,323.145917,323.145917,323.145917,323.145917,323.145917,323.145917,323.145917,323.145917,323.145917,323.145917,323.145917,,,,,,,,,323.145917
65700,1.21350000,323.145917,323.145917,323.145917,323.145917,323.145917,323.145917,323.145917,323.145917,323.145917,323.145917,323.145917,323.145917,323.145917,,,,,,,,,323.145917
65760,1.21346667,323.145917,323.145917,323.145917,323.145917,323.145917,323.145917,323.145917,323.145917,323.145917,323.145917,323.145917,323.145917,323.145917,,,,,,,,,323.145917
65820,1.21343333,323.145917,323.145917,323.145917,323.145917,323.145917,323.145917,323.145917,323.145917,323.145917,323.145917,323.145917,323.145917,323.145917,,,,,,,,,323.145917
65880,1.21340000,323.145917,323.145917,323.145917,323.145917,323.145917,323.145917,323.145917,323.145917,323.145917,323.145917,323.145917,323.145917,323.145917,,,,,,,,,323.145917
65940,1.21336667,323.145917,323.145917,323.145917,323.145917,323.145917,323.145917,323.145917,323.145917,323.145917,323.145917,323.145917,323.145917,323.145917,,,,,,,,,323.145917
66000,1.21333333,323.145917,323.145917,323.145917,323.145917,323.145917,323.145917,323.145917,323.145917,323.145917,323.145917,323.145917,323.145917,323.145917,,,,,,,,,323.145917
66060,1.21330000,323.145917,323.145917,323.145917,323.145917,323.145917,323.145917,323.145917,323.145917,323.145917,323.145917,323.145917,323.145917,323.145917,,,,,,,,,323.145917
66120,1.21326667,323.145917,323.145917,323.145917,323.145917,323.145917,323.145917,323.145917,323.145917,323.145917,323.145917,323.145917,323.145917,323.145917,,,,,,,,,323.145917
66180,1.21323333,323.145917,323.145917,323.145917,323.145917,323.145917,323.145917,323.145917,323.145917,323.145917,323.145917,323.145917,323.145917,323.145917,,,,,,,,,323.145917
66240,1.21320000,323.145917,323.145917,323.145917,323.145917,323.145917,323.145917,323.145917,323.145917,323.145917,323.145917,323.145917,323.145917,323.145917,,,,,,,,,323.145917
66300,1.21316667,323.145917,323.145917,323.145917,323.145917,323.145917,323.145917,323.145917,323.145917,323.145917,323.145917,323.145917,323.145917,323.145917,,,,,,,,,323.145917
66360,1.21313333,323.145917,323.145917,323.145917,323.145917,323.145917,323.145917,323.145917,323.145917,323.145917,323.145917,323.145917,323.145917,323.145917,,,,,,,,,323.145917
66420,1.21310000,323.145917,323.145917,323.145917,323.145917,323.145917,323.145917,323.145917,323.145917,323.145917,323.145917,323.145917,323.145917,323.145917,,,,,,,,,323.145917
66480,1.21306667,323.145917,323.145917,323.145917,323.145917,323.145917,323.145917,323.145917,323.145917,323.145917,323.145917,323.145917,323.145917,323.145917,,,,,,,,,323.145917
66540,1.21303333,323.145917,323.145917,323.145917,323.145917,323.145917,323.145917,323.145917,323.145917,323.145917,323.145917,323.145917,323.145917,323.145917,,,,,,,,,323.145917
66600,1.21300000,323.145917,323.145917,323.145917,323.145917,323.145917,323.145917,323.145917,323.145917,323.145917,323.145917,323.145917,323.145917,323.145917,,,,,,,,,323.145917
66660,1.21296667,323.145917,323.145917,323.145917,323.145917,323.145917,323.145917,323.145917,323.145917,323.145917,323.145917,323.145917,323.145917,323.145917,,,,,,,,,323.145917
66720,1.21293333,323.145917,323.145917,323.145917,323.145917,323.145917,323.145917,323.145917,323.145917,323.145917,323.145917,323.145917,323.145917,323.145917,,,,,,,,,323.145917
66780,1.21290000,323.145917,323.145917,323.145917,323.145917,323.145917,323.145917,323.145917,323.145917,323.145917,323.145917,323.145917,323.145917,323.145917,,,,,,,,,323.145917
66840,1.21286667,323.145917,323.145917,323.145917,323.145917,323.145917,323.145917,323.145917,323.145917,323.145917,323.145917,323.145917,323.145917,323.145917,,,,,,,,,323.145917
66900,1.21283333,323.145917,323.145917,323.145917,323.145917,323.145917,323.145917,323.145917,323.145917,323.145917,323.145917,323.145917,323.145917,323.145917,,,,,,,,,323.145917
66960,1.21280000,323.145917,323.145917,323.145917,323.145917,323.145917,323.145917,323.145917,323.145917,323.145917,323.145917,323.145917,323.145917,323.145917,,,,,,,,,323.145917
67020,1.21276667,323.145917,323.145917,323.145917,323.145917,323.145917,323.145917,323.145917,323.145917,323.145917,323.145917,323.145917,323.145917,323.145917,,,,,,,,,323.145917
67080,1.21273333,323.145917,323.145917,323.145917,323.145917,323.145917,323.145917,323.145917,323.145917,323.145917,323.145917,323.145917,323.145917,323.145917,,,,,,,,,323.145917
67140,1.21270000,323.145917,323.145917,323.145917,323.145917,323.145917,323.145917,323.145917,323.145917,323.145917,323.145917,323.145917,323.145917,323.145917,,,,,,,,,323.145917
67200,1.21266667,323.145917,323.145917,323.145917,323.145917,323.145917,323.145917,323.145917,323.145917,323.145917,323.145917,323.145917,323.145917,323.145917,,,,,,,,,323.145917
67260,1.21263333,323.145917,323.145917,323.145917,323.145917,323.145917,323.145917,323.145917,323.145917,323.145917,323.145917,323.145917,323.145917,323.145917,,,,,,,,,323.145917
67320,1.21260000,323.145917,323.145917,323.145917,323.145917,323.145917,323.145917,323.145917,323.145917,323.145917,323.145917,323.145917,323.145917,323.145917,,,,,,,,,323.145917
67380,1.21256667,323.145917,323.145917,323.145917,323.145917,323.145917,323.145917,323.145917,323.145917,323.145917,323.145917,323.145917,323.145917,323.145917,,,,,,,,,323.145917
67440,1.21253333,323.145917,323.145917,323.145917,323.145917,323.145917,323.145917,323.145917,323.145917,323.145917,323.145917,323.145917,323.145917,323.145917,,,,,,,,,323.145917
67500,1.21250000,323.145917,323.145917,323.145917,323.145917,323.145917,323.145917,323.145917,323.145917,323.145917,323.145917,323.145917,323.145917,323.145917,,,,,,,,,323.145917
67560,1.21246667,323.145917,323.145917,323.145917,323.145917,323.145917,323.145917,323.145917,323.145917,323.145917,323.145917,323.145917,323.145917,323.145917,,,,,,,,,323.145917
67620,1.21243333,323.145917,323.145917,323.145917,323.145917,323.145917,323.145917,323.145917,323.145917,323.145917,323.145917,323.145917,323.145917,323.145917,,,,,,,,,323.145917
67680,1.21240000,323.145917,323.145917,323.145917,323.145917,323.145917,323.145917,323.145917,323.145917,323.145917,323.145917,323.145917,323.145917,323.145917,,,,,,,,,323.145917
67740,1.21236667,323.145917,323.145917,323.145917,323.145917,323.145917,323.145917,323.145917,323.145917,323.145917,323.145917,323.145917,323.145917,323.145917,,,,,,,,,323.145917
67800,1.21233333,323.145917,323.145917,323.145917,323.145917,323.145917,323.145917,323.145917,323.145917,323.145917,323.145917,323.145917,323.145917,323.145917,,,,,,,,,323.145917
67860,1.21230000,323.145917,323.145917,323.145917,323.145917,323.145917,323.145917,323.145917,323.145917,323.145917,323.145917,323.145917,323.145917,323.145917,,,,,,,,,323.145917
67920,1.21226667,323.145917,323.145917,323.145917,323.145917,323.145917,323.145917,323.145917,323.145917,323.145917,323.145917,323.145917,323.145917,323.145917,,,,,,,,,323.145917
67980,1.21223333,323.145917,323.145917,323.145917,323.145917,323.145917,323.145917,323.145917,323.145917,323.145917,323.145917,323.145917,323.145917,323.145917,,,,,,,,,323.145917
68040,1.21220000,323.145917,323.145917,323.145917,323.145917,323.145917,323.145917,323.145917,323.145917,323.145917,323.145917,323.145917,323.145917,323.145917,,,,,,,,,323.145917
68100,1.21216667,323.145917,323.145917,323.145917,323.145917,323.145917,323.145917,323.145917,323.145917,323.145917,323.145917,323.145917,323.145917,323.145917,,,,,,,,,323.145917
68160,1.21213333,323.145917,323.145917,323.145917,323.145917,323.145917,323.145917,323.145917,323.145917,323.145917,323.145917,323.145917,323.145917,323.145917,,,,,,,,,323.145917
68220,1.21210000,323.145917,323.145917,323.145917,323.145917,323.145917,323.145917,323.145917,323.145917,323.145917,323.145917,323.145917,323.145917,323.145917,,,,,,,,,323.145917
68280,1.21206667,323.145917,323.145917,323.145917,323.145917,323.145917,323.145917,323.145917,323.145917,323.145917,323.145917,323.145917,323.145917,323.145917,,,,,,,,,323.145917
68340,1.21203333,323.145917,323.145917,323.145917,323.145917,323.145917,323.145917,323.145917,323.145917,323.145917,323.145917,323.145917,323.145917,323.145917,,,,,,,,,323.145917
68400,1.21200000,323.145917,323.145917,323.145917,323.145917,323.145917,323.145917,323.145917,323.145917,323.145917,323.145917,323.145917,323.145917,323.145917,,,,,,,,,323.145917
68460,1.21196667,323.145917,323.145917,323.145917,323.145917,323.145917,323.145917,323.145917,323.145917,323.145917,323.145917,323.145917,323.145917,323.145917,,,,,,,,,323.145917
68520,1.21193333,323.145917,323.145917,323.145917,323.145917,323.145917,323.145917,323.145917,323.145917,323.145917,323.145917,323.145917,323.145917,323.145917,,,,,,,,,323.145917
68580,1.21190000,323.145917,323.145917,323.145917,323.145917,323.145917,323.145917,323.145917,323.145917,323.145917,323.145917,323.145917,323.145917,323.145917,,,,,,,,,323.145917
68640,1.21186667,323.145917,323.145917,323.145917,323.145917,323.145917,323.145917,323.145917,323.145917,323.145917,323.145917,323.145917,323.145917,323.145917,,,,,,,,,323.145917
68700,1.21183333,323.145917,323.145917,323.145917,323.145917,323.145917,323.145917,323.145917,323.145917,323.145917,323.145917,323.145917,323.145917,323.145917,,,,,,,,,323.145917
68760,1.21180000,323.145917,323.145917,323.145917,323.145917,323.145917,323.145917,323.145917,323.145917,323.145917,323.145917,323.145917,323.145917,323.145917,,,,,,,,,323.145917
68820,1.21176667,323.145917,323.145917,323.145917,323.145917,323.145917,323.145917,323.145917,323.145917,323.145917,323.145917,323.145917,323.145917,323.145917,,,,,,,,,323.145917
68880,1.21173333,323.145917,323.145917,323.145917,323.145917,323.145917,323.145917,323.145917,323.145917,323.145917,323.145917,323.145917,323.145917,323.145917,,,,,,,,,323.145917
68940,1.21170000,323.145917,323.145917,323.145917,323.145917,323.145917,323.145917,323.145917,323.145917,323.145917,323.145917,323.145917,323.145917,323.145917,,,,,,,,,323.145917
69000,1.21166667,323.145917,323.145917,323.145917,323.145917,323.145917,323.145917,323.145917,323.145917,323.145917,323.145917,323.145917,323.145917,323.145917,,,,,,,,,323.145917
69060,1.21163333,323.145917,323.145917,323.145917,323.145917,323.145917,323.145917,323.145917,323.145917,323.145917,323.145917,323.145917,323.145917,323.145917,,,,,,,,,323.145917
69120,1.21160000,323.145917,323.145917,323.145917,323.145917,323.145917,323.145917,323.145917,323.145917,323.145917,323.145917,323.145917,323.145917,323.145917,,,,,,,,,323.145917
69180,1.21156667,323.145917,323.145917,323.145917,323.145917,323.145917,323.145917,323.145917,323.145917,323.145917,323.145917,323.145917,323.145917,323.145917,,,,,,,,,323.145917
69240,1.21153333,323.145917,323.145917,323.145917,323.145917,323.145917,323.145917,323.145917,323.145917,323.145917,323.145917,323.145917,323.145917,323.145917,,,,,,,,,323.145917
69300,1.21150000,323.145917,323.145917,323.145917,323.145917,323.145917,323.145917,323.145917,323.145917,323.145917,323.145917,323.145917,323.145917,323.145917,,,,,,,,,323.145917
69360,1.21146667,323.145917,323.145917,323.145917,323.145917,323.145917,323.145917,323.145917,323.145917,323.145917,323.145917,323.145917,323.145917,323.145917,,,,,,,,,323.145917
69420,1.21143333,323.145917,323.145917,323.145917,323.145917,323.145917,323.145917,323.145917,323.145917,323.145917,323.145917,323.145917,323.145917,323.145917,,,,,,,,,323.145917
69480,1.21140000,323.145917,323.145917,323.145917,323.145917,323.145917,323.145917,323.145917,323.145917,323.145917,323.145917,323.145917,323.145917,323.145917,,,,,,,,,323.145917
69540,1.21136667,323.145917,323.145917,323.145917,323.145917,323.145917,323.145917,323.145917,323.145917,323.145917,323.145917,323.145917,323.145917,323.145917,,,,,,,,,323.145917
69600,1.21133333,323.145917,323.145917,323.145917,323.145917,323.145917,323.145917,323.145917,323.145917,323.145917,323.145917,323.145917,323.145917,323.145917,,,,,,,,,323.145917
69660,1.21130000,323.145917,323.145917,323.145917,323.145917,323.145917,323.145917,323.145917,323.145917,323.145917,323.145917,323.145917,323.145917,323.145917,,,,,,,,,323.145917
69720,1.21126667,323.145917,323.145917,323.145917,323.145917,323.145917,323.145917,323.145917,323.145917,323.145917,323.145917,323.145917,323.145917,323.145917,,,,,,,,,323.145917
69780,1.21123333,323.145917,323.145917,323.145917,323.145917,323.145917,323.145917,323.145917,323.145917,323.145917,323.145917,323.145917,323.145917,323.145917,,,,,,,,,323.145917
69840,1.21120000,323.145917,323.145917,323.145917,323.145917,323.145917,323.145917,323.145917,323.145917,323.145917,323.145917,323.145917,323.145917,323.145917,,,,,,,,,323.145917
69900,1.21116667,323.145917,323.145917,323.145917,323.145917,323.145917,323.145917,323.145917,323.145917,323.145917,323.145917,323.145917,323.145917,323.145917,,,,,,,,,323.145917
69960,1.21113333,323.145917,323.145917,323.145917,323.145917,323.145917,323.145917,323.145917,323.145917,323.145917,323.145917,323.145917,323.145917,323.145917,,,,,,,,,323.145917
70020,1.21110000,323.145917,323.145917,323.145917,323.145917,323.145917,323.145917,323.145917,323.145917,323.145917,323.145917,323.145917,323.145917,323.145917,,,,,,,,,323.145917
70080,1.21106667,323.145917,323.145917,323.145917,323.145917,323.145917,323.145917,323.145917,323.145917,323.145917,323.145917,323.145917,323.145917,323.145917,,,,,,,,,323.145917
70140,1.21103333,323.145917,323.145917,323.145917,323.145917,323.145917,323.145917,323.145917,323.145917,323.145917,323.145917,323.145917,323.145917,323.145917,,,,,,,,,323.145917
70200,1.21100000,323.145917,323.145917,323.145917,323.145917,323.145917,323.145917,323.145917,323.145917,323.145917,323.145917,323.145917,323.145917,323.145917,,,,,,,,,323.145917
70260,1.21096667,323.145917,323.145917,323.145917,323.145917,323.145917,323.145917,323.145917,323.145917,323.145917,323.145917,323.145917,323.145917,323.145917,,,,,,,,,323.145917
70320,1.21093333,323.145917,323.145917,323.145917,323.145917,323.145917,323.145917,323.145917,323.145917,323.145917,323.145917,323.145917,323.145917,323.145917,,,,,,,,,323.145917
70380,1.21090000,323.145917,323.145917,323.145917,323.145917,323.145917,323.145917,323.145917,323.145917,323.145917,323.145917,323.145917,323.145917,323.145917,,,,,,,,,323.145917
70440,1.21086667,323.145917,323.145917,323.145917,323.145917,323.145917,323.145917,323.145917,323.145917,323.145917,323.145917,323.145917,323.145917,323.145917,,,,,,,,,323.145917
70500,1.21083333,323.145917,323.145917,323.145917,323.145917,323.145917,323.145917,323.145917,323.145917,323.145917,323.145917,323.145917,323.145917,323.145917,,,,,,,,,323.145917
70560,1.21080000,323.145917,323.145917,323.145917,323.145917,323.145917,323.145917,323.145917,323.145917,323.145917,323.145917,323.145917,323.145917,323.145917,,,,,,,,,323.145917
70620,1.21076667,323.145917,323.145917,323.145917,323.145917,323.145917,323.145917,323.145917,323.145917,323.145917,323.145917,323.145917,323.145917,323.145917,,,,,,,,,323.145917
70680,1.21073333,323.145917,323.145917,323.145917,323.145917,323.145917,323.145917,323.145917,323.145917,323.145917,323.145917,323.145917,323.145917,323.145917,,,,,,,,,323.145917
70740,1.21070000,323.145917,323.145917,323.145917,323.145917,323.145917,323.145917,323.145917,323.145917,323.145917,323.145917,323.145917,323.145917,323.145917,,,,,,,,,323.145917
70800,1.21066667,323.145917,323.145917,323.145917,323.145917,323.145917,323.145917,323.145917,323.145917,323.145917,323.145917,323.145917,323.145917,323.145917,,,,,,,,,323.145917
70860,1.21063333,323.145917,323.145917,323.145917,323.145917,323.145917,323.145917,323.145917,323.145917,323.145917,323.145917,323.145917,323.145917,323.145917,,,,,,,,,323.145917
70920,1.21060000,323.145917,323.145917,323.145917,323.145917,323.145917,323.145917,323.145917,323.145917,323.145917,323.145917,323.145917,323.145917,323.145917,,,,,,,,,323.145917
70980,1.21056667,323.145917,323.145917,323.145917,323.145917,323.145917,323.145917,323.145917,323.145917,323.145917,323.145917,323.145917,323.145917,323.145917,,,,,,,,,323.145917
71040,1.21053333,323.145917,323.145917,323.145917,323.145917,323.145917,323.145917,323.145917,323.145917,323.145917,323.145917,323.145917,323.145917,323.145917,,,,,,,,,323.145917
71100,1.21050000,323.145917,323.145917,323.145917,323.145917,323.145917,323.145917,323.145917,323.145917,323.145917,323.145917,323.145917,323.145917,323.145917,,,,,,,,,323.145917
71160,1.21046667,323.145917,323.145917,323.145917,323.145917,323.145917,323.145917,323.145917,323.145917,323.145917,323.145917,323.145917,323.145917,323.145917,,,,,,,,,323.145917
71220,1.21043333,323.145917,323.145917,323.145917,323.145917,323.145917,323.145917,323.145917,323.145917,323.145917,323.145917,323.145917,323.145917,323.145917,,,,,,,,,323.145917
71280,1.21040000,323.145917,323.145917,323.145917,323.145917,323.145917,323.145917,323.145917,323.145917,323.145917,323.145917,323.145917,323.145917,323.145917,,,,,,,,,323.145917
71340,1.21036667,323.145917,323.145917,323.145917,323.145917,323.145917,323.145917,323.145917,323.145917,323.145917,323.145917,323.145917,323.145917,323.145917,,,,,,,,,323.145917
71400,1.21033333,323.145917,323.145917,323.145917,323.145917,323.145917,323.145917,323.145917,323.145917,323.145917,323.145917,323.145917,323.145917,323.145917,,,,,,,,,323.145917
71460,1.21030000,323.145917,323.145917,323.145917,323.145917,323.145917,323.145917,323.145917,323.145917,323.145917,323.145917,323.145917,323.145917,323.145917,,,,,,,,,323.145917
71520,1.21026667,323.145917,323.145917,323.145917,323.145917,323.145917,323.145917,323.145917,323.145917,323.145917,323.145917,323.145917,323.145917,323.145917,,,,,,,,,323.145917
71580,1.21023333,323.145917,323.145917,323.145917,323.145917,323.145917,323.145917,323.145917,323.145917,323.145917,323.145917,323.145917,323.145917,323.145917,,,,,,,,,323.145917
71640,1.21020000,323.145917,323.145917,323.145917,323.145917,323.145917,323.145917,323.145917,323.145917,323.145917,323.145917,323.145917,323.145917,323.145917,,,,,,,,,323.145917
71700,1.21016667,323.145917,323.145917,323.145917,323.145917,323.145917,323.145917,323.145917,323.145917,323.145917,323.145917,323.145917,323.145917,323.145917,,,,,,,,,323.145917
71760,1.21013333,323.145917,323.145917,323.145917,323.145917,323.145917,323.145917,323.145917,323.145917,323.145917,323.145917,323.145917,323.145917,323.145917,,,,,,,,,323.145917
71820,1.21010000,323.145917,323.145917,323.145917,323.145917,323.145917,323.145917,323.145917,323.145917,323.145917,323.145917,323.145917,323.145917,323.145917,,,,,,,,,323.145917
71880,1.21006667,323.145917,323.145917,323.145917,323.145917,323.145917,323.145917,323.145917,323.145917,323.145917,323.145917,323.145917,323.145917,323.145917,,,,,,,,,323.145917
71940,1.21003333,323.145917,323.145917,323.145917,323.145917,323.145917,323.145917,323.145917,323.145917,323.145917,323.145917,323.145917,323.145917,323.145917,,,,,,,,,323.145917
72000,1.21000000,323.145917,323.145917,323.145917,323.145917,323.145917,323.145917,323.145917,323.145917,323.145917,323.145917,323.145917,323.145917,323.145917,,,,,,,,,323.145917
72060,1.20996667,323.145917,323.145917,323.145917,323.145917,323.145917,323.145917,323.145917,323.145917,323.145917,323.145917,323.145917,323.145917,323.145917,,,,,,,,,323.145917
72120,1.20993333,323.145917,323.145917,323.145917,323.145917,323.145917,323.145917,323.145917,323.145917,323.145917,323.145917,323.145917,323.145917,323.145917,,,,,,,,,323.145917
72180,1.20990000,323.145917,323.145917,323.145917,323.145917,323.145917,323.145917,323.145917,323.145917,323.145917,323.145917,323.145917,323.145917,323.145917,,,,,,,,,323.145917
72240,1.20986667,323.145917,323.145917,323.145917,323.145917,323.145917,323.145917,323.145917,323.145917,323.145917,323.145917,323.145917,323.145917,323.145917,,,,,,,,,323.145917
72300,1.20983333,323.145917,323.145917,323.145917,323.145917,323.145917,323.145917,323.145917,323.145917,323.145917,323.145917,323.145917,323.145917,323.145917,,,,,,,,,323.145917
72360,1.20980000,323.145917,323.145917,323.145917,323.145917,323.145917,323.145917,323.145917,323.145917,323.145917,323.145917,323.145917,323.145917,323.145917,,,,,,,,,323.145917
72420,1.20976667,323.145917,323.145917,323.145917,323.145917,323.145917,323.145917,323.145917,323.145917,323.145917,323.145917,323.145917,323.145917,323.145917,,,,,,,,,323.145917
72480,1.20973333,323.145917,323.145917,323.145917,323.145917,323.145917,323.145917,323.145917,323.145917,323.145917,323.145917,323.145917,323.145917,323.145917,,,,,,,,,323.145917
72540,1.20970000,323.145917,323.145917,323.145917,323.145917,323.145917,323.145917,323.145917,323.145917,323.145917,323.145917,323.145917,323.145917,323.145917,,,,,,,,,323.145917
72600,1.20966667,323.145917,323.145917,323.145917,323.145917,323.145917,323.145917,323.145917,323.145917,323.145917,323.145917,323.145917,323.145917,323.145917,,,,,,,,,323.145917
72660,1.20963333,323.145917,323.145917,323.145917,323.145917,323.145917,323.145917,323.145917,323.145917,323.145917,323.145917,323.145917,323.145917,323.145917,,,,,,,,,323.145917
72720,1.20960000,323.145917,323.145917,323.145917,323.145917,323.145917,323.145917,323.145917,323.145917,323.145917,323.145917,323.145917,323.145917,323.145917,,,,,,,,,323.145917
72780,1.20956667,323.145917,323.145917,323.145917,323.145917,323.145917,323.145917,323.145917,323.145917,323.145917,323.145917,323.145917,323.145917,323.145917,,,,,,,,,323.145917
72840,1.20953333,323.145917,323.145917,323.145917,323.145917,323.145917,323.145917,323.145917,323.145917,323.145917,323.145917,323.145917,323.145917,323.145917,,,,,,,,,323.145917
72900,1.20950000,323.145917,323.145917,323.145917,323.145917,323.145917,323.145917,323.145917,323.145917,323.145917,323.145917,323.145917,323.145917,323.145917,,,,,,,,,323.145917
72960,1.20946667,323.145917,323.145917,323.145917,323.145917,323.145917,323.145917,323.145917,323.145917,323.145917,323.145917,323.145917,323.145917,323.145917,,,,,,,,,323.145917
73020,1.20943333,323.145917,323.145917,323.145917,323.145917,323.145917,323.145917,323.145917,323.145917,323.145917,323.145917,323.145917,323.145917,323.145917,,,,,,,,,323.145917
73080,1.20940000,323.145917,323.145917,323.145917,323.145917,323.145917,323.145917,323.145917,323.145917,323.145917,323.145917,323.145917,323.145917,323.145917,,,,,,,,,323.145917
73140,1.20936667,323.145917,323.145917,323.145917,323.145917,323.145917,323.145917,323.145917,323.145917,323.145917,323.145917,323.145917,323.145917,323.145917,,,,,,,,,323.145917
73200,1.20933333,323.145917,323.145917,323.145917,323.145917,323.145917,323.145917,323.145917,323.145917,323.145917,323.145917,323.145917,323.145917,323.145917,,,,,,,,,323.145917
73260,1.20930000,323.145917,323.145917,323.145917,323.145917,323.145917,323.145917,323.145917,323.145917,323.145917,323.145917,323.145917,323.145917,323.145917,,,,,,,,,323.145917
73320,1.20926667,323.145917,323.145917,323.145917,323.145917,323.145917,323.145917,323.145917,323.145917,323.145917,323.145917,323.145917,323.145917,323.145917,,,,,,,,,323.145917
73380,1.20923333,323.145917,323.145917,323.145917,323.145917,323.145917,323.145917,323.145917,323.145917,323.145917,323.145917,323.145917,323.145917,323.145917,,,,,,,,,323.145917
73440,1.20920000,323.145917,323.145917,323.145917,323.145917,323.145917,323.145917,323.145917,323.145917,323.145917,323.145917,323.145917,323.145917,323.145917,,,,,,,,,323.145917
73500,1.20916667,323.145917,323.145917,323.145917,323.145917,323.145917,323.145917,323.145917,323.145917,323.145917,323.145917,323.145917,323.145917,323.145917,,,,,,,,,323.145917
73560,1.20913333,323.145917,323.145917,323.145917,323.145917,323.145917,323.145917,323.145917,323.145917,323.145917,323.145917,323.145917,323.145917,323.145917,,,,,,,,,323.145917
73620,1.20910000,323.145917,323.145917,323.145917,323.145917,323.145917,323.145917,323.145917,323.145917,323.145917,323.145917,323.145917,323.145917,323.145917,,,,,,,,,323.145917
73680,1.20906667,323.145917,323.145917,323.145917,323.145917,323.145917,323.145917,323.145917,323.145917,323.145917,323.145917,323.145917,323.145917,323.145917,,,,,,,,,323.145917
73740,1.20903333,323.145917,323.145917,323.145917,323.145917,323.145917,323.145917,323.145917,323.145917,323.145917,323.145917,323.145917,323.145917,323.145917,,,,,,,,,323.145917
73800,1.20900000,323.145917,323.145917,323.145917,323.145917,323.145917,323.145917,323.145917,323.145917,323.145917,323.145917,323.145917,323.145917,323.145917,,,,,,,,,323.145917
73860,1.20896667,323.145917,323.145917,323.145917,323.145917,323.145917,323.145917,323.145917,323.145917,323.145917,323.145917,323.145917,323.145917,323.145917,,,,,,,,,323.145917
73920,1.20893333,323.145917,323.145917,323.145917,323.145917,323.145917,323.145917,323.145917,323.145917,323.145917,323.145917,323.145917,323.145917,323.145917,,,,,,,,,323.145917
73980,1.20890000,323.145917,323.145917,323.145917,323.145917,323.145917,323.145917,323.145917,323.145917,323.145917,323.145917,323.145917,323.145917,323.145917,,,,,,,,,323.145917
74040,1.20886667,323.145917,323.145917,323.145917,323.145917,323.145917,323.145917,323.145917,323.145917,323.145917,323.145917,323.145917,323.145917,323.145917,,,,,,,,,323.145917
74100,1.20883333,323.145917,323.145917,323.145917,323.145917,323.145917,323.145917,323.145917,323.145917,323.145917,323.145917,323.145917,323.145917,323.145917,,,,,,,,,323.145917
74160,1.20880000,323.145917,323.145917,323.145917,323.145917,323.145917,323.145917,323.145917,323.145917,323.145917,323.145917,323.145917,323.145917,323.145917,,,,,,,,,323.145917
74220,1.20876667,323.145917,323.145917,323.145917,323.145917,323.145917,323.145917,323.145917,323.145917,323.145917,323.145917,323.145917,323.145917,323.145917,,,,,,,,,323.145917
74280,1.20873333,323.145917,323.145917,323.145917,323.145917,323.145917,323.145917,323.145917,323.145917,323.145917,323.145917,323.145917,323.145917,323.145917,,,,,,,,,323.145917
74340,1.20870000,323.145917,323.145917,323.145917,323.145917,323.145917,323.145917,323.145917,323.145917,323.145917,323.145917,323.145917,323.145917,323.145917,,,,,,,,,323.145917
74400,1.20866667,323.145917,323.145917,323.145917,323.145917,323.145917,323.145917,323.145917,323.145917,323.145917,323.145917,323.145917,323.145917,323.145917,,,,,,,,,323.145917
74460,1.20863333,323.145917,323.145917,323.145917,323.145917,323.145917,323.145917,323.145917,323.145917,323.145917,323.145917,323.145917,323.145917,323.145917,,,,,,,,,323.145917
74520,1.20860000,323.145917,323.145917,323.145917,323.145917,323.145917,323.145917,323.145917,323.145917,323.145917,323.145917,323.145917,323.145917,323.145917,,,,,,,,,323.145917
74580,1.20856667,323.145917,323.145917,323.145917,323.145917,323.145917,323.145917,323.145917,323.145917,323.145917,323.145917,323.145917,323.145917,323.145917,,,,,,,,,323.145917
74640,1.20853333,323.145917,323.145917,323.145917,323.145917,323.145917,323.145917,323.145917,323.145917,323.145917,323.145917,323.145917,323.145917,323.145917,,,,,,,,,323.145917
74700,1.20850000,323.145917,323.145917,323.145917,323.145917,323.145917,323.145917,323.145917,323.145917,323.145917,323.145917,323.145917,323.145917,323.145917,,,,,,,,,323.145917
74760,1.20846667,323.145917,323.145917,323.145917,323.145917,323.145917,323.145917,323.145917,323.145917,323.145917,323.145917,323.145917,323.145917,323.145917,,,,,,,,,323.145917
74820,1.20843333,323.145917,323.145917,323.145917,323.145917,323.145917,323.145917,323.145917,323.145917,323.145917,323.145917,323.145917,323.145917,323.145917,,,,,,,,,323.145917
74880,1.20840000,323.145917,323.145917,323.145917,323.145917,323.145917,323.145917,323.145917,323.145917,323.145917,323.145917,323.145917,323.145917,323.145917,,,,,,,,,323.145917
74940,1.20836667,323.145917,323.145917,323.145917,323.145917,323.145917,323.145917,323.145917,323.145917,323.145917,323.145917,323.145917,323.145917,323.145917,,,,,,,,,323.145917
75000,1.20833333,323.145917,323.145917,323.145917,323.145917,323.145917,323.145917,323.145917,323.145917,323.145917,323.145917,323.145917,323.145917,323.145917,,,,,,,,,323.145917
75060,1.20830000,323.145917,323.145917,323.145917,323.145917,323.145917,323.145917,323.145917,323.145917,323.145917,323.145917,323.145917,323.145917,323.145917,,,,,,,,,323.145917
75120,1.20826667,323.145917,323.145917,323.145917,323.145917,323.145917,323.145917,323.145917,323.145917,323.145917,323.145917,323.145917,323.145917,323.145917,,,,,,,,,323.145917
75180,1.20823333,323.145917,323.145917,323.145917,323.145917,323.145917,323.145917,323.145917,323.145917,323.145917,323.145917,323.145917,323.145917,323.145917,,,,,,,,,323.145917
75240,1.20820000,323.145917,323.145917,323.145917,323.145917,323.145917,323.145917,323.145917,323.145917,323.145917,323.145917,323.145917,323.145917,323.145917,,,,,,,,,323.145917
75300,1.20816667,323.145917,323.145917,323.145917,323.145917,323.145917,323.145917,323.145917,323.145917,323.145917,323.145917,323.145917,323.145917,323.145917,,,,,,,,,323.145917
75360,1.20813333,323.145917,323.145917,323.145917,323.145917,323.145917,323.145917,323.145917,323.145917,323.145917,323.145917,323.145917,323.145917,323.145917,,,,,,,,,323.145917
75420,1.20810000,323.145917,323.145917,323.145917,323.145917,323.145917,323.145917,323.145917,323.145917,323.145917,323.145917,323.145917,323.145917,323.145917,,,,,,,,,323.145917
75480,1.20806667,323.145917,323.145917,323.145917,323.145917,323.145917,323.145917,323.145917,323.145917,323.145917,323.145917,323.145917,323.145917,323.145917,,,,,,,,,323.145917
75540,1.20803333,323.145917,323.145917,323.145917,323.145917,323.145917,323.145917,323.145917,323.145917,323.145917,323.145917,323.145917,323.145917,323.145917,,,,,,,,,323.145917
75600,1.20800000,323.145917,323.145917,323.145917,323.145917,323.145917,323.145917,323.145917,323.145917,323.145917,323.145917,323.145917,323.145917,323.145917,,,,,,,,,323.145917
75660,1.20796667,323.145917,323.145917,323.145917,323.145917,323.145917,323.145917,323.145917,323.145917,323.145917,323.145917,323.145917,323.145917,323.145917,,,,,,,,,323.145917
75720,1.20793333,323.145917,323.145917,323.145917,323.145917,323.145917,323.145917,323.145917,323.145917,323.145917,323.145917,323.145917,323.145917,323.145917,,,,,,,,,323.145917
75780,1.20790000,323.145917,323.145917,323.145917,323.145917,323.145917,323.145917,323.145917,323.145917,323.145917,323.145917,323.145917,323.145917,323.145917,,,,,,,,,323.145917
75840,1.20786667,323.145917,323.145917,323.145917,323.145917,323.145917,323.145917,323.145917,323.145917,323.145917,323.145917,323.145917,323.145917,323.145917,,,,,,,,,323.145917
75900,1.20783333,323.145917,323.145917,323.145917,323.145917,323.145917,323.145917,323.145917,323.145917,323.145917,323.145917,323.145917,323.145917,323.145917,,,,,,,,,323.145917
75960,1.20780000,323.145917,323.145917,323.145917,323.145917,323.145917,323.145917,323.145917,323.145917,323.145917,323.145917,323.145917,323.145917,323.145917,,,,,,,,,323.145917
76020,1.20776667,323.145917,323.145917,323.145917,323.145917,323.145917,323.145917,323.145917,323.145917,323.145917,323.145917,323.145917,323.145917,323.145917,,,,,,,,,323.145917
76080,1.20773333,323.145917,323.145917,323.145917,323.145917,323.145917,323.145917,323.145917,323.145917,323.145917,323.145917,323.145917,323.145917,323.145917,,,,,,,,,323.145917
76140,1.20770000,323.145917,323.145917,323.145917,323.145917,323.145917,323.145917,323.145917,323.145917,323.145917,323.145917,323.145917,323.145917,323.145917,,,,,,,,,323.145917
76200,1.20766667,323.145917,323.145917,323.145917,323.145917,323.145917,323.145917,323.145917,323.145917,323.145917,323.145917,323.145917,323.145917,323.145917,,,,,,,,,323.145917
76260,1.20763333,323.145917,323.145917,323.145917,323.145917,323.145917,323.145917,323.145917,323.145917,323.145917,323.145917,323.145917,323.145917,323.145917,,,,,,,,,323.145917
76320,1.20760000,323.145917,323.145917,323.145917,323.145917,323.145917,323.145917,323.145917,323.145917,323.145917,323.145917,323.145917,323.145917,323.145917,,,,,,,,,323.145917
76380,1.20756667,323.145917,323.145917,323.145917,323.145917,323.145917,323.145917,323.145917,323.145917,323.145917,323.145917,323.145917,323.145917,323.145917,,,,,,,,,323.145917
76440,1.20753333,323.145917,323.145917,323.145917,323.145917,323.145917,323.145917,323.145917,323.145917,323.145917,323.145917,323.145917,323.145917,323.145917,,,,,,,,,323.145917
76500,1.20750000,323.145917,323.145917,323.145917,323.145917,323.145917,323.145917,323.145917,323.145917,323.145917,323.145917,323.145917,323.145917,323.145917,,,,,,,,,323.145917
76560,1.20746667,323.145917,323.145917,323.145917,323.145917,323.145917,323.145917,323.145917,323.145917,323.145917,323.145917,323.145917,323.145917,323.145917,,,,,,,,,323.145917
76620,1.20743333,323.145917,323.145917,323.145917,323.145917,323.145917,323.145917,323.145917,323.145917,323.145917,323.145917,323.145917,323.145917,323.145917,,,,,,,,,323.145917
76680,1.20740000,323.145917,323.145917,323.145917,323.145917,323.145917,323.145917,323.145917,323.145917,323.145917,323.145917,323.145917,323.145917,323.145917,,,,,,,,,323.145917
76740,1.20736667,323.145917,323.145917,323.145917,323.145917,323.145917,323.145917,323.145917,323.145917,323.145917,323.145917,323.145917,323.145917,323.145917,,,,,,,,,323.145917
76800,1.20733333,323.145917,323.145917,323.145917,323.145917,323.145917,323.145917,323.145917,323.145917,323.145917,323.145917,323.145917,323.145917,323.145917,,,,,,,,,323.145917
76860,1.20730000,323.145917,323.145917,323.145917,323.145917,323.145917,323.145917,323.145917,323.145917,323.145917,323.145917,323.145917,323.145917,323.145917,,,,,,,,,323.145917
76920,1.20726667,323.145917,323.145917,323.145917,323.145917,323.145917,323.145917,323.145917,323.145917,323.145917,323.145917,323.145917,323.145917,323.145917,,,,,,,,,323.145917
76980,1.20723333,323.145917,323.145917,323.145917,323.145917,323.145917,323.145917,323.145917,323.145917,323.145917,323.145917,323.145917,323.145917,323.145917,,,,,,,,,323.145917
77040,1.20720000,323.145917,323.145917,323.145917,323.145917,323.145917,323.145917,323.145917,323.145917,323.145917,323.145917,323.145917,323.145917,323.145917,,,,,,,,,323.145917
77100,1.20716667,323.145917,323.145917,323.145917,323.145917,323.145917,323.145917,323.145917,323.145917,323.145917,323.145917,323.145917,323.145917,323.145917,,,,,,,,,323.145917
77160,1.20713333,323.145917,323.145917,323.145917,323.145917,323.145917,323.145917,323.145917,323.145917,323.145917,323.145917,323.145917,323.145917,323.145917,,,,,,,,,323.145917
77220,1.20710000,323.145917,323.145917,323.145917,323.145917,323.145917,323.145917,323.145917,323.145917,323.145917,323.145917,323.145917,323.145917,323.145917,,,,,,,,,323.145917
77280,1.20706667,323.145917,323.145917,323.145917,323.145917,323.145917,323.145917,323.145917,323.145917,323.145917,323.145917,323.145917,323.145917,323.145917,,,,,,,,,323.145917
77340,1.20703333,323.145917,323.145917,323.145917,323.145917,323.145917,323.145917,323.145917,323.145917,323.145917,323.145917,323.145917,323.145917,323.145917,,,,,,,,,323.145917
77400,1.20700000,323.145917,323.145917,323.145917,323.145917,323.145917,323.145917,323.145917,323.145917,323.145917,323.145917,323.145917,323.145917,323.145917,,,,,,,,,323.145917
77460,1.20696667,323.145917,323.145917,323.145917,323.145917,323.145917,323.145917,323.145917,323.145917,323.145917,323.145917,323.145917,323.145917,323.145917,,,,,,,,,323.145917
77520,1.20693333,323.145917,323.145917,323.145917,323.145917,323.145917,323.145917,323.145917,323.145917,323.145917,323.145917,323.145917,323.145917,323.145917,,,,,,,,,323.145917
77580,1.20690000,323.145917,323.145917,323.145917,323.145917,323.145917,323.145917,323.145917,323.145917,323.145917,323.145917,323.145917,323.145917,323.145917,,,,,,,,,323.145917
77640,1.20686667,323.145917,323.145917,323.145917,323.145917,323.145917,323.145917,323.145917,323.145917,323.145917,323.145917,323.145917,323.145917,323.145917,,,,,,,,,323.145917
77700,1.20683333,323.145917,323.145917,323.145917,323.145917,323.145917,323.145917,323.145917,323.145917,323.145917,323.145917,323.145917,323.145917,323.145917,,,,,,,,,323.145917
77760,1.20680000,323.145917,323.145917,323.145917,323.145917,323.145917,323.145917,323.145917,323.145917,323.145917,323.145917,323.145917,323.145917,323.145917,,,,,,,,,323.145917
77820,1.20676667,323.145917,323.145917,323.145917,323.145917,323.145917,323.145917,323.145917,323.145917,323.145917,323.145917,323.145917,323.145917,323.145917,,,,,,,,,323.145917
77880,1.20673333,323.145917,323.145917,323.145917,323.145917,323.145917,323.145917,323.145917,323.145917,323.145917,323.145917,323.145917,323.145917,323.145917,,,,,,,,,323.145917
77940,1.20670000,323.145917,323.145917,323.145917,323.145917,323.145917,323.145917,323.145917,323.145917,323.145917,323.145917,323.145917,323.145917,323.145917,,,,,,,,,323.145917
78000,1.20666667,323.145917,323.145917,323.145917,323.145917,323.145917,323.145917,323.145917,323.145917,323.145917,323.145917,323.145917,323.145917,323.145917,,,,,,,,,323.145917
78060,1.20663333,323.145917,323.145917,323.145917,323.145917,323.145917,323.145917,323.145917,323.145917,323.145917,323.145917,323.145917,323.145917,323.145917,,,,,,,,,323.145917
78120,1.20660000,323.145917,323.145917,323.145917,323.145917,323.145917,323.145917,323.145917,323.145917,323.145917,323.145917,323.145917,323.145917,323.145917,,,,,,,,,323.145917
78180,1.20656667,323.145917,323.145917,323.145917,323.145917,323.145917,323.145917,323.145917,323.145917,323.145917,323.145917,323.145917,323.145917,323.145917,,,,,,,,,323.145917
78240,1.20653333,323.145917,323.145917,323.145917,323.145917,323.145917,323.145917,323.145917,323.145917,323.145917,323.145917,323.145917,323.145917,323.145917,,,,,,,,,323.145917
78300,1.20650000,323.145917,323.145917,323.145917,323.145917,323.145917,323.145917,323.145917,323.145917,323.145917,323.145917,323.145917,323.145917,323.145917,,,,,,,,,323.145917
78360,1.20646667,323.145917,323.145917,323.145917,323.145917,323.145917,323.145917,323.145917,323.145917,323.145917,323.145917,323.145917,323.145917,323.145917,,,,,,,,,323.145917
78420,1.20643333,323.145917,323.145917,323.145917,323.145917,323.145917,323.145917,323.145917,323.145917,323.145917,323.145917,323.145917,323.145917,323.145917,,,,,,,,,323.145917
78480,1.20640000,323.145917,323.145917,323.145917,323.145917,323.145917,323.145917,323.145917,323.145917,323.145917,323.145917,323.145917,323.145917,323.145917,,,,,,,,,323.145917
78540,1.20636667,323.145917,323.145917,323.145917,323.145917,323.145917,323.145917,323.145917,323.145917,323.145917,323.145917,323.145917,323.145917,323.145917,,,,,,,,,323.145917
78600,1.20633333,323.145917,323.145917,323.145917,323.145917,323.145917,323.145917,323.145917,323.145917,323.145917,323.145917,323.145917,323.145917,323.145917,,,,,,,,,323.145917
78660,1.20630000,323.145917,323.145917,323.145917,323.145917,323.145917,323.145917,323.145917,323.145917,323.145917,323.145917,323.145917,323.145917,323.145917,,,,,,,,,323.145917
78720,1.20626667,323.145917,323.145917,323.145917,323.145917,323.145917,323.145917,323.145917,323.145917,323.145917,323.145917,323.145917,323.145917,323.145917,,,,,,,,,323.145917
78780,1.20623333,323.145917,323.145917,323.145917,323.145917,323.145917,323.145917,323.145917,323.145917,323.145917,323.145917,323.145917,323.145917,323.145917,,,,,,,,,323.145917
78840,1.20620000,323.145917,323.145917,323.145917,323.145917,323.145917,323.145917,323.145917,323.145917,323.145917,323.145917,323.145917,323.145917,323.145917,,,,,,,,,323.145917
78900,1.20616667,323.145917,323.145917,323.145917,323.145917,323.145917,323.145917,323.145917,323.145917,323.145917,323.145917,323.145917,323.145917,323.145917,,,,,,,,,323.145917
78960,1.20613333,323.145917,323.145917,323.145917,323.145917,323.145917,323.145917,323.145917,323.145917,323.145917,323.145917,323.145917,323.145917,323.145917,,,,,,,,,323.145917
79020,1.20610000,323.145917,323.145917,323.145917,323.145917,323.145917,323.145917,323.145917,323.145917,323.145917,323.145917,323.145917,323.145917,323.145917,,,,,,,,,323.145917
79080,1.20606667,323.145917,323.145917,323.145917,323.145917,323.145917,323.145917,323.145917,323.145917,323.145917,323.145917,323.145917,323.145917,323.145917,,,,,,,,,323.145917
79140,1.20603333,323.145917,323.145917,323.145917,323.145917,323.145917,323.145917,323.145917,323.145917,323.145917,323.145917,323.145917,323.145917,323.145917,,,,,,,,,323.145917
79200,1.20600000,323.145917,323.145917,323.145917,323.145917,323.145917,323.145917,323.145917,323.145917,323.145917,323.145917,323.145917,323.145917,323.145917,,,,,,,,,323.145917
79260,1.20600000,323.145917,323.145917,323.145917,323.145917,323.145917,323.145917,323.145917,323.145917,323.145917,323.145917,323.145917,323.145917,323.145917,,,,,,,,,323.145917
79320,1.20600000,323.145917,323.145917,323.145917,323.145917,323.145917,323.145917,323.145917,323.145917,323.145917,323.145917,323.145917,323.145917,323.145917,,,,,,,,,323.145917
79380,1.20600000,323.145917,323.145917,323.145917,323.145917,323.145917,323.145917,323.145917,323.145917,323.145917,323.145917,323.145917,323.145917,323.145917,,,,,,,,,323.145917
79440,1.20600000,323.145917,323.145917,323.145917,323.145917,323.145917,323.145917,323.145917,323.145917,323.145917,323.145917,323.145917,323.145917,323.145917,,,,,,,,,323.145917
79500,1.20600000,323.145917,323.145917,323.145917,323.145917,323.145917,323.145917,323.145917,323.145917,323.145917,323.145917,323.145917,323.145917,323.145917,,,,,,,,,323.145917
79560,1.20600000,323.145917,323.145917,323.145917,323.145917,323.145917,323.145917,323.145917,323.145917,323.145917,323.145917,323.145917,323.145917,323.145917,,,,,,,,,323.145917
79620,1.20600000,323.145917,323.145917,323.145917,323.145917,323.145917,323.145917,323.145917,323.145917,323.145917,323.145917,323.145917,323.145917,323.145917,,,,,,,,,323.145917
79680,1.20600000,323.145917,323.145917,323.145917,323.145917,323.145917,323.145917,323.145917,323.145917,323.145917,323.145917,323.145917,323.145917,323.145917,,,,,,,,,323.145917
79740,1.20600000,323.145917,323.145917,323.145917,323.145917,323.145917,323.145917,323.145917,323.145917,323.145917,323.145917,323.145917,323.145917,323.145917,,,,,,,,,323.145917
79800,1.20600000,323.145917,323.145917,323.145917,323.145917,323.145917,323.145917,323.145917,323.145917,323.145917,323.145917,323.145917,323.145917,323.145917,,,,,,,,,323.145917
79860,1.20600000,323.145917,323.145917,323.145917,323.145917,323.145917,323.145917,323.145917,323.145917,323.145917,323.145917,323.145917,323.145917,323.145917,,,,,,,,,323.145917
79920,1.20600000,323.145917,323.145917,323.145917,323.145917,323.145917,323.145917,323.145917,323.145917,323.145917,323.145917,323.145917,323.145917,323.145917,,,,,,,,,323.145917
79980,1.20600000,323.145917,323.145917,323.145917,323.145917,323.145917,323.145917,323.145917,323.145917,323.145917,323.145917,323.145917,323.145917,323.145917,,,,,,,,,323.145917
80040,1.20600000,323.145917,323.145917,323.145917,323.145917,323.145917,323.145917,323.145917,323.145917,323.145917,323.145917,323.145917,323.145917,323.145917,,,,,,,,,323.145917
80100,1.20600000,323.145917,323.145917,323.145917,323.145917,323.145917,323.145917,323.145917,323.145917,323.145917,323.145917,323.145917,323.145917,323.145917,,,,,,,,,323.145917
80160,1.20600000,323.145917,323.145917,323.145917,323.145917,323.145917,323.145917,323.145917,323.145917,323.145917,323.145917,323.145917,323.145917,323.145917,,,,,,,,,323.145917
80220,1.20600000,323.145917,323.145917,323.145917,323.145917,323.145917,323.145917,323.145917,323.145917,323.145917,323.145917,323.145917,323.145917,323.145917,,,,,,,,,323.145917
80280,1.20600000,323.145917,323.145917,323.145917,323.145917,323.145917,323.145917,323.145917,323.145917,323.145917,323.145917,323.145917,323.145917,323.145917,,,,,,,,,323.145917
80340,1.20600000,323.145917,323.145917,323.145917,323.145917,323.145917,323.145917,323.145917,323.145917,323.145917,323.145917,323.145917,323.145917,323.145917,,,,,,,,,323.145917
80400,1.20600000,323.145917,323.145917,323.145917,323.145917,323.145917,323.145917,323.145917,323.145917,323.145917,323.145917,323.145917,323.145917,323.145917,,,,,,,,,323.145917
80460,1.20600000,323.145917,323.145917,323.145917,323.145917,323.145917,323.145917,323.145917,323.145917,323.145917,323.145917,323.145917,323.145917,323.145917,,,,,,,,,323.145917
80520,1.20600000,323.145917,323.145917,323.145917,323.145917,323.145917,323.145917,323.145917,323.145917,323.145917,323.145917,323.145917,323.145917,323.145917,,,,,,,,,323.145917
80580,1.20600000,323.145917,323.145917,323.145917,323.145917,323.145917,323.145917,323.145917,323.145917,323.145917,323.145917,323.145917,323.145917,323.145917,,,,,,,,,323.145917
80640,1.20600000,323.145917,323.145917,323.145917,323.145917,323.145917,323.145917,323.145917,323.145917,323.145917,323.145917,323.145917,323.145917,323.145917,,,,,,,,,323.145917
80700,1.20600000,323.145917,323.145917,323.145917,323.145917,323.145917,323.145917,323.145917,323.145917,323.145917,323.145917,323.145917,323.145917,323.145917,,,,,,,,,323.145917
80760,1.20600000,323.145917,323.145917,323.145917,323.145917,323.145917,323.145917,323.145917,323.145917,323.145917,323.145917,323.145917,323.145917,323.145917,,,,,,,,,323.145917
80820,1.20600000,323.145917,323.145917,323.145917,323.145917,323.145917,323.145917,323.145917,323.145917,323.145917,323.145917,323.145917,323.145917,323.145917,,,,,,,,,323.145917
80880,1.20600000,323.145917,323.145917,323.145917,323.145917,323.145917,323.145917,323.145917,323.145917,323.145917,323.145917,323.145917,323.145917,323.145917,,,,,,,,,323.145917
80940,1.20600000,323.145917,323.145917,323.145917,323.145917,323.145917,323.145917,323.145917,323.145917,323.145917,323.145917,323.145917,323.145917,323.145917,,,,,,,,,323.145917
81000,1.20600000,323.145917,323.145917,323.145917,323.145917,323.145917,323.145917,323.145917,323.145917,323.145917,323.145917,323.145917,323.145917,323.145917,,,,,,,,,323.145917
81060,1.20596667,323.145917,323.145917,323.145917,323.145917,323.145917,323.145917,323.145917,323.145917,323.145917,323.145917,323.145917,323.145917,323.145917,,,,,,,,,323.145917
81120,1.20593333,323.145917,323.145917,323.145917,323.145917,323.145917,323.145917,323.145917,323.145917,323.145917,323.145917,323.145917,323.145917,323.145917,,,,,,,,,323.145917
81180,1.20590000,323.145917,323.145917,323.145917,323.145917,323.145917,323.145917,323.145917,323.145917,323.145917,323.145917,323.145917,323.145917,323.145917,,,,,,,,,323.145917
81240,1.20586667,323.145917,323.145917,323.145917,323.145917,323.145917,323.145917,323.145917,323.145917,323.145917,323.145917,323.145917,323.145917,323.145917,,,,,,,,,323.145917
81300,1.20583333,323.145917,323.145917,323.145917,323.145917,323.145917,323.145917,323.145917,323.145917,323.145917,323.145917,323.145917,323.145917,323.145917,,,,,,,,,323.145917
81360,1.20580000,323.145917,323.145917,323.145917,323.145917,323.145917,323.145917,323.145917,323.145917,323.145917,323.145917,323.145917,323.145917,323.145917,,,,,,,,,323.145917
81420,1.20576667,323.145917,323.145917,323.145917,323.145917,323.145917,323.145917,323.145917,323.145917,323.145917,323.145917,323.145917,323.145917,323.145917,,,,,,,,,323.145917
81480,1.20573333,323.145917,323.145917,323.145917,323.145917,323.145917,323.145917,323.145917,323.145917,323.145917,323.145917,323.145917,323.145917,323.145917,,,,,,,,,323.145917
81540,1.20570000,323.145917,323.145917,323.145917,323.145917,323.145917,323.145917,323.145917,323.145917,323.145917,323.145917,323.145917,323.145917,323.145917,,,,,,,,,323.145917
81600,1.20566667,323.145917,323.145917,323.145917,323.145917,323.145917,323.145917,323.145917,323.145917,323.145917,323.145917,323.145917,323.145917,323.145917,,,,,,,,,323.145917
81660,1.20563333,323.145917,323.145917,323.145917,323.145917,323.145917,323.145917,323.145917,323.145917,323.145917,323.145917,323.145917,323.145917,323.145917,,,,,,,,,323.145917
81720,1.20560000,323.145917,323.145917,323.145917,323.145917,323.145917,323.145917,323.145917,323.145917,323.145917,323.145917,323.145917,323.145917,323.145917,,,,,,,,,323.145917
81780,1.20556667,323.145917,323.145917,323.145917,323.145917,323.145917,323.145917,323.145917,323.145917,323.145917,323.145917,323.145917,323.145917,323.145917,,,,,,,,,323.145917
81840,1.20553333,323.145917,323.145917,323.145917,323.145917,323.145917,323.145917,323.145917,323.145917,323.145917,323.145917,323.145917,323.145917,323.145917,,,,,,,,,323.145917
81900,1.20550000,323.145917,323.145917,323.145917,323.145917,323.145917,323.145917,323.145917,323.145917,323.145917,323.145917,323.145917,323.145917,323.145917,,,,,,,,,323.145917
81960,1.20546667,323.145917,323.145917,323.145917,323.145917,323.145917,323.145917,323.145917,323.145917,323.145917,323.145917,323.145917,323.145917,323.145917,,,,,,,,,323.145917
82020,1.20543333,323.145917,323.145917,323.145917,323.145917,323.145917,323.145917,323.145917,323.145917,323.145917,323.145917,323.145917,323.145917,323.145917,,,,,,,,,323.145917
82080,1.20540000,323.145917,323.145917,323.145917,323.145917,323.145917,323.145917,323.145917,323.145917,323.145917,323.145917,323.145917,323.145917,323.145917,,,,,,,,,323.145917
82140,1.20536667,323.145917,323.145917,323.145917,323.145917,323.145917,323.145917,323.145917,323.145917,323.145917,323.145917,323.145917,323.145917,323.145917,,,,,,,,,323.145917
82200,1.20533333,323.145917,323.145917,323.145917,323.145917,323.145917,323.145917,323.145917,323.145917,323.145917,323.145917,323.145917,323.145917,323.145917,,,,,,,,,323.145917
82260,1.20530000,323.145917,323.145917,323.145917,323.145917,323.145917,323.145917,323.145917,323.145917,323.145917,323.145917,323.145917,323.145917,323.145917,,,,,,,,,323.145917
82320,1.20526667,323.145917,323.145917,323.145917,323.145917,323.145917,323.145917,323.145917,323.145917,323.145917,323.145917,323.145917,323.145917,323.145917,,,,,,,,,323.145917
82380,1.20523333,323.145917,323.145917,323.145917,323.145917,323.145917,323.145917,323.145917,323.145917,323.145917,323.145917,323.145917,323.145917,323.145917,,,,,,,,,323.145917
82440,1.20520000,323.145917,323.145917,323.145917,323.145917,323.145917,323.145917,323.145917,323.145917,323.145917,323.145917,323.145917,323.145917,323.145917,,,,,,,,,323.145917
82500,1.20516667,323.145917,323.145917,323.145917,323.145917,323.145917,323.145917,323.145917,323.145917,323.145917,323.145917,323.145917,323.145917,323.145917,,,,,,,,,323.145917
82560,1.20513333,323.145917,323.145917,323.145917,323.145917,323.145917,323.145917,323.145917,323.145917,323.145917,323.145917,323.145917,323.145917,323.145917,,,,,,,,,323.145917
82620,1.20510000,323.145917,323.145917,323.145917,323.145917,323.145917,323.145917,323.145917,323.145917,323.145917,323.145917,323.145917,323.145917,323.145917,,,,,,,,,323.145917
82680,1.20506667,323.145917,323.145917,323.145917,323.145917,323.145917,323.145917,323.145917,323.145917,323.145917,323.145917,323.145917,323.145917,323.145917,,,,,,,,,323.145917
82740,1.20503333,323.145917,323.145917,323.145917,323.145917,323.145917,323.145917,323.145917,323.145917,323.145917,323.145917,323.145917,323.145917,323.145917,,,,,,,,,323.145917
82800,1.20500000,323.145917,323.145917,323.145917,323.145917,323.145917,323.145917,323.145917,323.145917,323.145917,323.145917,323.145917,323.145917,323.145917,,,,,,,,,323.145917
82860,1.20500000,323.145917,323.145917,323.145917,323.145917,323.145917,323.145917,323.145917,323.145917,323.145917,323.145917,323.145917,323.145917,323.145917,,,,,,,,,323.145917
82920,1.20500000,323.145917,323.145917,323.145917,323.145917,323.145917,323.145917,323.145917,323.145917,323.145917,323.145917,323.145917,323.145917,323.145917,,,,,,,,,323.145917
82980,1.20500000,323.145917,323.145917,323.145917,323.145917,323.145917,323.145917,323.145917,323.145917,323.145917,323.145917,323.145917,323.145917,323.145917,,,,,,,,,323.145917
83040,1.20500000,323.145917,323.145917,323.145917,323.145917,323.145917,323.145917,323.145917,323.145917,323.145917,323.145917,323.145917,323.145917,323.145917,,,,,,,,,323.145917
83100,1.20500000,323.145917,323.145917,323.145917,323.145917,323.145917,323.145917,323.145917,323.145917,323.145917,323.145917,323.145917,323.145917,323.145917,,,,,,,,,323.145917
83160,1.20500000,323.145917,323.145917,323.145917,323.145917,323.145917,323.145917,323.145917,323.145917,323.145917,323.145917,323.145917,323.145917,323.145917,,,,,,,,,323.145917
83220,1.20500000,323.145917,323.145917,323.145917,323.145917,323.145917,323.145917,323.145917,323.145917,323.145917,323.145917,323.145917,323.145917,323.145917,,,,,,,,,323.145917
83280,1.20500000,323.145917,323.145917,323.145917,323.145917,323.145917,323.145917,323.145917,323.145917,323.145917,323.145917,323.145917,323.145917,323.145917,,,,,,,,,323.145917
83340,1.20500000,323.145917,323.145917,323.145917,323.145917,323.145917,323.145917,323.145917,323.145917,323.145917,323.145917,323.145917,323.145917,323.145917,,,,,,,,,323.145917
83400,1.20500000,323.145917,323.145917,323.145917,323.145917,323.145917,323.145917,323.145917,323.145917,323.145917,323.145917,323.145917,323.145917,323.145917,,,,,,,,,323.145917
83460,1.20500000,323.145917,323.145917,323.145917,323.145917,323.145917,323.145917,323.145917,323.145917,323.145917,323.145917,323.145917,323.145917,323.145917,,,,,,,,,323.145917
83520,1.20500000,323.145917,323.145917,323.145917,323.145917,323.145917,323.145917,323.145917,323.145917,323.145917,323.145917,323.145917,323.145917,323.145917,,,,,,,,,323.145917
83580,1.20500000,323.145917,323.145917,323.145917,323.145917,323.145917,323.145917,323.145917,323.145917,323.145917,323.145917,323.145917,323.145917,323.145917,,,,,,,,,323.145917
83640,1.20500000,323.145917,323.145917,323.145917,323.145917,323.145917,323.145917,323.145917,323.145917,323.145917,323.145917,323.145917,323.145917,323.145917,,,,,,,,,323.145917
83700,1.20500000,323.145917,323.145917,323.145917,323.145917,323.145917,323.145917,323.145917,323.145917,323.145917,323.145917,323.145917,323.145917,323.145917,,,,,,,,,323.145917
83760,1.20500000,323.145917,323.145917,323.145917,323.145917,323.145917,323.145917,323.145917,323.145917,323.145917,323.145917,323.145917,323.145917,323.145917,,,,,,,,,323.145917
83820,1.20500000,323.145917,323.145917,323.145917,323.145917,323.145917,323.145917,323.145917,323.145917,323.145917,323.145917,323.145917,323.145917,323.145917,,,,,,,,,323.145917
83880,1.20500000,323.145917,323.145917,323.145917,323.145917,323.145917,323.145917,323.145917,323.145917,323.145917,323.145917,323.145917,323.145917,323.145917,,,,,,,,,323.145917
83940,1.20500000,323.145917,323.145917,323.145917,323.145917,323.145917,323.145917,323.145917,323.145917,323.145917,323.145917,323.145917,323.145917,323.145917,,,,,,,,,323.145917
84000,1.20500000,323.145917,323.145917,323.145917,323.145917,323.145917,323.145917,323.145917,323.145917,323.145917,323.145917,323.145917,323.145917,323.145917,,,,,,,,,323.145917
84060,1.20500000,323.145917,323.145917,323.145917,323.145917,323.145917,323.145917,323.145917,323.145917,323.145917,323.145917,323.145917,323.145917,323.145917,,,,,,,,,323.145917
84120,1.20500000,323.145917,323.145917,323.145917,323.145917,323.145917,323.145917,323.145917,323.145917,323.145917,323.145917,323.145917,323.145917,323.145917,,,,,,,,,323.145917
84180,1.20500000,323.145917,323.145917,323.145917,323.145917,323.145917,323.145917,323.145917,323.145917,323.145917,323.145917,323.145917,323.145917,323.145917,,,,,,,,,323.145917
84240,1.20500000,323.145917,323.145917,323.145917,323.145917,323.145917,323.145917,323.145917,323.145917,323.145917,323.145917,323.145917,323.145917,323.145917,,,,,,,,,323.145917
84300,1.20500000,323.145917,323.145917,323.145917,323.145917,323.145917,323.145917,323.145917,323.145917,323.145917,323.145917,323.145917,323.145917,323.145917,,,,,,,,,323.145917
84360,1.20500000,323.145917,323.145917,323.145917,323.145917,323.145917,323.145917,323.145917,323.145917,323.145917,323.145917,323.145917,323.145917,323.145917,,,,,,,,,323.145917
84420,1.20500000,323.145917,323.145917,323.145917,323.145917,323.145917,323.145917,323.145917,323.145917,323.145917,323.145917,323.145917,323.145917,323.145917,,,,,,,,,323.145917
84480,1.20500000,323.145917,323.145917,323.145917,323.145917,323.145917,323.145917,323.145917,323.145917,323.145917,323.145917,323.145917,323.145917,323.145917,,,,,,,,,323.145917
84540,1.20500000,323.145917,323.145917,323.145917,323.145917,323.145917,323.145917,323.145917,323.145917,323.145917,323.145917,323.145917,323.145917,323.145917,,,,,,,,,323.145917
84600,1.20500000,323.145917,323.145917,323.145917,323.145917,323.145917,323.145917,323.145917,323.145917,323.145917,323.145917,323.145917,323.145917,323.145917,,,,,,,,,323.145917
84660,1.20496667,323.145917,323.145917,323.145917,323.145917,323.145917,323.145917,323.145917,323.145917,323.145917,323.145917,323.145917,323.145917,323.145917,,,,,,,,,323.145917
84720,1.20493333,323.145917,323.145917,323.145917,323.145917,323.145917,323.145917,323.145917,323.145917,323.145917,323.145917,323.145917,323.145917,323.145917,,,,,,,,,323.145917
84780,1.20490000,323.145917,323.145917,323.145917,323.145917,323.145917,323.145917,323.145917,323.145917,323.145917,323.145917,323.145917,323.145917,323.145917,,,,,,,,,323.145917
84840,1.20486667,323.145917,323.145917,323.145917,323.145917,323.145917,323.145917,323.145917,323.145917,323.145917,323.145917,323.145917,323.145917,323.145917,,,,,,,,,323.145917
84900,1.20483333,323.145917,323.145917,323.145917,323.145917,323.145917,323.145917,323.145917,323.145917,323.145917,323.145917,323.145917,323.145917,323.145917,,,,,,,,,323.145917
84960,1.20480000,323.145917,323.145917,323.145917,323.145917,323.145917,323.145917,323.145917,323.145917,323.145917,323.145917,323.145917,323.145917,323.145917,,,,,,,,,323.145917
85020,1.20476667,323.145917,323.145917,323.145917,323.145917,323.145917,323.145917,323.145917,323.145917,323.145917,323.145917,323.145917,323.145917,323.145917,,,,,,,,,323.145917
85080,1.20473333,323.145917,323.145917,323.145917,323.145917,323.145917,323.145917,323.145917,323.145917,323.145917,323.145917,323.145917,323.145917,323.145917,,,,,,,,,323.145917
85140,1.20470000,323.145917,323.145917,323.145917,323.145917,323.145917,323.145917,323.145917,323.145917,323.145917,323.145917,323.145917,323.145917,323.145917,,,,,,,,,323.145917
85200,1.20466667,323.145917,323.145917,323.145917,323.145917,323.145917,323.145917,323.145917,323.145917,323.145917,323.145917,323.145917,323.145917,323.145917,,,,,,,,,323.145917
85260,1.20463333,323.145917,323.145917,323.145917,323.145917,323.145917,323.145917,323.145917,323.145917,323.145917,323.145917,323.145917,323.145917,323.145917,,,,,,,,,323.145917
85320,1.20460000,323.145917,323.145917,323.145917,323.145917,323.145917,323.145917,323.145917,323.145917,323.145917,323.145917,323.145917,323.145917,323.145917,,,,,,,,,323.145917
85380,1.20456667,323.145917,323.145917,323.145917,323.145917,323.145917,323.145917,323.145917,323.145917,323.145917,323.145917,323.145917,323.145917,323.145917,,,,,,,,,323.145917
85440,1.20453333,323.145917,323.145917,323.145917,323.145917,323.145917,323.145917,323.145917,323.145917,323.145917,323.145917,323.145917,323.145917,323.145917,,,,,,,,,323.145917
85500,1.20450000,323.145917,323.145917,323.145917,323.145917,323.145917,323.145917,323.145917,323.145917,323.145917,323.145917,323.145917,323.145917,323.145917,,,,,,,,,323.145917
85560,1.20446667,323.145917,323.145917,323.145917,323.145917,323.145917,323.145917,323.145917,323.145917,323.145917,323.145917,323.145917,323.145917,323.145917,,,,,,,,,323.145917
85620,1.20443333,323.145917,323.145917,323.145917,323.145917,323.145917,323.145917,323.145917,323.145917,323.145917,323.145917,323.145917,323.145917,323.145917,,,,,,,,,323.145917
85680,1.20440000,323.145917,323.145917,323.145917,323.145917,323.145917,323.145917,323.145917,323.145917,323.145917,323.145917,323.145917,323.145917,323.145917,,,,,,,,,323.145917
85740,1.20436667,323.145917,323.145917,323.145917,323.145917,323.145917,323.145917,323.145917,323.145917,323.145917,323.145917,323.145917,323.145917,323.145917,,,,,,,,,323.145917
85800,1.20433333,323.145917,323.145917,323.145917,323.145917,323.145917,323.145917,323.145917,323.145917,323.145917,323.145917,323.145917,323.145917,323.145917,,,,,,,,,323.145917
85860,1.20430000,323.145917,323.145917,323.145917,323.145917,323.145917,323.145917,323.145917,323.145917,323.145917,323.145917,323.145917,323.145917,323.145917,,,,,,,,,323.145917
85920,1.20426667,323.145917,323.145917,323.145917,323.145917,323.145917,323.145917,323.145917,323.145917,323.145917,323.145917,323.145917,323.145917,323.145917,,,,,,,,,323.145917
85980,1.20423333,323.145917,323.145917,323.145917,323.145917,323.145917,323.145917,323.145917,323.145917,323.145917,323.145917,323.145917,323.145917,323.145917,,,,,,,,,323.145917
86040,1.20420000,323.145917,323.145917,323.145917,323.145917,323.145917,323.145917,323.145917,323.145917,323.145917,323.145917,323.145917,323.145917,323.145917,,,,,,,,,323.145917
86100,1.20416667,323.145917,323.145917,323.145917,323.145917,323.145917,323.145917,323.145917,323.145917,323.145917,323.145917,323.145917,323.145917,323.145917,,,,,,,,,323.145917
86160,1.20413333,323.145917,323.145917,323.145917,323.145917,323.145917,323.145917,323.145917,323.145917,323.145917,323.145917,323.145917,323.145917,323.145917,,,,,,,,,323.145917
86220,1.20410000,323.145917,323.145917,323.145917,323.145917,323.145917,323.145917,323.145917,323.145917,323.145917,323.145917,323.145917,323.145917,323.145917,,,,,,,,,323.145917
86280,1.20406667,323.145917,323.145917,323.145917,323.145917,323.145917,323.145917,323.145917,323.145917,323.145917,323.145917,323.145917,323.145917,323.145917,,,,,,,,,323.145917
86340,1.20403333,323.145917,323.145917,323.145917,323.145917,323.145917,323.145917,323.145917,323.145917,323.145917,323.145917,323.145917,323.145917,323.145917,,,,,,,,,323.145917
86400,1.20400000,323.145917,323.145917,323.145917,323.145917,323.145917,323.145917,323.145917,323.145917,323.145917,323.145917,323.145917,323.145917,323.145917,,,,,,,,,323.145917
86460,1.20400000,323.145917,323.145917,323.145917,323.145917,323.145917,323.145917,323.145917,323.145917,323.145917,323.145917,323.145917,323.145917,323.145917,,,,,,,,,323.145917
86520,1.20400000,323.145917,323.145917,323.145917,323.145917,323.145917,323.145917,323.145917,323.145917,323.145917,323.145917,323.145917,323.145917,323.145917,,,,,,,,,323.145917
86580,1.20400000,323.145917,323.145917,323.145917,323.145917,323.145917,323.145917,323.145917,323.145917,323.145917,323.145917,323.145917,323.145917,323.145917,,,,,,,,,323.145917
86640,1.20400000,323.145917,323.145917,323.145917,323.145917,323.145917,323.145917,323.145917,323.145917,323.145917,323.145917,323.145917,323.145917,323.145917,,,,,,,,,323.145917
86700,1.20400000,323.145917,323.145917,323.145917,323.145917,323.145917,323.145917,323.145917,323.145917,323.145917,323.145917,323.145917,323.145917,323.145917,,,,,,,,,323.145917
86760,1.20400000,323.145917,323.145917,323.145917,323.145917,323.145917,323.145917,323.145917,323.145917,323.145917,323.145917,323.145917,323.145917,323.145917,,,,,,,,,323.145917
86820,1.20400000,323.145917,323.145917,323.145917,323.145917,323.145917,323.145917,323.145917,323.145917,323.145917,323.145917,323.145917,323.145917,323.145917,,,,,,,,,323.145917
86880,1.20400000,323.145917,323.145917,323.145917,323.145917,323.145917,323.145917,323.145917,323.145917,323.145917,323.145917,323.145917,323.145917,323.145917,,,,,,,,,323.145917
86940,1.20400000,323.145917,323.145917,323.145917,323.145917,323.145917,323.145917,323.145917,323.145917,323.145917,323.145917,323.145917,323.145917,323.145917,,,,,,,,,323.145917
87000,1.20400000,323.145917,323.145917,323.145917,323.145917,323.145917,323.145917,323.145917,323.145917,323.145917,323.145917,323.145917,323.145917,323.145917,,,,,,,,,323.145917
87060,1.20400000,323.145917,323.145917,323.145917,323.145917,323.145917,323.145917,323.145917,323.145917,323.145917,323.145917,323.145917,323.145917,323.145917,,,,,,,,,323.145917
87120,1.20400000,323.145917,323.145917,323.145917,323.145917,323.145917,323.145917,323.145917,323.145917,323.145917,323.145917,323.145917,323.145917,323.145917,,,,,,,,,323.145917
87180,1.20400000,323.145917,323.145917,323.145917,323.145917,323.145917,323.145917,323.145917,323.145917,323.145917,323.145917,323.145917,323.145917,323.145917,,,,,,,,,323.145917
87240,1.20400000,323.145917,323.145917,323.145917,323.145917,323.145917,323.145917,323.145917,323.145917,323.145917,323.145917,323.145917,323.145917,323.145917,,,,,,,,,323.145917
87300,1.20400000,323.145917,323.145917,323.145917,323.145917,323.145917,323.145917,323.145917,323.145917,323.145917,323.145917,323.145917,323.145917,323.145917,,,,,,,,,323.145917
87360,1.20400000,323.145917,323.145917,323.145917,323.145917,323.145917,323.145917,323.145917,323.145917,323.145917,323.145917,323.145917,323.145917,323.145917,,,,,,,,,323.145917
87420,1.20400000,323.145917,323.145917,323.145917,323.145917,323.145917,323.145917,323.145917,323.145917,323.145917,323.145917,323.145917,323.145917,323.145917,,,,,,,,,323.145917
87480,1.20400000,323.145917,323.145917,323.145917,323.145917,323.145917,323.145917,323.145917,323.145917,323.145917,323.145917,323.145917,323.145917,323.145917,,,,,,,,,323.145917
87540,1.20400000,323.145917,323.145917,323.145917,323.145917,323.145917,323.145917,323.145917,323.145917,323.145917,323.145917,323.145917,323.145917,323.145917,,,,,,,,,323.145917
87600,1.20400000,323.145917,323.145917,323.145917,323.145917,323.145917,323.145917,323.145917,323.145917,323.145917,323.145917,323.145917,323.145917,323.145917,,,,,,,,,323.145917
87660,1.20400000,323.145917,323.145917,323.145917,323.145917,323.145917,323.145917,323.145917,323.145917,323.145917,323.145917,323.145917,323.145917,323.145917,,,,,,,,,323.145917
87720,1.20400000,323.145917,323.145917,323.145917,323.145917,323.145917,323.145917,323.145917,323.145917,323.145917,323.145917,323.145917,323.145917,323.145917,,,,,,,,,323.145917
87780,1.20400000,323.145917,323.145917,323.145917,323.145917,323.145917,323.145917,323.145917,323.145917,323.145917,323.145917,323.145917,323.145917,323.145917,,,,,,,,,323.145917
87840,1.20400000,323.145917,323.145917,323.145917,323.145917,323.145917,323.145917,323.145917,323.145917,323.145917,323.145917,323.145917,323.145917,323.145917,,,,,,,,,323.145917
87900,1.20400000,323.145917,323.145917,323.145917,323.145917,323.145917,323.145917,323.145917,323.145917,323.145917,323.145917,323.145917,323.145917,323.145917,,,,,,,,,323.145917
87960,1.20400000,323.145917,323.145917,323.145917,323.145917,323.145917,323.145917,323.145917,323.145917,323.145917,323.145917,323.145917,323.145917,323.145917,,,,,,,,,323.145917
88020,1.20400000,323.145917,323.145917,323.145917,323.145917,323.145917,323.145917,323.145917,323.145917,323.145917,323.145917,323.145917,323.145917,323.145917,,,,,,,,,323.145917
88080,1.20400000,323.145917,323.145917,323.145917,323.145917,323.145917,323.145917,323.145917,323.145917,323.145917,323.145917,323.145917,323.145917,323.145917,,,,,,,,,323.145917
88140,1.20400000,323.145917,323.145917,323.145917,323.145917,323.145917,323.145917,323.145917,323.145917,323.145917,323.145917,323.145917,323.145917,323.145917,,,,,,,,,323.145917
88200,1.20400000,323.145917,323.145917,323.145917,323.145917,323.145917,323.145917,323.145917,323.145917,323.145917,323.145917,323.145917,323.145917,323.145917,,,,,,,,,323.145917
88260,1.20396667,323.145917,323.145917,323.145917,323.145917,323.145917,323.145917,323.145917,323.145917,323.145917,323.145917,323.145917,323.145917,323.145917,,,,,,,,,323.145917
88320,1.20393333,323.145917,323.145917,323.145917,323.145917,323.145917,323.145917,323.145917,323.145917,323.145917,323.145917,323.145917,323.145917,323.145917,,,,,,,,,323.145917
88380,1.20390000,323.145917,323.145917,323.145917,323.145917,323.145917,323.145917,323.145917,323.145917,323.145917,323.145917,323.145917,323.145917,323.145917,,,,,,,,,323.145917
88440,1.20386667,323.145917,323.145917,323.145917,323.145917,323.145917,323.145917,323.145917,323.145917,323.145917,323.145917,323.145917,323.145917,323.145917,,,,,,,,,323.145917
88500,1.20383333,323.145917,323.145917,323.145917,323.145917,323.145917,323.145917,323.145917,323.145917,323.145917,323.145917,323.145917,323.145917,323.145917,,,,,,,,,323.145917
88560,1.20380000,323.145917,323.145917,323.145917,323.145917,323.145917,323.145917,323.145917,323.145917,323.145917,323.145917,323.145917,323.145917,323.145917,,,,,,,,,323.145917
88620,1.20376667,323.145917,323.145917,323.145917,323.145917,323.145917,323.145917,323.145917,323.145917,323.145917,323.145917,323.145917,323.145917,323.145917,,,,,,,,,323.145917
88680,1.20373333,323.145917,323.145917,323.145917,323.145917,323.145917,323.145917,323.145917,323.145917,323.145917,323.145917,323.145917,323.145917,323.145917,,,,,,,,,323.145917
88740,1.20370000,323.145917,323.145917,323.145917,323.145917,323.145917,323.145917,323.145917,323.145917,323.145917,323.145917,323.145917,323.145917,323.145917,,,,,,,,,323.145917
88800,1.20366667,323.145917,323.145917,323.145917,323.145917,323.145917,323.145917,323.145917,323.145917,323.145917,323.145917,323.145917,323.145917,323.145917,,,,,,,,,323.145917
88860,1.20363333,323.145917,323.145917,323.145917,323.145917,323.145917,323.145917,323.145917,323.145917,323.145917,323.145917,323.145917,323.145917,323.145917,,,,,,,,,323.145917
88920,1.20360000,323.145917,323.145917,323.145917,323.145917,323.145917,323.145917,323.145917,323.145917,323.145917,323.145917,323.145917,323.145917,323.145917,,,,,,,,,323.145917
88980,1.20356667,323.145917,323.145917,323.145917,323.145917,323.145917,323.145917,323.145917,323.145917,323.145917,323.145917,323.145917,323.145917,323.145917,,,,,,,,,323.145917
89040,1.20353333,323.145917,323.145917,323.145917,323.145917,323.145917,323.145917,323.145917,323.145917,323.145917,323.145917,323.145917,323.145917,323.145917,,,,,,,,,323.145917
89100,1.20350000,323.145917,323.145917,323.145917,323.145917,323.145917,323.145917,323.145917,323.145917,323.145917,323.145917,323.145917,323.145917,323.145917,,,,,,,,,323.145917
89160,1.20346667,323.145917,323.145917,323.145917,323.145917,323.145917,323.145917,323.145917,323.145917,323.145917,323.145917,323.145917,323.145917,323.145917,,,,,,,,,323.145917
89220,1.20343333,323.145917,323.145917,323.145917,323.145917,323.145917,323.145917,323.145917,323.145917,323.145917,323.145917,323.145917,323.145917,323.145917,,,,,,,,,323.145917
89280,1.20340000,323.145917,323.145917,323.145917,323.145917,323.145917,323.145917,323.145917,323.145917,323.145917,323.145917,323.145917,323.145917,323.145917,,,,,,,,,323.145917
89340,1.20336667,323.145917,323.145917,323.145917,323.145917,323.145917,323.145917,323.145917,323.145917,323.145917,323.145917,323.145917,323.145917,323.145917,,,,,,,,,323.145917
89400,1.20333333,323.145917,323.145917,323.145917,323.145917,323.145917,323.145917,323.145917,323.145917,323.145917,323.145917,323.145917,323.145917,323.145917,,,,,,,,,323.145917
89460,1.20330000,323.145917,323.145917,323.145917,323.145917,323.145917,323.145917,323.145917,323.145917,323.145917,323.145917,323.145917,323.145917,323.145917,,,,,,,,,323.145917
89520,1.20326667,323.145917,323.145917,323.145917,323.145917,323.145917,323.145917,323.145917,323.145917,323.145917,323.145917,323.145917,323.145917,323.145917,,,,,,,,,323.145917
89580,1.20323333,323.145917,323.145917,323.145917,323.145917,323.145917,323.145917,323.145917,323.145917,323.145917,323.145917,323.145917,323.145917,323.145917,,,,,,,,,323.145917
89640,1.20320000,323.145917,323.145917,323.145917,323.145917,323.145917,323.145917,323.145917,323.145917,323.145917,323.145917,323.145917,323.145917,323.145917,,,,,,,,,323.145917
89700,1.20316667,323.145917,323.145917,323.145917,323.145917,323.145917,323.145917,323.145917,323.145917,323.145917,323.145917,323.145917,323.145917,323.145917,,,,,,,,,323.145917
89760,1.20313333,323.145917,323.145917,323.145917,323.145917,323.145917,323.145917,323.145917,323.145917,323.145917,323.145917,323.145917,323.145917,323.145917,,,,,,,,,323.145917
89820,1.20310000,323.145917,323.145917,323.145917,323.145917,323.145917,323.145917,323.145917,323.145917,323.145917,323.145917,323.145917,323.145917,323.145917,,,,,,,,,323.145917
89880,1.20306667,323.145917,323.145917,323.145917,323.145917,323.145917,323.145917,323.145917,323.145917,323.145917,323.145917,323.145917,323.145917,323.145917,,,,,,,,,323.145917
89940,1.20303333,323.145917,323.145917,323.145917,323.145917,323.145917,323.145917,323.145917,323.145917,323.145917,323.145917,323.145917,323.145917,323.145917,,,,,,,,,323.145917
90000,1.20300000,323.145917,323.145917,323.145917,323.145917,323.145917,323.145917,323.145917,323.145917,323.145917,323.145917,323.145917,323.145917,323.145917,,,,,,,,,323.145917
90060,1.20300000,323.145917,323.145917,323.145917,323.145917,323.145917,323.145917,323.145917,323.145917,323.145917,323.145917,323.145917,323.145917,323.145917,,,,,,,,,323.145917
90120,1.20300000,323.145917,323.145917,323.145917,323.145917,323.145917,323.145917,323.145917,323.145917,323.145917,323.145917,323.145917,323.145917,323.145917,,,,,,,,,323.145917
90180,1.20300000,323.145917,323.145917,323.145917,323.145917,323.145917,323.145917,323.145917,323.145917,323.145917,323.145917,323.145917,323.145917,323.145917,,,,,,,,,323.145917
90240,1.20300000,323.145917,323.145917,323.145917,323.145917,323.145917,323.145917,323.145917,323.145917,323.145917,323.145917,323.145917,323.145917,323.145917,,,,,,,,,323.145917
90300,1.20300000,323.145917,323.145917,323.145917,323.145917,323.145917,323.145917,323.145917,323.145917,323.145917,323.145917,323.145917,323.145917,323.145917,,,,,,,,,323.145917
90360,1.20300000,323.145917,323.145917,323.145917,323.145917,323.145917,323.145917,323.145917,323.145917,323.145917,323.145917,323.145917,323.145917,323.145917,,,,,,,,,323.145917
90420,1.20300000,323.145917,323.145917,323.145917,323.145917,323.145917,323.145917,323.145917,323.145917,323.145917,323.145917,323.145917,323.145917,323.145917,,,,,,,,,323.145917
90480,1.20300000,323.145917,323.145917,323.145917,323.145917,323.145917,323.145917,323.145917,323.145917,323.145917,323.145917,323.145917,323.145917,323.145917,,,,,,,,,323.145917
90540,1.20300000,323.145917,323.145917,323.145917,323.145917,323.145917,323.145917,323.145917,323.145917,323.145917,323.145917,323.145917,323.145917,323.145917,,,,,,,,,323.145917
90600,1.20300000,323.145917,323.145917,323.145917,323.145917,323.145917,323.145917,323.145917,323.145917,323.145917,323.145917,323.145917,323.145917,323.145917,,,,,,,,,323.145917
90660,1.20300000,323.145917,323.145917,323.145917,323.145917,323.145917,323.145917,323.145917,323.145917,323.145917,323.145917,323.145917,323.145917,323.145917,,,,,,,,,323.145917
90720,1.20300000,323.145917,323.145917,323.145917,323.145917,323.145917,323.145917,323.145917,323.145917,323.145917,323.145917,323.145917,323.145917,323.145917,,,,,,,,,323.145917
90780,1.20300000,323.145917,323.145917,323.145917,323.145917,323.145917,323.145917,323.145917,323.145917,323.145917,323.145917,323.145917,323.145917,323.145917,,,,,,,,,323.145917
90840,1.20300000,323.145917,323.145917,323.145917,323.145917,323.145917,323.145917,323.145917,323.145917,323.145917,323.145917,323.145917,323.145917,323.145917,,,,,,,,,323.145917
90900,1.20300000,323.145917,323.145917,323.145917,323.145917,323.145917,323.145917,323.145917,323.145917,323.145917,323.145917,323.145917,323.145917,323.145917,,,,,,,,,323.145917
90960,1.20300000,323.145917,323.145917,323.145917,323.145917,323.145917,323.145917,323.145917,323.145917,323.145917,323.145917,323.145917,323.145917,323.145917,,,,,,,,,323.145917
91020,1.20300000,323.145917,323.145917,323.145917,323.145917,323.145917,323.145917,323.145917,323.145917,323.145917,323.145917,323.145917,323.145917,323.145917,,,,,,,,,323.145917
91080,1.20300000,323.145917,323.145917,323.145917,323.145917,323.145917,323.145917,323.145917,323.145917,323.145917,323.145917,323.145917,323.145917,323.145917,,,,,,,,,323.145917
91140,1.20300000,323.145917,323.145917,323.145917,323.145917,323.145917,323.145917,323.145917,323.145917,323.145917,323.145917,323.145917,323.145917,323.145917,,,,,,,,,323.145917
91200,1.20300000,323.145917,323.145917,323.145917,323.145917,323.145917,323.145917,323.145917,323.145917,323.145917,323.145917,323.145917,323.145917,323.145917,,,,,,,,,323.145917
91260,1.20300000,323.145917,323.145917,323.145917,323.145917,323.145917,323.145917,323.145917,323.145917,323.145917,323.145917,323.145917,323.145917,323.145917,,,,,,,,,323.145917
91320,1.20300000,323.145917,323.145917,323.145917,323.145917,323.145917,323.145917,323.145917,323.145917,323.145917,323.145917,323.145917,323.145917,323.145917,,,,,,,,,323.145917
91380,1.20300000,323.145917,323.145917,323.145917,323.145917,323.145917,323.145917,323.145917,323.145917,323.145917,323.145917,323.145917,323.145917,323.145917,,,,,,,,,323.145917
91440,1.20300000,323.145917,323.145917,323.145917,323.145917,323.145917,323.145917,323.145917,323.145917,323.145917,323.145917,323.145917,323.145917,323.145917,,,,,,,,,323.145917
91500,1.20300000,323.145917,323.145917,323.145917,323.145917,323.145917,323.145917,323.145917,323.145917,323.145917,323.145917,323.145917,323.145917,323.145917,,,,,,,,,323.145917
91560,1.20300000,323.145917,323.145917,323.145917,323.145917,323.145917,323.145917,323.145917,323.145917,323.145917,323.145917,323.145917,323.145917,323.145917,,,,,,,,,323.145917
91620,1.20300000,323.145917,323.145917,323.145917,323.145917,323.145917,323.145917,323.145917,323.145917,323.145917,323.145917,323.145917,323.145917,323.145917,,,,,,,,,323.145917
91680,1.20300000,323.145917,323.145917,323.145917,323.145917,323.145917,323.145917,323.145917,323.145917,323.145917,323.145917,323.145917,323.145917,323.145917,,,,,,,,,323.145917
91740,1.20300000,323.145917,323.145917,323.145917,323.145917,323.145917,323.145917,323.145917,323.145917,323.145917,323.145917,323.145917,323.145917,323.145917,,,,,,,,,323.145917
91800,1.20300000,323.145917,323.145917,323.145917,323.145917,323.145917,323.145917,323.145917,323.145917,323.145917,323.145917,323.145917,323.145917,323.145917,,,,,,,,,323.145917
91860,1.20300000,323.145917,323.145917,323.145917,323.145917,323.145917,323.145917,323.145917,323.145917,323.145917,323.145917,323.145917,323.145917,323.145917,,,,,,,,,323.145917
91920,1.20300000,323.145917,323.145917,323.145917,323.145917,323.145917,323.145917,323.145917,323.145917,323.145917,323.145917,323.145917,323.145917,323.145917,,,,,,,,,323.145917
91980,1.20300000,323.145917,323.145917,323.145917,323.145917,323.145917,323.145917,323.145917,323.145917,323.145917,323.145917,323.145917,323.145917,323.145917,,,,,,,,,323.145917
92040,1.20300000,323.145917,323.145917,323.145917,323.145917,323.145917,323.145917,323.145917,323.145917,323.145917,323.145917,323.145917,323.145917,323.145917,,,,,,,,,323.145917
92100,1.20300000,323.145917,323.145917,323.145917,323.145917,323.145917,323.145917,323.145917,323.145917,323.145917,323.145917,323.145917,323.145917,323.145917,,,,,,,,,323.145917
92160,1.20300000,323.145917,323.145917,323.145917,323.145917,323.145917,323.145917,323.145917,323.145917,323.145917,323.145917,323.145917,323.145917,323.145917,,,,,,,,,323.145917
92220,1.20300000,323.145917,323.145917,323.145917,323.145917,323.145917,323.145917,323.145917,323.145917,323.145917,323.145917,323.145917,323.145917,323.145917,,,,,,,,,323.145917
92280,1.20300000,323.145917,323.145917,323.145917,323.145917,323.145917,323.145917,323.145917,323.145917,323.145917,323.145917,323.145917,323.145917,323.145917,,,,,,,,,323.145917
92340,1.20300000,323.145917,323.145917,323.145917,323.145917,323.145917,323.145917,323.145917,323.145917,323.145917,323.145917,323.145917,323.145917,323.145917,,,,,,,,,323.145917
92400,1.20300000,323.145917,323.145917,323.145917,323.145917,323.145917,323.145917,323.145917,323.145917,323.145917,323.145917,323.145917,323.145917,323.145917,,,,,,,,,323.145917
92460,1.20300000,323.145917,323.145917,323.145917,323.145917,323.145917,323.145917,323.145917,323.145917,323.145917,323.145917,323.145917,323.145917,323.145917,,,,,,,,,323.145917
92520,1.20300000,323.145917,323.145917,323.145917,323.145917,323.145917,323.145917,323.145917,323.145917,323.145917,323.145917,323.145917,323.145917,323.145917,,,,,,,,,323.145917
92580,1.20300000,323.145917,323.145917,323.145917,323.145917,323.145917,323.145917,323.145917,323.145917,323.145917,323.145917,323.145917,323.145917,323.145917,,,,,,,,,323.145917
92640,1.20300000,323.145917,323.145917,323.145917,323.145917,323.145917,323.145917,323.145917,323.145917,323.145917,323.145917,323.145917,323.145917,323.145917,,,,,,,,,323.145917
92700,1.20300000,323.145917,323.145917,323.145917,323.145917,323.145917,323.145917,323.145917,323.145917,323.145917,323.145917,323.145917,323.145917,323.145917,,,,,,,,,323.145917
92760,1.20300000,323.145917,323.145917,323.145917,323.145917,323.145917,323.145917,323.145917,323.145917,323.145917,323.145917,323.145917,323.145917,323.145917,,,,,,,,,323.145917
92820,1.20300000,323.145917,323.145917,323.145917,323.145917,323.145917,323.145917,323.145917,323.145917,323.145917,323.145917,323.145917,323.145917,323.145917,,,,,,,,,323.145917
92880,1.20300000,323.145917,323.145917,323.145917,323.145917,323.145917,323.145917,323.145917,323.145917,323.145917,323.145917,323.145917,323.145917,323.145917,,,,,,,,,323.145917
92940,1.20300000,323.145917,323.145917,323.145917,323.145917,323.145917,323.145917,323.145917,323.145917,323.145917,323.145917,323.145917,323.145917,323.145917,,,,,,,,,323.145917
93000,1.20300000,323.145917,323.145917,323.145917,323.145917,323.145917,323.145917,323.145917,323.145917,323.145917,323.145917,323.145917,323.145917,323.145917,,,,,,,,,323.145917
93060,1.20300000,323.145917,323.145917,323.145917,323.145917,323.145917,323.145917,323.145917,323.145917,323.145917,323.145917,323.145917,323.145917,323.145917,,,,,,,,,323.145917
93120,1.20300000,323.145917,323.145917,323.145917,323.145917,323.145917,323.145917,323.145917,323.145917,323.145917,323.145917,323.145917,323.145917,323.145917,,,,,,,,,323.145917
93180,1.20300000,323.145917,323.145917,323.145917,323.145917,323.145917,323.145917,323.145917,323.145917,323.145917,323.145917,323.145917,323.145917,323.145917,,,,,,,,,323.145917
93240,1.20300000,323.145917,323.145917,323.145917,323.145917,323.145917,323.145917,323.145917,323.145917,323.145917,323.145917,323.145917,323.145917,323.145917,,,,,,,,,323.145917
93300,1.20300000,323.145917,323.145917,323.145917,323.145917,323.145917,323.145917,323.145917,323.145917,323.145917,323.145917,323.145917,323.145917,323.145917,,,,,,,,,323.145917
93360,1.20300000,323.145917,323.145917,323.145917,323.145917,323.145917,323.145917,323.145917,323.145917,323.145917,323.145917,323.145917,323.145917,323.145917,,,,,,,,,323.145917
93420,1.20300000,323.145917,323.145917,323.145917,323.145917,323.145917,323.145917,323.145917,323.145917,323.145917,323.145917,323.145917,323.145917,323.145917,,,,,,,,,323.145917
93480,1.20300000,323.145917,323.145917,323.145917,323.145917,323.145917,323.145917,323.145917,323.145917,323.145917,323.145917,323.145917,323.145917,323.145917,,,,,,,,,323.145917
93540,1.20300000,323.145917,323.145917,323.145917,323.145917,323.145917,323.145917,323.145917,323.145917,323.145917,323.145917,323.145917,323.145917,323.145917,,,,,,,,,323.145917
93600,1.20300000,323.145917,323.145917,323.145917,323.145917,323.145917,323.145917,323.145917,323.145917,323.145917,323.145917,323.145917,323.145917,323.145917,,,,,,,,,323.145917
93660,1.20300000,323.145917,323.145917,323.145917,323.145917,323.145917,323.145917,323.145917,323.145917,323.145917,323.145917,323.145917,323.145917,323.145917,,,,,,,,,323.145917
93720,1.20300000,323.145917,323.145917,323.145917,323.145917,323.145917,323.145917,323.145917,323.145917,323.145917,323.145917,323.145917,323.145917,323.145917,,,,,,,,,323.145917
93780,1.20300000,323.145917,323.145917,323.145917,323.145917,323.145917,323.145917,323.145917,323.145917,323.145917,323.145917,323.145917,323.145917,323.145917,,,,,,,,,323.145917
93840,1.20300000,323.145917,323.145917,323.145917,323.145917,323.145917,323.145917,323.145917,323.145917,323.145917,323.145917,323.145917,323.145917,323.145917,,,,,,,,,323.145917
93900,1.20300000,323.145917,323.145917,323.145917,323.145917,323.145917,323.145917,323.145917,323.145917,323.145917,323.145917,323.145917,323.145917,323.145917,,,,,,,,,323.145917
93960,1.20300000,323.145917,323.145917,323.145917,323.145917,323.145917,323.145917,323.145917,323.145917,323.145917,323.145917,323.145917,323.145917,323.145917,,,,,,,,,323.145917
94020,1.20300000,323.145917,323.145917,323.145917,323.145917,323.145917,323.145917,323.145917,323.145917,323.145917,323.145917,323.145917,323.145917,323.145917,,,,,,,,,323.145917
94080,1.20300000,323.145917,323.145917,323.145917,323.145917,323.145917,323.145917,323.145917,323.145917,323.145917,323.145917,323.145917,323.145917,323.145917,,,,,,,,,323.145917
94140,1.20300000,323.145917,323.145917,323.145917,323.145917,323.145917,323.145917,323.145917,323.145917,323.145917,323.145917,323.145917,323.145917,323.145917,,,,,,,,,323.145917
94200,1.20300000,323.145917,323.145917,323.145917,323.145917,323.145917,323.145917,323.145917,323.145917,323.145917,323.145917,323.145917,323.145917,323.145917,,,,,,,,,323.145917
94260,1.20300000,323.145917,323.145917,323.145917,323.145917,323.145917,323.145917,323.145917,323.145917,323.145917,323.145917,323.145917,323.145917,323.145917,,,,,,,,,323.145917
94320,1.20300000,323.145917,323.145917,323.145917,323.145917,323.145917,323.145917,323.145917,323.145917,323.145917,323.145917,323.145917,323.145917,323.145917,,,,,,,,,323.145917
94380,1.20300000,323.145917,323.145917,323.145917,323.145917,323.145917,323.145917,323.145917,323.145917,323.145917,323.145917,323.145917,323.145917,323.145917,,,,,,,,,323.145917
94440,1.20300000,323.145917,323.145917,323.145917,323.145917,323.145917,323.145917,323.145917,323.145917,323.145917,323.145917,323.145917,323.145917,323.145917,,,,,,,,,323.145917
94500,1.20300000,323.145917,323.145917,323.145917,323.145917,323.145917,323.145917,323.145917,323.145917,323.145917,323.145917,323.145917,323.145917,323.145917,,,,,,,,,323.145917
94560,1.20300000,323.145917,323.145917,323.145917,323.145917,323.145917,323.145917,323.145917,323.145917,323.145917,323.145917,323.145917,323.145917,323.145917,,,,,,,,,323.145917
94620,1.20300000,323.145917,323.145917,323.145917,323.145917,323.145917,323.145917,323.145917,323.145917,323.145917,323.145917,323.145917,323.145917,323.145917,,,,,,,,,323.145917
94680,1.20300000,323.145917,323.145917,323.145917,323.145917,323.145917,323.145917,323.145917,323.145917,323.145917,323.145917,323.145917,323.145917,323.145917,,,,,,,,,323.145917
94740,1.20300000,323.145917,323.145917,323.145917,323.145917,323.145917,323.145917,323.145917,323.145917,323.145917,323.145917,323.145917,323.145917,323.145917,,,,,,,,,323.145917
94800,1.20300000,323.145917,323.145917,323.145917,323.145917,323.145917,323.145917,323.145917,323.145917,323.145917,323.145917,323.145917,323.145917,323.145917,,,,,,,,,323.145917
94860,1.20300000,323.145917,323.145917,323.145917,323.145917,323.145917,323.145917,323.145917,323.145917,323.145917,323.145917,323.145917,323.145917,323.145917,,,,,,,,,323.145917
94920,1.20300000,323.145917,323.145917,323.145917,323.145917,323.145917,323.145917,323.145917,323.145917,323.145917,323.145917,323.145917,323.145917,323.145917,,,,,,,,,323.145917
94980,1.20300000,323.145917,323.145917,323.145917,323.145917,323.145917,323.145917,323.145917,323.145917,323.145917,323.145917,323.145917,323.145917,323.145917,,,,,,,,,323.145917
95040,1.20300000,323.145917,323.145917,323.145917,323.145917,323.145917,323.145917,323.145917,323.145917,323.145917,323.145917,323.145917,323.145917,323.145917,,,,,,,,,323.145917
95100,1.20300000,323.145917,323.145917,323.145917,323.145917,323.145917,323.145917,323.145917,323.145917,323.145917,323.145917,323.145917,323.145917,323.145917,,,,,,,,,323.145917
95160,1.20300000,323.145917,323.145917,323.145917,323.145917,323.145917,323.145917,323.145917,323.145917,323.145917,323.145917,323.145917,323.145917,323.145917,,,,,,,,,323.145917
95220,1.20300000,323.145917,323.145917,323.145917,323.145917,323.145917,323.145917,323.145917,323.145917,323.145917,323.145917,323.145917,323.145917,323.145917,,,,,,,,,323.145917
95280,1.20300000,323.145917,323.145917,323.145917,323.145917,323.145917,323.145917,323.145917,323.145917,323.145917,323.145917,323.145917,323.145917,323.145917,,,,,,,,,323.145917
95340,1.20300000,323.145917,323.145917,323.145917,323.145917,323.145917,323.145917,323.145917,323.145917,323.145917,323.145917,323.145917,323.145917,323.145917,,,,,,,,,323.145917
95400,1.20300000,323.145917,323.145917,323.145917,323.145917,323.145917,323.145917,323.145917,323.145917,323.145917,323.145917,323.145917,323.145917,323.145917,,,,,,,,,323.145917
95460,1.20296667,323.145917,323.145917,323.145917,323.145917,323.145917,323.145917,323.145917,323.145917,323.145917,323.145917,323.145917,323.145917,323.145917,,,,,,,,,323.145917
95520,1.20293333,323.145917,323.145917,323.145917,323.145917,323.145917,323.145917,323.145917,323.145917,323.145917,323.145917,323.145917,323.145917,323.145917,,,,,,,,,323.145917
95580,1.20290000,323.145917,323.145917,323.145917,323.145917,323.145917,323.145917,323.145917,323.145917,323.145917,323.145917,323.145917,323.145917,323.145917,,,,,,,,,323.145917
95640,1.20286667,323.145917,323.145917,323.145917,323.145917,323.145917,323.145917,323.145917,323.145917,323.145917,323.145917,323.145917,323.145917,323.145917,,,,,,,,,323.145917
95700,1.20283333,323.145917,323.145917,323.145917,323.145917,323.145917,323.145917,323.145917,323.145917,323.145917,323.145917,323.145917,323.145917,323.145917,,,,,,,,,323.145917
95760,1.20280000,323.145917,323.145917,323.145917,323.145917,323.145917,323.145917,323.145917,323.145917,323.145917,323.145917,323.145917,323.145917,323.145917,,,,,,,,,323.145917
95820,1.20276667,323.145917,323.145917,323.145917,323.145917,323.145917,323.145917,323.145917,323.145917,323.145917,323.145917,323.145917,323.145917,323.145917,,,,,,,,,323.145917
95880,1.20273333,323.145917,323.145917,323.145917,323.145917,323.145917,323.145917,323.145917,323.145917,323.145917,323.145917,323.145917,323.145917,323.145917,,,,,,,,,323.145917
95940,1.20270000,323.145917,323.145917,323.145917,323.145917,323.145917,323.145917,323.145917,323.145917,323.145917,323.145917,323.145917,323.145917,323.145917,,,,,,,,,323.145917
96000,1.20266667,323.145917,323.145917,323.145917,323.145917,323.145917,323.145917,323.145917,323.145917,323.145917,323.145917,323.145917,323.145917,323.145917,,,,,,,,,323.145917
96060,1.20263333,323.145917,323.145917,323.145917,323.145917,323.145917,323.145917,323.145917,323.145917,323.145917,323.145917,323.145917,323.145917,323.145917,,,,,,,,,323.145917
96120,1.20260000,323.145917,323.145917,323.145917,323.145917,323.145917,323.145917,323.145917,323.145917,323.145917,323.145917,323.145917,323.145917,323.145917,,,,,,,,,323.145917
96180,1.20256667,323.145917,323.145917,323.145917,323.145917,323.145917,323.145917,323.145917,323.145917,323.145917,323.145917,323.145917,323.145917,323.145917,,,,,,,,,323.145917
96240,1.20253333,323.145917,323.145917,323.145917,323.145917,323.145917,323.145917,323.145917,323.145917,323.145917,323.145917,323.145917,323.145917,323.145917,,,,,,,,,323.145917
96300,1.20250000,323.145917,323.145917,323.145917,323.145917,323.145917,323.145917,323.145917,323.145917,323.145917,323.145917,323.145917,323.145917,323.145917,,,,,,,,,323.145917
96360,1.20246667,323.145917,323.145917,323.145917,323.145917,323.145917,323.145917,323.145917,323.145917,323.145917,323.145917,323.145917,323.145917,323.145917,,,,,,,,,323.145917
96420,1.20243333,323.145917,323.145917,323.145917,323.145917,323.145917,323.145917,323.145917,323.145917,323.145917,323.145917,323.145917,323.145917,323.145917,,,,,,,,,323.145917
96480,1.20240000,323.145917,323.145917,323.145917,323.145917,323.145917,323.145917,323.145917,323.145917,323.145917,323.145917,323.145917,323.145917,323.145917,,,,,,,,,323.145917
96540,1.20236667,323.145917,323.145917,323.145917,323.145917,323.145917,323.145917,323.145917,323.145917,323.145917,323.145917,323.145917,323.145917,323.145917,,,,,,,,,323.145917
96600,1.20233333,323.145917,323.145917,323.145917,323.145917,323.145917,323.145917,323.145917,323.145917,323.145917,323.145917,323.145917,323.145917,323.145917,,,,,,,,,323.145917
96660,1.20230000,323.145917,323.145917,323.145917,323.145917,323.145917,323.145917,323.145917,323.145917,323.145917,323.145917,323.145917,323.145917,323.145917,,,,,,,,,323.145917
96720,1.20226667,323.145917,323.145917,323.145917,323.145917,323.145917,323.145917,323.145917,323.145917,323.145917,323.145917,323.145917,323.145917,323.145917,,,,,,,,,323.145917
96780,1.20223333,323.145917,323.145917,323.145917,323.145917,323.145917,323.145917,323.145917,323.145917,323.145917,323.145917,323.145917,323.145917,323.145917,,,,,,,,,323.145917
96840,1.20220000,323.145917,323.145917,323.145917,323.145917,323.145917,323.145917,323.145917,323.145917,323.145917,323.145917,323.145917,323.145917,323.145917,,,,,,,,,323.145917
96900,1.20216667,323.145917,323.145917,323.145917,323.145917,323.145917,323.145917,323.145917,323.145917,323.145917,323.145917,323.145917,323.145917,323.145917,,,,,,,,,323.145917
96960,1.20213333,323.145917,323.145917,323.145917,323.145917,323.145917,323.145917,323.145917,323.145917,323.145917,323.145917,323.145917,323.145917,323.145917,,,,,,,,,323.145917
97020,1.20210000,323.145917,323.145917,323.145917,323.145917,323.145917,323.145917,323.145917,323.145917,323.145917,323.145917,323.145917,323.145917,323.145917,,,,,,,,,323.145917
97080,1.20206667,323.145917,323.145917,323.145917,323.145917,323.145917,323.145917,323.145917,323.145917,323.145917,323.145917,323.145917,323.145917,323.145917,,,,,,,,,323.145917
97140,1.20203333,323.145917,323.145917,323.145917,323.145917,323.145917,323.145917,323.145917,323.145917,323.145917,323.145917,323.145917,323.145917,323.145917,,,,,,,,,323.145917
97200,1.20200000,323.145917,323.145917,323.145917,323.145917,323.145917,323.145917,323.145917,323.145917,323.145917,323.145917,323.145917,323.145917,323.145917,,,,,,,,,323.145917
97260,1.20200000,323.145917,323.145917,323.145917,323.145917,323.145917,323.145917,323.145917,323.145917,323.145917,323.145917,323.145917,323.145917,323.145917,,,,,,,,,323.145917
97320,1.20200000,323.145917,323.145917,323.145917,323.145917,323.145917,323.145917,323.145917,323.145917,323.145917,323.145917,323.145917,323.145917,323.145917,,,,,,,,,323.145917
97380,1.20200000,323.145917,323.145917,323.145917,323.145917,323.145917,323.145917,323.145917,323.145917,323.145917,323.145917,323.145917,323.145917,323.145917,,,,,,,,,323.145917
97440,1.20200000,323.145917,323.145917,323.145917,323.145917,323.145917,323.145917,323.145917,323.145917,323.145917,323.145917,323.145917,323.145917,323.145917,,,,,,,,,323.145917
97500,1.20200000,323.145917,323.145917,323.145917,323.145917,323.145917,323.145917,323.145917,323.145917,323.145917,323.145917,323.145917,323.145917,323.145917,,,,,,,,,323.145917
97560,1.20200000,323.145917,323.145917,323.145917,323.145917,323.145917,323.145917,323.145917,323.145917,323.145917,323.145917,323.145917,323.145917,323.145917,,,,,,,,,323.145917
97620,1.20200000,323.145917,323.145917,323.145917,323.145917,323.145917,323.145917,323.145917,323.145917,323.145917,323.145917,323.145917,323.145917,323.145917,,,,,,,,,323.145917
97680,1.20200000,323.145917,323.145917,323.145917,323.145917,323.145917,323.145917,323.145917,323.145917,323.145917,323.145917,323.145917,323.145917,323.145917,,,,,,,,,323.145917
97740,1.20200000,323.145917,323.145917,323.145917,323.145917,323.145917,323.145917,323.145917,323.145917,323.145917,323.145917,323.145917,323.145917,323.145917,,,,,,,,,323.145917
97800,1.20200000,323.145917,323.145917,323.145917,323.145917,323.145917,323.145917,323.145917,323.145917,323.145917,323.145917,323.145917,323.145917,323.145917,,,,,,,,,323.145917
97860,1.20200000,323.145917,323.145917,323.145917,323.145917,323.145917,323.145917,323.145917,323.145917,323.145917,323.145917,323.145917,323.145917,323.145917,,,,,,,,,323.145917
97920,1.20200000,323.145917,323.145917,323.145917,323.145917,323.145917,323.145917,323.145917,323.145917,323.145917,323.145917,323.145917,323.145917,323.145917,,,,,,,,,323.145917
97980,1.20200000,323.145917,323.145917,323.145917,323.145917,323.145917,323.145917,323.145917,323.145917,323.145917,323.145917,323.145917,323.145917,323.145917,,,,,,,,,323.145917
98040,1.20200000,323.145917,323.145917,323.145917,323.145917,323.145917,323.145917,323.145917,323.145917,323.145917,323.145917,323.145917,323.145917,323.145917,,,,,,,,,323.145917
98100,1.20200000,323.145917,323.145917,323.145917,323.145917,323.145917,323.145917,323.145917,323.145917,323.145917,323.145917,323.145917,323.145917,323.145917,,,,,,,,,323.145917
98160,1.20200000,323.145917,323.145917,323.145917,323.145917,323.145917,323.145917,323.145917,323.145917,323.145917,323.145917,323.145917,323.145917,323.145917,,,,,,,,,323.145917
98220,1.20200000,323.145917,323.145917,323.145917,323.145917,323.145917,323.145917,323.145917,323.145917,323.145917,323.145917,323.145917,323.145917,323.145917,,,,,,,,,323.145917
98280,1.20200000,323.145917,323.145917,323.145917,323.145917,323.145917,323.145917,323.145917,323.145917,323.145917,323.145917,323.145917,323.145917,323.145917,,,,,,,,,323.145917
98340,1.20200000,323.145917,323.145917,323.145917,323.145917,323.145917,323.145917,323.145917,323.145917,323.145917,323.145917,323.145917,323.145917,323.145917,,,,,,,,,323.145917
98400,1.20200000,323.145917,323.145917,323.145917,323.145917,323.145917,323.145917,323.145917,323.145917,323.145917,323.145917,323.145917,323.145917,323.145917,,,,,,,,,323.145917
98460,1.20200000,323.145917,323.145917,323.145917,323.145917,323.145917,323.145917,323.145917,323.145917,323.145917,323.145917,323.145917,323.145917,323.145917,,,,,,,,,323.145917
98520,1.20200000,323.145917,323.145917,323.145917,323.145917,323.145917,323.145917,323.145917,323.145917,323.145917,323.145917,323.145917,323.145917,323.145917,,,,,,,,,323.145917
98580,1.20200000,323.145917,323.145917,323.145917,323.145917,323.145917,323.145917,323.145917,323.145917,323.145917,323.145917,323.145917,323.145917,323.145917,,,,,,,,,323.145917
98640,1.20200000,323.145917,323.145917,323.145917,323.145917,323.145917,323.145917,323.145917,323.145917,323.145917,323.145917,323.145917,323.145917,323.145917,,,,,,,,,323.145917
98700,1.20200000,323.145917,323.145917,323.145917,323.145917,323.145917,323.145917,323.145917,323.145917,323.145917,323.145917,323.145917,323.145917,323.145917,,,,,,,,,323.145917
98760,1.20200000,323.145917,323.145917,323.145917,323.145917,323.145917,323.145917,323.145917,323.145917,323.145917,323.145917,323.145917,323.145917,323.145917,,,,,,,,,323.145917
98820,1.20200000,323.145917,323.145917,323.145917,323.145917,323.145917,323.145917,323.145917,323.145917,323.145917,323.145917,323.145917,323.145917,323.145917,,,,,,,,,323.145917
98880,1.20200000,323.145917,323.145917,323.145917,323.145917,323.145917,323.145917,323.145917,323.145917,323.145917,323.145917,323.145917,323.145917,323.145917,,,,,,,,,323.145917
98940,1.20200000,323.145917,323.145917,323.145917,323.145917,323.145917,323.145917,323.145917,323.145917,323.145917,323.145917,323.145917,323.145917,323.145917,,,,,,,,,323.145917
99000,1.20200000,323.145917,323.145917,323.145917,323.145917,323.145917,323.145917,323.145917,323.145917,323.145917,323.145917,323.145917,323.145917,323.145917,,,,,,,,,323.145917
99060,1.20200000,323.145917,323.145917,323.145917,323.145917,323.145917,323.145917,323.145917,323.145917,323.145917,323.145917,323.145917,323.145917,323.145917,,,,,,,,,323.145917
99120,1.20200000,323.145917,323.145917,323.145917,323.145917,323.145917,323.145917,323.145917,323.145917,323.145917,323.145917,323.145917,323.145917,323.145917,,,,,,,,,323.145917
99180,1.20200000,323.145917,323.145917,323.145917,323.145917,323.145917,323.145917,323.145917,323.145917,323.145917,323.145917,323.145917,323.145917,323.145917,,,,,,,,,323.145917
99240,1.20200000,323.145917,323.145917,323.145917,323.145917,323.145917,323.145917,323.145917,323.145917,323.145917,323.145917,323.145917,323.145917,323.145917,,,,,,,,,323.145917
99300,1.20200000,323.145917,323.145917,323.145917,323.145917,323.145917,323.145917,323.145917,323.145917,323.145917,323.145917,323.145917,323.145917,323.145917,,,,,,,,,323.145917
99360,1.20200000,323.145917,323.145917,323.145917,323.145917,323.145917,323.145917,323.145917,323.145917,323.145917,323.145917,323.145917,323.145917,323.145917,,,,,,,,,323.145917
99420,1.20200000,323.145917,323.145917,323.145917,323.145917,323.145917,323.145917,323.145917,323.145917,323.145917,323.145917,323.145917,323.145917,323.145917,,,,,,,,,323.145917
99480,1.20200000,323.145917,323.145917,323.145917,323.145917,323.145917,323.145917,323.145917,323.145917,323.145917,323.145917,323.145917,323.145917,323.145917,,,,,,,,,323.145917
99540,1.20200000,323.145917,323.145917,323.145917,323.145917,323.145917,323.145917,323.145917,323.145917,323.145917,323.145917,323.145917,323.145917,323.145917,,,,,,,,,323.145917
99600,1.20200000,323.145917,323.145917,323.145917,323.145917,323.145917,323.145917,323.145917,323.145917,323.145917,323.145917,323.145917,323.145917,323.145917,,,,,,,,,323.145917
99660,1.20200000,323.145917,323.145917,323.145917,323.145917,323.145917,323.145917,323.145917,323.145917,323.145917,323.145917,323.145917,323.145917,323.145917,,,,,,,,,323.145917
99720,1.20200000,323.145917,323.145917,323.145917,323.145917,323.145917,323.145917,323.145917,323.145917,323.145917,323.145917,323.145917,323.145917,323.145917,,,,,,,,,323.145917
99780,1.20200000,323.145917,323.145917,323.145917,323.145917,323.145917,323.145917,323.145917,323.145917,323.145917,323.145917,323.145917,323.145917,323.145917,,,,,,,,,323.145917
99840,1.20200000,323.145917,323.145917,323.145917,323.145917,323.145917,323.145917,323.145917,323.145917,323.145917,323.145917,323.145917,323.145917,323.145917,,,,,,,,,323.145917
99900,1.20200000,323.145917,323.145917,323.145917,323.145917,323.145917,323.145917,323.145917,323.145917,323.145917,323.145917,323.145917,323.145917,323.145917,,,,,,,,,323.145917
99960,1.20200000,323.145917,323.145917,323.145917,323.145917,323.145917,323.145917,323.145917,323.145917,323.145917,323.145917,323.145917,323.145917,323.145917,,,,,,,,,323.145917
100020,1.20200000,323.145917,323.145917,323.145917,323.145917,323.145917,323.145917,323.145917,323.145917,323.145917,323.145917,323.145917,323.145917,323.145917,,,,,,,,,323.145917
100080,1.20200000,323.145917,323.145917,323.145917,323.145917,323.145917,323.145917,323.145917,323.145917,323.145917,323.145917,323.145917,323.145917,323.145917,,,,,,,,,323.145917
100140,1.20200000,323.145917,323.145917,323.145917,323.145917,323.145917,323.145917,323.145917,323.145917,323.145917,323.145917,323.145917,323.145917,323.145917,,,,,,,,,323.145917
100200,1.20200000,323.145917,323.145917,323.145917,323.145917,323.145917,323.145917,323.145917,323.145917,323.145917,323.145917,323.145917,323.145917,323.145917,,,,,,,,,323.145917
100260,1.20200000,323.145917,323.145917,323.145917,323.145917,323.145917,323.145917,323.145917,323.145917,323.145917,323.145917,323.145917,323.145917,323.145917,,,,,,,,,323.145917
100320,1.20200000,323.145917,323.145917,323.145917,323.145917,323.145917,323.145917,323.145917,323.145917,323.145917,323.145917,323.145917,323.145917,323.145917,,,,,,,,,323.145917
100380,1.20200000,323.145917,323.145917,323.145917,323.145917,323.145917,323.145917,323.145917,323.145917,323.145917,323.145917,323.145917,323.145917,323.145917,,,,,,,,,323.145917
100440,1.20200000,323.145917,323.145917,323.145917,323.145917,323.145917,323.145917,323.145917,323.145917,323.145917,323.145917,323.145917,323.145917,323.145917,,,,,,,,,323.145917
100500,1.20200000,323.145917,323.145917,323.145917,323.145917,323.145917,323.145917,323.145917,323.145917,323.145917,323.145917,323.145917,323.145917,323.145917,,,,,,,,,323.145917
100560,1.20200000,323.145917,323.145917,323.145917,323.145917,323.145917,323.145917,323.145917,323.145917,323.145917,323.145917,323.145917,323.145917,323.145917,,,,,,,,,323.145917
100620,1.20200000,323.145917,323.145917,323.145917,323.145917,323.145917,323.145917,323.145917,323.145917,323.145917,323.145917,323.145917,323.145917,323.145917,,,,,,,,,323.145917
100680,1.20200000,323.145917,323.145917,323.145917,323.145917,323.145917,323.145917,323.145917,323.145917,323.145917,323.145917,323.145917,323.145917,323.145917,,,,,,,,,323.145917
100740,1.20200000,323.145917,323.145917,323.145917,323.145917,323.145917,323.145917,323.145917,323.145917,323.145917,323.145917,323.145917,323.145917,323.145917,,,,,,,,,323.145917
100800,1.20200000,323.145917,323.145917,323.145917,323.145917,323.145917,323.145917,323.145917,323.145917,323.145917,323.145917,323.145917,323.145917,323.145917,,,,,,,,,323.145917
100860,1.20200000,323.145917,323.145917,323.145917,323.145917,323.145917,323.145917,323.145917,323.145917,323.145917,323.145917,323.145917,323.145917,323.145917,,,,,,,,,323.145917
100920,1.20200000,323.145917,323.145917,323.145917,323.145917,323.145917,323.145917,323.145917,323.145917,323.145917,323.145917,323.145917,323.145917,323.145917,,,,,,,,,323.145917
100980,1.20200000,323.145917,323.145917,323.145917,323.145917,323.145917,323.145917,323.145917,323.145917,323.145917,323.145917,323.145917,323.145917,323.145917,,,,,,,,,323.145917
101040,1.20200000,323.145917,323.145917,323.145917,323.145917,323.145917,323.145917,323.145917,323.145917,323.145917,323.145917,323.145917,323.145917,323.145917,,,,,,,,,323.145917
101100,1.20200000,323.145917,323.145917,323.145917,323.145917,323.145917,323.145917,323.145917,323.145917,323.145917,323.145917,323.145917,323.145917,323.145917,,,,,,,,,323.145917
101160,1.20200000,323.145917,323.145917,323.145917,323.145917,323.145917,323.145917,323.145917,323.145917,323.145917,323.145917,323.145917,323.145917,323.145917,,,,,,,,,323.145917
101220,1.20200000,323.145917,323.145917,323.145917,323.145917,323.145917,323.145917,323.145917,323.145917,323.145917,323.145917,323.145917,323.145917,323.145917,,,,,,,,,323.145917
101280,1.20200000,323.145917,323.145917,323.145917,323.145917,323.145917,323.145917,323.145917,323.145917,323.145917,323.145917,323.145917,323.145917,323.145917,,,,,,,,,323.145917
101340,1.20200000,323.145917,323.145917,323.145917,323.145917,323.145917,323.145917,323.145917,323.145917,323.145917,323.145917,323.145917,323.145917,323.145917,,,,,,,,,323.145917
101400,1.20200000,323.145917,323.145917,323.145917,323.145917,323.145917,323.145917,323.145917,323.145917,323.145917,323.145917,323.145917,323.145917,323.145917,,,,,,,,,323.145917
101460,1.20200000,323.145917,323.145917,323.145917,323.145917,323.145917,323.145917,323.145917,323.145917,323.145917,323.145917,323.145917,323.145917,323.145917,,,,,,,,,323.145917
101520,1.20200000,323.145917,323.145917,323.145917,323.145917,323.145917,323.145917,323.145917,323.145917,323.145917,323.145917,323.145917,323.145917,323.145917,,,,,,,,,323.145917
101580,1.20200000,323.145917,323.145917,323.145917,323.145917,323.145917,323.145917,323.145917,323.145917,323.145917,323.145917,323.145917,323.145917,323.145917,,,,,,,,,323.145917
101640,1.20200000,323.145917,323.145917,323.145917,323.145917,323.145917,323.145917,323.145917,323.145917,323.145917,323.145917,323.145917,323.145917,323.145917,,,,,,,,,323.145917
101700,1.20200000,323.145917,323.145917,323.145917,323.145917,323.145917,323.145917,323.145917,323.145917,323.145917,323.145917,323.145917,323.145917,323.145917,,,,,,,,,323.145917
101760,1.20200000,323.145917,323.145917,323.145917,323.145917,323.145917,323.145917,323.145917,323.145917,323.145917,323.145917,323.145917,323.145917,323.145917,,,,,,,,,323.145917
101820,1.20200000,323.145917,323.145917,323.145917,323.145917,323.145917,323.145917,323.145917,323.145917,323.145917,323.145917,323.145917,323.145917,323.145917,,,,,,,,,323.145917
101880,1.20200000,323.145917,323.145917,323.145917,323.145917,323.145917,323.145917,323.145917,323.145917,323.145917,323.145917,323.145917,323.145917,323.145917,,,,,,,,,323.145917
101940,1.20200000,323.145917,323.145917,323.145917,323.145917,323.145917,323.145917,323.145917,323.145917,323.145917,323.145917,323.145917,323.145917,323.145917,,,,,,,,,323.145917
102000,1.20200000,323.145917,323.145917,323.145917,323.145917,323.145917,323.145917,323.145917,323.145917,323.145917,323.145917,323.145917,323.145917,323.145917,,,,,,,,,323.145917
102060,1.20200000,323.145917,323.145917,323.145917,323.145917,323.145917,323.145917,323.145917,323.145917,323.145917,323.145917,323.145917,323.145917,323.145917,,,,,,,,,323.145917
102120,1.20200000,323.145917,323.145917,323.145917,323.145917,323.145917,323.145917,323.145917,323.145917,323.145917,323.145917,323.145917,323.145917,323.145917,,,,,,,,,323.145917
102180,1.20200000,323.145917,323.145917,323.145917,323.145917,323.145917,323.145917,323.145917,323.145917,323.145917,323.145917,323.145917,323.145917,323.145917,,,,,,,,,323.145917
102240,1.20200000,323.145917,323.145917,323.145917,323.145917,323.145917,323.145917,323.145917,323.145917,323.145917,323.145917,323.145917,323.145917,323.145917,,,,,,,,,323.145917
102300,1.20200000,323.145917,323.145917,323.145917,323.145917,323.145917,323.145917,323.145917,323.145917,323.145917,323.145917,323.145917,323.145917,323.145917,,,,,,,,,323.145917
102360,1.20200000,323.145917,323.145917,323.145917,323.145917,323.145917,323.145917,323.145917,323.145917,323.145917,323.145917,323.145917,323.145917,323.145917,,,,,,,,,323.145917
102420,1.20200000,323.145917,323.145917,323.145917,323.145917,323.145917,323.145917,323.145917,323.145917,323.145917,323.145917,323.145917,323.145917,323.145917,,,,,,,,,323.145917
102480,1.20200000,323.145917,323.145917,323.145917,323.145917,323.145917,323.145917,323.145917,323.145917,323.145917,323.145917,323.145917,323.145917,323.145917,,,,,,,,,323.145917
102540,1.20200000,323.145917,323.145917,323.145917,323.145917,323.145917,323.145917,323.145917,323.145917,323.145917,323.145917,323.145917,323.145917,323.145917,,,,,,,,,323.145917
102600,1.20200000,323.145917,323.145917,323.145917,323.145917,323.145917,323.145917,323.145917,323.145917,323.145917,323.145917,323.145917,323.145917,323.145917,,,,,,,,,323.145917
102660,1.20200000,323.145917,323.145917,323.145917,323.145917,323.145917,323.145917,323.145917,323.145917,323.145917,323.145917,323.145917,323.145917,323.145917,,,,,,,,,323.145917
102720,1.20200000,323.145917,323.145917,323.145917,323.145917,323.145917,323.145917,323.145917,323.145917,323.145917,323.145917,323.145917,323.145917,323.145917,,,,,,,,,323.145917
102780,1.20200000,323.145917,323.145917,323.145917,323.145917,323.145917,323.145917,323.145917,323.145917,323.145917,323.145917,323.145917,323.145917,323.145917,,,,,,,,,323.145917
102840,1.20200000,323.145917,323.145917,323.145917,323.145917,323.145917,323.145917,323.145917,323.145917,323.145917,323.145917,323.145917,323.145917,323.145917,,,,,,,,,323.145917
102900,1.20200000,323.145917,323.145917,323.145917,323.145917,323.145917,323.145917,323.145917,323.145917,323.145917,323.145917,323.145917,323.145917,323.145917,,,,,,,,,323.145917
102960,1.20200000,323.145917,323.145917,323.145917,323.145917,323.145917,323.145917,323.145917,323.145917,323.145917,323.145917,323.145917,323.145917,323.145917,,,,,,,,,323.145917
103020,1.20200000,323.145917,323.145917,323.145917,323.145917,323.145917,323.145917,323.145917,323.145917,323.145917,323.145917,323.145917,323.145917,323.145917,,,,,,,,,323.145917
103080,1.20200000,323.145917,323.145917,323.145917,323.145917,323.145917,323.145917,323.145917,323.145917,323.145917,323.145917,323.145917,323.145917,323.145917,,,,,,,,,323.145917
103140,1.20200000,323.145917,323.145917,323.145917,323.145917,323.145917,323.145917,323.145917,323.145917,323.145917,323.145917,323.145917,323.145917,323.145917,,,,,,,,,323.145917
103200,1.20200000,323.145917,323.145917,323.145917,323.145917,323.145917,323.145917,323.145917,323.145917,323.145917,323.145917,323.145917,323.145917,323.145917,,,,,,,,,323.145917
103260,1.20200000,323.145917,323.145917,323.145917,323.145917,323.145917,323.145917,323.145917,323.145917,323.145917,323.145917,323.145917,323.145917,323.145917,,,,,,,,,323.145917
103320,1.20200000,323.145917,323.145917,323.145917,323.145917,323.145917,323.145917,323.145917,323.145917,323.145917,323.145917,323.145917,323.145917,323.145917,,,,,,,,,323.145917
103380,1.20200000,323.145917,323.145917,323.145917,323.145917,323.145917,323.145917,323.145917,323.145917,323.145917,323.145917,323.145917,323.145917,323.145917,,,,,,,,,323.145917
103440,1.20200000,323.145917,323.145917,323.145917,323.145917,323.145917,323.145917,323.145917,323.145917,323.145917,323.145917,323.145917,323.145917,323.145917,,,,,,,,,323.145917
103500,1.20200000,323.145917,323.145917,323.145917,323.145917,323.145917,323.145917,323.145917,323.145917,323.145917,323.145917,323.145917,323.145917,323.145917,,,,,,,,,323.145917
103560,1.20200000,323.145917,323.145917,323.145917,323.145917,323.145917,323.145917,323.145917,323.145917,323.145917,323.145917,323.145917,323.145917,323.145917,,,,,,,,,323.145917
103620,1.20200000,323.145917,323.145917,323.145917,323.145917,323.145917,323.145917,323.145917,323.145917,323.145917,323.145917,323.145917,323.145917,323.145917,,,,,,,,,323.145917
103680,1.20200000,323.145917,323.145917,323.145917,323.145917,323.145917,323.145917,323.145917,323.145917,323.145917,323.145917,323.145917,323.145917,323.145917,,,,,,,,,323.145917
103740,1.20200000,323.145917,323.145917,323.145917,323.145917,323.145917,323.145917,323.145917,323.145917,323.145917,323.145917,323.145917,323.145917,323.145917,,,,,,,,,323.145917
103800,1.20200000,323.145917,323.145917,323.145917,323.145917,323.145917,323.145917,323.145917,323.145917,323.145917,323.145917,323.145917,323.145917,323.145917,,,,,,,,,323.145917
103860,1.20200000,323.145917,323.145917,323.145917,323.145917,323.145917,323.145917,323.145917,323.145917,323.145917,323.145917,323.145917,323.145917,323.145917,,,,,,,,,323.145917
103920,1.20200000,323.145917,323.145917,323.145917,323.145917,323.145917,323.145917,323.145917,323.145917,323.145917,323.145917,323.145917,323.145917,323.145917,,,,,,,,,323.145917
103980,1.20200000,323.145917,323.145917,323.145917,323.145917,323.145917,323.145917,323.145917,323.145917,323.145917,323.145917,323.145917,323.145917,323.145917,,,,,,,,,323.145917
104040,1.20200000,323.145917,323.145917,323.145917,323.145917,323.145917,323.145917,323.145917,323.145917,323.145917,323.145917,323.145917,323.145917,323.145917,,,,,,,,,323.145917
104100,1.20200000,323.145917,323.145917,323.145917,323.145917,323.145917,323.145917,323.145917,323.145917,323.145917,323.145917,323.145917,323.145917,323.145917,,,,,,,,,323.145917
104160,1.20200000,323.145917,323.145917,323.145917,323.145917,323.145917,323.145917,323.145917,323.145917,323.145917,323.145917,323.145917,323.145917,323.145917,,,,,,,,,323.145917
104220,1.20200000,323.145917,323.145917,323.145917,323.145917,323.145917,323.145917,323.145917,323.145917,323.145917,323.145917,323.145917,323.145917,323.145917,,,,,,,,,323.145917
104280,1.20200000,323.145917,323.145917,323.145917,323.145917,323.145917,323.145917,323.145917,323.145917,323.145917,323.145917,323.145917,323.145917,323.145917,,,,,,,,,323.145917
104340,1.20200000,323.145917,323.145917,323.145917,323.145917,323.145917,323.145917,323.145917,323.145917,323.145917,323.145917,323.145917,323.145917,323.145917,,,,,,,,,323.145917
104400,1.20200000,323.145917,323.145917,323.145917,323.145917,323.145917,323.145917,323.145917,323.145917,323.145917,323.145917,323.145917,323.145917,323.145917,,,,,,,,,323.145917
104460,1.20196667,323.145917,323.145917,323.145917,323.145917,323.145917,323.145917,323.145917,323.145917,323.145917,323.145917,323.145917,323.145917,323.145917,,,,,,,,,323.145917
104520,1.20193333,323.145917,323.145917,323.145917,323.145917,323.145917,323.145917,323.145917,323.145917,323.145917,323.145917,323.145917,323.145917,323.145917,,,,,,,,,323.145917
104580,1.20190000,323.145917,323.145917,323.145917,323.145917,323.145917,323.145917,323.145917,323.145917,323.145917,323.145917,323.145917,323.145917,323.145917,,,,,,,,,323.145917
104640,1.20186667,323.145917,323.145917,323.145917,323.145917,323.145917,323.145917,323.145917,323.145917,323.145917,323.145917,323.145917,323.145917,323.145917,,,,,,,,,323.145917
104700,1.20183333,323.145917,323.145917,323.145917,323.145917,323.145917,323.145917,323.145917,323.145917,323.145917,323.145917,323.145917,323.145917,323.145917,,,,,,,,,323.145917
104760,1.20180000,323.145917,323.145917,323.145917,323.145917,323.145917,323.145917,323.145917,323.145917,323.145917,323.145917,323.145917,323.145917,323.145917,,,,,,,,,323.145917
104820,1.20176667,323.145917,323.145917,323.145917,323.145917,323.145917,323.145917,323.145917,323.145917,323.145917,323.145917,323.145917,323.145917,323.145917,,,,,,,,,323.145917
104880,1.20173333,323.145917,323.145917,323.145917,323.145917,323.145917,323.145917,323.145917,323.145917,323.145917,323.145917,323.145917,323.145917,323.145917,,,,,,,,,323.145917
104940,1.20170000,323.145917,323.145917,323.145917,323.145917,323.145917,323.145917,323.145917,323.145917,323.145917,323.145917,323.145917,323.145917,323.145917,,,,,,,,,323.145917
105000,1.20166667,323.145917,323.145917,323.145917,323.145917,323.145917,323.145917,323.145917,323.145917,323.145917,323.145917,323.145917,323.145917,323.145917,,,,,,,,,323.145917
105060,1.20163333,323.145917,323.145917,323.145917,323.145917,323.145917,323.145917,323.145917,323.145917,323.145917,323.145917,323.145917,323.145917,323.145917,,,,,,,,,323.145917
105120,1.20160000,323.145917,323.145917,323.145917,323.145917,323.145917,323.145917,323.145917,323.145917,323.145917,323.145917,323.145917,323.145917,323.145917,,,,,,,,,323.145917
105180,1.20156667,323.145917,323.145917,323.145917,323.145917,323.145917,323.145917,323.145917,323.145917,323.145917,323.145917,323.145917,323.145917,323.145917,,,,,,,,,323.145917
105240,1.20153333,323.145917,323.145917,323.145917,323.145917,323.145917,323.145917,323.145917,323.145917,323.145917,323.145917,323.145917,323.145917,323.145917,,,,,,,,,323.145917
105300,1.20150000,323.145917,323.145917,323.145917,323.145917,323.145917,323.145917,323.145917,323.145917,323.145917,323.145917,323.145917,323.145917,323.145917,,,,,,,,,323.145917
105360,1.20146667,323.145917,323.145917,323.145917,323.145917,323.145917,323.145917,323.145917,323.145917,323.145917,323.145917,323.145917,323.145917,323.145917,,,,,,,,,323.145917
105420,1.20143333,323.145917,323.145917,323.145917,323.145917,323.145917,323.145917,323.145917,323.145917,323.145917,323.145917,323.145917,323.145917,323.145917,,,,,,,,,323.145917
105480,1.20140000,323.145917,323.145917,323.145917,323.145917,323.145917,323.145917,323.145917,323.145917,323.145917,323.145917,323.145917,323.145917,323.145917,,,,,,,,,323.145917
105540,1.20136667,323.145917,323.145917,323.145917,323.145917,323.145917,323.145917,323.145917,323.145917,323.145917,323.145917,323.145917,323.145917,323.145917,,,,,,,,,323.145917
105600,1.20133333,323.145917,323.145917,323.145917,323.145917,323.145917,323.145917,323.145917,323.145917,323.145917,323.145917,323.145917,323.145917,323.145917,,,,,,,,,323.145917
105660,1.20130000,323.145917,323.145917,323.145917,323.145917,323.145917,323.145917,323.145917,323.145917,323.145917,323.145917,323.145917,323.145917,323.145917,,,,,,,,,323.145917
105720,1.20126667,323.145917,323.145917,323.145917,323.145917,323.145917,323.145917,323.145917,323.145917,323.145917,323.145917,323.145917,323.145917,323.145917,,,,,,,,,323.145917
105780,1.20123333,323.145917,323.145917,323.145917,323.145917,323.145917,323.145917,323.145917,323.145917,323.145917,323.145917,323.145917,323.145917,323.145917,,,,,,,,,323.145917
105840,1.20120000,323.145917,323.145917,323.145917,323.145917,323.145917,323.145917,323.145917,323.145917,323.145917,323.145917,323.145917,323.145917,323.145917,,,,,,,,,323.145917
105900,1.20116667,323.145917,323.145917,323.145917,323.145917,323.145917,323.145917,323.145917,323.145917,323.145917,323.145917,323.145917,323.145917,323.145917,,,,,,,,,323.145917
105960,1.20113333,323.145917,323.145917,323.145917,323.145917,323.145917,323.145917,323.145917,323.145917,323.145917,323.145917,323.145917,323.145917,323.145917,,,,,,,,,323.145917
106020,1.20110000,323.145917,323.145917,323.145917,323.145917,323.145917,323.145917,323.145917,323.145917,323.145917,323.145917,323.145917,323.145917,323.145917,,,,,,,,,323.145917
106080,1.20106667,323.145917,323.145917,323.145917,323.145917,323.145917,323.145917,323.145917,323.145917,323.145917,323.145917,323.145917,323.145917,323.145917,,,,,,,,,323.145917
106140,1.20103333,323.145917,323.145917,323.145917,323.145917,323.145917,323.145917,323.145917,323.145917,323.145917,323.145917,323.145917,323.145917,323.145917,,,,,,,,,323.145917
106200,1.20100000,323.145917,323.145917,323.145917,323.145917,323.145917,323.145917,323.145917,323.145917,323.145917,323.145917,323.145917,323.145917,323.145917,,,,,,,,,323.145917
106260,1.20100000,323.145917,323.145917,323.145917,323.145917,323.145917,323.145917,323.145917,323.145917,323.145917,323.145917,323.145917,323.145917,323.145917,,,,,,,,,323.145917
106320,1.20100000,323.145917,323.145917,323.145917,323.145917,323.145917,323.145917,323.145917,323.145917,323.145917,323.145917,323.145917,323.145917,323.145917,,,,,,,,,323.145917
106380,1.20100000,323.145917,323.145917,323.145917,323.145917,323.145917,323.145917,323.145917,323.145917,323.145917,323.145917,323.145917,323.145917,323.145917,,,,,,,,,323.145917
106440,1.20100000,323.145917,323.145917,323.145917,323.145917,323.145917,323.145917,323.145917,323.145917,323.145917,323.145917,323.145917,323.145917,323.145917,,,,,,,,,323.145917
106500,1.20100000,323.145917,323.145917,323.145917,323.145917,323.145917,323.145917,323.145917,323.145917,323.145917,323.145917,323.145917,323.145917,323.145917,,,,,,,,,323.145917
106560,1.20100000,323.145917,323.145917,323.145917,323.145917,323.145917,323.145917,323.145917,323.145917,323.145917,323.145917,323.145917,323.145917,323.145917,,,,,,,,,323.145917
106620,1.20100000,323.145917,323.145917,323.145917,323.145917,323.145917,323.145917,323.145917,323.145917,323.145917,323.145917,323.145917,323.145917,323.145917,,,,,,,,,323.145917
106680,1.20100000,323.145917,323.145917,323.145917,323.145917,323.145917,323.145917,323.145917,323.145917,323.145917,323.145917,323.145917,323.145917,323.145917,,,,,,,,,323.145917
106740,1.20100000,323.145917,323.145917,323.145917,323.145917,323.145917,323.145917,323.145917,323.145917,323.145917,323.145917,323.145917,323.145917,323.145917,,,,,,,,,323.145917
106800,1.20100000,323.145917,323.145917,323.145917,323.145917,323.145917,323.145917,323.145917,323.145917,323.145917,323.145917,323.145917,323.145917,323.145917,,,,,,,,,323.145917
106860,1.20100000,323.145917,323.145917,323.145917,323.145917,323.145917,323.145917,323.145917,323.145917,323.145917,323.145917,323.145917,323.145917,323.145917,,,,,,,,,323.145917
106920,1.20100000,323.145917,323.145917,323.145917,323.145917,323.145917,323.145917,323.145917,323.145917,323.145917,323.145917,323.145917,323.145917,323.145917,,,,,,,,,323.145917
106980,1.20100000,323.145917,323.145917,323.145917,323.145917,323.145917,323.145917,323.145917,323.145917,323.145917,323.145917,323.145917,323.145917,323.145917,,,,,,,,,323.145917
107040,1.20100000,323.145917,323.145917,323.145917,323.145917,323.145917,323.145917,323.145917,323.145917,323.145917,323.145917,323.145917,323.145917,323.145917,,,,,,,,,323.145917
107100,1.20100000,323.145917,323.145917,323.145917,323.145917,323.145917,323.145917,323.145917,323.145917,323.145917,323.145917,323.145917,323.145917,323.145917,,,,,,,,,323.145917
107160,1.20100000,323.145917,323.145917,323.145917,323.145917,323.145917,323.145917,323.145917,323.145917,323.145917,323.145917,323.145917,323.145917,323.145917,,,,,,,,,323.145917
107220,1.20100000,323.145917,323.145917,323.145917,323.145917,323.145917,323.145917,323.145917,323.145917,323.145917,323.145917,323.145917,323.145917,323.145917,,,,,,,,,323.145917
107280,1.20100000,323.145917,323.145917,323.145917,323.145917,323.145917,323.145917,323.145917,323.145917,323.145917,323.145917,323.145917,323.145917,323.145917,,,,,,,,,323.145917
107340,1.20100000,323.145917,323.145917,323.145917,323.145917,323.145917,323.145917,323.145917,323.145917,323.145917,323.145917,323.145917,323.145917,323.145917,,,,,,,,,323.145917
107400,1.20100000,323.145917,323.145917,323.145917,323.145917,323.145917,323.145917,323.145917,323.145917,323.145917,323.145917,323.145917,323.145917,323.145917,,,,,,,,,323.145917
107460,1.20100000,323.145917,323.145917,323.145917,323.145917,323.145917,323.145917,323.145917,323.145917,323.145917,323.145917,323.145917,323.145917,323.145917,,,,,,,,,323.145917
107520,1.20100000,323.145917,323.145917,323.145917,323.145917,323.145917,323.145917,323.145917,323.145917,323.145917,323.145917,323.145917,323.145917,323.145917,,,,,,,,,323.145917
107580,1.20100000,323.145917,323.145917,323.145917,323.145917,323.145917,323.145917,323.145917,323.145917,323.145917,323.145917,323.145917,323.145917,323.145917,,,,,,,,,323.145917
107640,1.20100000,323.145917,323.145917,323.145917,323.145917,323.145917,323.145917,323.145917,323.145917,323.145917,323.145917,323.145917,323.145917,323.145917,,,,,,,,,323.145917
107700,1.20100000,323.145917,323.145917,323.145917,323.145917,323.145917,323.145917,323.145917,323.145917,323.145917,323.145917,323.145917,323.145917,323.145917,,,,,,,,,323.145917
107760,1.20100000,323.145917,323.145917,323.145917,323.145917,323.145917,323.145917,323.145917,323.145917,323.145917,323.145917,323.145917,323.145917,323.145917,,,,,,,,,323.145917
107820,1.20100000,323.145917,323.145917,323.145917,323.145917,323.145917,323.145917,323.145917,323.145917,323.145917,323.145917,323.145917,323.145917,323.145917,,,,,,,,,323.145917
107880,1.20100000,323.145917,323.145917,323.145917,323.145917,323.145917,323.145917,323.145917,323.145917,323.145917,323.145917,323.145917,323.145917,323.145917,,,,,,,,,323.145917
107940,1.20100000,323.145917,323.145917,323.145917,323.145917,323.145917,323.145917,323.145917,323.145917,323.145917,323.145917,323.145917,323.145917,323.145917,,,,,,,,,323.145917
108000,1.20100000,323.145917,323.145917,323.145917,323.145917,323.145917,323.145917,323.145917,323.145917,323.145917,323.145917,323.145917,323.145917,323.145917,,,,,,,,,323.145917
108060,1.20100000,323.145917,323.145917,323.145917,323.145917,323.145917,323.145917,323.145917,323.145917,323.145917,323.145917,323.145917,323.145917,323.145917,,,,,,,,,323.145917
108120,1.20100000,323.145917,323.145917,323.145917,323.145917,323.145917,323.145917,323.145917,323.145917,323.145917,323.145917,323.145917,323.145917,323.145917,,,,,,,,,323.145917
108180,1.20100000,323.145917,323.145917,323.145917,323.145917,323.145917,323.145917,323.145917,323.145917,323.145917,323.145917,323.145917,323.145917,323.145917,,,,,,,,,323.145917
108240,1.20100000,323.145917,323.145917,323.145917,323.145917,323.145917,323.145917,323.145917,323.145917,323.145917,323.145917,323.145917,323.145917,323.145917,,,,,,,,,323.145917
108300,1.20100000,323.145917,323.145917,323.145917,323.145917,323.145917,323.145917,323.145917,323.145917,323.145917,323.145917,323.145917,323.145917,323.145917,,,,,,,,,323.145917
108360,1.20100000,323.145917,323.145917,323.145917,323.145917,323.145917,323.145917,323.145917,323.145917,323.145917,323.145917,323.145917,323.145917,323.145917,,,,,,,,,323.145917
108420,1.20100000,323.145917,323.145917,323.145917,323.145917,323.145917,323.145917,323.145917,323.145917,323.145917,323.145917,323.145917,323.145917,323.145917,,,,,,,,,323.145917
108480,1.20100000,323.145917,323.145917,323.145917,323.145917,323.145917,323.145917,323.145917,323.145917,323.145917,323.145917,323.145917,323.145917,323.145917,,,,,,,,,323.145917
108540,1.20100000,323.145917,323.145917,323.145917,323.145917,323.145917,323.145917,323.145917,323.145917,323.145917,323.145917,323.145917,323.145917,323.145917,,,,,,,,,323.145917
108600,1.20100000,323.145917,323.145917,323.145917,323.145917,323.145917,323.145917,323.145917,323.145917,323.145917,323.145917,323.145917,323.145917,323.145917,,,,,,,,,323.145917
108660,1.20100000,323.145917,323.145917,323.145917,323.145917,323.145917,323.145917,323.145917,323.145917,323.145917,323.145917,323.145917,323.145917,323.145917,,,,,,,,,323.145917
108720,1.20100000,323.145917,323.145917,323.145917,323.145917,323.145917,323.145917,323.145917,323.145917,323.145917,323.145917,323.145917,323.145917,323.145917,,,,,,,,,323.145917
108780,1.20100000,323.145917,323.145917,323.145917,323.145917,323.145917,323.145917,323.145917,323.145917,323.145917,323.145917,323.145917,323.145917,323.145917,,,,,,,,,323.145917
108840,1.20100000,323.145917,323.145917,323.145917,323.145917,323.145917,323.145917,323.145917,323.145917,323.145917,323.145917,323.145917,323.145917,323.145917,,,,,,,,,323.145917
108900,1.20100000,323.145917,323.145917,323.145917,323.145917,323.145917,323.145917,323.145917,323.145917,323.145917,323.145917,323.145917,323.145917,323.145917,,,,,,,,,323.145917
108960,1.20100000,323.145917,323.145917,323.145917,323.145917,323.145917,323.145917,323.145917,323.145917,323.145917,323.145917,323.145917,323.145917,323.145917,,,,,,,,,323.145917
109020,1.20100000,323.145917,323.145917,323.145917,323.145917,323.145917,323.145917,323.145917,323.145917,323.145917,323.145917,323.145917,323.145917,323.145917,,,,,,,,,323.145917
109080,1.20100000,323.145917,323.145917,323.145917,323.145917,323.145917,323.145917,323.145917,323.145917,323.145917,323.145917,323.145917,323.145917,323.145917,,,,,,,,,323.145917
109140,1.20100000,323.145917,323.145917,323.145917,323.145917,323.145917,323.145917,323.145917,323.145917,323.145917,323.145917,323.145917,323.145917,323.145917,,,,,,,,,323.145917
109200,1.20100000,323.145917,323.145917,323.145917,323.145917,323.145917,323.145917,323.145917,323.145917,323.145917,323.145917,323.145917,323.145917,323.145917,,,,,,,,,323.145917
109260,1.20100000,323.145917,323.145917,323.145917,323.145917,323.145917,323.145917,323.145917,323.145917,323.145917,323.145917,323.145917,323.145917,323.145917,,,,,,,,,323.145917
109320,1.20100000,323.145917,323.145917,323.145917,323.145917,323.145917,323.145917,323.145917,323.145917,323.145917,323.145917,323.145917,323.145917,323.145917,,,,,,,,,323.145917
109380,1.20100000,323.145917,323.145917,323.145917,323.145917,323.145917,323.145917,323.145917,323.145917,323.145917,323.145917,323.145917,323.145917,323.145917,,,,,,,,,323.145917
109440,1.20100000,323.145917,323.145917,323.145917,323.145917,323.145917,323.145917,323.145917,323.145917,323.145917,323.145917,323.145917,323.145917,323.145917,,,,,,,,,323.145917
109500,1.20100000,323.145917,323.145917,323.145917,323.145917,323.145917,323.145917,323.145917,323.145917,323.145917,323.145917,323.145917,323.145917,323.145917,,,,,,,,,323.145917
109560,1.20100000,323.145917,323.145917,323.145917,323.145917,323.145917,323.145917,323.145917,323.145917,323.145917,323.145917,323.145917,323.145917,323.145917,,,,,,,,,323.145917
109620,1.20100000,323.145917,323.145917,323.145917,323.145917,323.145917,323.145917,323.145917,323.145917,323.145917,323.145917,323.145917,323.145917,323.145917,,,,,,,,,323.145917
109680,1.20100000,323.145917,323.145917,323.145917,323.145917,323.145917,323.145917,323.145917,323.145917,323.145917,323.145917,323.145917,323.145917,323.145917,,,,,,,,,323.145917
109740,1.20100000,323.145917,323.145917,323.145917,323.145917,323.145917,323.145917,323.145917,323.145917,323.145917,323.145917,323.145917,323.145917,323.145917,,,,,,,,,323.145917
109800,1.20100000,323.145917,323.145917,323.145917,323.145917,323.145917,323.145917,323.145917,323.145917,323.145917,323.145917,323.145917,323.145917,323.145917,,,,,,,,,323.145917
109860,1.20100000,323.145917,323.145917,323.145917,323.145917,323.145917,323.145917,323.145917,323.145917,323.145917,323.145917,323.145917,323.145917,323.145917,,,,,,,,,323.145917
109920,1.20100000,323.145917,323.145917,323.145917,323.145917,323.145917,323.145917,323.145917,323.145917,323.145917,323.145917,323.145917,323.145917,323.145917,,,,,,,,,323.145917
109980,1.20100000,323.145917,323.145917,323.145917,323.145917,323.145917,323.145917,323.145917,323.145917,323.145917,323.145917,323.145917,323.145917,323.145917,,,,,,,,,323.145917
110040,1.20100000,323.145917,323.145917,323.145917,323.145917,323.145917,323.145917,323.145917,323.145917,323.145917,323.145917,323.145917,323.145917,323.145917,,,,,,,,,323.145917
110100,1.20100000,323.145917,323.145917,323.145917,323.145917,323.145917,323.145917,323.145917,323.145917,323.145917,323.145917,323.145917,323.145917,323.145917,,,,,,,,,323.145917
110160,1.20100000,323.145917,323.145917,323.145917,323.145917,323.145917,323.145917,323.145917,323.145917,323.145917,323.145917,323.145917,323.145917,323.145917,,,,,,,,,323.145917
110220,1.20100000,323.145917,323.145917,323.145917,323.145917,323.145917,323.145917,323.145917,323.145917,323.145917,323.145917,323.145917,323.145917,323.145917,,,,,,,,,323.145917
110280,1.20100000,323.145917,323.145917,323.145917,323.145917,323.145917,323.145917,323.145917,323.145917,323.145917,323.145917,323.145917,323.145917,323.145917,,,,,,,,,323.145917
110340,1.20100000,323.145917,323.145917,323.145917,323.145917,323.145917,323.145917,323.145917,323.145917,323.145917,323.145917,323.145917,323.145917,323.145917,,,,,,,,,323.145917
110400,1.20100000,323.145917,323.145917,323.145917,323.145917,323.145917,323.145917,323.145917,323.145917,323.145917,323.145917,323.145917,323.145917,323.145917,,,,,,,,,323.145917
110460,1.20100000,323.145917,323.145917,323.145917,323.145917,323.145917,323.145917,323.145917,323.145917,323.145917,323.145917,323.145917,323.145917,323.145917,,,,,,,,,323.145917
110520,1.20100000,323.145917,323.145917,323.145917,323.145917,323.145917,323.145917,323.145917,323.145917,323.145917,323.145917,323.145917,323.145917,323.145917,,,,,,,,,323.145917
110580,1.20100000,323.145917,323.145917,323.145917,323.145917,323.145917,323.145917,323.145917,323.145917,323.145917,323.145917,323.145917,323.145917,323.145917,,,,,,,,,323.145917
110640,1.20100000,323.145917,323.145917,323.145917,323.145917,323.145917,323.145917,323.145917,323.145917,323.145917,323.145917,323.145917,323.145917,323.145917,,,,,,,,,323.145917
110700,1.20100000,323.145917,323.145917,323.145917,323.145917,323.145917,323.145917,323.145917,323.145917,323.145917,323.145917,323.145917,323.145917,323.145917,,,,,,,,,323.145917
110760,1.20100000,323.145917,323.145917,323.145917,323.145917,323.145917,323.145917,323.145917,323.145917,323.145917,323.145917,323.145917,323.145917,323.145917,,,,,,,,,323.145917
110820,1.20100000,323.145917,323.145917,323.145917,323.145917,323.145917,323.145917,323.145917,323.145917,323.145917,323.145917,323.145917,323.145917,323.145917,,,,,,,,,323.145917
110880,1.20100000,323.145917,323.145917,323.145917,323.145917,323.145917,323.145917,323.145917,323.145917,323.145917,323.145917,323.145917,323.145917,323.145917,,,,,,,,,323.145917
110940,1.20100000,323.145917,323.145917,323.145917,323.145917,323.145917,323.145917,323.145917,323.145917,323.145917,323.145917,323.145917,323.145917,323.145917,,,,,,,,,323.145917
111000,1.20100000,323.145917,323.145917,323.145917,323.145917,323.145917,323.145917,323.145917,323.145917,323.145917,323.145917,323.145917,323.145917,323.145917,,,,,,,,,323.145917
111060,1.20100000,323.145917,323.145917,323.145917,323.145917,323.145917,323.145917,323.145917,323.145917,323.145917,323.145917,323.145917,323.145917,323.145917,,,,,,,,,323.145917
111120,1.20100000,323.145917,323.145917,323.145917,323.145917,323.145917,323.145917,323.145917,323.145917,323.145917,323.145917,323.145917,323.145917,323.145917,,,,,,,,,323.145917
111180,1.20100000,323.145917,323.145917,323.145917,323.145917,323.145917,323.145917,323.145917,323.145917,323.145917,323.145917,323.145917,323.145917,323.145917,,,,,,,,,323.145917
111240,1.20100000,323.145917,323.145917,323.145917,323.145917,323.145917,323.145917,323.145917,323.145917,323.145917,323.145917,323.145917,323.145917,323.145917,,,,,,,,,323.145917
111300,1.20100000,323.145917,323.145917,323.145917,323.145917,323.145917,323.145917,323.145917,323.145917,323.145917,323.145917,323.145917,323.145917,323.145917,,,,,,,,,323.145917
111360,1.20100000,323.145917,323.145917,323.145917,323.145917,323.145917,323.145917,323.145917,323.145917,323.145917,323.145917,323.145917,323.145917,323.145917,,,,,,,,,323.145917
111420,1.20100000,323.145917,323.145917,323.145917,323.145917,323.145917,323.145917,323.145917,323.145917,323.145917,323.145917,323.145917,323.145917,323.145917,,,,,,,,,323.145917
111480,1.20100000,323.145917,323.145917,323.145917,323.145917,323.145917,323.145917,323.145917,323.145917,323.145917,323.145917,323.145917,323.145917,323.145917,,,,,,,,,323.145917
111540,1.20100000,323.145917,323.145917,323.145917,323.145917,323.145917,323.145917,323.145917,323.145917,323.145917,323.145917,323.145917,323.145917,323.145917,,,,,,,,,323.145917
111600,1.20100000,323.145917,323.145917,323.145917,323.145917,323.145917,323.145917,323.145917,323.145917,323.145917,323.145917,323.145917,323.145917,323.145917,,,,,,,,,323.145917
111660,1.20100000,323.145917,323.145917,323.145917,323.145917,323.145917,323.145917,323.145917,323.145917,323.145917,323.145917,323.145917,323.145917,323.145917,,,,,,,,,323.145917
111720,1.20100000,323.145917,323.145917,323.145917,323.145917,323.145917,323.145917,323.145917,323.145917,323.145917,323.145917,323.145917,323.145917,323.145917,,,,,,,,,323.145917
111780,1.20100000,323.145917,323.145917,323.145917,323.145917,323.145917,323.145917,323.145917,323.145917,323.145917,323.145917,323.145917,323.145917,323.145917,,,,,,,,,323.145917
111840,1.20100000,323.145917,323.145917,323.145917,323.145917,323.145917,323.145917,323.145917,323.145917,323.145917,323.145917,323.145917,323.145917,323.145917,,,,,,,,,323.145917
111900,1.20100000,323.145917,323.145917,323.145917,323.145917,323.145917,323.145917,323.145917,323.145917,323.145917,323.145917,323.145917,323.145917,323.145917,,,,,,,,,323.145917
111960,1.20100000,323.145917,323.145917,323.145917,323.145917,323.145917,323.145917,323.145917,323.145917,323.145917,323.145917,323.145917,323.145917,323.145917,,,,,,,,,323.145917
112020,1.20100000,323.145917,323.145917,323.145917,323.145917,323.145917,323.145917,323.145917,323.145917,323.145917,323.145917,323.145917,323.145917,323.145917,,,,,,,,,323.145917
112080,1.20100000,323.145917,323.145917,323.145917,323.145917,323.145917,323.145917,323.145917,323.145917,323.145917,323.145917,323.145917,323.145917,323.145917,,,,,,,,,323.145917
112140,1.20100000,323.145917,323.145917,323.145917,323.145917,323.145917,323.145917,323.145917,323.145917,323.145917,323.145917,323.145917,323.145917,323.145917,,,,,,,,,323.145917
112200,1.20100000,323.145917,323.145917,323.145917,323.145917,323.145917,323.145917,323.145917,323.145917,323.145917,323.145917,323.145917,323.145917,323.145917,,,,,,,,,323.145917
112260,1.20100000,323.145917,323.145917,323.145917,323.145917,323.145917,323.145917,323.145917,323.145917,323.145917,323.145917,323.145917,323.145917,323.145917,,,,,,,,,323.145917
112320,1.20100000,323.145917,323.145917,323.145917,323.145917,323.145917,323.145917,323.145917,323.145917,323.145917,323.145917,323.145917,323.145917,323.145917,,,,,,,,,323.145917
112380,1.20100000,323.145917,323.145917,323.145917,323.145917,323.145917,323.145917,323.145917,323.145917,323.145917,323.145917,323.145917,323.145917,323.145917,,,,,,,,,323.145917
112440,1.20100000,323.145917,323.145917,323.145917,323.145917,323.145917,323.145917,323.145917,323.145917,323.145917,323.145917,323.145917,323.145917,323.145917,,,,,,,,,323.145917
112500,1.20100000,323.145917,323.145917,323.145917,323.145917,323.145917,323.145917,323.145917,323.145917,323.145917,323.145917,323.145917,323.145917,323.145917,,,,,,,,,323.145917
112560,1.20100000,323.145917,323.145917,323.145917,323.145917,323.145917,323.145917,323.145917,323.145917,323.145917,323.145917,323.145917,323.145917,323.145917,,,,,,,,,323.145917
112620,1.20100000,323.145917,323.145917,323.145917,323.145917,323.145917,323.145917,323.145917,323.145917,323.145917,323.145917,323.145917,323.145917,323.145917,,,,,,,,,323.145917
112680,1.20100000,323.145917,323.145917,323.145917,323.145917,323.145917,323.145917,323.145917,323.145917,323.145917,323.145917,323.145917,323.145917,323.145917,,,,,,,,,323.145917
112740,1.20100000,323.145917,323.145917,323.145917,323.145917,323.145917,323.145917,323.145917,323.145917,323.145917,323.145917,323.145917,323.145917,323.145917,,,,,,,,,323.145917
112800,1.20100000,323.145917,323.145917,323.145917,323.145917,323.145917,323.145917,323.145917,323.145917,323.145917,323.145917,323.145917,323.145917,323.145917,,,,,,,,,323.145917
112860,1.20100000,323.145917,323.145917,323.145917,323.145917,323.145917,323.145917,323.145917,323.145917,323.145917,323.145917,323.145917,323.145917,323.145917,,,,,,,,,323.145917
112920,1.20100000,323.145917,323.145917,323.145917,323.145917,323.145917,323.145917,323.145917,323.145917,323.145917,323.145917,323.145917,323.145917,323.145917,,,,,,,,,323.145917
112980,1.20100000,323.145917,323.145917,323.145917,323.145917,323.145917,323.145917,323.145917,323.145917,323.145917,323.145917,323.145917,323.145917,323.145917,,,,,,,,,323.145917
113040,1.20100000,323.145917,323.145917,323.145917,323.145917,323.145917,323.145917,323.145917,323.145917,323.145917,323.145917,323.145917,323.145917,323.145917,,,,,,,,,323.145917
113100,1.20100000,323.145917,323.145917,323.145917,323.145917,323.145917,323.145917,323.145917,323.145917,323.145917,323.145917,323.145917,323.145917,323.145917,,,,,,,,,323.145917
113160,1.20100000,323.145917,323.145917,323.145917,323.145917,323.145917,323.145917,323.145917,323.145917,323.145917,323.145917,323.145917,323.145917,323.145917,,,,,,,,,323.145917
113220,1.20100000,323.145917,323.145917,323.145917,323.145917,323.145917,323.145917,323.145917,323.145917,323.145917,323.145917,323.145917,323.145917,323.145917,,,,,,,,,323.145917
113280,1.20100000,323.145917,323.145917,323.145917,323.145917,323.145917,323.145917,323.145917,323.145917,323.145917,323.145917,323.145917,323.145917,323.145917,,,,,,,,,323.145917
113340,1.20100000,323.145917,323.145917,323.145917,323.145917,323.145917,323.145917,323.145917,323.145917,323.145917,323.145917,323.145917,323.145917,323.145917,,,,,,,,,323.145917
113400,1.20100000,323.145917,323.145917,323.145917,323.145917,323.145917,323.145917,323.145917,323.145917,323.145917,323.145917,323.145917,323.145917,323.145917,,,,,,,,,323.145917
113460,1.20100000,323.145917,323.145917,323.145917,323.145917,323.145917,323.145917,323.145917,323.145917,323.145917,323.145917,323.145917,323.145917,323.145917,,,,,,,,,323.145917
113520,1.20100000,323.145917,323.145917,323.145917,323.145917,323.145917,323.145917,323.145917,323.145917,323.145917,323.145917,323.145917,323.145917,323.145917,,,,,,,,,323.145917
113580,1.20100000,323.145917,323.145917,323.145917,323.145917,323.145917,323.145917,323.145917,323.145917,323.145917,323.145917,323.145917,323.145917,323.145917,,,,,,,,,323.145917
113640,1.20100000,323.145917,323.145917,323.145917,323.145917,323.145917,323.145917,323.145917,323.145917,323.145917,323.145917,323.145917,323.145917,323.145917,,,,,,,,,323.145917
113700,1.20100000,323.145917,323.145917,323.145917,323.145917,323.145917,323.145917,323.145917,323.145917,323.145917,323.145917,323.145917,323.145917,323.145917,,,,,,,,,323.145917
113760,1.20100000,323.145917,323.145917,323.145917,323.145917,323.145917,323.145917,323.145917,323.145917,323.145917,323.145917,323.145917,323.145917,323.145917,,,,,,,,,323.145917
113820,1.20100000,323.145917,323.145917,323.145917,323.145917,323.145917,323.145917,323.145917,323.145917,323.145917,323.145917,323.145917,323.145917,323.145917,,,,,,,,,323.145917
113880,1.20100000,323.145917,323.145917,323.145917,323.145917,323.145917,323.145917,323.145917,323.145917,323.145917,323.145917,323.145917,323.145917,323.145917,,,,,,,,,323.145917
113940,1.20100000,323.145917,323.145917,323.145917,323.145917,323.145917,323.145917,323.145917,323.145917,323.145917,323.145917,323.145917,323.145917,323.145917,,,,,,,,,323.145917
114000,1.20100000,323.145917,323.145917,323.145917,323.145917,323.145917,323.145917,323.145917,323.145917,323.145917,323.145917,323.145917,323.145917,323.145917,,,,,,,,,323.145917
114060,1.20100000,323.145917,323.145917,323.145917,323.145917,323.145917,323.145917,323.145917,323.145917,323.145917,323.145917,323.145917,323.145917,323.145917,,,,,,,,,323.145917
114120,1.20100000,323.145917,323.145917,323.145917,323.145917,323.145917,323.145917,323.145917,323.145917,323.145917,323.145917,323.145917,323.145917,323.145917,,,,,,,,,323.145917
114180,1.20100000,323.145917,323.145917,323.145917,323.145917,323.145917,323.145917,323.145917,323.145917,323.145917,323.145917,323.145917,323.145917,323.145917,,,,,,,,,323.145917
114240,1.20100000,323.145917,323.145917,323.145917,323.145917,323.145917,323.145917,323.145917,323.145917,323.145917,323.145917,323.145917,323.145917,323.145917,,,,,,,,,323.145917
114300,1.20100000,323.145917,323.145917,323.145917,323.145917,323.145917,323.145917,323.145917,323.145917,323.145917,323.145917,323.145917,323.145917,323.145917,,,,,,,,,323.145917
114360,1.20100000,323.145917,323.145917,323.145917,323.145917,323.145917,323.145917,323.145917,323.145917,323.145917,323.145917,323.145917,323.145917,323.145917,,,,,,,,,323.145917
114420,1.20100000,323.145917,323.145917,323.145917,323.145917,323.145917,323.145917,323.145917,323.145917,323.145917,323.145917,323.145917,323.145917,323.145917,,,,,,,,,323.145917
114480,1.20100000,323.145917,323.145917,323.145917,323.145917,323.145917,323.145917,323.145917,323.145917,323.145917,323.145917,323.145917,323.145917,323.145917,,,,,,,,,323.145917
114540,1.20100000,323.145917,323.145917,323.145917,323.145917,323.145917,323.145917,323.145917,323.145917,323.145917,323.145917,323.145917,323.145917,323.145917,,,,,,,,,323.145917
114600,1.20100000,323.145917,323.145917,323.145917,323.145917,323.145917,323.145917,323.145917,323.145917,323.145917,323.145917,323.145917,323.145917,323.145917,,,,,,,,,323.145917
114660,1.20100000,323.145917,323.145917,323.145917,323.145917,323.145917,323.145917,323.145917,323.145917,323.145917,323.145917,323.145917,323.145917,323.145917,,,,,,,,,323.145917
114720,1.20100000,323.145917,323.145917,323.145917,323.145917,323.145917,323.145917,323.145917,323.145917,323.145917,323.145917,323.145917,323.145917,323.145917,,,,,,,,,323.145917
114780,1.20100000,323.145917,323.145917,323.145917,323.145917,323.145917,323.145917,323.145917,323.145917,323.145917,323.145917,323.145917,323.145917,323.145917,,,,,,,,,323.145917
114840,1.20100000,323.145917,323.145917,323.145917,323.145917,323.145917,323.145917,323.145917,323.145917,323.145917,323.145917,323.145917,323.145917,323.145917,,,,,,,,,323.145917
114900,1.20100000,323.145917,323.145917,323.145917,323.145917,323.145917,323.145917,323.145917,323.145917,323.145917,323.145917,323.145917,323.145917,323.145917,,,,,,,,,323.145917
114960,1.20100000,323.145917,323.145917,323.145917,323.145917,323.145917,323.145917,323.145917,323.145917,323.145917,323.145917,323.145917,323.145917,323.145917,,,,,,,,,323.145917
115020,1.20100000,323.145917,323.145917,323.145917,323.145917,323.145917,323.145917,323.145917,323.145917,323.145917,323.145917,323.145917,323.145917,323.145917,,,,,,,,,323.145917
115080,1.20100000,323.145917,323.145917,323.145917,323.145917,323.145917,323.145917,323.145917,323.145917,323.145917,323.145917,323.145917,323.145917,323.145917,,,,,,,,,323.145917
115140,1.20100000,323.145917,323.145917,323.145917,323.145917,323.145917,323.145917,323.145917,323.145917,323.145917,323.145917,323.145917,323.145917,323.145917,,,,,,,,,323.145917
115200,1.20100000,323.145917,323.145917,323.145917,323.145917,323.145917,323.145917,323.145917,323.145917,323.145917,323.145917,323.145917,323.145917,323.145917,,,,,,,,,323.145917
115260,1.20100000,323.145917,323.145917,323.145917,323.145917,323.145917,323.145917,323.145917,323.145917,323.145917,323.145917,323.145917,323.145917,323.145917,,,,,,,,,323.145917
115320,1.20100000,323.145917,323.145917,323.145917,323.145917,323.145917,323.145917,323.145917,323.145917,323.145917,323.145917,323.145917,323.145917,323.145917,,,,,,,,,323.145917
115380,1.20100000,323.145917,323.145917,323.145917,323.145917,323.145917,323.145917,323.145917,323.145917,323.145917,323.145917,323.145917,323.145917,323.145917,,,,,,,,,323.145917
115440,1.20100000,323.145917,323.145917,323.145917,323.145917,323.145917,323.145917,323.145917,323.145917,323.145917,323.145917,323.145917,323.145917,323.145917,,,,,,,,,323.145917
115500,1.20100000,323.145917,323.145917,323.145917,323.145917,323.145917,323.145917,323.145917,323.145917,323.145917,323.145917,323.145917,323.145917,323.145917,,,,,,,,,323.145917
115560,1.20100000,323.145917,323.145917,323.145917,323.145917,323.145917,323.145917,323.145917,323.145917,323.145917,323.145917,323.145917,323.145917,323.145917,,,,,,,,,323.145917
115620,1.20100000,323.145917,323.145917,323.145917,323.145917,323.145917,323.145917,323.145917,323.145917,323.145917,323.145917,323.145917,323.145917,323.145917,,,,,,,,,323.145917
115680,1.20100000,323.145917,323.145917,323.145917,323.145917,323.145917,323.145917,323.145917,323.145917,323.145917,323.145917,323.145917,323.145917,323.145917,,,,,,,,,323.145917
115740,1.20100000,323.145917,323.145917,323.145917,323.145917,323.145917,323.145917,323.145917,323.145917,323.145917,323.145917,323.145917,323.145917,323.145917,,,,,,,,,323.145917
115800,1.20100000,323.145917,323.145917,323.145917,323.145917,323.145917,323.145917,323.145917,323.145917,323.145917,323.145917,323.145917,323.145917,323.145917,,,,,,,,,323.145917
115860,1.20100000,323.145917,323.145917,323.145917,323.145917,323.145917,323.145917,323.145917,323.145917,323.145917,323.145917,323.145917,323.145917,323.145917,,,,,,,,,323.145917
115920,1.20100000,323.145917,323.145917,323.145917,323.145917,323.145917,323.145917,323.145917,323.145917,323.145917,323.145917,323.145917,323.145917,323.145917,,,,,,,,,323.145917
115980,1.20100000,323.145917,323.145917,323.145917,323.145917,323.145917,323.145917,323.145917,323.145917,323.145917,323.145917,323.145917,323.145917,323.145917,,,,,,,,,323.145917
116040,1.20100000,323.145917,323.145917,323.145917,323.145917,323.145917,323.145917,323.145917,323.145917,323.145917,323.145917,323.145917,323.145917,323.145917,,,,,,,,,323.145917
116100,1.20100000,323.145917,323.145917,323.145917,323.145917,323.145917,323.145917,323.145917,323.145917,323.145917,323.145917,323.145917,323.145917,323.145917,,,,,,,,,323.145917
116160,1.20100000,323.145917,323.145917,323.145917,323.145917,323.145917,323.145917,323.145917,323.145917,323.145917,323.145917,323.145917,323.145917,323.145917,,,,,,,,,323.145917
116220,1.20100000,323.145917,323.145917,323.145917,323.145917,323.145917,323.145917,323.145917,323.145917,323.145917,323.145917,323.145917,323.145917,323.145917,,,,,,,,,323.145917
116280,1.20100000,323.145917,323.145917,323.145917,323.145917,323.145917,323.145917,323.145917,323.145917,323.145917,323.145917,323.145917,323.145917,323.145917,,,,,,,,,323.145917
116340,1.20100000,323.145917,323.145917,323.145917,323.145917,323.145917,323.145917,323.145917,323.145917,323.145917,323.145917,323.145917,323.145917,323.145917,,,,,,,,,323.145917
116400,1.20100000,323.145917,323.145917,323.145917,323.145917,323.145917,323.145917,323.145917,323.145917,323.145917,323.145917,323.145917,323.145917,323.145917,,,,,,,,,323.145917
116460,1.20100000,323.145917,323.145917,323.145917,323.145917,323.145917,323.145917,323.145917,323.145917,323.145917,323.145917,323.145917,323.145917,323.145917,,,,,,,,,323.145917
116520,1.20100000,323.145917,323.145917,323.145917,323.145917,323.145917,323.145917,323.145917,323.145917,323.145917,323.145917,323.145917,323.145917,323.145917,,,,,,,,,323.145917
116580,1.20100000,323.145917,323.145917,323.145917,323.145917,323.145917,323.145917,323.145917,323.145917,323.145917,323.145917,323.145917,323.145917,323.145917,,,,,,,,,323.145917
116640,1.20100000,323.145917,323.145917,323.145917,323.145917,323.145917,323.145917,323.145917,323.145917,323.145917,323.145917,323.145917,323.145917,323.145917,,,,,,,,,323.145917
116700,1.20100000,323.145917,323.145917,323.145917,323.145917,323.145917,323.145917,323.145917,323.145917,323.145917,323.145917,323.145917,323.145917,323.145917,,,,,,,,,323.145917
116760,1.20100000,323.145917,323.145917,323.145917,323.145917,323.145917,323.145917,323.145917,323.145917,323.145917,323.145917,323.145917,323.145917,323.145917,,,,,,,,,323.145917
116820,1.20100000,323.145917,323.145917,323.145917,323.145917,323.145917,323.145917,323.145917,323.145917,323.145917,323.145917,323.145917,323.145917,323.145917,,,,,,,,,323.145917
116880,1.20100000,323.145917,323.145917,323.145917,323.145917,323.145917,323.145917,323.145917,323.145917,323.145917,323.145917,323.145917,323.145917,323.145917,,,,,,,,,323.145917
116940,1.20100000,323.145917,323.145917,323.145917,323.145917,323.145917,323.145917,323.145917,323.145917,323.145917,323.145917,323.145917,323.145917,323.145917,,,,,,,,,323.145917
117000,1.20100000,323.145917,323.145917,323.145917,323.145917,323.145917,323.145917,323.145917,323.145917,323.145917,323.145917,323.145917,323.145917,323.145917,,,,,,,,,323.145917
117060,1.20100000,323.145917,323.145917,323.145917,323.145917,323.145917,323.145917,323.145917,323.145917,323.145917,323.145917,323.145917,323.145917,323.145917,,,,,,,,,323.145917
117120,1.20100000,323.145917,323.145917,323.145917,323.145917,323.145917,323.145917,323.145917,323.145917,323.145917,323.145917,323.145917,323.145917,323.145917,,,,,,,,,323.145917
117180,1.20100000,323.145917,323.145917,323.145917,323.145917,323.145917,323.145917,323.145917,323.145917,323.145917,323.145917,323.145917,323.145917,323.145917,,,,,,,,,323.145917
117240,1.20100000,323.145917,323.145917,323.145917,323.145917,323.145917,323.145917,323.145917,323.145917,323.145917,323.145917,323.145917,323.145917,323.145917,,,,,,,,,323.145917
117300,1.20100000,323.145917,323.145917,323.145917,323.145917,323.145917,323.145917,323.145917,323.145917,323.145917,323.145917,323.145917,323.145917,323.145917,,,,,,,,,323.145917
117360,1.20100000,323.145917,323.145917,323.145917,323.145917,323.145917,323.145917,323.145917,323.145917,323.145917,323.145917,323.145917,323.145917,323.145917,,,,,,,,,323.145917
117420,1.20100000,323.145917,323.145917,323.145917,323.145917,323.145917,323.145917,323.145917,323.145917,323.145917,323.145917,323.145917,323.145917,323.145917,,,,,,,,,323.145917
117480,1.20100000,323.145917,323.145917,323.145917,323.145917,323.145917,323.145917,323.145917,323.145917,323.145917,323.145917,323.145917,323.145917,323.145917,,,,,,,,,323.145917
117540,1.20100000,323.145917,323.145917,323.145917,323.145917,323.145917,323.145917,323.145917,323.145917,323.145917,323.145917,323.145917,323.145917,323.145917,,,,,,,,,323.145917
117600,1.20100000,323.145917,323.145917,323.145917,323.145917,323.145917,323.145917,323.145917,323.145917,323.145917,323.145917,323.145917,323.145917,323.145917,,,,,,,,,323.145917
117660,1.20100000,323.145917,323.145917,323.145917,323.145917,323.145917,323.145917,323.145917,323.145917,323.145917,323.145917,323.145917,323.145917,323.145917,,,,,,,,,323.145917
117720,1.20100000,323.145917,323.145917,323.145917,323.145917,323.145917,323.145917,323.145917,323.145917,323.145917,323.145917,323.145917,323.145917,323.145917,,,,,,,,,323.145917
117780,1.20100000,323.145917,323.145917,323.145917,323.145917,323.145917,323.145917,323.145917,323.145917,323.145917,323.145917,323.145917,323.145917,323.145917,,,,,,,,,323.145917
117840,1.20100000,323.145917,323.145917,323.145917,323.145917,323.145917,323.145917,323.145917,323.145917,323.145917,323.145917,323.145917,323.145917,323.145917,,,,,,,,,323.145917
117900,1.20100000,323.145917,323.145917,323.145917,323.145917,323.145917,323.145917,323.145917,323.145917,323.145917,323.145917,323.145917,323.145917,323.145917,,,,,,,,,323.145917
117960,1.20100000,323.145917,323.145917,323.145917,323.145917,323.145917,323.145917,323.145917,323.145917,323.145917,323.145917,323.145917,323.145917,323.145917,,,,,,,,,323.145917
118020,1.20100000,323.145917,323.145917,323.145917,323.145917,323.145917,323.145917,323.145917,323.145917,323.145917,323.145917,323.145917,323.145917,323.145917,,,,,,,,,323.145917
118080,1.20100000,323.145917,323.145917,323.145917,323.145917,323.145917,323.145917,323.145917,323.145917,323.145917,323.145917,323.145917,323.145917,323.145917,,,,,,,,,323.145917
118140,1.20100000,323.145917,323.145917,323.145917,323.145917,323.145917,323.145917,323.145917,323.145917,323.145917,323.145917,323.145917,323.145917,323.145917,,,,,,,,,323.145917
118200,1.20100000,323.145917,323.145917,323.145917,323.145917,323.145917,323.145917,323.145917,323.145917,323.145917,323.145917,323.145917,323.145917,323.145917,,,,,,,,,323.145917
118260,1.20100000,323.145917,323.145917,323.145917,323.145917,323.145917,323.145917,323.145917,323.145917,323.145917,323.145917,323.145917,323.145917,323.145917,,,,,,,,,323.145917
118320,1.20100000,323.145917,323.145917,323.145917,323.145917,323.145917,323.145917,323.145917,323.145917,323.145917,323.145917,323.145917,323.145917,323.145917,,,,,,,,,323.145917
118380,1.20100000,323.145917,323.145917,323.145917,323.145917,323.145917,323.145917,323.145917,323.145917,323.145917,323.145917,323.145917,323.145917,323.145917,,,,,,,,,323.145917
118440,1.20100000,323.145917,323.145917,323.145917,323.145917,323.145917,323.145917,323.145917,323.145917,323.145917,323.145917,323.145917,323.145917,323.145917,,,,,,,,,323.145917
118500,1.20100000,323.145917,323.145917,323.145917,323.145917,323.145917,323.145917,323.145917,323.145917,323.145917,323.145917,323.145917,323.145917,323.145917,,,,,,,,,323.145917
118560,1.20100000,323.145917,323.145917,323.145917,323.145917,323.145917,323.145917,323.145917,323.145917,323.145917,323.145917,323.145917,323.145917,323.145917,,,,,,,,,323.145917
118620,1.20100000,323.145917,323.145917,323.145917,323.145917,323.145917,323.145917,323.145917,323.145917,323.145917,323.145917,323.145917,323.145917,323.145917,,,,,,,,,323.145917
118680,1.20100000,323.145917,323.145917,323.145917,323.145917,323.145917,323.145917,323.145917,323.145917,323.145917,323.145917,323.145917,323.145917,323.145917,,,,,,,,,323.145917
118740,1.20100000,323.145917,323.145917,323.145917,323.145917,323.145917,323.145917,323.145917,323.145917,323.145917,323.145917,323.145917,323.145917,323.145917,,,,,,,,,323.145917
118800,1.20100000,323.145917,323.145917,323.145917,323.145917,323.145917,323.145917,323.145917,323.145917,323.145917,323.145917,323.145917,323.145917,323.145917,,,,,,,,,323.145917
118860,1.20100000,323.145917,323.145917,323.145917,323.145917,323.145917,323.145917,323.145917,323.145917,323.145917,323.145917,323.145917,323.145917,323.145917,,,,,,,,,323.145917
118920,1.20100000,323.145917,323.145917,323.145917,323.145917,323.145917,323.145917,323.145917,323.145917,323.145917,323.145917,323.145917,323.145917,323.145917,,,,,,,,,323.145917
118980,1.20100000,323.145917,323.145917,323.145917,323.145917,323.145917,323.145917,323.145917,323.145917,323.145917,323.145917,323.145917,323.145917,323.145917,,,,,,,,,323.145917
119040,1.20100000,323.145917,323.145917,323.145917,323.145917,323.145917,323.145917,323.145917,323.145917,323.145917,323.145917,323.145917,323.145917,323.145917,,,,,,,,,323.145917
119100,1.20100000,323.145917,323.145917,323.145917,323.145917,323.145917,323.145917,323.145917,323.145917,323.145917,323.145917,323.145917,323.145917,323.145917,,,,,,,,,323.145917
119160,1.20100000,323.145917,323.145917,323.145917,323.145917,323.145917,323.145917,323.145917,323.145917,323.145917,323.145917,323.145917,323.145917,323.145917,,,,,,,,,323.145917
119220,1.20100000,323.145917,323.145917,323.145917,323.145917,323.145917,323.145917,323.145917,323.145917,323.145917,323.145917,323.145917,323.145917,323.145917,,,,,,,,,323.145917
119280,1.20100000,323.145917,323.145917,323.145917,323.145917,323.145917,323.145917,323.145917,323.145917,323.145917,323.145917,323.145917,323.145917,323.145917,,,,,,,,,323.145917
119340,1.20100000,323.145917,323.145917,323.145917,323.145917,323.145917,323.145917,323.145917,323.145917,323.145917,323.145917,323.145917,323.145917,323.145917,,,,,,,,,323.145917
119400,1.20100000,323.145917,323.145917,323.145917,323.145917,323.145917,323.145917,323.145917,323.145917,323.145917,323.145917,323.145917,323.145917,323.145917,,,,,,,,,323.145917
119460,1.20100000,323.145917,323.145917,323.145917,323.145917,323.145917,323.145917,323.145917,323.145917,323.145917,323.145917,323.145917,323.145917,323.145917,,,,,,,,,323.145917
119520,1.20100000,323.145917,323.145917,323.145917,323.145917,323.145917,323.145917,323.145917,323.145917,323.145917,323.145917,323.145917,323.145917,323.145917,,,,,,,,,323.145917
119580,1.20100000,323.145917,323.145917,323.145917,323.145917,323.145917,323.145917,323.145917,323.145917,323.145917,323.145917,323.145917,323.145917,323.145917,,,,,,,,,323.145917
119640,1.20100000,323.145917,323.145917,323.145917,323.145917,323.145917,323.145917,323.145917,323.145917,323.145917,323.145917,323.145917,323.145917,323.145917,,,,,,,,,323.145917
119700,1.20100000,323.145917,323.145917,323.145917,323.145917,323.145917,323.145917,323.145917,323.145917,323.145917,323.145917,323.145917,323.145917,323.145917,,,,,,,,,323.145917
119760,1.20100000,323.145917,323.145917,323.145917,323.145917,323.145917,323.145917,323.145917,323.145917,323.145917,323.145917,323.145917,323.145917,323.145917,,,,,,,,,323.145917
119820,1.20100000,323.145917,323.145917,323.145917,323.145917,323.145917,323.145917,323.145917,323.145917,323.145917,323.145917,323.145917,323.145917,323.145917,,,,,,,,,323.145917
119880,1.20100000,323.145917,323.145917,323.145917,323.145917,323.145917,323.145917,323.145917,323.145917,323.145917,323.145917,323.145917,323.145917,323.145917,,,,,,,,,323.145917
119940,1.20100000,323.145917,323.145917,323.145917,323.145917,323.145917,323.145917,323.145917,323.145917,323.145917,323.145917,323.145917,323.145917,323.145917,,,,,,,,,323.145917
120000,1.20100000,323.145917,323.145917,323.145917,323.145917,323.145917,323.145917,323.145917,323.145917,323.145917,323.145917,323.145917,323.145917,323.145917,,,,,,,,,323.145917
120060,1.20100000,323.145917,323.145917,323.145917,323.145917,323.145917,323.145917,323.145917,323.145917,323.145917,323.145917,323.145917,323.145917,323.145917,,,,,,,,,323.145917
120120,1.20100000,323.145917,323.145917,323.145917,323.145917,323.145917,323.145917,323.145917,323.145917,323.145917,323.145917,323.145917,323.145917,323.145917,,,,,,,,,323.145917
120180,1.20100000,323.145917,323.145917,323.145917,323.145917,323.145917,323.145917,323.145917,323.145917,323.145917,323.145917,323.145917,323.145917,323.145917,,,,,,,,,323.145917
120240,1.20100000,323.145917,323.145917,323.145917,323.145917,323.145917,323.145917,323.145917,323.145917,323.145917,323.145917,323.145917,323.145917,323.145917,,,,,,,,,323.145917
120300,1.20100000,323.145917,323.145917,323.145917,323.145917,323.145917,323.145917,323.145917,323.145917,323.145917,323.145917,323.145917,323.145917,323.145917,,,,,,,,,323.145917
120360,1.20100000,323.145917,323.145917,323.145917,323.145917,323.145917,323.145917,323.145917,323.145917,323.145917,323.145917,323.145917,323.145917,323.145917,,,,,,,,,323.145917
120420,1.20100000,323.145917,323.145917,323.145917,323.145917,323.145917,323.145917,323.145917,323.145917,323.145917,323.145917,323.145917,323.145917,323.145917,,,,,,,,,323.145917
120480,1.20100000,323.145917,323.145917,323.145917,323.145917,323.145917,323.145917,323.145917,323.145917,323.145917,323.145917,323.145917,323.145917,323.145917,,,,,,,,,323.145917
120540,1.20100000,323.145917,323.145917,323.145917,323.145917,323.145917,323.145917,323.145917,323.145917,323.145917,323.145917,323.145917,323.145917,323.145917,,,,,,,,,323.145917
120600,1.20100000,323.145917,323.145917,323.145917,323.145917,323.145917,323.145917,323.145917,323.145917,323.145917,323.145917,323.145917,323.145917,323.145917,,,,,,,,,323.145917
120660,1.20100000,323.145917,323.145917,323.145917,323.145917,323.145917,323.145917,323.145917,323.145917,323.145917,323.145917,323.145917,323.145917,323.145917,,,,,,,,,323.145917
120720,1.20100000,323.145917,323.145917,323.145917,323.145917,323.145917,323.145917,323.145917,323.145917,323.145917,323.145917,323.145917,323.145917,323.145917,,,,,,,,,323.145917
120780,1.20100000,323.145917,323.145917,323.145917,323.145917,323.145917,323.145917,323.145917,323.145917,323.145917,323.145917,323.145917,323.145917,323.145917,,,,,,,,,323.145917
120840,1.20100000,323.145917,323.145917,323.145917,323.145917,323.145917,323.145917,323.145917,323.145917,323.145917,323.145917,323.145917,323.145917,323.145917,,,,,,,,,323.145917
120900,1.20100000,323.145917,323.145917,323.145917,323.145917,323.145917,323.145917,323.145917,323.145917,323.145917,323.145917,323.145917,323.145917,323.145917,,,,,,,,,323.145917
120960,1.20100000,323.145917,323.145917,323.145917,323.145917,323.145917,323.145917,323.145917,323.145917,323.145917,323.145917,323.145917,323.145917,323.145917,,,,,,,,,323.145917
121020,1.20100000,323.145917,323.145917,323.145917,323.145917,323.145917,323.145917,323.145917,323.145917,323.145917,323.145917,323.145917,323.145917,323.145917,,,,,,,,,323.145917
121080,1.20100000,323.145917,323.145917,323.145917,323.145917,323.145917,323.145917,323.145917,323.145917,323.145917,323.145917,323.145917,323.145917,323.145917,,,,,,,,,323.145917
121140,1.20100000,323.145917,323.145917,323.145917,323.145917,323.145917,323.145917,323.145917,323.145917,323.145917,323.145917,323.145917,323.145917,323.145917,,,,,,,,,323.145917
121200,1.20100000,323.145917,323.145917,323.145917,323.145917,323.145917,323.145917,323.145917,323.145917,323.145917,323.145917,323.145917,323.145917,323.145917,,,,,,,,,323.145917
121260,1.20100000,323.145917,323.145917,323.145917,323.145917,323.145917,323.145917,323.145917,323.145917,323.145917,323.145917,323.145917,323.145917,323.145917,,,,,,,,,323.145917
121320,1.20100000,323.145917,323.145917,323.145917,323.145917,323.145917,323.145917,323.145917,323.145917,323.145917,323.145917,323.145917,323.145917,323.145917,,,,,,,,,323.145917
121380,1.20100000,323.145917,323.145917,323.145917,323.145917,323.145917,323.145917,323.145917,323.145917,323.145917,323.145917,323.145917,323.145917,323.145917,,,,,,,,,323.145917
121440,1.20100000,323.145917,323.145917,323.145917,323.145917,323.145917,323.145917,323.145917,323.145917,323.145917,323.145917,323.145917,323.145917,323.145917,,,,,,,,,323.145917
121500,1.20100000,323.145917,323.145917,323.145917,323.145917,323.145917,323.145917,323.145917,323.145917,323.145917,323.145917,323.145917,323.145917,323.145917,,,,,,,,,323.145917
121560,1.20100000,323.145917,323.145917,323.145917,323.145917,323.145917,323.145917,323.145917,323.145917,323.145917,323.145917,323.145917,323.145917,323.145917,,,,,,,,,323.145917
121620,1.20100000,323.145917,323.145917,323.145917,323.145917,323.145917,323.145917,323.145917,323.145917,323.145917,323.145917,323.145917,323.145917,323.145917,,,,,,,,,323.145917
121680,1.20100000,323.145917,323.145917,323.145917,323.145917,323.145917,323.145917,323.145917,323.145917,323.145917,323.145917,323.145917,323.145917,323.145917,,,,,,,,,323.145917
121740,1.20100000,323.145917,323.145917,323.145917,323.145917,323.145917,323.145917,323.145917,323.145917,323.145917,323.145917,323.145917,323.145917,323.145917,,,,,,,,,323.145917
121800,1.20100000,323.145917,323.145917,323.145917,323.145917,323.145917,323.145917,323.145917,323.145917,323.145917,323.145917,323.145917,323.145917,323.145917,,,,,,,,,323.145917
121860,1.20100000,323.145917,323.145917,323.145917,323.145917,323.145917,323.145917,323.145917,323.145917,323.145917,323.145917,323.145917,323.145917,323.145917,,,,,,,,,323.145917
121920,1.20100000,323.145917,323.145917,323.145917,323.145917,323.145917,323.145917,323.145917,323.145917,323.145917,323.145917,323.145917,323.145917,323.145917,,,,,,,,,323.145917
121980,1.20100000,323.145917,323.145917,323.145917,323.145917,323.145917,323.145917,323.145917,323.145917,323.145917,323.145917,323.145917,323.145917,323.145917,,,,,,,,,323.145917
122040,1.20100000,323.145917,323.145917,323.145917,323.145917,323.145917,323.145917,323.145917,323.145917,323.145917,323.145917,323.145917,323.145917,323.145917,,,,,,,,,323.145917
122100,1.20100000,323.145917,323.145917,323.145917,323.145917,323.145917,323.145917,323.145917,323.145917,323.145917,323.145917,323.145917,323.145917,323.145917,,,,,,,,,323.145917
122160,1.20100000,323.145917,323.145917,323.145917,323.145917,323.145917,323.145917,323.145917,323.145917,323.145917,323.145917,323.145917,323.145917,323.145917,,,,,,,,,323.145917
122220,1.20100000,323.145917,323.145917,323.145917,323.145917,323.145917,323.145917,323.145917,323.145917,323.145917,323.145917,323.145917,323.145917,323.145917,,,,,,,,,323.145917
122280,1.20100000,323.145917,323.145917,323.145917,323.145917,323.145917,323.145917,323.145917,323.145917,323.145917,323.145917,323.145917,323.145917,323.145917,,,,,,,,,323.145917
122340,1.20100000,323.145917,323.145917,323.145917,323.145917,323.145917,323.145917,323.145917,323.145917,323.145917,323.145917,323.145917,323.145917,323.145917,,,,,,,,,323.145917
122400,1.20100000,323.145917,323.145917,323.145917,323.145917,323.145917,323.145917,323.145917,323.145917,323.145917,323.145917,323.145917,323.145917,323.145917,,,,,,,,,323.145917
122460,1.20100000,323.145917,323.145917,323.145917,323.145917,323.145917,323.145917,323.145917,323.145917,323.145917,323.145917,323.145917,323.145917,323.145917,,,,,,,,,323.145917
122520,1.20100000,323.145917,323.145917,323.145917,323.145917,323.145917,323.145917,323.145917,323.145917,323.145917,323.145917,323.145917,323.145917,323.145917,,,,,,,,,323.145917
122580,1.20100000,323.145917,323.145917,323.145917,323.145917,323.145917,323.145917,323.145917,323.145917,323.145917,323.145917,323.145917,323.145917,323.145917,,,,,,,,,323.145917
122640,1.20100000,323.145917,323.145917,323.145917,323.145917,323.145917,323.145917,323.145917,323.145917,323.145917,323.145917,323.145917,323.145917,323.145917,,,,,,,,,323.145917
122700,1.20100000,323.145917,323.145917,323.145917,323.145917,323.145917,323.145917,323.145917,323.145917,323.145917,323.145917,323.145917,323.145917,323.145917,,,,,,,,,323.145917
122760,1.20100000,323.145917,323.145917,323.145917,323.145917,323.145917,323.145917,323.145917,323.145917,323.145917,323.145917,323.145917,323.145917,323.145917,,,,,,,,,323.145917
122820,1.20100000,323.145917,323.145917,323.145917,323.145917,323.145917,323.145917,323.145917,323.145917,323.145917,323.145917,323.145917,323.145917,323.145917,,,,,,,,,323.145917
122880,1.20100000,323.145917,323.145917,323.145917,323.145917,323.145917,323.145917,323.145917,323.145917,323.145917,323.145917,323.145917,323.145917,323.145917,,,,,,,,,323.145917
122940,1.20100000,323.145917,323.145917,323.145917,323.145917,323.145917,323.145917,323.145917,323.145917,323.145917,323.145917,323.145917,323.145917,323.145917,,,,,,,,,323.145917
123000,1.20100000,323.145917,323.145917,323.145917,323.145917,323.145917,323.145917,323.145917,323.145917,323.145917,323.145917,323.145917,323.145917,323.145917,,,,,,,,,323.145917
123060,1.20100000,323.145917,323.145917,323.145917,323.145917,323.145917,323.145917,323.145917,323.145917,323.145917,323.145917,323.145917,323.145917,323.145917,,,,,,,,,323.145917
123120,1.20100000,323.145917,323.145917,323.145917,323.145917,323.145917,323.145917,323.145917,323.145917,323.145917,323.145917,323.145917,323.145917,323.145917,,,,,,,,,323.145917
123180,1.20100000,323.145917,323.145917,323.145917,323.145917,323.145917,323.145917,323.145917,323.145917,323.145917,323.145917,323.145917,323.145917,323.145917,,,,,,,,,323.145917
123240,1.20100000,323.145917,323.145917,323.145917,323.145917,323.145917,323.145917,323.145917,323.145917,323.145917,323.145917,323.145917,323.145917,323.145917,,,,,,,,,323.145917
123300,1.20100000,323.145917,323.145917,323.145917,323.145917,323.145917,323.145917,323.145917,323.145917,323.145917,323.145917,323.145917,323.145917,323.145917,,,,,,,,,323.145917
123360,1.20100000,323.145917,323.145917,323.145917,323.145917,323.145917,323.145917,323.145917,323.145917,323.145917,323.145917,323.145917,323.145917,323.145917,,,,,,,,,323.145917
123420,1.20100000,323.145917,323.145917,323.145917,323.145917,323.145917,323.145917,323.145917,323.145917,323.145917,323.145917,323.145917,323.145917,323.145917,,,,,,,,,323.145917
123480,1.20100000,323.145917,323.145917,323.145917,323.145917,323.145917,323.145917,323.145917,323.145917,323.145917,323.145917,323.145917,323.145917,323.145917,,,,,,,,,323.145917
123540,1.20100000,323.145917,323.145917,323.145917,323.145917,323.145917,323.145917,323.145917,323.145917,323.145917,323.145917,323.145917,323.145917,323.145917,,,,,,,,,323.145917
123600,1.20100000,323.145917,323.145917,323.145917,323.145917,323.145917,323.145917,323.145917,323.145917,323.145917,323.145917,323.145917,323.145917,323.145917,,,,,,,,,323.145917
123660,1.20100000,323.145917,323.145917,323.145917,323.145917,323.145917,323.145917,323.145917,323.145917,323.145917,323.145917,323.145917,323.145917,323.145917,,,,,,,,,323.145917
123720,1.20100000,323.145917,323.145917,323.145917,323.145917,323.145917,323.145917,323.145917,323.145917,323.145917,323.145917,323.145917,323.145917,323.145917,,,,,,,,,323.145917
123780,1.20100000,323.145917,323.145917,323.145917,323.145917,323.145917,323.145917,323.145917,323.145917,323.145917,323.145917,323.145917,323.145917,323.145917,,,,,,,,,323.145917
123840,1.20100000,323.145917,323.145917,323.145917,323.145917,323.145917,323.145917,323.145917,323.145917,323.145917,323.145917,323.145917,323.145917,323.145917,,,,,,,,,323.145917
123900,1.20100000,323.145917,323.145917,323.145917,323.145917,323.145917,323.145917,323.145917,323.145917,323.145917,323.145917,323.145917,323.145917,323.145917,,,,,,,,,323.145917
123960,1.20100000,323.145917,323.145917,323.145917,323.145917,323.145917,323.145917,323.145917,323.145917,323.145917,323.145917,323.145917,323.145917,323.145917,,,,,,,,,323.145917
124020,1.20100000,323.145917,323.145917,323.145917,323.145917,323.145917,323.145917,323.145917,323.145917,323.145917,323.145917,323.145917,323.145917,323.145917,,,,,,,,,323.145917
124080,1.20100000,323.145917,323.145917,323.145917,323.145917,323.145917,323.145917,323.145917,323.145917,323.145917,323.145917,323.145917,323.145917,323.145917,,,,,,,,,323.145917
124140,1.20100000,323.145917,323.145917,323.145917,323.145917,323.145917,323.145917,323.145917,323.145917,323.145917,323.145917,323.145917,323.145917,323.145917,,,,,,,,,323.145917
124200,1.20100000,323.145917,323.145917,323.145917,323.145917,323.145917,323.145917,323.145917,323.145917,323.145917,323.145917,323.145917,323.145917,323.145917,,,,,,,,,323.145917
124260,1.20096667,323.145917,323.145917,323.145917,323.145917,323.145917,323.145917,323.145917,323.145917,323.145917,323.145917,323.145917,323.145917,323.145917,,,,,,,,,323.145917
124320,1.20093333,323.145917,323.145917,323.145917,323.145917,323.145917,323.145917,323.145917,323.145917,323.145917,323.145917,323.145917,323.145917,323.145917,,,,,,,,,323.145917
124380,1.20090000,323.145917,323.145917,323.145917,323.145917,323.145917,323.145917,323.145917,323.145917,323.145917,323.145917,323.145917,323.145917,323.145917,,,,,,,,,323.145917
124440,1.20086667,323.145917,323.145917,323.145917,323.145917,323.145917,323.145917,323.145917,323.145917,323.145917,323.145917,323.145917,323.145917,323.145917,,,,,,,,,323.145917
124500,1.20083333,323.145917,323.145917,323.145917,323.145917,323.145917,323.145917,323.145917,323.145917,323.145917,323.145917,323.145917,323.145917,323.145917,,,,,,,,,323.145917
124560,1.20080000,323.145917,323.145917,323.145917,323.145917,323.145917,323.145917,323.145917,323.145917,323.145917,323.145917,323.145917,323.145917,323.145917,,,,,,,,,323.145917
124620,1.20076667,323.145917,323.145917,323.145917,323.145917,323.145917,323.145917,323.145917,323.145917,323.145917,323.145917,323.145917,323.145917,323.145917,,,,,,,,,323.145917
124680,1.20073333,323.145917,323.145917,323.145917,323.145917,323.145917,323.145917,323.145917,323.145917,323.145917,323.145917,323.145917,323.145917,323.145917,,,,,,,,,323.145917
124740,1.20070000,323.145917,323.145917,323.145917,323.145917,323.145917,323.145917,323.145917,323.145917,323.145917,323.145917,323.145917,323.145917,323.145917,,,,,,,,,323.145917
124800,1.20066667,323.145917,323.145917,323.145917,323.145917,323.145917,323.145917,323.145917,323.145917,323.145917,323.145917,323.145917,323.145917,323.145917,,,,,,,,,323.145917
124860,1.20063333,323.145917,323.145917,323.145917,323.145917,323.145917,323.145917,323.145917,323.145917,323.145917,323.145917,323.145917,323.145917,323.145917,,,,,,,,,323.145917
124920,1.20060000,323.145917,323.145917,323.145917,323.145917,323.145917,323.145917,323.145917,323.145917,323.145917,323.145917,323.145917,323.145917,323.145917,,,,,,,,,323.145917
124980,1.20056667,323.145917,323.145917,323.145917,323.145917,323.145917,323.145917,323.145917,323.145917,323.145917,323.145917,323.145917,323.145917,323.145917,,,,,,,,,323.145917
125040,1.20053333,323.145917,323.145917,323.145917,323.145917,323.145917,323.145917,323.145917,323.145917,323.145917,323.145917,323.145917,323.145917,323.145917,,,,,,,,,323.145917
125100,1.20050000,323.145917,323.145917,323.145917,323.145917,323.145917,323.145917,323.145917,323.145917,323.145917,323.145917,323.145917,323.145917,323.145917,,,,,,,,,323.145917
125160,1.20046667,323.145917,323.145917,323.145917,323.145917,323.145917,323.145917,323.145917,323.145917,323.145917,323.145917,323.145917,323.145917,323.145917,,,,,,,,,323.145917
125220,1.20043333,323.145917,323.145917,323.145917,323.145917,323.145917,323.145917,323.145917,323.145917,323.145917,323.145917,323.145917,323.145917,323.145917,,,,,,,,,323.145917
125280,1.20040000,323.145917,323.145917,323.145917,323.145917,323.145917,323.145917,323.145917,323.145917,323.145917,323.145917,323.145917,323.145917,323.145917,,,,,,,,,323.145917
125340,1.20036667,323.145917,323.145917,323.145917,323.145917,323.145917,323.145917,323.145917,323.145917,323.145917,323.145917,323.145917,323.145917,323.145917,,,,,,,,,323.145917
125400,1.20033333,323.145917,323.145917,323.145917,323.145917,323.145917,323.145917,323.145917,323.145917,323.145917,323.145917,323.145917,323.145917,323.145917,,,,,,,,,323.145917
125460,1.20030000,323.145917,323.145917,323.145917,323.145917,323.145917,323.145917,323.145917,323.145917,323.145917,323.145917,323.145917,323.145917,323.145917,,,,,,,,,323.145917
125520,1.20026667,323.145917,323.145917,323.145917,323.145917,323.145917,323.145917,323.145917,323.145917,323.145917,323.145917,323.145917,323.145917,323.145917,,,,,,,,,323.145917
125580,1.20023333,323.145917,323.145917,323.145917,323.145917,323.145917,323.145917,323.145917,323.145917,323.145917,323.145917,323.145917,323.145917,323.145917,,,,,,,,,323.145917
125640,1.20020000,323.145917,323.145917,323.145917,323.145917,323.145917,323.145917,323.145917,323.145917,323.145917,323.145917,323.145917,323.145917,323.145917,,,,,,,,,323.145917
125700,1.20016667,323.145917,323.145917,323.145917,323.145917,323.145917,323.145917,323.145917,323.145917,323.145917,323.145917,323.145917,323.145917,323.145917,,,,,,,,,323.145917
125760,1.20013333,323.145917,323.145917,323.145917,323.145917,323.145917,323.145917,323.145917,323.145917,323.145917,323.145917,323.145917,323.145917,323.145917,,,,,,,,,323.145917
125820,1.20010000,323.145917,323.145917,323.145917,323.145917,323.145917,323.145917,323.145917,323.145917,323.145917,323.145917,323.145917,323.145917,323.145917,,,,,,,,,323.145917
125880,1.20006667,323.145917,323.145917,323.145917,323.145917,323.145917,323.145917,323.145917,323.145917,323.145917,323.145917,323.145917,323.145917,323.145917,,,,,,,,,323.145917
125940,1.20003333,323.145917,323.145917,323.145917,323.145917,323.145917,323.145917,323.145917,323.145917,323.145917,323.145917,323.145917,323.145917,323.145917,,,,,,,,,323.145917
126000,1.20000000,323.145917,323.145917,323.145917,323.145917,323.145917,323.145917,323.145917,323.145917,323.145917,323.145917,323.145917,323.145917,323.145917,,,,,,,,,323.145917
126060,1.20000000,323.145917,323.145917,323.145917,323.145917,323.145917,323.145917,323.145917,323.145917,323.145917,323.145917,323.145917,323.145917,323.145917,,,,,,,,,323.145917
126120,1.20000000,323.145917,323.145917,323.145917,323.145917,323.145917,323.145917,323.145917,323.145917,323.145917,323.145917,323.145917,323.145917,323.145917,,,,,,,,,323.145917
126180,1.20000000,323.145917,323.145917,323.145917,323.145917,323.145917,323.145917,323.145917,323.145917,323.145917,323.145917,323.145917,323.145917,323.145917,,,,,,,,,323.145917
126240,1.20000000,323.145917,323.145917,323.145917,323.145917,323.145917,323.145917,323.145917,323.145917,323.145917,323.145917,323.145917,323.145917,323.145917,,,,,,,,,323.145917
126300,1.20000000,323.145917,323.145917,323.145917,323.145917,323.145917,323.145917,323.145917,323.145917,323.145917,323.145917,323.145917,323.145917,323.145917,,,,,,,,,323.145917
126360,1.20000000,323.145917,323.145917,323.145917,323.145917,323.145917,323.145917,323.145917,323.145917,323.145917,323.145917,323.145917,323.145917,323.145917,,,,,,,,,323.145917
126420,1.20000000,323.145917,323.145917,323.145917,323.145917,323.145917,323.145917,323.145917,323.145917,323.145917,323.145917,323.145917,323.145917,323.145917,,,,,,,,,323.145917
126480,1.20000000,323.145917,323.145917,323.145917,323.145917,323.145917,323.145917,323.145917,323.145917,323.145917,323.145917,323.145917,323.145917,323.145917,,,,,,,,,323.145917
126540,1.20000000,323.145917,323.145917,323.145917,323.145917,323.145917,323.145917,323.145917,323.145917,323.145917,323.145917,323.145917,323.145917,323.145917,,,,,,,,,323.145917
126600,1.20000000,323.145917,323.145917,323.145917,323.145917,323.145917,323.145917,323.145917,323.145917,323.145917,323.145917,323.145917,323.145917,323.145917,,,,,,,,,323.145917
126660,1.20000000,323.145917,323.145917,323.145917,323.145917,323.145917,323.145917,323.145917,323.145917,323.145917,323.145917,323.145917,323.145917,323.145917,,,,,,,,,323.145917
126720,1.20000000,323.145917,323.145917,323.145917,323.145917,323.145917,323.145917,323.145917,323.145917,323.145917,323.145917,323.145917,323.145917,323.145917,,,,,,,,,323.145917
126780,1.20000000,323.145917,323.145917,323.145917,323.145917,323.145917,323.145917,323.145917,323.145917,323.145917,323.145917,323.145917,323.145917,323.145917,,,,,,,,,323.145917
126840,1.20000000,323.145917,323.145917,323.145917,323.145917,323.145917,323.145917,323.145917,323.145917,323.145917,323.145917,323.145917,323.145917,323.145917,,,,,,,,,323.145917
126900,1.20000000,323.145917,323.145917,323.145917,323.145917,323.145917,323.145917,323.145917,323.145917,323.145917,323.145917,323.145917,323.145917,323.145917,,,,,,,,,323.145917
126960,1.20000000,323.145917,323.145917,323.145917,323.145917,323.145917,323.145917,323.145917,323.145917,323.145917,323.145917,323.145917,323.145917,323.145917,,,,,,,,,323.145917
127020,1.20000000,323.145917,323.145917,323.145917,323.145917,323.145917,323.145917,323.145917,323.145917,323.145917,323.145917,323.145917,323.145917,323.145917,,,,,,,,,323.145917
127080,1.20000000,323.145917,323.145917,323.145917,323.145917,323.145917,323.145917,323.145917,323.145917,323.145917,323.145917,323.145917,323.145917,323.145917,,,,,,,,,323.145917
127140,1.20000000,323.145917,323.145917,323.145917,323.145917,323.145917,323.145917,323.145917,323.145917,323.145917,323.145917,323.145917,323.145917,323.145917,,,,,,,,,323.145917
127200,1.20000000,323.145917,323.145917,323.145917,323.145917,323.145917,323.145917,323.145917,323.145917,323.145917,323.145917,323.145917,323.145917,323.145917,,,,,,,,,323.145917
127260,1.20000000,323.145917,323.145917,323.145917,323.145917,323.145917,323.145917,323.145917,323.145917,323.145917,323.145917,323.145917,323.145917,323.145917,,,,,,,,,323.145917
127320,1.20000000,323.145917,323.145917,323.145917,323.145917,323.145917,323.145917,323.145917,323.145917,323.145917,323.145917,323.145917,323.145917,323.145917,,,,,,,,,323.145917
127380,1.20000000,323.145917,323.145917,323.145917,323.145917,323.145917,323.145917,323.145917,323.145917,323.145917,323.145917,323.145917,323.145917,323.145917,,,,,,,,,323.145917
127440,1.20000000,323.145917,323.145917,323.145917,323.145917,323.145917,323.145917,323.145917,323.145917,323.145917,323.145917,323.145917,323.145917,323.145917,,,,,,,,,323.145917
127500,1.20000000,323.145917,323.145917,323.145917,323.145917,323.145917,323.145917,323.145917,323.145917,323.145917,323.145917,323.145917,323.145917,323.145917,,,,,,,,,323.145917
127560,1.20000000,323.145917,323.145917,323.145917,323.145917,323.145917,323.145917,323.145917,323.145917,323.145917,323.145917,323.145917,323.145917,323.145917,,,,,,,,,323.145917
127620,1.20000000,323.145917,323.145917,323.145917,323.145917,323.145917,323.145917,323.145917,323.145917,323.145917,323.145917,323.145917,323.145917,323.145917,,,,,,,,,323.145917
127680,1.20000000,323.145917,323.145917,323.145917,323.145917,323.145917,323.145917,323.145917,323.145917,323.145917,323.145917,323.145917,323.145917,323.145917,,,,,,,,,323.145917
127740,1.20000000,323.145917,323.145917,323.145917,323.145917,323.145917,323.145917,323.145917,323.145917,323.145917,323.145917,323.145917,323.145917,323.145917,,,,,,,,,323.145917
127800,1.20000000,323.145917,323.145917,323.145917,323.145917,323.145917,323.145917,323.145917,323.145917,323.145917,323.145917,323.145917,323.145917,323.145917,,,,,,,,,323.145917
127860,1.20000000,323.145917,323.145917,323.145917,323.145917,323.145917,323.145917,323.145917,323.145917,323.145917,323.145917,323.145917,323.145917,323.145917,,,,,,,,,323.145917
127920,1.20000000,323.145917,323.145917,323.145917,323.145917,323.145917,323.145917,323.145917,323.145917,323.145917,323.145917,323.145917,323.145917,323.145917,,,,,,,,,323.145917
127980,1.20000000,323.145917,323.145917,323.145917,323.145917,323.145917,323.145917,323.145917,323.145917,323.145917,323.145917,323.145917,323.145917,323.145917,,,,,,,,,323.145917
128040,1.20000000,323.145917,323.145917,323.145917,323.145917,323.145917,323.145917,323.145917,323.145917,323.145917,323.145917,323.145917,323.145917,323.145917,,,,,,,,,323.145917
128100,1.20000000,323.145917,323.145917,323.145917,323.145917,323.145917,323.145917,323.145917,323.145917,323.145917,323.145917,323.145917,323.145917,323.145917,,,,,,,,,323.145917
128160,1.20000000,323.145917,323.145917,323.145917,323.145917,323.145917,323.145917,323.145917,323.145917,323.145917,323.145917,323.145917,323.145917,323.145917,,,,,,,,,323.145917
128220,1.20000000,323.145917,323.145917,323.145917,323.145917,323.145917,323.145917,323.145917,323.145917,323.145917,323.145917,323.145917,323.145917,323.145917,,,,,,,,,323.145917
128280,1.20000000,323.145917,323.145917,323.145917,323.145917,323.145917,323.145917,323.145917,323.145917,323.145917,323.145917,323.145917,323.145917,323.145917,,,,,,,,,323.145917
128340,1.20000000,323.145917,323.145917,323.145917,323.145917,323.145917,323.145917,323.145917,323.145917,323.145917,323.145917,323.145917,323.145917,323.145917,,,,,,,,,323.145917
128400,1.20000000,323.145917,323.145917,323.145917,323.145917,323.145917,323.145917,323.145917,323.145917,323.145917,323.145917,323.145917,323.145917,323.145917,,,,,,,,,323.145917
128460,1.20000000,323.145917,323.145917,323.145917,323.145917,323.145917,323.145917,323.145917,323.145917,323.145917,323.145917,323.145917,323.145917,323.145917,,,,,,,,,323.145917
128520,1.20000000,323.145917,323.145917,323.145917,323.145917,323.145917,323.145917,323.145917,323.145917,323.145917,323.145917,323.145917,323.145917,323.145917,,,,,,,,,323.145917
128580,1.20000000,323.145917,323.145917,323.145917,323.145917,323.145917,323.145917,323.145917,323.145917,323.145917,323.145917,323.145917,323.145917,323.145917,,,,,,,,,323.145917
128640,1.20000000,323.145917,323.145917,323.145917,323.145917,323.145917,323.145917,323.145917,323.145917,323.145917,323.145917,323.145917,323.145917,323.145917,,,,,,,,,323.145917
128700,1.20000000,323.145917,323.145917,323.145917,323.145917,323.145917,323.145917,323.145917,323.145917,323.145917,323.145917,323.145917,323.145917,323.145917,,,,,,,,,323.145917
128760,1.20000000,323.145917,323.145917,323.145917,323.145917,323.145917,323.145917,323.145917,323.145917,323.145917,323.145917,323.145917,323.145917,323.145917,,,,,,,,,323.145917
128820,1.20000000,323.145917,323.145917,323.145917,323.145917,323.145917,323.145917,323.145917,323.145917,323.145917,323.145917,323.145917,323.145917,323.145917,,,,,,,,,323.145917
128880,1.20000000,323.145917,323.145917,323.145917,323.145917,323.145917,323.145917,323.145917,323.145917,323.145917,323.145917,323.145917,323.145917,323.145917,,,,,,,,,323.145917
128940,1.20000000,323.145917,323.145917,323.145917,323.145917,323.145917,323.145917,323.145917,323.145917,323.145917,323.145917,323.145917,323.145917,323.145917,,,,,,,,,323.145917
129000,1.20000000,323.145917,323.145917,323.145917,323.145917,323.145917,323.145917,323.145917,323.145917,323.145917,323.145917,323.145917,323.145917,323.145917,,,,,,,,,323.145917
129060,1.20000000,323.145917,323.145917,323.145917,323.145917,323.145917,323.145917,323.145917,323.145917,323.145917,323.145917,323.145917,323.145917,323.145917,,,,,,,,,323.145917
129120,1.20000000,323.145917,323.145917,323.145917,323.145917,323.145917,323.145917,323.145917,323.145917,323.145917,323.145917,323.145917,323.145917,323.145917,,,,,,,,,323.145917
129180,1.20000000,323.145917,323.145917,323.145917,323.145917,323.145917,323.145917,323.145917,323.145917,323.145917,323.145917,323.145917,323.145917,323.145917,,,,,,,,,323.145917
129240,1.20000000,323.145917,323.145917,323.145917,323.145917,323.145917,323.145917,323.145917,323.145917,323.145917,323.145917,323.145917,323.145917,323.145917,,,,,,,,,323.145917
129300,1.20000000,323.145917,323.145917,323.145917,323.145917,323.145917,323.145917,323.145917,323.145917,323.145917,323.145917,323.145917,323.145917,323.145917,,,,,,,,,323.145917
129360,1.20000000,323.145917,323.145917,323.145917,323.145917,323.145917,323.145917,323.145917,323.145917,323.145917,323.145917,323.145917,323.145917,323.145917,,,,,,,,,323.145917
129420,1.20000000,323.145917,323.145917,323.145917,323.145917,323.145917,323.145917,323.145917,323.145917,323.145917,323.145917,323.145917,323.145917,323.145917,,,,,,,,,323.145917
129480,1.20000000,323.145917,323.145917,323.145917,323.145917,323.145917,323.145917,323.145917,323.145917,323.145917,323.145917,323.145917,323.145917,323.145917,,,,,,,,,323.145917
129540,1.20000000,323.145917,323.145917,323.145917,323.145917,323.145917,323.145917,323.145917,323.145917,323.145917,323.145917,323.145917,323.145917,323.145917,,,,,,,,,323.145917
129600,1.20000000,323.145917,323.145917,323.145917,323.145917,323.145917,323.145917,323.145917,323.145917,323.145917,323.145917,323.145917,323.145917,323.145917,,,,,,,,,323.145917
129660,1.20000000,323.145917,323.145917,323.145917,323.145917,323.145917,323.145917,323.145917,323.145917,323.145917,323.145917,323.145917,323.145917,323.145917,,,,,,,,,323.145917
129720,1.20000000,323.145917,323.145917,323.145917,323.145917,323.145917,323.145917,323.145917,323.145917,323.145917,323.145917,323.145917,323.145917,323.145917,,,,,,,,,323.145917
129780,1.20000000,323.145917,323.145917,323.145917,323.145917,323.145917,323.145917,323.145917,323.145917,323.145917,323.145917,323.145917,323.145917,323.145917,,,,,,,,,323.145917
129840,1.20000000,323.145917,323.145917,323.145917,323.145917,323.145917,323.145917,323.145917,323.145917,323.145917,323.145917,323.145917,323.145917,323.145917,,,,,,,,,323.145917
129900,1.20000000,323.145917,323.145917,323.145917,323.145917,323.145917,323.145917,323.145917,323.145917,323.145917,323.145917,323.145917,323.145917,323.145917,,,,,,,,,323.145917
129960,1.20000000,323.145917,323.145917,323.145917,323.145917,323.145917,323.145917,323.145917,323.145917,323.145917,323.145917,323.145917,323.145917,323.145917,,,,,,,,,323.145917
130020,1.20000000,323.145917,323.145917,323.145917,323.145917,323.145917,323.145917,323.145917,323.145917,323.145917,323.145917,323.145917,323.145917,323.145917,,,,,,,,,323.145917
130080,1.20000000,323.145917,323.145917,323.145917,323.145917,323.145917,323.145917,323.145917,323.145917,323.145917,323.145917,323.145917,323.145917,323.145917,,,,,,,,,323.145917
130140,1.20000000,323.145917,323.145917,323.145917,323.145917,323.145917,323.145917,323.145917,323.145917,323.145917,323.145917,323.145917,323.145917,323.145917,,,,,,,,,323.145917
130200,1.20000000,323.145917,323.145917,323.145917,323.145917,323.145917,323.145917,323.145917,323.145917,323.145917,323.145917,323.145917,323.145917,323.145917,,,,,,,,,323.145917
130260,1.20000000,323.145917,323.145917,323.145917,323.145917,323.145917,323.145917,323.145917,323.145917,323.145917,323.145917,323.145917,323.145917,323.145917,,,,,,,,,323.145917
130320,1.20000000,323.145917,323.145917,323.145917,323.145917,323.145917,323.145917,323.145917,323.145917,323.145917,323.145917,323.145917,323.145917,323.145917,,,,,,,,,323.145917
130380,1.20000000,323.145917,323.145917,323.145917,323.145917,323.145917,323.145917,323.145917,323.145917,323.145917,323.145917,323.145917,323.145917,323.145917,,,,,,,,,323.145917
130440,1.20000000,323.145917,323.145917,323.145917,323.145917,323.145917,323.145917,323.145917,323.145917,323.145917,323.145917,323.145917,323.145917,323.145917,,,,,,,,,323.145917
130500,1.20000000,323.145917,323.145917,323.145917,323.145917,323.145917,323.145917,323.145917,323.145917,323.145917,323.145917,323.145917,323.145917,323.145917,,,,,,,,,323.145917
130560,1.20000000,323.145917,323.145917,323.145917,323.145917,323.145917,323.145917,323.145917,323.145917,323.145917,323.145917,323.145917,323.145917,323.145917,,,,,,,,,323.145917
130620,1.20000000,323.145917,323.145917,323.145917,323.145917,323.145917,323.145917,323.145917,323.145917,323.145917,323.145917,323.145917,323.145917,323.145917,,,,,,,,,323.145917
130680,1.20000000,323.145917,323.145917,323.145917,323.145917,323.145917,323.145917,323.145917,323.145917,323.145917,323.145917,323.145917,323.145917,323.145917,,,,,,,,,323.145917
130740,1.20000000,323.145917,323.145917,323.145917,323.145917,323.145917,323.145917,323.145917,323.145917,323.145917,323.145917,323.145917,323.145917,323.145917,,,,,,,,,323.145917
130800,1.20000000,323.145917,323.145917,323.145917,323.145917,323.145917,323.145917,323.145917,323.145917,323.145917,323.145917,323.145917,323.145917,323.145917,,,,,,,,,323.145917
130860,1.20000000,323.145917,323.145917,323.145917,323.145917,323.145917,323.145917,323.145917,323.145917,323.145917,323.145917,323.145917,323.145917,323.145917,,,,,,,,,323.145917
130920,1.20000000,323.145917,323.145917,323.145917,323.145917,323.145917,323.145917,323.145917,323.145917,323.145917,323.145917,323.145917,323.145917,323.145917,,,,,,,,,323.145917
130980,1.20000000,323.145917,323.145917,323.145917,323.145917,323.145917,323.145917,323.145917,323.145917,323.145917,323.145917,323.145917,323.145917,323.145917,,,,,,,,,323.145917
131040,1.20000000,323.145917,323.145917,323.145917,323.145917,323.145917,323.145917,323.145917,323.145917,323.145917,323.145917,323.145917,323.145917,323.145917,,,,,,,,,323.145917
131100,1.20000000,323.145917,323.145917,323.145917,323.145917,323.145917,323.145917,323.145917,323.145917,323.145917,323.145917,323.145917,323.145917,323.145917,,,,,,,,,323.145917
131160,1.20000000,323.145917,323.145917,323.145917,323.145917,323.145917,323.145917,323.145917,323.145917,323.145917,323.145917,323.145917,323.145917,323.145917,,,,,,,,,323.145917
131220,1.20000000,323.145917,323.145917,323.145917,323.145917,323.145917,323.145917,323.145917,323.145917,323.145917,323.145917,323.145917,323.145917,323.145917,,,,,,,,,323.145917
131280,1.20000000,323.145917,323.145917,323.145917,323.145917,323.145917,323.145917,323.145917,323.145917,323.145917,323.145917,323.145917,323.145917,323.145917,,,,,,,,,323.145917
131340,1.20000000,323.145917,323.145917,323.145917,323.145917,323.145917,323.145917,323.145917,323.145917,323.145917,323.145917,323.145917,323.145917,323.145917,,,,,,,,,323.145917
131400,1.20000000,323.145917,323.145917,323.145917,323.145917,323.145917,323.145917,323.145917,323.145917,323.145917,323.145917,323.145917,323.145917,323.145917,,,,,,,,,323.145917
131460,1.20000000,323.145917,323.145917,323.145917,323.145917,323.145917,323.145917,323.145917,323.145917,323.145917,323.145917,323.145917,323.145917,323.145917,,,,,,,,,323.145917
131520,1.20000000,323.145917,323.145917,323.145917,323.145917,323.145917,323.145917,323.145917,323.145917,323.145917,323.145917,323.145917,323.145917,323.145917,,,,,,,,,323.145917
131580,1.20000000,323.145917,323.145917,323.145917,323.145917,323.145917,323.145917,323.145917,323.145917,323.145917,323.145917,323.145917,323.145917,323.145917,,,,,,,,,323.145917
131640,1.20000000,323.145917,323.145917,323.145917,323.145917,323.145917,323.145917,323.145917,323.145917,323.145917,323.145917,323.145917,323.145917,323.145917,,,,,,,,,323.145917
131700,1.20000000,323.145917,323.145917,323.145917,323.145917,323.145917,323.145917,323.145917,323.145917,323.145917,323.145917,323.145917,323.145917,323.145917,,,,,,,,,323.145917
131760,1.20000000,323.145917,323.145917,323.145917,323.145917,323.145917,323.145917,323.145917,323.145917,323.145917,323.145917,323.145917,323.145917,323.145917,,,,,,,,,323.145917
131820,1.20000000,323.145917,323.145917,323.145917,323.145917,323.145917,323.145917,323.145917,323.145917,323.145917,323.145917,323.145917,323.145917,323.145917,,,,,,,,,323.145917
131880,1.20000000,323.145917,323.145917,323.145917,323.145917,323.145917,323.145917,323.145917,323.145917,323.145917,323.145917,323.145917,323.145917,323.145917,,,,,,,,,323.145917
131940,1.20000000,323.145917,323.145917,323.145917,323.145917,323.145917,323.145917,323.145917,323.145917,323.145917,323.145917,323.145917,323.145917,323.145917,,,,,,,,,323.145917
132000,1.20000000,323.145917,323.145917,323.145917,323.145917,323.145917,323.145917,323.145917,323.145917,323.145917,323.145917,323.145917,323.145917,323.145917,,,,,,,,,323.145917
132060,1.20000000,323.145917,323.145917,323.145917,323.145917,323.145917,323.145917,323.145917,323.145917,323.145917,323.145917,323.145917,323.145917,323.145917,,,,,,,,,323.145917
132120,1.20000000,323.145917,323.145917,323.145917,323.145917,323.145917,323.145917,323.145917,323.145917,323.145917,323.145917,323.145917,323.145917,323.145917,,,,,,,,,323.145917
132180,1.20000000,323.145917,323.145917,323.145917,323.145917,323.145917,323.145917,323.145917,323.145917,323.145917,323.145917,323.145917,323.145917,323.145917,,,,,,,,,323.145917
132240,1.20000000,323.145917,323.145917,323.145917,323.145917,323.145917,323.145917,323.145917,323.145917,323.145917,323.145917,323.145917,323.145917,323.145917,,,,,,,,,323.145917
132300,1.20000000,323.145917,323.145917,323.145917,323.145917,323.145917,323.145917,323.145917,323.145917,323.145917,323.145917,323.145917,323.145917,323.145917,,,,,,,,,323.145917
132360,1.20000000,323.145917,323.145917,323.145917,323.145917,323.145917,323.145917,323.145917,323.145917,323.145917,323.145917,323.145917,323.145917,323.145917,,,,,,,,,323.145917
132420,1.20000000,323.145917,323.145917,323.145917,323.145917,323.145917,323.145917,323.145917,323.145917,323.145917,323.145917,323.145917,323.145917,323.145917,,,,,,,,,323.145917
132480,1.20000000,323.145917,323.145917,323.145917,323.145917,323.145917,323.145917,323.145917,323.145917,323.145917,323.145917,323.145917,323.145917,323.145917,,,,,,,,,323.145917
132540,1.20000000,323.145917,323.145917,323.145917,323.145917,323.145917,323.145917,323.145917,323.145917,323.145917,323.145917,323.145917,323.145917,323.145917,,,,,,,,,323.145917
132600,1.20000000,323.145917,323.145917,323.145917,323.145917,323.145917,323.145917,323.145917,323.145917,323.145917,323.145917,323.145917,323.145917,323.145917,,,,,,,,,323.145917
132660,1.20000000,323.145917,323.145917,323.145917,323.145917,323.145917,323.145917,323.145917,323.145917,323.145917,323.145917,323.145917,323.145917,323.145917,,,,,,,,,323.145917
132720,1.20000000,323.145917,323.145917,323.145917,323.145917,323.145917,323.145917,323.145917,323.145917,323.145917,323.145917,323.145917,323.145917,323.145917,,,,,,,,,323.145917
132780,1.20000000,323.145917,323.145917,323.145917,323.145917,323.145917,323.145917,323.145917,323.145917,323.145917,323.145917,323.145917,323.145917,323.145917,,,,,,,,,323.145917
132840,1.20000000,323.145917,323.145917,323.145917,323.145917,323.145917,323.145917,323.145917,323.145917,323.145917,323.145917,323.145917,323.145917,323.145917,,,,,,,,,323.145917
132900,1.20000000,323.145917,323.145917,323.145917,323.145917,323.145917,323.145917,323.145917,323.145917,323.145917,323.145917,323.145917,323.145917,323.145917,,,,,,,,,323.145917
132960,1.20000000,323.145917,323.145917,323.145917,323.145917,323.145917,323.145917,323.145917,323.145917,323.145917,323.145917,323.145917,323.145917,323.145917,,,,,,,,,323.145917
133020,1.20000000,323.145917,323.145917,323.145917,323.145917,323.145917,323.145917,323.145917,323.145917,323.145917,323.145917,323.145917,323.145917,323.145917,,,,,,,,,323.145917
133080,1.20000000,323.145917,323.145917,323.145917,323.145917,323.145917,323.145917,323.145917,323.145917,323.145917,323.145917,323.145917,323.145917,323.145917,,,,,,,,,323.145917
133140,1.20000000,323.145917,323.145917,323.145917,323.145917,323.145917,323.145917,323.145917,323.145917,323.145917,323.145917,323.145917,323.145917,323.145917,,,,,,,,,323.145917
133200,1.20000000,323.145917,323.145917,323.145917,323.145917,323.145917,323.145917,323.145917,323.145917,323.145917,323.145917,323.145917,323.145917,323.145917,,,,,,,,,323.145917
133260,1.20000000,323.145917,323.145917,323.145917,323.145917,323.145917,323.145917,323.145917,323.145917,323.145917,323.145917,323.145917,323.145917,323.145917,,,,,,,,,323.145917
133320,1.20000000,323.145917,323.145917,323.145917,323.145917,323.145917,323.145917,323.145917,323.145917,323.145917,323.145917,323.145917,323.145917,323.145917,,,,,,,,,323.145917
133380,1.20000000,323.145917,323.145917,323.145917,323.145917,323.145917,323.145917,323.145917,323.145917,323.145917,323.145917,323.145917,323.145917,323.145917,,,,,,,,,323.145917
133440,1.20000000,323.145917,323.145917,323.145917,323.145917,323.145917,323.145917,323.145917,323.145917,323.145917,323.145917,323.145917,323.145917,323.145917,,,,,,,,,323.145917
133500,1.20000000,323.145917,323.145917,323.145917,323.145917,323.145917,323.145917,323.145917,323.145917,323.145917,323.145917,323.145917,323.145917,323.145917,,,,,,,,,323.145917
133560,1.20000000,323.145917,323.145917,323.145917,323.145917,323.145917,323.145917,323.145917,323.145917,323.145917,323.145917,323.145917,323.145917,323.145917,,,,,,,,,323.145917
133620,1.20000000,323.145917,323.145917,323.145917,323.145917,323.145917,323.145917,323.145917,323.145917,323.145917,323.145917,323.145917,323.145917,323.145917,,,,,,,,,323.145917
133680,1.20000000,323.145917,323.145917,323.145917,323.145917,323.145917,323.145917,323.145917,323.145917,323.145917,323.145917,323.145917,323.145917,323.145917,,,,,,,,,323.145917
133740,1.20000000,323.145917,323.145917,323.145917,323.145917,323.145917,323.145917,323.145917,323.145917,323.145917,323.145917,323.145917,323.145917,323.145917,,,,,,,,,323.145917
133800,1.20000000,323.145917,323.145917,323.145917,323.145917,323.145917,323.145917,323.145917,323.145917,323.145917,323.145917,323.145917,323.145917,323.145917,,,,,,,,,323.145917
133860,1.20000000,323.145917,323.145917,323.145917,323.145917,323.145917,323.145917,323.145917,323.145917,323.145917,323.145917,323.145917,323.145917,323.145917,,,,,,,,,323.145917
133920,1.20000000,323.145917,323.145917,323.145917,323.145917,323.145917,323.145917,323.145917,323.145917,323.145917,323.145917,323.145917,323.145917,323.145917,,,,,,,,,323.145917
133980,1.20000000,323.145917,323.145917,323.145917,323.145917,323.145917,323.145917,323.145917,323.145917,323.145917,323.145917,323.145917,323.145917,323.145917,,,,,,,,,323.145917
134040,1.20000000,323.145917,323.145917,323.145917,323.145917,323.145917,323.145917,323.145917,323.145917,323.145917,323.145917,323.145917,323.145917,323.145917,,,,,,,,,323.145917
134100,1.20000000,323.145917,323.145917,323.145917,323.145917,323.145917,323.145917,323.145917,323.145917,323.145917,323.145917,323.145917,323.145917,323.145917,,,,,,,,,323.145917
134160,1.20000000,323.145917,323.145917,323.145917,323.145917,323.145917,323.145917,323.145917,323.145917,323.145917,323.145917,323.145917,323.145917,323.145917,,,,,,,,,323.145917
134220,1.20000000,323.145917,323.145917,323.145917,323.145917,323.145917,323.145917,323.145917,323.145917,323.145917,323.145917,323.145917,323.145917,323.145917,,,,,,,,,323.145917
134280,1.20000000,323.145917,323.145917,323.145917,323.145917,323.145917,323.145917,323.145917,323.145917,323.145917,323.145917,323.145917,323.145917,323.145917,,,,,,,,,323.145917
134340,1.20000000,323.145917,323.145917,323.145917,323.145917,323.145917,323.145917,323.145917,323.145917,323.145917,323.145917,323.145917,323.145917,323.145917,,,,,,,,,323.145917
134400,1.20000000,323.145917,323.145917,323.145917,323.145917,323.145917,323.145917,323.145917,323.145917,323.145917,323.145917,323.145917,323.145917,323.145917,,,,,,,,,323.145917
134460,1.20000000,323.145917,323.145917,323.145917,323.145917,323.145917,323.145917,323.145917,323.145917,323.145917,323.145917,323.145917,323.145917,323.145917,,,,,,,,,323.145917
134520,1.20000000,323.145917,323.145917,323.145917,323.145917,323.145917,323.145917,323.145917,323.145917,323.145917,323.145917,323.145917,323.145917,323.145917,,,,,,,,,323.145917
134580,1.20000000,323.145917,323.145917,323.145917,323.145917,323.145917,323.145917,323.145917,323.145917,323.145917,323.145917,323.145917,323.145917,323.145917,,,,,,,,,323.145917
134640,1.20000000,323.145917,323.145917,323.145917,323.145917,323.145917,323.145917,323.145917,323.145917,323.145917,323.145917,323.145917,323.145917,323.145917,,,,,,,,,323.145917
134700,1.20000000,323.145917,323.145917,323.145917,323.145917,323.145917,323.145917,323.145917,323.145917,323.145917,323.145917,323.145917,323.145917,323.145917,,,,,,,,,323.145917
134760,1.20000000,323.145917,323.145917,323.145917,323.145917,323.145917,323.145917,323.145917,323.145917,323.145917,323.145917,323.145917,323.145917,323.145917,,,,,,,,,323.145917
134820,1.20000000,323.145917,323.145917,323.145917,323.145917,323.145917,323.145917,323.145917,323.145917,323.145917,323.145917,323.145917,323.145917,323.145917,,,,,,,,,323.145917
134880,1.20000000,323.145917,323.145917,323.145917,323.145917,323.145917,323.145917,323.145917,323.145917,323.145917,323.145917,323.145917,323.145917,323.145917,,,,,,,,,323.145917
134940,1.20000000,323.145917,323.145917,323.145917,323.145917,323.145917,323.145917,323.145917,323.145917,323.145917,323.145917,323.145917,323.145917,323.145917,,,,,,,,,323.145917
135000,1.20000000,323.145917,323.145917,323.145917,323.145917,323.145917,323.145917,323.145917,323.145917,323.145917,323.145917,323.145917,323.145917,323.145917,,,,,,,,,323.145917
135060,1.20000000,323.145917,323.145917,323.145917,323.145917,323.145917,323.145917,323.145917,323.145917,323.145917,323.145917,323.145917,323.145917,323.145917,,,,,,,,,323.145917
135120,1.20000000,323.145917,323.145917,323.145917,323.145917,323.145917,323.145917,323.145917,323.145917,323.145917,323.145917,323.145917,323.145917,323.145917,,,,,,,,,323.145917
135180,1.20000000,323.145917,323.145917,323.145917,323.145917,323.145917,323.145917,323.145917,323.145917,323.145917,323.145917,323.145917,323.145917,323.145917,,,,,,,,,323.145917
135240,1.20000000,323.145917,323.145917,323.145917,323.145917,323.145917,323.145917,323.145917,323.145917,323.145917,323.145917,323.145917,323.145917,323.145917,,,,,,,,,323.145917
135300,1.20000000,323.145917,323.145917,323.145917,323.145917,323.145917,323.145917,323.145917,323.145917,323.145917,323.145917,323.145917,323.145917,323.145917,,,,,,,,,323.145917
135360,1.20000000,323.145917,323.145917,323.145917,323.145917,323.145917,323.145917,323.145917,323.145917,323.145917,323.145917,323.145917,323.145917,323.145917,,,,,,,,,323.145917
135420,1.20000000,323.145917,323.145917,323.145917,323.145917,323.145917,323.145917,323.145917,323.145917,323.145917,323.145917,323.145917,323.145917,323.145917,,,,,,,,,323.145917
135480,1.20000000,323.145917,323.145917,323.145917,323.145917,323.145917,323.145917,323.145917,323.145917,323.145917,323.145917,323.145917,323.145917,323.145917,,,,,,,,,323.145917
135540,1.20000000,323.145917,323.145917,323.145917,323.145917,323.145917,323.145917,323.145917,323.145917,323.145917,323.145917,323.145917,323.145917,323.145917,,,,,,,,,323.145917
135600,1.20000000,323.145917,323.145917,323.145917,323.145917,323.145917,323.145917,323.145917,323.145917,323.145917,323.145917,323.145917,323.145917,323.145917,,,,,,,,,323.145917
135660,1.20000000,323.145917,323.145917,323.145917,323.145917,323.145917,323.145917,323.145917,323.145917,323.145917,323.145917,323.145917,323.145917,323.145917,,,,,,,,,323.145917
135720,1.20000000,323.145917,323.145917,323.145917,323.145917,323.145917,323.145917,323.145917,323.145917,323.145917,323.145917,323.145917,323.145917,323.145917,,,,,,,,,323.145917
135780,1.20000000,323.145917,323.145917,323.145917,323.145917,323.145917,323.145917,323.145917,323.145917,323.145917,323.145917,323.145917,323.145917,323.145917,,,,,,,,,323.145917
135840,1.20000000,323.145917,323.145917,323.145917,323.145917,323.145917,323.145917,323.145917,323.145917,323.145917,323.145917,323.145917,323.145917,323.145917,,,,,,,,,323.145917
135900,1.20000000,323.145917,323.145917,323.145917,323.145917,323.145917,323.145917,323.145917,323.145917,323.145917,323.145917,323.145917,323.145917,323.145917,,,,,,,,,323.145917
135960,1.20000000,323.145917,323.145917,323.145917,323.145917,323.145917,323.145917,323.145917,323.145917,323.145917,323.145917,323.145917,323.145917,323.145917,,,,,,,,,323.145917
136020,1.20000000,323.145917,323.145917,323.145917,323.145917,323.145917,323.145917,323.145917,323.145917,323.145917,323.145917,323.145917,323.145917,323.145917,,,,,,,,,323.145917
136080,1.20000000,323.145917,323.145917,323.145917,323.145917,323.145917,323.145917,323.145917,323.145917,323.145917,323.145917,323.145917,323.145917,323.145917,,,,,,,,,323.145917
136140,1.20000000,323.145917,323.145917,323.145917,323.145917,323.145917,323.145917,323.145917,323.145917,323.145917,323.145917,323.145917,323.145917,323.145917,,,,,,,,,323.145917
136200,1.20000000,323.145917,323.145917,323.145917,323.145917,323.145917,323.145917,323.145917,323.145917,323.145917,323.145917,323.145917,323.145917,323.145917,,,,,,,,,323.145917
136260,1.20000000,323.145917,323.145917,323.145917,323.145917,323.145917,323.145917,323.145917,323.145917,323.145917,323.145917,323.145917,323.145917,323.145917,,,,,,,,,323.145917
136320,1.20000000,323.145917,323.145917,323.145917,323.145917,323.145917,323.145917,323.145917,323.145917,323.145917,323.145917,323.145917,323.145917,323.145917,,,,,,,,,323.145917
136380,1.20000000,323.145917,323.145917,323.145917,323.145917,323.145917,323.145917,323.145917,323.145917,323.145917,323.145917,323.145917,323.145917,323.145917,,,,,,,,,323.145917
136440,1.20000000,323.145917,323.145917,323.145917,323.145917,323.145917,323.145917,323.145917,323.145917,323.145917,323.145917,323.145917,323.145917,323.145917,,,,,,,,,323.145917
136500,1.20000000,323.145917,323.145917,323.145917,323.145917,323.145917,323.145917,323.145917,323.145917,323.145917,323.145917,323.145917,323.145917,323.145917,,,,,,,,,323.145917
136560,1.20000000,323.145917,323.145917,323.145917,323.145917,323.145917,323.145917,323.145917,323.145917,323.145917,323.145917,323.145917,323.145917,323.145917,,,,,,,,,323.145917
136620,1.20000000,323.145917,323.145917,323.145917,323.145917,323.145917,323.145917,323.145917,323.145917,323.145917,323.145917,323.145917,323.145917,323.145917,,,,,,,,,323.145917
136680,1.20000000,323.145917,323.145917,323.145917,323.145917,323.145917,323.145917,323.145917,323.145917,323.145917,323.145917,323.145917,323.145917,323.145917,,,,,,,,,323.145917
136740,1.20000000,323.145917,323.145917,323.145917,323.145917,323.145917,323.145917,323.145917,323.145917,323.145917,323.145917,323.145917,323.145917,323.145917,,,,,,,,,323.145917
136800,1.20000000,323.145917,323.145917,323.145917,323.145917,323.145917,323.145917,323.145917,323.145917,323.145917,323.145917,323.145917,323.145917,323.145917,,,,,,,,,323.145917
136860,1.20000000,323.145917,323.145917,323.145917,323.145917,323.145917,323.145917,323.145917,323.145917,323.145917,323.145917,323.145917,323.145917,323.145917,,,,,,,,,323.145917
136920,1.20000000,323.145917,323.145917,323.145917,323.145917,323.145917,323.145917,323.145917,323.145917,323.145917,323.145917,323.145917,323.145917,323.145917,,,,,,,,,323.145917
136980,1.20000000,323.145917,323.145917,323.145917,323.145917,323.145917,323.145917,323.145917,323.145917,323.145917,323.145917,323.145917,323.145917,323.145917,,,,,,,,,323.145917
137040,1.20000000,323.145917,323.145917,323.145917,323.145917,323.145917,323.145917,323.145917,323.145917,323.145917,323.145917,323.145917,323.145917,323.145917,,,,,,,,,323.145917
137100,1.20000000,323.145917,323.145917,323.145917,323.145917,323.145917,323.145917,323.145917,323.145917,323.145917,323.145917,323.145917,323.145917,323.145917,,,,,,,,,323.145917
137160,1.20000000,323.145917,323.145917,323.145917,323.145917,323.145917,323.145917,323.145917,323.145917,323.145917,323.145917,323.145917,323.145917,323.145917,,,,,,,,,323.145917
137220,1.20000000,323.145917,323.145917,323.145917,323.145917,323.145917,323.145917,323.145917,323.145917,323.145917,323.145917,323.145917,323.145917,323.145917,,,,,,,,,323.145917
137280,1.20000000,323.145917,323.145917,323.145917,323.145917,323.145917,323.145917,323.145917,323.145917,323.145917,323.145917,323.145917,323.145917,323.145917,,,,,,,,,323.145917
137340,1.20000000,323.145917,323.145917,323.145917,323.145917,323.145917,323.145917,323.145917,323.145917,323.145917,323.145917,323.145917,323.145917,323.145917,,,,,,,,,323.145917
137400,1.20000000,323.145917,323.145917,323.145917,323.145917,323.145917,323.145917,323.145917,323.145917,323.145917,323.145917,323.145917,323.145917,323.145917,,,,,,,,,323.145917
137460,1.20000000,323.145917,323.145917,323.145917,323.145917,323.145917,323.145917,323.145917,323.145917,323.145917,323.145917,323.145917,323.145917,323.145917,,,,,,,,,323.145917
137520,1.20000000,323.145917,323.145917,323.145917,323.145917,323.145917,323.145917,323.145917,323.145917,323.145917,323.145917,323.145917,323.145917,323.145917,,,,,,,,,323.145917
137580,1.20000000,323.145917,323.145917,323.145917,323.145917,323.145917,323.145917,323.145917,323.145917,323.145917,323.145917,323.145917,323.145917,323.145917,,,,,,,,,323.145917
137640,1.20000000,323.145917,323.145917,323.145917,323.145917,323.145917,323.145917,323.145917,323.145917,323.145917,323.145917,323.145917,323.145917,323.145917,,,,,,,,,323.145917
137700,1.20000000,323.145917,323.145917,323.145917,323.145917,323.145917,323.145917,323.145917,323.145917,323.145917,323.145917,323.145917,323.145917,323.145917,,,,,,,,,323.145917
137760,1.20000000,323.145917,323.145917,323.145917,323.145917,323.145917,323.145917,323.145917,323.145917,323.145917,323.145917,323.145917,323.145917,323.145917,,,,,,,,,323.145917
137820,1.20000000,323.145917,323.145917,323.145917,323.145917,323.145917,323.145917,323.145917,323.145917,323.145917,323.145917,323.145917,323.145917,323.145917,,,,,,,,,323.145917
137880,1.20000000,323.145917,323.145917,323.145917,323.145917,323.145917,323.145917,323.145917,323.145917,323.145917,323.145917,323.145917,323.145917,323.145917,,,,,,,,,323.145917
137940,1.20000000,323.145917,323.145917,323.145917,323.145917,323.145917,323.145917,323.145917,323.145917,323.145917,323.145917,323.145917,323.145917,323.145917,,,,,,,,,323.145917
138000,1.20000000,323.145917,323.145917,323.145917,323.145917,323.145917,323.145917,323.145917,323.145917,323.145917,323.145917,323.145917,323.145917,323.145917,,,,,,,,,323.145917
138060,1.20000000,323.145917,323.145917,323.145917,323.145917,323.145917,323.145917,323.145917,323.145917,323.145917,323.145917,323.145917,323.145917,323.145917,,,,,,,,,323.145917
138120,1.20000000,323.145917,323.145917,323.145917,323.145917,323.145917,323.145917,323.145917,323.145917,323.145917,323.145917,323.145917,323.145917,323.145917,,,,,,,,,323.145917
138180,1.20000000,323.145917,323.145917,323.145917,323.145917,323.145917,323.145917,323.145917,323.145917,323.145917,323.145917,323.145917,323.145917,323.145917,,,,,,,,,323.145917
138240,1.20000000,323.145917,323.145917,323.145917,323.145917,323.145917,323.145917,323.145917,323.145917,323.145917,323.145917,323.145917,323.145917,323.145917,,,,,,,,,323.145917
138300,1.20000000,323.145917,323.145917,323.145917,323.145917,323.145917,323.145917,323.145917,323.145917,323.145917,323.145917,323.145917,323.145917,323.145917,,,,,,,,,323.145917
138360,1.20000000,323.145917,323.145917,323.145917,323.145917,323.145917,323.145917,323.145917,323.145917,323.145917,323.145917,323.145917,323.145917,323.145917,,,,,,,,,323.145917
138420,1.20000000,323.145917,323.145917,323.145917,323.145917,323.145917,323.145917,323.145917,323.145917,323.145917,323.145917,323.145917,323.145917,323.145917,,,,,,,,,323.145917
138480,1.20000000,323.145917,323.145917,323.145917,323.145917,323.145917,323.145917,323.145917,323.145917,323.145917,323.145917,323.145917,323.145917,323.145917,,,,,,,,,323.145917
138540,1.20000000,323.145917,323.145917,323.145917,323.145917,323.145917,323.145917,323.145917,323.145917,323.145917,323.145917,323.145917,323.145917,323.145917,,,,,,,,,323.145917
138600,1.20000000,323.145917,323.145917,323.145917,323.145917,323.145917,323.145917,323.145917,323.145917,323.145917,323.145917,323.145917,323.145917,323.145917,,,,,,,,,323.145917
138660,1.20000000,323.145917,323.145917,323.145917,323.145917,323.145917,323.145917,323.145917,323.145917,323.145917,323.145917,323.145917,323.145917,323.145917,,,,,,,,,323.145917
138720,1.20000000,323.145917,323.145917,323.145917,323.145917,323.145917,323.145917,323.145917,323.145917,323.145917,323.145917,323.145917,323.145917,323.145917,,,,,,,,,323.145917
138780,1.20000000,323.145917,323.145917,323.145917,323.145917,323.145917,323.145917,323.145917,323.145917,323.145917,323.145917,323.145917,323.145917,323.145917,,,,,,,,,323.145917
138840,1.20000000,323.145917,323.145917,323.145917,323.145917,323.145917,323.145917,323.145917,323.145917,323.145917,323.145917,323.145917,323.145917,323.145917,,,,,,,,,323.145917
138900,1.20000000,323.145917,323.145917,323.145917,323.145917,323.145917,323.145917,323.145917,323.145917,323.145917,323.145917,323.145917,323.145917,323.145917,,,,,,,,,323.145917
138960,1.20000000,323.145917,323.145917,323.145917,323.145917,323.145917,323.145917,323.145917,323.145917,323.145917,323.145917,323.145917,323.145917,323.145917,,,,,,,,,323.145917
139020,1.20000000,323.145917,323.145917,323.145917,323.145917,323.145917,323.145917,323.145917,323.145917,323.145917,323.145917,323.145917,323.145917,323.145917,,,,,,,,,323.145917
139080,1.20000000,323.145917,323.145917,323.145917,323.145917,323.145917,323.145917,323.145917,323.145917,323.145917,323.145917,323.145917,323.145917,323.145917,,,,,,,,,323.145917
139140,1.20000000,323.145917,323.145917,323.145917,323.145917,323.145917,323.145917,323.145917,323.145917,323.145917,323.145917,323.145917,323.145917,323.145917,,,,,,,,,323.145917
139200,1.20000000,323.145917,323.145917,323.145917,323.145917,323.145917,323.145917,323.145917,323.145917,323.145917,323.145917,323.145917,323.145917,323.145917,,,,,,,,,323.145917
139260,1.20000000,323.145917,323.145917,323.145917,323.145917,323.145917,323.145917,323.145917,323.145917,323.145917,323.145917,323.145917,323.145917,323.145917,,,,,,,,,323.145917
139320,1.20000000,323.145917,323.145917,323.145917,323.145917,323.145917,323.145917,323.145917,323.145917,323.145917,323.145917,323.145917,323.145917,323.145917,,,,,,,,,323.145917
139380,1.20000000,323.145917,323.145917,323.145917,323.145917,323.145917,323.145917,323.145917,323.145917,323.145917,323.145917,323.145917,323.145917,323.145917,,,,,,,,,323.145917
139440,1.20000000,323.145917,323.145917,323.145917,323.145917,323.145917,323.145917,323.145917,323.145917,323.145917,323.145917,323.145917,323.145917,323.145917,,,,,,,,,323.145917
139500,1.20000000,323.145917,323.145917,323.145917,323.145917,323.145917,323.145917,323.145917,323.145917,323.145917,323.145917,323.145917,323.145917,323.145917,,,,,,,,,323.145917
139560,1.20000000,323.145917,323.145917,323.145917,323.145917,323.145917,323.145917,323.145917,323.145917,323.145917,323.145917,323.145917,323.145917,323.145917,,,,,,,,,323.145917
139620,1.20000000,323.145917,323.145917,323.145917,323.145917,323.145917,323.145917,323.145917,323.145917,323.145917,323.145917,323.145917,323.145917,323.145917,,,,,,,,,323.145917
139680,1.20000000,323.145917,323.145917,323.145917,323.145917,323.145917,323.145917,323.145917,323.145917,323.145917,323.145917,323.145917,323.145917,323.145917,,,,,,,,,323.145917
139740,1.20000000,323.145917,323.145917,323.145917,323.145917,323.145917,323.145917,323.145917,323.145917,323.145917,323.145917,323.145917,323.145917,323.145917,,,,,,,,,323.145917
139800,1.20000000,323.145917,323.145917,323.145917,323.145917,323.145917,323.145917,323.145917,323.145917,323.145917,323.145917,323.145917,323.145917,323.145917,,,,,,,,,323.145917
139860,1.20000000,323.145917,323.145917,323.145917,323.145917,323.145917,323.145917,323.145917,323.145917,323.145917,323.145917,323.145917,323.145917,323.145917,,,,,,,,,323.145917
139920,1.20000000,323.145917,323.145917,323.145917,323.145917,323.145917,323.145917,323.145917,323.145917,323.145917,323.145917,323.145917,323.145917,323.145917,,,,,,,,,323.145917
139980,1.20000000,323.145917,323.145917,323.145917,323.145917,323.145917,323.145917,323.145917,323.145917,323.145917,323.145917,323.145917,323.145917,323.145917,,,,,,,,,323.145917
140040,1.20000000,323.145917,323.145917,323.145917,323.145917,323.145917,323.145917,323.145917,323.145917,323.145917,323.145917,323.145917,323.145917,323.145917,,,,,,,,,323.145917
140100,1.20000000,323.145917,323.145917,323.145917,323.145917,323.145917,323.145917,323.145917,323.145917,323.145917,323.145917,323.145917,323.145917,323.145917,,,,,,,,,323.145917
140160,1.20000000,323.145917,323.145917,323.145917,323.145917,323.145917,323.145917,323.145917,323.145917,323.145917,323.145917,323.145917,323.145917,323.145917,,,,,,,,,323.145917
140220,1.20000000,323.145917,323.145917,323.145917,323.145917,323.145917,323.145917,323.145917,323.145917,323.145917,323.145917,323.145917,323.145917,323.145917,,,,,,,,,323.145917
140280,1.20000000,323.145917,323.145917,323.145917,323.145917,323.145917,323.145917,323.145917,323.145917,323.145917,323.145917,323.145917,323.145917,323.145917,,,,,,,,,323.145917
140340,1.20000000,323.145917,323.145917,323.145917,323.145917,323.145917,323.145917,323.145917,323.145917,323.145917,323.145917,323.145917,323.145917,323.145917,,,,,,,,,323.145917
140400,1.20000000,323.145917,323.145917,323.145917,323.145917,323.145917,323.145917,323.145917,323.145917,323.145917,323.145917,323.145917,323.145917,323.145917,,,,,,,,,323.145917
140460,1.20000000,323.145917,323.145917,323.145917,323.145917,323.145917,323.145917,323.145917,323.145917,323.145917,323.145917,323.145917,323.145917,323.145917,,,,,,,,,323.145917
140520,1.20000000,323.145917,323.145917,323.145917,323.145917,323.145917,323.145917,323.145917,323.145917,323.145917,323.145917,323.145917,323.145917,323.145917,,,,,,,,,323.145917
140580,1.20000000,323.145917,323.145917,323.145917,323.145917,323.145917,323.145917,323.145917,323.145917,323.145917,323.145917,323.145917,323.145917,323.145917,,,,,,,,,323.145917
140640,1.20000000,323.145917,323.145917,323.145917,323.145917,323.145917,323.145917,323.145917,323.145917,323.145917,323.145917,323.145917,323.145917,323.145917,,,,,,,,,323.145917
140700,1.20000000,323.145917,323.145917,323.145917,323.145917,323.145917,323.145917,323.145917,323.145917,323.145917,323.145917,323.145917,323.145917,323.145917,,,,,,,,,323.145917
140760,1.20000000,323.145917,323.145917,323.145917,323.145917,323.145917,323.145917,323.145917,323.145917,323.145917,323.145917,323.145917,323.145917,323.145917,,,,,,,,,323.145917
140820,1.20000000,323.145917,323.145917,323.145917,323.145917,323.145917,323.145917,323.145917,323.145917,323.145917,323.145917,323.145917,323.145917,323.145917,,,,,,,,,323.145917
140880,1.20000000,323.145917,323.145917,323.145917,323.145917,323.145917,323.145917,323.145917,323.145917,323.145917,323.145917,323.145917,323.145917,323.145917,,,,,,,,,323.145917
140940,1.20000000,323.145917,323.145917,323.145917,323.145917,323.145917,323.145917,323.145917,323.145917,323.145917,323.145917,323.145917,323.145917,323.145917,,,,,,,,,323.145917
141000,1.20000000,323.145917,323.145917,323.145917,323.145917,323.145917,323.145917,323.145917,323.145917,323.145917,323.145917,323.145917,323.145917,323.145917,,,,,,,,,323.145917
141060,1.20000000,323.145917,323.145917,323.145917,323.145917,323.145917,323.145917,323.145917,323.145917,323.145917,323.145917,323.145917,323.145917,323.145917,,,,,,,,,323.145917
141120,1.20000000,323.145917,323.145917,323.145917,323.145917,323.145917,323.145917,323.145917,323.145917,323.145917,323.145917,323.145917,323.145917,323.145917,,,,,,,,,323.145917
141180,1.20000000,323.145917,323.145917,323.145917,323.145917,323.145917,323.145917,323.145917,323.145917,323.145917,323.145917,323.145917,323.145917,323.145917,,,,,,,,,323.145917
141240,1.20000000,323.145917,323.145917,323.145917,323.145917,323.145917,323.145917,323.145917,323.145917,323.145917,323.145917,323.145917,323.145917,323.145917,,,,,,,,,323.145917
141300,1.20000000,323.145917,323.145917,323.145917,323.145917,323.145917,323.145917,323.145917,323.145917,323.145917,323.145917,323.145917,323.145917,323.145917,,,,,,,,,323.145917
141360,1.20000000,323.145917,323.145917,323.145917,323.145917,323.145917,323.145917,323.145917,323.145917,323.145917,323.145917,323.145917,323.145917,323.145917,,,,,,,,,323.145917
141420,1.20000000,323.145917,323.145917,323.145917,323.145917,323.145917,323.145917,323.145917,323.145917,323.145917,323.145917,323.145917,323.145917,323.145917,,,,,,,,,323.145917
141480,1.20000000,323.145917,323.145917,323.145917,323.145917,323.145917,323.145917,323.145917,323.145917,323.145917,323.145917,323.145917,323.145917,323.145917,,,,,,,,,323.145917
141540,1.20000000,323.145917,323.145917,323.145917,323.145917,323.145917,323.145917,323.145917,323.145917,323.145917,323.145917,323.145917,323.145917,323.145917,,,,,,,,,323.145917
141600,1.20000000,323.145917,323.145917,323.145917,323.145917,323.145917,323.145917,323.145917,323.145917,323.145917,323.145917,323.145917,323.145917,323.145917,,,,,,,,,323.145917
141660,1.20000000,323.145917,323.145917,323.145917,323.145917,323.145917,323.145917,323.145917,323.145917,323.145917,323.145917,323.145917,323.145917,323.145917,,,,,,,,,323.145917
141720,1.20000000,323.145917,323.145917,323.145917,323.145917,323.145917,323.145917,323.145917,323.145917,323.145917,323.145917,323.145917,323.145917,323.145917,,,,,,,,,323.145917
141780,1.20000000,323.145917,323.145917,323.145917,323.145917,323.145917,323.145917,323.145917,323.145917,323.145917,323.145917,323.145917,323.145917,323.145917,,,,,,,,,323.145917
141840,1.20000000,323.145917,323.145917,323.145917,323.145917,323.145917,323.145917,323.145917,323.145917,323.145917,323.145917,323.145917,323.145917,323.145917,,,,,,,,,323.145917
141900,1.20000000,323.145917,323.145917,323.145917,323.145917,323.145917,323.145917,323.145917,323.145917,323.145917,323.145917,323.145917,323.145917,323.145917,,,,,,,,,323.145917
141960,1.20000000,323.145917,323.145917,323.145917,323.145917,323.145917,323.145917,323.145917,323.145917,323.145917,323.145917,323.145917,323.145917,323.145917,,,,,,,,,323.145917
142020,1.20000000,323.145917,323.145917,323.145917,323.145917,323.145917,323.145917,323.145917,323.145917,323.145917,323.145917,323.145917,323.145917,323.145917,,,,,,,,,323.145917
142080,1.20000000,323.145917,323.145917,323.145917,323.145917,323.145917,323.145917,323.145917,323.145917,323.145917,323.145917,323.145917,323.145917,323.145917,,,,,,,,,323.145917
142140,1.20000000,323.145917,323.145917,323.145917,323.145917,323.145917,323.145917,323.145917,323.145917,323.145917,323.145917,323.145917,323.145917,323.145917,,,,,,,,,323.145917
142200,1.20000000,323.145917,323.145917,323.145917,323.145917,323.145917,323.145917,323.145917,323.145917,323.145917,323.145917,323.145917,323.145917,323.145917,,,,,,,,,323.145917
142260,1.20000000,323.145917,323.145917,323.145917,323.145917,323.145917,323.145917,323.145917,323.145917,323.145917,323.145917,323.145917,323.145917,323.145917,,,,,,,,,323.145917
142320,1.20000000,323.145917,323.145917,323.145917,323.145917,323.145917,323.145917,323.145917,323.145917,323.145917,323.145917,323.145917,323.145917,323.145917,,,,,,,,,323.145917
142380,1.20000000,323.145917,323.145917,323.145917,323.145917,323.145917,323.145917,323.145917,323.145917,323.145917,323.145917,323.145917,323.145917,323.145917,,,,,,,,,323.145917
142440,1.20000000,323.145917,323.145917,323.145917,323.145917,323.145917,323.145917,323.145917,323.145917,323.145917,323.145917,323.145917,323.145917,323.145917,,,,,,,,,323.145917
142500,1.20000000,323.145917,323.145917,323.145917,323.145917,323.145917,323.145917,323.145917,323.145917,323.145917,323.145917,323.145917,323.145917,323.145917,,,,,,,,,323.145917
142560,1.20000000,323.145917,323.145917,323.145917,323.145917,323.145917,323.145917,323.145917,323.145917,323.145917,323.145917,323.145917,323.145917,323.145917,,,,,,,,,323.145917
142620,1.20000000,323.145917,323.145917,323.145917,323.145917,323.145917,323.145917,323.145917,323.145917,323.145917,323.145917,323.145917,323.145917,323.145917,,,,,,,,,323.145917
142680,1.20000000,323.145917,323.145917,323.145917,323.145917,323.145917,323.145917,323.145917,323.145917,323.145917,323.145917,323.145917,323.145917,323.145917,,,,,,,,,323.145917
142740,1.20000000,323.145917,323.145917,323.145917,323.145917,323.145917,323.145917,323.145917,323.145917,323.145917,323.145917,323.145917,323.145917,323.145917,,,,,,,,,323.145917
142800,1.20000000,323.145917,323.145917,323.145917,323.145917,323.145917,323.145917,323.145917,323.145917,323.145917,323.145917,323.145917,323.145917,323.145917,,,,,,,,,323.145917
142860,1.20000000,323.145917,323.145917,323.145917,323.145917,323.145917,323.145917,323.145917,323.145917,323.145917,323.145917,323.145917,323.145917,323.145917,,,,,,,,,323.145917
142920,1.20000000,323.145917,323.145917,323.145917,323.145917,323.145917,323.145917,323.145917,323.145917,323.145917,323.145917,323.145917,323.145917,323.145917,,,,,,,,,323.145917
142980,1.20000000,323.145917,323.145917,323.145917,323.145917,323.145917,323.145917,323.145917,323.145917,323.145917,323.145917,323.145917,323.145917,323.145917,,,,,,,,,323.145917
143040,1.20000000,323.145917,323.145917,323.145917,323.145917,323.145917,323.145917,323.145917,323.145917,323.145917,323.145917,323.145917,323.145917,323.145917,,,,,,,,,323.145917
143100,1.20000000,323.145917,323.145917,323.145917,323.145917,323.145917,323.145917,323.145917,323.145917,323.145917,323.145917,323.145917,323.145917,323.145917,,,,,,,,,323.145917
143160,1.20000000,323.145917,323.145917,323.145917,323.145917,323.145917,323.145917,323.145917,323.145917,323.145917,323.145917,323.145917,323.145917,323.145917,,,,,,,,,323.145917
143220,1.20000000,323.145917,323.145917,323.145917,323.145917,323.145917,323.145917,323.145917,323.145917,323.145917,323.145917,323.145917,323.145917,323.145917,,,,,,,,,323.145917
143280,1.20000000,323.145917,323.145917,323.145917,323.145917,323.145917,323.145917,323.145917,323.145917,323.145917,323.145917,323.145917,323.145917,323.145917,,,,,,,,,323.145917
143340,1.20000000,323.145917,323.145917,323.145917,323.145917,323.145917,323.145917,323.145917,323.145917,323.145917,323.145917,323.145917,323.145917,323.145917,,,,,,,,,323.145917
143400,1.20000000,323.145917,323.145917,323.145917,323.145917,323.145917,323.145917,323.145917,323.145917,323.145917,323.145917,323.145917,323.145917,323.145917,,,,,,,,,323.145917
143460,1.20000000,323.145917,323.145917,323.145917,323.145917,323.145917,323.145917,323.145917,323.145917,323.145917,323.145917,323.145917,323.145917,323.145917,,,,,,,,,323.145917
143520,1.20000000,323.145917,323.145917,323.145917,323.145917,323.145917,323.145917,323.145917,323.145917,323.145917,323.145917,323.145917,323.145917,323.145917,,,,,,,,,323.145917
143580,1.20000000,323.145917,323.145917,323.145917,323.145917,323.145917,323.145917,323.145917,323.145917,323.145917,323.145917,323.145917,323.145917,323.145917,,,,,,,,,323.145917
143640,1.20000000,323.145917,323.145917,323.145917,323.145917,323.145917,323.145917,323.145917,323.145917,323.145917,323.145917,323.145917,323.145917,323.145917,,,,,,,,,323.145917
143700,1.20000000,323.145917,323.145917,323.145917,323.145917,323.145917,323.145917,323.145917,323.145917,323.145917,323.145917,323.145917,323.145917,323.145917,,,,,,,,,323.145917
143760,1.20000000,323.145917,323.145917,323.145917,323.145917,323.145917,323.145917,323.145917,323.145917,323.145917,323.145917,323.145917,323.145917,323.145917,,,,,,,,,323.145917
143820,1.20000000,323.145917,323.145917,323.145917,323.145917,323.145917,323.145917,323.145917,323.145917,323.145917,323.145917,323.145917,323.145917,323.145917,,,,,,,,,323.145917
143880,1.20000000,323.145917,323.145917,323.145917,323.145917,323.145917,323.145917,323.145917,323.145917,323.145917,323.145917,323.145917,323.145917,323.145917,,,,,,,,,323.145917
143940,1.20000000,323.145917,323.145917,323.145917,323.145917,323.145917,323.145917,323.145917,323.145917,323.145917,323.145917,323.145917,323.145917,323.145917,,,,,,,,,323.145917
144000,1.20000000,323.145917,323.145917,323.145917,323.145917,323.145917,323.145917,323.145917,323.145917,323.145917,323.145917,323.145917,323.145917,323.145917,,,,,,,,,323.145917
144060,1.20000000,323.145917,323.145917,323.145917,323.145917,323.145917,323.145917,323.145917,323.145917,323.145917,323.145917,323.145917,323.145917,323.145917,,,,,,,,,323.145917
144120,1.20000000,323.145917,323.145917,323.145917,323.145917,323.145917,323.145917,323.145917,323.145917,323.145917,323.145917,323.145917,323.145917,323.145917,,,,,,,,,323.145917
144180,1.20000000,323.145917,323.145917,323.145917,323.145917,323.145917,323.145917,323.145917,323.145917,323.145917,323.145917,323.145917,323.145917,323.145917,,,,,,,,,323.145917
144240,1.20000000,323.145917,323.145917,323.145917,323.145917,323.145917,323.145917,323.145917,323.145917,323.145917,323.145917,323.145917,323.145917,323.145917,,,,,,,,,323.145917
144300,1.20000000,323.145917,323.145917,323.145917,323.145917,323.145917,323.145917,323.145917,323.145917,323.145917,323.145917,323.145917,323.145917,323.145917,,,,,,,,,323.145917
144360,1.20000000,323.145917,323.145917,323.145917,323.145917,323.145917,323.145917,323.145917,323.145917,323.145917,323.145917,323.145917,323.145917,323.145917,,,,,,,,,323.145917
144420,1.20000000,323.145917,323.145917,323.145917,323.145917,323.145917,323.145917,323.145917,323.145917,323.145917,323.145917,323.145917,323.145917,323.145917,,,,,,,,,323.145917
144480,1.20000000,323.145917,323.145917,323.145917,323.145917,323.145917,323.145917,323.145917,323.145917,323.145917,323.145917,323.145917,323.145917,323.145917,,,,,,,,,323.145917
144540,1.20000000,323.145917,323.145917,323.145917,323.145917,323.145917,323.145917,323.145917,323.145917,323.145917,323.145917,323.145917,323.145917,323.145917,,,,,,,,,323.145917
144600,1.20000000,323.145917,323.145917,323.145917,323.145917,323.145917,323.145917,323.145917,323.145917,323.145917,323.145917,323.145917,323.145917,323.145917,,,,,,,,,323.145917
144660,1.20000000,323.145917,323.145917,323.145917,323.145917,323.145917,323.145917,323.145917,323.145917,323.145917,323.145917,323.145917,323.145917,323.145917,,,,,,,,,323.145917
144720,1.20000000,323.145917,323.145917,323.145917,323.145917,323.145917,323.145917,323.145917,323.145917,323.145917,323.145917,323.145917,323.145917,323.145917,,,,,,,,,323.145917
144780,1.20000000,323.145917,323.145917,323.145917,323.145917,323.145917,323.145917,323.145917,323.145917,323.145917,323.145917,323.145917,323.145917,323.145917,,,,,,,,,323.145917
144840,1.20000000,323.145917,323.145917,323.145917,323.145917,323.145917,323.145917,323.145917,323.145917,323.145917,323.145917,323.145917,323.145917,323.145917,,,,,,,,,323.145917
144900,1.20000000,323.145917,323.145917,323.145917,323.145917,323.145917,323.145917,323.145917,323.145917,323.145917,323.145917,323.145917,323.145917,323.145917,,,,,,,,,323.145917
144960,1.20000000,323.145917,323.145917,323.145917,323.145917,323.145917,323.145917,323.145917,323.145917,323.145917,323.145917,323.145917,323.145917,323.145917,,,,,,,,,323.145917
145020,1.20000000,323.145917,323.145917,323.145917,323.145917,323.145917,323.145917,323.145917,323.145917,323.145917,323.145917,323.145917,323.145917,323.145917,,,,,,,,,323.145917
145080,1.20000000,323.145917,323.145917,323.145917,323.145917,323.145917,323.145917,323.145917,323.145917,323.145917,323.145917,323.145917,323.145917,323.145917,,,,,,,,,323.145917
145140,1.20000000,323.145917,323.145917,323.145917,323.145917,323.145917,323.145917,323.145917,323.145917,323.145917,323.145917,323.145917,323.145917,323.145917,,,,,,,,,323.145917
145200,1.20000000,323.145917,323.145917,323.145917,323.145917,323.145917,323.145917,323.145917,323.145917,323.145917,323.145917,323.145917,323.145917,323.145917,,,,,,,,,323.145917
145260,1.20000000,323.145917,323.145917,323.145917,323.145917,323.145917,323.145917,323.145917,323.145917,323.145917,323.145917,323.145917,323.145917,323.145917,,,,,,,,,323.145917
145320,1.20000000,323.145917,323.145917,323.145917,323.145917,323.145917,323.145917,323.145917,323.145917,323.145917,323.145917,323.145917,323.145917,323.145917,,,,,,,,,323.145917
145380,1.20000000,323.145917,323.145917,323.145917,323.145917,323.145917,323.145917,323.145917,323.145917,323.145917,323.145917,323.145917,323.145917,323.145917,,,,,,,,,323.145917
145440,1.20000000,323.145917,323.145917,323.145917,323.145917,323.145917,323.145917,323.145917,323.145917,323.145917,323.145917,323.145917,323.145917,323.145917,,,,,,,,,323.145917
145500,1.20000000,323.145917,323.145917,323.145917,323.145917,323.145917,323.145917,323.145917,323.145917,323.145917,323.145917,323.145917,323.145917,323.145917,,,,,,,,,323.145917
145560,1.20000000,323.145917,323.145917,323.145917,323.145917,323.145917,323.145917,323.145917,323.145917,323.145917,323.145917,323.145917,323.145917,323.145917,,,,,,,,,323.145917
145620,1.20000000,323.145917,323.145917,323.145917,323.145917,323.145917,323.145917,323.145917,323.145917,323.145917,323.145917,323.145917,323.145917,323.145917,,,,,,,,,323.145917
145680,1.20000000,323.145917,323.145917,323.145917,323.145917,323.145917,323.145917,323.145917,323.145917,323.145917,323.145917,323.145917,323.145917,323.145917,,,,,,,,,323.145917
145740,1.20000000,323.145917,323.145917,323.145917,323.145917,323.145917,323.145917,323.145917,323.145917,323.145917,323.145917,323.145917,323.145917,323.145917,,,,,,,,,323.145917
145800,1.20000000,323.145917,323.145917,323.145917,323.145917,323.145917,323.145917,323.145917,323.145917,323.145917,323.145917,323.145917,323.145917,323.145917,,,,,,,,,323.145917
145860,1.20000000,323.145917,323.145917,323.145917,323.145917,323.145917,323.145917,323.145917,323.145917,323.145917,323.145917,323.145917,323.145917,323.145917,,,,,,,,,323.145917
145920,1.20000000,323.145917,323.145917,323.145917,323.145917,323.145917,323.145917,323.145917,323.145917,323.145917,323.145917,323.145917,323.145917,323.145917,,,,,,,,,323.145917
145980,1.20000000,323.145917,323.145917,323.145917,323.145917,323.145917,323.145917,323.145917,323.145917,323.145917,323.145917,323.145917,323.145917,323.145917,,,,,,,,,323.145917
146040,1.20000000,323.145917,323.145917,323.145917,323.145917,323.145917,323.145917,323.145917,323.145917,323.145917,323.145917,323.145917,323.145917,323.145917,,,,,,,,,323.145917
146100,1.20000000,323.145917,323.145917,323.145917,323.145917,323.145917,323.145917,323.145917,323.145917,323.145917,323.145917,323.145917,323.145917,323.145917,,,,,,,,,323.145917
146160,1.20000000,323.145917,323.145917,323.145917,323.145917,323.145917,323.145917,323.145917,323.145917,323.145917,323.145917,323.145917,323.145917,323.145917,,,,,,,,,323.145917
146220,1.20000000,323.145917,323.145917,323.145917,323.145917,323.145917,323.145917,323.145917,323.145917,323.145917,323.145917,323.145917,323.145917,323.145917,,,,,,,,,323.145917
146280,1.20000000,323.145917,323.145917,323.145917,323.145917,323.145917,323.145917,323.145917,323.145917,323.145917,323.145917,323.145917,323.145917,323.145917,,,,,,,,,323.145917
146340,1.20000000,323.145917,323.145917,323.145917,323.145917,323.145917,323.145917,323.145917,323.145917,323.145917,323.145917,323.145917,323.145917,323.145917,,,,,,,,,323.145917
146400,1.20000000,323.145917,323.145917,323.145917,323.145917,323.145917,323.145917,323.145917,323.145917,323.145917,323.145917,323.145917,323.145917,323.145917,,,,,,,,,323.145917
146460,1.20000000,323.145917,323.145917,323.145917,323.145917,323.145917,323.145917,323.145917,323.145917,323.145917,323.145917,323.145917,323.145917,323.145917,,,,,,,,,323.145917
146520,1.20000000,323.145917,323.145917,323.145917,323.145917,323.145917,323.145917,323.145917,323.145917,323.145917,323.145917,323.145917,323.145917,323.145917,,,,,,,,,323.145917
146580,1.20000000,323.145917,323.145917,323.145917,323.145917,323.145917,323.145917,323.145917,323.145917,323.145917,323.145917,323.145917,323.145917,323.145917,,,,,,,,,323.145917
146640,1.20000000,323.145917,323.145917,323.145917,323.145917,323.145917,323.145917,323.145917,323.145917,323.145917,323.145917,323.145917,323.145917,323.145917,,,,,,,,,323.145917
146700,1.20000000,323.145917,323.145917,323.145917,323.145917,323.145917,323.145917,323.145917,323.145917,323.145917,323.145917,323.145917,323.145917,323.145917,,,,,,,,,323.145917
146760,1.20000000,323.145917,323.145917,323.145917,323.145917,323.145917,323.145917,323.145917,323.145917,323.145917,323.145917,323.145917,323.145917,323.145917,,,,,,,,,323.145917
146820,1.20000000,323.145917,323.145917,323.145917,323.145917,323.145917,323.145917,323.145917,323.145917,323.145917,323.145917,323.145917,323.145917,323.145917,,,,,,,,,323.145917
146880,1.20000000,323.145917,323.145917,323.145917,323.145917,323.145917,323.145917,323.145917,323.145917,323.145917,323.145917,323.145917,323.145917,323.145917,,,,,,,,,323.145917
146940,1.20000000,323.145917,323.145917,323.145917,323.145917,323.145917,323.145917,323.145917,323.145917,323.145917,323.145917,323.145917,323.145917,323.145917,,,,,,,,,323.145917
147000,1.20000000,323.145917,323.145917,323.145917,323.145917,323.145917,323.145917,323.145917,323.145917,323.145917,323.145917,323.145917,323.145917,323.145917,,,,,,,,,323.145917
147060,1.20000000,323.145917,323.145917,323.145917,323.145917,323.145917,323.145917,323.145917,323.145917,323.145917,323.145917,323.145917,323.145917,323.145917,,,,,,,,,323.145917
147120,1.20000000,323.145917,323.145917,323.145917,323.145917,323.145917,323.145917,323.145917,323.145917,323.145917,323.145917,323.145917,323.145917,323.145917,,,,,,,,,323.145917
147180,1.20000000,323.145917,323.145917,323.145917,323.145917,323.145917,323.145917,323.145917,323.145917,323.145917,323.145917,323.145917,323.145917,323.145917,,,,,,,,,323.145917
147240,1.20000000,323.145917,323.145917,323.145917,323.145917,323.145917,323.145917,323.145917,323.145917,323.145917,323.145917,323.145917,323.145917,323.145917,,,,,,,,,323.145917
147300,1.20000000,323.145917,323.145917,323.145917,323.145917,323.145917,323.145917,323.145917,323.145917,323.145917,323.145917,323.145917,323.145917,323.145917,,,,,,,,,323.145917
147360,1.20000000,323.145917,323.145917,323.145917,323.145917,323.145917,323.145917,323.145917,323.145917,323.145917,323.145917,323.145917,323.145917,323.145917,,,,,,,,,323.145917
147420,1.20000000,323.145917,323.145917,323.145917,323.145917,323.145917,323.145917,323.145917,323.145917,323.145917,323.145917,323.145917,323.145917,323.145917,,,,,,,,,323.145917
147480,1.20000000,323.145917,323.145917,323.145917,323.145917,323.145917,323.145917,323.145917,323.145917,323.145917,323.145917,323.145917,323.145917,323.145917,,,,,,,,,323.145917
147540,1.20000000,323.145917,323.145917,323.145917,323.145917,323.145917,323.145917,323.145917,323.145917,323.145917,323.145917,323.145917,323.145917,323.145917,,,,,,,,,323.145917
147600,1.20000000,323.145917,323.145917,323.145917,323.145917,323.145917,323.145917,323.145917,323.145917,323.145917,323.145917,323.145917,323.145917,323.145917,,,,,,,,,323.145917
147660,1.20000000,323.145917,323.145917,323.145917,323.145917,323.145917,323.145917,323.145917,323.145917,323.145917,323.145917,323.145917,323.145917,323.145917,,,,,,,,,323.145917
147720,1.20000000,323.145917,323.145917,323.145917,323.145917,323.145917,323.145917,323.145917,323.145917,323.145917,323.145917,323.145917,323.145917,323.145917,,,,,,,,,323.145917
147780,1.20000000,323.145917,323.145917,323.145917,323.145917,323.145917,323.145917,323.145917,323.145917,323.145917,323.145917,323.145917,323.145917,323.145917,,,,,,,,,323.145917
147840,1.20000000,323.145917,323.145917,323.145917,323.145917,323.145917,323.145917,323.145917,323.145917,323.145917,323.145917,323.145917,323.145917,323.145917,,,,,,,,,323.145917
147900,1.20000000,323.145917,323.145917,323.145917,323.145917,323.145917,323.145917,323.145917,323.145917,323.145917,323.145917,323.145917,323.145917,323.145917,,,,,,,,,323.145917
147960,1.20000000,323.145917,323.145917,323.145917,323.145917,323.145917,323.145917,323.145917,323.145917,323.145917,323.145917,323.145917,323.145917,323.145917,,,,,,,,,323.145917
148020,1.20000000,323.145917,323.145917,323.145917,323.145917,323.145917,323.145917,323.145917,323.145917,323.145917,323.145917,323.145917,323.145917,323.145917,,,,,,,,,323.145917
148080,1.20000000,323.145917,323.145917,323.145917,323.145917,323.145917,323.145917,323.145917,323.145917,323.145917,323.145917,323.145917,323.145917,323.145917,,,,,,,,,323.145917
148140,1.20000000,323.145917,323.145917,323.145917,323.145917,323.145917,323.145917,323.145917,323.145917,323.145917,323.145917,323.145917,323.145917,323.145917,,,,,,,,,323.145917
148200,1.20000000,323.145917,323.145917,323.145917,323.145917,323.145917,323.145917,323.145917,323.145917,323.145917,323.145917,323.145917,323.145917,323.145917,,,,,,,,,323.145917
148260,1.20000000,323.145917,323.145917,323.145917,323.145917,323.145917,323.145917,323.145917,323.145917,323.145917,323.145917,323.145917,323.145917,323.145917,,,,,,,,,323.145917
148320,1.20000000,323.145917,323.145917,323.145917,323.145917,323.145917,323.145917,323.145917,323.145917,323.145917,323.145917,323.145917,323.145917,323.145917,,,,,,,,,323.145917
148380,1.20000000,323.145917,323.145917,323.145917,323.145917,323.145917,323.145917,323.145917,323.145917,323.145917,323.145917,323.145917,323.145917,323.145917,,,,,,,,,323.145917
148440,1.20000000,323.145917,323.145917,323.145917,323.145917,323.145917,323.145917,323.145917,323.145917,323.145917,323.145917,323.145917,323.145917,323.145917,,,,,,,,,323.145917
148500,1.20000000,323.145917,323.145917,323.145917,323.145917,323.145917,323.145917,323.145917,323.145917,323.145917,323.145917,323.145917,323.145917,323.145917,,,,,,,,,323.145917
148560,1.20000000,323.145917,323.145917,323.145917,323.145917,323.145917,323.145917,323.145917,323.145917,323.145917,323.145917,323.145917,323.145917,323.145917,,,,,,,,,323.145917
148620,1.20000000,323.145917,323.145917,323.145917,323.145917,323.145917,323.145917,323.145917,323.145917,323.145917,323.145917,323.145917,323.145917,323.145917,,,,,,,,,323.145917
148680,1.20000000,323.145917,323.145917,323.145917,323.145917,323.145917,323.145917,323.145917,323.145917,323.145917,323.145917,323.145917,323.145917,323.145917,,,,,,,,,323.145917
148740,1.20000000,323.145917,323.145917,323.145917,323.145917,323.145917,323.145917,323.145917,323.145917,323.145917,323.145917,323.145917,323.145917,323.145917,,,,,,,,,323.145917
148800,1.20000000,323.145917,323.145917,323.145917,323.145917,323.145917,323.145917,323.145917,323.145917,323.145917,323.145917,323.145917,323.145917,323.145917,,,,,,,,,323.145917
148860,1.20000000,323.145917,323.145917,323.145917,323.145917,323.145917,323.145917,323.145917,323.145917,323.145917,323.145917,323.145917,323.145917,323.145917,,,,,,,,,323.145917
148920,1.20000000,323.145917,323.145917,323.145917,323.145917,323.145917,323.145917,323.145917,323.145917,323.145917,323.145917,323.145917,323.145917,323.145917,,,,,,,,,323.145917
148980,1.20000000,323.145917,323.145917,323.145917,323.145917,323.145917,323.145917,323.145917,323.145917,323.145917,323.145917,323.145917,323.145917,323.145917,,,,,,,,,323.145917
149040,1.20000000,323.145917,323.145917,323.145917,323.145917,323.145917,323.145917,323.145917,323.145917,323.145917,323.145917,323.145917,323.145917,323.145917,,,,,,,,,323.145917
149100,1.20000000,323.145917,323.145917,323.145917,323.145917,323.145917,323.145917,323.145917,323.145917,323.145917,323.145917,323.145917,323.145917,323.145917,,,,,,,,,323.145917
149160,1.20000000,323.145917,323.145917,323.145917,323.145917,323.145917,323.145917,323.145917,323.145917,323.145917,323.145917,323.145917,323.145917,323.145917,,,,,,,,,323.145917
149220,1.20000000,323.145917,323.145917,323.145917,323.145917,323.145917,323.145917,323.145917,323.145917,323.145917,323.145917,323.145917,323.145917,323.145917,,,,,,,,,323.145917
149280,1.20000000,323.145917,323.145917,323.145917,323.145917,323.145917,323.145917,323.145917,323.145917,323.145917,323.145917,323.145917,323.145917,323.145917,,,,,,,,,323.145917
149340,1.20000000,323.145917,323.145917,323.145917,323.145917,323.145917,323.145917,323.145917,323.145917,323.145917,323.145917,323.145917,323.145917,323.145917,,,,,,,,,323.145917
149400,1.20000000,323.145917,323.145917,323.145917,323.145917,323.145917,323.145917,323.145917,323.145917,323.145917,323.145917,323.145917,323.145917,323.145917,,,,,,,,,323.145917
149460,1.20000000,323.145917,323.145917,323.145917,323.145917,323.145917,323.145917,323.145917,323.145917,323.145917,323.145917,323.145917,323.145917,323.145917,,,,,,,,,323.145917
149520,1.20000000,323.145917,323.145917,323.145917,323.145917,323.145917,323.145917,323.145917,323.145917,323.145917,323.145917,323.145917,323.145917,323.145917,,,,,,,,,323.145917
149580,1.20000000,323.145917,323.145917,323.145917,323.145917,323.145917,323.145917,323.145917,323.145917,323.145917,323.145917,323.145917,323.145917,323.145917,,,,,,,,,323.145917
149640,1.20000000,323.145917,323.145917,323.145917,323.145917,323.145917,323.145917,323.145917,323.145917,323.145917,323.145917,323.145917,323.145917,323.145917,,,,,,,,,323.145917
149700,1.20000000,323.145917,323.145917,323.145917,323.145917,323.145917,323.145917,323.145917,323.145917,323.145917,323.145917,323.145917,323.145917,323.145917,,,,,,,,,323.145917
149760,1.20000000,323.145917,323.145917,323.145917,323.145917,323.145917,323.145917,323.145917,323.145917,323.145917,323.145917,323.145917,323.145917,323.145917,,,,,,,,,323.145917
149820,1.20000000,323.145917,323.145917,323.145917,323.145917,323.145917,323.145917,323.145917,323.145917,323.145917,323.145917,323.145917,323.145917,323.145917,,,,,,,,,323.145917
149880,1.20000000,323.145917,323.145917,323.145917,323.145917,323.145917,323.145917,323.145917,323.145917,323.145917,323.145917,323.145917,323.145917,323.145917,,,,,,,,,323.145917
149940,1.20000000,323.145917,323.145917,323.145917,323.145917,323.145917,323.145917,323.145917,323.145917,323.145917,323.145917,323.145917,323.145917,323.145917,,,,,,,,,323.145917
150000,1.20000000,323.145917,323.145917,323.145917,323.145917,323.145917,323.145917,323.145917,323.145917,323.145917,323.145917,323.145917,323.145917,323.145917,,,,,,,,,323.145917
150060,1.20000000,323.145917,323.145917,323.145917,323.145917,323.145917,323.145917,323.145917,323.145917,323.145917,323.145917,323.145917,323.145917,323.145917,,,,,,,,,323.145917
150120,1.20000000,323.145917,323.145917,323.145917,323.145917,323.145917,323.145917,323.145917,323.145917,323.145917,323.145917,323.145917,323.145917,323.145917,,,,,,,,,323.145917
150180,1.20000000,323.145917,323.145917,323.145917,323.145917,323.145917,323.145917,323.145917,323.145917,323.145917,323.145917,323.145917,323.145917,323.145917,,,,,,,,,323.145917
150240,1.20000000,323.145917,323.145917,323.145917,323.145917,323.145917,323.145917,323.145917,323.145917,323.145917,323.145917,323.145917,323.145917,323.145917,,,,,,,,,323.145917
150300,1.20000000,323.145917,323.145917,323.145917,323.145917,323.145917,323.145917,323.145917,323.145917,323.145917,323.145917,323.145917,323.145917,323.145917,,,,,,,,,323.145917
150360,1.20000000,323.145917,323.145917,323.145917,323.145917,323.145917,323.145917,323.145917,323.145917,323.145917,323.145917,323.145917,323.145917,323.145917,,,,,,,,,323.145917
150420,1.20000000,323.145917,323.145917,323.145917,323.145917,323.145917,323.145917,323.145917,323.145917,323.145917,323.145917,323.145917,323.145917,323.145917,,,,,,,,,323.145917
150480,1.20000000,323.145917,323.145917,323.145917,323.145917,323.145917,323.145917,323.145917,323.145917,323.145917,323.145917,323.145917,323.145917,323.145917,,,,,,,,,323.145917
150540,1.20000000,323.145917,323.145917,323.145917,323.145917,323.145917,323.145917,323.145917,323.145917,323.145917,323.145917,323.145917,323.145917,323.145917,,,,,,,,,323.145917
150600,1.20000000,323.145917,323.145917,323.145917,323.145917,323.145917,323.145917,323.145917,323.145917,323.145917,323.145917,323.145917,323.145917,323.145917,,,,,,,,,323.145917
150660,1.20000000,323.145917,323.145917,323.145917,323.145917,323.145917,323.145917,323.145917,323.145917,323.145917,323.145917,323.145917,323.145917,323.145917,,,,,,,,,323.145917
150720,1.20000000,323.145917,323.145917,323.145917,323.145917,323.145917,323.145917,323.145917,323.145917,323.145917,323.145917,323.145917,323.145917,323.145917,,,,,,,,,323.145917
150780,1.20000000,323.145917,323.145917,323.145917,323.145917,323.145917,323.145917,323.145917,323.145917,323.145917,323.145917,323.145917,323.145917,323.145917,,,,,,,,,323.145917
150840,1.20000000,323.145917,323.145917,323.145917,323.145917,323.145917,323.145917,323.145917,323.145917,323.145917,323.145917,323.145917,323.145917,323.145917,,,,,,,,,323.145917
150900,1.20000000,323.145917,323.145917,323.145917,323.145917,323.145917,323.145917,323.145917,323.145917,323.145917,323.145917,323.145917,323.145917,323.145917,,,,,,,,,323.145917
150960,1.20000000,323.145917,323.145917,323.145917,323.145917,323.145917,323.145917,323.145917,323.145917,323.145917,323.145917,323.145917,323.145917,323.145917,,,,,,,,,323.145917
151020,1.20000000,323.145917,323.145917,323.145917,323.145917,323.145917,323.145917,323.145917,323.145917,323.145917,323.145917,323.145917,323.145917,323.145917,,,,,,,,,323.145917
151080,1.20000000,323.145917,323.145917,323.145917,323.145917,323.145917,323.145917,323.145917,323.145917,323.145917,323.145917,323.145917,323.145917,323.145917,,,,,,,,,323.145917
151140,1.20000000,323.145917,323.145917,323.145917,323.145917,323.145917,323.145917,323.145917,323.145917,323.145917,323.145917,323.145917,323.145917,323.145917,,,,,,,,,323.145917
151200,1.20000000,323.145917,323.145917,323.145917,323.145917,323.145917,323.145917,323.145917,323.145917,323.145917,323.145917,323.145917,323.145917,323.145917,,,,,,,,,323.145917
151260,1.20000000,323.145917,323.145917,323.145917,323.145917,323.145917,323.145917,323.145917,323.145917,323.145917,323.145917,323.145917,323.145917,323.145917,,,,,,,,,323.145917
151320,1.20000000,323.145917,323.145917,323.145917,323.145917,323.145917,323.145917,323.145917,323.145917,323.145917,323.145917,323.145917,323.145917,323.145917,,,,,,,,,323.145917
151380,1.20000000,323.145917,323.145917,323.145917,323.145917,323.145917,323.145917,323.145917,323.145917,323.145917,323.145917,323.145917,323.145917,323.145917,,,,,,,,,323.145917
151440,1.20000000,323.145917,323.145917,323.145917,323.145917,323.145917,323.145917,323.145917,323.145917,323.145917,323.145917,323.145917,323.145917,323.145917,,,,,,,,,323.145917
151500,1.20000000,323.145917,323.145917,323.145917,323.145917,323.145917,323.145917,323.145917,323.145917,323.145917,323.145917,323.145917,323.145917,323.145917,,,,,,,,,323.145917
151560,1.20000000,323.145917,323.145917,323.145917,323.145917,323.145917,323.145917,323.145917,323.145917,323.145917,323.145917,323.145917,323.145917,323.145917,,,,,,,,,323.145917
151620,1.20000000,323.145917,323.145917,323.145917,323.145917,323.145917,323.145917,323.145917,323.145917,323.145917,323.145917,323.145917,323.145917,323.145917,,,,,,,,,323.145917
151680,1.20000000,323.145917,323.145917,323.145917,323.145917,323.145917,323.145917,323.145917,323.145917,323.145917,323.145917,323.145917,323.145917,323.145917,,,,,,,,,323.145917
151740,1.20000000,323.145917,323.145917,323.145917,323.145917,323.145917,323.145917,323.145917,323.145917,323.145917,323.145917,323.145917,323.145917,323.145917,,,,,,,,,323.145917
151800,1.20000000,323.145917,323.145917,323.145917,323.145917,323.145917,323.145917,323.145917,323.145917,323.145917,323.145917,323.145917,323.145917,323.145917,,,,,,,,,323.145917
151860,1.20000000,323.145917,323.145917,323.145917,323.145917,323.145917,323.145917,323.145917,323.145917,323.145917,323.145917,323.145917,323.145917,323.145917,,,,,,,,,323.145917
151920,1.20000000,323.145917,323.145917,323.145917,323.145917,323.145917,323.145917,323.145917,323.145917,323.145917,323.145917,323.145917,323.145917,323.145917,,,,,,,,,323.145917
151980,1.20000000,323.145917,323.145917,323.145917,323.145917,323.145917,323.145917,323.145917,323.145917,323.145917,323.145917,323.145917,323.145917,323.145917,,,,,,,,,323.145917
152040,1.20000000,323.145917,323.145917,323.145917,323.145917,323.145917,323.145917,323.145917,323.145917,323.145917,323.145917,323.145917,323.145917,323.145917,,,,,,,,,323.145917
152100,1.20000000,323.145917,323.145917,323.145917,323.145917,323.145917,323.145917,323.145917,323.145917,323.145917,323.145917,323.145917,323.145917,323.145917,,,,,,,,,323.145917
152160,1.20000000,323.145917,323.145917,323.145917,323.145917,323.145917,323.145917,323.145917,323.145917,323.145917,323.145917,323.145917,323.145917,323.145917,,,,,,,,,323.145917
152220,1.20000000,323.145917,323.145917,323.145917,323.145917,323.145917,323.145917,323.145917,323.145917,323.145917,323.145917,323.145917,323.145917,323.145917,,,,,,,,,323.145917
152280,1.20000000,323.145917,323.145917,323.145917,323.145917,323.145917,323.145917,323.145917,323.145917,323.145917,323.145917,323.145917,323.145917,323.145917,,,,,,,,,323.145917
152340,1.20000000,323.145917,323.145917,323.145917,323.145917,323.145917,323.145917,323.145917,323.145917,323.145917,323.145917,323.145917,323.145917,323.145917,,,,,,,,,323.145917
152400,1.20000000,323.145917,323.145917,323.145917,323.145917,323.145917,323.145917,323.145917,323.145917,323.145917,323.145917,323.145917,323.145917,323.145917,,,,,,,,,323.145917
152460,1.20000000,323.145917,323.145917,323.145917,323.145917,323.145917,323.145917,323.145917,323.145917,323.145917,323.145917,323.145917,323.145917,323.145917,,,,,,,,,323.145917
152520,1.20000000,323.145917,323.145917,323.145917,323.145917,323.145917,323.145917,323.145917,323.145917,323.145917,323.145917,323.145917,323.145917,323.145917,,,,,,,,,323.145917
152580,1.20000000,323.145917,323.145917,323.145917,323.145917,323.145917,323.145917,323.145917,323.145917,323.145917,323.145917,323.145917,323.145917,323.145917,,,,,,,,,323.145917
152640,1.20000000,323.145917,323.145917,323.145917,323.145917,323.145917,323.145917,323.145917,323.145917,323.145917,323.145917,323.145917,323.145917,323.145917,,,,,,,,,323.145917
152700,1.20000000,323.145917,323.145917,323.145917,323.145917,323.145917,323.145917,323.145917,323.145917,323.145917,323.145917,323.145917,323.145917,323.145917,,,,,,,,,323.145917
152760,1.20000000,323.145917,323.145917,323.145917,323.145917,323.145917,323.145917,323.145917,323.145917,323.145917,323.145917,323.145917,323.145917,323.145917,,,,,,,,,323.145917
152820,1.20000000,323.145917,323.145917,323.145917,323.145917,323.145917,323.145917,323.145917,323.145917,323.145917,323.145917,323.145917,323.145917,323.145917,,,,,,,,,323.145917
152880,1.20000000,323.145917,323.145917,323.145917,323.145917,323.145917,323.145917,323.145917,323.145917,323.145917,323.145917,323.145917,323.145917,323.145917,,,,,,,,,323.145917
152940,1.20000000,323.145917,323.145917,323.145917,323.145917,323.145917,323.145917,323.145917,323.145917,323.145917,323.145917,323.145917,323.145917,323.145917,,,,,,,,,323.145917
153000,1.20000000,323.145917,323.145917,323.145917,323.145917,323.145917,323.145917,323.145917,323.145917,323.145917,323.145917,323.145917,323.145917,323.145917,,,,,,,,,323.145917
153060,1.20000000,323.145917,323.145917,323.145917,323.145917,323.145917,323.145917,323.145917,323.145917,323.145917,323.145917,323.145917,323.145917,323.145917,,,,,,,,,323.145917
153120,1.20000000,323.145917,323.145917,323.145917,323.145917,323.145917,323.145917,323.145917,323.145917,323.145917,323.145917,323.145917,323.145917,323.145917,,,,,,,,,323.145917
153180,1.20000000,323.145917,323.145917,323.145917,323.145917,323.145917,323.145917,323.145917,323.145917,323.145917,323.145917,323.145917,323.145917,323.145917,,,,,,,,,323.145917
153240,1.20000000,323.145917,323.145917,323.145917,323.145917,323.145917,323.145917,323.145917,323.145917,323.145917,323.145917,323.145917,323.145917,323.145917,,,,,,,,,323.145917
153300,1.20000000,323.145917,323.145917,323.145917,323.145917,323.145917,323.145917,323.145917,323.145917,323.145917,323.145917,323.145917,323.145917,323.145917,,,,,,,,,323.145917
153360,1.20000000,323.145917,323.145917,323.145917,323.145917,323.145917,323.145917,323.145917,323.145917,323.145917,323.145917,323.145917,323.145917,323.145917,,,,,,,,,323.145917
153420,1.20000000,323.145917,323.145917,323.145917,323.145917,323.145917,323.145917,323.145917,323.145917,323.145917,323.145917,323.145917,323.145917,323.145917,,,,,,,,,323.145917
153480,1.20000000,323.145917,323.145917,323.145917,323.145917,323.145917,323.145917,323.145917,323.145917,323.145917,323.145917,323.145917,323.145917,323.145917,,,,,,,,,323.145917
153540,1.20000000,323.145917,323.145917,323.145917,323.145917,323.145917,323.145917,323.145917,323.145917,323.145917,323.145917,323.145917,323.145917,323.145917,,,,,,,,,323.145917
153600,1.20000000,323.145917,323.145917,323.145917,323.145917,323.145917,323.145917,323.145917,323.145917,323.145917,323.145917,323.145917,323.145917,323.145917,,,,,,,,,323.145917
153660,1.20000000,323.145917,323.145917,323.145917,323.145917,323.145917,323.145917,323.145917,323.145917,323.145917,323.145917,323.145917,323.145917,323.145917,,,,,,,,,323.145917
153720,1.20000000,323.145917,323.145917,323.145917,323.145917,323.145917,323.145917,323.145917,323.145917,323.145917,323.145917,323.145917,323.145917,323.145917,,,,,,,,,323.145917
153780,1.20000000,323.145917,323.145917,323.145917,323.145917,323.145917,323.145917,323.145917,323.145917,323.145917,323.145917,323.145917,323.145917,323.145917,,,,,,,,,323.145917
153840,1.20000000,323.145917,323.145917,323.145917,323.145917,323.145917,323.145917,323.145917,323.145917,323.145917,323.145917,323.145917,323.145917,323.145917,,,,,,,,,323.145917
153900,1.20000000,323.145917,323.145917,323.145917,323.145917,323.145917,323.145917,323.145917,323.145917,323.145917,323.145917,323.145917,323.145917,323.145917,,,,,,,,,323.145917
153960,1.20000000,323.145917,323.145917,323.145917,323.145917,323.145917,323.145917,323.145917,323.145917,323.145917,323.145917,323.145917,323.145917,323.145917,,,,,,,,,323.145917
154020,1.20000000,323.145917,323.145917,323.145917,323.145917,323.145917,323.145917,323.145917,323.145917,323.145917,323.145917,323.145917,323.145917,323.145917,,,,,,,,,323.145917
154080,1.20000000,323.145917,323.145917,323.145917,323.145917,323.145917,323.145917,323.145917,323.145917,323.145917,323.145917,323.145917,323.145917,323.145917,,,,,,,,,323.145917
154140,1.20000000,323.145917,323.145917,323.145917,323.145917,323.145917,323.145917,323.145917,323.145917,323.145917,323.145917,323.145917,323.145917,323.145917,,,,,,,,,323.145917
154200,1.20000000,323.145917,323.145917,323.145917,323.145917,323.145917,323.145917,323.145917,323.145917,323.145917,323.145917,323.145917,323.145917,323.145917,,,,,,,,,323.145917
154260,1.20000000,323.145917,323.145917,323.145917,323.145917,323.145917,323.145917,323.145917,323.145917,323.145917,323.145917,323.145917,323.145917,323.145917,,,,,,,,,323.145917
154320,1.20000000,323.145917,323.145917,323.145917,323.145917,323.145917,323.145917,323.145917,323.145917,323.145917,323.145917,323.145917,323.145917,323.145917,,,,,,,,,323.145917
154380,1.20000000,323.145917,323.145917,323.145917,323.145917,323.145917,323.145917,323.145917,323.145917,323.145917,323.145917,323.145917,323.145917,323.145917,,,,,,,,,323.145917
154440,1.20000000,323.145917,323.145917,323.145917,323.145917,323.145917,323.145917,323.145917,323.145917,323.145917,323.145917,323.145917,323.145917,323.145917,,,,,,,,,323.145917
154500,1.20000000,323.145917,323.145917,323.145917,323.145917,323.145917,323.145917,323.145917,323.145917,323.145917,323.145917,323.145917,323.145917,323.145917,,,,,,,,,323.145917
154560,1.20000000,323.145917,323.145917,323.145917,323.145917,323.145917,323.145917,323.145917,323.145917,323.145917,323.145917,323.145917,323.145917,323.145917,,,,,,,,,323.145917
154620,1.20000000,323.145917,323.145917,323.145917,323.145917,323.145917,323.145917,323.145917,323.145917,323.145917,323.145917,323.145917,323.145917,323.145917,,,,,,,,,323.145917
154680,1.20000000,323.145917,323.145917,323.145917,323.145917,323.145917,323.145917,323.145917,323.145917,323.145917,323.145917,323.145917,323.145917,323.145917,,,,,,,,,323.145917
154740,1.20000000,323.145917,323.145917,323.145917,323.145917,323.145917,323.145917,323.145917,323.145917,323.145917,323.145917,323.145917,323.145917,323.145917,,,,,,,,,323.145917
154800,1.20000000,323.145917,323.145917,323.145917,323.145917,323.145917,323.145917,323.145917,323.145917,323.145917,323.145917,323.145917,323.145917,323.145917,,,,,,,,,323.145917
154860,1.20000000,323.145917,323.145917,323.145917,323.145917,323.145917,323.145917,323.145917,323.145917,323.145917,323.145917,323.145917,323.145917,323.145917,,,,,,,,,323.145917
154920,1.20000000,323.145917,323.145917,323.145917,323.145917,323.145917,323.145917,323.145917,323.145917,323.145917,323.145917,323.145917,323.145917,323.145917,,,,,,,,,323.145917
154980,1.20000000,323.145917,323.145917,323.145917,323.145917,323.145917,323.145917,323.145917,323.145917,323.145917,323.145917,323.145917,323.145917,323.145917,,,,,,,,,323.145917
155040,1.20000000,323.145917,323.145917,323.145917,323.145917,323.145917,323.145917,323.145917,323.145917,323.145917,323.145917,323.145917,323.145917,323.145917,,,,,,,,,323.145917
155100,1.20000000,323.145917,323.145917,323.145917,323.145917,323.145917,323.145917,323.145917,323.145917,323.145917,323.145917,323.145917,323.145917,323.145917,,,,,,,,,323.145917
155160,1.20000000,323.145917,323.145917,323.145917,323.145917,323.145917,323.145917,323.145917,323.145917,323.145917,323.145917,323.145917,323.145917,323.145917,,,,,,,,,323.145917
155220,1.20000000,323.145917,323.145917,323.145917,323.145917,323.145917,323.145917,323.145917,323.145917,323.145917,323.145917,323.145917,323.145917,323.145917,,,,,,,,,323.145917
155280,1.20000000,323.145917,323.145917,323.145917,323.145917,323.145917,323.145917,323.145917,323.145917,323.145917,323.145917,323.145917,323.145917,323.145917,,,,,,,,,323.145917
155340,1.20000000,323.145917,323.145917,323.145917,323.145917,323.145917,323.145917,323.145917,323.145917,323.145917,323.145917,323.145917,323.145917,323.145917,,,,,,,,,323.145917
155400,1.20000000,323.145917,323.145917,323.145917,323.145917,323.145917,323.145917,323.145917,323.145917,323.145917,323.145917,323.145917,323.145917,323.145917,,,,,,,,,323.145917
155460,1.20000000,323.145917,323.145917,323.145917,323.145917,323.145917,323.145917,323.145917,323.145917,323.145917,323.145917,323.145917,323.145917,323.145917,,,,,,,,,323.145917
155520,1.20000000,323.145917,323.145917,323.145917,323.145917,323.145917,323.145917,323.145917,323.145917,323.145917,323.145917,323.145917,323.145917,323.145917,,,,,,,,,323.145917
155580,1.20000000,323.145917,323.145917,323.145917,323.145917,323.145917,323.145917,323.145917,323.145917,323.145917,323.145917,323.145917,323.145917,323.145917,,,,,,,,,323.145917
155640,1.20000000,323.145917,323.145917,323.145917,323.145917,323.145917,323.145917,323.145917,323.145917,323.145917,323.145917,323.145917,323.145917,323.145917,,,,,,,,,323.145917
155700,1.20000000,323.145917,323.145917,323.145917,323.145917,323.145917,323.145917,323.145917,323.145917,323.145917,323.145917,323.145917,323.145917,323.145917,,,,,,,,,323.145917
155760,1.20000000,323.145917,323.145917,323.145917,323.145917,323.145917,323.145917,323.145917,323.145917,323.145917,323.145917,323.145917,323.145917,323.145917,,,,,,,,,323.145917
155820,1.20000000,323.145917,323.145917,323.145917,323.145917,323.145917,323.145917,323.145917,323.145917,323.145917,323.145917,323.145917,323.145917,323.145917,,,,,,,,,323.145917
155880,1.20000000,323.145917,323.145917,323.145917,323.145917,323.145917,323.145917,323.145917,323.145917,323.145917,323.145917,323.145917,323.145917,323.145917,,,,,,,,,323.145917
155940,1.20000000,323.145917,323.145917,323.145917,323.145917,323.145917,323.145917,323.145917,323.145917,323.145917,323.145917,323.145917,323.145917,323.145917,,,,,,,,,323.145917
156000,1.20000000,323.145917,323.145917,323.145917,323.145917,323.145917,323.145917,323.145917,323.145917,323.145917,323.145917,323.145917,323.145917,323.145917,,,,,,,,,323.145917
156060,1.20000000,323.145917,323.145917,323.145917,323.145917,323.145917,323.145917,323.145917,323.145917,323.145917,323.145917,323.145917,323.145917,323.145917,,,,,,,,,323.145917
156120,1.20000000,323.145917,323.145917,323.145917,323.145917,323.145917,323.145917,323.145917,323.145917,323.145917,323.145917,323.145917,323.145917,323.145917,,,,,,,,,323.145917
156180,1.20000000,323.145917,323.145917,323.145917,323.145917,323.145917,323.145917,323.145917,323.145917,323.145917,323.145917,323.145917,323.145917,323.145917,,,,,,,,,323.145917
156240,1.20000000,323.145917,323.145917,323.145917,323.145917,323.145917,323.145917,323.145917,323.145917,323.145917,323.145917,323.145917,323.145917,323.145917,,,,,,,,,323.145917
156300,1.20000000,323.145917,323.145917,323.145917,323.145917,323.145917,323.145917,323.145917,323.145917,323.145917,323.145917,323.145917,323.145917,323.145917,,,,,,,,,323.145917
156360,1.20000000,323.145917,323.145917,323.145917,323.145917,323.145917,323.145917,323.145917,323.145917,323.145917,323.145917,323.145917,323.145917,323.145917,,,,,,,,,323.145917
156420,1.20000000,323.145917,323.145917,323.145917,323.145917,323.145917,323.145917,323.145917,323.145917,323.145917,323.145917,323.145917,323.145917,323.145917,,,,,,,,,323.145917
156480,1.20000000,323.145917,323.145917,323.145917,323.145917,323.145917,323.145917,323.145917,323.145917,323.145917,323.145917,323.145917,323.145917,323.145917,,,,,,,,,323.145917
156540,1.20000000,323.145917,323.145917,323.145917,323.145917,323.145917,323.145917,323.145917,323.145917,323.145917,323.145917,323.145917,323.145917,323.145917,,,,,,,,,323.145917
156600,1.20000000,323.145917,323.145917,323.145917,323.145917,323.145917,323.145917,323.145917,323.145917,323.145917,323.145917,323.145917,323.145917,323.145917,,,,,,,,,323.145917
156660,1.20000000,323.145917,323.145917,323.145917,323.145917,323.145917,323.145917,323.145917,323.145917,323.145917,323.145917,323.145917,323.145917,323.145917,,,,,,,,,323.145917
156720,1.20000000,323.145917,323.145917,323.145917,323.145917,323.145917,323.145917,323.145917,323.145917,323.145917,323.145917,323.145917,323.145917,323.145917,,,,,,,,,323.145917
156780,1.20000000,323.145917,323.145917,323.145917,323.145917,323.145917,323.145917,323.145917,323.145917,323.145917,323.145917,323.145917,323.145917,323.145917,,,,,,,,,323.145917
156840,1.20000000,323.145917,323.145917,323.145917,323.145917,323.145917,323.145917,323.145917,323.145917,323.145917,323.145917,323.145917,323.145917,323.145917,,,,,,,,,323.145917
156900,1.20000000,323.145917,323.145917,323.145917,323.145917,323.145917,323.145917,323.145917,323.145917,323.145917,323.145917,323.145917,323.145917,323.145917,,,,,,,,,323.145917
156960,1.20000000,323.145917,323.145917,323.145917,323.145917,323.145917,323.145917,323.145917,323.145917,323.145917,323.145917,323.145917,323.145917,323.145917,,,,,,,,,323.145917
157020,1.20000000,323.145917,323.145917,323.145917,323.145917,323.145917,323.145917,323.145917,323.145917,323.145917,323.145917,323.145917,323.145917,323.145917,,,,,,,,,323.145917
157080,1.20000000,323.145917,323.145917,323.145917,323.145917,323.145917,323.145917,323.145917,323.145917,323.145917,323.145917,323.145917,323.145917,323.145917,,,,,,,,,323.145917
157140,1.20000000,323.145917,323.145917,323.145917,323.145917,323.145917,323.145917,323.145917,323.145917,323.145917,323.145917,323.145917,323.145917,323.145917,,,,,,,,,323.145917
157200,1.20000000,323.145917,323.145917,323.145917,323.145917,323.145917,323.145917,323.145917,323.145917,323.145917,323.145917,323.145917,323.145917,323.145917,,,,,,,,,323.145917
157260,1.20000000,323.145917,323.145917,323.145917,323.145917,323.145917,323.145917,323.145917,323.145917,323.145917,323.145917,323.145917,323.145917,323.145917,,,,,,,,,323.145917
157320,1.20000000,323.145917,323.145917,323.145917,323.145917,323.145917,323.145917,323.145917,323.145917,323.145917,323.145917,323.145917,323.145917,323.145917,,,,,,,,,323.145917
157380,1.20000000,323.145917,323.145917,323.145917,323.145917,323.145917,323.145917,323.145917,323.145917,323.145917,323.145917,323.145917,323.145917,323.145917,,,,,,,,,323.145917
157440,1.20000000,323.145917,323.145917,323.145917,323.145917,323.145917,323.145917,323.145917,323.145917,323.145917,323.145917,323.145917,323.145917,323.145917,,,,,,,,,323.145917
157500,1.20000000,323.145917,323.145917,323.145917,323.145917,323.145917,323.145917,323.145917,323.145917,323.145917,323.145917,323.145917,323.145917,323.145917,,,,,,,,,323.145917
157560,1.20000000,323.145917,323.145917,323.145917,323.145917,323.145917,323.145917,323.145917,323.145917,323.145917,323.145917,323.145917,323.145917,323.145917,,,,,,,,,323.145917
157620,1.20000000,323.145917,323.145917,323.145917,323.145917,323.145917,323.145917,323.145917,323.145917,323.145917,323.145917,323.145917,323.145917,323.145917,,,,,,,,,323.145917
157680,1.20000000,323.145917,323.145917,323.145917,323.145917,323.145917,323.145917,323.145917,323.145917,323.145917,323.145917,323.145917,323.145917,323.145917,,,,,,,,,323.145917
157740,1.20000000,323.145917,323.145917,323.145917,323.145917,323.145917,323.145917,323.145917,323.145917,323.145917,323.145917,323.145917,323.145917,323.145917,,,,,,,,,323.145917
157800,1.20000000,323.145917,323.145917,323.145917,323.145917,323.145917,323.145917,323.145917,323.145917,323.145917,323.145917,323.145917,323.145917,323.145917,,,,,,,,,323.145917
157860,1.20000000,323.145917,323.145917,323.145917,323.145917,323.145917,323.145917,323.145917,323.145917,323.145917,323.145917,323.145917,323.145917,323.145917,,,,,,,,,323.145917
157920,1.20000000,323.145917,323.145917,323.145917,323.145917,323.145917,323.145917,323.145917,323.145917,323.145917,323.145917,323.145917,323.145917,323.145917,,,,,,,,,323.145917
157980,1.20000000,323.145917,323.145917,323.145917,323.145917,323.145917,323.145917,323.145917,323.145917,323.145917,323.145917,323.145917,323.145917,323.145917,,,,,,,,,323.145917
158040,1.20000000,323.145917,323.145917,323.145917,323.145917,323.145917,323.145917,323.145917,323.145917,323.145917,323.145917,323.145917,323.145917,323.145917,,,,,,,,,323.145917
158100,1.20000000,323.145917,323.145917,323.145917,323.145917,323.145917,323.145917,323.145917,323.145917,323.145917,323.145917,323.145917,323.145917,323.145917,,,,,,,,,323.145917
158160,1.20000000,323.145917,323.145917,323.145917,323.145917,323.145917,323.145917,323.145917,323.145917,323.145917,323.145917,323.145917,323.145917,323.145917,,,,,,,,,323.145917
158220,1.20000000,323.145917,323.145917,323.145917,323.145917,323.145917,323.145917,323.145917,323.145917,323.145917,323.145917,323.145917,323.145917,323.145917,,,,,,,,,323.145917
158280,1.20000000,323.145917,323.145917,323.145917,323.145917,323.145917,323.145917,323.145917,323.145917,323.145917,323.145917,323.145917,323.145917,323.145917,,,,,,,,,323.145917
158340,1.20000000,323.145917,323.145917,323.145917,323.145917,323.145917,323.145917,323.145917,323.145917,323.145917,323.145917,323.145917,323.145917,323.145917,,,,,,,,,323.145917
158400,1.20000000,323.145917,323.145917,323.145917,323.145917,323.145917,323.145917,323.145917,323.145917,323.145917,323.145917,323.145917,323.145917,323.145917,,,,,,,,,323.145917
158460,1.20000000,323.145917,323.145917,323.145917,323.145917,323.145917,323.145917,323.145917,323.145917,323.145917,323.145917,323.145917,323.145917,323.145917,,,,,,,,,323.145917
158520,1.20000000,323.145917,323.145917,323.145917,323.145917,323.145917,323.145917,323.145917,323.145917,323.145917,323.145917,323.145917,323.145917,323.145917,,,,,,,,,323.145917
158580,1.20000000,323.145917,323.145917,323.145917,323.145917,323.145917,323.145917,323.145917,323.145917,323.145917,323.145917,323.145917,323.145917,323.145917,,,,,,,,,323.145917
158640,1.20000000,323.145917,323.145917,323.145917,323.145917,323.145917,323.145917,323.145917,323.145917,323.145917,323.145917,323.145917,323.145917,323.145917,,,,,,,,,323.145917
158700,1.20000000,323.145917,323.145917,323.145917,323.145917,323.145917,323.145917,323.145917,323.145917,323.145917,323.145917,323.145917,323.145917,323.145917,,,,,,,,,323.145917
158760,1.20000000,323.145917,323.145917,323.145917,323.145917,323.145917,323.145917,323.145917,323.145917,323.145917,323.145917,323.145917,323.145917,323.145917,,,,,,,,,323.145917
158820,1.20000000,323.145917,323.145917,323.145917,323.145917,323.145917,323.145917,323.145917,323.145917,323.145917,323.145917,323.145917,323.145917,323.145917,,,,,,,,,323.145917
158880,1.20000000,323.145917,323.145917,323.145917,323.145917,323.145917,323.145917,323.145917,323.145917,323.145917,323.145917,323.145917,323.145917,323.145917,,,,,,,,,323.145917
158940,1.20000000,323.145917,323.145917,323.145917,323.145917,323.145917,323.145917,323.145917,323.145917,323.145917,323.145917,323.145917,323.145917,323.145917,,,,,,,,,323.145917
159000,1.20000000,323.145917,323.145917,323.145917,323.145917,323.145917,323.145917,323.145917,323.145917,323.145917,323.145917,323.145917,323.145917,323.145917,,,,,,,,,323.145917
159060,1.20000000,323.145917,323.145917,323.145917,323.145917,323.145917,323.145917,323.145917,323.145917,323.145917,323.145917,323.145917,323.145917,323.145917,,,,,,,,,323.145917
159120,1.20000000,323.145917,323.145917,323.145917,323.145917,323.145917,323.145917,323.145917,323.145917,323.145917,323.145917,323.145917,323.145917,323.145917,,,,,,,,,323.145917
159180,1.20000000,323.145917,323.145917,323.145917,323.145917,323.145917,323.145917,323.145917,323.145917,323.145917,323.145917,323.145917,323.145917,323.145917,,,,,,,,,323.145917
159240,1.20000000,323.145917,323.145917,323.145917,323.145917,323.145917,323.145917,323.145917,323.145917,323.145917,323.145917,323.145917,323.145917,323.145917,,,,,,,,,323.145917
159300,1.20000000,323.145917,323.145917,323.145917,323.145917,323.145917,323.145917,323.145917,323.145917,323.145917,323.145917,323.145917,323.145917,323.145917,,,,,,,,,323.145917
159360,1.20000000,323.145917,323.145917,323.145917,323.145917,323.145917,323.145917,323.145917,323.145917,323.145917,323.145917,323.145917,323.145917,323.145917,,,,,,,,,323.145917
159420,1.20000000,323.145917,323.145917,323.145917,323.145917,323.145917,323.145917,323.145917,323.145917,323.145917,323.145917,323.145917,323.145917,323.145917,,,,,,,,,323.145917
159480,1.20000000,323.145917,323.145917,323.145917,323.145917,323.145917,323.145917,323.145917,323.145917,323.145917,323.145917,323.145917,323.145917,323.145917,,,,,,,,,323.145917
159540,1.20000000,323.145917,323.145917,323.145917,323.145917,323.145917,323.145917,323.145917,323.145917,323.145917,323.145917,323.145917,323.145917,323.145917,,,,,,,,,323.145917
159600,1.20000000,323.145917,323.145917,323.145917,323.145917,323.145917,323.145917,323.145917,323.145917,323.145917,323.145917,323.145917,323.145917,323.145917,,,,,,,,,323.145917
159660,1.20000000,323.145917,323.145917,323.145917,323.145917,323.145917,323.145917,323.145917,323.145917,323.145917,323.145917,323.145917,323.145917,323.145917,,,,,,,,,323.145917
159720,1.20000000,323.145917,323.145917,323.145917,323.145917,323.145917,323.145917,323.145917,323.145917,323.145917,323.145917,323.145917,323.145917,323.145917,,,,,,,,,323.145917
159780,1.20000000,323.145917,323.145917,323.145917,323.145917,323.145917,323.145917,323.145917,323.145917,323.145917,323.145917,323.145917,323.145917,323.145917,,,,,,,,,323.145917
159840,1.20000000,323.145917,323.145917,323.145917,323.145917,323.145917,323.145917,323.145917,323.145917,323.145917,323.145917,323.145917,323.145917,323.145917,,,,,,,,,323.145917
159900,1.20000000,323.145917,323.145917,323.145917,323.145917,323.145917,323.145917,323.145917,323.145917,323.145917,323.145917,323.145917,323.145917,323.145917,,,,,,,,,323.145917
159960,1.20000000,323.145917,323.145917,323.145917,323.145917,323.145917,323.145917,323.145917,323.145917,323.145917,323.145917,323.145917,323.145917,323.145917,,,,,,,,,323.145917
160020,1.20000000,323.145917,323.145917,323.145917,323.145917,323.145917,323.145917,323.145917,323.145917,323.145917,323.145917,323.145917,323.145917,323.145917,,,,,,,,,323.145917
160080,1.20000000,323.145917,323.145917,323.145917,323.145917,323.145917,323.145917,323.145917,323.145917,323.145917,323.145917,323.145917,323.145917,323.145917,,,,,,,,,323.145917
160140,1.20000000,323.145917,323.145917,323.145917,323.145917,323.145917,323.145917,323.145917,323.145917,323.145917,323.145917,323.145917,323.145917,323.145917,,,,,,,,,323.145917
160200,1.20000000,323.145917,323.145917,323.145917,323.145917,323.145917,323.145917,323.145917,323.145917,323.145917,323.145917,323.145917,323.145917,323.145917,,,,,,,,,323.145917
160260,1.20000000,323.145917,323.145917,323.145917,323.145917,323.145917,323.145917,323.145917,323.145917,323.145917,323.145917,323.145917,323.145917,323.145917,,,,,,,,,323.145917
160320,1.20000000,323.145917,323.145917,323.145917,323.145917,323.145917,323.145917,323.145917,323.145917,323.145917,323.145917,323.145917,323.145917,323.145917,,,,,,,,,323.145917
160380,1.20000000,323.145917,323.145917,323.145917,323.145917,323.145917,323.145917,323.145917,323.145917,323.145917,323.145917,323.145917,323.145917,323.145917,,,,,,,,,323.145917
160440,1.20000000,323.145917,323.145917,323.145917,323.145917,323.145917,323.145917,323.145917,323.145917,323.145917,323.145917,323.145917,323.145917,323.145917,,,,,,,,,323.145917
160500,1.20000000,323.145917,323.145917,323.145917,323.145917,323.145917,323.145917,323.145917,323.145917,323.145917,323.145917,323.145917,323.145917,323.145917,,,,,,,,,323.145917
160560,1.20000000,323.145917,323.145917,323.145917,323.145917,323.145917,323.145917,323.145917,323.145917,323.145917,323.145917,323.145917,323.145917,323.145917,,,,,,,,,323.145917
160620,1.20000000,323.145917,323.145917,323.145917,323.145917,323.145917,323.145917,323.145917,323.145917,323.145917,323.145917,323.145917,323.145917,323.145917,,,,,,,,,323.145917
160680,1.20000000,323.145917,323.145917,323.145917,323.145917,323.145917,323.145917,323.145917,323.145917,323.145917,323.145917,323.145917,323.145917,323.145917,,,,,,,,,323.145917
160740,1.20000000,323.145917,323.145917,323.145917,323.145917,323.145917,323.145917,323.145917,323.145917,323.145917,323.145917,323.145917,323.145917,323.145917,,,,,,,,,323.145917
160800,1.20000000,323.145917,323.145917,323.145917,323.145917,323.145917,323.145917,323.145917,323.145917,323.145917,323.145917,323.145917,323.145917,323.145917,,,,,,,,,323.145917
160860,1.20000000,323.145917,323.145917,323.145917,323.145917,323.145917,323.145917,323.145917,323.145917,323.145917,323.145917,323.145917,323.145917,323.145917,,,,,,,,,323.145917
160920,1.20000000,323.145917,323.145917,323.145917,323.145917,323.145917,323.145917,323.145917,323.145917,323.145917,323.145917,323.145917,323.145917,323.145917,,,,,,,,,323.145917
160980,1.20000000,323.145917,323.145917,323.145917,323.145917,323.145917,323.145917,323.145917,323.145917,323.145917,323.145917,323.145917,323.145917,323.145917,,,,,,,,,323.145917
161040,1.20000000,323.145917,323.145917,323.145917,323.145917,323.145917,323.145917,323.145917,323.145917,323.145917,323.145917,323.145917,323.145917,323.145917,,,,,,,,,323.145917
161100,1.20000000,323.145917,323.145917,323.145917,323.145917,323.145917,323.145917,323.145917,323.145917,323.145917,323.145917,323.145917,323.145917,323.145917,,,,,,,,,323.145917
161160,1.20000000,323.145917,323.145917,323.145917,323.145917,323.145917,323.145917,323.145917,323.145917,323.145917,323.145917,323.145917,323.145917,323.145917,,,,,,,,,323.145917
161220,1.20000000,323.145917,323.145917,323.145917,323.145917,323.145917,323.145917,323.145917,323.145917,323.145917,323.145917,323.145917,323.145917,323.145917,,,,,,,,,323.145917
161280,1.20000000,323.145917,323.145917,323.145917,323.145917,323.145917,323.145917,323.145917,323.145917,323.145917,323.145917,323.145917,323.145917,323.145917,,,,,,,,,323.145917
161340,1.20000000,323.145917,323.145917,323.145917,323.145917,323.145917,323.145917,323.145917,323.145917,323.145917,323.145917,323.145917,323.145917,323.145917,,,,,,,,,323.145917
161400,1.20000000,323.145917,323.145917,323.145917,323.145917,323.145917,323.145917,323.145917,323.145917,323.145917,323.145917,323.145917,323.145917,323.145917,,,,,,,,,323.145917
161460,1.20000000,323.145917,323.145917,323.145917,323.145917,323.145917,323.145917,323.145917,323.145917,323.145917,323.145917,323.145917,323.145917,323.145917,,,,,,,,,323.145917
161520,1.20000000,323.145917,323.145917,323.145917,323.145917,323.145917,323.145917,323.145917,323.145917,323.145917,323.145917,323.145917,323.145917,323.145917,,,,,,,,,323.145917
161580,1.20000000,323.145917,323.145917,323.145917,323.145917,323.145917,323.145917,323.145917,323.145917,323.145917,323.145917,323.145917,323.145917,323.145917,,,,,,,,,323.145917
161640,1.20000000,323.145917,323.145917,323.145917,323.145917,323.145917,323.145917,323.145917,323.145917,323.145917,323.145917,323.145917,323.145917,323.145917,,,,,,,,,323.145917
161700,1.20000000,323.145917,323.145917,323.145917,323.145917,323.145917,323.145917,323.145917,323.145917,323.145917,323.145917,323.145917,323.145917,323.145917,,,,,,,,,323.145917
161760,1.20000000,323.145917,323.145917,323.145917,323.145917,323.145917,323.145917,323.145917,323.145917,323.145917,323.145917,323.145917,323.145917,323.145917,,,,,,,,,323.145917
161820,1.20000000,323.145917,323.145917,323.145917,323.145917,323.145917,323.145917,323.145917,323.145917,323.145917,323.145917,323.145917,323.145917,323.145917,,,,,,,,,323.145917
161880,1.20000000,323.145917,323.145917,323.145917,323.145917,323.145917,323.145917,323.145917,323.145917,323.145917,323.145917,323.145917,323.145917,323.145917,,,,,,,,,323.145917
161940,1.20000000,323.145917,323.145917,323.145917,323.145917,323.145917,323.145917,323.145917,323.145917,323.145917,323.145917,323.145917,323.145917,323.145917,,,,,,,,,323.145917
162000,1.20000000,323.145917,323.145917,323.145917,323.145917,323.145917,323.145917,323.145917,323.145917,323.145917,323.145917,323.145917,323.145917,323.145917,,,,,,,,,323.145917
162060,1.20000000,323.145917,323.145917,323.145917,323.145917,323.145917,323.145917,323.145917,323.145917,323.145917,323.145917,323.145917,323.145917,323.145917,,,,,,,,,323.145917
162120,1.20000000,323.145917,323.145917,323.145917,323.145917,323.145917,323.145917,323.145917,323.145917,323.145917,323.145917,323.145917,323.145917,323.145917,,,,,,,,,323.145917
162180,1.20000000,323.145917,323.145917,323.145917,323.145917,323.145917,323.145917,323.145917,323.145917,323.145917,323.145917,323.145917,323.145917,323.145917,,,,,,,,,323.145917
162240,1.20000000,323.145917,323.145917,323.145917,323.145917,323.145917,323.145917,323.145917,323.145917,323.145917,323.145917,323.145917,323.145917,323.145917,,,,,,,,,323.145917
162300,1.20000000,323.145917,323.145917,323.145917,323.145917,323.145917,323.145917,323.145917,323.145917,323.145917,323.145917,323.145917,323.145917,323.145917,,,,,,,,,323.145917
162360,1.20000000,323.145917,323.145917,323.145917,323.145917,323.145917,323.145917,323.145917,323.145917,323.145917,323.145917,323.145917,323.145917,323.145917,,,,,,,,,323.145917
162420,1.20000000,323.145917,323.145917,323.145917,323.145917,323.145917,323.145917,323.145917,323.145917,323.145917,323.145917,323.145917,323.145917,323.145917,,,,,,,,,323.145917
162480,1.20000000,323.145917,323.145917,323.145917,323.145917,323.145917,323.145917,323.145917,323.145917,323.145917,323.145917,323.145917,323.145917,323.145917,,,,,,,,,323.145917
162540,1.20000000,323.145917,323.145917,323.145917,323.145917,323.145917,323.145917,323.145917,323.145917,323.145917,323.145917,323.145917,323.145917,323.145917,,,,,,,,,323.145917
162600,1.20000000,323.145917,323.145917,323.145917,323.145917,323.145917,323.145917,323.145917,323.145917,323.145917,323.145917,323.145917,323.145917,323.145917,,,,,,,,,323.145917
162660,1.20000000,323.145917,323.145917,323.145917,323.145917,323.145917,323.145917,323.145917,323.145917,323.145917,323.145917,323.145917,323.145917,323.145917,,,,,,,,,323.145917
162720,1.20000000,323.145917,323.145917,323.145917,323.145917,323.145917,323.145917,323.145917,323.145917,323.145917,323.145917,323.145917,323.145917,323.145917,,,,,,,,,323.145917
162780,1.20000000,323.145917,323.145917,323.145917,323.145917,323.145917,323.145917,323.145917,323.145917,323.145917,323.145917,323.145917,323.145917,323.145917,,,,,,,,,323.145917
162840,1.20000000,323.145917,323.145917,323.145917,323.145917,323.145917,323.145917,323.145917,323.145917,323.145917,323.145917,323.145917,323.145917,323.145917,,,,,,,,,323.145917
162900,1.20000000,323.145917,323.145917,323.145917,323.145917,323.145917,323.145917,323.145917,323.145917,323.145917,323.145917,323.145917,323.145917,323.145917,,,,,,,,,323.145917
162960,1.20000000,323.145917,323.145917,323.145917,323.145917,323.145917,323.145917,323.145917,323.145917,323.145917,323.145917,323.145917,323.145917,323.145917,,,,,,,,,323.145917
163020,1.20000000,323.145917,323.145917,323.145917,323.145917,323.145917,323.145917,323.145917,323.145917,323.145917,323.145917,323.145917,323.145917,323.145917,,,,,,,,,323.145917
163080,1.20000000,323.145917,323.145917,323.145917,323.145917,323.145917,323.145917,323.145917,323.145917,323.145917,323.145917,323.145917,323.145917,323.145917,,,,,,,,,323.145917
163140,1.20000000,323.145917,323.145917,323.145917,323.145917,323.145917,323.145917,323.145917,323.145917,323.145917,323.145917,323.145917,323.145917,323.145917,,,,,,,,,323.145917
163200,1.20000000,323.145917,323.145917,323.145917,323.145917,323.145917,323.145917,323.145917,323.145917,323.145917,323.145917,323.145917,323.145917,323.145917,,,,,,,,,323.145917
163260,1.20000000,323.145917,323.145917,323.145917,323.145917,323.145917,323.145917,323.145917,323.145917,323.145917,323.145917,323.145917,323.145917,323.145917,,,,,,,,,323.145917
163320,1.20000000,323.145917,323.145917,323.145917,323.145917,323.145917,323.145917,323.145917,323.145917,323.145917,323.145917,323.145917,323.145917,323.145917,,,,,,,,,323.145917
163380,1.20000000,323.145917,323.145917,323.145917,323.145917,323.145917,323.145917,323.145917,323.145917,323.145917,323.145917,323.145917,323.145917,323.145917,,,,,,,,,323.145917
163440,1.20000000,323.145917,323.145917,323.145917,323.145917,323.145917,323.145917,323.145917,323.145917,323.145917,323.145917,323.145917,323.145917,323.145917,,,,,,,,,323.145917
163500,1.20000000,323.145917,323.145917,323.145917,323.145917,323.145917,323.145917,323.145917,323.145917,323.145917,323.145917,323.145917,323.145917,323.145917,,,,,,,,,323.145917
163560,1.20000000,323.145917,323.145917,323.145917,323.145917,323.145917,323.145917,323.145917,323.145917,323.145917,323.145917,323.145917,323.145917,323.145917,,,,,,,,,323.145917
163620,1.20000000,323.145917,323.145917,323.145917,323.145917,323.145917,323.145917,323.145917,323.145917,323.145917,323.145917,323.145917,323.145917,323.145917,,,,,,,,,323.145917
163680,1.20000000,323.145917,323.145917,323.145917,323.145917,323.145917,323.145917,323.145917,323.145917,323.145917,323.145917,323.145917,323.145917,323.145917,,,,,,,,,323.145917
163740,1.20000000,323.145917,323.145917,323.145917,323.145917,323.145917,323.145917,323.145917,323.145917,323.145917,323.145917,323.145917,323.145917,323.145917,,,,,,,,,323.145917
163800,1.20000000,323.145917,323.145917,323.145917,323.145917,323.145917,323.145917,323.145917,323.145917,323.145917,323.145917,323.145917,323.145917,323.145917,,,,,,,,,323.145917
163860,1.20000000,323.145917,323.145917,323.145917,323.145917,323.145917,323.145917,323.145917,323.145917,323.145917,323.145917,323.145917,323.145917,323.145917,,,,,,,,,323.145917
163920,1.20000000,323.145917,323.145917,323.145917,323.145917,323.145917,323.145917,323.145917,323.145917,323.145917,323.145917,323.145917,323.145917,323.145917,,,,,,,,,323.145917
163980,1.20000000,323.145917,323.145917,323.145917,323.145917,323.145917,323.145917,323.145917,323.145917,323.145917,323.145917,323.145917,323.145917,323.145917,,,,,,,,,323.145917
164040,1.20000000,323.145917,323.145917,323.145917,323.145917,323.145917,323.145917,323.145917,323.145917,323.145917,323.145917,323.145917,323.145917,323.145917,,,,,,,,,323.145917
164100,1.20000000,323.145917,323.145917,323.145917,323.145917,323.145917,323.145917,323.145917,323.145917,323.145917,323.145917,323.145917,323.145917,323.145917,,,,,,,,,323.145917
164160,1.20000000,323.145917,323.145917,323.145917,323.145917,323.145917,323.145917,323.145917,323.145917,323.145917,323.145917,323.145917,323.145917,323.145917,,,,,,,,,323.145917
164220,1.20000000,323.145917,323.145917,323.145917,323.145917,323.145917,323.145917,323.145917,323.145917,323.145917,323.145917,323.145917,323.145917,323.145917,,,,,,,,,323.145917
164280,1.20000000,323.145917,323.145917,323.145917,323.145917,323.145917,323.145917,323.145917,323.145917,323.145917,323.145917,323.145917,323.145917,323.145917,,,,,,,,,323.145917
164340,1.20000000,323.145917,323.145917,323.145917,323.145917,323.145917,323.145917,323.145917,323.145917,323.145917,323.145917,323.145917,323.145917,323.145917,,,,,,,,,323.145917
164400,1.20000000,323.145917,323.145917,323.145917,323.145917,323.145917,323.145917,323.145917,323.145917,323.145917,323.145917,323.145917,323.145917,323.145917,,,,,,,,,323.145917
164460,1.20000000,323.145917,323.145917,323.145917,323.145917,323.145917,323.145917,323.145917,323.145917,323.145917,323.145917,323.145917,323.145917,323.145917,,,,,,,,,323.145917
164520,1.20000000,323.145917,323.145917,323.145917,323.145917,323.145917,323.145917,323.145917,323.145917,323.145917,323.145917,323.145917,323.145917,323.145917,,,,,,,,,323.145917
164580,1.20000000,323.145917,323.145917,323.145917,323.145917,323.145917,323.145917,323.145917,323.145917,323.145917,323.145917,323.145917,323.145917,323.145917,,,,,,,,,323.145917
164640,1.20000000,323.145917,323.145917,323.145917,323.145917,323.145917,323.145917,323.145917,323.145917,323.145917,323.145917,323.145917,323.145917,323.145917,,,,,,,,,323.145917
164700,1.20000000,323.145917,323.145917,323.145917,323.145917,323.145917,323.145917,323.145917,323.145917,323.145917,323.145917,323.145917,323.145917,323.145917,,,,,,,,,323.145917
164760,1.20000000,323.145917,323.145917,323.145917,323.145917,323.145917,323.145917,323.145917,323.145917,323.145917,323.145917,323.145917,323.145917,323.145917,,,,,,,,,323.145917
164820,1.20000000,323.145917,323.145917,323.145917,323.145917,323.145917,323.145917,323.145917,323.145917,323.145917,323.145917,323.145917,323.145917,323.145917,,,,,,,,,323.145917
164880,1.20000000,323.145917,323.145917,323.145917,323.145917,323.145917,323.145917,323.145917,323.145917,323.145917,323.145917,323.145917,323.145917,323.145917,,,,,,,,,323.145917
164940,1.20000000,323.145917,323.145917,323.145917,323.145917,323.145917,323.145917,323.145917,323.145917,323.145917,323.145917,323.145917,323.145917,323.145917,,,,,,,,,323.145917
165000,1.20000000,323.145917,323.145917,323.145917,323.145917,323.145917,323.145917,323.145917,323.145917,323.145917,323.145917,323.145917,323.145917,323.145917,,,,,,,,,323.145917
165060,1.20000000,323.145917,323.145917,323.145917,323.145917,323.145917,323.145917,323.145917,323.145917,323.145917,323.145917,323.145917,323.145917,323.145917,,,,,,,,,323.145917
165120,1.20000000,323.145917,323.145917,323.145917,323.145917,323.145917,323.145917,323.145917,323.145917,323.145917,323.145917,323.145917,323.145917,323.145917,,,,,,,,,323.145917
165180,1.20000000,323.145917,323.145917,323.145917,323.145917,323.145917,323.145917,323.145917,323.145917,323.145917,323.145917,323.145917,323.145917,323.145917,,,,,,,,,323.145917
165240,1.20000000,323.145917,323.145917,323.145917,323.145917,323.145917,323.145917,323.145917,323.145917,323.145917,323.145917,323.145917,323.145917,323.145917,,,,,,,,,323.145917
165300,1.20000000,323.145917,323.145917,323.145917,323.145917,323.145917,323.145917,323.145917,323.145917,323.145917,323.145917,323.145917,323.145917,323.145917,,,,,,,,,323.145917
165360,1.20000000,323.145917,323.145917,323.145917,323.145917,323.145917,323.145917,323.145917,323.145917,323.145917,323.145917,323.145917,323.145917,323.145917,,,,,,,,,323.145917
165420,1.20000000,323.145917,323.145917,323.145917,323.145917,323.145917,323.145917,323.145917,323.145917,323.145917,323.145917,323.145917,323.145917,323.145917,,,,,,,,,323.145917
165480,1.20000000,323.145917,323.145917,323.145917,323.145917,323.145917,323.145917,323.145917,323.145917,323.145917,323.145917,323.145917,323.145917,323.145917,,,,,,,,,323.145917
165540,1.20000000,323.145917,323.145917,323.145917,323.145917,323.145917,323.145917,323.145917,323.145917,323.145917,323.145917,323.145917,323.145917,323.145917,,,,,,,,,323.145917
165600,1.20000000,323.145917,323.145917,323.145917,323.145917,323.145917,323.145917,323.145917,323.145917,323.145917,323.145917,323.145917,323.145917,323.145917,,,,,,,,,323.145917
165660,1.20000000,323.145917,323.145917,323.145917,323.145917,323.145917,323.145917,323.145917,323.145917,323.145917,323.145917,323.145917,323.145917,323.145917,,,,,,,,,323.145917
165720,1.20000000,323.145917,323.145917,323.145917,323.145917,323.145917,323.145917,323.145917,323.145917,323.145917,323.145917,323.145917,323.145917,323.145917,,,,,,,,,323.145917
165780,1.20000000,323.145917,323.145917,323.145917,323.145917,323.145917,323.145917,323.145917,323.145917,323.145917,323.145917,323.145917,323.145917,323.145917,,,,,,,,,323.145917
165840,1.20000000,323.145917,323.145917,323.145917,323.145917,323.145917,323.145917,323.145917,323.145917,323.145917,323.145917,323.145917,323.145917,323.145917,,,,,,,,,323.145917
165900,1.20000000,323.145917,323.145917,323.145917,323.145917,323.145917,323.145917,323.145917,323.145917,323.145917,323.145917,323.145917,323.145917,323.145917,,,,,,,,,323.145917
165960,1.20000000,323.145917,323.145917,323.145917,323.145917,323.145917,323.145917,323.145917,323.145917,323.145917,323.145917,323.145917,323.145917,323.145917,,,,,,,,,323.145917
166020,1.20000000,323.145917,323.145917,323.145917,323.145917,323.145917,323.145917,323.145917,323.145917,323.145917,323.145917,323.145917,323.145917,323.145917,,,,,,,,,323.145917
166080,1.20000000,323.145917,323.145917,323.145917,323.145917,323.145917,323.145917,323.145917,323.145917,323.145917,323.145917,323.145917,323.145917,323.145917,,,,,,,,,323.145917
166140,1.20000000,323.145917,323.145917,323.145917,323.145917,323.145917,323.145917,323.145917,323.145917,323.145917,323.145917,323.145917,323.145917,323.145917,,,,,,,,,323.145917
166200,1.20000000,323.145917,323.145917,323.145917,323.145917,323.145917,323.145917,323.145917,323.145917,323.145917,323.145917,323.145917,323.145917,323.145917,,,,,,,,,323.145917
166260,1.20000000,323.145917,323.145917,323.145917,323.145917,323.145917,323.145917,323.145917,323.145917,323.145917,323.145917,323.145917,323.145917,323.145917,,,,,,,,,323.145917
166320,1.20000000,323.145917,323.145917,323.145917,323.145917,323.145917,323.145917,323.145917,323.145917,323.145917,323.145917,323.145917,323.145917,323.145917,,,,,,,,,323.145917
166380,1.20000000,323.145917,323.145917,323.145917,323.145917,323.145917,323.145917,323.145917,323.145917,323.145917,323.145917,323.145917,323.145917,323.145917,,,,,,,,,323.145917
166440,1.20000000,323.145917,323.145917,323.145917,323.145917,323.145917,323.145917,323.145917,323.145917,323.145917,323.145917,323.145917,323.145917,323.145917,,,,,,,,,323.145917
166500,1.20000000,323.145917,323.145917,323.145917,323.145917,323.145917,323.145917,323.145917,323.145917,323.145917,323.145917,323.145917,323.145917,323.145917,,,,,,,,,323.145917
166560,1.20000000,323.145917,323.145917,323.145917,323.145917,323.145917,323.145917,323.145917,323.145917,323.145917,323.145917,323.145917,323.145917,323.145917,,,,,,,,,323.145917
166620,1.20000000,323.145917,323.145917,323.145917,323.145917,323.145917,323.145917,323.145917,323.145917,323.145917,323.145917,323.145917,323.145917,323.145917,,,,,,,,,323.145917
166680,1.20000000,323.145917,323.145917,323.145917,323.145917,323.145917,323.145917,323.145917,323.145917,323.145917,323.145917,323.145917,323.145917,323.145917,,,,,,,,,323.145917
166740,1.20000000,323.145917,323.145917,323.145917,323.145917,323.145917,323.145917,323.145917,323.145917,323.145917,323.145917,323.145917,323.145917,323.145917,,,,,,,,,323.145917
166800,1.20000000,323.145917,323.145917,323.145917,323.145917,323.145917,323.145917,323.145917,323.145917,323.145917,323.145917,323.145917,323.145917,323.145917,,,,,,,,,323.145917
166860,1.20000000,323.145917,323.145917,323.145917,323.145917,323.145917,323.145917,323.145917,323.145917,323.145917,323.145917,323.145917,323.145917,323.145917,,,,,,,,,323.145917
166920,1.20000000,323.145917,323.145917,323.145917,323.145917,323.145917,323.145917,323.145917,323.145917,323.145917,323.145917,323.145917,323.145917,323.145917,,,,,,,,,323.145917
166980,1.20000000,323.145917,323.145917,323.145917,323.145917,323.145917,323.145917,323.145917,323.145917,323.145917,323.145917,323.145917,323.145917,323.145917,,,,,,,,,323.145917
167040,1.20000000,323.145917,323.145917,323.145917,323.145917,323.145917,323.145917,323.145917,323.145917,323.145917,323.145917,323.145917,323.145917,323.145917,,,,,,,,,323.145917
167100,1.20000000,323.145917,323.145917,323.145917,323.145917,323.145917,323.145917,323.145917,323.145917,323.145917,323.145917,323.145917,323.145917,323.145917,,,,,,,,,323.145917
167160,1.20000000,323.145917,323.145917,323.145917,323.145917,323.145917,323.145917,323.145917,323.145917,323.145917,323.145917,323.145917,323.145917,323.145917,,,,,,,,,323.145917
167220,1.20000000,323.145917,323.145917,323.145917,323.145917,323.145917,323.145917,323.145917,323.145917,323.145917,323.145917,323.145917,323.145917,323.145917,,,,,,,,,323.145917
167280,1.20000000,323.145917,323.145917,323.145917,323.145917,323.145917,323.145917,323.145917,323.145917,323.145917,323.145917,323.145917,323.145917,323.145917,,,,,,,,,323.145917
167340,1.20000000,323.145917,323.145917,323.145917,323.145917,323.145917,323.145917,323.145917,323.145917,323.145917,323.145917,323.145917,323.145917,323.145917,,,,,,,,,323.145917
167400,1.20000000,323.145917,323.145917,323.145917,323.145917,323.145917,323.145917,323.145917,323.145917,323.145917,323.145917,323.145917,323.145917,323.145917,,,,,,,,,323.145917
167460,1.20000000,323.145917,323.145917,323.145917,323.145917,323.145917,323.145917,323.145917,323.145917,323.145917,323.145917,323.145917,323.145917,323.145917,,,,,,,,,323.145917
167520,1.20000000,323.145917,323.145917,323.145917,323.145917,323.145917,323.145917,323.145917,323.145917,323.145917,323.145917,323.145917,323.145917,323.145917,,,,,,,,,323.145917
167580,1.20000000,323.145917,323.145917,323.145917,323.145917,323.145917,323.145917,323.145917,323.145917,323.145917,323.145917,323.145917,323.145917,323.145917,,,,,,,,,323.145917
167640,1.20000000,323.145917,323.145917,323.145917,323.145917,323.145917,323.145917,323.145917,323.145917,323.145917,323.145917,323.145917,323.145917,323.145917,,,,,,,,,323.145917
167700,1.20000000,323.145917,323.145917,323.145917,323.145917,323.145917,323.145917,323.145917,323.145917,323.145917,323.145917,323.145917,323.145917,323.145917,,,,,,,,,323.145917
167760,1.20000000,323.145917,323.145917,323.145917,323.145917,323.145917,323.145917,323.145917,323.145917,323.145917,323.145917,323.145917,323.145917,323.145917,,,,,,,,,323.145917
167820,1.20000000,323.145917,323.145917,323.145917,323.145917,323.145917,323.145917,323.145917,323.145917,323.145917,323.145917,323.145917,323.145917,323.145917,,,,,,,,,323.145917
167880,1.20000000,323.145917,323.145917,323.145917,323.145917,323.145917,323.145917,323.145917,323.145917,323.145917,323.145917,323.145917,323.145917,323.145917,,,,,,,,,323.145917
167940,1.20000000,323.145917,323.145917,323.145917,323.145917,323.145917,323.145917,323.145917,323.145917,323.145917,323.145917,323.145917,323.145917,323.145917,,,,,,,,,323.145917
168000,1.20000000,323.145917,323.145917,323.145917,323.145917,323.145917,323.145917,323.145917,323.145917,323.145917,323.145917,323.145917,323.145917,323.145917,,,,,,,,,323.145917
168060,1.20000000,323.145917,323.145917,323.145917,323.145917,323.145917,323.145917,323.145917,323.145917,323.145917,323.145917,323.145917,323.145917,323.145917,,,,,,,,,323.145917
168120,1.20000000,323.145917,323.145917,323.145917,323.145917,323.145917,323.145917,323.145917,323.145917,323.145917,323.145917,323.145917,323.145917,323.145917,,,,,,,,,323.145917
168180,1.20000000,323.145917,323.145917,323.145917,323.145917,323.145917,323.145917,323.145917,323.145917,323.145917,323.145917,323.145917,323.145917,323.145917,,,,,,,,,323.145917
168240,1.20000000,323.145917,323.145917,323.145917,323.145917,323.145917,323.145917,323.145917,323.145917,323.145917,323.145917,323.145917,323.145917,323.145917,,,,,,,,,323.145917
168300,1.20000000,323.145917,323.145917,323.145917,323.145917,323.145917,323.145917,323.145917,323.145917,323.145917,323.145917,323.145917,323.145917,323.145917,,,,,,,,,323.145917
168360,1.20000000,323.145917,323.145917,323.145917,323.145917,323.145917,323.145917,323.145917,323.145917,323.145917,323.145917,323.145917,323.145917,323.145917,,,,,,,,,323.145917
168420,1.20000000,323.145917,323.145917,323.145917,323.145917,323.145917,323.145917,323.145917,323.145917,323.145917,323.145917,323.145917,323.145917,323.145917,,,,,,,,,323.145917
168480,1.20000000,323.145917,323.145917,323.145917,323.145917,323.145917,323.145917,323.145917,323.145917,323.145917,323.145917,323.145917,323.145917,323.145917,,,,,,,,,323.145917
168540,1.20000000,323.145917,323.145917,323.145917,323.145917,323.145917,323.145917,323.145917,323.145917,323.145917,323.145917,323.145917,323.145917,323.145917,,,,,,,,,323.145917
168600,1.20000000,323.145917,323.145917,323.145917,323.145917,323.145917,323.145917,323.145917,323.145917,323.145917,323.145917,323.145917,323.145917,323.145917,,,,,,,,,323.145917
168660,1.20000000,323.145917,323.145917,323.145917,323.145917,323.145917,323.145917,323.145917,323.145917,323.145917,323.145917,323.145917,323.145917,323.145917,,,,,,,,,323.145917
168720,1.20000000,323.145917,323.145917,323.145917,323.145917,323.145917,323.145917,323.145917,323.145917,323.145917,323.145917,323.145917,323.145917,323.145917,,,,,,,,,323.145917
168780,1.20000000,323.145917,323.145917,323.145917,323.145917,323.145917,323.145917,323.145917,323.145917,323.145917,323.145917,323.145917,323.145917,323.145917,,,,,,,,,323.145917
168840,1.20000000,323.145917,323.145917,323.145917,323.145917,323.145917,323.145917,323.145917,323.145917,323.145917,323.145917,323.145917,323.145917,323.145917,,,,,,,,,323.145917
168900,1.20000000,323.145917,323.145917,323.145917,323.145917,323.145917,323.145917,323.145917,323.145917,323.145917,323.145917,323.145917,323.145917,323.145917,,,,,,,,,323.145917
168960,1.20000000,323.145917,323.145917,323.145917,323.145917,323.145917,323.145917,323.145917,323.145917,323.145917,323.145917,323.145917,323.145917,323.145917,,,,,,,,,323.145917
169020,1.20000000,323.145917,323.145917,323.145917,323.145917,323.145917,323.145917,323.145917,323.145917,323.145917,323.145917,323.145917,323.145917,323.145917,,,,,,,,,323.145917
169080,1.20000000,323.145917,323.145917,323.145917,323.145917,323.145917,323.145917,323.145917,323.145917,323.145917,323.145917,323.145917,323.145917,323.145917,,,,,,,,,323.145917
169140,1.20000000,323.145917,323.145917,323.145917,323.145917,323.145917,323.145917,323.145917,323.145917,323.145917,323.145917,323.145917,323.145917,323.145917,,,,,,,,,323.145917
169200,1.20000000,323.145917,323.145917,323.145917,323.145917,323.145917,323.145917,323.145917,323.145917,323.145917,323.145917,323.145917,323.145917,323.145917,,,,,,,,,323.145917
169260,1.20000000,323.145917,323.145917,323.145917,323.145917,323.145917,323.145917,323.145917,323.145917,323.145917,323.145917,323.145917,323.145917,323.145917,,,,,,,,,323.145917
169320,1.20000000,323.145917,323.145917,323.145917,323.145917,323.145917,323.145917,323.145917,323.145917,323.145917,323.145917,323.145917,323.145917,323.145917,,,,,,,,,323.145917
169380,1.20000000,323.145917,323.145917,323.145917,323.145917,323.145917,323.145917,323.145917,323.145917,323.145917,323.145917,323.145917,323.145917,323.145917,,,,,,,,,323.145917
169440,1.20000000,323.145917,323.145917,323.145917,323.145917,323.145917,323.145917,323.145917,323.145917,323.145917,323.145917,323.145917,323.145917,323.145917,,,,,,,,,323.145917
169500,1.20000000,323.145917,323.145917,323.145917,323.145917,323.145917,323.145917,323.145917,323.145917,323.145917,323.145917,323.145917,323.145917,323.145917,,,,,,,,,323.145917
169560,1.20000000,323.145917,323.145917,323.145917,323.145917,323.145917,323.145917,323.145917,323.145917,323.145917,323.145917,323.145917,323.145917,323.145917,,,,,,,,,323.145917
169620,1.20000000,323.145917,323.145917,323.145917,323.145917,323.145917,323.145917,323.145917,323.145917,323.145917,323.145917,323.145917,323.145917,323.145917,,,,,,,,,323.145917
169680,1.20000000,323.145917,323.145917,323.145917,323.145917,323.145917,323.145917,323.145917,323.145917,323.145917,323.145917,323.145917,323.145917,323.145917,,,,,,,,,323.145917
169740,1.20000000,323.145917,323.145917,323.145917,323.145917,323.145917,323.145917,323.145917,323.145917,323.145917,323.145917,323.145917,323.145917,323.145917,,,,,,,,,323.145917
169800,1.20000000,323.145917,323.145917,323.145917,323.145917,323.145917,323.145917,323.145917,323.145917,323.145917,323.145917,323.145917,323.145917,323.145917,,,,,,,,,323.145917
169860,1.20000000,323.145917,323.145917,323.145917,323.145917,323.145917,323.145917,323.145917,323.145917,323.145917,323.145917,323.145917,323.145917,323.145917,,,,,,,,,323.145917
169920,1.20000000,323.145917,323.145917,323.145917,323.145917,323.145917,323.145917,323.145917,323.145917,323.145917,323.145917,323.145917,323.145917,323.145917,,,,,,,,,323.145917
169980,1.20000000,323.145917,323.145917,323.145917,323.145917,323.145917,323.145917,323.145917,323.145917,323.145917,323.145917,323.145917,323.145917,323.145917,,,,,,,,,323.145917
170040,1.20000000,323.145917,323.145917,323.145917,323.145917,323.145917,323.145917,323.145917,323.145917,323.145917,323.145917,323.145917,323.145917,323.145917,,,,,,,,,323.145917
170100,1.20000000,323.145917,323.145917,323.145917,323.145917,323.145917,323.145917,323.145917,323.145917,323.145917,323.145917,323.145917,323.145917,323.145917,,,,,,,,,323.145917
170160,1.20000000,323.145917,323.145917,323.145917,323.145917,323.145917,323.145917,323.145917,323.145917,323.145917,323.145917,323.145917,323.145917,323.145917,,,,,,,,,323.145917
170220,1.20000000,323.145917,323.145917,323.145917,323.145917,323.145917,323.145917,323.145917,323.145917,323.145917,323.145917,323.145917,323.145917,323.145917,,,,,,,,,323.145917
170280,1.20000000,323.145917,323.145917,323.145917,323.145917,323.145917,323.145917,323.145917,323.145917,323.145917,323.145917,323.145917,323.145917,323.145917,,,,,,,,,323.145917
170340,1.20000000,323.145917,323.145917,323.145917,323.145917,323.145917,323.145917,323.145917,323.145917,323.145917,323.145917,323.145917,323.145917,323.145917,,,,,,,,,323.145917
170400,1.20000000,323.145917,323.145917,323.145917,323.145917,323.145917,323.145917,323.145917,323.145917,323.145917,323.145917,323.145917,323.145917,323.145917,,,,,,,,,323.145917
170460,1.20000000,323.145917,323.145917,323.145917,323.145917,323.145917,323.145917,323.145917,323.145917,323.145917,323.145917,323.145917,323.145917,323.145917,,,,,,,,,323.145917
170520,1.20000000,323.145917,323.145917,323.145917,323.145917,323.145917,323.145917,323.145917,323.145917,323.145917,323.145917,323.145917,323.145917,323.145917,,,,,,,,,323.145917
170580,1.20000000,323.145917,323.145917,323.145917,323.145917,323.145917,323.145917,323.145917,323.145917,323.145917,323.145917,323.145917,323.145917,323.145917,,,,,,,,,323.145917
170640,1.20000000,323.145917,323.145917,323.145917,323.145917,323.145917,323.145917,323.145917,323.145917,323.145917,323.145917,323.145917,323.145917,323.145917,,,,,,,,,323.145917
170700,1.20000000,323.145917,323.145917,323.145917,323.145917,323.145917,323.145917,323.145917,323.145917,323.145917,323.145917,323.145917,323.145917,323.145917,,,,,,,,,323.145917
170760,1.20000000,323.145917,323.145917,323.145917,323.145917,323.145917,323.145917,323.145917,323.145917,323.145917,323.145917,323.145917,323.145917,323.145917,,,,,,,,,323.145917
170820,1.20000000,323.145917,323.145917,323.145917,323.145917,323.145917,323.145917,323.145917,323.145917,323.145917,323.145917,323.145917,323.145917,323.145917,,,,,,,,,323.145917
170880,1.20000000,323.145917,323.145917,323.145917,323.145917,323.145917,323.145917,323.145917,323.145917,323.145917,323.145917,323.145917,323.145917,323.145917,,,,,,,,,323.145917
170940,1.20000000,323.145917,323.145917,323.145917,323.145917,323.145917,323.145917,323.145917,323.145917,323.145917,323.145917,323.145917,323.145917,323.145917,,,,,,,,,323.145917
171000,1.20000000,323.145917,323.145917,323.145917,323.145917,323.145917,323.145917,323.145917,323.145917,323.145917,323.145917,323.145917,323.145917,323.145917,,,,,,,,,323.145917
171060,1.20000000,323.145917,323.145917,323.145917,323.145917,323.145917,323.145917,323.145917,323.145917,323.145917,323.145917,323.145917,323.145917,323.145917,,,,,,,,,323.145917
171120,1.20000000,323.145917,323.145917,323.145917,323.145917,323.145917,323.145917,323.145917,323.145917,323.145917,323.145917,323.145917,323.145917,323.145917,,,,,,,,,323.145917
171180,1.20000000,323.145917,323.145917,323.145917,323.145917,323.145917,323.145917,323.145917,323.145917,323.145917,323.145917,323.145917,323.145917,323.145917,,,,,,,,,323.145917
171240,1.20000000,323.145917,323.145917,323.145917,323.145917,323.145917,323.145917,323.145917,323.145917,323.145917,323.145917,323.145917,323.145917,323.145917,,,,,,,,,323.145917
171300,1.20000000,323.145917,323.145917,323.145917,323.145917,323.145917,323.145917,323.145917,323.145917,323.145917,323.145917,323.145917,323.145917,323.145917,,,,,,,,,323.145917
171360,1.20000000,323.145917,323.145917,323.145917,323.145917,323.145917,323.145917,323.145917,323.145917,323.145917,323.145917,323.145917,323.145917,323.145917,,,,,,,,,323.145917
171420,1.20000000,323.145917,323.145917,323.145917,323.145917,323.145917,323.145917,323.145917,323.145917,323.145917,323.145917,323.145917,323.145917,323.145917,,,,,,,,,323.145917
171480,1.20000000,323.145917,323.145917,323.145917,323.145917,323.145917,323.145917,323.145917,323.145917,323.145917,323.145917,323.145917,323.145917,323.145917,,,,,,,,,323.145917
171540,1.20000000,323.145917,323.145917,323.145917,323.145917,323.145917,323.145917,323.145917,323.145917,323.145917,323.145917,323.145917,323.145917,323.145917,,,,,,,,,323.145917
171600,1.20000000,323.145917,323.145917,323.145917,323.145917,323.145917,323.145917,323.145917,323.145917,323.145917,323.145917,323.145917,323.145917,323.145917,,,,,,,,,323.145917
171660,1.20000000,323.145917,323.145917,323.145917,323.145917,323.145917,323.145917,323.145917,323.145917,323.145917,323.145917,323.145917,323.145917,323.145917,,,,,,,,,323.145917
171720,1.20000000,323.145917,323.145917,323.145917,323.145917,323.145917,323.145917,323.145917,323.145917,323.145917,323.145917,323.145917,323.145917,323.145917,,,,,,,,,323.145917
171780,1.20000000,323.145917,323.145917,323.145917,323.145917,323.145917,323.145917,323.145917,323.145917,323.145917,323.145917,323.145917,323.145917,323.145917,,,,,,,,,323.145917
171840,1.20000000,323.145917,323.145917,323.145917,323.145917,323.145917,323.145917,323.145917,323.145917,323.145917,323.145917,323.145917,323.145917,323.145917,,,,,,,,,323.145917
171900,1.20000000,323.145917,323.145917,323.145917,323.145917,323.145917,323.145917,323.145917,323.145917,323.145917,323.145917,323.145917,323.145917,323.145917,,,,,,,,,323.145917
171960,1.20000000,323.145917,323.145917,323.145917,323.145917,323.145917,323.145917,323.145917,323.145917,323.145917,323.145917,323.145917,323.145917,323.145917,,,,,,,,,323.145917
172020,1.20000000,323.145917,323.145917,323.145917,323.145917,323.145917,323.145917,323.145917,323.145917,323.145917,323.145917,323.145917,323.145917,323.145917,,,,,,,,,323.145917
172080,1.20000000,323.145917,323.145917,323.145917,323.145917,323.145917,323.145917,323.145917,323.145917,323.145917,323.145917,323.145917,323.145917,323.145917,,,,,,,,,323.145917
172140,1.20000000,323.145917,323.145917,323.145917,323.145917,323.145917,323.145917,323.145917,323.145917,323.145917,323.145917,323.145917,323.145917,323.145917,,,,,,,,,323.145917
172200,1.20000000,323.145917,323.145917,323.145917,323.145917,323.145917,323.145917,323.145917,323.145917,323.145917,323.145917,323.145917,323.145917,323.145917,,,,,,,,,323.145917
172260,1.20000000,323.145917,323.145917,323.145917,323.145917,323.145917,323.145917,323.145917,323.145917,323.145917,323.145917,323.145917,323.145917,323.145917,,,,,,,,,323.145917
172320,1.20000000,323.145917,323.145917,323.145917,323.145917,323.145917,323.145917,323.145917,323.145917,323.145917,323.145917,323.145917,323.145917,323.145917,,,,,,,,,323.145917
172380,1.20000000,323.145917,323.145917,323.145917,323.145917,323.145917,323.145917,323.145917,323.145917,323.145917,323.145917,323.145917,323.145917,323.145917,,,,,,,,,323.145917
172440,1.20000000,323.145917,323.145917,323.145917,323.145917,323.145917,323.145917,323.145917,323.145917,323.145917,323.145917,323.145917,323.145917,323.145917,,,,,,,,,323.145917
172500,1.20000000,323.145917,323.145917,323.145917,323.145917,323.145917,323.145917,323.145917,323.145917,323.145917,323.145917,323.145917,323.145917,323.145917,,,,,,,,,323.145917
172560,1.20000000,323.145917,323.145917,323.145917,323.145917,323.145917,323.145917,323.145917,323.145917,323.145917,323.145917,323.145917,323.145917,323.145917,,,,,,,,,323.145917
172620,1.20000000,323.145917,323.145917,323.145917,323.145917,323.145917,323.145917,323.145917,323.145917,323.145917,323.145917,323.145917,323.145917,323.145917,,,,,,,,,323.145917
172680,1.20000000,323.145917,323.145917,323.145917,323.145917,323.145917,323.145917,323.145917,323.145917,323.145917,323.145917,323.145917,323.145917,323.145917,,,,,,,,,323.145917
172740,1.20000000,323.145917,323.145917,323.145917,323.145917,323.145917,323.145917,323.145917,323.145917,323.145917,323.145917,323.145917,323.145917,323.145917,,,,,,,,,323.145917
172800,1.20000000,323.145917,323.145917,323.145917,323.145917,323.145917,323.145917,323.145917,323.145917,323.145917,323.145917,323.145917,323.145917,323.145917,,,,,,,,,323.145917
172860,1.20000000,323.145917,323.145917,323.145917,323.145917,323.145917,323.145917,323.145917,323.145917,323.145917,323.145917,323.145917,323.145917,323.145917,,,,,,,,,323.145917
172920,1.20000000,323.145917,323.145917,323.145917,323.145917,323.145917,323.145917,323.145917,323.145917,323.145917,323.145917,323.145917,323.145917,323.145917,,,,,,,,,323.145917
172980,1.20000000,323.145917,323.145917,323.145917,323.145917,323.145917,323.145917,323.145917,323.145917,323.145917,323.145917,323.145917,323.145917,323.145917,,,,,,,,,323.145917
173040,1.20000000,323.145917,323.145917,323.145917,323.145917,323.145917,323.145917,323.145917,323.145917,323.145917,323.145917,323.145917,323.145917,323.145917,,,,,,,,,323.145917
173100,1.20000000,323.145917,323.145917,323.145917,323.145917,323.145917,323.145917,323.145917,323.145917,323.145917,323.145917,323.145917,323.145917,323.145917,,,,,,,,,323.145917
173160,1.20000000,323.145917,323.145917,323.145917,323.145917,323.145917,323.145917,323.145917,323.145917,323.145917,323.145917,323.145917,323.145917,323.145917,,,,,,,,,323.145917
173220,1.20000000,323.145917,323.145917,323.145917,323.145917,323.145917,323.145917,323.145917,323.145917,323.145917,323.145917,323.145917,323.145917,323.145917,,,,,,,,,323.145917
173280,1.20000000,323.145917,323.145917,323.145917,323.145917,323.145917,323.145917,323.145917,323.145917,323.145917,323.145917,323.145917,323.145917,323.145917,,,,,,,,,323.145917
173340,1.20000000,323.145917,323.145917,323.145917,323.145917,323.145917,323.145917,323.145917,323.145917,323.145917,323.145917,323.145917,323.145917,323.145917,,,,,,,,,323.145917
173400,1.20000000,323.145917,323.145917,323.145917,323.145917,323.145917,323.145917,323.145917,323.145917,323.145917,323.145917,323.145917,323.145917,323.145917,,,,,,,,,323.145917
173460,1.20000000,323.145917,323.145917,323.145917,323.145917,323.145917,323.145917,323.145917,323.145917,323.145917,323.145917,323.145917,323.145917,323.145917,,,,,,,,,323.145917
173520,1.20000000,323.145917,323.145917,323.145917,323.145917,323.145917,323.145917,323.145917,323.145917,323.145917,323.145917,323.145917,323.145917,323.145917,,,,,,,,,323.145917
173580,1.20000000,323.145917,323.145917,323.145917,323.145917,323.145917,323.145917,323.145917,323.145917,323.145917,323.145917,323.145917,323.145917,323.145917,,,,,,,,,323.145917
173640,1.20000000,323.145917,323.145917,323.145917,323.145917,323.145917,323.145917,323.145917,323.145917,323.145917,323.145917,323.145917,323.145917,323.145917,,,,,,,,,323.145917
173700,1.20000000,323.145917,323.145917,323.145917,323.145917,323.145917,323.145917,323.145917,323.145917,323.145917,323.145917,323.145917,323.145917,323.145917,,,,,,,,,323.145917
173760,1.20000000,323.145917,323.145917,323.145917,323.145917,323.145917,323.145917,323.145917,323.145917,323.145917,323.145917,323.145917,323.145917,323.145917,,,,,,,,,323.145917
173820,1.20000000,323.145917,323.145917,323.145917,323.145917,323.145917,323.145917,323.145917,323.145917,323.145917,323.145917,323.145917,323.145917,323.145917,,,,,,,,,323.145917
173880,1.20000000,323.145917,323.145917,323.145917,323.145917,323.145917,323.145917,323.145917,323.145917,323.145917,323.145917,323.145917,323.145917,323.145917,,,,,,,,,323.145917
173940,1.20000000,323.145917,323.145917,323.145917,323.145917,323.145917,323.145917,323.145917,323.145917,323.145917,323.145917,323.145917,323.145917,323.145917,,,,,,,,,323.145917
174000,1.20000000,323.145917,323.145917,323.145917,323.145917,323.145917,323.145917,323.145917,323.145917,323.145917,323.145917,323.145917,323.145917,323.145917,,,,,,,,,323.145917
174060,1.20000000,323.145917,323.145917,323.145917,323.145917,323.145917,323.145917,323.145917,323.145917,323.145917,323.145917,323.145917,323.145917,323.145917,,,,,,,,,323.145917
174120,1.20000000,323.145917,323.145917,323.145917,323.145917,323.145917,323.145917,323.145917,323.145917,323.145917,323.145917,323.145917,323.145917,323.145917,,,,,,,,,323.145917
174180,1.20000000,323.145917,323.145917,323.145917,323.145917,323.145917,323.145917,323.145917,323.145917,323.145917,323.145917,323.145917,323.145917,323.145917,,,,,,,,,323.145917
174240,1.20000000,323.145917,323.145917,323.145917,323.145917,323.145917,323.145917,323.145917,323.145917,323.145917,323.145917,323.145917,323.145917,323.145917,,,,,,,,,323.145917
174300,1.20000000,323.145917,323.145917,323.145917,323.145917,323.145917,323.145917,323.145917,323.145917,323.145917,323.145917,323.145917,323.145917,323.145917,,,,,,,,,323.145917
174360,1.20000000,323.145917,323.145917,323.145917,323.145917,323.145917,323.145917,323.145917,323.145917,323.145917,323.145917,323.145917,323.145917,323.145917,,,,,,,,,323.145917
174420,1.20000000,323.145917,323.145917,323.145917,323.145917,323.145917,323.145917,323.145917,323.145917,323.145917,323.145917,323.145917,323.145917,323.145917,,,,,,,,,323.145917
174480,1.20000000,323.145917,323.145917,323.145917,323.145917,323.145917,323.145917,323.145917,323.145917,323.145917,323.145917,323.145917,323.145917,323.145917,,,,,,,,,323.145917
174540,1.20000000,323.145917,323.145917,323.145917,323.145917,323.145917,323.145917,323.145917,323.145917,323.145917,323.145917,323.145917,323.145917,323.145917,,,,,,,,,323.145917
174600,1.20000000,323.145917,323.145917,323.145917,323.145917,323.145917,323.145917,323.145917,323.145917,323.145917,323.145917,323.145917,323.145917,323.145917,,,,,,,,,323.145917
174660,1.20000000,323.145917,323.145917,323.145917,323.145917,323.145917,323.145917,323.145917,323.145917,323.145917,323.145917,323.145917,323.145917,323.145917,,,,,,,,,323.145917
174720,1.20000000,323.145917,323.145917,323.145917,323.145917,323.145917,323.145917,323.145917,323.145917,323.145917,323.145917,323.145917,323.145917,323.145917,,,,,,,,,323.145917
174780,1.20000000,323.145917,323.145917,323.145917,323.145917,323.145917,323.145917,323.145917,323.145917,323.145917,323.145917,323.145917,323.145917,323.145917,,,,,,,,,323.145917
174840,1.20000000,323.145917,323.145917,323.145917,323.145917,323.145917,323.145917,323.145917,323.145917,323.145917,323.145917,323.145917,323.145917,323.145917,,,,,,,,,323.145917
174900,1.20000000,323.145917,323.145917,323.145917,323.145917,323.145917,323.145917,323.145917,323.145917,323.145917,323.145917,323.145917,323.145917,323.145917,,,,,,,,,323.145917
174960,1.20000000,323.145917,323.145917,323.145917,323.145917,323.145917,323.145917,323.145917,323.145917,323.145917,323.145917,323.145917,323.145917,323.145917,,,,,,,,,323.145917
175020,1.20000000,323.145917,323.145917,323.145917,323.145917,323.145917,323.145917,323.145917,323.145917,323.145917,323.145917,323.145917,323.145917,323.145917,,,,,,,,,323.145917
175080,1.20000000,323.145917,323.145917,323.145917,323.145917,323.145917,323.145917,323.145917,323.145917,323.145917,323.145917,323.145917,323.145917,323.145917,,,,,,,,,323.145917
175140,1.20000000,323.145917,323.145917,323.145917,323.145917,323.145917,323.145917,323.145917,323.145917,323.145917,323.145917,323.145917,323.145917,323.145917,,,,,,,,,323.145917
175200,1.20000000,323.145917,323.145917,323.145917,323.145917,323.145917,323.145917,323.145917,323.145917,323.145917,323.145917,323.145917,323.145917,323.145917,,,,,,,,,323.145917
175260,1.20000000,323.145917,323.145917,323.145917,323.145917,323.145917,323.145917,323.145917,323.145917,323.145917,323.145917,323.145917,323.145917,323.145917,,,,,,,,,323.145917
175320,1.20000000,323.145917,323.145917,323.145917,323.145917,323.145917,323.145917,323.145917,323.145917,323.145917,323.145917,323.145917,323.145917,323.145917,,,,,,,,,323.145917
175380,1.20000000,323.145917,323.145917,323.145917,323.145917,323.145917,323.145917,323.145917,323.145917,323.145917,323.145917,323.145917,323.145917,323.145917,,,,,,,,,323.145917
175440,1.20000000,323.145917,323.145917,323.145917,323.145917,323.145917,323.145917,323.145917,323.145917,323.145917,323.145917,323.145917,323.145917,323.145917,,,,,,,,,323.145917
175500,1.20000000,323.145917,323.145917,323.145917,323.145917,323.145917,323.145917,323.145917,323.145917,323.145917,323.145917,323.145917,323.145917,323.145917,,,,,,,,,323.145917
175560,1.20000000,323.145917,323.145917,323.145917,323.145917,323.145917,323.145917,323.145917,323.145917,323.145917,323.145917,323.145917,323.145917,323.145917,,,,,,,,,323.145917
175620,1.20000000,323.145917,323.145917,323.145917,323.145917,323.145917,323.145917,323.145917,323.145917,323.145917,323.145917,323.145917,323.145917,323.145917,,,,,,,,,323.145917
175680,1.20000000,323.145917,323.145917,323.145917,323.145917,323.145917,323.145917,323.145917,323.145917,323.145917,323.145917,323.145917,323.145917,323.145917,,,,,,,,,323.145917
175740,1.20000000,323.145917,323.145917,323.145917,323.145917,323.145917,323.145917,323.145917,323.145917,323.145917,323.145917,323.145917,323.145917,323.145917,,,,,,,,,323.145917
175800,1.20000000,323.145917,323.145917,323.145917,323.145917,323.145917,323.145917,323.145917,323.145917,323.145917,323.145917,323.145917,323.145917,323.145917,,,,,,,,,323.145917
175860,1.20000000,323.145917,323.145917,323.145917,323.145917,323.145917,323.145917,323.145917,323.145917,323.145917,323.145917,323.145917,323.145917,323.145917,,,,,,,,,323.145917
175920,1.20000000,323.145917,323.145917,323.145917,323.145917,323.145917,323.145917,323.145917,323.145917,323.145917,323.145917,323.145917,323.145917,323.145917,,,,,,,,,323.145917
175980,1.20000000,323.145917,323.145917,323.145917,323.145917,323.145917,323.145917,323.145917,323.145917,323.145917,323.145917,323.145917,323.145917,323.145917,,,,,,,,,323.145917
176040,1.20000000,323.145917,323.145917,323.145917,323.145917,323.145917,323.145917,323.145917,323.145917,323.145917,323.145917,323.145917,323.145917,323.145917,,,,,,,,,323.145917
176100,1.20000000,323.145917,323.145917,323.145917,323.145917,323.145917,323.145917,323.145917,323.145917,323.145917,323.145917,323.145917,323.145917,323.145917,,,,,,,,,323.145917
176160,1.20000000,323.145917,323.145917,323.145917,323.145917,323.145917,323.145917,323.145917,323.145917,323.145917,323.145917,323.145917,323.145917,323.145917,,,,,,,,,323.145917
176220,1.20000000,323.145917,323.145917,323.145917,323.145917,323.145917,323.145917,323.145917,323.145917,323.145917,323.145917,323.145917,323.145917,323.145917,,,,,,,,,323.145917
176280,1.20000000,323.145917,323.145917,323.145917,323.145917,323.145917,323.145917,323.145917,323.145917,323.145917,323.145917,323.145917,323.145917,323.145917,,,,,,,,,323.145917
176340,1.20000000,323.145917,323.145917,323.145917,323.145917,323.145917,323.145917,323.145917,323.145917,323.145917,323.145917,323.145917,323.145917,323.145917,,,,,,,,,323.145917
176400,1.20000000,323.145917,323.145917,323.145917,323.145917,323.145917,323.145917,323.145917,323.145917,323.145917,323.145917,323.145917,323.145917,323.145917,,,,,,,,,323.145917
176460,1.20000000,323.145917,323.145917,323.145917,323.145917,323.145917,323.145917,323.145917,323.145917,323.145917,323.145917,323.145917,323.145917,323.145917,,,,,,,,,323.145917
176520,1.20000000,323.145917,323.145917,323.145917,323.145917,323.145917,323.145917,323.145917,323.145917,323.145917,323.145917,323.145917,323.145917,323.145917,,,,,,,,,323.145917
176580,1.20000000,323.145917,323.145917,323.145917,323.145917,323.145917,323.145917,323.145917,323.145917,323.145917,323.145917,323.145917,323.145917,323.145917,,,,,,,,,323.145917
176640,1.20000000,323.145917,323.145917,323.145917,323.145917,323.145917,323.145917,323.145917,323.145917,323.145917,323.145917,323.145917,323.145917,323.145917,,,,,,,,,323.145917
176700,1.20000000,323.145917,323.145917,323.145917,323.145917,323.145917,323.145917,323.145917,323.145917,323.145917,323.145917,323.145917,323.145917,323.145917,,,,,,,,,323.145917
176760,1.20000000,323.145917,323.145917,323.145917,323.145917,323.145917,323.145917,323.145917,323.145917,323.145917,323.145917,323.145917,323.145917,323.145917,,,,,,,,,323.145917
176820,1.20000000,323.145917,323.145917,323.145917,323.145917,323.145917,323.145917,323.145917,323.145917,323.145917,323.145917,323.145917,323.145917,323.145917,,,,,,,,,323.145917
176880,1.20000000,323.145917,323.145917,323.145917,323.145917,323.145917,323.145917,323.145917,323.145917,323.145917,323.145917,323.145917,323.145917,323.145917,,,,,,,,,323.145917
176940,1.20000000,323.145917,323.145917,323.145917,323.145917,323.145917,323.145917,323.145917,323.145917,323.145917,323.145917,323.145917,323.145917,323.145917,,,,,,,,,323.145917
177000,1.20000000,323.145917,323.145917,323.145917,323.145917,323.145917,323.145917,323.145917,323.145917,323.145917,323.145917,323.145917,323.145917,323.145917,,,,,,,,,323.145917
177060,1.20000000,323.145917,323.145917,323.145917,323.145917,323.145917,323.145917,323.145917,323.145917,323.145917,323.145917,323.145917,323.145917,323.145917,,,,,,,,,323.145917
177120,1.20000000,323.145917,323.145917,323.145917,323.145917,323.145917,323.145917,323.145917,323.145917,323.145917,323.145917,323.145917,323.145917,323.145917,,,,,,,,,323.145917
177180,1.20000000,323.145917,323.145917,323.145917,323.145917,323.145917,323.145917,323.145917,323.145917,323.145917,323.145917,323.145917,323.145917,323.145917,,,,,,,,,323.145917
177240,1.20000000,323.145917,323.145917,323.145917,323.145917,323.145917,323.145917,323.145917,323.145917,323.145917,323.145917,323.145917,323.145917,323.145917,,,,,,,,,323.145917
177300,1.20000000,323.145917,323.145917,323.145917,323.145917,323.145917,323.145917,323.145917,323.145917,323.145917,323.145917,323.145917,323.145917,323.145917,,,,,,,,,323.145917
177360,1.20000000,323.145917,323.145917,323.145917,323.145917,323.145917,323.145917,323.145917,323.145917,323.145917,323.145917,323.145917,323.145917,323.145917,,,,,,,,,323.145917
177420,1.20000000,323.145917,323.145917,323.145917,323.145917,323.145917,323.145917,323.145917,323.145917,323.145917,323.145917,323.145917,323.145917,323.145917,,,,,,,,,323.145917
177480,1.20000000,323.145917,323.145917,323.145917,323.145917,323.145917,323.145917,323.145917,323.145917,323.145917,323.145917,323.145917,323.145917,323.145917,,,,,,,,,323.145917
177540,1.20000000,323.145917,323.145917,323.145917,323.145917,323.145917,323.145917,323.145917,323.145917,323.145917,323.145917,323.145917,323.145917,323.145917,,,,,,,,,323.145917
177600,1.20000000,323.145917,323.145917,323.145917,323.145917,323.145917,323.145917,323.145917,323.145917,323.145917,323.145917,323.145917,323.145917,323.145917,,,,,,,,,323.145917
177660,1.20000000,323.145917,323.145917,323.145917,323.145917,323.145917,323.145917,323.145917,323.145917,323.145917,323.145917,323.145917,323.145917,323.145917,,,,,,,,,323.145917
177720,1.20000000,323.145917,323.145917,323.145917,323.145917,323.145917,323.145917,323.145917,323.145917,323.145917,323.145917,323.145917,323.145917,323.145917,,,,,,,,,323.145917
177780,1.20000000,323.145917,323.145917,323.145917,323.145917,323.145917,323.145917,323.145917,323.145917,323.145917,323.145917,323.145917,323.145917,323.145917,,,,,,,,,323.145917
177840,1.20000000,323.145917,323.145917,323.145917,323.145917,323.145917,323.145917,323.145917,323.145917,323.145917,323.145917,323.145917,323.145917,323.145917,,,,,,,,,323.145917
177900,1.20000000,323.145917,323.145917,323.145917,323.145917,323.145917,323.145917,323.145917,323.145917,323.145917,323.145917,323.145917,323.145917,323.145917,,,,,,,,,323.145917
177960,1.20000000,323.145917,323.145917,323.145917,323.145917,323.145917,323.145917,323.145917,323.145917,323.145917,323.145917,323.145917,323.145917,323.145917,,,,,,,,,323.145917
178020,1.20000000,323.145917,323.145917,323.145917,323.145917,323.145917,323.145917,323.145917,323.145917,323.145917,323.145917,323.145917,323.145917,323.145917,,,,,,,,,323.145917
178080,1.20000000,323.145917,323.145917,323.145917,323.145917,323.145917,323.145917,323.145917,323.145917,323.145917,323.145917,323.145917,323.145917,323.145917,,,,,,,,,323.145917
178140,1.20000000,323.145917,323.145917,323.145917,323.145917,323.145917,323.145917,323.145917,323.145917,323.145917,323.145917,323.145917,323.145917,323.145917,,,,,,,,,323.145917
178200,1.20000000,323.145917,323.145917,323.145917,323.145917,323.145917,323.145917,323.145917,323.145917,323.145917,323.145917,323.145917,323.145917,323.145917,,,,,,,,,323.145917
178260,1.20000000,323.145917,323.145917,323.145917,323.145917,323.145917,323.145917,323.145917,323.145917,323.145917,323.145917,323.145917,323.145917,323.145917,,,,,,,,,323.145917
178320,1.20000000,323.145917,323.145917,323.145917,323.145917,323.145917,323.145917,323.145917,323.145917,323.145917,323.145917,323.145917,323.145917,323.145917,,,,,,,,,323.145917
178380,1.20000000,323.145917,323.145917,323.145917,323.145917,323.145917,323.145917,323.145917,323.145917,323.145917,323.145917,323.145917,323.145917,323.145917,,,,,,,,,323.145917
178440,1.20000000,323.145917,323.145917,323.145917,323.145917,323.145917,323.145917,323.145917,323.145917,323.145917,323.145917,323.145917,323.145917,323.145917,,,,,,,,,323.145917
178500,1.20000000,323.145917,323.145917,323.145917,323.145917,323.145917,323.145917,323.145917,323.145917,323.145917,323.145917,323.145917,323.145917,323.145917,,,,,,,,,323.145917
178560,1.20000000,323.145917,323.145917,323.145917,323.145917,323.145917,323.145917,323.145917,323.145917,323.145917,323.145917,323.145917,323.145917,323.145917,,,,,,,,,323.145917
178620,1.20000000,323.145917,323.145917,323.145917,323.145917,323.145917,323.145917,323.145917,323.145917,323.145917,323.145917,323.145917,323.145917,323.145917,,,,,,,,,323.145917
178680,1.20000000,323.145917,323.145917,323.145917,323.145917,323.145917,323.145917,323.145917,323.145917,323.145917,323.145917,323.145917,323.145917,323.145917,,,,,,,,,323.145917
178740,1.20000000,323.145917,323.145917,323.145917,323.145917,323.145917,323.145917,323.145917,323.145917,323.145917,323.145917,323.145917,323.145917,323.145917,,,,,,,,,323.145917
178800,1.20000000,323.145917,323.145917,323.145917,323.145917,323.145917,323.145917,323.145917,323.145917,323.145917,323.145917,323.145917,323.145917,323.145917,,,,,,,,,323.145917
178860,1.20000000,323.145917,323.145917,323.145917,323.145917,323.145917,323.145917,323.145917,323.145917,323.145917,323.145917,323.145917,323.145917,323.145917,,,,,,,,,323.145917
178920,1.20000000,323.145917,323.145917,323.145917,323.145917,323.145917,323.145917,323.145917,323.145917,323.145917,323.145917,323.145917,323.145917,323.145917,,,,,,,,,323.145917
178980,1.20000000,323.145917,323.145917,323.145917,323.145917,323.145917,323.145917,323.145917,323.145917,323.145917,323.145917,323.145917,323.145917,323.145917,,,,,,,,,323.145917
179040,1.20000000,323.145917,323.145917,323.145917,323.145917,323.145917,323.145917,323.145917,323.145917,323.145917,323.145917,323.145917,323.145917,323.145917,,,,,,,,,323.145917
179100,1.20000000,323.145917,323.145917,323.145917,323.145917,323.145917,323.145917,323.145917,323.145917,323.145917,323.145917,323.145917,323.145917,323.145917,,,,,,,,,323.145917
179160,1.20000000,323.145917,323.145917,323.145917,323.145917,323.145917,323.145917,323.145917,323.145917,323.145917,323.145917,323.145917,323.145917,323.145917,,,,,,,,,323.145917
179220,1.20000000,323.145917,323.145917,323.145917,323.145917,323.145917,323.145917,323.145917,323.145917,323.145917,323.145917,323.145917,323.145917,323.145917,,,,,,,,,323.145917
179280,1.20000000,323.145917,323.145917,323.145917,323.145917,323.145917,323.145917,323.145917,323.145917,323.145917,323.145917,323.145917,323.145917,323.145917,,,,,,,,,323.145917
179340,1.20000000,323.145917,323.145917,323.145917,323.145917,323.145917,323.145917,323.145917,323.145917,323.145917,323.145917,323.145917,323.145917,323.145917,,,,,,,,,323.145917
179400,1.20000000,323.145917,323.145917,323.145917,323.145917,323.145917,323.145917,323.145917,323.145917,323.145917,323.145917,323.145917,323.145917,323.145917,,,,,,,,,323.145917
179460,1.20000000,323.145917,323.145917,323.145917,323.145917,323.145917,323.145917,323.145917,323.145917,323.145917,323.145917,323.145917,323.145917,323.145917,,,,,,,,,323.145917
179520,1.20000000,323.145917,323.145917,323.145917,323.145917,323.145917,323.145917,323.145917,323.145917,323.145917,323.145917,323.145917,323.145917,323.145917,,,,,,,,,323.145917
179580,1.20000000,323.145917,323.145917,323.145917,323.145917,323.145917,323.145917,323.145917,323.145917,323.145917,323.145917,323.145917,323.145917,323.145917,,,,,,,,,323.145917
179640,1.20000000,323.145917,323.145917,323.145917,323.145917,323.145917,323.145917,323.145917,323.145917,323.145917,323.145917,323.145917,323.145917,323.145917,,,,,,,,,323.145917
179700,1.20000000,323.145917,323.145917,323.145917,323.145917,323.145917,323.145917,323.145917,323.145917,323.145917,323.145917,323.145917,323.145917,323.145917,,,,,,,,,323.145917
179760,1.20000000,323.145917,323.145917,323.145917,323.145917,323.145917,323.145917,323.145917,323.145917,323.145917,323.145917,323.145917,323.145917,323.145917,,,,,,,,,323.145917
179820,1.20000000,323.145917,323.145917,323.145917,323.145917,323.145917,323.145917,323.145917,323.145917,323.145917,323.145917,323.145917,323.145917,323.145917,,,,,,,,,323.145917
179880,1.20000000,323.145917,323.145917,323.145917,323.145917,323.145917,323.145917,323.145917,323.145917,323.145917,323.145917,323.145917,323.145917,323.145917,,,,,,,,,323.145917
179940,1.20000000,323.145917,323.145917,323.145917,323.145917,323.145917,323.145917,323.145917,323.145917,323.145917,323.145917,323.145917,323.145917,323.145917,,,,,,,,,323.145917
180000,1.20000000,323.145917,323.145917,323.145917,323.145917,323.145917,323.145917,323.145917,323.145917,323.145917,323.145917,323.145917,323.145917,323.145917,,,,,,,,,323.145917
180060,1.20000000,323.145917,323.145917,323.145917,323.145917,323.145917,323.145917,323.145917,323.145917,323.145917,323.145917,323.145917,323.145917,323.145917,,,,,,,,,323.145917
180120,1.20000000,323.145917,323.145917,323.145917,323.145917,323.145917,323.145917,323.145917,323.145917,323.145917,323.145917,323.145917,323.145917,323.145917,,,,,,,,,323.145917
180180,1.20000000,323.145917,323.145917,323.145917,323.145917,323.145917,323.145917,323.145917,323.145917,323.145917,323.145917,323.145917,323.145917,323.145917,,,,,,,,,323.145917
180240,1.20000000,323.145917,323.145917,323.145917,323.145917,323.145917,323.145917,323.145917,323.145917,323.145917,323.145917,323.145917,323.145917,323.145917,,,,,,,,,323.145917
180300,1.20000000,323.145917,323.145917,323.145917,323.145917,323.145917,323.145917,323.145917,323.145917,323.145917,323.145917,323.145917,323.145917,323.145917,,,,,,,,,323.145917
180360,1.20000000,323.145917,323.145917,323.145917,323.145917,323.145917,323.145917,323.145917,323.145917,323.145917,323.145917,323.145917,323.145917,323.145917,,,,,,,,,323.145917
180420,1.20000000,323.145917,323.145917,323.145917,323.145917,323.145917,323.145917,323.145917,323.145917,323.145917,323.145917,323.145917,323.145917,323.145917,,,,,,,,,323.145917
180480,1.20000000,323.145917,323.145917,323.145917,323.145917,323.145917,323.145917,323.145917,323.145917,323.145917,323.145917,323.145917,323.145917,323.145917,,,,,,,,,323.145917
180540,1.20000000,323.145917,323.145917,323.145917,323.145917,323.145917,323.145917,323.145917,323.145917,323.145917,323.145917,323.145917,323.145917,323.145917,,,,,,,,,323.145917
180600,1.20000000,323.145917,323.145917,323.145917,323.145917,323.145917,323.145917,323.145917,323.145917,323.145917,323.145917,323.145917,323.145917,323.145917,,,,,,,,,323.145917
180660,1.20000000,323.145917,323.145917,323.145917,323.145917,323.145917,323.145917,323.145917,323.145917,323.145917,323.145917,323.145917,323.145917,323.145917,,,,,,,,,323.145917
180720,1.20000000,323.145917,323.145917,323.145917,323.145917,323.145917,323.145917,323.145917,323.145917,323.145917,323.145917,323.145917,323.145917,323.145917,,,,,,,,,323.145917
180780,1.20000000,323.145917,323.145917,323.145917,323.145917,323.145917,323.145917,323.145917,323.145917,323.145917,323.145917,323.145917,323.145917,323.145917,,,,,,,,,323.145917
180840,1.20000000,323.145917,323.145917,323.145917,323.145917,323.145917,323.145917,323.145917,323.145917,323.145917,323.145917,323.145917,323.145917,323.145917,,,,,,,,,323.145917
180900,1.20000000,323.145917,323.145917,323.145917,323.145917,323.145917,323.145917,323.145917,323.145917,323.145917,323.145917,323.145917,323.145917,323.145917,,,,,,,,,323.145917
180960,1.20000000,323.145917,323.145917,323.145917,323.145917,323.145917,323.145917,323.145917,323.145917,323.145917,323.145917,323.145917,323.145917,323.145917,,,,,,,,,323.145917
181020,1.20000000,323.145917,323.145917,323.145917,323.145917,323.145917,323.145917,323.145917,323.145917,323.145917,323.145917,323.145917,323.145917,323.145917,,,,,,,,,323.145917
181080,1.20000000,323.145917,323.145917,323.145917,323.145917,323.145917,323.145917,323.145917,323.145917,323.145917,323.145917,323.145917,323.145917,323.145917,,,,,,,,,323.145917
181140,1.20000000,323.145917,323.145917,323.145917,323.145917,323.145917,323.145917,323.145917,323.145917,323.145917,323.145917,323.145917,323.145917,323.145917,,,,,,,,,323.145917
181200,1.20000000,323.145917,323.145917,323.145917,323.145917,323.145917,323.145917,323.145917,323.145917,323.145917,323.145917,323.145917,323.145917,323.145917,,,,,,,,,323.145917
181260,1.20000000,323.145917,323.145917,323.145917,323.145917,323.145917,323.145917,323.145917,323.145917,323.145917,323.145917,323.145917,323.145917,323.145917,,,,,,,,,323.145917
181320,1.20000000,323.145917,323.145917,323.145917,323.145917,323.145917,323.145917,323.145917,323.145917,323.145917,323.145917,323.145917,323.145917,323.145917,,,,,,,,,323.145917
181380,1.20000000,323.145917,323.145917,323.145917,323.145917,323.145917,323.145917,323.145917,323.145917,323.145917,323.145917,323.145917,323.145917,323.145917,,,,,,,,,323.145917
181440,1.20000000,323.145917,323.145917,323.145917,323.145917,323.145917,323.145917,323.145917,323.145917,323.145917,323.145917,323.145917,323.145917,323.145917,,,,,,,,,323.145917
181500,1.20000000,323.145917,323.145917,323.145917,323.145917,323.145917,323.145917,323.145917,323.145917,323.145917,323.145917,323.145917,323.145917,323.145917,,,,,,,,,323.145917
181560,1.20000000,323.145917,323.145917,323.145917,323.145917,323.145917,323.145917,323.145917,323.145917,323.145917,323.145917,323.145917,323.145917,323.145917,,,,,,,,,323.145917
181620,1.20000000,323.145917,323.145917,323.145917,323.145917,323.145917,323.145917,323.145917,323.145917,323.145917,323.145917,323.145917,323.145917,323.145917,,,,,,,,,323.145917
181680,1.20000000,323.145917,323.145917,323.145917,323.145917,323.145917,323.145917,323.145917,323.145917,323.145917,323.145917,323.145917,323.145917,323.145917,,,,,,,,,323.145917
181740,1.20000000,323.145917,323.145917,323.145917,323.145917,323.145917,323.145917,323.145917,323.145917,323.145917,323.145917,323.145917,323.145917,323.145917,,,,,,,,,323.145917
181800,1.20000000,323.145917,323.145917,323.145917,323.145917,323.145917,323.145917,323.145917,323.145917,323.145917,323.145917,323.145917,323.145917,323.145917,,,,,,,,,323.145917
181860,1.20000000,323.145917,323.145917,323.145917,323.145917,323.145917,323.145917,323.145917,323.145917,323.145917,323.145917,323.145917,323.145917,323.145917,,,,,,,,,323.145917
181920,1.20000000,323.145917,323.145917,323.145917,323.145917,323.145917,323.145917,323.145917,323.145917,323.145917,323.145917,323.145917,323.145917,323.145917,,,,,,,,,323.145917
181980,1.20000000,323.145917,323.145917,323.145917,323.145917,323.145917,323.145917,323.145917,323.145917,323.145917,323.145917,323.145917,323.145917,323.145917,,,,,,,,,323.145917
182040,1.20000000,323.145917,323.145917,323.145917,323.145917,323.145917,323.145917,323.145917,323.145917,323.145917,323.145917,323.145917,323.145917,323.145917,,,,,,,,,323.145917
182100,1.20000000,323.145917,323.145917,323.145917,323.145917,323.145917,323.145917,323.145917,323.145917,323.145917,323.145917,323.145917,323.145917,323.145917,,,,,,,,,323.145917
182160,1.20000000,323.145917,323.145917,323.145917,323.145917,323.145917,323.145917,323.145917,323.145917,323.145917,323.145917,323.145917,323.145917,323.145917,,,,,,,,,323.145917
182220,1.20000000,323.145917,323.145917,323.145917,323.145917,323.145917,323.145917,323.145917,323.145917,323.145917,323.145917,323.145917,323.145917,323.145917,,,,,,,,,323.145917
182280,1.20000000,323.145917,323.145917,323.145917,323.145917,323.145917,323.145917,323.145917,323.145917,323.145917,323.145917,323.145917,323.145917,323.145917,,,,,,,,,323.145917
182340,1.20000000,323.145917,323.145917,323.145917,323.145917,323.145917,323.145917,323.145917,323.145917,323.145917,323.145917,323.145917,323.145917,323.145917,,,,,,,,,323.145917
182400,1.20000000,323.145917,323.145917,323.145917,323.145917,323.145917,323.145917,323.145917,323.145917,323.145917,323.145917,323.145917,323.145917,323.145917,,,,,,,,,323.145917
182460,1.20000000,323.145917,323.145917,323.145917,323.145917,323.145917,323.145917,323.145917,323.145917,323.145917,323.145917,323.145917,323.145917,323.145917,,,,,,,,,323.145917
182520,1.20000000,323.145917,323.145917,323.145917,323.145917,323.145917,323.145917,323.145917,323.145917,323.145917,323.145917,323.145917,323.145917,323.145917,,,,,,,,,323.145917
182580,1.20000000,323.145917,323.145917,323.145917,323.145917,323.145917,323.145917,323.145917,323.145917,323.145917,323.145917,323.145917,323.145917,323.145917,,,,,,,,,323.145917
182640,1.20000000,323.145917,323.145917,323.145917,323.145917,323.145917,323.145917,323.145917,323.145917,323.145917,323.145917,323.145917,323.145917,323.145917,,,,,,,,,323.145917
182700,1.20000000,323.145917,323.145917,323.145917,323.145917,323.145917,323.145917,323.145917,323.145917,323.145917,323.145917,323.145917,323.145917,323.145917,,,,,,,,,323.145917
182760,1.20000000,323.145917,323.145917,323.145917,323.145917,323.145917,323.145917,323.145917,323.145917,323.145917,323.145917,323.145917,323.145917,323.145917,,,,,,,,,323.145917
182820,1.20000000,323.145917,323.145917,323.145917,323.145917,323.145917,323.145917,323.145917,323.145917,323.145917,323.145917,323.145917,323.145917,323.145917,,,,,,,,,323.145917
182880,1.20000000,323.145917,323.145917,323.145917,323.145917,323.145917,323.145917,323.145917,323.145917,323.145917,323.145917,323.145917,323.145917,323.145917,,,,,,,,,323.145917
182940,1.20000000,323.145917,323.145917,323.145917,323.145917,323.145917,323.145917,323.145917,323.145917,323.145917,323.145917,323.145917,323.145917,323.145917,,,,,,,,,323.145917
183000,1.20000000,323.145917,323.145917,323.145917,323.145917,323.145917,323.145917,323.145917,323.145917,323.145917,323.145917,323.145917,323.145917,323.145917,,,,,,,,,323.145917
183060,1.20000000,323.145917,323.145917,323.145917,323.145917,323.145917,323.145917,323.145917,323.145917,323.145917,323.145917,323.145917,323.145917,323.145917,,,,,,,,,323.145917
183120,1.20000000,323.145917,323.145917,323.145917,323.145917,323.145917,323.145917,323.145917,323.145917,323.145917,323.145917,323.145917,323.145917,323.145917,,,,,,,,,323.145917
183180,1.20000000,323.145917,323.145917,323.145917,323.145917,323.145917,323.145917,323.145917,323.145917,323.145917,323.145917,323.145917,323.145917,323.145917,,,,,,,,,323.145917
183240,1.20000000,323.145917,323.145917,323.145917,323.145917,323.145917,323.145917,323.145917,323.145917,323.145917,323.145917,323.145917,323.145917,323.145917,,,,,,,,,323.145917
183300,1.20000000,323.145917,323.145917,323.145917,323.145917,323.145917,323.145917,323.145917,323.145917,323.145917,323.145917,323.145917,323.145917,323.145917,,,,,,,,,323.145917
183360,1.20000000,323.145917,323.145917,323.145917,323.145917,323.145917,323.145917,323.145917,323.145917,323.145917,323.145917,323.145917,323.145917,323.145917,,,,,,,,,323.145917
183420,1.20000000,323.145917,323.145917,323.145917,323.145917,323.145917,323.145917,323.145917,323.145917,323.145917,323.145917,323.145917,323.145917,323.145917,,,,,,,,,323.145917
183480,1.20000000,323.145917,323.145917,323.145917,323.145917,323.145917,323.145917,323.145917,323.145917,323.145917,323.145917,323.145917,323.145917,323.145917,,,,,,,,,323.145917
183540,1.20000000,323.145917,323.145917,323.145917,323.145917,323.145917,323.145917,323.145917,323.145917,323.145917,323.145917,323.145917,323.145917,323.145917,,,,,,,,,323.145917
183600,1.20000000,323.145917,323.145917,323.145917,323.145917,323.145917,323.145917,323.145917,323.145917,323.145917,323.145917,323.145917,323.145917,323.145917,,,,,,,,,323.145917
183660,1.20000000,323.145917,323.145917,323.145917,323.145917,323.145917,323.145917,323.145917,323.145917,323.145917,323.145917,323.145917,323.145917,323.145917,,,,,,,,,323.145917
183720,1.20000000,323.145917,323.145917,323.145917,323.145917,323.145917,323.145917,323.145917,323.145917,323.145917,323.145917,323.145917,323.145917,323.145917,,,,,,,,,323.145917
183780,1.20000000,323.145917,323.145917,323.145917,323.145917,323.145917,323.145917,323.145917,323.145917,323.145917,323.145917,323.145917,323.145917,323.145917,,,,,,,,,323.145917
183840,1.20000000,323.145917,323.145917,323.145917,323.145917,323.145917,323.145917,323.145917,323.145917,323.145917,323.145917,323.145917,323.145917,323.145917,,,,,,,,,323.145917
183900,1.20000000,323.145917,323.145917,323.145917,323.145917,323.145917,323.145917,323.145917,323.145917,323.145917,323.145917,323.145917,323.145917,323.145917,,,,,,,,,323.145917
183960,1.20000000,323.145917,323.145917,323.145917,323.145917,323.145917,323.145917,323.145917,323.145917,323.145917,323.145917,323.145917,323.145917,323.145917,,,,,,,,,323.145917
184020,1.20000000,323.145917,323.145917,323.145917,323.145917,323.145917,323.145917,323.145917,323.145917,323.145917,323.145917,323.145917,323.145917,323.145917,,,,,,,,,323.145917
184052,1.20000000,323.145917,323.145917,323.145917,323.145917,323.145917,323.145917,323.145917,323.145917,323.145917,323.145917,323.145917,323.145917,323.145917,,,,,,,,,323.145917
