time_s,is_observation,observed_temperature_C,temperature_linear_C,temperature_pchip_C,temperature_pchip_minus_linear_C,temperature_absolute_difference_C,observed_moisture_kg_kg,moisture_linear_kg_kg,moisture_pchip_kg_kg,moisture_pchip_minus_linear_kg_kg,moisture_absolute_difference_kg_kg
0,1,28.000000,28.0000000000,28.0000000000,0.0000000000,0.0000000000,0.01963000,0.019630000000,0.019630000000,0.000000000000,0.000000000000
1,0,,28.0088000000,28.0076876747,-0.0011123253,0.0011123253,,0.019636500000,0.019635518852,-0.000000981148,0.000000981148
2,0,,28.0176000000,28.0154172220,-0.0021827780,0.0021827780,,0.019643000000,0.019641075259,-0.000001924741,0.000001924741
3,0,,28.0264000000,28.0231884262,-0.0032115738,0.0032115738,,0.019649500000,0.019646669000,-0.000002831000,0.000002831000
4,0,,28.0352000000,28.0310010718,-0.0041989282,0.0041989282,,0.019656000000,0.019652299852,-0.000003700148,0.000003700148
5,0,,28.0440000000,28.0388549435,-0.0051450565,0.0051450565,,0.019662500000,0.019657967593,-0.000004532407,0.000004532407
6,0,,28.0528000000,28.0467498255,-0.0060501745,0.0060501745,,0.019669000000,0.019663672000,-0.000005328000,0.000005328000
7,0,,28.0616000000,28.0546855025,-0.0069144975,0.0069144975,,0.019675500000,0.019669412852,-0.000006087148,0.000006087148
8,0,,28.0704000000,28.0626617589,-0.0077382411,0.0077382411,,0.019682000000,0.019675189926,-0.000006810074,0.000006810074
9,0,,28.0792000000,28.0706783792,-0.0085216208,0.0085216208,,0.019688500000,0.019681003000,-0.000007497000,0.000007497000
10,0,,28.0880000000,28.0787351479,-0.0092648521,0.0092648521,,0.019695000000,0.019686851852,-0.000008148148,0.000008148148
11,0,,28.0968000000,28.0868318495,-0.0099681505,0.0099681505,,0.019701500000,0.019692736259,-0.000008763741,0.000008763741
12,0,,28.1056000000,28.0949682685,-0.0106317315,0.0106317315,,0.019708000000,0.019698656000,-0.000009344000,0.000009344000
13,0,,28.1144000000,28.1031441893,-0.0112558107,0.0112558107,,0.019714500000,0.019704610852,-0.000009889148,0.000009889148
14,0,,28.1232000000,28.1113593965,-0.0118406035,0.0118406035,,0.019721000000,0.019710600593,-0.000010399407,0.000010399407
15,0,,28.1320000000,28.1196136745,-0.0123863255,0.0123863255,,0.019727500000,0.019716625000,-0.000010875000,0.000010875000
16,0,,28.1408000000,28.1279068079,-0.0128931921,0.0128931921,,0.019734000000,0.019722683852,-0.000011316148,0.000011316148
17,0,,28.1496000000,28.1362385810,-0.0133614190,0.0133614190,,0.019740500000,0.019728776926,-0.000011723074,0.000011723074
18,0,,28.1584000000,28.1446087785,-0.0137912215,0.0137912215,,0.019747000000,0.019734904000,-0.000012096000,0.000012096000
19,0,,28.1672000000,28.1530171848,-0.0141828152,0.0141828152,,0.019753500000,0.019741064852,-0.000012435148,0.000012435148
20,0,,28.1760000000,28.1614635844,-0.0145364156,0.0145364156,,0.019760000000,0.019747259259,-0.000012740741,0.000012740741
21,0,,28.1848000000,28.1699477617,-0.0148522383,0.0148522383,,0.019766500000,0.019753487000,-0.000013013000,0.000013013000
22,0,,28.1936000000,28.1784695014,-0.0151304986,0.0151304986,,0.019773000000,0.019759747852,-0.000013252148,0.000013252148
23,0,,28.2024000000,28.1870285877,-0.0153714123,0.0153714123,,0.019779500000,0.019766041593,-0.000013458407,0.000013458407
24,0,,28.2112000000,28.1956248054,-0.0155751946,0.0155751946,,0.019786000000,0.019772368000,-0.000013632000,0.000013632000
25,0,,28.2200000000,28.2042579387,-0.0157420613,0.0157420613,,0.019792500000,0.019778726852,-0.000013773148,0.000013773148
26,0,,28.2288000000,28.2129277723,-0.0158722277,0.0158722277,,0.019799000000,0.019785117926,-0.000013882074,0.000013882074
27,0,,28.2376000000,28.2216340906,-0.0159659094,0.0159659094,,0.019805500000,0.019791541000,-0.000013959000,0.000013959000
28,0,,28.2464000000,28.2303766781,-0.0160233219,0.0160233219,,0.019812000000,0.019797995852,-0.000014004148,0.000014004148
29,0,,28.2552000000,28.2391553193,-0.0160446807,0.0160446807,,0.019818500000,0.019804482259,-0.000014017741,0.000014017741
30,0,,28.2640000000,28.2479697987,-0.0160302013,0.0160302013,,0.019825000000,0.019811000000,-0.000014000000,0.000014000000
31,0,,28.2728000000,28.2568199007,-0.0159800993,0.0159800993,,0.019831500000,0.019817548852,-0.000013951148,0.000013951148
32,0,,28.2816000000,28.2657054099,-0.0158945901,0.0158945901,,0.019838000000,0.019824128593,-0.000013871407,0.000013871407
33,0,,28.2904000000,28.2746261107,-0.0157738893,0.0157738893,,0.019844500000,0.019830739000,-0.000013761000,0.000013761000
34,0,,28.2992000000,28.2835817877,-0.0156182123,0.0156182123,,0.019851000000,0.019837379852,-0.000013620148,0.000013620148
35,0,,28.3080000000,28.2925722253,-0.0154277747,0.0154277747,,0.019857500000,0.019844050926,-0.000013449074,0.000013449074
36,0,,28.3168000000,28.3015972081,-0.0152027919,0.0152027919,,0.019864000000,0.019850752000,-0.000013248000,0.000013248000
37,0,,28.3256000000,28.3106565204,-0.0149434796,0.0149434796,,0.019870500000,0.019857482852,-0.000013017148,0.000013017148
38,0,,28.3344000000,28.3197499468,-0.0146500532,0.0146500532,,0.019877000000,0.019864243259,-0.000012756741,0.000012756741
39,0,,28.3432000000,28.3288772718,-0.0143227282,0.0143227282,,0.019883500000,0.019871033000,-0.000012467000,0.000012467000
40,0,,28.3520000000,28.3380382799,-0.0139617201,0.0139617201,,0.019890000000,0.019877851852,-0.000012148148,0.000012148148
41,0,,28.3608000000,28.3472327555,-0.0135672445,0.0135672445,,0.019896500000,0.019884699593,-0.000011800407,0.000011800407
42,0,,28.3696000000,28.3564604832,-0.0131395168,0.0131395168,,0.019903000000,0.019891576000,-0.000011424000,0.000011424000
43,0,,28.3784000000,28.3657212475,-0.0126787525,0.0126787525,,0.019909500000,0.019898480852,-0.000011019148,0.000011019148
44,0,,28.3872000000,28.3750148327,-0.0121851673,0.0121851673,,0.019916000000,0.019905413926,-0.000010586074,0.000010586074
45,0,,28.3960000000,28.3843410235,-0.0116589765,0.0116589765,,0.019922500000,0.019912375000,-0.000010125000,0.000010125000
46,0,,28.4048000000,28.3936996043,-0.0111003957,0.0111003957,,0.019929000000,0.019919363852,-0.000009636148,0.000009636148
47,0,,28.4136000000,28.4030903596,-0.0105096404,0.0105096404,,0.019935500000,0.019926380259,-0.000009119741,0.000009119741
48,0,,28.4224000000,28.4125130738,-0.0098869262,0.0098869262,,0.019942000000,0.019933424000,-0.000008576000,0.000008576000
49,0,,28.4312000000,28.4219675316,-0.0092324684,0.0092324684,,0.019948500000,0.019940494852,-0.000008005148,0.000008005148
50,0,,28.4400000000,28.4314535173,-0.0085464827,0.0085464827,,0.019955000000,0.019947592593,-0.000007407407,0.000007407407
51,0,,28.4488000000,28.4409708154,-0.0078291846,0.0078291846,,0.019961500000,0.019954717000,-0.000006783000,0.000006783000
52,0,,28.4576000000,28.4505192105,-0.0070807895,0.0070807895,,0.019968000000,0.019961867852,-0.000006132148,0.000006132148
53,0,,28.4664000000,28.4600984871,-0.0063015129,0.0063015129,,0.019974500000,0.019969044926,-0.000005455074,0.000005455074
54,0,,28.4752000000,28.4697084295,-0.0054915705,0.0054915705,,0.019981000000,0.019976248000,-0.000004752000,0.000004752000
55,0,,28.4840000000,28.4793488224,-0.0046511776,0.0046511776,,0.019987500000,0.019983476852,-0.000004023148,0.000004023148
56,0,,28.4928000000,28.4890194502,-0.0037805498,0.0037805498,,0.019994000000,0.019990731259,-0.000003268741,0.000003268741
57,0,,28.5016000000,28.4987200973,-0.0028799027,0.0028799027,,0.020000500000,0.019998011000,-0.000002489000,0.000002489000
58,0,,28.5104000000,28.5084505483,-0.0019494517,0.0019494517,,0.020007000000,0.020005315852,-0.000001684148,0.000001684148
59,0,,28.5192000000,28.5182105877,-0.0009894123,0.0009894123,,0.020013500000,0.020012645593,-0.000000854407,0.000000854407
60,1,28.528000,28.5280000000,28.5280000000,0.0000000000,0.0000000000,0.02002000,0.020020000000,0.020020000000,0.000000000000,0.000000000000
61,0,,28.5390666667,28.5378727500,-0.0011939167,0.0011939167,,0.020028500000,0.020027409816,-0.000001090184,0.000001090184
62,0,,28.5501333333,28.5478797139,-0.0022536195,0.0022536195,,0.020037000000,0.020034904284,-0.000002095716,0.000002095716
63,0,,28.5612000000,28.5580160428,-0.0031839572,0.0031839572,,0.020045500000,0.020042480939,-0.000003019061,0.000003019061
64,0,,28.5722666667,28.5682768882,-0.0039897785,0.0039897785,,0.020054000000,0.020050137312,-0.000003862688,0.000003862688
65,0,,28.5833333333,28.5786574012,-0.0046759322,0.0046759322,,0.020062500000,0.020057870937,-0.000004629063,0.000004629063
66,0,,28.5944000000,28.5891527331,-0.0052472669,0.0052472669,,0.020071000000,0.020065679347,-0.000005320653,0.000005320653
67,0,,28.6054666667,28.5997580352,-0.0057086314,0.0057086314,,0.020079500000,0.020073560074,-0.000005939926,0.000005939926
68,0,,28.6165333333,28.6104684588,-0.0060648745,0.0060648745,,0.020088000000,0.020081510652,-0.000006489348,0.000006489348
69,0,,28.6276000000,28.6212791552,-0.0063208448,0.0063208448,,0.020096500000,0.020089528612,-0.000006971388,0.000006971388
70,0,,28.6386666667,28.6321852755,-0.0064813912,0.0064813912,,0.020105000000,0.020097611489,-0.000007388511,0.000007388511
71,0,,28.6497333333,28.6431819711,-0.0065513622,0.0065513622,,0.020113500000,0.020105756815,-0.000007743185,0.000007743185
72,0,,28.6608000000,28.6542643933,-0.0065356067,0.0065356067,,0.020122000000,0.020113962122,-0.000008037878,0.000008037878
73,0,,28.6718666667,28.6654276933,-0.0064389734,0.0064389734,,0.020130500000,0.020122224945,-0.000008275055,0.000008275055
74,0,,28.6829333333,28.6766670224,-0.0062663109,0.0062663109,,0.020139000000,0.020130542815,-0.000008457185,0.000008457185
75,0,,28.6940000000,28.6879775319,-0.0060224681,0.0060224681,,0.020147500000,0.020138913265,-0.000008586735,0.000008586735
76,0,,28.7050666667,28.6993543730,-0.0057122937,0.0057122937,,0.020156000000,0.020147333829,-0.000008666171,0.000008666171
77,0,,28.7161333333,28.7107926970,-0.0053406363,0.0053406363,,0.020164500000,0.020155802039,-0.000008697961,0.000008697961
78,0,,28.7272000000,28.7222876552,-0.0049123448,0.0049123448,,0.020173000000,0.020164315429,-0.000008684571,0.000008684571
79,0,,28.7382666667,28.7338343988,-0.0044322678,0.0044322678,,0.020181500000,0.020172871530,-0.000008628470,0.000008628470
80,0,,28.7493333333,28.7454280792,-0.0039052541,0.0039052541,,0.020190000000,0.020181467876,-0.000008532124,0.000008532124
81,0,,28.7604000000,28.7570638476,-0.0033361524,0.0033361524,,0.020198500000,0.020190102000,-0.000008398000,0.000008398000
82,0,,28.7714666667,28.7687368552,-0.0027298115,0.0027298115,,0.020207000000,0.020198771435,-0.000008228565,0.000008228565
83,0,,28.7825333333,28.7804422534,-0.0020910800,0.0020910800,,0.020215500000,0.020207473713,-0.000008026287,0.000008026287
84,0,,28.7936000000,28.7921751933,-0.0014248067,0.0014248067,,0.020224000000,0.020216206367,-0.000007793633,0.000007793633
85,0,,28.8046666667,28.8039308264,-0.0007358403,0.0007358403,,0.020232500000,0.020224966931,-0.000007533069,0.000007533069
86,0,,28.8157333333,28.8157043038,-0.0000290296,0.0000290296,,0.020241000000,0.020233752937,-0.000007247063,0.000007247063
87,0,,28.8268000000,28.8274907768,0.0006907768,0.0006907768,,0.020249500000,0.020242561918,-0.000006938082,0.000006938082
88,0,,28.8378666667,28.8392853967,0.0014187301,0.0014187301,,0.020258000000,0.020251391407,-0.000006608593,0.000006608593
89,0,,28.8489333333,28.8510833148,0.0021499815,0.0021499815,,0.020266500000,0.020260238937,-0.000006261063,0.000006261063
90,0,,28.8600000000,28.8628796823,0.0028796823,0.0028796823,,0.020275000000,0.020269102041,-0.000005897959,0.000005897959
91,0,,28.8710666667,28.8746696505,0.0036029839,0.0036029839,,0.020283500000,0.020277978251,-0.000005521749,0.000005521749
92,0,,28.8821333333,28.8864483707,0.0043150374,0.0043150374,,0.020292000000,0.020286865101,-0.000005134899,0.000005134899
93,0,,28.8932000000,28.8982109942,0.0050109942,0.0050109942,,0.020300500000,0.020295760122,-0.000004739878,0.000004739878
94,0,,28.9042666667,28.9099526721,0.0056860055,0.0056860055,,0.020309000000,0.020304660850,-0.000004339150,0.000004339150
95,0,,28.9153333333,28.9216685559,0.0063352226,0.0063352226,,0.020317500000,0.020313564815,-0.000003935185,0.000003935185
96,0,,28.9264000000,28.9333537967,0.0069537967,0.0069537967,,0.020326000000,0.020322469551,-0.000003530449,0.000003530449
97,0,,28.9374666667,28.9450035459,0.0075368792,0.0075368792,,0.020334500000,0.020331372591,-0.000003127409,0.000003127409
98,0,,28.9485333333,28.9566129546,0.0080796213,0.0080796213,,0.020343000000,0.020340271468,-0.000002728532,0.000002728532
99,0,,28.9596000000,28.9681771742,0.0085771742,0.0085771742,,0.020351500000,0.020349163714,-0.000002336286,0.000002336286
100,0,,28.9706666667,28.9796913560,0.0090246894,0.0090246894,,0.020360000000,0.020358046863,-0.000001953137,0.000001953137
101,0,,28.9817333333,28.9911506512,0.0094173179,0.0094173179,,0.020368500000,0.020366918447,-0.000001581553,0.000001581553
102,0,,28.9928000000,29.0025502111,0.0097502111,0.0097502111,,0.020377000000,0.020375776000,-0.000001224000,0.000001224000
103,0,,29.0038666667,29.0138851869,0.0100185203,0.0100185203,,0.020385500000,0.020384617054,-0.000000882946,0.000000882946
104,0,,29.0149333333,29.0251507300,0.0102173967,0.0102173967,,0.020394000000,0.020393439141,-0.000000560859,0.000000560859
105,0,,29.0260000000,29.0363419916,0.0103419916,0.0103419916,,0.020402500000,0.020402239796,-0.000000260204,0.000000260204
106,0,,29.0370666667,29.0474541229,0.0103874563,0.0103874563,,0.020411000000,0.020411016550,0.000000016550,0.000000016550
107,0,,29.0481333333,29.0584822753,0.0103489420,0.0103489420,,0.020419500000,0.020419766937,0.000000266937,0.000000266937
108,0,,29.0592000000,29.0694216001,0.0102216001,0.0102216001,,0.020428000000,0.020428488490,0.000000488490,0.000000488490
109,0,,29.0702666667,29.0802672484,0.0100005817,0.0100005817,,0.020436500000,0.020437178741,0.000000678741,0.000000678741
110,0,,29.0813333333,29.0910143715,0.0096810382,0.0096810382,,0.020445000000,0.020445835223,0.000000835223,0.000000835223
111,0,,29.0924000000,29.1016581208,0.0092581208,0.0092581208,,0.020453500000,0.020454455469,0.000000955469,0.000000955469
112,0,,29.1034666667,29.1121936475,0.0087269808,0.0087269808,,0.020462000000,0.020463037013,0.000001037013,0.000001037013
113,0,,29.1145333333,29.1226161029,0.0080827695,0.0080827695,,0.020470500000,0.020471577386,0.000001077386,0.000001077386
114,0,,29.1256000000,29.1329206382,0.0073206382,0.0073206382,,0.020479000000,0.020480074122,0.000001074122,0.000001074122
115,0,,29.1366666667,29.1431024047,0.0064357380,0.0064357380,,0.020487500000,0.020488524754,0.000001024754,0.000001024754
116,0,,29.1477333333,29.1531565537,0.0054232204,0.0054232204,,0.020496000000,0.020496926815,0.000000926815,0.000000926815
117,0,,29.1588000000,29.1630782365,0.0042782365,0.0042782365,,0.020504500000,0.020505277837,0.000000777837,0.000000777837
118,0,,29.1698666667,29.1728626042,0.0029959376,0.0029959376,,0.020513000000,0.020513575353,0.000000575353,0.000000575353
119,0,,29.1809333333,29.1825048083,0.0015714750,0.0015714750,,0.020521500000,0.020521816896,0.000000316896,0.000000316896
120,1,29.192000,29.1920000000,29.1920000000,0.0000000000,0.0000000000,0.02053000,0.020530000000,0.020530000000,0.000000000000,0.000000000000
121,0,,29.2002000000,29.2014018457,0.0012018457,0.0012018457,,0.020537833333,0.020538137252,0.000000303919,0.000000303919
122,0,,29.2084000000,29.2107671013,0.0023671013,0.0023671013,,0.020545666667,0.020546243598,0.000000576931,0.000000576931
123,0,,29.2166000000,29.2200955522,0.0034955522,0.0034955522,,0.020553500000,0.020554320102,0.000000820102,0.000000820102
124,0,,29.2248000000,29.2293869835,0.0045869835,0.0045869835,,0.020561333333,0.020562367831,0.000001034497,0.000001034497
125,0,,29.2330000000,29.2386411808,0.0056411808,0.0056411808,,0.020569166667,0.020570387850,0.000001221183,0.000001221183
126,0,,29.2412000000,29.2478579292,0.0066579292,0.0066579292,,0.020577000000,0.020578381224,0.000001381224,0.000001381224
127,0,,29.2494000000,29.2570370142,0.0076370142,0.0076370142,,0.020584833333,0.020586349021,0.000001515688,0.000001515688
128,0,,29.2576000000,29.2661782210,0.0085782210,0.0085782210,,0.020592666667,0.020594292305,0.000001625639,0.000001625639
129,0,,29.2658000000,29.2752813349,0.0094813349,0.0094813349,,0.020600500000,0.020602212143,0.000001712143,0.000001712143
130,0,,29.2740000000,29.2843461413,0.0103461413,0.0103461413,,0.020608333333,0.020610109599,0.000001776266,0.000001776266
131,0,,29.2822000000,29.2933724256,0.0111724256,0.0111724256,,0.020616166667,0.020617985741,0.000001819074,0.000001819074
132,0,,29.2904000000,29.3023599729,0.0119599729,0.0119599729,,0.020624000000,0.020625841633,0.000001841633,0.000001841633
133,0,,29.2986000000,29.3113085687,0.0127085687,0.0127085687,,0.020631833333,0.020633678341,0.000001845008,0.000001845008
134,0,,29.3068000000,29.3202179983,0.0134179983,0.0134179983,,0.020639666667,0.020641496931,0.000001830265,0.000001830265
135,0,,29.3150000000,29.3290880469,0.0140880469,0.0140880469,,0.020647500000,0.020649298469,0.000001798469,0.000001798469
136,0,,29.3232000000,29.3379185000,0.0147185000,0.0147185000,,0.020655333333,0.020657084021,0.000001750688,0.000001750688
137,0,,29.3314000000,29.3467091428,0.0153091428,0.0153091428,,0.020663166667,0.020664854652,0.000001687986,0.000001687986
138,0,,29.3396000000,29.3554597607,0.0158597607,0.0158597607,,0.020671000000,0.020672611429,0.000001611429,0.000001611429
139,0,,29.3478000000,29.3641701389,0.0163701389,0.0163701389,,0.020678833333,0.020680355416,0.000001522082,0.000001522082
140,0,,29.3560000000,29.3728400629,0.0168400629,0.0168400629,,0.020686666667,0.020688087680,0.000001421013,0.000001421013
141,0,,29.3642000000,29.3814693179,0.0172693179,0.0172693179,,0.020694500000,0.020695809286,0.000001309286,0.000001309286
142,0,,29.3724000000,29.3900576892,0.0176576892,0.0176576892,,0.020702333333,0.020703521300,0.000001187967,0.000001187967
143,0,,29.3806000000,29.3986049622,0.0180049622,0.0180049622,,0.020710166667,0.020711224788,0.000001058122,0.000001058122
144,0,,29.3888000000,29.4071109222,0.0183109222,0.0183109222,,0.020718000000,0.020718920816,0.000000920816,0.000000920816
145,0,,29.3970000000,29.4155753545,0.0185753545,0.0185753545,,0.020725833333,0.020726610450,0.000000777116,0.000000777116
146,0,,29.4052000000,29.4239980444,0.0187980444,0.0187980444,,0.020733666667,0.020734294754,0.000000628088,0.000000628088
147,0,,29.4134000000,29.4323787774,0.0189787774,0.0189787774,,0.020741500000,0.020741974796,0.000000474796,0.000000474796
148,0,,29.4216000000,29.4407173385,0.0191173385,0.0191173385,,0.020749333333,0.020749651640,0.000000318307,0.000000318307
149,0,,29.4298000000,29.4490135133,0.0192135133,0.0192135133,,0.020757166667,0.020757326353,0.000000159686,0.000000159686
150,0,,29.4380000000,29.4572670871,0.0192670871,0.0192670871,,0.020765000000,0.020765000000,0.000000000000,0.000000000000
151,0,,29.4462000000,29.4654778451,0.0192778451,0.0192778451,,0.020772833333,0.020772673647,-0.000000159686,0.000000159686
152,0,,29.4544000000,29.4736455726,0.0192455726,0.0192455726,,0.020780666667,0.020780348360,-0.000000318307,0.000000318307
153,0,,29.4626000000,29.4817700551,0.0191700551,0.0191700551,,0.020788500000,0.020788025204,-0.000000474796,0.000000474796
154,0,,29.4708000000,29.4898510777,0.0190510777,0.0190510777,,0.020796333333,0.020795705246,-0.000000628088,0.000000628088
155,0,,29.4790000000,29.4978884259,0.0188884259,0.0188884259,,0.020804166667,0.020803389550,-0.000000777116,0.000000777116
156,0,,29.4872000000,29.5058818850,0.0186818850,0.0186818850,,0.020812000000,0.020811079184,-0.000000920816,0.000000920816
157,0,,29.4954000000,29.5138312403,0.0184312403,0.0184312403,,0.020819833333,0.020818775212,-0.000001058122,0.000001058122
158,0,,29.5036000000,29.5217362770,0.0181362770,0.0181362770,,0.020827666667,0.020826478700,-0.000001187967,0.000001187967
159,0,,29.5118000000,29.5295967806,0.0177967806,0.0177967806,,0.020835500000,0.020834190714,-0.000001309286,0.000001309286
160,0,,29.5200000000,29.5374125364,0.0174125364,0.0174125364,,0.020843333333,0.020841912320,-0.000001421013,0.000001421013
161,0,,29.5282000000,29.5451833296,0.0169833296,0.0169833296,,0.020851166667,0.020849644584,-0.000001522082,0.000001522082
162,0,,29.5364000000,29.5529089456,0.0165089456,0.0165089456,,0.020859000000,0.020857388571,-0.000001611429,0.000001611429
163,0,,29.5446000000,29.5605891698,0.0159891698,0.0159891698,,0.020866833333,0.020865145348,-0.000001687986,0.000001687986
164,0,,29.5528000000,29.5682237873,0.0154237873,0.0154237873,,0.020874666667,0.020872915979,-0.000001750688,0.000001750688
165,0,,29.5610000000,29.5758125837,0.0148125837,0.0148125837,,0.020882500000,0.020880701531,-0.000001798469,0.000001798469
166,0,,29.5692000000,29.5833553441,0.0141553441,0.0141553441,,0.020890333333,0.020888503069,-0.000001830265,0.000001830265
167,0,,29.5774000000,29.5908518540,0.0134518540,0.0134518540,,0.020898166667,0.020896321659,-0.000001845008,0.000001845008
168,0,,29.5856000000,29.5983018986,0.0127018986,0.0127018986,,0.020906000000,0.020904158367,-0.000001841633,0.000001841633
169,0,,29.5938000000,29.6057052632,0.0119052632,0.0119052632,,0.020913833333,0.020912014259,-0.000001819074,0.000001819074
170,0,,29.6020000000,29.6130617332,0.0110617332,0.0110617332,,0.020921666667,0.020919890401,-0.000001776266,0.000001776266
171,0,,29.6102000000,29.6203710939,0.0101710939,0.0101710939,,0.020929500000,0.020927787857,-0.000001712143,0.000001712143
172,0,,29.6184000000,29.6276331306,0.0092331306,0.0092331306,,0.020937333333,0.020935707695,-0.000001625639,0.000001625639
173,0,,29.6266000000,29.6348476287,0.0082476287,0.0082476287,,0.020945166667,0.020943650979,-0.000001515688,0.000001515688
174,0,,29.6348000000,29.6420143735,0.0072143735,0.0072143735,,0.020953000000,0.020951618776,-0.000001381224,0.000001381224
175,0,,29.6430000000,29.6491331502,0.0061331502,0.0061331502,,0.020960833333,0.020959612150,-0.000001221183,0.000001221183
176,0,,29.6512000000,29.6562037442,0.0050037442,0.0050037442,,0.020968666667,0.020967632169,-0.000001034497,0.000001034497
177,0,,29.6594000000,29.6632259409,0.0038259409,0.0038259409,,0.020976500000,0.020975679898,-0.000000820102,0.000000820102
178,0,,29.6676000000,29.6701995256,0.0025995256,0.0025995256,,0.020984333333,0.020983756402,-0.000000576931,0.000000576931
179,0,,29.6758000000,29.6771242835,0.0013242835,0.0013242835,,0.020992166667,0.020991862748,-0.000000303919,0.000000303919
180,1,29.684000,29.6840000000,29.6840000000,0.0000000000,0.0000000000,0.02100000,0.021000000000,0.021000000000,0.000000000000,0.000000000000
181,0,,29.6898833333,29.6907819064,0.0008985731,0.0008985731,,0.021008500000,0.021008181369,-0.000000318631,0.000000318631
182,0,,29.6957666667,29.6974289762,0.0016623096,0.0016623096,,0.021017000000,0.021016417825,-0.000000582175,0.000000582175
183,0,,29.7016500000,29.7039466083,0.0022966083,0.0022966083,,0.021025500000,0.021024707078,-0.000000792922,0.000000792922
184,0,,29.7075333333,29.7103402014,0.0028068680,0.0028068680,,0.021034000000,0.021033046838,-0.000000953162,0.000000953162
185,0,,29.7134166667,29.7166151542,0.0031984875,0.0031984875,,0.021042500000,0.021041434813,-0.000001065187,0.000001065187
186,0,,29.7193000000,29.7227768656,0.0034768656,0.0034768656,,0.021051000000,0.021049868713,-0.000001131287,0.000001131287
187,0,,29.7251833333,29.7288307344,0.0036474011,0.0036474011,,0.021059500000,0.021058346247,-0.000001153753,0.000001153753
188,0,,29.7310666667,29.7347821594,0.0037154927,0.0037154927,,0.021068000000,0.021066865125,-0.000001134875,0.000001134875
189,0,,29.7369500000,29.7406365392,0.0036865392,0.0036865392,,0.021076500000,0.021075423055,-0.000001076945,0.000001076945
190,0,,29.7428333333,29.7463992727,0.0035659394,0.0035659394,,0.021085000000,0.021084017748,-0.000000982252,0.000000982252
191,0,,29.7487166667,29.7520757588,0.0033590921,0.0033590921,,0.021093500000,0.021092646912,-0.000000853088,0.000000853088
192,0,,29.7546000000,29.7576713961,0.0030713961,0.0030713961,,0.021102000000,0.021101308257,-0.000000691743,0.000000691743
193,0,,29.7604833333,29.7631915834,0.0027082501,0.0027082501,,0.021110500000,0.021109999493,-0.000000500507,0.000000500507
194,0,,29.7663666667,29.7686417196,0.0022750529,0.0022750529,,0.021119000000,0.021118718327,-0.000000281673,0.000000281673
195,0,,29.7722500000,29.7740272033,0.0017772033,0.0017772033,,0.021127500000,0.021127462471,-0.000000037529,0.000000037529
196,0,,29.7781333333,29.7793534335,0.0012201002,0.0012201002,,0.021136000000,0.021136229632,0.000000229632,0.000000229632
197,0,,29.7840166667,29.7846258089,0.0006091422,0.0006091422,,0.021144500000,0.021145017521,0.000000517521,0.000000517521
198,0,,29.7899000000,29.7898497282,-0.0000502718,0.0000502718,,0.021153000000,0.021153823846,0.000000823846,0.000000823846
199,0,,29.7957833333,29.7950305902,-0.0007527431,0.0007527431,,0.021161500000,0.021162646318,0.000001146318,0.000001146318
200,0,,29.8016666667,29.8001737937,-0.0014928729,0.0014928729,,0.021170000000,0.021171482644,0.000001482644,0.000001482644
201,0,,29.8075500000,29.8052847376,-0.0022652624,0.0022652624,,0.021178500000,0.021180330536,0.000001830536,0.000001830536
202,0,,29.8134333333,29.8103688206,-0.0030645128,0.0030645128,,0.021187000000,0.021189187701,0.000002187701,0.000002187701
203,0,,29.8193166667,29.8154314414,-0.0038852253,0.0038852253,,0.021195500000,0.021198051850,0.000002551850,0.000002551850
204,0,,29.8252000000,29.8204779988,-0.0047220012,0.0047220012,,0.021204000000,0.021206920691,0.000002920691,0.000002920691
205,0,,29.8310833333,29.8255138917,-0.0055694416,0.0055694416,,0.021212500000,0.021215791934,0.000003291934,0.000003291934
206,0,,29.8369666667,29.8305445188,-0.0064221478,0.0064221478,,0.021221000000,0.021224663288,0.000003663288,0.000003663288
207,0,,29.8428500000,29.8355752789,-0.0072747211,0.0072747211,,0.021229500000,0.021233532463,0.000004032463,0.000004032463
208,0,,29.8487333333,29.8406115708,-0.0081217625,0.0081217625,,0.021238000000,0.021242397167,0.000004397167,0.000004397167
209,0,,29.8546166667,29.8456587932,-0.0089578734,0.0089578734,,0.021246500000,0.021251255111,0.000004755111,0.000004755111
210,0,,29.8605000000,29.8507223450,-0.0097776550,0.0097776550,,0.021255000000,0.021260104003,0.000005104003,0.000005104003
211,0,,29.8663833333,29.8558076249,-0.0105757084,0.0105757084,,0.021263500000,0.021268941553,0.000005441553,0.000005441553
212,0,,29.8722666667,29.8609200317,-0.0113466350,0.0113466350,,0.021272000000,0.021277765470,0.000005765470,0.000005765470
213,0,,29.8781500000,29.8660649642,-0.0120850358,0.0120850358,,0.021280500000,0.021286573464,0.000006073464,0.000006073464
214,0,,29.8840333333,29.8712478211,-0.0127855122,0.0127855122,,0.021289000000,0.021295363243,0.000006363243,0.000006363243
215,0,,29.8899166667,29.8764740013,-0.0134426653,0.0134426653,,0.021297500000,0.021304132517,0.000006632517,0.000006632517
216,0,,29.8958000000,29.8817489036,-0.0140510964,0.0140510964,,0.021306000000,0.021312878995,0.000006878995,0.000006878995
217,0,,29.9016833333,29.8870779266,-0.0146054067,0.0146054067,,0.021314500000,0.021321600387,0.000007100387,0.000007100387
218,0,,29.9075666667,29.8924664693,-0.0151001974,0.0151001974,,0.021323000000,0.021330294403,0.000007294403,0.000007294403
219,0,,29.9134500000,29.8979199303,-0.0155300697,0.0155300697,,0.021331500000,0.021338958750,0.000007458750,0.000007458750
220,0,,29.9193333333,29.9034437085,-0.0158896249,0.0158896249,,0.021340000000,0.021347591139,0.000007591139,0.000007591139
221,0,,29.9252166667,29.9090432026,-0.0161734641,0.0161734641,,0.021348500000,0.021356189279,0.000007689279,0.000007689279
222,0,,29.9311000000,29.9147238114,-0.0163761886,0.0163761886,,0.021357000000,0.021364750879,0.000007750879,0.000007750879
223,0,,29.9369833333,29.9204909338,-0.0164923995,0.0164923995,,0.021365500000,0.021373273649,0.000007773649,0.000007773649
224,0,,29.9428666667,29.9263499684,-0.0165166982,0.0165166982,,0.021374000000,0.021381755297,0.000007755297,0.000007755297
225,0,,29.9487500000,29.9323063142,-0.0164436858,0.0164436858,,0.021382500000,0.021390193534,0.000007693534,0.000007693534
226,0,,29.9546333333,29.9383653697,-0.0162679636,0.0162679636,,0.021391000000,0.021398586068,0.000007586068,0.000007586068
227,0,,29.9605166667,29.9445325339,-0.0159841327,0.0159841327,,0.021399500000,0.021406930609,0.000007430609,0.000007430609
228,0,,29.9664000000,29.9508132055,-0.0155867945,0.0155867945,,0.021408000000,0.021415224867,0.000007224867,0.000007224867
229,0,,29.9722833333,29.9572127833,-0.0150705500,0.0150705500,,0.021416500000,0.021423466549,0.000006966549,0.000006966549
230,0,,29.9781666667,29.9637366661,-0.0144300005,0.0144300005,,0.021425000000,0.021431653366,0.000006653366,0.000006653366
231,0,,29.9840500000,29.9703902527,-0.0136597473,0.0136597473,,0.021433500000,0.021439783028,0.000006283028,0.000006283028
232,0,,29.9899333333,29.9771789418,-0.0127543915,0.0127543915,,0.021442000000,0.021447853243,0.000005853243,0.000005853243
233,0,,29.9958166667,29.9841081322,-0.0117085344,0.0117085344,,0.021450500000,0.021455861720,0.000005361720,0.000005361720
234,0,,30.0017000000,29.9911832228,-0.0105167772,0.0105167772,,0.021459000000,0.021463806170,0.000004806170,0.000004806170
235,0,,30.0075833333,29.9984096122,-0.0091737212,0.0091737212,,0.021467500000,0.021471684300,0.000004184300,0.000004184300
236,0,,30.0134666667,30.0057926993,-0.0076739674,0.0076739674,,0.021476000000,0.021479493822,0.000003493822,0.000003493822
237,0,,30.0193500000,30.0133378828,-0.0060121172,0.0060121172,,0.021484500000,0.021487232443,0.000002732443,0.000002732443
238,0,,30.0252333333,30.0210505616,-0.0041827717,0.0041827717,,0.021493000000,0.021494897874,0.000001897874,0.000001897874
239,0,,30.0311166667,30.0289361344,-0.0021805323,0.0021805323,,0.021501500000,0.021502487823,0.000000987823,0.000000987823
240,1,30.037000,30.0370000000,30.0370000000,0.0000000000,0.0000000000,0.02151000,0.021510000000,0.021510000000,0.000000000000,0.000000000000
241,0,,30.0502833333,30.0453829224,-0.0049004110,0.0049004110,,0.021516666667,0.021517443224,0.000000776558,0.000000776558
242,0,,30.0635666667,30.0542123960,-0.0093542706,0.0093542706,,0.021523333333,0.021524828919,0.000001495586,0.000001495586
243,0,,30.0768500000,30.0634739157,-0.0133760843,0.0133760843,,0.021530000000,0.021532158697,0.000002158697,0.000002158697
244,0,,30.0901333333,30.0731529762,-0.0169803572,0.0169803572,,0.021536666667,0.021539434174,0.000002767507,0.000002767507
245,0,,30.1034166667,30.0832350720,-0.0201815946,0.0201815946,,0.021543333333,0.021546656963,0.000003323630,0.000003323630
246,0,,30.1167000000,30.0937056980,-0.0229943020,0.0229943020,,0.021550000000,0.021553828679,0.000003828679,0.000003828679
247,0,,30.1299833333,30.1045503489,-0.0254329844,0.0254329844,,0.021556666667,0.021560950935,0.000004284268,0.000004284268
248,0,,30.1432666667,30.1157545193,-0.0275121473,0.0275121473,,0.021563333333,0.021568025345,0.000004692012,0.000004692012
249,0,,30.1565500000,30.1273037040,-0.0292462960,0.0292462960,,0.021570000000,0.021575053525,0.000005053525,0.000005053525
250,0,,30.1698333333,30.1391833976,-0.0306499357,0.0306499357,,0.021576666667,0.021582037087,0.000005370420,0.000005370420
251,0,,30.1831166667,30.1513790949,-0.0317375717,0.0317375717,,0.021583333333,0.021588977646,0.000005644312,0.000005644312
252,0,,30.1964000000,30.1638762906,-0.0325237094,0.0325237094,,0.021590000000,0.021595876816,0.000005876816,0.000005876816
253,0,,30.2096833333,30.1766604794,-0.0330228539,0.0330228539,,0.021596666667,0.021602736211,0.000006069544,0.000006069544
254,0,,30.2229666667,30.1897171559,-0.0332495107,0.0332495107,,0.021603333333,0.021609557446,0.000006224112,0.000006224112
255,0,,30.2362500000,30.2030318150,-0.0332181850,0.0332181850,,0.021610000000,0.021616342133,0.000006342133,0.000006342133
256,0,,30.2495333333,30.2165899512,-0.0329433821,0.0329433821,,0.021616666667,0.021623091889,0.000006425222,0.000006425222
257,0,,30.2628166667,30.2303770594,-0.0324396073,0.0324396073,,0.021623333333,0.021629808326,0.000006474992,0.000006474992
258,0,,30.2761000000,30.2443786341,-0.0317213659,0.0317213659,,0.021630000000,0.021636493058,0.000006493058,0.000006493058
259,0,,30.2893833333,30.2585801702,-0.0308031631,0.0308031631,,0.021636666667,0.021643147700,0.000006481034,0.000006481034
260,0,,30.3026666667,30.2729671623,-0.0296995044,0.0296995044,,0.021643333333,0.021649773867,0.000006440533,0.000006440533
261,0,,30.3159500000,30.2875251051,-0.0284248949,0.0284248949,,0.021650000000,0.021656373171,0.000006373171,0.000006373171
262,0,,30.3292333333,30.3022394933,-0.0269938400,0.0269938400,,0.021656666667,0.021662947227,0.000006280560,0.000006280560
263,0,,30.3425166667,30.3170958217,-0.0254208450,0.0254208450,,0.021663333333,0.021669497649,0.000006164316,0.000006164316
264,0,,30.3558000000,30.3320795849,-0.0237204151,0.0237204151,,0.021670000000,0.021676026052,0.000006026052,0.000006026052
265,0,,30.3690833333,30.3471762777,-0.0219070557,0.0219070557,,0.021676666667,0.021682534049,0.000005867382,0.000005867382
266,0,,30.3823666667,30.3623713947,-0.0199952720,0.0199952720,,0.021683333333,0.021689023255,0.000005689921,0.000005689921
267,0,,30.3956500000,30.3776504307,-0.0179995693,0.0179995693,,0.021690000000,0.021695495283,0.000005495283,0.000005495283
268,0,,30.4089333333,30.3929988803,-0.0159344530,0.0159344530,,0.021696666667,0.021701951748,0.000005285081,0.000005285081
269,0,,30.4222166667,30.4084022383,-0.0138144284,0.0138144284,,0.021703333333,0.021708394263,0.000005060930,0.000005060930
270,0,,30.4355000000,30.4238459994,-0.0116540006,0.0116540006,,0.021710000000,0.021714824444,0.000004824444,0.000004824444
271,0,,30.4487833333,30.4393156582,-0.0094676751,0.0094676751,,0.021716666667,0.021721243903,0.000004577237,0.000004577237
272,0,,30.4620666667,30.4547967096,-0.0072699571,0.0072699571,,0.021723333333,0.021727654256,0.000004320923,0.000004320923
273,0,,30.4753500000,30.4702746481,-0.0050753519,0.0050753519,,0.021730000000,0.021734057116,0.000004057116,0.000004057116
274,0,,30.4886333333,30.4857349685,-0.0028983648,0.0028983648,,0.021736666667,0.021740454097,0.000003787431,0.000003787431
275,0,,30.5019166667,30.5011631656,-0.0007535011,0.0007535011,,0.021743333333,0.021746846814,0.000003513481,0.000003513481
276,0,,30.5152000000,30.5165447339,0.0013447339,0.0013447339,,0.021750000000,0.021753236880,0.000003236880,0.000003236880
277,0,,30.5284833333,30.5318651682,0.0033818349,0.0033818349,,0.021756666667,0.021759625910,0.000002959243,0.000002959243
278,0,,30.5417666667,30.5471099633,0.0053432966,0.0053432966,,0.021763333333,0.021766015518,0.000002682184,0.000002682184
279,0,,30.5550500000,30.5622646138,0.0072146138,0.0072146138,,0.021770000000,0.021772407317,0.000002407317,0.000002407317
280,0,,30.5683333333,30.5773146144,0.0089812811,0.0089812811,,0.021776666667,0.021778802922,0.000002136256,0.000002136256
281,0,,30.5816166667,30.5922454598,0.0106287932,0.0106287932,,0.021783333333,0.021785203948,0.000001870615,0.000001870615
282,0,,30.5949000000,30.6070426448,0.0121426448,0.0121426448,,0.021790000000,0.021791612008,0.000001612008,0.000001612008
283,0,,30.6081833333,30.6216916641,0.0135083307,0.0135083307,,0.021796666667,0.021798028715,0.000001362049,0.000001362049
284,0,,30.6214666667,30.6361780122,0.0147113456,0.0147113456,,0.021803333333,0.021804455686,0.000001122352,0.000001122352
285,0,,30.6347500000,30.6504871841,0.0157371841,0.0157371841,,0.021810000000,0.021810894532,0.000000894532,0.000000894532
286,0,,30.6480333333,30.6646046743,0.0165713409,0.0165713409,,0.021816666667,0.021817346870,0.000000680203,0.000000680203
287,0,,30.6613166667,30.6785159775,0.0171993109,0.0171993109,,0.021823333333,0.021823814312,0.000000480978,0.000000480978
288,0,,30.6746000000,30.6922065886,0.0176065886,0.0176065886,,0.021830000000,0.021830298472,0.000000298472,0.000000298472
289,0,,30.6878833333,30.7056620021,0.0177786688,0.0177786688,,0.021836666667,0.021836800966,0.000000134299,0.000000134299
290,0,,30.7011666667,30.7188677128,0.0177010461,0.0177010461,,0.021843333333,0.021843323406,-0.000000009927,0.000000009927
291,0,,30.7144500000,30.7318092154,0.0173592154,0.0173592154,,0.021850000000,0.021849867408,-0.000000132592,0.000000132592
292,0,,30.7277333333,30.7444720046,0.0167386712,0.0167386712,,0.021856666667,0.021856434585,-0.000000232082,0.000000232082
293,0,,30.7410166667,30.7568415750,0.0158249084,0.0158249084,,0.021863333333,0.021863026551,-0.000000306782,0.000000306782
294,0,,30.7543000000,30.7689034215,0.0146034215,0.0146034215,,0.021870000000,0.021869644921,-0.000000355079,0.000000355079
295,0,,30.7675833333,30.7806430387,0.0130597054,0.0130597054,,0.021876666667,0.021876291308,-0.000000375359,0.000000375359
296,0,,30.7808666667,30.7920459213,0.0111792546,0.0111792546,,0.021883333333,0.021882967327,-0.000000366007,0.000000366007
297,0,,30.7941500000,30.8030975640,0.0089475640,0.0089475640,,0.021890000000,0.021889674591,-0.000000325409,0.000000325409
298,0,,30.8074333333,30.8137834616,0.0063501283,0.0063501283,,0.021896666667,0.021896414716,-0.000000251951,0.000000251951
299,0,,30.8207166667,30.8240891087,0.0033724420,0.0033724420,,0.021903333333,0.021903189314,-0.000000144020,0.000000144020
300,1,30.834000,30.8340000000,30.8340000000,0.0000000000,0.0000000000,0.02191000,0.021910000000,0.021910000000,0.000000000000,0.000000000000
301,0,,30.8416500000,30.8436319810,0.0019819810,0.0019819810,,0.021917000000,0.021916830956,-0.000000169044,0.000000169044
302,0,,30.8493000000,30.8531134411,0.0038134411,0.0038134411,,0.021924000000,0.021923665366,-0.000000334634,0.000000334634
303,0,,30.8569500000,30.8624486906,0.0054986906,0.0054986906,,0.021931000000,0.021930503347,-0.000000496653,0.000000496653
304,0,,30.8646000000,30.8716420400,0.0070420400,0.0070420400,,0.021938000000,0.021937345018,-0.000000654982,0.000000654982
305,0,,30.8722500000,30.8806977997,0.0084477997,0.0084477997,,0.021945000000,0.021944190496,-0.000000809504,0.000000809504
306,0,,30.8799000000,30.8896202802,0.0097202802,0.0097202802,,0.021952000000,0.021951039899,-0.000000960101,0.000000960101
307,0,,30.8875500000,30.8984137919,0.0108637919,0.0108637919,,0.021959000000,0.021957893345,-0.000001106655,0.000001106655
308,0,,30.8952000000,30.9070826453,0.0118826453,0.0118826453,,0.021966000000,0.021964750950,-0.000001249050,0.000001249050
309,0,,30.9028500000,30.9156311508,0.0127811508,0.0127811508,,0.021973000000,0.021971612834,-0.000001387166,0.000001387166
310,0,,30.9105000000,30.9240636188,0.0135636188,0.0135636188,,0.021980000000,0.021978479114,-0.000001520886,0.000001520886
311,0,,30.9181500000,30.9323843598,0.0142343598,0.0142343598,,0.021987000000,0.021985349907,-0.000001650093,0.000001650093
312,0,,30.9258000000,30.9405976842,0.0147976842,0.0147976842,,0.021994000000,0.021992225332,-0.000001774668,0.000001774668
313,0,,30.9334500000,30.9487079024,0.0152579024,0.0152579024,,0.022001000000,0.021999105506,-0.000001894494,0.000001894494
314,0,,30.9411000000,30.9567193250,0.0156193250,0.0156193250,,0.022008000000,0.022005990547,-0.000002009453,0.000002009453
315,0,,30.9487500000,30.9646362623,0.0158862623,0.0158862623,,0.022015000000,0.022012880572,-0.000002119428,0.000002119428
316,0,,30.9564000000,30.9724630248,0.0160630248,0.0160630248,,0.022022000000,0.022019775699,-0.000002224301,0.000002224301
317,0,,30.9640500000,30.9802039229,0.0161539229,0.0161539229,,0.022029000000,0.022026676047,-0.000002323953,0.000002323953
318,0,,30.9717000000,30.9878632671,0.0161632671,0.0161632671,,0.022036000000,0.022033581733,-0.000002418267,0.000002418267
319,0,,30.9793500000,30.9954453678,0.0160953678,0.0160953678,,0.022043000000,0.022040492874,-0.000002507126,0.000002507126
320,0,,30.9870000000,31.0029545355,0.0159545355,0.0159545355,,0.022050000000,0.022047409588,-0.000002590412,0.000002590412
321,0,,30.9946500000,31.0103950805,0.0157450805,0.0157450805,,0.022057000000,0.022054331993,-0.000002668007,0.000002668007
322,0,,31.0023000000,31.0177713134,0.0154713134,0.0154713134,,0.022064000000,0.022061260207,-0.000002739793,0.000002739793
323,0,,31.0099500000,31.0250875445,0.0151375445,0.0151375445,,0.022071000000,0.022068194348,-0.000002805652,0.000002805652
324,0,,31.0176000000,31.0323480843,0.0147480843,0.0147480843,,0.022078000000,0.022075134533,-0.000002865467,0.000002865467
325,0,,31.0252500000,31.0395572433,0.0143072433,0.0143072433,,0.022085000000,0.022082080880,-0.000002919120,0.000002919120
326,0,,31.0329000000,31.0467193319,0.0138193319,0.0138193319,,0.022092000000,0.022089033507,-0.000002966493,0.000002966493
327,0,,31.0405500000,31.0538386605,0.0132886605,0.0132886605,,0.022099000000,0.022095992532,-0.000003007468,0.000003007468
328,0,,31.0482000000,31.0609195396,0.0127195396,0.0127195396,,0.022106000000,0.022102958071,-0.000003041929,0.000003041929
329,0,,31.0558500000,31.0679662797,0.0121162797,0.0121162797,,0.022113000000,0.022109930244,-0.000003069756,0.000003069756
330,0,,31.0635000000,31.0749831910,0.0114831910,0.0114831910,,0.022120000000,0.022116909167,-0.000003090833,0.000003090833
331,0,,31.0711500000,31.0819745842,0.0108245842,0.0108245842,,0.022127000000,0.022123894959,-0.000003105041,0.000003105041
332,0,,31.0788000000,31.0889447696,0.0101447696,0.0101447696,,0.022134000000,0.022130887738,-0.000003112262,0.000003112262
333,0,,31.0864500000,31.0958980577,0.0094480577,0.0094480577,,0.022141000000,0.022137887620,-0.000003112380,0.000003112380
334,0,,31.0941000000,31.1028387589,0.0087387589,0.0087387589,,0.022148000000,0.022144894724,-0.000003105276,0.000003105276
335,0,,31.1017500000,31.1097711837,0.0080211837,0.0080211837,,0.022155000000,0.022151909167,-0.000003090833,0.000003090833
336,0,,31.1094000000,31.1166996424,0.0072996424,0.0072996424,,0.022162000000,0.022158931068,-0.000003068932,0.000003068932
337,0,,31.1170500000,31.1236284456,0.0065784456,0.0065784456,,0.022169000000,0.022165960544,-0.000003039456,0.000003039456
338,0,,31.1247000000,31.1305619037,0.0058619037,0.0058619037,,0.022176000000,0.022172997712,-0.000003002288,0.000003002288
339,0,,31.1323500000,31.1375043272,0.0051543272,0.0051543272,,0.022183000000,0.022180042691,-0.000002957309,0.000002957309
340,0,,31.1400000000,31.1444600264,0.0044600264,0.0044600264,,0.022190000000,0.022187095599,-0.000002904401,0.000002904401
341,0,,31.1476500000,31.1514333118,0.0037833118,0.0037833118,,0.022197000000,0.022194156552,-0.000002843448,0.000002843448
342,0,,31.1553000000,31.1584284938,0.0031284938,0.0031284938,,0.022204000000,0.022201225669,-0.000002774331,0.000002774331
343,0,,31.1629500000,31.1654498829,0.0024998829,0.0024998829,,0.022211000000,0.022208303067,-0.000002696933,0.000002696933
344,0,,31.1706000000,31.1725017896,0.0019017896,0.0019017896,,0.022218000000,0.022215388865,-0.000002611135,0.000002611135
345,0,,31.1782500000,31.1795885242,0.0013385242,0.0013385242,,0.022225000000,0.022222483179,-0.000002516821,0.000002516821
346,0,,31.1859000000,31.1867143973,0.0008143973,0.0008143973,,0.022232000000,0.022229586128,-0.000002413872,0.000002413872
347,0,,31.1935500000,31.1938837192,0.0003337192,0.0003337192,,0.022239000000,0.022236697830,-0.000002302170,0.000002302170
348,0,,31.2012000000,31.2011008004,-0.0000991996,0.0000991996,,0.022246000000,0.022243818402,-0.000002181598,0.000002181598
349,0,,31.2088500000,31.2083699513,-0.0004800487,0.0004800487,,0.022253000000,0.022250947962,-0.000002052038,0.000002052038
350,0,,31.2165000000,31.2156954824,-0.0008045176,0.0008045176,,0.022260000000,0.022258086627,-0.000001913373,0.000001913373
351,0,,31.2241500000,31.2230817041,-0.0010682959,0.0010682959,,0.022267000000,0.022265234516,-0.000001765484,0.000001765484
352,0,,31.2318000000,31.2305329269,-0.0012670731,0.0012670731,,0.022274000000,0.022272391747,-0.000001608253,0.000001608253
353,0,,31.2394500000,31.2380534611,-0.0013965389,0.0013965389,,0.022281000000,0.022279558436,-0.000001441564,0.000001441564
354,0,,31.2471000000,31.2456476173,-0.0014523827,0.0014523827,,0.022288000000,0.022286734701,-0.000001265299,0.000001265299
355,0,,31.2547500000,31.2533197059,-0.0014302941,0.0014302941,,0.022295000000,0.022293920662,-0.000001079338,0.000001079338
356,0,,31.2624000000,31.2610740373,-0.0013259627,0.0013259627,,0.022302000000,0.022301116434,-0.000000883566,0.000000883566
357,0,,31.2700500000,31.2689149220,-0.0011350780,0.0011350780,,0.022309000000,0.022308322136,-0.000000677864,0.000000677864
358,0,,31.2777000000,31.2768466704,-0.0008533296,0.0008533296,,0.022316000000,0.022315537886,-0.000000462114,0.000000462114
359,0,,31.2853500000,31.2848735929,-0.0004764071,0.0004764071,,0.022323000000,0.022322763802,-0.000000236198,0.000000236198
360,1,31.293000,31.2930000000,31.2930000000,0.0000000000,0.0000000000,0.02233000,0.022330000000,0.022330000000,0.000000000000,0.000000000000
361,0,,31.3017833333,31.3012369000,-0.0005464334,0.0005464334,,0.022337500000,0.022337247256,-0.000000252744,0.000000252744
362,0,,31.3105666667,31.3095890906,-0.0009775760,0.0009775760,,0.022345000000,0.022344506159,-0.000000493841,0.000000493841
363,0,,31.3193500000,31.3180515668,-0.0012984332,0.0012984332,,0.022352500000,0.022351776551,-0.000000723449,0.000000723449
364,0,,31.3281333333,31.3266193232,-0.0015140102,0.0015140102,,0.022360000000,0.022359058271,-0.000000941729,0.000000941729
365,0,,31.3369166667,31.3352873546,-0.0016293120,0.0016293120,,0.022367500000,0.022366351160,-0.000001148840,0.000001148840
366,0,,31.3457000000,31.3440506559,-0.0016493441,0.0016493441,,0.022375000000,0.022373655060,-0.000001344940,0.000001344940
367,0,,31.3544833333,31.3529042218,-0.0015791115,0.0015791115,,0.022382500000,0.022380969810,-0.000001530190,0.000001530190
368,0,,31.3632666667,31.3618430471,-0.0014236195,0.0014236195,,0.022390000000,0.022388295252,-0.000001704748,0.000001704748
369,0,,31.3720500000,31.3708621266,-0.0011878734,0.0011878734,,0.022397500000,0.022395631227,-0.000001868773,0.000001868773
370,0,,31.3808333333,31.3799564550,-0.0008768783,0.0008768783,,0.022405000000,0.022402977574,-0.000002022426,0.000002022426
371,0,,31.3896166667,31.3891210272,-0.0004956395,0.0004956395,,0.022412500000,0.022410334134,-0.000002165866,0.000002165866
372,0,,31.3984000000,31.3983508379,-0.0000491621,0.0000491621,,0.022420000000,0.022417700750,-0.000002299250,0.000002299250
373,0,,31.4071833333,31.4076408819,0.0004575486,0.0004575486,,0.022427500000,0.022425077260,-0.000002422740,0.000002422740
374,0,,31.4159666667,31.4169861540,0.0010194874,0.0010194874,,0.022435000000,0.022432463506,-0.000002536494,0.000002536494
375,0,,31.4247500000,31.4263816490,0.0016316490,0.0016316490,,0.022442500000,0.022439859328,-0.000002640672,0.000002640672
376,0,,31.4335333333,31.4358223617,0.0022890283,0.0022890283,,0.022450000000,0.022447264568,-0.000002735432,0.000002735432
377,0,,31.4423166667,31.4453032867,0.0029866201,0.0029866201,,0.022457500000,0.022454679065,-0.000002820935,0.000002820935
378,0,,31.4511000000,31.4548194190,0.0037194190,0.0037194190,,0.022465000000,0.022462102661,-0.000002897339,0.000002897339
379,0,,31.4598833333,31.4643657533,0.0044824200,0.0044824200,,0.022472500000,0.022469535196,-0.000002964804,0.000002964804
380,0,,31.4686666667,31.4739372844,0.0052706178,0.0052706178,,0.022480000000,0.022476976512,-0.000003023488,0.000003023488
381,0,,31.4774500000,31.4835290071,0.0060790071,0.0060790071,,0.022487500000,0.022484426448,-0.000003073552,0.000003073552
382,0,,31.4862333333,31.4931359161,0.0069025828,0.0069025828,,0.022495000000,0.022491884845,-0.000003115155,0.000003115155
383,0,,31.4950166667,31.5027530063,0.0077363396,0.0077363396,,0.022502500000,0.022499351545,-0.000003148455,0.000003148455
384,0,,31.5038000000,31.5123752724,0.0085752724,0.0085752724,,0.022510000000,0.022506826387,-0.000003173613,0.000003173613
385,0,,31.5125833333,31.5219977091,0.0094143758,0.0094143758,,0.022517500000,0.022514309213,-0.000003190787,0.000003190787
386,0,,31.5213666667,31.5316153114,0.0102486447,0.0102486447,,0.022525000000,0.022521799863,-0.000003200137,0.000003200137
387,0,,31.5301500000,31.5412230739,0.0110730739,0.0110730739,,0.022532500000,0.022529298177,-0.000003201823,0.000003201823
388,0,,31.5389333333,31.5508159915,0.0118826582,0.0118826582,,0.022540000000,0.022536803998,-0.000003196002,0.000003196002
389,0,,31.5477166667,31.5603890589,0.0126723923,0.0126723923,,0.022547500000,0.022544317165,-0.000003182835,0.000003182835
390,0,,31.5565000000,31.5699372709,0.0134372709,0.0134372709,,0.022555000000,0.022551837519,-0.000003162481,0.000003162481
391,0,,31.5652833333,31.5794556224,0.0141722890,0.0141722890,,0.022562500000,0.022559364900,-0.000003135100,0.000003135100
392,0,,31.5740666667,31.5889391080,0.0148724413,0.0148724413,,0.022570000000,0.022566899150,-0.000003100850,0.000003100850
393,0,,31.5828500000,31.5983827225,0.0155327225,0.0155327225,,0.022577500000,0.022574440110,-0.000003059890,0.000003059890
394,0,,31.5916333333,31.6077814609,0.0161481275,0.0161481275,,0.022585000000,0.022581987619,-0.000003012381,0.000003012381
395,0,,31.6004166667,31.6171303177,0.0167136510,0.0167136510,,0.022592500000,0.022589541518,-0.000002958482,0.000002958482
396,0,,31.6092000000,31.6264242879,0.0172242879,0.0172242879,,0.022600000000,0.022597101649,-0.000002898351,0.000002898351
397,0,,31.6179833333,31.6356583661,0.0176750328,0.0176750328,,0.022607500000,0.022604667852,-0.000002832148,0.000002832148
398,0,,31.6267666667,31.6448275472,0.0180608806,0.0180608806,,0.022615000000,0.022612239968,-0.000002760032,0.000002760032
399,0,,31.6355500000,31.6539268260,0.0183768260,0.0183768260,,0.022622500000,0.022619817836,-0.000002682164,0.000002682164
400,0,,31.6443333333,31.6629511972,0.0186178639,0.0186178639,,0.022630000000,0.022627401299,-0.000002598701,0.000002598701
401,0,,31.6531166667,31.6718956557,0.0187789890,0.0187789890,,0.022637500000,0.022634990197,-0.000002509803,0.000002509803
402,0,,31.6619000000,31.6807551962,0.0188551962,0.0188551962,,0.022645000000,0.022642584370,-0.000002415630,0.000002415630
403,0,,31.6706833333,31.6895248134,0.0188414801,0.0188414801,,0.022652500000,0.022650183660,-0.000002316340,0.000002316340
404,0,,31.6794666667,31.6981995022,0.0187328356,0.0187328356,,0.022660000000,0.022657787906,-0.000002212094,0.000002212094
405,0,,31.6882500000,31.7067742574,0.0185242574,0.0185242574,,0.022667500000,0.022665396950,-0.000002103050,0.000002103050
406,0,,31.6970333333,31.7152440737,0.0182107404,0.0182107404,,0.022675000000,0.022673010632,-0.000001989368,0.000001989368
407,0,,31.7058166667,31.7236039460,0.0177872793,0.0177872793,,0.022682500000,0.022680628793,-0.000001871207,0.000001871207
408,0,,31.7146000000,31.7318488689,0.0172488689,0.0172488689,,0.022690000000,0.022688251274,-0.000001748726,0.000001748726
409,0,,31.7233833333,31.7399738373,0.0165905040,0.0165905040,,0.022697500000,0.022695877916,-0.000001622084,0.000001622084
410,0,,31.7321666667,31.7479738460,0.0158071794,0.0158071794,,0.022705000000,0.022703508558,-0.000001491442,0.000001491442
411,0,,31.7409500000,31.7558438898,0.0148938898,0.0148938898,,0.022712500000,0.022711143043,-0.000001356957,0.000001356957
412,0,,31.7497333333,31.7635789634,0.0138456300,0.0138456300,,0.022720000000,0.022718781209,-0.000001218791,0.000001218791
413,0,,31.7585166667,31.7711740616,0.0126573949,0.0126573949,,0.022727500000,0.022726422899,-0.000001077101,0.000001077101
414,0,,31.7673000000,31.7786241792,0.0113241792,0.0113241792,,0.022735000000,0.022734067954,-0.000000932046,0.000000932046
415,0,,31.7760833333,31.7859243109,0.0098409776,0.0098409776,,0.022742500000,0.022741716212,-0.000000783788,0.000000783788
416,0,,31.7848666667,31.7930694517,0.0082027850,0.0082027850,,0.022750000000,0.022749367516,-0.000000632484,0.000000632484
417,0,,31.7936500000,31.8000545962,0.0064045962,0.0064045962,,0.022757500000,0.022757021706,-0.000000478294,0.000000478294
418,0,,31.8024333333,31.8068747392,0.0044414059,0.0044414059,,0.022765000000,0.022764678623,-0.000000321377,0.000000321377
419,0,,31.8112166667,31.8135248756,0.0023082089,0.0023082089,,0.022772500000,0.022772338108,-0.000000161892,0.000000161892
420,1,31.820000,31.8200000000,31.8200000000,0.0000000000,0.0000000000,0.02278000,0.022780000000,0.022780000000,0.000000000000,0.000000000000
421,0,,31.8250166667,31.8263128602,0.0012961935,0.0012961935,,0.022787833333,0.022787662189,-0.000000171145,0.000000171145
422,0,,31.8300333333,31.8324829485,0.0024496152,0.0024496152,,0.022795666667,0.022795322918,-0.000000343749,0.000000343749
423,0,,31.8350500000,31.8385153772,0.0034653772,0.0034653772,,0.022803500000,0.022802982564,-0.000000517436,0.000000517436
424,0,,31.8400666667,31.8444152581,0.0043485914,0.0043485914,,0.022811333333,0.022810641502,-0.000000691832,0.000000691832
425,0,,31.8450833333,31.8501877034,0.0051043700,0.0051043700,,0.022819166667,0.022818300107,-0.000000866560,0.000000866560
426,0,,31.8501000000,31.8558378251,0.0057378251,0.0057378251,,0.022827000000,0.022825958755,-0.000001041245,0.000001041245
427,0,,31.8551166667,31.8613707353,0.0062540686,0.0062540686,,0.022834833333,0.022833617822,-0.000001215512,0.000001215512
428,0,,31.8601333333,31.8667915460,0.0066582126,0.0066582126,,0.022842666667,0.022841277682,-0.000001388984,0.000001388984
429,0,,31.8651500000,31.8721053692,0.0069553692,0.0069553692,,0.022850500000,0.022848938713,-0.000001561287,0.000001561287
430,0,,31.8701666667,31.8773173172,0.0071506505,0.0071506505,,0.022858333333,0.022856601289,-0.000001732045,0.000001732045
431,0,,31.8751833333,31.8824325017,0.0072491684,0.0072491684,,0.022866166667,0.022864265785,-0.000001900882,0.000001900882
432,0,,31.8802000000,31.8874560351,0.0072560351,0.0072560351,,0.022874000000,0.022871932578,-0.000002067422,0.000002067422
433,0,,31.8852166667,31.8923930292,0.0071763625,0.0071763625,,0.022881833333,0.022879602043,-0.000002231291,0.000002231291
434,0,,31.8902333333,31.8972485962,0.0070152628,0.0070152628,,0.022889666667,0.022887274555,-0.000002392112,0.000002392112
435,0,,31.8952500000,31.9020278480,0.0067778480,0.0067778480,,0.022897500000,0.022894950490,-0.000002549510,0.000002549510
436,0,,31.9002666667,31.9067358969,0.0064692302,0.0064692302,,0.022905333333,0.022902630224,-0.000002703110,0.000002703110
437,0,,31.9052833333,31.9113778547,0.0060945213,0.0060945213,,0.022913166667,0.022910314131,-0.000002852535,0.000002852535
438,0,,31.9103000000,31.9159588336,0.0056588336,0.0056588336,,0.022921000000,0.022918002589,-0.000002997411,0.000002997411
439,0,,31.9153166667,31.9204839456,0.0051672789,0.0051672789,,0.022928833333,0.022925695972,-0.000003137362,0.000003137362
440,0,,31.9203333333,31.9249583027,0.0046249694,0.0046249694,,0.022936666667,0.022933394655,-0.000003272012,0.000003272012
441,0,,31.9253500000,31.9293870171,0.0040370171,0.0040370171,,0.022944500000,0.022941099015,-0.000003400985,0.000003400985
442,0,,31.9303666667,31.9337752007,0.0034085341,0.0034085341,,0.022952333333,0.022948809427,-0.000003523907,0.000003523907
443,0,,31.9353833333,31.9381279657,0.0027446324,0.0027446324,,0.022960166667,0.022956526266,-0.000003640401,0.000003640401
444,0,,31.9404000000,31.9424504241,0.0020504241,0.0020504241,,0.022968000000,0.022964249908,-0.000003750092,0.000003750092
445,0,,31.9454166667,31.9467476879,0.0013310212,0.0013310212,,0.022975833333,0.022971980728,-0.000003852605,0.000003852605
446,0,,31.9504333333,31.9510248692,0.0005915358,0.0005915358,,0.022983666667,0.022979719103,-0.000003947563,0.000003947563
447,0,,31.9554500000,31.9552870800,-0.0001629200,0.0001629200,,0.022991500000,0.022987465408,-0.000004034592,0.000004034592
448,0,,31.9604666667,31.9595394324,-0.0009272343,0.0009272343,,0.022999333333,0.022995220017,-0.000004113316,0.000004113316
449,0,,31.9654833333,31.9637870385,-0.0016962949,0.0016962949,,0.023007166667,0.023002983308,-0.000004183359,0.000004183359
450,0,,31.9705000000,31.9680350102,-0.0024649898,0.0024649898,,0.023015000000,0.023010755654,-0.000004244346,0.000004244346
451,0,,31.9755166667,31.9722884597,-0.0032282069,0.0032282069,,0.023022833333,0.023018537433,-0.000004295900,0.000004295900
452,0,,31.9805333333,31.9765524991,-0.0039808343,0.0039808343,,0.023030666667,0.023026329019,-0.000004337648,0.000004337648
453,0,,31.9855500000,31.9808322403,-0.0047177597,0.0047177597,,0.023038500000,0.023034130788,-0.000004369212,0.000004369212
454,0,,31.9905666667,31.9851327954,-0.0054338713,0.0054338713,,0.023046333333,0.023041943116,-0.000004390218,0.000004390218
455,0,,31.9955833333,31.9894592764,-0.0061240569,0.0061240569,,0.023054166667,0.023049766377,-0.000004400289,0.000004400289
456,0,,32.0006000000,31.9938167955,-0.0067832045,0.0067832045,,0.023062000000,0.023057600949,-0.000004399051,0.000004399051
457,0,,32.0056166667,31.9982104647,-0.0074062020,0.0074062020,,0.023069833333,0.023065447205,-0.000004386128,0.000004386128
458,0,,32.0106333333,32.0026453960,-0.0079879373,0.0079879373,,0.023077666667,0.023073305522,-0.000004361144,0.000004361144
459,0,,32.0156500000,32.0071267015,-0.0085232985,0.0085232985,,0.023085500000,0.023081176276,-0.000004323724,0.000004323724
460,0,,32.0206666667,32.0116594932,-0.0090071734,0.0090071734,,0.023093333333,0.023089059842,-0.000004273492,0.000004273492
461,0,,32.0256833333,32.0162488833,-0.0094344501,0.0094344501,,0.023101166667,0.023096956594,-0.000004210072,0.000004210072
462,0,,32.0307000000,32.0208999836,-0.0098000164,0.0098000164,,0.023109000000,0.023104866910,-0.000004133090,0.000004133090
463,0,,32.0357166667,32.0256179064,-0.0100987603,0.0100987603,,0.023116833333,0.023112791165,-0.000004042168,0.000004042168
464,0,,32.0407333333,32.0304077636,-0.0103255698,0.0103255698,,0.023124666667,0.023120729733,-0.000003936933,0.000003936933
465,0,,32.0457500000,32.0352746673,-0.0104753327,0.0104753327,,0.023132500000,0.023128682992,-0.000003817008,0.000003817008
466,0,,32.0507666667,32.0402237296,-0.0105429371,0.0105429371,,0.023140333333,0.023136651315,-0.000003682018,0.000003682018
467,0,,32.0557833333,32.0452600625,-0.0105232709,0.0105232709,,0.023148166667,0.023144635079,-0.000003531588,0.000003531588
468,0,,32.0608000000,32.0503887780,-0.0104112220,0.0104112220,,0.023156000000,0.023152634660,-0.000003365340,0.000003365340
469,0,,32.0658166667,32.0556149883,-0.0102016784,0.0102016784,,0.023163833333,0.023160650432,-0.000003182901,0.000003182901
470,0,,32.0708333333,32.0609438053,-0.0098895280,0.0098895280,,0.023171666667,0.023168682772,-0.000002983895,0.000002983895
471,0,,32.0758500000,32.0663803412,-0.0094696588,0.0094696588,,0.023179500000,0.023176732055,-0.000002767945,0.000002767945
472,0,,32.0808666667,32.0719297079,-0.0089369587,0.0089369587,,0.023187333333,0.023184798656,-0.000002534678,0.000002534678
473,0,,32.0858833333,32.0775970176,-0.0082863157,0.0082863157,,0.023195166667,0.023192882951,-0.000002283715,0.000002283715
474,0,,32.0909000000,32.0833873823,-0.0075126177,0.0075126177,,0.023203000000,0.023200985316,-0.000002014684,0.000002014684
475,0,,32.0959166667,32.0893059140,-0.0066107527,0.0066107527,,0.023210833333,0.023209106126,-0.000001727207,0.000001727207
476,0,,32.1009333333,32.0953577248,-0.0055756085,0.0055756085,,0.023218666667,0.023217245757,-0.000001420909,0.000001420909
477,0,,32.1059500000,32.1015479267,-0.0044020733,0.0044020733,,0.023226500000,0.023225404585,-0.000001095415,0.000001095415
478,0,,32.1109666667,32.1078816319,-0.0030850348,0.0030850348,,0.023234333333,0.023233582984,-0.000000750349,0.000000750349
479,0,,32.1159833333,32.1143639523,-0.0016193810,0.0016193810,,0.023242166667,0.023241781330,-0.000000385336,0.000000385336
480,1,32.121000,32.1210000000,32.1210000000,0.0000000000,0.0000000000,0.02325000,0.023250000000,0.023250000000,0.000000000000,0.000000000000
481,0,,32.1311500000,32.1278492559,-0.0033007441,0.0033007441,,0.023258666667,0.023258244804,-0.000000421863,0.000000421863
482,0,,32.1413000000,32.1349625463,-0.0063374537,0.0063374537,,0.023267333333,0.023266520724,-0.000000812610,0.000000812610
483,0,,32.1514500000,32.1423320018,-0.0091179982,0.0091179982,,0.023276000000,0.023274826889,-0.000001173111,0.000001173111
484,0,,32.1616000000,32.1499497527,-0.0116502473,0.0116502473,,0.023284666667,0.023283162431,-0.000001504236,0.000001504236
485,0,,32.1717500000,32.1578079295,-0.0139420705,0.0139420705,,0.023293333333,0.023291526479,-0.000001806854,0.000001806854
486,0,,32.1819000000,32.1658986626,-0.0160013374,0.0160013374,,0.023302000000,0.023299918164,-0.000002081836,0.000002081836
487,0,,32.1920500000,32.1742140825,-0.0178359175,0.0178359175,,0.023310666667,0.023308336616,-0.000002330051,0.000002330051
488,0,,32.2022000000,32.1827463195,-0.0194536805,0.0194536805,,0.023319333333,0.023316780965,-0.000002552368,0.000002552368
489,0,,32.2123500000,32.1914875042,-0.0208624958,0.0208624958,,0.023328000000,0.023325250341,-0.000002749659,0.000002749659
490,0,,32.2225000000,32.2004297669,-0.0220702331,0.0220702331,,0.023336666667,0.023333743875,-0.000002922791,0.000002922791
491,0,,32.2326500000,32.2095652381,-0.0230847619,0.0230847619,,0.023345333333,0.023342260697,-0.000003072636,0.000003072636
492,0,,32.2428000000,32.2188860482,-0.0239139518,0.0239139518,,0.023354000000,0.023350799937,-0.000003200063,0.000003200063
493,0,,32.2529500000,32.2283843277,-0.0245656723,0.0245656723,,0.023362666667,0.023359360726,-0.000003305941,0.000003305941
494,0,,32.2631000000,32.2380522069,-0.0250477931,0.0250477931,,0.023371333333,0.023367942193,-0.000003391141,0.000003391141
495,0,,32.2732500000,32.2478818164,-0.0253681836,0.0253681836,,0.023380000000,0.023376543469,-0.000003456531,0.000003456531
496,0,,32.2834000000,32.2578652865,-0.0255347135,0.0255347135,,0.023388666667,0.023385163684,-0.000003502983,0.000003502983
497,0,,32.2935500000,32.2679947477,-0.0255552523,0.0255552523,,0.023397333333,0.023393801968,-0.000003531365,0.000003531365
498,0,,32.3037000000,32.2782623304,-0.0254376696,0.0254376696,,0.023406000000,0.023402457452,-0.000003542548,0.000003542548
499,0,,32.3138500000,32.2886601651,-0.0251898349,0.0251898349,,0.023414666667,0.023411129266,-0.000003537401,0.000003537401
500,0,,32.3240000000,32.2991803822,-0.0248196178,0.0248196178,,0.023423333333,0.023419816540,-0.000003516793,0.000003516793
501,0,,32.3341500000,32.3098151121,-0.0243348879,0.0243348879,,0.023432000000,0.023428518404,-0.000003481596,0.000003481596
502,0,,32.3443000000,32.3205564852,-0.0237435148,0.0237435148,,0.023440666667,0.023437233989,-0.000003432677,0.000003432677
503,0,,32.3544500000,32.3313966321,-0.0230533679,0.0230533679,,0.023449333333,0.023445962425,-0.000003370908,0.000003370908
504,0,,32.3646000000,32.3423276830,-0.0222723170,0.0222723170,,0.023458000000,0.023454702842,-0.000003297158,0.000003297158
505,0,,32.3747500000,32.3533417685,-0.0214082315,0.0214082315,,0.023466666667,0.023463454370,-0.000003212296,0.000003212296
506,0,,32.3849000000,32.3644310190,-0.0204689810,0.0204689810,,0.023475333333,0.023472216140,-0.000003117193,0.000003117193
507,0,,32.3950500000,32.3755875650,-0.0194624350,0.0194624350,,0.023484000000,0.023480987282,-0.000003012718,0.000003012718
508,0,,32.4052000000,32.3868035367,-0.0183964633,0.0183964633,,0.023492666667,0.023489766925,-0.000002899741,0.000002899741
509,0,,32.4153500000,32.3980710648,-0.0172789352,0.0172789352,,0.023501333333,0.023498554201,-0.000002779132,0.000002779132
510,0,,32.4255000000,32.4093822796,-0.0161177204,0.0161177204,,0.023510000000,0.023507348240,-0.000002651760,0.000002651760
511,0,,32.4356500000,32.4207293115,-0.0149206885,0.0149206885,,0.023518666667,0.023516148171,-0.000002518496,0.000002518496
512,0,,32.4458000000,32.4321042911,-0.0136957089,0.0136957089,,0.023527333333,0.023524953125,-0.000002380208,0.000002380208
513,0,,32.4559500000,32.4434993486,-0.0124506514,0.0124506514,,0.023536000000,0.023533762233,-0.000002237767,0.000002237767
514,0,,32.4661000000,32.4549066146,-0.0111933854,0.0111933854,,0.023544666667,0.023542574624,-0.000002092042,0.000002092042
515,0,,32.4762500000,32.4663182195,-0.0099317805,0.0099317805,,0.023553333333,0.023551389429,-0.000001943904,0.000001943904
516,0,,32.4864000000,32.4777262938,-0.0086737062,0.0086737062,,0.023562000000,0.023560205778,-0.000001794222,0.000001794222
517,0,,32.4965500000,32.4891229678,-0.0074270322,0.0074270322,,0.023570666667,0.023569022801,-0.000001643865,0.000001643865
518,0,,32.5067000000,32.5005003719,-0.0061996281,0.0061996281,,0.023579333333,0.023577839629,-0.000001493704,0.000001493704
519,0,,32.5168500000,32.5118506367,-0.0049993633,0.0049993633,,0.023588000000,0.023586655392,-0.000001344608,0.000001344608
520,0,,32.5270000000,32.5231658926,-0.0038341074,0.0038341074,,0.023596666667,0.023595469219,-0.000001197447,0.000001197447
521,0,,32.5371500000,32.5344382700,-0.0027117300,0.0027117300,,0.023605333333,0.023604280242,-0.000001053091,0.000001053091
522,0,,32.5473000000,32.5456598993,-0.0016401007,0.0016401007,,0.023614000000,0.023613087590,-0.000000912410,0.000000912410
523,0,,32.5574500000,32.5568229109,-0.0006270891,0.0006270891,,0.023622666667,0.023621890395,-0.000000776272,0.000000776272
524,0,,32.5676000000,32.5679194353,0.0003194353,0.0003194353,,0.023631333333,0.023630687785,-0.000000645549,0.000000645549
525,0,,32.5777500000,32.5789416030,0.0011916030,0.0011916030,,0.023640000000,0.023639478891,-0.000000521109,0.000000521109
526,0,,32.5879000000,32.5898815443,0.0019815443,0.0019815443,,0.023648666667,0.023648262844,-0.000000403823,0.000000403823
527,0,,32.5980500000,32.6007313897,0.0026813897,0.0026813897,,0.023657333333,0.023657038773,-0.000000294560,0.000000294560
528,0,,32.6082000000,32.6114832697,0.0032832697,0.0032832697,,0.023666000000,0.023665805810,-0.000000194190,0.000000194190
529,0,,32.6183500000,32.6221293146,0.0037793146,0.0037793146,,0.023674666667,0.023674563083,-0.000000103583,0.000000103583
530,0,,32.6285000000,32.6326616549,0.0041616549,0.0041616549,,0.023683333333,0.023683309724,-0.000000023609,0.000000023609
531,0,,32.6386500000,32.6430724210,0.0044224210,0.0044224210,,0.023692000000,0.023692044863,0.000000044863,0.000000044863
532,0,,32.6488000000,32.6533537434,0.0045537434,0.0045537434,,0.023700666667,0.023700767630,0.000000100963,0.000000100963
533,0,,32.6589500000,32.6634977525,0.0045477525,0.0045477525,,0.023709333333,0.023709477155,0.000000143822,0.000000143822
534,0,,32.6691000000,32.6734965787,0.0043965787,0.0043965787,,0.023718000000,0.023718172568,0.000000172568,0.000000172568
535,0,,32.6792500000,32.6833423525,0.0040923525,0.0040923525,,0.023726666667,0.023726853001,0.000000186334,0.000000186334
536,0,,32.6894000000,32.6930272043,0.0036272043,0.0036272043,,0.023735333333,0.023735517582,0.000000184248,0.000000184248
537,0,,32.6995500000,32.7025432645,0.0029932645,0.0029932645,,0.023744000000,0.023744165442,0.000000165442,0.000000165442
538,0,,32.7097000000,32.7118826635,0.0021826635,0.0021826635,,0.023752666667,0.023752795711,0.000000129045,0.000000129045
539,0,,32.7198500000,32.7210375319,0.0011875319,0.0011875319,,0.023761333333,0.023761407521,0.000000074187,0.000000074187
540,1,32.730000,32.7300000000,32.7300000000,0.0000000000,0.0000000000,0.02377000,0.023770000000,0.023770000000,0.000000000000,0.000000000000
541,0,,32.7378666667,32.7388076867,0.0009410200,0.0009410200,,0.023778500000,0.023778601959,0.000000101959,0.000000101959
542,0,,32.7457333333,32.7475061243,0.0017727910,0.0017727910,,0.023787000000,0.023787241375,0.000000241375,0.000000241375
543,0,,32.7536000000,32.7560993139,0.0024993139,0.0024993139,,0.023795500000,0.023795916133,0.000000416133,0.000000416133
544,0,,32.7614666667,32.7645912562,0.0031245895,0.0031245895,,0.023804000000,0.023804624117,0.000000624117,0.000000624117
545,0,,32.7693333333,32.7729859520,0.0036526187,0.0036526187,,0.023812500000,0.023813363210,0.000000863210,0.000000863210
546,0,,32.7772000000,32.7812874024,0.0040874024,0.0040874024,,0.023821000000,0.023822131295,0.000001131295,0.000001131295
547,0,,32.7850666667,32.7894996080,0.0044329414,0.0044329414,,0.023829500000,0.023830926258,0.000001426258,0.000001426258
548,0,,32.7929333333,32.7976265699,0.0046932366,0.0046932366,,0.023838000000,0.023839745980,0.000001745980,0.000001745980
549,0,,32.8008000000,32.8056722888,0.0048722888,0.0048722888,,0.023846500000,0.023848588347,0.000002088347,0.000002088347
550,0,,32.8086666667,32.8136407656,0.0049740989,0.0049740989,,0.023855000000,0.023857451242,0.000002451242,0.000002451242
551,0,,32.8165333333,32.8215360012,0.0050026678,0.0050026678,,0.023863500000,0.023866332548,0.000002832548,0.000002832548
552,0,,32.8244000000,32.8293619964,0.0049619964,0.0049619964,,0.023872000000,0.023875230150,0.000003230150,0.000003230150
553,0,,32.8322666667,32.8371227521,0.0048560854,0.0048560854,,0.023880500000,0.023884141931,0.000003641931,0.000003641931
554,0,,32.8401333333,32.8448222692,0.0046889358,0.0046889358,,0.023889000000,0.023893065775,0.000004065775,0.000004065775
555,0,,32.8480000000,32.8524645485,0.0044645485,0.0044645485,,0.023897500000,0.023901999566,0.000004499566,0.000004499566
556,0,,32.8558666667,32.8600535908,0.0041869242,0.0041869242,,0.023906000000,0.023910941187,0.000004941187,0.000004941187
557,0,,32.8637333333,32.8675933972,0.0038600638,0.0038600638,,0.023914500000,0.023919888522,0.000005388522,0.000005388522
558,0,,32.8716000000,32.8750879683,0.0034879683,0.0034879683,,0.023923000000,0.023928839455,0.000005839455,0.000005839455
559,0,,32.8794666667,32.8825413051,0.0030746385,0.0030746385,,0.023931500000,0.023937791870,0.000006291870,0.000006291870
560,0,,32.8873333333,32.8899574085,0.0026240751,0.0026240751,,0.023940000000,0.023946743650,0.000006743650,0.000006743650
561,0,,32.8952000000,32.8973402792,0.0021402792,0.0021402792,,0.023948500000,0.023955692680,0.000007192680,0.000007192680
562,0,,32.9030666667,32.9046939182,0.0016272515,0.0016272515,,0.023957000000,0.023964636842,0.000007636842,0.000007636842
563,0,,32.9109333333,32.9120223263,0.0010889930,0.0010889930,,0.023965500000,0.023973574021,0.000008074021,0.000008074021
564,0,,32.9188000000,32.9193295044,0.0005295044,0.0005295044,,0.023974000000,0.023982502101,0.000008502101,0.000008502101
565,0,,32.9266666667,32.9266194534,-0.0000472133,0.0000472133,,0.023982500000,0.023991418964,0.000008918964,0.000008918964
566,0,,32.9345333333,32.9338961740,-0.0006371593,0.0006371593,,0.023991000000,0.024000322496,0.000009322496,0.000009322496
567,0,,32.9424000000,32.9411636673,-0.0012363327,0.0012363327,,0.023999500000,0.024009210579,0.000009710579,0.000009710579
568,0,,32.9502666667,32.9484259339,-0.0018407328,0.0018407328,,0.024008000000,0.024018081098,0.000010081098,0.000010081098
569,0,,32.9581333333,32.9556869749,-0.0024463585,0.0024463585,,0.024016500000,0.024026931936,0.000010431936,0.000010431936
570,0,,32.9660000000,32.9629507910,-0.0030492090,0.0030492090,,0.024025000000,0.024035760977,0.000010760977,0.000010760977
571,0,,32.9738666667,32.9702213831,-0.0036452836,0.0036452836,,0.024033500000,0.024044566105,0.000011066105,0.000011066105
572,0,,32.9817333333,32.9775027521,-0.0042305812,0.0042305812,,0.024042000000,0.024053345203,0.000011345203,0.000011345203
573,0,,32.9896000000,32.9847988989,-0.0048011011,0.0048011011,,0.024050500000,0.024062096156,0.000011596156,0.000011596156
574,0,,32.9974666667,32.9921138243,-0.0053528424,0.0053528424,,0.024059000000,0.024070816846,0.000011816846,0.000011816846
575,0,,33.0053333333,32.9994515291,-0.0058818042,0.0058818042,,0.024067500000,0.024079505159,0.000012005159,0.000012005159
576,0,,33.0132000000,33.0068160143,-0.0063839857,0.0063839857,,0.024076000000,0.024088158976,0.000012158976,0.000012158976
577,0,,33.0210666667,33.0142112806,-0.0068553860,0.0068553860,,0.024084500000,0.024096776183,0.000012276183,0.000012276183
578,0,,33.0289333333,33.0216413290,-0.0072920043,0.0072920043,,0.024093000000,0.024105354663,0.000012354663,0.000012354663
579,0,,33.0368000000,33.0291101604,-0.0076898396,0.0076898396,,0.024101500000,0.024113892299,0.000012392299,0.000012392299
580,0,,33.0446666667,33.0366217755,-0.0080448912,0.0080448912,,0.024110000000,0.024122386977,0.000012386977,0.000012386977
581,0,,33.0525333333,33.0441801753,-0.0083531581,0.0083531581,,0.024118500000,0.024130836578,0.000012336578,0.000012336578
582,0,,33.0604000000,33.0517893605,-0.0086106395,0.0086106395,,0.024127000000,0.024139238987,0.000012238987,0.000012238987
583,0,,33.0682666667,33.0594533322,-0.0088133345,0.0088133345,,0.024135500000,0.024147592088,0.000012092088,0.000012092088
584,0,,33.0761333333,33.0671760910,-0.0089572423,0.0089572423,,0.024144000000,0.024155893765,0.000011893765,0.000011893765
585,0,,33.0840000000,33.0749616380,-0.0090383620,0.0090383620,,0.024152500000,0.024164141901,0.000011641901,0.000011641901
586,0,,33.0918666667,33.0828139739,-0.0090526927,0.0090526927,,0.024161000000,0.024172334379,0.000011334379,0.000011334379
587,0,,33.0997333333,33.0907370997,-0.0089962337,0.0089962337,,0.024169500000,0.024180469085,0.000010969085,0.000010969085
588,0,,33.1076000000,33.0987350161,-0.0088649839,0.0088649839,,0.024178000000,0.024188543901,0.000010543901,0.000010543901
589,0,,33.1154666667,33.1068117240,-0.0086549426,0.0086549426,,0.024186500000,0.024196556712,0.000010056712,0.000010056712
590,0,,33.1233333333,33.1149712244,-0.0083621089,0.0083621089,,0.024195000000,0.024204505400,0.000009505400,0.000009505400
591,0,,33.1312000000,33.1232175180,-0.0079824820,0.0079824820,,0.024203500000,0.024212387850,0.000008887850,0.000008887850
592,0,,33.1390666667,33.1315546058,-0.0075120609,0.0075120609,,0.024212000000,0.024220201946,0.000008201946,0.000008201946
593,0,,33.1469333333,33.1399864885,-0.0069468448,0.0069468448,,0.024220500000,0.024227945571,0.000007445571,0.000007445571
594,0,,33.1548000000,33.1485171671,-0.0062828329,0.0062828329,,0.024229000000,0.024235616609,0.000006616609,0.000006616609
595,0,,33.1626666667,33.1571506425,-0.0055160242,0.0055160242,,0.024237500000,0.024243212943,0.000005712943,0.000005712943
596,0,,33.1705333333,33.1658909154,-0.0046424180,0.0046424180,,0.024246000000,0.024250732459,0.000004732459,0.000004732459
597,0,,33.1784000000,33.1747419867,-0.0036580133,0.0036580133,,0.024254500000,0.024258173038,0.000003673038,0.000003673038
598,0,,33.1862666667,33.1837078573,-0.0025588093,0.0025588093,,0.024263000000,0.024265532566,0.000002532566,0.000002532566
599,0,,33.1941333333,33.1927925282,-0.0013408052,0.0013408052,,0.024271500000,0.024272808925,0.000001308925,0.000001308925
600,1,33.202000,33.2020000000,33.2020000000,0.0000000000,0.0000000000,0.02428000,0.024280000000,0.024280000000,0.000000000000,0.000000000000
601,0,,33.2132833333,33.2113867110,-0.0018966223,0.0018966223,,0.024286166667,0.024287110115,0.000000943448,0.000000943448
602,0,,33.2245666667,33.2210008081,-0.0035658586,0.0035658586,,0.024292333333,0.024294146447,0.000001813113,0.000001813113
603,0,,33.2358500000,33.2308338554,-0.0050161446,0.0050161446,,0.024298500000,0.024301111157,0.000002611157,0.000002611157
604,0,,33.2471333333,33.2408774171,-0.0062559162,0.0062559162,,0.024304666667,0.024308006409,0.000003339743,0.000003339743
605,0,,33.2584166667,33.2511230572,-0.0072936095,0.0072936095,,0.024310833333,0.024314834365,0.000004001031,0.000004001031
606,0,,33.2697000000,33.2615623399,-0.0081376601,0.0081376601,,0.024317000000,0.024321597185,0.000004597185,0.000004597185
607,0,,33.2809833333,33.2721868292,-0.0087965041,0.0087965041,,0.024323166667,0.024328297034,0.000005130367,0.000005130367
608,0,,33.2922666667,33.2829880894,-0.0092785773,0.0092785773,,0.024329333333,0.024334936072,0.000005602738,0.000005602738
609,0,,33.3035500000,33.2939576844,-0.0095923156,0.0095923156,,0.024335500000,0.024341516462,0.000006016462,0.000006016462
610,0,,33.3148333333,33.3050871784,-0.0097461549,0.0097461549,,0.024341666667,0.024348040366,0.000006373700,0.000006373700
611,0,,33.3261166667,33.3163681356,-0.0097485311,0.0097485311,,0.024347833333,0.024354509947,0.000006676614,0.000006676614
612,0,,33.3374000000,33.3277921200,-0.0096078800,0.0096078800,,0.024354000000,0.024360927366,0.000006927366,0.000006927366
613,0,,33.3486833333,33.3393506957,-0.0093326376,0.0093326376,,0.024360166667,0.024367294786,0.000007128119,0.000007128119
614,0,,33.3599666667,33.3510354269,-0.0089312397,0.0089312397,,0.024366333333,0.024373614368,0.000007281035,0.000007281035
615,0,,33.3712500000,33.3628378777,-0.0084121223,0.0084121223,,0.024372500000,0.024379888276,0.000007388276,0.000007388276
616,0,,33.3825333333,33.3747496122,-0.0077837212,0.0077837212,,0.024378666667,0.024386118670,0.000007452004,0.000007452004
617,0,,33.3938166667,33.3867621944,-0.0070544723,0.0070544723,,0.024384833333,0.024392307714,0.000007474381,0.000007474381
618,0,,33.4051000000,33.3988671886,-0.0062328114,0.0062328114,,0.024391000000,0.024398457570,0.000007457570,0.000007457570
619,0,,33.4163833333,33.4110561587,-0.0053271746,0.0053271746,,0.024397166667,0.024404570399,0.000007403732,0.000007403732
620,0,,33.4276666667,33.4233206691,-0.0043459976,0.0043459976,,0.024403333333,0.024410648364,0.000007315031,0.000007315031
621,0,,33.4389500000,33.4356522836,-0.0032977164,0.0032977164,,0.024409500000,0.024416693627,0.000007193627,0.000007193627
622,0,,33.4502333333,33.4480425665,-0.0021907668,0.0021907668,,0.024415666667,0.024422708350,0.000007041683,0.000007041683
623,0,,33.4615166667,33.4604830819,-0.0010335847,0.0010335847,,0.024421833333,0.024428694695,0.000006861362,0.000006861362
624,0,,33.4728000000,33.4729653939,0.0001653939,0.0001653939,,0.024428000000,0.024434654825,0.000006654825,0.000006654825
625,0,,33.4840833333,33.4854810666,0.0013977332,0.0013977332,,0.024434166667,0.024440590902,0.000006424235,0.000006424235
626,0,,33.4953666667,33.4980216640,0.0026549974,0.0026549974,,0.024440333333,0.024446505087,0.000006171754,0.000006171754
627,0,,33.5066500000,33.5105787504,0.0039287504,0.0039287504,,0.024446500000,0.024452399543,0.000005899543,0.000005899543
628,0,,33.5179333333,33.5231438898,0.0052105565,0.0052105565,,0.024452666667,0.024458276433,0.000005609766,0.000005609766
629,0,,33.5292166667,33.5357086464,0.0064919797,0.0064919797,,0.024458833333,0.024464137917,0.000005304584,0.000005304584
630,0,,33.5405000000,33.5482645842,0.0077645842,0.0077645842,,0.024465000000,0.024469986160,0.000004986160,0.000004986160
631,0,,33.5517833333,33.5608032674,0.0090199341,0.0090199341,,0.024471166667,0.024475823322,0.000004656655,0.000004656655
632,0,,33.5630666667,33.5733162601,0.0102495934,0.0102495934,,0.024477333333,0.024481651565,0.000004318232,0.000004318232
633,0,,33.5743500000,33.5857951263,0.0114451263,0.0114451263,,0.024483500000,0.024487473053,0.000003973053,0.000003973053
634,0,,33.5856333333,33.5982314303,0.0125980970,0.0125980970,,0.024489666667,0.024493289947,0.000003623280,0.000003623280
635,0,,33.5969166667,33.6106167361,0.0137000694,0.0137000694,,0.024495833333,0.024499104409,0.000003271075,0.000003271075
636,0,,33.6082000000,33.6229426078,0.0147426078,0.0147426078,,0.024502000000,0.024504918601,0.000002918601,0.000002918601
637,0,,33.6194833333,33.6352006096,0.0157172762,0.0157172762,,0.024508166667,0.024510734687,0.000002568020,0.000002568020
638,0,,33.6307666667,33.6473823055,0.0166156388,0.0166156388,,0.024514333333,0.024516554827,0.000002221493,0.000002221493
639,0,,33.6420500000,33.6594792597,0.0174292597,0.0174292597,,0.024520500000,0.024522381184,0.000001881184,0.000001881184
640,0,,33.6533333333,33.6714830362,0.0181497029,0.0181497029,,0.024526666667,0.024528215920,0.000001549253,0.000001549253
641,0,,33.6646166667,33.6833851993,0.0187685326,0.0187685326,,0.024532833333,0.024534061197,0.000001227864,0.000001227864
642,0,,33.6759000000,33.6951773129,0.0192773129,0.0192773129,,0.024539000000,0.024539919178,0.000000919178,0.000000919178
643,0,,33.6871833333,33.7068509413,0.0196676080,0.0196676080,,0.024545166667,0.024545792025,0.000000625358,0.000000625358
644,0,,33.6984666667,33.7183976485,0.0199309818,0.0199309818,,0.024551333333,0.024551681899,0.000000348566,0.000000348566
645,0,,33.7097500000,33.7298089986,0.0200589986,0.0200589986,,0.024557500000,0.024557590964,0.000000090964,0.000000090964
646,0,,33.7210333333,33.7410765558,0.0200432225,0.0200432225,,0.024563666667,0.024563521380,-0.000000145286,0.000000145286
647,0,,33.7323166667,33.7521918842,0.0198752175,0.0198752175,,0.024569833333,0.024569475311,-0.000000358022,0.000000358022
648,0,,33.7436000000,33.7631465478,0.0195465478,0.0195465478,,0.024576000000,0.024575454918,-0.000000545082,0.000000545082
649,0,,33.7548833333,33.7739321108,0.0190487775,0.0190487775,,0.024582166667,0.024581462364,-0.000000704302,0.000000704302
650,0,,33.7661666667,33.7845401374,0.0183734707,0.0183734707,,0.024588333333,0.024587499811,-0.000000833522,0.000000833522
651,0,,33.7774500000,33.7949621915,0.0175121915,0.0175121915,,0.024594500000,0.024593569421,-0.000000930579,0.000000930579
652,0,,33.7887333333,33.8051898374,0.0164565041,0.0164565041,,0.024600666667,0.024599673356,-0.000000993311,0.000000993311
653,0,,33.8000166667,33.8152146391,0.0151979724,0.0151979724,,0.024606833333,0.024605813778,-0.000001019555,0.000001019555
654,0,,33.8113000000,33.8250281608,0.0137281608,0.0137281608,,0.024613000000,0.024611992850,-0.000001007150,0.000001007150
655,0,,33.8225833333,33.8346219665,0.0120386331,0.0120386331,,0.024619166667,0.024618212733,-0.000000953934,0.000000953934
656,0,,33.8338666667,33.8439876204,0.0101209537,0.0101209537,,0.024625333333,0.024624475590,-0.000000857743,0.000000857743
657,0,,33.8451500000,33.8531166866,0.0079666866,0.0079666866,,0.024631500000,0.024630783583,-0.000000716417,0.000000716417
658,0,,33.8564333333,33.8620007292,0.0055673958,0.0055673958,,0.024637666667,0.024637138874,-0.000000527792,0.000000527792
659,0,,33.8677166667,33.8706313123,0.0029146456,0.0029146456,,0.024643833333,0.024643543626,-0.000000289707,0.000000289707
660,1,33.879000,33.8790000000,33.8790000000,0.0000000000,0.0000000000,0.02465000,0.024650000000,0.024650000000,0.000000000000,0.000000000000
661,0,,33.8854833333,33.8871599495,0.0016766161,0.0016766161,,0.024656833333,0.024656488053,-0.000000345280,0.000000345280
662,0,,33.8919666667,33.8951730458,0.0032063791,0.0032063791,,0.024663666667,0.024662986448,-0.000000680218,0.000000680218
663,0,,33.8984500000,33.9030439451,0.0045939451,0.0045939451,,0.024670500000,0.024669495255,-0.000001004745,0.000001004745
664,0,,33.9049333333,33.9107773035,0.0058439702,0.0058439702,,0.024677333333,0.024676014545,-0.000001318788,0.000001318788
665,0,,33.9114166667,33.9183777772,0.0069611105,0.0069611105,,0.024684166667,0.024682544388,-0.000001622279,0.000001622279
666,0,,33.9179000000,33.9258500223,0.0079500223,0.0079500223,,0.024691000000,0.024689084854,-0.000001915146,0.000001915146
667,0,,33.9243833333,33.9331986950,0.0088153616,0.0088153616,,0.024697833333,0.024695636015,-0.000002197319,0.000002197319
668,0,,33.9308666667,33.9404284513,0.0095617847,0.0095617847,,0.024704666667,0.024702197940,-0.000002468727,0.000002468727
669,0,,33.9373500000,33.9475439475,0.0101939475,0.0101939475,,0.024711500000,0.024708770700,-0.000002729300,0.000002729300
670,0,,33.9438333333,33.9545498397,0.0107165063,0.0107165063,,0.024718333333,0.024715354365,-0.000002978968,0.000002978968
671,0,,33.9503166667,33.9614507839,0.0111341173,0.0111341173,,0.024725166667,0.024721949007,-0.000003217660,0.000003217660
672,0,,33.9568000000,33.9682514364,0.0114514364,0.0114514364,,0.024732000000,0.024728554695,-0.000003445305,0.000003445305
673,0,,33.9632833333,33.9749564533,0.0116731200,0.0116731200,,0.024738833333,0.024735171500,-0.000003661833,0.000003661833
674,0,,33.9697666667,33.9815704908,0.0118038241,0.0118038241,,0.024745666667,0.024741799493,-0.000003867174,0.000003867174
675,0,,33.9762500000,33.9880982049,0.0118482049,0.0118482049,,0.024752500000,0.024748438743,-0.000004061257,0.000004061257
676,0,,33.9827333333,33.9945442518,0.0118109184,0.0118109184,,0.024759333333,0.024755089322,-0.000004244011,0.000004244011
677,0,,33.9892166667,34.0009132876,0.0116966210,0.0116966210,,0.024766166667,0.024761751301,-0.000004415366,0.000004415366
678,0,,33.9957000000,34.0072099686,0.0115099686,0.0115099686,,0.024773000000,0.024768424748,-0.000004575252,0.000004575252
679,0,,34.0021833333,34.0134389508,0.0112556174,0.0112556174,,0.024779833333,0.024775109735,-0.000004723598,0.000004723598
680,0,,34.0086666667,34.0196048903,0.0109382236,0.0109382236,,0.024786666667,0.024781806333,-0.000004860333,0.000004860333
681,0,,34.0151500000,34.0257124433,0.0105624433,0.0105624433,,0.024793500000,0.024788514612,-0.000004985388,0.000004985388
682,0,,34.0216333333,34.0317662660,0.0101329327,0.0101329327,,0.024800333333,0.024795234642,-0.000005098691,0.000005098691
683,0,,34.0281166667,34.0377710145,0.0096543479,0.0096543479,,0.024807166667,0.024801966494,-0.000005200172,0.000005200172
684,0,,34.0346000000,34.0437313450,0.0091313450,0.0091313450,,0.024814000000,0.024808710239,-0.000005289761,0.000005289761
685,0,,34.0410833333,34.0496519134,0.0085685801,0.0085685801,,0.024820833333,0.024815465946,-0.000005367387,0.000005367387
686,0,,34.0475666667,34.0555373761,0.0079707095,0.0079707095,,0.024827666667,0.024822233687,-0.000005432980,0.000005432980
687,0,,34.0540500000,34.0613923892,0.0073423892,0.0073423892,,0.024834500000,0.024829013531,-0.000005486469,0.000005486469
688,0,,34.0605333333,34.0672216087,0.0066882754,0.0066882754,,0.024841333333,0.024835805550,-0.000005527783,0.000005527783
689,0,,34.0670166667,34.0730296909,0.0060130242,0.0060130242,,0.024848166667,0.024842609814,-0.000005556853,0.000005556853
690,0,,34.0735000000,34.0788212918,0.0053212918,0.0053212918,,0.024855000000,0.024849426393,-0.000005573607,0.000005573607
691,0,,34.0799833333,34.0846010676,0.0046177343,0.0046177343,,0.024861833333,0.024856255357,-0.000005577976,0.000005577976
692,0,,34.0864666667,34.0903736745,0.0039070078,0.0039070078,,0.024868666667,0.024863096778,-0.000005569888,0.000005569888
693,0,,34.0929500000,34.0961437685,0.0031937685,0.0031937685,,0.024875500000,0.024869950726,-0.000005549274,0.000005549274
694,0,,34.0994333333,34.1019160059,0.0024826726,0.0024826726,,0.024882333333,0.024876817271,-0.000005516062,0.000005516062
695,0,,34.1059166667,34.1076950428,0.0017783761,0.0017783761,,0.024889166667,0.024883696484,-0.000005470183,0.000005470183
696,0,,34.1124000000,34.1134855353,0.0010855353,0.0010855353,,0.024896000000,0.024890588435,-0.000005411565,0.000005411565
697,0,,34.1188833333,34.1192921395,0.0004088061,0.0004088061,,0.024902833333,0.024897493195,-0.000005340139,0.000005340139
698,0,,34.1253666667,34.1251195116,-0.0002471551,0.0002471551,,0.024909666667,0.024904410834,-0.000005255833,0.000005255833
699,0,,34.1318500000,34.1309723077,-0.0008776923,0.0008776923,,0.024916500000,0.024911341422,-0.000005158578,0.000005158578
700,0,,34.1383333333,34.1368551840,-0.0014781494,0.0014781494,,0.024923333333,0.024918285031,-0.000005048302,0.000005048302
701,0,,34.1448166667,34.1427727966,-0.0020438701,0.0020438701,,0.024930166667,0.024925241731,-0.000004924936,0.000004924936
702,0,,34.1513000000,34.1487298016,-0.0025701984,0.0025701984,,0.024937000000,0.024932211592,-0.000004788408,0.000004788408
703,0,,34.1577833333,34.1547308552,-0.0030524781,0.0030524781,,0.024943833333,0.024939194684,-0.000004638649,0.000004638649
704,0,,34.1642666667,34.1607806136,-0.0034860531,0.0034860531,,0.024950666667,0.024946191078,-0.000004475588,0.000004475588
705,0,,34.1707500000,34.1668837328,-0.0038662672,0.0038662672,,0.024957500000,0.024953200845,-0.000004299155,0.000004299155
706,0,,34.1772333333,34.1730448690,-0.0041884643,0.0041884643,,0.024964333333,0.024960224056,-0.000004109278,0.000004109278
707,0,,34.1837166667,34.1792686784,-0.0044479883,0.0044479883,,0.024971166667,0.024967260780,-0.000003905887,0.000003905887
708,0,,34.1902000000,34.1855598170,-0.0046401830,0.0046401830,,0.024978000000,0.024974311088,-0.000003688912,0.000003688912
709,0,,34.1966833333,34.1919229411,-0.0047603922,0.0047603922,,0.024984833333,0.024981375050,-0.000003458283,0.000003458283
710,0,,34.2031666667,34.1983627068,-0.0048039599,0.0048039599,,0.024991666667,0.024988452738,-0.000003213929,0.000003213929
711,0,,34.2096500000,34.2048837701,-0.0047662299,0.0047662299,,0.024998500000,0.024995544221,-0.000002955779,0.000002955779
712,0,,34.2161333333,34.2114907873,-0.0046425460,0.0046425460,,0.025005333333,0.025002649570,-0.000002683763,0.000002683763
713,0,,34.2226166667,34.2181884145,-0.0044282522,0.0044282522,,0.025012166667,0.025009768856,-0.000002397811,0.000002397811
714,0,,34.2291000000,34.2249813078,-0.0041186922,0.0041186922,,0.025019000000,0.025016902149,-0.000002097851,0.000002097851
715,0,,34.2355833333,34.2318741233,-0.0037092100,0.0037092100,,0.025025833333,0.025024049519,-0.000001783815,0.000001783815
716,0,,34.2420666667,34.2388715173,-0.0031951494,0.0031951494,,0.025032666667,0.025031211037,-0.000001455630,0.000001455630
717,0,,34.2485500000,34.2459781458,-0.0025718542,0.0025718542,,0.025039500000,0.025038386774,-0.000001113226,0.000001113226
718,0,,34.2550333333,34.2531986650,-0.0018346683,0.0018346683,,0.025046333333,0.025045576800,-0.000000756534,0.000000756534
719,0,,34.2615166667,34.2605377310,-0.0009789356,0.0009789356,,0.025053166667,0.025052781185,-0.000000385482,0.000000385482
720,1,34.268000,34.2680000000,34.2680000000,0.0000000000,0.0000000000,0.02506000,0.025060000000,0.025060000000,0.000000000000,0.000000000000
721,0,,34.2769666667,34.2756070278,-0.0013596389,0.0013596389,,0.025067666667,0.025067224023,-0.000000442643,0.000000442643
722,0,,34.2859333333,34.2833733620,-0.0025599713,0.0025599713,,0.025075333333,0.025074444621,-0.000000888712,0.000000888712
723,0,,34.2949000000,34.2912931467,-0.0036068533,0.0036068533,,0.025083000000,0.025081662748,-0.000001337252,0.000001337252
724,0,,34.3038666667,34.2993605257,-0.0045061410,0.0045061410,,0.025090666667,0.025088879355,-0.000001787311,0.000001787311
725,0,,34.3128333333,34.3075696430,-0.0052636903,0.0052636903,,0.025098333333,0.025096095398,-0.000002237935,0.000002237935
726,0,,34.3218000000,34.3159146426,-0.0058853574,0.0058853574,,0.025106000000,0.025103311828,-0.000002688172,0.000002688172
727,0,,34.3307666667,34.3243896685,-0.0063769982,0.0063769982,,0.025113666667,0.025110529600,-0.000003137067,0.000003137067
728,0,,34.3397333333,34.3329888644,-0.0067444689,0.0067444689,,0.025121333333,0.025117749666,-0.000003583667,0.000003583667
729,0,,34.3487000000,34.3417063745,-0.0069936255,0.0069936255,,0.025129000000,0.025124972980,-0.000004027020,0.000004027020
730,0,,34.3576666667,34.3505363426,-0.0071303240,0.0071303240,,0.025136666667,0.025132200495,-0.000004466172,0.000004466172
731,0,,34.3666333333,34.3594729128,-0.0071604206,0.0071604206,,0.025144333333,0.025139433164,-0.000004900169,0.000004900169
732,0,,34.3756000000,34.3685102289,-0.0070897711,0.0070897711,,0.025152000000,0.025146671941,-0.000005328059,0.000005328059
733,0,,34.3845666667,34.3776424348,-0.0069242318,0.0069242318,,0.025159666667,0.025153917779,-0.000005748888,0.000005748888
734,0,,34.3935333333,34.3868636746,-0.0066696587,0.0066696587,,0.025167333333,0.025161171631,-0.000006161703,0.000006161703
735,0,,34.4025000000,34.3961680922,-0.0063319078,0.0063319078,,0.025175000000,0.025168434450,-0.000006565550,0.000006565550
736,0,,34.4114666667,34.4055498316,-0.0059168351,0.0059168351,,0.025182666667,0.025175707190,-0.000006959476,0.000006959476
737,0,,34.4204333333,34.4150030366,-0.0054302967,0.0054302967,,0.025190333333,0.025182990805,-0.000007342529,0.000007342529
738,0,,34.4294000000,34.4245218513,-0.0048781487,0.0048781487,,0.025198000000,0.025190286246,-0.000007713754,0.000007713754
739,0,,34.4383666667,34.4341004195,-0.0042662472,0.0042662472,,0.025205666667,0.025197594468,-0.000008072199,0.000008072199
740,0,,34.4473333333,34.4437328852,-0.0036004481,0.0036004481,,0.025213333333,0.025204916424,-0.000008416910,0.000008416910
741,0,,34.4563000000,34.4534133925,-0.0028866075,0.0028866075,,0.025221000000,0.025212253067,-0.000008746933,0.000008746933
742,0,,34.4652666667,34.4631360851,-0.0021305816,0.0021305816,,0.025228666667,0.025219605350,-0.000009061317,0.000009061317
743,0,,34.4742333333,34.4728951071,-0.0013382262,0.0013382262,,0.025236333333,0.025226974227,-0.000009359107,0.000009359107
744,0,,34.4832000000,34.4826846024,-0.0005153976,0.0005153976,,0.025244000000,0.025234360651,-0.000009639349,0.000009639349
745,0,,34.4921666667,34.4924987150,0.0003320483,0.0003320483,,0.025251666667,0.025241765575,-0.000009901092,0.000009901092
746,0,,34.5011333333,34.5023315888,0.0011982555,0.0011982555,,0.025259333333,0.025249189952,-0.000010143381,0.000010143381
747,0,,34.5101000000,34.5121773678,0.0020773678,0.0020773678,,0.025267000000,0.025256634736,-0.000010365264,0.000010365264
748,0,,34.5190666667,34.5220301958,0.0029635291,0.0029635291,,0.025274666667,0.025264100881,-0.000010565786,0.000010565786
749,0,,34.5280333333,34.5318842169,0.0038508836,0.0038508836,,0.025282333333,0.025271589338,-0.000010743995,0.000010743995
750,0,,34.5370000000,34.5417335750,0.0047335750,0.0047335750,,0.025290000000,0.025279101063,-0.000010898937,0.000010898937
751,0,,34.5459666667,34.5515724140,0.0056057474,0.0056057474,,0.025297666667,0.025286637007,-0.000011029660,0.000011029660
752,0,,34.5549333333,34.5613948780,0.0064615446,0.0064615446,,0.025305333333,0.025294198124,-0.000011135209,0.000011135209
753,0,,34.5639000000,34.5711951108,0.0072951108,0.0072951108,,0.025313000000,0.025301785368,-0.000011214632,0.000011214632
754,0,,34.5728666667,34.5809672563,0.0081005896,0.0081005896,,0.025320666667,0.025309399691,-0.000011266976,0.000011266976
755,0,,34.5818333333,34.5907054586,0.0088721253,0.0088721253,,0.025328333333,0.025317042047,-0.000011291286,0.000011291286
756,0,,34.5908000000,34.6004038616,0.0096038616,0.0096038616,,0.025336000000,0.025324713390,-0.000011286610,0.000011286610
757,0,,34.5997666667,34.6100566092,0.0102899425,0.0102899425,,0.025343666667,0.025332414672,-0.000011251995,0.000011251995
758,0,,34.6087333333,34.6196578454,0.0109245120,0.0109245120,,0.025351333333,0.025340146847,-0.000011186487,0.000011186487
759,0,,34.6177000000,34.6292017141,0.0115017141,0.0115017141,,0.025359000000,0.025347910867,-0.000011089133,0.000011089133
760,0,,34.6266666667,34.6386823592,0.0120156926,0.0120156926,,0.025366666667,0.025355707688,-0.000010958979,0.000010958979
761,0,,34.6356333333,34.6480939248,0.0124605915,0.0124605915,,0.025374333333,0.025363538261,-0.000010795073,0.000010795073
762,0,,34.6446000000,34.6574305548,0.0128305548,0.0128305548,,0.025382000000,0.025371403539,-0.000010596461,0.000010596461
763,0,,34.6535666667,34.6666863930,0.0131197263,0.0131197263,,0.025389666667,0.025379304477,-0.000010362189,0.000010362189
764,0,,34.6625333333,34.6758555835,0.0133222502,0.0133222502,,0.025397333333,0.025387242028,-0.000010091306,0.000010091306
765,0,,34.6715000000,34.6849322703,0.0134322703,0.0134322703,,0.025405000000,0.025395217144,-0.000009782856,0.000009782856
766,0,,34.6804666667,34.6939105971,0.0134439305,0.0134439305,,0.025412666667,0.025403230779,-0.000009435888,0.000009435888
767,0,,34.6894333333,34.7027847081,0.0133513748,0.0133513748,,0.025420333333,0.025411283886,-0.000009049447,0.000009049447
768,0,,34.6984000000,34.7115487471,0.0131487471,0.0131487471,,0.025428000000,0.025419377419,-0.000008622581,0.000008622581
769,0,,34.7073666667,34.7201968582,0.0128301915,0.0128301915,,0.025435666667,0.025427512331,-0.000008154336,0.000008154336
770,0,,34.7163333333,34.7287231851,0.0123898518,0.0123898518,,0.025443333333,0.025435689575,-0.000007643758,0.000007643758
771,0,,34.7253000000,34.7371218720,0.0118218720,0.0118218720,,0.025451000000,0.025443910104,-0.000007089896,0.000007089896
772,0,,34.7342666667,34.7453870627,0.0111203960,0.0111203960,,0.025458666667,0.025452174872,-0.000006491795,0.000006491795
773,0,,34.7432333333,34.7535129012,0.0102795678,0.0102795678,,0.025466333333,0.025460484832,-0.000005848501,0.000005848501
774,0,,34.7522000000,34.7614935314,0.0092935314,0.0092935314,,0.025474000000,0.025468840937,-0.000005159063,0.000005159063
775,0,,34.7611666667,34.7693230972,0.0081564306,0.0081564306,,0.025481666667,0.025477244140,-0.000004422526,0.000004422526
776,0,,34.7701333333,34.7769957428,0.0068624094,0.0068624094,,0.025489333333,0.025485695396,-0.000003637938,0.000003637938
777,0,,34.7791000000,34.7845056118,0.0054056118,0.0054056118,,0.025497000000,0.025494195656,-0.000002804344,0.000002804344
778,0,,34.7880666667,34.7918468484,0.0037801818,0.0037801818,,0.025504666667,0.025502745875,-0.000001920792,0.000001920792
779,0,,34.7970333333,34.7990135965,0.0019802632,0.0019802632,,0.025512333333,0.025511347005,-0.000000986328,0.000000986328
780,1,34.806000,34.8060000000,34.8060000000,0.0000000000,0.0000000000,0.02552000,0.025520000000,0.025520000000,0.000000000000,0.000000000000
781,0,,34.8116000000,34.8128456161,0.0012456161,0.0012456161,,0.025530000000,0.025528741113,-0.000001258887,0.000001258887
782,0,,34.8172000000,34.8195957430,0.0023957430,0.0023957430,,0.025540000000,0.025537603261,-0.000002396739,0.000002396739
783,0,,34.8228000000,34.8262531355,0.0034531355,0.0034531355,,0.025550000000,0.025546582390,-0.000003417610,0.000003417610
784,0,,34.8284000000,34.8328205489,0.0044205489,0.0044205489,,0.025560000000,0.025555674447,-0.000004325553,0.000004325553
785,0,,34.8340000000,34.8393007383,0.0053007383,0.0053007383,,0.025570000000,0.025564875379,-0.000005124621,0.000005124621
786,0,,34.8396000000,34.8456964586,0.0060964586,0.0060964586,,0.025580000000,0.025574181132,-0.000005818868,0.000005818868
787,0,,34.8452000000,34.8520104651,0.0068104651,0.0068104651,,0.025590000000,0.025583587654,-0.000006412346,0.000006412346
788,0,,34.8508000000,34.8582455128,0.0074455128,0.0074455128,,0.025600000000,0.025593090892,-0.000006909108,0.000006909108
789,0,,34.8564000000,34.8644043567,0.0080043567,0.0080043567,,0.025610000000,0.025602686792,-0.000007313208,0.000007313208
790,0,,34.8620000000,34.8704897521,0.0084897521,0.0084897521,,0.025620000000,0.025612371302,-0.000007628698,0.000007628698
791,0,,34.8676000000,34.8765044539,0.0089044539,0.0089044539,,0.025630000000,0.025622140368,-0.000007859632,0.000007859632
792,0,,34.8732000000,34.8824512173,0.0092512173,0.0092512173,,0.025640000000,0.025631989937,-0.000008010063,0.000008010063
793,0,,34.8788000000,34.8883327973,0.0095327973,0.0095327973,,0.025650000000,0.025641915956,-0.000008084044,0.000008084044
794,0,,34.8844000000,34.8941519490,0.0097519490,0.0097519490,,0.025660000000,0.025651914372,-0.000008085628,0.000008085628
795,0,,34.8900000000,34.8999114276,0.0099114276,0.0099114276,,0.025670000000,0.025661981132,-0.000008018868,0.000008018868
796,0,,34.8956000000,34.9056139881,0.0100139881,0.0100139881,,0.025680000000,0.025672112183,-0.000007887817,0.000007887817
797,0,,34.9012000000,34.9112623856,0.0100623856,0.0100623856,,0.025690000000,0.025682303471,-0.000007696529,0.000007696529
798,0,,34.9068000000,34.9168593752,0.0100593752,0.0100593752,,0.025700000000,0.025692550943,-0.000007449057,0.000007449057
799,0,,34.9124000000,34.9224077120,0.0100077120,0.0100077120,,0.025710000000,0.025702850547,-0.000007149453,0.000007149453
800,0,,34.9180000000,34.9279101510,0.0099101510,0.0099101510,,0.025720000000,0.025713198230,-0.000006801770,0.000006801770
801,0,,34.9236000000,34.9333694474,0.0097694474,0.0097694474,,0.025730000000,0.025723589937,-0.000006410063,0.000006410063
802,0,,34.9292000000,34.9387883563,0.0095883563,0.0095883563,,0.025740000000,0.025734021617,-0.000005978383,0.000005978383
803,0,,34.9348000000,34.9441696327,0.0093696327,0.0093696327,,0.025750000000,0.025744489215,-0.000005510785,0.000005510785
804,0,,34.9404000000,34.9495160317,0.0091160317,0.0091160317,,0.025760000000,0.025754988679,-0.000005011321,0.000005011321
805,0,,34.9460000000,34.9548303084,0.0088303084,0.0088303084,,0.025770000000,0.025765515956,-0.000004484044,0.000004484044
806,0,,34.9516000000,34.9601152180,0.0085152180,0.0085152180,,0.025780000000,0.025776066993,-0.000003933007,0.000003933007
807,0,,34.9572000000,34.9653735154,0.0081735154,0.0081735154,,0.025790000000,0.025786637736,-0.000003362264,0.000003362264
808,0,,34.9628000000,34.9706079559,0.0078079559,0.0078079559,,0.025800000000,0.025797224132,-0.000002775868,0.000002775868
809,0,,34.9684000000,34.9758212944,0.0074212944,0.0074212944,,0.025810000000,0.025807822129,-0.000002177871,0.000002177871
810,0,,34.9740000000,34.9810162860,0.0070162860,0.0070162860,,0.025820000000,0.025818427673,-0.000001572327,0.000001572327
811,0,,34.9796000000,34.9861956859,0.0065956859,0.0065956859,,0.025830000000,0.025829036711,-0.000000963289,0.000000963289
812,0,,34.9852000000,34.9913622492,0.0061622492,0.0061622492,,0.025840000000,0.025839645190,-0.000000354810,0.000000354810
813,0,,34.9908000000,34.9965187309,0.0057187309,0.0057187309,,0.025850000000,0.025850249057,0.000000249057,0.000000249057
814,0,,34.9964000000,35.0016678861,0.0052678861,0.0052678861,,0.025860000000,0.025860844258,0.000000844258,0.000000844258
815,0,,35.0020000000,35.0068124699,0.0048124699,0.0048124699,,0.025870000000,0.025871426741,0.000001426741,0.000001426741
816,0,,35.0076000000,35.0119552375,0.0043552375,0.0043552375,,0.025880000000,0.025881992453,0.000001992453,0.000001992453
817,0,,35.0132000000,35.0170989438,0.0038989438,0.0038989438,,0.025890000000,0.025892537340,0.000002537340,0.000002537340
818,0,,35.0188000000,35.0222463440,0.0034463440,0.0034463440,,0.025900000000,0.025903057349,0.000003057349,0.000003057349
819,0,,35.0244000000,35.0274001931,0.0030001931,0.0030001931,,0.025910000000,0.025913548428,0.000003548428,0.000003548428
820,0,,35.0300000000,35.0325632464,0.0025632464,0.0025632464,,0.025920000000,0.025924006522,0.000004006522,0.000004006522
821,0,,35.0356000000,35.0377382587,0.0021382587,0.0021382587,,0.025930000000,0.025934427580,0.000004427580,0.000004427580
822,0,,35.0412000000,35.0429279853,0.0017279853,0.0017279853,,0.025940000000,0.025944807547,0.000004807547,0.000004807547
823,0,,35.0468000000,35.0481351812,0.0013351812,0.0013351812,,0.025950000000,0.025955142371,0.000005142371,0.000005142371
824,0,,35.0524000000,35.0533626016,0.0009626016,0.0009626016,,0.025960000000,0.025965427999,0.000005427999,0.000005427999
825,0,,35.0580000000,35.0586130014,0.0006130014,0.0006130014,,0.025970000000,0.025975660377,0.000005660377,0.000005660377
826,0,,35.0636000000,35.0638891358,0.0002891358,0.0002891358,,0.025980000000,0.025985835453,0.000005835453,0.000005835453
827,0,,35.0692000000,35.0691937599,-0.0000062401,0.0000062401,,0.025990000000,0.025995949173,0.000005949173,0.000005949173
828,0,,35.0748000000,35.0745296288,-0.0002703712,0.0002703712,,0.026000000000,0.026005997484,0.000005997484,0.000005997484
829,0,,35.0804000000,35.0798994976,-0.0005005024,0.0005005024,,0.026010000000,0.026015976334,0.000005976334,0.000005976334
830,0,,35.0860000000,35.0853061213,-0.0006938787,0.0006938787,,0.026020000000,0.026025881668,0.000005881668,0.000005881668
831,0,,35.0916000000,35.0907522550,-0.0008477450,0.0008477450,,0.026030000000,0.026035709434,0.000005709434,0.000005709434
832,0,,35.0972000000,35.0962406538,-0.0009593462,0.0009593462,,0.026040000000,0.026045455579,0.000005455579,0.000005455579
833,0,,35.1028000000,35.1017740729,-0.0010259271,0.0010259271,,0.026050000000,0.026055116049,0.000005116049,0.000005116049
834,0,,35.1084000000,35.1073552673,-0.0010447327,0.0010447327,,0.026060000000,0.026064686792,0.000004686792,0.000004686792
835,0,,35.1140000000,35.1129869921,-0.0010130079,0.0010130079,,0.026070000000,0.026074163755,0.000004163755,0.000004163755
836,0,,35.1196000000,35.1186720023,-0.0009279977,0.0009279977,,0.026080000000,0.026083542884,0.000003542884,0.000003542884
837,0,,35.1252000000,35.1244130532,-0.0007869468,0.0007869468,,0.026090000000,0.026092820126,0.000002820126,0.000002820126
838,0,,35.1308000000,35.1302128997,-0.0005871003,0.0005871003,,0.026100000000,0.026101991428,0.000001991428,0.000001991428
839,0,,35.1364000000,35.1360742969,-0.0003257031,0.0003257031,,0.026110000000,0.026111052737,0.000001052737,0.000001052737
840,1,35.142000,35.1420000000,35.1420000000,0.0000000000,0.0000000000,0.02612000,0.026120000000,0.026120000000,0.000000000000,0.000000000000
841,0,,35.1483666667,35.1479519167,-0.0004147499,0.0004147499,,0.026128000000,0.026128896217,0.000000896217,0.000000896217
842,0,,35.1547333333,35.1538910440,-0.0008422894,0.0008422894,,0.026136000000,0.026137805590,0.000001805590,0.000001805590
843,0,,35.1611000000,35.1598187704,-0.0012812296,0.0012812296,,0.026144000000,0.026146725867,0.000002725867,0.000002725867
844,0,,35.1674666667,35.1657364849,-0.0017301818,0.0017301818,,0.026152000000,0.026155654795,0.000003654795,0.000003654795
845,0,,35.1738333333,35.1716455761,-0.0021877572,0.0021877572,,0.026160000000,0.026164590123,0.000004590123,0.000004590123
846,0,,35.1802000000,35.1775474327,-0.0026525673,0.0026525673,,0.026168000000,0.026173529600,0.000005529600,0.000005529600
847,0,,35.1865666667,35.1834434435,-0.0031232232,0.0031232232,,0.026176000000,0.026182470973,0.000006470973,0.000006470973
848,0,,35.1929333333,35.1893349972,-0.0035983361,0.0035983361,,0.026184000000,0.026191411990,0.000007411990,0.000007411990
849,0,,35.1993000000,35.1952234825,-0.0040765175,0.0040765175,,0.026192000000,0.026200350400,0.000008350400,0.000008350400
850,0,,35.2056666667,35.2011102882,-0.0045563784,0.0045563784,,0.026200000000,0.026209283951,0.000009283951,0.000009283951
851,0,,35.2120333333,35.2069968030,-0.0050365303,0.0050365303,,0.026208000000,0.026218210390,0.000010210390,0.000010210390
852,0,,35.2184000000,35.2128844156,-0.0055155844,0.0055155844,,0.026216000000,0.026227127467,0.000011127467,0.000011127467
853,0,,35.2247666667,35.2187745148,-0.0059921518,0.0059921518,,0.026224000000,0.026236032928,0.000012032928,0.000012032928
854,0,,35.2311333333,35.2246684893,-0.0064648440,0.0064648440,,0.026232000000,0.026244924523,0.000012924523,0.000012924523
855,0,,35.2375000000,35.2305677278,-0.0069322722,0.0069322722,,0.026240000000,0.026253800000,0.000013800000,0.000013800000
856,0,,35.2438666667,35.2364736190,-0.0073930476,0.0073930476,,0.026248000000,0.026262657106,0.000014657106,0.000014657106
857,0,,35.2502333333,35.2423875518,-0.0078457816,0.0078457816,,0.026256000000,0.026271493590,0.000015493590,0.000015493590
858,0,,35.2566000000,35.2483109147,-0.0082890853,0.0082890853,,0.026264000000,0.026280307200,0.000016307200,0.000016307200
859,0,,35.2629666667,35.2542450966,-0.0087215700,0.0087215700,,0.026272000000,0.026289095684,0.000017095684,0.000017095684
860,0,,35.2693333333,35.2601914862,-0.0091418471,0.0091418471,,0.026280000000,0.026297856790,0.000017856790,0.000017856790
861,0,,35.2757000000,35.2661514722,-0.0095485278,0.0095485278,,0.026288000000,0.026306588267,0.000018588267,0.000018588267
862,0,,35.2820666667,35.2721264433,-0.0099402233,0.0099402233,,0.026296000000,0.026315287862,0.000019287862,0.000019287862
863,0,,35.2884333333,35.2781177883,-0.0103155450,0.0103155450,,0.026304000000,0.026323953323,0.000019953323,0.000019953323
864,0,,35.2948000000,35.2841268959,-0.0106731041,0.0106731041,,0.026312000000,0.026332582400,0.000020582400,0.000020582400
865,0,,35.3011666667,35.2901551549,-0.0110115118,0.0110115118,,0.026320000000,0.026341172840,0.000021172840,0.000021172840
866,0,,35.3075333333,35.2962039539,-0.0113293795,0.0113293795,,0.026328000000,0.026349722390,0.000021722390,0.000021722390
867,0,,35.3139000000,35.3022746817,-0.0116253183,0.0116253183,,0.026336000000,0.026358228800,0.000022228800,0.000022228800
868,0,,35.3202666667,35.3083687270,-0.0118979397,0.0118979397,,0.026344000000,0.026366689817,0.000022689817,0.000022689817
869,0,,35.3266333333,35.3144874786,-0.0121458547,0.0121458547,,0.026352000000,0.026375103190,0.000023103190,0.000023103190
870,0,,35.3330000000,35.3206323252,-0.0123676748,0.0123676748,,0.026360000000,0.026383466667,0.000023466667,0.000023466667
871,0,,35.3393666667,35.3268046555,-0.0125620112,0.0125620112,,0.026368000000,0.026391777995,0.000023777995,0.000023777995
872,0,,35.3457333333,35.3330058582,-0.0127274751,0.0127274751,,0.026376000000,0.026400034923,0.000024034923,0.000024034923
873,0,,35.3521000000,35.3392373222,-0.0128626778,0.0128626778,,0.026384000000,0.026408235200,0.000024235200,0.000024235200
874,0,,35.3584666667,35.3455004360,-0.0129662306,0.0129662306,,0.026392000000,0.026416376573,0.000024376573,0.000024376573
875,0,,35.3648333333,35.3517965885,-0.0130367448,0.0130367448,,0.026400000000,0.026424456790,0.000024456790,0.000024456790
876,0,,35.3712000000,35.3581271684,-0.0130728316,0.0130728316,,0.026408000000,0.026432473600,0.000024473600,0.000024473600
877,0,,35.3775666667,35.3644935644,-0.0130731023,0.0130731023,,0.026416000000,0.026440424751,0.000024424751,0.000024424751
878,0,,35.3839333333,35.3708971652,-0.0130361681,0.0130361681,,0.026424000000,0.026448307990,0.000024307990,0.000024307990
879,0,,35.3903000000,35.3773393596,-0.0129606404,0.0129606404,,0.026432000000,0.026456121067,0.000024121067,0.000024121067
880,0,,35.3966666667,35.3838215363,-0.0128451303,0.0128451303,,0.026440000000,0.026463861728,0.000023861728,0.000023861728
881,0,,35.4030333333,35.3903450841,-0.0126882493,0.0126882493,,0.026448000000,0.026471527723,0.000023527723,0.000023527723
882,0,,35.4094000000,35.3969113916,-0.0124886084,0.0124886084,,0.026456000000,0.026479116800,0.000023116800,0.000023116800
883,0,,35.4157666667,35.4035218476,-0.0122448191,0.0122448191,,0.026464000000,0.026486626706,0.000022626706,0.000022626706
884,0,,35.4221333333,35.4101778408,-0.0119554925,0.0119554925,,0.026472000000,0.026494055190,0.000022055190,0.000022055190
885,0,,35.4285000000,35.4168807600,-0.0116192400,0.0116192400,,0.026480000000,0.026501400000,0.000021400000,0.000021400000
886,0,,35.4348666667,35.4236319939,-0.0112346728,0.0112346728,,0.026488000000,0.026508658884,0.000020658884,0.000020658884
887,0,,35.4412333333,35.4304329312,-0.0108004022,0.0108004022,,0.026496000000,0.026515829590,0.000019829590,0.000019829590
888,0,,35.4476000000,35.4372849606,-0.0103150394,0.0103150394,,0.026504000000,0.026522909867,0.000018909867,0.000018909867
889,0,,35.4539666667,35.4441894709,-0.0097771957,0.0097771957,,0.026512000000,0.026529897462,0.000017897462,0.000017897462
890,0,,35.4603333333,35.4511478509,-0.0091854825,0.0091854825,,0.026520000000,0.026536790123,0.000016790123,0.000016790123
891,0,,35.4667000000,35.4581614892,-0.0085385108,0.0085385108,,0.026528000000,0.026543585600,0.000015585600,0.000015585600
892,0,,35.4730666667,35.4652317745,-0.0078348921,0.0078348921,,0.026536000000,0.026550281640,0.000014281640,0.000014281640
893,0,,35.4794333333,35.4723600957,-0.0070732376,0.0070732376,,0.026544000000,0.026556875990,0.000012875990,0.000012875990
894,0,,35.4858000000,35.4795478414,-0.0062521586,0.0062521586,,0.026552000000,0.026563366400,0.000011366400,0.000011366400
895,0,,35.4921666667,35.4867964004,-0.0053702663,0.0053702663,,0.026560000000,0.026569750617,0.000009750617,0.000009750617
896,0,,35.4985333333,35.4941071614,-0.0044261719,0.0044261719,,0.026568000000,0.026576026390,0.000008026390,0.000008026390
897,0,,35.5049000000,35.5014815131,-0.0034184869,0.0034184869,,0.026576000000,0.026582191467,0.000006191467,0.000006191467
898,0,,35.5112666667,35.5089208443,-0.0023458224,0.0023458224,,0.026584000000,0.026588243595,0.000004243595,0.000004243595
899,0,,35.5176333333,35.5164265437,-0.0012067896,0.0012067896,,0.026592000000,0.026594180523,0.000002180523,0.000002180523
900,1,35.524000,35.5240000000,35.5240000000,0.0000000000,0.0000000000,0.02660000,0.026600000000,0.026600000000,0.000000000000,0.000000000000
901,0,,35.5334500000,35.5317254180,-0.0017245820,0.0017245820,,0.026604500000,0.026605699912,0.000001199912,0.000001199912
902,0,,35.5429000000,35.5396801840,-0.0032198160,0.0032198160,,0.026609000000,0.026611282300,0.000002282300,0.000002282300
903,0,,35.5523500000,35.5478554589,-0.0044945411,0.0044945411,,0.026613500000,0.026616751137,0.000003251138,0.000003251138
904,0,,35.5618000000,35.5562424038,-0.0055575962,0.0055575962,,0.026618000000,0.026622110400,0.000004110400,0.000004110400
905,0,,35.5712500000,35.5648321796,-0.0064178204,0.0064178204,,0.026622500000,0.026627364062,0.000004864062,0.000004864062
906,0,,35.5807000000,35.5736159473,-0.0070840527,0.0070840527,,0.026627000000,0.026632516100,0.000005516100,0.000005516100
907,0,,35.5901500000,35.5825848680,-0.0075651320,0.0075651320,,0.026631500000,0.026637570487,0.000006070487,0.000006070487
908,0,,35.5996000000,35.5917301025,-0.0078698975,0.0078698975,,0.026636000000,0.026642531200,0.000006531200,0.000006531200
909,0,,35.6090500000,35.6010428120,-0.0080071880,0.0080071880,,0.026640500000,0.026647402212,0.000006902212,0.000006902212
910,0,,35.6185000000,35.6105141573,-0.0079858427,0.0079858427,,0.026645000000,0.026652187500,0.000007187500,0.000007187500
911,0,,35.6279500000,35.6201352994,-0.0078147006,0.0078147006,,0.026649500000,0.026656891038,0.000007391038,0.000007391038
912,0,,35.6374000000,35.6298973994,-0.0075026006,0.0075026006,,0.026654000000,0.026661516800,0.000007516800,0.000007516800
913,0,,35.6468500000,35.6397916183,-0.0070583817,0.0070583817,,0.026658500000,0.026666068762,0.000007568763,0.000007568763
914,0,,35.6563000000,35.6498091170,-0.0064908830,0.0064908830,,0.026663000000,0.026670550900,0.000007550900,0.000007550900
915,0,,35.6657500000,35.6599410565,-0.0058089435,0.0058089435,,0.026667500000,0.026674967187,0.000007467187,0.000007467187
916,0,,35.6752000000,35.6701785978,-0.0050214022,0.0050214022,,0.026672000000,0.026679321600,0.000007321600,0.000007321600
917,0,,35.6846500000,35.6805129019,-0.0041370981,0.0041370981,,0.026676500000,0.026683618113,0.000007118113,0.000007118113
918,0,,35.6941000000,35.6909351298,-0.0031648702,0.0031648702,,0.026681000000,0.026687860700,0.000006860700,0.000006860700
919,0,,35.7035500000,35.7014364424,-0.0021135576,0.0021135576,,0.026685500000,0.026692053337,0.000006553337,0.000006553337
920,0,,35.7130000000,35.7120080008,-0.0009919992,0.0009919992,,0.026690000000,0.026696200000,0.000006200000,0.000006200000
921,0,,35.7224500000,35.7226409660,0.0001909660,0.0001909660,,0.026694500000,0.026700304663,0.000005804663,0.000005804663
922,0,,35.7319000000,35.7333264988,0.0014264988,0.0014264988,,0.026699000000,0.026704371300,0.000005371300,0.000005371300
923,0,,35.7413500000,35.7440557604,0.0027057604,0.0027057604,,0.026703500000,0.026708403888,0.000004903888,0.000004903888
924,0,,35.7508000000,35.7548199117,0.0040199117,0.0040199117,,0.026708000000,0.026712406400,0.000004406400,0.000004406400
925,0,,35.7602500000,35.7656101137,0.0053601137,0.0053601137,,0.026712500000,0.026716382813,0.000003882813,0.000003882813
926,0,,35.7697000000,35.7764175274,0.0067175274,0.0067175274,,0.026717000000,0.026720337100,0.000003337100,0.000003337100
927,0,,35.7791500000,35.7872333138,0.0080833138,0.0080833138,,0.026721500000,0.026724273237,0.000002773237,0.000002773237
928,0,,35.7886000000,35.7980486338,0.0094486338,0.0094486338,,0.026726000000,0.026728195200,0.000002195200,0.000002195200
929,0,,35.7980500000,35.8088546485,0.0108046485,0.0108046485,,0.026730500000,0.026732106962,0.000001606962,0.000001606962
930,0,,35.8075000000,35.8196425188,0.0121425188,0.0121425188,,0.026735000000,0.026736012500,0.000001012500,0.000001012500
931,0,,35.8169500000,35.8304034057,0.0134534057,0.0134534057,,0.026739500000,0.026739915787,0.000000415787,0.000000415787
932,0,,35.8264000000,35.8411284702,0.0147284702,0.0147284702,,0.026744000000,0.026743820800,-0.000000179200,0.000000179200
933,0,,35.8358500000,35.8518088734,0.0159588734,0.0159588734,,0.026748500000,0.026747731513,-0.000000768487,0.000000768487
934,0,,35.8453000000,35.8624357761,0.0171357761,0.0171357761,,0.026753000000,0.026751651900,-0.000001348100,0.000001348100
935,0,,35.8547500000,35.8730003394,0.0182503394,0.0182503394,,0.026757500000,0.026755585937,-0.000001914063,0.000001914063
936,0,,35.8642000000,35.8834937243,0.0192937243,0.0192937243,,0.026762000000,0.026759537600,-0.000002462400,0.000002462400
937,0,,35.8736500000,35.8939070917,0.0202570917,0.0202570917,,0.026766500000,0.026763510862,-0.000002989138,0.000002989138
938,0,,35.8831000000,35.9042316027,0.0211316027,0.0211316027,,0.026771000000,0.026767509700,-0.000003490300,0.000003490300
939,0,,35.8925500000,35.9144584182,0.0219084182,0.0219084182,,0.026775500000,0.026771538088,-0.000003961912,0.000003961912
940,0,,35.9020000000,35.9245786992,0.0225786992,0.0225786992,,0.026780000000,0.026775600000,-0.000004400000,0.000004400000
941,0,,35.9114500000,35.9345836067,0.0231336067,0.0231336067,,0.026784500000,0.026779699412,-0.000004800587,0.000004800587
942,0,,35.9209000000,35.9444643017,0.0235643017,0.0235643017,,0.026789000000,0.026783840300,-0.000005159700,0.000005159700
943,0,,35.9303500000,35.9542119452,0.0238619452,0.0238619452,,0.026793500000,0.026788026638,-0.000005473363,0.000005473363
944,0,,35.9398000000,35.9638176982,0.0240176982,0.0240176982,,0.026798000000,0.026792262400,-0.000005737600,0.000005737600
945,0,,35.9492500000,35.9732727216,0.0240227216,0.0240227216,,0.026802500000,0.026796551562,-0.000005948438,0.000005948438
946,0,,35.9587000000,35.9825681765,0.0238681765,0.0238681765,,0.026807000000,0.026800898100,-0.000006101900,0.000006101900
947,0,,35.9681500000,35.9916952238,0.0235452238,0.0235452238,,0.026811500000,0.026805305987,-0.000006194013,0.000006194013
948,0,,35.9776000000,36.0006450246,0.0230450246,0.0230450246,,0.026816000000,0.026809779200,-0.000006220800,0.000006220800
949,0,,35.9870500000,36.0094087397,0.0223587397,0.0223587397,,0.026820500000,0.026814321713,-0.000006178287,0.000006178287
950,0,,35.9965000000,36.0179775302,0.0214775302,0.0214775302,,0.026825000000,0.026818937500,-0.000006062500,0.000006062500
951,0,,36.0059500000,36.0263425572,0.0203925572,0.0203925572,,0.026829500000,0.026823630538,-0.000005869463,0.000005869463
952,0,,36.0154000000,36.0344949815,0.0190949815,0.0190949815,,0.026834000000,0.026828404800,-0.000005595200,0.000005595200
953,0,,36.0248500000,36.0424259642,0.0175759642,0.0175759642,,0.026838500000,0.026833264263,-0.000005235737,0.000005235737
954,0,,36.0343000000,36.0501266662,0.0158266662,0.0158266662,,0.026843000000,0.026838212900,-0.000004787100,0.000004787100
955,0,,36.0437500000,36.0575882485,0.0138382485,0.0138382485,,0.026847500000,0.026843254688,-0.000004245312,0.000004245312
956,0,,36.0532000000,36.0648018722,0.0116018722,0.0116018722,,0.026852000000,0.026848393600,-0.000003606400,0.000003606400
957,0,,36.0626500000,36.0717586982,0.0091086982,0.0091086982,,0.026856500000,0.026853633612,-0.000002866388,0.000002866388
958,0,,36.0721000000,36.0784498875,0.0063498875,0.0063498875,,0.026861000000,0.026858978700,-0.000002021300,0.000002021300
959,0,,36.0815500000,36.0848666011,0.0033166011,0.0033166011,,0.026865500000,0.026864432838,-0.000001067162,0.000001067162
960,1,36.091000,36.0910000000,36.0910000000,0.0000000000,0.0000000000,0.02687000,0.026870000000,0.026870000000,0.000000000000,0.000000000000
961,0,,36.0953833333,36.0969026037,0.0015192704,0.0015192704,,0.026877500000,0.026875668426,-0.000001831574,0.000001831574
962,0,,36.0997666667,36.1026368540,0.0028701873,0.0028701873,,0.026885000000,0.026881422877,-0.000003577123,0.000003577123
963,0,,36.1041500000,36.1082087949,0.0040587949,0.0040587949,,0.026892500000,0.026887262117,-0.000005237883,0.000005237883
964,0,,36.1085333333,36.1136244705,0.0050911372,0.0050911372,,0.026900000000,0.026893184906,-0.000006815094,0.000006815094
965,0,,36.1129166667,36.1188899249,0.0059732583,0.0059732583,,0.026907500000,0.026899190006,-0.000008309994,0.000008309994
966,0,,36.1173000000,36.1240112024,0.0067112024,0.0067112024,,0.026915000000,0.026905276179,-0.000009723821,0.000009723821
967,0,,36.1216833333,36.1289943469,0.0073110135,0.0073110135,,0.026922500000,0.026911442188,-0.000011057812,0.000011057812
968,0,,36.1260666667,36.1338454025,0.0077787358,0.0077787358,,0.026930000000,0.026917686792,-0.000012313208,0.000012313208
969,0,,36.1304500000,36.1385704135,0.0081204135,0.0081204135,,0.026937500000,0.026924008756,-0.000013491244,0.000013491244
970,0,,36.1348333333,36.1431754238,0.0083420905,0.0083420905,,0.026945000000,0.026930406840,-0.000014593160,0.000014593160
971,0,,36.1392166667,36.1476664777,0.0084498110,0.0084498110,,0.026952500000,0.026936879805,-0.000015620195,0.000015620195
972,0,,36.1436000000,36.1520496191,0.0084496191,0.0084496191,,0.026960000000,0.026943426415,-0.000016573585,0.000016573585
973,0,,36.1479833333,36.1563308923,0.0083475590,0.0083475590,,0.026967500000,0.026950045430,-0.000017454570,0.000017454570
974,0,,36.1523666667,36.1605163413,0.0081496747,0.0081496747,,0.026975000000,0.026956735613,-0.000018264387,0.000018264387
975,0,,36.1567500000,36.1646120103,0.0078620103,0.0078620103,,0.026982500000,0.026963495725,-0.000019004275,0.000019004275
976,0,,36.1611333333,36.1686239433,0.0074906100,0.0074906100,,0.026990000000,0.026970324528,-0.000019675472,0.000019675472
977,0,,36.1655166667,36.1725581845,0.0070415179,0.0070415179,,0.026997500000,0.026977220784,-0.000020279216,0.000020279216
978,0,,36.1699000000,36.1764207780,0.0065207780,0.0065207780,,0.027005000000,0.026984183255,-0.000020816745,0.000020816745
979,0,,36.1742833333,36.1802177679,0.0059344345,0.0059344345,,0.027012500000,0.026991210702,-0.000021289298,0.000021289298
980,0,,36.1786666667,36.1839551982,0.0052885315,0.0052885315,,0.027020000000,0.026998301887,-0.000021698113,0.000021698113
981,0,,36.1830500000,36.1876391132,0.0045891132,0.0045891132,,0.027027500000,0.027005455572,-0.000022044428,0.000022044428
982,0,,36.1874333333,36.1912755568,0.0038422235,0.0038422235,,0.027035000000,0.027012670519,-0.000022329481,0.000022329481
983,0,,36.1918166667,36.1948705733,0.0030539067,0.0030539067,,0.027042500000,0.027019945489,-0.000022554511,0.000022554511
984,0,,36.1962000000,36.1984302068,0.0022302068,0.0022302068,,0.027050000000,0.027027279245,-0.000022720755,0.000022720755
985,0,,36.2005833333,36.2019605012,0.0013771679,0.0013771679,,0.027057500000,0.027034670548,-0.000022829452,0.000022829452
986,0,,36.2049666667,36.2054675009,0.0005008342,0.0005008342,,0.027065000000,0.027042118160,-0.000022881840,0.000022881840
987,0,,36.2093500000,36.2089572498,-0.0003927502,0.0003927502,,0.027072500000,0.027049620843,-0.000022879157,0.000022879157
988,0,,36.2137333333,36.2124357920,-0.0012975413,0.0012975413,,0.027080000000,0.027057177358,-0.000022822642,0.000022822642
989,0,,36.2181166667,36.2159091718,-0.0022074949,0.0022074949,,0.027087500000,0.027064786468,-0.000022713532,0.000022713532
990,0,,36.2225000000,36.2193834331,-0.0031165669,0.0031165669,,0.027095000000,0.027072446934,-0.000022553066,0.000022553066
991,0,,36.2268833333,36.2228646202,-0.0040187132,0.0040187132,,0.027102500000,0.027080157518,-0.000022342482,0.000022342482
992,0,,36.2312666667,36.2263587770,-0.0049078896,0.0049078896,,0.027110000000,0.027087916981,-0.000022083019,0.000022083019
993,0,,36.2356500000,36.2298719478,-0.0057780522,0.0057780522,,0.027117500000,0.027095724086,-0.000021775914,0.000021775914
994,0,,36.2400333333,36.2334101766,-0.0066231567,0.0066231567,,0.027125000000,0.027103577594,-0.000021422406,0.000021422406
995,0,,36.2444166667,36.2369795076,-0.0074371591,0.0074371591,,0.027132500000,0.027111476268,-0.000021023732,0.000021023732
996,0,,36.2488000000,36.2405859848,-0.0082140152,0.0082140152,,0.027140000000,0.027119418868,-0.000020581132,0.000020581132
997,0,,36.2531833333,36.2442356524,-0.0089476809,0.0089476809,,0.027147500000,0.027127404157,-0.000020095843,0.000020095843
998,0,,36.2575666667,36.2479345545,-0.0096321122,0.0096321122,,0.027155000000,0.027135430896,-0.000019569104,0.000019569104
999,0,,36.2619500000,36.2516887351,-0.0102612649,0.0102612649,,0.027162500000,0.027143497848,-0.000019002152,0.000019002152
1000,0,,36.2663333333,36.2555042384,-0.0108290949,0.0108290949,,0.027170000000,0.027151603774,-0.000018396226,0.000018396226
1001,0,,36.2707166667,36.2593871086,-0.0113295581,0.0113295581,,0.027177500000,0.027159747435,-0.000017752565,0.000017752565
1002,0,,36.2751000000,36.2633433896,-0.0117566104,0.0117566104,,0.027185000000,0.027167927594,-0.000017072406,0.000017072406
1003,0,,36.2794833333,36.2673791257,-0.0121042076,0.0121042076,,0.027192500000,0.027176143013,-0.000016356987,0.000016356987
1004,0,,36.2838666667,36.2715003609,-0.0123663058,0.0123663058,,0.027200000000,0.027184392453,-0.000015607547,0.000015607547
1005,0,,36.2882500000,36.2757131394,-0.0125368606,0.0125368606,,0.027207500000,0.027192674676,-0.000014825324,0.000014825324
1006,0,,36.2926333333,36.2800235052,-0.0126098282,0.0126098282,,0.027215000000,0.027200988443,-0.000014011557,0.000014011557
1007,0,,36.2970166667,36.2844375024,-0.0125791642,0.0125791642,,0.027222500000,0.027209332518,-0.000013167482,0.000013167482
1008,0,,36.3014000000,36.2889611753,-0.0124388247,0.0124388247,,0.027230000000,0.027217705660,-0.000012294340,0.000012294340
1009,0,,36.3057833333,36.2936005678,-0.0121827655,0.0121827655,,0.027237500000,0.027226106633,-0.000011393367,0.000011393367
1010,0,,36.3101666667,36.2983617241,-0.0118049426,0.0118049426,,0.027245000000,0.027234534198,-0.000010465802,0.000010465802
1011,0,,36.3145500000,36.3032506883,-0.0112993117,0.0112993117,,0.027252500000,0.027242987117,-0.000009512883,0.000009512883
1012,0,,36.3189333333,36.3082735045,-0.0106598288,0.0106598288,,0.027260000000,0.027251464151,-0.000008535849,0.000008535849
1013,0,,36.3233166667,36.3134362169,-0.0098804498,0.0098804498,,0.027267500000,0.027259964063,-0.000007535937,0.000007535937
1014,0,,36.3277000000,36.3187448695,-0.0089551305,0.0089551305,,0.027275000000,0.027268485613,-0.000006514387,0.000006514387
1015,0,,36.3320833333,36.3242055064,-0.0078778269,0.0078778269,,0.027282500000,0.027277027565,-0.000005472435,0.000005472435
1016,0,,36.3364666667,36.3298241718,-0.0066424949,0.0066424949,,0.027290000000,0.027285588679,-0.000004411321,0.000004411321
1017,0,,36.3408500000,36.3356069097,-0.0052430903,0.0052430903,,0.027297500000,0.027294167718,-0.000003332282,0.000003332282
1018,0,,36.3452333333,36.3415597643,-0.0036735690,0.0036735690,,0.027305000000,0.027302763443,-0.000002236557,0.000002236557
1019,0,,36.3496166667,36.3476887797,-0.0019278869,0.0019278869,,0.027312500000,0.027311374617,-0.000001125383,0.000001125383
1020,1,36.354000,36.3540000000,36.3540000000,0.0000000000,0.0000000000,0.02732000,0.027320000000,0.027320000000,0.000000000000,0.000000000000
1021,0,,36.3658833333,36.3606514641,-0.0052318692,0.0052318692,,0.027330166667,0.027328732434,-0.000001434233,0.000001434233
1022,0,,36.3777666667,36.3677866182,-0.0099800485,0.0099800485,,0.027340333333,0.027337660514,-0.000002672819,0.000002672819
1023,0,,36.3896500000,36.3753896171,-0.0142603829,0.0142603829,,0.027350500000,0.027346776637,-0.000003723363,0.000003723363
1024,0,,36.4015333333,36.3834446157,-0.0180887176,0.0180887176,,0.027360666667,0.027356073196,-0.000004593470,0.000004593470
1025,0,,36.4134166667,36.3919357691,-0.0214808976,0.0214808976,,0.027370833333,0.027365542588,-0.000005290746,0.000005290746
1026,0,,36.4253000000,36.4008472320,-0.0244527680,0.0244527680,,0.027381000000,0.027375177206,-0.000005822794,0.000005822794
1027,0,,36.4371833333,36.4101631595,-0.0270201739,0.0270201739,,0.027391166667,0.027384969446,-0.000006197220,0.000006197220
1028,0,,36.4490666667,36.4198677063,-0.0291989604,0.0291989604,,0.027401333333,0.027394911704,-0.000006421629,0.000006421629
1029,0,,36.4609500000,36.4299450274,-0.0310049726,0.0310049726,,0.027411500000,0.027404996374,-0.000006503626,0.000006503626
1030,0,,36.4728333333,36.4403792777,-0.0324540556,0.0324540556,,0.027421666667,0.027415215851,-0.000006450816,0.000006450816
1031,0,,36.4847166667,36.4511546122,-0.0335620545,0.0335620545,,0.027431833333,0.027425562531,-0.000006270803,0.000006270803
1032,0,,36.4966000000,36.4622551857,-0.0343448143,0.0343448143,,0.027442000000,0.027436028808,-0.000005971192,0.000005971192
1033,0,,36.5084833333,36.4736651531,-0.0348181803,0.0348181803,,0.027452166667,0.027446607077,-0.000005559589,0.000005559589
1034,0,,36.5203666667,36.4853686693,-0.0349979973,0.0349979973,,0.027462333333,0.027457289734,-0.000005043599,0.000005043599
1035,0,,36.5322500000,36.4973498893,-0.0349001107,0.0349001107,,0.027472500000,0.027468069174,-0.000004430826,0.000004430826
1036,0,,36.5441333333,36.5095929680,-0.0345403653,0.0345403653,,0.027482666667,0.027478937791,-0.000003728875,0.000003728875
1037,0,,36.5560166667,36.5220820602,-0.0339346064,0.0339346064,,0.027492833333,0.027489887982,-0.000002945352,0.000002945352
1038,0,,36.5679000000,36.5348013209,-0.0330986791,0.0330986791,,0.027503000000,0.027500912140,-0.000002087860,0.000002087860
1039,0,,36.5797833333,36.5477349050,-0.0320484283,0.0320484283,,0.027513166667,0.027512002661,-0.000001164006,0.000001164006
1040,0,,36.5916666667,36.5608669674,-0.0307996993,0.0307996993,,0.027523333333,0.027523151940,-0.000000181394,0.000000181394
1041,0,,36.6035500000,36.5741816630,-0.0293683370,0.0293683370,,0.027533500000,0.027534352372,0.000000852372,0.000000852372
1042,0,,36.6154333333,36.5876631466,-0.0277701867,0.0277701867,,0.027543666667,0.027545596352,0.000001929685,0.000001929685
1043,0,,36.6273166667,36.6012955733,-0.0260210933,0.0260210933,,0.027553833333,0.027556876275,0.000003042942,0.000003042942
1044,0,,36.6392000000,36.6150630979,-0.0241369021,0.0241369021,,0.027564000000,0.027568184536,0.000004184536,0.000004184536
1045,0,,36.6510833333,36.6289498754,-0.0221334580,0.0221334580,,0.027574166667,0.027579513531,0.000005346864,0.000005346864
1046,0,,36.6629666667,36.6429400606,-0.0200266061,0.0200266061,,0.027584333333,0.027590855654,0.000006522321,0.000006522321
1047,0,,36.6748500000,36.6570178084,-0.0178321916,0.0178321916,,0.027594500000,0.027602203301,0.000007703301,0.000007703301
1048,0,,36.6867333333,36.6711672737,-0.0155660596,0.0155660596,,0.027604666667,0.027613548866,0.000008882199,0.000008882199
1049,0,,36.6986166667,36.6853726116,-0.0132440551,0.0132440551,,0.027614833333,0.027624884745,0.000010051411,0.000010051411
1050,0,,36.7105000000,36.6996179767,-0.0108820233,0.0108820233,,0.027625000000,0.027636203332,0.000011203332,0.000011203332
1051,0,,36.7223833333,36.7138875242,-0.0084958091,0.0084958091,,0.027635166667,0.027647497023,0.000012330356,0.000012330356
1052,0,,36.7342666667,36.7281654089,-0.0061012578,0.0061012578,,0.027645333333,0.027658758213,0.000013424879,0.000013424879
1053,0,,36.7461500000,36.7424357856,-0.0037142144,0.0037142144,,0.027655500000,0.027669979296,0.000014479296,0.000014479296
1054,0,,36.7580333333,36.7566828093,-0.0013505240,0.0013505240,,0.027665666667,0.027681152669,0.000015486002,0.000015486002
1055,0,,36.7699166667,36.7708906350,0.0009739683,0.0009739683,,0.027675833333,0.027692270726,0.000016437392,0.000016437392
1056,0,,36.7818000000,36.7850434174,0.0032434174,0.0032434174,,0.027686000000,0.027703325861,0.000017325861,0.000017325861
1057,0,,36.7936833333,36.7991253116,0.0054419782,0.0054419782,,0.027696166667,0.027714310471,0.000018143804,0.000018143804
1058,0,,36.8055666667,36.8131204724,0.0075538057,0.0075538057,,0.027706333333,0.027725216950,0.000018883616,0.000018883616
1059,0,,36.8174500000,36.8270130547,0.0095630547,0.0095630547,,0.027716500000,0.027736037693,0.000019537693,0.000019537693
1060,0,,36.8293333333,36.8407872135,0.0114538802,0.0114538802,,0.027726666667,0.027746765095,0.000020098428,0.000020098428
1061,0,,36.8412166667,36.8544271036,0.0132104369,0.0132104369,,0.027736833333,0.027757391552,0.000020558219,0.000020558219
1062,0,,36.8531000000,36.8679168800,0.0148168800,0.0148168800,,0.027747000000,0.027767909458,0.000020909458,0.000020909458
1063,0,,36.8649833333,36.8812406976,0.0162573642,0.0162573642,,0.027757166667,0.027778311209,0.000021144542,0.000021144542
1064,0,,36.8768666667,36.8943827112,0.0175160445,0.0175160445,,0.027767333333,0.027788589199,0.000021255866,0.000021255866
1065,0,,36.8887500000,36.9073270758,0.0185770758,0.0185770758,,0.027777500000,0.027798735824,0.000021235824,0.000021235824
1066,0,,36.9006333333,36.9200579463,0.0194246130,0.0194246130,,0.027787666667,0.027808743479,0.000021076812,0.000021076812
1067,0,,36.9125166667,36.9325594776,0.0200428109,0.0200428109,,0.027797833333,0.027818604558,0.000020771225,0.000020771225
1068,0,,36.9244000000,36.9448158246,0.0204158246,0.0204158246,,0.027808000000,0.027828311457,0.000020311457,0.000020311457
1069,0,,36.9362833333,36.9568111422,0.0205278089,0.0205278089,,0.027818166667,0.027837856571,0.000019689905,0.000019689905
1070,0,,36.9481666667,36.9685295853,0.0203629187,0.0203629187,,0.027828333333,0.027847232296,0.000018898962,0.000018898962
1071,0,,36.9600500000,36.9799553089,0.0199053089,0.0199053089,,0.027838500000,0.027856431025,0.000017931025,0.000017931025
1072,0,,36.9719333333,36.9910724678,0.0191391345,0.0191391345,,0.027848666667,0.027865445154,0.000016778487,0.000016778487
1073,0,,36.9838166667,37.0018652169,0.0180485503,0.0180485503,,0.027858833333,0.027874267078,0.000015433745,0.000015433745
1074,0,,36.9957000000,37.0123177112,0.0166177112,0.0166177112,,0.027869000000,0.027882889193,0.000013889193,0.000013889193
1075,0,,37.0075833333,37.0224141056,0.0148307722,0.0148307722,,0.027879166667,0.027891303893,0.000012137226,0.000012137226
1076,0,,37.0194666667,37.0321385549,0.0126718882,0.0126718882,,0.027889333333,0.027899503573,0.000010170240,0.000010170240
1077,0,,37.0313500000,37.0414752141,0.0101252141,0.0101252141,,0.027899500000,0.027907480629,0.000007980629,0.000007980629
1078,0,,37.0432333333,37.0504082381,0.0071749047,0.0071749047,,0.027909666667,0.027915227456,0.000005560789,0.000005560789
1079,0,,37.0551166667,37.0589217817,0.0038051151,0.0038051151,,0.027919833333,0.027922736447,0.000002903114,0.000002903114
1080,1,37.067000,37.0670000000,37.0670000000,0.0000000000,0.0000000000,0.02793000,0.027930000000,0.027930000000,0.000000000000,0.000000000000
1081,0,,37.0728666667,37.0747764443,0.0019097777,0.0019097777,,0.027935500000,0.027937054710,0.000001554710,0.000001554710
1082,0,,37.0787333333,37.0823983269,0.0036649936,0.0036649936,,0.027941000000,0.027943946060,0.000002946060,0.000002946060
1083,0,,37.0846000000,37.0898702939,0.0052702939,0.0052702939,,0.027946500000,0.027950679773,0.000004179773,0.000004179773
1084,0,,37.0904666667,37.0971969912,0.0067303245,0.0067303245,,0.027952000000,0.027957261574,0.000005261574,0.000005261574
1085,0,,37.0963333333,37.1043830649,0.0080497315,0.0080497315,,0.027957500000,0.027963697185,0.000006197185,0.000006197185
1086,0,,37.1022000000,37.1114331610,0.0092331610,0.0092331610,,0.027963000000,0.027969992332,0.000006992332,0.000006992332
1087,0,,37.1080666667,37.1183519257,0.0102852590,0.0102852590,,0.027968500000,0.027976152736,0.000007652736,0.000007652736
1088,0,,37.1139333333,37.1251440049,0.0112106716,0.0112106716,,0.027974000000,0.027982184123,0.000008184123,0.000008184123
1089,0,,37.1198000000,37.1318140447,0.0120140447,0.0120140447,,0.027979500000,0.027988092216,0.000008592216,0.000008592216
1090,0,,37.1256666667,37.1383666911,0.0127000244,0.0127000244,,0.027985000000,0.027993882737,0.000008882737,0.000008882737
1091,0,,37.1315333333,37.1448065902,0.0132732568,0.0132732568,,0.027990500000,0.027999561413,0.000009061413,0.000009061413
1092,0,,37.1374000000,37.1511383879,0.0137383879,0.0137383879,,0.027996000000,0.028005133964,0.000009133964,0.000009133964
1093,0,,37.1432666667,37.1573667305,0.0141000638,0.0141000638,,0.028001500000,0.028010606117,0.000009106117,0.000009106117
1094,0,,37.1491333333,37.1634962638,0.0143629305,0.0143629305,,0.028007000000,0.028015983593,0.000008983593,0.000008983593
1095,0,,37.1550000000,37.1695316340,0.0145316340,0.0145316340,,0.028012500000,0.028021272118,0.000008772118,0.000008772118
1096,0,,37.1608666667,37.1754774870,0.0146108204,0.0146108204,,0.028018000000,0.028026477414,0.000008477414,0.000008477414
1097,0,,37.1667333333,37.1813384690,0.0146051357,0.0146051357,,0.028023500000,0.028031605205,0.000008105205,0.000008105205
1098,0,,37.1726000000,37.1871192259,0.0145192259,0.0145192259,,0.028029000000,0.028036661216,0.000007661216,0.000007661216
1099,0,,37.1784666667,37.1928244039,0.0143577372,0.0143577372,,0.028034500000,0.028041651169,0.000007151169,0.000007151169
1100,0,,37.1843333333,37.1984586489,0.0141253155,0.0141253155,,0.028040000000,0.028046580788,0.000006580788,0.000006580788
1101,0,,37.1902000000,37.2040266069,0.0138266069,0.0138266069,,0.028045500000,0.028051455798,0.000005955798,0.000005955798
1102,0,,37.1960666667,37.2095329242,0.0134662575,0.0134662575,,0.028051000000,0.028056281921,0.000005281921,0.000005281921
1103,0,,37.2019333333,37.2149822466,0.0130489132,0.0130489132,,0.028056500000,0.028061064882,0.000004564882,0.000004564882
1104,0,,37.2078000000,37.2203792202,0.0125792202,0.0125792202,,0.028062000000,0.028065810404,0.000003810404,0.000003810404
1105,0,,37.2136666667,37.2257284911,0.0120618244,0.0120618244,,0.028067500000,0.028070524211,0.000003024211,0.000003024211
1106,0,,37.2195333333,37.2310347053,0.0115013719,0.0115013719,,0.028073000000,0.028075212026,0.000002212026,0.000002212026
1107,0,,37.2254000000,37.2363025088,0.0109025088,0.0109025088,,0.028078500000,0.028079879573,0.000001379573,0.000001379573
1108,0,,37.2312666667,37.2415365477,0.0102698811,0.0102698811,,0.028084000000,0.028084532577,0.000000532577,0.000000532577
1109,0,,37.2371333333,37.2467414681,0.0096081348,0.0096081348,,0.028089500000,0.028089176760,-0.000000323240,0.000000323240
1110,0,,37.2430000000,37.2519219160,0.0089219160,0.0089219160,,0.028095000000,0.028093817846,-0.000001182154,0.000001182154
1111,0,,37.2488666667,37.2570825373,0.0082158707,0.0082158707,,0.028100500000,0.028098461560,-0.000002038440,0.000002038440
1112,0,,37.2547333333,37.2622279782,0.0074946449,0.0074946449,,0.028106000000,0.028103113624,-0.000002886376,0.000002886376
1113,0,,37.2606000000,37.2673628848,0.0067628848,0.0067628848,,0.028111500000,0.028107779762,-0.000003720238,0.000003720238
1114,0,,37.2664666667,37.2724919030,0.0060252363,0.0060252363,,0.028117000000,0.028112465699,-0.000004534301,0.000004534301
1115,0,,37.2723333333,37.2776196788,0.0052863455,0.0052863455,,0.028122500000,0.028117177157,-0.000005322843,0.000005322843
1116,0,,37.2782000000,37.2827508584,0.0045508584,0.0045508584,,0.028128000000,0.028121919861,-0.000006080139,0.000006080139
1117,0,,37.2840666667,37.2878900878,0.0038234212,0.0038234212,,0.028133500000,0.028126699534,-0.000006800466,0.000006800466
1118,0,,37.2899333333,37.2930420130,0.0031086797,0.0031086797,,0.028139000000,0.028131521900,-0.000007478100,0.000007478100
1119,0,,37.2958000000,37.2982112801,0.0024112801,0.0024112801,,0.028144500000,0.028136392682,-0.000008107318,0.000008107318
1120,0,,37.3016666667,37.3034025351,0.0017358684,0.0017358684,,0.028150000000,0.028141317605,-0.000008682395,0.000008682395
1121,0,,37.3075333333,37.3086204240,0.0010870906,0.0010870906,,0.028155500000,0.028146302392,-0.000009197608,0.000009197608
1122,0,,37.3134000000,37.3138695929,0.0004695929,0.0004695929,,0.028161000000,0.028151352766,-0.000009647234,0.000009647234
1123,0,,37.3192666667,37.3191546878,-0.0001119789,0.0001119789,,0.028166500000,0.028156474452,-0.000010025548,0.000010025548
1124,0,,37.3251333333,37.3244803548,-0.0006529785,0.0006529785,,0.028172000000,0.028161673172,-0.000010326828,0.000010326828
1125,0,,37.3310000000,37.3298512400,-0.0011487600,0.0011487600,,0.028177500000,0.028166954652,-0.000010545348,0.000010545348
1126,0,,37.3368666667,37.3352719892,-0.0015946774,0.0015946774,,0.028183000000,0.028172324613,-0.000010675387,0.000010675387
1127,0,,37.3427333333,37.3407472487,-0.0019860846,0.0019860846,,0.028188500000,0.028177788781,-0.000010711219,0.000010711219
1128,0,,37.3486000000,37.3462816645,-0.0023183355,0.0023183355,,0.028194000000,0.028183352879,-0.000010647121,0.000010647121
1129,0,,37.3544666667,37.3518798825,-0.0025867842,0.0025867842,,0.028199500000,0.028189022630,-0.000010477370,0.000010477370
1130,0,,37.3603333333,37.3575465489,-0.0027867845,0.0027867845,,0.028205000000,0.028194803758,-0.000010196242,0.000010196242
1131,0,,37.3662000000,37.3632863096,-0.0029136904,0.0029136904,,0.028210500000,0.028200701988,-0.000009798012,0.000009798012
1132,0,,37.3720666667,37.3691038107,-0.0029628559,0.0029628559,,0.028216000000,0.028206723041,-0.000009276959,0.000009276959
1133,0,,37.3779333333,37.3750036983,-0.0029296350,0.0029296350,,0.028221500000,0.028212872644,-0.000008627356,0.000008627356
1134,0,,37.3838000000,37.3809906184,-0.0028093816,0.0028093816,,0.028227000000,0.028219156518,-0.000007843482,0.000007843482
1135,0,,37.3896666667,37.3870692171,-0.0025974496,0.0025974496,,0.028232500000,0.028225580387,-0.000006919613,0.000006919613
1136,0,,37.3955333333,37.3932441403,-0.0022891930,0.0022891930,,0.028238000000,0.028232149976,-0.000005850024,0.000005850024
1137,0,,37.4014000000,37.3995200342,-0.0018799658,0.0018799658,,0.028243500000,0.028238871008,-0.000004628992,0.000004628992
1138,0,,37.4072666667,37.4059015447,-0.0013651219,0.0013651219,,0.028249000000,0.028245749207,-0.000003250793,0.000003250793
1139,0,,37.4131333333,37.4123933180,-0.0007400153,0.0007400153,,0.028254500000,0.028252790297,-0.000001709703,0.000001709703
1140,1,37.419000,37.4190000000,37.4190000000,0.0000000000,0.0000000000,0.02826000,0.028260000000,0.028260000000,0.000000000000,0.000000000000
1141,0,,37.4267166667,37.4257377471,-0.0009789196,0.0009789196,,0.028270833333,0.028267478261,-0.000003355072,0.000003355072
1142,0,,37.4344333333,37.4326159201,-0.0018174133,0.0018174133,,0.028281666667,0.028275312844,-0.000006353823,0.000006353823
1143,0,,37.4421500000,37.4396289721,-0.0025210279,0.0025210279,,0.028292500000,0.028283491199,-0.000009008801,0.000009008801
1144,0,,37.4498666667,37.4467713560,-0.0030953107,0.0030953107,,0.028303333333,0.028292000780,-0.000011332554,0.000011332554
1145,0,,37.4575833333,37.4540375248,-0.0035458085,0.0035458085,,0.028314166667,0.028300829038,-0.000013337629,0.000013337629
1146,0,,37.4653000000,37.4614219315,-0.0038780685,0.0038780685,,0.028325000000,0.028309963426,-0.000015036574,0.000015036574
1147,0,,37.4730166667,37.4689190292,-0.0040976375,0.0040976375,,0.028335833333,0.028319391397,-0.000016441936,0.000016441936
1148,0,,37.4807333333,37.4765232707,-0.0042100626,0.0042100626,,0.028346666667,0.028329100402,-0.000017566265,0.000017566265
1149,0,,37.4884500000,37.4842291091,-0.0042208909,0.0042208909,,0.028357500000,0.028339077893,-0.000018422107,0.000018422107
1150,0,,37.4961666667,37.4920309974,-0.0041356693,0.0041356693,,0.028368333333,0.028349311324,-0.000019022009,0.000019022009
1151,0,,37.5038833333,37.4999233885,-0.0039599448,0.0039599448,,0.028379166667,0.028359788146,-0.000019378521,0.000019378521
1152,0,,37.5116000000,37.5079007355,-0.0036992645,0.0036992645,,0.028390000000,0.028370495811,-0.000019504189,0.000019504189
1153,0,,37.5193166667,37.5159574913,-0.0033591754,0.0033591754,,0.028400833333,0.028381421772,-0.000019411561,0.000019411561
1154,0,,37.5270333333,37.5240881088,-0.0029452245,0.0029452245,,0.028411666667,0.028392553481,-0.000019113186,0.000019113186
1155,0,,37.5347500000,37.5322870412,-0.0024629588,0.0024629588,,0.028422500000,0.028403878390,-0.000018621610,0.000018621610
1156,0,,37.5424666667,37.5405487414,-0.0019179253,0.0019179253,,0.028433333333,0.028415383952,-0.000017949381,0.000017949381
1157,0,,37.5501833333,37.5488676623,-0.0013156710,0.0013156710,,0.028444166667,0.028427057619,-0.000017109048,0.000017109048
1158,0,,37.5579000000,37.5572382570,-0.0006617430,0.0006617430,,0.028455000000,0.028438886842,-0.000016113158,0.000016113158
1159,0,,37.5656166667,37.5656549785,0.0000383118,0.0000383118,,0.028465833333,0.028450859075,-0.000014974258,0.000014974258
1160,0,,37.5733333333,37.5741122796,0.0007789463,0.0007789463,,0.028476666667,0.028462961770,-0.000013704897,0.000013704897
1161,0,,37.5810500000,37.5826046135,0.0015546135,0.0015546135,,0.028487500000,0.028475182378,-0.000012317622,0.000012317622
1162,0,,37.5887666667,37.5911264331,0.0023597665,0.0023597665,,0.028498333333,0.028487508352,-0.000010824981,0.000010824981
1163,0,,37.5964833333,37.5996721914,0.0031888581,0.0031888581,,0.028509166667,0.028499927145,-0.000009239522,0.000009239522
1164,0,,37.6042000000,37.6082363414,0.0040363414,0.0040363414,,0.028520000000,0.028512426208,-0.000007573792,0.000007573792
1165,0,,37.6119166667,37.6168133360,0.0048966694,0.0048966694,,0.028530833333,0.028524992995,-0.000005840339,0.000005840339
1166,0,,37.6196333333,37.6253976283,0.0057642950,0.0057642950,,0.028541666667,0.028537614956,-0.000004051711,0.000004051711
1167,0,,37.6273500000,37.6339836713,0.0066336713,0.0066336713,,0.028552500000,0.028550279545,-0.000002220455,0.000002220455
1168,0,,37.6350666667,37.6425659179,0.0074992512,0.0074992512,,0.028563333333,0.028562974213,-0.000000359120,0.000000359120
1169,0,,37.6427833333,37.6511388210,0.0083554877,0.0083554877,,0.028574166667,0.028575686414,0.000001519747,0.000001519747
1170,0,,37.6505000000,37.6596968338,0.0091968338,0.0091968338,,0.028585000000,0.028588403598,0.000003403598,0.000003403598
1171,0,,37.6582166667,37.6682344092,0.0100177426,0.0100177426,,0.028595833333,0.028601113219,0.000005279886,0.000005279886
1172,0,,37.6659333333,37.6767460002,0.0108126669,0.0108126669,,0.028606666667,0.028613802729,0.000007136062,0.000007136062
1173,0,,37.6736500000,37.6852260597,0.0115760597,0.0115760597,,0.028617500000,0.028626459580,0.000008959580,0.000008959580
1174,0,,37.6813666667,37.6936690408,0.0123023741,0.0123023741,,0.028628333333,0.028639071224,0.000010737890,0.000010737890
1175,0,,37.6890833333,37.7020693964,0.0129860631,0.0129860631,,0.028639166667,0.028651625113,0.000012458446,0.000012458446
1176,0,,37.6968000000,37.7104215796,0.0136215796,0.0136215796,,0.028650000000,0.028664108700,0.000014108700,0.000014108700
1177,0,,37.7045166667,37.7187200432,0.0142033766,0.0142033766,,0.028660833333,0.028676509438,0.000015676104,0.000015676104
1178,0,,37.7122333333,37.7269592404,0.0147259071,0.0147259071,,0.028671666667,0.028688814777,0.000017148110,0.000017148110
1179,0,,37.7199500000,37.7351336241,0.0151836241,0.0151836241,,0.028682500000,0.028701012171,0.000018512171,0.000018512171
1180,0,,37.7276666667,37.7432376472,0.0155709805,0.0155709805,,0.028693333333,0.028713089072,0.000019755739,0.000019755739
1181,0,,37.7353833333,37.7512657628,0.0158824295,0.0158824295,,0.028704166667,0.028725032932,0.000020866265,0.000020866265
1182,0,,37.7431000000,37.7592124238,0.0161124238,0.0161124238,,0.028715000000,0.028736831203,0.000021831203,0.000021831203
1183,0,,37.7508166667,37.7670720833,0.0162554167,0.0162554167,,0.028725833333,0.028748471338,0.000022638004,0.000022638004
1184,0,,37.7585333333,37.7748391942,0.0163058609,0.0163058609,,0.028736666667,0.028759940788,0.000023274122,0.000023274122
1185,0,,37.7662500000,37.7825082095,0.0162582095,0.0162582095,,0.028747500000,0.028771227007,0.000023727007,0.000023727007
1186,0,,37.7739666667,37.7900735823,0.0161069156,0.0161069156,,0.028758333333,0.028782317446,0.000023984113,0.000023984113
1187,0,,37.7816833333,37.7975297654,0.0158464320,0.0158464320,,0.028769166667,0.028793199558,0.000024032892,0.000024032892
1188,0,,37.7894000000,37.8048712118,0.0154712118,0.0154712118,,0.028780000000,0.028803860795,0.000023860795,0.000023860795
1189,0,,37.7971166667,37.8120923747,0.0149757080,0.0149757080,,0.028790833333,0.028814288609,0.000023455275,0.000023455275
1190,0,,37.8048333333,37.8191877069,0.0143543735,0.0143543735,,0.028801666667,0.028824470452,0.000022803785,0.000022803785
1191,0,,37.8125500000,37.8261516614,0.0136016614,0.0136016614,,0.028812500000,0.028834393777,0.000021893777,0.000021893777
1192,0,,37.8202666667,37.8329786912,0.0127120246,0.0127120246,,0.028823333333,0.028844046036,0.000020712702,0.000020712702
1193,0,,37.8279833333,37.8396632494,0.0116799160,0.0116799160,,0.028834166667,0.028853414681,0.000019248014,0.000019248014
1194,0,,37.8357000000,37.8461997888,0.0104997888,0.0104997888,,0.028845000000,0.028862487164,0.000017487164,0.000017487164
1195,0,,37.8434166667,37.8525827625,0.0091660959,0.0091660959,,0.028855833333,0.028871250939,0.000015417605,0.000015417605
1196,0,,37.8511333333,37.8588066235,0.0076732902,0.0076732902,,0.028866666667,0.028879693456,0.000013026789,0.000013026789
1197,0,,37.8588500000,37.8648658248,0.0060158248,0.0060158248,,0.028877500000,0.028887802168,0.000010302168,0.000010302168
1198,0,,37.8665666667,37.8707548193,0.0041881526,0.0041881526,,0.028888333333,0.028895564528,0.000007231195,0.000007231195
1199,0,,37.8742833333,37.8764680600,0.0021847267,0.0021847267,,0.028899166667,0.028902967988,0.000003801322,0.000003801322
1200,1,37.882000,37.8820000000,37.8820000000,0.0000000000,0.0000000000,0.02891000,0.028910000000,0.028910000000,0.000000000000,0.000000000000
1201,0,,37.8862000000,37.8873688368,0.0011688368,0.0011688368,,0.028915000000,0.028916769507,0.000001769507,0.000001769507
1202,0,,37.8904000000,37.8925998524,0.0021998524,0.0021998524,,0.028920000000,0.028923396658,0.000003396658,0.000003396658
1203,0,,37.8946000000,37.8976981260,0.0030981260,0.0030981260,,0.028925000000,0.028929885714,0.000004885714,0.000004885714
1204,0,,37.8988000000,37.9026687369,0.0038687369,0.0038687369,,0.028930000000,0.028936240936,0.000006240936,0.000006240936
1205,0,,37.9030000000,37.9075167645,0.0045167645,0.0045167645,,0.028935000000,0.028942466583,0.000007466583,0.000007466583
1206,0,,37.9072000000,37.9122472879,0.0050472879,0.0050472879,,0.028940000000,0.028948566917,0.000008566917,0.000008566917
1207,0,,37.9114000000,37.9168653866,0.0054653866,0.0054653866,,0.028945000000,0.028954546199,0.000009546199,0.000009546199
1208,0,,37.9156000000,37.9213761397,0.0057761397,0.0057761397,,0.028950000000,0.028960408688,0.000010408688,0.000010408688
1209,0,,37.9198000000,37.9257846266,0.0059846266,0.0059846266,,0.028955000000,0.028966158647,0.000011158647,0.000011158647
1210,0,,37.9240000000,37.9300959267,0.0060959267,0.0060959267,,0.028960000000,0.028971800334,0.000011800334,0.000011800334
1211,0,,37.9282000000,37.9343151191,0.0061151191,0.0061151191,,0.028965000000,0.028977338012,0.000012338012,0.000012338012
1212,0,,37.9324000000,37.9384472832,0.0060472832,0.0060472832,,0.028970000000,0.028982775940,0.000012775940,0.000012775940
1213,0,,37.9366000000,37.9424974982,0.0058974982,0.0058974982,,0.028975000000,0.028988118379,0.000013118379,0.000013118379
1214,0,,37.9408000000,37.9464708435,0.0056708435,0.0056708435,,0.028980000000,0.028993369591,0.000013369591,0.000013369591
1215,0,,37.9450000000,37.9503723984,0.0053723984,0.0053723984,,0.028985000000,0.028998533835,0.000013533835,0.000013533835
1216,0,,37.9492000000,37.9542072421,0.0050072421,0.0050072421,,0.028990000000,0.029003615372,0.000013615372,0.000013615372
1217,0,,37.9534000000,37.9579804539,0.0045804539,0.0045804539,,0.028995000000,0.029008618463,0.000013618463,0.000013618463
1218,0,,37.9576000000,37.9616971132,0.0040971132,0.0040971132,,0.029000000000,0.029013547368,0.000013547368,0.000013547368
1219,0,,37.9618000000,37.9653622992,0.0035622992,0.0035622992,,0.029005000000,0.029018406349,0.000013406349,0.000013406349
1220,0,,37.9660000000,37.9689810912,0.0029810912,0.0029810912,,0.029010000000,0.029023199666,0.000013199666,0.000013199666
1221,0,,37.9702000000,37.9725585686,0.0023585686,0.0023585686,,0.029015000000,0.029027931579,0.000012931579,0.000012931579
1222,0,,37.9744000000,37.9760998105,0.0016998105,0.0016998105,,0.029020000000,0.029032606349,0.000012606349,0.000012606349
1223,0,,37.9786000000,37.9796098964,0.0010098964,0.0010098964,,0.029025000000,0.029037228237,0.000012228237,0.000012228237
1224,0,,37.9828000000,37.9830939054,0.0002939054,0.0002939054,,0.029030000000,0.029041801504,0.000011801504,0.000011801504
1225,0,,37.9870000000,37.9865569170,-0.0004430830,0.0004430830,,0.029035000000,0.029046330409,0.000011330409,0.000011330409
1226,0,,37.9912000000,37.9900040103,-0.0011959897,0.0011959897,,0.029040000000,0.029050819215,0.000010819215,0.000010819215
1227,0,,37.9954000000,37.9934402647,-0.0019597353,0.0019597353,,0.029045000000,0.029055272180,0.000010272180,0.000010272180
1228,0,,37.9996000000,37.9968707594,-0.0027292406,0.0027292406,,0.029050000000,0.029059693567,0.000009693567,0.000009693567
1229,0,,38.0038000000,38.0003005739,-0.0034994261,0.0034994261,,0.029055000000,0.029064087636,0.000009087636,0.000009087636
1230,0,,38.0080000000,38.0037347872,-0.0042652128,0.0042652128,,0.029060000000,0.029068458647,0.000008458647,0.000008458647
1231,0,,38.0122000000,38.0071784789,-0.0050215211,0.0050215211,,0.029065000000,0.029072810860,0.000007810860,0.000007810860
1232,0,,38.0164000000,38.0106367281,-0.0057632719,0.0057632719,,0.029070000000,0.029077148538,0.000007148538,0.000007148538
1233,0,,38.0206000000,38.0141146141,-0.0064853859,0.0064853859,,0.029075000000,0.029081475940,0.000006475940,0.000006475940
1234,0,,38.0248000000,38.0176172162,-0.0071827838,0.0071827838,,0.029080000000,0.029085797327,0.000005797327,0.000005797327
1235,0,,38.0290000000,38.0211496138,-0.0078503862,0.0078503862,,0.029085000000,0.029090116959,0.000005116959,0.000005116959
1236,0,,38.0332000000,38.0247168861,-0.0084831139,0.0084831139,,0.029090000000,0.029094439098,0.000004439098,0.000004439098
1237,0,,38.0374000000,38.0283241124,-0.0090758876,0.0090758876,,0.029095000000,0.029098768003,0.000003768003,0.000003768003
1238,0,,38.0416000000,38.0319763720,-0.0096236280,0.0096236280,,0.029100000000,0.029103107937,0.000003107937,0.000003107937
1239,0,,38.0458000000,38.0356787442,-0.0101212558,0.0101212558,,0.029105000000,0.029107463158,0.000002463158,0.000002463158
1240,0,,38.0500000000,38.0394363083,-0.0105636917,0.0105636917,,0.029110000000,0.029111837928,0.000001837928,0.000001837928
1241,0,,38.0542000000,38.0432541436,-0.0109458564,0.0109458564,,0.029115000000,0.029116236508,0.000001236508,0.000001236508
1242,0,,38.0584000000,38.0471373294,-0.0112626706,0.0112626706,,0.029120000000,0.029120663158,0.000000663158,0.000000663158
1243,0,,38.0626000000,38.0510909449,-0.0115090551,0.0115090551,,0.029125000000,0.029125122139,0.000000122139,0.000000122139
1244,0,,38.0668000000,38.0551200695,-0.0116799305,0.0116799305,,0.029130000000,0.029129617711,-0.000000382289,0.000000382289
1245,0,,38.0710000000,38.0592297825,-0.0117702175,0.0117702175,,0.029135000000,0.029134154135,-0.000000845865,0.000000845865
1246,0,,38.0752000000,38.0634251631,-0.0117748369,0.0117748369,,0.029140000000,0.029138735673,-0.000001264327,0.000001264327
1247,0,,38.0794000000,38.0677112907,-0.0116887093,0.0116887093,,0.029145000000,0.029143366583,-0.000001633417,0.000001633417
1248,0,,38.0836000000,38.0720932445,-0.0115067555,0.0115067555,,0.029150000000,0.029148051128,-0.000001948872,0.000001948872
1249,0,,38.0878000000,38.0765761039,-0.0112238961,0.0112238961,,0.029155000000,0.029152793567,-0.000002206433,0.000002206433
1250,0,,38.0920000000,38.0811649480,-0.0108350520,0.0108350520,,0.029160000000,0.029157598162,-0.000002401838,0.000002401838
1251,0,,38.0962000000,38.0858648563,-0.0103351437,0.0103351437,,0.029165000000,0.029162469173,-0.000002530827,0.000002530827
1252,0,,38.1004000000,38.0906809081,-0.0097190919,0.0097190919,,0.029170000000,0.029167410860,-0.000002589140,0.000002589140
1253,0,,38.1046000000,38.0956181825,-0.0089818175,0.0089818175,,0.029175000000,0.029172427485,-0.000002572515,0.000002572515
1254,0,,38.1088000000,38.1006817589,-0.0081182411,0.0081182411,,0.029180000000,0.029177523308,-0.000002476692,0.000002476692
1255,0,,38.1130000000,38.1058767166,-0.0071232834,0.0071232834,,0.029185000000,0.029182702590,-0.000002297410,0.000002297410
1256,0,,38.1172000000,38.1112081350,-0.0059918650,0.0059918650,,0.029190000000,0.029187969591,-0.000002030409,0.000002030409
1257,0,,38.1214000000,38.1166810932,-0.0047189068,0.0047189068,,0.029195000000,0.029193328571,-0.000001671429,0.000001671429
1258,0,,38.1256000000,38.1223006705,-0.0032993295,0.0032993295,,0.029200000000,0.029198783793,-0.000001216207,0.000001216207
1259,0,,38.1298000000,38.1280719464,-0.0017280536,0.0017280536,,0.029205000000,0.029204339515,-0.000000660485,0.000000660485
1260,1,38.134000,38.1340000000,38.1340000000,0.0000000000,0.0000000000,0.02921000,0.029210000000,0.029210000000,0.000000000000,0.000000000000
1261,0,,38.1445500000,38.1402062495,-0.0043437505,0.0043437505,,0.029216666667,0.029215717441,-0.000000949226,0.000000949226
1262,0,,38.1551000000,38.1468004275,-0.0082995725,0.0082995725,,0.029223333333,0.029221442054,-0.000001891280,0.000001891280
1263,0,,38.1656500000,38.1537700849,-0.0118799151,0.0118799151,,0.029230000000,0.029227175132,-0.000002824868,0.000002824868
1264,0,,38.1762000000,38.1611027725,-0.0150972275,0.0150972275,,0.029236666667,0.029232917970,-0.000003748697,0.000003748697
1265,0,,38.1867500000,38.1687860413,-0.0179639587,0.0179639587,,0.029243333333,0.029238671860,-0.000004661474,0.000004661474
1266,0,,38.1973000000,38.1768074421,-0.0204925579,0.0204925579,,0.029250000000,0.029244438095,-0.000005561905,0.000005561905
1267,0,,38.2078500000,38.1851545259,-0.0226954741,0.0226954741,,0.029256666667,0.029250217970,-0.000006448697,0.000006448697
1268,0,,38.2184000000,38.1938148435,-0.0245851565,0.0245851565,,0.029263333333,0.029256012777,-0.000007320557,0.000007320557
1269,0,,38.2289500000,38.2027759458,-0.0261740542,0.0261740542,,0.029270000000,0.029261823810,-0.000008176190,0.000008176190
1270,0,,38.2395000000,38.2120253838,-0.0274746162,0.0274746162,,0.029276666667,0.029267652361,-0.000009014305,0.000009014305
1271,0,,38.2500500000,38.2215507083,-0.0284992917,0.0284992917,,0.029283333333,0.029273499726,-0.000009833608,0.000009833608
1272,0,,38.2606000000,38.2313394703,-0.0292605297,0.0292605297,,0.029290000000,0.029279367196,-0.000010632804,0.000010632804
1273,0,,38.2711500000,38.2413792205,-0.0297707795,0.0297707795,,0.029296666667,0.029285256065,-0.000011410602,0.000011410602
1274,0,,38.2817000000,38.2516575100,-0.0300424900,0.0300424900,,0.029303333333,0.029291167627,-0.000012165706,0.000012165706
1275,0,,38.2922500000,38.2621618895,-0.0300881105,0.0300881105,,0.029310000000,0.029297103175,-0.000012896825,0.000012896825
1276,0,,38.3028000000,38.2728799101,-0.0299200899,0.0299200899,,0.029316666667,0.029303064002,-0.000013602665,0.000013602665
1277,0,,38.3133500000,38.2837991226,-0.0295508774,0.0295508774,,0.029323333333,0.029309051401,-0.000014281932,0.000014281932
1278,0,,38.3239000000,38.2949070778,-0.0289929222,0.0289929222,,0.029330000000,0.029315066667,-0.000014933333,0.000014933333
1279,0,,38.3344500000,38.3061913268,-0.0282586732,0.0282586732,,0.029336666667,0.029321111092,-0.000015555575,0.000015555575
1280,0,,38.3450000000,38.3176394203,-0.0273605797,0.0273605797,,0.029343333333,0.029327185969,-0.000016147364,0.000016147364
1281,0,,38.3555500000,38.3292389093,-0.0263110907,0.0263110907,,0.029350000000,0.029333292593,-0.000016707407,0.000016707407
1282,0,,38.3661000000,38.3409773447,-0.0251226553,0.0251226553,,0.029356666667,0.029339432256,-0.000017234411,0.000017234411
1283,0,,38.3766500000,38.3528422774,-0.0238077226,0.0238077226,,0.029363333333,0.029345606251,-0.000017727082,0.000017727082
1284,0,,38.3872000000,38.3648212582,-0.0223787418,0.0223787418,,0.029370000000,0.029351815873,-0.000018184127,0.000018184127
1285,0,,38.3977500000,38.3769018381,-0.0208481619,0.0208481619,,0.029376666667,0.029358062414,-0.000018604252,0.000018604252
1286,0,,38.4083000000,38.3890715680,-0.0192284320,0.0192284320,,0.029383333333,0.029364347168,-0.000018986165,0.000018986165
1287,0,,38.4188500000,38.4013179987,-0.0175320013,0.0175320013,,0.029390000000,0.029370671429,-0.000019328571,0.000019328571
1288,0,,38.4294000000,38.4136286811,-0.0157713189,0.0157713189,,0.029396666667,0.029377036488,-0.000019630178,0.000019630178
1289,0,,38.4399500000,38.4259911662,-0.0139588338,0.0139588338,,0.029403333333,0.029383443641,-0.000019889692,0.000019889692
1290,0,,38.4505000000,38.4383930048,-0.0121069952,0.0121069952,,0.029410000000,0.029389894180,-0.000020105820,0.000020105820
1291,0,,38.4610500000,38.4508217479,-0.0102282521,0.0102282521,,0.029416666667,0.029396389398,-0.000020277268,0.000020277268
1292,0,,38.4716000000,38.4632649463,-0.0083350537,0.0083350537,,0.029423333333,0.029402930590,-0.000020402743,0.000020402743
1293,0,,38.4821500000,38.4757101509,-0.0064398491,0.0064398491,,0.029430000000,0.029409519048,-0.000020480952,0.000020480952
1294,0,,38.4927000000,38.4881449127,-0.0045550873,0.0045550873,,0.029436666667,0.029416156065,-0.000020510602,0.000020510602
1295,0,,38.5032500000,38.5005567824,-0.0026932176,0.0026932176,,0.029443333333,0.029422842936,-0.000020490398,0.000020490398
1296,0,,38.5138000000,38.5129333111,-0.0008666889,0.0008666889,,0.029450000000,0.029429580952,-0.000020419048,0.000020419048
1297,0,,38.5243500000,38.5252620495,0.0009120495,0.0009120495,,0.029456666667,0.029436371409,-0.000020295258,0.000020295258
1298,0,,38.5349000000,38.5375305487,0.0026305487,0.0026305487,,0.029463333333,0.029443215599,-0.000020117735,0.000020117735
1299,0,,38.5454500000,38.5497263595,0.0042763595,0.0042763595,,0.029470000000,0.029450114815,-0.000019885185,0.000019885185
1300,0,,38.5560000000,38.5618370327,0.0058370327,0.0058370327,,0.029476666667,0.029457070351,-0.000019596316,0.000019596316
1301,0,,38.5665500000,38.5738501194,0.0073001194,0.0073001194,,0.029483333333,0.029464083500,-0.000019249833,0.000019249833
1302,0,,38.5771000000,38.5857531703,0.0086531703,0.0086531703,,0.029490000000,0.029471155556,-0.000018844444,0.000018844444
1303,0,,38.5876500000,38.5975337364,0.0098837364,0.0098837364,,0.029496666667,0.029478287811,-0.000018378856,0.000018378856
1304,0,,38.5982000000,38.6091793686,0.0109793686,0.0109793686,,0.029503333333,0.029485481560,-0.000017851773,0.000017851773
1305,0,,38.6087500000,38.6206776177,0.0119276177,0.0119276177,,0.029510000000,0.029492738095,-0.000017261905,0.000017261905
1306,0,,38.6193000000,38.6320160347,0.0127160347,0.0127160347,,0.029516666667,0.029500058711,-0.000016607956,0.000016607956
1307,0,,38.6298500000,38.6431821705,0.0133321705,0.0133321705,,0.029523333333,0.029507444699,-0.000015888634,0.000015888634
1308,0,,38.6404000000,38.6541635759,0.0137635759,0.0137635759,,0.029530000000,0.029514897354,-0.000015102646,0.000015102646
1309,0,,38.6509500000,38.6649478019,0.0139978019,0.0139978019,,0.029536666667,0.029522417970,-0.000014248697,0.000014248697
1310,0,,38.6615000000,38.6755223993,0.0140223993,0.0140223993,,0.029543333333,0.029530007839,-0.000013325495,0.000013325495
1311,0,,38.6720500000,38.6858749191,0.0138249191,0.0138249191,,0.029550000000,0.029537668254,-0.000012331746,0.000012331746
1312,0,,38.6826000000,38.6959929121,0.0133929121,0.0133929121,,0.029556666667,0.029545400510,-0.000011266157,0.000011266157
1313,0,,38.6931500000,38.7058639292,0.0127139292,0.0127139292,,0.029563333333,0.029553205898,-0.000010127435,0.000010127435
1314,0,,38.7037000000,38.7154755214,0.0117755214,0.0117755214,,0.029570000000,0.029561085714,-0.000008914286,0.000008914286
1315,0,,38.7142500000,38.7248152395,0.0105652395,0.0105652395,,0.029576666667,0.029569041250,-0.000007625416,0.000007625416
1316,0,,38.7248000000,38.7338706343,0.0090706343,0.0090706343,,0.029583333333,0.029577073800,-0.000006259534,0.000006259534
1317,0,,38.7353500000,38.7426292570,0.0072792570,0.0072792570,,0.029590000000,0.029585184656,-0.000004815344,0.000004815344
1318,0,,38.7459000000,38.7510786582,0.0051786582,0.0051786582,,0.029596666667,0.029593375113,-0.000003291554,0.000003291554
1319,0,,38.7564500000,38.7592063889,0.0027563889,0.0027563889,,0.029603333333,0.029601646463,-0.000001686870,0.000001686870
1320,1,38.767000,38.7670000000,38.7670000000,0.0000000000,0.0000000000,0.02961000,0.029610000000,0.029610000000,0.000000000000,0.000000000000
1321,0,,38.7729666667,38.7745712083,0.0016045416,0.0016045416,,0.029621333333,0.029618587122,-0.000002746211,0.000002746211
1322,0,,38.7789333333,38.7820416296,0.0031082963,0.0031082963,,0.029632666667,0.029627548664,-0.000005118003,0.000005118003
1323,0,,38.7849000000,38.7894136639,0.0045136639,0.0045136639,,0.029644000000,0.029636870074,-0.000007129926,0.000007129926
1324,0,,38.7908666667,38.7966897109,0.0058230443,0.0058230443,,0.029655333333,0.029646536801,-0.000008796532,0.000008796532
1325,0,,38.7968333333,38.8038721704,0.0070388370,0.0070388370,,0.029666666667,0.029656534294,-0.000010132373,0.000010132373
1326,0,,38.8028000000,38.8109634420,0.0081634420,0.0081634420,,0.029678000000,0.029666848000,-0.000011152000,0.000011152000
1327,0,,38.8087666667,38.8179659257,0.0091992590,0.0091992590,,0.029689333333,0.029677463369,-0.000011869964,0.000011869964
1328,0,,38.8147333333,38.8248820212,0.0101486878,0.0101486878,,0.029700666667,0.029688365849,-0.000012300818,0.000012300818
1329,0,,38.8207000000,38.8317141281,0.0110141281,0.0110141281,,0.029712000000,0.029699540889,-0.000012459111,0.000012459111
1330,0,,38.8266666667,38.8384646465,0.0117979798,0.0117979798,,0.029723333333,0.029710973937,-0.000012359396,0.000012359396
1331,0,,38.8326333333,38.8451359759,0.0125026426,0.0125026426,,0.029734666667,0.029722650442,-0.000012016225,0.000012016225
1332,0,,38.8386000000,38.8517305162,0.0131305162,0.0131305162,,0.029746000000,0.029734555852,-0.000011444148,0.000011444148
1333,0,,38.8445666667,38.8582506671,0.0136840004,0.0136840004,,0.029757333333,0.029746675616,-0.000010657717,0.000010657717
1334,0,,38.8505333333,38.8646988285,0.0141654951,0.0141654951,,0.029768666667,0.029758995182,-0.000009671484,0.000009671484
1335,0,,38.8565000000,38.8710774000,0.0145774000,0.0145774000,,0.029780000000,0.029771500000,-0.000008500000,0.000008500000
1336,0,,38.8624666667,38.8773887815,0.0149221149,0.0149221149,,0.029791333333,0.029784175517,-0.000007157816,0.000007157816
1337,0,,38.8684333333,38.8836353728,0.0152020395,0.0152020395,,0.029802666667,0.029797007182,-0.000005659484,0.000005659484
1338,0,,38.8744000000,38.8898195736,0.0154195736,0.0154195736,,0.029814000000,0.029809980444,-0.000004019556,0.000004019556
1339,0,,38.8803666667,38.8959437836,0.0155771169,0.0155771169,,0.029825333333,0.029823080752,-0.000002252582,0.000002252582
1340,0,,38.8863333333,38.9020104027,0.0156770694,0.0156770694,,0.029836666667,0.029836293553,-0.000000373114,0.000000373114
1341,0,,38.8923000000,38.9080218307,0.0157218307,0.0157218307,,0.029848000000,0.029849604296,0.000001604296,0.000001604296
1342,0,,38.8982666667,38.9139804672,0.0157138006,0.0157138006,,0.029859333333,0.029862998431,0.000003665097,0.000003665097
1343,0,,38.9042333333,38.9198887122,0.0156553789,0.0156553789,,0.029870666667,0.029876461405,0.000005794738,0.000005794738
1344,0,,38.9102000000,38.9257489653,0.0155489653,0.0155489653,,0.029882000000,0.029889978667,0.000007978667,0.000007978667
1345,0,,38.9161666667,38.9315636263,0.0153969597,0.0153969597,,0.029893333333,0.029903535665,0.000010202332,0.000010202332
1346,0,,38.9221333333,38.9373350951,0.0152017617,0.0152017617,,0.029904666667,0.029917117849,0.000012451182,0.000012451182
1347,0,,38.9281000000,38.9430657713,0.0149657713,0.0149657713,,0.029916000000,0.029930710667,0.000014710667,0.000014710667
1348,0,,38.9340666667,38.9487580547,0.0146913881,0.0146913881,,0.029927333333,0.029944299567,0.000016966233,0.000016966233
1349,0,,38.9400333333,38.9544143452,0.0143810119,0.0143810119,,0.029938666667,0.029957869997,0.000019203331,0.000019203331
1350,0,,38.9460000000,38.9600370425,0.0140370425,0.0140370425,,0.029950000000,0.029971407407,0.000021407407,0.000021407407
1351,0,,38.9519666667,38.9656285464,0.0136618797,0.0136618797,,0.029961333333,0.029984897246,0.000023563912,0.000023563912
1352,0,,38.9579333333,38.9711912566,0.0132579232,0.0132579232,,0.029972666667,0.029998324960,0.000025658294,0.000025658294
1353,0,,38.9639000000,38.9767275729,0.0128275729,0.0128275729,,0.029984000000,0.030011676000,0.000027676000,0.000027676000
1354,0,,38.9698666667,38.9822398951,0.0123732284,0.0123732284,,0.029995333333,0.030024935813,0.000029602480,0.000029602480
1355,0,,38.9758333333,38.9877306230,0.0118972897,0.0118972897,,0.030006666667,0.030038089849,0.000031423182,0.000031423182
1356,0,,38.9818000000,38.9932021563,0.0114021563,0.0114021563,,0.030018000000,0.030051123556,0.000033123556,0.000033123556
1357,0,,38.9877666667,38.9986568948,0.0108902282,0.0108902282,,0.030029333333,0.030064022381,0.000034689048,0.000034689048
1358,0,,38.9937333333,39.0040972384,0.0103639050,0.0103639050,,0.030040666667,0.030076771775,0.000036105108,0.000036105108
1359,0,,38.9997000000,39.0095255867,0.0098255867,0.0098255867,,0.030052000000,0.030089357185,0.000037357185,0.000037357185
1360,0,,39.0056666667,39.0149443395,0.0092776728,0.0092776728,,0.030063333333,0.030101764060,0.000038430727,0.000038430727
1361,0,,39.0116333333,39.0203558966,0.0087225633,0.0087225633,,0.030074666667,0.030113977849,0.000039311182,0.000039311182
1362,0,,39.0176000000,39.0257626578,0.0081626578,0.0081626578,,0.030086000000,0.030125984000,0.000039984000,0.000039984000
1363,0,,39.0235666667,39.0311670229,0.0076003563,0.0076003563,,0.030097333333,0.030137767962,0.000040434628,0.000040434628
1364,0,,39.0295333333,39.0365713916,0.0070380583,0.0070380583,,0.030108666667,0.030149315182,0.000040648516,0.000040648516
1365,0,,39.0355000000,39.0419781637,0.0064781637,0.0064781637,,0.030120000000,0.030160611111,0.000040611111,0.000040611111
1366,0,,39.0414666667,39.0473897390,0.0059230724,0.0059230724,,0.030131333333,0.030171641196,0.000040307863,0.000040307863
1367,0,,39.0474333333,39.0528085173,0.0053751839,0.0053751839,,0.030142666667,0.030182390886,0.000039724219,0.000039724219
1368,0,,39.0534000000,39.0582368982,0.0048368982,0.0048368982,,0.030154000000,0.030192845630,0.000038845630,0.000038845630
1369,0,,39.0593666667,39.0636772817,0.0043106150,0.0043106150,,0.030165333333,0.030202990875,0.000037657542,0.000037657542
1370,0,,39.0653333333,39.0691320674,0.0037987341,0.0037987341,,0.030176666667,0.030212812071,0.000036145405,0.000036145405
1371,0,,39.0713000000,39.0746036552,0.0033036552,0.0033036552,,0.030188000000,0.030222294667,0.000034294667,0.000034294667
1372,0,,39.0772666667,39.0800944448,0.0028277781,0.0028277781,,0.030199333333,0.030231424110,0.000032090776,0.000032090776
1373,0,,39.0832333333,39.0856068360,0.0023735027,0.0023735027,,0.030210666667,0.030240185849,0.000029519182,0.000029519182
1374,0,,39.0892000000,39.0911432286,0.0019432286,0.0019432286,,0.030222000000,0.030248565333,0.000026565333,0.000026565333
1375,0,,39.0951666667,39.0967060223,0.0015393556,0.0015393556,,0.030233333333,0.030256548011,0.000023214678,0.000023214678
1376,0,,39.1011333333,39.1022976169,0.0011642836,0.0011642836,,0.030244666667,0.030264119331,0.000019452664,0.000019452664
1377,0,,39.1071000000,39.1079204122,0.0008204122,0.0008204122,,0.030256000000,0.030271264741,0.000015264741,0.000015264741
1378,0,,39.1130666667,39.1135768080,0.0005101413,0.0005101413,,0.030267333333,0.030277969690,0.000010636357,0.000010636357
1379,0,,39.1190333333,39.1192692040,0.0002358706,0.0002358706,,0.030278666667,0.030284219627,0.000005552960,0.000005552960
1380,1,39.125000,39.1250000000,39.1250000000,0.0000000000,0.0000000000,0.03029000,0.030290000000,0.030290000000,0.000000000000,0.000000000000
1381,0,,39.1305500000,39.1307820901,0.0002320901,0.0002320901,,0.030293666667,0.030295457020,0.000001790353,0.000001790353
1382,0,,39.1361000000,39.1366244199,0.0005244199,0.0005244199,,0.030297333333,0.030300750155,0.000003416822,0.000003416822
1383,0,,39.1416500000,39.1425234667,0.0008734667,0.0008734667,,0.030301000000,0.030305884744,0.000004884744,0.000004884744
1384,0,,39.1472000000,39.1484757077,0.0012757077,0.0012757077,,0.030304666667,0.030310866124,0.000006199458,0.000006199458
1385,0,,39.1527500000,39.1544776201,0.0017276201,0.0017276201,,0.030308333333,0.030315699633,0.000007366300,0.000007366300
1386,0,,39.1583000000,39.1605256811,0.0022256811,0.0022256811,,0.030312000000,0.030320390609,0.000008390609,0.000008390609
1387,0,,39.1638500000,39.1666163679,0.0027663679,0.0027663679,,0.030315666667,0.030324944388,0.000009277722,0.000009277722
1388,0,,39.1694000000,39.1727461577,0.0033461577,0.0033461577,,0.030319333333,0.030329366310,0.000010032976,0.000010032976
1389,0,,39.1749500000,39.1789115278,0.0039615278,0.0039615278,,0.030323000000,0.030333661710,0.000010661710,0.000010661710
1390,0,,39.1805000000,39.1851089553,0.0046089553,0.0046089553,,0.030326666667,0.030337835928,0.000011169261,0.000011169261
1391,0,,39.1860500000,39.1913349175,0.0052849175,0.0052849175,,0.030330333333,0.030341894300,0.000011560967,0.000011560967
1392,0,,39.1916000000,39.1975858916,0.0059858916,0.0059858916,,0.030334000000,0.030345842164,0.000011842164,0.000011842164
1393,0,,39.1971500000,39.2038583548,0.0067083548,0.0067083548,,0.030337666667,0.030349684858,0.000012018192,0.000012018192
1394,0,,39.2027000000,39.2101487843,0.0074487843,0.0074487843,,0.030341333333,0.030353427720,0.000012094387,0.000012094387
1395,0,,39.2082500000,39.2164536573,0.0082036573,0.0082036573,,0.030345000000,0.030357076087,0.000012076087,0.000012076087
1396,0,,39.2138000000,39.2227694511,0.0089694511,0.0089694511,,0.030348666667,0.030360635296,0.000011968630,0.000011968630
1397,0,,39.2193500000,39.2290926428,0.0097426428,0.0097426428,,0.030352333333,0.030364110686,0.000011777353,0.000011777353
1398,0,,39.2249000000,39.2354197096,0.0105197096,0.0105197096,,0.030356000000,0.030367507594,0.000011507594,0.000011507594
1399,0,,39.2304500000,39.2417471289,0.0112971289,0.0112971289,,0.030359666667,0.030370831358,0.000011164691,0.000011164691
1400,0,,39.2360000000,39.2480713777,0.0120713777,0.0120713777,,0.030363333333,0.030374087314,0.000010753981,0.000010753981
1401,0,,39.2415500000,39.2543889333,0.0128389333,0.0128389333,,0.030367000000,0.030377280802,0.000010280802,0.000010280802
1402,0,,39.2471000000,39.2606962730,0.0135962730,0.0135962730,,0.030370666667,0.030380417158,0.000009750491,0.000009750491
1403,0,,39.2526500000,39.2669898738,0.0143398738,0.0143398738,,0.030374333333,0.030383501720,0.000009168387,0.000009168387
1404,0,,39.2582000000,39.2732662132,0.0150662132,0.0150662132,,0.030378000000,0.030386539826,0.000008539826,0.000008539826
1405,0,,39.2637500000,39.2795217681,0.0157717681,0.0157717681,,0.030381666667,0.030389536813,0.000007870147,0.000007870147
1406,0,,39.2693000000,39.2857530160,0.0164530160,0.0164530160,,0.030385333333,0.030392498020,0.000007164686,0.000007164686
1407,0,,39.2748500000,39.2919564339,0.0171064339,0.0171064339,,0.030389000000,0.030395428783,0.000006428783,0.000006428783
1408,0,,39.2804000000,39.2981284991,0.0177284991,0.0177284991,,0.030392666667,0.030398334440,0.000005667773,0.000005667773
1409,0,,39.2859500000,39.3042656888,0.0183156888,0.0183156888,,0.030396333333,0.030401220329,0.000004886996,0.000004886996
1410,0,,39.2915000000,39.3103644802,0.0188644802,0.0188644802,,0.030400000000,0.030404091787,0.000004091787,0.000004091787
1411,0,,39.2970500000,39.3164213506,0.0193713506,0.0193713506,,0.030403666667,0.030406954153,0.000003287486,0.000003287486
1412,0,,39.3026000000,39.3224327771,0.0198327771,0.0198327771,,0.030407333333,0.030409812764,0.000002479430,0.000002479430
1413,0,,39.3081500000,39.3283952370,0.0202452370,0.0202452370,,0.030411000000,0.030412672957,0.000001672957,0.000001672957
1414,0,,39.3137000000,39.3343052075,0.0206052075,0.0206052075,,0.030414666667,0.030415540069,0.000000873403,0.000000873403
1415,0,,39.3192500000,39.3401591657,0.0209091657,0.0209091657,,0.030418333333,0.030418419440,0.000000086107,0.000000086107
1416,0,,39.3248000000,39.3459535889,0.0211535889,0.0211535889,,0.030422000000,0.030421316406,-0.000000683594,0.000000683594
1417,0,,39.3303500000,39.3516849544,0.0213349544,0.0213349544,,0.030425666667,0.030424236305,-0.000001430362,0.000001430362
1418,0,,39.3359000000,39.3573497392,0.0214497392,0.0214497392,,0.030429333333,0.030427184474,-0.000002148860,0.000002148860
1419,0,,39.3414500000,39.3629444207,0.0214944207,0.0214944207,,0.030433000000,0.030430166251,-0.000002833749,0.000002833749
1420,0,,39.3470000000,39.3684654761,0.0214654761,0.0214654761,,0.030436666667,0.030433186974,-0.000003479692,0.000003479692
1421,0,,39.3525500000,39.3739093825,0.0213593825,0.0213593825,,0.030440333333,0.030436251981,-0.000004081352,0.000004081352
1422,0,,39.3581000000,39.3792726172,0.0211726172,0.0211726172,,0.030444000000,0.030439366609,-0.000004633391,0.000004633391
1423,0,,39.3636500000,39.3845516574,0.0209016574,0.0209016574,,0.030447666667,0.030442536195,-0.000005130472,0.000005130472
1424,0,,39.3692000000,39.3897429803,0.0205429803,0.0205429803,,0.030451333333,0.030445766078,-0.000005567256,0.000005567256
1425,0,,39.3747500000,39.3948430631,0.0200930631,0.0200930631,,0.030455000000,0.030449061594,-0.000005938406,0.000005938406
1426,0,,39.3803000000,39.3998483830,0.0195483830,0.0195483830,,0.030458666667,0.030452428082,-0.000006238584,0.000006238584
1427,0,,39.3858500000,39.4047554173,0.0189054173,0.0189054173,,0.030462333333,0.030455870880,-0.000006462454,0.000006462454
1428,0,,39.3914000000,39.4095606431,0.0181606431,0.0181606431,,0.030466000000,0.030459395324,-0.000006604676,0.000006604676
1429,0,,39.3969500000,39.4142605377,0.0173105377,0.0173105377,,0.030469666667,0.030463006752,-0.000006659914,0.000006659914
1430,0,,39.4025000000,39.4188515783,0.0163515783,0.0163515783,,0.030473333333,0.030466710503,-0.000006622831,0.000006622831
1431,0,,39.4080500000,39.4233302421,0.0152802421,0.0152802421,,0.030477000000,0.030470511913,-0.000006488087,0.000006488087
1432,0,,39.4136000000,39.4276930063,0.0140930063,0.0140930063,,0.030480666667,0.030474416321,-0.000006250346,0.000006250346
1433,0,,39.4191500000,39.4319363481,0.0127863481,0.0127863481,,0.030484333333,0.030478429063,-0.000005904270,0.000005904270
1434,0,,39.4247000000,39.4360567447,0.0113567447,0.0113567447,,0.030488000000,0.030482555478,-0.000005444522,0.000005444522
1435,0,,39.4302500000,39.4400506734,0.0098006734,0.0098006734,,0.030491666667,0.030486800904,-0.000004865763,0.000004865763
1436,0,,39.4358000000,39.4439146113,0.0081146113,0.0081146113,,0.030495333333,0.030491170677,-0.000004162657,0.000004162657
1437,0,,39.4413500000,39.4476450358,0.0062950358,0.0062950358,,0.030499000000,0.030495670135,-0.000003329865,0.000003329865
1438,0,,39.4469000000,39.4512384239,0.0043384239,0.0043384239,,0.030502666667,0.030500304617,-0.000002362050,0.000002362050
1439,0,,39.4524500000,39.4546912529,0.0022412529,0.0022412529,,0.030506333333,0.030505079459,-0.000001253874,0.000001253874
1440,1,39.458000,39.4580000000,39.4580000000,0.0000000000,0.0000000000,0.03051000,0.030510000000,0.030510000000,0.000000000000,0.000000000000
1441,0,,39.4602833333,39.4611836392,0.0009003059,0.0009003059,,0.030517833333,0.030515100928,-0.000002732405,0.000002732405
1442,0,,39.4625666667,39.4642659352,0.0016992685,0.0016992685,,0.030525666667,0.030520409413,-0.000005257254,0.000005257254
1443,0,,39.4648500000,39.4672505513,0.0024005513,0.0024005513,,0.030533500000,0.030525919507,-0.000007580493,0.000007580493
1444,0,,39.4671333333,39.4701411509,0.0030078176,0.0030078176,,0.030541333333,0.030531625269,-0.000009708065,0.000009708065
1445,0,,39.4694166667,39.4729413973,0.0035247306,0.0035247306,,0.030549166667,0.030537520751,-0.000011645916,0.000011645916
1446,0,,39.4717000000,39.4756549538,0.0039549538,0.0039549538,,0.030557000000,0.030543600010,-0.000013399990,0.000013399990
1447,0,,39.4739833333,39.4782854837,0.0043021504,0.0043021504,,0.030564833333,0.030549857101,-0.000014976232,0.000014976232
1448,0,,39.4762666667,39.4808366504,0.0045699837,0.0045699837,,0.030572666667,0.030556286079,-0.000016380587,0.000016380587
1449,0,,39.4785500000,39.4833121172,0.0047621172,0.0047621172,,0.030580500000,0.030562881000,-0.000017619000,0.000017619000
1450,0,,39.4808333333,39.4857155474,0.0048822141,0.0048822141,,0.030588333333,0.030569635918,-0.000018697415,0.000018697415
1451,0,,39.4831166667,39.4880506044,0.0049339377,0.0049339377,,0.030596166667,0.030576544889,-0.000019621778,0.000019621778
1452,0,,39.4854000000,39.4903209514,0.0049209514,0.0049209514,,0.030604000000,0.030583601968,-0.000020398032,0.000020398032
1453,0,,39.4876833333,39.4925302519,0.0048469186,0.0048469186,,0.030611833333,0.030590801211,-0.000021032122,0.000021032122
1454,0,,39.4899666667,39.4946821692,0.0047155025,0.0047155025,,0.030619666667,0.030598136672,-0.000021529994,0.000021529994
1455,0,,39.4922500000,39.4967803665,0.0045303665,0.0045303665,,0.030627500000,0.030605602408,-0.000021897592,0.000021897592
1456,0,,39.4945333333,39.4988285072,0.0042951738,0.0042951738,,0.030635333333,0.030613192472,-0.000022140861,0.000022140861
1457,0,,39.4968166667,39.5008302546,0.0040135879,0.0040135879,,0.030643166667,0.030620900921,-0.000022265745,0.000022265745
1458,0,,39.4991000000,39.5027892721,0.0036892721,0.0036892721,,0.030651000000,0.030628721810,-0.000022278190,0.000022278190
1459,0,,39.5013833333,39.5047092230,0.0033258896,0.0033258896,,0.030658833333,0.030636649194,-0.000022184140,0.000022184140
1460,0,,39.5036666667,39.5065937706,0.0029271039,0.0029271039,,0.030666666667,0.030644677127,-0.000021989539,0.000021989539
1461,0,,39.5059500000,39.5084465782,0.0024965782,0.0024965782,,0.030674500000,0.030652799667,-0.000021700333,0.000021700333
1462,0,,39.5082333333,39.5102713093,0.0020379759,0.0020379759,,0.030682333333,0.030661010867,-0.000021322467,0.000021322467
1463,0,,39.5105166667,39.5120716270,0.0015549603,0.0015549603,,0.030690166667,0.030669304783,-0.000020861884,0.000020861884
1464,0,,39.5128000000,39.5138511947,0.0010511947,0.0010511947,,0.030698000000,0.030677675470,-0.000020324530,0.000020324530
1465,0,,39.5150833333,39.5156136759,0.0005303425,0.0005303425,,0.030705833333,0.030686116984,-0.000019716349,0.000019716349
1466,0,,39.5173666667,39.5173627337,-0.0000039330,0.0000039330,,0.030713666667,0.030694623380,-0.000019043287,0.000019043287
1467,0,,39.5196500000,39.5191020315,-0.0005479685,0.0005479685,,0.030721500000,0.030703188712,-0.000018311288,0.000018311288
1468,0,,39.5219333333,39.5208352327,-0.0010981006,0.0010981006,,0.030729333333,0.030711807037,-0.000017526296,0.000017526296
1469,0,,39.5242166667,39.5225660006,-0.0016506661,0.0016506661,,0.030737166667,0.030720472409,-0.000016694257,0.000016694257
1470,0,,39.5265000000,39.5242979985,-0.0022020015,0.0022020015,,0.030745000000,0.030729178884,-0.000015821116,0.000015821116
1471,0,,39.5287833333,39.5260348897,-0.0027484436,0.0027484436,,0.030752833333,0.030737920518,-0.000014912816,0.000014912816
1472,0,,39.5310666667,39.5277803376,-0.0032863291,0.0032863291,,0.030760666667,0.030746691364,-0.000013975303,0.000013975303
1473,0,,39.5333500000,39.5295380055,-0.0038119945,0.0038119945,,0.030768500000,0.030755485479,-0.000013014521,0.000013014521
1474,0,,39.5356333333,39.5313115567,-0.0043217767,0.0043217767,,0.030776333333,0.030764296918,-0.000012036416,0.000012036416
1475,0,,39.5379166667,39.5331046545,-0.0048120122,0.0048120122,,0.030784166667,0.030773119736,-0.000011046931,0.000011046931
1476,0,,39.5402000000,39.5349209623,-0.0052790377,0.0052790377,,0.030792000000,0.030781947988,-0.000010052012,0.000010052012
1477,0,,39.5424833333,39.5367641435,-0.0057191899,0.0057191899,,0.030799833333,0.030790775730,-0.000009057604,0.000009057604
1478,0,,39.5447666667,39.5386378613,-0.0061288054,0.0061288054,,0.030807666667,0.030799597016,-0.000008069650,0.000008069650
1479,0,,39.5470500000,39.5405457790,-0.0065042210,0.0065042210,,0.030815500000,0.030808405903,-0.000007094097,0.000007094097
1480,0,,39.5493333333,39.5424915601,-0.0068417733,0.0068417733,,0.030823333333,0.030817196445,-0.000006136888,0.000006136888
1481,0,,39.5516166667,39.5444788677,-0.0071377989,0.0071377989,,0.030831166667,0.030825962697,-0.000005203969,0.000005203969
1482,0,,39.5539000000,39.5465113654,-0.0073886346,0.0073886346,,0.030839000000,0.030834698716,-0.000004301284,0.000004301284
1483,0,,39.5561833333,39.5485927163,-0.0075906171,0.0075906171,,0.030846833333,0.030843398555,-0.000003434778,0.000003434778
1484,0,,39.5584666667,39.5507265838,-0.0077400829,0.0077400829,,0.030854666667,0.030852056271,-0.000002610395,0.000002610395
1485,0,,39.5607500000,39.5529166313,-0.0078333687,0.0078333687,,0.030862500000,0.030860665919,-0.000001834081,0.000001834081
1486,0,,39.5630333333,39.5551665220,-0.0078668113,0.0078668113,,0.030870333333,0.030869221553,-0.000001111780,0.000001111780
1487,0,,39.5653166667,39.5574799193,-0.0078367473,0.0078367473,,0.030878166667,0.030877717230,-0.000000449437,0.000000449437
1488,0,,39.5676000000,39.5598604866,-0.0077395134,0.0077395134,,0.030886000000,0.030886147004,0.000000147004,0.000000147004
1489,0,,39.5698833333,39.5623118871,-0.0075714462,0.0075714462,,0.030893833333,0.030894504930,0.000000671597,0.000000671597
1490,0,,39.5721666667,39.5648377843,-0.0073288824,0.0073288824,,0.030901666667,0.030902785065,0.000001118398,0.000001118398
1491,0,,39.5744500000,39.5674418413,-0.0070081587,0.0070081587,,0.030909500000,0.030910981462,0.000001481462,0.000001481462
1492,0,,39.5767333333,39.5701277216,-0.0066056118,0.0066056118,,0.030917333333,0.030919088178,0.000001754845,0.000001754845
1493,0,,39.5790166667,39.5728990884,-0.0061175783,0.0061175783,,0.030925166667,0.030927099268,0.000001932601,0.000001932601
1494,0,,39.5813000000,39.5757596051,-0.0055403949,0.0055403949,,0.030933000000,0.030935008787,0.000002008787,0.000002008787
1495,0,,39.5835833333,39.5787129351,-0.0048703982,0.0048703982,,0.030940833333,0.030942810789,0.000001977456,0.000001977456
1496,0,,39.5858666667,39.5817627417,-0.0041039250,0.0041039250,,0.030948666667,0.030950499332,0.000001832665,0.000001832665
1497,0,,39.5881500000,39.5849126881,-0.0032373119,0.0032373119,,0.030956500000,0.030958068469,0.000001568469,0.000001568469
1498,0,,39.5904333333,39.5881664377,-0.0022668956,0.0022668956,,0.030964333333,0.030965512255,0.000001178922,0.000001178922
1499,0,,39.5927166667,39.5915276539,-0.0011890127,0.0011890127,,0.030972166667,0.030972824747,0.000000658081,0.000000658081
1500,1,39.595000,39.5950000000,39.5950000000,0.0000000000,0.0000000000,0.03098000,0.030980000000,0.030980000000,0.000000000000,0.000000000000
1501,0,,39.6027666667,39.5987264161,-0.0040402506,0.0040402506,,0.030986500000,0.030987080719,0.000000580719,0.000000580719
1502,0,,39.6105333333,39.6028388130,-0.0076945203,0.0076945203,,0.030993000000,0.030994114511,0.000001114511,0.000001114511
1503,0,,39.6183000000,39.6073243103,-0.0109756897,0.0109756897,,0.030999500000,0.031001102787,0.000001602787,0.000001602787
1504,0,,39.6260666667,39.6121700274,-0.0138966392,0.0138966392,,0.031006000000,0.031008046956,0.000002046956,0.000002046956
1505,0,,39.6338333333,39.6173630839,-0.0164702494,0.0164702494,,0.031012500000,0.031014948425,0.000002448425,0.000002448425
1506,0,,39.6416000000,39.6228905992,-0.0187094008,0.0187094008,,0.031019000000,0.031021808605,0.000002808605,0.000002808605
1507,0,,39.6493666667,39.6287396928,-0.0206269739,0.0206269739,,0.031025500000,0.031028628903,0.000003128903,0.000003128903
1508,0,,39.6571333333,39.6348974842,-0.0222358491,0.0222358491,,0.031032000000,0.031035410730,0.000003410730,0.000003410730
1509,0,,39.6649000000,39.6413510929,-0.0235489071,0.0235489071,,0.031038500000,0.031042155494,0.000003655494,0.000003655494
1510,0,,39.6726666667,39.6480876384,-0.0245790282,0.0245790282,,0.031045000000,0.031048864604,0.000003864604,0.000003864604
1511,0,,39.6804333333,39.6550942402,-0.0253390931,0.0253390931,,0.031051500000,0.031055539469,0.000004039469,0.000004039469
1512,0,,39.6882000000,39.6623580177,-0.0258419823,0.0258419823,,0.031058000000,0.031062181499,0.000004181499,0.000004181499
1513,0,,39.6959666667,39.6698660905,-0.0261005762,0.0261005762,,0.031064500000,0.031068792101,0.000004292101,0.000004292101
1514,0,,39.7037333333,39.6776055780,-0.0261277554,0.0261277554,,0.031071000000,0.031075372685,0.000004372685,0.000004372685
1515,0,,39.7115000000,39.6855635997,-0.0259364003,0.0259364003,,0.031077500000,0.031081924661,0.000004424661,0.000004424661
1516,0,,39.7192666667,39.6937272751,-0.0255393916,0.0255393916,,0.031084000000,0.031088449436,0.000004449436,0.000004449436
1517,0,,39.7270333333,39.7020837237,-0.0249496096,0.0249496096,,0.031090500000,0.031094948421,0.000004448421,0.000004448421
1518,0,,39.7348000000,39.7106200650,-0.0241799350,0.0241799350,,0.031097000000,0.031101423023,0.000004423023,0.000004423023
1519,0,,39.7425666667,39.7193234185,-0.0232432482,0.0232432482,,0.031103500000,0.031107874653,0.000004374653,0.000004374653
1520,0,,39.7503333333,39.7281809037,-0.0221524297,0.0221524297,,0.031110000000,0.031114304718,0.000004304718,0.000004304718
1521,0,,39.7581000000,39.7371796400,-0.0209203600,0.0209203600,,0.031116500000,0.031120714629,0.000004214629,0.000004214629
1522,0,,39.7658666667,39.7463067469,-0.0195599198,0.0195599198,,0.031123000000,0.031127105793,0.000004105793,0.000004105793
1523,0,,39.7736333333,39.7555493440,-0.0180839894,0.0180839894,,0.031129500000,0.031133479620,0.000003979620,0.000003979620
1524,0,,39.7814000000,39.7648945506,-0.0165054494,0.0165054494,,0.031136000000,0.031139837519,0.000003837519,0.000003837519
1525,0,,39.7891666667,39.7743294864,-0.0148371802,0.0148371802,,0.031142500000,0.031146180899,0.000003680899,0.000003680899
1526,0,,39.7969333333,39.7838412708,-0.0130920625,0.0130920625,,0.031149000000,0.031152511169,0.000003511169,0.000003511169
1527,0,,39.8047000000,39.7934170233,-0.0112829767,0.0112829767,,0.031155500000,0.031158829738,0.000003329738,0.000003329738
1528,0,,39.8124666667,39.8030438633,-0.0094228034,0.0094228034,,0.031162000000,0.031165138015,0.000003138015,0.000003138015
1529,0,,39.8202333333,39.8127089104,-0.0075244229,0.0075244229,,0.031168500000,0.031171437409,0.000002937409,0.000002937409
1530,0,,39.8280000000,39.8223992840,-0.0056007160,0.0056007160,,0.031175000000,0.031177729328,0.000002729328,0.000002729328
1531,0,,39.8357666667,39.8321021037,-0.0036645630,0.0036645630,,0.031181500000,0.031184015182,0.000002515182,0.000002515182
1532,0,,39.8435333333,39.8418044889,-0.0017288444,0.0017288444,,0.031188000000,0.031190296381,0.000002296381,0.000002296381
1533,0,,39.8513000000,39.8514935591,0.0001935591,0.0001935591,,0.031194500000,0.031196574331,0.000002074331,0.000002074331
1534,0,,39.8590666667,39.8611564338,0.0020897672,0.0020897672,,0.031201000000,0.031202850444,0.000001850444,0.000001850444
1535,0,,39.8668333333,39.8707802325,0.0039468992,0.0039468992,,0.031207500000,0.031209126128,0.000001626128,0.000001626128
1536,0,,39.8746000000,39.8803520747,0.0057520747,0.0057520747,,0.031214000000,0.031215402791,0.000001402791,0.000001402791
1537,0,,39.8823666667,39.8898590799,0.0074924132,0.0074924132,,0.031220500000,0.031221681843,0.000001181843,0.000001181843
1538,0,,39.8901333333,39.8992883675,0.0091550341,0.0091550341,,0.031227000000,0.031227964692,0.000000964692,0.000000964692
1539,0,,39.8979000000,39.9086270570,0.0107270570,0.0107270570,,0.031233500000,0.031234252749,0.000000752749,0.000000752749
1540,0,,39.9056666667,39.9178622680,0.0121956013,0.0121956013,,0.031240000000,0.031240547421,0.000000547421,0.000000547421
1541,0,,39.9134333333,39.9269811199,0.0135477865,0.0135477865,,0.031246500000,0.031246850118,0.000000350118,0.000000350118
1542,0,,39.9212000000,39.9359707322,0.0147707322,0.0147707322,,0.031253000000,0.031253162248,0.000000162248,0.000000162248
1543,0,,39.9289666667,39.9448182244,0.0158515577,0.0158515577,,0.031259500000,0.031259485221,-0.000000014779,0.000000014779
1544,0,,39.9367333333,39.9535107159,0.0167773826,0.0167773826,,0.031266000000,0.031265820446,-0.000000179554,0.000000179554
1545,0,,39.9445000000,39.9620353264,0.0175353264,0.0175353264,,0.031272500000,0.031272169331,-0.000000330669,0.000000330669
1546,0,,39.9522666667,39.9703791752,0.0181125085,0.0181125085,,0.031279000000,0.031278533286,-0.000000466714,0.000000466714
1547,0,,39.9600333333,39.9785293819,0.0184960485,0.0184960485,,0.031285500000,0.031284913720,-0.000000586280,0.000000586280
1548,0,,39.9678000000,39.9864730659,0.0186730659,0.0186730659,,0.031292000000,0.031291312041,-0.000000687959,0.000000687959
1549,0,,39.9755666667,39.9941973467,0.0186306800,0.0186306800,,0.031298500000,0.031297729659,-0.000000770341,0.000000770341
1550,0,,39.9833333333,40.0016893438,0.0183560105,0.0183560105,,0.031305000000,0.031304167983,-0.000000832017,0.000000832017
1551,0,,39.9911000000,40.0089361768,0.0178361768,0.0178361768,,0.031311500000,0.031310628421,-0.000000871579,0.000000871579
1552,0,,39.9988666667,40.0159249650,0.0170582983,0.0170582983,,0.031318000000,0.031317112382,-0.000000887618,0.000000887618
1553,0,,40.0066333333,40.0226428280,0.0160094947,0.0160094947,,0.031324500000,0.031323621276,-0.000000878724,0.000000878724
1554,0,,40.0144000000,40.0290768853,0.0146768853,0.0146768853,,0.031331000000,0.031330156512,-0.000000843488,0.000000843488
1555,0,,40.0221666667,40.0352142564,0.0130475897,0.0130475897,,0.031337500000,0.031336719498,-0.000000780502,0.000000780502
1556,0,,40.0299333333,40.0410420606,0.0111087273,0.0111087273,,0.031344000000,0.031343311643,-0.000000688357,0.000000688357
1557,0,,40.0377000000,40.0465474177,0.0088474177,0.0088474177,,0.031350500000,0.031349934357,-0.000000565643,0.000000565643
1558,0,,40.0454666667,40.0517174469,0.0062507802,0.0062507802,,0.031357000000,0.031356589049,-0.000000410951,0.000000410951
1559,0,,40.0532333333,40.0565392678,0.0033059345,0.0033059345,,0.031363500000,0.031363277127,-0.000000222873,0.000000222873
1560,1,40.061000,40.0610000000,40.0610000000,0.0000000000,0.0000000000,0.03137000,0.031370000000,0.031370000000,0.000000000000,0.000000000000
1561,0,,40.0639500000,40.0652142812,0.0012642812,0.0012642812,,0.031377000000,0.031376752109,-0.000000247891,0.000000247891
1562,0,,40.0669000000,40.0693080153,0.0024080153,0.0024080153,,0.031384000000,0.031383526476,-0.000000473524,0.000000473524
1563,0,,40.0698500000,40.0732852207,0.0034352207,0.0034352207,,0.031391000000,0.031390322385,-0.000000677615,0.000000677615
1564,0,,40.0728000000,40.0771499159,0.0043499159,0.0043499159,,0.031398000000,0.031397139119,-0.000000860881,0.000000860881
1565,0,,40.0757500000,40.0809061194,0.0051561194,0.0051561194,,0.031405000000,0.031403975961,-0.000001024039,0.000001024039
1566,0,,40.0787000000,40.0845578496,0.0058578496,0.0058578496,,0.031412000000,0.031410832195,-0.000001167805,0.000001167805
1567,0,,40.0816500000,40.0881091249,0.0064591249,0.0064591249,,0.031419000000,0.031417707104,-0.000001292896,0.000001292896
1568,0,,40.0846000000,40.0915639639,0.0069639639,0.0069639639,,0.031426000000,0.031424599972,-0.000001400028,0.000001400028
1569,0,,40.0875500000,40.0949263849,0.0073763849,0.0073763849,,0.031433000000,0.031431510081,-0.000001489919,0.000001489919
1570,0,,40.0905000000,40.0982004065,0.0077004065,0.0077004065,,0.031440000000,0.031438436716,-0.000001563284,0.000001563284
1571,0,,40.0934500000,40.1013900470,0.0079400470,0.0079400470,,0.031447000000,0.031445379159,-0.000001620841,0.000001620841
1572,0,,40.0964000000,40.1044993250,0.0080993250,0.0080993250,,0.031454000000,0.031452336694,-0.000001663306,0.000001663306
1573,0,,40.0993500000,40.1075322588,0.0081822588,0.0081822588,,0.031461000000,0.031459308604,-0.000001691396,0.000001691396
1574,0,,40.1023000000,40.1104928670,0.0081928670,0.0081928670,,0.031468000000,0.031466294172,-0.000001705828,0.000001705828
1575,0,,40.1052500000,40.1133851680,0.0081351680,0.0081351680,,0.031475000000,0.031473292683,-0.000001707317,0.000001707317
1576,0,,40.1082000000,40.1162131802,0.0080131802,0.0080131802,,0.031482000000,0.031480303419,-0.000001696581,0.000001696581
1577,0,,40.1111500000,40.1189809221,0.0078309221,0.0078309221,,0.031489000000,0.031487325663,-0.000001674337,0.000001674337
1578,0,,40.1141000000,40.1216924122,0.0075924122,0.0075924122,,0.031496000000,0.031494358699,-0.000001641301,0.000001641301
1579,0,,40.1170500000,40.1243516690,0.0073016690,0.0073016690,,0.031503000000,0.031501401811,-0.000001598189,0.000001598189
1580,0,,40.1200000000,40.1269627108,0.0069627108,0.0069627108,,0.031510000000,0.031508454281,-0.000001545719,0.000001545719
1581,0,,40.1229500000,40.1295295561,0.0065795561,0.0065795561,,0.031517000000,0.031515515393,-0.000001484607,0.000001484607
1582,0,,40.1259000000,40.1320562234,0.0061562234,0.0061562234,,0.031524000000,0.031522584430,-0.000001415570,0.000001415570
1583,0,,40.1288500000,40.1345467311,0.0056967311,0.0056967311,,0.031531000000,0.031529660677,-0.000001339323,0.000001339323
1584,0,,40.1318000000,40.1370050977,0.0052050977,0.0052050977,,0.031538000000,0.031536743415,-0.000001256585,0.000001256585
1585,0,,40.1347500000,40.1394353417,0.0046853417,0.0046853417,,0.031545000000,0.031543831928,-0.000001168072,0.000001168072
1586,0,,40.1377000000,40.1418414814,0.0041414814,0.0041414814,,0.031552000000,0.031550925500,-0.000001074500,0.000001074500
1587,0,,40.1406500000,40.1442275354,0.0035775354,0.0035775354,,0.031559000000,0.031558023415,-0.000000976585,0.000000976585
1588,0,,40.1436000000,40.1465975222,0.0029975222,0.0029975222,,0.031566000000,0.031565124954,-0.000000875046,0.000000875046
1589,0,,40.1465500000,40.1489554601,0.0024054601,0.0024054601,,0.031573000000,0.031572229403,-0.000000770597,0.000000770597
1590,0,,40.1495000000,40.1513053676,0.0018053676,0.0018053676,,0.031580000000,0.031579336043,-0.000000663957,0.000000663957
1591,0,,40.1524500000,40.1536512631,0.0012012631,0.0012012631,,0.031587000000,0.031586444159,-0.000000555841,0.000000555841
1592,0,,40.1554000000,40.1559971652,0.0005971652,0.0005971652,,0.031594000000,0.031593553034,-0.000000446966,0.000000446966
1593,0,,40.1583500000,40.1583470923,-0.0000029077,0.0000029077,,0.031601000000,0.031600661951,-0.000000338049,0.000000338049
1594,0,,40.1613000000,40.1607050628,-0.0005949372,0.0005949372,,0.031608000000,0.031607770194,-0.000000229806,0.000000229806
1595,0,,40.1642500000,40.1630750952,-0.0011749048,0.0011749048,,0.031615000000,0.031614877045,-0.000000122955,0.000000122955
1596,0,,40.1672000000,40.1654612080,-0.0017387920,0.0017387920,,0.031622000000,0.031621981789,-0.000000018211,0.000000018211
1597,0,,40.1701500000,40.1678674196,-0.0022825804,0.0022825804,,0.031629000000,0.031629083708,0.000000083708,0.000000083708
1598,0,,40.1731000000,40.1702977484,-0.0028022516,0.0028022516,,0.031636000000,0.031636182086,0.000000182086,0.000000182086
1599,0,,40.1760500000,40.1727562129,-0.0032937871,0.0032937871,,0.031643000000,0.031643276206,0.000000276206,0.000000276206
1600,0,,40.1790000000,40.1752468316,-0.0037531684,0.0037531684,,0.031650000000,0.031650365352,0.000000365352,0.000000365352
1601,0,,40.1819500000,40.1777736229,-0.0041763771,0.0041763771,,0.031657000000,0.031657448807,0.000000448807,0.000000448807
1602,0,,40.1849000000,40.1803406052,-0.0045593948,0.0045593948,,0.031664000000,0.031664525854,0.000000525854,0.000000525854
1603,0,,40.1878500000,40.1829517972,-0.0048982028,0.0048982028,,0.031671000000,0.031671595776,0.000000595776,0.000000595776
1604,0,,40.1908000000,40.1856112170,-0.0051887830,0.0051887830,,0.031678000000,0.031678657858,0.000000657858,0.000000657858
1605,0,,40.1937500000,40.1883228834,-0.0054271166,0.0054271166,,0.031685000000,0.031685711382,0.000000711382,0.000000711382
1606,0,,40.1967000000,40.1910908146,-0.0056091854,0.0056091854,,0.031692000000,0.031692755632,0.000000755632,0.000000755632
1607,0,,40.1996500000,40.1939190292,-0.0057309708,0.0057309708,,0.031699000000,0.031699789891,0.000000789891,0.000000789891
1608,0,,40.2026000000,40.1968115455,-0.0057884545,0.0057884545,,0.031706000000,0.031706813442,0.000000813442,0.000000813442
1609,0,,40.2055500000,40.1997723821,-0.0057776179,0.0057776179,,0.031713000000,0.031713825569,0.000000825569,0.000000825569
1610,0,,40.2085000000,40.2028055575,-0.0056944425,0.0056944425,,0.031720000000,0.031720825555,0.000000825555,0.000000825555
1611,0,,40.2114500000,40.2059150900,-0.0055349100,0.0055349100,,0.031727000000,0.031727812683,0.000000812683,0.000000812683
1612,0,,40.2144000000,40.2091049981,-0.0052950019,0.0052950019,,0.031734000000,0.031734786237,0.000000786237,0.000000786237
1613,0,,40.2173500000,40.2123793003,-0.0049706997,0.0049706997,,0.031741000000,0.031741745500,0.000000745500,0.000000745500
1614,0,,40.2203000000,40.2157420150,-0.0045579850,0.0045579850,,0.031748000000,0.031748689756,0.000000689756,0.000000689756
1615,0,,40.2232500000,40.2191971607,-0.0040528393,0.0040528393,,0.031755000000,0.031755618288,0.000000618288,0.000000618288
1616,0,,40.2262000000,40.2227487559,-0.0034512441,0.0034512441,,0.031762000000,0.031762530378,0.000000530378,0.000000530378
1617,0,,40.2291500000,40.2264008189,-0.0027491811,0.0027491811,,0.031769000000,0.031769425312,0.000000425312,0.000000425312
1618,0,,40.2321000000,40.2301573683,-0.0019426317,0.0019426317,,0.031776000000,0.031776302371,0.000000302371,0.000000302371
1619,0,,40.2350500000,40.2340224225,-0.0010275775,0.0010275775,,0.031783000000,0.031783160839,0.000000160839,0.000000160839
1620,1,40.238000,40.2380000000,40.2380000000,0.0000000000,0.0000000000,0.03179000,0.031790000000,0.031790000000,0.000000000000,0.000000000000
1621,0,,40.2443833333,40.2420945355,-0.0022887979,0.0022887979,,0.031796666667,0.031796819944,0.000000153278,0.000000153278
1622,0,,40.2507666667,40.2463064138,-0.0044602528,0.0044602528,,0.031803333333,0.031803621689,0.000000288356,0.000000288356
1623,0,,40.2571500000,40.2506335787,-0.0065164213,0.0065164213,,0.031810000000,0.031810405907,0.000000405907,0.000000405907
1624,0,,40.2635333333,40.2550739737,-0.0084593596,0.0084593596,,0.031816666667,0.031817173270,0.000000506603,0.000000506603
1625,0,,40.2699166667,40.2596255425,-0.0102911242,0.0102911242,,0.031823333333,0.031823924451,0.000000591118,0.000000591118
1626,0,,40.2763000000,40.2642862286,-0.0120137714,0.0120137714,,0.031830000000,0.031830660123,0.000000660123,0.000000660123
1627,0,,40.2826833333,40.2690539758,-0.0136293575,0.0136293575,,0.031836666667,0.031837380959,0.000000714292,0.000000714292
1628,0,,40.2890666667,40.2739267277,-0.0151399390,0.0151399390,,0.031843333333,0.031844087631,0.000000754297,0.000000754297
1629,0,,40.2954500000,40.2789024278,-0.0165475722,0.0165475722,,0.031850000000,0.031850780811,0.000000780811,0.000000780811
1630,0,,40.3018333333,40.2839790199,-0.0178543135,0.0178543135,,0.031856666667,0.031857461173,0.000000794506,0.000000794506
1631,0,,40.3082166667,40.2891544474,-0.0190622192,0.0190622192,,0.031863333333,0.031864129388,0.000000796055,0.000000796055
1632,0,,40.3146000000,40.2944266542,-0.0201733458,0.0201733458,,0.031870000000,0.031870786130,0.000000786130,0.000000786130
1633,0,,40.3209833333,40.2997935837,-0.0211897496,0.0211897496,,0.031876666667,0.031877432071,0.000000765404,0.000000765404
1634,0,,40.3273666667,40.3052531797,-0.0221134870,0.0221134870,,0.031883333333,0.031884067883,0.000000734550,0.000000734550
1635,0,,40.3337500000,40.3108033857,-0.0229466143,0.0229466143,,0.031890000000,0.031890694240,0.000000694240,0.000000694240
1636,0,,40.3401333333,40.3164421454,-0.0236911879,0.0236911879,,0.031896666667,0.031897311814,0.000000645148,0.000000645148
1637,0,,40.3465166667,40.3221674025,-0.0243492642,0.0243492642,,0.031903333333,0.031903921278,0.000000587944,0.000000587944
1638,0,,40.3529000000,40.3279771004,-0.0249228996,0.0249228996,,0.031910000000,0.031910523303,0.000000523303,0.000000523303
1639,0,,40.3592833333,40.3338691830,-0.0254141504,0.0254141504,,0.031916666667,0.031917118563,0.000000451896,0.000000451896
1640,0,,40.3656666667,40.3398415937,-0.0258250730,0.0258250730,,0.031923333333,0.031923707731,0.000000374397,0.000000374397
1641,0,,40.3720500000,40.3458922762,-0.0261577238,0.0261577238,,0.031930000000,0.031930291478,0.000000291478,0.000000291478
1642,0,,40.3784333333,40.3520191742,-0.0264141591,0.0264141591,,0.031936666667,0.031936870478,0.000000203811,0.000000203811
1643,0,,40.3848166667,40.3582202313,-0.0265964353,0.0265964353,,0.031943333333,0.031943445403,0.000000112070,0.000000112070
1644,0,,40.3912000000,40.3644933911,-0.0267066089,0.0267066089,,0.031950000000,0.031950016926,0.000000016926,0.000000016926
1645,0,,40.3975833333,40.3708365973,-0.0267467361,0.0267467361,,0.031956666667,0.031956585720,-0.000000080947,0.000000080947
1646,0,,40.4039666667,40.3772477934,-0.0267188733,0.0267188733,,0.031963333333,0.031963152456,-0.000000180877,0.000000180877
1647,0,,40.4103500000,40.3837249231,-0.0266250769,0.0266250769,,0.031970000000,0.031969717808,-0.000000282192,0.000000282192
1648,0,,40.4167333333,40.3902659300,-0.0264674033,0.0264674033,,0.031976666667,0.031976282448,-0.000000384219,0.000000384219
1649,0,,40.4231166667,40.3968687578,-0.0262479089,0.0262479089,,0.031983333333,0.031982847049,-0.000000486284,0.000000486284
1650,0,,40.4295000000,40.4035313501,-0.0259686499,0.0259686499,,0.031990000000,0.031989412283,-0.000000587717,0.000000587717
1651,0,,40.4358833333,40.4102516504,-0.0256316829,0.0256316829,,0.031996666667,0.031995978824,-0.000000687843,0.000000687843
1652,0,,40.4422666667,40.4170276026,-0.0252390641,0.0252390641,,0.032003333333,0.032002547343,-0.000000785991,0.000000785991
1653,0,,40.4486500000,40.4238571500,-0.0247928500,0.0247928500,,0.032010000000,0.032009118513,-0.000000881487,0.000000881487
1654,0,,40.4550333333,40.4307382365,-0.0242950968,0.0242950968,,0.032016666667,0.032015693007,-0.000000973659,0.000000973659
1655,0,,40.4614166667,40.4376688056,-0.0237478610,0.0237478610,,0.032023333333,0.032022271498,-0.000001061835,0.000001061835
1656,0,,40.4678000000,40.4446468010,-0.0231531990,0.0231531990,,0.032030000000,0.032028854658,-0.000001145342,0.000001145342
1657,0,,40.4741833333,40.4516701662,-0.0225131671,0.0225131671,,0.032036666667,0.032035443159,-0.000001223508,0.000001223508
1658,0,,40.4805666667,40.4587368450,-0.0218298217,0.0218298217,,0.032043333333,0.032042037675,-0.000001295659,0.000001295659
1659,0,,40.4869500000,40.4658447809,-0.0211052191,0.0211052191,,0.032050000000,0.032048638877,-0.000001361123,0.000001361123
1660,0,,40.4933333333,40.4729919175,-0.0203414158,0.0203414158,,0.032056666667,0.032055247440,-0.000001419227,0.000001419227
1661,0,,40.4997166667,40.4801761986,-0.0195404681,0.0195404681,,0.032063333333,0.032061864034,-0.000001469299,0.000001469299
1662,0,,40.5061000000,40.4873955677,-0.0187044323,0.0187044323,,0.032070000000,0.032068489333,-0.000001510667,0.000001510667
1663,0,,40.5124833333,40.4946479684,-0.0178353649,0.0178353649,,0.032076666667,0.032075124009,-0.000001542657,0.000001542657
1664,0,,40.5188666667,40.5019313444,-0.0169353222,0.0169353222,,0.032083333333,0.032081768736,-0.000001564598,0.000001564598
1665,0,,40.5252500000,40.5092436394,-0.0160063606,0.0160063606,,0.032090000000,0.032088424185,-0.000001575815,0.000001575815
1666,0,,40.5316333333,40.5165827968,-0.0150505365,0.0150505365,,0.032096666667,0.032095091029,-0.000001575638,0.000001575638
1667,0,,40.5380166667,40.5239467605,-0.0140699062,0.0140699062,,0.032103333333,0.032101769940,-0.000001563393,0.000001563393
1668,0,,40.5444000000,40.5313334739,-0.0130665261,0.0130665261,,0.032110000000,0.032108461593,-0.000001538407,0.000001538407
1669,0,,40.5507833333,40.5387408807,-0.0120424526,0.0120424526,,0.032116666667,0.032115166658,-0.000001500009,0.000001500009
1670,0,,40.5571666667,40.5461669247,-0.0109997420,0.0109997420,,0.032123333333,0.032121885809,-0.000001447525,0.000001447525
1671,0,,40.5635500000,40.5536095493,-0.0099404507,0.0099404507,,0.032130000000,0.032128619718,-0.000001380282,0.000001380282
1672,0,,40.5699333333,40.5610666982,-0.0088666352,0.0088666352,,0.032136666667,0.032135369058,-0.000001297609,0.000001297609
1673,0,,40.5763166667,40.5685363150,-0.0077803517,0.0077803517,,0.032143333333,0.032142134501,-0.000001198832,0.000001198832
1674,0,,40.5827000000,40.5760163434,-0.0066836566,0.0066836566,,0.032150000000,0.032148916721,-0.000001083279,0.000001083279
1675,0,,40.5890833333,40.5835047270,-0.0055786063,0.0055786063,,0.032156666667,0.032155716389,-0.000000950278,0.000000950278
1676,0,,40.5954666667,40.5909994095,-0.0044672572,0.0044672572,,0.032163333333,0.032162534178,-0.000000799155,0.000000799155
1677,0,,40.6018500000,40.5984983343,-0.0033516657,0.0033516657,,0.032170000000,0.032169370761,-0.000000629239,0.000000629239
1678,0,,40.6082333333,40.6059994453,-0.0022338880,0.0022338880,,0.032176666667,0.032176226811,-0.000000439856,0.000000439856
1679,0,,40.6146166667,40.6135006860,-0.0011159807,0.0011159807,,0.032183333333,0.032183103000,-0.000000230334,0.000000230334
1680,1,40.621000,40.6210000000,40.6210000000,0.0000000000,0.0000000000,0.03219000,0.032190000000,0.032190000000,0.000000000000,0.000000000000
1681,0,,40.6300833333,40.6285831246,-0.0015002088,0.0015002088,,0.032197166667,0.032196913524,-0.000000253143,0.000000253143
1682,0,,40.6391666667,40.6363331656,-0.0028335010,0.0028335010,,0.032204333333,0.032203838727,-0.000000494606,0.000000494606
1683,0,,40.6482500000,40.6442441200,-0.0040058800,0.0040058800,,0.032211500000,0.032210775449,-0.000000724551,0.000000724551
1684,0,,40.6573333333,40.6523099845,-0.0050233488,0.0050233488,,0.032218666667,0.032217723531,-0.000000943136,0.000000943136
1685,0,,40.6664166667,40.6605247559,-0.0058919107,0.0058919107,,0.032225833333,0.032224682811,-0.000001150522,0.000001150522
1686,0,,40.6755000000,40.6688824310,-0.0066175690,0.0066175690,,0.032233000000,0.032231653130,-0.000001346870,0.000001346870
1687,0,,40.6845833333,40.6773770066,-0.0072063267,0.0072063267,,0.032240166667,0.032238634327,-0.000001532340,0.000001532340
1688,0,,40.6936666667,40.6860024795,-0.0076641872,0.0076641872,,0.032247333333,0.032245626242,-0.000001707092,0.000001707092
1689,0,,40.7027500000,40.6947528465,-0.0079971535,0.0079971535,,0.032254500000,0.032252628714,-0.000001871286,0.000001871286
1690,0,,40.7118333333,40.7036221043,-0.0082112290,0.0082112290,,0.032261666667,0.032259641584,-0.000002025083,0.000002025083
1691,0,,40.7209166667,40.7126042498,-0.0083124169,0.0083124169,,0.032268833333,0.032266664691,-0.000002168642,0.000002168642
1692,0,,40.7300000000,40.7216932797,-0.0083067203,0.0083067203,,0.032276000000,0.032273697875,-0.000002302125,0.000002302125
1693,0,,40.7390833333,40.7308831909,-0.0082001424,0.0082001424,,0.032283166667,0.032280740976,-0.000002425691,0.000002425691
1694,0,,40.7481666667,40.7401679802,-0.0079986865,0.0079986865,,0.032290333333,0.032287793833,-0.000002539501,0.000002539501
1695,0,,40.7572500000,40.7495416443,-0.0077083557,0.0077083557,,0.032297500000,0.032294856286,-0.000002643714,0.000002643714
1696,0,,40.7663333333,40.7589981800,-0.0073351533,0.0073351533,,0.032304666667,0.032301928175,-0.000002738492,0.000002738492
1697,0,,40.7754166667,40.7685315841,-0.0068850825,0.0068850825,,0.032311833333,0.032309009339,-0.000002823994,0.000002823994
1698,0,,40.7845000000,40.7781358535,-0.0063641465,0.0063641465,,0.032319000000,0.032316099619,-0.000002900381,0.000002900381
1699,0,,40.7935833333,40.7878049849,-0.0057783484,0.0057783484,,0.032326166667,0.032323198854,-0.000002967812,0.000002967812
1700,0,,40.8026666667,40.7975329751,-0.0051336916,0.0051336916,,0.032333333333,0.032330306884,-0.000003026449,0.000003026449
1701,0,,40.8117500000,40.8073138209,-0.0044361791,0.0044361791,,0.032340500000,0.032337423548,-0.000003076452,0.000003076452
1702,0,,40.8208333333,40.8171415191,-0.0036918142,0.0036918142,,0.032347666667,0.032344548687,-0.000003117980,0.000003117980
1703,0,,40.8299166667,40.8270100665,-0.0029066002,0.0029066002,,0.032354833333,0.032351682140,-0.000003151194,0.000003151194
1704,0,,40.8390000000,40.8369134599,-0.0020865401,0.0020865401,,0.032362000000,0.032358823746,-0.000003176254,0.000003176254
1705,0,,40.8480833333,40.8468456960,-0.0012376373,0.0012376373,,0.032369166667,0.032365973346,-0.000003193321,0.000003193321
1706,0,,40.8571666667,40.8568007718,-0.0003658949,0.0003658949,,0.032376333333,0.032373130779,-0.000003202555,0.000003202555
1707,0,,40.8662500000,40.8667726838,0.0005226838,0.0005226838,,0.032383500000,0.032380295885,-0.000003204115,0.000003204115
1708,0,,40.8753333333,40.8767554291,0.0014220958,0.0014220958,,0.032390666667,0.032387468504,-0.000003198163,0.000003198163
1709,0,,40.8844166667,40.8867430043,0.0023263376,0.0023263376,,0.032397833333,0.032394648475,-0.000003184859,0.000003184859
1710,0,,40.8935000000,40.8967294063,0.0032294063,0.0032294063,,0.032405000000,0.032401835638,-0.000003164362,0.000003164362
1711,0,,40.9025833333,40.9067086318,0.0041252984,0.0041252984,,0.032412166667,0.032409029833,-0.000003136833,0.000003136833
1712,0,,40.9116666667,40.9166746776,0.0050080109,0.0050080109,,0.032419333333,0.032416230900,-0.000003102433,0.000003102433
1713,0,,40.9207500000,40.9266215406,0.0058715406,0.0058715406,,0.032426500000,0.032423438678,-0.000003061322,0.000003061322
1714,0,,40.9298333333,40.9365432174,0.0067098841,0.0067098841,,0.032433666667,0.032430653008,-0.000003013659,0.000003013659
1715,0,,40.9389166667,40.9464337050,0.0075170384,0.0075170384,,0.032440833333,0.032437873728,-0.000002959605,0.000002959605
1716,0,,40.9480000000,40.9562870002,0.0082870002,0.0082870002,,0.032448000000,0.032445100679,-0.000002899321,0.000002899321
1717,0,,40.9570833333,40.9660970996,0.0090137662,0.0090137662,,0.032455166667,0.032452333700,-0.000002832966,0.000002832966
1718,0,,40.9661666667,40.9758580001,0.0096913334,0.0096913334,,0.032462333333,0.032459572632,-0.000002760702,0.000002760702
1719,0,,40.9752500000,40.9855636985,0.0103136985,0.0103136985,,0.032469500000,0.032466817313,-0.000002682687,0.000002682687
1720,0,,40.9843333333,40.9952081916,0.0108748583,0.0108748583,,0.032476666667,0.032474067583,-0.000002599083,0.000002599083
1721,0,,40.9934166667,41.0047854762,0.0113688095,0.0113688095,,0.032483833333,0.032481323283,-0.000002510050,0.000002510050
1722,0,,41.0025000000,41.0142895490,0.0117895490,0.0117895490,,0.032491000000,0.032488584252,-0.000002415748,0.000002415748
1723,0,,41.0115833333,41.0237144069,0.0121310736,0.0121310736,,0.032498166667,0.032495850330,-0.000002316336,0.000002316336
1724,0,,41.0206666667,41.0330540467,0.0123873800,0.0123873800,,0.032505333333,0.032503121357,-0.000002211977,0.000002211977
1725,0,,41.0297500000,41.0423024651,0.0125524651,0.0125524651,,0.032512500000,0.032510397171,-0.000002102829,0.000002102829
1726,0,,41.0388333333,41.0514536590,0.0126203257,0.0126203257,,0.032519666667,0.032517677614,-0.000001989053,0.000001989053
1727,0,,41.0479166667,41.0605016251,0.0125849585,0.0125849585,,0.032526833333,0.032524962524,-0.000001870810,0.000001870810
1728,0,,41.0570000000,41.0694403603,0.0124403603,0.0124403603,,0.032534000000,0.032532251742,-0.000001748258,0.000001748258
1729,0,,41.0660833333,41.0782638613,0.0121805279,0.0121805279,,0.032541166667,0.032539545106,-0.000001621560,0.000001621560
1730,0,,41.0751666667,41.0869661249,0.0117994582,0.0117994582,,0.032548333333,0.032546842458,-0.000001490875,0.000001490875
1731,0,,41.0842500000,41.0955411479,0.0112911479,0.0112911479,,0.032555500000,0.032554143637,-0.000001356363,0.000001356363
1732,0,,41.0933333333,41.1039829272,0.0106495938,0.0106495938,,0.032562666667,0.032561448482,-0.000001218185,0.000001218185
1733,0,,41.1024166667,41.1122854594,0.0098687928,0.0098687928,,0.032569833333,0.032568756833,-0.000001076501,0.000001076501
1734,0,,41.1115000000,41.1204427415,0.0089427415,0.0089427415,,0.032577000000,0.032576068530,-0.000000931470,0.000000931470
1735,0,,41.1205833333,41.1284487701,0.0078654368,0.0078654368,,0.032584166667,0.032583383412,-0.000000783255,0.000000783255
1736,0,,41.1296666667,41.1362975421,0.0066308755,0.0066308755,,0.032591333333,0.032590701320,-0.000000632013,0.000000632013
1737,0,,41.1387500000,41.1439830543,0.0052330543,0.0052330543,,0.032598500000,0.032598022093,-0.000000477907,0.000000477907
1738,0,,41.1478333333,41.1514993035,0.0036659702,0.0036659702,,0.032605666667,0.032605345571,-0.000000321096,0.000000321096
1739,0,,41.1569166667,41.1588402865,0.0019236198,0.0019236198,,0.032612833333,0.032612671593,-0.000000161740,0.000000161740
1740,1,41.166000,41.1660000000,41.1660000000,0.0000000000,0.0000000000,0.03262000,0.032620000000,0.032620000000,0.000000000000,0.000000000000
1741,0,,41.1717833333,41.1730516845,0.0012683512,0.0012683512,,0.032627500000,0.032627332448,-0.000000167552,0.000000167552
1742,0,,41.1775666667,41.1800721756,0.0025055090,0.0025055090,,0.032635000000,0.032634670699,-0.000000329301,0.000000329301
1743,0,,41.1833500000,41.1870608629,0.0037108629,0.0037108629,,0.032642500000,0.032642014744,-0.000000485256,0.000000485256
1744,0,,41.1891333333,41.1940171360,0.0048838027,0.0048838027,,0.032650000000,0.032649364579,-0.000000635421,0.000000635421
1745,0,,41.1949166667,41.2009403844,0.0060237178,0.0060237178,,0.032657500000,0.032656720197,-0.000000779803,0.000000779803
1746,0,,41.2007000000,41.2078299978,0.0071299978,0.0071299978,,0.032665000000,0.032664081591,-0.000000918409,0.000000918409
1747,0,,41.2064833333,41.2146853656,0.0082020322,0.0082020322,,0.032672500000,0.032671448755,-0.000001051245,0.000001051245
1748,0,,41.2122666667,41.2215058774,0.0092392108,0.0092392108,,0.032680000000,0.032678821684,-0.000001178316,0.000001178316
1749,0,,41.2180500000,41.2282909229,0.0102409229,0.0102409229,,0.032687500000,0.032686200369,-0.000001299631,0.000001299631
1750,0,,41.2238333333,41.2350398916,0.0112065583,0.0112065583,,0.032695000000,0.032693584806,-0.000001415194,0.000001415194
1751,0,,41.2296166667,41.2417521731,0.0121355064,0.0121355064,,0.032702500000,0.032700974988,-0.000001525012,0.000001525012
1752,0,,41.2354000000,41.2484271570,0.0130271570,0.0130271570,,0.032710000000,0.032708370909,-0.000001629091,0.000001629091
1753,0,,41.2411833333,41.2550642327,0.0138808994,0.0138808994,,0.032717500000,0.032715772562,-0.000001727438,0.000001727438
1754,0,,41.2469666667,41.2616627900,0.0146961233,0.0146961233,,0.032725000000,0.032723179941,-0.000001820059,0.000001820059
1755,0,,41.2527500000,41.2682222183,0.0154722183,0.0154722183,,0.032732500000,0.032730593040,-0.000001906960,0.000001906960
1756,0,,41.2585333333,41.2747419073,0.0162085740,0.0162085740,,0.032740000000,0.032738011852,-0.000001988148,0.000001988148
1757,0,,41.2643166667,41.2812212465,0.0169045799,0.0169045799,,0.032747500000,0.032745436371,-0.000002063629,0.000002063629
1758,0,,41.2701000000,41.2876596256,0.0175596256,0.0175596256,,0.032755000000,0.032752866591,-0.000002133409,0.000002133409
1759,0,,41.2758833333,41.2940564339,0.0181731006,0.0181731006,,0.032762500000,0.032760302505,-0.000002197495,0.000002197495
1760,0,,41.2816666667,41.3004110613,0.0187443946,0.0187443946,,0.032770000000,0.032767744108,-0.000002255892,0.000002255892
1761,0,,41.2874500000,41.3067228971,0.0192728971,0.0192728971,,0.032777500000,0.032775191392,-0.000002308608,0.000002308608
1762,0,,41.2932333333,41.3129913311,0.0197579978,0.0197579978,,0.032785000000,0.032782644352,-0.000002355648,0.000002355648
1763,0,,41.2990166667,41.3192157527,0.0201990860,0.0201990860,,0.032792500000,0.032790102981,-0.000002397019,0.000002397019
1764,0,,41.3048000000,41.3253955516,0.0205955516,0.0205955516,,0.032800000000,0.032797567273,-0.000002432727,0.000002432727
1765,0,,41.3105833333,41.3315301172,0.0209467839,0.0209467839,,0.032807500000,0.032805037221,-0.000002462779,0.000002462779
1766,0,,41.3163666667,41.3376188393,0.0212521726,0.0212521726,,0.032815000000,0.032812512820,-0.000002487180,0.000002487180
1767,0,,41.3221500000,41.3436611073,0.0215111073,0.0215111073,,0.032822500000,0.032819994062,-0.000002505938,0.000002505938
1768,0,,41.3279333333,41.3496563109,0.0217229776,0.0217229776,,0.032830000000,0.032827480943,-0.000002519057,0.000002519057
1769,0,,41.3337166667,41.3556038396,0.0218871729,0.0218871729,,0.032837500000,0.032834973454,-0.000002526546,0.000002526546
1770,0,,41.3395000000,41.3615030830,0.0220030830,0.0220030830,,0.032845000000,0.032842471591,-0.000002528409,0.000002528409
1771,0,,41.3452833333,41.3673534306,0.0220700973,0.0220700973,,0.032852500000,0.032849975346,-0.000002524654,0.000002524654
1772,0,,41.3510666667,41.3731542720,0.0220876054,0.0220876054,,0.032860000000,0.032857484714,-0.000002515286,0.000002515286
1773,0,,41.3568500000,41.3789049969,0.0220549969,0.0220549969,,0.032867500000,0.032864999688,-0.000002500312,0.000002500312
1774,0,,41.3626333333,41.3846049948,0.0219716614,0.0219716614,,0.032875000000,0.032872520261,-0.000002479739,0.000002479739
1775,0,,41.3684166667,41.3902536552,0.0218369885,0.0218369885,,0.032882500000,0.032880046428,-0.000002453572,0.000002453572
1776,0,,41.3742000000,41.3958503677,0.0216503677,0.0216503677,,0.032890000000,0.032887578182,-0.000002421818,0.000002421818
1777,0,,41.3799833333,41.4013945220,0.0214111886,0.0214111886,,0.032897500000,0.032895115517,-0.000002384483,0.000002384483
1778,0,,41.3857666667,41.4068855075,0.0211188408,0.0211188408,,0.032905000000,0.032902658426,-0.000002341574,0.000002341574
1779,0,,41.3915500000,41.4123227138,0.0207727138,0.0207727138,,0.032912500000,0.032910206903,-0.000002293097,0.000002293097
1780,0,,41.3973333333,41.4177055306,0.0203721973,0.0203721973,,0.032920000000,0.032917760943,-0.000002239057,0.000002239057
1781,0,,41.4031166667,41.4230333474,0.0199166808,0.0199166808,,0.032927500000,0.032925320538,-0.000002179462,0.000002179462
1782,0,,41.4089000000,41.4283055538,0.0194055538,0.0194055538,,0.032935000000,0.032932885682,-0.000002114318,0.000002114318
1783,0,,41.4146833333,41.4335215393,0.0188382060,0.0188382060,,0.032942500000,0.032940456369,-0.000002043631,0.000002043631
1784,0,,41.4204666667,41.4386806936,0.0182140269,0.0182140269,,0.032950000000,0.032948032593,-0.000001967407,0.000001967407
1785,0,,41.4262500000,41.4437824061,0.0175324061,0.0175324061,,0.032957500000,0.032955614347,-0.000001885653,0.000001885653
1786,0,,41.4320333333,41.4488260665,0.0167927332,0.0167927332,,0.032965000000,0.032963201625,-0.000001798375,0.000001798375
1787,0,,41.4378166667,41.4538110644,0.0159943977,0.0159943977,,0.032972500000,0.032970794420,-0.000001705580,0.000001705580
1788,0,,41.4436000000,41.4587367892,0.0151367892,0.0151367892,,0.032980000000,0.032978392727,-0.000001607273,0.000001607273
1789,0,,41.4493833333,41.4636026307,0.0142192974,0.0142192974,,0.032987500000,0.032985996539,-0.000001503461,0.000001503461
1790,0,,41.4551666667,41.4684079783,0.0132413117,0.0132413117,,0.032995000000,0.032993605850,-0.000001394150,0.000001394150
1791,0,,41.4609500000,41.4731522217,0.0122022217,0.0122022217,,0.033002500000,0.033001220653,-0.000001279347,0.000001279347
1792,0,,41.4667333333,41.4778347504,0.0111014170,0.0111014170,,0.033010000000,0.033008840943,-0.000001159057,0.000001159057
1793,0,,41.4725166667,41.4824549539,0.0099382873,0.0099382873,,0.033017500000,0.033016466712,-0.000001033288,0.000001033288
1794,0,,41.4783000000,41.4870122220,0.0087122220,0.0087122220,,0.033025000000,0.033024097955,-0.000000902045,0.000000902045
1795,0,,41.4840833333,41.4915059440,0.0074226107,0.0074226107,,0.033032500000,0.033031734664,-0.000000765336,0.000000765336
1796,0,,41.4898666667,41.4959355097,0.0060688430,0.0060688430,,0.033040000000,0.033039376835,-0.000000623165,0.000000623165
1797,0,,41.4956500000,41.5003003086,0.0046503086,0.0046503086,,0.033047500000,0.033047024460,-0.000000475540,0.000000475540
1798,0,,41.5014333333,41.5045997302,0.0031663969,0.0031663969,,0.033055000000,0.033054677534,-0.000000322466,0.000000322466
1799,0,,41.5072166667,41.5088331641,0.0016164975,0.0016164975,,0.033062500000,0.033062336049,-0.000000163951,0.000000163951
1800,1,41.513000,41.5130000000,41.5130000000,0.0000000000,0.0000000000,0.03307000,0.033070000000,0.033070000000,0.000000000000,0.000000000000
