time_s,r_0.0_cm,r_0.1_cm,r_0.2_cm,r_0.3_cm,r_0.4_cm,r_0.5_cm,r_0.6_cm,r_0.7_cm,r_0.8_cm,r_0.9_cm,r_1.0_cm,r_1.1_cm,r_1.2_cm,r_1.3_cm,r_1.4_cm,r_1.5_cm,r_1.6_cm,r_1.7_cm,r_1.8_cm,r_1.9_cm,r_2.0_cm
60.000000,2.5500000000,2.5500000000,2.5500000000,2.5500000000,2.5500000000,2.5500000000,2.5500000000,2.5500000000,2.5500000000,2.5500000000,2.5499999999,2.5499999990,2.5499999912,2.5499999163,2.5499992242,2.5499928857,2.5499368993,2.5494481725,2.5454584967,2.5156683982,2.3410200676
120.000000,2.5500000000,2.5500000000,2.5500000000,2.5500000000,2.5500000000,2.5500000000,2.5500000000,2.5500000000,2.5499999999,2.5499999996,2.5499999967,2.5499999732,2.5499997947,2.5499984192,2.5499883267,2.5499173530,2.5494531305,2.5466221043,2.5315511805,2.4650259881,2.2521590280
180.000000,2.5500000000,2.5500000000,2.5500000000,2.5500000000,2.5500000000,2.5500000000,2.5500000000,2.5499999999,2.5499999991,2.5499999941,2.5499999606,2.5499997300,2.5499982405,2.5499887080,2.5499315272,2.5496102208,2.5479682783,2.5403920640,2.5106809551,2.4157973257,2.1880896142
240.000000,2.5500000000,2.5500000000,2.5500000000,2.5500000000,2.5500000000,2.5500000000,2.5499999998,2.5499999989,2.5499999928,2.5499999562,2.5499997399,2.5499984464,2.5499912467,2.5499521413,2.5497552366,2.5488400875,2.5450190608,2.5308261699,2.4862142493,2.3708569383,2.1364304670
300.000000,2.5500000000,2.5500000000,2.5500000000,2.5500000000,2.5500000000,2.5499999998,2.5499999988,2.5499999933,2.5499999594,2.5499997781,2.5499988235,2.5499937989,2.5499693188,2.5498542671,2.5493565124,2.5473859301,2.5404132443,2.5185618362,2.4602598021,2.3300070383,2.0928072657
360.000000,2.5500000000,2.5500000000,2.5500000000,2.5500000000,2.5499999998,2.5499999988,2.5499999937,2.5499999685,2.5499998283,2.5499991501,2.5499959368,2.5499808710,2.5499157195,2.5496461802,2.5486237588,2.5450900234,2.5341798254,2.5043055547,2.4339531925,2.2926990558,2.0547619591
420.000000,2.5500000000,2.5500000000,2.5500000000,2.5499999998,2.5499999990,2.5499999949,2.5499999745,2.5499998821,2.5499994162,2.5499973625,2.5499885277,2.5499512246,2.5498062484,2.5492702869,2.5474567035,2.5418721327,2.5264754924,2.4886631943,2.4078996182,2.2583968706,2.0209271044
480.000000,2.5500000000,2.5499999999,2.5499999998,2.5499999991,2.5499999961,2.5499999813,2.5499999141,2.5499996313,2.5499983265,2.5499930494,2.5499722706,2.5498924783,2.5496106839,2.5486675448,2.5457784263,2.5377184717,2.5175082470,2.4721043432,2.3824155407,2.2266641836,1.9903176971
540.000000,2.5499999999,2.5499999998,2.5499999992,2.5499999968,2.5499999868,2.5499999417,2.5499997503,2.5499990008,2.5499958165,2.5499839192,2.5499407229,2.5497885200,2.5492952716,2.5477836845,2.5435390804,2.5326619570,2.5074903407,2.4549710064,2.3576396056,2.1971172401,1.9624784446
600.000000,2.5499999996,2.5499999992,2.5499999974,2.5499999901,2.5499999612,2.5499998395,2.5499993578,2.5499975931,2.5499906464,2.5499665217,2.5498852093,2.5496202241,2.5488253455,2.5465728830,2.5407130222,2.5267613322,2.4966119896,2.4375024872,2.3336242696,2.1694812154,1.9369296713
660.000000,2.5499999986,2.5499999975,2.5499999923,2.5499999722,2.5499998976,2.5499996027,2.5499985086,2.5499947430,2.5499809314,2.5499360936,2.5497949394,2.5493664521,2.5481675705,2.5449993671,2.5372942230,2.5200880916,2.4850372192,2.4198690693,2.3103782348,2.1435208789,1.9134139606
720.000000,2.5499999958,2.5499999929,2.5499999792,2.5499999295,2.5499997540,2.5499991016,2.5499968230,2.5499894253,2.5499640149,2.5498865006,2.5496573083,2.5490051069,2.5472915266,2.5430373942,2.5332911753,2.5127178633,2.4729054916,2.4021980572,2.2879039907,2.1190715623,1.8915459077
780.000000,2.5499999889,2.5499999815,2.5499999488,2.5499998353,2.5499994550,2.5499981196,2.5499937123,2.5499801646,2.5499363801,2.5498102808,2.5494583342,2.5485141611,2.5461708627,2.5406708987,2.5287237446,2.5047278063,2.4603380823,2.3845882533,2.2661893287,2.0959671777,1.8711681936
840.000000,2.5499999724,2.5499999556,2.5499998831,2.5499996424,2.5499988740,2.5499963181,2.5499883188,2.5499649560,2.5498936084,2.5496987778,2.5491831548,2.5478725084,2.5447838165,2.5378921969,2.5236191581,2.4961919264,2.4474368515,2.3671125926,2.2452152156,2.0740843354,1.8520422210
900.000000,2.5499999362,2.5499999004,2.5499997502,2.5499992714,2.5499978117,2.5499931969,2.5499794566,2.5499412049,2.5498303883,2.5495423448,2.5488165457,2.5470606704,2.5431135013,2.5347010433,2.5180102296,2.4871814475,2.4342905335,2.3498291003,2.2249587056,2.0533009889,1.8340250412
960.000000,2.5499998618,2.5499997899,2.5499994963,2.5499985967,2.5499959696,2.5499880521,2.5499655586,2.5499056910,2.5497405714,2.5493305892,2.5483433847,2.5460612225,2.5411475983,2.5311027065,2.5119314930,2.4777593982,2.4209670837,2.3327670686,2.2053714803,2.0335034141,1.8170976524
1020.000000,2.5499997167,2.5499995800,2.5499990357,2.5499974280,2.5499929204,2.5499799343,2.5499446326,2.5498545565,2.5496172584,2.5490526163,2.5477490048,2.5448589507,2.5388777851,2.5271064041,2.5054176567,2.4679821756,2.4075235111,2.3159525543,2.1864298530,2.0146301332,1.8010484939
1080.000000,2.5499994478,2.5499992004,2.5499982375,2.5499954898,2.5499880768,2.5499676086,2.5499142295,2.5497833186,2.5494529148,2.5486972802,2.5470195139,2.5434410024,2.5362994348,2.5227246021,2.4985031888,2.4578999942,2.3940050352,2.2993965963,2.1680887205,1.9965879916,1.7859934670
1140.000000,2.5499989711,2.5499985424,2.5499969091,2.5499923974,2.5499806589,2.5499495194,2.5498714238,2.5496868994,2.5492394879,2.5482533763,2.5461419223,2.5417966176,2.5334105202,2.5179708220,2.4912192515,2.4475539137,2.3804446164,2.2831042483,2.1503215063,1.9793430191,1.7717066810
1200.000000,2.5499981594,2.5499974454,2.5499947781,2.5499876309,2.5499696616,2.5499237607,2.5498128062,2.5495596728,2.5489685357,2.5477098387,2.5451043297,2.5399172203,2.5302117720,2.5128607112,2.4835975001,2.4369847153,2.3668779207,2.2670906852,2.1331130301,1.9628342947,1.7581594309
1260.000000,2.5499968267,2.5499956790,2.5499914697,2.5499805080,2.5499538249,2.5498880528,2.5497344913,2.5493955295,2.5486313688,2.5470559361,2.5438960870,2.5377964141,2.5267064148,2.5074114884,2.4756690306,2.4262303746,2.3533370820,2.2513687749,2.1164479471,1.9470131185,1.7451855436
1320.000000,2.5499947094,2.5499929233,2.5499864836,2.5499701564,2.5499316065,2.5498397300,2.5496321384,2.5491879566,2.5482191943,2.5462814415,2.5425078925,2.5354298678,2.5228997450,2.5016411892,2.4674631782,2.4153236835,2.3398449716,2.2359358778,2.1002851158,1.9318084461,1.7329133879
1380.000000,2.5499914451,2.5499887462,2.5499791681,2.5499554863,2.5499011588,2.5497757337,2.5495009802,2.5489301104,2.5477232146,2.5453766776,2.5409316231,2.5328147087,2.5187978699,2.4955666414,2.4590048692,2.4042897614,2.3264155873,2.2207854198,2.0846003889,1.9172070244,1.7212295670
1440.000000,2.5499865481,2.5499825779,2.5499686937,2.5499351645,2.5498603097,2.5496926135,2.5493358577,2.5486148933,2.5471347297,2.5443326095,2.5391603964,2.5299496641,2.5144083659,2.4892056110,2.4503198032,2.3931560817,2.3130700210,2.2059258858,2.0693875134,1.9031700424,1.7100118187
1500.000000,2.5499793834,2.5499736845,2.5499540261,2.5499075908,2.5498065501,2.5495865386,2.5491312699,2.5482350498,2.5464452753,2.5431410050,2.5371887435,2.5268352868,2.5097406372,2.4825772969,2.4414346898,2.3819512741,2.2998315541,2.1913685786,2.0546387941,1.8896561221,1.6991671374
1560.000000,2.5499691385,2.5499611403,2.5499339004,2.5498708777,2.5497370290,2.5494533210,2.5488814380,2.5477832768,2.5456467636,2.5417945706,2.5350126829,2.5234738856,2.5048055686,2.4757013843,2.4323749764,2.3707000515,2.2867151334,2.1771081934,2.0403183620,1.8766081605,1.6887982816
1620.000000,2.5499547954,2.5499438005,2.5499067969,2.5498228357,2.5496485551,2.5492884449,2.5485803670,2.5472523050,2.5447315398,2.5402868962,2.5326294147,2.5198687885,2.4996141630,2.4685959325,2.4231621628,2.3594210108,2.2737289874,2.1631371713,2.0264066310,1.8640149731,1.6787896495
1680.000000,2.5499351028,2.5499202747,2.5498709199,2.5497609616,2.5495376048,2.5490871005,2.5482219069,2.5466349768,2.5436924484,2.5386124838,2.5300373295,2.5160244724,2.4941781514,2.4612791001,2.4138174488,2.3481327783,2.2608826720,2.1494509069,2.0128831556,1.8518390910,1.6691771270
1740.000000,2.5499085493,2.5498889022,2.5498241784,2.5496824328,2.5494003344,2.5488442207,2.5477998093,2.5459243038,2.5425228473,2.5367666492,2.5272356932,2.5119458637,2.4885085921,2.4537664130,2.4043565712,2.3368448841,2.2481725062,2.1360278558,1.9997119482,1.8400597907,1.6600367856
1800.000000,2.5498733384,2.5498477288,2.5497641710,2.5495841027,2.5492325928,2.5485545092,2.5473077598,2.5451134738,2.5412165362,2.5347453130,2.5242242597,2.5076378120,2.4826154361,2.4460710414,2.3947921025,2.3255644827,2.2355965524,2.1228580646,1.9868851529,1.8286812605,1.6512689555
1860.000000,2.5498273652,2.5497944868,2.5496881715,2.5494624993,2.5490299351,2.5482124695,2.5467394136,2.5441958812,2.5397677762,2.5325450389,2.5210034381,2.5031056341,2.4765088461,2.4382063835,2.3851376396,2.3143018100,2.2231592756,2.1099406410,1.9743974320,1.8176811649,1.6428482476
1920.000000,2.5497681957,2.5497265763,2.5495931191,2.5493138285,2.5487876435,2.5478124435,2.5460884511,2.5431651955,2.5381713758,2.5301631625,2.5175745215,2.4983555264,2.4701998610,2.4301869911,2.3754089112,2.3030713830,2.2108729119,2.0972862727,1.9622566518,1.8070466590,1.6346201854
1980.000000,2.5496930519,2.5496410540,2.5494756163,2.5491339866,2.5485007607,2.5473486715,2.5453486664,2.5420154851,2.5364228676,2.5275980565,2.5139401002,2.4933951886,2.4637012407,2.4220294502,2.3656240457,2.2918900021,2.1987497059,2.0848976080,1.9504448629,1.7967278422,1.6266449889
2040.000000,2.5495988028,2.5495346277,2.5493319334,2.5489185824,2.5481641321,2.5468153528,2.5445140381,2.5407412737,2.5345184970,2.5248489539,2.5101035304,2.4882325962,2.4570249830,2.4137478226,2.3557959639,2.2807654100,2.1867877495,2.0727585874,1.9389318151,1.7867056865,1.6189442300
2100.000000,2.5494819619,2.5494036571,2.5491580188,2.5486629591,2.5477724410,2.5462066866,2.5435787549,2.5393375214,2.5324551160,2.5219157223,2.5060686014,2.4828756989,2.4501824469,2.4053550429,2.3459365567,2.2697056291,2.1749889288,2.0608647135,1.9277112939,1.7769748147,1.6114426720
2160.000000,2.5493386893,2.5492441594,2.5489495124,2.5483622209,2.5473202465,2.5455169158,2.5425372601,2.5377996634,2.5302302290,2.5187989635,2.5018397946,2.4773330076,2.4431854501,2.3968645808,2.3360585912,2.2587200786,2.1633569407,2.0492125316,1.9167716558,1.7675122479,1.6041538181
2220.000000,2.5491648007,2.5490518212,2.5487017660,2.5480112633,2.5468020241,2.5447403736,2.5413842903,2.5361236253,2.5278419586,2.5154998894,2.4974219838,2.4716129379,2.4360449039,2.3882877777,2.3261709369,2.2478118192,2.1518859213,2.0377853906,1.9060876096,1.7583037408,1.5971491402
2280.000000,2.5489557809,2.5488220141,2.5484098646,2.5476048012,2.5462121965,2.5438715033,2.5401148666,2.5343057587,2.5252888921,2.5120200520,2.4928200448,2.4657233607,2.4287705228,2.3796342525,2.3162807755,2.2369835457,2.1405734050,2.0265780685,1.8956584192,1.7493542611,1.5903122671
2340.000000,2.5487068005,2.5485498140,2.5480686498,2.5471373974,2.5455451635,2.5429048846,2.5387243115,2.5323428518,2.5225701135,2.5083614614,2.4880391790,2.4596723096,2.4213721021,2.3709138245,2.3063958417,2.2262388817,2.1294174905,2.0155824536,1.8854676209,1.7406345735,1.5837090669
2400.000000,2.5484127374,2.5482300234,2.5476727462,2.5466034919,2.5447953311,2.5418352551,2.5372082512,2.5302320998,2.5196851205,2.5045264147,2.4830845845,2.4534673607,2.4138584013,2.3621346651,2.2965217704,2.2155794364,2.1184155236,2.0047933932,1.8755122323,1.7321507173,1.5772675233
2460.000000,2.5480682016,2.5478571978,2.5472165902,2.5459974329,2.5439571418,2.5406575355,2.5355626349,2.5279711233,2.5166338686,2.5005176229,2.4779617750,2.4471163276,2.4062384780,2.3533055769,2.2866654853,2.2050088740,2.1075670013,1.9942054988,1.8657800970,1.7238817063,1.5710472782
2520.000000,2.5476675651,2.5474256765,2.5466944621,2.5453135099,2.5430251054,2.5393668514,2.5337837387,2.5255579430,2.5134166958,2.4963380461,2.4726762447,2.4406266009,2.3985204497,2.3444338303,2.2768317942,2.1945283602,2.0968692216,1.9838135056,1.8562672713,1.7158296093,1.5649711075
2580.000000,2.5472049957,2.5469296166,2.5461005218,2.5445459899,2.5419938337,2.5379585657,2.5318681992,2.5229910310,2.5100344341,2.4919911522,2.4672340393,2.4340063230,2.3907137332,2.3355291440,2.2670299443,2.1841464429,2.0863304951,1.9736260353,1.8469796269,1.7079773159,1.5589683059
2640.000000,2.5466745009,2.5463630384,2.5454288570,2.5436891697,2.5408580997,2.5364283480,2.5298130997,2.5202694202,2.5064885477,2.4874810612,2.4616418147,2.4272641115,2.3828278957,2.3266006291,2.2572669139,2.1738660339,2.0759471864,1.9636290148,1.8378877597,1.7002940704,1.5531684519
2700.000000,2.5460699753,2.5457198723,2.5446735286,2.5427374169,2.5396128634,2.5347721688,2.5276159014,2.5173925239,2.5027807488,2.4828118284,2.4559056071,2.4204071129,2.3748698690,2.3176533365,2.2475441565,2.1636835658,2.0657100496,1.9538090255,1.8289825204,1.6927924025,1.5475037985
2760.000000,2.5453852398,2.5449939967,2.5438286034,2.5416851913,2.5382532777,2.5329862812,2.5252744031,2.5143600911,2.4989130185,2.4779876801,2.4500315801,2.4134427876,2.3668475772,2.3086948337,2.2378683873,2.1536050274,2.0556254081,1.9441748934,1.8202753057,1.6854644632,1.5418915538
2820.000000,2.5446140888,2.5441792853,2.5428882019,2.5405270952,2.5367747445,2.5310672982,2.5227868644,2.5111724192,2.4948879714,2.4730135900,2.4440268366,2.4063798463,2.3587706056,2.2997347216,2.2282483497,2.1436374522,2.0456975706,1.9347259680,1.8117543597,1.6782825270,1.5363591981
2880.000000,2.5437503520,2.5432696683,2.5418465597,2.5392579344,2.5351729741,2.5290122437,2.5201520336,2.5078303240,2.4907086883,2.4678948315,2.4378984345,2.3992263294,2.3506468181,2.2907791906,2.2186868256,2.1337782955,2.0359165391,1.9254426817,1.8033921626,1.6712347076,1.5309874513
2940.000000,2.5427879450,2.5422591814,2.5406980681,2.5378727422,2.5334439797,2.5268184978,2.5173690167,2.5043349000,2.4863783344,2.4626364456,2.4316527693,2.3919891367,2.3424825634,2.2818329424,2.2091860341,2.1240270774,2.0262801028,1.9163245986,1.7951978621,1.6643383796,1.5256605954
3000.000000,2.5417209126,2.5411420061,2.5394373092,2.5363668061,2.5315840969,2.5244838176,2.5144373259,2.5006876498,2.4819004770,2.4572439122,2.4252968396,2.3846761790,2.3342859561,2.2729035853,2.1997524812,2.1143887662,2.0167913572,1.9073719968,1.7871634351,1.6575614757,1.5203919073
3060.000000,2.5405434825,2.5399125235,2.5380591066,2.5347357160,2.5295900286,2.5220063820,2.5113569213,2.4968905107,2.4772790504,2.4517229441,2.4188376465,2.3772949799,2.3260640730,2.2639966383,2.1903890190,2.1048626002,2.0074452891,1.8985753807,1.7792767959,1.6509045835,1.5152132130
3120.000000,2.5392501141,2.5385653593,2.5365585634,2.5329753876,2.5274588464,2.5193847546,2.5081281173,2.4929456756,2.4725180500,2.4460790113,2.4122815105,2.3698517862,2.3178219361,2.2551145624,2.1810941366,2.0954416860,1.9982283215,1.8899139574,1.7715133835,1.6443577668,1.5102168383
3180.000000,2.5378355141,2.5370953949,2.5349310567,2.5310820268,2.5251879076,2.5166177332,2.5047513356,2.4888552173,2.4676209912,2.4403166057,2.4056331386,2.3623504999,2.3095615023,2.2462562705,2.1718629625,2.0861174532,1.9891299690,1.8813806886,1.7638808939,1.6379505747,1.5053299980
3240.000000,2.5362946285,2.5354977546,2.5331722135,2.5290520913,2.5227748039,2.5137043002,2.5012270960,2.4846211970,2.4625912851,2.4344401168,2.3988973602,2.3547957773,2.3012867277,2.2374247494,2.1626977267,2.0768923111,1.9801546844,1.8729841982,1.7563889314,1.6316685466,1.5005048390
3300.000000,2.5346226595,2.5337678230,2.5312779309,2.5268823180,2.5202174092,2.5106437112,2.4975561757,2.4802459198,2.4574325982,2.4284542457,2.3920794260,2.3471928274,2.2930021796,2.2286234017,2.1536003594,2.0677667383,1.9713016867,1.8647216652,1.7490289729,1.6254975995,1.4957558192
3360.000000,2.5328151070,2.5319012870,2.5292444182,2.5245697681,2.5175139282,2.5074355499,2.4937396629,2.4757319749,2.4521488494,2.4223639203,2.3851848078,2.3395471200,2.2847128154,2.2198563275,2.1445740948,2.0587435033,1.9625738434,1.8565960422,1.7418025985,1.6194307203,1.4910098514
3420.000000,2.5308678210,2.5298941876,2.5270682502,2.5221118816,2.5146629567,2.5040797959,2.4897790417,2.4710823462,2.4467443621,2.4161745073,2.3782194920,2.3318647635,2.2764243837,2.2111285100,2.1356228434,2.0498250642,1.9539712068,1.8486026078,1.7346963036,1.6134479443,1.4863262015
3480.000000,2.5287770554,2.5277429734,2.5247464165,2.5195065213,2.5116635140,2.5005768399,2.4856761738,2.4663003357,2.4412236836,2.4098914646,2.3711893731,2.3241515321,2.2681419908,2.2024439234,2.1267491309,2.0410123037,1.9454928851,1.8407389720,1.7277085046,1.6075505520,1.4816318719
3540.000000,2.5265395129,2.5254445434,2.5222763610,2.5167520058,2.5085150701,2.4969275056,2.4814333238,2.4613896093,2.4355916906,2.4035205697,2.3641007136,2.3164137082,2.2598715035,2.1938076378,2.1179568789,2.0323075235,1.9371387524,1.8330011948,1.7208289800,1.6017213041,1.4769761267
3600.000000,2.5241523796,2.5229962792,2.5196560068,2.5138471215,2.5052175359,2.4931330052,2.4770530546,2.4563539912,2.4298532000,2.3970672143,2.3569588931,2.3086559230,2.2516159528,2.1852200850,2.1092427450,2.0237022178,1.9288936842,1.8253670090,1.7140331859,1.5959592498,1.4724462296
3660.000000,2.5216132984,2.5203960119,2.5168837019,2.5107910311,2.5017711151,2.4891947081,2.4725378852,2.4511969809,2.4240123287,2.3905356292,2.3497676056,2.3008806051,2.2433758050,2.1766792029,2.1006018914,2.0151891697,1.9207498811,1.8178329374,1.7073314877,1.5902895539,1.4679681744
3720.000000,2.5189203092,2.5176419586,2.5139581494,2.5075831973,2.4981762290,2.4851140933,2.4678903216,2.4459219528,2.4180730167,2.3839299426,2.3425307440,2.2930910272,2.2351534596,2.1681864685,2.0920351151,2.0067691629,1.9127093554,1.8104034549,1.7007276347,1.5846984660,1.4635343011
3780.000000,2.5160718319,2.5147327080,2.5108783990,2.5042233881,2.4944335489,2.4808928242,2.4631129868,2.4405323403,2.4120392240,2.3772542805,2.3352521657,2.2852903123,2.2269508565,2.1597422362,2.0835409058,1.9984387681,1.9047669136,1.8030714960,1.6942124410,1.5791830494,1.4591814804
3840.000000,2.5130666643,2.5116672178,2.5076438440,2.5007116724,2.4905439863,2.4765327257,2.4582085729,2.4350315418,2.4059147646,2.3705125111,2.3279353691,2.2774811650,2.2187695654,2.1513467753,2.0751183795,1.9901965266,1.8969215370,1.7958378055,1.6877895084,1.5737430942,1.4548372193
3900.000000,2.5099039846,2.5084448173,2.5042542259,2.4970484290,2.4865087128,2.4720358279,2.4531799260,2.4294230789,2.3997035908,2.3637087273,2.3205842743,2.2696670586,2.2106124543,2.1430023673,2.0667694730,1.9820444403,1.8891755817,1.7887044034,1.6814567548,1.5683647685,1.4505064390
3960.000000,2.5065833778,2.5050652362,2.5007096684,2.4932343902,2.4823292175,2.4674044397,2.4480301376,2.4237106961,2.3934098694,2.3568472395,2.3132030158,2.2618516379,2.2024824154,2.1347109636,2.0584950767,1.9739821762,1.8815270154,1.7816664631,1.6752059388,1.5630435636,1.4462131991
4020.000000,2.5031048620,2.5015286301,2.4970107004,2.4892706612,2.4780073187,2.4626411457,2.4427625132,2.4178982840,2.3870378411,2.3499323569,2.3057956542,2.2540384138,2.1943821842,2.1264744109,2.0502961647,1.9660099359,1.8739753943,1.7747232101,1.6690367194,1.5577756035,1.4419000572
4080.000000,2.4994689072,2.4978355992,2.4931582764,2.4851587414,2.4735451893,2.4577488418,2.4373806308,2.4119899816,2.3805920028,2.3429687020,2.2983666946,2.2462315706,2.1863155059,2.1182959961,2.0421756150,1.9581302106,1.8665226431,1.7678752105,1.6629456183,1.5525479151,1.4375652961
4140.000000,2.4956764610,2.4939872146,2.4891538022,2.4809005506,2.4689453809,2.4527307518,2.4318883371,2.4059901258,2.3740769557,2.3359608633,2.2909203794,2.2384346305,2.1782847707,2.1101764754,2.0341318789,1.9503381711,1.8591592574,1.7611067698,1.6569123022,1.5473570013,1.4333250786
4200.000000,2.4917289141,2.4899849778,2.4849990781,2.4764983400,2.4642106838,2.4475902072,2.4262894081,2.3999027476,2.3674966826,2.3289124135,2.2834594445,2.2306490428,2.1702897222,2.1021135407,2.0261604174,1.9426272291,1.8518776936,1.7544129295,1.6509425613,1.5422217885,1.4290915899
4260.000000,2.4876280106,2.4858307283,2.4806961986,2.4719545845,2.4593440155,2.4423305498,2.4205875058,2.3937316497,2.3608548693,2.3218266483,2.2759865231,2.2228765585,2.1623311064,2.0941069306,2.0182601055,1.9349957545,1.8446765070,1.7477931130,1.6450343613,1.5371294909,1.4248971577
4320.000000,2.4833757786,2.4815265755,2.4762474892,2.4672719262,2.4543483761,2.4369551026,2.4147861589,2.3874803775,2.3541548044,2.3147062935,2.2685034310,2.2151177150,2.1544078107,2.0861535067,2.0104254488,1.9274357121,1.8375452283,1.7412350788,1.6391769619,1.5320876256,1.4208051290
4380.000000,2.4789744491,2.4770748162,2.4716554195,2.4624530813,2.4492267460,2.4314670548,2.4088886375,2.3811520917,2.3473992858,2.3075535299,2.2610114952,2.2073728353,2.1465191732,2.0782519321,2.0026552108,1.9199474540,1.8304882907,1.7347509788,1.6333925036,1.5271071158,1.4166522056
4440.000000,2.4744264486,2.4724779351,2.4669226280,2.4575009119,2.4439822375,2.4258697455,2.4028984389,2.3747503560,2.3405918458,2.3003718056,2.2535141064,2.1996454067,2.1386690860,2.0704069870,1.9949556759,1.9125393373,1.8235159859,1.7283499799,1.6276777310,1.5221538758,1.4124641162
4500.000000,2.4697345153,2.4677387284,2.4620520664,2.4524186004,2.4386183029,2.4201668908,2.3968194939,2.3682792297,2.3337365481,2.2931650474,2.2460148829,2.1919385274,2.1308598580,2.0626198139,1.9873262520,1.9052080479,1.8166204053,1.7220166328,1.6220100593,1.5172235395,1.4083276687
4560.000000,2.4649017364,2.4628603343,2.4570470061,2.4472096106,2.4331386155,2.4143623361,2.3906557230,2.3617425560,2.3268369339,2.2859362336,2.2385159327,2.1842531075,2.1230908922,2.0548880414,1.9797625854,1.8979471046,1.8097931076,1.7157425013,1.6163884015,1.5123320864,1.4042281309
4620.000000,2.4599314486,2.4578461251,2.4519109113,2.4418775285,2.4275468708,2.4084598178,2.3844107787,2.3551437295,2.3198959083,2.2786875386,2.2310184529,2.1765891517,2.1153608473,2.0472088934,1.9722604339,1.8907508668,1.8030275189,1.7095215588,1.6108092983,1.5074778990,1.4001860734
4680.000000,2.4548271050,2.4526995742,2.4466473033,2.4364259260,2.4218466551,2.4024628486,2.3780879645,2.3484856705,2.3129157927,2.2714204768,2.2235229595,2.1689460419,2.1076679290,2.0395794901,1.9648161368,1.8836156061,1.7963213154,1.7033554002,1.6052809797,1.5026734577,1.3961724879
4740.000000,2.4495921941,2.4474241793,2.4412596981,2.4308583257,2.4160414549,2.3963747966,2.3716904169,2.3417711519,2.3058988515,2.2641366903,2.2160304021,2.1613240416,2.1000118138,2.0319991314,1.9574289595,1.8765410461,1.7896752015,1.6972455154,1.5998026888,1.4979086841,1.3921906748
4800.000000,2.4442302365,2.4420234642,2.4357516219,2.4251782382,2.4101347218,2.3901989793,2.3652212195,2.3350029085,2.2988473439,2.2568378556,2.2085417936,2.1537234655,2.0923921515,2.0244669350,1.9500977657,1.8695262474,1.7830889436,1.6911925399,1.5943751638,1.4931806327,1.3881948615
4860.000000,2.4387448202,2.4365010170,2.4301266584,2.4193892245,2.4041299562,2.3839387758,2.3586835546,2.3281838471,2.2917638278,2.2495261445,2.2010589351,2.1461458452,2.0848104135,2.0169846620,1.9428250856,1.8625750108,1.7765677829,1.6852021255,1.5890004603,1.4884785468,1.3841646205
4920.000000,2.4331396795,2.4308605726,2.4243885397,2.4134950000,2.3980308276,2.3775977608,2.3520808414,2.3213171635,2.2846512034,2.2422040999,2.1935839589,2.1385928517,2.0772677452,2.0095527995,1.9356104362,1.8556851600,1.7701063580,1.6792633478,1.5836614214,1.4837959481,1.3802014780
4980.000000,2.4274187171,2.4251060298,2.4185411497,2.4074994097,2.3918411010,2.3711795554,2.3454164724,2.3144059227,2.2775120906,2.2348737871,2.1861182780,2.1310651899,2.0697641595,2.0021707961,1.9284529829,1.8488560990,1.7637053988,1.6733809467,1.5783719285,1.4791488651,1.3761762566
5040.000000,2.4215860072,2.4192414566,2.4125885357,2.4014064581,2.3855647050,2.3646879671,2.3386940877,2.3074535589,2.2703497038,2.2275382345,2.1786648390,2.1235659185,2.0623031057,1.9948428232,1.9213579042,1.8420940910,1.7573717907,1.6675602022,1.5731276570,1.4745079886,1.3721073377
5100.000000,2.4156458750,2.4132711738,2.4065350039,2.3952204191,2.3792058547,2.3581271149,2.3319176648,2.3004638584,2.2631675801,2.2202006688,2.1712264774,2.1160973585,2.0548861831,1.9875693976,1.9143240414,1.8353953685,1.7510977552,1.6617876930,1.5679112926,1.4698732063,1.3680623640
5160.000000,2.4096028677,2.4071997163,2.4003850506,2.3889457134,2.3727688416,2.3515010824,2.3250909770,2.2934401554,2.2559684415,2.2128629983,2.1638040336,2.1086589632,2.0475110651,1.9803459087,1.9073438696,1.8287487724,1.7448680448,1.6560454623,1.5627097403,1.4652566935,1.3641150768
5220.000000,2.4034615267,2.4010315941,2.3941430926,2.3825865881,2.3662576471,2.3448134592,2.3182170718,2.2863847841,2.2487537062,2.2055255305,2.1563965172,2.1012483011,2.0401738239,1.9731670356,1.9004110837,1.8221480752,1.7386790101,1.6503376489,1.5575417803,1.4606815707,1.3601640978
5280.000000,2.3972262037,2.3947711170,2.3878133187,2.3761470231,2.3596759476,2.3380675157,2.3112987190,2.2792999395,2.2415249592,2.1981892758,2.1490044991,2.0938657724,2.0328751114,1.9660343041,1.8935289579,1.8155995199,1.7325412808,1.6446791728,1.5524183463,1.4561271508,1.3561548828
5340.000000,2.3909011426,2.3884224918,2.3813998314,2.3696309479,2.3530274327,2.3312666395,2.3043389574,2.2721882858,2.2342844913,2.1908561794,2.1416296232,2.0865127583,2.0256160434,1.9589484815,1.8866976983,1.8091022471,1.7264515857,1.6390610844,1.5473212735,1.4515835365,1.3522053641
5400.000000,2.3844905854,2.3819899263,2.3749067407,2.3630423077,2.3463158146,2.3244142374,2.2973408169,2.2650524055,2.2270343595,2.1835276957,2.1342726573,2.0791892569,2.0183957921,1.9519079302,1.8799150039,1.8026535992,1.7204074725,1.6334827824,1.5422565968,1.4470620903,1.3482098689
5460.000000,2.3779987708,2.3754776223,2.3683381440,2.3563850242,2.3395447664,2.3175136572,2.2903072475,2.2578947836,2.2197765224,2.1762052127,2.1269343924,2.0718954604,2.0112139706,1.9449117022,1.8731793038,1.7962511026,1.7144049000,1.6279373975,1.5372126227,1.4425535097,1.3442995241
5520.000000,2.3714298742,2.3688897124,2.3616980519,2.3496629018,2.3327177984,2.3105680196,2.2832408823,2.2507174668,2.2125123307,2.1688892833,2.1196144837,2.0646300421,2.0040682226,1.9379564296,1.8664863677,1.7898900970,1.7084399041,1.6224245336,1.5321987989,1.4380785947,1.3403797965
5580.000000,2.3647879354,2.3622301896,2.3549903251,2.3428795814,2.3258382461,2.3035802703,2.2761442070,2.2435224291,2.2052432258,2.1615808441,2.1123134581,2.0573933074,1.9969589257,1.9310429814,1.8598380964,1.7835741651,1.7025183573,1.6169518803,1.5272186166,1.4336165180,1.3364224229
5640.000000,2.3580769128,2.3555029697,2.3482187602,2.3360386641,2.3189094455,2.2965534191,2.2690198608,2.2363119153,2.1979710592,2.1542813816,2.1050324939,2.0501862048,1.9898868843,1.9241720918,1.8532351816,1.7773038442,1.6966400979,1.6115170138,1.5222656611,1.4291656621,1.3324740537
5700.000000,2.3513007589,2.3487119655,2.3413871583,2.3291437682,2.3119347644,2.2894905192,2.2618705265,2.2290881907,2.1906976340,2.1469921989,2.0977723520,2.0430088995,1.9828515885,1.9173424455,1.8466752698,1.7710753079,1.6907991096,1.6061111954,1.5173305744,1.4247255638,1.3285584178
5760.000000,2.3444633836,2.3418610427,2.3344992614,2.3221984292,2.3049174505,2.2823944464,2.2546986287,2.2218531527,2.1834242461,2.1397139299,2.0905329598,2.0358605989,1.9758515623,1.9105519953,1.8401559694,1.7648862619,1.6849941661,1.6007364977,1.5124224083,1.4203099877,1.3246396838
5820.000000,2.3375686048,2.3349539743,2.3275587156,2.3152060859,2.2978606604,2.2752680091,2.2475065799,2.2146087958,2.1761524858,2.1324478238,2.0833153544,2.0287423382,1.9688881326,1.9038027415,1.8336804059,1.7587414563,1.6792320586,1.5954012167,1.5075458688,1.4159019540,1.3206563469
5880.000000,2.3306202364,2.3279945355,2.3205691892,2.3081702346,2.2907676633,2.2681142067,2.2402970869,2.2073575332,2.1688844976,2.1251958014,2.0761212937,2.0216557715,1.9619628751,1.8970961298,1.8272497008,1.7526412231,1.6735112824,1.5900998626,1.5026894782,1.4114964683,1.3166997802
5940.000000,2.3236221371,2.3209865469,2.3135343951,2.3010944107,2.2836417494,2.2609360150,2.2330727434,2.2001015027,2.1616218683,2.1179587807,2.0689508558,2.0145998861,1.9550733287,1.8904277328,1.8208567321,1.7465747574,1.6678162591,1.5848122029,1.4978347533,1.4071004833,1.3128399425
6000.000000,2.3165779940,2.3139336408,2.3064578108,2.2939818297,2.2764857593,2.2537357739,2.2258352534,2.1928416281,2.1543645709,2.1107356131,2.0618015941,2.0075707805,1.9482140418,1.8837905838,1.8144933258,1.7405335929,1.6621405731,1.5795393026,1.4929992934,1.4027466999,1.3090270224
6060.000000,2.3094910768,2.3068390225,2.2993424597,2.2868352147,2.2693020035,2.2465152753,2.2185858079,2.1855784481,2.1471124911,2.1035256031,2.0546724064,2.0005672595,1.9413842059,1.8771849656,1.8081618580,1.7345236355,1.6564955271,1.5742987960,1.4882003679,1.3984210972,1.3051688171
6120.000000,2.3023643444,2.2997055984,2.2921911035,2.2796570981,2.2620927179,2.2392764182,2.2113259671,2.1783132285,2.1398667082,2.0963298098,2.0475645692,1.9935911241,1.9345865091,1.8706148830,1.8018681350,1.7285529111,1.6508910662,1.5690994912,1.4834367507,1.3941010827,1.3012366775
6180.000000,2.2952007514,2.2925362890,2.2850065694,2.2724501623,2.2548604047,2.2320215080,2.2040578464,2.1710479216,2.1326290547,2.0891499858,2.0404797738,1.9866439660,1.9278223071,1.8640811504,1.7956118128,1.7226186341,1.6453193673,1.5639243870,1.4786813867,1.3897779552,1.2973942305
6240.000000,2.2880033167,2.2853340778,2.2777917419,2.2652171287,2.2476075587,2.2247527469,2.1967832861,2.1637839256,2.1254003802,2.0819863047,2.0334173554,1.9797240936,1.9210886924,1.8575794769,1.7893871055,1.7167135660,1.6397725021,1.5587685653,1.4739430650,1.3854811197,1.2935515772
6300.000000,2.2807749596,2.2781018405,2.2705493743,2.2579605488,2.2403364552,2.2174720631,2.1895038097,2.1565223203,2.1181813093,2.0748389697,2.0263771972,1.9728312662,1.9143856028,1.8511103979,1.7831956623,1.7108411196,1.6342565569,1.5536414690,1.4692304815,1.3811988885,1.2896941473
6360.000000,2.2735184879,2.2708423448,2.2632821228,2.2506829008,2.2330493378,2.2101814254,2.1822210936,2.1492644995,2.1109729990,2.0677089819,2.0193602648,1.9659665670,1.9077144033,1.8446757130,1.7770398376,1.7050042729,1.6287749660,1.5485457436,1.4645417622,1.3769195078,1.2857798735
6420.000000,2.2662367262,2.2635583840,2.2559926954,2.2433867580,2.2257486091,2.2028830438,2.1749371556,2.1420123105,2.1037771748,2.0605980130,2.0123682637,1.9591318309,1.9010771421,1.8382777342,1.7709221762,1.6992055667,1.6233295081,1.5434806565,1.4598715104,1.3726371525,1.2818509826
6480.000000,2.2589326300,2.2562528887,2.2486839539,2.2360748743,2.2184368836,2.1955793732,2.1676542834,2.1347678777,2.0965958131,2.0535079111,2.0054029310,1.9523286870,1.8944753106,1.8319177222,1.7648434984,1.6934449629,1.6179186132,1.5384425567,1.4552151083,1.3683494586,1.2778857616
6540.000000,2.2516092774,2.2489289097,2.2413588730,2.2287500995,2.2111168398,2.1882728743,2.1603746737,2.1275330838,2.0894304146,2.0464397056,1.9984646911,1.9455567466,1.8879073916,1.8255925391,1.7587983048,1.6877135617,1.6125288199,1.5334131523,1.4505539646,1.3640635718,1.2740453329
6600.000000,2.2442696341,2.2415893701,2.2340202542,2.2214150300,2.2037907824,2.1809654637,2.1530997531,2.1203087556,2.0822810772,2.0393926365,1.9915517903,1.9388131414,1.8813693307,1.8192969893,1.7527805764,1.6820054895,1.6071568830,1.5283974318,1.4459098610,1.3598064190,1.2701610147
6660.000000,2.2369163531,2.2342368745,2.2266705670,2.2140719160,2.1964606665,2.1736587393,2.1458307262,2.1130957028,2.0751482677,2.0323669443,1.9846644505,1.9320983945,1.8748623923,1.8130336753,1.7467950453,1.6763286469,1.6018149188,1.5234108308,1.4412917613,1.3555552507,1.2662397863
6720.000000,2.2295519234,2.2268738764,2.2193121687,2.2067229639,2.1891285091,2.1663545097,2.1385692008,2.1058953661,2.0680333227,2.0253639369,1.9778040275,1.9254139581,1.8683881130,1.8068041146,1.7408429764,1.6706835423,1.5965014172,1.5184469802,1.4366859232,1.3513021016,1.2623262029
6780.000000,2.2221788201,2.2195028221,2.2119474249,2.1993704106,2.1817963755,2.1590546311,2.1313167913,2.0987090845,2.0609372582,2.0183842399,1.9709706508,1.9187593100,1.8619451157,1.8006058234,1.7349204738,1.6650644541,1.5912083390,1.5134958314,1.4320847787,1.3470549931,1.2584533852
6840.000000,2.2147994256,2.2121260595,2.2045785863,2.1920163460,2.1744661339,2.1517606895,2.1240747452,2.0915377145,2.0538604891,2.0114277898,1.9641637629,1.9121334297,1.8555320275,1.7944373142,1.7290263532,1.6594712105,1.5859378269,1.5085642421,1.4275020442,1.3428228556,1.2545413008
6900.000000,2.2074159615,2.2047457743,2.1972077396,2.1846626965,2.1671394962,2.1444741358,2.1168442204,2.0843821042,2.0468035542,2.0044948338,1.9573833534,1.9055360907,1.8491484296,1.7882979388,1.7231595671,1.6539019604,1.5806863843,1.5036452209,1.4229242233,1.3385947272,1.2507124581
6960.000000,2.2000304427,2.1973639431,2.1898367532,2.1773111526,2.1598179072,2.1371961019,2.1096259705,2.0772425624,2.0397662390,1.9975845504,1.9506278930,1.8989649408,1.8427910348,1.7821833987,1.7173148534,1.6483508291,1.5754485837,1.4987366516,1.4183593279,1.3343929500,1.2468924260
7020.000000,2.1926445875,2.1899822431,2.1824671896,2.1699630897,2.1525024903,2.1299274011,2.1024204575,2.0701191791,2.0327482700,1.9906963516,1.9438965869,1.8924191694,1.8364593107,1.7760938763,1.7114937183,1.6428214590,1.5702311243,1.4938484149,1.4138155061,1.3302045964,1.2430516474
7080.000000,2.1852599017,2.1826021478,2.1751004337,2.1626197531,2.1451943119,2.1226688989,2.0952283471,2.0630124466,2.0257500281,1.9838305993,1.9371899103,1.8858995371,1.8301545103,1.7700313653,1.7056991686,1.6373180806,1.5650392582,1.4889852294,1.4092931233,1.3260229634,1.2391774523
7140.000000,2.1778778785,2.1752251302,2.1677379039,2.1552824780,2.1378946059,2.1154217238,2.0880506741,2.0559233333,2.0187724592,1.9769882682,1.9305089221,1.8794072349,1.8238779791,1.7639973268,1.6999325976,1.6318414908,1.5598719662,1.4841421658,1.4047821935,1.3218425532,1.2353291624
7200.000000,2.1705000893,2.1678527445,2.1603811067,2.1479526942,2.1306047001,2.1081870784,2.0808884955,2.0488527289,2.0118162574,1.9701698203,1.9238538014,1.8729420908,1.8176291068,1.7579905933,1.6941921023,1.6263887979,1.5547252031,1.4793147858,1.4002812380,1.3176669867,1.2314613033
7260.000000,2.1631281155,2.1604865509,2.1530315424,2.1406318037,2.1233258618,2.1009660605,2.0737427087,2.0418013053,2.0048818490,1.9633754290,1.9172244768,1.8665038182,1.8114074397,1.7520105975,1.6884770389,1.6209593055,1.5495983247,1.4745027634,1.3957900409,1.3134957662,1.2276083204
7320.000000,2.1557634909,2.1531280606,2.1456906600,2.1333211551,2.1160593065,2.0937597265,2.0666141984,2.0347697769,1.9979698027,1.9566055676,1.9106214128,1.8600930031,1.8052138607,1.7460587518,1.6827896580,1.6155565483,1.5444968092,1.4697142556,1.3913188835,1.3093310243,1.2236893941
7380.000000,2.1484077788,2.1457788215,2.1383599653,2.1260221903,2.1088063987,2.0865693632,2.0595041878,2.0277593352,1.9910813316,1.9498615363,1.9040460704,1.8537113276,1.7990502825,1.7401371025,1.6771318493,1.6101816257,1.5394196744,1.4649436631,1.3868541993,1.3051604239,1.2198156532
7440.000000,2.1410626325,2.1384404729,2.1310410588,2.1187364471,2.1015685922,2.0793963198,2.0524139022,2.0207710592,1.9842173351,1.9431440082,1.8974988239,1.8473587609,1.7929161307,1.7342443678,1.6715014768,1.6048315161,1.5343633962,1.4601887646,1.3824003349,1.3009968677,1.2159010063
7500.000000,2.1337297231,2.1311146678,2.1237355432,2.1114654452,2.0943472931,2.0722418592,2.0453444360,2.0138058528,1.9773785076,1.9364534532,1.8909799056,1.8410352795,1.7868110914,1.7283798694,1.6658973513,1.5995042684,1.5293248853,1.4554446610,1.3779490327,1.2968328344,1.2120467532
7560.000000,2.1264106208,2.1238029518,2.1164448941,2.1042105439,2.0871436978,2.0651069663,2.0382965126,2.0068641266,1.9705648853,1.9297894670,1.8844883892,1.8347393400,1.7807329028,1.7225405435,1.6603156165,1.5941955075,1.5243001516,1.4507100884,1.3735067817,1.2926844937,1.2081852349
7620.000000,2.1191066871,2.1165066586,2.1091703676,2.0969728732,2.0799587662,2.0579923936,2.0312706530,1.9999461615,1.9637765243,1.9231519254,1.8780240568,1.8284707732,1.7746816569,1.7167270601,1.6547579800,1.5889086286,1.5192950411,1.4459933878,1.3690800900,1.2885400393,1.2042881039
7680.000000,2.1118191460,2.1092269914,2.1019131102,2.0897534910,2.0727934451,2.0508989655,2.0242675642,1.9930525682,1.9570139796,1.9165413812,1.8715875233,1.8222303224,1.7686582830,1.7109405744,1.6492258247,1.5836451200,1.5143106067,1.4412936189,1.3646639717,1.2843971859,1.2004026899
7740.000000,2.1045491845,2.1019651212,2.0946742489,2.0825534536,2.0656486972,2.0438275317,2.0172879658,1.9861839175,1.9502776442,1.9099580035,1.8651786572,1.8160174323,1.7626616222,1.7051790646,1.6437158925,1.5783999285,1.5093392478,1.4366003222,1.3602482662,1.2802599583,1.1965756755
7800.000000,2.0972978747,2.0947220982,2.0874547713,2.0753736446,2.0585252595,2.0367786369,2.0103321624,1.9793402239,1.9435671852,1.9034010587,1.8587962778,1.8098304589,1.7566896120,1.6994402073,1.6382259496,1.5731716190,1.5043817753,1.4319193766,1.3558469596,1.2761382084,1.1927017973
7860.000000,2.0900660916,2.0874987737,2.0802554631,2.0682147430,2.0514236677,2.0297526423,2.0034003201,1.9725214495,1.9368823673,1.8968701385,1.8524398470,1.8036687914,1.7507416237,1.6937233745,1.6327552916,1.5679591357,1.4994360525,1.4272455770,1.3514477635,1.2720200253,1.1889180920
7920.000000,2.0828544856,2.0802957730,2.0730768792,2.0610771875,2.0443442009,2.0227496232,1.9964922678,1.9657271341,1.9302223923,1.8903640551,1.8461077312,1.7975302959,1.7448149913,1.6880254045,1.6273004580,1.5627592476,1.4945002824,1.4225813723,1.3470634760,1.2679285932,1.1851164957
7980.000000,2.0756634813,2.0731134992,2.0659193631,2.0539612276,2.0372869873,2.0157695722,1.9896078668,1.9589570358,1.9235869825,1.8838826077,1.8397999861,1.7914155558,1.7389112008,1.6823491959,1.6218664002,1.5575796775,1.4895854637,1.4179399734,1.3427019246,1.2638437843,1.1812709806
8040.000000,2.0684934811,2.0659523465,2.0587832878,2.0468672077,2.0302523453,2.0088127964,1.9827474428,1.9522115419,1.9169766463,1.8774264866,1.8335175419,1.7853257724,1.7330317022,1.6766963221,1.6164545035,1.5524209283,1.4846897146,1.4133142553,1.3383485232,1.2597578844,1.1774541514
8100.000000,2.0613450037,2.0588128304,2.0516691611,2.0397956245,2.0232407595,2.0018797710,1.9759114646,1.9454911185,1.9103918482,1.8709961541,1.8272608579,1.7792614111,1.7271769995,1.6710674031,1.6110656334,1.5472842972,1.4798151320,1.4087084096,1.3340131560,1.2556848981,1.1736006584
8160.000000,2.0542187015,2.0516956007,2.0445776253,2.0327471096,2.0162528489,1.9949711014,1.9691005250,1.9387963471,1.9038331590,1.8645921655,1.8210304565,1.7732229120,1.7213473336,1.6654622155,1.6056985673,1.5421665865,1.4749549771,1.4041099468,1.3296755725,1.2516075737,1.1698304603
8220.000000,2.0471152259,2.0446012958,2.0375092815,2.0257221979,2.0092890484,1.9880870786,1.9623147163,1.9321270519,1.8973000406,1.8582135114,1.8148247244,1.7672079107,1.7155394480,1.6598765186,1.6003481434,1.5370622035,1.4701047862,1.3995196122,1.3253499897,1.2475540242,1.1660353991
8280.000000,2.0400350465,2.0375303660,2.0304645258,2.0187211971,2.0023495455,1.9812277431,1.9555539168,1.9254829518,1.8907920844,1.8518597250,1.8086432610,1.7612162628,1.7097537085,1.6543115047,1.5950167481,1.5319751253,1.4652703824,1.3949440930,1.3210379086,1.2435089993,1.1622729473
8340.000000,2.0329785051,2.0304831403,2.0234436518,2.0117443463,1.9954345127,1.9743931997,1.9488181755,1.9188640668,1.8843093291,1.8455309275,1.8024863511,1.7552485149,1.7039910383,1.6487686321,1.5897066229,1.5269087754,1.4604568744,1.3903904959,1.3167480298,1.2394750812,1.1584302344
8400.000000,2.0259460008,2.0234600160,2.0164470541,2.0047920412,1.9885443594,1.9675838952,1.9421080141,1.9122710448,1.8778526198,1.8392282384,1.7963554737,1.7493065810,1.6982538289,1.6432507355,1.5844208383,1.5218658442,1.4556650338,1.3858542928,1.3124652616,1.2354332930,1.1546312586
8460.000000,2.0189380855,2.0164615452,2.0094752850,1.9978648344,1.9816796367,1.9608003747,1.9354239597,1.9057043697,1.8714223462,1.8329518718,1.7902505370,1.7433898713,1.6925407343,1.6377553750,1.5791554403,1.5168403835,1.4508866400,1.3813262973,1.3081865899,1.2314012266,1.1508454210
8520.000000,2.0119553081,2.0094882663,2.0025288533,1.9909631820,1.9748407221,1.9540429031,1.9287661246,1.8991639543,1.8650181625,1.8267011620,1.7841704886,1.7374968819,1.6868497406,1.6322799690,1.5739072260,1.5118285790,1.4461176001,1.3768032585,1.3039109416,1.2273790222,1.1471106888
8580.000000,2.0049980206,2.0025405126,1.9956080380,1.9840872729,1.9680276768,1.9473113763,1.9221342032,1.8926492601,1.8586392723,1.8204750446,1.7781140087,1.7316260849,1.6811792113,1.6268229656,1.5686750967,1.5068305172,1.4413605699,1.3722925345,1.2996516995,1.2233766119,1.1433473253
8640.000000,1.9980663787,1.9956184255,1.9887129422,1.9772371510,1.9612404733,1.9406056948,1.9155280423,1.8861601201,1.8522855693,1.8142735812,1.7720814784,1.7257783817,1.6755308137,1.6213870953,1.5634631907,1.5018520784,1.4366231652,1.3678018984,1.2954109491,1.2193818396,1.1395809589
8700.000000,1.9911605510,1.9887221721,1.9818437305,1.9704129823,1.9544792905,1.9339260733,1.9089479257,1.8796969312,1.8459576196,1.8080975614,1.7660739621,1.7199551458,1.6699062362,1.6159743300,1.5582736667,1.4968953487,1.4319067140,1.3633305133,1.2911844361,1.2153885911,1.1357810905
8760.000000,1.9842808721,1.9818520917,1.9750007564,1.9636151458,1.9477445468,1.9272729864,1.9023944021,1.8732603313,1.8396561614,1.8019478245,1.7600923842,1.7141573484,1.6643064303,1.6105854859,1.5531069921,1.4919600190,1.4272093515,1.3588739394,1.2869651252,1.2113938441,1.1319970963
8820.000000,1.9774278216,1.9750086652,1.9681845034,1.9568441281,1.9410367294,1.9206469144,1.8958679302,1.8668507335,1.8333815201,1.7958245496,1.7541366943,1.7083845961,1.6587305104,1.6052189790,1.5479605934,1.4870421462,1.4225254620,1.3544253942,1.2827480908,1.2074004641,1.1282228821
8880.000000,1.9706018664,1.9681923514,1.9613954072,1.9501003240,1.9343561716,1.9140481035,1.8893686382,1.8604681134,1.8271334774,1.7897272847,1.7482061694,1.7026358678,1.6531771486,1.5998731935,1.5428326465,1.4821399430,1.4178539890,1.3499861689,1.2785394997,1.2034207358,1.1244766051
8940.000000,1.9638033639,1.9614034975,1.9546337867,1.9433840070,1.9277030870,1.9074766974,1.8828965995,1.8541124843,1.8209120179,1.7836560403,1.7423009353,1.6969115382,1.6476471510,1.5945496190,1.5377256786,1.4772575066,1.4132013506,1.3455655343,1.2743491665,1.1994495506,1.1206740431
9000.000000,1.9570326422,1.9546424274,1.9478999545,1.9366954736,1.9210777554,1.9009329632,1.8764520770,1.8477841166,1.8147174285,1.7776111167,1.7364212732,1.6912117779,1.6421403906,1.5892474900,1.5326377220,1.4723907477,1.4085597708,1.3411494095,1.2701549201,1.1954763316,1.1169775404
9060.000000,1.9502899320,1.9479093595,1.9411940934,1.9300348436,1.9144801996,1.8944167814,1.8700347481,1.8414824042,1.8085487023,1.7715909587,1.7305648864,1.6855333137,1.6366523671,1.5839608568,1.5275612905,1.4675309080,1.4039204174,1.3367328313,1.2659661303,1.1915357309,1.1133328283
9120.000000,1.9435751599,1.9412042002,1.9345160528,1.9234018720,1.9079100450,1.8879276157,1.8636438944,1.8352064434,1.8024047812,1.7655944351,1.7247307345,1.6798754869,1.6311832670,1.5786914741,1.5225007878,1.4626866410,1.3992984202,1.3323392687,1.2618089603,1.1876177846,1.1095958486
9180.000000,1.9368881273,1.9345267468,1.9278656210,1.9167963402,1.9013670808,1.8814652971,1.8572794456,1.8289563460,1.7962860805,1.7596224075,1.7189202933,1.6742405583,1.6257362717,1.5734434935,1.5174611920,1.4578631392,1.3946972824,1.3279652269,1.2576626258,1.1836882218,1.1058696935
9240.000000,1.9302287879,1.9278769605,1.9212427808,1.9102182698,1.8948513862,1.8750299837,1.8509416579,1.8227324770,1.7901930691,1.7536754180,1.7131341111,1.6686289733,1.6203115810,1.5682167011,1.5124416816,1.4530586849,1.3901139523,1.3236066195,1.2535275771,1.1797665995,1.1021279642
9300.000000,1.9235972724,1.9212549779,1.9146476857,1.9036678409,1.8883631768,1.8686219329,1.8446308312,1.8165351753,1.7841261142,1.7477538463,1.7073725594,1.6630410691,1.6149094561,1.5630111824,1.5074419098,1.4482719408,1.3855452189,1.3192576020,1.2493956625,1.1758484744,1.0984538373
9360.000000,1.9169937667,1.9146609829,1.9080805127,1.8971452163,1.8819025889,1.8622412344,1.8383469813,1.8103643453,1.7780849563,1.7418572092,1.7016348612,1.6574757003,1.6095283131,1.5578248591,1.5024593113,1.4435001001,1.3809890054,1.3149194849,1.2452761550,1.1719459257,1.0947389162
9420.000000,1.9104183925,1.9080950907,1.9015413589,1.8906504630,1.8754696480,1.8558878627,1.8320900258,1.8042198491,1.7720694171,1.7359853188,1.6959208725,1.6519328433,1.6041683348,1.5526581998,1.4974946901,1.4387443044,1.3764466218,1.3105926183,1.2411642201,1.1680467692,1.0910691346
9480.000000,1.9038711828,1.9015573270,1.8950302290,1.8841835509,1.8690642754,1.8495616746,1.8258597405,1.7981013624,1.7660790442,1.7301375582,1.6902297562,1.6464113554,1.5988279551,1.5475090656,1.4925451914,1.4340009241,1.3719138333,1.3062730970,1.2370601958,1.1641645045,1.0874238792
9540.000000,1.8973520320,1.8950475765,1.8885469807,1.8777442925,1.8626862206,1.8432623400,1.8196557010,1.7920083551,1.7601131965,1.7243131797,1.6845606767,1.6409103565,1.5935063282,1.5423767858,1.4876105592,1.4292705088,1.3673925934,1.3019649704,1.2329694523,1.1602972620,1.0837848784
9600.000000,1.8908607276,1.8885656213,1.8820913816,1.8713324345,1.8563352078,1.8369895672,1.8134776172,1.7859405713,1.7541717091,1.7185121893,1.6789139295,1.6354305995,1.5882048961,1.5372638225,1.4826947380,1.4245590991,1.3628916823,1.2976797408,1.2289032224,1.1564436222,1.0800911649
9660.000000,1.8843971417,1.8821113394,1.8756633276,1.8649479070,1.8500112234,1.8307434289,1.8073256869,1.7798983783,1.7482551701,1.7127354404,1.6732906596,1.6299735050,1.5829252583,1.5321717111,1.4777986910,1.4198660665,1.3584068678,1.2934059428,1.2248391759,1.1525852083,1.0764712871
9720.000000,1.8779612742,1.8756847344,1.8692628321,1.8585907367,1.8437143071,1.8245239705,1.8011999416,1.7738817589,1.7423634534,1.7069826151,1.6676902468,1.6245380202,1.5776658087,1.5270982191,1.4729196095,1.4151883395,1.3539358098,1.2891449580,1.2207893185,1.1487419184,1.0727845970
9780.000000,1.8715531760,1.8692858587,1.8628899525,1.8522609912,1.8374445438,1.8183313066,1.7951005476,1.7678909674,1.7364969666,1.7012543731,1.6621137566,1.6191258421,1.5724291722,1.5220472630,1.4680630773,1.4105334567,1.3494879334,1.2849065406,1.2167568098,1.1448975960,1.0690905407
9840.000000,1.8651730486,1.8629149216,1.8565449201,1.8459589397,1.8312022586,1.8121658390,1.7890280031,1.7619266153,1.7306564411,1.6955515491,1.6565620681,1.6137377571,1.5672157870,1.5170184850,1.4632272210,1.4058969271,1.3450545457,1.2806761396,1.2127235737,1.1410529581,1.0654541447
9900.000000,1.8588211700,1.8565722005,1.8502280096,1.8396848484,1.8249876970,1.8060277692,1.7829824294,1.7559886901,1.7248416500,1.6898736008,1.6510341942,1.6083721833,1.5620233228,1.5120086790,1.4584079280,1.4012739693,1.3406311761,1.2764524971,1.2086972208,1.1372212194,1.0618032251
9960.000000,1.8524976921,1.8502578373,1.8439393339,1.8334387802,1.8188008488,1.7999169874,1.7769635901,1.7500768034,1.7190520307,1.6842197805,1.6455292047,1.6030280272,1.5568505574,1.5070165391,1.4536038690,1.3966633468,1.3362169094,1.2722350769,1.2046761825,1.1334016018,1.0582264830
10020.000000,1.8462025400,1.8439717433,1.8376787656,1.8272205427,1.8126414301,1.7938330908,1.7709709363,1.7441902337,1.7132866596,1.6785889331,1.6400456789,1.5977035649,1.5516954293,1.5020396622,1.4488123982,1.3920625168,1.3318101124,1.2680247372,1.2006663978,1.1296023316,1.0546434573
10080.000000,1.8399354155,1.8377136097,1.8314459662,1.8210297514,1.8065089985,1.7877755746,1.7650039085,1.7383283893,1.7075449609,1.6729805748,1.6345833461,1.5923989228,1.5465587321,1.4970799166,1.4440370600,1.3874775335,1.3274202717,1.2638344794,1.1966802188,1.1258200441,1.0510358035
10140.000000,1.8336959942,1.8314831137,1.8252406195,1.8148661048,1.8004032828,1.7817442235,1.7590623822,1.7324912805,1.7018271349,1.6673951477,1.6291429330,1.5871151260,1.5414417468,1.4921386972,1.4392790340,1.3829086376,1.3230451019,1.2596563514,1.1927005843,1.1220393365,1.0474792805
10200.000000,1.8274840337,1.8252800166,1.8190624968,1.8087293911,1.7943240928,1.7757388701,1.7531462079,1.7266787612,1.6961330084,1.6618324069,1.6237240630,1.5818516016,1.5363436635,1.4872149821,1.4345372324,1.3783550176,1.3186848323,1.2554936480,1.1887384228,1.1182757848,1.0438728958
10260.000000,1.8212993718,1.8191041610,1.8129114546,1.8026194909,1.7882713455,1.7697594847,1.7472554313,1.7208909839,1.6904628894,1.6562928830,1.6183275866,1.5766096551,1.5312664069,1.4823114817,1.4298152365,1.3738209703,1.3143437599,1.2513484748,1.1847874933,1.1145069533,1.0402659985
10320.000000,1.8151419856,1.8129555310,1.8067874972,1.7965364422,1.7822451261,1.7638062126,1.7413902684,1.7151282407,1.6848171435,1.6507769994,1.6129539504,1.5713896915,1.5262102362,1.4774281444,1.4251124405,1.3693050004,1.3100191367,1.2472170008,1.1808464698,1.1107476884,1.0366735013
10380.000000,1.8090119559,1.8068342112,1.8006907186,1.7904803531,1.7762455581,1.7578791897,1.7355508579,1.7093906553,1.6791958491,1.6452847469,1.6076029945,1.5661913079,1.5211743655,1.4725635765,1.4204264816,1.3648032366,1.3057049476,1.2430908028,1.1769056273,1.1069915144,1.0331322575
10440.000000,1.8029093148,1.8007402280,1.7946211290,1.7844512034,1.7702725733,1.7519782751,1.7297369558,1.7036778457,1.6735984439,1.6398153442,1.6022736884,1.5610132186,1.5161572990,1.4677162163,1.4157560807,1.3603154616,1.3014036897,1.2389781986,1.1729826335,1.1032558046,1.0295420590
10500.000000,1.7968340248,1.7946735422,1.7885786850,1.7784489468,1.7643261294,1.7461034485,1.7239485975,1.6979899578,1.6680252770,1.6343694711,1.5969672227,1.5558573610,1.5111620010,1.4628903729,1.4111072077,1.3558495259,1.2971248162,1.2348879228,1.1690771463,1.0995166774,1.0259221748
10560.000000,1.7907861772,1.7886342534,1.7825635103,1.7724737492,1.7584064556,1.7402550271,1.7181862131,1.6923275551,1.6624770542,1.6289479574,1.5916844844,1.5507245309,1.5061889148,1.4580857121,1.4064781096,1.3514012827,1.2928602898,1.2308063113,1.1651722714,1.0957797051,1.0223757546
10620.000000,1.7847659373,1.7826225266,1.7765757684,1.7665257667,1.7525136867,1.7344330975,1.7124497965,1.6866904715,1.6569533430,1.6235499644,1.5864240366,1.5456124479,1.5012346254,1.4532973508,1.4018620871,1.3469619464,1.2885994692,1.2267231582,1.1612656763,1.0920597983,1.0188931817
10680.000000,1.7787732343,1.7766382747,1.7706153239,1.7606047789,1.7466474751,1.7286371324,1.7067385810,1.6810776369,1.6514526990,1.6181736127,1.5811835237,1.5405182808,1.4962959027,1.4485218660,1.3972559645,1.3425295007,1.2843433684,1.2226457905,1.1573735683,1.0883720935,1.0154414445
10740.000000,1.7728076471,1.7706810598,1.7646816924,1.7547102274,1.7408071651,1.7228663643,1.7010516881,1.6754880821,1.6459741148,1.6128179461,1.5759621817,1.5354416653,1.4913730636,1.4437606467,1.3926627479,1.3381093299,1.2801005691,1.2185856114,1.1535043965,1.0847034525,1.0119606299
10800.000000,1.7668686125,1.7647503156,1.7587743009,1.7488415326,1.7349921793,1.7171202380,1.6953886165,1.6699214038,1.6405173461,1.6074829439,1.5707602829,1.5303832293,1.4864671396,1.4390151582,1.3880843301,1.3337035850,1.2758726757,1.2145411584,1.1496490560,1.0810390649,1.0084812978
10860.000000,1.7609556186,1.7588455351,1.7528926562,1.7429982262,1.7292020864,1.7113983729,1.6897490504,1.6643773612,1.6350822310,1.6021685171,1.5655777913,1.5253429588,1.4815781038,1.4342853292,1.3835205426,1.3293118135,1.2716584465,1.2105098016,1.1458050722,1.0773849583,1.0050187395
10920.000000,1.7550682499,1.7529663086,1.7470363652,1.7371799430,1.7234365609,1.7057004963,1.6841327826,1.6588558282,1.6296687458,1.5968747740,1.5604149978,1.5203214116,1.4767069122,1.4295726969,1.3789737104,1.3249373014,1.2674622709,1.2064973311,1.1419795956,1.0737423257,1.0015253784
10980.000000,1.7492062584,1.7471123986,1.7412052213,1.7313865294,1.7176955272,1.7000266409,1.6785399901,1.6533571685,1.6242774980,1.5916026328,1.5552732151,1.5153203941,1.4718559623,1.4248803151,1.3744475033,1.3205840883,1.2632879526,1.2025059731,1.1381704542,1.0701029412,0.9980231486
11040.000000,1.7433696475,1.7412838219,1.7353992779,1.7256180998,1.7119791832,1.6943771088,1.6729710938,1.6478819281,1.6189091498,1.5863528417,1.5501532115,1.5103405701,1.4670256021,1.4202078563,1.3699403453,1.3162484819,1.2591285189,1.1985244913,1.1343641922,1.0664670316,0.9945791549
11100.000000,1.7375585408,1.7354807045,1.7296186675,1.7198747923,1.7062876651,1.6887520154,1.6674261562,1.6424300690,1.6135634918,1.5811249330,1.5450541521,1.5053806102,1.4622138703,1.4155525929,1.3654486589,1.3119261756,1.2549796889,1.1945510488,1.1305662849,1.0628454211,0.9911267982
11160.000000,1.7317729869,1.7297030899,1.7238634182,1.7141566084,1.7006209355,1.6831512720,1.6619050279,1.6370013790,1.6082402622,1.5759186312,1.5399758186,1.5004404717,1.4574210718,1.4109154233,1.3609742904,1.3076205090,1.2508470981,1.1905941194,1.1267853714,1.0592357683,0.9876666655
11220.000000,1.7260130033,1.7239509962,1.7181335503,1.7084635753,1.6949790384,1.6775749571,1.6564078507,1.6315961042,1.6029398722,1.5707345861,1.5349191884,1.4955215545,1.4526491177,1.4062988448,1.3565203784,1.3033352593,1.2467348687,1.1866567998,1.1230197597,1.0556247723,0.9841532789
11280.000000,1.7202787161,1.7182245557,1.7124292146,1.7027958755,1.6893622019,1.6720233596,1.6509349863,1.6262146859,1.5976628359,1.5655733531,1.5298847842,1.4906242082,1.4478979525,1.4017020310,1.3520847708,1.2990660814,1.2426350841,1.1827258630,1.1192521319,1.0520145254,0.9807437581
11340.000000,1.7145702720,1.7125239133,1.7067505497,1.6971536332,1.6837705225,1.6664965250,1.6454863953,1.6208569516,1.5924087775,1.5604342696,1.5248715563,1.4857468914,1.4431654645,1.3971222912,1.3476643414,1.2948098839,1.2385459926,1.1788044665,1.1154979342,1.0484288456,0.9773078385
11400.000000,1.7088876941,1.7068490851,1.7010975518,1.6915368115,1.6782039161,1.6609943093,1.6400618637,1.6155226124,1.5871773373,1.5553169204,1.5198790639,1.4808891821,1.4384512985,1.3925593703,1.3432589247,1.2905665194,1.2344672657,1.1748910782,1.1117498063,1.0448495345,0.9739340915
11460.000000,1.7032308504,1.7011999313,1.6954700587,1.6859452108,1.6726621318,1.6555163949,1.6346609922,1.6102111729,1.5819679068,1.5502205672,1.5149064231,1.4760500442,1.4337542901,1.3880120808,1.3388675957,1.2863359561,1.2304009353,1.1709916940,1.1080203997,1.0412912765,0.9705087326
11520.000000,1.6975995350,1.6955762453,1.6898678635,1.6803786281,1.6671449801,1.6500626271,1.6292836959,1.6049226694,1.5767807254,1.5451457615,1.5099546486,1.4712311574,1.4290770372,1.3834842491,1.3344957435,1.2821253704,1.2263556315,1.1671141320,1.1043092260,1.0377326864,0.9670641095
11580.000000,1.6919936655,1.6899779531,1.6842909162,1.6748370543,1.6616525120,1.6446331365,1.6239302010,1.5996574324,1.5716162181,1.5400929812,1.5050241780,1.4664327441,1.4244192629,1.3789746495,1.3301404992,1.2779291491,1.2223212604,1.1632417343,1.1005948725,1.0341715176,0.9636861534
11640.000000,1.6864132041,1.6844050165,1.6787391767,1.6693204423,1.6561846615,1.6392278161,1.6186003257,1.5944151568,1.5664738873,1.5350614589,1.5001138911,1.4616532679,1.4197790086,1.3744810064,1.3257995645,1.2737456062,1.2182981754,1.1593803535,1.0968950119,1.0306314091,0.9602747970
11700.000000,1.6808580575,1.6788573409,1.6732125460,1.6638286874,1.6507413198,1.6338465603,1.6132939843,1.5891958082,1.5613538100,1.5300514730,1.4952244060,1.4568938814,1.4151582036,1.3700063007,1.3214772258,1.2695804969,1.2142934859,1.1555370523,1.0932102130,1.0270929736,0.9568563992
11760.000000,1.6753281840,1.6733348882,1.6677109978,1.6583617836,1.6453225108,1.6284894338,1.6080112911,1.5839995551,1.5562562004,1.5250632546,1.4903559029,1.4521545815,1.4105564389,1.3655493601,1.3171710249,1.2654293485,1.2102997182,1.1517003756,1.0895273926,1.0235624869,0.9535101819
11820.000000,1.6698235239,1.6678375957,1.6622344591,1.6529196374,1.6399281043,1.6231562434,1.6027519519,1.5788259493,1.5511803794,1.5200957985,1.4855069299,1.4474333284,1.4059709381,1.3611065342,1.3128763606,1.2612867084,1.2063111974,1.1478666924,1.0858507156,1.0200563253,0.9502183667
11880.000000,1.6643438253,1.6623652010,1.6567826377,1.6475019058,1.6345576853,1.6178464799,1.5975153452,1.5736742462,1.5461254846,1.5151481575,1.4806765340,1.4427293140,1.4014012905,1.3566782235,1.3085951042,1.2571569860,1.2023365572,1.1440508147,1.0821991219,1.0165726838,0.9468592170
11940.000000,1.6588887521,1.6569173680,1.6513551990,1.6421082619,1.6292109481,1.6125598858,1.5923013044,1.5685444324,1.5410917491,1.5102209264,1.4758658168,1.4380443143,1.3968501164,1.3522680458,1.3043319543,1.2530458267,1.1983814945,1.1402551710,1.0785636444,1.0130886490,0.9435085711
12000.000000,1.6534580971,1.6514938977,1.6459519675,1.6367385700,1.6238878135,1.6072964545,1.5871099060,1.5634366679,1.5360793954,1.5053143379,1.4710749175,1.4333781990,1.3923167534,1.3478744249,1.3000838812,1.2489479302,1.1944371785,1.1364662032,1.0749293311,1.0096083352,0.9402039609
12060.000000,1.6480516804,1.6460946088,1.6405727566,1.6313926301,1.6185880532,1.6020559029,1.5819407722,1.5583504246,1.5310876649,1.5004273081,1.4663023149,1.4287288917,1.3877984676,1.3434939014,1.2958466880,1.2448584707,1.1904987227,1.1326812084,1.0713015484,1.0061515024,0.9369630387
12120.000000,1.6426691528,1.6407191429,1.6352171815,1.6260700125,1.6133111733,1.5968376531,1.5767932254,1.5532849170,1.5261156737,1.4955588916,1.4615470851,1.4240956422,1.3832949226,1.3391269152,1.2916221189,1.2407813105,1.1865734369,1.1289126536,1.0676964553,1.0027157983,0.9336634312
12180.000000,1.6373100953,1.6353670818,1.6298848275,1.6207703134,1.6080567960,1.5916413816,1.5716670412,1.5482400857,1.5211636271,1.4907096860,1.4568103858,1.4194803755,1.3788090433,1.3347776422,1.2874158419,1.2367237611,1.1826699373,1.1251680855,1.0641127998,0.9992811300,0.9303268496
12240.000000,1.6319743060,1.6300382384,1.6245755508,1.6154934644,1.6028249657,1.5864672908,1.5665626300,1.5432166023,1.5162325156,1.4858810486,1.4520939734,1.4148852456,1.3743433270,1.3304487822,1.2832304708,1.2326877425,1.1787881456,1.1214431316,1.0605410122,0.9958449263,0.9269932112
12300.000000,1.6266619017,1.6247327451,1.6192895271,1.6102397120,1.5976160233,1.5813158346,1.5614805669,1.5382151577,1.5113231193,1.4810737954,1.4473986100,1.4103108218,1.3698979516,1.3261398306,1.2790643778,1.2286698258,1.1749219717,1.1177289034,1.0569731048,0.9924123654,0.9236986574
12360.000000,1.6213731489,1.6194508725,1.6140270376,1.6050093504,1.5924302715,1.5761873096,1.5564211165,1.5332359460,1.5064355037,1.4762877964,1.4427238880,1.4057563285,1.3654716799,1.3218489885,1.2749151112,1.2246669204,1.1710681831,1.1140238835,1.0534127405,0.9889896849,0.9203987067
12420.000000,1.6161082502,1.6141928176,1.6087882623,1.5998025281,1.5872678103,1.5710817445,1.5513842089,1.5282787674,1.5015693034,1.4715224820,1.4380689906,1.4012206466,1.3610630112,1.3175742512,1.2707799936,1.2206755200,1.1672224380,1.1103230173,1.0498538212,0.9855727299,0.9171532372
12480.000000,1.6108672006,1.6089585636,1.6035731507,1.5946191382,1.5821284512,1.5659988424,1.5463694126,1.5233430312,1.4967237447,1.4667768814,1.4334327468,1.3967024247,1.3566704747,1.3133141765,1.2666579458,1.2166956181,1.1633871606,1.1066334674,1.0463112028,0.9821797558,0.9138938612
12540.000000,1.6056498164,1.6037479202,1.5983814947,1.5894589455,1.5770119287,1.5609383121,1.5413764262,1.5184284555,1.4918986160,1.4620509209,1.4288153097,1.3922021472,1.3522949958,1.3090702378,1.2625510735,1.2127299494,1.1595653577,1.1029568439,1.0427797860,0.9787913281,0.9106513806
12600.000000,1.6004558537,1.5985606413,1.5932130428,1.5843216904,1.5719179727,1.5558998701,1.5364049480,1.5135347088,1.4870935308,1.4573441130,1.4242160115,1.3877188426,1.3479351307,1.3048403110,1.2584563504,1.2087743686,1.1557515689,1.0992865941,1.0392554383,0.9754223688,0.9074775951
12660.000000,1.5952849766,1.5933963864,1.5880674408,1.5792069953,1.5668461710,1.5508830567,1.5314544560,1.5086611916,1.4823077952,1.4526556581,1.4196339471,1.3832515286,1.3435899010,1.3006235932,1.2543734520,1.2048295181,1.1519482089,1.0956283065,1.0357480120,0.9720759580,0.9042926212
12720.000000,1.5901367741,1.5882547431,1.5829442727,1.5741144402,1.5617961032,1.5458874606,1.5265245656,1.5038075744,1.4775411825,1.4479854990,1.4150693271,1.3788008236,1.3392605242,1.2964221599,1.2503056427,1.2009002362,1.1481619640,1.0919897750,1.0322614050,0.9687372498,0.9010565254
12780.000000,1.5850109129,1.5831353845,1.5778432311,1.5690437523,1.5567675489,1.5409129361,1.5216152310,1.4989739369,1.4727939238,1.4433340339,1.4105227153,1.3743674234,1.3349477378,1.2922366036,1.2462530087,1.1969853886,1.1443890280,1.0883618259,1.0287789806,0.9653983884,0.8978888766
12840.000000,1.5799071377,1.5780380580,1.5727640703,1.5639946949,1.5517602778,1.5359592485,1.5167261911,1.4941599560,1.4680655742,1.4387006179,1.4059931632,1.3699499501,1.3306496036,1.2880642991,1.2422121373,1.1930807487,1.1406246761,1.0847411612,1.0253056815,0.9620811224,0.8947431219
12900.000000,1.5748251335,1.5729624456,1.5677064623,1.5589669221,1.5467739169,1.5310259869,1.5118569875,1.4893651190,1.4633555696,1.4340846548,1.4014800906,1.3655479315,1.3263658983,1.2839054704,1.2381839508,1.1891882765,1.1368724815,1.0811338213,1.0218491464,0.9587853703,0.8916257860
12960.000000,1.5697645470,1.5679081940,1.5626700556,1.5539600874,1.5418081315,1.5261128420,1.5070073572,1.4845892418,1.4586638566,1.4294862917,1.3969839425,1.3611622396,1.3220980820,1.2797623693,1.2341717594,1.1853127169,1.1331390833,1.0775482733,1.0184165040,0.9555015875,0.8884311411
13020.000000,1.5647251713,1.5628751074,1.5576546863,1.5489740835,1.5368629005,1.5212199168,1.5021775735,1.4798328228,1.4539912280,1.4249066895,1.3925063287,1.3567950084,1.3178488638,1.2756382788,1.2301793096,1.1814579079,1.1294273342,1.0739835454,1.0149975996,0.9522130421,0.8852425134
13080.000000,1.5597070493,1.5578632407,1.5526604426,1.5440090521,1.5319384362,1.5163475040,1.4973680084,1.4750962945,1.4493381278,1.4203462175,1.3880473964,1.3524459306,1.3136171417,1.2715308018,1.2262021836,1.1776163451,1.1257251971,1.0704221672,1.0115745414,0.9489285408,0.8821475959
13140.000000,1.5547102346,1.5528726437,1.5476873620,1.5390650046,1.5270347008,1.5114954816,1.4925784055,1.4703792020,1.4447038182,1.4158037647,1.3836055692,1.3481128922,1.3094002444,1.2674367899,1.2222370194,1.1737851037,1.1220318234,1.0668694227,1.0081655039,0.9456699322,0.8790257470
13200.000000,1.5497346195,1.5479032014,1.5427353092,1.5341417735,1.5221514857,1.5066635968,1.4878084768,1.4656812489,1.4400880520,1.4112792276,1.3791810349,1.3437965821,1.3051996292,1.2633587928,1.2182878278,1.1699700840,1.1183553977,1.0633349735,1.0047745403,0.9424159658,0.8758760949
13260.000000,1.5447800787,1.5429547905,1.5378041671,1.5292392545,1.5172887111,1.5018518118,1.4830582496,1.4610025545,1.4354910712,1.4067729919,1.3747743244,1.3394976362,1.3010159304,1.2592972431,1.2143545297,1.1661702262,1.1146930362,1.0598125306,1.0013916831,0.9391700029,0.8727829499
13320.000000,1.5398465311,1.5380273317,1.5328938617,1.5243573816,1.5124463190,1.4970600732,1.4783276658,1.4563430375,1.4309127369,1.4022848103,1.3703850061,1.3352153351,1.2968480158,1.2552504573,1.2104347570,1.1623823669,1.1110407983,1.0562982084,0.9980165461,0.9359372464,0.8697004410
13380.000000,1.5349338332,1.5331206771,1.5280042321,1.5194959701,1.5076240876,1.4922881035,1.4736163688,1.4517022345,1.4263524419,1.3978138919,1.3660120606,1.3309483848,1.2926942779,1.2512164905,1.2065262348,1.1586039868,1.1073962331,1.0527904214,0.9946494371,0.9327215229,0.8666730631
13440.000000,1.5300416939,1.5282345289,1.5231349614,1.5146546718,1.5028216262,1.4875354604,1.4689238605,1.4470795937,1.4218095975,1.3933596457,1.3616549603,1.3266964355,1.2885547281,1.2471960107,1.2026307568,1.1548387553,1.1037660422,1.0493003189,0.9913056561,0.9295280741,0.8635923921
13500.000000,1.5251697923,1.5233685682,1.5182857374,1.5098331892,1.4980386651,1.4828019243,1.4642500021,1.4424750991,1.4172843663,1.3889224752,1.3573144163,1.3224605634,1.2844308314,1.2431908256,1.1987502889,1.1510883252,1.1001504060,1.0458237241,0.9879710269,0.9263360207,0.8605665242
13560.000000,1.5203178926,1.5185225645,1.5134563444,1.5050313317,1.4932750484,1.4780873820,1.4595947288,1.4378887337,1.4127767704,1.3845024225,1.3529904620,1.3182407622,1.2803225298,1.2392008719,1.1948849244,1.1473532926,1.0965510728,1.0423650476,0.9846566271,0.9231627752,0.8574824228
13620.000000,1.5154858913,1.5136964225,1.5086467116,1.5002490698,1.4885308078,1.4733919503,1.4549582702,1.4333208738,1.4082873780,1.3801003015,1.3486842238,1.3140385469,1.2762317969,1.2352286046,1.1910374818,1.1436363914,1.0929695675,1.0389220063,0.9813504364,0.9199814753,0.8544162915
13680.000000,1.5106738240,1.5088901839,1.5038568961,1.4954864848,1.4838060524,1.4687157629,1.4503407702,1.4287716438,1.4038162375,1.3757159991,1.3443952979,1.3098530376,1.2721570285,1.2312713681,1.1872038451,1.1399315788,1.0893975763,1.0354847608,0.9780470803,0.9168124268,0.8514025458
13740.000000,1.5058817051,1.5041038606,1.4990869027,1.4907435669,1.4791007481,1.4640587483,1.4457421049,1.4242408530,1.3993630828,1.3713491812,1.3401233187,1.3056839250,1.2680981314,1.2273295474,1.1833852786,1.1362416311,1.0858405030,1.0320633041,0.9747620845,0.9136596648,0.8483417379
13800.000000,1.5011095392,1.4993374588,1.4943367428,1.4860203389,1.4744149392,1.4594209889,1.4411624207,1.4197287490,1.3949283181,1.3670004776,1.3358692281,1.3015325568,1.2640569395,1.2234055011,1.1795846222,1.1325696940,1.0823013088,1.0286587397,0.9714897189,0.9105071749,0.8452857025
13860.000000,1.4963574253,1.4945910829,1.4896065360,1.4813169455,1.4697488050,1.4548027071,1.4366019867,1.4152356441,1.3905122804,1.3626702098,1.3316332550,1.2973989391,1.2600330373,1.2194981044,1.1757996569,1.1289119511,1.0787739162,1.0252621563,0.9682203625,0.9073583996,0.8422638370
13920.000000,1.4916254533,1.4898648198,1.4848963595,1.4766334443,1.4651023679,1.4502038645,1.4320606673,1.4107612546,1.3861144632,1.3583575558,1.3274141406,1.2932812250,1.2560238144,1.2156037856,1.1720256481,1.1252623506,1.0752510739,1.0218663711,0.9649514418,0.9042253857,0.8393206901
13980.000000,1.4869134847,1.4851585179,1.4802060238,1.4719695805,1.4604752770,1.4456239793,1.4275378130,1.4063047266,1.3817337734,1.3540611611,1.3232102687,1.2891775768,1.2520273193,1.2117207008,1.1682612782,1.1216208966,1.0717356490,1.0184798544,0.9616994883,0.9011209033,0.8363650350
14040.000000,1.4822211441,1.4804717924,1.4755351194,1.4673249057,1.4558670369,1.4410625079,1.4230328428,1.4018654670,1.3773696534,1.3497805715,1.3190213830,1.2850880565,1.2480440701,1.2078499782,1.1645084509,1.1179904319,1.0682313945,1.0151060156,0.9584622403,0.8980295780,0.8334402767
14100.000000,1.4775479734,1.4758041841,1.4708831830,1.4626989528,1.4512771784,1.4365189852,1.4185453040,1.3974430452,1.3730217035,1.3455154207,1.3148471426,1.2810123280,1.2440737064,1.2039912167,1.1607667551,1.1143706276,1.0647381213,1.0117446891,0.9552402735,0.8949569765,0.8305214043
14160.000000,1.4728935339,1.4711552570,1.4662497887,1.4580913136,1.4467053219,1.4319930745,1.4140749219,1.3930372734,1.3686898582,1.3412658121,1.3106878884,1.2769510711,1.2401173984,1.2001463011,1.1570390885,1.1107657083,1.0612615320,1.0084026391,0.9520390745,0.8918975658,0.8275760112
14220.000000,1.4682575262,1.4665247214,1.4616346728,1.4535017697,1.4421513150,1.4274847135,1.4096217496,1.3886483460,1.3643744807,1.3370322993,1.3065443776,1.2729052441,1.2361762714,1.1963164278,1.1533264901,1.1071760497,1.0578002988,1.0050749433,0.9488480960,0.8888420831,0.8246625626
14280.000000,1.4636398208,1.4619124560,1.4570377382,1.4489302630,1.4376151517,1.4229939591,1.4051859136,1.3842764610,1.3600758377,1.3328152123,1.3024170010,1.2688753083,1.2322508964,1.1925023622,1.1496300649,1.1036033177,1.0543570421,1.0017661392,0.9456757175,0.8857970554,0.8216825106
14340.000000,1.4590404759,1.4573185298,1.4524590840,1.4443769439,1.4330970564,1.4185211359,1.4007678691,1.3799222401,1.3557947659,1.3286156610,1.2983072155,1.2648631549,1.2283436788,1.1887070585,1.1459532175,1.1000509933,1.0509344151,0.9984759851,0.9425142042,0.8827449772,0.8187065499
14400.000000,1.4544597480,1.4527432077,1.4478989983,1.4398421361,1.4285973969,1.4140666572,1.3963680638,1.3755861389,1.3515316730,1.3244339160,1.2942150109,1.2608682674,1.2244532640,1.1849278278,1.1422912143,1.0965113280,1.0475205151,0.9951879987,0.9393473899,0.8796956663,0.8158181221
14460.000000,1.4499211818,1.4482099887,1.4433808491,1.4353489846,1.4241389953,1.4096529082,1.3920083252,1.3712892994,1.3473068745,1.3202893384,1.2901586773,1.2569077795,1.2205955902,1.1811794428,1.1386578387,1.0929977033,1.0441300668,0.9919226467,0.9362083020,0.8766853582,0.8129340667
14520.000000,1.4453826157,1.4436767697,1.4388627000,1.4308558330,1.4196805936,1.4052391592,1.3876485866,1.3669924599,1.3430820760,1.3161447608,1.2861023436,1.2529472916,1.2167379165,1.1774310579,1.1350244632,1.0894840786,1.0407396185,0.9886572947,0.9330692141,0.8736750500,0.8100500113
14580.000000,1.4408810842,1.4391805222,1.4343813442,1.4263991791,1.4152582785,1.4008609689,1.3833237706,1.3627298072,1.3388906324,1.3120326281,1.2820774755,1.2490172272,1.2129095570,1.1737107926,1.1314179199,1.0859959792,1.0373736291,0.9854159892,0.9299541818,0.8706865658,0.8071843132
14640.000000,1.4363795528,1.4346842747,1.4298999884,1.4219425252,1.4108359633,1.3964827787,1.3789989545,1.3584671545,1.3346991889,1.3079204953,1.2780526074,1.2450871627,1.2090811975,1.1699905273,1.1278113767,1.0825078797,1.0340076396,0.9821746836,0.9268391495,0.8676980816,0.8043186151
14700.000000,1.4319145824,1.4302245258,1.4254549555,1.4175219040,1.4064492799,1.3921397101,1.3747086511,1.3542383158,1.3305407743,1.3038405337,1.2740589827,1.2411873439,1.2052820125,1.1662982887,1.1242316558,1.0790454122,1.0306662268,0.9789570989,0.9237469200,0.8647308624,0.8014727070
14760.000000,1.4274496121,1.4257647770,1.4210099226,1.4131012827,1.4020625966,1.3877966416,1.3704183476,1.3500094771,1.3263823597,1.2997605721,1.2700653579,1.2372875251,1.2014828275,1.1626060501,1.1206519349,1.0755829447,1.0273248139,0.9757395141,0.9206546905,0.8617636433,0.7986267989
14820.000000,1.4230207608,1.4213410869,1.4166007792,1.4087162716,1.3977111379,1.3834883077,1.3661621933,1.3458141151,1.3222566635,1.2957124958,1.2661027124,1.2334177077,1.1977125984,1.1589416631,1.1170989294,1.0721460706,1.0240079339,0.9725454537,0.9175849090,0.8588176087,0.7958007756
14880.000000,1.4185919095,1.4169173969,1.4121916358,1.4043312605,1.3933596793,1.3791799738,1.3619060390,1.3416187531,1.3181309673,1.2916644196,1.2621400668,1.2295478902,1.1939423693,1.1552772762,1.1135459238,1.0687091966,1.0206910540,0.9693513932,0.9145151275,0.8558715741,0.7929747524
14940.000000,1.4141987646,1.4125293551,1.4078179773,1.3999814645,1.3890430633,1.3749060083,1.3576836856,1.3374565385,1.3140376790,1.2876479365,1.2582081264,1.2257078215,1.1902008726,1.1516405586,1.1100195003,1.0652978201,1.0173986078,0.9661807097,0.9114676242,0.8529466397,0.7901685905
15000.000000,1.4098056196,1.4081413133,1.4034443188,1.3956316685,1.3847264473,1.3706320429,1.3534613322,1.3332943238,1.3099443907,1.2836314533,1.2542761861,1.2218677528,1.1864593760,1.1480038411,1.1064930767,1.0618864437,1.0141061616,0.9630100262,0.9084201208,0.8500217053,0.7873624287
15060.000000,1.4054477888,1.4037885292,1.3991057596,1.3913167100,1.3804443069,1.3663920918,1.3492724402,1.3291649326,1.3058832025,1.2796462727,1.2503746793,1.2180571843,1.1827463922,1.1443946078,1.1029930851,1.0585004394,1.0108380289,0.9598625905,0.9053947714,0.8471177829,0.7845760726
15120.000000,1.4010899579,1.3994357451,1.3947672003,1.3870017514,1.3761621666,1.3621521407,1.3450835482,1.3250355413,1.3018220144,1.2756610921,1.2464731725,1.2142466157,1.1790334083,1.1407853745,1.0994930934,1.0551144352,1.0075698963,0.9567151549,0.9023694220,0.8442138605,0.7817897165
15180.000000,1.3967670630,1.3951178422,1.3904633679,1.3827212648,1.3719141455,1.3579458588,1.3409277852,1.3209386552,1.2977926237,1.2717069283,1.2426018333,1.2104653042,1.1753487207,1.1372034378,1.0960193734,1.0517536637,1.0043259487,0.9535908447,0.8993661157,0.8413308605,0.7790230959
15240.000000,1.3924441682,1.3907999393,1.3861595356,1.3784407781,1.3676661244,1.3537395769,1.3367720222,1.3168417691,1.2937632330,1.2677527645,1.2387304940,1.2066839927,1.1716640331,1.1336215012,1.0925456534,1.0483928921,1.0010820011,0.9504665345,0.8963628094,0.8384478604,0.7762564753
15300.000000,1.3881558420,1.3865165517,1.3818900679,1.3741944073,1.3634518747,1.3495666266,1.3326490625,1.3127770760,1.2897653426,1.2638293375,1.2348890617,1.2029316997,1.1680074275,1.1300666720,1.0890980393,1.0450572067,0.9978621062,0.9473652291,0.8933814386,0.8355856905,0.7735095112
15360.000000,1.3838675159,1.3822331640,1.3776206003,1.3699480365,1.3592376251,1.3453936763,1.3285261028,1.3087123828,1.2857674523,1.2599059106,1.2310476293,1.1991794067,1.1643508218,1.1265118428,1.0856504251,1.0417215212,0.9946422113,0.9442639237,0.8904000679,0.8327235207,0.7707625470
15420.000000,1.3796134003,1.3779839345,1.3733851438,1.3657354336,1.3550568066,1.3412537270,1.3244356272,1.3046795764,1.2818007712,1.2560129463,1.2272358486,1.1954558977,1.1607220859,1.1229839313,1.0822287483,1.0384107716,0.9914462345,0.9411855022,0.8874405250,0.8298820862,0.7680351537
15480.000000,1.3753592846,1.3737347051,1.3691496873,1.3615228307,1.3508759881,1.3371137776,1.3203451516,1.3006467701,1.2778340901,1.2521199820,1.2234240679,1.1917323887,1.1570933500,1.1194560199,1.0788070714,1.0351000221,0.9882502577,0.9381070807,0.8844809822,0.8270406518,0.7653077605
15540.000000,1.3711390289,1.3695192845,1.3649478959,1.3573436549,1.3467282673,1.3330065051,1.3162868472,1.2966455504,1.2738983329,1.2482572113,1.2196416881,1.1880374328,1.1534922737,1.1159548365,1.0754111619,1.0318140564,0.9850780629,0.9350514211,0.8815431583,0.8242198549,0.7625998477
15600.000000,1.3669187732,1.3653038639,1.3607461044,1.3531644792,1.3425805466,1.3288992326,1.3122285427,1.2926443308,1.2699625757,1.2443944407,1.2158593083,1.1843424769,1.1498911973,1.1124536532,1.0720152524,1.0285280908,0.9819058680,0.9319957615,0.8786053344,0.8213990579,0.7598919350
15660.000000,1.3627320344,1.3611219102,1.3565776391,1.3490183968,1.3384655969,1.3248243193,1.3082021025,1.2886744035,1.2660574624,1.2405615999,1.2121060831,1.1806758465,1.1463175721,1.1089790090,1.0686449399,1.0252667560,0.9787573177,0.9289627404,0.8756891184,0.8185987977,0.7572034084
15720.000000,1.3585452955,1.3569399564,1.3524091738,1.3448723144,1.3343506473,1.3207494060,1.3041756623,1.2847044763,1.2621523491,1.2367287591,1.2083528579,1.1770092161,1.1427439469,1.1055043649,1.0652746274,1.0220054211,0.9756087674,0.9259297194,0.8727729024,0.8157985375,0.7545148818
15780.000000,1.3543917371,1.3527911342,1.3482737024,1.3407589981,1.3302681482,1.3167065402,1.3001807853,1.2807655527,1.2582776051,1.2329255890,1.2046285449,1.1733706865,1.1391975666,1.1020560718,1.0619297415,1.0187685632,0.9724837229,0.9229192120,0.8698781814,0.8130187105,0.7518456437
15840.000000,1.3502381787,1.3486423120,1.3441382309,1.3366456817,1.3261856492,1.3126636744,1.2961859083,1.2768266291,1.2544028611,1.2291224188,1.2009042318,1.1697321569,1.1356511863,1.0986077788,1.0585848556,1.0155317054,0.9693586785,0.9199087046,0.8669834604,0.8102388836,0.7491764057
15900.000000,1.3461174710,1.3445262926,1.3400354275,1.3325648105,1.3221352866,1.3086525505,1.2922222993,1.2729184259,1.2505582166,1.2253486643,1.1972085922,1.1661215063,1.1321318465,1.0951856498,1.0552652259,1.0123191701,0.9662570003,0.9169205846,0.8641101194,0.8074793840,0.7465263558
15960.000000,1.3419967632,1.3404102731,1.3359326241,1.3284839393,1.3180849240,1.3046414266,1.2882586903,1.2690102227,1.2467135720,1.2215749099,1.1935129526,1.1625108558,1.1286125067,1.0917635207,1.0519455963,1.0091066348,0.9631553222,0.9139324645,0.8612367784,0.8047198843,0.7438763060
16020.000000,1.3379085828,1.3363267341,1.3318621692,1.3244351984,1.3140663895,1.3006617448,1.2843260593,1.2651324616,1.2428987619,1.2178303205,1.1898457512,1.1589278652,1.1251200048,1.0883673697,1.0486510530,1.0059182675,0.9600768699,0.9109666039,0.8583847006,0.8019806039,0.7412453415
16080.000000,1.3338204023,1.3322431951,1.3277917143,1.3203864575,1.3100478550,1.2966820629,1.2803934284,1.2612547004,1.2390839517,1.2140857311,1.1861785497,1.1553448747,1.1216275028,1.0849712186,1.0453565097,1.0027299002,0.9569984175,0.9080007434,0.8555326229,0.7992413235,0.7386143771
16140.000000,1.3297644318,1.3281918202,1.3237532944,1.3163695379,1.3060608462,1.2927335286,1.2764914909,1.2574071080,1.2352987153,1.2103700600,1.1825395544,1.1517893275,1.1181616381,1.0816008606,1.0420868832,0.9995655460,0.9539430497,0.9050570134,0.8527016899,0.7965221523,0.7360023932
16200.000000,1.3257084613,1.3241404452,1.3197148745,1.3123526184,1.3020738373,1.2887849943,1.2725895534,1.2535595157,1.2315134789,1.2066543889,1.1789005591,1.1482337804,1.1146957734,1.0782305026,1.0388172567,0.9964011917,0.9508876819,0.9021132833,0.8498707569,0.7938029811,0.7333904094
16260.000000,1.3216843895,1.3201209241,1.3157081819,1.3083672171,1.2981180571,1.2848673186,1.2687180298,1.2497418234,1.2277575597,1.2029673929,1.1752895411,1.1447054626,1.1112563468,1.0748857537,1.0355723778,0.9932606954,0.9478552565,0.8991915537,0.8470608489,0.7911038074,0.7307972995
16320.000000,1.3176603176,1.3161014029,1.3117014894,1.3043818158,1.2941622769,1.2809496430,1.2648465062,1.2459241311,1.2240016406,1.1992803970,1.1716785231,1.1411771448,1.1078169203,1.0715410048,1.0323274989,0.9901201990,0.9448228312,0.8962698240,0.8442509409,0.7884046336,0.7282041896
16380.000000,1.3136678390,1.3121134310,1.3077262223,1.3004276352,1.2902374338,1.2770625420,1.2610051219,1.2421360747,1.2202747864,1.1956218366,1.1680952565,1.1376758447,1.1044037348,1.0682216822,1.0291071988,0.9870034054,0.9418132058,0.8933699635,0.8414619365,0.7857253441,0.7256298456
16440.000000,1.3096753604,1.3081254591,1.3037509553,1.2964734547,1.2863125907,1.2731754410,1.2571637376,1.2383480183,1.2165479323,1.1919632762,1.1645119898,1.1341745446,1.1009905492,1.0649023596,1.0258868988,0.9838866118,0.9388035803,0.8904701031,0.8386729322,0.7830460546,0.7230555015
16500.000000,1.3057141752,1.3041687375,1.2998068173,1.2925502026,1.2824183985,1.2693186359,1.2533522224,1.2345893380,1.2128498946,1.1883329153,1.1609562515,1.1307000526,1.0976034090,1.0616082816,1.0226910095,0.9807933657,0.9358166118,0.8875919798,0.8359047092,0.7803865347,0.7204998137
16560.000000,1.3017529899,1.3002120159,1.2958626793,1.2886269506,1.2785242063,1.2654618308,1.2495407073,1.2308306577,1.2091518568,1.1847025544,1.1574005131,1.1272255607,1.0942162689,1.0583142036,1.0194951202,0.9777001196,0.9328296432,0.8847138565,0.8331364861,0.7777270148,0.7179441260
16620.000000,1.2978228036,1.2962862510,1.2919493794,1.2847343402,1.2746603836,1.2616350474,1.2457587958,1.2271010977,1.2054823908,1.1811001600,1.1538720827,1.1237776696,1.0908549801,1.0550451894,1.0163234739,0.9746302659,0.9298651880,0.8818573377,0.8303889211,0.7750871489,0.7154069837
16680.000000,1.2938926173,1.2923604862,1.2880360795,1.2808417298,1.2707965609,1.2578082640,1.2419768843,1.2233715377,1.2018129247,1.1774977656,1.1503436522,1.1203297786,1.0874936913,1.0517761753,1.0131518276,0.9715604121,0.9269007328,0.8790008189,0.8276413561,0.7724472831,0.7128698415
16740.000000,1.2899931409,1.2884653899,1.2841533318,1.2769794791,1.2669628313,1.2540112329,1.2382243153,1.2196708463,1.1981717892,1.1739231078,1.1468423120,1.1169082832,1.0841580614,1.0485320453,1.0100042572,0.9685137956,0.9239586472,0.8761657711,0.8249143249,0.7698269544,0.7103511330
16800.000000,1.2860936644,1.2845702936,1.2802705841,1.2731172284,1.2631291017,1.2502142018,1.2344717463,1.2159701548,1.1945306536,1.1703484501,1.1433409717,1.1134867878,1.0808224316,1.0452879154,1.0068566868,0.9654671790,0.9210165617,0.8733307233,0.8221872936,0.7672066258,0.7078324246
16860.000000,1.2822246138,1.2807055827,1.2764181078,1.2692850605,1.2593251936,1.2464466579,1.2307482627,1.2122980840,1.1909176106,1.1668013022,1.1398665064,1.1100914850,1.0775122698,1.0420684911,1.0037330258,0.9624436447,0.9180967017,0.8705170127,0.8194806712,0.7646057169,0.7053320372
16920.000000,1.2783555633,1.2768408717,1.2725656314,1.2654528925,1.2555212854,1.2426791140,1.2270247791,1.2086260131,1.1873045676,1.1632541543,1.1363920411,1.1066961821,1.0742021081,1.0388490668,1.0006093647,0.9594201105,0.9151768417,0.8677033021,0.8167740488,0.7620048080,0.7028316498
16980.000000,1.2745166595,1.2730062679,1.2687431505,1.2616505350,1.2517469314,1.2389407966,1.2233301279,1.2049823186,1.1837193828,1.1597342923,1.1329442379,1.1033268706,1.0709172250,1.0356541705,0.9975094470,0.9564195037,0.9122790633,0.8649107943,0.8140877097,0.7594232006,0.7003494702
17040.000000,1.2706777557,1.2691716641,1.2649206695,1.2578481774,1.2479725774,1.2352024792,1.2196354766,1.2013386241,1.1801341980,1.1562144302,1.1294964348,1.0999575591,1.0676323419,1.0324592742,0.9944095293,0.9534188970,0.9093812848,0.8621182865,0.8114013705,0.7568415932,0.6978672905
17100.000000,1.2668687245,1.2653668939,1.2611279126,1.2540753625,1.2442275148,1.2314931317,1.2159694085,1.1977230651,1.1765766399,1.1527216329,1.1260750833,1.0966140395,1.0643725496,1.0292887294,0.9913331896,0.9504410633,0.9065054437,0.8593468469,0.8087351886,0.7542791683,0.6954032044
17160.000000,1.2630596933,1.2615621236,1.2573351556,1.2503025477,1.2404824522,1.2277837841,1.2123033404,1.1941075061,1.1730190819,1.1492288355,1.1226537319,1.0932705200,1.0611127572,1.0261181846,0.9882568500,0.9474632296,0.9036296025,0.8565754073,0.8060690067,0.7517167435,0.6929391182
17220.000000,1.2592802649,1.2577869181,1.2535718559,1.2465590121,1.2367664223,1.2241031539,1.2086656100,1.1905198454,1.1694889223,1.1457628843,1.1192586239,1.0899525951,1.0578778692,1.0229718158,0.9852039237,0.9445080148,0.9007755545,0.8538249010,0.8034228556,0.7491733818,0.6904930111
17280.000000,1.2555008366,1.2540117126,1.2498085562,1.2428154765,1.2330503923,1.2204225236,1.2050278795,1.1869321846,1.1659587627,1.1422969331,1.1158635160,1.0866346702,1.0546429811,1.0198254469,0.9821509974,0.9415528000,0.8979215065,0.8510743948,0.8007767044,0.7466300202,0.6880469039
17340.000000,1.2517507459,1.2502658073,1.2460744511,1.2391009610,1.2293631406,1.2167703618,1.2014182448,1.1833721879,1.1624557763,1.1388576120,1.1124944456,1.0833421442,1.0514328122,1.0167030796,0.9791213204,0.9386200502,0.8950891075,0.8483446869,0.7981504573,0.7441056019,0.6856186607
17400.000000,1.2480006552,1.2465199019,1.2423403461,1.2353864455,1.2256758888,1.2131182000,1.1978086101,1.1798121913,1.1589527898,1.1354182910,1.1091253752,1.0800496183,1.0482226434,1.0135807123,0.9760916435,0.9356873004,0.8922567085,0.8456149789,0.7955242101,0.7415811837,0.6831904174
17460.000000,1.2442796412,1.2428030366,1.2386351775,1.2317006951,1.2220171645,1.2094942616,1.1942268328,1.1762796279,1.1554767540,1.1320053868,1.1057821385,1.0767822974,1.0450370100,1.0104821731,0.9730850526,0.9327768622,0.8894458146,0.8429059343,0.7929177399,0.7390755887,0.6807799226
17520.000000,1.2405586272,1.2390861712,1.2349300090,1.2280149446,1.2183584402,1.2058703232,1.1906450554,1.1727470645,1.1520007182,1.1285924825,1.1024389018,1.0735149766,1.0418513767,1.0073836339,0.9700784617,0.9298664241,0.8866349206,0.8401968896,0.7903112698,0.7365699938,0.6783694277
17580.000000,1.2368664332,1.2353980897,1.2312535226,1.2243577081,1.2147279964,1.2022743667,1.1870909002,1.1692417065,1.1485514133,1.1252057840,1.0991212971,1.0702726687,1.0386900966,1.0043087504,0.9670947943,0.9269781445,0.8838453879,0.8375083730,0.7877244495,0.7340831018,0.6759765656
17640.000000,1.2331742392,1.2317100082,1.2275770362,1.2207004716,1.2110975527,1.1986784102,1.1835367450,1.1657363485,1.1451021083,1.1218190855,1.0958036924,1.0670303608,1.0355288165,1.0012338668,0.9641111268,0.9240898649,0.8810558552,0.8348198564,0.7851376292,0.7315962099,0.6735837035
17700.000000,1.2295106124,1.2280504584,1.2239289818,1.2170715016,1.2074951463,1.1951101975,1.1800099801,1.1622579709,1.1416793172,1.1184583840,1.0925115198,1.0638128754,1.0323917087,0.9981824676,0.9611502210,0.9212235914,0.8782875402,0.8321517329,0.7825703315,0.7291279004,0.6712083583
17760.000000,1.2258469856,1.2243909086,1.2202809273,1.2134425317,1.2038927399,1.1915419848,1.1764832151,1.1587795934,1.1382565261,1.1150976826,1.0892193473,1.0605953900,1.0292546008,0.9951310684,0.9581893152,0.9183573178,0.8755192252,0.8294836095,0.7800030338,0.7266595909,0.6688330130
17820.000000,1.2222116770,1.2207596422,1.2166610581,1.2098415846,1.2003181312,1.1880012812,1.1729836117,1.1553279743,1.1348600342,1.1117627719,1.0859524092,1.0574025383,1.0261414857,0.9921029831,0.9552510099,0.9155128983,0.8727719846,0.8268357441,0.7774551316,0.7242097433,0.6664750686
17880.000000,1.2185763684,1.2171283759,1.2130411890,1.2062406375,1.1967435224,1.1844605776,1.1694840083,1.1518763553,1.1314635424,1.1084278612,1.0826854711,1.0542096867,1.0230283706,0.9890748979,0.9523127047,0.9126684788,0.8700247440,0.8241878788,0.7749072293,0.7217598958,0.6641171242
17940.000000,1.2149691330,1.2135251484,1.2094492623,1.2026674732,1.1931964749,1.1809471516,1.1660113405,1.1484512754,1.1280931378,1.1051185370,1.0794435716,1.0510412816,1.0199390699,0.9860699574,0.9493968396,0.9098457619,0.8672984350,0.8215601369,0.7723785953,0.7193283896,0.6617764644
18000.000000,1.2113618975,1.2099219209,1.2058573356,1.1990943089,1.1896494274,1.1774337256,1.1625386728,1.1450261955,1.1247227332,1.1018092128,1.0762016721,1.0478728765,1.0168497691,0.9830650169,0.9464809745,0.9070230449,0.8645721259,0.8189323950,0.7698499613,0.7168968833,0.6594358047
18060.000000,1.2077824935,1.2063464912,1.2022931119,1.1955486906,1.1861297081,1.1739473487,1.1590927179,1.1416274382,1.1213782063,1.0985252731,1.0729846172,1.0447287323,1.0137841059,0.9800830529,0.9435873901,0.9042218796,0.8618666058,0.8163246420,0.7673404685,0.7144835979,0.6571123136
18120.000000,1.2042030895,1.2027710615,1.1987288882,1.1920030723,1.1826099889,1.1704609719,1.1556467630,1.1382286810,1.1180336795,1.0952413334,1.0697675623,1.0415845882,1.0107184426,0.9771010888,0.9406938057,0.9014207142,0.8591610857,0.8137168889,0.7648309756,0.7120703125,0.6547888225
18180.000000,1.2006512789,1.1992231921,1.1951921316,1.1884847666,1.1791173680,1.1670014189,1.1522273008,1.1348560323,1.1147148231,1.0919825784,1.0665751599,1.0384645210,1.0076762411,0.9741419341,0.9378223433,0.8986409502,0.8564762125,0.8111289905,0.7623404971,0.7096751274,0.6524823840
18240.000000,1.1970994683,1.1956753227,1.1916553750,1.1849664610,1.1756247471,1.1635418659,1.1488078387,1.1314833836,1.1113959667,1.0887238233,1.0633827575,1.0353444539,1.0046340396,0.9711827793,0.9349508809,0.8958611861,0.8537913392,0.8085410921,0.7598500186,0.7072799424,0.6501759455
18300.000000,1.1935750163,1.1921547794,1.1881458527,1.1814752377,1.1721589977,1.1601089142,1.1454146520,1.1281366321,1.1081025758,1.0854900550,1.0602148173,1.0322482812,1.0016151256,0.9682462677,0.9321013826,0.8931026737,0.8511269711,0.8059729143,0.7573784277,0.7049027374,0.6478864436
18360.000000,1.1900505643,1.1886342360,1.1846363304,1.1779840144,1.1686932484,1.1566759625,1.1420214652,1.1247898806,1.1048091850,1.0822562868,1.0570468771,1.0291521086,0.9985962115,0.9653097561,0.9292518842,0.8903441612,0.8484626029,0.8034047366,0.7549068368,0.7025255323,0.6455969417
18420.000000,1.1865532394,1.1851407877,1.1811538129,1.1745196463,1.1652541467,1.1532693924,1.1386543393,1.1214688172,1.1015410569,1.0790473094,1.0539032105,1.0260796495,0.9956004118,0.9623957226,0.9264241929,0.8876067513,0.8458185987,0.8008561459,0.7524540070,0.7001661873,0.6433242607
18480.000000,1.1830559145,1.1816473394,1.1776712954,1.1710552783,1.1618150451,1.1498628224,1.1352872133,1.1181477538,1.0982729289,1.0758383320,1.0507595438,1.0230071903,0.9926046121,0.9594816890,0.9235965016,0.8848693413,0.8431745946,0.7983075552,0.7500011773,0.6978068423,0.6410515797
18540.000000,1.1795854884,1.1781807583,1.1742155562,1.1676175414,1.1584023702,1.1464824171,1.1319459359,1.1148521718,1.0950298632,1.0726539515,1.0476399639,1.0199582653,0.9896317548,0.9565899694,0.9207904612,0.8821528855,0.8405508136,0.7957784184,0.7475669827,0.6954652374,0.6387956040
18600.000000,1.1761150623,1.1747141772,1.1707598171,1.1641798044,1.1549896954,1.1431020118,1.1286046585,1.1115565899,1.0917867974,1.0694695711,1.0445203840,1.0169093403,0.9866588976,0.9536982499,0.9179844207,0.8794364297,0.8379270327,0.7932492816,0.7451327881,0.6931236325,0.6365396283
18660.000000,1.1726713095,1.1712742385,1.1673306328,1.1607684773,1.1516032291,1.1397475569,1.1252890201,1.1082862851,1.0885685956,1.0663095957,1.0414247056,1.0138837713,0.9837088123,0.9508286813,0.9151998757,0.8767407803,0.8353233349,0.7907394658,0.7427171028,0.6907996482,0.6343002426
18720.000000,1.1692275568,1.1678342997,1.1639014484,1.1573571503,1.1482167628,1.1363931021,1.1219733817,1.1050159802,1.0853503937,1.0631496202,1.0383290272,1.0108582024,0.9807587270,0.9479591127,0.9124153307,0.8740451310,0.8327196370,0.7882296501,0.7403014175,0.6884756639,0.6320608568
18780.000000,1.1658102550,1.1644207814,1.1604985984,1.1539720146,1.1448562896,1.1330643860,1.1186831750,1.1017707504,1.0821568593,1.0600138595,1.0352570668,1.0078558129,0.9778312442,0.9451115332,0.9096521267,0.8713701410,0.8301358828,0.7857390232,0.7379041161,0.6861691809,0.6298379459
18840.000000,1.1623929533,1.1610072630,1.1570957483,1.1505868788,1.1414958164,1.1297356699,1.1153929683,1.0985255206,1.0789633250,1.0568780989,1.0321851065,1.0048534235,0.9749037615,0.9422639537,0.9068889227,0.8686951511,0.8275521285,0.7832483963,0.7355068147,0.6838626979,0.6276150350
18900.000000,1.1590018830,1.1576199460,1.1537190145,1.1472277188,1.1381611234,1.1264324834,1.1121279885,1.0953051659,1.0757942637,1.0537663647,1.0291366822,1.0018740385,0.9719987133,0.9394382024,0.9041469062,0.8660406744,0.8249881788,0.7807768263,0.7331277722,0.6815735973,0.6254084842
18960.000000,1.1556108127,1.1542326290,1.1503422808,1.1438685587,1.1348264304,1.1231292968,1.1088630087,1.0920848112,1.0726252025,1.0506546305,1.0260882580,0.9988946535,0.9690936650,0.9366124510,0.9014048896,0.8633861976,0.8224242291,0.7783052563,0.7307487298,0.6792844968,0.6232019335
19020.000000,1.1522457571,1.1508712969,1.1469914484,1.1405351612,1.1315173073,1.1198514330,1.1056230532,1.0888891338,1.0694804220,1.0475667362,1.0230631896,0.9959380992,0.9662108844,0.9338083679,0.8986839077,0.8607520885,0.8198799455,0.7758526120,0.7283878217,0.6770126602,0.6210116284
19080.000000,1.1488807015,1.1475099648,1.1436406159,1.1372017637,1.1282081842,1.1165735692,1.1023830976,1.0856934564,1.0663356414,1.0444788419,1.0200381212,0.9929815449,0.9633281038,0.9310042849,0.8959629258,0.8581179794,0.8173356620,0.7733999676,0.7260269136,0.6747408237,0.6188213233
19140.000000,1.1455414464,1.1441744039,1.1403154722,1.1338939181,1.1249244232,1.1133208236,1.0991679660,1.0825222606,1.0632149512,1.0414146027,1.0170362298,0.9900476489,0.9604674251,0.9282217114,0.8932628268,0.8555040932,0.8148109070,0.7709661182,0.7236840159,0.6724861330,0.6166471498
19200.000000,1.1422021913,1.1408388431,1.1369903285,1.1305860726,1.1216406622,1.1100680781,1.0959528344,1.0793510648,1.0600942609,1.0383503636,1.0140343385,0.9871137530,0.9576067465,0.9254391378,0.8905627278,0.8528902070,0.8122861519,0.7685322687,0.7213411181,0.6702314423,0.6144729764
19260.000000,1.1388885252,1.1375288424,1.1336906636,1.1273035709,1.1183820577,1.1068402487,1.0927623284,1.0762041569,1.0569974722,1.0353095964,1.0110554471,0.9842023445,0.9547680054,0.9226779160,0.8878833608,0.8502963997,0.8097807883,0.7661170839,0.7190161071,0.6679937799,0.6123148209
19320.000000,1.1355748592,1.1342188417,1.1303909987,1.1240210693,1.1151234532,1.1036124193,1.0895718225,1.0730572491,1.0539006835,1.0322688292,1.0080765556,0.9812909360,0.9519292642,0.9199166943,0.8852039937,0.8477025923,0.8072754247,0.7637018991,0.7166910960,0.6657561176,0.6101566655
19380.000000,1.1322865731,1.1309341925,1.1271166050,1.1207637058,1.1118898022,1.1004093061,1.0864057462,1.0699344374,1.0508276097,1.0292513525,1.0051204884,0.9784018453,0.9491122973,0.9171766675,0.8825452087,0.8451287207,0.8047893160,0.7613052494,0.7143838487,0.6635353663,0.6080144148
19440.000000,1.1289982870,1.1276495433,1.1238422113,1.1175063424,1.1086561512,1.0972061930,1.0832396698,1.0668116257,1.0477545358,1.0262338759,1.0021644212,0.9755127546,0.9462953305,0.9144366408,0.8798864236,0.8425548490,0.8023032074,0.7589085996,0.7120766013,0.6613146151,0.6058721641
19500.000000,1.1257351743,1.1243900394,1.1205928838,1.1142739139,1.1054472527,1.0940275982,1.0800978291,1.0637127205,1.0447049918,1.0232395100,0.9992310040,0.9726458135,0.9434999758,0.9117176535,0.8772480714,0.8400007706,0.7998362181,0.7565303559,0.7097869952,0.6591106583,0.6037457054
19560.000000,1.1224720616,1.1211305355,1.1173435563,1.1110414854,1.1022383542,1.0908490035,1.0769559883,1.0606138152,1.0416554477,1.0202451441,0.9962975868,0.9697788724,0.9407046211,0.9089986662,0.8746097192,0.8374466921,0.7973692288,0.7541521122,0.7074973890,0.6569067015,0.6016192467
19620.000000,1.1192339182,1.1178959732,1.1141190922,1.1078337907,1.0990540096,1.0876947316,1.0738381910,1.0575386285,1.0386292502,1.0172737108,0.9933866470,0.9669339139,0.9379307178,0.9063005637,0.8719916517,0.8349122653,0.7949212237,0.7517921461,0.7052253020,0.6547194232,0.5995084678
19680.000000,1.1159957748,1.1146614108,1.1108946280,1.1046260960,1.0958696650,1.0845404597,1.0707203937,1.0544634417,1.0356030528,1.0143022775,0.9904757071,0.9640889554,0.9351568144,0.9036024612,0.8693735842,0.8323778385,0.7924732187,0.7494321800,0.7029532150,0.6525321448,0.5973976888
19740.000000,1.1127823986,1.1114515884,1.1076948268,1.1014429363,1.0927096777,1.0814103169,1.0676264499,1.0514117875,1.0326000203,1.0113536002,0.9875870732,0.9612658140,0.9324042027,0.9009250899,0.8667756541,0.8298629225,0.7900440637,0.7470903637,0.7006985258,0.6503614292,0.5953024777
19800.000000,1.1095690225,1.1082417660,1.1044950255,1.0982597767,1.0895496905,1.0782801742,1.0645325060,1.0483601332,1.0295969878,1.0084049229,0.9846984394,0.9584426725,0.9296515909,0.8982477186,0.8641777240,0.8273480065,0.7876149087,0.7447485475,0.6984438367,0.6481907135,0.5932072666
19860.000000,1.1063802141,1.1050564843,1.1013196888,1.0951009553,1.0864138662,1.0751739691,1.0614622274,1.0453318271,1.0266169405,1.0054788265,0.9818319417,0.9556411837,0.9269201122,0.8955909260,0.8615997851,0.8248524613,0.7852044701,0.7424247541,0.6962064246,0.6460364457,0.5911275121
19920.000000,1.1031914057,1.1018712026,1.0981443521,1.0919421340,1.0832780418,1.0720677640,1.0583919488,1.0423035209,1.0236368932,1.0025527301,0.9789654440,0.9528396949,0.9241886336,0.8929341334,0.8590218461,0.8223569161,0.7827940315,0.7401009606,0.6939690125,0.6438821778,0.5890477575
19980.000000,1.1000269675,1.0987102644,1.0949932838,1.0888074564,1.0801661880,1.0689853069,1.0553451492,1.0392983805,1.0206796528,0.9996490412,0.9761209141,0.9500596958,0.9214781306,0.8902977680,0.8564637528,0.8198806025,0.7804021766,0.7377950635,0.6917487572,0.6417442433,0.5869833488
20040.000000,1.0968625294,1.0955493262,1.0918422155,1.0856727788,1.0770543342,1.0659028498,1.0522983495,1.0362932401,1.0177224125,0.9967453523,0.9732763841,0.9472796966,0.9187676276,0.8876614025,0.8539056596,0.8174042889,0.7780103216,0.7354891664,0.6895285020,0.6396063088,0.5849189401
20100.000000,1.0937222661,1.0924125366,1.0887152215,1.0825620524,1.0739662605,1.0628439530,1.0492748443,1.0333110846,1.0147878024,0.9938638987,0.9704536549,0.9445210253,0.9160779440,0.8850453139,0.8513672675,0.8149470687,0.7756369182,0.7332010399,0.6873252842,0.6374845937,0.5828697669
20160.000000,1.0905820028,1.0892757471,1.0855882275,1.0794513260,1.0708781868,1.0597850561,1.0462513391,1.0303289291,1.0118531924,0.9909824452,0.9676309256,0.9417623539,0.9133882604,0.8824292252,0.8488288754,0.8124898484,0.7732635148,0.7309129134,0.6851220664,0.6353628786,0.5808205938
20220.000000,1.0874657212,1.0861629131,1.0824851159,1.0763643603,1.0678137047,1.0567495338,1.0432509456,1.0273695794,1.0089410378,0.9881230566,0.9648298313,0.9390248499,0.9107192412,0.8798332638,0.8463100410,0.8100515839,0.7709084316,0.7286424324,0.6829357670,0.6332572697,0.5787865465
20280.000000,1.0843494396,1.0830500791,1.0793820042,1.0732773946,1.0647492226,1.0537140114,1.0402505522,1.0244102297,1.0060288831,0.9852636679,0.9620287370,0.9362873458,0.9080502219,0.8772373024,0.8437912066,0.8076133194,0.7685533485,0.7263719514,0.6807494677,0.6311516608,0.5767524992
20340.000000,1.0812569484,1.0799610099,1.0763025848,1.0702140010,1.0617081456,1.0507016794,1.0372730895,1.0214735084,1.0031390103,0.9824261751,0.9592491133,0.9335708498,0.9054017130,0.8746613200,0.8412917873,0.8051938741,0.7662164550,0.7241189915,0.6785799686,0.6290620455,0.5747334688
20400.000000,1.0781644572,1.0768719407,1.0732231654,1.0671506074,1.0586670685,1.0476893475,1.0342956268,1.0185367871,1.0002491376,0.9795886822,0.9564694896,0.9308543537,0.9027532041,0.8720853375,0.8387923679,0.8027744288,0.7638795615,0.7218660317,0.6764104695,0.6269724301,0.5727144383
20460.000000,1.0750955672,1.0738064472,1.0701672502,1.0641105992,1.0556492118,1.0447000237,1.0313409157,1.0156225183,0.9973813748,0.9767729176,0.9537111735,0.9281587075,0.9001250527,0.8695291865,0.8363122219,0.8003736667,0.7615607279,0.7196304694,0.6742576530,0.6248986964,0.5707103160
20520.000000,1.0720266771,1.0707409537,1.0671113349,1.0610705910,1.0526313551,1.0417106999,1.0283862046,1.0127082496,0.9945136120,0.9739571529,0.9509528574,0.9254630614,0.8974969012,0.8669730355,0.8338320759,0.7979729047,0.7592418943,0.7173949071,0.6721048366,0.6228249626,0.5687061937
20580.000000,1.0689812010,1.0676988489,1.0640787377,1.0580537834,1.0496365359,1.0387442039,1.0254540675,1.0098162593,0.9916677888,0.9711629501,0.9482156872,0.9227881082,0.8948889556,0.8644365697,0.8313710624,0.7955906911,0.7569409916,0.7151766194,0.6699685860,0.6207669991,0.5667168718
20640.000000,1.0659357248,1.0646567442,1.0610461404,1.0550369758,1.0466417166,1.0357777078,1.0225219303,1.0069242689,0.9888219656,0.9683687473,0.9454785170,0.9201131551,0.8922810099,0.8619001039,0.8289100490,0.7932084774,0.7546400890,0.7129583317,0.6678323354,0.6187090355,0.5647275499
20700.000000,1.0629134769,1.0616378430,1.0580366768,1.0520431858,1.0436697536,1.0328338607,1.0196121913,1.0040543843,0.9859979130,0.9655959416,0.9427623322,0.9174587394,0.8896931193,0.8593831779,0.8264680283,0.7908446780,0.7523569889,0.7107571964,0.6657125343,0.6166667315,0.5627529209
20760.000000,1.0598912291,1.0586189418,1.0550272131,1.0490493958,1.0406977906,1.0298900136,1.0167024522,1.0011844997,0.9831738604,0.9628231359,0.9400461475,0.9148043236,0.8871052287,0.8568662519,0.8240260076,0.7884808785,0.7500738889,0.7085560610,0.6635927333,0.6146244275,0.5607782919
20820.000000,1.0568920261,1.0556230609,1.0520407006,1.0460784422,1.0377485045,1.0269686383,1.0138149369,0.9983365498,0.9803714110,0.9600715637,0.9373507890,0.9121702907,0.8845372438,0.8543687213,0.8216028408,0.7861353601,0.7478084642,0.7063719566,0.6614892663,0.6125976729,0.5588182492
20880.000000,1.0538928231,1.0526271799,1.0490541881,1.0431074886,1.0347992184,1.0240472630,1.0109274216,0.9954885998,0.9775689615,0.9573199916,0.9346554306,0.9095362579,0.8819692588,0.8518711908,0.8191796739,0.7837898417,0.7455430394,0.7041878522,0.6593857993,0.6105709183,0.5568582064
20940.000000,1.0509164830,1.0496541377,1.0460904458,1.0401591919,1.0318724314,1.0211481842,1.0080619573,0.9926624148,0.9747879492,0.9545894909,0.9319807406,0.9069224546,0.8794210309,0.8493929124,0.8167752229,0.7814624718,0.7432951632,0.7020206580,0.6572985516,0.6085596038,0.5549126438
21000.000000,1.0479401429,1.0466810954,1.0431267036,1.0372108952,1.0289456445,1.0182491053,1.0051964930,0.9898362299,0.9720069369,0.9518589902,0.9293060506,0.9043086513,0.8768728030,0.8469146339,0.8143707720,0.7791351019,0.7410472871,0.6998534638,0.6552113038,0.6065482893,0.5529670812
21060.000000,1.0449864858,1.0437307121,1.0401855527,1.0342850776,1.0260411806,1.0153721490,1.0023529085,0.9870316418,0.9692471970,0.9491494002,0.9266518724,0.9017149255,0.8743441849,0.8444554653,0.8119848998,0.7768257491,0.7388168337,0.6977030598,0.6531401612,0.6045523062,0.5510358933
21120.000000,1.0420328286,1.0407803288,1.0372444018,1.0313592600,1.0231367168,1.0124951928,0.9995093240,0.9842270538,0.9664874572,0.9464398101,0.9239976942,0.8991211996,0.8718155668,0.8419962967,0.8095990276,0.7745163962,0.7365863803,0.6955526558,0.6510690186,0.6025563231,0.5491047053
21180.000000,1.0391016761,1.0378524264,1.0343256649,1.0284557454,1.0202544017,1.0096401868,0.9966874498,0.9814438960,0.9637488265,0.9437509712,0.9213638725,0.8965474002,0.8693064121,0.8395560965,0.8072315981,0.7722249297,0.7343732246,0.6934189227,0.6490138678,0.6005755634,0.5471877872
21240.000000,1.0361705235,1.0349245239,1.0314069280,1.0255522308,1.0173720866,1.0067851808,0.9938655755,0.9786607382,0.9610101959,0.9410621323,0.9187300507,0.8939736009,0.8667972575,0.8371158963,0.8048641686,0.7699334631,0.7321600689,0.6912851897,0.6469587169,0.5985948037,0.5452708691
21300.000000,1.0332616989,1.0320189259,1.0285104294,1.0226708448,1.0145117474,1.0039519545,0.9910652432,0.9758988455,0.9582925126,0.9383938863,0.9161164312,0.8914195781,0.8643074210,0.8346945243,0.8025150466,0.7676597531,0.7299640866,0.6891680091,0.6449194451,0.5966291600,0.5433681166
21360.000000,1.0303528743,1.0291133280,1.0256139308,1.0197894588,1.0116514081,1.0011187282,0.9882649109,0.9731369527,0.9555748293,0.9357256404,0.9135028117,0.8888655553,0.8618175846,0.8322731522,0.8001659246,0.7653860430,0.7277681044,0.6870508286,0.6428801733,0.5946635163,0.5414653641
21420.000000,1.0274662026,1.0262298597,1.0227394965,1.0169300284,1.0088128736,0.9983071123,0.9854859540,0.9703961612,0.9528779328,0.9330778304,0.9109092414,0.8863311604,0.8593469222,0.8298704689,0.7978349757,0.7631299605,0.7255891721,0.6849500827,0.6408566686,0.5927128821,0.5395766736
21480.000000,1.0245795309,1.0233463915,1.0198650622,1.0140705981,1.0059743390,0.9954954964,0.9827069971,0.9676553697,0.9501810363,0.9304300205,0.9083156711,0.8837967656,0.8568762599,0.8274677857,0.7955040269,0.7608738779,0.7234102399,0.6828493369,0.6388331639,0.5907622478,0.5376879831
21540.000000,1.0217148389,1.0204848799,1.0170125197,1.0112329522,1.0031574394,0.9927053232,0.9799492503,0.9649355169,0.9475047673,0.9278024909,0.9057419984,0.8812818510,0.8544246285,0.8250836527,0.7931911178,0.7586352947,0.7212482350,0.6807649089,0.6368253151,0.5888265171,0.5358132518
21600.000000,1.0188501468,1.0176233682,1.0141599773,1.0083953062,1.0003405398,0.9899151501,0.9771915034,0.9622156642,0.9448284984,0.9251749613,0.9031683256,0.8787669364,0.8519729970,0.8226995198,0.7908782087,0.7563967115,0.7190862301,0.6786804808,0.6348174662,0.5868907863,0.5339385205
21660.000000,1.0160072625,1.0147836417,1.0113291558,1.0055792750,0.9975451069,0.9871462536,0.9744548029,0.9595165893,0.9421726992,0.9225675577,0.9006143997,0.8762713557,0.8495402545,0.8203337999,0.7885832070,0.7541755005,0.7169410307,0.6766122544,0.6328251628,0.5849698539,0.5320776461
21720.000000,1.0131643783,1.0119439152,1.0084983343,1.0027632437,0.9947496741,0.9843773570,0.9717181023,0.9568175143,0.9395169000,0.9199601541,0.8980604738,0.8737757749,0.8471075119,0.8179680800,0.7862882053,0.7519542894,0.7147958313,0.6745440279,0.6308328593,0.5830489214,0.5302167716
21780.000000,1.0103431316,1.0091258037,1.0056890646,0.9999686589,0.9919755413,0.9816295723,0.9690022856,0.9541390574,0.9368814138,0.9173727233,0.8955261453,0.8712993826,0.8446935172,0.8156206366,0.7840109794,0.7497503239,0.7126673164,0.6724918875,0.6288559913,0.5811426827,0.5283696525
21840.000000,1.0075218850,1.0063076923,1.0028797948,0.9971740741,0.9892014085,0.9788817875,0.9662864690,0.9514606005,0.9342459276,0.9147852924,0.8929918169,0.8688229903,0.8422795224,0.8132731932,0.7817337534,0.7475463585,0.7105388015,0.6704397471,0.6268791234,0.5792364439,0.5265225333
21900.000000,1.0047221073,1.0035110275,1.0000919089,0.9944007689,0.9864484105,0.9761549513,0.9635913751,0.9488026033,0.9316305992,0.9122176824,0.8904769376,0.8663656421,0.8398841355,0.8109438909,0.7794741726,0.7453595132,0.7084268508,0.6684035782,0.6249175820,0.5773447951,0.5246890686
21960.000000,1.0019223295,1.0007143627,0.9973040230,0.9916274638,0.9836954126,0.9734281150,0.9608962813,0.9461446061,0.9290152708,0.9096500723,0.8879620583,0.8639082940,0.8374887485,0.8086145886,0.7772145918,0.7431726679,0.7063149001,0.6663674092,0.6229560406,0.5754531464,0.5228556038
22020.000000,0.9991438535,0.9979389776,0.9945373547,0.9888752732,0.9809633856,0.9707220653,0.9582217506,0.9435069115,0.9264199461,0.9071021323,0.8854664810,0.8614698467,0.8351118304,0.8063032929,0.7749725264,0.7410028179,0.7042193942,0.6643470978,0.6210097174,0.5735759844,0.5210356930
22080.000000,0.9963653775,0.9951635925,0.9917706863,0.9861230825,0.9782313587,0.9680160156,0.9555472199,0.9408692169,0.9238246213,0.9045541922,0.8829709037,0.8590313995,0.8327349122,0.8039919972,0.7727304610,0.7388329680,0.7021238882,0.6623267863,0.6190633942,0.5716988225,0.5192157823
22140.000000,0.9936080375,0.9924093216,0.9890250707,0.9833918424,0.9755201404,0.9653305919,0.9528930940,0.9382516691,0.9212491474,0.9020257726,0.8804944825,0.8566117111,0.8303763249,0.8016985745,0.7705057821,0.7366799895,0.7000447085,0.6603222191,0.6171321816,0.5698360450,0.5174093261
22200.000000,0.9908506976,0.9896550508,0.9862794551,0.9806606024,0.9728089221,0.9626451681,0.9502389681,0.9356341214,0.9186736734,0.8994973530,0.8780180612,0.8541920226,0.8280177375,0.7994051518,0.7682811032,0.7345270111,0.6979655287,0.6583176520,0.6152009690,0.5679732675,0.5156028698
22260.000000,0.9881143294,0.9869217301,0.9835547287,0.9779501506,0.9701183514,0.9599802112,0.9476050900,0.9330365660,0.9161178987,0.8969883055,0.8755606510,0.8517909519,0.8256773440,0.7971294695,0.7660736829,0.7323907811,0.6959025572,0.6563287167,0.6132847601,0.5661247728,0.5138097691
22320.000000,0.9853779612,0.9841884093,0.9808300024,0.9752396987,0.9674277807,0.9573152543,0.9449712119,0.9304390106,0.9135621240,0.8944792579,0.8731032408,0.8493898811,0.8233369505,0.7948537872,0.7638662626,0.7302545511,0.6938395857,0.6543397815,0.6113685513,0.5642762781,0.5120166684
22380.000000,0.9826624020,0.9814758762,0.9781260033,0.9725498741,0.9647576980,0.9546706063,0.9423574259,0.9278612943,0.9110258980,0.8919894351,0.8706646980,0.8470072880,0.8210146148,0.7925957137,0.7616759738,0.7281349474,0.6917927054,0.6523663665,0.6094672402,0.5624419653,0.5102368250
22440.000000,0.9799468427,0.9787633431,0.9754220042,0.9698600495,0.9620876153,0.9520259583,0.9397436398,0.9252835781,0.9084896721,0.8894996123,0.8682261551,0.8446246950,0.8186922792,0.7903376401,0.7594856850,0.7260153437,0.6897458252,0.6503929515,0.6075659290,0.5606076525,0.5084569815
22500.000000,0.9772519310,0.9760714363,0.9727385718,0.9671906925,0.9594378623,0.9494014627,0.9371497914,0.9227255489,0.9059728458,0.8870288682,0.8658063368,0.8422604406,0.8163878664,0.7880970446,0.7573124016,0.7239122449,0.6877149199,0.6484349459,0.6056794101,0.5587874212,0.5066902977
22560.000000,0.9745570194,0.9733795295,0.9700551393,0.9645213354,0.9567881093,0.9467769671,0.9345559430,0.9201675198,0.9034560194,0.8845581240,0.8633865186,0.8398961862,0.8140834535,0.7858564491,0.7551391181,0.7218091461,0.6856840147,0.6464769403,0.6037928913,0.5569671900,0.5049236139
22620.000000,0.9718825952,0.9707080893,0.9673921143,0.9618722876,0.9541585291,0.9441724687,0.9319818791,0.9176290269,0.9009584447,0.8821063136,0.8609852833,0.8375501325,0.8117968295,0.7836332018,0.7529827147,0.7197224317,0.6836689690,0.6445342340,0.6019210600,0.5551609409,0.5031699929
22680.000000,0.9692081710,0.9680366491,0.9647290893,0.9592232399,0.9515289489,0.9415679702,0.9294078152,0.9150905341,0.8984608699,0.8796545031,0.8585840480,0.8352040788,0.8095102055,0.7814099545,0.7508263113,0.7176357173,0.6816539233,0.6425915277,0.6000492288,0.5533546917,0.5014163718
22740.000000,0.9665540757,0.9653855169,0.9620863138,0.9565943444,0.9489193859,0.9389833150,0.9268533837,0.9125714281,0.8959823998,0.8772214825,0.8562012552,0.8328760889,0.8072412373,0.7792039266,0.7486866634,0.7155652676,0.6796546224,0.6406640113,0.5981919813,0.5515623259,0.4996757173
22800.000000,0.9638999804,0.9627343847,0.9594435383,0.9539654490,0.9463098228,0.9363986597,0.9242989523,0.9100523220,0.8935039297,0.8747884618,0.8538184624,0.8305480990,0.8049722691,0.7769978986,0.7465470156,0.7134948179,0.6776553216,0.6387364948,0.5963347338,0.5497699601,0.4979350627
22860.000000,0.9612660565,0.9601034035,0.9568208557,0.9513565502,0.9437201225,0.9338336950,0.9217640027,0.9075524544,0.8910444186,0.8723740883,0.8514539725,0.8282380370,0.8027208245,0.7748089621,0.7444239999,0.7114405141,0.6756716518,0.6368240597,0.5944919669,0.5479913794,0.4962072790
22920.000000,0.9586321327,0.9574724223,0.9541981732,0.9487476515,0.9411304221,0.9312687302,0.9192290531,0.9050525868,0.8885849075,0.8699597147,0.8490894826,0.8259279750,0.8004693800,0.7726200256,0.7423009841,0.7093862103,0.6736879820,0.6349116245,0.5926492000,0.5462127988,0.4944794953
22980.000000,0.9560182244,0.9548614362,0.9515954283,0.9461585950,0.9385604315,0.9287233045,0.9167134359,0.9025718103,0.8861442108,0.8675638466,0.8467431573,0.8236357059,0.7982353280,0.7704480534,0.7401944777,0.7073479342,0.6717198301,0.6330141628,0.5908208112,0.5444479061,0.4927644876
23040.000000,0.9534043161,0.9522504501,0.9489926834,0.9435695386,0.9359904409,0.9261778788,0.9141978186,0.9000910339,0.8837035141,0.8651679785,0.8443968320,0.8213434369,0.7960012761,0.7682760812,0.7380879713,0.7053096582,0.6697516782,0.6311167011,0.5889924224,0.5426830133,0.4910494799
23100.000000,0.9508102686,0.9496593046,0.9464097222,0.9410001714,0.9334400081,0.9236518419,0.9117013854,0.8976292026,0.8812814884,0.8627904752,0.8420685338,0.8190688268,0.7937844865,0.7661209472,0.7359978525,0.7032872928,0.6677989318,0.6292341057,0.5871783100,0.5409317118,0.4893471539
23160.000000,0.9482162210,0.9470681591,0.9438267610,0.9384308043,0.9308895753,0.9211258050,0.9092049522,0.8951673713,0.8788594627,0.8604129720,0.8397402357,0.8167942168,0.7915676970,0.7639658132,0.7339077337,0.7012649273,0.6658461855,0.6273515103,0.5853641976,0.5391804103,0.4876448280
23220.000000,0.9456418809,0.9444967010,0.9412634309,0.9358809746,0.9283585498,0.9186190079,0.9067275559,0.8927243403,0.8764559656,0.8580536941,0.8374298283,0.8145371329,0.7893680406,0.7618273922,0.7318338814,0.6992583561,0.6639087333,0.6254836749,0.5835642606,0.5374426040,0.4859550902
23280.000000,0.9430675407,0.9419252428,0.9387001007,0.9333311448,0.9258275244,0.9161122108,0.9042501596,0.8902813093,0.8740524684,0.8556944162,0.8351194210,0.8122800489,0.7871683843,0.7596889712,0.7297600291,0.6972517848,0.6619712811,0.6236158395,0.5817643237,0.5357047978,0.4842653524
23340.000000,0.9405127558,0.9393733201,0.9361562501,0.9308007020,0.9233157568,0.9136245057,0.9017916544,0.8878569349,0.8716673587,0.8533532253,0.8328267691,0.8100403592,0.7849857328,0.7575671388,0.7277023234,0.6952608922,0.6600490122,0.6217626584,0.5799784619,0.5339803916,0.4825881099
23400.000000,0.9379579708,0.9368213974,0.9336123995,0.9282702591,0.9208039892,0.9111368006,0.8993331491,0.8854325605,0.8692822490,0.8510120344,0.8305341172,0.8078006694,0.7828030813,0.7554453064,0.7256446176,0.6932699995,0.6581267432,0.6199094773,0.5781926001,0.5322559855,0.4809108673
23460.000000,0.9354225902,0.9342888594,0.9310878782,0.9257590538,0.9183113313,0.9086680409,0.8968933901,0.8830266999,0.8669153866,0.8486887930,0.8282590864,0.8055782428,0.7806373074,0.7533399392,0.7236029390,0.6912946707,0.6562195477,0.6180708458,0.5764207139,0.5305448849,0.4792460278
23520.000000,0.9328872096,0.9317563213,0.9285633569,0.9232478484,0.9158186735,0.9061992812,0.8944536311,0.8806208394,0.8645485241,0.8463655516,0.8259840557,0.8033558162,0.7784715335,0.7512345720,0.7215612604,0.6893193419,0.6543123521,0.6162322142,0.5746488278,0.5288337843,0.4775811883
23580.000000,0.9303710836,0.9292430184,0.9260580160,0.9207557325,0.9133449784,0.9037493213,0.8920324747,0.8782333513,0.8621997699,0.8440601235,0.8237265128,0.8011505228,0.7763225107,0.7491455474,0.7195354905,0.6873594629,0.6524201206,0.6144080280,0.5728908184,0.5271358956,0.4759286603
23640.000000,0.9278549575,0.9267297156,0.9235526751,0.9182636165,0.9108712833,0.9012993615,0.8896113182,0.8758458632,0.8598510156,0.8417546954,0.8214689699,0.7989452294,0.7741734878,0.7470565227,0.7175097207,0.6853995839,0.6505278892,0.6125838418,0.5711328091,0.5254380068,0.4742761323
23700.000000,0.9253579377,0.9242354996,0.9210663667,0.9157904429,0.9084164052,0.8988680573,0.8872086219,0.8734766072,0.8575202316,0.8394669452,0.8192287825,0.7967569400,0.7720410906,0.7449837190,0.7154997420,0.6834550416,0.6486505134,0.6107739976,0.5693885785,0.5237532367,0.4726358249
23760.000000,0.9228609178,0.9217412836,0.9185800584,0.9133172693,0.9059615271,0.8964367530,0.8848059256,0.8711073511,0.8551894475,0.8371791950,0.8169885951,0.7945686507,0.7699086933,0.7429109153,0.7134897634,0.6815104992,0.6467731376,0.6089641533,0.5676443479,0.5220684666,0.4709955174
23820.000000,0.9203828569,0.9192660075,0.9161126360,0.9108628924,0.9035253213,0.8940239612,0.8824215479,0.8687561877,0.8528764967,0.8349089885,0.8147656318,0.7923972374,0.7677927970,0.7408542116,0.7114954591,0.6795811812,0.6449105099,0.6071685484,0.5659137987,0.5203967229,0.4693673403
23880.000000,0.9179047959,0.9167907313,0.9136452136,0.9084085155,0.9010891156,0.8916111694,0.8800371703,0.8664050243,0.8505635459,0.8326387819,0.8125426686,0.7902258241,0.7656769008,0.7387975079,0.7095011548,0.6776518631,0.6430478821,0.6053729435,0.5641832494,0.5187249792,0.4677391632
23940.000000,0.9154455477,0.9143342490,0.9111965318,0.9059727906,0.8986714386,0.8892167479,0.8776709711,0.8640718153,0.8482682925,0.8303859858,0.8103367992,0.7880711595,0.7635773817,0.7367567844,0.7075224091,0.6757376577,0.6411998953,0.6035914760,0.5624662849,0.5170661702,0.4661230269
24000.000000,0.9129862996,0.9118777667,0.9087478500,0.9035370657,0.8962537617,0.8868223265,0.8753047719,0.8617386064,0.8459730390,0.8281331896,0.8081309298,0.7859164950,0.7614778627,0.7347160608,0.7055436633,0.6738234523,0.6393519086,0.6018100085,0.5607493203,0.5154073611,0.4645068906
24060.000000,0.9105457193,0.9094399336,0.9063177645,0.9011198494,0.8938544713,0.8844461345,0.8729566118,0.8594232147,0.8436953481,0.8258976716,0.8059420248,0.7837784531,0.7593945981,0.7326911982,0.7035803608,0.6719242488,0.6375184567,0.6000425772,0.5590458445,0.5137613958,0.4629027061
24120.000000,0.9081051391,0.9070021004,0.9038876789,0.8987026330,0.8914551809,0.8820699425,0.8706084518,0.8571078230,0.8414176571,0.8236621536,0.8037531198,0.7816404112,0.7573113335,0.7306663356,0.7016170584,0.6700250452,0.6356850049,0.5982751459,0.5573423687,0.5121154305,0.4612985217
24180.000000,0.9056830830,0.9045827729,0.9014760466,0.8963037829,0.8890741358,0.8797118402,0.8682781929,0.8548101125,0.8391573948,0.8214437824,0.8015810508,0.7795188665,0.7552442015,0.7286572157,0.6996690850,0.6681407335,0.6338659825,0.5965216503,0.5556522864,0.5104822186,0.4597062009
24240.000000,0.9032610269,0.9021634453,0.8990644142,0.8939049328,0.8866930906,0.8773537378,0.8659479340,0.8525124019,0.8368971325,0.8192254112,0.7994089818,0.7773973218,0.7531770694,0.7266480958,0.6977211116,0.6662564217,0.6320469600,0.5947681547,0.5539622041,0.5088490068,0.4581138800
24300.000000,0.9008573523,0.8997624809,0.8966710931,0.8915243078,0.8843301506,0.8750135863,0.8636354391,0.8502322375,0.8346541661,0.8170240566,0.7972536213,0.7752921500,0.7511259488,0.7246546012,0.6957883538,0.6643868926,0.6302422624,0.5930284951,0.5522854207,0.5072284588,0.4565333353
24360.000000,0.8984536777,0.8973615164,0.8942777720,0.8891436827,0.8819672106,0.8726734349,0.8613229442,0.8479520730,0.8324111996,0.8148227019,0.7950982608,0.7731869782,0.7490748281,0.7226611066,0.6938555959,0.6625173634,0.6284375647,0.5912888355,0.5506086373,0.5056079109,0.4549527905
24420.000000,0.8960682432,0.8949787738,0.8919026212,0.8867811426,0.8796222367,0.8703510966,0.8590280773,0.8456893205,0.8301853972,0.8126382345,0.7929594822,0.7710980558,0.7470395988,0.7206831207,0.6919379409,0.6606625082,0.6266470878,0.5895629128,0.5489450590,0.5039999380,0.4533839348
24480.000000,0.8936828087,0.8925960311,0.8895274704,0.8844186025,0.8772772628,0.8680287584,0.8567332105,0.8434265680,0.8279595947,0.8104537672,0.7908207037,0.7690091333,0.7450043695,0.7187051348,0.6900202860,0.6588076531,0.6248566109,0.5878369900,0.5472814807,0.5023919650,0.4518150791
24540.000000,0.8913154738,0.8902313700,0.8871703501,0.8820740083,0.8749501171,0.8657240968,0.8544558367,0.8411810944,0.8257508255,0.8082860586,0.7886983815,0.7669363377,0.7429849121,0.7167425419,0.6881176219,0.6569673643,0.6230802516,0.5861247059,0.5456310144,0.5007964790,0.4502578263
24600.000000,0.8889481389,0.8878667090,0.8848132299,0.8797294141,0.8726229713,0.8634194352,0.8521784630,0.8389356209,0.8235420562,0.8061183501,0.7865760593,0.7648635420,0.7409654547,0.7147799489,0.6862149579,0.6551270755,0.6213038923,0.5844124218,0.5439805481,0.4992009929,0.4487005734
24660.000000,0.8865987645,0.8855199904,0.8824740016,0.8774026279,0.8703135169,0.8611323147,0.8499184484,0.8367072943,0.8213501903,0.8039672731,0.7844700688,0.7628067514,0.7389616508,0.7128326340,0.6843271737,0.6533012461,0.6195415481,0.5827136786,0.5423431012,0.4976179062,0.4471548378
24720.000000,0.8842493900,0.8831732718,0.8801347733,0.8750758417,0.8680040624,0.8588451942,0.8476584338,0.8344789677,0.8191583244,0.8018161961,0.7823640783,0.7607499608,0.7369578470,0.7108853192,0.6824393896,0.6514754166,0.6177792039,0.5810149354,0.5407056544,0.4960348195,0.4456091021
24780.000000,0.8819178378,0.8808443576,0.8778132994,0.8727667268,0.8657121635,0.8565754803,0.8454156455,0.8322676570,0.8169832330,0.7996816241,0.7802742956,0.7587090544,0.7349695790,0.7089531682,0.6805663749,0.6496639403,0.6160307731,0.5793296362,0.5390811352,0.4944640454,0.4440747987
24840.000000,0.8795862856,0.8785154435,0.8754918255,0.8704576118,0.8634202645,0.8543057664,0.8431728572,0.8300563463,0.8148081415,0.7975470521,0.7781845130,0.7566681481,0.7329813111,0.7070210173,0.6786933603,0.6478524640,0.6142823422,0.5776443370,0.5374566161,0.4928932713,0.4425404952
24900.000000,0.8772724185,0.8762041968,0.8731879693,0.8681660322,0.8611457862,0.8520533257,0.8409471632,0.8278619215,0.8126496967,0.7954288596,0.7761108154,0.7546430061,0.7310084623,0.7051039169,0.6768350057,0.6460552354,0.6125477236,0.5759723856,0.5358449336,0.4913347236,0.4410175397
24960.000000,0.8749585514,0.8738929502,0.8708841132,0.8658744526,0.8588713079,0.8498008849,0.8387214693,0.8256674967,0.8104912518,0.7933106671,0.7740371179,0.7526178640,0.7290356136,0.7031868166,0.6749766510,0.6442580067,0.6108131050,0.5743004342,0.5342332511,0.4897761759,0.4394945841
25020.000000,0.8726622334,0.8715992352,0.8685977395,0.8636002737,0.8566141166,0.8475655849,0.8365127389,0.8234898287,0.8083493266,0.7912087296,0.7719793834,0.7506083673,0.7270780680,0.7012846545,0.6731328476,0.6424749211,0.6090921984,0.5726417351,0.5326343148,0.4882297693,0.4379828928
25080.000000,0.8703659154,0.8693055202,0.8663113658,0.8613260948,0.8543569253,0.8453302848,0.8343040085,0.8213121608,0.8062074014,0.7891067921,0.7699216489,0.7485988705,0.7251205225,0.6993824923,0.6712890442,0.6406918354,0.6073712917,0.5709830359,0.5310353785,0.4866833626,0.4364712014
25140.000000,0.8680870115,0.8670292020,0.8640423401,0.8590691829,0.8521168883,0.8431119940,0.8321121117,0.8191511215,0.8040818698,0.7870209859,0.7678797565,0.7466049008,0.7231781652,0.6974951567,0.6694596840,0.6389227886,0.6056639974,0.5693374942,0.5294490987,0.4851490123,0.4349706912
25200.000000,0.8658081076,0.8647528838,0.8617733144,0.8568122709,0.8498768513,0.8408937032,0.8299202150,0.8169900823,0.8019563382,0.7849351796,0.7658378640,0.7446109310,0.7212358078,0.6956078210,0.6676303238,0.6371537419,0.6039567031,0.5676919524,0.5278628189,0.4836146619,0.4334701810
25260.000000,0.8635464839,0.8624938286,0.8595215033,0.8545724933,0.8476538368,0.8386922913,0.8277450229,0.8148455448,0.7998470752,0.7828653819,0.7638116934,0.7426323710,0.7193085244,0.6937352009,0.6658152997,0.6353986309,0.6022629222,0.5660594739,0.5262891066,0.4820922837,0.4319807695
25320.000000,0.8612848602,0.8602347734,0.8572696922,0.8523327157,0.8454308224,0.8364908794,0.8255698309,0.8127010072,0.7977378122,0.7807955842,0.7617855228,0.7406538110,0.7173812410,0.6918625808,0.6640002755,0.6336435199,0.6005691413,0.5644269953,0.5247153942,0.4805699055,0.4304913580
25380.000000,0.8590403838,0.8579928484,0.8550349634,0.8501099408,0.8432246998,0.8343062168,0.8234112156,0.8105728451,0.7956446937,0.7787416732,0.7597749548,0.7386905442,0.7154689180,0.6900045662,0.6621994809,0.6319022420,0.5988887756,0.5628074865,0.5231541609,0.4790594160,0.4290129635
25440.000000,0.8567959073,0.8557509235,0.8528002345,0.8478871658,0.8410185773,0.8321215543,0.8212526004,0.8084446830,0.7935515751,0.7766877623,0.7577643868,0.7367272774,0.7135565951,0.6881465516,0.6603986862,0.6301609642,0.5972084099,0.5611879777,0.5215929275,0.4775489266,0.4275345689
25500.000000,0.8545684463,0.8535259971,0.8505824567,0.8456812629,0.8388292170,0.8299535127,0.8191104350,0.8063327711,0.7914744778,0.7746496170,0.7557693029,0.7347791882,0.7116591200,0.6863030332,0.6586120154,0.6284334177,0.5955413619,0.5595813457,0.5200440855,0.4760502432,0.4260671102
25560.000000,0.8523409852,0.8513010707,0.8483646789,0.8434753600,0.8366398566,0.8277854711,0.8169682696,0.8042208593,0.7893973805,0.7726114718,0.7537742190,0.7328310989,0.7097616450,0.6844595147,0.6568253446,0.6267058712,0.5938743139,0.5579747138,0.5184952434,0.4745515597,0.4245996515
25620.000000,0.8501304087,0.8490930120,0.8461637217,0.8412861995,0.8344671298,0.8256339229,0.8148424280,0.8021250735,0.7873361822,0.7705889723,0.7517945017,0.7308980724,0.7078789060,0.6826303839,0.6550526926,0.6249919550,0.5922204868,0.5563808666,0.5169587056,0.4730646002,0.4231430480
25680.000000,0.8479198321,0.8468849534,0.8439627645,0.8390970390,0.8322944030,0.8234823748,0.8127165864,0.8000292876,0.7852749839,0.7685664728,0.7498147844,0.7289650460,0.7059961669,0.6808012531,0.6532800406,0.6232780388,0.5905666596,0.5547870194,0.5154221678,0.4715776407,0.4216864446
25740.000000,0.8457260103,0.8446936328,0.8417784986,0.8369244922,0.8301381820,0.8213471936,0.8106069436,0.7979495044,0.7832295632,0.7665594998,0.7478503169,0.7270469682,0.7041280530,0.6789864022,0.6515213032,0.6215776525,0.5889259571,0.5532058655,0.5138978477,0.4701023236,0.4202406166
25800.000000,0.8435321884,0.8425023123,0.8395942327,0.8347519454,0.8279819610,0.8192120124,0.8084973008,0.7958697211,0.7811841424,0.7645525269,0.7458858495,0.7251288905,0.7022599390,0.6771715513,0.6497625657,0.6198772662,0.5872852547,0.5516247116,0.5123735277,0.4686270066,0.4187947886
25860.000000,0.8413549923,0.8403276011,0.8374265298,0.8325958847,0.8258421190,0.8170930726,0.8064037326,0.7938058181,0.7791543788,0.7625609622,0.7439365161,0.7232256484,0.7004063399,0.6753708732,0.6480176394,0.6181903101,0.5856575814,0.5500561601,0.5108613397,0.4671632513,0.4173596567
25920.000000,0.8391777962,0.8381528899,0.8352588269,0.8304398240,0.8237022771,0.8149741328,0.8043101644,0.7917419151,0.7771246152,0.7605693974,0.7419871827,0.7213224063,0.6985527407,0.6735701951,0.6462727131,0.6165033541,0.5840299082,0.5484876086,0.5093491517,0.4656994960,0.4159245248
25980.000000,0.8370170979,0.8359946602,0.8331075597,0.8283001226,0.8215786883,0.8128713097,0.8022325477,0.7896937707,0.7751103891,0.7585931236,0.7400528682,0.7194338874,0.6967135470,0.6717835837,0.6445414951,0.6148297293,0.5824151694,0.5469315693,0.5078490105,0.4642472222,0.4145000104
26040.000000,0.8348563997,0.8338364306,0.8309562924,0.8261604213,0.8194550996,0.8107684867,0.8001549310,0.7876456264,0.7730961629,0.7566168497,0.7381185538,0.7175453685,0.6948743532,0.6699969722,0.6428102772,0.6131561045,0.5808004306,0.5453755301,0.5063488694,0.4627949485,0.4130754960
26100.000000,0.8327120725,0.8316945557,0.8288213344,0.8240369535,0.8173476393,0.8086816567,0.7980931435,0.7856131201,0.7710973556,0.7546557501,0.7361991443,0.7156714614,0.6930494562,0.6682243218,0.6410926655,0.6114957126,0.5791985321,0.5438319135,0.5048606907,0.4613540768,0.4116615211
26160.000000,0.8305677452,0.8295526809,0.8266863763,0.8219134858,0.8152401790,0.8065948267,0.7960313559,0.7835806137,0.7690985483,0.7526946504,0.7342797347,0.7137975542,0.6912245592,0.6664516715,0.6393750537,0.6098353208,0.5775966337,0.5422882970,0.5033725119,0.4599132052,0.4102475461
26220.000000,0.8284396629,0.8274270350,0.8245676021,0.8198061268,0.8131487232,0.8045238670,0.7939852762,0.7815636258,0.7671150419,0.7507486094,0.7323751166,0.7119381481,0.6894138511,0.6646928775,0.6376709470,0.6081880644,0.5760074820,0.5407570143,0.5018962117,0.4584836568,0.4088440333
26280.000000,0.8263115807,0.8253013892,0.8224488279,0.8176987679,0.8110572673,0.8024529073,0.7919391965,0.7795466378,0.7651315356,0.7488025683,0.7304704985,0.7100787419,0.6876031429,0.6629340836,0.6359668402,0.6065408080,0.5744183304,0.5392257316,0.5004199115,0.4570541084,0.4074405204
26340.000000,0.8241996184,0.8231918474,0.8203461129,0.8156073939,0.8089816930,0.8003976962,0.7899087041,0.7775450493,0.7631632132,0.7468714709,0.7285805594,0.7082337268,0.6858065166,0.6611890420,0.6342761378,0.6049065901,0.5728418328,0.5377066944,0.4989554067,0.4556358051,0.4060473928
26400.000000,0.8220876562,0.8210823056,0.8182433980,0.8135160199,0.8069061188,0.7983424850,0.7878782118,0.7755434608,0.7611948908,0.7449403736,0.7266906203,0.7063887117,0.6840098902,0.6594440004,0.6325854354,0.6032723721,0.5712653352,0.5361876573,0.4974909018,0.4542175018,0.4046542652
26460.000000,0.8199916898,0.8189887441,0.8161566188,0.8114405080,0.8048463039,0.7963029013,0.7858631872,0.7735571539,0.7592416363,0.7430241058,0.7248152484,0.7045579785,0.6822272393,0.6577126079,0.6309080374,0.6016510965,0.5697013995,0.5346807781,0.4960381096,0.4528103659,0.4032714466
26520.000000,0.8178957235,0.8168951825,0.8140698397,0.8093649960,0.8027864891,0.7942633177,0.7838481627,0.7715708469,0.7572883819,0.7411078381,0.7229398766,0.7027272453,0.6804445884,0.6559812154,0.6292306394,0.6000298208,0.5681374638,0.5331738989,0.4945853174,0.4514032301,0.4018886281
26580.000000,0.8158156300,0.8148174781,0.8119988736,0.8073052241,0.8007423126,0.7922392416,0.7818484873,0.7695997044,0.7553500800,0.7392062868,0.7210789610,0.7009106856,0.6786758073,0.6542633694,0.6275664466,0.5984213919,0.5665859985,0.5316790907,0.4931441559,0.4500071848,0.4005160430
26640.000000,0.8137355365,0.8127397737,0.8099279076,0.8052454522,0.7986981361,0.7902151654,0.7798488118,0.7676285619,0.7534117781,0.7373047356,0.7192180455,0.6990941259,0.6769070262,0.6525455235,0.6259022538,0.5968129630,0.5650345332,0.5301842824,0.4917029944,0.4486111396,0.3991434579
26700.000000,0.8116711936,0.8106778044,0.8078726330,0.8032012992,0.7966694777,0.7882064777,0.7778643678,0.7656724676,0.7514883145,0.7354177884,0.7173714763,0.6972916322,0.6751520101,0.6508411223,0.6242511677,0.5952172859,0.5634954474,0.5287014588,0.4902733823,0.4472261086,0.3977810313
26760.000000,0.8096068507,0.8086158352,0.8058173584,0.8011571463,0.7946408193,0.7861977900,0.7758799237,0.7637163733,0.7495648509,0.7335308412,0.7155249070,0.6954891384,0.6733969941,0.6491367212,0.6226000817,0.5936216088,0.5619563616,0.5272186352,0.4888437701,0.4458410775,0.3964186047
26820.000000,0.8075581372,0.8065694799,0.8037776545,0.7991284921,0.7926275597,0.7842043725,0.7739105940,0.7617752119,0.7476561119,0.7316583866,0.7136925747,0.6937006038,0.6716556390,0.6474456636,0.6209620045,0.5920385893,0.5604295651,0.5257477104,0.4874256266,0.4444669851,0.3950662622
26880.000000,0.8055094236,0.8045231246,0.8017379506,0.7970998379,0.7906143001,0.7822109549,0.7719412644,0.7598340505,0.7457473729,0.7297859320,0.7118602424,0.6919120692,0.6699142838,0.6457546061,0.6193239273,0.5904555698,0.5589027687,0.5242767857,0.4860074830,0.4430928926,0.3937139197
26940.000000,0.8034762191,0.8024922631,0.7997136974,0.7950865632,0.7886163208,0.7802326901,0.7699869331,0.7579077074,0.7438532459,0.7279278591,0.7100420386,0.6901373877,0.6681864863,0.6440767919,0.6176987618,0.5888851144,0.5573881719,0.5228176746,0.4846007279,0.4417296637,0.3923715875
27000.000000,0.8014430145,0.8004614015,0.7976894443,0.7930732885,0.7866183415,0.7782544254,0.7680326019,0.7559813644,0.7419591188,0.7260697863,0.7082238347,0.6883627062,0.6664586887,0.6423989776,0.6160735964,0.5873146590,0.5558735751,0.5213585635,0.4831939727,0.4403664347,0.3910292552
27060.000000,0.7994251995,0.7984459144,0.7956805230,0.7910752750,0.7846355250,0.7762911969,0.7660931538,0.7540697260,0.7400794917,0.7242259853,0.7064196516,0.6866017725,0.6647443462,0.6407343069,0.6144612462,0.5857566748,0.5543710891,0.5199111816,0.4817985264,0.4390139947,0.3896968601
27120.000000,0.7974073845,0.7964304273,0.7936716017,0.7890772614,0.7826527085,0.7743279685,0.7641537057,0.7521580876,0.7381998646,0.7223821844,0.7046154684,0.6848408387,0.6630300036,0.6390696363,0.6128488960,0.5841986905,0.5528686031,0.5184637997,0.4804030801,0.4376615548,0.3883644650
27180.000000,0.7954048404,0.7944301961,0.7916778941,0.7870943914,0.7806849381,0.7723796607,0.7622290264,0.7502610410,0.7363346264,0.7205525461,0.7028251990,0.6830935483,0.6613290141,0.6374180102,0.6112492654,0.5826530851,0.5513781395,0.5170280631,0.4790188637,0.4363198300,0.3870419344
27240.000000,0.7934022963,0.7924299650,0.7896841865,0.7851115215,0.7787171677,0.7704313529,0.7603043472,0.7483639944,0.7344693883,0.7187229078,0.7010349296,0.6813462578,0.6596280246,0.6357663842,0.6096496347,0.5811074798,0.5498876759,0.5155923264,0.4776346473,0.4349781053,0.3857194038
27300.000000,0.7914149055,0.7904448722,0.7877055754,0.7831436785,0.7767643276,0.7684978511,0.7583943233,0.7464814277,0.7326184287,0.7169073239,0.6992584678,0.6796125068,0.6579402870,0.6341277045,0.6080626284,0.5795741617,0.5484091469,0.5141681517,0.4762615824,0.4336470224,0.3844066656
27360.000000,0.7894275147,0.7884597795,0.7857269643,0.7811758356,0.7748114875,0.7665643492,0.7564842994,0.7445988610,0.7307674691,0.7150917400,0.6974820060,0.6778787558,0.6562525495,0.6324890248,0.6064756222,0.5780408436,0.5469306180,0.5127439769,0.4748885175,0.4323159396,0.3830939275
27420.000000,0.7874551604,0.7864897085,0.7837633334,0.7792229038,0.7728734627,0.7646455393,0.7545888181,0.7427306629,0.7289306787,0.7132901030,0.6957192463,0.6761584412,0.6545779634,0.6308631938,0.6049011458,0.5765197218,0.5454639366,0.5113312813,0.4735265263,0.4309954261,0.3817909104
27480.000000,0.7854828061,0.7845196375,0.7817997025,0.7772699721,0.7709354379,0.7627267295,0.7526933369,0.7408624648,0.7270938882,0.7114884659,0.6939564866,0.6744381266,0.6529033773,0.6292373629,0.6033266695,0.5749985999,0.5439972552,0.5099185858,0.4721645351,0.4296749125,0.3804878932
27540.000000,0.7835253723,0.7825644724,0.7798509363,0.7753318367,0.7690121143,0.7608224985,0.7508122865,0.7390085250,0.7252711582,0.7097006688,0.6922073244,0.6727311461,0.6512418429,0.6276242837,0.6017646293,0.5734895841,0.5425423348,0.5085172872,0.4708135404,0.4283648962,0.3791945262
27600.000000,0.7815679385,0.7806093073,0.7779021702,0.7733937014,0.7670887908,0.7589182676,0.7489312361,0.7371545851,0.7234484282,0.7079128718,0.6904581622,0.6710241656,0.6495803086,0.6260112046,0.6002025892,0.5719805682,0.5410874145,0.5071159886,0.4694625458,0.4270548799,0.3779011593
27660.000000,0.7796253103,0.7786689333,0.7759681541,0.7714702483,0.7651800552,0.7570285033,0.7470645056,0.7353147940,0.7216396508,0.7061388087,0.6887224936,0.6693304176,0.6479317270,0.6244107811,0.5986528920,0.5704835685,0.5396441693,0.5057260054,0.4681224709,0.4257552894,0.3766173721
27720.000000,0.7776826820,0.7767285592,0.7740341381,0.7695467952,0.7632713196,0.7551387390,0.7451977751,0.7334750029,0.7198308734,0.7043647457,0.6869868250,0.6676366696,0.6462831453,0.6228103576,0.5971031948,0.5689865688,0.5382009241,0.5043360223,0.4667823961,0.4244556988,0.3753335850
27780.000000,0.7757547450,0.7748028620,0.7721147584,0.7676379112,0.7613770596,0.7532633300,0.7433452542,0.7316492517,0.7180359414,0.7026043114,0.6852645468,0.6659560532,0.6446474181,0.6212224942,0.5955657481,0.5675014962,0.5367692687,0.5029572736,0.4654531650,0.4231664632,0.3740593081
27840.000000,0.7738268080,0.7728771648,0.7701953788,0.7657290273,0.7594827995,0.7513879210,0.7414927333,0.7298235006,0.7162410094,0.7008438771,0.6835422686,0.6642754369,0.6430116908,0.6196346308,0.5940283015,0.5660164236,0.5353376133,0.5015785248,0.4641239340,0.4218772275,0.3727850311
27900.000000,0.7719134489,0.7709660313,0.7682905225,0.7638346001,0.7576029035,0.7495267567,0.7396543126,0.7280116814,0.7144598165,0.6990969671,0.6818332783,0.6626078520,0.6413887203,0.6180592325,0.5925030135,0.5645431896,0.5339174630,0.5002109301,0.4628054712,0.4205982765,0.3715201952
27960.000000,0.7700000899,0.7690548978,0.7663856663,0.7619401729,0.7557230074,0.7476655923,0.7378158920,0.7261998622,0.7126786236,0.6973500571,0.6801242881,0.6609402672,0.6397657498,0.6164838343,0.5909777255,0.5630699556,0.5324973126,0.4988433353,0.4614870084,0.4193193255,0.3702553592
28020.000000,0.7681011962,0.7671582156,0.7644952215,0.7600600909,0.7538573646,0.7458185629,0.7359914631,0.7244018678,0.7109110642,0.6956165677,0.6784284842,0.6592856144,0.6381554390,0.6149208070,0.5894645049,0.5616084723,0.5310885833,0.4974868147,0.4601792389,0.4180505893,0.3689998957
28080.000000,0.7662023026,0.7652615334,0.7626047767,0.7581800089,0.7519917217,0.7439715334,0.7341670341,0.7226038734,0.7091435049,0.6938830782,0.6767326802,0.6576309616,0.6365451283,0.6133577797,0.5879512844,0.5601469890,0.5296798539,0.4961302940,0.4588714694,0.4167818532,0.3677444322
28140.000000,0.7643177626,0.7633791908,0.7607286321,0.7563141615,0.7501402221,0.7421385299,0.7323564891,0.7208195974,0.7073894744,0.6921629064,0.6750499616,0.6559891422,0.6349473811,0.6118070298,0.5864500407,0.5586971692,0.5282824619,0.4947847682,0.4575743188,0.4155232628,0.3664982730
28200.000000,0.7624332227,0.7614968483,0.7588524874,0.7544483140,0.7482887226,0.7403055264,0.7305459440,0.7190353214,0.7056354438,0.6904427345,0.6733672430,0.6543473228,0.6333496339,0.6102562800,0.5849487970,0.5572473493,0.5268850699,0.4934392423,0.4562771683,0.4142646724,0.3652521139
28260.000000,0.7605629257,0.7596287348,0.7569905325,0.7525965913,0.7464512571,0.7384864406,0.7287491759,0.7172646582,0.7038948380,0.6887357779,0.6716975095,0.6527182387,0.6317643546,0.6087177146,0.5834594402,0.5558091063,0.5254989323,0.4921046325,0.4549905627,0.4130161591,0.3640151918
28320.000000,0.7586926287,0.7577606212,0.7551285776,0.7507448685,0.7446137917,0.7366673549,0.7269524078,0.7154939950,0.7021542321,0.6870288214,0.6700277760,0.6510891546,0.6301790753,0.6071791492,0.5819700834,0.5543708632,0.5241127948,0.4907700227,0.4537039572,0.4117676459,0.3627782696
28380.000000,0.7568364645,0.7559066267,0.7532807029,0.7489071613,0.7427902521,0.7348620795,0.7251693103,0.7137368397,0.7004269478,0.6853349787,0.6683709281,0.6494727084,0.6286061691,0.6056526760,0.5804925242,0.5529441108,0.5227378291,0.4894462508,0.4524278234,0.4105291418,0.3615505175
28440.000000,0.7549803004,0.7540526322,0.7514328282,0.7470694541,0.7409667125,0.7330568041,0.7233862129,0.7119796845,0.6986996634,0.6836411360,0.6667140801,0.6478562623,0.6270332629,0.6041262029,0.5790149650,0.5515173583,0.5213628635,0.4881224788,0.4511516896,0.4092906377,0.3603227654
28500.000000,0.7531381599,0.7522126477,0.7495989248,0.7452456543,0.7391569912,0.7312652325,0.7216166807,0.7102359330,0.6969855980,0.6819603063,0.6650700189,0.6462523575,0.6254726354,0.6026117303,0.5775491146,0.5501020111,0.5199989880,0.4868094670,0.4498859547,0.4080620753,0.3591041170
28560.000000,0.7512960194,0.7503726632,0.7477650214,0.7434218545,0.7373472699,0.7294736610,0.7198471485,0.7084921816,0.6952715325,0.6802794767,0.6634259577,0.6446484528,0.6239120079,0.6010972578,0.5760832642,0.5486866639,0.5186351125,0.4854964552,0.4486202199,0.4068335129,0.3578854686
28620.000000,0.7494677941,0.7485465803,0.7459449815,0.7416118545,0.7355512601,0.7276956874,0.7180910769,0.7067617307,0.6935705843,0.6786115600,0.6617945852,0.6430569934,0.6223635656,0.5995946948,0.5746290346,0.5472826369,0.5172822458,0.4841941265,0.4473648117,0.4056148253,0.3566758581
28680.000000,0.7476395688,0.7467204974,0.7441249415,0.7398018546,0.7337552503,0.7259177139,0.7163350053,0.7050312798,0.6918696360,0.6769436434,0.6601632126,0.6414655340,0.6208151233,0.5980921319,0.5731748050,0.5458786100,0.5159293792,0.4828917977,0.4461094036,0.4043961377,0.3554662477
28740.000000,0.7458251512,0.7449082088,0.7423186577,0.7380055479,0.7319728462,0.7241532333,0.7145922904,0.7033140268,0.6901817038,0.6752885404,0.6585444313,0.6398864247,0.6192787733,0.5966013883,0.5717321086,0.5444858190,0.5145874405,0.4816000754,0.4448642504,0.4031872585,0.3542656099
28800.000000,0.7440107336,0.7430959201,0.7405123740,0.7362092411,0.7301904420,0.7223887527,0.7128495756,0.7015967739,0.6884937716,0.6736334374,0.6569256500,0.6383073155,0.6177424232,0.5951106446,0.5702894122,0.5430930279,0.5132455019,0.4803083531,0.4436190973,0.4019783793,0.3530649721
28860.000000,0.7422100169,0.7412973189,0.7387197400,0.7344265217,0.7284215383,0.7206376609,0.7111201142,0.6998926170,0.6868187552,0.6719910495,0.6553193633,0.6367404617,0.6162180731,0.5936316305,0.5688581622,0.5417113891,0.5119144112,0.4790271611,0.4423841279,0.4007792428,0.3518732422
28920.000000,0.7404093001,0.7394987177,0.7369271061,0.7326438023,0.7266526346,0.7188865690,0.7093906529,0.6981884602,0.6851437388,0.6703486616,0.6537130765,0.6351736080,0.6146937231,0.5921526164,0.5674269121,0.5403297503,0.5105833205,0.4777459692,0.4411491585,0.3995801062,0.3506815124
28980.000000,0.7386221782,0.7377136981,0.7351480164,0.7308745652,0.7248971269,0.7171487624,0.7076743428,0.6964972983,0.6834815386,0.6687188909,0.6521191882,0.6336189158,0.6131812813,0.5906852428,0.5660070221,0.5389591804,0.5092629980,0.4764752321,0.4399243021,0.3983906470,0.3494986263
29040.000000,0.7368350562,0.7359286785,0.7333689267,0.7291053280,0.7231416192,0.7154109558,0.7059580326,0.6948061365,0.6818193383,0.6670891201,0.6505253000,0.6320642237,0.6116688396,0.5892178692,0.5645871321,0.5375886106,0.5079426755,0.4752044950,0.4386994458,0.3972011878,0.3483157403
29100.000000,0.7350614239,0.7341571353,0.7316032763,0.7273494687,0.7213994040,0.7136863317,0.7042547720,0.6931278693,0.6801698554,0.6654718693,0.6489437149,0.6305215998,0.6101682152,0.5877620475,0.5631785164,0.5362290271,0.5066330421,0.4739441377,0.4374846324,0.3960213412,0.3471416344
29160.000000,0.7332877916,0.7323855921,0.7298376260,0.7255936095,0.7196571887,0.7119617077,0.7025515114,0.6914496022,0.6785203725,0.6638546185,0.6473621298,0.6289789760,0.6086675908,0.5863062258,0.5617699007,0.5348694437,0.5053234087,0.4726837803,0.4362698190,0.3948414946,0.3459675285
29220.000000,0.7315275444,0.7306274211,0.7280853110,0.7238510246,0.7179281630,0.7102501641,0.7008611995,0.6897841300,0.6768835088,0.6622497912,0.6457927532,0.6274483278,0.6071786934,0.5848618682,0.5603724742,0.5335207645,0.5040243859,0.4714337283,0.4350649788,0.3936711964,0.3448021397
29280.000000,0.7297672972,0.7288692500,0.7263329960,0.7221084397,0.7161991373,0.7085386205,0.6991708875,0.6881186579,0.6752466450,0.6606449639,0.6442233767,0.6259176797,0.6056897960,0.5834175106,0.5589750477,0.5321720854,0.5027253631,0.4701836763,0.4338601386,0.3925008982,0.3436367509
29340.000000,0.7280203315,0.7271243475,0.7245939131,0.7203790263,0.7144831990,0.7068400563,0.6974934240,0.6864658819,0.6736223030,0.6590524642,0.6426661146,0.6243989153,0.6042125358,0.5819845299,0.5575887259,0.5308342290,0.5014368727,0.4689438555,0.4326652025,0.3913400847,0.3424800166
29400.000000,0.7262733657,0.7253794449,0.7228548302,0.7186496130,0.7127672607,0.7051414920,0.6958159605,0.6848131059,0.6719979609,0.6574599645,0.6411088526,0.6228801509,0.6027352757,0.5805515491,0.5562024040,0.5294963727,0.5001483823,0.4677040348,0.4314702663,0.3901792713,0.3413232824
29460.000000,0.7245395785,0.7236477081,0.7211288768,0.7169332691,0.7110643084,0.7034558065,0.6941512461,0.6831729278,0.6703860438,0.6558796973,0.6395636118,0.6213731789,0.6012695637,0.5791298585,0.5548271028,0.5281692582,0.4988703469,0.4664743717,0.4302851655,0.3890278793,0.3401751406
29520.000000,0.7228057913,0.7219159712,0.7194029234,0.7152169253,0.7093613562,0.7017701211,0.6924865317,0.6815327498,0.6687741267,0.6542994301,0.6380183710,0.6198662069,0.5998038517,0.5777081679,0.5534518016,0.5268421437,0.4975923115,0.4652447087,0.4291000647,0.3878764874,0.3390269988
29580.000000,0.7210850805,0.7201972980,0.7176899977,0.7135135497,0.7076712894,0.7000972147,0.6908344676,0.6799050722,0.6671745385,0.6527313010,0.6364850587,0.6183709368,0.5983495995,0.5762976814,0.5520874377,0.5255256907,0.4963246541,0.4640251305,0.4279247311,0.3867344543,0.3378873880
29640.000000,0.7193643697,0.7184786248,0.7159770721,0.7118101741,0.7059812226,0.6984243083,0.6891824035,0.6782773946,0.6655749503,0.6511631718,0.6349517464,0.6168756666,0.5968953472,0.5748871950,0.5507230738,0.5242092376,0.4950569966,0.4628055522,0.4267493975,0.3855924213,0.3367477772
29700.000000,0.7176566338,0.7167729140,0.7142770732,0.7101196661,0.7043039414,0.6967640819,0.6875428917,0.6766621207,0.6639875957,0.6496070870,0.6334302707,0.6153920081,0.5954524667,0.5734878271,0.5493695644,0.5229033661,0.4937996407,0.4615959862,0.4255837633,0.3844596850,0.3356166363
29760.000000,0.7159488980,0.7150672031,0.7125770743,0.7084291582,0.7026266602,0.6951038555,0.6859033800,0.6750468469,0.6624002410,0.6480510022,0.6319087951,0.6139083497,0.5940095862,0.5720884592,0.5480160549,0.5215974946,0.4925422847,0.4603864202,0.4244181291,0.3833269487,0.3344854955
29820.000000,0.7142540364,0.7133743540,0.7108899019,0.7067514181,0.7009620653,0.6934562108,0.6842763233,0.6734438806,0.6608250252,0.6465068685,0.6303990646,0.6124362136,0.5925779904,0.5707001251,0.5466733177,0.5203021254,0.4912951541,0.4591867943,0.4232621271,0.3822034475,0.3333627642
29880.000000,0.7125591749,0.7116815049,0.7092027294,0.7050736781,0.6992974705,0.6918085661,0.6826492667,0.6718409144,0.6592498095,0.6449627349,0.6288893341,0.6109640775,0.5911463945,0.5693117910,0.5453305804,0.5190067561,0.4900480236,0.4579871684,0.4221061251,0.3810799463,0.3322400329
29940.000000,0.7108770877,0.7100014178,0.7075282839,0.7034086068,0.6976454637,0.6901734056,0.6810345685,0.6702501604,0.6576866386,0.6434304600,0.6273912582,0.6095033750,0.5897259965,0.5679344063,0.5439985336,0.5177218102,0.4888110431,0.4567974112,0.4209596885,0.3799656191,0.3311256512
30000.000000,0.7091950006,0.7083213307,0.7058538384,0.7017435355,0.6959934568,0.6885382450,0.6794198704,0.6686594064,0.6561234677,0.6418981851,0.6258931823,0.6080426725,0.5883055986,0.5665570216,0.5426664868,0.5164368644,0.4875740625,0.4556076540,0.4198132520,0.3788512918,0.3300112695
30060.000000,0.7075255886,0.7066539064,0.7041920210,0.7000910347,0.6943539403,0.6869154717,0.6778174349,0.6670807699,0.6545722483,0.6403776773,0.6244066708,0.6065933154,0.5868963125,0.5651905026,0.5413450493,0.5151622637,0.4863471570,0.4544276943,0.4186763145,0.3777460779,0.3289051779
30120.000000,0.7058561766,0.7049864822,0.7025302035,0.6984385339,0.6927144237,0.6852926984,0.6762149993,0.6655021335,0.6530210290,0.6388571694,0.6229201594,0.6051439583,0.5854870265,0.5638239836,0.5400236119,0.5138876630,0.4851202514,0.4532477346,0.4175393771,0.3766408640,0.3277990863
30180.000000,0.7041993414,0.7033316224,0.7008809162,0.6967985059,0.6910873004,0.6836822162,0.6746247313,0.6639355207,0.6514816686,0.6373483374,0.6214451230,0.6037058592,0.5840887669,0.5624682472,0.5387127031,0.5126233297,0.4839033464,0.4520775019,0.4164118729,0.3755447032,0.3267012259
30240.000000,0.7025425062,0.7016767626,0.6992316288,0.6951584779,0.6894601772,0.6820717340,0.6730344633,0.6623689079,0.6499423082,0.6358395054,0.6199700866,0.6022677600,0.5826905073,0.5611125108,0.5374017943,0.5113589964,0.4826864414,0.4509072692,0.4152843688,0.3744485424,0.3256033655
30300.000000,0.7008981500,0.7000343698,0.6975947740,0.6935308258,0.6878453509,0.6804734474,0.6714562682,0.6608142253,0.6484147148,0.6343422588,0.6185064365,0.6008408319,0.5813031893,0.5597674744,0.5361013342,0.5101048532,0.4814794629,0.4497466932,0.4141662325,0.3733613751,0.3245136779
30360.000000,0.6992537938,0.6983919769,0.6959579193,0.6919031737,0.6862305246,0.6788751608,0.6698780732,0.6592595427,0.6468871213,0.6328450122,0.6170427864,0.5994139038,0.5799158713,0.5584224380,0.5348008741,0.5088507100,0.4802724843,0.4485861173,0.4130480963,0.3722742077,0.3234239902
30420.000000,0.6976218196,0.6967619540,0.6943334006,0.6902878013,0.6846278998,0.6772889750,0.6683118574,0.6577166978,0.6453712035,0.6313592612,0.6155904345,0.5979980603,0.5785394106,0.5570880196,0.5335107831,0.5076066803,0.4790753588,0.4474351284,0.4119392630,0.3711959747,0.3223424175
30480.000000,0.6959898454,0.6951319310,0.6927088819,0.6886724289,0.6830252749,0.6757027893,0.6667456416,0.6561738528,0.6438552857,0.6298735102,0.6141380826,0.5965822169,0.5771629500,0.5557536011,0.5322206921,0.5063626505,0.4778782333,0.4462841396,0.4108304297,0.3701177416,0.3212608447
30540.000000,0.6943701569,0.6935141819,0.6910966033,0.6870692408,0.6814347566,0.6741286103,0.6651913118,0.6546427536,0.6423509529,0.6283991656,0.6126969413,0.5951773725,0.5757972630,0.5544297192,0.5309408912,0.5051286580,0.4766908878,0.4451426686,0.4097308348,0.3690483841,0.3201873293
30600.000000,0.6927504684,0.6918964327,0.6894843247,0.6854660526,0.6798442384,0.6725544313,0.6636369821,0.6531116543,0.6408466201,0.6269248211,0.6112557999,0.5937725281,0.5744315760,0.5531058373,0.5296610903,0.5038946654,0.4755035422,0.4440011977,0.4086312400,0.3679790266,0.3191138140
30660.000000,0.6911429700,0.6902908618,0.6878841909,0.6838749539,0.6782657325,0.6709921657,0.6620944460,0.6515922093,0.6393537822,0.6254617944,0.6098257824,0.5923785977,0.5730765796,0.5517924110,0.5283915011,0.5026706343,0.4743259041,0.4428691758,0.4075408195,0.3669184864,0.3180482992
30720.000000,0.6895354716,0.6886852909,0.6862840571,0.6822838551,0.6766872266,0.6694299001,0.6605519100,0.6500727644,0.6378609444,0.6239987677,0.6083957648,0.5909846672,0.5717215832,0.5504789847,0.5271219119,0.5014466033,0.4731482659,0.4417371540,0.4064503991,0.3658579461,0.3169827843
30780.000000,0.6879400684,0.6870918034,0.6846959736,0.6807047517,0.6751206395,0.6678794552,0.6590210758,0.6485648831,0.6363795121,0.6225469709,0.6069767846,0.5896015662,0.5703771948,0.5491759337,0.5258624565,0.5002324585,0.4719802631,0.4406145129,0.4053690894,0.3648061653,0.3159252135
30840.000000,0.6863446652,0.6854983160,0.6831078902,0.6791256483,0.6735540525,0.6663290102,0.6574902417,0.6470570019,0.6348980799,0.6210951742,0.6055578044,0.5882184652,0.5690328064,0.5478728827,0.5246030010,0.4990183137,0.4708122603,0.4394918718,0.4042877797,0.3637543846,0.3148676428
30900.000000,0.6847612631,0.6839168179,0.6815317632,0.6775584468,0.6719992916,0.6647902939,0.6559710184,0.6455605943,0.6334279646,0.6196545202,0.6041497760,0.5868461097,0.5676989441,0.5465801271,0.5233536019,0.4978139804,0.4696538212,0.4383785436,0.4032155176,0.3627113059,0.3138179601
30960.000000,0.6831778609,0.6823353198,0.6799556362,0.6759912453,0.6704445306,0.6632515776,0.6544517950,0.6440641868,0.6319578493,0.6182138661,0.6027417476,0.5854737542,0.5663650819,0.5452873716,0.5221042028,0.4966096471,0.4684953821,0.4372652154,0.4021432555,0.3616682273,0.3127682775
31020.000000,0.6816063663,0.6807657177,0.6783913725,0.6744358529,0.6689015036,0.6617244986,0.6529440921,0.6425791636,0.6304989628,0.6167842681,0.6013445859,0.5841120609,0.5650416643,0.5440048323,0.5208647831,0.4954150512,0.4673464355,0.4361611326,0.4010799782,0.3606337938,0.3117264275
31080.000000,0.6800348717,0.6791961155,0.6768271088,0.6728804606,0.6673584766,0.6601974195,0.6514363891,0.6410941405,0.6290400763,0.6153546701,0.5999474242,0.5827503676,0.5637182468,0.5427222930,0.5196253634,0.4942204553,0.4661974890,0.4350570498,0.4000167009,0.3595993604,0.3106845775
31140.000000,0.6784751918,0.6776383166,0.6752746160,0.6713367855,0.6658270920,0.6586818871,0.6499401168,0.6396204130,0.6275923312,0.6139360421,0.5985610446,0.5813992538,0.5624051931,0.5414498912,0.5183958468,0.4930355229,0.4650579642,0.4339621454,0.3989623460,0.3585735158,0.3096505053
31200.000000,0.6769155120,0.6760805177,0.6737221232,0.6697931103,0.6642957075,0.6571663546,0.6484438444,0.6381466855,0.6261445860,0.6125174141,0.5971746651,0.5800481400,0.5610921394,0.5401774894,0.5171663302,0.4918505905,0.4639184395,0.4328672410,0.3979079912,0.3575476711,0.3086164330
31260.000000,0.6753675547,0.6745344300,0.6721813094,0.6682610609,0.6627758747,0.6556622787,0.6469589136,0.6366841656,0.6247078955,0.6111096706,0.5957989839,0.5787075235,0.5597893694,0.5389151470,0.5159466408,0.4906752484,0.4627882664,0.4317814484,0.3968624968,0.3565303593,0.3075900839
31320.000000,0.6738195974,0.6729883423,0.6706404957,0.6667290115,0.6612560419,0.6541582027,0.6454739827,0.6352216457,0.6232712049,0.6097019272,0.5944233027,0.5773669070,0.5584865993,0.5376528045,0.5147269514,0.4894999064,0.4616580933,0.4306956558,0.3958170024,0.3555130474,0.3065637348
31380.000000,0.6722832712,0.6714538744,0.6691112699,0.6652084972,0.6597476706,0.6526654939,0.6440003048,0.6337702461,0.6218454827,0.6083049835,0.5930582366,0.5760367062,0.5571940332,0.5364004438,0.5135170139,0.4883340818,0.4605372020,0.4296189088,0.3947803070,0.3545042127,0.3055450550
31440.000000,0.6707469451,0.6699194066,0.6675820441,0.6636879828,0.6582392993,0.6511727851,0.6425266270,0.6323188464,0.6204197605,0.6069080397,0.5916931704,0.5747065055,0.5559014671,0.5351480830,0.5123070763,0.4871682573,0.4594163106,0.4285421618,0.3937436116,0.3534953781,0.3045263751
31500.000000,0.6692221593,0.6683964678,0.6660643158,0.6621789135,0.6567423002,0.6496913548,0.6410641143,0.6308784801,0.6190049211,0.6055218116,0.5903386366,0.5733866395,0.5546190257,0.5339056268,0.5111068157,0.4860118780,0.4583046318,0.4274743947,0.3927156540,0.3524949654,0.3035153109
31560.000000,0.6676973735,0.6668735291,0.6645465875,0.6606698442,0.6552453010,0.6482099244,0.6396016016,0.6294381139,0.6175900817,0.6041355834,0.5889841028,0.5720667734,0.5533365843,0.5326631706,0.5099065551,0.4848554986,0.4571929529,0.4264066276,0.3916876964,0.3514945528,0.3025042467
31620.000000,0.6661840379,0.6653620294,0.6630402669,0.6591721306,0.6537595852,0.6467396844,0.6381501669,0.6280086948,0.6161860401,0.6027599871,0.5876400193,0.5707571617,0.5520641891,0.5314305423,0.5087158972,0.4837084927,0.4560904175,0.4253477750,0.3906684158,0.3505025075,0.3015007451
31680.000000,0.6646707024,0.6638505298,0.6615339463,0.6576744170,0.6522738693,0.6452694443,0.6366987321,0.6265792758,0.6147819985,0.6013843909,0.5862959357,0.5694475500,0.5507917938,0.5301979141,0.5075252392,0.4825614867,0.4549878822,0.4242889224,0.3896491353,0.3495104622,0.3004972435
31740.000000,0.6631687276,0.6623503799,0.6600389443,0.6561879703,0.6507993486,0.6438103072,0.6352582888,0.6251607185,0.6133886704,0.6000193435,0.5849622209,0.5681481126,0.5495293667,0.5289750377,0.5063441100,0.4814237828,0.4538944219,0.4232389193,0.3886384715,0.3485267299,0.2995012519
31800.000000,0.6616667529,0.6608502300,0.6585439423,0.6547015236,0.6493248278,0.6423511700,0.6338178455,0.6237421612,0.6119953423,0.5986542961,0.5836285061,0.5668486753,0.5482669395,0.5277521614,0.5051629808,0.4802860788,0.4528009616,0.4221889163,0.3876278076,0.3475429976,0.2985052602
31860.000000,0.6601760501,0.6593613411,0.6570601705,0.6532262557,0.6478614147,0.6409030490,0.6323883076,0.6223343807,0.6106126440,0.5972997153,0.5823050790,0.5655593330,0.5470144028,0.5265389613,0.5039913069,0.4791576059,0.4517165083,0.4211476982,0.3866257005,0.3465675245,0.2975167265
31920.000000,0.6586853474,0.6578724523,0.6555763986,0.6517509879,0.6463980016,0.6394549279,0.6309587698,0.6209266002,0.6092299456,0.5959451344,0.5809816519,0.5642699907,0.5457618661,0.5253257613,0.5028196331,0.4780291330,0.4506320550,0.4201064802,0.3856235934,0.3455920513,0.2965281928
31980.000000,0.6572058285,0.6563947364,0.6541037690,0.6502868115,0.6449456092,0.6380177368,0.6295400521,0.6195295122,0.6078577938,0.5946009381,0.5796684322,0.5629906647,0.5445191430,0.5241221625,0.5016573417,0.4769098208,0.4495565411,0.4190739831,0.3846299835,0.3446247838,0.2955470652
32040.000000,0.6557263096,0.6549170205,0.6526311395,0.6488226351,0.6434932168,0.6365805457,0.6281213344,0.6181324242,0.6064856420,0.5932567419,0.5783552125,0.5617113387,0.5432764199,0.5229185637,0.5004950503,0.4757905085,0.4484810272,0.4180414859,0.3836363735,0.3436575162,0.2945659377
32100.000000,0.6542578870,0.6534503902,0.6511695651,0.6473694633,0.6420517589,0.6351541989,0.6267133522,0.6167459450,0.6051239542,0.5919228490,0.5770521204,0.5604419508,0.5420434337,0.5217244916,0.4993420690,0.4746802869,0.4474143855,0.4170176459,0.3826512015,0.3426984012,0.2935921651
32160.000000,0.6527894645,0.6519837599,0.6497079906,0.6459162916,0.6406103010,0.6337278521,0.6253053699,0.6153594658,0.6037622665,0.5905889561,0.5757490283,0.5591725629,0.5408104476,0.5205304195,0.4981890877,0.4735700653,0.4463477438,0.4159938059,0.3816660295,0.3417392862,0.2926183926
32220.000000,0.6513320515,0.6505281283,0.6482573848,0.6444740383,0.6391796919,0.6323122648,0.6239080391,0.6139835122,0.6024109608,0.5892652859,0.5744559844,0.5579130354,0.5395871226,0.5193458001,0.4970453445,0.4724688647,0.4452899076,0.4149785597,0.3806892365,0.3407882711,0.2916519242
32280.000000,0.6498746385,0.6490724968,0.6468067790,0.6430317850,0.6377490829,0.6308966775,0.6225107082,0.6126075587,0.6010596551,0.5879416158,0.5731629406,0.5566535078,0.5383637976,0.5181611807,0.4959016013,0.4713676641,0.4442320713,0.4139633134,0.3797124436,0.3398372559,0.2906854559
32340.000000,0.6484281487,0.6476277779,0.6453670558,0.6416003647,0.6363292377,0.6294917654,0.6211239453,0.6112420484,0.5997186501,0.5866280882,0.5718798664,0.5554037636,0.5371500583,0.5169859404,0.4947670247,0.4702754155,0.4431829740,0.4129565980,0.3787439712,0.3388942883,0.2897262416
32400.000000,0.6469816590,0.6461830591,0.6439273327,0.6401689445,0.6349093926,0.6280868532,0.6197371823,0.6098765381,0.5983776452,0.5853145606,0.5705967921,0.5541540193,0.5359363189,0.5158107001,0.4936324482,0.4691831670,0.4421338768,0.4119498825,0.3777754988,0.3379513207,0.2887670272
32460.000000,0.6455460070,0.6447491674,0.6424984070,0.6387482723,0.6335002270,0.6266925325,0.6183609045,0.6085213890,0.5970468601,0.5840110961,0.5693236094,0.5529139816,0.5347320903,0.5146447658,0.4925069673,0.4680998016,0.4410934527,0.4109516353,0.3768152889,0.3370163487,0.2878150169
32520.000000,0.6441103550,0.6433152757,0.6410694812,0.6373276001,0.6320910613,0.6252982118,0.6169846266,0.6071662400,0.5957160751,0.5827076316,0.5680504266,0.5516739440,0.5335278617,0.5134788316,0.4913814865,0.4670164363,0.4400530286,0.4099533881,0.3758550790,0.3360813767,0.2868630066
32580.000000,0.6426854558,0.6418921263,0.6396512683,0.6359175917,0.6306924915,0.6239143995,0.6156187515,0.6058213710,0.5943954298,0.5814141512,0.5667870578,0.5504435370,0.5323330694,0.5123221308,0.4902650307,0.4659418861,0.4390212120,0.4089635468,0.3749030738,0.3351543487,0.2859181510
32640.000000,0.6412605566,0.6404689769,0.6382330553,0.6345075833,0.6292939216,0.6225305872,0.6142528764,0.6044765020,0.5930747844,0.5801206707,0.5655236889,0.5492131299,0.5311382772,0.5111654301,0.4891485750,0.4648673359,0.4379893954,0.4079737055,0.3739510686,0.3342273208,0.2849732954
32700.000000,0.6398463258,0.6390564855,0.6368254711,0.6331081551,0.6279058644,0.6211572008,0.6128973224,0.6031418323,0.5917641992,0.5788370960,0.5642700569,0.5479922779,0.5299528474,0.5100178908,0.4880410744,0.4638015329,0.4369661213,0.4069922084,0.3730072106,0.3333081857,0.2840355455
32760.000000,0.6384320950,0.6376439942,0.6354178870,0.6317087268,0.6265178072,0.6197838145,0.6115417685,0.6018071625,0.5904536140,0.5775535213,0.5630164248,0.5467714259,0.5287674176,0.5088703515,0.4869335738,0.4627357300,0.4359428471,0.4060107113,0.3720633526,0.3323890506,0.2830977957
32820.000000,0.6370284490,0.6362420773,0.6340208481,0.6303197957,0.6251401801,0.6184207721,0.6101964546,0.6004826119,0.5891530098,0.5762797744,0.5617724531,0.5455600539,0.5275912769,0.5077319020,0.4858349586,0.4616786069,0.4349280507,0.4050374968,0.3711275848,0.3314777576,0.2821671030
32880.000000,0.6356248029,0.6348401603,0.6326238093,0.6289308647,0.6237625530,0.6170577298,0.6088511406,0.5991580614,0.5878524056,0.5750060275,0.5605284814,0.5443486820,0.5264151362,0.5065934525,0.4847363434,0.4606214839,0.4339132542,0.4040642823,0.3701918169,0.3305664646,0.2812364104
32940.000000,0.6342316585,0.6334487348,0.6312372330,0.6275523482,0.6223952741,0.6157049502,0.6075159863,0.5978435504,0.5865617040,0.5737420312,0.5592940941,0.5431467155,0.5252482117,0.5054640218,0.4836465446,0.4595729738,0.4329068711,0.4030992894,0.3692640825,0.3296629632,0.2803127268
33000.000000,0.6328385141,0.6320573093,0.6298506567,0.6261738318,0.6210279951,0.6143521707,0.6061808320,0.5965290394,0.5852710023,0.5724780349,0.5580597068,0.5419447491,0.5240812872,0.5043345911,0.4825567458,0.4585244638,0.4319004880,0.4021342964,0.3683363481,0.3287594618,0.2793890433
33060.000000,0.6314557889,0.6306762928,0.6284744608,0.6248056483,0.6196709831,0.6130095732,0.6048557573,0.5952244890,0.5839901253,0.5712237124,0.5568348285,0.5407521143,0.5229235066,0.5032141084,0.4814756946,0.4574845002,0.4309024542,0.4011774642,0.3674165907,0.3278637020,0.2784723213
33120.000000,0.6300730637,0.6292952763,0.6270982648,0.6234374648,0.6183139710,0.6116669757,0.6035306827,0.5939199386,0.5827092483,0.5699693899,0.5556099501,0.5395594794,0.5217657259,0.5020936258,0.4803946435,0.4564445366,0.4299044205,0.4002206320,0.3664968333,0.3269679421,0.2775555992
33180.000000,0.6287006758,0.6279245870,0.6257323677,0.6220795329,0.6169671451,0.6103344803,0.6022156084,0.5926252704,0.5814381186,0.5687246650,0.5543945058,0.5383761027,0.5206170172,0.5009820211,0.4793222717,0.4554130534,0.4289146726,0.3992719002,0.3655849967,0.3260798740,0.2766457915
33240.000000,0.6273282879,0.6265538978,0.6243664706,0.6207216010,0.6156203192,0.6090019848,0.6009005341,0.5913306022,0.5801669888,0.5674799401,0.5531790616,0.5371927259,0.5194683085,0.4998704165,0.4782498999,0.4543815702,0.4279249247,0.3983231684,0.3646731602,0.3251918058,0.2757359837
33300.000000,0.6259661561,0.6251934545,0.6230107913,0.6193738401,0.6142835992,0.6076795119,0.5995953815,0.5900457384,0.5789055295,0.5662447372,0.5519729770,0.5360185343,0.5183286003,0.4987676200,0.4771861397,0.4533585017,0.4269433994,0.3973824768,0.3637691888,0.3243113800,0.2748330434
33360.000000,0.6246040242,0.6238330113,0.6216551120,0.6180260793,0.6129468793,0.6063570389,0.5982902288,0.5887608746,0.5776440702,0.5650095343,0.5507668924,0.5348443428,0.5171888921,0.4976648236,0.4761223795,0.4523354332,0.4259618741,0.3964417853,0.3628652174,0.3234309542,0.2739301031
33420.000000,0.6232520677,0.6224827334,0.6203095701,0.6166884094,0.6116201858,0.6050445096,0.5969949196,0.5874857379,0.5763922051,0.5637837782,0.5495700937,0.5336792639,0.5160581136,0.4965707662,0.4750671635,0.4513207142,0.4249885087,0.3955090743,0.3619690557,0.3225581217,0.2730339840
33480.000000,0.6219001112,0.6211324556,0.6189640282,0.6153507395,0.6102934923,0.6037319802,0.5956996104,0.5862106011,0.5751403399,0.5625580221,0.5483732950,0.5325141851,0.5149273351,0.4954767089,0.4740119476,0.4503059951,0.4240151432,0.3945763634,0.3610728940,0.3216852892,0.2721378648
33540.000000,0.6205582500,0.6197922632,0.6176285439,0.6140230812,0.6089767463,0.6024293160,0.5944140671,0.5849451148,0.5738979933,0.5613416384,0.5471857088,0.5313581471,0.5138054158,0.4943913218,0.4729652090,0.4492995607,0.4230498752,0.3936515736,0.3601844868,0.3208200011,0.2712485208
33600.000000,0.6192163888,0.6184520708,0.6162930597,0.6126954228,0.6076600003,0.6011266519,0.5931285238,0.5836796284,0.5726556467,0.5601252546,0.5459981226,0.5302021090,0.5126834965,0.4933059347,0.4719184703,0.4482931262,0.4220846072,0.3927267839,0.3592960797,0.3199547131,0.2703591769
33660.000000,0.6178845434,0.6171218845,0.6149675539,0.6113776971,0.6063531234,0.5998337752,0.5918526693,0.5824237162,0.5714227434,0.5589181690,0.5448196762,0.5290550404,0.5115703666,0.4922291496,0.4708801425,0.4472949119,0.4211273745,0.3918098563,0.3584153722,0.3190969211,0.2694765626
33720.000000,0.6165526980,0.6157916981,0.6136420480,0.6100599715,0.6050462465,0.5985408985,0.5905768148,0.5811678040,0.5701898400,0.5577110835,0.5436412297,0.5279079717,0.5104572366,0.4911523645,0.4698418147,0.4462966976,0.4201701419,0.3908929287,0.3575346647,0.3182391291,0.2685939483
33780.000000,0.6152307896,0.6144714389,0.6123264420,0.6087521002,0.6037491608,0.5972577320,0.5893105726,0.5799213904,0.5689663054,0.5565132227,0.5424718508,0.5267698014,0.5093528264,0.4900841136,0.4688118317,0.4453066395,0.4192208829,0.3899838046,0.3566616024,0.3173887851,0.2677180185
33840.000000,0.6139088811,0.6131511798,0.6110108360,0.6074442289,0.6024520752,0.5959745656,0.5880443305,0.5786749768,0.5677427708,0.5553153618,0.5413024718,0.5256316312,0.5082484163,0.4890158626,0.4677818486,0.4443165813,0.4182716239,0.3890746805,0.3557885401,0.3165384410,0.2668420888
33900.000000,0.6125968312,0.6118407695,0.6097050517,0.6061461343,0.6011647036,0.5947010327,0.5867876248,0.5774379867,0.5665285308,0.5541266527,0.5401420885,0.5245022890,0.5071526570,0.4879560784,0.4667601448,0.4433346156,0.4173302773,0.3881733015,0.3549230687,0.3156954972,0.2659727989
33960.000000,0.6112847813,0.6105303593,0.6083992675,0.6048480397,0.5998773320,0.5934274999,0.5855309191,0.5762009966,0.5653142907,0.5529379436,0.5389817052,0.5233729467,0.5060568977,0.4868962943,0.4657384409,0.4423526499,0.4163889307,0.3872719225,0.3540575974,0.3148525533,0.2651035090
34020.000000,0.6099825123,0.6092297204,0.6071032275,0.6035596446,0.5985995977,0.5921635246,0.5842836744,0.5749733555,0.5641092718,0.5517583138,0.5378302463,0.5222523625,0.5049697208,0.4858449099,0.4647249510,0.4413787134,0.4154554356,0.3863782306,0.3531996630,0.3140169620,0.2642408147
34080.000000,0.6086802433,0.6079290814,0.6058071876,0.6022712495,0.5973218634,0.5908995492,0.5830364298,0.5737457144,0.5629042528,0.5505786839,0.5366787874,0.5211317783,0.5038825439,0.4847935256,0.4637114610,0.4404047769,0.4145219404,0.3854845387,0.3523417286,0.3131813708,0.2633781204
34140.000000,0.6073876779,0.6066381366,0.6045208150,0.6009924774,0.5960536904,0.5896450559,0.5817985715,0.5725273484,0.5617083818,0.5494080614,0.5355361821,0.5200198826,0.5028038812,0.4837504746,0.4627061203,0.4394388068,0.4135962361,0.3845984761,0.3514912775,0.3123530849,0.2625219778
34200.000000,0.6060951126,0.6053471919,0.6032344424,0.5997137053,0.5947855174,0.5883905625,0.5805607131,0.5713089823,0.5605125109,0.5482374388,0.5343935769,0.5189079870,0.5017252186,0.4827074236,0.4617007795,0.4384728368,0.4126705318,0.3837124135,0.3506408265,0.3115247991,0.2616658352
34260.000000,0.6048121744,0.6040658648,0.6019576609,0.5984444802,0.5935268301,0.5871454762,0.5793321667,0.5700998177,0.5593257154,0.5470757521,0.5332597550,0.5178047110,0.5006550027,0.4816726399,0.4607035236,0.4375147706,0.4117525581,0.3828339228,0.3497978054,0.3107037718,0.2608162008
34320.000000,0.6035292361,0.6027845377,0.6006808794,0.5971752551,0.5922681428,0.5859003899,0.5781036204,0.5688906532,0.5581389200,0.5459140654,0.5321259331,0.5167014349,0.4995847868,0.4806378562,0.4597062677,0.4365567044,0.4108345844,0.3819554322,0.3489547843,0.3098827445,0.2599665664
34380.000000,0.6022558490,0.6015127523,0.5994136132,0.5959155014,0.5910188662,0.5846646362,0.5768843123,0.5676906174,0.5569611281,0.5447612437,0.5310008248,0.5156067099,0.4985229505,0.4796112742,0.4587170327,0.4356064801,0.4099242814,0.3810844564,0.3481191401,0.3090689290,0.2591233972
34440.000000,0.6009824618,0.6002409669,0.5981463470,0.5946557478,0.5897695895,0.5834288825,0.5756650042,0.5664905815,0.5557833362,0.5436084219,0.5298757165,0.5145119850,0.4974611142,0.4785846922,0.4577277976,0.4346562558,0.4090139784,0.3802134806,0.3472834958,0.3082551136,0.2582802280
34500.000000,0.5997185502,0.5989786478,0.5968885209,0.5934053908,0.5885296491,0.5822023875,0.5744548612,0.5652996019,0.5546144764,0.5424643946,0.5287592525,0.5134257431,0.4964075909,0.4775662467,0.4567465200,0.4337138117,0.4081112867,0.3793499628,0.3464551757,0.3074484636,0.2574434812
34560.000000,0.5984546387,0.5977163287,0.5956306948,0.5921550339,0.5872897087,0.5809758925,0.5732447181,0.5641086223,0.5534456166,0.5413203673,0.5276427885,0.5123395012,0.4953540675,0.4765478012,0.4557652423,0.4327713675,0.4072085949,0.3784864451,0.3456268555,0.3066418137,0.2566067345
34620.000000,0.5972001278,0.5964634010,0.5943822342,0.5909139992,0.5860590307,0.5797585828,0.5720436676,0.5629266271,0.5522856179,0.5401850647,0.5265349001,0.5112616748,0.4943087910,0.4755374276,0.4547918589,0.4318366422,0.4063134552,0.3776303290,0.3448058068,0.3058422832,0.2557763679
34680.000000,0.5959456169,0.5952104734,0.5931337735,0.5896729645,0.5848283527,0.5785412732,0.5708426170,0.5617446319,0.5511256192,0.5390497620,0.5254270116,0.5101838484,0.4932635144,0.4745270539,0.4538184754,0.4309019170,0.4054183155,0.3767742129,0.3439847581,0.3050427527,0.2549460013
34740.000000,0.5947004324,0.5939668629,0.5918946041,0.5884411783,0.5836068636,0.5773330762,0.5696505867,0.5605715498,0.5499744113,0.5379231144,0.5243276304,0.5091143705,0.4922264188,0.4735246877,0.4528529235,0.4299748496,0.4045306689,0.3759254422,0.3431709286,0.3042502958,0.2541219729
34800.000000,0.5934552478,0.5927232524,0.5906554348,0.5872093921,0.5823853745,0.5761248791,0.5684585564,0.5593984677,0.5488232033,0.5367964669,0.5232282491,0.5080448926,0.4911893232,0.4725223216,0.4518873716,0.4290477823,0.4036430224,0.3750766715,0.3423570991,0.3034578390,0.2532979446
34860.000000,0.5922193158,0.5914888853,0.5894254832,0.5859867811,0.5811730016,0.5749257224,0.5672754748,0.5582342278,0.5476807161,0.5356784055,0.5221373073,0.5069836964,0.4901603434,0.4715278991,0.4509295890,0.4281283123,0.4027628106,0.3742351903,0.3415504367,0.3026724101,0.2524802130
34920.000000,0.5909833838,0.5902545183,0.5881955317,0.5847641702,0.5799606287,0.5737265657,0.5660923932,0.5570699879,0.5465382289,0.5345603442,0.5210463654,0.5059225003,0.4891313635,0.4705334765,0.4499718063,0.4272088424,0.4018825987,0.3733937092,0.3407437744,0.3018869813,0.2516624815
34980.000000,0.5897566310,0.5890293215,0.5869747249,0.5835506618,0.5787572997,0.5725363775,0.5649181893,0.5559145200,0.5454043931,0.5334508007,0.5199637956,0.5048695199,0.4881104345,0.4695469342,0.4490217310,0.4262969096,0.4010097635,0.3725594621,0.3399442274,0.3011085352,0.2508510055
35040.000000,0.5885298783,0.5878041246,0.5857539181,0.5823371534,0.5775539707,0.5713461894,0.5637439853,0.5547590521,0.5442705573,0.5323412572,0.5188812258,0.5038165394,0.4870895055,0.4685603919,0.4480716556,0.4253849769,0.4001369282,0.3717252150,0.3391446805,0.3003300891,0.2500395295
35100.000000,0.5873122321,0.5865880254,0.5845421836,0.5811326754,0.5763596139,0.5701648986,0.5625785884,0.5536122863,0.5431453039,0.5312401635,0.5178069612,0.5027717090,0.4860765630,0.4675816667,0.4471292261,0.4244805216,0.3992714116,0.3708981466,0.3383521974,0.2995585807,0.2492342684
35160.000000,0.5860945859,0.5853719261,0.5833304492,0.5799281974,0.5751652570,0.5689836078,0.5614131915,0.5524655206,0.5420200505,0.5301390699,0.5167326966,0.5017268785,0.4850636204,0.4666029415,0.4461867966,0.4235760663,0.3984058951,0.3700710782,0.3375597143,0.2987870723,0.2484290073
35220.000000,0.5848859740,0.5841648524,0.5821277150,0.5787326781,0.5739798011,0.5678111438,0.5602565317,0.5513273877,0.5409033112,0.5290463586,0.5156666708,0.5006901328,0.4840586004,0.4656319710,0.4452519519,0.4226790289,0.3975476398,0.3692511336,0.3367742438,0.2980224568,0.2476299207
35280.000000,0.5836773622,0.5829577786,0.5809249809,0.5775371589,0.5727943451,0.5666386797,0.5590998718,0.5501892548,0.5397865718,0.5279536473,0.5146006451,0.4996533871,0.4830535803,0.4646610004,0.4443171071,0.4217819915,0.3966893845,0.3684311890,0.3359887733,0.2972578412,0.2468308341
35340.000000,0.5824777131,0.5817596587,0.5797311758,0.5763505273,0.5716177194,0.5654749721,0.5579518795,0.5490596860,0.5386782785,0.5268692515,0.5135427921,0.4986246614,0.4820564192,0.4636977222,0.4433897863,0.4208923131,0.3958383333,0.3676183134,0.3352102644,0.2965000740,0.2460378819
35400.000000,0.5812780640,0.5805615388,0.5785373706,0.5751638956,0.5704410937,0.5643112645,0.5568038871,0.5479301172,0.5375699853,0.5257848556,0.5124849392,0.4975959357,0.4810592581,0.4627344440,0.4424624655,0.4200026346,0.3949872821,0.3668054379,0.3344317555,0.2957423067,0.2452449298
35460.000000,0.5800873065,0.5793723018,0.5773524236,0.5739860811,0.5692732280,0.5631562439,0.5556644933,0.5468090442,0.5364700707,0.5247087087,0.5114351937,0.4965751657,0.4800698928,0.4617787964,0.4415426084,0.4191202564,0.3941433782,0.3659995770,0.3336601573,0.2949913433,0.2444580724
35520.000000,0.5788965490,0.5781830647,0.5761674765,0.5728082665,0.5681053624,0.5620012232,0.5545250995,0.5456879712,0.5353701561,0.5236325618,0.5103854482,0.4955543956,0.4790805276,0.4608231488,0.4406227514,0.4182378781,0.3932994742,0.3651937161,0.3328885591,0.2942403799,0.2436712151
35580.000000,0.5777146126,0.5770026400,0.5749913172,0.5716391990,0.5669461871,0.5608548202,0.5533942356,0.5445753262,0.5342785532,0.5225645978,0.5093437451,0.4945415174,0.4780988955,0.4598750706,0.4397102980,0.4173627417,0.3924626611,0.3643948157,0.3321238211,0.2934961763,0.2428904133
35640.000000,0.5765326762,0.5758222152,0.5738151579,0.5704701314,0.5657870118,0.5597084172,0.5522633717,0.5434626813,0.5331869503,0.5214966338,0.5083020421,0.4935286391,0.4771172635,0.4589269923,0.4387978447,0.4164876052,0.3916258479,0.3635959153,0.3313590832,0.2927519727,0.2421096115
35700.000000,0.5753594907,0.5746505328,0.5726477165,0.5693097413,0.5646364578,0.5585705634,0.5511409698,0.5423583971,0.5321035927,0.5204367872,0.5072683169,0.4925235893,0.4761433024,0.4579864223,0.4378927356,0.4156196526,0.3907960693,0.3628039216,0.3306011551,0.2920144849,0.2413348263
35760.000000,0.5741863052,0.5734788504,0.5714802752,0.5681493513,0.5634859038,0.5574327096,0.5500185680,0.5412541128,0.5310202350,0.5193769405,0.5062345918,0.4915185394,0.4751693413,0.4570458523,0.4369876265,0.4147517001,0.3899662907,0.3620119279,0.3298432269,0.2912769971,0.2405600412
35820.000000,0.5730218012,0.5723158409,0.5703214824,0.5669975696,0.5623439025,0.5563033367,0.5489045605,0.5401581226,0.5299450567,0.5183251462,0.5052087804,0.4905212549,0.4742029894,0.4561127301,0.4360898025,0.4138908737,0.3891434909,0.3612267874,0.3290920586,0.2905461814,0.2397912341
35880.000000,0.5718572972,0.5711528313,0.5691626896,0.5658457880,0.5612019011,0.5551739638,0.5477905531,0.5390621323,0.5288698783,0.5172733519,0.5041829691,0.4895239704,0.4732366374,0.4551796079,0.4351919784,0.4130300473,0.3883206910,0.3604416468,0.3283408902,0.2898153657,0.2390224269
35940.000000,0.5707014056,0.5699984256,0.5680124767,0.5647025463,0.5600683842,0.5540530043,0.5466848731,0.5379743697,0.5278028137,0.5162295453,0.5031650080,0.4885343888,0.4722778333,0.4542538734,0.4343013806,0.4121762899,0.3875048144,0.3596633060,0.3275964317,0.2890911786,0.2382595597
36000.000000,0.5695455140,0.5688440199,0.5668622638,0.5635593046,0.5589348674,0.5529320449,0.5455791932,0.5368866070,0.5267357491,0.5151857386,0.5021470469,0.4875448071,0.4713190291,0.4533281389,0.4334107828,0.4113225324,0.3866889377,0.3588849653,0.3268519733,0.2883669916,0.2374966924
36060.000000,0.5683981663,0.5676981497,0.5657205624,0.5624245348,0.5578097674,0.5518194316,0.5444817741,0.5358070062,0.5256767333,0.5141498556,0.5011368728,0.4865628662,0.4703677118,0.4524097323,0.4325273529,0.4104757869,0.3858799290,0.3581133713,0.3261141750,0.2876493897,0.2367397271
36120.000000,0.5672508186,0.5665522794,0.5645788610,0.5612897650,0.5566846674,0.5507068184,0.5433843551,0.5347274054,0.5246177175,0.5131139725,0.5001266988,0.4855809253,0.4694163945,0.4514913257,0.4316439230,0.4096290415,0.3850709203,0.3573417773,0.3253763767,0.2869317879,0.2359827618
36180.000000,0.5661119469,0.5654148767,0.5634456034,0.5601633997,0.5555679173,0.5496024848,0.5422951309,0.5336559010,0.5235666858,0.5120859493,0.4991242491,0.4846065635,0.4684725034,0.4505801877,0.4307676029,0.4087892514,0.3842687246,0.3565768774,0.3246451892,0.2862207282,0.2352316610
36240.000000,0.5649730751,0.5642774739,0.5623123458,0.5590370344,0.5544511671,0.5484981511,0.5412059068,0.5325843967,0.5225156542,0.5110579261,0.4981217993,0.4836322017,0.4675286124,0.4496690497,0.4298912828,0.4079494614,0.3834665290,0.3558119774,0.3239140017,0.2855096685,0.2344805602
36300.000000,0.5638426117,0.5631484712,0.5611874647,0.5579190065,0.5533427001,0.5474020310,0.5401248120,0.5315209239,0.5214725426,0.5100376996,0.4971270117,0.4826653577,0.4665920875,0.4487651213,0.4290220149,0.4071165705,0.3826710917,0.3550537191,0.3231893757,0.2848051080,0.2337352866
36360.000000,0.5627121484,0.5620194685,0.5600625836,0.5568009786,0.5522342331,0.5463059109,0.5390437172,0.5304574512,0.5204294311,0.5090174731,0.4961322240,0.4816985137,0.4656555626,0.4478611929,0.4281527470,0.4062836796,0.3818756545,0.3542954607,0.3224647497,0.2841005475,0.2329900131
36420.000000,0.5615900265,0.5608987990,0.5589460122,0.5556912217,0.5511339831,0.5452179386,0.5379706867,0.5294019456,0.5193941760,0.5080049804,0.4951450366,0.4807391268,0.4647263441,0.4469644157,0.4272904740,0.4054576320,0.3810869214,0.3535437916,0.3217466362,0.2834024434,0.2322505300
36480.000000,0.5604679046,0.5597781294,0.5578294408,0.5545814647,0.5500337331,0.5441299663,0.5368976562,0.5283464401,0.5183589209,0.5069924878,0.4941578492,0.4797797398,0.4637971256,0.4460676385,0.4264282011,0.4046315844,0.3802981884,0.3527921225,0.3210285227,0.2827043392,0.2315110470
36540.000000,0.5593540576,0.5586657266,0.5567211129,0.5534799127,0.5489416345,0.5430500767,0.5358326254,0.5272988379,0.5173314592,0.5059876668,0.4931782007,0.4788277495,0.4628751543,0.4451779542,0.4255728661,0.4038123245,0.3795161055,0.3520469907,0.3203168728,0.2820126489,0.2307773178
36600.000000,0.5582402107,0.5575533237,0.5556127850,0.5523783607,0.5478495360,0.5419701871,0.5347675946,0.5262512356,0.5163039975,0.5049828457,0.4921985522,0.4778757592,0.4619531830,0.4442882699,0.4247175311,0.4029930646,0.3787340225,0.3513018590,0.3196052230,0.2813209586,0.2300435887
36660.000000,0.5571345727,0.5564491217,0.5545126348,0.5512849481,0.5467655237,0.5408983155,0.5337104994,0.5252114732,0.5152842664,0.5039856344,0.4912263816,0.4769311056,0.4610383999,0.4434056208,0.4238690775,0.4021805372,0.3779585361,0.3505632129,0.3188999882,0.2806356396,0.2293155774
36720.000000,0.5560289347,0.5553449196,0.5534124846,0.5501915355,0.5456815114,0.5398264440,0.5326534042,0.5241717109,0.5142645353,0.5029884231,0.4902542109,0.4759864520,0.4601236168,0.4425229717,0.4230206240,0.4013680097,0.3771830497,0.3498245668,0.3181947534,0.2799503206,0.2285875660
36780.000000,0.5549314401,0.5542488529,0.5523204468,0.5491061973,0.5446055206,0.5387625262,0.5316041809,0.5231397253,0.5132524726,0.5019987601,0.4892894577,0.4750490756,0.4592159635,0.4416473005,0.4221789957,0.4005621600,0.3764141063,0.3490923548,0.3174958852,0.2792713307,0.2278652366
36840.000000,0.5538339456,0.5531527861,0.5512284091,0.5480208592,0.5435295299,0.5376986084,0.5305549577,0.5221077398,0.5122404099,0.5010090971,0.4883247045,0.4741116992,0.4583083101,0.4407716293,0.4213373674,0.3997563102,0.3756451630,0.3483601429,0.3167970170,0.2785923408,0.2271429071
36900.000000,0.5527445295,0.5520647897,0.5501444189,0.5469435308,0.5424614967,0.5366425808,0.5295135433,0.5210834687,0.5112359538,0.5000269214,0.4873673086,0.4731815408,0.4574077285,0.4399028789,0.4205025086,0.3989570835,0.3748827096,0.3476343140,0.3161044672,0.2779196379,0.2264262241
36960.000000,0.5516551134,0.5509767934,0.5490604287,0.5458662025,0.5413934634,0.5355865531,0.5284721288,0.5200591975,0.5102314977,0.4990447457,0.4864099127,0.4722513824,0.4565071468,0.4390341285,0.4196676498,0.3981578567,0.3741202563,0.3469084850,0.3154119173,0.2772469349,0.2257095410
37020.000000,0.5505737113,0.5498968029,0.5479844218,0.5447968200,0.5403333238,0.5345383523,0.5274384605,0.5190425786,0.5092345869,0.4980699969,0.4854598145,0.4713283834,0.4556135791,0.4381722423,0.4188395050,0.3973651989,0.3733642402,0.3461889881,0.3147256378,0.2765804769,0.2249984692
37080.000000,0.5494923092,0.5488168125,0.5469084149,0.5437274375,0.5392731842,0.5334901515,0.5264047921,0.5180259597,0.5082376760,0.4970952480,0.4845097163,0.4704053844,0.4547200114,0.4373103561,0.4180113602,0.3965725411,0.3726082241,0.3454694911,0.3140393584,0.2759140189,0.2242873973
37140.000000,0.5484188569,0.5477447639,0.5458403275,0.5426659373,0.5382208752,0.5324497148,0.5253788076,0.5170169315,0.5072482496,0.4961278659,0.4835668566,0.4694894864,0.4538334005,0.4364552780,0.4171898742,0.3957863982,0.3718585927,0.3447562755,0.3133593013,0.2752537640,0.2235819017
37200.000000,0.5473454047,0.5466727154,0.5447722401,0.5416044370,0.5371685661,0.5314092780,0.5243528232,0.5160079033,0.5062588232,0.4951604838,0.4826239968,0.4685735885,0.4529467895,0.4356001999,0.4163683883,0.3950002553,0.3711089613,0.3440430599,0.3126792443,0.2745935092,0.2228764062
37260.000000,0.5462798388,0.5456085453,0.5437120089,0.5405507559,0.5361240248,0.5303765430,0.5233344608,0.5150064046,0.5052768207,0.4942004087,0.4816883167,0.4676647337,0.4520670784,0.4347518739,0.4155535066,0.3942205739,0.3703656625,0.3433360752,0.3120053621,0.2739394157,0.2221764523
37320.000000,0.5452142728,0.5445443752,0.5426517776,0.5394970747,0.5350794834,0.5293438081,0.5223160984,0.5140049060,0.5042948182,0.4932403337,0.4807526366,0.4667558790,0.4511873672,0.4339035479,0.4147386248,0.3934408925,0.3696223637,0.3426290905,0.3113314799,0.2732853222,0.2214764984
37380.000000,0.5441565302,0.5434880205,0.5415993395,0.5384511501,0.5340426475,0.5283187130,0.5213052968,0.5130108761,0.5033201797,0.4922875065,0.4798240778,0.4658540100,0.4503144994,0.4330619186,0.4139302928,0.3926676193,0.3688853455,0.3419282864,0.3106637251,0.2726373486,0.2207820519
37440.000000,0.5430987875,0.5424316658,0.5405469015,0.5374052254,0.5330058117,0.5272936180,0.5202944952,0.5120168463,0.5023455411,0.4913346792,0.4788955190,0.4649521409,0.4494416315,0.4322202894,0.4131219608,0.3918943461,0.3681483273,0.3412274823,0.3099959702,0.2719893749,0.2200876054
37500.000000,0.5420488055,0.5413830639,0.5395021942,0.5363669951,0.5319766194,0.5262761014,0.5192911934,0.5110302250,0.5013782070,0.4903890411,0.4779740236,0.4640572006,0.4485755509,0.4313853017,0.4123201245,0.3911274282,0.3674175381,0.3405328090,0.3093342953,0.2713474796,0.2193986323
37560.000000,0.5409988235,0.5403344620,0.5384574870,0.5353287648,0.5309474271,0.5252585849,0.5182878917,0.5100436037,0.5004108728,0.4894434029,0.4770525281,0.4631622603,0.4477094703,0.4305503140,0.4115182883,0.3903605103,0.3666867490,0.3398381356,0.3086726205,0.2707055844,0.2187096592
37620.000000,0.5399565400,0.5392935509,0.5374204487,0.5342981671,0.5299258171,0.5242485860,0.5172920296,0.5090643312,0.4994507840,0.4885048954,0.4761380384,0.4622741919,0.4468501212,0.4297219132,0.4107228941,0.3895998952,0.3659621375,0.3391495433,0.3080169785,0.2700697261,0.2180261259
37680.000000,0.5389142565,0.5382526398,0.5363834104,0.5332675695,0.5289042071,0.5232385871,0.5162961674,0.5080850587,0.4984906951,0.4875663879,0.4752235487,0.4613861236,0.4459907721,0.4288935124,0.4099274999,0.3888392800,0.3652375261,0.3384609509,0.3073613366,0.2694338679,0.2173425925
37740.000000,0.5378796099,0.5372193578,0.5353539795,0.5322445432,0.5278901185,0.5222360453,0.5153076847,0.5071130757,0.4975377928,0.4866349532,0.4743160077,0.4605048711,0.4451380991,0.4280716442,0.4091384944,0.3880849154,0.3645190413,0.3377783900,0.3067116806,0.2688040055,0.2166644655
37800.000000,0.5368449632,0.5361860758,0.5343245485,0.5312215169,0.5268760299,0.5212335035,0.5143192021,0.5061410926,0.4965848905,0.4857035185,0.4734084667,0.4596236185,0.4442854262,0.4272497759,0.4083494889,0.3873305508,0.3638005566,0.3370958292,0.3060620246,0.2681741430,0.2159863384
37860.000000,0.5358178922,0.5351603618,0.5333026640,0.5302060013,0.5258694022,0.5202383588,0.5133380394,0.5051763400,0.4956391165,0.4847790990,0.4725078176,0.4587491259,0.4434393745,0.4264343862,0.4075668191,0.3865823847,0.3630881477,0.3364192506,0.3054183077,0.2675502353,0.2153135846
37920.000000,0.5347908211,0.5341346477,0.5322807795,0.5291904856,0.5248627745,0.5192432141,0.5123568768,0.5042115874,0.4946933426,0.4838546795,0.4716071686,0.4578746333,0.4425933228,0.4256189964,0.4067841493,0.3858342186,0.3623757389,0.3357426720,0.3047745909,0.2669263276,0.2146408308
37980.000000,0.5337712650,0.5331164410,0.5312663809,0.5281824203,0.5238635477,0.5182554069,0.5113829752,0.5032540068,0.4937546391,0.4829372181,0.4707133551,0.4570068451,0.4417538378,0.4248100316,0.4060077627,0.3850921995,0.3616693556,0.3350720267,0.3041367666,0.2663083335,0.2139734173
38040.000000,0.5327517089,0.5320982343,0.5302519822,0.5271743550,0.5228643209,0.5172675998,0.5104090735,0.5022964261,0.4928159356,0.4820197568,0.4698195417,0.4561390569,0.4409143527,0.4240010668,0.4052313760,0.3843501804,0.3609629722,0.3344013813,0.3034989423,0.2656903395,0.2133060039
38100.000000,0.5317396073,0.5310874746,0.5292450093,0.5261736801,0.5218724355,0.5162870710,0.5094423742,0.5013459595,0.4918842452,0.4811091968,0.4689325080,0.4552779182,0.4400813802,0.4231984736,0.4044612201,0.3836142570,0.3602625642,0.3337366205,0.3028669642,0.2650782182,0.2126438983
38160.000000,0.5307275058,0.5300767149,0.5282380364,0.5251730052,0.5208805501,0.5153065422,0.5084756748,0.5003954928,0.4909525548,0.4801986369,0.4680454744,0.4544167794,0.4392484077,0.4223958805,0.4036910642,0.3828783335,0.3595621561,0.3330718597,0.3022349860,0.2644660970,0.2119817926
38220.000000,0.5297227990,0.5290733425,0.5272384296,0.5241796614,0.5198959470,0.5143332332,0.5075161196,0.4994520824,0.4900278206,0.4792949222,0.4671651649,0.4535622354,0.4384218939,0.4215996061,0.4029270871,0.3821484548,0.3588676734,0.3324129348,0.3016088077,0.2638598076,0.2113249625
38280.000000,0.5287180923,0.5280699701,0.5262388228,0.5231863175,0.5189113439,0.5133599242,0.5065565644,0.4985086721,0.4891030863,0.4783912075,0.4662848555,0.4527076913,0.4375953800,0.4208033317,0.4021631101,0.3814185760,0.3581731908,0.3317540099,0.3009826294,0.2632535183,0.2106681324
38340.000000,0.5277207209,0.5270739256,0.5252465230,0.5222002457,0.5179339645,0.5123937766,0.5056040956,0.4975722608,0.4881852516,0.4774942820,0.4654112152,0.4518596878,0.4367752715,0.4200133235,0.4014052602,0.3806946913,0.3574845839,0.3311008727,0.3003622049,0.2626530202,0.2100165459
38400.000000,0.5267233495,0.5260778811,0.5242542231,0.5212141740,0.5169565850,0.5114276290,0.5046516268,0.4966358495,0.4872674169,0.4765973566,0.4645375750,0.4510116842,0.4359551629,0.4192233153,0.4006474103,0.3799708066,0.3567959770,0.3304477355,0.2997417803,0.2620525221,0.2093649593
38460.000000,0.5257332546,0.5250891056,0.5232691714,0.5202353157,0.5159863710,0.5104685851,0.5037061870,0.4957063806,0.4863564256,0.4757071651,0.4636705492,0.4501701672,0.4351414066,0.4184395212,0.3998956364,0.3792528655,0.3561131966,0.3298003379,0.2991270636,0.2614577745,0.2087185845
38520.000000,0.5247431596,0.5241003302,0.5222841197,0.5192564575,0.5150161570,0.5095095412,0.5027607472,0.4947769117,0.4854454343,0.4748169736,0.4628035234,0.4493286501,0.4343276502,0.4176557271,0.3991438625,0.3785349245,0.3554304162,0.3291529403,0.2985123468,0.2608630269,0.2080722097
38580.000000,0.5237602827,0.5231187653,0.5213062578,0.5182847547,0.5140530506,0.5085575436,0.5018222796,0.4938543288,0.4845412307,0.4739334609,0.4619430578,0.4484935662,0.4335201934,0.4168780952,0.3983981135,0.3778228771,0.3547534132,0.3285112345,0.2979032921,0.2602739893,0.2074310152
38640.000000,0.5227774057,0.5221372005,0.5203283960,0.5173130519,0.5130899443,0.5076055459,0.5008838119,0.4929317459,0.4836370271,0.4730499482,0.4610825921,0.4476584822,0.4327127366,0.4161004632,0.3976523646,0.3771108297,0.3540764101,0.3278695286,0.2972942373,0.2596849517,0.2067898207
38700.000000,0.5218016887,0.5211627883,0.5193576662,0.5163484470,0.5121338882,0.5066605376,0.4999522600,0.4920159930,0.4827395559,0.4721730598,0.4602286328,0.4468297782,0.4319115271,0.4153289421,0.3969125900,0.3764046262,0.3534051357,0.3272334670,0.2966907990,0.2591015836,0.2061537753
38760.000000,0.5208259716,0.5201883760,0.5183869363,0.5153838420,0.5111778322,0.5057155294,0.4990207080,0.4911002402,0.4818420847,0.4712961713,0.4593746734,0.4460010741,0.4311103175,0.4145574209,0.3961728154,0.3756984227,0.3527338613,0.3265974053,0.2960873607,0.2585182155,0.2055177298
38820.000000,0.5198573569,0.5192210588,0.5174232811,0.5144262777,0.5102287696,0.5047774539,0.4980960157,0.4901912619,0.4809512910,0.4704258528,0.4585271668,0.4451786973,0.4303153032,0.4137919594,0.3954389649,0.3749980138,0.3520682670,0.3259669404,0.2954894933,0.2579404765,0.2048868024
38880.000000,0.5188887422,0.5182537417,0.5164596258,0.5134687134,0.5092797070,0.5038393784,0.4971713233,0.4892822836,0.4800604972,0.4695555343,0.4576796602,0.4443563204,0.4295202890,0.4130264979,0.3947051144,0.3742976048,0.3514026727,0.3253364755,0.2948916258,0.2573627374,0.2042558750
38940.000000,0.5179271726,0.5172934624,0.5155029881,0.5125181329,0.5083375813,0.5029081797,0.4962534350,0.4883800247,0.4791763265,0.4686917319,0.4568385532,0.4435402184,0.4287314184,0.4122670453,0.3939771381,0.3736029412,0.3507427103,0.3247115603,0.2942992841,0.2567905870,0.2036300349
39000.000000,0.5169656030,0.5163331832,0.5145463504,0.5115675524,0.5073954557,0.5019769810,0.4953355466,0.4874777659,0.4782921557,0.4678279296,0.4559974462,0.4427241164,0.4279425479,0.4115075927,0.3932491618,0.3729082776,0.3500827478,0.3240866450,0.2937069423,0.2562184366,0.2030041948
39060.000000,0.5160110219,0.5153798852,0.5135966738,0.5106238994,0.5064602109,0.5010526033,0.4944244071,0.4865821718,0.4774145538,0.4669705899,0.4551626862,0.4419142372,0.4271597698,0.4107540985,0.3925270100,0.3722193106,0.3494283693,0.3234672325,0.2931200810,0.2556518346,0.2023834115
39120.000000,0.5150564407,0.5144265872,0.5126469972,0.5096802464,0.5055249661,0.5001282257,0.4935132675,0.4856865778,0.4765369520,0.4661132503,0.4543279261,0.4411043580,0.4263769918,0.4100006043,0.3918048582,0.3715303436,0.3487739908,0.3228478199,0.2925332197,0.2550852325,0.2017626282
39180.000000,0.5141087917,0.5134802142,0.5117042254,0.5087434650,0.5045965467,0.4992106138,0.4926088220,0.4847975942,0.4756658653,0.4652623203,0.4534994606,0.4403006501,0.4256002554,0.4092530185,0.3910884817,0.3708470247,0.3481251486,0.3222338634,0.2919517939,0.2545241386,0.2011468714
39240.000000,0.5131611427,0.5125338412,0.5107614537,0.5078066836,0.5036681272,0.4982930020,0.4917043764,0.4839086106,0.4747947786,0.4644113903,0.4526709951,0.4394969421,0.4248235190,0.4085054327,0.3903721051,0.3701637057,0.3474763063,0.3216199069,0.2913703681,0.2539630447,0.2005311146
39300.000000,0.5122203699,0.5115943373,0.5098255311,0.5068767183,0.5027464778,0.4973821012,0.4908065704,0.4830261836,0.4739301539,0.4635668173,0.4518487721,0.4386993542,0.4240527738,0.4077637056,0.3896614549,0.3694859867,0.3468329529,0.3210113600,0.2907943329,0.2534074188,0.1999203543
39360.000000,0.5112795971,0.5106548335,0.5088896086,0.5059467530,0.5018248284,0.4964712003,0.4899087644,0.4821437567,0.4730655291,0.4627222443,0.4510265492,0.4379017662,0.4232820285,0.4070219784,0.3889508046,0.3688082677,0.3461895995,0.3204028130,0.2902182977,0.2528517928,0.1993095940
39420.000000,0.5103456451,0.5097221434,0.5079604800,0.5050235487,0.5009098943,0.4955669561,0.4890175441,0.4812678329,0.4722073134,0.4618839760,0.4502105173,0.4371102473,0.4225172243,0.4062860606,0.3882458321,0.3681361006,0.3455516878,0.3197996294,0.2896476085,0.2523015946,0.1987038004
39480.000000,0.5094116931,0.5087894533,0.5070313513,0.5041003444,0.4999949602,0.4946627118,0.4881263237,0.4803919091,0.4713490977,0.4610457078,0.4493944854,0.4363187285,0.4217524202,0.4055501427,0.3875408595,0.3674639336,0.3449137761,0.3191964458,0.2890769193,0.2517513964,0.1980980067
39540.000000,0.5084845069,0.5078635220,0.5061089618,0.5031838464,0.4990866870,0.4937650701,0.4872416355,0.4795224354,0.4704972385,0.4602136924,0.4485845932,0.4355332282,0.4209935072,0.4048199851,0.3868415162,0.3667972710,0.3442812592,0.3185985795,0.2885115315,0.2512065859,0.1974971501
39600.000000,0.5075573207,0.5069375907,0.5051865722,0.5022673485,0.4981784138,0.4928674284,0.4863569472,0.4786529617,0.4696453793,0.4593816771,0.4477747011,0.4347477280,0.4202345943,0.4040898275,0.3861421730,0.3661306083,0.3436487424,0.3180007131,0.2879461437,0.2506617753,0.1968962935
39660.000000,0.5066368457,0.5060183636,0.5042708673,0.5013575027,0.4972767477,0.4919763357,0.4854787378,0.4777898854,0.4687998245,0.4585558631,0.4469708980,0.4339681962,0.4194815232,0.4033653814,0.3854484112,0.3654694028,0.3430215738,0.3174081183,0.2873860129,0.2501223125,0.1963003446
39720.000000,0.5057163706,0.5050991365,0.5033551624,0.5004476569,0.4963750815,0.4910852430,0.4846005284,0.4769268091,0.4679542697,0.4577300491,0.4461670948,0.4331886645,0.4187284521,0.4026409354,0.3847546493,0.3648081973,0.3423944051,0.3168155235,0.2868258821,0.2495828496,0.1957043957
39780.000000,0.5048025525,0.5041865595,0.5024460880,0.4995444095,0.4954799687,0.4902006461,0.4837287452,0.4760700780,0.4671149677,0.4569103854,0.4453693302,0.4324150514,0.4179811738,0.4019221525,0.3840664211,0.3641524019,0.3417725384,0.3162281546,0.2862709642,0.2490486943,0.1951133252
39840.000000,0.5038887345,0.5032739824,0.5015370137,0.4986411620,0.4945848559,0.4893160492,0.4828569619,0.4752133469,0.4662756656,0.4560907217,0.4445715655,0.4316414383,0.4172338955,0.4012033696,0.3833781930,0.3634966065,0.3411506717,0.3156407858,0.2857160462,0.2485145390,0.1945222548
39900.000000,0.5029815196,0.5023680017,0.5006345164,0.4977444594,0.4936962435,0.4884378953,0.4819915525,0.4743629091,0.4654425649,0.4552771575,0.4437797893,0.4308736946,0.4164923613,0.4004902019,0.3826954512,0.3628461746,0.3405340608,0.3150585975,0.2851662969,0.2479856514,0.1939360339
39960.000000,0.5020743047,0.5014620211,0.4997320190,0.4968477568,0.4928076310,0.4875597414,0.4811261430,0.4735124713,0.4646094643,0.4544635934,0.4429880131,0.4301059508,0.4157508270,0.3997770341,0.3820127094,0.3621957426,0.3399174500,0.3144764092,0.2846165477,0.2474567637,0.1933498129
40020.000000,0.5011736397,0.5005625834,0.4988360455,0.4959575462,0.4919254661,0.4866879781,0.4802670554,0.4726682753,0.4637825140,0.4536560784,0.4422021756,0.4293440273,0.4150149884,0.3990694339,0.3813354069,0.3615506277,0.3393060492,0.3138993564,0.2840719233,0.2469331038,0.1927684127
40080.000000,0.5002729747,0.4996631457,0.4979400720,0.4950673355,0.4910433012,0.4858162148,0.4794079677,0.4718240793,0.4629555638,0.4528485635,0.4414163381,0.4285821038,0.4142791499,0.3983618336,0.3806581044,0.3609055128,0.3386946484,0.3133223037,0.2835272988,0.2464094439,0.1921870125
40140.000000,0.4993788065,0.4987701981,0.4970505694,0.4941835641,0.4901675316,0.4849507902,0.4785551504,0.4709860740,0.4621347135,0.4520470478,0.4406363900,0.4278259518,0.4135489590,0.3976597535,0.3799861946,0.3602656688,0.3380884121,0.3127503415,0.2829877554,0.2458909717,0.1916104044
40200.000000,0.4984846384,0.4978772506,0.4961610669,0.4932997927,0.4892917620,0.4840853656,0.4777023330,0.4701480687,0.4613138632,0.4512455320,0.4398564419,0.4270697999,0.4128187681,0.3969576734,0.3793142847,0.3596258249,0.3374821759,0.3121783793,0.2824482119,0.2453724996,0.1910337963
40260.000000,0.4975969146,0.4969907406,0.4952779829,0.4924224085,0.4884223356,0.4832262280,0.4768557346,0.4693162034,0.4604990625,0.4504499660,0.4390823342,0.4263193711,0.4120941771,0.3962610663,0.3786477211,0.3589912060,0.3368810589,0.3116114630,0.2819137059,0.2448591753,0.1904619519
40320.000000,0.4967091907,0.4961042306,0.4943948990,0.4915450242,0.4875529093,0.4823670904,0.4760091363,0.4684843381,0.4596842619,0.4496543999,0.4383082265,0.4255689424,0.4113695862,0.3955644593,0.3779811575,0.3583565872,0.3362799420,0.3110445467,0.2813791999,0.2443458511,0.1898901075
40380.000000,0.4958278591,0.4952241062,0.4935181817,0.4906739752,0.4866897747,0.4815141887,0.4751687063,0.4676585625,0.4588754612,0.4488647342,0.4375399105,0.4248241889,0.4106505480,0.3948732786,0.3773198940,0.3577271480,0.3356838993,0.3104826319,0.2808496877,0.2438376349,0.1893229986
40440.000000,0.4949465275,0.4943439817,0.4926414643,0.4898029263,0.4858266402,0.4806612870,0.4743282762,0.4668327869,0.4580666605,0.4480750685,0.4367715945,0.4240794354,0.4099315097,0.3941820980,0.3766586306,0.3570977088,0.3350878567,0.3099207171,0.2803201756,0.2433294188,0.1887558898
40500.000000,0.4940715363,0.4934701910,0.4917710620,0.4889381612,0.4849697463,0.4798145704,0.4734939641,0.4660130511,0.4572638103,0.4472912544,0.4360090221,0.4233403095,0.4092179771,0.3934962974,0.3760026215,0.3564734040,0.3344968436,0.3093637595,0.2797956141,0.2428262708,0.1881934883
40560.000000,0.4931965452,0.4925964003,0.4909006597,0.4880733961,0.4841128523,0.4789678537,0.4726596519,0.4651933152,0.4564609601,0.4465074403,0.4352464497,0.4226011836,0.4085044445,0.3928104968,0.3753466124,0.3558490992,0.3339058305,0.3088068020,0.2792710525,0.2423231229,0.1876310869
40620.000000,0.4923278431,0.4917288921,0.4900365213,0.4872148640,0.4832621483,0.4781272718,0.4718314076,0.4643795695,0.4556640114,0.4457294292,0.4344895728,0.4218676381,0.4077963709,0.3921300302,0.3746958123,0.3552298839,0.3333198025,0.3082547577,0.2787513984,0.2418250034,0.1870733650
40680.000000,0.4914591410,0.4908613839,0.4891723828,0.4863563318,0.4824114443,0.4772866898,0.4710031633,0.4635658239,0.4548670626,0.4449514181,0.4337326960,0.4211340925,0.4070882973,0.3914495636,0.3740450122,0.3546106686,0.3327337746,0.3077027133,0.2782317443,0.2413268840,0.1865156432
40740.000000,0.4905966771,0.4900001073,0.4883144574,0.4855039820,0.4815668799,0.4764521924,0.4701809373,0.4627580192,0.4540759666,0.4441791620,0.4329814673,0.4204060804,0.4063856365,0.3907743853,0.3733993759,0.3539964982,0.3321526875,0.3071555385,0.2777169545,0.2408337532,0.1859625732
40800.000000,0.4897342132,0.4891388307,0.4874565320,0.4846516321,0.4807223154,0.4756176950,0.4693587112,0.4619502146,0.4532848706,0.4434069059,0.4322302386,0.4196780682,0.4056829756,0.3900992070,0.3727537396,0.3533823278,0.3315716005,0.3066083636,0.2772021648,0.2403406224,0.1854095032
40860.000000,0.4888779369,0.4882837351,0.4866047692,0.4838054143,0.4798838405,0.4747892327,0.4685424541,0.4611483021,0.4524995791,0.4426403569,0.4314846107,0.4189555429,0.4049856814,0.3894292716,0.3721132222,0.3527731579,0.3309954105,0.3060660147,0.2766921966,0.2398524405,0.1848610575
40920.000000,0.4880216605,0.4874286395,0.4857530064,0.4829591965,0.4790453656,0.4739607703,0.4677261970,0.4603463896,0.4517142876,0.4418738079,0.4307389829,0.4182330176,0.4042883873,0.3887593362,0.3714727049,0.3521639880,0.3304192204,0.3055236658,0.2761822284,0.2393642587,0.1843126118
40980.000000,0.4871715216,0.4865796749,0.4849073563,0.4821190610,0.4782129307,0.4731382936,0.4669158601,0.4595503209,0.4509347526,0.4411129187,0.4299989091,0.4175159328,0.4035964142,0.3880945987,0.3708372620,0.3515597746,0.3298478837,0.3049860994,0.2756770390,0.2388809860,0.1837687630
41040.000000,0.4863213827,0.4857307103,0.4840617061,0.4812789254,0.4773804958,0.4723158170,0.4661055231,0.4587542522,0.4501552176,0.4403520295,0.4292588353,0.4167988481,0.4029044411,0.3874298611,0.3702018191,0.3509555612,0.3292765470,0.3044485331,0.2751718496,0.2383977134,0.1832249142
41100.000000,0.4854773315,0.4848878268,0.4832221189,0.4804448226,0.4765540517,0.4714992772,0.4653010577,0.4579639792,0.4493813915,0.4395967531,0.4285242691,0.4160871580,0.4022177438,0.3867702767,0.3695714065,0.3503562605,0.3287100203,0.3039157062,0.2746713965,0.2379193103,0.1826856351
41160.000000,0.4846332802,0.4840449434,0.4823825317,0.4796107198,0.4757276076,0.4706827373,0.4644965923,0.4571737061,0.4486075655,0.4388414766,0.4277897029,0.4153754680,0.4015310465,0.3861106923,0.3689409939,0.3497569598,0.3281434935,0.3033828793,0.2741709434,0.2374409071,0.1821463559
41220.000000,0.4837952672,0.4832080917,0.4815489583,0.4787826008,0.4749071055,0.4698720858,0.4636979504,0.4563891811,0.4478394012,0.4380917661,0.4270605982,0.4146691271,0.4008495800,0.3854562166,0.3683155676,0.3491625284,0.3275817336,0.3028547491,0.2736751841,0.2369673338,0.1816116194
41280.000000,0.4829572542,0.4823712401,0.4807153848,0.4779544817,0.4740866034,0.4690614343,0.4628993084,0.4556046561,0.4470712368,0.4373420557,0.4263314935,0.4139627861,0.4001681135,0.3848017409,0.3676901413,0.3485680970,0.3270199736,0.3023266188,0.2731794248,0.2364937605,0.1810768828
41340.000000,0.4821252304,0.4815403713,0.4798877763,0.4771322977,0.4732719947,0.4682566230,0.4621064422,0.4548258317,0.4463086874,0.4365978649,0.4256078044,0.4132617491,0.3994918332,0.3841523298,0.3670696577,0.3479784916,0.3264629376,0.3018031425,0.2726883171,0.2360249773,0.1805466617
41400.000000,0.4812932066,0.4807095026,0.4790601677,0.4763101136,0.4724573861,0.4674518117,0.4613135760,0.4540470073,0.4455461379,0.4358536742,0.4248841153,0.4125607121,0.3988155528,0.3835029187,0.3664491742,0.3473888863,0.3259059016,0.3012796662,0.2721972094,0.2355561942,0.1800164407
41460.000000,0.4804671235,0.4798845680,0.4782384755,0.4754938163,0.4716486230,0.4666527929,0.4605264381,0.4532738366,0.4447891569,0.4351149572,0.4241657965,0.4118649341,0.3981444143,0.3828585284,0.3658335901,0.3468040641,0.3253535470,0.3007608014,0.2717107112,0.2350921615,0.1794907084
41520.000000,0.4796410403,0.4790596335,0.4774167833,0.4746775189,0.4708398598,0.4658537740,0.4597393002,0.4525006660,0.4440321758,0.4343762401,0.4234474777,0.4111691562,0.3974732758,0.3822141381,0.3652180060,0.3462192420,0.3248011923,0.3002419366,0.2712242131,0.2346281289,0.1789649761
41580.000000,0.4788208495,0.4782405851,0.4766009593,0.4738670604,0.4700368944,0.4650605002,0.4589578435,0.4517331024,0.4432807170,0.4336429512,0.4227344840,0.4104785927,0.3968072351,0.3815747252,0.3646072784,0.3456391604,0.3242534766,0.2997276411,0.2707422825,0.2341688072,0.1784437059
41640.000000,0.4780006587,0.4774215366,0.4757851354,0.4730566018,0.4692339290,0.4642672264,0.4581763869,0.4509655388,0.4425292582,0.4329096622,0.4220214903,0.4097880292,0.3961411945,0.3809353123,0.3639965507,0.3450590788,0.3237057609,0.2992133457,0.2702603519,0.2337094854,0.1779224356
41700.000000,0.4771863123,0.4766083263,0.4749751319,0.4722519344,0.4684367140,0.4634796505,0.4574005649,0.4502035360,0.4417832758,0.4321817561,0.4213137770,0.4091026361,0.3954802080,0.3803008336,0.3633906369,0.3444836955,0.3231626422,0.2987035776,0.2697829471,0.2332548350,0.1774056008
41760.000000,0.4763719659,0.4757951160,0.4741651285,0.4714472670,0.4676394991,0.4626920747,0.4566247429,0.4494415332,0.4410372934,0.4314538500,0.4206060637,0.4084172429,0.3948192215,0.3796663548,0.3627847230,0.3439083122,0.3226195234,0.2981938094,0.2693055423,0.2328001845,0.1768887659
41820.000000,0.4755634165,0.4749876965,0.4733608983,0.4706483437,0.4668479875,0.4619101503,0.4558545092,0.4486850454,0.4402967421,0.4307312817,0.4199035863,0.4077369761,0.3941632459,0.3790367675,0.3621835806,0.3433375852,0.3220809597,0.2976885269,0.2688326218,0.2323501658,0.1763763400
41880.000000,0.4747548671,0.4741802769,0.4725566680,0.4698494203,0.4660564760,0.4611282258,0.4550842755,0.4479285575,0.4395561907,0.4300087134,0.4192011090,0.4070567093,0.3935072702,0.3784071802,0.3615824381,0.3427668581,0.3215423961,0.2971832444,0.2683597012,0.2319001471,0.1758639141
41940.000000,0.4739520676,0.4733786010,0.4717581639,0.4690561941,0.4652706214,0.4603519064,0.4543195841,0.4471775391,0.4388210253,0.4292914384,0.4185038235,0.4063815255,0.3928562624,0.3777824417,0.3609860249,0.3422007455,0.3210083459,0.2966824060,0.2678912233,0.2314547206,0.1753558708
42000.000000,0.4731492680,0.4725769251,0.4709596598,0.4682629679,0.4644847667,0.4595755870,0.4535548928,0.4464265206,0.4380858599,0.4285741633,0.4178065381,0.4057063416,0.3922052546,0.3771577032,0.3603896118,0.3416346329,0.3204742958,0.2961815676,0.2674227455,0.2310092940,0.1748478275
42060.000000,0.4723521714,0.4717809460,0.4701668352,0.4674753924,0.4637045227,0.4588048266,0.4527956982,0.4456809264,0.4373560357,0.4278621373,0.4171144008,0.4050361973,0.3915591718,0.3765377713,0.3597978861,0.3410730934,0.3199447179,0.2956851320,0.2669586691,0.2305684201,0.1743441406
42120.000000,0.4715550749,0.4709849670,0.4693740106,0.4666878169,0.4629242787,0.4580340663,0.4520365037,0.4449353322,0.4366262115,0.4271501113,0.4164222635,0.4043660531,0.3909130891,0.3759178395,0.3592061605,0.3405115538,0.3194151401,0.2951886963,0.2664945928,0.2301275462,0.1738404536
42180.000000,0.4707636350,0.4701946385,0.4685868193,0.4659058461,0.4621495994,0.4572688195,0.4512827607,0.4441951173,0.4359016841,0.4264432904,0.4157352309,0.4037009056,0.3902718892,0.3753026724,0.3586190808,0.3399545461,0.3188899935,0.2946966224,0.2660348768,0.2296911855,0.1733410968
42240.000000,0.4699721951,0.4694043099,0.4677996279,0.4651238752,0.4613749201,0.4565035728,0.4505290176,0.4434549024,0.4351771566,0.4257364695,0.4150481984,0.4030357581,0.3896306892,0.3746875053,0.3580320012,0.3393975384,0.3183648468,0.2942045486,0.2655751608,0.2292548247,0.1728417400
42300.000000,0.4691863658,0.4686195859,0.4670180239,0.4643474631,0.4606057601,0.4557437943,0.4497806813,0.4427200224,0.4344578820,0.4250348101,0.4143662275,0.4023755648,0.3889943299,0.3740770613,0.3574495265,0.3388450216,0.3178440907,0.2937167956,0.2651197642,0.2288229376,0.1723466872
42360.000000,0.4684005365,0.4678348619,0.4662364199,0.4635710511,0.4598366000,0.4549840158,0.4490323449,0.4419851425,0.4337386073,0.4243331508,0.4136842566,0.4017153715,0.3883579706,0.3734666174,0.3568670517,0.3382925049,0.3173233345,0.2932290426,0.2646643676,0.2283910506,0.1718516345
42420.000000,0.4676202721,0.4670556968,0.4654603577,0.4628001525,0.4590729141,0.4542296607,0.4482893707,0.4412555532,0.4330245417,0.4236366097,0.4130073047,0.4010600902,0.3877264102,0.3728608553,0.3562891409,0.3377444385,0.3168069284,0.2927455700,0.2642132496,0.2279635977,0.1713608599
42480.000000,0.4668400078,0.4662765316,0.4646842955,0.4620292540,0.4583092281,0.4534753056,0.4475463965,0.4405259640,0.4323104761,0.4229400686,0.4123303527,0.4004048088,0.3870948499,0.3722550932,0.3557112300,0.3371963720,0.3162905222,0.2922620973,0.2637621316,0.2275361448,0.1708700853
42540.000000,0.4660652630,0.4655028800,0.4639137299,0.4612638239,0.4575509714,0.4527263295,0.4468087401,0.4398016216,0.4316015761,0.4222486029,0.4116583772,0.3997543975,0.3864680470,0.3716539720,0.3551378426,0.3366527156,0.3157784257,0.2917828646,0.2633152516,0.2271130867,0.1703835629
42600.000000,0.4652905182,0.4647292284,0.4631431643,0.4604983937,0.4567927147,0.4519773533,0.4460710838,0.4390772793,0.4308926762,0.4215571371,0.4109864018,0.3991039862,0.3858412442,0.3710528507,0.3545644551,0.3361090592,0.3152663293,0.2913036319,0.2628683717,0.2266900287,0.1698970405
42660.000000,0.4645212480,0.4639610455,0.4623780505,0.4597383874,0.4560398428,0.4512337118,0.4453387016,0.4383581405,0.4301888989,0.4208707042,0.4103193608,0.3984584034,0.3852191577,0.3704563297,0.3539955507,0.3355697728,0.3147585027,0.2908285991,0.2624256893,0.2262713260,0.1694147446
42720.000000,0.4637519778,0.4631928625,0.4616129367,0.4589783810,0.4552869709,0.4504900704,0.4446063194,0.4376390016,0.4294851216,0.4201842713,0.4096523197,0.3978128205,0.3845970712,0.3698598087,0.3534266462,0.3350304864,0.3142506760,0.2903535662,0.2619830069,0.2258526233,0.1689324486
42780.000000,0.4629881377,0.4624301036,0.4608532301,0.4582237541,0.4545394397,0.4497517198,0.4438791678,0.4369250231,0.4287864242,0.4195028290,0.4089901713,0.3971720248,0.3839796603,0.3692678475,0.3528621848,0.3344955301,0.3137470794,0.2898826933,0.2615444819,0.2254382367,0.1684543533
42840.000000,0.4622242975,0.4616673447,0.4600935235,0.4574691271,0.4537919086,0.4490133692,0.4431520162,0.4362110446,0.4280877269,0.4188213866,0.4083280229,0.3965312291,0.3833622494,0.3686758864,0.3522977235,0.3339605739,0.3132434828,0.2894118203,0.2611059569,0.2250238502,0.1679762580
42900.000000,0.4614658430,0.4609099656,0.4593391801,0.4567198356,0.4530496743,0.4482802660,0.4424300520,0.4355021837,0.4273940671,0.4181448929,0.4076707257,0.3958951795,0.3827494735,0.3680884450,0.3517376654,0.3334299084,0.3127440768,0.2889450676,0.2606715491,0.2246137403,0.1675023377
42960.000000,0.4607073886,0.4601525865,0.4585848367,0.4559705442,0.4523074400,0.4475471628,0.4417080878,0.4347933228,0.4267004073,0.4174683992,0.4070134286,0.3952591300,0.3821366977,0.3675010036,0.3511776074,0.3328992428,0.3122446709,0.2884783150,0.2602371413,0.2242036305,0.1670284174
43020.000000,0.4599542760,0.4594005434,0.4578358126,0.4552265445,0.4515704593,0.4468192639,0.4409912682,0.4340895369,0.4260117430,0.4167968126,0.4063609415,0.3946277860,0.3815285167,0.3669180421,0.3506219132,0.3323728288,0.3117494163,0.2880156431,0.2598068109,0.2237977582,0.1665586465
43080.000000,0.4592011633,0.4586485002,0.4570867885,0.4544825448,0.4508334785,0.4460913649,0.4402744486,0.4333857511,0.4253230788,0.4161252259,0.4057084543,0.3939964421,0.3809203358,0.3663350807,0.3500662191,0.3318464148,0.3112541618,0.2875529713,0.2593764804,0.2233918858,0.1660888756
43140.000000,0.4584533490,0.4579017494,0.4563430403,0.4537437937,0.4501017082,0.4453686274,0.4395627311,0.4326869983,0.4246393684,0.4154585051,0.4050607365,0.3933697633,0.3803167098,0.3657565598,0.3495148497,0.3313242134,0.3107630198,0.2870943411,0.2589501876,0.2229902117,0.1656232285
43200.000000,0.4577055346,0.4571549987,0.4555992921,0.4530050425,0.4493699379,0.4446458899,0.4388510137,0.4319882455,0.4239556579,0.4147917842,0.4044130187,0.3927430845,0.3797130839,0.3651780390,0.3489634803,0.3308020120,0.3102718778,0.2866357110,0.2585238949,0.2225885377,0.1651575814
43260.000000,0.4569629752,0.4564134971,0.4548607767,0.4522714969,0.4486433352,0.4439282714,0.4381443562,0.4312944839,0.4232768600,0.4141298882,0.4037700297,0.3921210309,0.3791139733,0.3646039194,0.3484163968,0.3302839845,0.3097848097,0.2861810835,0.2581016002,0.2221910227,0.1646960327
43320.000000,0.4562204158,0.4556719955,0.4541222613,0.4515379513,0.4479167326,0.4432106529,0.4374376987,0.4306007223,0.4225980620,0.4134679922,0.4031270406,0.3914989773,0.3785148628,0.3640297999,0.3478693134,0.3297659570,0.3092977416,0.2857264560,0.2576793055,0.2217935077,0.1642344840
43380.000000,0.4554830686,0.4549357003,0.4533889359,0.4508095687,0.4471952553,0.4424981112,0.4367360593,0.4299119104,0.4219241354,0.4128108804,0.4024887402,0.3908815092,0.3779202285,0.3634600429,0.3473264773,0.3292520651,0.3088147089,0.2852757926,0.2572609696,0.2214001127,0.1637770082
43440.000000,0.4547457213,0.4541994051,0.4526556106,0.4500811861,0.4464737779,0.4417855695,0.4360344200,0.4292230986,0.4212502089,0.4121537686,0.4018504398,0.3902640410,0.3773255941,0.3628902858,0.3467836412,0.3287381732,0.3083316763,0.2848251291,0.2568426336,0.2210067176,0.1633195323
43500.000000,0.4540135437,0.4534682737,0.4519274328,0.4493579241,0.4457573838,0.4410780628,0.4353377573,0.4285391953,0.4205811129,0.4115014007,0.4012167881,0.3896511189,0.3767353969,0.3623248527,0.3462450143,0.3282283787,0.3078526410,0.2843783912,0.2564282173,0.2206174035,0.1628661040
43560.000000,0.4532813660,0.4527371423,0.4511992551,0.4486346622,0.4450409897,0.4403705561,0.4346410946,0.4278552921,0.4199120170,0.4108490329,0.4005831365,0.3890381969,0.3761451997,0.3617594196,0.3457063873,0.3277185843,0.3073736057,0.2839316532,0.2560138010,0.2202280893,0.1624126757
43620.000000,0.4525543157,0.4520111325,0.4504761828,0.4479164790,0.4443296371,0.4396680430,0.4339493674,0.4271762567,0.4192477114,0.4102013689,0.3999540941,0.3884297817,0.3755594010,0.3611982721,0.3451719315,0.3272128496,0.3068985300,0.2834888026,0.2556032654,0.2198428171,0.1619632696
43680.000000,0.4518272654,0.4512851227,0.4497531106,0.4471982958,0.4436182844,0.4389655298,0.4332576402,0.4264972213,0.4185834057,0.4095537050,0.3993250516,0.3878213666,0.3749736024,0.3606371246,0.3446374756,0.3267071148,0.3064234542,0.2830459519,0.2551927297,0.2194575448,0.1615138634
43740.000000,0.4511053006,0.4505641928,0.4490351021,0.4464851498,0.4429119319,0.4382679691,0.4325708077,0.4258230132,0.4179238502,0.4089107053,0.3987005792,0.3872174197,0.3743921639,0.3600802247,0.3441071533,0.3262054022,0.3059523003,0.2826069506,0.2547860359,0.2190762755,0.1610684541
43800.000000,0.4503833358,0.4498432628,0.4483170936,0.4457720037,0.4422055793,0.4375704084,0.4318839751,0.4251488051,0.4172642947,0.4082677056,0.3980761067,0.3866134727,0.3738107253,0.3595233249,0.3435768309,0.3257036896,0.3054811465,0.2821679492,0.2543793421,0.2186950061,0.1606230448
43860.000000,0.4496664149,0.4491273711,0.4476041075,0.4450638535,0.4415041858,0.4368777593,0.4312019967,0.4244793842,0.4166094496,0.4076293308,0.3974561653,0.3860139555,0.3732336089,0.3589706350,0.3430506045,0.3252059619,0.3050138772,0.2817327595,0.2539764517,0.2183177008,0.1601816070
43920.000000,0.4489494940,0.4484114794,0.4468911213,0.4443557033,0.4408027922,0.4361851101,0.4305200184,0.4238099632,0.4159546045,0.4069909560,0.3968362239,0.3854144382,0.3726564925,0.3584179451,0.3425243782,0.3247082341,0.3045466079,0.2812975697,0.2535735612,0.2179403955,0.1597401693
43980.000000,0.4482375759,0.4477005849,0.4461831164,0.4436525080,0.4401063170,0.4354973321,0.4298428539,0.4231452896,0.4153044303,0.4063571671,0.3962207750,0.3848193124,0.3720836603,0.3578694277,0.3420022108,0.3242144543,0.3040831862,0.2808661540,0.2531744357,0.2175670154,0.1593026778
44040.000000,0.4475256577,0.4469896903,0.4454751115,0.4429493127,0.4394098417,0.4348095541,0.4291656895,0.4224806160,0.4146542561,0.4057233782,0.3956053260,0.3842241866,0.3715108282,0.3573209103,0.3414800433,0.3237206745,0.3036197644,0.2804347383,0.2527753101,0.2171936353,0.1588651863
44100.000000,0.4468187014,0.4462837520,0.4447720471,0.4422510317,0.4387182442,0.4341266070,0.4284932991,0.4218206502,0.4140087136,0.4050941363,0.3949943312,0.3836334145,0.3709422429,0.3567765284,0.3409618980,0.3232308059,0.3031601534,0.2800070594,0.2523799114,0.2168241417,0.1584316159
44160.000000,0.4461117451,0.4455778136,0.4440689826,0.4415527507,0.4380266468,0.4334436598,0.4278209088,0.4211606844,0.4133631712,0.4044648945,0.3943833363,0.3830426423,0.3703736576,0.3562321464,0.3404437526,0.3227409373,0.3027005423,0.2795793805,0.2519845126,0.2164546481,0.1579980455
44220.000000,0.4454097101,0.4448767910,0.4433708182,0.4408593436,0.4373398871,0.4327655038,0.4271532530,0.4205053872,0.4127222217,0.4038401613,0.3937767576,0.3824561861,0.3698092819,0.3556918631,0.3399295928,0.3222549435,0.3022447054,0.2791554014,0.2515928026,0.2160890023,0.1575683710
44280.000000,0.4447076750,0.4441757684,0.4426726538,0.4401659366,0.4366531273,0.4320873477,0.4264855971,0.4198500899,0.4120812722,0.4032154282,0.3931701789,0.3818697300,0.3692449063,0.3551515798,0.3394154330,0.3217689496,0.3017888686,0.2787314223,0.2512010927,0.2157233565,0.1571386965
44340.000000,0.4440105210,0.4434796213,0.4419793493,0.4394773636,0.4359711655,0.4314139432,0.4258226366,0.4191994223,0.4114448771,0.4025951656,0.3925679786,0.3812875525,0.3686847034,0.3546153585,0.3389052224,0.3212867944,0.3013367696,0.2783111063,0.2508130338,0.2153615199,0.1567128926
44400.000000,0.4433133671,0.4427834742,0.4412860448,0.4387887905,0.4352892038,0.4307405387,0.4251596760,0.4185487548,0.4108084820,0.4019749030,0.3919657782,0.3807053751,0.3681245005,0.3540791372,0.3383950119,0.3208046392,0.3008846707,0.2778907902,0.2504249749,0.2149996833,0.1562870887
44460.000000,0.4426210542,0.4420921627,0.4405975604,0.4381050118,0.4346120005,0.4300718465,0.4245013719,0.4179026783,0.4101766031,0.4013590731,0.3913679189,0.3801274394,0.3675684337,0.3535469418,0.3378887146,0.3203262868,0.3004362736,0.2774741007,0.2500405294,0.2146416175,0.1558651304
44520.000000,0.4419287413,0.4414008512,0.4399090760,0.4374212331,0.4339347971,0.4294031542,0.4238430677,0.4172566017,0.4095447242,0.4007432432,0.3907700596,0.3795495037,0.3670123670,0.3530147463,0.3373824173,0.3198479343,0.2999878766,0.2770574112,0.2496560840,0.2142835517,0.1554431720
44580.000000,0.4412412300,0.4407143357,0.4392253722,0.4367422094,0.4332623132,0.4287391354,0.4231893812,0.4166150780,0.4089173235,0.4001318085,0.3901765041,0.3789757730,0.3664604001,0.3524865407,0.3368799976,0.3193733490,0.2995431457,0.2766443119,0.2492752148,0.2139292182,0.1550250340
44640.000000,0.4405537186,0.4400278203,0.4385416684,0.4360631857,0.4325898292,0.4280751166,0.4225356948,0.4159735543,0.4082899228,0.3995203738,0.3895829486,0.3784020423,0.3659084332,0.3519583351,0.3363775778,0.3188987637,0.2990984148,0.2762312127,0.2488943455,0.2135748847,0.1546068959
44700.000000,0.4398709695,0.4393460617,0.4378627061,0.4353888780,0.4319220257,0.4274157326,0.4218865878,0.4153365454,0.4076669628,0.3989132971,0.3889936603,0.3778324803,0.3653605301,0.3514340837,0.3358790002,0.3184279102,0.2986573146,0.2758216677,0.2485170153,0.2132242453,0.1541925531
44760.000000,0.4391882204,0.4386643030,0.4371837438,0.4347145703,0.4312542222,0.4267563486,0.4212374808,0.4146995365,0.4070440028,0.3983062204,0.3884043719,0.3772629182,0.3648126271,0.3509098322,0.3353804226,0.3179570567,0.2982162144,0.2754121227,0.2481396851,0.2128736059,0.1537782102
44820.000000,0.4385101946,0.4379872622,0.4365094840,0.4340449398,0.4305910606,0.4261015611,0.4205929152,0.4140670048,0.4064254462,0.3977034647,0.3878193140,0.3766974887,0.3642687521,0.3503894996,0.3348856520,0.3174898999,0.2977787097,0.2750060962,0.2477658571,0.2125266223,0.1533676374
44880.000000,0.4378321687,0.4373102215,0.4358352243,0.4333753093,0.4299278991,0.4254467736,0.4199483496,0.4134344730,0.4058068895,0.3971007090,0.3872342562,0.3761320591,0.3637248771,0.3498691669,0.3343908814,0.3170227432,0.2973412049,0.2746000697,0.2473920290,0.2121796387,0.1529570646
44940.000000,0.4371588275,0.4366378599,0.4351656286,0.4327103177,0.4292693413,0.4247965446,0.4193082878,0.4128063810,0.4051926992,0.3965022378,0.3866533926,0.3755707263,0.3631849948,0.3493527179,0.3338998828,0.3165592484,0.2969072608,0.2741975262,0.2470216664,0.2118362729,0.1525502366
45000.000000,0.4364854863,0.4359654984,0.4344960329,0.4320453260,0.4286107835,0.4241463157,0.4186682259,0.4121782890,0.4045785089,0.3959037666,0.3860725291,0.3750093934,0.3626451125,0.3488362689,0.3334088843,0.3160957537,0.2964733166,0.2737949827,0.2466513038,0.2114929071,0.1521434087
45060.000000,0.4358167914,0.4352977777,0.4338310631,0.4313849351,0.4279567915,0.4235006076,0.4180326305,0.4115545997,0.4039686482,0.3953095434,0.3854958239,0.3744521217,0.3621091876,0.3483236687,0.3329216233,0.3156358863,0.2960428983,0.2733958869,0.2462843702,0.2111531211,0.1517403005
45120.000000,0.4351480965,0.4346300571,0.4331660932,0.4307245442,0.4273027995,0.4228548995,0.4173970350,0.4109309104,0.4033587874,0.3947153203,0.3849191188,0.3738948499,0.3615732628,0.3478110686,0.3324343623,0.3151760190,0.2956124799,0.2729967912,0.2459174366,0.2108133351,0.1513371923
45180.000000,0.4344840098,0.4339669394,0.4325057113,0.4300687163,0.4266533358,0.4222136749,0.4167658687,0.4103115871,0.4027532199,0.3941253092,0.3843465364,0.3733416041,0.3610412606,0.3473022827,0.3319508044,0.3147197449,0.2951855531,0.2726011081,0.2455538958,0.2104770911,0.1509377787
45240.000000,0.4338199231,0.4333038217,0.4318453293,0.4294128884,0.4260038720,0.4215724503,0.4161347025,0.4096922637,0.4021476524,0.3935352981,0.3837739540,0.3727883583,0.3605092583,0.3467934967,0.3314672466,0.3142634708,0.2947586262,0.2722054251,0.2451903550,0.2101408471,0.1505383651
45300.000000,0.4331604069,0.4326452692,0.4311894976,0.4287615859,0.4253588992,0.4209356721,0.4155079287,0.4090772698,0.4015463420,0.3929494634,0.3832054589,0.3722391033,0.3599811441,0.3462884908,0.3309873579,0.3138107560,0.2943351566,0.2718131201,0.2448301709,0.2098081072,0.1501426210
45360.000000,0.4325008907,0.4319867167,0.4305336659,0.4281102834,0.4247139264,0.4202988940,0.4148811550,0.4084622759,0.4009450315,0.3923636286,0.3826369639,0.3716898484,0.3594530299,0.3457834849,0.3305074692,0.3133580411,0.2939116870,0.2714208150,0.2444699868,0.2094753674,0.1497468768
45420.000000,0.4318459076,0.4313326921,0.4298823472,0.4274634692,0.4240734075,0.4196665254,0.4142587371,0.4078515752,0.4003479423,0.3917819347,0.3820725211,0.3711445497,0.3589287694,0.3452822250,0.3300312159,0.3129088518,0.2934916409,0.2710318535,0.2441131238,0.2091460942,0.1493547770
45480.000000,0.4311909245,0.4306786674,0.4292310285,0.4268166550,0.4234328886,0.4190341569,0.4136363193,0.4072408746,0.3997508531,0.3912002407,0.3815080784,0.3705992510,0.3584045088,0.3447809650,0.3295549625,0.3124596626,0.2930715947,0.2706428920,0.2437562607,0.2088168211,0.1489626771
45540.000000,0.4305404374,0.4300291334,0.4285841857,0.4261742922,0.4227967869,0.4184061616,0.4130182213,0.4066344313,0.3991579496,0.3906226525,0.3809476532,0.3700578742,0.3578840679,0.3442834174,0.3290823110,0.3120139654,0.2926549384,0.2702572397,0.2434026831,0.2084909771,0.1485741964
45600.000000,0.4298899503,0.4293795995,0.4279373429,0.4255319295,0.4221606852,0.4177781663,0.4124001233,0.4060279880,0.3985650461,0.3900450642,0.3803872280,0.3695164973,0.3573636271,0.3437858697,0.3286096596,0.3115682682,0.2922382820,0.2698715874,0.2430491055,0.2081651331,0.1481857157
45660.000000,0.4292439223,0.4287345195,0.4272949394,0.4248939815,0.4215289643,0.4171545079,0.4117863091,0.4054257665,0.3979762930,0.3894715468,0.3798307858,0.3689790081,0.3568469721,0.3432920008,0.3281405767,0.3111260300,0.2918249821,0.2694892105,0.2426987780,0.2078426809,0.1478008289
45720.000000,0.4285978943,0.4280894395,0.4266525359,0.4242560335,0.4208972434,0.4165308496,0.4111724949,0.4048235451,0.3973875400,0.3888980293,0.3792743436,0.3684415190,0.3563303171,0.3427981320,0.3276714939,0.3106837918,0.2914116822,0.2691068335,0.2423484505,0.2075202288,0.1474159422
45780.000000,0.4279562889,0.4274487769,0.4260145351,0.4236224641,0.4202698672,0.4159114924,0.4105629290,0.4042255101,0.3968029024,0.3883285481,0.3787218502,0.3679078837,0.3558174145,0.3423079088,0.3272059467,0.3102449796,0.2910017057,0.2687276982,0.2420013381,0.2072011313,0.1470346242
45840.000000,0.4273146836,0.4268081143,0.4253765344,0.4229888946,0.4196424911,0.4152921352,0.4099533631,0.4036274751,0.3962182648,0.3877590668,0.3781693568,0.3673742484,0.3553045119,0.3418176856,0.3267403996,0.3098061675,0.2905917292,0.2683485628,0.2416542257,0.2068820338,0.1466533062
45900.000000,0.4266774646,0.4261718329,0.4247429003,0.4223596677,0.4190194238,0.4146770435,0.4093480101,0.4030335915,0.3956377081,0.3871935874,0.3776207782,0.3668444334,0.3547953285,0.3413310751,0.3262783554,0.3093707488,0.2901850432,0.2679726355,0.2413102936,0.2065662541,0.1462755318
45960.000000,0.4260402456,0.4255355516,0.4241092663,0.4217304408,0.4183963565,0.4140619519,0.4087426571,0.4024397080,0.3950571513,0.3866281080,0.3770721997,0.3663146185,0.3542861451,0.3408444646,0.3258163112,0.3089353300,0.2897783572,0.2675967083,0.2409663614,0.2062504743,0.1458977574
46020.000000,0.4254073771,0.4249036155,0.4234799631,0.4211055207,0.4177775625,0.4134510904,0.4081414820,0.4018499412,0.3944806409,0.3860665965,0.3765275023,0.3657885905,0.3537806480,0.3403614343,0.3253577377,0.3085032724,0.2893749292,0.2672239560,0.2406255749,0.2059379753,0.1455235014
46080.000000,0.4247745085,0.4242716795,0.4228506599,0.4204806006,0.4171587686,0.4128402289,0.4075403069,0.4012601743,0.3939041306,0.3855050849,0.3759828049,0.3652625625,0.3532751509,0.3398784039,0.3248991641,0.3080712148,0.2889715013,0.2668512037,0.2402847885,0.2056254763,0.1451492454
46140.000000,0.4241459548,0.4236440532,0.4222256520,0.4198599519,0.4165442128,0.4122335627,0.4069432749,0.4006744898,0.3933316325,0.3849475075,0.3754419554,0.3647402885,0.3527733073,0.3393989213,0.3244440289,0.3076424862,0.2885712990,0.2664815934,0.2399471133,0.2053162215,0.1447784825
46200.000000,0.4235174011,0.4230164268,0.4216006441,0.4192393033,0.4159296569,0.4116268965,0.4063462430,0.4000888053,0.3927591344,0.3843899300,0.3749011058,0.3642180146,0.3522714638,0.3389194387,0.3239888938,0.3072137576,0.2881710967,0.2661119832,0.2396094381,0.2050069667,0.1444077197
46260.000000,0.4228931268,0.4223930749,0.4209798963,0.4186228909,0.4153193043,0.4110243907,0.4057533197,0.3995071688,0.3921906148,0.3838362531,0.3743640709,0.3636994618,0.3517732415,0.3384434717,0.3235371651,0.3067883261,0.2877740881,0.2657454822,0.2392748402,0.2047009194,0.1440404247
46320.000000,0.4222688525,0.4217697229,0.4203591485,0.4180064785,0.4147089516,0.4104218849,0.4051603964,0.3989255324,0.3916220952,0.3832825762,0.3738270361,0.3631809091,0.3512750191,0.3379675047,0.3230854365,0.3063628947,0.2873770796,0.2653789813,0.2389402423,0.2043948722,0.1436731298
46380.000000,0.4216488227,0.4211506103,0.4197426258,0.4173942676,0.4141027675,0.4098235052,0.4045715476,0.3983479102,0.3910575204,0.3827327668,0.3732937830,0.3626660451,0.3507803859,0.3374950216,0.3226370829,0.3059407289,0.2869832329,0.2650155572,0.2386086878,0.2040919962,0.1433092776
46440.000000,0.4210287928,0.4205314977,0.4191261031,0.4167820566,0.4134965833,0.4092251255,0.4039826987,0.3977702879,0.3904929457,0.3821829573,0.3727605300,0.3621511812,0.3502857526,0.3370225384,0.3221887292,0.3055185631,0.2865893863,0.2646521332,0.2382771333,0.2037891202,0.1429454253
46500.000000,0.4204129725,0.4199165897,0.4185137708,0.4161740126,0.4128945333,0.4086308376,0.4033978905,0.3971966463,0.3899322826,0.3816369822,0.3722310263,0.3616399738,0.3497946766,0.3365535076,0.3217437191,0.3050996316,0.2861986700,0.2642917540,0.2379485886,0.2034893793,0.1425849905
46560.000000,0.4197971522,0.4193016816,0.4179014385,0.4155659686,0.4122924832,0.4080365497,0.4028130823,0.3966230047,0.3893716194,0.3810910072,0.3717015226,0.3611287665,0.3493036005,0.3360844767,0.3212987090,0.3046807001,0.2858079538,0.2639313748,0.2376200438,0.2031896384,0.1422245557
46620.000000,0.4191855070,0.4186909437,0.4172932623,0.4149620572,0.4116945332,0.4074463199,0.4022322810,0.3960533104,0.3888148349,0.3805488340,0.3711757358,0.3606211837,0.3488160501,0.3356188668,0.3208570114,0.3042649719,0.2854203368,0.2635740085,0.2372944756,0.2028929966,0.1418675130
46680.000000,0.4185738619,0.4180802058,0.4166850860,0.4143581458,0.4110965832,0.4068560900,0.4016514797,0.3954836160,0.3882580504,0.3800066608,0.3706499491,0.3601136010,0.3483284997,0.3351532569,0.3204153138,0.3038492437,0.2850327198,0.2632166422,0.2369689074,0.2025963548,0.1415104703
46740.000000,0.4179663576,0.4174736038,0.4160810317,0.4137583330,0.4105026993,0.4062698845,0.4010746520,0.3949178359,0.3877051117,0.3794682570,0.3701278473,0.3596096112,0.3478444436,0.3346910369,0.3199768979,0.3034366881,0.2846481711,0.2628622571,0.2366462825,0.2023027764,0.1411567945
46800.000000,0.4173588533,0.4168670019,0.4154769774,0.4131585202,0.4099088155,0.4056836790,0.4004978243,0.3943520558,0.3871521731,0.3789298532,0.3696057455,0.3591056215,0.3473603875,0.3342288170,0.3195384820,0.3030241324,0.2842636223,0.2625078721,0.2363236576,0.2020091979,0.1408031187
46860.000000,0.4167554560,0.4162645019,0.4148770111,0.4125627724,0.4093189643,0.4051014645,0.3999249371,0.3937901571,0.3866030478,0.3783951867,0.3690872969,0.3586051933,0.3468797946,0.3337699562,0.3191033172,0.3026147188,0.2838821111,0.2621564370,0.2360039434,0.2017186472,0.1404527844
46920.000000,0.4161520587,0.4156620019,0.4142770449,0.4119670245,0.4087291132,0.4045192500,0.3993520499,0.3932282584,0.3860539226,0.3778605201,0.3685688483,0.3581047651,0.3463992017,0.3333110954,0.3186681524,0.3022053052,0.2835005999,0.2618050020,0.2356842291,0.2014280964,0.1401024501
46980.000000,0.4155527347,0.4150635704,0.4136811331,0.4113753081,0.4081432614,0.4039409936,0.3987830705,0.3926702086,0.3855085786,0.3773295591,0.3680540215,0.3576078674,0.3459220413,0.3328555633,0.3182362084,0.3017990034,0.2831220958,0.2614564857,0.2353673928,0.2011405380,0.1397554321
47040.000000,0.4149534107,0.4144651388,0.4130852214,0.4107835918,0.4075574096,0.4033627371,0.3982140910,0.3921121588,0.3849632345,0.3767985980,0.3675391946,0.3571109697,0.3454448808,0.3324000312,0.3178042644,0.3013927016,0.2827435917,0.2611079695,0.2350505565,0.2008529796,0.1394084141
47100.000000,0.4143581266,0.4138707422,0.4124933309,0.4101958737,0.4069755242,0.4027884058,0.3976489868,0.3915579257,0.3844216397,0.3762713108,0.3670279582,0.3566175715,0.3449711223,0.3319477975,0.3173755112,0.3009894816,0.2823680645,0.2607623413,0.2347365660,0.2005683784,0.1390646869
47160.000000,0.4137628425,0.4132763457,0.4119014404,0.4096081557,0.4063936387,0.4022140745,0.3970838825,0.3910036926,0.3838800450,0.3757440236,0.3665167218,0.3561241733,0.3444973638,0.3314955638,0.3169467580,0.3005862616,0.2819925374,0.2604167131,0.2344225754,0.2002837772,0.1387209598
47220.000000,0.4131715652,0.4126859511,0.4113135382,0.4090244031,0.4058156870,0.4016436359,0.3965226211,0.3904532442,0.3833421678,0.3752203789,0.3660090449,0.3556342441,0.3440269769,0.3310465985,0.3165211658,0.3001860937,0.2816199572,0.2600739424,0.2341113985,0.2000020982,0.1383804983
47280.000000,0.4125802880,0.4120955565,0.4107256359,0.4084406505,0.4052377352,0.4010731973,0.3959613598,0.3899027957,0.3828042907,0.3746967342,0.3655013680,0.3551443148,0.3435565900,0.3305976333,0.3160955736,0.2997859258,0.2812473771,0.2597311717,0.2338002216,0.1997204192,0.1380400367
47340.000000,0.4119929847,0.4115091311,0.4101416891,0.4078608307,0.4046636847,0.4005066192,0.3954039093,0.3893561002,0.3822700998,0.3741767010,0.3649972198,0.3546578242,0.3430895447,0.3301519067,0.3156731129,0.2993887806,0.2808777143,0.2593912282,0.2334918266,0.1994416276,0.1377028154
47400.000000,0.4114056814,0.4109227056,0.4095577424,0.4072810109,0.4040896342,0.3999400411,0.3948464589,0.3888094048,0.3817359088,0.3736566678,0.3644930717,0.3541713335,0.3426224994,0.3297061802,0.3152506522,0.2989916353,0.2805080516,0.2590512847,0.2331834316,0.1991628361,0.1373655941
47460.000000,0.4108223195,0.4103402168,0.4089777186,0.4067050916,0.4035194526,0.3993772914,0.3942927877,0.3882664308,0.3812053730,0.3731402152,0.3639924220,0.3536882514,0.3421587659,0.3292636629,0.3148312937,0.2985974836,0.2801412768,0.2587141384,0.2328777871,0.1988868974,0.1370315876
47520.000000,0.4102389576,0.4097577279,0.4083976949,0.4061291723,0.4029492711,0.3988145417,0.3937391164,0.3877234569,0.3806748371,0.3726237627,0.3634917722,0.3532051692,0.3416950324,0.3288211456,0.3144119352,0.2982033318,0.2797745021,0.2583769921,0.2325721425,0.1986109588,0.1366975811
47580.000000,0.4096595049,0.4091791434,0.4078215620,0.4055571213,0.4023829267,0.3982555888,0.3931891929,0.3871841733,0.3801479255,0.3721108603,0.3629945906,0.3527254657,0.3412345813,0.3283818083,0.3139956500,0.2978121445,0.2794105862,0.2580426132,0.2322692170,0.1983378389,0.1363667642
47640.000000,0.4090800521,0.4086005589,0.4072454291,0.4049850704,0.4018165823,0.3976966358,0.3926392694,0.3866448897,0.3796210139,0.3715979578,0.3624974090,0.3522457622,0.3407741302,0.3279424710,0.3135793647,0.2974209572,0.2790466703,0.2577082342,0.2319662916,0.1980647189,0.1360359472
47700.000000,0.4085044765,0.4080258467,0.4066731551,0.4044168560,0.4012540433,0.3971414482,0.3920930624,0.3861092655,0.3790976958,0.3710885753,0.3620036656,0.3517694077,0.3403169321,0.3275062847,0.3131661239,0.2970327057,0.2786855845,0.2573765933,0.2316660544,0.1977943835,0.1357082944
47760.000000,0.4079289008,0.4074511346,0.4061008811,0.4038486417,0.4006915043,0.3965862606,0.3915468554,0.3855736413,0.3785743778,0.3705791927,0.3615099222,0.3512930533,0.3398597340,0.3270700985,0.3127528831,0.2966444543,0.2783244986,0.2570449523,0.2313658172,0.1975240481,0.1353806416
47820.000000,0.4073571705,0.4068802630,0.4055324343,0.4032842323,0.4001327394,0.3960348070,0.3910043339,0.3850416458,0.3780546229,0.3700732999,0.3610195874,0.3508200186,0.3394057601,0.3266370346,0.3123426582,0.2962591102,0.2779662141,0.2567160200,0.2310682374,0.1972564635,0.1350561276
47880.000000,0.4067854401,0.4063093914,0.4049639875,0.4027198230,0.3995739745,0.3954833535,0.3904618125,0.3845096503,0.3775348681,0.3695674072,0.3605292525,0.3503469838,0.3389517861,0.3262039707,0.3119324334,0.2958737661,0.2776079297,0.2563870878,0.2307706577,0.1969888788,0.1347316135
47940.000000,0.4062175236,0.4057423289,0.4043993365,0.4021591873,0.3990189525,0.3949356032,0.3899229459,0.3839812532,0.3770186464,0.3690649745,0.3600422967,0.3498772398,0.3385010074,0.3257740007,0.3115251963,0.2954913013,0.2772524183,0.2560608353,0.2304757051,0.1967240114,0.1344102128
48000.000000,0.4056496071,0.4051752664,0.4038346856,0.4015985517,0.3984639305,0.3943878528,0.3893840794,0.3834528560,0.3765024247,0.3685625418,0.3595553410,0.3494074957,0.3380502288,0.3253440307,0.3111179591,0.2951088365,0.2768969069,0.2557345827,0.2301807524,0.1964591439,0.1340888122
48060.000000,0.4050854732,0.4046119818,0.4032737993,0.4010416588,0.3979126205,0.3938437750,0.3888488372,0.3829280271,0.3759897063,0.3680635396,0.3590717352,0.3489410134,0.3376026169,0.3249171264,0.3107136817,0.2947292229,0.2765441406,0.2554109813,0.2298883967,0.1961969604,0.1337704996
48120.000000,0.4045213392,0.4040486972,0.4027129130,0.4004847658,0.3973613106,0.3932996972,0.3883135951,0.3824031981,0.3754769879,0.3675645374,0.3585881293,0.3484745311,0.3371550051,0.3244902221,0.3103094043,0.2943496094,0.2761913742,0.2550873799,0.2295960410,0.1959347768,0.1334521869
48180.000000,0.4039609569,0.4034891596,0.4021557604,0.3999315848,0.3968136820,0.3927592614,0.3877819473,0.3818819074,0.3749677431,0.3670689365,0.3581078445,0.3480112821,0.3367105318,0.3240663555,0.3099080589,0.2939728195,0.2758413250,0.2547664011,0.2293062523,0.1956752439,0.1331369370
48240.000000,0.4034005746,0.4029296219,0.4015986079,0.3993784038,0.3962660535,0.3922188257,0.3872502995,0.3813606166,0.3744584984,0.3665733355,0.3576275597,0.3475480331,0.3362660586,0.3236424889,0.3095067135,0.2935960296,0.2754912758,0.2544454223,0.2290164637,0.1954157111,0.1328216870
48300.000000,0.4028439131,0.4023738005,0.4010451586,0.3988289042,0.3957220761,0.3916820018,0.3867222160,0.3808428345,0.3739526980,0.3660811068,0.3571505672,0.3470879889,0.3358246959,0.3232216323,0.3091082726,0.2932220360,0.2751439162,0.2541270381,0.2287292125,0.1951587962,0.1325094743
48360.000000,0.4022872516,0.4018179791,0.4004917092,0.3982794045,0.3951780986,0.3911451780,0.3861941325,0.3803250524,0.3734468975,0.3655888781,0.3566735746,0.3466279448,0.3353833332,0.3228007757,0.3087098316,0.2928480424,0.2747965566,0.2538086538,0.2284419613,0.1949018814,0.1321972617
48420.000000,0.4017342806,0.4012658434,0.3999419326,0.3977335560,0.3946377421,0.3906119362,0.3856695837,0.3798107496,0.3729445123,0.3650999928,0.3561998460,0.3461710774,0.3349450533,0.3223829016,0.3083142679,0.2924768178,0.2744518593,0.2534928361,0.2281572183,0.1946475519,0.1318880610
48480.000000,0.4011813095,0.4007137078,0.3993921560,0.3971877076,0.3940973856,0.3900786944,0.3851450348,0.3792964467,0.3724421271,0.3646111076,0.3557261174,0.3457142101,0.3345067734,0.3219650276,0.3079187043,0.2921055933,0.2741071620,0.2531770185,0.2278724752,0.1943932224,0.1315788603
48540.000000,0.4006319986,0.4001652278,0.3988460220,0.3966454802,0.3935606202,0.3895490050,0.3846239913,0.3787855938,0.3719431283,0.3641255372,0.3552556244,0.3452604917,0.3340715488,0.3215501088,0.3075259908,0.2917371109,0.2737650999,0.2528637398,0.2275902113,0.1941414460,0.1312726462
48600.000000,0.4000826878,0.3996167477,0.3982998881,0.3961032528,0.3930238548,0.3890193155,0.3841029477,0.3782747410,0.3714441295,0.3636399669,0.3547851315,0.3448067733,0.3336363242,0.3211351901,0.3071332774,0.2913686285,0.2734230379,0.2525504612,0.2273079473,0.1938896696,0.1309664321
48660.000000,0.3995370071,0.3990718934,0.3977573669,0.3955646168,0.3924906509,0.3884931491,0.3835853802,0.3777673093,0.3709484884,0.3631576832,0.3543178463,0.3443561762,0.3332041276,0.3207231997,0.3067433874,0.2910028616,0.2730835843,0.2522396942,0.2270281337,0.1936404142,0.1306631793
48720.000000,0.3989913264,0.3985270390,0.3972148457,0.3950259808,0.3919574470,0.3879669826,0.3830678127,0.3772598776,0.3704528474,0.3626753995,0.3538505611,0.3439055792,0.3327719310,0.3203112093,0.3063534974,0.2906370947,0.2727441307,0.2519289272,0.2267483201,0.1933911589,0.1303599264
48780.000000,0.3984492463,0.3979857806,0.3966759077,0.3944909066,0.3914277752,0.3874443099,0.3825536924,0.3767558384,0.3699605357,0.3621963744,0.3533864559,0.3434580761,0.3323427354,0.3199021205,0.3059664044,0.2902740170,0.2724072591,0.2516206447,0.2264709283,0.1931443928,0.1300596096
48840.000000,0.3979071661,0.3974445222,0.3961369697,0.3939558324,0.3908981034,0.3869216372,0.3820395720,0.3762517992,0.3694682241,0.3617173493,0.3529223508,0.3430105730,0.3319135398,0.3194930317,0.3055793115,0.2899109392,0.2720703875,0.2513123623,0.2261935366,0.1928976267,0.1297592928
48900.000000,0.3973686570,0.3969068303,0.3956015854,0.3934242908,0.3903719347,0.3864024293,0.3815288701,0.3757511241,0.3689792137,0.3612415550,0.3524613982,0.3425661369,0.3314873184,0.3190868180,0.3051949892,0.2895505244,0.2717360715,0.2510065376,0.2259185384,0.1926533185,0.1294618867
48960.000000,0.3968301479,0.3963691384,0.3950662011,0.3928927493,0.3898457659,0.3858832215,0.3810181682,0.3752504489,0.3684902033,0.3607657607,0.3520004456,0.3421217007,0.3310610970,0.3186806043,0.3048106669,0.2891901095,0.2714017555,0.2507007129,0.2256435403,0.1924090102,0.1291644806
49020.000000,0.3962951806,0.3958349838,0.3945343415,0.3923647112,0.3893230713,0.3853674498,0.3805108564,0.3747531097,0.3680044663,0.3602931696,0.3515426184,0.3416803044,0.3306378232,0.3182772395,0.3044290893,0.2888323317,0.2710699691,0.2503973193,0.2253709079,0.1921671285,0.1288699600
49080.000000,0.3957602133,0.3953008292,0.3940024819,0.3918366732,0.3888003767,0.3848516782,0.3800035445,0.3742557705,0.3675187293,0.3598205785,0.3510847912,0.3412389082,0.3302145494,0.3178738746,0.3040475118,0.2884745539,0.2707381827,0.2500939258,0.2250982755,0.1919252468,0.1285754393
49140.000000,0.3952287589,0.3947701830,0.3934741180,0.3913121100,0.3882811277,0.3843393143,0.3794995944,0.3737617392,0.3670362381,0.3593511634,0.3506300623,0.3408005253,0.3297941970,0.3174733326,0.3036686531,0.2881193875,0.2704089002,0.2497929372,0.2248279812,0.1916857608,0.1282837789
49200.000000,0.3946973044,0.3942395368,0.3929457542,0.3907875467,0.3877618786,0.3838269504,0.3789956444,0.3732677079,0.3665537469,0.3588817482,0.3501753334,0.3403621425,0.3293738445,0.3170727906,0.3032897944,0.2877642210,0.2700796176,0.2494919485,0.2245576868,0.1914462748,0.1279921184
49260.000000,0.3941693341,0.3937123703,0.3924208574,0.3902664297,0.3872460467,0.3833179661,0.3784950282,0.3727769568,0.3660744740,0.3584154819,0.3497236762,0.3399267465,0.3289563873,0.3166750457,0.3029136291,0.2874116405,0.2697528134,0.2491933387,0.2242897032,0.1912091538,0.1277032930
49320.000000,0.3936413637,0.3931852037,0.3918959607,0.3897453127,0.3867302148,0.3828089818,0.3779944119,0.3722862058,0.3655952012,0.3579492155,0.3492720189,0.3394913505,0.3285389301,0.3162773007,0.3025374638,0.2870590600,0.2694260092,0.2488947290,0.2240217195,0.1909720329,0.1274144676
49380.000000,0.3931168490,0.3926614883,0.3913745026,0.3892276137,0.3862177719,0.3823033491,0.3774971019,0.3717987075,0.3651191195,0.3574860712,0.3488234068,0.3390589153,0.3281243423,0.3158823273,0.3021639665,0.2867090402,0.2691016580,0.2485984723,0.2237560195,0.1907372465,0.1271284521
49440.000000,0.3925923343,0.3921377730,0.3908530446,0.3887099146,0.3857053289,0.3817977164,0.3769997918,0.3713112093,0.3646430378,0.3570229268,0.3483747946,0.3386264801,0.3277097544,0.3154873539,0.3017904692,0.2863590205,0.2687773068,0.2483022156,0.2234903195,0.1905024602,0.1268424366
49500.000000,0.3920712469,0.3916174806,0.3903349971,0.3881956055,0.3851962471,0.3812954076,0.3765057603,0.3708269366,0.3641701203,0.3565628778,0.3479292012,0.3381969796,0.3272980104,0.3150951266,0.3014196150,0.2860115365,0.2684553837,0.2480082865,0.2232268763,0.1902699785,0.1265592058
49560.000000,0.3915501595,0.3910971882,0.3898169496,0.3876812963,0.3846871653,0.3807930988,0.3760117289,0.3703426639,0.3636972029,0.3561028287,0.3474836079,0.3377674792,0.3268862664,0.3147028994,0.3010487607,0.2856640525,0.2681334605,0.2477143575,0.2229634331,0.1900374968,0.1262759750
49620.000000,0.3910324715,0.3905802908,0.3893022847,0.3871703492,0.3841814169,0.3802940864,0.3755209488,0.3698615898,0.3632274230,0.3556458487,0.3470410072,0.3373408878,0.3264773407,0.3143133933,0.3006805246,0.2853190797,0.2678139406,0.2474227307,0.2227022202,0.1898072898,0.1259955039
49680.000000,0.3905147834,0.3900633933,0.3887876198,0.3866594022,0.3836756685,0.3797950740,0.3750301688,0.3693805157,0.3627576431,0.3551888686,0.3465984066,0.3369142965,0.3260684151,0.3139238872,0.3003122885,0.2849741068,0.2674944207,0.2471311040,0.2224410072,0.1895770829,0.1257150328
49740.000000,0.3900004670,0.3895498631,0.3882763099,0.3861517896,0.3831732261,0.3792993308,0.3745426131,0.3689026133,0.3622909742,0.3547349313,0.3461587729,0.3364905887,0.3256622827,0.3135370773,0.2999466459,0.2846316206,0.2671772796,0.2468417547,0.2221819984,0.1893491214,0.1254372963
49800.000000,0.3894861505,0.3890363329,0.3877649999,0.3856441770,0.3826707836,0.3788035876,0.3740550574,0.3684247110,0.3618243054,0.3542809941,0.3457191392,0.3360668809,0.3252561503,0.3131502675,0.2995810033,0.2842891344,0.2668601384,0.2465524053,0.2219229895,0.1891211598,0.1251595598
49860.000000,0.3889751781,0.3885261424,0.3872570174,0.3851398716,0.3821716200,0.3783110865,0.3735706992,0.3679499539,0.3613607214,0.3538300737,0.3452824468,0.3356460315,0.3248527862,0.3127661293,0.2992179300,0.2839491106,0.2665453517,0.2462653086,0.2216661587,0.1888954144,0.1248845330
49920.000000,0.3884642056,0.3880159518,0.3867490349,0.3846355661,0.3816724564,0.3778185855,0.3730863411,0.3674751969,0.3608971374,0.3533791533,0.3448457545,0.3352251820,0.3244494221,0.3123819911,0.2988548566,0.2836090868,0.2662305649,0.2459782119,0.2214093279,0.1886696689,0.1246095062
49980.000000,0.3879565499,0.3875090737,0.3862443526,0.3841345407,0.3811765445,0.3773292997,0.3726051540,0.3670035588,0.3604366122,0.3529312241,0.3444119780,0.3348071659,0.3240488016,0.3120005002,0.2984943283,0.2832715014,0.2659181086,0.2456933434,0.2211546496,0.1884461108,0.1243371641
50040.000000,0.3874488941,0.3870021955,0.3857396704,0.3836335152,0.3806806327,0.3768400140,0.3721239668,0.3665319207,0.3599760869,0.3524832948,0.3439782016,0.3343891498,0.3236481811,0.3116190093,0.2981337999,0.2829339161,0.2656056523,0.2454084749,0.2208999712,0.1882225526,0.1240648220
50100.000000,0.3869445280,0.3864986027,0.3852382613,0.3831357429,0.3801879459,0.3763539171,0.3716459244,0.3660633755,0.3595185948,0.3520383313,0.3435473160,0.3339739421,0.3232502798,0.3112401415,0.2977757928,0.2825987454,0.2652955026,0.2451258104,0.2206474198,0.1880011531,0.1237951398
50160.000000,0.3864401619,0.3859950099,0.3847368523,0.3826379706,0.3796952591,0.3758678202,0.3711678819,0.3655948303,0.3590611026,0.3515933677,0.3431164303,0.3335587344,0.3228523785,0.3108612737,0.2974177856,0.2822635747,0.2649853529,0.2448431459,0.2203948684,0.1877797536,0.1235254576
50220.000000,0.3859390585,0.3854946756,0.3842386897,0.3821434248,0.3792057709,0.3753848858,0.3706929580,0.3651293521,0.3586066178,0.3511513446,0.3426884106,0.3331463107,0.3224571721,0.3104850051,0.2970622759,0.2819307952,0.2646774863,0.2445626615,0.2201444190,0.1875604845,0.1232584105
50280.000000,0.3854379551,0.3849943413,0.3837405272,0.3816488790,0.3787162826,0.3749019514,0.3702180341,0.3646638739,0.3581521331,0.3507093215,0.3422603908,0.3327338869,0.3220619656,0.3101087364,0.2967067662,0.2815980157,0.2643696197,0.2442821771,0.2198939695,0.1873412154,0.1229913633
50340.000000,0.3849400879,0.3844972389,0.3832455846,0.3811575331,0.3782299667,0.3744221533,0.3697462029,0.3642014371,0.3577006304,0.3502702138,0.3418352122,0.3323242227,0.3216694301,0.3097350433,0.2963537305,0.2812676041,0.2640640128,0.2440038490,0.2196455970,0.1871240488,0.1227269265
50400.000000,0.3844422207,0.3840001365,0.3827506419,0.3806661873,0.3777436507,0.3739423553,0.3692743717,0.3637390003,0.3572491278,0.3498311061,0.3414100336,0.3319145585,0.3212768945,0.3093613501,0.2960006948,0.2809371925,0.2637584060,0.2437255209,0.2193972246,0.1869068821,0.1224624898
50460.000000,0.3839475632,0.3835062396,0.3822588929,0.3801780153,0.3772604809,0.3734656677,0.3688056075,0.3632795796,0.3568005821,0.3493948890,0.3409876717,0.3315076297,0.3208870060,0.3089902089,0.2956501100,0.2806091257,0.2634550359,0.2434493258,0.2191509046,0.1866917901,0.1222006386
50520.000000,0.3834529057,0.3830123427,0.3817671439,0.3796898433,0.3767773111,0.3729889801,0.3683368432,0.3628201588,0.3563520365,0.3489586719,0.3405653098,0.3311007008,0.3204971175,0.3086190677,0.2952995251,0.2802810589,0.2631516657,0.2431731307,0.2189045846,0.1864766981,0.1219387875
50580.000000,0.3829614318,0.3825216252,0.3812785624,0.3792048191,0.3762972616,0.3725153774,0.3678711206,0.3623637288,0.3559064229,0.3485253207,0.3401457404,0.3306964835,0.3201098525,0.3082504552,0.2949513680,0.2799553141,0.2628505095,0.2428990453,0.2186602928,0.1862636535,0.1216794975
50640.000000,0.3824699579,0.3820309077,0.3807899809,0.3787197950,0.3758172121,0.3720417746,0.3674053980,0.3619072988,0.3554608093,0.3480919696,0.3397261709,0.3302922661,0.3197225874,0.3078818427,0.2946032110,0.2796295693,0.2625493532,0.2426249599,0.2184160010,0.1860506089,0.1214202074
50700.000000,0.3819816415,0.3815433436,0.3803045411,0.3782378928,0.3753402574,0.3715712312,0.3669426917,0.3614538346,0.3550181031,0.3476614601,0.3393093698,0.3298907366,0.3193379225,0.3075157358,0.2942574589,0.2793061239,0.2622503883,0.2423529614,0.2181737134,0.1858395845,0.1211634540
50760.000000,0.3814933252,0.3810557795,0.3798191012,0.3777559907,0.3748633026,0.3711006879,0.3664799854,0.3610003705,0.3545753969,0.3472309506,0.3388925687,0.3294892070,0.3189532576,0.3071496289,0.2939117069,0.2789826786,0.2619514233,0.2420809628,0.2179314258,0.1856285602,0.1209067005
50820.000000,0.3810081407,0.3805713431,0.3793367774,0.3772771851,0.3743894172,0.3706331786,0.3660202704,0.3605498474,0.3541355737,0.3468032585,0.3384785121,0.3290903416,0.3185711696,0.3067860049,0.2935683374,0.2786615103,0.2616546273,0.2418110284,0.2176911186,0.1854195294,0.1206524592
50880.000000,0.3805229563,0.3800869067,0.3788544535,0.3767983795,0.3739155318,0.3701656694,0.3655605555,0.3600993243,0.3536957504,0.3463755665,0.3380644556,0.3286914763,0.3181890817,0.3064223809,0.2932249678,0.2783403419,0.2613578313,0.2415410941,0.2174508115,0.1852104986,0.1203982179
50940.000000,0.3800408782,0.3796055725,0.3783752203,0.3763226451,0.3734446904,0.3697011694,0.3651038071,0.3596517178,0.3532587858,0.3459506679,0.3376531199,0.3282952520,0.3178095477,0.3060612171,0.2928839584,0.2780214285,0.2610631822,0.2412732014,0.2172124613,0.1850034348,0.1201464644
51000.000000,0.3795588001,0.3791242384,0.3778959870,0.3758469107,0.3729738491,0.3692366693,0.3646470587,0.3592041113,0.3528218212,0.3455257694,0.3372417843,0.3278990277,0.3174300138,0.3057000532,0.2925429490,0.2777025152,0.2607685330,0.2410053088,0.2169741111,0.1847963710,0.1198947109
51060.000000,0.3790798030,0.3786459812,0.3774198191,0.3753742223,0.3725060270,0.3687751536,0.3641932523,0.3587593970,0.3523876912,0.3451036406,0.3368331462,0.3275054213,0.3170530111,0.3053413272,0.2922042776,0.2773858348,0.2604760088,0.2407394357,0.2167376947,0.1845912482,0.1196454210
51120.000000,0.3786008060,0.3781677240,0.3769436511,0.3749015339,0.3720382048,0.3683136379,0.3637394459,0.3583146826,0.3519535613,0.3446815118,0.3364245080,0.3271118149,0.3166760085,0.3049826012,0.2918656063,0.2770691544,0.2601834846,0.2404735626,0.2165012783,0.1843861254,0.1193961311
51180.000000,0.3781248649,0.3776925186,0.3764705236,0.3744318667,0.3715733770,0.3678550820,0.3632885571,0.3578728364,0.3515222421,0.3442621293,0.3360185442,0.3267208036,0.3163015146,0.3046262908,0.2915292510,0.2767546853,0.2598930637,0.2402096872,0.2162667728,0.1841829176,0.1191492806
51240.000000,0.3776489238,0.3772173133,0.3759973960,0.3739621996,0.3711085492,0.3673965261,0.3628376683,0.3574309902,0.3510909229,0.3438427468,0.3356125805,0.3263297922,0.3159270207,0.3042699805,0.2911928958,0.2764402162,0.2596026428,0.2399458118,0.2160322673,0.1839797099,0.1189024301
51300.000000,0.3771760138,0.3767451350,0.3755272840,0.3734955289,0.3706466913,0.3669409056,0.3623896730,0.3569919882,0.3506623909,0.3434260872,0.3352092680,0.3259413533,0.3155550133,0.3039160637,0.2908588350,0.2761279369,0.2593143038,0.2396839123,0.2157996500,0.1837783917,0.1186579949
51360.000000,0.3767031038,0.3762729567,0.3750571720,0.3730288581,0.3701848334,0.3664852851,0.3619416777,0.3565529862,0.3502338590,0.3430094276,0.3348059555,0.3255529144,0.3151830060,0.3035621470,0.2905247743,0.2758156577,0.2590259648,0.2394220129,0.2155670327,0.1835770734,0.1184135598
51420.000000,0.3762332003,0.3758037808,0.3745900509,0.3725651595,0.3697259210,0.3660325758,0.3614965519,0.3561168048,0.3498080907,0.3425954679,0.3344052716,0.3251670255,0.3148134630,0.3032106022,0.2901929865,0.2755055470,0.2587396866,0.2391620679,0.2153362813,0.1833776196,0.1181715160
51480.000000,0.3757632967,0.3753346049,0.3741229299,0.3721014608,0.3692670086,0.3655798666,0.3610514261,0.3556806233,0.3493823225,0.3421815081,0.3340045878,0.3247811366,0.3144439200,0.3028590574,0.2898611987,0.2751954364,0.2584534083,0.2389021230,0.2151055300,0.1831781657,0.1179294723
51540.000000,0.3752963752,0.3748684070,0.3736587755,0.3716407098,0.3688110176,0.3651300447,0.3606091462,0.3552472389,0.3489592948,0.3417702253,0.3336065098,0.3243977755,0.3140768195,0.3025098629,0.2895316627,0.2748874733,0.2581691697,0.2386441114,0.2148766223,0.1829805512,0.1176897962
51600.000000,0.3748294536,0.3744022090,0.3731946211,0.3711799589,0.3683550265,0.3646802228,0.3601668662,0.3548138544,0.3485362672,0.3413589425,0.3332084319,0.3240144143,0.3137097190,0.3021606684,0.2892021266,0.2745795102,0.2578849312,0.2383860998,0.2146477147,0.1827829368,0.1174501200
51660.000000,0.3743654898,0.3739389649,0.3727334092,0.3707221316,0.3679019330,0.3642332645,0.3597274085,0.3543832437,0.3481159571,0.3409503139,0.3328129377,0.3236335589,0.3133450393,0.3018138030,0.2888748213,0.2742736738,0.2576027117,0.2381300006,0.2144206290,0.1825871371,0.1172127877
51720.000000,0.3739015261,0.3734757207,0.3722721973,0.3702643044,0.3674488395,0.3637863061,0.3592879508,0.3539526330,0.3476956470,0.3405416853,0.3324174434,0.3232527035,0.3129803596,0.3014669375,0.2885475159,0.2739678375,0.2573204922,0.2378739014,0.2141935433,0.1823913374,0.1169754554
51780.000000,0.3734404960,0.3730154063,0.3718139039,0.3698093770,0.3669986197,0.3633421879,0.3588512921,0.3535247730,0.3472780317,0.3401356885,0.3320245106,0.3228743321,0.3126180793,0.3011223799,0.2882224205,0.2736641073,0.2570402712,0.2376196939,0.2139682580,0.1821973283,0.1167404433
51840.000000,0.3729794659,0.3725550919,0.3713556105,0.3693544496,0.3665483999,0.3628980696,0.3584146334,0.3530969130,0.3468604163,0.3397296917,0.3316315777,0.3224959606,0.3122557990,0.3007778223,0.2878973250,0.2733603771,0.2567600502,0.2373654864,0.2137429727,0.1820033191,0.1165054312
51900.000000,0.3725213458,0.3720976834,0.3709002119,0.3689023984,0.3661010304,0.3624567681,0.3579807505,0.3526717809,0.3464454732,0.3393263044,0.3312411844,0.3221200514,0.3118958968,0.3004355516,0.2875744188,0.2730587327,0.2564818074,0.2371131501,0.2135194664,0.1818110765,0.1162727159
51960.000000,0.3720632256,0.3716402750,0.3704448133,0.3684503472,0.3656536609,0.3620154665,0.3575468676,0.3522466487,0.3460305300,0.3389229170,0.3308507911,0.3217441422,0.3115359946,0.3000932810,0.2872515126,0.2727570882,0.2562035647,0.2368608138,0.2132959601,0.1816188339,0.1160400005
52020.000000,0.3716079918,0.3711857489,0.3699922859,0.3680011487,0.3652091184,0.3615769586,0.3571157376,0.3518242216,0.3456182367,0.3385221170,0.3304629155,0.3213706739,0.3111784493,0.2997532765,0.2869307752,0.2724575094,0.2559272801,0.2366103285,0.2130742119,0.1814283340,0.1158095585
52080.000000,0.3711527579,0.3707312228,0.3695397586,0.3675519503,0.3647645758,0.3611384506,0.3566846077,0.3514017946,0.3452059433,0.3381213170,0.3300750399,0.3209972056,0.3108209041,0.2994132721,0.2866100378,0.2721579306,0.2556509955,0.2363598432,0.2128524637,0.1812378342,0.1155791165
52140.000000,0.3707003869,0.3702795556,0.3690900791,0.3671055814,0.3643228371,0.3607027133,0.3562562080,0.3509820502,0.3447962775,0.3377230826,0.3296896605,0.3206261569,0.3104656951,0.2990755133,0.2862914490,0.2718603974,0.2553766492,0.2361111889,0.2126324527,0.1810490538,0.1153509246
52200.000000,0.3702480160,0.3698278885,0.3686403997,0.3666592125,0.3638810985,0.3602669761,0.3558278083,0.3505623059,0.3443866118,0.3373248481,0.3293042811,0.3202551083,0.3101104860,0.2987377545,0.2859728602,0.2715628642,0.2551023030,0.2358625345,0.2124124417,0.1808602735,0.1151227327
52260.000000,0.3697984846,0.3693790571,0.3681935450,0.3662156501,0.3634421408,0.3598339868,0.3554021162,0.3501452219,0.3439795516,0.3369291574,0.3289213765,0.3198864583,0.3097575924,0.2984022211,0.2856564001,0.2712673568,0.2548298754,0.2356156914,0.2121941474,0.1806731895,0.1148967677
52320.000000,0.3693489533,0.3689302257,0.3677466903,0.3657720877,0.3630031830,0.3594009974,0.3549764242,0.3497281380,0.3435724915,0.3365334667,0.3285384719,0.3195178083,0.3094046988,0.2980666877,0.2853399399,0.2709718495,0.2545574479,0.2353688483,0.2119758531,0.1804861054,0.1146708028
52380.000000,0.3689022386,0.3684842071,0.3673026375,0.3653313090,0.3625669836,0.3589707335,0.3545534176,0.3493136924,0.3431680151,0.3361402983,0.3281580209,0.3191515361,0.3090541002,0.2977333595,0.2850255886,0.2706783486,0.2542869196,0.2351237969,0.2117592553,0.1803006950,0.1144470419
52440.000000,0.3684555239,0.3680381885,0.3668585847,0.3648905302,0.3621307841,0.3585404696,0.3541304110,0.3488992468,0.3427635387,0.3357471299,0.3277775700,0.3187852639,0.3087035016,0.2974000314,0.2847112373,0.2703848476,0.2540163914,0.2348787455,0.2115426575,0.1801152846,0.1142232809
52500.000000,0.3680116031,0.3675949599,0.3664173109,0.3644525125,0.3616973205,0.3581129089,0.3537100676,0.3484874176,0.3423616246,0.3353564625,0.3273995517,0.3184213489,0.3083551778,0.2970688885,0.2843989751,0.2700933337,0.2537477432,0.2346354665,0.2113277362,0.1799315253,0.1140017011
52560.000000,0.3675676822,0.3671517313,0.3659760372,0.3640144948,0.3612638568,0.3576853481,0.3532897243,0.3480755885,0.3419597104,0.3349657951,0.3270215334,0.3180574339,0.3080068539,0.2967377456,0.2840867130,0.2698018197,0.2534790951,0.2343921875,0.2111128148,0.1797477660,0.1137801213
52620.000000,0.3671265326,0.3667112700,0.3655375201,0.3635792156,0.3608331066,0.3572604682,0.3528720223,0.3476663541,0.3415603371,0.3345776076,0.3266459270,0.3176958556,0.3076607847,0.2964087683,0.2837765207,0.2695122736,0.2532123081,0.2341506618,0.2108995501,0.1795656356,0.1135606999
52680.000000,0.3666853829,0.3662708088,0.3650990029,0.3631439365,0.3604023563,0.3568355884,0.3524543203,0.3472571197,0.3411609637,0.3341894201,0.3262703206,0.3173342774,0.3073147154,0.2960797910,0.2834663283,0.2692227275,0.2529455211,0.2339091362,0.2106862855,0.1793835052,0.1133412785
52740.000000,0.3662469821,0.3658330925,0.3646632200,0.3627113736,0.3599742974,0.3564133676,0.3520392379,0.3468504586,0.3407641099,0.3338036916,0.3258971055,0.3169750156,0.3069708809,0.2957529598,0.2831581866,0.2689351304,0.2526805765,0.2336693450,0.2104746580,0.1792029819,0.1131239929
52800.000000,0.3658085812,0.3653953762,0.3642274370,0.3622788108,0.3595462386,0.3559911468,0.3516241555,0.3464437975,0.3403672561,0.3334179631,0.3255238904,0.3166157538,0.3066270465,0.2954261285,0.2828500449,0.2686475333,0.2524156318,0.2334295537,0.2102630306,0.1790224585,0.1129067074
52860.000000,0.3653729069,0.3649603827,0.3637943662,0.3618489423,0.3591208491,0.3555715633,0.3512116712,0.3460396884,0.3399729009,0.3330346728,0.3251530462,0.3162587885,0.3062854270,0.2951014240,0.2825439347,0.2683618664,0.2521525110,0.2331914784,0.2100530211,0.1788435207,0.1126915352
52920.000000,0.3649372326,0.3645253892,0.3633612953,0.3614190737,0.3586954596,0.3551519797,0.3507991868,0.3456355793,0.3395785456,0.3326513826,0.3247822019,0.3159018232,0.3059438076,0.2947767194,0.2822378246,0.2680761995,0.2518893902,0.2329534030,0.2098430116,0.1786645828,0.1124763630
52980.000000,0.3645042628,0.3640930964,0.3629309145,0.3609918776,0.3582727179,0.3547350119,0.3503892793,0.3452340010,0.3391866681,0.3322705100,0.3244137084,0.3155471345,0.3056043837,0.2944541224,0.2819337272,0.2677924443,0.2516280749,0.2327170252,0.2096346011,0.1784872092,0.1122632820
53040.000000,0.3640712930,0.3636608036,0.3625005338,0.3605646815,0.3578499761,0.3543180441,0.3499793717,0.3448324228,0.3387947906,0.3318896375,0.3240452149,0.3151924457,0.3052649598,0.2941315253,0.2816296298,0.2675086891,0.2513667596,0.2324806473,0.2094261905,0.1783098355,0.1120502010
53100.000000,0.3636410059,0.3632311898,0.3620728214,0.3601401361,0.3574298605,0.3539036706,0.3495720196,0.3444333545,0.3384053701,0.3315111623,0.3236790520,0.3148400139,0.3049277121,0.2938110169,0.2813275266,0.2672268272,0.2511072316,0.2322459487,0.2092193602,0.1781340051,0.1118391889
53160.000000,0.3632107187,0.3628015760,0.3616451090,0.3597155907,0.3570097449,0.3534892972,0.3491646676,0.3440342862,0.3380159496,0.3311326871,0.3233128891,0.3144875820,0.3045904645,0.2934905084,0.2810254234,0.2669449654,0.2508477036,0.2320112501,0.2090125299,0.1779581746,0.1116281769
53220.000000,0.3627830926,0.3623746194,0.3612200433,0.3592936746,0.3565922340,0.3530774969,0.3487598502,0.3436377071,0.3376289657,0.3307565891,0.3229490371,0.3141373876,0.3042553739,0.2931720698,0.2807252959,0.2666649788,0.2505899450,0.2317782128,0.2088072612,0.1777838666,0.1114192118
53280.000000,0.3623554665,0.3619476628,0.3607949777,0.3588717584,0.3561747232,0.3526656966,0.3483550327,0.3432411280,0.3372419818,0.3303804912,0.3225851850,0.3137871932,0.3039202833,0.2928536311,0.2804251684,0.2663849922,0.2503321864,0.2315451755,0.2086019926,0.1776095587,0.1112102468
53340.000000,0.3619304799,0.3615233421,0.3603725374,0.3584524503,0.3557597960,0.3522564485,0.3479527291,0.3428470176,0.3368574143,0.3300067504,0.3222236241,0.3134392168,0.3035873308,0.2925372436,0.2801269984,0.2661068629,0.2500761795,0.2313137818,0.2083982674,0.1774367528,0.1110033069
53400.000000,0.3615054933,0.3610990214,0.3599500971,0.3580331421,0.3553448689,0.3518472003,0.3475504254,0.3424529072,0.3364728467,0.3296330096,0.3218620632,0.3130912405,0.3032543783,0.2922208562,0.2798288284,0.2658287336,0.2498201726,0.2310823881,0.2081945421,0.1772639469,0.1107963670
53460.000000,0.3610831250,0.3606773152,0.3595302610,0.3576164207,0.3549325043,0.3514404836,0.3471506150,0.3420612451,0.3360906754,0.3292616063,0.3215027740,0.3127454631,0.3029235452,0.2919065015,0.2795325978,0.2655524439,0.2495658998,0.2308526205,0.2079923423,0.1770926230,0.1105914306
53520.000000,0.3606607567,0.3602556090,0.3591104249,0.3571996994,0.3545201398,0.3510337668,0.3467508045,0.3416695830,0.3357085040,0.3288902030,0.3211434848,0.3123996857,0.3025927121,0.2915921469,0.2792363672,0.2652761541,0.2493116270,0.2306228529,0.2077901425,0.1769212990,0.1103864943
53580.000000,0.3602409855,0.3598364964,0.3586931719,0.3567855440,0.3541103172,0.3506295608,0.3463534669,0.3412803490,0.3353287090,0.3285211174,0.3207864480,0.3120560884,0.3022639798,0.2912798068,0.2789420581,0.2650016864,0.2490590711,0.2303946940,0.2075894503,0.1767514372,0.1101835399
53640.000000,0.3598212143,0.3594173837,0.3582759189,0.3563713886,0.3537004945,0.3502253548,0.3459561292,0.3408911150,0.3349489139,0.3281520319,0.3204294112,0.3117124910,0.3019352475,0.2909674668,0.2786477491,0.2647272186,0.2488065151,0.2301665351,0.2073887580,0.1765815754,0.1099805855
53700.000000,0.3594040194,0.3590008436,0.3578612282,0.3559597783,0.3532931931,0.3498236391,0.3455612440,0.3405042891,0.3345714755,0.3277852447,0.3200746077,0.3113710549,0.3016085975,0.2906571232,0.2783553439,0.2644545555,0.2485556588,0.2299399679,0.2071895559,0.1764131562,0.1097795918
53760.000000,0.3589868245,0.3585843035,0.3574465375,0.3555481681,0.3528858917,0.3494219233,0.3451663589,0.3401174631,0.3341940370,0.3274184575,0.3197198042,0.3110296188,0.3012819476,0.2903467797,0.2780629387,0.2641818925,0.2483048026,0.2297134007,0.2069903537,0.1762447369,0.1095785980
53820.000000,0.3585721850,0.3581703153,0.3570343885,0.3551390825,0.3524810911,0.3490226776,0.3447739062,0.3397330255,0.3338189355,0.3270539495,0.3193672150,0.3106903254,0.3009573617,0.2900384149,0.2777724200,0.2639110168,0.2480556290,0.2294884082,0.2067926242,0.1760777410,0.1093795438
53880.000000,0.3581575456,0.3577563271,0.3566222395,0.3547299969,0.3520762905,0.3486234319,0.3443814535,0.3393485879,0.3334438341,0.3266894414,0.3190146259,0.3103510320,0.3006327759,0.2897300500,0.2774819012,0.2636401412,0.2478064555,0.2292634158,0.2065948948,0.1759107450,0.1091804895
53940.000000,0.3577454411,0.3573448702,0.3562126116,0.3543234154,0.3516739705,0.3482266362,0.3439914134,0.3389665189,0.3330710502,0.3263271934,0.3186642323,0.3100138628,0.3003102362,0.2894236462,0.2771932514,0.2633710360,0.2475589480,0.2290399814,0.2063986210,0.1757451533,0.1089833537
54000.000000,0.3573333366,0.3569334134,0.3558029837,0.3539168340,0.3512716505,0.3478298404,0.3436013733,0.3385844499,0.3326982664,0.3259649454,0.3183138387,0.3096766936,0.2999876965,0.2891172424,0.2769046017,0.2631019309,0.2473114405,0.2288165470,0.2062023471,0.1755795617,0.1087862178
54060.000000,0.3569237467,0.3565244675,0.3553958567,0.3535127367,0.3508717909,0.3474354747,0.3432137261,0.3382047301,0.3323277810,0.3256049385,0.3179656222,0.3093416305,0.2996671850,0.2888127821,0.2766178039,0.2628345794,0.2470655824,0.2285946542,0.2060075121,0.1754153555,0.1085909796
54120.000000,0.3565141568,0.3561155216,0.3549887297,0.3531086393,0.3504719314,0.3470411090,0.3428260789,0.3378250102,0.3319572956,0.3252449315,0.3176174056,0.3090065673,0.2993466735,0.2885083218,0.2763310061,0.2625672279,0.2468197243,0.2283727615,0.2058126771,0.1752511494,0.1083957414
54180.000000,0.3561070613,0.3557090666,0.3545840835,0.3527070059,0.3500745124,0.3466491536,0.3424408050,0.3374476203,0.3315890896,0.3248871470,0.3172713477,0.3086735921,0.2990281726,0.2882057876,0.2760460433,0.2623016135,0.2465754994,0.2281523940,0.2056192641,0.1750883104,0.1082023800
54240.000000,0.3556999658,0.3553026115,0.3541794372,0.3523053725,0.3496770935,0.3462571981,0.3420555311,0.3370702303,0.3312208836,0.3245293625,0.3169252897,0.3083406169,0.2987096716,0.2879032535,0.2757610805,0.2620359991,0.2463312744,0.2279320265,0.2054258512,0.1749254714,0.1080090187
54300.000000,0.3552953446,0.3548986273,0.3537772518,0.3519061833,0.3492820954,0.3458676335,0.3416726112,0.3366951511,0.3308549381,0.3241737818,0.3165813721,0.3080097118,0.2983931637,0.2876026284,0.2754779358,0.2617721053,0.2460886664,0.2277131683,0.2052338441,0.1747639814,0.1078175138
54360.000000,0.3548907234,0.3544946430,0.3533750663,0.3515069940,0.3488870973,0.3454780688,0.3412896913,0.3363200718,0.3304889926,0.3238182011,0.3162374545,0.3076788067,0.2980766557,0.2873020033,0.2751947912,0.2615082115,0.2458460583,0.2274943101,0.2050418369,0.1746024913,0.1076260089
54420.000000,0.3544885567,0.3540931098,0.3529753219,0.3511102293,0.3484945005,0.3450908755,0.3409091063,0.3359472844,0.3301252890,0.3234648059,0.3158956593,0.3073499539,0.2977621234,0.2870032703,0.2749134481,0.2612460221,0.2456050512,0.2272769453,0.2048512192,0.1744423323,0.1074363400
54480.000000,0.3540863901,0.3536915765,0.3525755775,0.3507134645,0.3481019038,0.3447036822,0.3405285212,0.3355744969,0.3297615854,0.3231114106,0.3155538640,0.3070211011,0.2974475911,0.2867045373,0.2746321050,0.2609838326,0.2453640441,0.2270595805,0.2046606016,0.1742821732,0.1072466711
54540.000000,0.3536866583,0.3532924746,0.3521782545,0.3503191047,0.3477116890,0.3443188410,0.3401502519,0.3352039825,0.3294001052,0.3227601826,0.3152141731,0.3066942832,0.2971350173,0.2864076795,0.2743525471,0.2607233315,0.2451246222,0.2268436934,0.2044713575,0.1741233275,0.1070588182
54600.000000,0.3532869264,0.3528933726,0.3517809315,0.3499247448,0.3473214741,0.3439339998,0.3397719826,0.3348334681,0.3290386249,0.3224089546,0.3148744822,0.3063674652,0.2968224435,0.2861108217,0.2740729892,0.2604628303,0.2448852003,0.2266278062,0.2042821134,0.1739644819,0.1068709652
54660.000000,0.3528896099,0.3524966825,0.3513860105,0.3495327707,0.3469336220,0.3435514918,0.3393960103,0.3344652081,0.3286793497,0.3220598757,0.3145368780,0.3060426647,0.2965118111,0.2858158225,0.2737952002,0.2602040015,0.2446473478,0.2264133813,0.2040942271,0.1738069322,0.1066849081
54720.000000,0.3524922934,0.3520999925,0.3509910895,0.3491407965,0.3465457700,0.3431689837,0.3390200380,0.3340969480,0.3283200744,0.3217107969,0.3141992738,0.3057178641,0.2962011787,0.2855208234,0.2735174112,0.2599451727,0.2444094954,0.2261989564,0.2039063408,0.1736493825,0.1064988511
54780.000000,0.3520973730,0.3517056949,0.3505985513,0.3487511887,0.3461602616,0.3427887899,0.3386463439,0.3337309240,0.3279629860,0.3213638493,0.3138637387,0.3053950638,0.2958924710,0.2852276663,0.2732413750,0.2596880006,0.2441731971,0.2259859785,0.2037197968,0.1734931117,0.1063145701
54840.000000,0.3517024525,0.3513113974,0.3502060131,0.3483615810,0.3457747532,0.3424085961,0.3382726499,0.3333648999,0.3276058976,0.3210169017,0.3135282037,0.3050722635,0.2955837632,0.2849345093,0.2729653388,0.2594308284,0.2439368988,0.2257730005,0.2035332528,0.1733368409,0.1061302892
54900.000000,0.3513099088,0.3509194732,0.3498158385,0.3479743207,0.3453915696,0.3420306978,0.3379012156,0.3330010935,0.3272509779,0.3206720678,0.3131947203,0.3047514463,0.2952769634,0.2846431781,0.2726910395,0.2591752974,0.2437021394,0.2255614544,0.2033480357,0.1731818321,0.1059477647
54960.000000,0.3509173652,0.3505275491,0.3494256639,0.3475870605,0.3450083860,0.3416527995,0.3375297813,0.3326372871,0.3268960583,0.3203272338,0.3128612369,0.3044306291,0.2949701636,0.2843518470,0.2724167401,0.2589197663,0.2434673799,0.2253499082,0.2031628187,0.1730268233,0.1057652401
55020.000000,0.3505271794,0.3501379793,0.3490378341,0.3472021288,0.3446275086,0.3412771782,0.3371605885,0.3322756803,0.3265432897,0.3199844958,0.3125297881,0.3041117782,0.2946652551,0.2840623255,0.2721441620,0.2586658610,0.2432341443,0.2251397790,0.2029789134,0.1728730598,0.1055844526
55080.000000,0.3501369936,0.3497484096,0.3486500043,0.3468171972,0.3442466312,0.3409015569,0.3367913956,0.3319140735,0.3261905210,0.3196417578,0.3121983392,0.3037929273,0.2943603467,0.2837728041,0.2718715838,0.2584119556,0.2430009086,0.2249296498,0.2027950082,0.1727192964,0.1054036652
55140.000000,0.3497491468,0.3493611755,0.3482645005,0.3464345755,0.3438680413,0.3405281943,0.3364244260,0.3315546483,0.3258398856,0.3193010985,0.3118689078,0.3034760260,0.2940573134,0.2834850764,0.2716007111,0.2581596608,0.2427691818,0.2247209228,0.2026123998,0.1725667620,0.1052245954
55200.000000,0.3493613001,0.3489739414,0.3478789966,0.3460519539,0.3434894515,0.3401548316,0.3360574564,0.3311952231,0.3254892503,0.3189604391,0.3115394763,0.3031591247,0.2937542800,0.2831973486,0.2713298385,0.2579073659,0.2425374550,0.2245121958,0.2024297915,0.1724142276,0.1050455256
55260.000000,0.3489757737,0.3485890243,0.3474958002,0.3456716237,0.3431131309,0.3397837093,0.3356926921,0.3308379617,0.3251407307,0.3186218412,0.3112120454,0.3028441563,0.2934531055,0.2829113989,0.2710606560,0.2576566665,0.2423072223,0.2243048564,0.2022484653,0.1722629061,0.1048681545
55320.000000,0.3485902473,0.3482041071,0.3471126038,0.3452912935,0.3427368102,0.3394125871,0.3353279277,0.3304807004,0.3247922110,0.3182832432,0.3108846145,0.3025291880,0.2931519310,0.2826254491,0.2707914735,0.2574059671,0.2420769896,0.2240975171,0.2020671392,0.1721115846,0.1046907833
55380.000000,0.3482070227,0.3478214885,0.3467316963,0.3449132365,0.3423627406,0.3390436872,0.3349653508,0.3301255852,0.3244457898,0.3179466896,0.3105591673,0.3022161363,0.2928525993,0.2823412616,0.2705239659,0.2571568482,0.2418482366,0.2238915510,0.2018870807,0.1719614601,0.1045150919
55440.000000,0.3478237982,0.3474388698,0.3463507889,0.3445351794,0.3419886710,0.3386747873,0.3346027738,0.3297704701,0.3240993686,0.3176101360,0.3102337201,0.3019030845,0.2925532677,0.2820570741,0.2702564582,0.2569077293,0.2416194835,0.2236855850,0.2017070223,0.1718113357,0.1043394005
55500.000000,0.3474428572,0.3470585314,0.3459721522,0.3441593774,0.3416168344,0.3383080918,0.3342423665,0.3294174837,0.3237550286,0.3172756098,0.3099102401,0.3015919331,0.2922557630,0.2817746334,0.2699906104,0.2566601763,0.2413921957,0.2234809781,0.2015282172,0.1716623926,0.1041653700
55560.000000,0.3470619161,0.3466781929,0.3455935154,0.3437835753,0.3412449977,0.3379413964,0.3338819593,0.3290644973,0.3234106886,0.3169410836,0.3095867602,0.3012807818,0.2919582583,0.2814921927,0.2697247625,0.2564126233,0.2411649078,0.2232763712,0.2013494122,0.1715134496,0.1039913396
55620.000000,0.3466832405,0.3463001164,0.3452171313,0.3434100102,0.3408753762,0.3375768877,0.3335237042,0.3287136223,0.3230684127,0.3166085680,0.3092652309,0.3009715146,0.2916625648,0.2812114835,0.2694605595,0.2561666216,0.2409390710,0.2230731094,0.2011718464,0.1713656725,0.1038189515
55680.000000,0.3463045648,0.3459220400,0.3448407472,0.3430364451,0.3405057546,0.3372123791,0.3331654491,0.3283627474,0.3227261368,0.3162760525,0.3089437017,0.3006622475,0.2913668714,0.2809307743,0.2691963565,0.2559206198,0.2407132341,0.2228698477,0.2009942807,0.1712178955,0.1036465635
55740.000000,0.3459281365,0.3455462076,0.3444665978,0.3426650991,0.3401383304,0.3368500396,0.3328093288,0.3280139668,0.3223859082,0.3159455310,0.3086241069,0.3003548487,0.2910729736,0.2806517813,0.2689337835,0.2556761550,0.2404888342,0.2226679172,0.2008179403,0.1710712694,0.1034757995
55800.000000,0.3455517082,0.3451703752,0.3440924483,0.3422937531,0.3397709062,0.3364877001,0.3324532085,0.3276651861,0.3220456796,0.3156150096,0.3083045121,0.3000474499,0.2907790758,0.2803727884,0.2686712106,0.2554316901,0.2402644343,0.2224659868,0.2006415999,0.1709246432,0.1033050355
55860.000000,0.3451775093,0.3447967689,0.3437205158,0.3419246085,0.3394056617,0.3361275123,0.3320992057,0.3273184828,0.3217074815,0.3152864657,0.3079868357,0.2997419037,0.2904869583,0.2800954967,0.2684102530,0.2551887480,0.2400414575,0.2222653740,0.2004664712,0.1707791530,0.1031358774
55920.000000,0.3448033105,0.3444231627,0.3433485833,0.3415554639,0.3390404173,0.3357673246,0.3317452030,0.3269717794,0.3213692835,0.3149579219,0.3076691592,0.2994363575,0.2901948408,0.2798182051,0.2681492955,0.2549458058,0.2398184806,0.2220647613,0.2002913424,0.1706336628,0.1029667193
55980.000000,0.3444313234,0.3440517650,0.3429788500,0.3411885032,0.3386773352,0.3354092714,0.3313933008,0.3266271366,0.3210330993,0.3146313394,0.3073533852,0.2991326482,0.2899044884,0.2795425998,0.2678899390,0.2547043722,0.2395969132,0.2218654527,0.2001174118,0.1704892939,0.1027991490
56040.000000,0.3440593364,0.3436803673,0.3426091167,0.3408215425,0.3383142531,0.3350512182,0.3310413986,0.3262824937,0.3206969152,0.3143047569,0.3070376111,0.2988289389,0.2896141359,0.2792669946,0.2676305824,0.2544629386,0.2393753457,0.2216661441,0.1999434812,0.1703449250,0.1026315787
56100.000000,0.3436895436,0.3433111605,0.3422415652,0.3404567482,0.3379533161,0.3346952824,0.3306915799,0.3259398946,0.3203627286,0.3139801196,0.3067237236,0.2985270511,0.2893255333,0.2789930610,0.2673728125,0.2542229997,0.2391551740,0.2214681265,0.1997707354,0.1702016629,0.1024655785
56160.000000,0.3433197507,0.3429419538,0.3418740137,0.3400919540,0.3375923792,0.3343393466,0.3303417613,0.3255972955,0.3200285420,0.3136554822,0.3064098361,0.2982251632,0.2890369308,0.2787191274,0.2671150426,0.2539830608,0.2389350023,0.2212701088,0.1995979896,0.1700584008,0.1022995783
56220.000000,0.3429521348,0.3425749207,0.3415086267,0.3397293090,0.3372335702,0.3339855112,0.3299940095,0.3252567237,0.3196963367,0.3133327741,0.3060978195,0.2979250816,0.2887500632,0.2784468510,0.2668588452,0.2537446027,0.2387162130,0.2210733689,0.1994264154,0.1699162312,0.1021351304
56280.000000,0.3425845188,0.3422078875,0.3411432397,0.3393666641,0.3368747612,0.3336316759,0.3296462577,0.3249161519,0.3193641313,0.3130100660,0.3057858028,0.2976249999,0.2884631956,0.2781745746,0.2666026478,0.2535061447,0.2384974236,0.2208766290,0.1992548412,0.1697740617,0.1019706826
56340.000000,0.3422190625,0.3418430108,0.3407800000,0.3390061513,0.3365180632,0.3332799242,0.3293005562,0.3245775909,0.3190338911,0.3126892713,0.3054756416,0.2973267091,0.2881780482,0.2779039409,0.2663480088,0.2532691540,0.2382800035,0.2206811539,0.1990844256,0.1696329707,0.1018077696
56400.000000,0.3418536061,0.3414781341,0.3404167602,0.3386456385,0.3361613653,0.3329281725,0.3289548547,0.3242390300,0.3187036509,0.3123684766,0.3051654803,0.2970284184,0.2878929007,0.2776333072,0.2660933699,0.2530321633,0.2380625833,0.2204856788,0.1989140101,0.1694918797,0.1016448567
56460.000000,0.3414902923,0.3411153967,0.3400556508,0.3382872409,0.3358067616,0.3325784879,0.3286111869,0.3239024636,0.3183753598,0.3120495796,0.3048571590,0.2967319036,0.2876094588,0.2773643019,0.2658402756,0.2527966264,0.2378465192,0.2202914557,0.1987447404,0.1693518535,0.1014834614
56520.000000,0.3411269785,0.3407526593,0.3396945414,0.3379288434,0.3354521579,0.3322288032,0.3282675191,0.3235658973,0.3180470687,0.3117306825,0.3045488378,0.2964353888,0.2873260169,0.2770952966,0.2655871813,0.2525610895,0.2376304551,0.2200972326,0.1985754707,0.1692118273,0.1013220661
56580.000000,0.3407657903,0.3403920443,0.3393355454,0.3375725444,0.3350996318,0.3318811691,0.3279258689,0.3232313095,0.3177207110,0.3114136676,0.3042423413,0.2961406351,0.2870442660,0.2768279057,0.2653356179,0.2523269931,0.2374157341,0.2199042488,0.1984073343,0.1690728523,0.1011621714
56640.000000,0.3404046020,0.3400314293,0.3389765495,0.3372162453,0.3347471056,0.3315335349,0.3275842186,0.3228967218,0.3173943532,0.3110966527,0.3039358448,0.2958458813,0.2867625150,0.2765605148,0.2650840545,0.2520928967,0.2372010132,0.2197112651,0.1982391979,0.1689338773,0.1010022766
56700.000000,0.3400455226,0.3396729200,0.3386196502,0.3368620281,0.3343966406,0.3311879350,0.3272445696,0.3225640966,0.3170699131,0.3107815046,0.3036311579,0.2955528739,0.2864824407,0.2762947242,0.2648340084,0.2518602277,0.2369876226,0.2195195082,0.1980721822,0.1687959401,0.1008438655
56760.000000,0.3396864432,0.3393144107,0.3382627510,0.3365078109,0.3340461756,0.3308423350,0.3269049206,0.3222314714,0.3167454730,0.3104663564,0.3033264711,0.2952598665,0.2862023664,0.2760289336,0.2645839623,0.2516275587,0.2367742319,0.2193277513,0.1979051666,0.1686580029,0.1006854544
56820.000000,0.3393294560,0.3389579904,0.3379079319,0.3361556591,0.3336977552,0.3304987530,0.3265672570,0.3219007931,0.3164229350,0.3101530597,0.3030235790,0.2949685908,0.2859239545,0.2757647296,0.2643354201,0.2513963040,0.2365621591,0.2191372090,0.1977392595,0.1685210904,0.1005285102
56880.000000,0.3389724688,0.3386015701,0.3375531128,0.3358035073,0.3333493349,0.3301551710,0.3262295933,0.3215701148,0.3161003970,0.3098397631,0.3027206870,0.2946773151,0.2856455426,0.2755005255,0.2640868780,0.2511650493,0.2363500862,0.2189466667,0.1975733524,0.1683841778,0.1003715660
56940.000000,0.3386175572,0.3382472224,0.3372003574,0.3354534046,0.3330029431,0.3298135909,0.3258938990,0.3212413676,0.3157797457,0.3095283028,0.3024195748,0.2943877567,0.2853687790,0.2752378943,0.2638398264,0.2509351961,0.2361393185,0.2187573267,0.1974085418,0.1682482770,0.1002160722
57000.000000,0.3382626457,0.3378928747,0.3368476021,0.3351033018,0.3326565513,0.3294720108,0.3255582048,0.3209126204,0.3154590943,0.3092168425,0.3021184627,0.2940981983,0.2850920154,0.2749752631,0.2635927749,0.2507053429,0.2359285509,0.2185679868,0.1972437312,0.1681123762,0.1000605783
57060.000000,0.3379097935,0.3375405832,0.3364968942,0.3347552319,0.3323121719,0.3291324167,0.3252244643,0.3205857889,0.3151403145,0.3089072036,0.3018191159,0.2938103428,0.2848168862,0.2747141911,0.2633472008,0.2504768785,0.2357190761,0.2183798372,0.1970800050,0.1679774743,0.0999065184
57120.000000,0.3375569413,0.3371882917,0.3361461863,0.3344071620,0.3319677925,0.3287928227,0.3248907237,0.3202589574,0.3148215346,0.3085975647,0.3015197690,0.2935224873,0.2845417570,0.2744531192,0.2631016267,0.2502484140,0.2355096014,0.2181916877,0.1969162789,0.1678425724,0.0997524585
57180.000000,0.3372061323,0.3368380403,0.3357975098,0.3340611089,0.3316254097,0.3284551988,0.3245589213,0.3199340262,0.3145046111,0.3082897324,0.3012221730,0.2932363206,0.2842682484,0.2741935931,0.2628575172,0.2500213257,0.2353014074,0.2180047166,0.1967536255,0.1677086570,0.0995998164
57240.000000,0.3368553233,0.3364877889,0.3354488332,0.3337150558,0.3312830268,0.3281175749,0.3242271189,0.3196090950,0.3141876876,0.3079819001,0.3009245769,0.2929501540,0.2839947397,0.2739340670,0.2626134076,0.2497942374,0.2350932134,0.2178177455,0.1965909722,0.1675747415,0.0994471743
57300.000000,0.3365065413,0.3361395615,0.3351021720,0.3333710036,0.3309426247,0.3277819057,0.3238972392,0.3192860489,0.3138726054,0.3076758597,0.3006287172,0.2926656620,0.2837228380,0.2736760736,0.2623707496,0.2495685129,0.2348862880,0.2176319413,0.1964293800,0.1674418002,0.0992959340
57360.000000,0.3361577594,0.3357913341,0.3347555108,0.3330269515,0.3306022226,0.3274462364,0.3235673594,0.3189630027,0.3135575232,0.3073698193,0.3003328576,0.2923811701,0.2834509362,0.2734180801,0.2621280917,0.2493427883,0.2346793627,0.2174461370,0.1962677878,0.1673088588,0.0991446937
57420.000000,0.3358109887,0.3354451148,0.3344108491,0.3326848844,0.3302637855,0.3271125063,0.3232393871,0.3186418266,0.3132442676,0.3070655563,0.3000387201,0.2920983390,0.2831806279,0.2731616061,0.2618868726,0.2491184151,0.2344736941,0.2172614880,0.1961072453,0.1671768793,0.0989948392
57480.000000,0.3354642179,0.3350988955,0.3340661875,0.3323428174,0.3299253485,0.3267787761,0.3229114147,0.3183206504,0.3129310120,0.3067612932,0.2997445826,0.2918155080,0.2829103195,0.2729051321,0.2616456535,0.2488940419,0.2342680256,0.2170768390,0.1959467028,0.1670448998,0.0988449848
57540.000000,0.3351194426,0.3347546686,0.3337235096,0.3320027199,0.3295888611,0.3264469697,0.3225853346,0.3180013294,0.3126195682,0.3064587931,0.2994521532,0.2915343240,0.2826415911,0.2726501645,0.2614058607,0.2486710080,0.2340636020,0.2168933338,0.1957871988,0.1669138702,0.0986965007
57600.000000,0.3347746672,0.3344104418,0.3333808317,0.3316626225,0.3292523737,0.3261151634,0.3222592544,0.3176820083,0.3123081244,0.3061562929,0.2991597237,0.2912531400,0.2823728628,0.2723951969,0.2611660680,0.2484479741,0.2338591785,0.2167098286,0.1956276947,0.1667828407,0.0985480165
57660.000000,0.3344318716,0.3340681916,0.3330401221,0.3313244790,0.3289178205,0.3257852655,0.3219350515,0.3173645274,0.3119984779,0.3058555414,0.2988689884,0.2909735895,0.2821057011,0.2721417230,0.2609276891,0.2482262673,0.2336559884,0.2165274559,0.1954692181,0.1666527493,0.0984008872
57720.000000,0.3340890761,0.3337259415,0.3326994124,0.3309863356,0.3285832673,0.3254553677,0.3216108485,0.3170470465,0.3116888314,0.3055547899,0.2985782530,0.2906940390,0.2818385395,0.2718882490,0.2606893101,0.2480045606,0.2334527982,0.2163450833,0.1953107414,0.1665226580,0.0982537578
57780.000000,0.3337482448,0.3333856527,0.3323606556,0.3306501309,0.3282506331,0.3251273633,0.3212885079,0.3167313912,0.3113809677,0.3052557729,0.2982891979,0.2904161084,0.2815729314,0.2716362559,0.2604523327,0.2477841691,0.2332508300,0.2161638320,0.1951532810,0.1663934932,0.0981079679
57840.000000,0.3334074135,0.3330453638,0.3320218988,0.3303139262,0.3279179989,0.3247993590,0.3209661672,0.3164157359,0.3110731040,0.3049567559,0.2980001428,0.2901381778,0.2813073233,0.2713842628,0.2602153553,0.2475637777,0.2330488617,0.2159825808,0.1949958207,0.1662643284,0.0979621781
57900.000000,0.3330685312,0.3327070209,0.3316850795,0.3299796450,0.3275872686,0.3244732332,0.3206456741,0.3161018916,0.3107670089,0.3046594594,0.2977127543,0.2898618539,0.2810432558,0.2711337379,0.2599797673,0.2473446898,0.2328481041,0.2158024400,0.1948393660,0.1661360787,0.0978177125
57960.000000,0.3327296488,0.3323686780,0.3313482602,0.3296453638,0.3272565383,0.3241471074,0.3203251810,0.3157880474,0.3104609138,0.3043621629,0.2974253657,0.2895855299,0.2807791884,0.2708832130,0.2597441792,0.2471256019,0.2326473464,0.2156222992,0.1946829112,0.1660078291,0.0976732470
58020.000000,0.3323927002,0.3320322659,0.3310133633,0.3293129911,0.3269276970,0.3238228453,0.3200065208,0.3154759997,0.3101565731,0.3040665729,0.2971396301,0.2893107993,0.2805166486,0.2706341439,0.2595099684,0.2469078059,0.2324477880,0.2154432581,0.1945274513,0.1658804834,0.0975300908
58080.000000,0.3320557515,0.3316958537,0.3306784664,0.3289806183,0.3265988557,0.3234985832,0.3196878606,0.3151639520,0.3098522324,0.3037709830,0.2968538945,0.2890360687,0.2802541089,0.2703850748,0.2592757576,0.2466900099,0.2322482297,0.2152642169,0.1943719915,0.1657531377,0.0973869347
58140.000000,0.3317207215,0.3313613572,0.3303454768,0.3286501391,0.3262718885,0.3231761702,0.3193710188,0.3148536867,0.3095496320,0.3034770859,0.2965697985,0.2887629184,0.2799930841,0.2701374491,0.2590429121,0.2464734943,0.2320498596,0.2150862645,0.1942175160,0.1656266849,0.0972450731
58200.000000,0.3313856915,0.3310268607,0.3300124873,0.3283196599,0.3259449213,0.3228537572,0.3190541771,0.3145434213,0.3092470317,0.3031831889,0.2962857024,0.2884897680,0.2797320593,0.2698898235,0.2588100666,0.2462569786,0.2318514895,0.2149083122,0.1940630405,0.1655002321,0.0971032116
58260.000000,0.3310525651,0.3306942650,0.3296813902,0.3279910593,0.3256198136,0.3225331787,0.3187391394,0.3142349242,0.3089461578,0.3028909710,0.2960032326,0.2882181850,0.2794725369,0.2696436290,0.2585785747,0.2460417320,0.2316542967,0.2147314382,0.1939095391,0.1653746613,0.0969626300
58320.000000,0.3307194388,0.3303616693,0.3293502931,0.3276624588,0.3252947059,0.3222126002,0.3184241017,0.3139264271,0.3086452839,0.3025987532,0.2957207627,0.2879466019,0.2792130145,0.2693974345,0.2583470827,0.2458264854,0.2314571039,0.2145545642,0.1937560376,0.1652490905,0.0968220484
58380.000000,0.3303882012,0.3300309595,0.3290210737,0.3273357223,0.3249714431,0.3218938419,0.3181108539,0.3136196841,0.3083461227,0.3023082010,0.2954399059,0.2876765733,0.2789549820,0.2691526591,0.2581169326,0.2456124966,0.2312610776,0.2143787580,0.1936035000,0.1651243911,0.0966827324
58440.000000,0.3300569637,0.3297002497,0.3286918543,0.3270089858,0.3246481803,0.3215750835,0.3177976060,0.3133129411,0.3080469615,0.3020176489,0.2951590491,0.2874065446,0.2786969495,0.2689078837,0.2578867825,0.2453985077,0.2310650513,0.2142029519,0.1934509623,0.1649996916,0.0965434163
58500.000000,0.3297276004,0.3293714111,0.3283644981,0.3266840987,0.3243267479,0.3212581310,0.3174861339,0.3130079384,0.3077494994,0.3017287491,0.2948797922,0.2871380577,0.2784403945,0.2686645155,0.2576579627,0.2451857655,0.2308701807,0.2140282033,0.1932993784,0.1648758529,0.0964053516
58560.000000,0.3293982370,0.3290425726,0.3280371418,0.3263592117,0.3240053156,0.3209411785,0.3171746618,0.3127029358,0.3074520372,0.3014398494,0.2946005354,0.2868695708,0.2781838395,0.2684211472,0.2574291428,0.2449730232,0.2306753102,0.2138534547,0.1931477944,0.1647520142,0.0962672868
58620.000000,0.3290707333,0.3287155908,0.3277116341,0.3260361598,0.3236856995,0.3206260177,0.3168649515,0.3123996596,0.3071562606,0.3011525887,0.2943228655,0.2866026129,0.2779287498,0.2681791743,0.2572016418,0.2447615166,0.2304815848,0.2136797535,0.1929971543,0.1646290259,0.0961304592
58680.000000,0.3287432295,0.3283886090,0.3273861264,0.3257131079,0.3233660833,0.3203108568,0.3165552412,0.3120963835,0.3068604840,0.3008653281,0.2940451957,0.2863356551,0.2776736601,0.2679372013,0.2569741409,0.2445500100,0.2302878595,0.2135060522,0.1928465141,0.1645060376,0.0959936315
58740.000000,0.3284175710,0.3280634695,0.3270624530,0.3253918767,0.3230482691,0.3199974737,0.3162472788,0.3117948202,0.3065663796,0.3005796934,0.2937691001,0.2860702139,0.2774200235,0.2676966119,0.2567479474,0.2443397281,0.2300952689,0.2133333883,0.1926968080,0.1643838895,0.0958580271
58800.000000,0.3280919124,0.3277383300,0.3267387796,0.3250706456,0.3227304550,0.3196840905,0.3159393165,0.3114932569,0.3062722751,0.3002940588,0.2934930044,0.2858047726,0.2771663870,0.2674560225,0.2565217540,0.2441294463,0.2299026783,0.2131607244,0.1925471018,0.1642617414,0.0957224227
58860.000000,0.3277680847,0.3274150185,0.3264169262,0.3247512211,0.3224144288,0.3193724711,0.3156330883,0.3111933931,0.3059798296,0.3000100371,0.2932184703,0.2855408357,0.2769141916,0.2672168050,0.2562968569,0.2439203784,0.2297112121,0.2129890879,0.1923983199,0.1641404235,0.0955880277
58920.000000,0.3274442570,0.3270917071,0.3260950728,0.3244317966,0.3220984026,0.3190608518,0.3153268602,0.3108935292,0.3056873840,0.2997260155,0.2929439362,0.2852768987,0.2766619962,0.2669775876,0.2560719597,0.2437113104,0.2295197459,0.2128174513,0.1922495381,0.1640191056,0.0954536327
58980.000000,0.3271222460,0.3267702095,0.3257750252,0.3241141648,0.3217841505,0.3187509824,0.3150223526,0.3105953513,0.3053965842,0.2994435940,0.2926709510,0.2850144537,0.2764112301,0.2667397306,0.2558483479,0.2435034459,0.2293293939,0.2126468324,0.1921016710,0.1638986079,0.0953204336
59040.000000,0.3268002350,0.3264487119,0.3254549777,0.3237965329,0.3214698984,0.3184411130,0.3147178451,0.3102971735,0.3051057843,0.2991611725,0.2923979658,0.2847520088,0.2761604640,0.2665018736,0.2556247361,0.2432955813,0.2291390420,0.2124762135,0.1919538039,0.1637781103,0.0951872344
59100.000000,0.3264800266,0.3261290141,0.3251367221,0.3234806798,0.3211574065,0.3181329800,0.3144150447,0.3100006683,0.3048166172,0.2988803383,0.2921265171,0.2844910437,0.2759111154,0.2662653656,0.2554023985,0.2430889095,0.2289497941,0.2123066024,0.1918068422,0.1636584232,0.0950552176
59160.000000,0.3261598183,0.3258093164,0.3248184665,0.3231648266,0.3208449147,0.3178248470,0.3141122444,0.3097041632,0.3045274501,0.2985995042,0.2918550685,0.2842300786,0.2756617668,0.2660288577,0.2551800610,0.2428822378,0.2287605463,0.2121369914,0.1916598805,0.1635387361,0.0949232009
59220.000000,0.3258413987,0.3254914046,0.3245019889,0.3228507384,0.3205341694,0.3175184368,0.3138111378,0.3094093177,0.3042399028,0.2983202448,0.2915851439,0.2839705815,0.2754138241,0.2657936876,0.2549589869,0.2426767484,0.2285723926,0.2119683787,0.1915138149,0.1634198499,0.0947923532
59280.000000,0.3255229790,0.3251734928,0.3241855114,0.3225366502,0.3202234242,0.3172120266,0.3135100312,0.3091144721,0.3039523554,0.2980409854,0.2913152194,0.2837110843,0.2751658814,0.2655585175,0.2547379128,0.2424712590,0.2283842389,0.2117997661,0.1913677493,0.1633009638,0.0946615055
59340.000000,0.3252063343,0.3248573531,0.3238707982,0.3222243133,0.3199144120,0.3169073259,0.3132106052,0.3088212732,0.3036664152,0.2977632883,0.2910468068,0.2834530431,0.2749193331,0.2653246742,0.2545180915,0.2422669418,0.2281971695,0.2116321423,0.1912225706,0.1631828692,0.0945318137
59400.000000,0.3248896896,0.3245412134,0.3235560849,0.3219119764,0.3196053997,0.3166026251,0.3129111793,0.3085280742,0.3033804749,0.2974855911,0.2907783942,0.2831950020,0.2746727847,0.2650908308,0.2542982702,0.2420626245,0.2280101001,0.2114645186,0.1910773920,0.1630647746,0.0944021220
59460.000000,0.3245748062,0.3242268323,0.3232431224,0.3216013772,0.3192981072,0.3162996206,0.3126134208,0.3082365090,0.3030961289,0.2972094438,0.2905114815,0.2829384051,0.2744276193,0.2648583030,0.2540796910,0.2418594692,0.2278241053,0.2112978744,0.1909330913,0.1629474622,0.0942735732
59520.000000,0.3242599227,0.3239124511,0.3229301599,0.3212907780,0.3189908146,0.3159966160,0.3123156623,0.3079449437,0.3028117830,0.2969332965,0.2902445687,0.2826818081,0.2741824540,0.2646257753,0.2538611118,0.2416563138,0.2276381105,0.2111312302,0.1907887906,0.1628301499,0.0941450245
59580.000000,0.3239467870,0.3235998149,0.3226189346,0.3209819032,0.3186852283,0.3156952944,0.3120195582,0.3076549993,0.3025290189,0.2966586867,0.2899791439,0.2824266438,0.2739386602,0.2643945523,0.2536437642,0.2414543103,0.2274531806,0.2109655565,0.1906453589,0.1627136107,0.0940176059
59640.000000,0.3236336512,0.3232871787,0.3223077093,0.3206730283,0.3183796421,0.3153939728,0.3117234542,0.3073650549,0.3022462548,0.2963840769,0.2897137190,0.2821714794,0.2736948665,0.2641633294,0.2534264166,0.2412523068,0.2272682507,0.2107998827,0.1905019273,0.1625970714,0.0938901873
59700.000000,0.3233222497,0.3229762740,0.3219982079,0.3203658645,0.3180757490,0.3150943212,0.3114289918,0.3070767188,0.3019650601,0.2961109925,0.2894497701,0.2819177361,0.2734524332,0.2639334004,0.2532102902,0.2410514452,0.2270843762,0.2106351702,0.1903593559,0.1624812964,0.0937638862
59760.000000,0.3230108482,0.3226653693,0.3216887064,0.3200587007,0.3177718559,0.3147946695,0.3111345294,0.3067883826,0.3016838654,0.2958379082,0.2891858212,0.2816639928,0.2732099999,0.2637034713,0.2529941639,0.2408505837,0.2269005017,0.2104704577,0.1902167845,0.1623655213,0.0936375852
59820.000000,0.3227011677,0.3223561829,0.3213809155,0.3197532348,0.3174696428,0.3144966749,0.3108416959,0.3065016421,0.3014042277,0.2955663371,0.2889233366,0.2814116592,0.2729689160,0.2634748256,0.2527792485,0.2406508541,0.2267176733,0.2103066976,0.1900750647,0.1622505015,0.0935123892
59880.000000,0.3223914871,0.3220469965,0.3210731247,0.3194477689,0.3171674298,0.3141986803,0.3105488624,0.3062149017,0.3011245901,0.2952947661,0.2886608519,0.2811593255,0.2727278321,0.2632461798,0.2525643331,0.2404511246,0.2265348448,0.2101429375,0.1899333450,0.1621354817,0.0933871931
59940.000000,0.3220835143,0.3217395151,0.3207670313,0.3191439877,0.3168668839,0.3139023299,0.3102576451,0.3059297444,0.3008464973,0.2950246964,0.2883998199,0.2809083901,0.2724880866,0.2630188068,0.2523506185,0.2402525173,0.2263530531,0.2099801208,0.1897924683,0.1620212085,0.0932630897
60000.000000,0.3217755415,0.3214320337,0.3204609379,0.3188402066,0.3165663380,0.3136059796,0.3099664278,0.3056445872,0.3005684045,0.2947546268,0.2881387878,0.2806574547,0.2722483412,0.2627914337,0.2521369039,0.2400539101,0.2261712614,0.2098173041,0.1896515916,0.1619069353,0.0931389864
60060.000000,0.3214692633,0.3211262443,0.3201565289,0.3185380974,0.3162674464,0.3133112607,0.3096768142,0.3053610009,0.3002918445,0.2944860467,0.2878791968,0.2804079063,0.2720099232,0.2625653228,0.2519243800,0.2398564156,0.2259904972,0.2096554221,0.1895115496,0.1617934000,0.0930159635
60120.000000,0.3211629852,0.3208204549,0.3198521200,0.3182359881,0.3159685548,0.3130165419,0.3093872007,0.3050774146,0.3000152845,0.2942174667,0.2876196058,0.2801583580,0.2717715053,0.2623392120,0.2517118561,0.2396589210,0.2258097330,0.2094935402,0.1893715076,0.1616798648,0.0928929406
60180.000000,0.3208583887,0.3205163445,0.3195493825,0.3179355379,0.3156713047,0.3127234419,0.3090991784,0.3047953870,0.2997402453,0.2939503645,0.2873614445,0.2799101857,0.2715344042,0.2621143529,0.2515005130,0.2394625296,0.2256299873,0.2093325843,0.1892322920,0.1615670592,0.0927709861
60240.000000,0.3205537922,0.3202122341,0.3192466451,0.3176350877,0.3153740547,0.3124303420,0.3088111561,0.3045133594,0.2994652061,0.2936832622,0.2871032831,0.2796620134,0.2712973031,0.2618894939,0.2512891698,0.2392661382,0.2254502415,0.2091716284,0.1890930763,0.1614542535,0.0926490316
60300.000000,0.3202508646,0.3199097900,0.3189455664,0.3173362838,0.3150784336,0.3121388486,0.3085247128,0.3042328784,0.2991916759,0.2934176263,0.2868465401,0.2794152060,0.2710615082,0.2616658765,0.2510789976,0.2390708405,0.2252715053,0.2090115900,0.1889546789,0.1613421691,0.0925281337
60360.000000,0.3199479370,0.3196073458,0.3186444877,0.3170374800,0.3147828126,0.3118473552,0.3082382696,0.3039523974,0.2989181456,0.2931519903,0.2865897970,0.2791683987,0.2708257133,0.2614422590,0.2508688254,0.2388755429,0.2250927691,0.2088515516,0.1888162814,0.1612300847,0.0924072358
60420.000000,0.3196466655,0.3193065552,0.3183450551,0.3167403098,0.3144888080,0.3115574559,0.3079533931,0.3036734511,0.2986461126,0.2928878091,0.2863344611,0.2789229454,0.2705912140,0.2612198730,0.2506598143,0.2386813296,0.2249150334,0.2086924223,0.1886786940,0.1611187134,0.0922873826
60480.000000,0.3193453940,0.3190057645,0.3180456225,0.3164431397,0.3141948034,0.3112675567,0.3076685167,0.3033945047,0.2983740795,0.2926236279,0.2860791252,0.2786774922,0.2703567147,0.2609974870,0.2504508033,0.2384871164,0.2247372978,0.2085332930,0.1885411066,0.1610073420,0.0921675294
60540.000000,0.3190457660,0.3187066147,0.3177478235,0.3161475908,0.3139024030,0.3109792393,0.3073851950,0.3031170812,0.2981035320,0.2923608901,0.2858251853,0.2784333822,0.2701235007,0.2607763223,0.2502429437,0.2382939783,0.2245605540,0.2083750645,0.1884043214,0.1608966757,0.0920487094
60600.000000,0.3187461380,0.3184074649,0.3174500244,0.3158520419,0.3136100025,0.3106909219,0.3071018733,0.3028396576,0.2978329845,0.2920981523,0.2855712454,0.2781892723,0.2698902866,0.2605551576,0.2500350841,0.2381008402,0.2243838102,0.2082168360,0.1882675361,0.1607860094,0.0919298894
60660.000000,0.3184481409,0.3181099435,0.3171538463,0.3155581019,0.3133191939,0.3104041742,0.3068200944,0.3025637450,0.2975639109,0.2918368466,0.2853186905,0.2779464950,0.2696583474,0.2603352044,0.2498283666,0.2379087683,0.2242080496,0.2080595000,0.1881315451,0.1606760402,0.0918120911
60720.000000,0.3181501439,0.3178124221,0.3168576683,0.3152641619,0.3130283853,0.3101174266,0.3065383155,0.3022878324,0.2972948374,0.2915755408,0.2850661356,0.2777037177,0.2694264082,0.2601152512,0.2496216490,0.2377166963,0.2240322890,0.2079021640,0.1879955541,0.1605660709,0.0916942928
60780.000000,0.3178537654,0.3175165167,0.3165630990,0.3149718185,0.3127391563,0.3098322367,0.3062580675,0.3020134191,0.2970272264,0.2913156560,0.2848149549,0.2774622625,0.2691957337,0.2598964995,0.2494160639,0.2375256814,0.2238575030,0.2077457124,0.1878603496,0.1604567910,0.0915775049
60840.000000,0.3175573870,0.3172206113,0.3162685297,0.3146794752,0.3124499274,0.3095470469,0.3059778195,0.3017390058,0.2967596155,0.2910557712,0.2845637741,0.2772208073,0.2689650591,0.2596777478,0.2492104788,0.2373346664,0.2236827169,0.2075892609,0.1877251451,0.1603475110,0.0914607170
60900.000000,0.3172626148,0.3169263096,0.3159755569,0.3143887162,0.3121622661,0.3092634028,0.3056990907,0.3014660803,0.2964934557,0.2907972962,0.2843139567,0.2769806637,0.2687356391,0.2594601880,0.2490060169,0.2371446997,0.2235088971,0.2074336857,0.1875907195,0.1602389126,0.0913449283
60960.000000,0.3169678426,0.3166320079,0.3156825842,0.3140979573,0.3118746047,0.3089797587,0.3054203620,0.3011931548,0.2962272960,0.2905388212,0.2840641393,0.2767405201,0.2685062191,0.2592426281,0.2488015550,0.2369547329,0.2233350772,0.2072781105,0.1874562939,0.1601303143,0.0912291396
61020.000000,0.3166746646,0.3163392978,0.3153911957,0.3138087708,0.3115884991,0.3086976487,0.3051431407,0.3009217057,0.2959625763,0.2902817451,0.2838156746,0.2765016777,0.2682780435,0.2590262504,0.2485982070,0.2367658054,0.2231622150,0.2071234037,0.1873226395,0.1600223899,0.0911143391
61080.000000,0.3163814865,0.3160465877,0.3150998073,0.3135195843,0.3113023935,0.3084155387,0.3048659195,0.3006502565,0.2956978566,0.2900246689,0.2835672098,0.2762628353,0.2680498680,0.2588098727,0.2483948590,0.2365768780,0.2229893529,0.2069686970,0.1871889852,0.1599144656,0.0909995385
61140.000000,0.3160898905,0.3157554571,0.3148099913,0.3132319583,0.3110178317,0.3081349510,0.3045901942,0.3003802723,0.2954345657,0.2897689808,0.2833200871,0.2760252839,0.2678229271,0.2585946676,0.2481926158,0.2363889811,0.2228174403,0.2068148509,0.1870560947,0.1598072078,0.0908857152
61200.000000,0.3157982944,0.3154643265,0.3145201752,0.3129443322,0.3107332700,0.3078543632,0.3043144690,0.3001102882,0.2951712749,0.2895132927,0.2830729645,0.2757877325,0.2675959861,0.2583794625,0.2479903725,0.2362010843,0.2226455276,0.2066610047,0.1869232042,0.1596999501,0.0907718920
61260.000000,0.3155082685,0.3151747634,0.3142319196,0.3126582548,0.3104502403,0.3075752863,0.3040402283,0.2998417577,0.2949094020,0.2892589818,0.2828271734,0.2755514619,0.2673702699,0.2581654206,0.2477892250,0.2360142094,0.2224745563,0.2065080115,0.1867910702,0.1595933515,0.0906590352
61320.000000,0.3152182425,0.3148852004,0.3139436640,0.3123721775,0.3101672107,0.3072962093,0.3037659877,0.2995732273,0.2946475290,0.2890046709,0.2825813823,0.2753151912,0.2671445537,0.2579513786,0.2475880775,0.2358273345,0.2223035849,0.2063550183,0.1866589362,0.1594867530,0.0905461784
61380.000000,0.3149297747,0.3145971930,0.3136569571,0.3120876370,0.3098857016,0.3070186315,0.3034932202,0.2993061395,0.2943870631,0.2887517266,0.2823369125,0.2750801913,0.2669200525,0.2577384905,0.2473880168,0.2356414730,0.2221335468,0.2062028703,0.1865275515,0.1593808065,0.0904342775
61440.000000,0.3146413070,0.3143091857,0.3133702502,0.3118030965,0.3096041924,0.3067410538,0.3032204528,0.2990390517,0.2941265971,0.2884987823,0.2820924426,0.2748451914,0.2666955513,0.2575256023,0.2471879560,0.2354556116,0.2219635086,0.2060507223,0.1863961668,0.1592748599,0.0903223766
61500.000000,0.3143543857,0.3140227223,0.3130850802,0.3115200814,0.3093241923,0.3064649639,0.3029491474,0.2987733954,0.2938675273,0.2882471941,0.2818492837,0.2746114522,0.2664722555,0.2573138587,0.2469889731,0.2352707551,0.2217943957,0.2058994120,0.1862655241,0.1591695583,0.0902114210
61560.000000,0.3140674644,0.3137362589,0.3127999103,0.3112370662,0.3090441921,0.3061888740,0.3026778420,0.2985077392,0.2936084575,0.2879956058,0.2816061247,0.2743777130,0.2662489597,0.2571021151,0.2467899902,0.2350858986,0.2216252827,0.2057481017,0.1861348815,0.1590642567,0.0901004655
61620.000000,0.3137820779,0.3134513279,0.3125162657,0.3109555648,0.3087656896,0.3059142606,0.3024079875,0.2982435036,0.2933507731,0.2877453630,0.2813642665,0.2741452247,0.2660268597,0.2568915068,0.2465920764,0.2349020388,0.2214570871,0.2055976217,0.1860049739,0.1589595929,0.0899904449
61680.000000,0.3134966914,0.3131663969,0.3122326211,0.3106740634,0.3084871870,0.3056396473,0.3021381330,0.2979792680,0.2930930887,0.2874951203,0.2811224083,0.2739127364,0.2658047597,0.2566808985,0.2463941626,0.2347181790,0.2212888915,0.2054471416,0.1858750663,0.1588549292,0.0898804244
61740.000000,0.3132128281,0.3128829866,0.3119504904,0.3103940644,0.3082101707,0.3053664994,0.3018697184,0.2977164422,0.2928367791,0.2872462127,0.2808818408,0.2736814892,0.2655838461,0.2564714165,0.2461973092,0.2345353075,0.2211216053,0.2052974844,0.1857458867,0.1587508964,0.0897713286
61800.000000,0.3129289649,0.3125995764,0.3116683597,0.3101140654,0.3079331543,0.3050933514,0.3016013038,0.2974536164,0.2925804696,0.2869973052,0.2806412732,0.2734502419,0.2653629325,0.2562619345,0.2460004559,0.2343524360,0.2209543191,0.2051478273,0.1856167072,0.1586468637,0.0896622328
61860.000000,0.3126466134,0.3123176756,0.3113877315,0.3098355574,0.3076576131,0.3048216578,0.3013343181,0.2971921896,0.2923255243,0.2867497225,0.2804019863,0.2732202261,0.2651431959,0.2560535697,0.2458046543,0.2341705447,0.2207879347,0.2049989857,0.1854882489,0.1585434551,0.0895540516
61920.000000,0.3123642620,0.3120357747,0.3111071033,0.3095570495,0.3073820718,0.3045499641,0.3010673325,0.2969307629,0.2920705791,0.2865021398,0.2801626994,0.2729902102,0.2649234593,0.2558452050,0.2456088527,0.2339886534,0.2206215503,0.2048501441,0.1853597905,0.1584400466,0.0894458705
61980.000000,0.3120834110,0.3117553719,0.3108279663,0.3092800213,0.3071079944,0.3042797138,0.3008017649,0.2966707246,0.2918169877,0.2862558719,0.2799246833,0.2727614162,0.2647048905,0.2556379486,0.2454140945,0.2338077343,0.2204560600,0.2047021109,0.1852320466,0.1583372555,0.0893385940
62040.000000,0.3118025600,0.3114749691,0.3105488293,0.3090029932,0.3068339171,0.3040094634,0.3005361974,0.2964106863,0.2915633963,0.2860096040,0.2796866671,0.2725326221,0.2644863217,0.2554306923,0.2452193362,0.2336268151,0.2202905697,0.2045540777,0.1851043027,0.1582344644,0.0892313176
62100.000000,0.3115231983,0.3111960531,0.3102711724,0.3087274338,0.3065612926,0.3037406455,0.3002720373,0.2961520259,0.2913111485,0.2857646407,0.2794499119,0.2723050404,0.2642689115,0.2552245354,0.2450256129,0.2334468600,0.2201259659,0.2044068458,0.1849772665,0.1581322843,0.0891249359
62160.000000,0.3112438366,0.3109171371,0.3099935154,0.3084518744,0.3062886682,0.3034718276,0.3000078771,0.2958933655,0.2910589007,0.2855196774,0.2792131567,0.2720774586,0.2640515013,0.2550183786,0.2448318895,0.2332669049,0.2199613621,0.2042596139,0.1848502303,0.1580301041,0.0890185543
62220.000000,0.3109659529,0.3106396968,0.3097173274,0.3081777727,0.3060174858,0.3032044314,0.2997451138,0.2956360726,0.2908079862,0.2852760088,0.2789776528,0.2718510797,0.2638352406,0.2548133127,0.2446391927,0.2330879061,0.2197976374,0.2041131763,0.1847238952,0.1579285284,0.0889130577
62280.000000,0.3106880692,0.3103622565,0.3094411394,0.3079036710,0.3057463033,0.3029370351,0.2994823504,0.2953787796,0.2905570717,0.2850323402,0.2787421488,0.2716247008,0.2636189799,0.2546082467,0.2444464959,0.2329089072,0.2196339127,0.2039667387,0.1845975601,0.1578269526,0.0888075612
62340.000000,0.3104116526,0.3100862809,0.3091664093,0.3076310161,0.3054765521,0.3026710498,0.2992209733,0.2951228438,0.2903074804,0.2847899564,0.2785078864,0.2713995155,0.2634038597,0.2544042630,0.2442548174,0.2327308567,0.2194710597,0.2038210884,0.1844719196,0.1577259749,0.0887029401
62400.000000,0.3101352360,0.3098103053,0.3088916793,0.3073583612,0.3052068008,0.3024050645,0.2989595961,0.2948669079,0.2900578891,0.2845475725,0.2782736241,0.2711743301,0.2631887395,0.2542002792,0.2440631389,0.2325528062,0.2193082067,0.2036754381,0.1843462791,0.1576249972,0.0885983190
62460.000000,0.3098602754,0.3095357834,0.3086183963,0.3070871423,0.3049384700,0.3021404796,0.2986995948,0.2946123189,0.2898096110,0.2843064636,0.2780405938,0.2709503291,0.2629747509,0.2539973691,0.2438724706,0.2323756963,0.2191462181,0.2035305683,0.1842213267,0.1575246112,0.0884945639
62520.000000,0.3095853149,0.3092612614,0.3083451133,0.3068159233,0.3046701392,0.3018758947,0.2984395935,0.2943577299,0.2895613328,0.2840653548,0.2778075635,0.2707263280,0.2627607623,0.2537944590,0.2436818022,0.2321985864,0.2189842295,0.2033856986,0.1840963744,0.1574242252,0.0883908088
62580.000000,0.3093117996,0.3089881824,0.3080732666,0.3065461297,0.3044032183,0.3016126996,0.2981809576,0.2941044776,0.2893143579,0.2838255111,0.2775757558,0.2705035022,0.2625478965,0.2535926141,0.2434921360,0.2320224094,0.2188230980,0.2032416025,0.1839721038,0.1573244247,0.0882879103
62640.000000,0.3090382843,0.3087151034,0.3078014199,0.3062763360,0.3041362973,0.3013495045,0.2979223217,0.2938512253,0.2890673829,0.2835856675,0.2773439481,0.2702806763,0.2623350308,0.2533907692,0.2433024697,0.2318462325,0.2186619666,0.2030975064,0.1838478332,0.1572246242,0.0881850119
62700.000000,0.3087662035,0.3084434566,0.3075309987,0.3060079569,0.3038707757,0.3010876889,0.2976650411,0.2935992995,0.2888217013,0.2833470795,0.2771133537,0.2700590166,0.2621232790,0.2531899812,0.2431137975,0.2316709809,0.2185016851,0.2029541774,0.1837242382,0.1571254031,0.0880829608
62760.000000,0.3084941226,0.3081718097,0.3072605776,0.3057395778,0.3036052540,0.3008258733,0.2974077604,0.2933473738,0.2885760197,0.2831084915,0.2768827593,0.2698373568,0.2619115273,0.2529891931,0.2429251253,0.2314957293,0.2183414037,0.2028108483,0.1836006432,0.1570261820,0.0879809096
62820.000000,0.3082234656,0.3079015844,0.3069915714,0.3054726029,0.3033411212,0.3005654268,0.2971518248,0.2930967647,0.2883316217,0.2828711496,0.2766533690,0.2696168542,0.2617008810,0.2527894535,0.2427374393,0.2313213956,0.2181819652,0.2026682797,0.1834777175,0.1569275343,0.0878796968
62880.000000,0.3079528086,0.3076313590,0.3067225653,0.3052056279,0.3030769884,0.3003049803,0.2968958892,0.2928461556,0.2880872236,0.2826338078,0.2764239786,0.2693963516,0.2614902347,0.2525897140,0.2425497533,0.2311470619,0.2180225267,0.2025257110,0.1833547918,0.1568288866,0.0877784839
62940.000000,0.3076835649,0.3073625446,0.3064549636,0.3049400466,0.3028142342,0.3000458928,0.2966412885,0.2925968533,0.2878440995,0.2823977025,0.2761957830,0.2691769972,0.2612806852,0.2523910147,0.2423630456,0.2309736387,0.2178639242,0.2023838963,0.1832325294,0.1567308063,0.0876781002
63000.000000,0.3074143212,0.3070937302,0.3061873619,0.3046744652,0.3025514799,0.2997868052,0.2963866879,0.2923475510,0.2876009753,0.2821615973,0.2759675875,0.2689576429,0.2610711357,0.2521923155,0.2421763379,0.2308002155,0.2177053217,0.2022420815,0.1831102669,0.1566327261,0.0875777166
63060.000000,0.3071464802,0.3068263163,0.3059211542,0.3044102672,0.3022900939,0.2995290665,0.2961334123,0.2920995456,0.2873591155,0.2819267194,0.2757405776,0.2687394280,0.2608626746,0.2519946484,0.2419906008,0.2306276953,0.2175475482,0.2021010142,0.1829886617,0.1565352074,0.0874781532
63120.000000,0.3068786393,0.3065589024,0.3056549465,0.3041460692,0.3020287079,0.2992713278,0.2958801366,0.2918515402,0.2871172556,0.2816918414,0.2755135678,0.2685212130,0.2606542135,0.2517969814,0.2418048637,0.2304551752,0.2173897747,0.2019599468,0.1828670564,0.1564376887,0.0873785899
63180.000000,0.3066121907,0.3062928787,0.3053901226,0.3038832442,0.3017686800,0.2990149278,0.2956281761,0.2916048220,0.2868766506,0.2814581815,0.2752877347,0.2683041289,0.2604468324,0.2516003384,0.2416200896,0.2302835509,0.2172328235,0.2018196205,0.1827461025,0.1563407259,0.0872798381
63240.000000,0.3063457422,0.3060268549,0.3051252987,0.3036204192,0.3015086521,0.2987585278,0.2953762156,0.2913581039,0.2866360455,0.2812245216,0.2750619016,0.2680870447,0.2602394513,0.2514036955,0.2414353154,0.2301119266,0.2170758723,0.2016792942,0.1826251485,0.1562437631,0.0871810862
63300.000000,0.3060806757,0.3057622110,0.3048618482,0.3033589571,0.3012499723,0.2985034566,0.2951255603,0.2911126633,0.2863966859,0.2809920706,0.2748372364,0.2678710826,0.2600331418,0.2512080687,0.2412514965,0.2299411910,0.2169197365,0.2015397027,0.1825048398,0.1561473504,0.0870831372
63360.000000,0.3058156093,0.3054975671,0.3045983978,0.3030974950,0.3009912924,0.2982483854,0.2948749051,0.2908672228,0.2861573262,0.2807596195,0.2746125711,0.2676551205,0.2598268323,0.2510124419,0.2410676776,0.2297704553,0.2167636007,0.2014001111,0.1823845312,0.1560509378,0.0869851882
63420.000000,0.3055519148,0.3052342929,0.3043363107,0.3028373857,0.3007339506,0.2979946332,0.2946255455,0.2906230503,0.2859192026,0.2805283682,0.2743890647,0.2674402720,0.2596215862,0.2508178234,0.2408848066,0.2296006013,0.2166082738,0.2012612480,0.1822648622,0.1559550697,0.0868880335
63480.000000,0.3052882203,0.3049710187,0.3040742236,0.3025772764,0.3004766088,0.2977408810,0.2943761859,0.2903788778,0.2856810790,0.2802971169,0.2741655584,0.2672254235,0.2594163401,0.2506232049,0.2407019355,0.2294307472,0.2164529468,0.2011223850,0.1821451931,0.1558592016,0.0867908788
63540.000000,0.3050258876,0.3047091041,0.3038134898,0.3023185099,0.3002205952,0.2974884380,0.2941281123,0.2901359640,0.2854441822,0.2800670564,0.2739432023,0.2670116800,0.2592121493,0.2504295869,0.2405200048,0.2292617676,0.2162984220,0.2009842442,0.1820261579,0.1557638726,0.0866945098
63600.000000,0.3047635549,0.3044471894,0.3035527559,0.3020597434,0.2999645816,0.2972359949,0.2938800387,0.2898930502,0.2852072853,0.2798369958,0.2737208462,0.2667979366,0.2590079585,0.2502359688,0.2403380741,0.2290927880,0.2161438972,0.2008461035,0.1819071227,0.1556685436,0.0865981409
63660.000000,0.3045025740,0.3041866244,0.3032933655,0.3018023098,0.2997098863,0.2969848514,0.2936332415,0.2896513856,0.2849716062,0.2796081170,0.2734996316,0.2665852898,0.2588048149,0.2500433435,0.2401570764,0.2289246760,0.2159901681,0.2007086790,0.1817887157,0.1555737482,0.0865025494
63720.000000,0.3042415931,0.3039260593,0.3030339750,0.3015448762,0.2994551910,0.2967337078,0.2933864443,0.2894097211,0.2847359270,0.2793792383,0.2732784170,0.2663726431,0.2586016713,0.2498507182,0.2399760787,0.2287565639,0.2158364389,0.2005712545,0.1816703086,0.1554789528,0.0864069579
63780.000000,0.3039819540,0.3036668339,0.3027759180,0.3012887657,0.2992018044,0.2964838542,0.2931409142,0.2891692965,0.2845014564,0.2791515325,0.2730583354,0.2661610847,0.2583995668,0.2496590779,0.2397960068,0.2285893125,0.2156834989,0.2004345403,0.1815525242,0.1553846857,0.0863121356
63840.000000,0.3037223150,0.3034076085,0.3025178609,0.3010326553,0.2989484178,0.2962340006,0.2928953840,0.2889288719,0.2842669858,0.2789238267,0.2728382537,0.2659495263,0.2581974623,0.2494674376,0.2396159348,0.2284220611,0.2155305590,0.2002978261,0.1814347398,0.1552904186,0.0862173133
63900.000000,0.3034640080,0.3031497130,0.3022611276,0.3007778582,0.2986963302,0.2959854273,0.2926511115,0.2886896782,0.2840337148,0.2786972850,0.2726192965,0.2657390480,0.2579963891,0.2492767749,0.2394367813,0.2282556636,0.2153784018,0.2001618161,0.1813175725,0.1551966745,0.0861232520
63960.000000,0.3032057009,0.3028918174,0.3020043942,0.3005230611,0.2984442426,0.2957368541,0.2924068389,0.2884504844,0.2838004438,0.2784707434,0.2724003392,0.2655285698,0.2577953159,0.2490861121,0.2392576278,0.2280892660,0.2152262446,0.2000258061,0.1812004051,0.1551029304,0.0860291908
64020.000000,0.3029487162,0.3026352420,0.3017489748,0.3002695678,0.2981934444,0.2954895518,0.2921638147,0.2882125123,0.2835683634,0.2782453573,0.2721824980,0.2653191635,0.2575952661,0.2488964192,0.2390793856,0.2279237156,0.2150748639,0.1998904946,0.1810838494,0.1550097042,0.0859358825
64080.000000,0.3026917314,0.3023786665,0.3014935554,0.3000160744,0.2979426463,0.2952422495,0.2919207905,0.2879745402,0.2833362830,0.2780199712,0.2719646568,0.2651097572,0.2573952164,0.2487067264,0.2389011435,0.2277581651,0.2149234832,0.1997551830,0.1809672937,0.1549164779,0.0858425742
64140.000000,0.3024360593,0.3021234015,0.3012394403,0.2997638753,0.2976931281,0.2949962088,0.2916790055,0.2877377808,0.2831053845,0.2777957319,0.2717479231,0.2649014149,0.2571961822,0.2485179961,0.2387238056,0.2275934550,0.2147728727,0.1996205641,0.1808513443,0.1548237643,0.0857500109
64200.000000,0.3021803871,0.3018681364,0.3009853252,0.2995116761,0.2974436100,0.2947501682,0.2914372204,0.2875010214,0.2828744860,0.2775714927,0.2715311895,0.2646930725,0.2569971481,0.2483292658,0.2385464678,0.2274287450,0.2146222622,0.1994859451,0.1807353949,0.1547310507,0.0856574477
64260.000000,0.3019260179,0.3016141723,0.3007325050,0.2992607617,0.2971953625,0.2945053798,0.2911966654,0.2872654657,0.2826447605,0.2773483918,0.2713155553,0.2644857861,0.2567991218,0.2481414907,0.2383700272,0.2272648687,0.2144724157,0.1993520130,0.1806200464,0.1546388447,0.0855656217
64320.000000,0.3016716488,0.3013602081,0.3004796847,0.2990098473,0.2969471150,0.2942605915,0.2909561104,0.2870299100,0.2824150351,0.2771252909,0.2710999210,0.2642784996,0.2566010956,0.2479537156,0.2381935866,0.2271009924,0.2143225693,0.1992180809,0.1805046979,0.1545466388,0.0854737956
64380.000000,0.3014185731,0.3011075353,0.3002281498,0.2987602082,0.2967001288,0.2940170464,0.2907167764,0.2867955491,0.2821864740,0.2769033199,0.2708853779,0.2640722611,0.2564040697,0.2477668883,0.2380180364,0.2269379434,0.2141734807,0.1990848300,0.1803899452,0.1544549355,0.0853826990
64440.000000,0.3011654975,0.3008548625,0.2999766149,0.2985105691,0.2964531426,0.2937735013,0.2904774424,0.2865611882,0.2819579130,0.2766813490,0.2706708348,0.2638660227,0.2562070438,0.2475800611,0.2378424861,0.2267748945,0.2140243921,0.1989515790,0.1802751924,0.1543632322,0.0852916025
64500.000000,0.3009137059,0.3006034717,0.2997263560,0.2982621961,0.2962074085,0.2935311902,0.2902393204,0.2863280134,0.2817305077,0.2764604995,0.2704573747,0.2636608243,0.2560110107,0.2473941745,0.2376678194,0.2266126662,0.2138760554,0.1988190036,0.1801610302,0.1542720266,0.0852012277
64560.000000,0.3006619143,0.3003520809,0.2994760971,0.2980138230,0.2959616745,0.2932888792,0.2900011984,0.2860948386,0.2815031025,0.2762396501,0.2702439146,0.2634556260,0.2558149776,0.2472082879,0.2374931526,0.2264504380,0.2137277187,0.1986864283,0.1800468680,0.1541808211,0.0851108529
64620.000000,0.3004113975,0.3001019627,0.2992271049,0.2977667068,0.2957171834,0.2930477932,0.2897642796,0.2858628411,0.2812768446,0.2760199139,0.2700315295,0.2632514600,0.2556199298,0.2470233348,0.2373193626,0.2262890242,0.2135801278,0.1985545229,0.1799332912,0.1540901084,0.0850211923
64680.000000,0.3001608807,0.2998518445,0.2989781127,0.2975195906,0.2954726923,0.2928067073,0.2895273608,0.2856308437,0.2810505866,0.2758001777,0.2698191444,0.2630472940,0.2554248819,0.2468383817,0.2371455725,0.2261276104,0.2134325369,0.1984226175,0.1798197144,0.1539993958,0.0849315318
64740.000000,0.2999116294,0.2996029897,0.2987303780,0.2972737220,0.2952294352,0.2925668374,0.2892916364,0.2854000149,0.2808254676,0.2755815466,0.2696078263,0.2628441527,0.2552308120,0.2466543551,0.2369726525,0.2259670046,0.2132856860,0.1982913767,0.1797067179,0.1539091713,0.0848425780
64800.000000,0.2996623781,0.2993541350,0.2984826433,0.2970278535,0.2949861780,0.2923269676,0.2890559120,0.2851691862,0.2806003485,0.2753629154,0.2693965081,0.2626410113,0.2550367421,0.2464703284,0.2367997324,0.2258063988,0.2131388351,0.1981601358,0.1795937215,0.1538189468,0.0847536243
64860.000000,0.2994143831,0.2991065345,0.2982361570,0.2967832236,0.2947441459,0.2920883050,0.2888213732,0.2849395176,0.2803763599,0.2751453811,0.2691862491,0.2624388870,0.2548436427,0.2462872212,0.2366276756,0.2256465949,0.2129927182,0.1980295540,0.1794813004,0.1537292058,0.0846653700
64920.000000,0.2991663881,0.2988589339,0.2979896707,0.2965385936,0.2945021137,0.2918496425,0.2885868344,0.2847098490,0.2801523714,0.2749278468,0.2689759901,0.2622367627,0.2546505433,0.2461041140,0.2364556189,0.2254867909,0.2128466014,0.1978989723,0.1793688794,0.1536394648,0.0845771156
64980.000000,0.2989196403,0.2986125786,0.2977444237,0.2962951934,0.2942612976,0.2916121784,0.2883534727,0.2844813321,0.2799295050,0.2747114013,0.2687667823,0.2620356478,0.2544584072,0.2459219192,0.2362844188,0.2253277824,0.2127012128,0.1977690442,0.1792570288,0.1535502025,0.0844895534
65040.000000,0.2986728926,0.2983662232,0.2974991767,0.2960517931,0.2940204815,0.2913747143,0.2881201109,0.2842528152,0.2797066387,0.2744949559,0.2685575746,0.2618345329,0.2542662710,0.2457397245,0.2361132188,0.2251687740,0.2125558242,0.1976391162,0.1791451782,0.1534609403,0.0844019913
65100.000000,0.2984273830,0.2981211041,0.2972551602,0.2958096135,0.2937808727,0.2911384401,0.2878879176,0.2840254416,0.2794848863,0.2742795912,0.2683494103,0.2616344200,0.2540750910,0.2455584353,0.2359428690,0.2250105550,0.2124111581,0.1975098366,0.1790338931,0.1533721523,0.0843151140
65160.000000,0.2981818735,0.2978759849,0.2970111436,0.2955674340,0.2935412638,0.2909021658,0.2876557243,0.2837980680,0.2792631340,0.2740642265,0.2681412461,0.2614343071,0.2538839110,0.2453771461,0.2357725192,0.2248523360,0.2122664921,0.1973805570,0.1789226081,0.1532833643,0.0842282368
65220.000000,0.2979375932,0.2976320929,0.2967683485,0.2953264664,0.2933028535,0.2906670727,0.2874246910,0.2835718294,0.2790424875,0.2738499347,0.2679341177,0.2612351887,0.2536936799,0.2451967558,0.2356030131,0.2246949003,0.2121225429,0.1972519205,0.1788118839,0.1531950460,0.0841420375
65280.000000,0.2976933130,0.2973882010,0.2965255534,0.2950854988,0.2930644432,0.2904319796,0.2871936577,0.2833455907,0.2788218410,0.2736356429,0.2677269892,0.2610360703,0.2535034489,0.2450163654,0.2354335070,0.2245374646,0.2119785937,0.1971232841,0.1787011596,0.1531067278,0.0840558381
65340.000000,0.2974502531,0.2971455275,0.2962839710,0.2948457343,0.2928272228,0.2901980592,0.2869637759,0.2831204788,0.2786022923,0.2734224162,0.2675208890,0.2608379392,0.2533141597,0.2448368671,0.2352648383,0.2243808063,0.2118353558,0.1969952857,0.1785909914,0.1530188748,0.0839703096
65400.000000,0.2972071933,0.2969028540,0.2960423886,0.2946059699,0.2925900024,0.2899641387,0.2867338941,0.2828953669,0.2783827436,0.2732091894,0.2673147888,0.2606398080,0.2531248706,0.2446573688,0.2350961696,0.2242241479,0.2116921179,0.1968672872,0.1784808231,0.1529310218,0.0838847811
65460.000000,0.2969653451,0.2966613901,0.2958020102,0.2943674000,0.2923539632,0.2897313824,0.2865051556,0.2826713735,0.2781642848,0.2729970199,0.2671097092,0.2604426567,0.2529365163,0.2444787559,0.2349283319,0.2240682609,0.2115495856,0.1967399217,0.1783712062,0.1528436297,0.0837999166
65520.000000,0.2967234970,0.2964199262,0.2955616318,0.2941288300,0.2921179241,0.2894986261,0.2862764171,0.2824473801,0.2779458259,0.2727848504,0.2669046297,0.2602455054,0.2527481620,0.2443001430,0.2347604941,0.2239123739,0.2114070534,0.1966125561,0.1782615893,0.1527562376,0.0837150521
65580.000000,0.2964828517,0.2961796633,0.2953224486,0.2938914460,0.2918830577,0.2892670256,0.2860488135,0.2822244972,0.2777284489,0.2725737304,0.2667005633,0.2600493269,0.2525607358,0.2441224088,0.2345934812,0.2237572524,0.2112652213,0.1964858184,0.1781525191,0.1526693021,0.0836308446
65640.000000,0.2962422065,0.2959394003,0.2950832655,0.2936540620,0.2916481914,0.2890354251,0.2858212099,0.2820016142,0.2775110719,0.2723626105,0.2664964969,0.2598531483,0.2523733095,0.2439446746,0.2344264682,0.2236021309,0.2111233893,0.1963590806,0.1780434489,0.1525823666,0.0835466372
65700.000000,0.2960027556,0.2957003297,0.2948452691,0.2934178554,0.2914144894,0.2888049720,0.2855947331,0.2817798337,0.2772947690,0.2721525324,0.2662934364,0.2596579353,0.2521868043,0.2437678127,0.2342602738,0.2234477690,0.2109822520,0.1962329656,0.1779349208,0.1524958834,0.0834630802
65760.000000,0.2957633047,0.2954612591,0.2946072727,0.2931816488,0.2911807874,0.2885745189,0.2853682563,0.2815580532,0.2770784661,0.2719424543,0.2660903758,0.2594627222,0.2520002992,0.2435909507,0.2340940793,0.2232934070,0.2108411147,0.1961068506,0.1778263928,0.1524094002,0.0833795231
65820.000000,0.2955250396,0.2952233723,0.2943704546,0.2929466111,0.2909482413,0.2883452050,0.2851428981,0.2813373671,0.2768632294,0.2717334106,0.2658883136,0.2592684677,0.2518147083,0.2434149545,0.2339286973,0.2231397990,0.2107006668,0.1959813535,0.1777184023,0.1523233651,0.0832966097
65880.000000,0.2952867744,0.2949854855,0.2941336364,0.2927115734,0.2907156953,0.2881158911,0.2849175399,0.2811166810,0.2766479928,0.2715243669,0.2656862515,0.2590742131,0.2516291175,0.2432389583,0.2337633153,0.2229861909,0.2105602189,0.1958558563,0.1776104117,0.1522373301,0.0832136964
65940.000000,0.2950496866,0.2947487741,0.2938979881,0.2924776964,0.2904842970,0.2878877082,0.2846932924,0.2808970814,0.2764338147,0.2713163500,0.2654851805,0.2588809100,0.2514444342,0.2430638213,0.2335987395,0.2228333310,0.2104204550,0.1957309721,0.1775029544,0.1521517390,0.0831314202
66000.000000,0.2948125988,0.2945120626,0.2936623397,0.2922438193,0.2902528987,0.2876595253,0.2844690448,0.2806774819,0.2762196366,0.2711083331,0.2652841095,0.2586876069,0.2512597510,0.2428886844,0.2334341638,0.2226804711,0.2102806911,0.1956060879,0.1773954970,0.1520661478,0.0830491439
66060.000000,0.2945766798,0.2942765181,0.2934278528,0.2920110945,0.2900226399,0.2874324653,0.2842458999,0.2804589611,0.2760065094,0.2709013356,0.2650840225,0.2584952483,0.2510759687,0.2427144004,0.2332703884,0.2225283536,0.2101416060,0.1954818117,0.1772885683,0.1519809966,0.0829674983
66120.000000,0.2943407609,0.2940409736,0.2931933659,0.2917783698,0.2897923811,0.2872054053,0.2840227550,0.2802404403,0.2757933822,0.2706943381,0.2648839355,0.2583028897,0.2508921863,0.2425401165,0.2331066129,0.2223762361,0.2100025210,0.1953575356,0.1771816396,0.1518958454,0.0828858527
66180.000000,0.2941060025,0.2938065877,0.2929600322,0.2915467891,0.2895632536,0.2869794602,0.2838007049,0.2800229905,0.2755812984,0.2704883526,0.2646848254,0.2581114687,0.2507092983,0.2423666791,0.2329436318,0.2222248555,0.2098641094,0.1952338627,0.1770752352,0.1518111299,0.0828048313
66240.000000,0.2938712441,0.2935722018,0.2927266984,0.2913152083,0.2893341261,0.2867535151,0.2835786547,0.2798055406,0.2753692146,0.2702823671,0.2644857152,0.2579200477,0.2505264103,0.2421932418,0.2327806506,0.2220734749,0.2097256979,0.1951101898,0.1769688309,0.1517264145,0.0827238099
66300.000000,0.2936376380,0.2933389663,0.2924945097,0.2910847636,0.2891061220,0.2865286769,0.2833576914,0.2795891541,0.2751581666,0.2700773864,0.2642875748,0.2577295575,0.2503444100,0.2420206448,0.2326184579,0.2219228256,0.2095879548,0.1949871155,0.1768629465,0.1516421310,0.0826434064
66360.000000,0.2934040319,0.2931057308,0.2922623209,0.2908543188,0.2888781178,0.2863038387,0.2831367281,0.2793727676,0.2749471186,0.2698724056,0.2640894343,0.2575390673,0.2501624097,0.2418480479,0.2324562651,0.2217721762,0.2094502117,0.1948640411,0.1767570622,0.1515578474,0.0825630029
66420.000000,0.2931715700,0.2928736375,0.2920312689,0.2906250018,0.2886512289,0.2860800995,0.2829168440,0.2791574368,0.2747370991,0.2696684224,0.2638922566,0.2573495011,0.2499812908,0.2416762852,0.2322948549,0.2216222527,0.2093131319,0.1947415607,0.1766516936,0.1514739918,0.0824832109
66480.000000,0.2929391080,0.2926415442,0.2918002170,0.2903956849,0.2884243400,0.2858563603,0.2826969599,0.2789421060,0.2745270795,0.2694644391,0.2636950790,0.2571599350,0.2498001718,0.2415045224,0.2321334447,0.2214723292,0.2091760520,0.1946190802,0.1765463250,0.1513901362,0.0824034190
66540.000000,0.2927077821,0.2924105850,0.2915702937,0.2901674878,0.2881985584,0.2856337123,0.2824781472,0.2787278234,0.2743180810,0.2692614462,0.2634988571,0.2569712861,0.2496199277,0.2413335878,0.2319728113,0.2213231261,0.2090396305,0.1944971889,0.1764414679,0.1513067046,0.0823242325
66600.000000,0.2924764561,0.2921796259,0.2913403705,0.2899392907,0.2879727769,0.2854110643,0.2822593345,0.2785135407,0.2741090825,0.2690584533,0.2633026352,0.2567826373,0.2494396835,0.2411626532,0.2318121778,0.2211739230,0.2089032089,0.1943752976,0.1763366109,0.1512232730,0.0822450460
66660.000000,0.2922462581,0.2919497927,0.2911115681,0.2897122055,0.2877480949,0.2851894998,0.2820415856,0.2783002987,0.2739010978,0.2688564436,0.2631073622,0.2565948992,0.2492603079,0.2409925406,0.2316523154,0.2210254349,0.2087674405,0.1942539909,0.1762322612,0.1511402617,0.0821664588
66720.000000,0.2920160601,0.2917199596,0.2908827656,0.2894851202,0.2875234128,0.2849679353,0.2818238367,0.2780870567,0.2736931130,0.2686544339,0.2629120893,0.2564071610,0.2490809323,0.2408224280,0.2314924530,0.2208769467,0.2086316722,0.1941326842,0.1761279115,0.1510572504,0.0820878716
66780.000000,0.2917869821,0.2914912446,0.2906550760,0.2892591390,0.2872998225,0.2847474465,0.2816071441,0.2778748480,0.2734861348,0.2684534003,0.2627177584,0.2562203270,0.2489024188,0.2406531314,0.2313333559,0.2207291682,0.2084965522,0.1940119576,0.1760240651,0.1509746555,0.0820098777
66840.000000,0.2915579041,0.2912625296,0.2904273863,0.2890331578,0.2870762322,0.2845269577,0.2813904515,0.2776626393,0.2732791565,0.2682523668,0.2625234275,0.2560334930,0.2487239054,0.2404838348,0.2311742588,0.2205813898,0.2083614321,0.1938912310,0.1759202186,0.1508920606,0.0819318838
66900.000000,0.2913299382,0.2910349249,0.2902008017,0.2888082728,0.2868537258,0.2843075370,0.2811748076,0.2774514565,0.2730731776,0.2680523025,0.2623300320,0.2558475566,0.2485462479,0.2403153483,0.2310159214,0.2204343157,0.2082269555,0.1937710800,0.1758168714,0.1508098784,0.0818544772
66960.000000,0.2911019722,0.2908073201,0.2899742170,0.2885833879,0.2866312195,0.2840881164,0.2809591638,0.2772402737,0.2728671987,0.2678522381,0.2621366364,0.2556616202,0.2483685904,0.2401468618,0.2308575840,0.2202872416,0.2080924788,0.1936509290,0.1757135242,0.1507276963,0.0817770706
67020.000000,0.2908751106,0.2905808177,0.2897487295,0.2883595914,0.2864097895,0.2838697563,0.2807445613,0.2770301095,0.2726622120,0.2676531361,0.2619441695,0.2554765750,0.2481917827,0.2399791795,0.2307000007,0.2201408666,0.2079586407,0.1935313491,0.1756106721,0.1506459232,0.0817002455
67080.000000,0.2906482489,0.2903543153,0.2895232420,0.2881357949,0.2861883594,0.2836513962,0.2805299587,0.2768199454,0.2724572253,0.2674540340,0.2617517026,0.2552915298,0.2480149749,0.2398114972,0.2305424175,0.2199944917,0.2078248026,0.1934117692,0.1755078200,0.1505641501,0.0816234203
67140.000000,0.2904224836,0.2901289075,0.2892988440,0.2879130792,0.2859679981,0.2834340892,0.2803163902,0.2766107926,0.2722532238,0.2672558874,0.2615601577,0.2551073693,0.2478390108,0.2396446132,0.2303855828,0.2198488107,0.2076915983,0.1932927560,0.1754054591,0.1504827825,0.0815471708
67200.000000,0.2901967184,0.2899034998,0.2890744459,0.2876903635,0.2857476369,0.2832167822,0.2801028216,0.2764016399,0.2720492223,0.2670577408,0.2613686128,0.2549232088,0.2476630467,0.2394777292,0.2302287482,0.2197031298,0.2075583939,0.1931737429,0.1753030983,0.1504014148,0.0814709212
67260.000000,0.2899720420,0.2896791790,0.2888511297,0.2874687210,0.2855283368,0.2830005209,0.2798902797,0.2761934914,0.2718461990,0.2668605428,0.2611779834,0.2547399268,0.2474879202,0.2393116377,0.2300726566,0.2195581377,0.2074258186,0.1930552921,0.1752012247,0.1503204490,0.0813952416
67320.000000,0.2897473655,0.2894548582,0.2886278134,0.2872470785,0.2853090367,0.2827842596,0.2796777378,0.2759853429,0.2716431756,0.2666633449,0.2609873539,0.2545566447,0.2473127936,0.2391455463,0.2299165651,0.2194131455,0.2072932432,0.1929368414,0.1750993511,0.1502394832,0.0813195619
67380.000000,0.2895237702,0.2892316167,0.2884055714,0.2870265017,0.2850907904,0.2825690366,0.2794662153,0.2757781916,0.2714411236,0.2664670888,0.2607976333,0.2543742348,0.2471384986,0.2389802417,0.2297612113,0.2192688372,0.2071612922,0.1928189487,0.1749979608,0.1501589158,0.0812444465
67440.000000,0.2893001749,0.2890083752,0.2881833293,0.2868059249,0.2848725441,0.2823538136,0.2792546929,0.2755710403,0.2712390715,0.2662708327,0.2606079128,0.2541918249,0.2469642036,0.2388149371,0.2296058575,0.2191245289,0.2070293411,0.1927010561,0.1748965706,0.1500783483,0.0811693310
67500.000000,0.2890776532,0.2887862055,0.2879621539,0.2865864063,0.2846553442,0.2821396216,0.2790441827,0.2753648792,0.2710379839,0.2660755119,0.2604190946,0.2540102809,0.2467907341,0.2386504137,0.2294512361,0.2189808993,0.2068980097,0.1925837173,0.1747956599,0.1499981757,0.0810947742
67560.000000,0.2888551314,0.2885640358,0.2877409786,0.2863668877,0.2844381442,0.2819254296,0.2788336725,0.2751587180,0.2708368963,0.2658801911,0.2602302765,0.2538287369,0.2466172647,0.2384858902,0.2292966147,0.2188372698,0.2067666783,0.1924663784,0.1746947492,0.1499180031,0.0810202173
67620.000000,0.2886336757,0.2883429303,0.2875208624,0.2861484200,0.2842219833,0.2817122614,0.2786241674,0.2749535400,0.2706367662,0.2656857989,0.2600423545,0.2536480527,0.2464446149,0.2383221423,0.2291427203,0.2186943140,0.2066359619,0.1923495893,0.1745943143,0.1498382219,0.0809462136
67680.000000,0.2884122200,0.2881218249,0.2873007463,0.2859299522,0.2840058224,0.2814990932,0.2784146624,0.2747483621,0.2704366362,0.2654914067,0.2598544324,0.2534673685,0.2462719652,0.2381583944,0.2289888260,0.2185513582,0.2065052455,0.1922328001,0.1744938794,0.1497584407,0.0808722098
67740.000000,0.2881918230,0.2879017763,0.2870816819,0.2857125278,0.2837906932,0.2812869416,0.2782061555,0.2745441604,0.2702374570,0.2652979365,0.2596674000,0.2532875379,0.2461001292,0.2379954164,0.2288356534,0.2184090713,0.2063751396,0.1921165563,0.1743939164,0.1496790475,0.0807987536
67800.000000,0.2879714259,0.2876817276,0.2868626176,0.2854951035,0.2835755641,0.2810747900,0.2779976485,0.2743399587,0.2700382779,0.2651044664,0.2594803677,0.2531077073,0.2459282933,0.2378324385,0.2286824808,0.2182667844,0.2062450337,0.1920003126,0.1742939535,0.1495996543,0.0807252974
67860.000000,0.2877520801,0.2874627285,0.2866445977,0.2852787153,0.2833614595,0.2808636479,0.2777901327,0.2741367264,0.2698400429,0.2649119118,0.2592942187,0.2529287243,0.2457572653,0.2376702249,0.2285300248,0.2181251615,0.2061155337,0.1918846102,0.1741944588,0.1495206457,0.0806523834
67920.000000,0.2875327342,0.2872437294,0.2864265779,0.2850623272,0.2831473549,0.2806525059,0.2775826169,0.2739334941,0.2696418080,0.2647193573,0.2591080698,0.2527497414,0.2455862374,0.2375080114,0.2283775688,0.2179835386,0.2059860338,0.1917689078,0.1740949642,0.1494416372,0.0805794694
67980.000000,0.2873144323,0.2870257724,0.2862095952,0.2848469680,0.2829342678,0.2804423663,0.2773760853,0.2737312245,0.2694445106,0.2645277119,0.2589227980,0.2525716000,0.2454160118,0.2373465569,0.2282258242,0.2178425748,0.2058571354,0.1916537427,0.1739959341,0.1493630100,0.0805070923
68040.000000,0.2870961304,0.2868078154,0.2859926126,0.2846316088,0.2827211806,0.2802322267,0.2771695536,0.2735289549,0.2692472132,0.2643360664,0.2587375263,0.2523934586,0.2452457861,0.2371851024,0.2280740797,0.2177016111,0.2057282369,0.1915385775,0.1738969041,0.1492843828,0.0804347152
68100.000000,0.2868788652,0.2865908934,0.2857766600,0.2844172714,0.2825091038,0.2800230826,0.2769639993,0.2733276412,0.2690508468,0.2641453238,0.2585531256,0.2522161529,0.2450763571,0.2370244014,0.2279230414,0.2175613017,0.2055999355,0.1914239456,0.1737983350,0.1492061337,0.0803628696
68160.000000,0.2866616000,0.2863739714,0.2855607074,0.2842029341,0.2822970270,0.2798139385,0.2767584451,0.2731263275,0.2688544804,0.2639545811,0.2583687248,0.2520388471,0.2449069280,0.2368637004,0.2277720031,0.2174209923,0.2054716341,0.1913093137,0.1736997660,0.1491278846,0.0802910241
68220.000000,0.2864453642,0.2861580771,0.2853457776,0.2839896114,0.2820859535,0.2796057829,0.2765538613,0.2729259631,0.2686590385,0.2637647349,0.2581851890,0.2518623711,0.2447382899,0.2367037476,0.2276216661,0.2172813326,0.2053439254,0.1911952110,0.1736016543,0.1490500104,0.0802197049
68280.000000,0.2862291285,0.2859421828,0.2851308478,0.2837762887,0.2818748800,0.2793976274,0.2763492775,0.2727255986,0.2684635966,0.2635748887,0.2580016532,0.2516858952,0.2445696517,0.2365437949,0.2274713291,0.2171416728,0.2052162168,0.1910811083,0.1735035427,0.1489721361,0.0801483857
68340.000000,0.2860139151,0.2857273092,0.2849169339,0.2835639738,0.2816648029,0.2791904535,0.2761456575,0.2725261768,0.2682690728,0.2633859326,0.2578189762,0.2515102431,0.2444017990,0.2363845850,0.2273216883,0.2170026580,0.2050890964,0.1909675309,0.1734058849,0.1488946336,0.0800775878
68400.000000,0.2857987017,0.2855124356,0.2847030199,0.2833516588,0.2814547258,0.2789832797,0.2759420375,0.2723267550,0.2680745489,0.2631969766,0.2576362992,0.2513345911,0.2442339462,0.2362253751,0.2271720475,0.2168636432,0.2049619761,0.1908539535,0.1733082271,0.1488171310,0.0800067898
68460.000000,0.2855845036,0.2852985755,0.2844901146,0.2831403445,0.2812456381,0.2787770807,0.2757393746,0.2721282693,0.2678809367,0.2630089045,0.2574544750,0.2511597571,0.2440668733,0.2360669028,0.2270230980,0.2167252687,0.2048354398,0.1907408975,0.1732110197,0.1487399970,0.0799365080
68520.000000,0.2853703056,0.2850847155,0.2842772094,0.2829290303,0.2810365505,0.2785708818,0.2755367118,0.2719297836,0.2676873245,0.2628208324,0.2572726508,0.2509849232,0.2438998003,0.2359084305,0.2268741485,0.2165868942,0.2047089035,0.1906278414,0.1731138122,0.1486628630,0.0798662262
68580.000000,0.2851571158,0.2848718620,0.2840653060,0.2827187098,0.2808284455,0.2783656510,0.2753349993,0.2717322275,0.2674946177,0.2626336381,0.2570916735,0.2508109017,0.2437335017,0.2357506907,0.2267258853,0.2164491555,0.2045829471,0.1905153029,0.1730170517,0.1485860944,0.0797964556
68640.000000,0.2849439260,0.2846590085,0.2838534026,0.2825083894,0.2806203405,0.2781604202,0.2751332869,0.2715346714,0.2673019108,0.2624464438,0.2569106962,0.2506368802,0.2435672031,0.2355929508,0.2265776221,0.2163114167,0.2044569906,0.1904027643,0.1729202911,0.1485093258,0.0797266849
68700.000000,0.2847317375,0.2844471547,0.2836424940,0.2822990559,0.2804132113,0.2779561509,0.2749325183,0.2713380385,0.2671101030,0.2622601212,0.2567305598,0.2504636654,0.2434016733,0.2354359382,0.2264300404,0.2161743091,0.2043316097,0.1902907394,0.1728239740,0.1484329195,0.0796574204
68760.000000,0.2845195491,0.2842353009,0.2834315855,0.2820897223,0.2802060821,0.2777518816,0.2747317498,0.2711414056,0.2669182952,0.2620737986,0.2565504235,0.2502904506,0.2432361436,0.2352789255,0.2262824586,0.2160372014,0.2042062289,0.1901787146,0.1727276569,0.1483565133,0.0795881559
68820.000000,0.2843083551,0.2840244399,0.2832216650,0.2818813690,0.2799999221,0.2775485671,0.2745319186,0.2709456894,0.2667273802,0.2618883417,0.2563711222,0.2501180369,0.2430713774,0.2351226350,0.2261355535,0.2159007204,0.2040814195,0.1900671995,0.1726317799,0.1482804664,0.0795193926
68880.000000,0.2840971611,0.2838135789,0.2830117445,0.2816730157,0.2797937621,0.2773452527,0.2743320875,0.2707499733,0.2665364652,0.2617028847,0.2561918210,0.2499456232,0.2429066112,0.2349663445,0.2259886484,0.2157642394,0.2039566101,0.1899556845,0.1725359029,0.1482044195,0.0794506294
68940.000000,0.2838869547,0.2836037038,0.2828028053,0.2814656357,0.2795885645,0.2771428864,0.2741331872,0.2705551676,0.2663464368,0.2615182874,0.2560133491,0.2497740050,0.2427426031,0.2348107710,0.2258424152,0.2156283806,0.2038323679,0.1898446757,0.1724404625,0.1481287290,0.0793823625
69000.000000,0.2836767484,0.2833938288,0.2825938660,0.2812582558,0.2793833669,0.2769405202,0.2739342870,0.2703603619,0.2661564084,0.2613336901,0.2558348771,0.2496023868,0.2425785951,0.2346551975,0.2256961820,0.2154925218,0.2037081258,0.1897336668,0.1723450222,0.1480530384,0.0793140957
69060.000000,0.2834675229,0.2831849329,0.2823859013,0.2810518426,0.2791791252,0.2767390958,0.2737363112,0.2701664604,0.2659672606,0.2611499465,0.2556572288,0.2494315586,0.2424153399,0.2345003360,0.2255506158,0.2153572807,0.2035844470,0.1896231603,0.1722500153,0.1479777013,0.0792463204
69120.000000,0.2832582974,0.2829760371,0.2821779366,0.2808454295,0.2789748835,0.2765376713,0.2735383355,0.2699725589,0.2657781128,0.2609662029,0.2554795804,0.2492607304,0.2422520847,0.2343454745,0.2254050497,0.2152220397,0.2034607681,0.1895126538,0.1721550083,0.1479023641,0.0791785452
69180.000000,0.2830500460,0.2827681137,0.2819709398,0.2806399764,0.2787715911,0.2763371822,0.2733412779,0.2697795553,0.2655898394,0.2607833071,0.2553027499,0.2490906866,0.2420895771,0.2341913201,0.2252601460,0.2150874119,0.2033376484,0.1894026461,0.1720604315,0.1478273775,0.0791112569
69240.000000,0.2828417947,0.2825601904,0.2817639429,0.2804345233,0.2785682987,0.2761366930,0.2731442204,0.2695865518,0.2654015660,0.2606004114,0.2551259194,0.2489206429,0.2419270696,0.2340371656,0.2251152423,0.2149527842,0.2032145287,0.1892926383,0.1719658547,0.1477523908,0.0790439685
69300.000000,0.2826345108,0.2823532329,0.2815579073,0.2802300239,0.2783659491,0.2759371327,0.2729480747,0.2693944400,0.2652141611,0.2604183576,0.2549499011,0.2487513783,0.2417653045,0.2338837133,0.2249709963,0.2148187655,0.2030919642,0.1891831257,0.1718717047,0.1476777518,0.0789771624
69360.000000,0.2824272270,0.2821462754,0.2813518717,0.2800255244,0.2781635995,0.2757375725,0.2727519290,0.2692023283,0.2650267562,0.2602363038,0.2547738829,0.2485821136,0.2416035394,0.2337302609,0.2248267504,0.2146847468,0.2029693997,0.1890736130,0.1717775548,0.1476031127,0.0789103563
69420.000000,0.2822209040,0.2819402772,0.2811467908,0.2798219719,0.2779621863,0.2755389347,0.2725566889,0.2690111022,0.2648402138,0.2600550861,0.2545986712,0.2484136226,0.2414425115,0.2335775058,0.2246831576,0.2145513328,0.2028473864,0.1889645919,0.1716838284,0.1475288184,0.0788440278
69480.000000,0.2820145811,0.2817342790,0.2809417099,0.2796184195,0.2777607731,0.2753402970,0.2723614488,0.2688198762,0.2646536713,0.2598738685,0.2544234595,0.2482451317,0.2412814837,0.2334247506,0.2245395648,0.2144179189,0.2027253731,0.1888555707,0.1715901021,0.1474545241,0.0787776992
69540.000000,0.2818092125,0.2815292335,0.2807375771,0.2794158076,0.2775602899,0.2751425755,0.2721671082,0.2686295298,0.2644679855,0.2596934814,0.2542490490,0.2480774090,0.2411211881,0.2332726878,0.2243966205,0.2142851053,0.2026039071,0.1887470375,0.1714967963,0.1473805717,0.0787118437
69600.000000,0.2816038439,0.2813241880,0.2805334444,0.2792131958,0.2773598067,0.2749448540,0.2719727676,0.2684391834,0.2642822996,0.2595130942,0.2540746384,0.2479096864,0.2409608924,0.2331206250,0.2242536763,0.2141522918,0.2024824411,0.1886385043,0.1714034905,0.1473066194,0.0786459883
69660.000000,0.2813994231,0.2811200888,0.2803302534,0.2790115181,0.2771602471,0.2747480425,0.2717793203,0.2682497106,0.2640974645,0.2593335318,0.2539010234,0.2477427268,0.2408013239,0.2329692498,0.2241113762,0.2140200745,0.2023615185,0.1885304554,0.1713106020,0.1472330062,0.0785806013
69720.000000,0.2811950024,0.2809159896,0.2801270624,0.2788098405,0.2769606875,0.2745512310,0.2715858729,0.2680602378,0.2639126294,0.2591539694,0.2537274084,0.2475757673,0.2406417554,0.2328178745,0.2239690760,0.2138878572,0.2022405959,0.1884224066,0.1712177135,0.1471593930,0.0785152143
69780.000000,0.2809915231,0.2807128302,0.2799248067,0.2786090907,0.2767620454,0.2743553234,0.2713933129,0.2678716327,0.2637286392,0.2589752261,0.2535545835,0.2474095655,0.2404829090,0.2326671821,0.2238274155,0.2137562320,0.2021202128,0.1883148387,0.1711252392,0.1470861163,0.0784502914
69840.000000,0.2807880437,0.2805096708,0.2797225511,0.2784083409,0.2765634032,0.2741594157,0.2712007528,0.2676830276,0.2635446490,0.2587964828,0.2533817586,0.2472433637,0.2403240626,0.2325164896,0.2236857549,0.2136246068,0.2019998297,0.1882072708,0.1710327649,0.1470128395,0.0783853685
69900.000000,0.2805854995,0.2803074449,0.2795212244,0.2782085127,0.2763656722,0.2739644057,0.2710090739,0.2674952843,0.2633614980,0.2586185530,0.2532097184,0.2470779146,0.2401659334,0.2323664752,0.2235447295,0.2134935695,0.2018799824,0.1881001803,0.1709407018,0.1469398965,0.0783209053
69960.000000,0.2803829552,0.2801052190,0.2793198978,0.2780086845,0.2761679411,0.2737693957,0.2708173950,0.2673075410,0.2631783469,0.2584406233,0.2530376783,0.2469124654,0.2400078041,0.2322164608,0.2234037040,0.2133625321,0.2017601351,0.1879930898,0.1708486387,0.1468669535,0.0782564420
70020.000000,0.2801813397,0.2799039203,0.2791194939,0.2778097716,0.2759711151,0.2735752773,0.2706265914,0.2671206536,0.2629960293,0.2582635015,0.2528664175,0.2467477638,0.2398503871,0.2320671199,0.2232633093,0.2132320786,0.2016408197,0.1878864734,0.1707569837,0.1467943415,0.0781924341
70080.000000,0.2799797242,0.2797026215,0.2789190899,0.2776108587,0.2757742891,0.2733811589,0.2704357877,0.2669337662,0.2628137118,0.2580863797,0.2526951567,0.2465830621,0.2396929701,0.2319177789,0.2231229147,0.2131016251,0.2015215043,0.1877798570,0.1706653287,0.1467217295,0.0781284262
70140.000000,0.2797790311,0.2795022437,0.2787196025,0.2774128549,0.2755783619,0.2731879261,0.2702458534,0.2667477289,0.2626322220,0.2579100605,0.2525246699,0.2464191028,0.2395362604,0.2317691067,0.2229831464,0.2129717514,0.2014027172,0.1876737112,0.1705740787,0.1466494459,0.0780648692
70200.000000,0.2795783381,0.2793018658,0.2785201151,0.2772148511,0.2753824348,0.2729946933,0.2700559190,0.2665616917,0.2624507322,0.2577337412,0.2523541832,0.2462551435,0.2393795507,0.2316204345,0.2228433780,0.2128418776,0.2012839300,0.1875675654,0.1704828288,0.1465771623,0.0780013123
70260.000000,0.2793785612,0.2791024027,0.2783215379,0.2770177504,0.2751874004,0.2728023400,0.2698668481,0.2663764987,0.2622700646,0.2575582190,0.2521844652,0.2460919215,0.2392235436,0.2314724265,0.2227042318,0.2127125796,0.2011656674,0.1874618868,0.1703919810,0.1465052045,0.0779382021
70320.000000,0.2791787844,0.2789029395,0.2781229608,0.2768206497,0.2749923661,0.2726099868,0.2696777772,0.2661913058,0.2620893970,0.2573826968,0.2520147473,0.2459286995,0.2390675364,0.2313244185,0.2225650856,0.2125832816,0.2010474048,0.1873562083,0.1703011333,0.1464332467,0.0778750919
70380.000000,0.2789799177,0.2787043849,0.2779252878,0.2766244458,0.2747982185,0.2724185072,0.2694895638,0.2660069516,0.2619095461,0.2572079662,0.2518457929,0.2457662097,0.2389122270,0.2311770701,0.2224265571,0.2124545553,0.2009296629,0.1872509938,0.1702106846,0.1463616121,0.0778124243
70440.000000,0.2787810509,0.2785058303,0.2777276149,0.2764282420,0.2746040710,0.2722270276,0.2693013505,0.2658225974,0.2617296951,0.2570332356,0.2516768385,0.2456037200,0.2387569175,0.2310297217,0.2222880286,0.2123258290,0.2008119211,0.1871457792,0.1701202360,0.1462899776,0.0777497567
70500.000000,0.2785830882,0.2783081781,0.2775308400,0.2762329291,0.2744108042,0.2720364158,0.2691139890,0.2656390761,0.2615506553,0.2568592914,0.2515086425,0.2454419576,0.2386023010,0.2308830285,0.2221501137,0.2121976705,0.2006946965,0.1870410253,0.1700301837,0.1462186636,0.0776875274
70560.000000,0.2783851254,0.2781105259,0.2773340652,0.2760376162,0.2742175375,0.2718458040,0.2689266275,0.2654555549,0.2613716155,0.2566853471,0.2513404466,0.2452801952,0.2384476846,0.2307363352,0.2220121988,0.2120695120,0.2005774720,0.1869362714,0.1699401313,0.1461473497,0.0776252982
70620.000000,0.2781880605,0.2779137701,0.2771381824,0.2758431882,0.2740251457,0.2716560541,0.2687401121,0.2652728611,0.2611933813,0.2565121838,0.2511730039,0.2451191552,0.2382937564,0.2305902926,0.2218748932,0.2119419174,0.2004607610,0.1868319750,0.1698504723,0.1460763539,0.0775635033
70680.000000,0.2779909956,0.2777170143,0.2769422997,0.2756487602,0.2738327539,0.2714663043,0.2685535967,0.2650901673,0.2610151471,0.2563390206,0.2510055612,0.2449581152,0.2381398282,0.2304442501,0.2217375876,0.2118143227,0.2003440500,0.1867276785,0.1697608134,0.1460053581,0.0775017083
70740.000000,0.2777948226,0.2775211489,0.2767473030,0.2754552112,0.2736412311,0.2712774106,0.2683679217,0.2649082953,0.2608377132,0.2561666330,0.2508388667,0.2447977927,0.2379865835,0.2302988537,0.2216008872,0.2116872881,0.2002278490,0.1866238362,0.1696715449,0.1459346779,0.0774403436
70800.000000,0.2775986496,0.2773252834,0.2765523063,0.2752616622,0.2734497084,0.2710885169,0.2681822467,0.2647264233,0.2606602792,0.2559942455,0.2506721722,0.2446374702,0.2378333389,0.2301534574,0.2214641868,0.2115602534,0.2001116481,0.1865199940,0.1695822765,0.1458639977,0.0773789789
70860.000000,0.2774033626,0.2771303024,0.2763581899,0.2750689864,0.2732590488,0.2709004736,0.2679974065,0.2645453677,0.2604836402,0.2558226285,0.2505062208,0.2444778604,0.2376807733,0.2300087029,0.2213280874,0.2114337749,0.1999959536,0.1864166027,0.1694933957,0.1457936308,0.0773180404
70920.000000,0.2772080755,0.2769353214,0.2761640734,0.2748763105,0.2730683893,0.2707124304,0.2678125663,0.2643643121,0.2603070011,0.2556510115,0.2503402695,0.2443182505,0.2375282076,0.2298639484,0.2211919881,0.2113072965,0.1998802592,0.1863132114,0.1694045149,0.1457232638,0.0772571019
70980.000000,0.2770136685,0.2767412189,0.2759708312,0.2746845019,0.2728785873,0.2705252318,0.2676285553,0.2641840673,0.2601311516,0.2554801598,0.2501750563,0.2441593486,0.2373763164,0.2297198314,0.2210564856,0.2111813703,0.1997650678,0.1862102680,0.1693160191,0.1456532075,0.0771965857
71040.000000,0.2768192614,0.2765471165,0.2757775891,0.2744926933,0.2726887852,0.2703380333,0.2674445443,0.2640038226,0.2599553020,0.2553093081,0.2500098431,0.2440004466,0.2372244251,0.2295757144,0.2209209832,0.2110554442,0.1996498763,0.1861073245,0.1692275232,0.1455831513,0.0771360694
71100.000000,0.2766257285,0.2763538866,0.2755852154,0.2743017462,0.2724998349,0.2701516739,0.2672613570,0.2638243833,0.2597802367,0.2551392167,0.2498453631,0.2438422477,0.2370732037,0.2294322306,0.2207860737,0.2109300666,0.1995351845,0.1860048258,0.1691394095,0.1455134034,0.0770759715
71160.000000,0.2764321956,0.2761606568,0.2753928417,0.2741107991,0.2723108846,0.2699653145,0.2670781697,0.2636449440,0.2596051715,0.2549691252,0.2496808831,0.2436840488,0.2369219823,0.2292887468,0.2206511642,0.2108046890,0.1994204926,0.1859023271,0.1690512958,0.1454436555,0.0770158736
71220.000000,0.2762395311,0.2759682939,0.2752013307,0.2739207078,0.2721227804,0.2697797887,0.2668958005,0.2634663047,0.2594308852,0.2547997889,0.2495171315,0.2435265484,0.2367714262,0.2291458919,0.2205168436,0.2106798562,0.1993062968,0.1858002699,0.1689635614,0.1453742135,0.0769561902
71280.000000,0.2760468665,0.2757759309,0.2750098197,0.2737306165,0.2719346762,0.2695942628,0.2667134314,0.2632876655,0.2592565989,0.2546304526,0.2493533798,0.2433690479,0.2366208701,0.2290030370,0.2203825230,0.2105550235,0.1991921010,0.1856982128,0.1688758271,0.1453047716,0.0768965068
71340.000000,0.2758550645,0.2755844291,0.2748191657,0.2735413753,0.2717474124,0.2694095649,0.2665318750,0.2631098211,0.2590830865,0.2544618664,0.2491903516,0.2432122411,0.2364709749,0.2288608068,0.2202487873,0.2104307319,0.1990783980,0.1855965942,0.1687884694,0.1452356333,0.0768372340
71400.000000,0.2756632626,0.2753929273,0.2746285117,0.2733521341,0.2715601487,0.2692248670,0.2663503186,0.2629319766,0.2589095741,0.2542932802,0.2490273233,0.2430554344,0.2363210797,0.2287185767,0.2201150516,0.2103064403,0.1989646949,0.1854949756,0.1687011118,0.1451664949,0.0767779612
71460.000000,0.2754723175,0.2752022809,0.2744387090,0.2731637374,0.2713737198,0.2690409917,0.2661695695,0.2627549216,0.2587368303,0.2541254391,0.2488650137,0.2428993167,0.2361718410,0.2285769670,0.2199818968,0.2101826861,0.1988514812,0.1853937925,0.1686141281,0.1450976579,0.0767190953
71520.000000,0.2752813724,0.2750116344,0.2742489063,0.2729753406,0.2711872910,0.2688571163,0.2659888205,0.2625778666,0.2585640866,0.2539575981,0.2487027040,0.2427431990,0.2360226022,0.2284353573,0.2198487421,0.2100589320,0.1987382675,0.1852926095,0.1685271445,0.1450288209,0.0766602293
71580.000000,0.2750912784,0.2748218378,0.2740599493,0.2727877827,0.2710016915,0.2686740579,0.2658088734,0.2624015959,0.2583921064,0.2537904971,0.2485411082,0.2425877658,0.2358740155,0.2282943639,0.2197161644,0.2099357116,0.1986255398,0.1851918589,0.1684405322,0.1449602828,0.0766017665
71640.000000,0.2749011845,0.2746320411,0.2738709923,0.2726002248,0.2708160920,0.2684909996,0.2656289263,0.2622253251,0.2582201262,0.2536233962,0.2483795124,0.2424323326,0.2357254288,0.2281533705,0.2195835867,0.2098124913,0.1985128121,0.1850911082,0.1683539199,0.1448917448,0.0765433037
71700.000000,0.2747119362,0.2744430885,0.2736828753,0.2724135003,0.2706313163,0.2683087529,0.2654497759,0.2620498334,0.2580489046,0.2534570305,0.2482186257,0.2422775793,0.2355774899,0.2280129894,0.2194515822,0.2096898012,0.1984005670,0.1849907871,0.1682676763,0.1448235034,0.0764852402
71760.000000,0.2745226878,0.2742541360,0.2734947583,0.2722267757,0.2704465407,0.2681265062,0.2652706255,0.2618743417,0.2578776829,0.2532906648,0.2480577390,0.2421228261,0.2354295509,0.2278726082,0.2193195777,0.2095671111,0.1982883220,0.1848904660,0.1681814327,0.1447552621,0.0764271768
71820.000000,0.2743342795,0.2740660220,0.2733074759,0.2720408790,0.2702625835,0.2679450658,0.2650922666,0.2616996239,0.2577072148,0.2531250295,0.2478975567,0.2419687482,0.2352822553,0.2277328352,0.2191881425,0.2094449476,0.1981765564,0.1847905715,0.1680955552,0.1446873152,0.0763695092
71880.000000,0.2741458711,0.2738779080,0.2731201935,0.2718549822,0.2700786264,0.2677636254,0.2649139076,0.2615249061,0.2575367466,0.2529593942,0.2477373743,0.2418146703,0.2351349597,0.2275930622,0.2190567073,0.2093227842,0.1980647908,0.1846906769,0.1680096778,0.1446193684,0.0763118415
71940.000000,0.2739582972,0.2736906271,0.2729337401,0.2716699079,0.2698954823,0.2675829859,0.2647363348,0.2613509571,0.2573670270,0.2527944844,0.2475778917,0.2416612634,0.2349883032,0.2274538932,0.2189258377,0.2092011438,0.1979535014,0.1845912060,0.1679241638,0.1445517138,0.0762545660
72000.000000,0.2737707233,0.2735033462,0.2727472867,0.2714848335,0.2697123381,0.2674023465,0.2645587621,0.2611770081,0.2571973074,0.2526295746,0.2474184091,0.2415078565,0.2348416468,0.2273147243,0.2187949681,0.2090795035,0.1978422120,0.1844917351,0.1678386499,0.1444840592,0.0761972905
72060.000000,0.2735839784,0.2733168928,0.2725616570,0.2713005761,0.2695300017,0.2672225027,0.2643819704,0.2610038229,0.2570283314,0.2524653856,0.2472596216,0.2413551161,0.2346956252,0.2271761554,0.2186646602,0.2089583827,0.1977313956,0.1843926849,0.1677534970,0.1444166946,0.0761404035
72120.000000,0.2733972335,0.2731304395,0.2723760272,0.2711163187,0.2693476653,0.2670426590,0.2642051786,0.2608306376,0.2568593553,0.2523011966,0.2471008340,0.2412023757,0.2345496037,0.2270375865,0.2185343523,0.2088372620,0.1976205791,0.1842936347,0.1676683441,0.1443493301,0.0760835165
72180.000000,0.2732113122,0.2729448083,0.2721912156,0.2709328730,0.2691661313,0.2668636057,0.2640291628,0.2606582110,0.2566911180,0.2521377237,0.2469427370,0.2410502973,0.2344042128,0.2268996137,0.2184046025,0.2087166574,0.1975102324,0.1841950024,0.1675835496,0.1442822534,0.0760270146
72240.000000,0.2730253908,0.2727591771,0.2720064040,0.2707494272,0.2689845973,0.2666845525,0.2638531470,0.2604857844,0.2565228807,0.2519742507,0.2467846400,0.2408982190,0.2342588219,0.2267616409,0.2182748526,0.2085960528,0.1973998858,0.1840963700,0.1674987551,0.1442151767,0.0759705127
72300.000000,0.2728402876,0.2725743626,0.2718224053,0.2705667877,0.2688038604,0.2665062845,0.2636779019,0.2603141116,0.2563553772,0.2518114890,0.2466272290,0.2407467984,0.2341140576,0.2266242602,0.2181456571,0.2084759609,0.1972900057,0.1839981527,0.1674143166,0.1441483858,0.0759143923
72360.000000,0.2726551844,0.2723895482,0.2716384065,0.2703841482,0.2686231236,0.2663280165,0.2635026569,0.2601424388,0.2561878737,0.2516487273,0.2464698179,0.2405953778,0.2339692932,0.2264868795,0.2180164616,0.2083558690,0.1971801256,0.1838999354,0.1673298781,0.1440815949,0.0758582719
72420.000000,0.2724708940,0.2722055452,0.2714552153,0.2702023097,0.2684431786,0.2661505287,0.2633281777,0.2599715147,0.2560210993,0.2514866723,0.2463130884,0.2404446106,0.2338251513,0.2263500871,0.2178878167,0.2082362864,0.1970707091,0.1838021303,0.1672457931,0.1440150876,0.0758025296
72480.000000,0.2722866036,0.2720215422,0.2712720241,0.2700204713,0.2682632337,0.2659730409,0.2631536984,0.2598005907,0.2558543248,0.2513246172,0.2461563588,0.2402938435,0.2336810093,0.2262132946,0.2177591719,0.2081167037,0.1969612925,0.1837043251,0.1671617081,0.1439485803,0.0757467873
72540.000000,0.2721031207,0.2718383453,0.2710896351,0.2698394286,0.2680840756,0.2657963282,0.2629799799,0.2596304105,0.2556882746,0.2511632642,0.2460003062,0.2401437254,0.2335374857,0.2260770865,0.2176310740,0.2079976270,0.1968523363,0.1836069294,0.1670779742,0.1438823545,0.0756914197
72600.000000,0.2719196378,0.2716551484,0.2709072461,0.2696583860,0.2679049174,0.2656196154,0.2628062614,0.2594602304,0.2555222245,0.2510019112,0.2458442537,0.2399936073,0.2333939620,0.2259408784,0.2175029761,0.2078785502,0.1967433802,0.1835095337,0.1669942402,0.1438161288,0.0756360520
72660.000000,0.2717369572,0.2714727524,0.2707256542,0.2694781339,0.2677265409,0.2654436727,0.2626332987,0.2592907893,0.2553568938,0.2508412556,0.2456888737,0.2398441341,0.2332510526,0.2258052509,0.2173754217,0.2077599761,0.1966348813,0.1834125447,0.1669108549,0.1437501824,0.0755810557
72720.000000,0.2715542765,0.2712903564,0.2705440622,0.2692978818,0.2675481643,0.2652677299,0.2624603360,0.2591213482,0.2551915632,0.2506806000,0.2455334937,0.2396946609,0.2331081432,0.2256696233,0.2172478672,0.2076414019,0.1965263825,0.1833155556,0.1668274696,0.1436842361,0.0755260594
72780.000000,0.2713723929,0.2711087560,0.2703632621,0.2691184152,0.2673705644,0.2650925522,0.2622881242,0.2589526413,0.2550269474,0.2505206373,0.2453787818,0.2395458284,0.2329658441,0.2255345724,0.2171208526,0.2075233269,0.1964183379,0.1832189705,0.1667444305,0.1436185672,0.0754714310
72840.000000,0.2711905093,0.2709271557,0.2701824620,0.2689389486,0.2671929644,0.2649173745,0.2621159124,0.2587839344,0.2548623316,0.2503606746,0.2452240700,0.2393969959,0.2328235449,0.2253995215,0.2169938379,0.2074052519,0.1963102933,0.1831223853,0.1666613914,0.1435528983,0.0754168026
72900.000000,0.2710094175,0.2707463458,0.2700024486,0.2687602624,0.2670161359,0.2647429567,0.2619444466,0.2586159570,0.2546984260,0.2502014002,0.2450700220,0.2392487998,0.2326818520,0.2252650435,0.2168673596,0.2072876729,0.1962027000,0.1830262014,0.1665786961,0.1434875047,0.0753625388
72960.000000,0.2708283257,0.2705655360,0.2698224351,0.2685815762,0.2668393074,0.2645685390,0.2617729807,0.2584479796,0.2545345204,0.2500421259,0.2449159740,0.2391006037,0.2325401591,0.2251305656,0.2167408812,0.2071700939,0.1960951067,0.1829300175,0.1664960009,0.1434221111,0.0753082751
73020.000000,0.2706480207,0.2703855115,0.2696432033,0.2684036653,0.2666632455,0.2643948764,0.2616022561,0.2582807269,0.2543713204,0.2498835354,0.2447625855,0.2389530400,0.2323990684,0.2249966568,0.2166149356,0.2070530075,0.1959879617,0.1828342321,0.1664136471,0.1433569909,0.0752543728
73080.000000,0.2704677156,0.2702054871,0.2694639715,0.2682257543,0.2664871835,0.2642212138,0.2614315314,0.2581134742,0.2542081204,0.2497249450,0.2446091971,0.2388054762,0.2322579778,0.2248627480,0.2164889900,0.2069359211,0.1958808166,0.1827384466,0.1663312934,0.1432918707,0.0752004704
73140.000000,0.2702881922,0.2700262429,0.2692855162,0.2680486137,0.2663118831,0.2640483014,0.2612615431,0.2579469415,0.2540456215,0.2495670340,0.2444564638,0.2386585407,0.2321174855,0.2247294047,0.2163635737,0.2068193242,0.1957741169,0.1826430571,0.1662492788,0.1432270218,0.0751469262
73200.000000,0.2701086687,0.2698469988,0.2691070610,0.2678714731,0.2661365827,0.2638753890,0.2610915548,0.2577804088,0.2538831225,0.2494091230,0.2443037305,0.2385116052,0.2319769932,0.2245960613,0.2162381574,0.2067027273,0.1956674172,0.1825476675,0.1661672641,0.1431621730,0.0750933820
73260.000000,0.2699299219,0.2696685299,0.2689293772,0.2676950977,0.2659620389,0.2637032220,0.2609222981,0.2576145915,0.2537213200,0.2492518870,0.2441516482,0.2383652938,0.2318370954,0.2244632798,0.2161132669,0.2065866166,0.1955611599,0.1824526712,0.1660855864,0.1430975936,0.0750401928
73320.000000,0.2697511750,0.2694900609,0.2687516935,0.2675187224,0.2657874950,0.2635310549,0.2607530414,0.2574487742,0.2535595174,0.2490946511,0.2439995659,0.2382189824,0.2316971976,0.2243304983,0.2159883764,0.2064705059,0.1954549025,0.1823576748,0.1660039087,0.1430330141,0.0749870036
73380.000000,0.2695731998,0.2693123623,0.2685747763,0.2673431075,0.2656137030,0.2633596284,0.2605845116,0.2572836676,0.2533984069,0.2489380858,0.2438481304,0.2380732911,0.2315578905,0.2241982749,0.2158640084,0.2063548782,0.1953490847,0.1822630691,0.1659225655,0.1429687021,0.0749341662
73440.000000,0.2693952245,0.2691346637,0.2683978591,0.2671674925,0.2654399109,0.2631882019,0.2604159818,0.2571185611,0.2532372964,0.2487815206,0.2436966949,0.2379275998,0.2314185833,0.2240660515,0.2157396403,0.2062392506,0.1952432668,0.1821684634,0.1658412223,0.1429043902,0.0748813287
73500.000000,0.2692180158,0.2689577303,0.2682217035,0.2669926331,0.2652668658,0.2630175112,0.2602481741,0.2569541607,0.2530768734,0.2486256217,0.2435459020,0.2377825246,0.2312798629,0.2239343826,0.2156157912,0.2061241028,0.1951378856,0.1820742456,0.1657602114,0.1428403437,0.0748288400
73560.000000,0.2690408071,0.2687807970,0.2680455480,0.2668177736,0.2650938206,0.2628468205,0.2600803665,0.2567897603,0.2529164504,0.2484697228,0.2433951091,0.2376374494,0.2311411426,0.2238027137,0.2154919422,0.2060089551,0.1950325043,0.1819800279,0.1656792006,0.1427762973,0.0747763513
73620.000000,0.2688643602,0.2686046240,0.2678701491,0.2666436648,0.2649215176,0.2626768609,0.2599132764,0.2566260615,0.2527567104,0.2483144860,0.2432449546,0.2374929864,0.2310030052,0.2236715958,0.2153686088,0.2058942841,0.1949275568,0.1818861957,0.1655985197,0.1427125145,0.0747242081
73680.000000,0.2686879132,0.2684284511,0.2676947503,0.2664695559,0.2647492145,0.2625069012,0.2597461863,0.2564623628,0.2525969705,0.2481592492,0.2430948001,0.2373485233,0.2308648679,0.2235404778,0.2152452753,0.2057796131,0.1948226092,0.1817923634,0.1655178389,0.1426487317,0.0746720650
73740.000000,0.2685122230,0.2682530336,0.2675201033,0.2662961929,0.2645776488,0.2623376679,0.2595798092,0.2562993611,0.2524379093,0.2480046703,0.2429452800,0.2372046684,0.2307273098,0.2234099073,0.2151224542,0.2056654159,0.1947180926,0.1816989141,0.1654374860,0.1425852106,0.0746202644
73800.000000,0.2683365328,0.2680776162,0.2673454563,0.2661228299,0.2644060831,0.2621684347,0.2594134321,0.2561363595,0.2522788481,0.2478500913,0.2427957599,0.2370608135,0.2305897517,0.2232793367,0.2149996331,0.2055512186,0.1946135760,0.1816054648,0.1653571330,0.1425216896,0.0745684638
73860.000000,0.2681615945,0.2679029494,0.2671715564,0.2659502079,0.2642352500,0.2619999231,0.2592477633,0.2559740505,0.2521204612,0.2476961659,0.2426468700,0.2369175629,0.2304527692,0.2231493100,0.2148773210,0.2054374919,0.1945094875,0.1815123958,0.1652771057,0.1424584284,0.0745170028
73920.000000,0.2679866563,0.2677282826,0.2669976565,0.2657775859,0.2640644169,0.2618314115,0.2590820945,0.2558117415,0.2519620743,0.2475422405,0.2424979802,0.2367743123,0.2303157866,0.2230192833,0.2147550089,0.2053237653,0.1944053989,0.1814193269,0.1651970784,0.1423951673,0.0744655417
73980.000000,0.2678124652,0.2675543617,0.2668244988,0.2656057002,0.2638943117,0.2616636170,0.2589171296,0.2556501208,0.2518043575,0.2473889646,0.2423497166,0.2366316621,0.2301793759,0.2228897970,0.2146332026,0.2052105062,0.1943017357,0.1813266359,0.1651173745,0.1423321642,0.0744144172
74040.000000,0.2676382741,0.2673804408,0.2666513412,0.2654338145,0.2637242066,0.2614958225,0.2587521647,0.2554885000,0.2516466407,0.2472356886,0.2422014530,0.2364890119,0.2300429652,0.2227603106,0.2145113962,0.2050972471,0.1941980725,0.1812339449,0.1650376707,0.1422691611,0.0743632927
74100.000000,0.2674648254,0.2672072611,0.2664789211,0.2652626604,0.2635548247,0.2613287406,0.2585878992,0.2553275631,0.2514895896,0.2470830580,0.2420538116,0.2363469582,0.2299071227,0.2226313612,0.2143900923,0.2049844526,0.1940948319,0.1811416293,0.1649582881,0.1422064142,0.0743125018
74160.000000,0.2672913767,0.2670340813,0.2663065010,0.2650915064,0.2633854428,0.2611616586,0.2584236336,0.2551666262,0.2513325386,0.2469304273,0.2419061702,0.2362049046,0.2297712801,0.2225024117,0.2142687884,0.2048716581,0.1939915913,0.1810493137,0.1648789056,0.1421436673,0.0742617108
74220.000000,0.2671186656,0.2668616379,0.2661348137,0.2649210792,0.2632167796,0.2609952846,0.2582600629,0.2550063687,0.2511761490,0.2467784378,0.2417591471,0.2360634437,0.2296360022,0.2223739957,0.2141479838,0.2047593252,0.1938887705,0.1809573711,0.1647998422,0.1420811749,0.0742112506
74280.000000,0.2669459546,0.2666891945,0.2659631265,0.2647506521,0.2630481164,0.2608289106,0.2580964923,0.2548461112,0.2510197595,0.2466264482,0.2416121240,0.2359219828,0.2295007242,0.2222455797,0.2140271792,0.2046469922,0.1937859497,0.1808654285,0.1647207788,0.1420186824,0.0741607903
74340.000000,0.2667739764,0.2665174828,0.2657921674,0.2645809472,0.2628801673,0.2606632401,0.2579336121,0.2546865289,0.2508640272,0.2464750958,0.2414657152,0.2357811109,0.2293660071,0.2221176938,0.2139068706,0.2045351179,0.1936835460,0.1807738565,0.1646420325,0.1419564426,0.0741106578
74400.000000,0.2666019983,0.2663457711,0.2656212084,0.2644112424,0.2627122183,0.2604975696,0.2577707319,0.2545269466,0.2507082950,0.2463237433,0.2413193065,0.2356402389,0.2292312901,0.2219898079,0.2137865620,0.2044232436,0.1935811423,0.1806822845,0.1645632862,0.1418942028,0.0740605253
74460.000000,0.2664307485,0.2661747865,0.2654509729,0.2642422553,0.2625449788,0.2603325981,0.2576085378,0.2543680352,0.2505532159,0.2461730239,0.2411735081,0.2354999522,0.2290971305,0.2218624486,0.2136667464,0.2043118250,0.1934791531,0.1805910806,0.1644848549,0.1418322139,0.0740107177
74520.000000,0.2662594987,0.2660038019,0.2652807374,0.2640732682,0.2623777393,0.2601676266,0.2574463437,0.2542091237,0.2503981368,0.2460223045,0.2410277098,0.2353596655,0.2289629708,0.2217350893,0.2135469307,0.2042004063,0.1933771638,0.1804998767,0.1644064236,0.1417702250,0.0739609102
74580.000000,0.2660889726,0.2658335397,0.2651112209,0.2639049943,0.2622112048,0.2600033497,0.2572848314,0.2540508789,0.2502437066,0.2458722140,0.2408825179,0.2352199604,0.2288293650,0.2216082534,0.2134276048,0.2040894404,0.1932755864,0.1804090386,0.1643283051,0.1417084852,0.0739114247
74640.000000,0.2659184465,0.2656632776,0.2649417043,0.2637367204,0.2620446704,0.2598390728,0.2571233190,0.2538926340,0.2500892765,0.2457221236,0.2407373261,0.2350802552,0.2286957592,0.2214814175,0.2133082788,0.2039784746,0.1931740090,0.1803182005,0.1642501866,0.1416467454,0.0738619392
74700.000000,0.2657486395,0.2654937333,0.2647729022,0.2635691552,0.2618788366,0.2596754860,0.2569624841,0.2537350516,0.2499354913,0.2455726582,0.2405927370,0.2349411278,0.2285627037,0.2213551015,0.2131894396,0.2038679586,0.1930728407,0.1802277258,0.1641723790,0.1415852530,0.0738127730
74760.000000,0.2655788325,0.2653241890,0.2646041002,0.2634015899,0.2617130028,0.2595118993,0.2568016492,0.2535774691,0.2497817060,0.2454231929,0.2404481479,0.2348020005,0.2284296482,0.2212287856,0.2130706003,0.2037574426,0.1929716724,0.1801372511,0.1640945714,0.1415237606,0.0737636068
74820.000000,0.2654097401,0.2651553581,0.2644360080,0.2632347289,0.2615478652,0.2593489984,0.2566414874,0.2534205449,0.2496285616,0.2452743485,0.2403041577,0.2346634473,0.2282971395,0.2211029864,0.2129522446,0.2036473736,0.1928709106,0.1800471375,0.1640170726,0.1414625138,0.0737147571
74880.000000,0.2652406477,0.2649865272,0.2642679158,0.2630678678,0.2613827276,0.2591860975,0.2564813257,0.2532636206,0.2494754171,0.2451255042,0.2401601675,0.2345248941,0.2281646308,0.2209771871,0.2128338888,0.2035373047,0.1927701488,0.1799570239,0.1639395737,0.1414012671,0.0736659075
74940.000000,0.2650722653,0.2648184052,0.2641005291,0.2629017065,0.2612182818,0.2590238781,0.2563218328,0.2531073504,0.2493229095,0.2449772771,0.2400167725,0.2343869115,0.2280326656,0.2208519013,0.2127160136,0.2034276799,0.1926697910,0.1798672691,0.1638623817,0.1413402644,0.0736173716
75000.000000,0.2649038830,0.2646502831,0.2639331424,0.2627355453,0.2610538360,0.2588616587,0.2561623399,0.2529510802,0.2491704018,0.2448290499,0.2398733774,0.2342489289,0.2279007003,0.2207266156,0.2125981384,0.2033180551,0.1925694332,0.1797775142,0.1637851896,0.1412792617,0.0735688357
75060.000000,0.2647362062,0.2644828655,0.2637664567,0.2625700793,0.2608900776,0.2587001165,0.2560035118,0.2527954600,0.2490185269,0.2446814361,0.2397305737,0.2341115132,0.2277692750,0.2206018400,0.2124807406,0.2032088717,0.1924694767,0.1796881158,0.1637083024,0.1412185013,0.0735206110
75120.000000,0.2645685295,0.2643154478,0.2635997710,0.2624046134,0.2607263193,0.2585385743,0.2558446836,0.2526398397,0.2488666520,0.2445338222,0.2395877700,0.2339740975,0.2276378497,0.2204770644,0.2123633428,0.2030996883,0.1923695203,0.1795987174,0.1636314151,0.1411577408,0.0734723862
75180.000000,0.2644015539,0.2641487301,0.2634337818,0.2622398385,0.2605632441,0.2583777051,0.2556865160,0.2524848653,0.2487154058,0.2443868177,0.2394455539,0.2338372452,0.2275069610,0.2203527958,0.2122464195,0.2029909435,0.1922699627,0.1795096732,0.1635548306,0.1410972211,0.0734244698
75240.000000,0.2642345783,0.2639820125,0.2632677927,0.2620750635,0.2604001689,0.2582168358,0.2555283483,0.2523298909,0.2485641597,0.2442398133,0.2393033379,0.2337003930,0.2273760722,0.2202285272,0.2121294962,0.2028821986,0.1921704051,0.1794206290,0.1634782461,0.1410367013,0.0733765534
75300.000000,0.2640682995,0.2638159904,0.2631024959,0.2619109752,0.2602377725,0.2580566353,0.2553708371,0.2521755583,0.2484135384,0.2440934144,0.2391617058,0.2335641005,0.2272457167,0.2201047624,0.2120130443,0.2027738896,0.1920712438,0.1793319367,0.1634019625,0.1409764206,0.0733289428
75360.000000,0.2639020207,0.2636499683,0.2629371990,0.2617468870,0.2600753761,0.2578964348,0.2552133258,0.2520212258,0.2482629171,0.2439470156,0.2390200737,0.2334278081,0.2271153612,0.2199809976,0.2118965925,0.2026655806,0.1919720824,0.1792432444,0.1633256788,0.1409161399,0.0732813322
75420.000000,0.2637364343,0.2634846374,0.2627725900,0.2615834810,0.2599136544,0.2577368989,0.2550564668,0.2518675310,0.2481129167,0.2438012185,0.2388790220,0.2332920720,0.2269855355,0.2198577335,0.2117806091,0.2025577047,0.1918733149,0.1791549018,0.1632496940,0.1408560965,0.0732340247
75480.000000,0.2635708479,0.2633193066,0.2626079810,0.2614200751,0.2597519326,0.2575773630,0.2548996079,0.2517138361,0.2479629164,0.2436554215,0.2387379702,0.2331563360,0.2268557098,0.2197344694,0.2116646257,0.2024498288,0.1917745474,0.1790665591,0.1631737093,0.1407960531,0.0731867172
75540.000000,0.2634059496,0.2631546626,0.2624440556,0.2612573473,0.2595908812,0.2574184874,0.2547433971,0.2515607751,0.2478135331,0.2435102225,0.2385974951,0.2330211528,0.2267264107,0.2196117028,0.2115491079,0.2023423832,0.1916761712,0.1789785640,0.1630980215,0.1407362456,0.0731397103
75600.000000,0.2632410512,0.2629900187,0.2622801303,0.2610946194,0.2594298299,0.2572596119,0.2545871863,0.2514077141,0.2476641497,0.2433650235,0.2384570200,0.2328859696,0.2265971115,0.2194889361,0.2114335902,0.2022349376,0.1915777951,0.1788905688,0.1630223337,0.1406764380,0.0730927033
75660.000000,0.2630768367,0.2628260573,0.2621168842,0.2609325655,0.2592694447,0.2571013926,0.2544316197,0.2512552830,0.2475153796,0.2432204189,0.2383171180,0.2327513358,0.2264683357,0.2193666639,0.2113185350,0.2021279197,0.1914798078,0.1788029190,0.1629469409,0.1406168646,0.0730459944
75720.000000,0.2629126222,0.2626620960,0.2619536382,0.2607705115,0.2591090595,0.2569431734,0.2542760530,0.2511028518,0.2473666095,0.2430758142,0.2381772161,0.2326167020,0.2263395598,0.2192443917,0.2112034799,0.2020209018,0.1913818204,0.1787152691,0.1628715482,0.1405572912,0.0729992854
75780.000000,0.2627490872,0.2624988131,0.2617910673,0.2606091272,0.2589493364,0.2567856063,0.2541211265,0.2509510466,0.2472184488,0.2429318001,0.2380378836,0.2324826143,0.2262113039,0.2191226108,0.2110888845,0.2019143089,0.1912842195,0.1786279623,0.1627964486,0.1404979504,0.0729528719
75840.000000,0.2625855522,0.2623355301,0.2616284963,0.2604477429,0.2587896133,0.2566280393,0.2539662000,0.2507992414,0.2470702880,0.2427877861,0.2378985511,0.2323485265,0.2260830480,0.2190008299,0.2109742892,0.2018077160,0.1911866187,0.1785406555,0.1627213490,0.1404386097,0.0729064584
75900.000000,0.2624226925,0.2621729213,0.2614665963,0.2602870241,0.2586305482,0.2564711204,0.2538119097,0.2506480582,0.2469227329,0.2426443590,0.2377597846,0.2322149813,0.2259553089,0.2188795373,0.2108601507,0.2017015454,0.1910894018,0.1784536896,0.1626465407,0.1403794999,0.0728603379
75960.000000,0.2622598328,0.2620103125,0.2613046963,0.2601263053,0.2584714830,0.2563142015,0.2536576194,0.2504968750,0.2467751778,0.2425009319,0.2376210182,0.2320814362,0.2258275698,0.2187582447,0.2107460123,0.2015953748,0.1909921849,0.1783667237,0.1625717324,0.1403203902,0.0728142173
76020.000000,0.2620976443,0.2618483737,0.2611434630,0.2599662478,0.2583130717,0.2561579267,0.2535039613,0.2503463100,0.2466282245,0.2423580881,0.2374828142,0.2319484303,0.2257003443,0.2186374374,0.2106323279,0.2014896240,0.1908953496,0.1782800966,0.1624972135,0.1402615099,0.0727683872
76080.000000,0.2619354557,0.2616864349,0.2609822298,0.2598061904,0.2581546604,0.2560016519,0.2533503032,0.2501957450,0.2464812712,0.2422152443,0.2373446101,0.2318154243,0.2255731187,0.2185166300,0.2105186436,0.2013838731,0.1907985143,0.1781934695,0.1624226946,0.1402026297,0.0727225571
76140.000000,0.2617739341,0.2615251619,0.2608216591,0.2596467903,0.2579968989,0.2558460172,0.2531972734,0.2500457944,0.2463349160,0.2420729802,0.2372069651,0.2316829543,0.2254464036,0.2183963049,0.2104054104,0.2012785394,0.1907020583,0.1781071791,0.1623484633,0.1401439774,0.0726770149
76200.000000,0.2616124125,0.2613638889,0.2606610885,0.2594873901,0.2578391374,0.2556903826,0.2530442436,0.2498958438,0.2461885608,0.2419307161,0.2370693201,0.2315504843,0.2253196884,0.2182759797,0.2102921773,0.2011732056,0.1906056023,0.1780208887,0.1622742320,0.1400853252,0.0726314728
76260.000000,0.2614515537,0.2612032777,0.2605011763,0.2593286432,0.2576820217,0.2555353841,0.2528918382,0.2497465037,0.2460428000,0.2417890281,0.2369322306,0.2314185469,0.2251934805,0.2181561339,0.2101793927,0.2010682864,0.1905095231,0.1779349328,0.1622002865,0.1400268993,0.0725862163
76320.000000,0.2612906949,0.2610426664,0.2603412642,0.2591698962,0.2575249060,0.2553803856,0.2527394328,0.2495971636,0.2458970393,0.2416473402,0.2367951412,0.2312866095,0.2250672726,0.2180362880,0.2100666080,0.2009633672,0.1904134440,0.1778489770,0.1621263410,0.1399684735,0.0725409597
76380.000000,0.2611304949,0.2608827127,0.2601820065,0.2590117985,0.2573684321,0.2552260194,0.2525876480,0.2494484303,0.2457518692,0.2415062248,0.2366586038,0.2311552014,0.2249415687,0.2179169184,0.2099542691,0.2008588599,0.1903177394,0.1777633536,0.1620526794,0.1399102727,0.0724959863
76440.000000,0.2609702949,0.2607227591,0.2600227489,0.2588537007,0.2572119582,0.2550716531,0.2524358632,0.2492996970,0.2456066992,0.2413651093,0.2365220664,0.2310237933,0.2248158649,0.2177975488,0.2098419301,0.2007543527,0.1902220348,0.1776777302,0.1619790179,0.1398520718,0.0724510129
76500.000000,0.2608107495,0.2605634590,0.2598641416,0.2586962481,0.2570561221,0.2549179152,0.2522846951,0.2491515667,0.2454621163,0.2412245630,0.2363860778,0.2308929113,0.2246906621,0.2176786526,0.2097300342,0.2006502548,0.1901267024,0.1775924372,0.1619056385,0.1397940944,0.0724063203
76560.000000,0.2606512042,0.2604041589,0.2597055344,0.2585387956,0.2569002861,0.2547641774,0.2521335270,0.2490034365,0.2453175334,0.2410840166,0.2362500891,0.2307620292,0.2245654592,0.2175597564,0.2096181382,0.2005461570,0.1900313700,0.1775071442,0.1618322591,0.1397361170,0.0723616276
76620.000000,0.2604923095,0.2602455083,0.2595475735,0.2583819842,0.2567450840,0.2546110640,0.2519829719,0.2488559056,0.2451735340,0.2409440358,0.2361146458,0.2306316700,0.2244407543,0.2174413307,0.2095066824,0.2004424661,0.1899364076,0.1774221795,0.1617591600,0.1396783616,0.0723172134
76680.000000,0.2603334148,0.2600868578,0.2593896127,0.2582251729,0.2565898819,0.2544579506,0.2518324168,0.2487083747,0.2450295346,0.2408040549,0.2359792025,0.2305013108,0.2243160494,0.2173229049,0.2093952267,0.2003387751,0.1898414451,0.1773372149,0.1616860610,0.1396206062,0.0722727992
76740.000000,0.2601751668,0.2599288528,0.2592322943,0.2580689988,0.2564353098,0.2543054579,0.2516824709,0.2485614395,0.2448861152,0.2406646362,0.2358443012,0.2303714712,0.2241918394,0.2172049468,0.2092842084,0.2002354886,0.1897468503,0.1772525766,0.1616132407,0.1395630713,0.0722286611
76800.000000,0.2600169188,0.2597708479,0.2590749760,0.2579128247,0.2562807377,0.2541529651,0.2515325250,0.2484145042,0.2447426957,0.2405252174,0.2357093999,0.2302416316,0.2240676294,0.2170869886,0.2091731902,0.2001322021,0.1896522555,0.1771679383,0.1615404203,0.1395055365,0.0721845230
76860.000000,0.2598593134,0.2596134845,0.2589182961,0.2577572840,0.2561267918,0.2540010893,0.2513831845,0.2482681610,0.2445998526,0.2403863573,0.2355750373,0.2301123085,0.2239439112,0.2169694952,0.2090626068,0.2000293175,0.1895580261,0.1770836242,0.1614678768,0.1394482207,0.0721406587
76920.000000,0.2597017081,0.2594561211,0.2587616162,0.2576017433,0.2559728459,0.2538492134,0.2512338440,0.2481218178,0.2444570095,0.2402474972,0.2354406747,0.2299829853,0.2238201930,0.2168520017,0.2089520235,0.1999264329,0.1894637967,0.1769993102,0.1613953333,0.1393909049,0.0720967944
76980.000000,0.2595447415,0.2592993954,0.2586055710,0.2574468320,0.2558195224,0.2536979506,0.2510851053,0.2479760630,0.2443147393,0.2401091923,0.2353068475,0.2298541754,0.2236969636,0.2167349701,0.2088418723,0.1998239477,0.1893699305,0.1769153185,0.1613230650,0.1393338068,0.0720532015
77040.000000,0.2593877750,0.2591426697,0.2584495257,0.2572919208,0.2556661988,0.2535466878,0.2509363666,0.2478303082,0.2441724690,0.2399708874,0.2351730202,0.2297253655,0.2235737342,0.2166179386,0.2087317211,0.1997214626,0.1892760642,0.1768313268,0.1612507966,0.1392767087,0.0720096087
77100.000000,0.2592314433,0.2589865778,0.2582941112,0.2571376353,0.2555134938,0.2533960343,0.2507882260,0.2476851382,0.2440307682,0.2398331343,0.2350397251,0.2295970658,0.2234509907,0.2165013660,0.2086219995,0.1996193745,0.1891825589,0.1767476554,0.1611788018,0.1392198268,0.0719662851
77160.000000,0.2590751116,0.2588304859,0.2581386967,0.2569833497,0.2553607888,0.2532453809,0.2506400853,0.2475399682,0.2438890673,0.2396953812,0.2349064300,0.2294687661,0.2233282472,0.2163847935,0.2085122779,0.1995172864,0.1890890536,0.1766639841,0.1611068069,0.1391629450,0.0719229616
77220.000000,0.2589194108,0.2586750239,0.2579839090,0.2568296860,0.2552086985,0.2530953330,0.2504925392,0.2473953794,0.2437479323,0.2395581766,0.2347736638,0.2293409734,0.2232059867,0.2162686773,0.2084029832,0.1994155929,0.1889959071,0.1765806311,0.1610350837,0.1391062780,0.0718799050
77280.000000,0.2587637101,0.2585195619,0.2578291214,0.2566760222,0.2550566083,0.2529452852,0.2503449930,0.2472507907,0.2436067973,0.2394209720,0.2346408976,0.2292131808,0.2230837261,0.2161525610,0.2082936885,0.1993138994,0.1889027605,0.1764972780,0.1609633606,0.1390496110,0.0718368484
77340.000000,0.2586086366,0.2583647259,0.2576749568,0.2565229765,0.2549051291,0.2527958393,0.2501980376,0.2471067796,0.2434662247,0.2392843126,0.2345086570,0.2290858921,0.2229619454,0.2160368983,0.2081848182,0.1992125981,0.1888099705,0.1764142414,0.1608919075,0.1389931574,0.0717940567
77400.000000,0.2584535630,0.2582098900,0.2575207923,0.2563699309,0.2547536499,0.2526463934,0.2500510822,0.2469627686,0.2433256522,0.2391476531,0.2343764165,0.2289586034,0.2228401648,0.2159212355,0.2080759479,0.1991112969,0.1887171805,0.1763312048,0.1608204545,0.1389367039,0.0717512649
77460.000000,0.2582991128,0.2580556764,0.2573672470,0.2562174995,0.2546027780,0.2524975458,0.2499047141,0.2468193318,0.2431856387,0.2390115355,0.2342446984,0.2288318156,0.2227188613,0.2158060236,0.2079674994,0.1990103854,0.1886247448,0.1762484827,0.1607492698,0.1388804624,0.0717087357
77520.000000,0.2581446625,0.2579014627,0.2572137017,0.2560650681,0.2544519061,0.2523486982,0.2497583460,0.2466758949,0.2430456252,0.2388754179,0.2341129804,0.2287050278,0.2225975577,0.2156908116,0.2078590509,0.1989094740,0.1885323092,0.1761657606,0.1606780851,0.1388242209,0.0716662066
77580.000000,0.2579908319,0.2577478676,0.2570607719,0.2559132473,0.2543016379,0.2522004452,0.2496125615,0.2465330288,0.2429061673,0.2387398388,0.2339817817,0.2285787379,0.2224767283,0.2155760476,0.2077510216,0.1988089500,0.1884402258,0.1760833511,0.1606071672,0.1387681902,0.0716239379
77640.000000,0.2578370012,0.2575942725,0.2569078422,0.2557614264,0.2541513697,0.2520521923,0.2494667771,0.2463901627,0.2427667094,0.2386042597,0.2338505829,0.2284524480,0.2223558989,0.2154612836,0.2076429923,0.1987084261,0.1883481424,0.1760009415,0.1605362493,0.1387121595,0.0715816691
77700.000000,0.2576837863,0.2574412921,0.2567555242,0.2556102125,0.2540017014,0.2519045304,0.2493215727,0.2462478639,0.2426278039,0.2384692159,0.2337199004,0.2283266530,0.2222355409,0.2153469650,0.2075353797,0.1986082872,0.1882564091,0.1759188427,0.1604655965,0.1386563381,0.0715396587
77760.000000,0.2575305715,0.2572883117,0.2566032062,0.2554589985,0.2538520331,0.2517568685,0.2491763684,0.2461055650,0.2424888983,0.2383341722,0.2335892179,0.2282008580,0.2221151828,0.2152326464,0.2074277671,0.1985081484,0.1881646758,0.1758367438,0.1603949437,0.1386005167,0.0714976483
77820.000000,0.2573779687,0.2571359423,0.2564514964,0.2553083878,0.2537029612,0.2516097941,0.2490317408,0.2459638301,0.2423505417,0.2381996605,0.2334590484,0.2280755549,0.2219952932,0.2151187704,0.2073205687,0.1984083924,0.1880732905,0.1757549537,0.1603245543,0.1385449034,0.0714558941
77880.000000,0.2572253659,0.2569835730,0.2562997865,0.2551577771,0.2535538893,0.2514627197,0.2488871131,0.2458220951,0.2422121851,0.2380651488,0.2333288789,0.2279502518,0.2218754036,0.2150048944,0.2072133704,0.1983086364,0.1879819052,0.1756731636,0.1602541650,0.1384892901,0.0714141398
77940.000000,0.2570733715,0.2568318110,0.2561486811,0.2550077659,0.2534054102,0.2513162292,0.2487430586,0.2456809205,0.2420743741,0.2379311659,0.2331992195,0.2278254376,0.2217559797,0.2148914584,0.2071065837,0.1982092610,0.1878908658,0.1755916805,0.1601840375,0.1384338835,0.0713726397
78000.000000,0.2569213771,0.2566800490,0.2559975756,0.2548577547,0.2532569311,0.2511697387,0.2485990041,0.2455397460,0.2419365632,0.2377971831,0.2330695600,0.2277006235,0.2216365558,0.2147780224,0.2069997970,0.1981098855,0.1877998264,0.1755101973,0.1601139101,0.1383784769,0.0713311395
78060.000000,0.2567699874,0.2565288907,0.2558470710,0.2547083395,0.2531090411,0.2510238287,0.2484555193,0.2453991286,0.2417992946,0.2376637259,0.2329404075,0.2275762953,0.2215175947,0.2146650237,0.2068934196,0.1980108882,0.1877091308,0.1754290192,0.1600440429,0.1383232756,0.0712898914
78120.000000,0.2566185977,0.2563777324,0.2556965663,0.2545589243,0.2529611512,0.2508779187,0.2483120345,0.2452585111,0.2416620260,0.2375302688,0.2328112549,0.2274519671,0.2213986337,0.2145520250,0.2067870421,0.1979118910,0.1876184352,0.1753478412,0.1599741757,0.1382680744,0.0712486432
78180.000000,0.2564678091,0.2562271742,0.2555466589,0.2544101014,0.2528138469,0.2507325856,0.2481691160,0.2451184474,0.2415252965,0.2373973342,0.2326826063,0.2273281221,0.2212801327,0.2144394611,0.2066810715,0.1978132697,0.1875280814,0.1752669663,0.1599045672,0.1382130773,0.0712076450
78240.000000,0.2563170205,0.2560766159,0.2553967514,0.2542612786,0.2526665426,0.2505872525,0.2480261975,0.2449783837,0.2413885671,0.2372643996,0.2325539576,0.2272042770,0.2211616318,0.2143268971,0.2065751008,0.1977146485,0.1874377276,0.1751860915,0.1598349587,0.1381580802,0.0711666468
78300.000000,0.2561668294,0.2559266542,0.2552474375,0.2541130445,0.2525198204,0.2504424928,0.2478838419,0.2448388704,0.2412523735,0.2371319843,0.2324258098,0.2270809121,0.2210435881,0.2142147653,0.2064695345,0.1976164009,0.1873477135,0.1751055180,0.1597656073,0.1381032859,0.0711258965
78360.000000,0.2560166383,0.2557766924,0.2550981236,0.2539648105,0.2523730982,0.2502977332,0.2477414863,0.2446993571,0.2411161799,0.2369995691,0.2322976620,0.2269575473,0.2209255445,0.2141026335,0.2063639683,0.1975181534,0.1872576994,0.1750249446,0.1596962560,0.1380484916,0.0710851462
78420.000000,0.2558670411,0.2556273235,0.2549493998,0.2538171617,0.2522269547,0.2501535436,0.2475996903,0.2445603909,0.2409805190,0.2368676702,0.2321700121,0.2268346597,0.2208079555,0.2139909313,0.2062588039,0.1974202773,0.1871680230,0.1749446708,0.1596271602,0.1379938989,0.0710446418
78480.000000,0.2557174438,0.2554779546,0.2548006760,0.2536695130,0.2520808112,0.2500093541,0.2474578942,0.2444214247,0.2408448581,0.2367357713,0.2320423622,0.2267117722,0.2206903665,0.2138792290,0.2061536396,0.1973224013,0.1870783465,0.1748643970,0.1595580643,0.1379393061,0.0710041374
78540.000000,0.2555684370,0.2553291751,0.2546525386,0.2535224460,0.2519352429,0.2498657311,0.2473166543,0.2442830024,0.2407097267,0.2366043856,0.2319152072,0.2265893592,0.2205732294,0.2137679537,0.2060488748,0.1972248945,0.1869890058,0.1747844210,0.1594892226,0.1378849137,0.0709638768
78600.000000,0.2554194301,0.2551803955,0.2545044013,0.2533753791,0.2517896746,0.2497221082,0.2471754144,0.2441445801,0.2405745953,0.2364729999,0.2317880522,0.2264669461,0.2204560923,0.2136566785,0.2059441100,0.1971273878,0.1868996651,0.1747044450,0.1594203808,0.1378305212,0.0709236163
78660.000000,0.2552710100,0.2550322018,0.2543568470,0.2532288904,0.2516446780,0.2495790485,0.2470347274,0.2440066984,0.2404399902,0.2363421244,0.2316613892,0.2263450048,0.2203394045,0.2135458277,0.2058397424,0.1970302481,0.1868106580,0.1746247650,0.1593517915,0.1377763278,0.0708835977
78720.000000,0.2551225899,0.2548840080,0.2542092926,0.2530824018,0.2514996814,0.2494359888,0.2468940404,0.2438688167,0.2403053852,0.2362112489,0.2315347262,0.2262230634,0.2202227166,0.2134349769,0.2057353748,0.1969331084,0.1867216510,0.1745450851,0.1592832022,0.1377221343,0.0708435791
78780.000000,0.2549747532,0.2547363966,0.2540623178,0.2529364880,0.2513552532,0.2492934890,0.2467539029,0.2437314724,0.2401713033,0.2360808805,0.2314085522,0.2261015909,0.2201064753,0.2133245480,0.2056314021,0.1968363337,0.1866329756,0.1744656994,0.1592148639,0.1376681387,0.0708038005
78840.000000,0.2548269164,0.2545887852,0.2539153430,0.2527905742,0.2512108250,0.2491509893,0.2466137655,0.2435941280,0.2400372215,0.2359505121,0.2312823782,0.2259801184,0.2199902340,0.2132141191,0.2055274293,0.1967395590,0.1865443003,0.1743863137,0.1591465256,0.1376141430,0.0707640219
78900.000000,0.2546796595,0.2544417527,0.2537689443,0.2526452319,0.2510669617,0.2490090461,0.2464741743,0.2434573179,0.2399036597,0.2358206478,0.2311566904,0.2258591120,0.2198744366,0.2131041097,0.2054238491,0.1966431470,0.1864559547,0.1743072206,0.1590784367,0.1375603439,0.0707244813
78960.000000,0.2545324026,0.2542947201,0.2536225456,0.2524998896,0.2509230985,0.2488671029,0.2463345832,0.2433205078,0.2397700980,0.2356907836,0.2310310025,0.2257381056,0.2197586392,0.2129941003,0.2053202688,0.1965467350,0.1863676091,0.1742281275,0.1590103479,0.1375065448,0.0706849407
79020.000000,0.2543857221,0.2541482630,0.2534767195,0.2523551153,0.2507797968,0.2487257129,0.2461955351,0.2431842288,0.2396370533,0.2355614204,0.2309057979,0.2256175626,0.2196432831,0.2128845079,0.2052170787,0.1964506837,0.1862795912,0.1741493251,0.1589425071,0.1374529411,0.0706456362
79080.000000,0.2542390416,0.2540018059,0.2533308934,0.2522103410,0.2506364952,0.2485843230,0.2460564871,0.2430479497,0.2395040086,0.2354320573,0.2307805934,0.2254970195,0.2195279270,0.2127749154,0.2051138887,0.1963546323,0.1861915734,0.1740705228,0.1588746662,0.1373993373,0.0706063317
79140.000000,0.2540929341,0.2538559208,0.2531856366,0.2520661314,0.2504937518,0.2484434830,0.2459179789,0.2429121985,0.2393714778,0.2353031923,0.2306558692,0.2253769370,0.2194130096,0.2126657375,0.2050110865,0.1962589395,0.1861038815,0.1739920096,0.1588070719,0.1373459277,0.0705672615
79200.000000,0.2539468266,0.2537100356,0.2530403798,0.2519219218,0.2503510085,0.2483026431,0.2457794706,0.2427764473,0.2392389471,0.2351743274,0.2305311450,0.2252568546,0.2192980922,0.2125565596,0.2049082843,0.1961632466,0.1860161895,0.1739134963,0.1587394775,0.1372925181,0.0705281912
79260.000000,0.2538012887,0.2535647191,0.2528956889,0.2517782735,0.2502088201,0.2481623499,0.2456414991,0.2426412209,0.2391069273,0.2350459577,0.2304068985,0.2251372300,0.2191836109,0.2124477937,0.2048058677,0.1960679102,0.1859288215,0.1738352705,0.1586721282,0.1372393014,0.0704893533
79320.000000,0.2536557507,0.2534194026,0.2527509980,0.2516346253,0.2500666317,0.2480220567,0.2455035275,0.2425059945,0.2389749075,0.2349175879,0.2302826519,0.2250176054,0.2190691296,0.2123390279,0.2047034511,0.1959725737,0.1858414536,0.1737570446,0.1586047789,0.1371860847,0.0704505154
79380.000000,0.2535107790,0.2532746514,0.2526068696,0.2514915351,0.2499249951,0.2478823070,0.2453660895,0.2423712898,0.2388433956,0.2347897105,0.2301588801,0.2248984361,0.2189550819,0.2122306717,0.2046014179,0.1958775916,0.1857544076,0.1736791045,0.1585376732,0.1371330598,0.0704119080
79440.000000,0.2533658073,0.2531299002,0.2524627412,0.2513484448,0.2497833584,0.2477425573,0.2452286514,0.2422365851,0.2387118837,0.2346618331,0.2300351082,0.2247792667,0.2188410341,0.2121223155,0.2044993847,0.1957826094,0.1856673617,0.1736011643,0.1584705675,0.1370800349,0.0703733006
79500.000000,0.2532213985,0.2529857109,0.2523191721,0.2512059093,0.2496422702,0.2476033479,0.2450917437,0.2421023989,0.2385808768,0.2345344451,0.2299118084,0.2246605498,0.2187274174,0.2120143666,0.2043977325,0.1956879795,0.1855806359,0.1735235082,0.1584037039,0.1370272005,0.0703349218
79560.000000,0.2530769896,0.2528415216,0.2521756029,0.2510633738,0.2495011820,0.2474641385,0.2449548360,0.2419682128,0.2384498698,0.2344070572,0.2297885086,0.2245418330,0.2186138006,0.2119064176,0.2042960804,0.1955933496,0.1854939101,0.1734458521,0.1583368403,0.1369743662,0.0702965430
79620.000000,0.2529331404,0.2526978909,0.2520325897,0.2509213898,0.2493606390,0.2473254662,0.2448184555,0.2418345422,0.2383193648,0.2342801557,0.2296656779,0.2244235660,0.2185006124,0.2117988736,0.2041948071,0.1954990699,0.1854075026,0.1733684783,0.1582702175,0.1369217212,0.0702583911
79680.000000,0.2527892911,0.2525542602,0.2518895765,0.2507794058,0.2492200960,0.2471867939,0.2446820750,0.2417008717,0.2381888598,0.2341532543,0.2295428473,0.2243052991,0.2183874241,0.2116913295,0.2040935339,0.1954047901,0.1853210951,0.1732911045,0.1582035946,0.1368690763,0.0702202391
79740.000000,0.2526459981,0.2524111848,0.2517471160,0.2506379700,0.2490800950,0.2470486556,0.2445462186,0.2415677136,0.2380588539,0.2340268366,0.2294204832,0.2241874793,0.2182746618,0.2115841880,0.2039926373,0.1953108585,0.1852350041,0.1732140114,0.1581372111,0.1368166196,0.0701823122
79800.000000,0.2525027051,0.2522681095,0.2516046554,0.2504965342,0.2489400940,0.2469105173,0.2444103623,0.2414345556,0.2379288479,0.2339004189,0.2292981190,0.2240696596,0.2181618995,0.2114770464,0.2038917407,0.1952169269,0.1851489130,0.1731369184,0.1580708275,0.1367641630,0.0701443853
79860.000000,0.2523599652,0.2521255862,0.2514627443,0.2503556434,0.2488006319,0.2467729099,0.2442750270,0.2413019071,0.2377993381,0.2337744820,0.2291762186,0.2239522845,0.2180495607,0.2113703051,0.2037912185,0.1951233414,0.1850631366,0.1730601044,0.1580046819,0.1367118934,0.0701066816
79920.000000,0.2522172252,0.2519830629,0.2513208332,0.2502147526,0.2486611697,0.2466353024,0.2441396917,0.2411692586,0.2376698282,0.2336485452,0.2290543182,0.2238349094,0.2179372219,0.2112635637,0.2036906964,0.1950297559,0.1849773601,0.1729832904,0.1579385362,0.1366596239,0.0700689779
79980.000000,0.2520750350,0.2518410884,0.2511794683,0.2500744036,0.2485222433,0.2464982227,0.2440048745,0.2410371167,0.2375408116,0.2335230864,0.2289328788,0.2237179764,0.2178253042,0.2111572202,0.2035905466,0.1949365145,0.1848918965,0.1729067538,0.1578726270,0.1366075403,0.0700314957
80040.000000,0.2519328448,0.2516991140,0.2510381034,0.2499340547,0.2483833168,0.2463611430,0.2438700572,0.2409049747,0.2374117949,0.2333976276,0.2288114394,0.2236010433,0.2177133864,0.2110508766,0.2034903968,0.1948432731,0.1848064328,0.1728302173,0.1578067179,0.1365554568,0.0699940135
80100.000000,0.2517912011,0.2515576852,0.2508972815,0.2497942443,0.2482449229,0.2462245879,0.2437357549,0.2407733364,0.2372832686,0.2332726441,0.2286904584,0.2234845497,0.2176018872,0.2109449287,0.2033906171,0.1947503739,0.1847212801,0.1727539566,0.1577410438,0.1365035581,0.0699567510
80160.000000,0.2516495575,0.2514162563,0.2507564596,0.2496544340,0.2481065290,0.2460880329,0.2436014526,0.2406416980,0.2371547423,0.2331476606,0.2285694774,0.2233680561,0.2174903881,0.2108389807,0.2032908374,0.1946574746,0.1846361274,0.1726776958,0.1576753698,0.1364516594,0.0699194885
80220.000000,0.2515084572,0.2512753700,0.2506161775,0.2495151592,0.2479686646,0.2459519994,0.2434676624,0.2405105603,0.2370267034,0.2330231496,0.2284489520,0.2232519995,0.2173793051,0.2107334259,0.2031914257,0.1945649154,0.1845512838,0.1726017094,0.1576099295,0.1363999445,0.0698824440
80280.000000,0.2513673569,0.2511344836,0.2504758954,0.2493758844,0.2478308001,0.2458159659,0.2433338721,0.2403794227,0.2368986646,0.2328986386,0.2283284267,0.2231359428,0.2172682220,0.2106278712,0.2030920140,0.1944723563,0.1844664403,0.1725257229,0.1575444892,0.1363482295,0.0698453994
80340.000000,0.2512267968,0.2509941365,0.2503361501,0.2492371420,0.2476934620,0.2456804510,0.2432005908,0.2402487827,0.2367711104,0.2327745974,0.2282083544,0.2230203206,0.2171575528,0.2105227074,0.2029929682,0.1943801353,0.1843819041,0.1724500091,0.1574792813,0.1362966973,0.0698085712
80400.000000,0.2510862367,0.2508537894,0.2501964047,0.2490983995,0.2475561239,0.2455449361,0.2430673095,0.2401181428,0.2366435562,0.2326505562,0.2280882821,0.2229046983,0.2170468835,0.2104175436,0.2028939224,0.1942879143,0.1842973680,0.1723742953,0.1574140734,0.1362451650,0.0697717430
80460.000000,0.2509462137,0.2507139784,0.2500571929,0.2489601864,0.2474193091,0.2454099367,0.2429345343,0.2399879977,0.2365164838,0.2325269820,0.2279686603,0.2227895079,0.2169366256,0.2103127686,0.2027952404,0.1941960296,0.1842131374,0.1722988526,0.1573490965,0.1361938143,0.0697351293
80520.000000,0.2508061906,0.2505741675,0.2499179811,0.2488219733,0.2472824943,0.2452749373,0.2428017591,0.2398578527,0.2363894115,0.2324034078,0.2278490384,0.2226743175,0.2168263677,0.2102079935,0.2026965584,0.1941041448,0.1841289069,0.1722234098,0.1572841196,0.1361424635,0.0696985156
80580.000000,0.2506667015,0.2504348895,0.2497792998,0.2486842863,0.2471461998,0.2451404505,0.2426694870,0.2397281996,0.2362628181,0.2322802980,0.2277298644,0.2225595565,0.2167165188,0.2101036049,0.2025982380,0.1940125944,0.1840449802,0.1721482366,0.1572193724,0.1360912933,0.0696621149
80640.000000,0.2505272124,0.2502956116,0.2496406184,0.2485465994,0.2470099053,0.2450059637,0.2425372149,0.2395985465,0.2361362248,0.2321571882,0.2276106903,0.2224447955,0.2166066699,0.2099992163,0.2024999176,0.1939210439,0.1839610535,0.1720730634,0.1571546253,0.1360401230,0.0696257141
80700.000000,0.2503882541,0.2501568636,0.2495024645,0.2484094357,0.2468741280,0.2448719864,0.2424054430,0.2394693826,0.2360101078,0.2320345401,0.2274919615,0.2223304614,0.2164972276,0.2098952120,0.2024019569,0.1938298258,0.1838774289,0.1719981582,0.1570901065,0.1359891322,0.0695895246
80760.000000,0.2502492959,0.2500181156,0.2493643106,0.2482722719,0.2467383507,0.2447380092,0.2422736711,0.2393402187,0.2358839907,0.2319118919,0.2273732327,0.2222161274,0.2163877853,0.2097912077,0.2023039961,0.1937386078,0.1837938043,0.1719232530,0.1570255877,0.1359381413,0.0695533350
80820.000000,0.2501108653,0.2498798945,0.2492266810,0.2481356283,0.2466030877,0.2446045386,0.2421423965,0.2392115411,0.2357583472,0.2317897028,0.2272549466,0.2221022177,0.2162787473,0.2096875854,0.2022063929,0.1936477202,0.1837104802,0.1718486142,0.1569612959,0.1358873288,0.0695173551
80880.000000,0.2499724348,0.2497416733,0.2490890514,0.2479989847,0.2464678247,0.2444710680,0.2420111220,0.2390828635,0.2356327037,0.2316675136,0.2271366605,0.2219883081,0.2161697094,0.2095839632,0.2021087897,0.1935568325,0.1836271560,0.1717739755,0.1568970042,0.1358365163,0.0694813751
80940.000000,0.2498345290,0.2496039760,0.2489519431,0.2478628582,0.2463330730,0.2443381011,0.2418803418,0.2389546695,0.2355075310,0.2315457809,0.2270188145,0.2218748205,0.2160610734,0.2094807208,0.2020115419,0.1934662735,0.1835441305,0.1716996016,0.1568329382,0.1357858811,0.0694456031
81000.000000,0.2496966232,0.2494662787,0.2488148348,0.2477267317,0.2461983212,0.2442051342,0.2417495617,0.2388264754,0.2353823582,0.2314240481,0.2269009685,0.2217613329,0.2159524374,0.2093774784,0.2019142942,0.1933757145,0.1834611050,0.1716252278,0.1567688722,0.1357352458,0.0694098311
81060.000000,0.2495592391,0.2493291022,0.2486782449,0.2475911194,0.2460640779,0.2440726681,0.2416192732,0.2386987621,0.2352576536,0.2313027691,0.2267835601,0.2216482649,0.2158442011,0.2092746137,0.2018174000,0.1932854822,0.1833783764,0.1715511174,0.1567050307,0.1356847868,0.0693742654
81120.000000,0.2494218550,0.2491919257,0.2485416549,0.2474555071,0.2459298345,0.2439402020,0.2414889847,0.2385710487,0.2351329490,0.2311814901,0.2266661518,0.2215351969,0.2157359648,0.2091717490,0.2017205057,0.1931952499,0.1832956479,0.1714770069,0.1566411891,0.1356343278,0.0693386997
81180.000000,0.2492849896,0.2490552670,0.2484055802,0.2473204059,0.2457960965,0.2438082339,0.2413591849,0.2384438134,0.2350087098,0.2310606622,0.2265491785,0.2214225461,0.2156281259,0.2090692598,0.2016239629,0.1931053425,0.1832132147,0.1714031584,0.1565775708,0.1355840440,0.0693033387
81240.000000,0.2491481241,0.2489186083,0.2482695056,0.2471853048,0.2456623585,0.2436762657,0.2412293852,0.2383165780,0.2348844706,0.2309398343,0.2264322052,0.2213098953,0.2155202870,0.2089667707,0.2015274201,0.1930154350,0.1831307814,0.1713293099,0.1565139524,0.1355337602,0.0692679778
81300.000000,0.2490117744,0.2487824645,0.2481339433,0.2470507119,0.2455291231,0.2435447926,0.2411000714,0.2381898179,0.2347606941,0.2308194550,0.2263156645,0.2211976593,0.2154128432,0.2088646549,0.2014312268,0.1929258506,0.1830486418,0.1712557218,0.1564505560,0.1354836506,0.0692328199
81360.000000,0.2488754247,0.2486463206,0.2479983810,0.2469161190,0.2453958876,0.2434133195,0.2409707576,0.2380630578,0.2346369176,0.2306990757,0.2261991239,0.2210854234,0.2153053994,0.2087625392,0.2013350334,0.1928362661,0.1829665022,0.1711821337,0.1563871595,0.1354335410,0.0691976621
81420.000000,0.2487395877,0.2485106886,0.2478633282,0.2467820315,0.2452631518,0.2432823387,0.2408419271,0.2379367703,0.2345136012,0.2305791424,0.2260830134,0.2209735999,0.2151983485,0.2086607947,0.2012391876,0.1927470029,0.1828846545,0.1711088046,0.1563239837,0.1353836045,0.0691627059
81480.000000,0.2486037507,0.2483750566,0.2477282753,0.2466479439,0.2451304160,0.2431513578,0.2407130965,0.2378104827,0.2343902849,0.2304592091,0.2259669029,0.2208617763,0.2150912977,0.2085590502,0.2011433417,0.1926577396,0.1828028068,0.1710354755,0.1562608079,0.1353336680,0.0691277496
81540.000000,0.2484684235,0.2482399335,0.2475937289,0.2465143588,0.2449981769,0.2430208664,0.2405847463,0.2376846649,0.2342674260,0.2303397193,0.2258512200,0.2207503630,0.2149846374,0.2084576749,0.2010478414,0.1925687958,0.1827212494,0.1709624038,0.1561978514,0.1352839037,0.0690929934
81600.000000,0.2483330963,0.2481048105,0.2474591826,0.2463807737,0.2448659379,0.2428903750,0.2404563962,0.2375588472,0.2341445671,0.2302202294,0.2257355372,0.2206389496,0.2148779772,0.2083562997,0.2009523410,0.1924798519,0.1826396920,0.1708893322,0.1561348950,0.1352341393,0.0690582371
81660.000000,0.2481982760,0.2479701934,0.2473251398,0.2462476882,0.2447341927,0.2427603702,0.2403285237,0.2374334965,0.2340221630,0.2301011805,0.2256202797,0.2205279439,0.2147717054,0.2082552915,0.2008571842,0.1923912256,0.1825584233,0.1708165166,0.1560721567,0.1351845461,0.0690236794
81720.000000,0.2480634557,0.2478355764,0.2471910971,0.2461146027,0.2446024476,0.2426303654,0.2402006513,0.2373081459,0.2338997590,0.2299821316,0.2255050221,0.2204169383,0.2146654337,0.2081542833,0.2007620274,0.1923025993,0.1824771546,0.1707437010,0.1560094184,0.1351349529,0.0689891216
81780.000000,0.2479291394,0.2477014625,0.2470575551,0.2459820139,0.2444711936,0.2425008444,0.2400732538,0.2371832598,0.2337778072,0.2298635211,0.2253901874,0.2203063382,0.2145595481,0.2080536401,0.2006672123,0.1922142887,0.1823961729,0.1706711400,0.1559468970,0.1350855298,0.0689547608
81840.000000,0.2477948230,0.2475673486,0.2469240130,0.2458494251,0.2443399396,0.2423713235,0.2399458563,0.2370583737,0.2336558555,0.2297449107,0.2252753527,0.2201957381,0.2144536626,0.2079529969,0.2005723971,0.1921259782,0.1823151913,0.1705985790,0.1558843756,0.1350361068,0.0689204000
81900.000000,0.2476610078,0.2474337350,0.2467909689,0.2457173302,0.2442091739,0.2422422836,0.2398189310,0.2369339494,0.2335343534,0.2296267361,0.2251609385,0.2200855411,0.2143481611,0.2078527167,0.2004779216,0.1920379817,0.1822344950,0.1705262712,0.1558220699,0.1349868528,0.0688862346
81960.000000,0.2475271927,0.2473001213,0.2466579247,0.2455852353,0.2440784082,0.2421132437,0.2396920058,0.2368095251,0.2334128514,0.2295085616,0.2250465243,0.2199753442,0.2142426597,0.2077524365,0.2003834461,0.1919499851,0.1821537988,0.1704539634,0.1557597642,0.1349375989,0.0688520693
82020.000000,0.2473938757,0.2471670051,0.2465253756,0.2454536315,0.2439481281,0.2419846822,0.2395655501,0.2366855600,0.2332917965,0.2293908206,0.2249325281,0.2198655481,0.2141375401,0.2076525172,0.2002893084,0.1918623008,0.1820733864,0.1703819073,0.1556976729,0.1348885132,0.0688180978
82080.000000,0.2472605588,0.2470338889,0.2463928265,0.2453220276,0.2438178480,0.2418561207,0.2394390945,0.2365615950,0.2331707416,0.2292730795,0.2248185320,0.2197557521,0.2140324205,0.2075525979,0.2001951707,0.1917746166,0.1819929740,0.1703098512,0.1556355817,0.1348394275,0.0687841264
82140.000000,0.2471277373,0.2469012673,0.2462607697,0.2451909121,0.2436880506,0.2417280349,0.2393131057,0.2364380865,0.2330501313,0.2291557695,0.2247049515,0.2196463547,0.2139276807,0.2074530375,0.2001013690,0.1916872428,0.1819128438,0.1702380455,0.1555737037,0.1347905089,0.0687503475
82200.000000,0.2469949158,0.2467686457,0.2461287128,0.2450597966,0.2435582533,0.2415999490,0.2391871170,0.2363145781,0.2329295211,0.2290384595,0.2245913711,0.2195369573,0.2138229409,0.2073534770,0.2000075672,0.1915998690,0.1818327137,0.1701662397,0.1555118257,0.1347415904,0.0687165685
82260.000000,0.2468625869,0.2466365159,0.2459971454,0.2449291666,0.2434289359,0.2414723361,0.2390615925,0.2361915237,0.2328093529,0.2289215780,0.2244782041,0.2194279563,0.2137185787,0.2072542735,0.1999140994,0.1915128039,0.1817528642,0.1700946830,0.1554501598,0.1346928381,0.0686829805
82320.000000,0.2467302581,0.2465043861,0.2458655780,0.2447985366,0.2432996186,0.2413447232,0.2389360681,0.2360684693,0.2326891848,0.2288046966,0.2243650370,0.2193189553,0.2136142165,0.2071550700,0.1998206316,0.1914257389,0.1816730147,0.1700231262,0.1553884939,0.1346440859,0.0686493926
82380.000000,0.2465984190,0.2463727453,0.2457344972,0.2446683894,0.2431707787,0.2412175806,0.2388110053,0.2359458664,0.2325694563,0.2286882414,0.2242522810,0.2192103485,0.2135102298,0.2070562213,0.1997274960,0.1913389809,0.1815934443,0.1699518169,0.1553270388,0.1345954989,0.0686159941
82440.000000,0.2464665800,0.2462411045,0.2456034165,0.2445382421,0.2430419387,0.2410904380,0.2386859425,0.2358232634,0.2324497278,0.2285717861,0.2241395250,0.2191017417,0.2134062431,0.2069573727,0.1996343603,0.1912522229,0.1815138739,0.1698805077,0.1552655838,0.1345469119,0.0685825957
82500.000000,0.2463352280,0.2461099500,0.2454728197,0.2444085750,0.2429135734,0.2409637630,0.2385613387,0.2357011095,0.2323304365,0.2284557547,0.2240271778,0.2189935269,0.2133026298,0.2068588769,0.1995415550,0.1911657703,0.1814345811,0.1698094447,0.1552043385,0.1344984893,0.0685493854
82560.000000,0.2462038761,0.2459787954,0.2453422228,0.2442789078,0.2427852081,0.2408370880,0.2384367350,0.2355789555,0.2322111451,0.2283397232,0.2239148306,0.2188853120,0.2131990165,0.2067603812,0.1994487497,0.1910793176,0.1813552883,0.1697383816,0.1551430931,0.1344500667,0.0685161751
82620.000000,0.2460730084,0.2458481244,0.2452121072,0.2441497180,0.2426573147,0.2407108781,0.2383125877,0.2354572479,0.2320922885,0.2282241132,0.2238028898,0.2187774870,0.2130957745,0.2066622363,0.1993562728,0.1909931686,0.1812762715,0.1696675634,0.1550820564,0.1344018075,0.0684831514
82680.000000,0.2459421408,0.2457174533,0.2450819916,0.2440205282,0.2425294214,0.2405846681,0.2381884404,0.2353355404,0.2319734318,0.2281085031,0.2236909490,0.2186696619,0.2129925325,0.2065640915,0.1992637960,0.1909070195,0.1811972546,0.1695967452,0.1550210196,0.1343535483,0.0684501278
82740.000000,0.2458117547,0.2455872631,0.2449523544,0.2438918130,0.2424019973,0.2404589205,0.2380647471,0.2352142767,0.2318550074,0.2279933122,0.2235794124,0.2185622245,0.2128896598,0.2064662957,0.1991716457,0.1908211725,0.1811185123,0.1695261704,0.1549601902,0.1343054515,0.0684172894
82800.000000,0.2456813687,0.2454570728,0.2448227173,0.2437630979,0.2422745733,0.2403331729,0.2379410537,0.2350930130,0.2317365830,0.2278781212,0.2234678758,0.2184547870,0.2127867871,0.2063684998,0.1990794955,0.1907353254,0.1810397700,0.1694555957,0.1548993607,0.1342573548,0.0683844510
82860.000000,0.2455514615,0.2453273606,0.2446935559,0.2436348547,0.2421476160,0.2402078850,0.2378178117,0.2349721908,0.2316185885,0.2277633469,0.2233567411,0.2183477350,0.2126842815,0.2062710510,0.1989876701,0.1906497786,0.1809613007,0.1693852631,0.1548387376,0.1342094196,0.0683517965
82920.000000,0.2454215544,0.2451976484,0.2445643946,0.2435066116,0.2420206586,0.2400825972,0.2376945697,0.2348513686,0.2315005940,0.2276485726,0.2232456065,0.2182406830,0.2125817760,0.2061736022,0.1988958447,0.1905642318,0.1808828313,0.1693149304,0.1547781144,0.1341614845,0.0683191420
82980.000000,0.2452921234,0.2450684116,0.2444357064,0.2433788377,0.2418941653,0.2399577666,0.2375717765,0.2347309853,0.2313830269,0.2275342127,0.2231348715,0.2181340142,0.2124796356,0.2060764986,0.1988043423,0.1904789836,0.1808046335,0.1692448386,0.1547176963,0.1341137100,0.0682866699
83040.000000,0.2451626924,0.2449391748,0.2443070181,0.2432510639,0.2417676720,0.2398329360,0.2374489833,0.2346106020,0.2312654598,0.2274198528,0.2230241365,0.2180273455,0.2123774952,0.2059793949,0.1987128399,0.1903937355,0.1807264356,0.1691747467,0.1546572782,0.1340659355,0.0682541979
83100.000000,0.2450337350,0.2448104108,0.2441788004,0.2431237568,0.2416416402,0.2397085600,0.2373266365,0.2344906552,0.2311483177,0.2273059050,0.2229137990,0.2179210580,0.2122757179,0.2058826344,0.1986216588,0.1903087843,0.1806485077,0.1691048944,0.1545970641,0.1340183207,0.0682219070
83160.000000,0.2449047776,0.2446816467,0.2440505826,0.2429964497,0.2415156083,0.2395841841,0.2372042896,0.2343707084,0.2310311757,0.2271919572,0.2228034615,0.2178147704,0.2121739407,0.2057858739,0.1985304777,0.1902238331,0.1805705798,0.1690350420,0.1545368500,0.1339707060,0.0681896160
83220.000000,0.2447762910,0.2445533527,0.2439228327,0.2428696068,0.2413900354,0.2394602602,0.2370823866,0.2342511957,0.2309144563,0.2270784191,0.2226935193,0.2177088619,0.2120725245,0.2056894548,0.1984396160,0.1901391772,0.1804929204,0.1689654278,0.1544768387,0.1339232500,0.0681575048
83280.000000,0.2446478045,0.2444250587,0.2437950828,0.2427427638,0.2412644624,0.2393363364,0.2369604836,0.2341316830,0.2307977370,0.2269648811,0.2225835770,0.2176029534,0.2119711084,0.2055930356,0.1983487543,0.1900545214,0.1804152610,0.1688958135,0.1544168274,0.1338757941,0.0681253936
83340.000000,0.2445197862,0.2442972322,0.2436677982,0.2426163823,0.2411393458,0.2392128621,0.2368390219,0.2340126019,0.2306814380,0.2268517506,0.2224740279,0.2174974219,0.2118700513,0.2054969559,0.1982582104,0.1899701593,0.1803378686,0.1688264361,0.1543570178,0.1338284962,0.0680934608
83400.000000,0.2443917679,0.2441694057,0.2435405135,0.2424900008,0.2410142292,0.2390893879,0.2367175603,0.2338935208,0.2305651390,0.2267386200,0.2223644787,0.2173918904,0.2117689943,0.2054008761,0.1981676665,0.1898857972,0.1802604762,0.1687570588,0.1542972082,0.1337811982,0.0680615281
83460.000000,0.2442642152,0.2440420441,0.2434136915,0.2423640783,0.2408895663,0.2389663607,0.2365965375,0.2337748690,0.2304492580,0.2266258947,0.2222553204,0.2172867337,0.2116682944,0.2053051339,0.1980774385,0.1898017272,0.1801833494,0.1686879169,0.1542375993,0.1337340573,0.0680297723
83520.000000,0.2441366625,0.2439146824,0.2432868694,0.2422381558,0.2407649035,0.2388433336,0.2364755148,0.2336562172,0.2303333769,0.2265131695,0.2221461621,0.2171815770,0.2115675946,0.2052093918,0.1979872105,0.1897176571,0.1801062226,0.1686187751,0.1541779903,0.1336869164,0.0679980166
83580.000000,0.2440095729,0.2437877830,0.2431605075,0.2421126897,0.2406406919,0.2387207510,0.2363549285,0.2335379922,0.2302179116,0.2264008472,0.2220373926,0.2170767932,0.2114672499,0.2051139853,0.1978972968,0.1896338777,0.1800293599,0.1685498676,0.1541185809,0.1336399317,0.0679664366
83640.000000,0.2438824833,0.2436608836,0.2430341455,0.2419872235,0.2405164803,0.2385981685,0.2362343422,0.2334197673,0.2301024463,0.2262885249,0.2219286230,0.2169720093,0.2113669052,0.2050185789,0.1978073831,0.1895500982,0.1799524972,0.1684809600,0.1540591715,0.1335929470,0.0679348566
83700.000000,0.2437558542,0.2435344439,0.2429082410,0.2418622113,0.2403927175,0.2384760281,0.2361141900,0.2333019669,0.2299873944,0.2261766034,0.2218202401,0.2168675962,0.2112669137,0.2049235063,0.1977177819,0.1894666076,0.1798758972,0.1684122854,0.1539999605,0.1335461176,0.0679034511
83760.000000,0.2436292251,0.2434080042,0.2427823366,0.2417371990,0.2402689547,0.2383538876,0.2359940378,0.2331841664,0.2298723425,0.2260646820,0.2217118571,0.2167631831,0.2111669222,0.2048284337,0.1976281807,0.1893831170,0.1797992972,0.1683436109,0.1539407495,0.1334992883,0.0678720455
83820.000000,0.2435030538,0.2432820217,0.2426568871,0.2416126381,0.2401456381,0.2382321869,0.2358743172,0.2330667882,0.2297577017,0.2259531590,0.2216038586,0.2166591387,0.2110672820,0.2047336931,0.1975388903,0.1892999138,0.1797229584,0.1682751680,0.1538817359,0.1334526133,0.0678408131
83880.000000,0.2433768826,0.2431560392,0.2425314376,0.2414880772,0.2400223216,0.2381104862,0.2357545966,0.2329494099,0.2296430609,0.2258416361,0.2214958601,0.2165550944,0.2109676418,0.2046389526,0.1974495999,0.1892167107,0.1796466196,0.1682067252,0.1538227222,0.1334059384,0.0678095807
83940.000000,0.2432511668,0.2430305113,0.2424064406,0.2413639651,0.2398994488,0.2379892228,0.2356353053,0.2328324515,0.2295288290,0.2257305096,0.2213882440,0.2164514167,0.2108683510,0.2045445423,0.1973606187,0.1891337932,0.1795705407,0.1681385128,0.1537639049,0.1333594171,0.0677785202
84000.000000,0.2431254510,0.2429049833,0.2422814435,0.2412398531,0.2397765761,0.2378679593,0.2355160140,0.2327154930,0.2294145970,0.2256193831,0.2212806279,0.2163477390,0.2107690602,0.2044501319,0.1972716374,0.1890508758,0.1794944617,0.1680703005,0.1537050875,0.1333128958,0.0677474596
84060.000000,0.2430001880,0.2427799075,0.2421568965,0.2411161874,0.2396541447,0.2377471307,0.2353971496,0.2325989521,0.2293007717,0.2255086507,0.2211733920,0.2162444260,0.2106701169,0.2043560500,0.1971829636,0.1889682427,0.1794186412,0.1680023173,0.1536464653,0.1332665272,0.0677165696
84120.000000,0.2428749251,0.2426548317,0.2420323494,0.2409925217,0.2395317133,0.2376263021,0.2352782852,0.2324824112,0.2291869463,0.2253979184,0.2210661561,0.2161411130,0.2105711735,0.2042619681,0.1970942898,0.1888856095,0.1793428207,0.1679343342,0.1535878432,0.1332201587,0.0676856796
84180.000000,0.2427501125,0.2425302055,0.2419082498,0.2408692999,0.2394097208,0.2375059060,0.2351598454,0.2323662855,0.2290735253,0.2252875781,0.2209592984,0.2160381627,0.2104725757,0.2041682129,0.1970059217,0.1888032591,0.1792672572,0.1678665791,0.1535294152,0.1331739420,0.0676549589
84240.000000,0.2426252999,0.2424055793,0.2417841502,0.2407460781,0.2392877283,0.2373855098,0.2350414055,0.2322501599,0.2289601043,0.2251772378,0.2208524407,0.2159352124,0.2103739779,0.2040744576,0.1969175537,0.1887209086,0.1791916937,0.1677988239,0.1534709872,0.1331277254,0.0676242383
84300.000000,0.2425009352,0.2422814003,0.2416604956,0.2406232977,0.2391661724,0.2372655438,0.2349233879,0.2321344471,0.2288470855,0.2250672875,0.2207459591,0.2158326228,0.2102757238,0.2039810273,0.1968294897,0.1886388393,0.1791163858,0.1677312955,0.1534127524,0.1330816598,0.0675936857
84360.000000,0.2423765705,0.2421572212,0.2415368410,0.2405005174,0.2390446164,0.2371455777,0.2348053703,0.2320187344,0.2287340667,0.2249573371,0.2206394775,0.2157300333,0.2101774697,0.2038875969,0.1967414258,0.1885567701,0.1790410780,0.1676637671,0.1533545175,0.1330355942,0.0675631331
84420.000000,0.2422526513,0.2420334868,0.2414136290,0.2403781761,0.2389234946,0.2370260394,0.2346877726,0.2319034323,0.2286214478,0.2248477745,0.2205333700,0.2156278024,0.2100795574,0.2037944896,0.1966536643,0.1884749805,0.1789660244,0.1675964643,0.1532964747,0.1329896789,0.0675327473
84480.000000,0.2421287320,0.2419097525,0.2412904170,0.2402558348,0.2388023727,0.2369065010,0.2345701749,0.2317881303,0.2285088289,0.2247382118,0.2204272624,0.2155255716,0.2099816451,0.2037013823,0.1965659029,0.1883931908,0.1788909708,0.1675291615,0.1532384319,0.1329437636,0.0675023615
84540.000000,0.2420052557,0.2417864603,0.2411676451,0.2401339302,0.2386816826,0.2367873881,0.2344529948,0.2316732367,0.2283966078,0.2246290349,0.2203215269,0.2154236976,0.2098840728,0.2036085964,0.1964784422,0.1883116794,0.1788161701,0.1674620830,0.1531805802,0.1328979977,0.0674721413
84600.000000,0.2418817795,0.2416631682,0.2410448732,0.2400120255,0.2385609924,0.2366682751,0.2343358146,0.2315583431,0.2282843867,0.2245198579,0.2202157914,0.2153218236,0.2097865004,0.2035158105,0.1963909816,0.1882301679,0.1787413694,0.1673950045,0.1531227284,0.1328522318,0.0674419212
84660.000000,0.2417587437,0.2415403158,0.2409225390,0.2398905551,0.2384407317,0.2365495852,0.2342190499,0.2314438557,0.2281725612,0.2244110645,0.2201104258,0.2152203044,0.2096892662,0.2034233442,0.1963038202,0.1881489331,0.1786668203,0.1673281491,0.1530650667,0.1328066145,0.0674118654
84720.000000,0.2416357080,0.2414174635,0.2408002048,0.2397690847,0.2383204709,0.2364308953,0.2341022851,0.2313293683,0.2280607357,0.2243022711,0.2200050603,0.2151187853,0.2095920320,0.2033308779,0.1962166588,0.1880676983,0.1785922711,0.1672612937,0.1530074049,0.1327609972,0.0673818096
84780.000000,0.2415131104,0.2412950486,0.2406783060,0.2396480461,0.2382006372,0.2363126261,0.2339859333,0.2312152849,0.2279493036,0.2241938591,0.2199000628,0.2150176191,0.2094951341,0.2032387294,0.1961297950,0.1879867387,0.1785179722,0.1671946603,0.1529499322,0.1327155277,0.0673519170
84840.000000,0.2413905128,0.2411726337,0.2405564071,0.2395270075,0.2380808034,0.2361943569,0.2338695816,0.2311012016,0.2278378715,0.2240854472,0.2197950652,0.2149164529,0.2093982361,0.2031465810,0.1960429312,0.1879057791,0.1784436732,0.1671280269,0.1528924595,0.1326700582,0.0673220244
84900.000000,0.2412683510,0.2410506538,0.2404349412,0.2394063985,0.2379613944,0.2360765062,0.2337536407,0.2309875200,0.2277268307,0.2239774146,0.2196904337,0.2148156377,0.2093016727,0.2030547488,0.1959563634,0.1878250931,0.1783696232,0.1670616142,0.1528351747,0.1326247357,0.0672922938
84960.000000,0.2411461892,0.2409286739,0.2403134753,0.2392857894,0.2378419853,0.2359586554,0.2336376998,0.2308738384,0.2276157900,0.2238693821,0.2195858022,0.2147148226,0.2092051093,0.2029629166,0.1958697956,0.1877444072,0.1782955731,0.1669952015,0.1527778900,0.1325794132,0.0672625632
85020.000000,0.2410244607,0.2408071266,0.2401924400,0.2391656075,0.2377229986,0.2358412209,0.2335221674,0.2307605564,0.2275051384,0.2237617269,0.2194815346,0.2146143566,0.2091088785,0.2028713989,0.1957835223,0.1876639935,0.1782217705,0.1669290084,0.1527207922,0.1325342369,0.0672329933
85080.000000,0.2409027322,0.2406855793,0.2400714047,0.2390454257,0.2376040119,0.2357237863,0.2334066351,0.2306472744,0.2273944868,0.2236540717,0.2193772671,0.2145138905,0.2090126477,0.2027798811,0.1956972489,0.1875835798,0.1781479680,0.1668628153,0.1526636945,0.1324890606,0.0672034235
85140.000000,0.2407814348,0.2405644624,0.2399507977,0.2389256686,0.2374854453,0.2356067656,0.2332915091,0.2305343899,0.2272842223,0.2235467918,0.2192733617,0.2144137718,0.2089167478,0.2026886762,0.1956112684,0.1875034370,0.1780744116,0.1667968407,0.1526067827,0.1324440297,0.0671740134
85200.000000,0.2406601373,0.2404433454,0.2398301906,0.2388059116,0.2373668787,0.2354897450,0.2331763831,0.2304215054,0.2271739578,0.2234395119,0.2191694562,0.2143136530,0.2088208480,0.2025974713,0.1955252879,0.1874232941,0.1780008553,0.1667308660,0.1525498710,0.1323989988,0.0671446032
85260.000000,0.2405392686,0.2403226564,0.2397100094,0.2386865771,0.2372487299,0.2353731360,0.2330616613,0.2303090162,0.2270640783,0.2233326052,0.2190659108,0.2142138797,0.2087252772,0.2025065775,0.1954395986,0.1873434205,0.1779275439,0.1666651086,0.1524931442,0.1323541126,0.0671153515
85320.000000,0.2404183998,0.2402019674,0.2395898283,0.2385672425,0.2371305811,0.2352565270,0.2329469395,0.2301965270,0.2269541988,0.2232256986,0.2189623655,0.2141141063,0.2086297064,0.2024156837,0.1953539094,0.1872635469,0.1778542325,0.1665993512,0.1524364175,0.1323092263,0.0670860998
85380.000000,0.2402979574,0.2400817040,0.2394700708,0.2384483283,0.2370128479,0.2351403274,0.2328326196,0.2300844309,0.2268447021,0.2231191633,0.2188591782,0.2140146765,0.2085344630,0.2023250993,0.1952685099,0.1871839413,0.1777811646,0.1665338099,0.1523798748,0.1322644839,0.0670570054
85440.000000,0.2401775149,0.2399614406,0.2393503132,0.2383294140,0.2368951146,0.2350241278,0.2327182998,0.2299723348,0.2267352055,0.2230126279,0.2187559910,0.2139152467,0.2084392196,0.2022345150,0.1951831104,0.1871043357,0.1777080968,0.1664682686,0.1523233320,0.1322197414,0.0670279110
85500.000000,0.2400574965,0.2398416005,0.2392309770,0.2382109177,0.2367777946,0.2349083355,0.2326043797,0.2298606298,0.2266260898,0.2229064618,0.2186531601,0.2138161586,0.2083443018,0.2021442385,0.1950979991,0.1870249965,0.1776352713,0.1664029423,0.1522669724,0.1321751421,0.0669989728
85560.000000,0.2399374782,0.2397217605,0.2391116408,0.2380924214,0.2366604746,0.2347925432,0.2324904596,0.2297489248,0.2265169740,0.2228002957,0.2185503291,0.2137170705,0.2082493840,0.2020539619,0.1950128878,0.1869456574,0.1775624459,0.1663376159,0.1522106127,0.1321305427,0.0669700346
85620.000000,0.2398178815,0.2396023415,0.2389927236,0.2379743408,0.2365435657,0.2346771558,0.2323769372,0.2296376088,0.2264082370,0.2226944969,0.2184478525,0.2136183222,0.2081547900,0.2019639916,0.1949280631,0.1868665833,0.1774898614,0.1662725034,0.1521544352,0.1320860857,0.0669412515
85680.000000,0.2396982849,0.2394829224,0.2388738065,0.2378562602,0.2364266568,0.2345617685,0.2322634148,0.2295262927,0.2262995000,0.2225886981,0.2183453759,0.2135195740,0.2080601961,0.2018740212,0.1948432385,0.1867875093,0.1774172770,0.1662073910,0.1520982576,0.1320416287,0.0669124683
85740.000000,0.2395791077,0.2393639222,0.2387553061,0.2377385931,0.2363101567,0.2344467840,0.2321502879,0.2294153635,0.2261911398,0.2224832646,0.2182432517,0.2134211638,0.2079659243,0.2017843554,0.1947586990,0.1867086989,0.1773449323,0.1661424912,0.1520422612,0.1319973132,0.0668838391
85800.000000,0.2394599305,0.2392449219,0.2386368057,0.2376209260,0.2361936566,0.2343317995,0.2320371610,0.2293044342,0.2260827796,0.2223778311,0.2181411275,0.2133227536,0.2078716525,0.2016946896,0.1946741595,0.1866298885,0.1772725876,0.1660775914,0.1519862648,0.1319529977,0.0668552099
85860.000000,0.2393411705,0.2391263382,0.2385187198,0.2375036701,0.2360775632,0.2342172157,0.2319244275,0.2291938898,0.2259747941,0.2222727610,0.2180393538,0.2132246797,0.2077777011,0.2016053268,0.1945899036,0.1865513404,0.1772004815,0.1660129032,0.1519304485,0.1319088230,0.0668267335
85920.000000,0.2392224106,0.2390077544,0.2384006339,0.2373864142,0.2359614698,0.2341026319,0.2318116939,0.2290833453,0.2258668087,0.2221676909,0.2179375802,0.2131266058,0.2076837497,0.2015159639,0.1945056477,0.1864727923,0.1771283753,0.1659482150,0.1518746323,0.1318646483,0.0667982572
85980.000000,0.2391040655,0.2388895849,0.2382829604,0.2372695674,0.2358457808,0.2339884466,0.2316993517,0.2289731836,0.2257591959,0.2220629822,0.2178361553,0.2130288663,0.2075901170,0.2014269024,0.1944216740,0.1863945051,0.1770565064,0.1658837374,0.1518189953,0.1318206136,0.0667699325
86040.000000,0.2389857205,0.2387714154,0.2381652868,0.2371527205,0.2357300918,0.2338742614,0.2315870094,0.2288630218,0.2256515832,0.2219582735,0.2177347303,0.2129311268,0.2074964843,0.2013378408,0.1943377002,0.1863162179,0.1769846375,0.1658192597,0.1517633583,0.1317765789,0.0667416078
86100.000000,0.2388677883,0.2386536580,0.2380480233,0.2370362805,0.2356148051,0.2337604725,0.2314750563,0.2287532407,0.2255443412,0.2218539243,0.2176336522,0.2128337201,0.2074031687,0.2012490790,0.1942540071,0.1862381903,0.1769130047,0.1657549914,0.1517078996,0.1317326836,0.0667134338
86160.000000,0.2387498560,0.2385359006,0.2379307598,0.2369198405,0.2354995184,0.2336466836,0.2313631032,0.2286434597,0.2254370993,0.2217495751,0.2175325741,0.2127363133,0.2073098531,0.2011603172,0.1941703141,0.1861601626,0.1768413718,0.1656907231,0.1516524409,0.1316887882,0.0666852598
86220.000000,0.2386323342,0.2384185529,0.2378139043,0.2368038052,0.2353846318,0.2335332889,0.2312515372,0.2285340572,0.2253302260,0.2216455835,0.2174318409,0.2126392375,0.2072168528,0.2010718535,0.1940869001,0.1860823932,0.1767699737,0.1656266631,0.1515971596,0.1316450314,0.0666572353
86280.000000,0.2385148125,0.2383012053,0.2376970487,0.2366877698,0.2352697452,0.2334198943,0.2311399712,0.2284246548,0.2252233528,0.2215415918,0.2173311078,0.2125421616,0.2071238525,0.2009833899,0.1940034862,0.1860046237,0.1766985756,0.1655626031,0.1515418782,0.1316012746,0.0666292109
86340.000000,0.2383976990,0.2381842654,0.2375805988,0.2365721370,0.2351552567,0.2333068918,0.2310287903,0.2283156289,0.2251168464,0.2214379559,0.2172307178,0.2124454150,0.2070311659,0.2008952228,0.1939203500,0.1859271111,0.1766274111,0.1654987503,0.1514867734,0.1315576556,0.0666013349
86400.000000,0.2382805856,0.2380673254,0.2374641489,0.2364565041,0.2350407681,0.2331938893,0.2309176093,0.2282066031,0.2250103400,0.2213343200,0.2171303278,0.2123486683,0.2069384794,0.2008070558,0.1938372138,0.1858495984,0.1765562465,0.1654348975,0.1514316685,0.1315140367,0.0665734590
86460.000000,0.2381638783,0.2379507909,0.2373481026,0.2363412716,0.2349266754,0.2330812769,0.2308068113,0.2280979518,0.2249041985,0.2212310378,0.2170302792,0.2122522491,0.2068461048,0.2007191837,0.1937543538,0.1857723413,0.1764853143,0.1653712508,0.1513767392,0.1314705548,0.0665457304
86520.000000,0.2380471710,0.2378342564,0.2372320562,0.2362260390,0.2348125827,0.2329686645,0.2306960133,0.2279893006,0.2247980569,0.2211277557,0.2169302305,0.2121558298,0.2067537303,0.2006313117,0.1936714939,0.1856950841,0.1764143821,0.1653076042,0.1513218098,0.1314270729,0.0665180019
86580.000000,0.2379308677,0.2377181251,0.2371164113,0.2361112047,0.2346988837,0.2328564401,0.2305855963,0.2278810220,0.2246922783,0.2210248254,0.2168305214,0.2120597363,0.2066616661,0.2005437331,0.1935889087,0.1856180811,0.1763436811,0.1652441626,0.1512670551,0.1313837275,0.0664904197
86640.000000,0.2378145644,0.2376019939,0.2370007663,0.2359963704,0.2345851848,0.2327442157,0.2304751792,0.2277727434,0.2245864997,0.2209218952,0.2167308123,0.2119636428,0.2065696020,0.2004561545,0.1935063236,0.1855410781,0.1762729800,0.1651807210,0.1512123004,0.1313403820,0.0664628375
86700.000000,0.2376986629,0.2374862639,0.2368855206,0.2358819322,0.2344718775,0.2326323772,0.2303651411,0.2276648354,0.2244810821,0.2208193150,0.2166314410,0.2118678733,0.2064778466,0.2003688679,0.1934240118,0.1854643279,0.1762025089,0.1651174834,0.1511577194,0.1312971722,0.0664354007
86760.000000,0.2375827614,0.2373705338,0.2367702749,0.2357674940,0.2343585702,0.2325205388,0.2302551030,0.2275569275,0.2243756645,0.2207167349,0.2165320696,0.2117721037,0.2063860912,0.2002815812,0.1933417000,0.1853875777,0.1761320378,0.1650542459,0.1511031385,0.1312539624,0.0664079639
86820.000000,0.2374672595,0.2372552028,0.2366554264,0.2356534497,0.2342456525,0.2324090842,0.2301454417,0.2274493882,0.2242706059,0.2206145029,0.2164330342,0.2116766565,0.2062946429,0.2001945850,0.1932596601,0.1853110790,0.1760617954,0.1649912112,0.1510487303,0.1312108875,0.0663806714
86880.000000,0.2373517577,0.2371398717,0.2365405778,0.2355394055,0.2341327348,0.2322976296,0.2300357805,0.2273418489,0.2241655474,0.2205122710,0.2163339988,0.2115812092,0.2062031947,0.2001075888,0.1931776203,0.1852345804,0.1759915530,0.1649281766,0.1509943221,0.1311678126,0.0663533788
86940.000000,0.2372366535,0.2370249376,0.2364261242,0.2354257531,0.2340202046,0.2321865568,0.2299264942,0.2272346763,0.2240608461,0.2204103854,0.2162352976,0.2114860826,0.2061120520,0.2000208815,0.1930958510,0.1851583319,0.1759215382,0.1648653439,0.1509400859,0.1311248720,0.0663262296
87000.000000,0.2371215492,0.2369100034,0.2363116707,0.2353121008,0.2339076745,0.2320754841,0.2298172079,0.2271275038,0.2239561448,0.2203084998,0.2161365964,0.2113909560,0.2060209093,0.1999341742,0.1930140817,0.1850820834,0.1758515234,0.1648025112,0.1508858497,0.1310819314,0.0662990804
87060.000000,0.2370068404,0.2367954640,0.2361976101,0.2351988383,0.2337955297,0.2319647912,0.2297082945,0.2270206960,0.2238517988,0.2202069588,0.2160382276,0.2112961482,0.2059300705,0.1998477542,0.1929325815,0.1850060839,0.1757817349,0.1647398793,0.1508317845,0.1310391244,0.0662720734
87120.000000,0.2368921316,0.2366809247,0.2360835495,0.2350855757,0.2336833850,0.2318540982,0.2295993812,0.2269138883,0.2237474527,0.2201054178,0.2159398589,0.2112013405,0.2058392318,0.1997613343,0.1928510813,0.1849300843,0.1757119465,0.1646772475,0.1507777193,0.1309963174,0.0662450664
87180.000000,0.2367778162,0.2365667780,0.2359698797,0.2349727010,0.2335716238,0.2317437832,0.2294908388,0.2268074434,0.2236434602,0.2200042195,0.2158418208,0.2111068501,0.2057486954,0.1996752002,0.1927698488,0.1848543324,0.1756423833,0.1646148154,0.1507238243,0.1309536432,0.0662182007
87240.000000,0.2366635008,0.2364526314,0.2358562099,0.2348598262,0.2334598625,0.2316334681,0.2293822964,0.2267009985,0.2235394676,0.2199030212,0.2157437828,0.2110123596,0.2056581590,0.1995890662,0.1926886163,0.1847785805,0.1755728201,0.1645523834,0.1506699293,0.1309109690,0.0661913350
87300.000000,0.2365495766,0.2363388754,0.2357429289,0.2347473371,0.2333484826,0.2315235288,0.2292741230,0.2265949146,0.2234358267,0.2198021639,0.2156460737,0.2109181847,0.2055679234,0.1995032166,0.1926076502,0.1847030749,0.1755034809,0.1644901502,0.1506162036,0.1308684270,0.0661646095
87360.000000,0.2364356525,0.2362251193,0.2356296479,0.2346348481,0.2332371028,0.2314135896,0.2291659496,0.2264888307,0.2233321857,0.2197013066,0.2155483646,0.2108240098,0.2054776877,0.1994173669,0.1925266841,0.1846275693,0.1754341418,0.1644279170,0.1505624779,0.1308258850,0.0661378841
87420.000000,0.2363221175,0.2361117519,0.2355167537,0.2345227427,0.2331261023,0.2313040242,0.2290581433,0.2263831058,0.2232288945,0.2196007884,0.2154509828,0.2107301489,0.2053877513,0.1993318002,0.1924459829,0.1845523088,0.1753650255,0.1643658816,0.1505089206,0.1307834744,0.0661112979
87480.000000,0.2362085826,0.2359983845,0.2354038594,0.2344106373,0.2330151018,0.2311944588,0.2289503370,0.2262773810,0.2231256033,0.2195002703,0.2153536009,0.2106362880,0.2052978149,0.1992462335,0.1923652817,0.1844770483,0.1752959093,0.1643038462,0.1504553633,0.1307410639,0.0660847118
87540.000000,0.2360954349,0.2358854035,0.2352913499,0.2342989136,0.2329044788,0.2310852653,0.2288428958,0.2261720133,0.2230226600,0.2194000895,0.2152565446,0.2105427394,0.2052081762,0.1991609483,0.1922848442,0.1844020316,0.1752270148,0.1642420076,0.1504019736,0.1306987842,0.0660582639
87600.000000,0.2359822871,0.2357724226,0.2351788403,0.2341871899,0.2327938557,0.2309760717,0.2287354546,0.2260666457,0.2229197167,0.2192999088,0.2151594884,0.2104491908,0.2051185375,0.1990756631,0.1922044066,0.1843270150,0.1751581203,0.1641801690,0.1503485839,0.1306565045,0.0660318161
87660.000000,0.2358695245,0.2356598262,0.2350667135,0.2340758458,0.2326836081,0.2308672482,0.2286283767,0.2259616334,0.2228171195,0.2192000636,0.2150627559,0.2103559529,0.2050291948,0.1989906579,0.1921242313,0.1842522408,0.1750894465,0.1641185261,0.1502953610,0.1306143549,0.0660055055
87720.000000,0.2357567619,0.2355472298,0.2349545866,0.2339645017,0.2325733604,0.2307584246,0.2285212988,0.2258566210,0.2227145223,0.2191002185,0.2149660235,0.2102627150,0.2049398522,0.1989056527,0.1920440560,0.1841774667,0.1750207727,0.1640568833,0.1502421380,0.1305722053,0.0659791950
87780.000000,0.2356443824,0.2354350158,0.2348428404,0.2338535353,0.2324634863,0.2306499691,0.2284145822,0.2257519622,0.2226122694,0.2190007073,0.2148696132,0.2101697862,0.2048508042,0.1988209261,0.1919641415,0.1841029339,0.1749523183,0.1639954352,0.1501890809,0.1305301852,0.0659530209
87840.000000,0.2355320029,0.2353228019,0.2347310942,0.2337425689,0.2323536121,0.2305415135,0.2283078656,0.2256473033,0.2225100165,0.2189011960,0.2147732030,0.2100768574,0.2047617562,0.1987361994,0.1918842271,0.1840284012,0.1748838640,0.1639339871,0.1501360238,0.1304881651,0.0659268467
87900.000000,0.2354200045,0.2352109684,0.2346197267,0.2336319782,0.2322441094,0.2304334240,0.2282015085,0.2255429961,0.2224081061,0.2188020170,0.2146771132,0.2099842360,0.2046730012,0.1986517499,0.1918045722,0.1839541085,0.1748156281,0.1638727329,0.1500831317,0.1304462738,0.0659008080
87960.000000,0.2353080061,0.2350991349,0.2345083592,0.2335213875,0.2321346068,0.2303253346,0.2280951513,0.2254386888,0.2223061957,0.2187028379,0.2145810234,0.2098916147,0.2045842463,0.1985673005,0.1917249173,0.1838798158,0.1747473921,0.1638114786,0.1500302397,0.1304043825,0.0658747692
88020.000000,0.2351963869,0.2349876800,0.2343973684,0.2334111705,0.2320254737,0.2302176093,0.2279891518,0.2253347314,0.2222046260,0.2186039892,0.2144852525,0.2097992993,0.2044957829,0.1984831267,0.1916455207,0.1838057619,0.1746793735,0.1637504172,0.1499775118,0.1303626193,0.0658488650
88080.000000,0.2350847676,0.2348762250,0.2342863776,0.2333009536,0.2319163406,0.2301098840,0.2278831522,0.2252307740,0.2221030564,0.2185051406,0.2143894816,0.2097069838,0.2044073195,0.1983989529,0.1915661240,0.1837317081,0.1746113548,0.1636893557,0.1499247840,0.1303208562,0.0658229607
88140.000000,0.2349735255,0.2347651465,0.2341757615,0.2331911084,0.2318075751,0.2300025209,0.2277775084,0.2251271645,0.2220018256,0.2184066206,0.2142940279,0.2096149727,0.2043191462,0.1983150534,0.1914869843,0.1836578919,0.1745435523,0.1636284861,0.1498722195,0.1302792205,0.0657971900
88200.000000,0.2348622833,0.2346540680,0.2340651454,0.2330812631,0.2316988097,0.2298951579,0.2276718645,0.2250235550,0.2219005949,0.2183081007,0.2141985741,0.2095229616,0.2042309729,0.1982311540,0.1914078445,0.1835840757,0.1744757499,0.1635676165,0.1498196550,0.1302375848,0.0657714192
88260.000000,0.2347514164,0.2345433641,0.2339549021,0.2329717878,0.2315904099,0.2297881553,0.2275665745,0.2249202917,0.2217997014,0.2182099078,0.2141034359,0.2094312532,0.2041430881,0.1981475274,0.1913289604,0.1835104960,0.1744081625,0.1635069378,0.1497672530,0.1301960760,0.0657457811
88320.000000,0.2346405494,0.2344326602,0.2338446588,0.2328623124,0.2314820102,0.2296811527,0.2274612846,0.2248170284,0.2216988079,0.2181117149,0.2140082978,0.2093395449,0.2040552034,0.1980639008,0.1912500762,0.1834369163,0.1743405751,0.1634462590,0.1497148511,0.1301545672,0.0657201430
88380.000000,0.2345300557,0.2343223288,0.2337347863,0.2327532050,0.2313739743,0.2295745085,0.2273563466,0.2247141095,0.2215982498,0.2180138473,0.2139134735,0.2092481377,0.2039676057,0.1979805458,0.1911714464,0.1833635718,0.1742732017,0.1633857702,0.1496626109,0.1301131845,0.0656946366
88440.000000,0.2344195619,0.2342119975,0.2336249139,0.2326440975,0.2312659384,0.2294678644,0.2272514087,0.2246111906,0.2214976918,0.2179159797,0.2138186493,0.2091567306,0.2038800081,0.1978971907,0.1910928165,0.1832902273,0.1742058283,0.1633252814,0.1496103707,0.1300718019,0.0656691302
88500.000000,0.2343094395,0.2341020368,0.2335154103,0.2325353561,0.2311582644,0.2293615770,0.2271468210,0.2245086143,0.2213974675,0.2178184358,0.2137241373,0.2090656231,0.2037926960,0.1978141057,0.1910144396,0.1832171168,0.1741386678,0.1632649815,0.1495582914,0.1300305448,0.0656437545
88560.000000,0.2341993170,0.2339920761,0.2334059068,0.2324266146,0.2310505904,0.2292552895,0.2270422332,0.2244060380,0.2212972431,0.2177208918,0.2136296254,0.2089745155,0.2037053840,0.1977310208,0.1909360628,0.1831440064,0.1740715073,0.1632046816,0.1495062121,0.1299892878,0.0656183789
88620.000000,0.2340895639,0.2338824842,0.2332967702,0.2323182373,0.2309432765,0.2291493569,0.2269379939,0.2243038025,0.2211973508,0.2176236699,0.2135354242,0.2088837062,0.2036183561,0.1976482046,0.1908579376,0.1830711288,0.1740045587,0.1631445698,0.1494542929,0.1299481556,0.0655931331
88680.000000,0.2339798108,0.2337728923,0.2331876337,0.2322098600,0.2308359626,0.2290434243,0.2268337546,0.2242015670,0.2210974585,0.2175264479,0.2134412230,0.2087928968,0.2035313283,0.1975653884,0.1907798125,0.1829982512,0.1739376100,0.1630844579,0.1494023737,0.1299070234,0.0655678873
88740.000000,0.2338704251,0.2336636672,0.2330788622,0.2321018449,0.2307290069,0.2289378446,0.2267298618,0.2240996706,0.2209978965,0.2174295463,0.2133473308,0.2087023840,0.2034445831,0.1974828395,0.1907019378,0.1829256053,0.1738708722,0.1630245331,0.1493506139,0.1298660156,0.0655427705
88800.000000,0.2337610395,0.2335544421,0.2329700908,0.2319938297,0.2306220512,0.2288322650,0.2266259691,0.2239977741,0.2208983344,0.2173326447,0.2132534387,0.2086118712,0.2033578380,0.1974002907,0.1906240631,0.1828529594,0.1738041343,0.1629646083,0.1492988540,0.1298250077,0.0655176537
88860.000000,0.2336520193,0.2334455819,0.2328616826,0.2318861750,0.2305154519,0.2287270365,0.2265224212,0.2238962151,0.2207991010,0.2172360618,0.2131598542,0.2085216534,0.2032713741,0.1973180079,0.1905464375,0.1827805440,0.1737376062,0.1629048696,0.1492472527,0.1297841235,0.0654926650
88920.000000,0.2335429992,0.2333367217,0.2327532744,0.2317785202,0.2304088525,0.2286218080,0.2264188733,0.2237946560,0.2206998676,0.2171394789,0.2130662696,0.2084314357,0.2031849102,0.1972357251,0.1904688120,0.1827081287,0.1736710780,0.1628451309,0.1491956513,0.1297432393,0.0654676763
88980.000000,0.2334343427,0.2332282246,0.2326452275,0.2316712240,0.2303026077,0.2285169289,0.2263156684,0.2236934325,0.2206009611,0.2170432130,0.2129729910,0.2083415116,0.2030987262,0.1971537069,0.1903914343,0.1826359427,0.1736047586,0.1627855775,0.1491442077,0.1297024782,0.0654428148
89040.000000,0.2333256863,0.2331197275,0.2325371806,0.2315639277,0.2301963628,0.2284120498,0.2262124636,0.2235922090,0.2205020546,0.2169469472,0.2128797124,0.2082515874,0.2030125422,0.1970716888,0.1903140567,0.1825637567,0.1735384391,0.1627260240,0.1490927641,0.1296617170,0.0654179533
89100.000000,0.2332173916,0.2330115916,0.2324294932,0.2314569881,0.2300904707,0.2283075182,0.2261096000,0.2234913194,0.2204034733,0.2168509968,0.2127867382,0.2081619554,0.2029266366,0.1969899340,0.1902369257,0.1824917988,0.1734723272,0.1626666548,0.1490414774,0.1296210783,0.0653932181
89160.000000,0.2331090969,0.2329034556,0.2323218058,0.2313500485,0.2299845786,0.2282029867,0.2260067364,0.2233904297,0.2203048920,0.2167550464,0.2126937640,0.2080723233,0.2028407310,0.1969081792,0.1901597948,0.1824198410,0.1734062154,0.1626072856,0.1489901907,0.1295804396,0.0653684830
89220.000000,0.2330011621,0.2327956790,0.2322144760,0.2312434637,0.2298790373,0.2280988009,0.2259042124,0.2232898723,0.2202066343,0.2166594098,0.2126010927,0.2079829819,0.2027551024,0.1968266864,0.1900829092,0.1823481103,0.1733403101,0.1625480998,0.1489390602,0.1295399227,0.0653438733
89280.000000,0.2328932274,0.2326879024,0.2321071463,0.2311368790,0.2297734960,0.2279946151,0.2258016883,0.2231893148,0.2201083766,0.2165637732,0.2125084213,0.2078936404,0.2026694738,0.1967451936,0.1900060237,0.1822763796,0.1732744049,0.1624889139,0.1488879297,0.1294994057,0.0653192636
89340.000000,0.2327856507,0.2325804832,0.2320001723,0.2310306472,0.2296683039,0.2278907733,0.2256995021,0.2230890878,0.2200104409,0.2164684488,0.2124160513,0.2078045881,0.2025841209,0.1966639614,0.1899293823,0.1822048748,0.1732087051,0.1624299105,0.1488369545,0.1294590100,0.0652947785
89400.000000,0.2326780740,0.2324730641,0.2318931983,0.2309244154,0.2295631117,0.2277869315,0.2255973158,0.2229888608,0.2199125051,0.2163731245,0.2123236813,0.2077155357,0.2024987679,0.1965827293,0.1898527410,0.1821333700,0.1731430054,0.1623709071,0.1487859794,0.1294186143,0.0652702934
89460.000000,0.2325708535,0.2323660006,0.2317865783,0.2308185348,0.2294582668,0.2276834320,0.2254954656,0.2228889626,0.2198148896,0.2162781108,0.2122316110,0.2076267710,0.2024136892,0.1965017566,0.1897763426,0.1820620900,0.1730775103,0.1623120853,0.1487351589,0.1293783392,0.0652459321
89520.000000,0.2324636331,0.2322589371,0.2316799583,0.2307126542,0.2293534219,0.2275799324,0.2253936155,0.2227890644,0.2197172742,0.2161830971,0.2121395408,0.2075380064,0.2023286104,0.1964207838,0.1896999442,0.1819908099,0.1730120151,0.1622532634,0.1486843384,0.1293380641,0.0652215708
89580.000000,0.2323567670,0.2321522274,0.2315736905,0.2306071230,0.2292489225,0.2274767734,0.2252920996,0.2226894933,0.2196199773,0.2160883924,0.2120477688,0.2074495279,0.2022438045,0.1963400691,0.1896237876,0.1819197536,0.1729467234,0.1621946222,0.1486336718,0.1292979090,0.0651973323
89640.000000,0.2322499010,0.2320455178,0.2314674226,0.2305015918,0.2291444232,0.2273736144,0.2251905838,0.2225899222,0.2195226805,0.2159936878,0.2119559969,0.2073610494,0.2021589986,0.1962593544,0.1895476309,0.1818486973,0.1728814318,0.1621359811,0.1485830051,0.1292577539,0.0651730939
89700.000000,0.2321433875,0.2319391601,0.2313615052,0.2303964082,0.2290402676,0.2272707941,0.2250894006,0.2224906766,0.2194257008,0.2158992907,0.2118645217,0.2072728557,0.2020744642,0.1961788965,0.1894717148,0.1817778635,0.1728163427,0.1620775196,0.1485324916,0.1292177182,0.0651489776
89760.000000,0.2320368741,0.2318328024,0.2312555877,0.2302912246,0.2289361120,0.2271679738,0.2249882175,0.2223914309,0.2193287210,0.2158048936,0.2117730465,0.2071846620,0.2019899298,0.1960984386,0.1893957987,0.1817070298,0.1727512535,0.1620190582,0.1484819781,0.1291776825,0.0651248613
89820.000000,0.2319307114,0.2317267950,0.2311500188,0.2301863868,0.2288322984,0.2270654906,0.2248873653,0.2222925091,0.2192320566,0.2157108024,0.2116818665,0.2070967516,0.2019056655,0.1960182362,0.1893201220,0.1816364175,0.1726863659,0.1619607756,0.1484316169,0.1291377656,0.0651008662
89880.000000,0.2318245488,0.2316207876,0.2310444499,0.2300815490,0.2287284848,0.2269630073,0.2247865131,0.2221935872,0.2191353923,0.2156167112,0.2115906866,0.2070088413,0.2018214012,0.1959380337,0.1892444452,0.1815658052,0.1726214782,0.1619024930,0.1483812557,0.1290978487,0.0650768711
89940.000000,0.2317187351,0.2315151286,0.2309392278,0.2299770554,0.2286250114,0.2268608594,0.2246859901,0.2220949875,0.2190390418,0.2155229244,0.2114998004,0.2069212128,0.2017374056,0.1958580855,0.1891690066,0.1814954132,0.1725567911,0.1618443885,0.1483310461,0.1290580501,0.0650529965
90000.000000,0.2316129215,0.2314094696,0.2308340057,0.2298725617,0.2285215381,0.2267587115,0.2245854672,0.2219963878,0.2189426913,0.2154291376,0.2114089142,0.2068335843,0.2016534100,0.1957781373,0.1890935680,0.1814250213,0.1724921040,0.1617862839,0.1482808365,0.1290182514,0.0650291218
90060.000000,0.2315074551,0.2313041572,0.2307291286,0.2297684103,0.2284184033,0.2266568972,0.2244852719,0.2218981086,0.2188466531,0.2153356537,0.2113183204,0.2067462363,0.2015696819,0.1956984420,0.1890183663,0.1813548486,0.1724276164,0.1617283564,0.1482307778,0.1289785704,0.0650053668
90120.000000,0.2314019887,0.2311988449,0.2306242516,0.2296642590,0.2283152685,0.2265550829,0.2243850766,0.2217998294,0.2187506148,0.2152421698,0.2112277265,0.2066588884,0.2014859537,0.1956187467,0.1889431647,0.1812846760,0.1723631288,0.1616704290,0.1481807191,0.1289388894,0.0649816118
90180.000000,0.2312968678,0.2310938774,0.2305197178,0.2295604482,0.2282124705,0.2264536006,0.2242852072,0.2217018691,0.2186548872,0.2151489872,0.2111374235,0.2065718195,0.2014024916,0.1955393031,0.1888681988,0.1812147215,0.1722988398,0.1616126777,0.1481308105,0.1288993255,0.0649579755
90240.000000,0.2311917469,0.2309889100,0.2304151840,0.2294566374,0.2281096725,0.2263521182,0.2241853379,0.2216039088,0.2185591597,0.2150558046,0.2110471204,0.2064847506,0.2013190296,0.1954598596,0.1887932330,0.1811447670,0.1722345507,0.1615549265,0.1480809019,0.1288597615,0.0649343393
90300.000000,0.2310869697,0.2308842857,0.2303109918,0.2293531655,0.2280072097,0.2262509661,0.2240857928,0.2215062658,0.2184637412,0.2149629219,0.2109571067,0.2063979594,0.2012358322,0.1953806664,0.1887185017,0.1810750296,0.1721704592,0.1614973507,0.1480311427,0.1288203141,0.0649108211
90360.000000,0.2309821925,0.2307796614,0.2302067995,0.2292496936,0.2279047468,0.2261498140,0.2239862478,0.2214086228,0.2183683228,0.2148700391,0.2108670931,0.2063111682,0.2011526349,0.1953014732,0.1886437705,0.1810052923,0.1721063677,0.1614397749,0.1479813835,0.1287808666,0.0648873028
90420.000000,0.2308777573,0.2306753786,0.2301029471,0.2291465589,0.2278026174,0.2260489905,0.2238870254,0.2213112955,0.2182732119,0.2147774547,0.2107773673,0.2062246533,0.2010697010,0.1952225293,0.1885692727,0.1809357709,0.1720424729,0.1613823736,0.1479317729,0.1287415351,0.0648639018
90480.000000,0.2307733221,0.2305710957,0.2299990947,0.2290434241,0.2277004879,0.2259481670,0.2237878030,0.2212139682,0.2181781010,0.2146848703,0.2106876416,0.2061381384,0.2009867671,0.1951435853,0.1884947750,0.1808662496,0.1719785780,0.1613249723,0.1478821624,0.1287022036,0.0648405008
90540.000000,0.2306692271,0.2304671525,0.2298955804,0.2289406248,0.2275986902,0.2258476704,0.2236889017,0.2211169550,0.2180832961,0.2145925827,0.2105982023,0.2060518984,0.2009040953,0.1950648893,0.1884205095,0.1807969432,0.1719148787,0.1612677447,0.1478326998,0.1286629874,0.0648172162
90600.000000,0.2305651322,0.2303632094,0.2297920661,0.2288378255,0.2274968925,0.2257471739,0.2235900004,0.2210199418,0.2179884912,0.2145002951,0.2105087630,0.2059656584,0.2008214235,0.1949861932,0.1883462440,0.1807276369,0.1718511795,0.1612105171,0.1477832372,0.1286237712,0.0647939316
90660.000000,0.2304613757,0.2302596042,0.2296888882,0.2287353600,0.2273954249,0.2256470026,0.2234914185,0.2209232411,0.2178939908,0.2144083029,0.2104196088,0.2058796920,0.2007390125,0.1949077439,0.1882722097,0.1806585445,0.1717876749,0.1611534623,0.1477339219,0.1285846699,0.0647707627
90720.000000,0.2303576193,0.2301559990,0.2295857102,0.2286328944,0.2272939573,0.2255468313,0.2233928366,0.2208265405,0.2177994904,0.2143163106,0.2103304546,0.2057937256,0.2006566016,0.1948292946,0.1881981754,0.1805894520,0.1717241703,0.1610964075,0.1476846065,0.1285455685,0.0647475937
90780.000000,0.2302541997,0.2300527300,0.2294828670,0.2285307610,0.2271928181,0.2254469837,0.2232945726,0.2207301508,0.2177052930,0.2142246122,0.2102415840,0.2057080314,0.2005744501,0.1947510909,0.1881243711,0.1805205725,0.1716608595,0.1610395247,0.1476354376,0.1285065813,0.0647245396
90840.000000,0.2301507802,0.2299494611,0.2293800238,0.2284286275,0.2270916789,0.2253471360,0.2231963085,0.2206337611,0.2176110955,0.2141329139,0.2101527134,0.2056223372,0.2004922987,0.1946728871,0.1880505668,0.1804516929,0.1715975486,0.1609826419,0.1475862688,0.1284675942,0.0647014855
90900.000000,0.2300476957,0.2298465268,0.2292775136,0.2283268245,0.2269908664,0.2252476104,0.2230983607,0.2205376808,0.2175171996,0.2140415079,0.2100641251,0.2055369138,0.2004104054,0.1945949276,0.1879769914,0.1803830252,0.1715344306,0.1609259303,0.1475372457,0.1284287207,0.0646785455
90960.000000,0.2299446113,0.2297435925,0.2291750034,0.2282250214,0.2268900540,0.2251480848,0.2230004129,0.2204416005,0.2174233036,0.2139501019,0.2099755367,0.2054514904,0.2003285122,0.1945169681,0.1879034161,0.1803143575,0.1714713125,0.1608692187,0.1474882227,0.1283898472,0.0646556055
91020.000000,0.2298418603,0.2296409910,0.2290728246,0.2281235471,0.2267895666,0.2250488796,0.2229027798,0.2203458281,0.2173297075,0.2138589869,0.2098872292,0.2053663366,0.2002468760,0.1944392517,0.1878300684,0.1802459006,0.1714083863,0.1608126774,0.1474393448,0.1283510869,0.0646327789
91080.000000,0.2297391093,0.2295383896,0.2289706457,0.2280220728,0.2266890793,0.2249496744,0.2228051466,0.2202500556,0.2172361115,0.2137678719,0.2097989216,0.2052811827,0.2001652397,0.1943615353,0.1877567208,0.1801774436,0.1713454601,0.1607561361,0.1473904668,0.1283123266,0.0646099522
91140.000000,0.2296366901,0.2294361194,0.2288687966,0.2279209256,0.2265889155,0.2248507881,0.2227078266,0.2201545895,0.2171428139,0.2136770464,0.2097108935,0.2051962970,0.2000838592,0.1942840608,0.1876835999,0.1801091965,0.1712827248,0.1606997643,0.1473417333,0.1282736788,0.0645872381
91200.000000,0.2295342709,0.2293338493,0.2287669474,0.2278197785,0.2264887516,0.2247519017,0.2226105065,0.2200591234,0.2170495163,0.2135862208,0.2096228654,0.2051114113,0.2000024787,0.1942065863,0.1876104789,0.1800409493,0.1712199896,0.1606433926,0.1472929997,0.1282350310,0.0645645240
91260.000000,0.2294321819,0.2292319086,0.2286654263,0.2277189567,0.2263889097,0.2246533326,0.2225134980,0.2199639622,0.2169565157,0.2134956834,0.2095351154,0.2050267925,0.1999213526,0.1941293526,0.1875375835,0.1799729109,0.1711574443,0.1605871895,0.1472444099,0.1281964953,0.0645419218
91320.000000,0.2293300928,0.2291299680,0.2285639052,0.2276181350,0.2262890677,0.2245547634,0.2224164895,0.2198688009,0.2168635150,0.2134051459,0.2094473653,0.2049421736,0.1998402265,0.1940521188,0.1874646881,0.1799048725,0.1710948990,0.1605309864,0.1471958201,0.1281579596,0.0645193195
91380.000000,0.2292283322,0.2290283554,0.2284627105,0.2275176372,0.2261895461,0.2244565099,0.2223197909,0.2197739429,0.2167708099,0.2133148951,0.2093598919,0.2048578203,0.1997593535,0.1939751245,0.1873920171,0.1798370419,0.1710325427,0.1604749512,0.1471473733,0.1281195353,0.0644968284
91440.000000,0.2291265716,0.2289267427,0.2283615158,0.2274171393,0.2260900244,0.2243582564,0.2222230924,0.2196790849,0.2166781048,0.2132246443,0.2092724185,0.2047734670,0.1996784806,0.1938981303,0.1873193462,0.1797692112,0.1709701865,0.1604189160,0.1470989265,0.1280811111,0.0644743372
91500.000000,0.2290251379,0.2288254563,0.2282606458,0.2273169637,0.2259908214,0.2242603170,0.2221267023,0.2195845286,0.2165856937,0.2131346787,0.2091852205,0.2046893780,0.1995978597,0.1938213744,0.1872468986,0.1797015873,0.1709080185,0.1603630479,0.1470506220,0.1280427978,0.0644519564
91560.000000,0.2289237041,0.2287241700,0.2281597759,0.2272167880,0.2258916184,0.2241623776,0.2220303122,0.2194899724,0.2164932826,0.2130447132,0.2090980224,0.2046052889,0.1995172387,0.1937446185,0.1871744510,0.1796339633,0.1708458504,0.1603071797,0.1470023175,0.1280044846,0.0644295756
91620.000000,0.2288225956,0.2286232083,0.2280592291,0.2271169331,0.2257927325,0.2240647506,0.2219342289,0.2193957165,0.2164011641,0.2129550314,0.2090110982,0.2045214627,0.1994368684,0.1936680999,0.1871022257,0.1795665451,0.1707838696,0.1602514779,0.1469541547,0.1279662817,0.0644073044
91680.000000,0.2287214871,0.2285222466,0.2279586823,0.2270170781,0.2256938466,0.2239671237,0.2218381457,0.2193014606,0.2163090455,0.2128653496,0.2089241741,0.2044376366,0.1993564982,0.1935915812,0.1870300003,0.1794991269,0.1707218888,0.1601957760,0.1469059919,0.1279280789,0.0643850332
91740.000000,0.2286207021,0.2284216079,0.2278584571,0.2269175421,0.2255952763,0.2238698078,0.2217423679,0.2192075034,0.2162172181,0.2127759503,0.2088375226,0.2043540721,0.1992763774,0.1935152986,0.1869579962,0.1794319134,0.1706600944,0.1601402397,0.1468579701,0.1278899859,0.0643628709
91800.000000,0.2285199172,0.2283209693,0.2277582318,0.2268180061,0.2254967059,0.2237724918,0.2216465901,0.2191135463,0.2161253908,0.2126865510,0.2087508711,0.2042705076,0.1991962567,0.1934390159,0.1868859920,0.1793647000,0.1705982999,0.1600847033,0.1468099483,0.1278518930,0.0643407086
91860.000000,0.2284194542,0.2282206521,0.2276583266,0.2267187876,0.2253984495,0.2236754853,0.2215511162,0.2190198865,0.2160338531,0.2125974327,0.2086644908,0.2041872035,0.1991163842,0.1933629682,0.1868142080,0.1792976902,0.1705366909,0.1600293316,0.1467620668,0.1278139094,0.0643186545
91920.000000,0.2283189912,0.2281203349,0.2275584213,0.2266195691,0.2253001931,0.2235784788,0.2214556422,0.2189262267,0.2159423154,0.2125083143,0.2085781106,0.2041038993,0.1990365117,0.1932869205,0.1867424240,0.1792306805,0.1704750819,0.1599739599,0.1467141853,0.1277759258,0.0642966003
91980.000000,0.2282188487,0.2280203376,0.2274588344,0.2265206665,0.2252022491,0.2234817802,0.2213604707,0.2188328628,0.2158510659,0.2124194757,0.2084920003,0.2040208543,0.1989568863,0.1932111065,0.1866708590,0.1791638735,0.1704136575,0.1599187521,0.1466664434,0.1277380511,0.0642746537
92040.000000,0.2281187061,0.2279203403,0.2273592475,0.2264217639,0.2251043050,0.2233850815,0.2212652991,0.2187394989,0.2157598165,0.2123306370,0.2084058900,0.2039378092,0.1988772608,0.1931352925,0.1865992941,0.1790970666,0.1703522331,0.1598635443,0.1466187015,0.1277001764,0.0642527070
92100.000000,0.2280188823,0.2278206613,0.2272599774,0.2263231756,0.2250066719,0.2232886893,0.2211704284,0.2186464294,0.2156688540,0.2122420766,0.2083200483,0.2038550220,0.1987978813,0.1930597112,0.1865279471,0.1790304614,0.1702909924,0.1598084997,0.1465710986,0.1276624100,0.0642308671
92160.000000,0.2279190586,0.2277209822,0.2271607073,0.2262245873,0.2249090388,0.2231922970,0.2210755578,0.2185533598,0.2155778914,0.2121535163,0.2082342066,0.2037722348,0.1987185017,0.1929841298,0.1864566002,0.1789638562,0.1702297516,0.1597534550,0.1465234957,0.1276246436,0.0642090272
92220.000000,0.2278195521,0.2276216199,0.2270617524,0.2261263118,0.2248117149,0.2230962096,0.2209809865,0.2184605833,0.2154872143,0.2120652328,0.2081486322,0.2036897041,0.1986393668,0.1929087800,0.1863854701,0.1788974519,0.1701686937,0.1596985727,0.1464760312,0.1275869850,0.0641872934
92280.000000,0.2277200455,0.2275222576,0.2269627975,0.2260280362,0.2247143911,0.2230001222,0.2208864152,0.2183678067,0.2153965372,0.2119769493,0.2080630578,0.2036071735,0.1985602319,0.1928334301,0.1863143401,0.1788310475,0.1701076358,0.1596436904,0.1464285666,0.1275493265,0.0641655595
92340.000000,0.2276208547,0.2274232104,0.2268641563,0.2259300719,0.2246173751,0.2229043382,0.2207921419,0.2182753217,0.2153061441,0.2118889414,0.2079777494,0.2035248981,0.1984813405,0.1927583107,0.1862434260,0.1787648430,0.1700467598,0.1595889696,0.1463812397,0.1275117752,0.0641439310
92400.000000,0.2275216638,0.2273241632,0.2267655151,0.2258321076,0.2245203591,0.2228085542,0.2206978686,0.2181828367,0.2152157510,0.2118009335,0.2078924410,0.2034426228,0.1984024491,0.1926831912,0.1861725119,0.1786986385,0.1699858838,0.1595342489,0.1463339129,0.1274742239,0.0641223025
92460.000000,0.2274227871,0.2272254296,0.2266671860,0.2257344530,0.2244236494,0.2227130721,0.2206038917,0.2180906417,0.2151256406,0.2117131998,0.2078073973,0.2033606015,0.1983238000,0.1926083010,0.1861018126,0.1786326329,0.1699251889,0.1594796890,0.1462867230,0.1274367795,0.0641007787
92520.000000,0.2273239103,0.2271266960,0.2265688570,0.2256367985,0.2243269397,0.2226175899,0.2205099148,0.2179984468,0.2150355302,0.2116254662,0.2077223537,0.2032785803,0.1982451508,0.1925334108,0.1860311134,0.1785666273,0.1698644940,0.1594251290,0.1462395331,0.1273993350,0.0640792549
92580.000000,0.2272253461,0.2270282745,0.2264708385,0.2255394520,0.2242305348,0.2225224082,0.2204162330,0.2179065405,0.2149457011,0.2115380054,0.2076375734,0.2031968119,0.1981667428,0.1924587487,0.1859606280,0.1785008197,0.1698039793,0.1593707292,0.1461924796,0.1273619968,0.0640578351
92640.000000,0.2271267819,0.2269298529,0.2263728200,0.2254421056,0.2241341298,0.2224272264,0.2203225512,0.2178146343,0.2148558720,0.2114505446,0.2075527932,0.2031150435,0.1980883349,0.1923840867,0.1858901425,0.1784350120,0.1697434646,0.1593163293,0.1461454262,0.1273246587,0.0640364153
92700.000000,0.2270285288,0.2268317419,0.2262751106,0.2253450659,0.2240380282,0.2223323436,0.2202291629,0.2177230153,0.2147663228,0.2113633553,0.2074682750,0.2030335267,0.1980101668,0.1923096517,0.1858198699,0.1783694014,0.1696831292,0.1592620887,0.1460985084,0.1272874263,0.0640150987
92760.000000,0.2269302756,0.2267336309,0.2261774012,0.2252480261,0.2239419266,0.2222374608,0.2201357747,0.2176313963,0.2146767735,0.2112761661,0.2073837569,0.2029520099,0.1979319988,0.1922352168,0.1857495973,0.1783037908,0.1696227939,0.1592078481,0.1460515907,0.1272501939,0.0639937822
92820.000000,0.2268323320,0.2266358289,0.2260799994,0.2251512915,0.2238461268,0.2221428754,0.2200426785,0.2175400631,0.2145875029,0.2111892471,0.2072994997,0.2028707436,0.1978540696,0.1921610078,0.1856795365,0.1782383762,0.1695626370,0.1591537661,0.1460048080,0.1272130669,0.0639725684
92880.000000,0.2267343883,0.2265380269,0.2259825976,0.2250545569,0.2237503269,0.2220482901,0.2199495824,0.2174487300,0.2144982322,0.2111023281,0.2072152425,0.2027894772,0.1977761404,0.1920867988,0.1856094757,0.1781729616,0.1695024802,0.1590996840,0.1459580254,0.1271759398,0.0639513545
92940.000000,0.2266367527,0.2264405324,0.2258855018,0.2249581260,0.2236548275,0.2219540007,0.2198567770,0.2173576814,0.2144092388,0.2110156780,0.2071312448,0.2027084601,0.1976984489,0.1920128147,0.1855396257,0.1781077422,0.1694425010,0.1590457598,0.1459113772,0.1271389175,0.0639302426
93000.000000,0.2265391171,0.2263430378,0.2257884060,0.2248616951,0.2235593280,0.2218597114,0.2197639717,0.2172666327,0.2143202453,0.2109290279,0.2070472472,0.2026274429,0.1976207573,0.1919388306,0.1854697756,0.1780425228,0.1693825218,0.1589918355,0.1458647290,0.1271018952,0.0639091307
93060.000000,0.2264417879,0.2262458493,0.2256916148,0.2247655664,0.2234641274,0.2217657166,0.2196714556,0.2171758672,0.2142315277,0.2108426455,0.2069635079,0.2025466737,0.1975433023,0.1918650703,0.1854001354,0.1779774976,0.1693227195,0.1589380684,0.1458182147,0.1270649773,0.0638881201
93120.000000,0.2263444587,0.2261486607,0.2255948236,0.2246694376,0.2233689268,0.2216717218,0.2195789395,0.2170851016,0.2141428101,0.2107562630,0.2068797687,0.2024659046,0.1974658473,0.1917913100,0.1853304951,0.1779124724,0.1692629171,0.1588843012,0.1457717003,0.1270280593,0.0638671095
93180.000000,0.2262474346,0.2260517767,0.2254983354,0.2245736096,0.2232740236,0.2215780202,0.2194867113,0.2169946178,0.2140543670,0.2106701469,0.2067962865,0.2023853822,0.1973886276,0.1917177725,0.1852610636,0.1778476405,0.1692032908,0.1588306903,0.1457253192,0.1269912452,0.0638461995
93240.000000,0.2261504104,0.2259548926,0.2254018473,0.2244777816,0.2231791204,0.2214843186,0.2193944831,0.2169041339,0.2139659239,0.2105840308,0.2067128044,0.2023048599,0.1973114080,0.1916442350,0.1851916322,0.1777828085,0.1691436644,0.1587770795,0.1456789381,0.1269544310,0.0638252896
93300.000000,0.2260536898,0.2258583116,0.2253056608,0.2243822529,0.2230845132,0.2213909087,0.2193025415,0.2168139305,0.2138777540,0.2104981797,0.2066295781,0.2022245832,0.1972344226,0.1915709191,0.1851224085,0.1777181690,0.1690842132,0.1587236242,0.1456326896,0.1269177202,0.0638044796
93360.000000,0.2259569691,0.2257617306,0.2252094742,0.2242867241,0.2229899060,0.2212974987,0.2192105998,0.2167237270,0.2137895840,0.2104123286,0.2065463518,0.2021443064,0.1971574372,0.1914976033,0.1850531848,0.1776535295,0.1690247620,0.1586701689,0.1455864410,0.1268810094,0.0637836697
93420.000000,0.2258605505,0.2256654511,0.2251135878,0.2241914932,0.2228955933,0.2212043791,0.2191189433,0.2166338025,0.2137016860,0.2103267413,0.2064633802,0.2020642742,0.1970806850,0.1914245081,0.1849841679,0.1775890814,0.1689654851,0.1586168685,0.1455403245,0.1268444015,0.0637629591
93480.000000,0.2257641319,0.2255691716,0.2250177014,0.2240962622,0.2228012806,0.2211112595,0.2190272867,0.2165438781,0.2136137880,0.2102411540,0.2063804086,0.2019842419,0.1970039328,0.1913514129,0.1849151510,0.1775246333,0.1689062083,0.1585635681,0.1454942079,0.1268077935,0.0637422485
93540.000000,0.2256680138,0.2254731921,0.2249221137,0.2240013276,0.2227072610,0.2210184288,0.2189359139,0.2164542312,0.2135261605,0.2101558292,0.2062976903,0.2019044529,0.1969274126,0.1912785372,0.1848463400,0.1774603758,0.1688471049,0.1585104218,0.1454482228,0.1267712880,0.0637216366
93600.000000,0.2255718957,0.2253772127,0.2248265260,0.2239063931,0.2226132415,0.2209255981,0.2188445411,0.2163645844,0.2134385330,0.2100705044,0.2062149721,0.2018246639,0.1968508924,0.1912056616,0.1847775289,0.1773961183,0.1687880016,0.1584572756,0.1454022376,0.1267347824,0.0637010247
93660.000000,0.2254760768,0.2252815319,0.2247312355,0.2238117534,0.2225195136,0.2208330548,0.2187534506,0.2162752139,0.2133511748,0.2099854408,0.2061325061,0.2017451171,0.1967746031,0.1911330045,0.1847089227,0.1773320505,0.1687290710,0.1584042827,0.1453563832,0.1266983787,0.0636805109
93720.000000,0.2253802579,0.2251858511,0.2246359450,0.2237171137,0.2224257857,0.2207405116,0.2186623602,0.2161858434,0.2132638166,0.2099003773,0.2060500401,0.2016655702,0.1966983139,0.1910603474,0.1846403165,0.1772679827,0.1686701404,0.1583512899,0.1453105287,0.1266619751,0.0636599971
93780.000000,0.2252847366,0.2250904675,0.2245409503,0.2236227675,0.2223323481,0.2206482545,0.2185715508,0.2160967479,0.2131767263,0.2098155737,0.2059678252,0.2015862643,0.1966222544,0.1909879079,0.1845719142,0.1772041037,0.1686113816,0.1582984497,0.1452648045,0.1266256729,0.0636395808
93840.000000,0.2251892153,0.2249950838,0.2244459556,0.2235284214,0.2222389105,0.2205559974,0.2184807413,0.2160076524,0.2130896361,0.2097307702,0.2058856102,0.2015069584,0.1965461950,0.1909154683,0.1845035118,0.1771402246,0.1685526229,0.1582456096,0.1452190802,0.1265893706,0.0636191644
93900.000000,0.2250939902,0.2248999959,0.2243512553,0.2234343673,0.2221457618,0.2204640250,0.2183902116,0.2159188305,0.2130028125,0.2096462253,0.2058036450,0.2014278923,0.1964703643,0.1908432452,0.1844353124,0.1770765335,0.1684940353,0.1581929215,0.1451734855,0.1265531694,0.0635988449
93960.000000,0.2249987652,0.2248049080,0.2242565550,0.2233403132,0.2220526131,0.2203720526,0.2182996818,0.2158300087,0.2129159889,0.2095616805,0.2057216798,0.2013488262,0.1963945336,0.1907710221,0.1843671130,0.1770128423,0.1684354477,0.1581402334,0.1451278908,0.1265169681,0.0635785254
94020.000000,0.2249038349,0.2247101144,0.2241621476,0.2232465498,0.2219597518,0.2202803636,0.2182094303,0.2157414592,0.2128294307,0.2094773932,0.2056399632,0.2012699988,0.1963189305,0.1906990144,0.1842991156,0.1769493382,0.1683770303,0.1580876965,0.1450824250,0.1264808673,0.0635583020
94080.000000,0.2248089047,0.2246153209,0.2240677402,0.2231527863,0.2218668906,0.2201886746,0.2181191789,0.2156529097,0.2127428726,0.2093931059,0.2055582467,0.2011911714,0.1962433275,0.1906270068,0.1842311182,0.1768858341,0.1683186130,0.1580351597,0.1450369593,0.1264447666,0.0635380787
94140.000000,0.2247142678,0.2245208202,0.2239736244,0.2230593122,0.2217743155,0.2200972676,0.2180292044,0.2155646312,0.2126565785,0.2093090749,0.2054767775,0.2011125815,0.1961679510,0.1905552136,0.1841633218,0.1768225161,0.1682603652,0.1579827735,0.1449916219,0.1264087659,0.0635179510
94200.000000,0.2246196309,0.2244263195,0.2238795085,0.2229658380,0.2216817404,0.2200058605,0.2179392299,0.2154763528,0.2125702845,0.2092250438,0.2053953084,0.2010339916,0.1960925745,0.1904834204,0.1840955253,0.1767591981,0.1682021174,0.1579303872,0.1449462845,0.1263727651,0.0634978233
94260.000000,0.2245252860,0.2243321103,0.2237856828,0.2228726518,0.2215894500,0.2199147342,0.2178495311,0.2153883441,0.2124842533,0.2091412679,0.2053140855,0.2009556382,0.1960174235,0.1904118406,0.1840279290,0.1766960654,0.1681440383,0.1578781509,0.1449010749,0.1263368640,0.0634777905
94320.000000,0.2244309410,0.2242379011,0.2236918571,0.2227794655,0.2214971596,0.2198236078,0.2177598322,0.2153003354,0.2123982221,0.2090574919,0.2052328626,0.2008772847,0.1959422726,0.1903402609,0.1839603327,0.1766329327,0.1680859592,0.1578259146,0.1448558652,0.1263009628,0.0634577578
94380.000000,0.2243368867,0.2241439820,0.2235983202,0.2226865657,0.2214051526,0.2197327608,0.2176704077,0.2152125952,0.2123124526,0.2089739698,0.2051518848,0.2007991665,0.1958673461,0.1902688935,0.1838929355,0.1765699844,0.1680280481,0.1577738275,0.1448107828,0.1262651608,0.0634378194
94440.000000,0.2242428323,0.2240500628,0.2235047832,0.2225936660,0.2213131455,0.2196419137,0.2175809833,0.2151248549,0.2122266831,0.2088904476,0.2050709070,0.2007210484,0.1957924195,0.1901975262,0.1838255383,0.1765070361,0.1679701370,0.1577217404,0.1447657004,0.1262293587,0.0634178810
94500.000000,0.2241490671,0.2239564324,0.2234115336,0.2225010514,0.2212214205,0.2195513446,0.2174918318,0.2150373819,0.2121411739,0.2088071782,0.2049901732,0.2006431644,0.1957177164,0.1901263703,0.1837583393,0.1764442713,0.1679123930,0.1576698018,0.1447207446,0.1261936554,0.0633980364
94560.000000,0.2240553020,0.2238628020,0.2233182840,0.2224084367,0.2211296955,0.2194607755,0.2174026803,0.2149499088,0.2120556647,0.2087239087,0.2049094393,0.2005652805,0.1956430133,0.1900552143,0.1836911404,0.1763815066,0.1678546490,0.1576178632,0.1446757887,0.1261579520,0.0633781918
94620.000000,0.2239618245,0.2237694589,0.2232253204,0.2223161059,0.2210382512,0.2193704831,0.2173138006,0.2148627017,0.2119704147,0.2086408906,0.2048289482,0.2004876296,0.1955685325,0.1899842689,0.1836241387,0.1763189246,0.1677970715,0.1575660725,0.1446309589,0.1261223469,0.0633584403
94680.000000,0.2238683471,0.2236761158,0.2231323567,0.2222237750,0.2209468069,0.2192801906,0.2172249208,0.2147754946,0.2118851647,0.2085578726,0.2047484571,0.2004099787,0.1954940517,0.1899133234,0.1835571370,0.1762563425,0.1677394939,0.1575142817,0.1445861291,0.1260867417,0.0633386889
94740.000000,0.2237751562,0.2235830586,0.2230396777,0.2221317266,0.2208556419,0.2191901735,0.2171363115,0.2146885521,0.2118001726,0.2084751048,0.2046682077,0.2003325598,0.1954197922,0.1898425874,0.1834903317,0.1761939423,0.1676820820,0.1574626382,0.1445414248,0.1260512343,0.0633190301
94800.000000,0.2236819652,0.2234900015,0.2229469987,0.2220396781,0.2207644768,0.2191001564,0.2170477022,0.2146016096,0.2117151804,0.2083923370,0.2045879582,0.2002551409,0.1953455327,0.1897718514,0.1834235264,0.1761315422,0.1676246700,0.1574109946,0.1444967205,0.1260157269,0.0632993712
94860.000000,0.2235890592,0.2233972289,0.2228546030,0.2219479107,0.2206735898,0.2190104133,0.2169593620,0.2145149305,0.2116304450,0.2083098183,0.2045079493,0.2001779529,0.1952714934,0.1897013239,0.1833569165,0.1760693230,0.1675674229,0.1573594975,0.1444521410,0.1259803169,0.0632798044
94920.000000,0.2234961533,0.2233044563,0.2227622072,0.2218561433,0.2205827028,0.2189206702,0.2168710218,0.2144282514,0.2115457096,0.2082272996,0.2044279403,0.2001007649,0.1951974542,0.1896307963,0.1832903067,0.1760071038,0.1675101759,0.1573080004,0.1444075616,0.1259449068,0.0632602375
94980.000000,0.2234035310,0.2232119669,0.2226700934,0.2217646557,0.2204920925,0.2188311998,0.2167829495,0.2143418345,0.2114612296,0.2081450288,0.2043481707,0.2000238067,0.1951236341,0.1895604763,0.1832238914,0.1759450648,0.1674530929,0.1572566492,0.1443631064,0.1259095936,0.0632407621
95040.000000,0.2233109087,0.2231194776,0.2225779796,0.2216731680,0.2204014821,0.2187417294,0.2166948772,0.2142554175,0.2113767497,0.2080627580,0.2042684011,0.1999468485,0.1950498141,0.1894901563,0.1831574761,0.1758830258,0.1673960099,0.1572052979,0.1443186513,0.1258742804,0.0632212867
95100.000000,0.2232185688,0.2230272701,0.2224861463,0.2215819588,0.2203111472,0.2186525304,0.2166070715,0.2141692615,0.2112925240,0.2079807339,0.2041888697,0.1998701191,0.1949762123,0.1894200428,0.1830912544,0.1758211662,0.1673390903,0.1571540918,0.1442743199,0.1258390637,0.0632019021
95160.000000,0.2231262289,0.2229350626,0.2223943131,0.2214907495,0.2202208122,0.2185633315,0.2165192658,0.2140831054,0.2112082983,0.2078987098,0.2041093383,0.1997933896,0.1949026105,0.1893499293,0.1830250327,0.1757593066,0.1672821707,0.1571028858,0.1442299885,0.1258038469,0.0631825175
95220.000000,0.2230341700,0.2228431356,0.2223027590,0.2213998174,0.2201307513,0.2184744027,0.2164317255,0.2139972091,0.2111243257,0.2078169313,0.2040300440,0.1997168878,0.1948292259,0.1892800214,0.1829590038,0.1756976254,0.1672254137,0.1570518242,0.1441857803,0.1257687262,0.0631632232
95280.000000,0.2229421110,0.2227512087,0.2222112050,0.2213088852,0.2200406904,0.2183854738,0.2163441851,0.2139113127,0.2110403531,0.2077351528,0.2039507498,0.1996403861,0.1947558412,0.1892101135,0.1828929749,0.1756359443,0.1671686567,0.1570007626,0.1441415721,0.1257336054,0.0631439289
95340.000000,0.2228503318,0.2226595609,0.2221199289,0.2212182288,0.2199509022,0.2182968138,0.2162569088,0.2138256748,0.2109566323,0.2076536187,0.2038716915,0.1995641109,0.1946826728,0.1891404103,0.1828271379,0.1755744409,0.1671120616,0.1569498448,0.1440974866,0.1256985802,0.0631247243
95400.000000,0.2227585525,0.2225679132,0.2220286528,0.2211275724,0.2198611140,0.2182081539,0.2161696325,0.2137400369,0.2108729116,0.2075720846,0.2037926332,0.1994878357,0.1946095043,0.1890707070,0.1827613009,0.1755129375,0.1670554664,0.1568989271,0.1440534010,0.1256635551,0.0631055197
95460.000000,0.2226670516,0.2224765433,0.2219376533,0.2210371904,0.2197715973,0.2181197615,0.2160826191,0.2136546562,0.2107894416,0.2074907938,0.2037138099,0.1994117861,0.1945365510,0.1890012074,0.1826956548,0.1754516109,0.1669990324,0.1568481525,0.1440094376,0.1256286250,0.0630864042
95520.000000,0.2225755506,0.2223851735,0.2218466538,0.2209468085,0.2196820807,0.2180313691,0.2159956057,0.2135692755,0.2107059715,0.2074095029,0.2036349865,0.1993357364,0.1944635977,0.1889317078,0.1826300087,0.1753902844,0.1669425984,0.1567973780,0.1439654741,0.1255936950,0.0630672887
95580.000000,0.2224843267,0.2222940802,0.2217559296,0.2208566997,0.2195928342,0.2179432431,0.2159088538,0.2134841509,0.2106227510,0.2073284542,0.2035563970,0.1992599113,0.1943908586,0.1888624110,0.1825645528,0.1753291339,0.1668863248,0.1567467460,0.1439216322,0.1255588597,0.0630482618
95640.000000,0.2223931028,0.2222029869,0.2216652054,0.2207665909,0.2195035877,0.2178551170,0.2158221020,0.2133990262,0.2105395305,0.2072474055,0.2034778074,0.1991840861,0.1943181195,0.1887931141,0.1824990968,0.1752679835,0.1668300512,0.1566961139,0.1438777902,0.1255240243,0.0630292349
95700.000000,0.2223021547,0.2221121689,0.2215747552,0.2206767540,0.2194146101,0.2177672560,0.2157356105,0.2133141564,0.2104565583,0.2071665978,0.2033994506,0.1991084845,0.1942455935,0.1887240191,0.1824338301,0.1752070083,0.1667739372,0.1566456238,0.1438340693,0.1254892833,0.0630102960
95760.000000,0.2222112065,0.2220213509,0.2214843050,0.2205869171,0.2193256325,0.2176793951,0.2156491191,0.2132292866,0.2103735862,0.2070857901,0.2033210937,0.1990328828,0.1941730676,0.1886549241,0.1823685633,0.1751460331,0.1667178232,0.1565951337,0.1437903483,0.1254545423,0.0629913572
95820.000000,0.2221205327,0.2219308068,0.2213941275,0.2204973508,0.2192369226,0.2175917979,0.2155628868,0.2131446704,0.2102908612,0.2070052223,0.2032429685,0.1989575035,0.1941007539,0.1885860299,0.1823034849,0.1750852324,0.1666618682,0.1565447848,0.1437467478,0.1254198951,0.0629725058
95880.000000,0.2220298589,0.2218402628,0.2213039499,0.2204077845,0.2191482126,0.2175042008,0.2154766545,0.2130600542,0.2102081362,0.2069246545,0.2031648433,0.1988821242,0.1940284401,0.1885171357,0.1822384066,0.1750244317,0.1666059132,0.1564944360,0.1437031473,0.1253852479,0.0629536544
95940.000000,0.2219394583,0.2217499914,0.2212140439,0.2203184876,0.2190597691,0.2174168662,0.2153906801,0.2129756904,0.2101256573,0.2068443254,0.2030869487,0.1988069663,0.1939563376,0.1884484415,0.1821735157,0.1749638046,0.1665501164,0.1564442277,0.1436596667,0.1253506942,0.0629348899
96000.000000,0.2218490576,0.2216597200,0.2211241378,0.2202291906,0.2189713255,0.2173295316,0.2153047057,0.2128913267,0.2100431784,0.2067639964,0.2030090540,0.1987318085,0.1938842350,0.1883797473,0.1821086248,0.1749031776,0.1664943196,0.1563940195,0.1436161861,0.1253161404,0.0629161254
96060.000000,0.2217589288,0.2215697200,0.2210345018,0.2201401617,0.2188831472,0.2172424584,0.2152189881,0.2128072142,0.2099609443,0.2066839050,0.2029313889,0.1986568709,0.1938123428,0.1883112521,0.1820439205,0.1748427234,0.1664386803,0.1563439512,0.1435728249,0.1252816797,0.0628974473
96120.000000,0.2216688000,0.2214797201,0.2209448659,0.2200511328,0.2187949688,0.2171553852,0.2151332705,0.2127231017,0.2098787103,0.2066038135,0.2028537237,0.1985819334,0.1937404505,0.1882427570,0.1819792163,0.1747822692,0.1663830410,0.1562938830,0.1435294637,0.1252472190,0.0628787692
96180.000000,0.2215789418,0.2213899902,0.2208554989,0.2199623707,0.2187070543,0.2170685722,0.2150478084,0.2126392393,0.2097967200,0.2065239587,0.2027762870,0.1985072152,0.1936687674,0.1881744599,0.1819146978,0.1747219872,0.1663275584,0.1562439541,0.1434862213,0.1252128509,0.0628601770
96240.000000,0.2214890836,0.2213002604,0.2207661318,0.2198736086,0.2186191398,0.2169817591,0.2149623463,0.2125553769,0.2097147297,0.2064441038,0.2026988502,0.1984324970,0.1935970844,0.1881061628,0.1818501793,0.1746617051,0.1662720759,0.1561940252,0.1434429789,0.1251784828,0.0628415848
96300.000000,0.2213994947,0.2212107994,0.2206770324,0.2197851120,0.2185314880,0.2168952050,0.2148771385,0.2124717634,0.2096329820,0.2063644844,0.2026216408,0.1983579972,0.1935256097,0.1880380630,0.1817858458,0.1746015943,0.1662167495,0.1561442350,0.1433998548,0.1251442069,0.0628230778
96360.000000,0.2213099057,0.2211213384,0.2205879329,0.2196966155,0.2184438362,0.2168086509,0.2147919307,0.2123881500,0.2095512343,0.2062848650,0.2025444315,0.1982834973,0.1934541350,0.1879699631,0.1817215123,0.1745414836,0.1661614230,0.1560944449,0.1433567307,0.1251099310,0.0628045709
96420.000000,0.2212205848,0.2210321450,0.2204990999,0.2196083833,0.2183564458,0.2167223545,0.2147069761,0.2123047843,0.2094697281,0.2062054799,0.2024674484,0.1982092148,0.1933828676,0.1879020596,0.1816573628,0.1744815434,0.1661062520,0.1560447928,0.1433137244,0.1250757469,0.0627861488
96480.000000,0.2211312639,0.2209429517,0.2204102668,0.2195201510,0.2182690554,0.2166360581,0.2146220215,0.2122214186,0.2093882220,0.2061260948,0.2023904653,0.1981349323,0.1933116003,0.1878341561,0.1815932134,0.1744216032,0.1660510809,0.1559951408,0.1432707181,0.1250415628,0.0627677267
96540.000000,0.2210422098,0.2208540246,0.2203216989,0.2194321819,0.2181819253,0.2165500182,0.2145373189,0.2121382995,0.2093069561,0.2060469430,0.2023137075,0.1980608661,0.1932405393,0.1877664479,0.1815292472,0.1743618327,0.1659960645,0.1559456262,0.1432278290,0.1250074700,0.0627493888
96600.000000,0.2209531557,0.2207650976,0.2202331310,0.2193442128,0.2180947951,0.2164639783,0.2144526163,0.2120551804,0.2092256903,0.2059677912,0.2022369498,0.1979867999,0.1931694783,0.1876987398,0.1814652810,0.1743020623,0.1659410481,0.1558961117,0.1431849400,0.1249733773,0.0627310509
96660.000000,0.2208643672,0.2206764357,0.2201448269,0.2192565055,0.2180079240,0.2163781937,0.2143681645,0.2119723068,0.2091446638,0.2058888716,0.2021604162,0.1979129490,0.1930986228,0.1876312262,0.1814014973,0.1742424608,0.1658861857,0.1558467340,0.1431421677,0.1249393756,0.0627127968
96720.000000,0.2207755786,0.2205877738,0.2200565229,0.2191687982,0.2179210529,0.2162924091,0.2142837127,0.2118894332,0.2090636372,0.2058099520,0.2020838826,0.1978390982,0.1930277673,0.1875637126,0.1813377135,0.1741828594,0.1658313233,0.1557973563,0.1430993954,0.1249053738,0.0626945426
96780.000000,0.2206870544,0.2204993758,0.2199684815,0.2190813516,0.2178344396,0.2162068787,0.2141995105,0.2118068040,0.2089828488,0.2057312636,0.2020075723,0.1977654617,0.1929571164,0.1874963927,0.1812741114,0.1741234262,0.1657766142,0.1557481149,0.1430567393,0.1248714626,0.0626763717
96840.000000,0.2205985301,0.2204109778,0.2198804402,0.2189939049,0.2177478262,0.2161213483,0.2141153083,0.2117241747,0.2089020604,0.2056525751,0.2019312619,0.1976918251,0.1928864654,0.1874290727,0.1812105092,0.1740639930,0.1657219051,0.1556988735,0.1430140832,0.1248375514,0.0626582008
96900.000000,0.2205102690,0.2203228424,0.2197926602,0.2189067177,0.2176614695,0.2160360708,0.2140313547,0.2116417887,0.2088215091,0.2055741167,0.2018551738,0.1976184020,0.1928160180,0.1873619455,0.1811470878,0.1740047273,0.1656673486,0.1556497678,0.1429715428,0.1248037304,0.0626401126
96960.000000,0.2204220078,0.2202347070,0.2197048803,0.2188195305,0.2175751128,0.2159507934,0.2139474010,0.2115594027,0.2087409578,0.2054956583,0.2017790856,0.1975449788,0.1927455706,0.1872948183,0.1810836665,0.1739454616,0.1656127921,0.1556006620,0.1429290024,0.1247699094,0.0626220244
97020.000000,0.2203340085,0.2201468331,0.2196173606,0.2187326016,0.2174890116,0.2158657677,0.2138636947,0.2114772587,0.2086606424,0.2054174289,0.2017032186,0.1974717681,0.1926753259,0.1872278830,0.1810204250,0.1738863626,0.1655583876,0.1555516913,0.1428865772,0.1247361782,0.0626040184
97080.000000,0.2202460092,0.2200589591,0.2195298409,0.2186456726,0.2174029103,0.2157807420,0.2137799883,0.2113951148,0.2085803270,0.2053391995,0.2016273516,0.1973985573,0.1926050811,0.1871609477,0.1809571836,0.1738272636,0.1655039830,0.1555027207,0.1428441520,0.1247024469,0.0625860124
97140.000000,0.2201582706,0.2199713454,0.2194425803,0.2185590007,0.2173170633,0.2156959670,0.2136965282,0.2113132118,0.2085002466,0.2052611981,0.2015517048,0.1973255580,0.1925350381,0.1870942034,0.1808941214,0.1737683306,0.1654497296,0.1554538845,0.1428018415,0.1246688051,0.0625680881
97200.000000,0.2200705319,0.2198837317,0.2193553196,0.2184723287,0.2172312163,0.2156111919,0.2136130681,0.2112313089,0.2084201661,0.2051831966,0.2014760579,0.1972525587,0.1924649952,0.1870274591,0.1808310591,0.1737093976,0.1653954763,0.1554050483,0.1427595310,0.1246351633,0.0625501638
97260.000000,0.2199830527,0.2197963770,0.2192683168,0.2183859126,0.2171456223,0.2155266664,0.2135298530,0.2111496458,0.2083403194,0.2051054221,0.2014006302,0.1971797698,0.1923951530,0.1869609049,0.1807681752,0.1736506298,0.1653413736,0.1553563459,0.1427173347,0.1246016104,0.0625323207
97320.000000,0.2198955735,0.2197090223,0.2191813140,0.2182994966,0.2170600284,0.2154421408,0.2134466380,0.2110679827,0.2082604727,0.2050276476,0.2013252025,0.1971069809,0.1923253108,0.1868943508,0.1807052913,0.1735918621,0.1652872708,0.1553076436,0.1426751384,0.1245680575,0.0625144776
97380.000000,0.2198083525,0.2196219255,0.2190945678,0.2182133351,0.2169746863,0.2153578636,0.2133636669,0.2109865583,0.2081808588,0.2049500989,0.2012499929,0.1970344015,0.1922556686,0.1868279859,0.1806425849,0.1735332588,0.1652333180,0.1552590745,0.1426330558,0.1245345933,0.0624967152
97440.000000,0.2197211316,0.2195348286,0.2190078216,0.2181271737,0.2168893443,0.2152735863,0.2132806958,0.2109051340,0.2081012448,0.2048725503,0.2011747834,0.1969618222,0.1921860263,0.1867616210,0.1805798785,0.1734746555,0.1651793651,0.1552105054,0.1425909731,0.1245011290,0.0624789528
97500.000000,0.2196341677,0.2194479884,0.2189213308,0.2180412658,0.2168042530,0.2151895563,0.2131979675,0.2108239474,0.2080218625,0.2047952265,0.2010997910,0.1968894514,0.1921165831,0.1866954446,0.1805173489,0.1734162160,0.1651255615,0.1551620691,0.1425490037,0.1244677530,0.0624612706
97560.000000,0.2195472038,0.2193611482,0.2188348401,0.2179553579,0.2167191617,0.2151055262,0.2131152392,0.2107427607,0.2079424803,0.2047179027,0.2010247985,0.1968170805,0.1920471398,0.1866292682,0.1804548192,0.1733577765,0.1650717579,0.1551136327,0.1425070342,0.1244343769,0.0624435884
97620.000000,0.2194604957,0.2192745634,0.2187486037,0.2178697023,0.2166343200,0.2150217422,0.2130327526,0.2106618106,0.2078633286,0.2046408027,0.2009500223,0.1967449173,0.1919778947,0.1865632794,0.1803924656,0.1732995001,0.1650181029,0.1550653284,0.1424651775,0.1244010887,0.0624259859
97680.000000,0.2193737877,0.2191879786,0.2186623672,0.2177840467,0.2165494783,0.2149379582,0.2129502661,0.2105808606,0.2077841769,0.2045637027,0.2008752461,0.1966727541,0.1919086496,0.1864972906,0.1803301119,0.1732412236,0.1649644478,0.1550170242,0.1424233207,0.1243678005,0.0624083835
97740.000000,0.2192873343,0.2191016481,0.2185763839,0.2176986423,0.2164648850,0.2148544191,0.2128680201,0.2105001460,0.2077052548,0.2044868255,0.2008006850,0.1966007976,0.1918396016,0.1864314885,0.1802679334,0.1731831095,0.1649109407,0.1549688514,0.1423815762,0.1243345998,0.0623908602
97800.000000,0.2192008810,0.2190153176,0.2184904005,0.2176132378,0.2163802918,0.2147708800,0.2127857741,0.2104194314,0.2076263327,0.2044099483,0.2007261239,0.1965288410,0.1917705537,0.1863656864,0.1802057549,0.1731249953,0.1648574336,0.1549206787,0.1423398316,0.1243013990,0.0623733369
97860.000000,0.2191146812,0.2189292402,0.2184046692,0.2175280834,0.2162959458,0.2146875847,0.2127037677,0.2103389513,0.2075476391,0.2043332929,0.2006517771,0.1964570902,0.1917017021,0.1863000702,0.1801437507,0.1730670427,0.1648040737,0.1548726369,0.1422981988,0.1242682853,0.0623558924
97920.000000,0.2190284813,0.2188431628,0.2183189378,0.2174429290,0.2162115999,0.2146042895,0.2126217612,0.2102584712,0.2074689455,0.2042566375,0.2005774302,0.1963853394,0.1916328505,0.1862344541,0.1800817466,0.1730090902,0.1647507139,0.1548245951,0.1422565659,0.1242351716,0.0623384479
97980.000000,0.2189425339,0.2187573374,0.2182334572,0.2173580235,0.2161275001,0.2145212369,0.2125399931,0.2101782244,0.2073904794,0.2041802029,0.2005032966,0.1963137934,0.1915641944,0.1861690230,0.1800199161,0.1729512985,0.1646975007,0.1547766836,0.1422150443,0.1242021446,0.0623210817
98040.000000,0.2188565864,0.2186715120,0.2181479766,0.2172731179,0.2160434004,0.2144381843,0.2124582251,0.2100979776,0.2073120132,0.2041037683,0.2004291630,0.1962422474,0.1914955383,0.1861035919,0.1799580856,0.1728935068,0.1646442874,0.1547287722,0.1421735227,0.1241691176,0.0623037155
98100.000000,0.2187708901,0.2185859374,0.2180627457,0.2171884601,0.2159595457,0.2143553732,0.2123766943,0.2100179631,0.2072337736,0.2040275535,0.2003552417,0.1961709053,0.1914270767,0.1860383451,0.1798964279,0.1728358752,0.1645912202,0.1546809906,0.1421321118,0.1241361769,0.0622864270
98160.000000,0.2186851939,0.2185003627,0.2179775147,0.2171038023,0.2158756910,0.2142725622,0.2122951636,0.2099379487,0.2071555339,0.2039513386,0.2002813204,0.1960995632,0.1913586151,0.1859730982,0.1798347702,0.1727782437,0.1645381529,0.1546332090,0.1420907009,0.1241032362,0.0622691386
98220.000000,0.2185997477,0.2184150378,0.2178925323,0.2170193911,0.2157920802,0.2141899917,0.2122138691,0.2098581655,0.2070775196,0.2038753426,0.2002076103,0.1960284240,0.1912903472,0.1859080348,0.1797732846,0.1727207716,0.1644852310,0.1545855566,0.1420494003,0.1240703814,0.0622519275
98280.000000,0.2185143015,0.2183297128,0.2178075499,0.2169349799,0.2157084694,0.2141074211,0.2121325746,0.2097783822,0.2069995053,0.2037993465,0.2001339003,0.1959572849,0.1912220794,0.1858429714,0.1797117989,0.1726632995,0.1644323090,0.1545379042,0.1420080996,0.1240375267,0.0622347163
98340.000000,0.2184291042,0.2182446363,0.2177228148,0.2168508142,0.2156251015,0.2140250900,0.2120515153,0.2096988292,0.2069217155,0.2037235683,0.2000604007,0.1958863478,0.1911540043,0.1857780906,0.1796504846,0.1726059862,0.1643795318,0.1544903805,0.1419669088,0.1240047575,0.0622175821
98400.000000,0.2183439069,0.2181595599,0.2176380798,0.2167666485,0.2155417335,0.2139427588,0.2119704560,0.2096192762,0.2068439256,0.2036477901,0.1999869010,0.1958154107,0.1910859292,0.1857132099,0.1795891703,0.1725486728,0.1643267545,0.1544428568,0.1419257180,0.1239719883,0.0622004478
98460.000000,0.2182589574,0.2180747308,0.2175535910,0.2166827272,0.2154586073,0.2138606660,0.2118896308,0.2095399523,0.2067663591,0.2035722286,0.1999136108,0.1957446747,0.1910180462,0.1856485109,0.1795280265,0.1724915176,0.1642741213,0.1543954612,0.1418846364,0.1239393043,0.0621833899
98520.000000,0.2181740080,0.2179899017,0.2174691022,0.2165988058,0.2153754811,0.2137785731,0.2118088056,0.2094606284,0.2066887926,0.2034966672,0.1998403206,0.1956739387,0.1909501631,0.1855838119,0.1794668827,0.1724343623,0.1642214882,0.1543480656,0.1418435549,0.1239066203,0.0621663321
98580.000000,0.2180893051,0.2179053189,0.2173848585,0.2165151277,0.2152925955,0.2136967175,0.2117282134,0.2093815327,0.2066114485,0.2034213216,0.1997672388,0.1956034030,0.1908824711,0.1855192938,0.1794059087,0.1723773643,0.1641689984,0.1543007975,0.1418025822,0.1238740211,0.0621493501
98640.000000,0.2180046023,0.2178207361,0.2173006148,0.2164314496,0.2152097099,0.2136148618,0.2116476213,0.2093024369,0.2065341043,0.2033459760,0.1996941571,0.1955328673,0.1908147791,0.1854547758,0.1793449347,0.1723203664,0.1641165086,0.1542535295,0.1417616095,0.1238414220,0.0621323682
98700.000000,0.2179201450,0.2177363984,0.2172166152,0.2163480137,0.2151270638,0.2135332423,0.2115672611,0.2092235682,0.2064569816,0.2032708453,0.1996212829,0.1954625310,0.1907472774,0.1853904380,0.1792841298,0.1722635251,0.1640641617,0.1542063884,0.1417207451,0.1238089073,0.0621154617
98760.000000,0.2178356877,0.2176520607,0.2171326155,0.2162645777,0.2150444178,0.2134516228,0.2114869009,0.2091446996,0.2063798588,0.2031957146,0.1995484087,0.1953921946,0.1906797757,0.1853261002,0.1792233248,0.1722066838,0.1640118147,0.1541592474,0.1416798808,0.1237763926,0.0620985552
98820.000000,0.2177514748,0.2175679671,0.2170488588,0.2161813828,0.2149620102,0.2133702384,0.2114067717,0.2090660569,0.2063029564,0.2031207978,0.1994757411,0.1953220567,0.1906124634,0.1852619418,0.1791626882,0.1721499985,0.1639596099,0.1541122328,0.1416391244,0.1237439620,0.0620817238
98880.000000,0.2176672619,0.2174838734,0.2169651021,0.2160981879,0.2148796026,0.2132888539,0.2113266424,0.2089874143,0.2062260541,0.2030458810,0.1994030735,0.1952519188,0.1905451511,0.1851977833,0.1791020515,0.1720933132,0.1639074051,0.1540652182,0.1415983679,0.1237115315,0.0620648924
98940.000000,0.2175832923,0.2174000227,0.2168815871,0.2160152330,0.2147974323,0.2132077035,0.2112467431,0.2089089968,0.2061493711,0.2029711771,0.1993306116,0.1951819785,0.1904780274,0.1851338035,0.1790415824,0.1720367831,0.1638553419,0.1540183295,0.1415577189,0.1236791846,0.0620481355
99000.000000,0.2174993228,0.2173161719,0.2167980722,0.2159322780,0.2147152621,0.2131265531,0.2111668438,0.2088305792,0.2060726881,0.2028964733,0.1992581497,0.1951120382,0.1904109037,0.1850698237,0.1789811133,0.1719802531,0.1638032787,0.1539714408,0.1415170699,0.1236468378,0.0620313786
99060.000000,0.2174155954,0.2172325630,0.2167147980,0.2158495620,0.2146333281,0.2130456357,0.2110871733,0.2087523857,0.2059962235,0.2028219814,0.1991858926,0.1950422946,0.1903439677,0.1850060216,0.1789208110,0.1719238777,0.1637513564,0.1539246774,0.1414765279,0.1236145743,0.0620146958
99120.000000,0.2173318681,0.2171489541,0.2166315238,0.2157668459,0.2145513942,0.2129647182,0.2110075028,0.2086741922,0.2059197589,0.2027474896,0.1991136355,0.1949725510,0.1902770317,0.1849422196,0.1788605087,0.1718675023,0.1636994341,0.1538779141,0.1414359859,0.1235823109,0.0619980131
99180.000000,0.2172483819,0.2170655860,0.2165484892,0.2156843676,0.2144696955,0.2128840326,0.2109280602,0.2085962217,0.2058435117,0.2026732087,0.1990415822,0.1949030032,0.1902102826,0.1848785946,0.1788003725,0.1718112808,0.1636476521,0.1538312756,0.1413955504,0.1235501305,0.0619814040
99240.000000,0.2171648956,0.2169822178,0.2164654546,0.2156018894,0.2143879968,0.2128033471,0.2108486176,0.2085182512,0.2057672645,0.2025989279,0.1989695290,0.1948334554,0.1901435335,0.1848149696,0.1787402363,0.1717550593,0.1635958702,0.1537846371,0.1413551148,0.1235179501,0.0619647949
99300.000000,0.2170816495,0.2168990893,0.2163826586,0.2155196479,0.2143065323,0.2127228924,0.2107694018,0.2084405027,0.2056912338,0.2025248572,0.1988976787,0.1947641026,0.1900769705,0.1847515208,0.1786802654,0.1716989911,0.1635442279,0.1537381228,0.1413147854,0.1234858523,0.0619482591
99360.000000,0.2169984033,0.2168159607,0.2162998626,0.2154374063,0.2142250677,0.2126424377,0.2106901860,0.2083627543,0.2056152031,0.2024507865,0.1988258284,0.1946947497,0.1900104075,0.1846880720,0.1786202945,0.1716429229,0.1634925857,0.1536916086,0.1412744559,0.1234537546,0.0619317233
99420.000000,0.2169153960,0.2167330708,0.2162173041,0.2153554005,0.2141438363,0.2125622129,0.2106111960,0.2082852268,0.2055393878,0.2023769250,0.1987541801,0.1946255910,0.1899440297,0.1846247987,0.1785604883,0.1715870072,0.1634410825,0.1536452181,0.1412342321,0.1234217392,0.0619152602
99480.000000,0.2168323888,0.2166501808,0.2161347455,0.2152733946,0.2140626049,0.2124819880,0.2105322060,0.2082076994,0.2054635726,0.2023030634,0.1986825319,0.1945564322,0.1898776520,0.1845615254,0.1785006821,0.1715310916,0.1633895794,0.1535988276,0.1411940083,0.1233897238,0.0618987972
99540.000000,0.2167496194,0.2165675284,0.2160524234,0.2151916233,0.2139816056,0.2124019920,0.2104534407,0.2081303920,0.2053879718,0.2022294101,0.1986110848,0.1944874667,0.1898114586,0.1844984268,0.1784410397,0.1714753279,0.1633382148,0.1535525603,0.1411538896,0.1233577904,0.0618824065
99600.000000,0.2166668501,0.2164848759,0.2159701013,0.2151098521,0.2139006063,0.2123219959,0.2103746755,0.2080530847,0.2053123711,0.2021557568,0.1985396377,0.1944185012,0.1897452653,0.1844353282,0.1783813974,0.1714195642,0.1632868502,0.1535062931,0.1411137709,0.1233258570,0.0618660159
99660.000000,0.2165843175,0.2164024599,0.2158880145,0.2150283144,0.2138198380,0.2122422277,0.2102961341,0.2079759963,0.2052369840,0.2020823108,0.1984683909,0.1943497281,0.1896792556,0.1843724035,0.1783219183,0.1713639518,0.1632356235,0.1534601485,0.1410737570,0.1232940052,0.0618496971
99720.000000,0.2165017850,0.2163200438,0.2158059277,0.2149467767,0.2137390697,0.2121624594,0.2102175926,0.2078989080,0.2051615968,0.2020088649,0.1983971440,0.1942809550,0.1896132460,0.1843094789,0.1782624392,0.1713083394,0.1631843968,0.1534140039,0.1410337430,0.1232621534,0.0618333784
99780.000000,0.2164194882,0.2162378632,0.2157240752,0.2148654715,0.2136585315,0.2120829179,0.2101392740,0.2078220378,0.2050864223,0.2019356253,0.1983260966,0.1942123734,0.1895474191,0.1842467274,0.1782031225,0.1712528775,0.1631333074,0.1533679815,0.1409938333,0.1232303829,0.0618171312
99840.000000,0.2163371914,0.2161556825,0.2156422227,0.2147841663,0.2135779932,0.2120033764,0.2100609553,0.2077451676,0.2050112477,0.2018623857,0.1982550491,0.1941437918,0.1894815922,0.1841839759,0.1781438059,0.1711974157,0.1630822181,0.1533219591,0.1409539236,0.1231986124,0.0618008840
99900.000000,0.2162551293,0.2160737362,0.2155606035,0.2147030926,0.2134976839,0.2119240606,0.2099828585,0.2076685145,0.2049362849,0.2017893516,0.1981842002,0.1940754009,0.1894159474,0.1841213968,0.1780846510,0.1711421039,0.1630312654,0.1532760583,0.1409141177,0.1231669228,0.0617847078
99960.000000,0.2161730672,0.2159917899,0.2154789843,0.2146220188,0.2134173746,0.2118447449,0.2099047616,0.2075918614,0.2048613220,0.2017163175,0.1981133512,0.1940070100,0.1893503025,0.1840588177,0.1780254961,0.1710867920,0.1629803128,0.1532301575,0.1408743118,0.1231352332,0.0617685317
100020.000000,0.2160912388,0.2159100768,0.2153975973,0.2145411756,0.2133372933,0.2117656538,0.2098268856,0.2075154245,0.2047865699,0.2016434879,0.1980426999,0.1939388089,0.1892848389,0.1839964102,0.1779665023,0.1710316295,0.1629294963,0.1531843778,0.1408346093,0.1231036243,0.0617524262
100080.000000,0.2160094103,0.2158283637,0.2153162103,0.2144603323,0.2132572119,0.2116865628,0.2097490095,0.2074389876,0.2047118178,0.2015706584,0.1979720486,0.1938706079,0.1892193753,0.1839340028,0.1779075085,0.1709764670,0.1628786798,0.1531385982,0.1407949069,0.1230720153,0.0617363208
100140.000000,0.2159278145,0.2157468829,0.2152350544,0.2143797184,0.2131773575,0.2116076955,0.2096713533,0.2073627658,0.2046372754,0.2014980325,0.1979015940,0.1938025958,0.1891540921,0.1838717663,0.1778486751,0.1709214531,0.1628279989,0.1530929391,0.1407553073,0.1230404866,0.0617202856
100200.000000,0.2158462187,0.2156654021,0.2151538986,0.2142991045,0.2130975032,0.2115288283,0.2095936971,0.2072865441,0.2045627331,0.2014254067,0.1978311395,0.1937345838,0.1890888089,0.1838095298,0.1777898417,0.1708664393,0.1627773179,0.1530472801,0.1407157078,0.1230089579,0.0617042504
100260.000000,0.2157648544,0.2155841524,0.2150729729,0.2142187190,0.2130178747,0.2114501837,0.2095162597,0.2072105366,0.2044883997,0.2013529836,0.1977608808,0.1936667599,0.1890237053,0.1837474634,0.1777311680,0.1708115734,0.1627267720,0.1530017411,0.1406762108,0.1229775092,0.0616882850
100320.000000,0.2156834901,0.2155029028,0.2149920472,0.2141383336,0.2129382462,0.2113715392,0.2094388224,0.2071345291,0.2044140662,0.2012805605,0.1976906221,0.1935989361,0.1889586018,0.1836853971,0.1776724942,0.1707567076,0.1626762260,0.1529562021,0.1406367137,0.1229460604,0.0616723196
100380.000000,0.2156023564,0.2154218833,0.2149113506,0.2140581755,0.2128588427,0.2112931165,0.2093616029,0.2070587350,0.2043399407,0.2012083393,0.1976205585,0.1935312996,0.1888936771,0.1836235002,0.1776139795,0.1707019892,0.1626258145,0.1529107827,0.1405973188,0.1229146912,0.0616564236
100440.000000,0.2155212227,0.2153408639,0.2148306540,0.2139780173,0.2127794392,0.2112146937,0.2092843834,0.2069829408,0.2042658153,0.2011361181,0.1975504948,0.1934636631,0.1888287524,0.1835616032,0.1775554647,0.1706472707,0.1625754029,0.1528653634,0.1405579238,0.1228833220,0.0616405277
100500.000000,0.2154403185,0.2152600735,0.2147501855,0.2138980856,0.2127002596,0.2111364917,0.2092073808,0.2069073589,0.2041918968,0.2010640979,0.1974806253,0.1933962132,0.1887640058,0.1834998750,0.1774971083,0.1705926991,0.1625251252,0.1528200631,0.1405186306,0.1228520321,0.0616247007
100560.000000,0.2153594143,0.2151792832,0.2146697171,0.2138181539,0.2126210800,0.2110582897,0.2091303783,0.2068317771,0.2041179784,0.2009920777,0.1974107559,0.1933287632,0.1886992592,0.1834381468,0.1774387519,0.1705381274,0.1624748475,0.1527747628,0.1404793373,0.1228207422,0.0616088738
100620.000000,0.2152787386,0.2150987210,0.2145894757,0.2137384475,0.2125421234,0.2109803076,0.2090535917,0.2067564067,0.2040442660,0.2009202575,0.1973410797,0.1932614990,0.1886346899,0.1833765865,0.1773805530,0.1704837018,0.1624247030,0.1527295810,0.1404401452,0.1227895312,0.0615931155
100680.000000,0.2151980628,0.2150181588,0.2145092343,0.2136587411,0.2124631667,0.2109023254,0.2089768051,0.2066810363,0.2039705537,0.2008484374,0.1972714036,0.1931942348,0.1885701205,0.1833150263,0.1773223542,0.1704292763,0.1623745585,0.1526843993,0.1404009531,0.1227583202,0.0615773571
100740.000000,0.2151176146,0.2149378238,0.2144292190,0.2135792591,0.2123844321,0.2108245620,0.2089002335,0.2066058764,0.2038970466,0.2007768166,0.1972019199,0.1931271556,0.1885057278,0.1832536333,0.1772643124,0.1703749963,0.1623245468,0.1526393356,0.1403618619,0.1227271878,0.0615616670
100800.000000,0.2150371664,0.2148574887,0.2143492037,0.2134997771,0.2123056974,0.2107467987,0.2088236619,0.2065307165,0.2038235395,0.2007051957,0.1971324362,0.1930600763,0.1884413350,0.1831922402,0.1772062705,0.1703207162,0.1622745350,0.1525942720,0.1403227706,0.1226960554,0.0615459769
100860.000000,0.2149569446,0.2147773798,0.2142694135,0.2134205185,0.2122271837,0.2106692532,0.2087473044,0.2064557662,0.2037502368,0.2006337732,0.1970631442,0.1929931811,0.1883771180,0.1831310137,0.1771483849,0.1702665811,0.1622246553,0.1525493259,0.1402837797,0.1226650013,0.0615303545
100920.000000,0.2148767229,0.2146972708,0.2141896233,0.2133412598,0.2121486700,0.2105917078,0.2086709468,0.2063808158,0.2036769340,0.2005623507,0.1969938522,0.1929262860,0.1883129010,0.1830697872,0.1770904993,0.1702124459,0.1621747757,0.1525043798,0.1402447889,0.1226339472,0.0615147322
100980.000000,0.2147967266,0.2146173870,0.2141100572,0.2132622236,0.2120703763,0.2105143792,0.2085948024,0.2063060742,0.2036038346,0.2004911257,0.1969247509,0.1928595741,0.1882488590,0.1830087265,0.1770327693,0.1701584551,0.1621250276,0.1524595508,0.1402058979,0.1226029710,0.0614991773
101040.000000,0.2147167304,0.2145375031,0.2140304911,0.2131831873,0.2119920826,0.2104370507,0.2085186580,0.2062313325,0.2035307353,0.2004199007,0.1968556497,0.1927928623,0.1881848170,0.1829476658,0.1769750393,0.1701044642,0.1620752795,0.1524147218,0.1401670070,0.1225719948,0.0614836224
101100.000000,0.2146369586,0.2144578434,0.2139511481,0.2131043725,0.2119140079,0.2103599380,0.2084427258,0.2061567985,0.2034578385,0.2003488723,0.1967867385,0.1927263330,0.1881209492,0.1828867702,0.1769174642,0.1700506169,0.1620256625,0.1523700094,0.1401282156,0.1225410963,0.0614681345
101160.000000,0.2145571868,0.2143781837,0.2138718051,0.2130255577,0.2118359332,0.2102828254,0.2083667936,0.2060822646,0.2033849417,0.2002778439,0.1967178272,0.1926598037,0.1880570815,0.1828258746,0.1768598891,0.1699967697,0.1619760454,0.1523252969,0.1400894242,0.1225101977,0.0614526466
101220.000000,0.2144776385,0.2142987472,0.2137926842,0.2129469633,0.2117580767,0.2102059279,0.2082910726,0.2060079374,0.2033122465,0.2002070113,0.1966491051,0.1925934561,0.1879933873,0.1827651433,0.1768024683,0.1699430655,0.1619265588,0.1522807006,0.1400507320,0.1224793764,0.0614372253
101280.000000,0.2143980903,0.2142193106,0.2137135633,0.2128683689,0.2116802201,0.2101290303,0.2082153517,0.2059336103,0.2032395514,0.2001361787,0.1965803830,0.1925271085,0.1879296930,0.1827044121,0.1767450475,0.1698893613,0.1618770722,0.1522361043,0.1400120397,0.1224485552,0.0614218041
101340.000000,0.2143187645,0.2141400962,0.2136346636,0.2127899940,0.2116025806,0.2100523467,0.2081398411,0.2058594891,0.2031670570,0.2000655410,0.1965118492,0.1924609419,0.1878661715,0.1826438445,0.1766877803,0.1698357996,0.1618277155,0.1521916236,0.1399734462,0.1224178109,0.0614064490
101400.000000,0.2142394388,0.2140608818,0.2135557639,0.2127116191,0.2115249411,0.2099756632,0.2080643304,0.2057853679,0.2030945627,0.1999949034,0.1964433155,0.1923947752,0.1878026500,0.1825832769,0.1766305131,0.1697822378,0.1617783588,0.1521471429,0.1399348527,0.1223870666,0.0613910940
101460.000000,0.2141603345,0.2139818886,0.2134770844,0.2126334627,0.2114475178,0.2098991928,0.2079890292,0.2057114517,0.2030222682,0.1999244598,0.1963749692,0.1923287888,0.1877393006,0.1825228723,0.1765733989,0.1697288179,0.1617291314,0.1521027773,0.1398963574,0.1223563990,0.0613758048
101520.000000,0.2140812303,0.2139028954,0.2133984048,0.2125553062,0.2113700945,0.2098227224,0.2079137280,0.2056375355,0.2029499737,0.1998540162,0.1963066230,0.1922628023,0.1876759511,0.1824624677,0.1765162846,0.1696753980,0.1616799041,0.1520584117,0.1398578622,0.1223257314,0.0613605156
101580.000000,0.2140023467,0.2138241224,0.2133199445,0.2124773674,0.2112928865,0.2097464643,0.2078386353,0.2055638235,0.2028778783,0.1997837658,0.1962384634,0.1921969952,0.1876127729,0.1824022254,0.1764593227,0.1696221193,0.1616308056,0.1520141607,0.1398194649,0.1222951401,0.0613452919
101640.000000,0.2139234630,0.2137453494,0.2132414842,0.2123994285,0.2112156784,0.2096702061,0.2077635426,0.2054901115,0.2028057829,0.1997135155,0.1961703038,0.1921311882,0.1875495947,0.1823419831,0.1764023607,0.1695688405,0.1615817070,0.1519699098,0.1397810676,0.1222645489,0.0613300682
101700.000000,0.2138447990,0.2136667956,0.2131632421,0.2123217063,0.2111386846,0.2095941592,0.2076886575,0.2054166027,0.2027338856,0.1996434575,0.1961023302,0.1920655597,0.1874865870,0.1822819023,0.1763455505,0.1695157025,0.1615327368,0.1519257730,0.1397427677,0.1222340336,0.0613149096
101760.000000,0.2137661349,0.2135882419,0.2130850001,0.2122439840,0.2110616908,0.2095181122,0.2076137724,0.2053430939,0.2026619883,0.1995733996,0.1960343565,0.1919999313,0.1874235793,0.1822218216,0.1762887402,0.1694625644,0.1614837665,0.1518816362,0.1397044679,0.1222035184,0.0612997510
101820.000000,0.2136876895,0.2135099064,0.2130069753,0.2121664774,0.2109849104,0.2094422757,0.2075390940,0.2052697874,0.2025902884,0.1995035332,0.1959665680,0.1919344806,0.1873607415,0.1821619017,0.1762320809,0.1694095664,0.1614349240,0.1518376131,0.1396662651,0.1221730789,0.0612846571
101880.000000,0.2136092441,0.2134315709,0.2129289505,0.2120889708,0.2109081299,0.2093664391,0.2074644155,0.2051964810,0.2025185884,0.1994336668,0.1958987794,0.1918690300,0.1872979036,0.1821019818,0.1761754217,0.1693565683,0.1613860814,0.1517935900,0.1396280624,0.1221426393,0.0612695632
101940.000000,0.2135310164,0.2133534528,0.2128511421,0.2120116789,0.2108315619,0.2092908120,0.2073899429,0.2051233760,0.2024470849,0.1993639912,0.1958311752,0.1918037565,0.1872352348,0.1820422222,0.1761189128,0.1693037097,0.1613373661,0.1517496801,0.1395899563,0.1221122752,0.0612545336
102000.000000,0.2134527887,0.2132753347,0.2127733337,0.2119343870,0.2107549939,0.2092151849,0.2073154703,0.2050502711,0.2023755814,0.1992943155,0.1957635709,0.1917384830,0.1871725660,0.1819824625,0.1760624039,0.1692508511,0.1612886508,0.1517057703,0.1395518503,0.1220819111,0.0612395040
102060.000000,0.2133747777,0.2131974330,0.2126957407,0.2118573089,0.2106786374,0.2091397663,0.2072412025,0.2049773667,0.2023042735,0.1992248298,0.1956961501,0.1916733858,0.1871100656,0.1819228624,0.1760060447,0.1691981314,0.1612400621,0.1516619731,0.1395138405,0.1220516221,0.0612245384
102120.000000,0.2132967668,0.2131195313,0.2126181477,0.2117802308,0.2106022808,0.2090643477,0.2071669348,0.2049044624,0.2022329657,0.1991553441,0.1956287294,0.1916082886,0.1870475652,0.1818632622,0.1759496855,0.1691454117,0.1611914735,0.1516181760,0.1394758307,0.1220213331,0.0612095728
102180.000000,0.2132189716,0.2130418450,0.2125407692,0.2117033656,0.2105261349,0.2089891367,0.2070928711,0.2048317578,0.2021618525,0.1990860475,0.1955614913,0.1915433670,0.1869852324,0.1818038209,0.1758934755,0.1690928302,0.1611430109,0.1515744912,0.1394379169,0.1219911189,0.0611946708
102240.000000,0.2131411764,0.2129641587,0.2124633907,0.2116265003,0.2104499889,0.2089139258,0.2070188074,0.2047590532,0.2020907394,0.1990167509,0.1954942533,0.1914784454,0.1869228996,0.1817443797,0.1758372654,0.1690402488,0.1610945484,0.1515308063,0.1394000030,0.1219609047,0.0611797688
102300.000000,0.2130635961,0.2128866870,0.2123862258,0.2115498470,0.2103740526,0.2088389215,0.2069449468,0.2046865475,0.2020198202,0.1989476425,0.1954271972,0.1914136986,0.1868607338,0.1816850965,0.1757812039,0.1689878050,0.1610462115,0.1514872333,0.1393621846,0.1219307650,0.0611649301
102360.000000,0.2129860158,0.2128092153,0.2123090608,0.2114731937,0.2102981164,0.2087639173,0.2068710862,0.2046140417,0.2019489010,0.1988785342,0.1953601411,0.1913489518,0.1867985679,0.1816258134,0.1757251423,0.1689353612,0.1609978746,0.1514436602,0.1393243662,0.1219006252,0.0611500913
102420.000000,0.2129086494,0.2127319571,0.2122321085,0.2113967514,0.2102223888,0.2086891189,0.2067974279,0.2045417340,0.2018781749,0.1988096134,0.1952932662,0.1912843791,0.1867365683,0.1815666878,0.1756692285,0.1688830546,0.1609496627,0.1514001985,0.1392866430,0.1218705597,0.0611353154
102480.000000,0.2128312831,0.2126546989,0.2121551561,0.2113203091,0.2101466613,0.2086143205,0.2067237696,0.2044694264,0.2018074488,0.1987406925,0.1952263912,0.1912198064,0.1866745686,0.1815075622,0.1756133148,0.1688307479,0.1609014509,0.1513567368,0.1392489197,0.1218404941,0.0611205395
102540.000000,0.2127541297,0.2125776534,0.2120784155,0.2112440768,0.2100711416,0.2085397270,0.2066503126,0.2043973158,0.2017369150,0.1986719584,0.1951596967,0.1911554070,0.1866127345,0.1814485934,0.1755575483,0.1687785778,0.1608533636,0.1513133861,0.1392112912,0.1218105025,0.0611058262
102600.000000,0.2126769763,0.2125006079,0.2120016748,0.2111678446,0.2099956220,0.2084651336,0.2065768557,0.2043252053,0.2016663811,0.1986032242,0.1950930021,0.1910910077,0.1865509004,0.1813896246,0.1755017818,0.1687264077,0.1608052764,0.1512700353,0.1391736626,0.1217805108,0.0610911128
102660.000000,0.2126000350,0.2124237742,0.2119251450,0.2110918216,0.2099203092,0.2083907442,0.2065035992,0.2042532911,0.2015960387,0.1985346759,0.1950264872,0.1910267809,0.1864892310,0.1813308120,0.1754461619,0.1686743736,0.1607573132,0.1512267949,0.1391361284,0.1217505927,0.0610764615
102720.000000,0.2125230937,0.2123469404,0.2118486151,0.2110157986,0.2098449965,0.2083163548,0.2064303428,0.2041813769,0.2015256963,0.1984661277,0.1949599722,0.1909625541,0.1864275617,0.1812719994,0.1753905420,0.1686223395,0.1607093499,0.1511835545,0.1390985942,0.1217206747,0.0610618103
102780.000000,0.2124463636,0.2122703175,0.2117722952,0.2109399839,0.2097698899,0.2082421686,0.2063572860,0.2041096582,0.2014555446,0.1983977645,0.1948936361,0.1908984992,0.1863660565,0.1812133423,0.1753350681,0.1685704407,0.1606615103,0.1511404241,0.1390611539,0.1216908299,0.0610472209
102840.000000,0.2123696335,0.2121936946,0.2116959752,0.2108641691,0.2096947832,0.2081679824,0.2062842292,0.2040379395,0.2013853928,0.1983294013,0.1948273000,0.1908344443,0.1863045513,0.1811546852,0.1752795942,0.1685185420,0.1606136706,0.1510972938,0.1390237137,0.1216609851,0.0610326314
102900.000000,0.2122931136,0.2121172816,0.2116198642,0.2107885618,0.2096198818,0.2080939985,0.2062113712,0.2039664155,0.2013154308,0.1982612224,0.1947611420,0.1907705605,0.1862432095,0.1810961830,0.1752242656,0.1684667781,0.1605659539,0.1510542729,0.1389863670,0.1216312133,0.0610181034
102960.000000,0.2122165937,0.2120408686,0.2115437532,0.2107129544,0.2095449803,0.2080200146,0.2061385133,0.2038948914,0.2012454688,0.1981930435,0.1946949840,0.1907066768,0.1861818677,0.1810376808,0.1751689371,0.1684150142,0.1605182373,0.1510112521,0.1389490203,0.1216014415,0.0610035755
103020.000000,0.2121402832,0.2119646646,0.2114678502,0.2106375536,0.2094702831,0.2079462321,0.2060658532,0.2038235611,0.2011756958,0.1981250481,0.1946290033,0.1906429634,0.1861206887,0.1809793327,0.1751137533,0.1683633846,0.1604706431,0.1509683403,0.1389117668,0.1215717423,0.0609891086
103080.000000,0.2120639727,0.2118884606,0.2113919473,0.2105621528,0.2093955859,0.2078724496,0.2059931932,0.2037522309,0.2011059228,0.1980570527,0.1945630226,0.1905792500,0.1860595096,0.1809209847,0.1750585696,0.1683117550,0.1604230490,0.1509254285,0.1388745132,0.1215420432,0.0609746417
103140.000000,0.2119878706,0.2118124647,0.2113162515,0.2104869575,0.2093210922,0.2077988677,0.2059207302,0.2036810936,0.2010363380,0.1979892401,0.1944972185,0.1905157064,0.1859984926,0.1808627903,0.1750035300,0.1682602592,0.1603755769,0.1508826254,0.1388373525,0.1215124165,0.0609602355
103200.000000,0.2119117686,0.2117364689,0.2112405558,0.2104117623,0.2092465984,0.2077252858,0.2058482673,0.2036099564,0.2009667532,0.1979214274,0.1944314144,0.1904521627,0.1859374756,0.1808045958,0.1749484904,0.1682087633,0.1603281047,0.1508398222,0.1388001918,0.1214827898,0.0609458293
103260.000000,0.2118358740,0.2116606802,0.2111650663,0.2103367718,0.2091723072,0.2076519037,0.2057760006,0.2035390113,0.2008973558,0.1978537967,0.1943657861,0.1903887880,0.1858766199,0.1807465543,0.1748935944,0.1681574006,0.1602807541,0.1507971272,0.1387631235,0.1214532352,0.0609314836
103320.000000,0.2117599795,0.2115848916,0.2110895768,0.2102617813,0.2090980160,0.2075785215,0.2057037339,0.2034680662,0.2008279584,0.1977861660,0.1943001579,0.1903254133,0.1858157643,0.1806885127,0.1748386983,0.1681060378,0.1602334035,0.1507544323,0.1387260552,0.1214236806,0.0609171378
103380.000000,0.2116842917,0.2115093093,0.2110142928,0.2101869946,0.2090239265,0.2075053382,0.2056316626,0.2033973124,0.2007587476,0.1977187165,0.1942347047,0.1902622069,0.1857550693,0.1806306235,0.1747839453,0.1680548077,0.1601861738,0.1507118451,0.1386890790,0.1213941978,0.0609028521
103440.000000,0.2116086038,0.2114337269,0.2109390087,0.2101122080,0.2089498370,0.2074321549,0.2055595914,0.2033265586,0.2006895367,0.1976512670,0.1941692515,0.1901990005,0.1856943743,0.1805727342,0.1747291922,0.1680035776,0.1601389442,0.1506692579,0.1386521028,0.1213647150,0.0608885664
103500.000000,0.2115331218,0.2113583501,0.2108639292,0.2100376243,0.2088759483,0.2073591696,0.2054877147,0.2032559954,0.2006205117,0.1975839979,0.1941039726,0.1901359616,0.1856338394,0.1805149966,0.1746745816,0.1679524796,0.1600918351,0.1506267779,0.1386152182,0.1213353037,0.0608743405
103560.000000,0.2114576397,0.2112829732,0.2107888496,0.2099630407,0.2088020596,0.2072861843,0.2054158380,0.2031854322,0.2005514867,0.1975167288,0.1940386938,0.1900729227,0.1855733044,0.1804572590,0.1746199709,0.1679013816,0.1600447260,0.1505842980,0.1385783337,0.1213058925,0.0608601145
103620.000000,0.2113823625,0.2112078009,0.2107139738,0.2098886591,0.2087283708,0.2072133962,0.2053441550,0.2031150587,0.2004826467,0.1974496394,0.1939735886,0.1900100507,0.1855129288,0.1803996724,0.1745655020,0.1678504151,0.1599977369,0.1505419250,0.1385415404,0.1212765524,0.0608459479
103680.000000,0.2113070854,0.2111326287,0.2106390979,0.2098142776,0.2086546821,0.2071406081,0.2052724721,0.2030446851,0.2004138066,0.1973825499,0.1939084833,0.1899471787,0.1854525532,0.1803420858,0.1745110331,0.1677994486,0.1599507478,0.1504995519,0.1385047472,0.1212472124,0.0608317813
103740.000000,0.2112320122,0.2110576601,0.2105644248,0.2097400973,0.2085811925,0.2070680163,0.2052009821,0.2029745005,0.2003451508,0.1973156394,0.1938435510,0.1898844728,0.1853923362,0.1802846496,0.1744567054,0.1677486130,0.1599038782,0.1504572853,0.1384680449,0.1212179433,0.0608176737
103800.000000,0.2111569391,0.2109826915,0.2104897517,0.2096659170,0.2085077029,0.2069954246,0.2051294921,0.2029043159,0.2002764950,0.1972487289,0.1937786186,0.1898217669,0.1853321193,0.1802272134,0.1744023777,0.1676977775,0.1598570087,0.1504150187,0.1384313426,0.1211886743,0.0608035661
103860.000000,0.2110820691,0.2109079257,0.2104152805,0.2095919371,0.2084344115,0.2069230283,0.2050581942,0.2028343195,0.2002080227,0.1971819964,0.1937138584,0.1897592265,0.1852720603,0.1801699269,0.1743481906,0.1676470724,0.1598102581,0.1503728581,0.1383947309,0.1211594759,0.0607895173
103920.000000,0.2110071991,0.2108331600,0.2103408093,0.2095179572,0.2083611201,0.2068506320,0.2049868963,0.2027643230,0.2001395504,0.1971152640,0.1936490983,0.1896966861,0.1852120014,0.1801126404,0.1742940035,0.1675963673,0.1597635076,0.1503306975,0.1383581192,0.1211302775,0.0607754684
103980.000000,0.2109325314,0.2107585962,0.2102665392,0.2094441768,0.2082880262,0.2067784304,0.2049157898,0.2026945138,0.2000712607,0.1970487090,0.1935845095,0.1896343104,0.1851520998,0.1800555031,0.1742399564,0.1675457922,0.1597168756,0.1502886425,0.1383215977,0.1211011495,0.0607614780
104040.000000,0.2108578637,0.2106840324,0.2101922691,0.2093703965,0.2082149323,0.2067062288,0.2048446832,0.2026247047,0.2000029710,0.1969821540,0.1935199207,0.1895719347,0.1850921982,0.1799983658,0.1741859094,0.1674952170,0.1596702436,0.1502465874,0.1382850762,0.1210720215,0.0607474875
104100.000000,0.2107833975,0.2106096698,0.2101181992,0.2092968148,0.2081420349,0.2066342210,0.2047737671,0.2025550820,0.1999348632,0.1969157756,0.1934555027,0.1895097232,0.1850324533,0.1799413770,0.1741320017,0.1674447712,0.1596237297,0.1502046375,0.1382486445,0.1210429636,0.0607335551
104160.000000,0.2107089312,0.2105353071,0.2100441292,0.2092232331,0.2080691376,0.2065622133,0.2047028510,0.2024854594,0.1998667555,0.1968493973,0.1933910846,0.1894475116,0.1849727084,0.1798843882,0.1740780941,0.1673943253,0.1595772157,0.1501626877,0.1382122128,0.1210139057,0.0607196226
104220.000000,0.2106346655,0.2104611447,0.2099702587,0.2091498493,0.2079964360,0.2064903985,0.2046321246,0.2024160225,0.1997988288,0.1967831948,0.1933268366,0.1893854634,0.1849131196,0.1798275473,0.1740243254,0.1673440084,0.1595308194,0.1501208425,0.1381758707,0.1209849176,0.0607057479
104280.000000,0.2105603999,0.2103869823,0.2098963881,0.2090764655,0.2079237344,0.2064185838,0.2045613982,0.2023465856,0.1997309022,0.1967169923,0.1932625885,0.1893234152,0.1848535307,0.1797707064,0.1739705567,0.1672936914,0.1594844231,0.1500789973,0.1381395285,0.1209559296,0.0606918732
104340.000000,0.2104863339,0.2103130193,0.2098227161,0.2090032787,0.2078512277,0.2063469613,0.2044908607,0.2022773337,0.1996631559,0.1966509650,0.1931985097,0.1892615297,0.1847940973,0.1797140127,0.1739169262,0.1672435027,0.1594381438,0.1500372564,0.1381032755,0.1209270111,0.0606780559
104400.000000,0.2104122680,0.2102390563,0.2097490440,0.2089300920,0.2077787210,0.2062753387,0.2044203231,0.2022080817,0.1995954097,0.1965849377,0.1931344310,0.1891996442,0.1847346638,0.1796573191,0.1738632958,0.1671933141,0.1593918646,0.1499955155,0.1380670224,0.1208980925,0.0606642386
104460.000000,0.2103384009,0.2101652919,0.2096755697,0.2088571014,0.2077064085,0.2062039076,0.2043499737,0.2021390140,0.1995278430,0.1965190848,0.1930705208,0.1891379207,0.1846753851,0.1796007722,0.1738098031,0.1671432532,0.1593457020,0.1499538785,0.1380308582,0.1208692433,0.0606504784
104520.000000,0.2102645338,0.2100915274,0.2096020953,0.2087841108,0.2076340959,0.2061324765,0.2042796243,0.2020699462,0.1994602764,0.1964532320,0.1930066106,0.1890761972,0.1846161064,0.1795442252,0.1737563104,0.1670931923,0.1592995393,0.1499122415,0.1379946939,0.1208403941,0.0606367182
104580.000000,0.2101908648,0.2100179607,0.2095288177,0.2087113155,0.2075619766,0.2060612359,0.2042094621,0.2020010619,0.1993928886,0.1963875528,0.1929428683,0.1890146351,0.1845569819,0.1794878244,0.1737029549,0.1670432587,0.1592534929,0.1498707080,0.1379586181,0.1208116139,0.0606230147
104640.000000,0.2101171957,0.2099443940,0.2094555402,0.2086385203,0.2074898573,0.2059899954,0.2041393000,0.2019321775,0.1993255008,0.1963218736,0.1928791260,0.1889530730,0.1844978573,0.1794314235,0.1736495994,0.1669933251,0.1592074464,0.1498291744,0.1379225423,0.1207828336,0.0606093112
104700.000000,0.2100437239,0.2098710242,0.2093824587,0.2085659196,0.2074179305,0.2059189447,0.2040693244,0.2018634758,0.1992582912,0.1962563674,0.1928155508,0.1888916716,0.1844388862,0.1793751681,0.1735963805,0.1669435183,0.1591615157,0.1497877439,0.1378865545,0.1207541221,0.0605956642
104760.000000,0.2099702521,0.2097976544,0.2093093772,0.2084933188,0.2073460037,0.2058478939,0.2039993488,0.2017947741,0.1991910815,0.1961908612,0.1927519757,0.1888302701,0.1843799150,0.1793189127,0.1735431615,0.1668937114,0.1591155849,0.1497463134,0.1378505667,0.1207254106,0.0605820172
104820.000000,0.2098969767,0.2097244806,0.2092364908,0.2084209118,0.2072742685,0.2057770322,0.2039295589,0.2017262543,0.1991240493,0.1961255273,0.1926885670,0.1887690287,0.1843210968,0.1792628022,0.1734900787,0.1668440308,0.1590697693,0.1497049856,0.1378146667,0.1206967676,0.0605684263
104880.000000,0.2098237012,0.2096513069,0.2091636045,0.2083485048,0.2072025334,0.2057061704,0.2038597690,0.2016577344,0.1990570170,0.1960601934,0.1926251584,0.1887077873,0.1842622785,0.1792066917,0.1734369958,0.1667943502,0.1590239538,0.1496636577,0.1377787666,0.1206681246,0.0605548354
104940.000000,0.2097506213,0.2095783284,0.2090909125,0.2082762907,0.2071309891,0.2056354969,0.2037901641,0.2015893957,0.1989901613,0.1959950310,0.1925619155,0.1886467053,0.1842036124,0.1791507255,0.1733840484,0.1667447953,0.1589782530,0.1496224320,0.1377429539,0.1206395497,0.0605413003
105000.000000,0.2096775414,0.2095053499,0.2090182205,0.2082040767,0.2070594448,0.2055648233,0.2037205591,0.2015210570,0.1989233057,0.1959298686,0.1924986727,0.1885856232,0.1841449464,0.1790947593,0.1733311011,0.1666952404,0.1589325522,0.1495812064,0.1377071413,0.1206109749,0.0605277652
105060.000000,0.2096046562,0.2094325658,0.2089457221,0.2081320546,0.2069880905,0.2054943372,0.2036511384,0.2014528986,0.1988566259,0.1958648770,0.1924355949,0.1885246999,0.1840864319,0.1790389367,0.1732782886,0.1666458107,0.1588869657,0.1495400825,0.1376714156,0.1205824680,0.0605142856
105120.000000,0.2095317710,0.2093597817,0.2088732236,0.2080600326,0.2069167363,0.2054238511,0.2035817176,0.2013847403,0.1987899462,0.1957998854,0.1923725172,0.1884637765,0.1840279174,0.1789831142,0.1732254762,0.1665963810,0.1588413792,0.1494989587,0.1376356900,0.1205539610,0.0605008060
105180.000000,0.2094590798,0.2092871912,0.2088009179,0.2079882019,0.2068455713,0.2053535515,0.2035124803,0.2013167615,0.1987234416,0.1957350640,0.1923096038,0.1884030112,0.1839695539,0.1789274348,0.1731727982,0.1665470760,0.1587959065,0.1494579362,0.1376000510,0.1205255218,0.0604873816
105240.000000,0.2093863885,0.2092146007,0.2087286122,0.2079163712,0.2067744063,0.2052832520,0.2034432429,0.2012487828,0.1986569370,0.1956702425,0.1922466905,0.1883422459,0.1839111904,0.1788717553,0.1731201201,0.1664977710,0.1587504338,0.1494169138,0.1375644120,0.1204970825,0.0604739572
105300.000000,0.2093138904,0.2091422030,0.2086564984,0.2078447310,0.2067034298,0.2052131384,0.2033741882,0.2011809829,0.1985906069,0.1956055905,0.1921839409,0.1882816380,0.1838529772,0.1788162184,0.1730675760,0.1664485902,0.1587050745,0.1493759923,0.1375288594,0.1204687106,0.0604605877
105360.000000,0.2092413922,0.2090698053,0.2085843846,0.2077730907,0.2066324532,0.2051430247,0.2033051335,0.2011131830,0.1985242767,0.1955409385,0.1921211913,0.1882210301,0.1837947640,0.1787606815,0.1730150318,0.1663994094,0.1586597152,0.1493350708,0.1374933067,0.1204403387,0.0604472182
105420.000000,0.2091690863,0.2089975996,0.2085124620,0.2077016402,0.2065616644,0.2050730962,0.2032362607,0.2010455612,0.1984581203,0.1954764551,0.1920586048,0.1881605790,0.1837367006,0.1787052865,0.1729626209,0.1663503523,0.1586144688,0.1492942500,0.1374578401,0.1204120340,0.0604339032
105480.000000,0.2090967804,0.2089253938,0.2084405393,0.2076301896,0.2064908756,0.2050031676,0.2031673879,0.2009779394,0.1983919639,0.1954119718,0.1919960183,0.1881001278,0.1836786371,0.1786498915,0.1729102100,0.1663012953,0.1585692224,0.1492534291,0.1374223735,0.1203837292,0.0604205883
105540.000000,0.2090246660,0.2088533793,0.2083688070,0.2075589280,0.2064202736,0.2049334233,0.2030986962,0.2009104950,0.1983259804,0.1953476565,0.1919335941,0.1880398327,0.1836207228,0.1785946379,0.1728579319,0.1662523614,0.1585240885,0.1492127085,0.1373869925,0.1203554913,0.0604073277
105600.000000,0.2089525516,0.2087813648,0.2082970747,0.2074876663,0.2063496717,0.2048636790,0.2030300045,0.2008430506,0.1982599970,0.1952833412,0.1918711700,0.1879795377,0.1835628084,0.1785393843,0.1728056537,0.1662034275,0.1584789546,0.1491719878,0.1373516115,0.1203272535,0.0603940670
105660.000000,0.2088806279,0.2087095406,0.2082255319,0.2074165928,0.2062792559,0.2047941183,0.2029614932,0.2007757828,0.1981941859,0.1952191932,0.1918089076,0.1879193981,0.1835050426,0.1784842715,0.1727535078,0.1661546163,0.1584339327,0.1491313669,0.1373163158,0.1202990822,0.0603808604
105720.000000,0.2088087042,0.2086377165,0.2081539891,0.2073455192,0.2062088400,0.2047245575,0.2028929819,0.2007085151,0.1981283747,0.1951550452,0.1917466452,0.1878592585,0.1834472768,0.1784291586,0.1727013619,0.1661058051,0.1583889108,0.1490907461,0.1372810202,0.1202709109,0.0603676537
105780.000000,0.2087369704,0.2085660819,0.2080826350,0.2072746330,0.2061386096,0.2046551796,0.2028246502,0.2006414232,0.1980627351,0.1950910638,0.1916845439,0.1877992737,0.1833896588,0.1783741860,0.1726493477,0.1660571161,0.1583440004,0.1490502246,0.1372458095,0.1202428059,0.0603545007
105840.000000,0.2086652366,0.2084944474,0.2080112810,0.2072037468,0.2060683791,0.2045858016,0.2027563186,0.2005743313,0.1979970955,0.1950270825,0.1916224425,0.1877392889,0.1833320409,0.1783192134,0.1725973335,0.1660084271,0.1582990901,0.1490097031,0.1372105988,0.1202147010,0.0603413477
105900.000000,0.2085936919,0.2084230016,0.2079401149,0.2071330472,0.2059983332,0.2045166057,0.2026881658,0.2005074147,0.1979316268,0.1949632671,0.1915605016,0.1876794584,0.1832745702,0.1782643804,0.1725454504,0.1659598598,0.1582542908,0.1489692807,0.1371754728,0.1201866621,0.0603282481
105960.000000,0.2085221472,0.2083515559,0.2078689488,0.2070623475,0.2059282873,0.2044474097,0.2026200130,0.2004404980,0.1978661581,0.1948994516,0.1914985606,0.1876196278,0.1832170996,0.1782095474,0.1724935673,0.1659112926,0.1582094916,0.1489288582,0.1371403467,0.1201586233,0.0603151486
106020.000000,0.2084507908,0.2082802981,0.2077979698,0.2069918336,0.2058584252,0.2043783951,0.2025520383,0.2003737558,0.1978008595,0.1948358015,0.1914367794,0.1875599508,0.1831597756,0.1781548535,0.1724418149,0.1658628465,0.1581648031,0.1488885343,0.1371053050,0.1201306502,0.0603021021
106080.000000,0.2083794344,0.2082090404,0.2077269909,0.2069213197,0.2057885631,0.2043093804,0.2024840636,0.2003070136,0.1977355610,0.1947721513,0.1913749982,0.1875002737,0.1831024517,0.1781001595,0.1723900625,0.1658144005,0.1581201145,0.1488482105,0.1370702633,0.1201026772,0.0602890556
106140.000000,0.2083082656,0.2081379699,0.2076561984,0.2068509908,0.2057188841,0.2042405462,0.2024162664,0.2002404451,0.1976704318,0.1947086658,0.1913133761,0.1874407497,0.1830452738,0.1780456041,0.1723384401,0.1657660752,0.1580755362,0.1488079849,0.1370353056,0.1200747697,0.0602760619
106200.000000,0.2082370967,0.2080668994,0.2075854059,0.2067806620,0.2056492050,0.2041717120,0.2023484692,0.2001738766,0.1976053027,0.1946451802,0.1912517540,0.1873812256,0.1829880959,0.1779910487,0.1722868178,0.1657177499,0.1580309579,0.1487677593,0.1370003479,0.1200468623,0.0602630682
106260.000000,0.2081661146,0.2079960154,0.2075147990,0.2067105173,0.2055797083,0.2041030576,0.2022808486,0.2001074811,0.1975403424,0.1945818586,0.1911902903,0.1873218538,0.1829310636,0.1779366313,0.1722353251,0.1656695448,0.1579864894,0.1487276315,0.1369654738,0.1200190201,0.0602501270
106320.000000,0.2080951325,0.2079251313,0.2074441921,0.2066403727,0.2055102115,0.2040344032,0.2022132280,0.2000410857,0.1974753820,0.1945185369,0.1911288267,0.1872624820,0.1828740312,0.1778822138,0.1721838323,0.1656213398,0.1579420209,0.1486875037,0.1369305997,0.1199911780,0.0602371858
106380.000000,0.2080243364,0.2078544330,0.2073737701,0.2065704115,0.2054408963,0.2039659279,0.2021457834,0.1999748625,0.1974105898,0.1944553785,0.1910675208,0.1872032620,0.1828171438,0.1778279338,0.1721324686,0.1655732545,0.1578976618,0.1486474734,0.1368958090,0.1199634009,0.0602242968
106440.000000,0.2079535403,0.2077837347,0.2073033481,0.2065004503,0.2053715811,0.2038974525,0.2020783388,0.1999086394,0.1973457975,0.1943922201,0.1910062149,0.1871440419,0.1827602564,0.1777736537,0.1720811049,0.1655251693,0.1578533027,0.1486074430,0.1368610183,0.1199356238,0.0602114079
106500.000000,0.2078829294,0.2077132213,0.2072331101,0.2064306719,0.2053024467,0.2038291554,0.2020110694,0.1998425879,0.1972811726,0.1943292243,0.1909450662,0.1870849729,0.1827035133,0.1777195105,0.1720298697,0.1654772033,0.1578090525,0.1485675098,0.1368263106,0.1199079116,0.0601985708
106560.000000,0.2078123185,0.2076427078,0.2071628722,0.2063608934,0.2052333123,0.2037608583,0.2019438000,0.1997765363,0.1972165477,0.1942662284,0.1908839175,0.1870259039,0.1826467702,0.1776653673,0.1719786346,0.1654292373,0.1577648022,0.1485275765,0.1367916028,0.1198801993,0.0601857338
106620.000000,0.2077418921,0.2075723786,0.2070928176,0.2062912970,0.2051643580,0.2036927388,0.2018767051,0.1997106557,0.1971520895,0.1942033945,0.1908229253,0.1869669854,0.1825901708,0.1776113604,0.1719275274,0.1653813902,0.1577206605,0.1484877399,0.1367569778,0.1198525516,0.0601729485
106680.000000,0.2076714656,0.2075020493,0.2070227630,0.2062217005,0.2050954036,0.2036246193,0.2018096102,0.1996447751,0.1970876313,0.1941405606,0.1907619330,0.1869080668,0.1825335714,0.1775573534,0.1718764203,0.1653335431,0.1576765188,0.1484479034,0.1367223528,0.1198249039,0.0601601631
106740.000000,0.2076012229,0.2074319035,0.2069528910,0.2061522852,0.2050266286,0.2035566766,0.2017426892,0.1995790647,0.1970233391,0.1940778879,0.1907010967,0.1868492982,0.1824771152,0.1775034823,0.1718254407,0.1652858143,0.1576324852,0.1484081631,0.1366878101,0.1197973205,0.0601474291
106800.000000,0.2075309802,0.2073617577,0.2068830190,0.2060828700,0.2049578535,0.2034887339,0.2016757681,0.1995133542,0.1969590469,0.1940152152,0.1906402604,0.1867905295,0.1824206591,0.1774496111,0.1717744611,0.1652380855,0.1575884516,0.1483684228,0.1366532674,0.1197697372,0.0601346951
106860.000000,0.2074609204,0.2072917945,0.2068133289,0.2060136352,0.2048892570,0.2034209673,0.2016090201,0.1994478133,0.1968949200,0.1939527031,0.1905795793,0.1867319100,0.1823643454,0.1773958751,0.1717236085,0.1651904746,0.1575445256,0.1483287785,0.1366188068,0.1197422178,0.0601220122
106920.000000,0.2073908606,0.2072218313,0.2067436387,0.2059444004,0.2048206605,0.2033532007,0.2015422720,0.1993822724,0.1968307932,0.1938901910,0.1905188982,0.1866732906,0.1823080318,0.1773421391,0.1716727558,0.1651428638,0.1575005996,0.1482891342,0.1365843462,0.1197146985,0.0601093293
106980.000000,0.2073209829,0.2071520500,0.2066741296,0.2058753454,0.2047522419,0.2032856095,0.2014756964,0.1993169003,0.1967668310,0.1938278389,0.1904583717,0.1866148198,0.1822518602,0.1772885378,0.1716220297,0.1650953703,0.1574567808,0.1482495854,0.1365499673,0.1196872430,0.0600966972
107040.000000,0.2072511053,0.2070822687,0.2066046205,0.2058062903,0.2046838233,0.2032180183,0.2014091208,0.1992515282,0.1967028688,0.1937654868,0.1903978452,0.1865563491,0.1821956887,0.1772349365,0.1715713036,0.1650478768,0.1574129621,0.1482100366,0.1365155884,0.1196597875,0.0600840651
107100.000000,0.2071814092,0.2070126685,0.2065352918,0.2057374143,0.2046155817,0.2031506018,0.2013427168,0.1991863242,0.1966390706,0.1937032939,0.1903374727,0.1864980263,0.1821396585,0.1771814693,0.1715207035,0.1650005003,0.1573692501,0.1481705831,0.1364812909,0.1196323956,0.0600714836
107160.000000,0.2071117130,0.2069430684,0.2064659631,0.2056685382,0.2045473402,0.2030831853,0.2012763128,0.1991211202,0.1965752724,0.1936411011,0.1902771002,0.1864397036,0.1820836284,0.1771280021,0.1714701033,0.1649531238,0.1573255381,0.1481311295,0.1364469934,0.1196050037,0.0600589020
107220.000000,0.2070421975,0.2068736487,0.2063968139,0.2055998405,0.2044792751,0.2030159427,0.2012100798,0.1990560837,0.1965116375,0.1935790669,0.1902168811,0.1863815283,0.1820277391,0.1770746685,0.1714196287,0.1649058637,0.1572819326,0.1480917707,0.1364127771,0.1195776751,0.0600463707
107280.000000,0.2069726820,0.2068042289,0.2063276648,0.2055311427,0.2044112099,0.2029487001,0.2011438468,0.1989910472,0.1964480027,0.1935170327,0.1901566619,0.1863233530,0.1819718498,0.1770213348,0.1713691541,0.1648586037,0.1572383270,0.1480524119,0.1363785607,0.1195503466,0.0600338395
107340.000000,0.2069033465,0.2067349889,0.2062586946,0.2054626224,0.2043433205,0.2028816307,0.2010777841,0.1989261774,0.1963845305,0.1934551565,0.1900965956,0.1862653246,0.1819161009,0.1769681343,0.1713188044,0.1648114597,0.1571948274,0.1480131476,0.1363444251,0.1195230811,0.0600213582
107400.000000,0.2068340110,0.2066657488,0.2061897243,0.2053941022,0.2042754310,0.2028145614,0.2010117214,0.1988613076,0.1963210583,0.1933932803,0.1900365292,0.1862072962,0.1818603519,0.1769149337,0.1712684548,0.1647643157,0.1571513277,0.1479738833,0.1363102895,0.1194958156,0.0600088769
107460.000000,0.2067648547,0.2065966877,0.2061209322,0.2053257588,0.2042077165,0.2027476646,0.2009458282,0.1987966039,0.1962577481,0.1933315615,0.1899766149,0.1861494140,0.1818047427,0.1768618656,0.1712182297,0.1647172873,0.1571079337,0.1479347130,0.1362762344,0.1194686129,0.0599964453
107520.000000,0.2066956984,0.2065276266,0.2060521401,0.2052574153,0.2041400020,0.2026807678,0.2008799351,0.1987319003,0.1961944379,0.1932698427,0.1899167007,0.1860915319,0.1817491335,0.1768087976,0.1711680045,0.1646702588,0.1570645396,0.1478955428,0.1362421792,0.1194414103,0.0599840138
107580.000000,0.2066267206,0.2064587437,0.2059835254,0.2051892480,0.2040724617,0.2026140428,0.2008142108,0.1986673620,0.1961312891,0.1932082806,0.1898569379,0.1860337954,0.1816936635,0.1767558615,0.1711179034,0.1646233455,0.1570212507,0.1478564663,0.1362082043,0.1194142703,0.0599716316
107640.000000,0.2065577428,0.2063898608,0.2059149107,0.2051210807,0.2040049214,0.2025473178,0.2007484866,0.1986028237,0.1960681402,0.1931467185,0.1897971752,0.1859760589,0.1816381935,0.1767029255,0.1710678023,0.1645764322,0.1569779617,0.1478173897,0.1361742293,0.1193871303,0.0599592495
107700.000000,0.2064889427,0.2063211554,0.2058464727,0.2050530887,0.2039375547,0.2024807640,0.2006829305,0.1985384502,0.1960051521,0.1930853125,0.1897375634,0.1859184675,0.1815828621,0.1766501209,0.1710178247,0.1645296336,0.1569347775,0.1477784065,0.1361403342,0.1193600526,0.0599469166
107760.000000,0.2064201427,0.2062524500,0.2057780347,0.2049850967,0.2038701879,0.2024142102,0.2006173745,0.1984740767,0.1959421639,0.1930239065,0.1896779516,0.1858608761,0.1815275307,0.1765973163,0.1709678470,0.1644828349,0.1568915933,0.1477394233,0.1361064391,0.1193329750,0.0599345837
107820.000000,0.2063515197,0.2061839213,0.2057097727,0.2049172794,0.2038029940,0.2023478268,0.2005519860,0.1984098672,0.1958793359,0.1929626560,0.1896184900,0.1858034293,0.1814723374,0.1765446427,0.1709179925,0.1644361505,0.1568485134,0.1477005332,0.1360726236,0.1193059595,0.0599222997
107880.000000,0.2062828967,0.2061153927,0.2056415106,0.2048494621,0.2037358001,0.2022814434,0.2004865975,0.1983456578,0.1958165078,0.1929014055,0.1895590285,0.1857459824,0.1814171442,0.1764919690,0.1708681379,0.1643894660,0.1568054335,0.1476616430,0.1360388080,0.1192789439,0.0599100157
107940.000000,0.2062144500,0.2060470400,0.2055734239,0.2047818188,0.2036687783,0.2022152297,0.2004213758,0.1982816118,0.1957538391,0.1928403098,0.1894997167,0.1856886795,0.1813620884,0.1764394258,0.1708184058,0.1643428954,0.1567624575,0.1476228454,0.1360050717,0.1192519903,0.0598977803
108000.000000,0.2061460033,0.2059786874,0.2055053371,0.2047141755,0.2036017565,0.2021490161,0.2003561541,0.1982175657,0.1956911704,0.1927792141,0.1894404049,0.1856313766,0.1813070327,0.1763868826,0.1707686738,0.1642963247,0.1567194815,0.1475840478,0.1359713354,0.1192250367,0.0598855450
108060.000000,0.2060777323,0.2059105102,0.2054374249,0.2046467054,0.2035349062,0.2020829716,0.2002910986,0.1981536825,0.1956286605,0.1927182727,0.1893812422,0.1855742170,0.1812521139,0.1763344693,0.1707190638,0.1642498674,0.1566766091,0.1475453425,0.1359376780,0.1191981448,0.0598733580
108120.000000,0.2060094612,0.2058423329,0.2053695127,0.2045792353,0.2034680558,0.2020169270,0.2002260431,0.1980897992,0.1955661506,0.1926573313,0.1893220795,0.1855170575,0.1811971951,0.1762820560,0.1706694538,0.1642034100,0.1566337366,0.1475066372,0.1359040207,0.1191712528,0.0598611711
108180.000000,0.2059413650,0.2057743302,0.2053017743,0.2045119377,0.2034013762,0.2019510508,0.2001611532,0.1980260780,0.1955037988,0.1925965434,0.1892630653,0.1854600407,0.1811424128,0.1762297721,0.1706199654,0.1641570656,0.1565909672,0.1474680238,0.1358704419,0.1191444223,0.0598490323
108240.000000,0.2058732688,0.2057063276,0.2052340359,0.2044446402,0.2033346966,0.2018851746,0.2000962632,0.1979623568,0.1954414470,0.1925357556,0.1892040511,0.1854030240,0.1810876305,0.1761774882,0.1705704770,0.1641107211,0.1565481978,0.1474294105,0.1358368632,0.1191175918,0.0598368934
108300.000000,0.2058053469,0.2056384988,0.2051664707,0.2043775145,0.2032681870,0.2018194662,0.2000315380,0.1978987971,0.1953792528,0.1924751208,0.1891451848,0.1853461495,0.1810329841,0.1761253331,0.1705211097,0.1640644891,0.1565055311,0.1473908887,0.1358033628,0.1190908225,0.0598248025
108360.000000,0.2057374249,0.2055706701,0.2050989055,0.2043103888,0.2032016774,0.2017537577,0.1999668129,0.1978352374,0.1953170585,0.1924144860,0.1890863185,0.1852892749,0.1809783377,0.1760731781,0.1704717424,0.1640182570,0.1564628645,0.1473523668,0.1357698625,0.1190640532,0.0598127116
108420.000000,0.2056696764,0.2055030145,0.2050315127,0.2042434343,0.2031353372,0.2016882162,0.1999022519,0.1977718385,0.1952550211,0.1923540035,0.1890275996,0.1852325421,0.1809238266,0.1760211515,0.1704224957,0.1639721370,0.1564203001,0.1473139362,0.1357364401,0.1190373449,0.0598006683
108480.000000,0.2056019279,0.2054353590,0.2049641199,0.2041764798,0.2030689970,0.2016226748,0.1998376909,0.1977084396,0.1951929836,0.1922935211,0.1889688806,0.1851758092,0.1808693156,0.1759691248,0.1703732491,0.1639260170,0.1563777357,0.1472755056,0.1357030178,0.1190106366,0.0597886250
108540.000000,0.2055343521,0.2053678760,0.2048968989,0.2041096957,0.2030028255,0.2015572997,0.1997732935,0.1976452008,0.1951311024,0.1922331904,0.1889103084,0.1851192174,0.1808149394,0.1759172261,0.1703241226,0.1638800085,0.1563352733,0.1472371659,0.1356696732,0.1189839890,0.0597766290
108600.000000,0.2054667764,0.2053003930,0.2048296778,0.2040429116,0.2029366539,0.2014919246,0.1997088960,0.1975819621,0.1950692213,0.1921728597,0.1888517362,0.1850626257,0.1807605632,0.1758653273,0.1702749961,0.1638340001,0.1562928108,0.1471988261,0.1356363286,0.1189573414,0.0597646331
108660.000000,0.2053993728,0.2052330818,0.2047626278,0.2039762973,0.2028706504,0.2014267152,0.1996446614,0.1975188828,0.1950074957,0.1921126802,0.1887933101,0.1850061745,0.1807063213,0.1758135559,0.1702259892,0.1637881027,0.1562504499,0.1471605769,0.1356030615,0.1189307543,0.0597526843
108720.000000,0.2053319692,0.2051657706,0.2046955779,0.2039096831,0.2028046469,0.2013615059,0.1995804268,0.1974558036,0.1949457701,0.1920525007,0.1887348841,0.1849497232,0.1806520793,0.1757617845,0.1701769824,0.1637422054,0.1562080890,0.1471223277,0.1355697943,0.1189041672,0.0597407354
108780.000000,0.2052647369,0.2050986305,0.2046286982,0.2038432379,0.2027388107,0.2012964615,0.1995163545,0.1973928832,0.1948841995,0.1919924718,0.1886766036,0.1848934120,0.1805979712,0.1757101400,0.1701280948,0.1636964188,0.1561658292,0.1470841686,0.1355366043,0.1188776404,0.0597288335
108840.000000,0.2051975047,0.2050314904,0.2045618186,0.2037767927,0.2026729745,0.2012314171,0.1994522821,0.1973299629,0.1948226290,0.1919324428,0.1886183231,0.1848371008,0.1805438631,0.1756584955,0.1700792072,0.1636506321,0.1561235693,0.1470460095,0.1355034144,0.1188511136,0.0597169315
108900.000000,0.2051304432,0.2049645208,0.2044951087,0.2037105160,0.2026073049,0.2011665371,0.1993883713,0.1972672008,0.1947612128,0.1918725639,0.1885601876,0.1847809290,0.1804898882,0.1756069774,0.1700304383,0.1636049558,0.1560814103,0.1470079403,0.1354703012,0.1188246469,0.0597050762
108960.000000,0.2050633817,0.2048975512,0.2044283987,0.2036442392,0.2025416354,0.2011016571,0.1993244604,0.1972044386,0.1946997966,0.1918126849,0.1885020522,0.1847247572,0.1804359133,0.1755554592,0.1699816695,0.1635592794,0.1560392512,0.1469698710,0.1354371881,0.1187981802,0.0596932208
109020.000000,0.2049964902,0.2048307513,0.2043618578,0.2035781302,0.2024761318,0.2010369409,0.1992607105,0.1971418341,0.1946385341,0.1917529553,0.1884440611,0.1846687243,0.1803820711,0.1755040670,0.1699330189,0.1635137129,0.1559971925,0.1469318913,0.1354041516,0.1187717733,0.0596814118
109080.000000,0.2049295987,0.2047639514,0.2042953169,0.2035120212,0.2024106283,0.2009722246,0.1991969606,0.1970792296,0.1945772717,0.1916932258,0.1883860701,0.1846126914,0.1803282289,0.1754526747,0.1698843684,0.1634681464,0.1559551337,0.1468939115,0.1353711151,0.1187453664,0.0596696029
109140.000000,0.2048628765,0.2046973206,0.2042289443,0.2034460793,0.2023452901,0.2009076713,0.1991333710,0.1970167821,0.1945161624,0.1916336450,0.1883282229,0.1845567968,0.1802745190,0.1754014078,0.1698358356,0.1634226892,0.1559131750,0.1468560209,0.1353381548,0.1187190191,0.0596578400
109200.000000,0.2047961543,0.2046306898,0.2041625717,0.2033801373,0.2022799518,0.2008431181,0.1990697814,0.1969543346,0.1944550531,0.1915740642,0.1882703757,0.1845009022,0.1802208090,0.1753501410,0.1697873029,0.1633772321,0.1558712162,0.1468181302,0.1353051945,0.1186926718,0.0596460771
109260.000000,0.2047296008,0.2045642274,0.2040963667,0.2033143618,0.2022147783,0.2007787273,0.1990063514,0.1968920435,0.1943940963,0.1915146316,0.1882126718,0.1844451454,0.1801672307,0.1752989990,0.1697388876,0.1633318840,0.1558293570,0.1467803284,0.1352723103,0.1186663839,0.0596343602
109320.000000,0.2046630474,0.2044977650,0.2040301618,0.2032485863,0.2021496047,0.2007143365,0.1989429214,0.1968297523,0.1943331396,0.1914551990,0.1881549679,0.1843893886,0.1801136524,0.1752478570,0.1696904722,0.1632865359,0.1557874978,0.1467425266,0.1352394260,0.1186400960,0.0596226432
109380.000000,0.2045966618,0.2044314703,0.2039641238,0.2031829765,0.2020845952,0.2006501074,0.1988796504,0.1967676169,0.1942723348,0.1913959140,0.1880974067,0.1843337691,0.1800602053,0.1751968395,0.1696421738,0.1632412964,0.1557457379,0.1467048132,0.1352066175,0.1186138673,0.0596109718
109440.000000,0.2045302763,0.2043651757,0.2038980858,0.2031173667,0.2020195856,0.2005858783,0.1988163794,0.1967054815,0.1942115300,0.1913366290,0.1880398455,0.1842781496,0.1800067582,0.1751458219,0.1695938754,0.1631960569,0.1557039779,0.1466670998,0.1351738090,0.1185876386,0.0595993005
109500.000000,0.2044640582,0.2042990480,0.2038322142,0.2030519220,0.2019547394,0.2005218104,0.1987532668,0.1966435012,0.1941508765,0.1912774910,0.1879824265,0.1842226668,0.1799534417,0.1750949283,0.1695456934,0.1631509255,0.1556623167,0.1466294746,0.1351410759,0.1185614688,0.0595876745
109560.000000,0.2043978400,0.2042329204,0.2037663425,0.2029864773,0.2018898932,0.2004577424,0.1986901542,0.1965815210,0.1940902230,0.1912183531,0.1879250075,0.1841671840,0.1799001253,0.1750440347,0.1694975114,0.1631057941,0.1556206556,0.1465918494,0.1351083427,0.1185352990,0.0595760486
109620.000000,0.2043317884,0.2041669592,0.2037006365,0.2029211971,0.2018252098,0.2003938349,0.1986271993,0.1965196952,0.1940297203,0.1911593616,0.1878677301,0.1841118373,0.1798469389,0.1749932645,0.1694494455,0.1630607705,0.1555790928,0.1465543119,0.1350756848,0.1185091880,0.0595644678
109680.000000,0.2042657369,0.2041009980,0.2036349306,0.2028559168,0.2017605263,0.2003299275,0.1985642444,0.1964578694,0.1939692176,0.1911003700,0.1878104527,0.1840564907,0.1797937526,0.1749424943,0.1694013795,0.1630157468,0.1555375301,0.1465167745,0.1350430268,0.1184830769,0.0595528870
109740.000000,0.2041998514,0.2040352025,0.2035693896,0.2027908003,0.2016960049,0.2002661798,0.1985014467,0.1963961976,0.1939088650,0.1910415244,0.1877533163,0.1840012797,0.1797406960,0.1748918471,0.1693534292,0.1629708305,0.1554960655,0.1464793245,0.1350104437,0.1184570244,0.0595413511
109800.000000,0.2041339658,0.2039694070,0.2035038486,0.2027256838,0.2016314834,0.2002024322,0.1984386489,0.1963345257,0.1938485124,0.1909826788,0.1876961800,0.1839460687,0.1796876393,0.1748411999,0.1693054788,0.1629259142,0.1554546008,0.1464418745,0.1349778606,0.1184309719,0.0595298152
109860.000000,0.2040682456,0.2039037766,0.2034384719,0.2026607305,0.2015671234,0.2001388438,0.1983760076,0.1962730071,0.1937883094,0.1909239784,0.1876391841,0.1838909928,0.1796347117,0.1747906752,0.1692576435,0.1628811048,0.1554132338,0.1464045116,0.1349453521,0.1184049776,0.0595183240
109920.000000,0.2040025254,0.2038381462,0.2033730953,0.2025957771,0.2015027634,0.2000752553,0.1983133664,0.1962114886,0.1937281063,0.1908652781,0.1875821882,0.1838359170,0.1795817842,0.1747401505,0.1692098083,0.1628362954,0.1553718669,0.1463671488,0.1349128436,0.1183789834,0.0595068328
109980.000000,0.2039369699,0.2037726802,0.2033078823,0.2025309862,0.2014385642,0.2000118255,0.1982508810,0.1961501227,0.1936680523,0.1908067225,0.1875253323,0.1837809757,0.1795289853,0.1746897478,0.1691620877,0.1627915925,0.1553305972,0.1463298727,0.1348804094,0.1183530472,0.0594953861
110040.000000,0.2038714144,0.2037072142,0.2032426693,0.2024661953,0.2013743650,0.1999483956,0.1981883956,0.1960887568,0.1936079982,0.1907481669,0.1874684764,0.1837260344,0.1794761864,0.1746393451,0.1691143671,0.1627468897,0.1552893276,0.1462925966,0.1348479751,0.1183271111,0.0594839393
110100.000000,0.2038060228,0.2036419119,0.2031776194,0.2024015662,0.2013103259,0.1998851237,0.1981260655,0.1960275430,0.1935480925,0.1906897554,0.1874117599,0.1836712272,0.1794235156,0.1745890639,0.1690667608,0.1627022929,0.1552481549,0.1462554071,0.1348156150,0.1183012328,0.0594725368
110160.000000,0.2037406313,0.2035766097,0.2031125695,0.2023369372,0.2012462868,0.1998218518,0.1980637354,0.1959663292,0.1934881868,0.1906313440,0.1873550434,0.1836164199,0.1793708448,0.1745387828,0.1690191545,0.1626576961,0.1552069822,0.1462182175,0.1347832548,0.1182753545,0.0594611342
110220.000000,0.2036754032,0.2035114706,0.2030476819,0.2022724693,0.2011824073,0.1997587373,0.1980015599,0.1959052669,0.1934284289,0.1905730761,0.1872984657,0.1835617463,0.1793183017,0.1744886227,0.1689716619,0.1626132050,0.1551659061,0.1461811140,0.1347509683,0.1182495338,0.0594497757
110280.000000,0.2036101751,0.2034463314,0.2029827944,0.2022080015,0.2011185277,0.1996956227,0.1979393844,0.1958442046,0.1933686711,0.1905148083,0.1872418880,0.1835070726,0.1792657585,0.1744384626,0.1689241694,0.1625687139,0.1551248300,0.1461440106,0.1347186819,0.1182237132,0.0594384171
110340.000000,0.2035451096,0.2033813548,0.2029180686,0.2021436942,0.2010548070,0.1996326648,0.1978773630,0.1957832932,0.1933090604,0.1904566834,0.1871854487,0.1834525319,0.1792133425,0.1743884232,0.1688767902,0.1625243281,0.1550838501,0.1461069930,0.1346864690,0.1181979500,0.0594271023
110400.000000,0.2034800442,0.2033163782,0.2028533429,0.2020793869,0.2009910863,0.1995697069,0.1978153416,0.1957223818,0.1932494497,0.1903985586,0.1871290093,0.1833979913,0.1791609265,0.1743383837,0.1688294111,0.1624799423,0.1550428702,0.1460699754,0.1346542560,0.1181721868,0.0594157874
110460.000000,0.2034151409,0.2032515633,0.2027887782,0.2020152395,0.2009275239,0.1995069052,0.1977534736,0.1956616207,0.1931899857,0.1903405763,0.1870727078,0.1833435831,0.1791086372,0.1742884644,0.1687821448,0.1624356614,0.1550019862,0.1460330433,0.1346221163,0.1181464808,0.0594045161
110520.000000,0.2033502376,0.2031867485,0.2027242136,0.2019510921,0.2008639615,0.1994441034,0.1976916056,0.1956008596,0.1931305217,0.1902825940,0.1870164062,0.1832891750,0.1790563478,0.1742385451,0.1687348786,0.1623913805,0.1549611022,0.1459961112,0.1345899765,0.1181207748,0.0593932448
110580.000000,0.2032854957,0.2031220949,0.2026598094,0.2018871040,0.2008005567,0.1993814571,0.1976298905,0.1955402482,0.1930712037,0.1902247535,0.1869602419,0.1832348988,0.1790041846,0.1741887455,0.1686877248,0.1623472041,0.1549203136,0.1459592642,0.1345579097,0.1180951259,0.0593820168
110640.000000,0.2032207538,0.2030574413,0.2025954052,0.2018231159,0.2007371519,0.1993188108,0.1975681753,0.1954796368,0.1930118858,0.1901669131,0.1869040775,0.1831806227,0.1789520214,0.1741389459,0.1686405711,0.1623030277,0.1548795251,0.1459224173,0.1345258429,0.1180694769,0.0593707888
110700.000000,0.2031561728,0.2029929482,0.2025311609,0.2017592865,0.2006739041,0.1992563194,0.1975066124,0.1954191745,0.1929527133,0.1901092141,0.1868480499,0.1831264780,0.1788999839,0.1740892655,0.1685935294,0.1622589554,0.1548388317,0.1458856552,0.1344938487,0.1180438848,0.0593596039
110760.000000,0.2030915917,0.2029284552,0.2024669166,0.2016954571,0.2006106563,0.1991938279,0.1974450495,0.1953587123,0.1928935409,0.1900515150,0.1867920223,0.1830723334,0.1788479464,0.1740395851,0.1685464878,0.1622148830,0.1547981383,0.1458488932,0.1344618546,0.1180182926,0.0593484190
110820.000000,0.2030271708,0.2028641221,0.2024028315,0.2016317857,0.2005475649,0.1991314908,0.1973836382,0.1952983986,0.1928345133,0.1899939568,0.1867361309,0.1830183197,0.1787960341,0.1739900234,0.1684995577,0.1621709144,0.1547575397,0.1458122157,0.1344299328,0.1179927571,0.0593372769
110880.000000,0.2029627499,0.2027997889,0.2023387464,0.2015681144,0.2004844735,0.1990691536,0.1973222270,0.1952380849,0.1927754858,0.1899363986,0.1866802394,0.1829643060,0.1787441218,0.1739404618,0.1684526277,0.1621269458,0.1547169410,0.1457755381,0.1343980110,0.1179672215,0.0593261348
110940.000000,0.2028984886,0.2027356151,0.2022748199,0.2015046004,0.2004215380,0.1990069701,0.1972609667,0.1951779191,0.1927166027,0.1898789807,0.1866244836,0.1829104228,0.1786923342,0.1738910185,0.1684058089,0.1620830805,0.1546764368,0.1457389449,0.1343661614,0.1179417424,0.0593150353
111000.000000,0.2028342272,0.2026714413,0.2022108934,0.2014410865,0.2003586024,0.1989447866,0.1971997065,0.1951177534,0.1926577195,0.1898215627,0.1865687278,0.1828565396,0.1786405466,0.1738415752,0.1683589901,0.1620392152,0.1546359326,0.1457023516,0.1343343118,0.1179162632,0.0593039358
111060.000000,0.2027701248,0.2026074261,0.2021471249,0.2013777294,0.2002958219,0.1988827561,0.1971385968,0.1950577350,0.1925989802,0.1897642845,0.1865131072,0.1828027863,0.1785888832,0.1737922497,0.1683122820,0.1619954528,0.1545955225,0.1456658422,0.1343025340,0.1178908403,0.0592928787
111120.000000,0.2027060224,0.2025434110,0.2020833563,0.2013143722,0.2002330415,0.1988207257,0.1970774870,0.1949977167,0.1925402408,0.1897070063,0.1864574865,0.1827490331,0.1785372198,0.1737429243,0.1682655740,0.1619516904,0.1545551123,0.1456293328,0.1342707562,0.1178654173,0.0592818216
111180.000000,0.2026420783,0.2024795539,0.2020197452,0.2012511713,0.2001704157,0.1987588477,0.1970165271,0.1949378451,0.1924816447,0.1896498673,0.1864020004,0.1826954093,0.1784856802,0.1736937163,0.1682189764,0.1619080305,0.1545147959,0.1455929071,0.1342390500,0.1178400503,0.0592708067
111240.000000,0.2025781342,0.2024156968,0.2019561340,0.2011879704,0.2001077898,0.1986969697,0.1969555673,0.1948779736,0.1924230486,0.1895927282,0.1863465144,0.1826417855,0.1784341406,0.1736445082,0.1681723787,0.1618643707,0.1544744794,0.1455564813,0.1342073439,0.1178146833,0.0592597918
111300.000000,0.2025143478,0.2023519971,0.2018926796,0.2011249250,0.2000453180,0.1986352435,0.1968947567,0.1948182483,0.1923645952,0.1895357279,0.1862911624,0.1825882907,0.1783827243,0.1735954172,0.1681258910,0.1618208129,0.1544342564,0.1455201388,0.1341757090,0.1177893721,0.0592488189
111360.000000,0.2024505614,0.2022882975,0.2018292252,0.2010618797,0.1999828461,0.1985735174,0.1968339461,0.1947585231,0.1923061419,0.1894787275,0.1862358104,0.1825347959,0.1783313079,0.1735463261,0.1680794033,0.1617772552,0.1543940333,0.1454837964,0.1341440742,0.1177640609,0.0592378460
111420.000000,0.2023869320,0.2022247547,0.2017659269,0.2009989893,0.1999205276,0.1985119426,0.1967732842,0.1946989435,0.1922478306,0.1894218652,0.1861805920,0.1824814296,0.1782800144,0.1734973515,0.1680330252,0.1617337993,0.1543539032,0.1454475369,0.1341125104,0.1177388053,0.0592269148
111480.000000,0.2023233027,0.2021612118,0.2017026286,0.2009360989,0.1998582091,0.1984503677,0.1967126223,0.1946393639,0.1921895193,0.1893650030,0.1861253736,0.1824280632,0.1782287209,0.1734483770,0.1679866470,0.1616903433,0.1543137731,0.1454112774,0.1340809466,0.1177135497,0.0592159836
111540.000000,0.2022598298,0.2020978252,0.2016394858,0.2008733630,0.1997960433,0.1983889436,0.1966521086,0.1945799294,0.1921313497,0.1893082783,0.1860702883,0.1823748249,0.1781775497,0.1733995185,0.1679403780,0.1616469887,0.1542737357,0.1453751006,0.1340494536,0.1176883494,0.0592050939
111600.000000,0.2021963569,0.2020344386,0.2015763431,0.2008106270,0.1997338776,0.1983275194,0.1965915948,0.1945204949,0.1920731800,0.1892515536,0.1860152029,0.1823215866,0.1781263785,0.1733506601,0.1678941090,0.1616036341,0.1542336983,0.1453389238,0.1340179607,0.1176631492,0.0591942042
111660.000000,0.2021330398,0.2019712076,0.2015133552,0.2007480448,0.1996718640,0.1982662453,0.1965312287,0.1944612050,0.1920151514,0.1891949660,0.1859602501,0.1822684757,0.1780753292,0.1733019172,0.1678479486,0.1615603805,0.1541937532,0.1453028293,0.1339865382,0.1176380041,0.0591833559
111720.000000,0.2020697227,0.2019079766,0.2014503674,0.2006854626,0.1996098505,0.1982049713,0.1964708625,0.1944019150,0.1919571228,0.1891383784,0.1859052973,0.1822153649,0.1780242799,0.1732531744,0.1678017883,0.1615171269,0.1541538082,0.1452667349,0.1339551158,0.1176128590,0.0591725075
111780.000000,0.2020065609,0.2018449006,0.2013875339,0.2006230335,0.1995479885,0.1981438467,0.1964106433,0.1943427691,0.1918992347,0.1890819273,0.1858504766,0.1821623810,0.1779733520,0.1732045467,0.1677557363,0.1614739739,0.1541139550,0.1452307225,0.1339237637,0.1175877689,0.0591617003
111840.000000,0.2019433991,0.2017818246,0.2013247004,0.2005606045,0.1994861265,0.1980827222,0.1963504241,0.1942836232,0.1918413466,0.1890254762,0.1857956558,0.1821093972,0.1779224241,0.1731559191,0.1677096843,0.1614308210,0.1540741019,0.1451947102,0.1338924116,0.1175626788,0.0591508930
111900.000000,0.2018803920,0.2017189029,0.2012620205,0.2004983281,0.1994244156,0.1980217466,0.1962903513,0.1942246207,0.1917835984,0.1889691611,0.1857409666,0.1820565398,0.1778716172,0.1731074062,0.1676637401,0.1613877682,0.1540343404,0.1451587796,0.1338611295,0.1175376435,0.0591401267
111960.000000,0.2018173848,0.2016559813,0.2011993407,0.2004360516,0.1993627046,0.1979607710,0.1962302786,0.1941656182,0.1917258503,0.1889128460,0.1856862774,0.1820036825,0.1778208102,0.1730588934,0.1676177960,0.1613447155,0.1539945789,0.1451228490,0.1338298474,0.1175126082,0.0591293603
112020.000000,0.2017545316,0.2015932135,0.2011368141,0.2003739272,0.1993011441,0.1978999438,0.1961703517,0.1941067586,0.1916682416,0.1888566664,0.1856317192,0.1819509512,0.1777701238,0.1730104948,0.1675719594,0.1613017626,0.1539549087,0.1450869998,0.1337986351,0.1174876274,0.0591186346
112080.000000,0.2016916785,0.2015304457,0.2010742874,0.2003118027,0.1992395835,0.1978391165,0.1961104248,0.1940478990,0.1916106328,0.1888004868,0.1855771610,0.1818982200,0.1777194373,0.1729620963,0.1675261227,0.1612588097,0.1539152386,0.1450511507,0.1337674228,0.1174626467,0.0591079089
112140.000000,0.2016289788,0.2014678311,0.2010119132,0.2002498297,0.1991781728,0.1977784371,0.1960506431,0.1939891817,0.1915531630,0.1887444422,0.1855227333,0.1818456142,0.1776688709,0.1729138116,0.1674803932,0.1612159563,0.1538756593,0.1450153827,0.1337362800,0.1174377203,0.0590972237
112200.000000,0.2015662791,0.2014052165,0.2009495391,0.2001878566,0.1991167621,0.1977177577,0.1959908615,0.1939304645,0.1914956932,0.1886883975,0.1854683056,0.1817930085,0.1776183045,0.1728655270,0.1674346636,0.1611731029,0.1538360801,0.1449796147,0.1337051372,0.1174127939,0.0590865385
112260.000000,0.2015037323,0.2013427545,0.2008873169,0.2001260344,0.1990555006,0.1976572254,0.1959312246,0.1938718890,0.1914383617,0.1886324873,0.1854140080,0.1817405279,0.1775678577,0.1728173558,0.1673890407,0.1611303487,0.1537965914,0.1449439276,0.1336740637,0.1173879218,0.0590758935
112320.000000,0.2014411854,0.2012802925,0.2008250946,0.2000642122,0.1989942391,0.1975966932,0.1958715878,0.1938133136,0.1913810302,0.1885765771,0.1853597103,0.1816880472,0.1775174108,0.1727691846,0.1673434178,0.1610875944,0.1537571028,0.1449082405,0.1336429901,0.1173630496,0.0590652486
112380.000000,0.2013787909,0.2012179825,0.2007630238,0.2000025402,0.1989331264,0.1975363077,0.1958120951,0.1937548793,0.1913238366,0.1885208009,0.1853055422,0.1816356912,0.1774670831,0.1727211265,0.1672979012,0.1610449389,0.1537177045,0.1448726340,0.1336119856,0.1173382314,0.0590546437
112440.000000,0.2013163963,0.2011556725,0.2007009529,0.1999408682,0.1988720136,0.1974759221,0.1957526024,0.1936964451,0.1912666429,0.1884650246,0.1852513741,0.1815833352,0.1774167554,0.1726730683,0.1672523847,0.1610022834,0.1536783061,0.1448370274,0.1335809811,0.1173134132,0.0590440388
112500.000000,0.2012541534,0.2010935140,0.2006390328,0.1998793459,0.1988110489,0.1974156827,0.1956932533,0.1936381516,0.1912095866,0.1884093818,0.1851973350,0.1815311033,0.1773665464,0.1726251228,0.1672069739,0.1609597262,0.1536389977,0.1448015012,0.1335500454,0.1172886488,0.0590334737
112560.000000,0.2011919104,0.2010313554,0.2005771127,0.1998178236,0.1987500842,0.1973554432,0.1956339042,0.1935798581,0.1911525302,0.1883537389,0.1851432960,0.1814788714,0.1773163374,0.1725771773,0.1671615632,0.1609171691,0.1535996893,0.1447659749,0.1335191097,0.1172638844,0.0590229087
112620.000000,0.2011298186,0.2009693477,0.2005153428,0.1997564504,0.1986892671,0.1972953493,0.1955746982,0.1935217048,0.1910956107,0.1882982290,0.1850893855,0.1814267632,0.1772662466,0.1725293439,0.1671162580,0.1608747100,0.1535604705,0.1447305286,0.1334882425,0.1172391736,0.0590123833
112680.000000,0.2010677268,0.2009073400,0.2004535729,0.1996950771,0.1986284500,0.1972352554,0.1955154922,0.1934635514,0.1910386911,0.1882427191,0.1850354750,0.1813746549,0.1772161558,0.1724815106,0.1670709528,0.1608322508,0.1535212517,0.1446950823,0.1334573753,0.1172144629,0.0590018579
112740.000000,0.2010057855,0.2008454826,0.2003919527,0.1996338524,0.1985677798,0.1971753064,0.1954564287,0.1934055377,0.1909819078,0.1881873415,0.1849816925,0.1813226699,0.1771661827,0.1724337890,0.1670257526,0.1607898894,0.1534821222,0.1446597157,0.1334265763,0.1171898055,0.0589913720
112800.000000,0.2009438442,0.2007836252,0.2003303324,0.1995726277,0.1985071096,0.1971153574,0.1953973652,0.1933475240,0.1909251245,0.1881319640,0.1849279101,0.1812706849,0.1771162097,0.1723860675,0.1669805525,0.1607475279,0.1534429927,0.1446243491,0.1333957774,0.1171651481,0.0589808860
112860.000000,0.2008820528,0.2007219175,0.2002688611,0.1995115509,0.1984465859,0.1970555529,0.1953384438,0.1932896494,0.1908684769,0.1880767184,0.1848742552,0.1812188226,0.1770663540,0.1723384573,0.1669354571,0.1607052637,0.1534039522,0.1445890619,0.1333650465,0.1171405440,0.0589704393
112920.000000,0.2008202614,0.2006602098,0.2002073899,0.1994504741,0.1983860621,0.1969957484,0.1952795223,0.1932317748,0.1908118293,0.1880214728,0.1848206003,0.1811669603,0.1770164984,0.1722908471,0.1668903617,0.1606629996,0.1533649116,0.1445537747,0.1333343156,0.1171159398,0.0589599926
112980.000000,0.2007586193,0.2005986512,0.2001460671,0.1993895447,0.1983256842,0.1969360877,0.1952207422,0.1931740388,0.1907553169,0.1879663586,0.1847670726,0.1811152203,0.1769667596,0.1722433478,0.1668453705,0.1606208323,0.1533259597,0.1445185666,0.1333036524,0.1170913887,0.0589495849
113040.000000,0.2006969773,0.2005370925,0.2000847443,0.1993286153,0.1982653063,0.1968764271,0.1951619622,0.1931163028,0.1906988046,0.1879112444,0.1847135448,0.1810634802,0.1769170208,0.1721958485,0.1668003794,0.1605786651,0.1532870078,0.1444833585,0.1332729893,0.1170668376,0.0589391773
113100.000000,0.2006354840,0.2004756825,0.2000235694,0.1992678328,0.1982050737,0.1968169097,0.1951033230,0.1930587048,0.1906424269,0.1878562611,0.1846601437,0.1810118620,0.1768673985,0.1721484598,0.1667554922,0.1605365944,0.1532481441,0.1444482292,0.1332423937,0.1170423393,0.0589288085
113160.000000,0.2005739908,0.2004142724,0.1999623945,0.1992070502,0.1981448411,0.1967573924,0.1950446839,0.1930011068,0.1905860493,0.1878012778,0.1846067425,0.1809602438,0.1768177762,0.1721010710,0.1667106050,0.1604945237,0.1532092805,0.1444130999,0.1332117981,0.1170178410,0.0589184397
113220.000000,0.2005126457,0.2003530104,0.1999013670,0.1991464138,0.1980847533,0.1966980178,0.1949861851,0.1929436463,0.1905298058,0.1877464249,0.1845534675,0.1809087469,0.1767682699,0.1720537924,0.1666658214,0.1604525493,0.1531705049,0.1443780492,0.1331812698,0.1169933954,0.0589081095
113280.000000,0.2004513007,0.2002917483,0.1998403394,0.1990857775,0.1980246654,0.1966386432,0.1949276863,0.1928861858,0.1904735623,0.1876915720,0.1845001925,0.1808572501,0.1767187636,0.1720065137,0.1666210377,0.1604105748,0.1531317292,0.1443429984,0.1331507415,0.1169689498,0.0588977793
113340.000000,0.2003901033,0.2002306336,0.1997794586,0.1990252869,0.1979647217,0.1965794109,0.1948693273,0.1928288624,0.1904174526,0.1876368490,0.1844470432,0.1808058741,0.1766693729,0.1719593448,0.1665763573,0.1603686962,0.1530930412,0.1443080259,0.1331202802,0.1169445566,0.0588874876
113400.000000,0.2003289058,0.2001695190,0.1997185779,0.1989647962,0.1979047780,0.1965201785,0.1948109684,0.1927715389,0.1903613428,0.1875821260,0.1843938938,0.1807544981,0.1766199822,0.1719121758,0.1665316768,0.1603268176,0.1530543533,0.1442730534,0.1330898190,0.1169201634,0.0588771959
113460.000000,0.2002678555,0.2001085512,0.1996578433,0.1989044507,0.1978449780,0.1964610879,0.1947527487,0.1927143519,0.1903053662,0.1875275325,0.1843408697,0.1807032426,0.1765707067,0.1718651162,0.1664870990,0.1602850345,0.1530157526,0.1442381589,0.1330594245,0.1168958226,0.0588669425
113520.000000,0.2002068052,0.2000475834,0.1995971087,0.1988441052,0.1977851779,0.1964019972,0.1946945291,0.1926571649,0.1902493896,0.1874729390,0.1842878455,0.1806519871,0.1765214312,0.1718180565,0.1664425213,0.1602432515,0.1529771520,0.1442032643,0.1330290301,0.1168714817,0.0588566891
113580.000000,0.2001459014,0.1999867619,0.1995365198,0.1987839043,0.1977255209,0.1963430477,0.1946364482,0.1926001138,0.1901935457,0.1874184744,0.1842349461,0.1806008515,0.1764722704,0.1717711058,0.1663980460,0.1602015635,0.1529386383,0.1441684475,0.1329987022,0.1168471929,0.0588464737
113640.000000,0.2000849976,0.1999259404,0.1994759309,0.1987237033,0.1976658640,0.1962840982,0.1945783673,0.1925430628,0.1901377017,0.1873640098,0.1841820466,0.1805497160,0.1764231096,0.1717241550,0.1663535707,0.1601598756,0.1529001247,0.1441336306,0.1329683743,0.1168229041,0.0588362583
113700.000000,0.2000242397,0.1998652646,0.1994154870,0.1986636465,0.1976063496,0.1962252893,0.1945204247,0.1924861472,0.1900819900,0.1873096736,0.1841292715,0.1804987000,0.1763740630,0.1716773127,0.1663091973,0.1601182825,0.1528616978,0.1440988911,0.1329381128,0.1167986673,0.0588260808
113760.000000,0.1999634819,0.1998045888,0.1993550432,0.1986035896,0.1975468352,0.1961664804,0.1944624820,0.1924292316,0.1900262783,0.1872553375,0.1840764963,0.1804476840,0.1763250165,0.1716304704,0.1662648240,0.1600766894,0.1528232708,0.1440641517,0.1329078512,0.1167744304,0.0588159033
113820.000000,0.1999028695,0.1997440582,0.1992947439,0.1985436762,0.1974874627,0.1961078116,0.1944046771,0.1923724510,0.1899706982,0.1872011293,0.1840238449,0.1803967871,0.1762760839,0.1715837362,0.1662205524,0.1600351907,0.1527849303,0.1440294893,0.1328776558,0.1167502453,0.0588057635
113880.000000,0.1998422570,0.1996835276,0.1992344447,0.1984837628,0.1974280903,0.1960491427,0.1943468722,0.1923156703,0.1899151181,0.1871469211,0.1839711935,0.1803458902,0.1762271513,0.1715370020,0.1661762807,0.1599936921,0.1527465897,0.1439948270,0.1328474603,0.1167260601,0.0587956237
113940.000000,0.1997817895,0.1996231417,0.1991742894,0.1984239923,0.1973688594,0.1959906135,0.1942892045,0.1922590241,0.1898596692,0.1870928404,0.1839186654,0.1802951120,0.1761783321,0.1714903755,0.1661321103,0.1599522875,0.1527083353,0.1439602415,0.1328173307,0.1167019265,0.0587855214
114000.000000,0.1997213219,0.1995627557,0.1991141341,0.1983642219,0.1973096284,0.1959320842,0.1942315368,0.1922023778,0.1898042204,0.1870387598,0.1838661373,0.1802443337,0.1761295130,0.1714437489,0.1660879399,0.1599108830,0.1526700808,0.1439256560,0.1327872012,0.1166777930,0.0587754190
114060.000000,0.1996609986,0.1995025138,0.1990541223,0.1983045938,0.1972505384,0.1958736940,0.1941740057,0.1921458655,0.1897489022,0.1869848061,0.1838137321,0.1801936737,0.1760808068,0.1713972297,0.1660438704,0.1598695722,0.1526319121,0.1438911471,0.1327571372,0.1166537107,0.0587653540
114120.000000,0.1996006753,0.1994422720,0.1989941105,0.1982449658,0.1971914484,0.1958153037,0.1941164747,0.1920893532,0.1896935840,0.1869308524,0.1837613269,0.1801430137,0.1760321007,0.1713507105,0.1659998009,0.1598282614,0.1525937434,0.1438566381,0.1327270732,0.1166296285,0.0587552890
114180.000000,0.1995404958,0.1993821736,0.1989342416,0.1981854796,0.1971324988,0.1957570520,0.1940590798,0.1920329743,0.1896383960,0.1868770253,0.1837090441,0.1800924714,0.1759835071,0.1713042981,0.1659558319,0.1597870441,0.1525556601,0.1438222055,0.1326970746,0.1166055975,0.0587452611
114240.000000,0.1994803163,0.1993220753,0.1988743726,0.1981259934,0.1970735492,0.1956988002,0.1940016850,0.1919765954,0.1895832080,0.1868231982,0.1836567613,0.1800419291,0.1759349136,0.1712578857,0.1659118629,0.1597458268,0.1525175768,0.1437877728,0.1326670761,0.1165815664,0.0587352332
114300.000000,0.1994202800,0.1992621199,0.1988146461,0.1980666485,0.1970147395,0.1956406864,0.1939444258,0.1919203494,0.1895281497,0.1867694971,0.1836046005,0.1799915042,0.1758864323,0.1712115799,0.1658679940,0.1597047025,0.1524795787,0.1437534162,0.1326371426,0.1165575864,0.0587252422
114360.000000,0.1993602437,0.1992021646,0.1987549196,0.1980073037,0.1969559297,0.1955825727,0.1938871666,0.1918641035,0.1894730914,0.1867157960,0.1835524396,0.1799410793,0.1758379510,0.1711652740,0.1658241252,0.1596635783,0.1524415805,0.1437190596,0.1326072092,0.1165336063,0.0587152513
114420.000000,0.1993003501,0.1991423517,0.1986953349,0.1979480996,0.1968972593,0.1955245964,0.1938300425,0.1918079899,0.1894181624,0.1866622206,0.1835004003,0.1798907712,0.1757895814,0.1711190742,0.1657803561,0.1596225468,0.1524036672,0.1436847787,0.1325773407,0.1165096771,0.0587052971
114480.000000,0.1992404565,0.1990825388,0.1986357501,0.1978888955,0.1968385889,0.1954666200,0.1937729184,0.1917518763,0.1893632333,0.1866086451,0.1834483609,0.1798404632,0.1757412119,0.1710728744,0.1657365871,0.1595815153,0.1523657539,0.1436504978,0.1325474722,0.1164857479,0.0586953428
114540.000000,0.1991807050,0.1990228678,0.1985763067,0.1978298317,0.1967800573,0.1954087807,0.1937159290,0.1916958947,0.1893084330,0.1865551948,0.1833964426,0.1797902716,0.1756929537,0.1710267804,0.1656929175,0.1595405762,0.1523279252,0.1436162924,0.1325176684,0.1164618693,0.0586854252
114600.000000,0.1991209535,0.1989631969,0.1985168633,0.1977707679,0.1967215258,0.1953509413,0.1936589396,0.1916399130,0.1892536327,0.1865017444,0.1833445243,0.1797400801,0.1756446955,0.1709806863,0.1656492478,0.1594996371,0.1522900964,0.1435820870,0.1324878646,0.1164379908,0.0586755075
114660.000000,0.1990613436,0.1989036673,0.1984575607,0.1977118439,0.1966631325,0.1952932384,0.1936020843,0.1915840628,0.1891989607,0.1864484187,0.1832927265,0.1796900045,0.1755965483,0.1709346976,0.1656056773,0.1594587901,0.1522523518,0.1435479568,0.1324581253,0.1164141627,0.0586656263
114720.000000,0.1990017338,0.1988441377,0.1983982580,0.1976529198,0.1966047392,0.1952355354,0.1935452290,0.1915282126,0.1891442886,0.1863950931,0.1832409288,0.1796399290,0.1755484011,0.1708887088,0.1655621067,0.1594179430,0.1522146072,0.1435138265,0.1324283860,0.1163903346,0.0586557450
114780.000000,0.1989422649,0.1987847490,0.1983390956,0.1975941350,0.1965464837,0.1951779684,0.1934885074,0.1914724933,0.1890897443,0.1863418916,0.1831892512,0.1795899690,0.1755003644,0.1708428250,0.1655186348,0.1593771878,0.1521769466,0.1434797713,0.1323987109,0.1163665568,0.0586458999
114840.000000,0.1988827961,0.1987253602,0.1982799332,0.1975353501,0.1964882282,0.1951204013,0.1934317858,0.1914167740,0.1890352001,0.1862886901,0.1831375736,0.1795400091,0.1754523277,0.1707969412,0.1654751629,0.1593364325,0.1521392859,0.1434457160,0.1323690358,0.1163427789,0.0586360549
114900.000000,0.1988234679,0.1986661118,0.1982209105,0.1974767039,0.1964301099,0.1950629697,0.1933751972,0.1913611852,0.1889807831,0.1862356123,0.1830860158,0.1794901643,0.1754044012,0.1707511619,0.1654317894,0.1592957686,0.1521017089,0.1434117354,0.1323394247,0.1163190513,0.0586262458
114960.000000,0.1987641396,0.1986068634,0.1981618878,0.1974180578,0.1963719917,0.1950055381,0.1933186087,0.1913055963,0.1889263662,0.1861825346,0.1830344579,0.1794403196,0.1753564747,0.1707053827,0.1653884159,0.1592551048,0.1520641319,0.1433777547,0.1323098136,0.1162953236,0.0586164368
115020.000000,0.1987049513,0.1985477548,0.1981030043,0.1973595498,0.1963140102,0.1949482414,0.1932621528,0.1912501375,0.1888720760,0.1861295801,0.1829830192,0.1793905896,0.1753086579,0.1706597076,0.1653451403,0.1592145320,0.1520266382,0.1433438485,0.1322802663,0.1162716458,0.0586066635
115080.000000,0.1986457631,0.1984886462,0.1980441208,0.1973010418,0.1962560287,0.1948909446,0.1932056970,0.1911946786,0.1888177859,0.1860766256,0.1829315806,0.1793408596,0.1752608411,0.1706140325,0.1653018648,0.1591739592,0.1519891444,0.1433099423,0.1322507190,0.1162479681,0.0585968903
115140.000000,0.1985867143,0.1984296769,0.1979853760,0.1972426715,0.1961981834,0.1948337823,0.1931493732,0.1911393492,0.1887636222,0.1860237940,0.1828802608,0.1792912439,0.1752131336,0.1705684612,0.1652586868,0.1591334772,0.1519517337,0.1432761102,0.1322212353,0.1162243401,0.0585871528
115200.000000,0.1985276655,0.1983707075,0.1979266311,0.1971843011,0.1961403382,0.1947766200,0.1930930495,0.1910840198,0.1887094584,0.1859709623,0.1828289410,0.1792416282,0.1751654262,0.1705228899,0.1652155089,0.1590929951,0.1519143230,0.1432422781,0.1321917515,0.1162007121,0.0585774152
115260.000000,0.1984687557,0.1983118769,0.1978680244,0.1971260679,0.1960826286,0.1947195915,0.1930368574,0.1910288194,0.1886554205,0.1859182530,0.1827777396,0.1791921264,0.1751178277,0.1704774220,0.1651724282,0.1590526035,0.1518769950,0.1432085199,0.1321623311,0.1161771337,0.0585677132
115320.000000,0.1984098459,0.1982530463,0.1978094177,0.1970678347,0.1960249191,0.1946625631,0.1929806653,0.1909736190,0.1886013827,0.1858655438,0.1827265381,0.1791426247,0.1750702292,0.1704319541,0.1651293476,0.1590122119,0.1518396670,0.1431747617,0.1321329107,0.1161535553,0.0585580111
115380.000000,0.1983510746,0.1981943540,0.1977509487,0.1970097382,0.1959673448,0.1946056681,0.1929246044,0.1909185471,0.1885474702,0.1858129564,0.1826754547,0.1790932364,0.1750227392,0.1703865892,0.1650863638,0.1589719104,0.1518024214,0.1431410771,0.1321035535,0.1161300264,0.0585483444
115440.000000,0.1982923032,0.1981356616,0.1976924796,0.1969516416,0.1959097705,0.1945487730,0.1928685435,0.1908634752,0.1884935578,0.1857603690,0.1826243712,0.1790438481,0.1749752492,0.1703412244,0.1650433801,0.1589316089,0.1517651759,0.1431073925,0.1320741962,0.1161064974,0.0585386776
115500.000000,0.1982336698,0.1980771070,0.1976341476,0.1968936811,0.1958523309,0.1944920109,0.1928126132,0.1908085313,0.1884397703,0.1857079031,0.1825734052,0.1789945729,0.1749278674,0.1702959621,0.1650004929,0.1588913971,0.1517280124,0.1430737812,0.1320449018,0.1160830177,0.0585290460
115560.000000,0.1981750364,0.1980185524,0.1975758157,0.1968357207,0.1957948913,0.1944352488,0.1927566830,0.1907535875,0.1883859828,0.1856554372,0.1825224392,0.1789452977,0.1748804855,0.1702506999,0.1649576057,0.1588511854,0.1516908490,0.1430401700,0.1320156074,0.1160595380,0.0585194144
115620.000000,0.1981165404,0.1979601349,0.1975176203,0.1967778959,0.1957375859,0.1943786190,0.1927008829,0.1906987712,0.1883323199,0.1856030923,0.1824715903,0.1788961351,0.1748332114,0.1702055400,0.1649148147,0.1588110631,0.1516537673,0.1430066318,0.1319863757,0.1160361074,0.0585098177
115680.000000,0.1980580443,0.1979017175,0.1974594250,0.1967200710,0.1956802805,0.1943219893,0.1926450828,0.1906439549,0.1882786569,0.1855507474,0.1824207414,0.1788469726,0.1747859373,0.1701603801,0.1648720238,0.1587709408,0.1516166857,0.1429730937,0.1319571439,0.1160126767,0.0585002211
115740.000000,0.1979996852,0.1978434368,0.1974013658,0.1966623813,0.1956231089,0.1942654915,0.1925894125,0.1905892657,0.1882251180,0.1854985231,0.1823700091,0.1787979223,0.1747387706,0.1701153221,0.1648293287,0.1587309076,0.1515796856,0.1429396283,0.1319279747,0.1159892950,0.0584906592
115800.000000,0.1979413261,0.1977851560,0.1973433065,0.1966046915,0.1955659372,0.1942089937,0.1925337421,0.1905345765,0.1881715790,0.1854462987,0.1823192769,0.1787488720,0.1746916038,0.1700702641,0.1647866336,0.1586908745,0.1515426856,0.1429061630,0.1318988054,0.1159659133,0.0584810974
115860.000000,0.1978831034,0.1977270115,0.1972853829,0.1965471364,0.1955088988,0.1941526273,0.1924782010,0.1904800140,0.1881181637,0.1853941945,0.1822686608,0.1786999335,0.1746445441,0.1700253076,0.1647440340,0.1586509301,0.1515057667,0.1428727702,0.1318696984,0.1159425803,0.0584715701
115920.000000,0.1978248807,0.1976688669,0.1972274592,0.1964895813,0.1954518603,0.1940962609,0.1924226598,0.1904254514,0.1880647484,0.1853420903,0.1822180448,0.1786509951,0.1745974843,0.1699803511,0.1647014344,0.1586109857,0.1514688479,0.1428393774,0.1318405914,0.1159192474,0.0584620429
115980.000000,0.1977667939,0.1976108580,0.1971696707,0.1964321603,0.1953949546,0.1940400254,0.1923672474,0.1903710150,0.1880114562,0.1852901058,0.1821675445,0.1786021680,0.1745505311,0.1699354958,0.1646589300,0.1585711299,0.1514320100,0.1428060570,0.1318115463,0.1158959630,0.0584525501
116040.000000,0.1977087071,0.1975528492,0.1971118821,0.1963747392,0.1953380489,0.1939837900,0.1923118351,0.1903165786,0.1879581639,0.1852381213,0.1821170443,0.1785533410,0.1745035779,0.1698906406,0.1646164256,0.1585312740,0.1513951722,0.1427727365,0.1317825013,0.1158726786,0.0584430573
116100.000000,0.1976507556,0.1974949755,0.1970542281,0.1963174518,0.1952812754,0.1939276850,0.1922565510,0.1902622679,0.1879049944,0.1851862560,0.1820666594,0.1785046250,0.1744567308,0.1698458861,0.1645740161,0.1584915063,0.1513584150,0.1427394882,0.1317535181,0.1158494426,0.0584335988
116160.000000,0.1975928042,0.1974371018,0.1969965742,0.1962601644,0.1952245020,0.1938715800,0.1922012668,0.1902079572,0.1878518249,0.1851343908,0.1820162745,0.1784559090,0.1744098838,0.1698011316,0.1645316065,0.1584517386,0.1513216578,0.1427062398,0.1317245349,0.1158262066,0.0584241402
116220.000000,0.1975349876,0.1973793627,0.1969390543,0.1962030101,0.1951678602,0.1938156049,0.1921461105,0.1901537717,0.1877987776,0.1850826443,0.1819660046,0.1784073036,0.1743631426,0.1697564776,0.1644892914,0.1584120588,0.1512849810,0.1426730632,0.1316956133,0.1158030188,0.0584147158
116280.000000,0.1974771711,0.1973216237,0.1968815344,0.1961458558,0.1951112185,0.1937596299,0.1920909542,0.1900995862,0.1877457303,0.1850308978,0.1819157347,0.1783586982,0.1743164014,0.1697118235,0.1644469764,0.1583723789,0.1512483042,0.1426398866,0.1316666917,0.1157798311,0.0584052914
116340.000000,0.1974194889,0.1972640189,0.1968241481,0.1960888341,0.1950547080,0.1937037844,0.1920359252,0.1900455255,0.1876928048,0.1849792698,0.1818655793,0.1783102030,0.1742697656,0.1696672696,0.1644047555,0.1583327867,0.1512117075,0.1426067816,0.1316378314,0.1157566914,0.0583959010
116400.000000,0.1973618067,0.1972064140,0.1967667618,0.1960318124,0.1949981976,0.1936479389,0.1919808963,0.1899914648,0.1876398792,0.1849276417,0.1818154239,0.1782617079,0.1742231298,0.1696227156,0.1643625346,0.1582931944,0.1511751107,0.1425736766,0.1316089711,0.1157335517,0.0583865105
116460.000000,0.1973042585,0.1971489429,0.1967095086,0.1959749229,0.1949418179,0.1935922224,0.1919259941,0.1899375284,0.1875870750,0.1848761315,0.1817653826,0.1782133225,0.1741765990,0.1695782614,0.1643204075,0.1582536893,0.1511385939,0.1425406428,0.1315801720,0.1157104600,0.0583771538
116520.000000,0.1972467102,0.1970914717,0.1966522554,0.1959180334,0.1948854382,0.1935365058,0.1918710920,0.1898835920,0.1875342708,0.1848246214,0.1817153413,0.1781649372,0.1741300682,0.1695338072,0.1642782804,0.1582141843,0.1511020770,0.1425076091,0.1315513730,0.1156873682,0.0583677971
116580.000000,0.1971892953,0.1970341338,0.1965951349,0.1958612755,0.1948291888,0.1934809179,0.1918163163,0.1898297794,0.1874815875,0.1847732288,0.1816654137,0.1781166612,0.1740836421,0.1694894523,0.1642362468,0.1581747661,0.1510656396,0.1424746464,0.1315226348,0.1156643242,0.0583584740
116640.000000,0.1971318804,0.1969767958,0.1965380143,0.1958045176,0.1947729394,0.1934253299,0.1917615406,0.1897759669,0.1874289042,0.1847218361,0.1816154861,0.1780683853,0.1740372160,0.1694450974,0.1641942132,0.1581353480,0.1510292023,0.1424416838,0.1314938967,0.1156412802,0.0583491510
116700.000000,0.1970745984,0.1969195905,0.1964810259,0.1957478908,0.1947168198,0.1933698700,0.1917068908,0.1897222777,0.1873763414,0.1846705606,0.1815656718,0.1780202184,0.1739908942,0.1694008416,0.1641522727,0.1580960165,0.1509928442,0.1424087919,0.1314652192,0.1156182837,0.0583398613
116760.000000,0.1970173164,0.1968623852,0.1964240374,0.1956912641,0.1946607003,0.1933144101,0.1916522410,0.1896685886,0.1873237785,0.1846192851,0.1815158575,0.1779720515,0.1739445724,0.1693565857,0.1641103323,0.1580566850,0.1509564861,0.1423759001,0.1314365418,0.1155952873,0.0583305717
116820.000000,0.1969601669,0.1968053122,0.1963671806,0.1956347680,0.1946047100,0.1932590778,0.1915977167,0.1896150224,0.1872713357,0.1845681262,0.1814661561,0.1779239932,0.1738983545,0.1693124285,0.1640684846,0.1580174398,0.1509202070,0.1423430788,0.1314079249,0.1155723383,0.0583213153
116880.000000,0.1969030173,0.1967482391,0.1963103238,0.1955782720,0.1945487198,0.1932037455,0.1915431924,0.1895614562,0.1872188929,0.1845169673,0.1814164547,0.1778759349,0.1738521365,0.1692682713,0.1640266370,0.1579781946,0.1508839278,0.1423102575,0.1313793081,0.1155493893,0.0583120590
116940.000000,0.1968459997,0.1966912978,0.1962535981,0.1955219061,0.1944928584,0.1931485404,0.1914887931,0.1895080125,0.1871665696,0.1844659246,0.1813668657,0.1778279849,0.1738060221,0.1692242124,0.1639848819,0.1579390354,0.1508477274,0.1422775065,0.1313507515,0.1155264875,0.0583028358
117000.000000,0.1967889820,0.1966343564,0.1961968725,0.1954655403,0.1944369971,0.1930933352,0.1914343938,0.1894545689,0.1871142463,0.1844148820,0.1813172767,0.1777800348,0.1737599077,0.1691801535,0.1639431267,0.1578998762,0.1508115270,0.1422447555,0.1313221949,0.1155035858,0.0582936125
117060.000000,0.1967320958,0.1965775464,0.1961402775,0.1954093042,0.1943812641,0.1930382567,0.1913801190,0.1894012472,0.1870620422,0.1843639552,0.1812677998,0.1777321926,0.1737138965,0.1691361926,0.1639014637,0.1578608027,0.1507754050,0.1422120746,0.1312936985,0.1154807311,0.0582844223
117120.000000,0.1966752096,0.1965207363,0.1960836825,0.1953530680,0.1943255311,0.1929831783,0.1913258443,0.1893479256,0.1870098381,0.1843130283,0.1812183229,0.1776843504,0.1736678853,0.1690922316,0.1638598007,0.1578217291,0.1507392830,0.1421793936,0.1312652020,0.1154578764,0.0582752320
117180.000000,0.1966184544,0.1964640569,0.1960272177,0.1952969611,0.1942699261,0.1929282260,0.1912716936,0.1892947256,0.1869577526,0.1842622169,0.1811689577,0.1776366157,0.1736219768,0.1690483683,0.1638182296,0.1577827410,0.1507032392,0.1421467825,0.1312367654,0.1154350687,0.0582660745
117240.000000,0.1965616991,0.1964073776,0.1959707529,0.1952408543,0.1942143211,0.1928732737,0.1912175430,0.1892415256,0.1869056672,0.1842114054,0.1811195924,0.1775888809,0.1735760684,0.1690045049,0.1637766584,0.1577437529,0.1506671953,0.1421141714,0.1312083289,0.1154122610,0.0582569171
117300.000000,0.1965050744,0.1963508285,0.1959144178,0.1951848762,0.1941588435,0.1928184472,0.1911635160,0.1891884467,0.1868537001,0.1841607090,0.1810703384,0.1775412532,0.1735302624,0.1689607388,0.1637351788,0.1577048499,0.1506312293,0.1420816299,0.1311799520,0.1153895001,0.0582477922
117360.000000,0.1964484496,0.1962942795,0.1958580827,0.1951288981,0.1941033659,0.1927636206,0.1911094890,0.1891353679,0.1868017329,0.1841100125,0.1810210844,0.1774936256,0.1734844563,0.1689169727,0.1636936991,0.1576659469,0.1505952634,0.1420490884,0.1311515752,0.1153667391,0.0582386674
117420.000000,0.1963919549,0.1962378603,0.1958018769,0.1950730483,0.1940480153,0.1927089194,0.1910555852,0.1890824098,0.1867498836,0.1840594306,0.1809719412,0.1774461046,0.1734387524,0.1688733035,0.1636523106,0.1576271287,0.1505593750,0.1420166162,0.1311232578,0.1153440248,0.0582295751
117480.000000,0.1963354601,0.1961814410,0.1957456711,0.1950171985,0.1939926647,0.1926542181,0.1910016814,0.1890294517,0.1866980343,0.1840088487,0.1809227981,0.1773985836,0.1733930484,0.1688296343,0.1636109222,0.1575883104,0.1505234866,0.1419841441,0.1310949404,0.1153213105,0.0582204827
117540.000000,0.1962790949,0.1961251511,0.1956895940,0.1949614765,0.1939374406,0.1925996417,0.1909479003,0.1889766138,0.1866463024,0.1839583809,0.1808737653,0.1773511689,0.1733474461,0.1687860617,0.1635696245,0.1575495767,0.1504876756,0.1419517410,0.1310666823,0.1152986426,0.0582114227
117600.000000,0.1962227297,0.1960688612,0.1956335170,0.1949057545,0.1938822166,0.1925450653,0.1908941193,0.1889237760,0.1865945705,0.1839079132,0.1808247326,0.1773037542,0.1733018438,0.1687424890,0.1635283269,0.1575108430,0.1504518645,0.1419193379,0.1310384242,0.1152759747,0.0582023627
117660.000000,0.1961664935,0.1960127001,0.1955775682,0.1948501599,0.1938271186,0.1924906133,0.1908404606,0.1888710581,0.1865429556,0.1838575592,0.1807758100,0.1772564455,0.1732563429,0.1686990126,0.1634871198,0.1574721934,0.1504161305,0.1418870037,0.1310102252,0.1152533532,0.0581933348
117720.000000,0.1961102574,0.1959565391,0.1955216194,0.1947945654,0.1937720206,0.1924361612,0.1907868018,0.1888183401,0.1864913407,0.1838072051,0.1807268873,0.1772091367,0.1732108419,0.1686555362,0.1634459127,0.1574335439,0.1503803965,0.1418546695,0.1309820262,0.1152307316,0.0581843070
117780.000000,0.1960541498,0.1959005064,0.1954657985,0.1947390977,0.1937170482,0.1923818331,0.1907332649,0.1887657416,0.1864398424,0.1837569644,0.1806780743,0.1771619335,0.1731654419,0.1686121556,0.1634047959,0.1573949783,0.1503447393,0.1418224039,0.1309538861,0.1152081562,0.0581753111
117840.000000,0.1959980422,0.1958444738,0.1954099776,0.1946836300,0.1936620758,0.1923275050,0.1906797281,0.1887131430,0.1863883441,0.1837067237,0.1806292613,0.1771147303,0.1731200419,0.1685687750,0.1633636790,0.1573564126,0.1503090821,0.1417901383,0.1309257460,0.1151855808,0.0581663153
117900.000000,0.1959420628,0.1957885690,0.1953542840,0.1946282888,0.1936072286,0.1922733004,0.1906263126,0.1886606635,0.1863369619,0.1836565959,0.1805805576,0.1770676322,0.1730747425,0.1685254900,0.1633226520,0.1573179306,0.1502735015,0.1417579411,0.1308976645,0.1151630514,0.0581573513
117960.000000,0.1958860833,0.1957326643,0.1952985905,0.1945729475,0.1935523814,0.1922190958,0.1905728972,0.1886081839,0.1862855797,0.1836064682,0.1805318538,0.1770205342,0.1730294431,0.1684822050,0.1632816251,0.1572794486,0.1502379208,0.1417257438,0.1308695831,0.1151405219,0.0581483873
118020.000000,0.1958302315,0.1956768870,0.1952430238,0.1945177323,0.1934976588,0.1921650142,0.1905196027,0.1885558229,0.1862343133,0.1835564529,0.1804832590,0.1769735409,0.1729842440,0.1684390152,0.1632406877,0.1572410499,0.1502024164,0.1416936148,0.1308415601,0.1151180384,0.0581394551
118080.000000,0.1957743797,0.1956211097,0.1951874572,0.1944625170,0.1934429363,0.1921109326,0.1904663082,0.1885034619,0.1861830468,0.1835064376,0.1804346641,0.1769265476,0.1729390449,0.1683958253,0.1631997503,0.1572026512,0.1501669120,0.1416614857,0.1308135371,0.1150955548,0.0581305228
118140.000000,0.1957186551,0.1955654594,0.1951320170,0.1944074273,0.1933883380,0.1920569736,0.1904131343,0.1884512191,0.1861318957,0.1834565345,0.1803861777,0.1768796588,0.1728939456,0.1683527304,0.1631589021,0.1571643355,0.1501314835,0.1416294246,0.1307855724,0.1150731169,0.0581216221
118200.000000,0.1956629305,0.1955098092,0.1950765768,0.1943523376,0.1933337398,0.1920030146,0.1903599604,0.1883989762,0.1860807446,0.1834066313,0.1803376913,0.1768327700,0.1728488463,0.1683096354,0.1631180540,0.1571260198,0.1500960551,0.1415973634,0.1307576078,0.1150506790,0.0581127213
118260.000000,0.1956073326,0.1954542854,0.1950212626,0.1942973730,0.1932792653,0.1919491777,0.1903069066,0.1883468511,0.1860297084,0.1833568398,0.1802893130,0.1767859852,0.1728038466,0.1682666350,0.1630772948,0.1570877868,0.1500607024,0.1415653699,0.1307297011,0.1150282866,0.0581038520
118320.000000,0.1955517347,0.1953987617,0.1949659484,0.1942424083,0.1932247908,0.1918953408,0.1902538528,0.1882947259,0.1859786721,0.1833070484,0.1802409347,0.1767392004,0.1727588469,0.1682236345,0.1630365357,0.1570495539,0.1500253497,0.1415333764,0.1307017945,0.1150058942,0.0580949827
118380.000000,0.1954962631,0.1953433640,0.1949107597,0.1941875683,0.1931704397,0.1918416257,0.1902009186,0.1882427181,0.1859277504,0.1832573682,0.1801926642,0.1766925192,0.1727139464,0.1681807283,0.1629958651,0.1570114034,0.1499900725,0.1415014504,0.1306739458,0.1149835472,0.0580861446
118440.000000,0.1954407915,0.1952879663,0.1948555710,0.1941327283,0.1931160886,0.1917879105,0.1901479845,0.1881907102,0.1858768287,0.1832076881,0.1801443936,0.1766458381,0.1726690459,0.1681378220,0.1629551946,0.1569732529,0.1499547952,0.1414695244,0.1306460971,0.1149612002,0.0580773066
118500.000000,0.1953854457,0.1952326943,0.1948005074,0.1940780125,0.1930618604,0.1917343166,0.1900951696,0.1881388192,0.1858260210,0.1831581188,0.1800962303,0.1765992603,0.1726242442,0.1680950096,0.1629146124,0.1569351845,0.1499195932,0.1414376656,0.1306183060,0.1149388985,0.0580684996
118560.000000,0.1953300999,0.1951774223,0.1947454438,0.1940232967,0.1930076322,0.1916807227,0.1900423548,0.1880869282,0.1857752134,0.1831085496,0.1800480671,0.1765526825,0.1725794425,0.1680521972,0.1628740302,0.1568971162,0.1498843912,0.1414058068,0.1305905150,0.1149165967,0.0580596926
118620.000000,0.1952748795,0.1951222754,0.1946905049,0.1939687046,0.1929535264,0.1916272496,0.1899896587,0.1880351537,0.1857245194,0.1830590909,0.1800000108,0.1765062076,0.1725347392,0.1680094783,0.1628335360,0.1568591297,0.1498492641,0.1413740149,0.1305627815,0.1148943400,0.0580509166
118680.000000,0.1952196591,0.1950671285,0.1946355659,0.1939141125,0.1928994207,0.1915737765,0.1899369626,0.1879833792,0.1856738254,0.1830096321,0.1799519544,0.1764597327,0.1724900360,0.1679667595,0.1627930418,0.1568211432,0.1498141370,0.1413422231,0.1305350479,0.1148720833,0.0580421406
118740.000000,0.1951645636,0.1950121064,0.1945807511,0.1938596436,0.1928454370,0.1915204239,0.1898843850,0.1879317206,0.1856232447,0.1829602835,0.1799040047,0.1764133604,0.1724454309,0.1679241338,0.1627526353,0.1567832383,0.1497790846,0.1413104980,0.1305073717,0.1148498715,0.0580333954
118800.000000,0.1951094680,0.1949570842,0.1945259364,0.1938051748,0.1927914532,0.1914670712,0.1898318073,0.1878800621,0.1855726640,0.1829109349,0.1798560549,0.1763669881,0.1724008259,0.1678815081,0.1627122288,0.1567453334,0.1497440322,0.1412787730,0.1304796954,0.1148276597,0.0580246502
118860.000000,0.1950544970,0.1949021863,0.1944712453,0.1937508288,0.1927375911,0.1914138385,0.1897793476,0.1878285192,0.1855221961,0.1828616960,0.1798082114,0.1763207180,0.1723563186,0.1678389753,0.1626719097,0.1567075098,0.1497090542,0.1412471144,0.1304520763,0.1148054927,0.0580159356
118920.000000,0.1949995259,0.1948472885,0.1944165543,0.1936964829,0.1926837290,0.1913606057,0.1897268879,0.1877769763,0.1854717283,0.1828124572,0.1797603678,0.1762744479,0.1723118113,0.1677964425,0.1626315907,0.1566696862,0.1496740763,0.1412154559,0.1304244571,0.1147833257,0.0580072211
118980.000000,0.1949446789,0.1947925144,0.1943619865,0.1936422593,0.1926299880,0.1913074925,0.1896745458,0.1877255486,0.1854213729,0.1827633276,0.1797126301,0.1762282797,0.1722674014,0.1677540023,0.1625913587,0.1566319436,0.1496391725,0.1411838636,0.1303968949,0.1147612033,0.0579985370
119040.000000,0.1948898318,0.1947377403,0.1943074187,0.1935880357,0.1925762470,0.1912543794,0.1896222036,0.1876741209,0.1853710175,0.1827141981,0.1796648923,0.1761821114,0.1722229916,0.1677115620,0.1625511267,0.1565942011,0.1496042687,0.1411522714,0.1303693326,0.1147390809,0.0579898530
119100.000000,0.1948351084,0.1946830897,0.1942529738,0.1935339341,0.1925226267,0.1912013853,0.1895699786,0.1876228080,0.1853207742,0.1826651775,0.1796172600,0.1761360447,0.1721786788,0.1676692140,0.1625109815,0.1565565392,0.1495694388,0.1411207452,0.1303418271,0.1147170030,0.0579811993
119160.000000,0.1947803849,0.1946284390,0.1941985289,0.1934798324,0.1924690065,0.1911483912,0.1895177536,0.1875714951,0.1852705308,0.1826161569,0.1795696277,0.1760899779,0.1721343661,0.1676268660,0.1624708364,0.1565188774,0.1495346089,0.1410892191,0.1303143216,0.1146949251,0.0579725456
119220.000000,0.1947257845,0.1945739112,0.1941442064,0.1934258523,0.1924155065,0.1910955158,0.1894656452,0.1875202966,0.1852203992,0.1825672448,0.1795221004,0.1760440123,0.1720901501,0.1675846098,0.1624307777,0.1564812960,0.1494998527,0.1410577587,0.1302868726,0.1146728915,0.0579639221
119280.000000,0.1946711842,0.1945193835,0.1940898839,0.1933718722,0.1923620065,0.1910426404,0.1894135369,0.1874690980,0.1851702675,0.1825183328,0.1794745731,0.1759980467,0.1720459341,0.1675423537,0.1623907190,0.1564437147,0.1494650965,0.1410262984,0.1302594236,0.1146508579,0.0579552987
119340.000000,0.1946167065,0.1944649782,0.1940356833,0.1933180132,0.1923086264,0.1909898832,0.1893615449,0.1874180135,0.1851202471,0.1824695290,0.1794271506,0.1759521819,0.1720018146,0.1675001892,0.1623507465,0.1564062135,0.1494304136,0.1409949037,0.1302320309,0.1146288685,0.0579467053
119400.000000,0.1945622288,0.1944105730,0.1939814828,0.1932641542,0.1922552463,0.1909371261,0.1893095529,0.1873669289,0.1850702267,0.1824207251,0.1793797280,0.1759063170,0.1719576950,0.1674580246,0.1623107740,0.1563687123,0.1493957308,0.1409635090,0.1302046383,0.1146068791,0.0579381119
119460.000000,0.1945078734,0.1943562898,0.1939274038,0.1932104158,0.1922019856,0.1908844868,0.1892576768,0.1873159579,0.1850203171,0.1823720290,0.1793324097,0.1758605526,0.1719136715,0.1674159513,0.1622708874,0.1563312910,0.1493611212,0.1409321797,0.1301773017,0.1145849337,0.0579295484
119520.000000,0.1944535179,0.1943020066,0.1938733248,0.1931566775,0.1921487249,0.1908318474,0.1892058006,0.1872649869,0.1849704076,0.1823233330,0.1792850915,0.1758147882,0.1718696481,0.1673738780,0.1622310008,0.1562938697,0.1493265115,0.1409008504,0.1301499652,0.1145629883,0.0579209850
119580.000000,0.1943992843,0.1942478450,0.1938193669,0.1931030593,0.1920955832,0.1907793255,0.1891540399,0.1872141291,0.1849206085,0.1822747443,0.1792378772,0.1757691239,0.1718257203,0.1673318957,0.1621911998,0.1562565281,0.1492919748,0.1408695863,0.1301226847,0.1145410868,0.0579124513
119640.000000,0.1943450507,0.1941936834,0.1937654089,0.1930494412,0.1920424415,0.1907268036,0.1891022793,0.1871632713,0.1848708095,0.1822261557,0.1791906629,0.1757234595,0.1717817926,0.1672899133,0.1621513988,0.1562191864,0.1492574380,0.1408383222,0.1300954041,0.1145191853,0.0579039177
119700.000000,0.1942909384,0.1941396431,0.1937115717,0.1929959429,0.1919894184,0.1906743987,0.1890506336,0.1871125262,0.1848211205,0.1821776741,0.1791435522,0.1756778949,0.1717379603,0.1672480216,0.1621116831,0.1561819241,0.1492229739,0.1408071231,0.1300681793,0.1144973276,0.0578954137
119760.000000,0.1942368262,0.1940856027,0.1936577345,0.1929424445,0.1919363952,0.1906219938,0.1889989880,0.1870617812,0.1847714315,0.1821291924,0.1790964415,0.1756323303,0.1716941280,0.1672061299,0.1620719674,0.1561446618,0.1491885099,0.1407759239,0.1300409545,0.1144754698,0.0578869097
119820.000000,0.1941828349,0.1940316830,0.1936040174,0.1928890655,0.1918834903,0.1905697055,0.1889474571,0.1870111485,0.1847218522,0.1820808175,0.1790494340,0.1755868650,0.1716503908,0.1671643284,0.1620323367,0.1561074786,0.1491541182,0.1407447895,0.1300137853,0.1144536556,0.0578784352
119880.000000,0.1941288435,0.1939777634,0.1935503004,0.1928356866,0.1918305853,0.1905174171,0.1888959261,0.1869605158,0.1846722729,0.1820324425,0.1790024265,0.1755413998,0.1716066535,0.1671225270,0.1619927060,0.1560702954,0.1491197265,0.1407136551,0.1299866161,0.1144318415,0.0578699607
119940.000000,0.1940749727,0.1939239641,0.1934967032,0.1927824265,0.1917777981,0.1904652450,0.1888445094,0.1869099950,0.1846228029,0.1819841738,0.1789555219,0.1754960336,0.1715630110,0.1670808156,0.1619531601,0.1560331910,0.1490854070,0.1406825852,0.1299595023,0.1144100708,0.0578615155
120000.000000,0.1940211019,0.1938701648,0.1934431060,0.1927291665,0.1917250108,0.1904130728,0.1887930926,0.1868594743,0.1845733330,0.1819359052,0.1789086172,0.1754506673,0.1715193686,0.1670391042,0.1619136141,0.1559960866,0.1490510875,0.1406515153,0.1299323885,0.1143883001,0.0578530704
120060.000000,0.1939673512,0.1938164854,0.1933896282,0.1926760250,0.1916723409,0.1903610164,0.1887417897,0.1868090652,0.1845239719,0.1818877424,0.1788618151,0.1754053998,0.1714758205,0.1669974825,0.1618741525,0.1559590608,0.1490168399,0.1406205097,0.1299053299,0.1143665727,0.0578446545
120120.000000,0.1939136005,0.1937628060,0.1933361504,0.1926228835,0.1916196710,0.1903089600,0.1886904869,0.1867586560,0.1844746109,0.1818395796,0.1788150130,0.1753601322,0.1714322724,0.1669558607,0.1618346910,0.1559220349,0.1489825923,0.1405895041,0.1298782713,0.1143448453,0.0578362386
120180.000000,0.1938599694,0.1937092461,0.1932827915,0.1925698601,0.1915671180,0.1902570189,0.1886392974,0.1867083580,0.1844253584,0.1817915224,0.1787683130,0.1753149630,0.1713888185,0.1669143284,0.1617953135,0.1558850873,0.1489484164,0.1405585626,0.1298512677,0.1143231610,0.0578278518
120240.000000,0.1938063383,0.1936556861,0.1932294326,0.1925168367,0.1915145650,0.1902050778,0.1885881080,0.1866580600,0.1843761058,0.1817434652,0.1787216130,0.1752697938,0.1713453645,0.1668727960,0.1617559361,0.1558481398,0.1489142404,0.1405276211,0.1298242642,0.1143014768,0.0578194650
120300.000000,0.1937528265,0.1936022452,0.1931761923,0.1924639309,0.1914621285,0.1901532517,0.1885370315,0.1866078729,0.1843269615,0.1816955131,0.1786750148,0.1752247226,0.1713020043,0.1668313527,0.1617166425,0.1558112702,0.1488801360,0.1404967434,0.1297973154,0.1142798356,0.0578111072
120360.000000,0.1936993146,0.1935488043,0.1931229520,0.1924110252,0.1914096919,0.1901014256,0.1884859551,0.1865576857,0.1842778171,0.1816475610,0.1786284166,0.1751796513,0.1712586441,0.1667899094,0.1616773489,0.1557744006,0.1488460315,0.1404658658,0.1297703667,0.1142581944,0.0578027493
120420.000000,0.1936459216,0.1934954821,0.1930698297,0.1923582368,0.1913573715,0.1900497140,0.1884349913,0.1865076089,0.1842287806,0.1815997138,0.1785819198,0.1751346777,0.1712153773,0.1667485549,0.1616381389,0.1557376088,0.1488119982,0.1404350518,0.1297434726,0.1142365960,0.0577944203
120480.000000,0.1935925286,0.1934421598,0.1930167075,0.1923054483,0.1913050511,0.1899980024,0.1883840276,0.1864575321,0.1841797440,0.1815518665,0.1785354230,0.1750897042,0.1711721105,0.1667072003,0.1615989288,0.1557008169,0.1487779649,0.1404042378,0.1297165786,0.1142149977,0.0577860913
120540.000000,0.1935392539,0.1933889558,0.1929637030,0.1922527767,0.1912528463,0.1899464049,0.1883331760,0.1864075653,0.1841308148,0.1815041237,0.1784890273,0.1750448279,0.1711289369,0.1666659343,0.1615598021,0.1556641026,0.1487440025,0.1403734873,0.1296897390,0.1141934421,0.0577777910
120600.000000,0.1934859793,0.1933357517,0.1929106985,0.1922001051,0.1912006415,0.1898948074,0.1882823245,0.1863575985,0.1840818856,0.1814563808,0.1784426316,0.1749999516,0.1710857632,0.1666246682,0.1615206753,0.1556273882,0.1487100401,0.1403427367,0.1296628994,0.1141718865,0.0577694906
120660.000000,0.1934328226,0.1932826654,0.1928578113,0.1921475499,0.1911485520,0.1898433237,0.1882315848,0.1863077413,0.1840330635,0.1814087421,0.1783963366,0.1749551723,0.1710426824,0.1665834902,0.1614816315,0.1555907511,0.1486761485,0.1403120494,0.1296361141,0.1141503735,0.0577612188
120720.000000,0.1933796659,0.1932295792,0.1928049240,0.1920949947,0.1910964624,0.1897918399,0.1881808451,0.1862578842,0.1839842414,0.1813611033,0.1783500417,0.1749103930,0.1709996015,0.1665423123,0.1614425877,0.1555541139,0.1486422568,0.1402813621,0.1296093288,0.1141288606,0.0577529471
120780.000000,0.1933266268,0.1931766103,0.1927521537,0.1920425556,0.1910444878,0.1897404695,0.1881302168,0.1862081363,0.1839355259,0.1813135682,0.1783038471,0.1748657103,0.1709566131,0.1665012222,0.1614036266,0.1555175537,0.1486084357,0.1402507378,0.1295825977,0.1141073900,0.0577447037
120840.000000,0.1932735876,0.1931236414,0.1926993833,0.1919901165,0.1909925131,0.1896890991,0.1880795886,0.1861583883,0.1838868104,0.1812660332,0.1782576524,0.1748210277,0.1709136247,0.1664601321,0.1613646655,0.1554809935,0.1485746145,0.1402201135,0.1295558665,0.1140859195,0.0577364603
120900.000000,0.1932206656,0.1930707894,0.1926467294,0.1919377930,0.1909406529,0.1896378416,0.1880290714,0.1861087493,0.1838382011,0.1812186014,0.1782115579,0.1747764413,0.1708707285,0.1664191295,0.1613257868,0.1554445100,0.1485408635,0.1401895520,0.1295291893,0.1140644913,0.0577282453
120960.000000,0.1931677436,0.1930179375,0.1925940755,0.1918854694,0.1908887927,0.1895865841,0.1879785542,0.1860591102,0.1837895919,0.1811711697,0.1781654633,0.1747318549,0.1708278323,0.1663781270,0.1612869081,0.1554080265,0.1485071126,0.1401589905,0.1295025120,0.1140430631,0.0577200302
121020.000000,0.1931149384,0.1929652021,0.1925415376,0.1918332611,0.1908370465,0.1895354391,0.1879281477,0.1860095796,0.1837410886,0.1811238410,0.1781194684,0.1746873645,0.1707850279,0.1663372117,0.1612481116,0.1553716194,0.1484734316,0.1401284916,0.1294758886,0.1140216771,0.0577118433
121080.000000,0.1930621331,0.1929124667,0.1924889998,0.1917810528,0.1907853003,0.1894842941,0.1878777412,0.1859600490,0.1836925853,0.1810765122,0.1780734735,0.1746428741,0.1707422235,0.1662962964,0.1612093150,0.1553352123,0.1484397506,0.1400979927,0.1294492651,0.1140002911,0.0577036563
121140.000000,0.1930094441,0.1928598475,0.1924365775,0.1917289593,0.1907336678,0.1894332613,0.1878274450,0.1859106265,0.1836441875,0.1810292861,0.1780275779,0.1745984794,0.1706995106,0.1662554680,0.1611706003,0.1552988814,0.1484061394,0.1400675562,0.1294226952,0.1139789471,0.0576954974
121200.000000,0.1929567552,0.1928072282,0.1923841553,0.1916768658,0.1906820352,0.1893822285,0.1877771488,0.1858612040,0.1835957897,0.1809820600,0.1779816823,0.1745540846,0.1706567977,0.1662146396,0.1611318856,0.1552625505,0.1483725282,0.1400371197,0.1293961253,0.1139576031,0.0576873385
121260.000000,0.1929041821,0.1927547247,0.1923318483,0.1916248867,0.1906305160,0.1893313074,0.1877269624,0.1858118892,0.1835474971,0.1809349361,0.1779358857,0.1745097851,0.1706141760,0.1661738979,0.1610932525,0.1552262954,0.1483389865,0.1400067453,0.1293696089,0.1139363011,0.0576792075
121320.000000,0.1928516091,0.1927022212,0.1922795413,0.1915729077,0.1905789967,0.1892803863,0.1876767761,0.1857625744,0.1834992045,0.1808878123,0.1778900891,0.1744654857,0.1705715544,0.1661331562,0.1610546193,0.1551900404,0.1483054449,0.1399763710,0.1293430924,0.1139149990,0.0576710765
121380.000000,0.1927991515,0.1926498330,0.1922273492,0.1915210426,0.1905275903,0.1892295765,0.1876266993,0.1857133670,0.1834510167,0.1808407903,0.1778443911,0.1744212812,0.1705290236,0.1660925008,0.1610160675,0.1551538611,0.1482719725,0.1399460586,0.1293166292,0.1138937387,0.0576629732
121440.000000,0.1927466940,0.1925974448,0.1921751570,0.1914691775,0.1904761838,0.1891787668,0.1875766225,0.1856641596,0.1834028289,0.1807937684,0.1777986932,0.1743770767,0.1704864928,0.1660518454,0.1609775157,0.1551176817,0.1482385001,0.1399157463,0.1292901659,0.1138724784,0.0576548700
121500.000000,0.1926943515,0.1925451715,0.1921230793,0.1914174260,0.1904248898,0.1891280680,0.1875266548,0.1856150591,0.1833547456,0.1807468480,0.1777530935,0.1743329669,0.1704440526,0.1660112761,0.1609390449,0.1550815777,0.1482050967,0.1398854957,0.1292637557,0.1138512598,0.0576467944
121560.000000,0.1926420091,0.1924928983,0.1920710016,0.1913656745,0.1903735959,0.1890773692,0.1874766871,0.1855659586,0.1833066622,0.1806999276,0.1777074939,0.1742888570,0.1704016124,0.1659707068,0.1609005740,0.1550454738,0.1481716934,0.1398552451,0.1292373455,0.1138300411,0.0576387187
121620.000000,0.1925897813,0.1924407395,0.1920190379,0.1913140363,0.1903224140,0.1890267811,0.1874268282,0.1855169648,0.1832586829,0.1806531084,0.1776619922,0.1742448415,0.1703592625,0.1659302232,0.1608621840,0.1550094449,0.1481383589,0.1398250560,0.1292109882,0.1138088640,0.0576306706
121680.000000,0.1925375535,0.1923885807,0.1919670742,0.1912623980,0.1902712321,0.1889761929,0.1873769693,0.1854679709,0.1832107036,0.1806062892,0.1776164905,0.1742008260,0.1703169125,0.1658897397,0.1608237939,0.1549734161,0.1481050244,0.1397948670,0.1291846309,0.1137876869,0.0576226225
121740.000000,0.1924854401,0.1923365361,0.1919152241,0.1912108726,0.1902201618,0.1889257148,0.1873272188,0.1854190833,0.1831628281,0.1805595709,0.1775710865,0.1741569045,0.1702746526,0.1658493416,0.1607854843,0.1549374622,0.1480717585,0.1397647393,0.1291583263,0.1137665511,0.0576146018
121800.000000,0.1924333266,0.1922844915,0.1918633740,0.1911593471,0.1901690916,0.1888752368,0.1872774682,0.1853701956,0.1831149525,0.1805128526,0.1775256824,0.1741129830,0.1702323926,0.1658089435,0.1607471747,0.1549015082,0.1480384925,0.1397346116,0.1291320217,0.1137454153,0.0576065810
121860.000000,0.1923813270,0.1922325606,0.1918116372,0.1911079341,0.1901181326,0.1888248686,0.1872278257,0.1853214138,0.1830671803,0.1804662348,0.1774803756,0.1740691551,0.1701902223,0.1657686305,0.1607089453,0.1548656289,0.1480052950,0.1397045451,0.1291057696,0.1137243208,0.0575985875
121920.000000,0.1923293274,0.1921806296,0.1917599003,0.1910565210,0.1900671737,0.1887745005,0.1871781831,0.1852726320,0.1830194081,0.1804196170,0.1774350689,0.1740253273,0.1701480519,0.1657283176,0.1606707159,0.1548297496,0.1479720974,0.1396744786,0.1290795176,0.1137032262,0.0575905941
121980.000000,0.1922774413,0.1921288120,0.1917082763,0.1910052200,0.1900163256,0.1887242417,0.1871286482,0.1852239558,0.1829717389,0.1803730994,0.1773898590,0.1739815928,0.1701059710,0.1656880896,0.1606325664,0.1547939447,0.1479389680,0.1396444730,0.1290533179,0.1136821728,0.0575826277
122040.000000,0.1922255553,0.1920769944,0.1916566523,0.1909539190,0.1899654776,0.1886739829,0.1870791133,0.1851752795,0.1829240697,0.1803265817,0.1773446492,0.1739378583,0.1700638900,0.1656478616,0.1605944169,0.1547581398,0.1479058386,0.1396144674,0.1290271182,0.1136611194,0.0575746613
122100.000000,0.1921737823,0.1920252898,0.1916051408,0.1909027297,0.1899147400,0.1886238332,0.1870296856,0.1851267083,0.1828765031,0.1802801639,0.1772995360,0.1738942169,0.1700218981,0.1656077181,0.1605563471,0.1547224090,0.1478727771,0.1395845225,0.1290009706,0.1136401069,0.0575667220
122160.000000,0.1921220093,0.1919735851,0.1915536292,0.1908515403,0.1898640025,0.1885736835,0.1869802579,0.1850781371,0.1828289365,0.1802337461,0.1772544228,0.1738505754,0.1699799062,0.1655675747,0.1605182773,0.1546866782,0.1478397156,0.1395545777,0.1289748231,0.1136190944,0.0575587826
122220.000000,0.1920703490,0.1919219930,0.1915022297,0.1908004622,0.1898133751,0.1885236424,0.1869309372,0.1850296708,0.1827814723,0.1801874277,0.1772094059,0.1738070267,0.1699380030,0.1655275156,0.1604802868,0.1546510213,0.1478067218,0.1395246934,0.1289487276,0.1135981228,0.0575508701
122280.000000,0.1920186887,0.1918704009,0.1914508302,0.1907493841,0.1897627477,0.1884736014,0.1868816164,0.1849812044,0.1827340080,0.1801411094,0.1771643890,0.1737634780,0.1698960998,0.1654874565,0.1604422964,0.1546153644,0.1477737280,0.1394948091,0.1289226321,0.1135771512,0.0575429576
122340.000000,0.1919671408,0.1918189209,0.1913995424,0.1906984169,0.1897122300,0.1884236686,0.1868324021,0.1849328424,0.1826866457,0.1800948901,0.1771194681,0.1737200217,0.1698542850,0.1654474814,0.1604043851,0.1545797812,0.1477408016,0.1394649852,0.1288965885,0.1135562203,0.0575350718
122400.000000,0.1919155928,0.1917674409,0.1913482546,0.1906474496,0.1896617123,0.1883737358,0.1867831878,0.1848844804,0.1826392833,0.1800486709,0.1770745472,0.1736765654,0.1698124703,0.1654075063,0.1603664738,0.1545441979,0.1477078752,0.1394351612,0.1288705448,0.1135352893,0.0575271861
122460.000000,0.1918641568,0.1917160727,0.1912970780,0.1905965929,0.1896113040,0.1883239110,0.1867340797,0.1848362224,0.1825920226,0.1800025505,0.1770297219,0.1736332011,0.1697707437,0.1653676149,0.1603286413,0.1545086881,0.1476750161,0.1394053975,0.1288445529,0.1135143990,0.0575193270
122520.000000,0.1918127207,0.1916647044,0.1912459015,0.1905457361,0.1895608957,0.1882740862,0.1866849716,0.1847879645,0.1825447619,0.1799564301,0.1769848966,0.1735898369,0.1697290171,0.1653277236,0.1602908088,0.1544731782,0.1476421570,0.1393756337,0.1288185609,0.1134935086,0.0575114679
122580.000000,0.1917613962,0.1916134476,0.1911948358,0.1904949894,0.1895105964,0.1882243689,0.1866359692,0.1847398102,0.1824976024,0.1799104081,0.1769401666,0.1735465644,0.1696873783,0.1652879157,0.1602530550,0.1544377415,0.1476093649,0.1393459298,0.1287926205,0.1134726587,0.0575036352
122640.000000,0.1917100717,0.1915621907,0.1911437701,0.1904442428,0.1894602971,0.1881746516,0.1865869668,0.1846916559,0.1824504429,0.1798643862,0.1768954366,0.1735032920,0.1696457395,0.1652481078,0.1602153011,0.1544023048,0.1475765727,0.1393162260,0.1287666800,0.1134518088,0.0574958026
122700.000000,0.1916588584,0.1915110448,0.1910928150,0.1903936058,0.1894101064,0.1881250414,0.1865380699,0.1846436050,0.1824033843,0.1798184623,0.1768508015,0.1734601110,0.1696041883,0.1652083831,0.1601776255,0.1543669410,0.1475438474,0.1392865819,0.1287407909,0.1134309992,0.0574879964
122760.000000,0.1916076450,0.1914598990,0.1910418598,0.1903429689,0.1893599157,0.1880754313,0.1864891730,0.1845955541,0.1823563257,0.1797725385,0.1768061665,0.1734169300,0.1695626370,0.1651686584,0.1601399500,0.1543315772,0.1475111221,0.1392569378,0.1287149018,0.1134101896,0.0574801901
122820.000000,0.1915565424,0.1914088637,0.1909910148,0.1902924413,0.1893098332,0.1880259280,0.1864403811,0.1845476061,0.1823093676,0.1797267124,0.1767616262,0.1733738401,0.1695211731,0.1651290166,0.1601023525,0.1542962860,0.1474784633,0.1392273533,0.1286890639,0.1133894202,0.0574724102
122880.000000,0.1915054399,0.1913578284,0.1909401698,0.1902419137,0.1892597508,0.1879764247,0.1863915892,0.1844996582,0.1822624095,0.1796808863,0.1767170858,0.1733307503,0.1694797091,0.1650893747,0.1600647550,0.1542609949,0.1474458046,0.1391977687,0.1286632260,0.1133686508,0.0574646302
122940.000000,0.1914544477,0.1913069034,0.1908894345,0.1901914951,0.1892097762,0.1879270278,0.1863429020,0.1844518128,0.1822155517,0.1796351577,0.1766726398,0.1732877513,0.1694383320,0.1650498156,0.1600272353,0.1542257761,0.1474132122,0.1391682436,0.1286374391,0.1133479215,0.0574568764
123000.000000,0.1914034555,0.1912559783,0.1908386992,0.1901410764,0.1891598016,0.1878776309,0.1862942148,0.1844039675,0.1821686938,0.1795894291,0.1766281938,0.1732447523,0.1693969550,0.1650102564,0.1599897157,0.1541905574,0.1473806198,0.1391387184,0.1286116522,0.1133271921,0.0574491225
123060.000000,0.1913525733,0.1912051631,0.1907880733,0.1900907664,0.1891099345,0.1878283401,0.1862456319,0.1843562244,0.1821219358,0.1795437976,0.1765838418,0.1732018438,0.1693556646,0.1649707795,0.1599522735,0.1541554109,0.1473480935,0.1391092524,0.1285859161,0.1133065027,0.0574413947
123120.000000,0.1913016911,0.1911543479,0.1907374474,0.1900404563,0.1890600674,0.1877790493,0.1861970490,0.1843084813,0.1820751778,0.1794981661,0.1765394897,0.1731589353,0.1693143742,0.1649313027,0.1599148314,0.1541202643,0.1473155672,0.1390797864,0.1285601800,0.1132858133,0.0574336669
123180.000000,0.1912509185,0.1911036421,0.1906869305,0.1899902545,0.1890103074,0.1877298642,0.1861485701,0.1842608402,0.1820285194,0.1794526314,0.1764952314,0.1731161171,0.1692731702,0.1648919079,0.1598774665,0.1540851897,0.1472831068,0.1390503794,0.1285344947,0.1132651637,0.0574259650
123240.000000,0.1912001459,0.1910529364,0.1906364136,0.1899400527,0.1889605474,0.1876806791,0.1861000912,0.1842131990,0.1819818609,0.1794070967,0.1764509731,0.1730732988,0.1692319662,0.1648525131,0.1598401016,0.1540501151,0.1472506465,0.1390209723,0.1285088093,0.1132445141,0.0574182631
123300.000000,0.1911494826,0.1910023397,0.1905860053,0.1898899587,0.1889108942,0.1876315994,0.1860517159,0.1841656595,0.1819353016,0.1793616584,0.1764068082,0.1730305705,0.1691908483,0.1648132001,0.1598028138,0.1540151122,0.1472182518,0.1389916241,0.1284831744,0.1132239041,0.0574105869
123360.000000,0.1910988193,0.1909517430,0.1905355970,0.1898398647,0.1888612410,0.1875825196,0.1860033407,0.1841181199,0.1818887423,0.1793162202,0.1763626433,0.1729878422,0.1691497303,0.1647738871,0.1597655260,0.1539801093,0.1471858571,0.1389622759,0.1284575396,0.1132032942,0.0574029108
123420.000000,0.1910482649,0.1909012550,0.1904852969,0.1897898782,0.1888116941,0.1875335448,0.1859550686,0.1840706815,0.1818422818,0.1792708780,0.1763185714,0.1729452035,0.1691086981,0.1647346556,0.1597283149,0.1539451778,0.1471535279,0.1389329862,0.1284319551,0.1131827238,0.0573952603
123480.000000,0.1909977104,0.1908507671,0.1904349969,0.1897398916,0.1887621473,0.1874845701,0.1859067966,0.1840232432,0.1817958214,0.1792255359,0.1762744995,0.1729025648,0.1690676660,0.1646954241,0.1596911038,0.1539102464,0.1471211987,0.1389036965,0.1284063706,0.1131621534,0.0573876099
123540.000000,0.1909472645,0.1908003875,0.1903848047,0.1896900122,0.1887127065,0.1874356999,0.1858586275,0.1839759057,0.1817494594,0.1791802896,0.1762305204,0.1728600154,0.1690267193,0.1646562739,0.1596539693,0.1538753861,0.1470889348,0.1388744653,0.1283808362,0.1131416225,0.0573799850
123600.000000,0.1908968185,0.1907500078,0.1903346125,0.1896401328,0.1886632657,0.1873868298,0.1858104584,0.1839285682,0.1817030975,0.1791350433,0.1761865412,0.1728174660,0.1689857727,0.1646171237,0.1596168347,0.1538405259,0.1470566708,0.1388452340,0.1283553019,0.1131210915,0.0573723601
123660.000000,0.1908464807,0.1906997362,0.1902845279,0.1895903601,0.1886139306,0.1873380639,0.1857623918,0.1838813313,0.1816568337,0.1790898924,0.1761426546,0.1727750056,0.1689449112,0.1645780544,0.1595797764,0.1538057367,0.1470244720,0.1388160610,0.1283298177,0.1131005998,0.0573647606
123720.000000,0.1907961429,0.1906494645,0.1902344432,0.1895405875,0.1885645954,0.1872892981,0.1857143253,0.1838340943,0.1816105700,0.1790447416,0.1760987679,0.1727325453,0.1689040497,0.1645389851,0.1595427181,0.1537709475,0.1469922731,0.1387868879,0.1283043334,0.1130801081,0.0573571611
123780.000000,0.1907459128,0.1905993004,0.1901844657,0.1894909212,0.1885153656,0.1872406361,0.1856663609,0.1837869576,0.1815644040,0.1789996859,0.1760549733,0.1726901736,0.1688632732,0.1644999966,0.1595057358,0.1537362290,0.1469601390,0.1387577729,0.1282788990,0.1130596556,0.0573495869
123840.000000,0.1906956828,0.1905491364,0.1901344881,0.1894412549,0.1884661357,0.1871919741,0.1856183966,0.1837398209,0.1815182381,0.1789546302,0.1760111787,0.1726478020,0.1688224967,0.1644610080,0.1594687535,0.1537015105,0.1469280050,0.1387286579,0.1282534646,0.1130392031,0.0573420128
123900.000000,0.1906455601,0.1904990795,0.1900846174,0.1893916946,0.1884170109,0.1871434157,0.1855705341,0.1836927840,0.1814721697,0.1789096693,0.1759674760,0.1726055187,0.1687818048,0.1644220999,0.1594318470,0.1536668626,0.1468959355,0.1386996007,0.1282280799,0.1130187897,0.0573344638
123960.000000,0.1905954374,0.1904490227,0.1900347466,0.1893421343,0.1883678860,0.1870948573,0.1855226716,0.1836457471,0.1814261012,0.1788647085,0.1759237732,0.1725632355,0.1687411129,0.1643831917,0.1593949405,0.1536322146,0.1468638661,0.1386705435,0.1282026952,0.1129983763,0.0573269148
124020.000000,0.1905454218,0.1903990727,0.1899849822,0.1892926796,0.1883188656,0.1870464021,0.1854749107,0.1835988097,0.1813801300,0.1788198421,0.1758801619,0.1725210404,0.1687005053,0.1643443638,0.1593581094,0.1535976369,0.1468318611,0.1386415440,0.1281773601,0.1129780017,0.0573193910
124080.000000,0.1904954061,0.1903491227,0.1899352179,0.1892432250,0.1882698453,0.1869979470,0.1854271497,0.1835518723,0.1813341587,0.1787749758,0.1758365507,0.1724788453,0.1686598978,0.1643055358,0.1593212784,0.1535630593,0.1467998561,0.1386125444,0.1281520249,0.1129576272,0.0573118671
124140.000000,0.1904454972,0.1902992793,0.1898855596,0.1891938756,0.1882209293,0.1869495946,0.1853794899,0.1835050341,0.1812882843,0.1787302036,0.1757930306,0.1724367380,0.1686193743,0.1642667877,0.1592845226,0.1535285517,0.1467679153,0.1385836023,0.1281267392,0.1129372915,0.0573043682
124200.000000,0.1903955882,0.1902494358,0.1898359013,0.1891445263,0.1881720132,0.1869012423,0.1853318301,0.1834581959,0.1812424099,0.1786854315,0.1757495105,0.1723946307,0.1685788509,0.1642280397,0.1592477668,0.1534940441,0.1467359745,0.1385546602,0.1281014534,0.1129169558,0.0572968693
124260.000000,0.1903457855,0.1901996984,0.1897863486,0.1890952818,0.1881232010,0.1868529924,0.1852842712,0.1834114566,0.1811966320,0.1786407532,0.1757060814,0.1723526109,0.1685384112,0.1641893712,0.1592110860,0.1534596063,0.1467040976,0.1385257754,0.1280762169,0.1128966587,0.0572893952
124320.000000,0.1902959828,0.1901499611,0.1897367960,0.1890460374,0.1880743888,0.1868047426,0.1852367122,0.1833647172,0.1811508542,0.1785960749,0.1756626522,0.1723105912,0.1684979715,0.1641507028,0.1591744052,0.1534251685,0.1466722208,0.1384968906,0.1280509804,0.1128763617,0.0572819212
124380.000000,0.1902462860,0.1901003295,0.1896873487,0.1889968976,0.1880256801,0.1867565949,0.1851892537,0.1833180764,0.1811051725,0.1785514902,0.1756193136,0.1722686587,0.1684576154,0.1641121137,0.1591377992,0.1533908004,0.1466404078,0.1384680629,0.1280257930,0.1128561032,0.0572744719
124440.000000,0.1901965893,0.1900506979,0.1896379014,0.1889477577,0.1879769714,0.1867084473,0.1851417952,0.1832714355,0.1810594908,0.1785069055,0.1755759750,0.1722267262,0.1684172592,0.1640735247,0.1591011932,0.1533564322,0.1466085947,0.1384392351,0.1280006055,0.1128358447,0.0572670226
124500.000000,0.1901469981,0.1900011718,0.1895885591,0.1888987221,0.1879283659,0.1866604014,0.1850944369,0.1832248929,0.1810139050,0.1784624141,0.1755327267,0.1721848806,0.1683769863,0.1640350147,0.1590646617,0.1533221334,0.1465768453,0.1384104643,0.1279754670,0.1128156247,0.0572595980
124560.000000,0.1900974069,0.1899516456,0.1895392167,0.1888496864,0.1878797604,0.1866123556,0.1850470786,0.1831783502,0.1809683192,0.1784179226,0.1754894783,0.1721430350,0.1683367134,0.1639965048,0.1590281301,0.1532878346,0.1465450958,0.1383816935,0.1279503285,0.1127954046,0.0572521733
124620.000000,0.1900479209,0.1899022245,0.1894899790,0.1888007547,0.1878312577,0.1865644112,0.1849998201,0.1831319054,0.1809228289,0.1783735241,0.1754463200,0.1721012761,0.1682965234,0.1639580736,0.1589916729,0.1532536049,0.1465134097,0.1383529793,0.1279252388,0.1127752229,0.0572447732
124680.000000,0.1899984349,0.1898528034,0.1894407413,0.1887518229,0.1877827550,0.1865164668,0.1849525615,0.1830854606,0.1808773386,0.1783291255,0.1754031617,0.1720595172,0.1682563335,0.1639196425,0.1589552156,0.1532193753,0.1464817236,0.1383242652,0.1279001490,0.1127550412,0.0572373731
124740.000000,0.1899490538,0.1898034870,0.1893916078,0.1887029946,0.1877343548,0.1864686235,0.1849054025,0.1830391132,0.1808319436,0.1782848196,0.1753600930,0.1720178447,0.1682162262,0.1638812900,0.1589188324,0.1531852146,0.1464501007,0.1382956077,0.1278751079,0.1127348976,0.0572299973
124800.000000,0.1898996727,0.1897541706,0.1893424743,0.1886541664,0.1876859546,0.1864207802,0.1848582434,0.1829927659,0.1807865486,0.1782405137,0.1753170243,0.1719761721,0.1681761189,0.1638429375,0.1588824492,0.1531510538,0.1464184778,0.1382669501,0.1278500667,0.1127147541,0.0572226216
124860.000000,0.1898503961,0.1897049586,0.1892934447,0.1886054413,0.1876376565,0.1863730378,0.1848111835,0.1829465158,0.1807412485,0.1781963001,0.1752740450,0.1719345857,0.1681360941,0.1638046633,0.1588461397,0.1531169618,0.1463869178,0.1382383489,0.1278250740,0.1126946486,0.0572152702
124920.000000,0.1898011195,0.1896557465,0.1892444152,0.1885567162,0.1875893584,0.1863252953,0.1847641236,0.1829002657,0.1806959483,0.1781520865,0.1752310658,0.1718929992,0.1680960692,0.1637663891,0.1588098302,0.1530828697,0.1463553578,0.1382097476,0.1278000814,0.1126745432,0.0572079188
124980.000000,0.1897519470,0.1896066384,0.1891954891,0.1885080939,0.1875411621,0.1862776532,0.1847171625,0.1828541124,0.1806507428,0.1781079650,0.1751881755,0.1718514985,0.1680561265,0.1637281929,0.1587735943,0.1530488462,0.1463238606,0.1381812026,0.1277751370,0.1126544757,0.0572005916
125040.000000,0.1897027745,0.1895575304,0.1891465631,0.1884594716,0.1874929658,0.1862300112,0.1846702014,0.1828079592,0.1806055373,0.1780638434,0.1751452853,0.1718099979,0.1680161837,0.1636899968,0.1587373584,0.1530148226,0.1462923634,0.1381526575,0.1277501926,0.1126344082,0.0571932644
125100.000000,0.1896537058,0.1895085260,0.1890977403,0.1884109518,0.1874448710,0.1861824693,0.1846233387,0.1827619025,0.1805604260,0.1780198135,0.1751024839,0.1717685827,0.1679763229,0.1636518784,0.1587011958,0.1529808673,0.1462609287,0.1381241685,0.1277252964,0.1126143785,0.0571859613
125160.000000,0.1896046372,0.1894595215,0.1890489175,0.1883624320,0.1873967761,0.1861349273,0.1845764761,0.1827158457,0.1805153147,0.1779757836,0.1750596825,0.1717271676,0.1679364620,0.1636137601,0.1586650331,0.1529469120,0.1462294940,0.1380956794,0.1277004001,0.1125943488,0.0571786581
125220.000000,0.1895556720,0.1894106204,0.1890001975,0.1883140143,0.1873487824,0.1860874852,0.1845297116,0.1826698852,0.1804702974,0.1779318451,0.1750169695,0.1716858377,0.1678966828,0.1635757193,0.1586289436,0.1529130247,0.1461981217,0.1380672462,0.1276755519,0.1125743569,0.0571713790
125280.000000,0.1895067067,0.1893617193,0.1889514776,0.1882655967,0.1873007886,0.1860400430,0.1844829471,0.1826239247,0.1804252801,0.1778879066,0.1749742566,0.1716445077,0.1678569035,0.1635376786,0.1585928540,0.1528791374,0.1461667494,0.1380388130,0.1276507037,0.1125543649,0.0571640999
125340.000000,0.1894578446,0.1893129211,0.1889028601,0.1882172807,0.1872528956,0.1859927003,0.1844362804,0.1825780601,0.1803803565,0.1778440592,0.1749316319,0.1716032627,0.1678172055,0.1634997151,0.1585568372,0.1528453179,0.1461354392,0.1380104354,0.1276259033,0.1125344106,0.0571568446
125400.000000,0.1894089825,0.1892641229,0.1888542426,0.1881689648,0.1872050026,0.1859453576,0.1843896137,0.1825321955,0.1803354328,0.1778002117,0.1748890071,0.1715620178,0.1677775076,0.1634617516,0.1585208205,0.1528114984,0.1461041291,0.1379820577,0.1276011029,0.1125144563,0.0571495893
125460.000000,0.1893602231,0.1892154273,0.1888057273,0.1881207504,0.1871572100,0.1858981139,0.1843430445,0.1824864264,0.1802906025,0.1777564551,0.1748464703,0.1715208575,0.1677378907,0.1634238652,0.1584848763,0.1527777465,0.1460728809,0.1379537356,0.1275763502,0.1124945394,0.0571423578
125520.000000,0.1893114637,0.1891667317,0.1887572120,0.1880725359,0.1871094174,0.1858508703,0.1842964753,0.1824406573,0.1802457721,0.1777126985,0.1748039334,0.1714796971,0.1676982738,0.1633859787,0.1584489321,0.1527439946,0.1460416326,0.1379254135,0.1275515975,0.1124746225,0.0571351263
125580.000000,0.1892628068,0.1891181384,0.1887087986,0.1880244225,0.1870617249,0.1858037254,0.1842500032,0.1823949835,0.1802010348,0.1776690323,0.1747614842,0.1714386212,0.1676587378,0.1633481691,0.1584130602,0.1527103100,0.1460104462,0.1378971466,0.1275268923,0.1124547430,0.0571279185
125640.000000,0.1892141498,0.1890695450,0.1886603851,0.1879763091,0.1870140324,0.1857565806,0.1842035312,0.1823493097,0.1801562975,0.1776253662,0.1747190349,0.1713975453,0.1676192017,0.1633103594,0.1583771884,0.1526766255,0.1459792597,0.1378688797,0.1275021871,0.1124348636,0.0571207106
125700.000000,0.1891655949,0.1890210536,0.1886120731,0.1879282965,0.1869664397,0.1857095342,0.1841571560,0.1823037309,0.1801116529,0.1775817902,0.1746766730,0.1713565535,0.1675797461,0.1632726263,0.1583413887,0.1526430081,0.1459481348,0.1378406680,0.1274775294,0.1124150213,0.0571135263
125760.000000,0.1891170400,0.1889725622,0.1885637611,0.1878802839,0.1869188469,0.1856624877,0.1841107808,0.1822581520,0.1800670083,0.1775382142,0.1746343111,0.1713155616,0.1675402905,0.1632348932,0.1583055889,0.1526093907,0.1459170099,0.1378124562,0.1274528716,0.1123951791,0.0571063420
125820.000000,0.1890685868,0.1889241723,0.1885155502,0.1878323717,0.1868713536,0.1856155394,0.1840645020,0.1822126677,0.1800224561,0.1774947281,0.1745920362,0.1712746536,0.1675009152,0.1631972364,0.1582698611,0.1525758402,0.1458859463,0.1377842994,0.1274282611,0.1123753740,0.0570991812
125880.000000,0.1890201336,0.1888757825,0.1884673394,0.1877844595,0.1868238603,0.1855685911,0.1840182233,0.1821671835,0.1799779040,0.1774512420,0.1745497613,0.1712337456,0.1674615399,0.1631595796,0.1582341332,0.1525422897,0.1458548827,0.1377561425,0.1274036505,0.1123555689,0.0570920204
125940.000000,0.1889717818,0.1888274938,0.1884192293,0.1877366474,0.1867764660,0.1855217406,0.1839720408,0.1821217935,0.1799334439,0.1774078455,0.1745075731,0.1711929212,0.1674222446,0.1631219988,0.1581984770,0.1525088060,0.1458238803,0.1377280404,0.1273790871,0.1123358008,0.0570848829
126000.000000,0.1889234300,0.1887792052,0.1883711192,0.1876888353,0.1867290718,0.1854748901,0.1839258583,0.1820764036,0.1798889838,0.1773644490,0.1744653850,0.1711520967,0.1673829493,0.1630844181,0.1581628207,0.1524753222,0.1457928779,0.1376999384,0.1273545237,0.1123160327,0.0570777454
126060.000000,0.1888751793,0.1887310175,0.1883231096,0.1876411229,0.1866817763,0.1854281370,0.1838797716,0.1820311076,0.1798446154,0.1773211418,0.1744232833,0.1711113556,0.1673437338,0.1630469131,0.1581272359,0.1524419050,0.1457619364,0.1376718909,0.1273300072,0.1122963015,0.0570706311
126120.000000,0.1888269285,0.1886828297,0.1882751000,0.1875934105,0.1866344808,0.1853813839,0.1838336850,0.1819858116,0.1798002471,0.1772778346,0.1743811816,0.1710706144,0.1673045182,0.1630094081,0.1580916511,0.1524084877,0.1457309950,0.1376438434,0.1273054907,0.1122765703,0.0570635168
126180.000000,0.1887787784,0.1886347425,0.1882271905,0.1875457976,0.1865872837,0.1853347280,0.1837876939,0.1819406094,0.1797559703,0.1772346163,0.1743391661,0.1710299563,0.1672653821,0.1629719787,0.1580561374,0.1523751367,0.1457001143,0.1376158503,0.1272810210,0.1122568759,0.0570564257
126240.000000,0.1887306284,0.1885866553,0.1881792811,0.1874981846,0.1865400866,0.1852880720,0.1837417028,0.1818954071,0.1797116935,0.1771913981,0.1742971506,0.1709892981,0.1672262460,0.1629345493,0.1580206238,0.1523417858,0.1456692336,0.1375878572,0.1272565513,0.1122371815,0.0570493346
126300.000000,0.1886825787,0.1885386683,0.1881314714,0.1874506708,0.1864929876,0.1852415129,0.1836958069,0.1818502981,0.1796675079,0.1771482686,0.1742552209,0.1709487227,0.1671871891,0.1628971951,0.1579851810,0.1523085009,0.1456384135,0.1375599183,0.1272321283,0.1122175238,0.0570422666
126360.000000,0.1886345290,0.1884906814,0.1880836617,0.1874031569,0.1864458886,0.1851949538,0.1836499110,0.1818051892,0.1796233222,0.1771051390,0.1742132913,0.1709081472,0.1671481323,0.1628598410,0.1579497383,0.1522752160,0.1456075934,0.1375319795,0.1272077052,0.1121978661,0.0570351985
126420.000000,0.1885865793,0.1884427943,0.1880359515,0.1873557418,0.1863988874,0.1851484911,0.1836041101,0.1817601733,0.1795792275,0.1770620979,0.1741714473,0.1708676543,0.1671091543,0.1628225619,0.1579143663,0.1522419969,0.1455768336,0.1375040947,0.1271833287,0.1121782450,0.0570281533
126480.000000,0.1885386296,0.1883949072,0.1879882412,0.1873083267,0.1863518862,0.1851020285,0.1835583091,0.1817151575,0.1795351327,0.1770190568,0.1741296032,0.1708271613,0.1670701764,0.1627852828,0.1578789943,0.1522087779,0.1455460739,0.1374762099,0.1271589521,0.1121586238,0.0570211082
126540.000000,0.1884907797,0.1883471196,0.1879406301,0.1872610100,0.1863049824,0.1850556620,0.1835126028,0.1816702344,0.1794911285,0.1769761038,0.1740878445,0.1707867505,0.1670312772,0.1627480786,0.1578436928,0.1521756245,0.1455153743,0.1374483790,0.1271346220,0.1121390391,0.0570140859
126600.000000,0.1884429297,0.1882993321,0.1878930190,0.1872136933,0.1862580786,0.1850092955,0.1834668964,0.1816253112,0.1794471244,0.1769331508,0.1740460858,0.1707463397,0.1669923780,0.1627108743,0.1578083913,0.1521424711,0.1454846748,0.1374205481,0.1271102918,0.1121194544,0.0570070635
126660.000000,0.1883951791,0.1882516438,0.1878455067,0.1871664747,0.1862112720,0.1849630249,0.1834212843,0.1815804806,0.1794032105,0.1768902856,0.1740044121,0.1707060109,0.1669535572,0.1626737446,0.1577731600,0.1521093831,0.1454540352,0.1373927709,0.1270860078,0.1120999061,0.0570000639
126720.000000,0.1883474285,0.1882039554,0.1877979944,0.1871192561,0.1861644653,0.1849167542,0.1833756722,0.1815356499,0.1793592966,0.1768474204,0.1739627385,0.1706656820,0.1669147364,0.1626366149,0.1577379288,0.1520762951,0.1454233957,0.1373649937,0.1270617239,0.1120803577,0.0569930644
126780.000000,0.1882997769,0.1881563660,0.1877505806,0.1870721353,0.1861177555,0.1848705791,0.1833301541,0.1814909113,0.1793154727,0.1768046427,0.1739211496,0.1706254348,0.1668759938,0.1625995596,0.1577027676,0.1520432724,0.1453928159,0.1373372701,0.1270374860,0.1120608456,0.0569860874
126840.000000,0.1882521254,0.1881087765,0.1877031668,0.1870250145,0.1860710456,0.1848244040,0.1832846361,0.1814461728,0.1792716488,0.1767618651,0.1738795607,0.1705851876,0.1668372512,0.1625625042,0.1576676063,0.1520102497,0.1453622361,0.1373095464,0.1270132481,0.1120413335,0.0569791104
126900.000000,0.1882045725,0.1880612857,0.1876558511,0.1869779911,0.1860244322,0.1847783241,0.1832392116,0.1814015261,0.1792279146,0.1767191747,0.1738380563,0.1705450218,0.1667985866,0.1625255229,0.1576325149,0.1519772920,0.1453317160,0.1372818762,0.1269890561,0.1120218575,0.0569721560
126960.000000,0.1881570196,0.1880137948,0.1876085354,0.1869309678,0.1859778189,0.1847322442,0.1831937872,0.1813568794,0.1791841804,0.1766764843,0.1737965519,0.1705048560,0.1667599219,0.1624885417,0.1575974235,0.1519443342,0.1453011958,0.1372542059,0.1269648641,0.1120023814,0.0569652016
127020.000000,0.1881095652,0.1879664021,0.1875613175,0.1868840415,0.1859313016,0.1846862592,0.1831484561,0.1813123242,0.1791405356,0.1766338808,0.1737551317,0.1704647713,0.1667213350,0.1624516342,0.1575624016,0.1519114413,0.1452707351,0.1372265889,0.1269407180,0.1119829414,0.0569582696
127080.000000,0.1880621107,0.1879190095,0.1875140996,0.1868371153,0.1858847844,0.1846402742,0.1831031250,0.1812677690,0.1790968907,0.1765912774,0.1737137115,0.1704246866,0.1666827480,0.1624147268,0.1575273798,0.1518785484,0.1452402744,0.1371989719,0.1269165718,0.1119635014,0.0569513376
127140.000000,0.1880147543,0.1878717148,0.1874669793,0.1867902859,0.1858383630,0.1845943838,0.1830578870,0.1812233050,0.1790533350,0.1765487606,0.1736723752,0.1703846828,0.1666442384,0.1623778930,0.1574924273,0.1518457201,0.1452098729,0.1371714079,0.1268924712,0.1119440973,0.0569444279
127200.000000,0.1879673978,0.1878244200,0.1874198589,0.1867434564,0.1857919416,0.1845484934,0.1830126490,0.1811788411,0.1790097793,0.1765062439,0.1736310389,0.1703446790,0.1666057289,0.1623410592,0.1574574748,0.1518128918,0.1451794714,0.1371438439,0.1268683707,0.1119246932,0.0569375183
127260.000000,0.1879201391,0.1877772229,0.1873728357,0.1866967235,0.1857456158,0.1845026973,0.1829675037,0.1811344681,0.1789663124,0.1764638135,0.1735897863,0.1703047557,0.1665672965,0.1623042987,0.1574225915,0.1517801279,0.1451491289,0.1371163328,0.1268443157,0.1119053249,0.0569306308
127320.000000,0.1878728805,0.1877300257,0.1873258125,0.1866499905,0.1856992899,0.1844569011,0.1829223584,0.1810900951,0.1789228455,0.1764213831,0.1735485338,0.1702648325,0.1665288642,0.1622675383,0.1573877081,0.1517473640,0.1451187865,0.1370888217,0.1268202606,0.1118859565,0.0569237434
127380.000000,0.1878257192,0.1876829258,0.1872788861,0.1866033538,0.1856530593,0.1844111990,0.1828773056,0.1810458127,0.1788794671,0.1763790389,0.1735073645,0.1702249896,0.1664905087,0.1622308509,0.1573528937,0.1517146643,0.1450885029,0.1370613633,0.1267962509,0.1118666239,0.0569168781
127440.000000,0.1877785579,0.1876358259,0.1872319598,0.1865567170,0.1856068286,0.1843654968,0.1828322527,0.1810015303,0.1788360887,0.1763366946,0.1734661953,0.1701851467,0.1664521533,0.1621941636,0.1573180793,0.1516819645,0.1450582193,0.1370339049,0.1267722413,0.1118472912,0.0569100128
127500.000000,0.1877314937,0.1875888230,0.1871851300,0.1865101761,0.1855606929,0.1843198883,0.1827872920,0.1809573382,0.1787927986,0.1762944362,0.1734251092,0.1701453839,0.1664138745,0.1621575492,0.1572833335,0.1516493288,0.1450279944,0.1370064991,0.1267482768,0.1118279942,0.0569031696
127560.000000,0.1876844295,0.1875418200,0.1871383002,0.1864636351,0.1855145571,0.1842742798,0.1827423313,0.1809131462,0.1787495084,0.1762521778,0.1733840232,0.1701056211,0.1663755958,0.1621209348,0.1572485878,0.1516166931,0.1449977695,0.1369790932,0.1267243123,0.1118086971,0.0568963263
127620.000000,0.1876374621,0.1874949137,0.1870915666,0.1864171897,0.1854685159,0.1842287646,0.1826974624,0.1808690441,0.1787063062,0.1762100049,0.1733430199,0.1700659381,0.1663373934,0.1620843931,0.1572139105,0.1515841211,0.1449676030,0.1369517398,0.1267003929,0.1117894354,0.0568895050
127680.000000,0.1875904946,0.1874480074,0.1870448330,0.1863707444,0.1854224748,0.1841832494,0.1826525935,0.1808249421,0.1786631040,0.1761678321,0.1733020167,0.1700262551,0.1662991911,0.1620478513,0.1571792332,0.1515515492,0.1449374366,0.1369243863,0.1266764736,0.1117701738,0.0568826837
127740.000000,0.1875436237,0.1874011974,0.1869981953,0.1863243942,0.1853765279,0.1841378273,0.1826078162,0.1807809298,0.1786199894,0.1761257445,0.1732610960,0.1699866516,0.1662610650,0.1620113820,0.1571446242,0.1515190408,0.1449073285,0.1368970851,0.1266525991,0.1117509475,0.0568758843
127800.000000,0.1874967527,0.1873543873,0.1869515576,0.1862780440,0.1853305810,0.1840924052,0.1825630388,0.1807369176,0.1785768749,0.1760836569,0.1732201754,0.1699470481,0.1662229388,0.1619749127,0.1571100152,0.1514865324,0.1448772204,0.1368697839,0.1266287247,0.1117317213,0.0568690848
127860.000000,0.1874499778,0.1873076733,0.1869050154,0.1862317887,0.1852847280,0.1840470758,0.1825183527,0.1806929947,0.1785338477,0.1760416543,0.1731793370,0.1699075240,0.1661848886,0.1619385156,0.1570754742,0.1514540875,0.1448471704,0.1368425347,0.1266048950,0.1117125302,0.0568623071
127920.000000,0.1874032030,0.1872609593,0.1868584733,0.1861855335,0.1852388751,0.1840017464,0.1824736666,0.1806490719,0.1784908205,0.1759996517,0.1731384987,0.1698679998,0.1661468384,0.1619021185,0.1570409332,0.1514216425,0.1448171204,0.1368152855,0.1265810654,0.1116933392,0.0568555294
127980.000000,0.1873565239,0.1872143409,0.1868120265,0.1861393728,0.1851931158,0.1839565094,0.1824290714,0.1806052383,0.1784478804,0.1759577338,0.1730977424,0.1698285547,0.1661088639,0.1618657934,0.1570064601,0.1513892607,0.1447871283,0.1367880883,0.1265572804,0.1116741833,0.0568487733
128040.000000,0.1873098449,0.1871677226,0.1867655796,0.1860932122,0.1851473565,0.1839112725,0.1823844762,0.1805614046,0.1784049403,0.1759158159,0.1730569861,0.1697891096,0.1660708894,0.1618294682,0.1569719869,0.1513568789,0.1447571362,0.1367608910,0.1265334954,0.1116550274,0.0568420173
128100.000000,0.1872632614,0.1871211996,0.1867192277,0.1860471458,0.1851016906,0.1838661276,0.1823399716,0.1805176598,0.1783620870,0.1758739825,0.1730163116,0.1697497433,0.1660329904,0.1617932148,0.1569375814,0.1513245600,0.1447272019,0.1367337454,0.1265097549,0.1116359065,0.0568352828
128160.000000,0.1872166778,0.1870746766,0.1866728758,0.1860010794,0.1850560247,0.1838209828,0.1822954671,0.1804739150,0.1783192337,0.1758321490,0.1729756370,0.1697103770,0.1659950913,0.1617569614,0.1569031758,0.1512922412,0.1446972676,0.1367065999,0.1264860145,0.1116167856,0.0568285483
128220.000000,0.1871701895,0.1870282486,0.1866266186,0.1859551070,0.1850104518,0.1837759298,0.1822510529,0.1804302588,0.1782764669,0.1757903998,0.1729350440,0.1696710892,0.1659572675,0.1617207795,0.1568688376,0.1512599852,0.1446673909,0.1366795059,0.1264623184,0.1115976997,0.0568218353
128280.000000,0.1871237011,0.1869818206,0.1865803613,0.1859091346,0.1849648789,0.1837308768,0.1822066387,0.1803866026,0.1782337001,0.1757486505,0.1728944510,0.1696318014,0.1659194437,0.1616845976,0.1568344995,0.1512277291,0.1446375141,0.1366524120,0.1264386223,0.1115786137,0.0568151222
128340.000000,0.1870773077,0.1869354874,0.1865341984,0.1858632559,0.1849193987,0.1836859153,0.1821623145,0.1803430346,0.1781910196,0.1757069852,0.1728539393,0.1695925919,0.1658816948,0.1616484870,0.1568002285,0.1511955356,0.1446076948,0.1366253694,0.1264149705,0.1115595626,0.0568084306
128400.000000,0.1870309142,0.1868891542,0.1864880355,0.1858173771,0.1848739186,0.1836409539,0.1821179903,0.1802994667,0.1781483390,0.1756653198,0.1728134275,0.1695533824,0.1658439459,0.1616123764,0.1567659575,0.1511633422,0.1445778755,0.1365983269,0.1263913187,0.1115405115,0.0568017390
128460.000000,0.1869846153,0.1868429154,0.1864419666,0.1857715918,0.1848285309,0.1835960836,0.1820737559,0.1802559868,0.1781057444,0.1756237381,0.1727729968,0.1695142510,0.1658062718,0.1615763369,0.1567317535,0.1511312111,0.1445481133,0.1365713356,0.1263677109,0.1115214951,0.0567950686
128520.000000,0.1869383164,0.1867966766,0.1863958977,0.1857258064,0.1847831432,0.1835512134,0.1820295215,0.1802125069,0.1780631498,0.1755821563,0.1727325660,0.1694751195,0.1657685977,0.1615402973,0.1566975494,0.1510990800,0.1445183512,0.1365443443,0.1263441032,0.1115024786,0.0567883982
128580.000000,0.1868921117,0.1867505319,0.1863499226,0.1856801141,0.1847378476,0.1835064341,0.1819853766,0.1801691147,0.1780206409,0.1755406580,0.1726922160,0.1694360658,0.1657309980,0.1615043286,0.1566634122,0.1510670111,0.1444886461,0.1365174041,0.1263205395,0.1114834968,0.0567817491
128640.000000,0.1868459071,0.1867043873,0.1863039474,0.1856344218,0.1846925520,0.1834616548,0.1819412316,0.1801257225,0.1779781320,0.1754991596,0.1726518660,0.1693970121,0.1656933984,0.1614683599,0.1566292749,0.1510349422,0.1444589410,0.1364904639,0.1262969758,0.1114645150,0.0567750999
128700.000000,0.1867997964,0.1866583364,0.1862580657,0.1855888223,0.1846473483,0.1834169661,0.1818971759,0.1800824177,0.1779357085,0.1754577443,0.1726115964,0.1693580360,0.1656558730,0.1614324618,0.1565952042,0.1510029353,0.1444292928,0.1364635746,0.1262734559,0.1114455677,0.0567684718
128760.000000,0.1867536857,0.1866122855,0.1862121839,0.1855432227,0.1846021446,0.1833722774,0.1818531201,0.1800391129,0.1778932850,0.1754163290,0.1725713269,0.1693190598,0.1656183476,0.1613965637,0.1565611334,0.1509709284,0.1443996446,0.1364366853,0.1262499360,0.1114266204,0.0567618437
128820.000000,0.1867076687,0.1865663282,0.1861663953,0.1854977156,0.1845570324,0.1833276791,0.1818091532,0.1799958953,0.1778509467,0.1753749966,0.1725311375,0.1692801609,0.1655808963,0.1613607359,0.1565271290,0.1509389833,0.1443700530,0.1364098468,0.1262264598,0.1114077075,0.0567552367
128880.000000,0.1866616516,0.1865203708,0.1861206067,0.1854522086,0.1845119202,0.1832830808,0.1817651863,0.1799526777,0.1778086083,0.1753336641,0.1724909482,0.1692412621,0.1655434449,0.1613249082,0.1564931246,0.1509070382,0.1443404614,0.1363830084,0.1262029836,0.1113887945,0.0567486296
128940.000000,0.1866157279,0.1864745067,0.1860749108,0.1854067936,0.1844668992,0.1832385725,0.1817213080,0.1799095470,0.1777663548,0.1752924142,0.1724508388,0.1692024402,0.1655060673,0.1612891506,0.1564591863,0.1508751547,0.1443109264,0.1363562205,0.1261795510,0.1113699159,0.0567420434
129000.000000,0.1865698042,0.1864286425,0.1860292150,0.1853613787,0.1844218782,0.1831940643,0.1816774297,0.1798664162,0.1777241013,0.1752511643,0.1724107294,0.1691636184,0.1654686897,0.1612533930,0.1564252480,0.1508432712,0.1442813913,0.1363294326,0.1261561184,0.1113510373,0.0567354573
129060.000000,0.1865239735,0.1863828712,0.1859836117,0.1853160556,0.1843769482,0.1831496458,0.1816336397,0.1798233721,0.1776819323,0.1752099967,0.1723706997,0.1691248733,0.1654313857,0.1612177054,0.1563913756,0.1508114492,0.1442519126,0.1363026952,0.1261327293,0.1113321929,0.0567288920
129120.000000,0.1864781428,0.1863371000,0.1859380084,0.1852707325,0.1843320182,0.1831052273,0.1815898497,0.1797803279,0.1776397634,0.1751688290,0.1723306701,0.1690861283,0.1653940816,0.1611820178,0.1563575033,0.1507796271,0.1442224339,0.1362759578,0.1261093401,0.1113133484,0.0567223266
129180.000000,0.1864324049,0.1862914213,0.1858924973,0.1852255010,0.1842871789,0.1830608982,0.1815461478,0.1797373701,0.1775976787,0.1751277434,0.1722907198,0.1690474598,0.1653568509,0.1611463998,0.1563236966,0.1507478662,0.1441930113,0.1362492708,0.1260859943,0.1112945381,0.0567157820
129240.000000,0.1863866670,0.1862457426,0.1858469862,0.1851802695,0.1842423395,0.1830165692,0.1815024458,0.1796944122,0.1775555941,0.1750866579,0.1722507696,0.1690087913,0.1653196202,0.1611107819,0.1562898899,0.1507161053,0.1441635888,0.1362225837,0.1260626484,0.1112757277,0.0567092374
129300.000000,0.1863410215,0.1862001563,0.1858015670,0.1851351293,0.1841975905,0.1829723293,0.1814588316,0.1796515404,0.1775135935,0.1750456540,0.1722108985,0.1689701991,0.1652824625,0.1610752335,0.1562561488,0.1506844055,0.1441342222,0.1361959467,0.1260393458,0.1112569514,0.0567027135
129360.000000,0.1862953759,0.1861545699,0.1857561478,0.1850899890,0.1841528415,0.1829280895,0.1814152173,0.1796086686,0.1774715929,0.1750046502,0.1721710275,0.1689316069,0.1652453049,0.1610396850,0.1562224076,0.1506527057,0.1441048556,0.1361693098,0.1260160431,0.1112381750,0.0566961895
129420.000000,0.1862498226,0.1861090755,0.1857108202,0.1850449397,0.1841081825,0.1828839385,0.1813716906,0.1795658826,0.1774296761,0.1749637279,0.1721312354,0.1688930908,0.1652082201,0.1610042059,0.1561887317,0.1506210667,0.1440755448,0.1361427229,0.1259927835,0.1112194325,0.0566896862
129480.000000,0.1862042692,0.1860635812,0.1856654926,0.1849998905,0.1840635236,0.1828397876,0.1813281638,0.1795230965,0.1773877593,0.1749228056,0.1720914432,0.1688545746,0.1651711353,0.1609687267,0.1561550558,0.1505894277,0.1440462340,0.1361161360,0.1259695239,0.1112006901,0.0566831828
129540.000000,0.1861588077,0.1860181785,0.1856202563,0.1849549318,0.1840189544,0.1827957252,0.1812847242,0.1794803959,0.1773459260,0.1748819645,0.1720517298,0.1688161343,0.1651341231,0.1609333166,0.1561214450,0.1505578493,0.1440169788,0.1360895989,0.1259463072,0.1111819814,0.0566766998
129600.000000,0.1861133461,0.1859727758,0.1855750201,0.1849099732,0.1839743853,0.1827516629,0.1812412846,0.1794376954,0.1773040926,0.1748411234,0.1720120164,0.1687776940,0.1650971109,0.1608979065,0.1560878342,0.1505262710,0.1439877237,0.1360630618,0.1259230905,0.1111632727,0.0566702169
129660.000000,0.1860679761,0.1859274646,0.1855298748,0.1848651050,0.1839299056,0.1827076888,0.1811979319,0.1793950800,0.1772623425,0.1748003633,0.1719723814,0.1687393292,0.1650601711,0.1608625652,0.1560542883,0.1504947531,0.1439585240,0.1360365744,0.1258999165,0.1111445977,0.0566637544
129720.000000,0.1860226062,0.1858821533,0.1854847296,0.1848202368,0.1838854259,0.1826637148,0.1811545792,0.1793524646,0.1772205924,0.1747596032,0.1719327464,0.1687009645,0.1650232313,0.1608272239,0.1560207424,0.1504632352,0.1439293243,0.1360100870,0.1258767426,0.1111259227,0.0566572918
129780.000000,0.1859773274,0.1858369332,0.1854396750,0.1847754586,0.1838410354,0.1826198288,0.1811113131,0.1793099342,0.1771789253,0.1747189238,0.1718931896,0.1686626751,0.1649863637,0.1607919513,0.1559872611,0.1504317775,0.1439001799,0.1359836492,0.1258536114,0.1111072812,0.0566508496
129840.000000,0.1859320487,0.1857917130,0.1853946205,0.1847306805,0.1837966450,0.1825759428,0.1810680470,0.1792674038,0.1771372582,0.1746782444,0.1718536328,0.1686243856,0.1649494961,0.1607566786,0.1559537799,0.1504003199,0.1438710355,0.1359572113,0.1258304801,0.1110886398,0.0566444074
129900.000000,0.1858868609,0.1857465837,0.1853496564,0.1846859922,0.1837523434,0.1825321446,0.1810248673,0.1792249580,0.1770956738,0.1746376455,0.1718141539,0.1685861713,0.1649127004,0.1607214744,0.1559203632,0.1503689224,0.1438419462,0.1359308229,0.1258073914,0.1110700318,0.0566379853
129960.000000,0.1858416731,0.1857014543,0.1853046923,0.1846413038,0.1837080418,0.1824883463,0.1809816876,0.1791825122,0.1770540893,0.1745970466,0.1717746751,0.1685479570,0.1648759047,0.1606862702,0.1558869464,0.1503375248,0.1438128569,0.1359044344,0.1257843026,0.1110514239,0.0566315633
130020.000000,0.1857965759,0.1856564155,0.1852598184,0.1845967050,0.1836638289,0.1824446356,0.1809385939,0.1791401508,0.1770125873,0.1745565279,0.1717352739,0.1685098176,0.1648391807,0.1606511341,0.1558535939,0.1503061872,0.1437838226,0.1358780952,0.1257612563,0.1110328493,0.0566251614
130080.000000,0.1857514788,0.1856113767,0.1852149445,0.1845521062,0.1836196159,0.1824009248,0.1808955002,0.1790977894,0.1769710853,0.1745160092,0.1716958727,0.1684716781,0.1648024567,0.1606159980,0.1558202414,0.1502748495,0.1437547882,0.1358517560,0.1257382100,0.1110142747,0.0566187594
130140.000000,0.1857064720,0.1855664281,0.1851701604,0.1845075966,0.1835754913,0.1823573012,0.1808524923,0.1790555122,0.1769296655,0.1744755704,0.1716565490,0.1684336133,0.1647658042,0.1605809300,0.1557869530,0.1502435716,0.1437258086,0.1358254659,0.1257152059,0.1109957335,0.0566123776
130200.000000,0.1856614652,0.1855214795,0.1851253763,0.1844630869,0.1835313667,0.1823136776,0.1808094844,0.1790132349,0.1768882457,0.1744351317,0.1716172252,0.1683955485,0.1647291516,0.1605458619,0.1557536646,0.1502122937,0.1436968291,0.1357991758,0.1256922019,0.1109771922,0.0566059957
130260.000000,0.1856165485,0.1854766209,0.1850806818,0.1844186663,0.1834873301,0.1822701410,0.1807665620,0.1789710415,0.1768469078,0.1743947726,0.1715779787,0.1683575580,0.1646925704,0.1605108616,0.1557204401,0.1501810753,0.1436679041,0.1357729346,0.1256692399,0.1109586841,0.0565996337
130320.000000,0.1855716318,0.1854317622,0.1850359872,0.1843742456,0.1834432936,0.1822266043,0.1807236396,0.1789288481,0.1768055699,0.1743544135,0.1715387321,0.1683195676,0.1646559891,0.1604758613,0.1556872156,0.1501498568,0.1436389792,0.1357466934,0.1256462780,0.1109401760,0.0565932718
130380.000000,0.1855268049,0.1853869933,0.1849913820,0.1843299136,0.1833993448,0.1821831543,0.1806808025,0.1788867383,0.1767643136,0.1743141339,0.1714995626,0.1682816513,0.1646194789,0.1604409285,0.1556540547,0.1501186978,0.1436101086,0.1357205010,0.1256233581,0.1109217009,0.0565869297
130440.000000,0.1854819780,0.1853422243,0.1849467767,0.1842855816,0.1833553960,0.1821397043,0.1806379653,0.1788446284,0.1767230574,0.1742738543,0.1714603930,0.1682437350,0.1645829687,0.1604059957,0.1556208938,0.1500875387,0.1435812381,0.1356943086,0.1256004382,0.1109032259,0.0565805876
130500.000000,0.1854372406,0.1852975447,0.1849022605,0.1842413379,0.1833115348,0.1820963406,0.1805952131,0.1788026019,0.1766818825,0.1742336539,0.1714213001,0.1682058926,0.1645465292,0.1603711303,0.1555877965,0.1500564388,0.1435524219,0.1356681649,0.1255775602,0.1108847839,0.0565742654
130560.000000,0.1853925032,0.1852528650,0.1848577442,0.1841970943,0.1832676735,0.1820529769,0.1805524609,0.1787605754,0.1766407076,0.1741934535,0.1713822072,0.1681680502,0.1645100898,0.1603362649,0.1555546991,0.1500253389,0.1435236057,0.1356420211,0.1255546822,0.1108663418,0.0565679431
130620.000000,0.1853478550,0.1852082745,0.1848133167,0.1841529387,0.1832238994,0.1820096993,0.1805097934,0.1787186320,0.1765996139,0.1741533320,0.1713431908,0.1681302816,0.1644737210,0.1603014666,0.1555216650,0.1499942979,0.1434948435,0.1356159259,0.1255318460,0.1108479327,0.0565616405
130680.000000,0.1853032068,0.1851636840,0.1847688891,0.1841087832,0.1831801253,0.1819664218,0.1804671260,0.1786766885,0.1765585202,0.1741132106,0.1713041744,0.1680925129,0.1644373521,0.1602666683,0.1554886309,0.1499632570,0.1434660814,0.1355898306,0.1255090097,0.1108295235,0.0565553379
130740.000000,0.1852586475,0.1851191822,0.1847245500,0.1840647154,0.1831364382,0.1819232300,0.1804245429,0.1786348279,0.1765175073,0.1740731678,0.1712652342,0.1680548177,0.1644010536,0.1602319370,0.1554556599,0.1499322749,0.1434373732,0.1355637837,0.1254862151,0.1108111472,0.0565490549
130800.000000,0.1852140882,0.1850746805,0.1846802109,0.1840206476,0.1830927511,0.1818800382,0.1803819598,0.1785929672,0.1764764945,0.1740331250,0.1712262940,0.1680171224,0.1643647552,0.1601972056,0.1554226889,0.1499012927,0.1434086650,0.1355377368,0.1254634205,0.1107927708,0.0565427719
130860.000000,0.1851696176,0.1850302672,0.1846359599,0.1839766674,0.1830491506,0.1818369320,0.1803394609,0.1785511891,0.1764355622,0.1739931607,0.1711874299,0.1679795004,0.1643285268,0.1601625409,0.1553897808,0.1498703692,0.1433800106,0.1355117381,0.1254406674,0.1107744271,0.0565365084
130920.000000,0.1851251470,0.1849858540,0.1845917089,0.1839326872,0.1830055501,0.1817938257,0.1802969620,0.1785094109,0.1763946300,0.1739531964,0.1711485657,0.1679418784,0.1642922985,0.1601278763,0.1553568726,0.1498394457,0.1433513562,0.1354857394,0.1254179143,0.1107560835,0.0565302449
130980.000000,0.1850807647,0.1849415290,0.1845475458,0.1838887942,0.1829620360,0.1817508047,0.1802545470,0.1784677151,0.1763537781,0.1739133103,0.1711097772,0.1679043294,0.1642561401,0.1600932781,0.1553240272,0.1498085806,0.1433227554,0.1354597888,0.1253952026,0.1107377724,0.0565240009
131040.000000,0.1850363824,0.1848972040,0.1845033827,0.1838449012,0.1829185219,0.1817077838,0.1802121320,0.1784260192,0.1763129263,0.1738734241,0.1710709888,0.1678667804,0.1642199817,0.1600586800,0.1552911818,0.1497777155,0.1432941546,0.1354338381,0.1253724909,0.1107194613,0.0565177569
131100.000000,0.1849920882,0.1848529669,0.1844593071,0.1838010952,0.1828750940,0.1816648478,0.1801698006,0.1783844053,0.1762721545,0.1738336160,0.1710322758,0.1678293042,0.1641838930,0.1600241481,0.1552583989,0.1497469086,0.1432656072,0.1354079354,0.1253498205,0.1107011828,0.0565115323
131160.000000,0.1849477940,0.1848087299,0.1844152316,0.1837572892,0.1828316660,0.1816219118,0.1801274692,0.1783427915,0.1762313828,0.1737938078,0.1709935629,0.1677918279,0.1641478043,0.1599896163,0.1552256160,0.1497161018,0.1432370599,0.1353820326,0.1253271500,0.1106829042,0.0565053076
131220.000000,0.1849035877,0.1847645805,0.1843712434,0.1837135698,0.1827883238,0.1815790605,0.1800852212,0.1783012593,0.1761906909,0.1737540773,0.1709549252,0.1677544242,0.1641117851,0.1599551505,0.1551928953,0.1496853530,0.1432085658,0.1353561776,0.1253045207,0.1106646580,0.0564991022
131280.000000,0.1848593813,0.1847204311,0.1843272551,0.1836698505,0.1827449817,0.1815362093,0.1800429732,0.1782597272,0.1761499990,0.1737143468,0.1709162876,0.1677170205,0.1640757659,0.1599206848,0.1551601747,0.1496546042,0.1431800718,0.1353303227,0.1252818914,0.1106464119,0.0564928968
131340.000000,0.1848152624,0.1846763691,0.1842833539,0.1836262176,0.1827017251,0.1814934425,0.1800008082,0.1782182766,0.1761093867,0.1736746938,0.1708777249,0.1676796891,0.1640398160,0.1598862849,0.1551275162,0.1496239133,0.1431516308,0.1353045153,0.1252593031,0.1106281980,0.0564867107
131400.000000,0.1847711435,0.1846323071,0.1842394527,0.1835825847,0.1826584685,0.1814506756,0.1799586433,0.1781768260,0.1760687744,0.1736350408,0.1708391623,0.1676423577,0.1640038660,0.1598518850,0.1550948577,0.1495932224,0.1431231899,0.1352787079,0.1252367149,0.1106099841,0.0564805245
131460.000000,0.1847271119,0.1845883322,0.1841956382,0.1835390379,0.1826152972,0.1814079930,0.1799165612,0.1781354566,0.1760282414,0.1735954651,0.1708006745,0.1676050984,0.1639679851,0.1598175508,0.1550622612,0.1495625893,0.1430948019,0.1352529481,0.1252141675,0.1105918025,0.0564743574
131520.000000,0.1846830803,0.1845443574,0.1841518238,0.1834954911,0.1825721259,0.1813653104,0.1798744791,0.1780940872,0.1759877085,0.1735558893,0.1707621867,0.1675678391,0.1639321043,0.1597832166,0.1550296646,0.1495319561,0.1430664139,0.1352271882,0.1251916201,0.1105736209,0.0564681904
131580.000000,0.1846391356,0.1845004693,0.1841080958,0.1834520302,0.1825290397,0.1813227117,0.1798324796,0.1780527987,0.1759472547,0.1735163905,0.1707237734,0.1675306517,0.1638962922,0.1597489479,0.1549971297,0.1495013805,0.1430380788,0.1352014756,0.1251691135,0.1105554713,0.0564620423
131640.000000,0.1845951909,0.1844565813,0.1840643678,0.1834085693,0.1824859534,0.1812801130,0.1797904800,0.1780115103,0.1759068008,0.1734768917,0.1706853602,0.1674934642,0.1638604802,0.1597146792,0.1549645949,0.1494708049,0.1430097436,0.1351757631,0.1251466069,0.1105373218,0.0564558943
131700.000000,0.1845513329,0.1844127798,0.1840207260,0.1833651940,0.1824429519,0.1812375980,0.1797485628,0.1779703026,0.1758664259,0.1734374696,0.1706470212,0.1674563484,0.1638247368,0.1596804758,0.1549321216,0.1494402866,0.1429814611,0.1351500977,0.1251241409,0.1105192043,0.0564497652
131760.000000,0.1845074750,0.1843689783,0.1839770842,0.1833218187,0.1823999504,0.1811950829,0.1797066456,0.1779290949,0.1758260509,0.1733980475,0.1706086823,0.1674192326,0.1637889934,0.1596462724,0.1548996483,0.1494097684,0.1429531785,0.1351244324,0.1251016750,0.1105010868,0.0564436362
131820.000000,0.1844637034,0.1843252631,0.1839335283,0.1832785287,0.1823570333,0.1811526513,0.1796648104,0.1778879677,0.1757857545,0.1733587019,0.1705704175,0.1673821882,0.1637533184,0.1596121340,0.1548672364,0.1493793073,0.1429249485,0.1350988141,0.1250792495,0.1104830013,0.0564375260
131880.000000,0.1844199318,0.1842815479,0.1838899725,0.1832352387,0.1823141163,0.1811102196,0.1796229753,0.1778468404,0.1757454582,0.1733193564,0.1705321527,0.1673451438,0.1637176434,0.1595779957,0.1548348244,0.1493488462,0.1428967184,0.1350731957,0.1250568241,0.1104649157,0.0564314158
131940.000000,0.1843762464,0.1842379187,0.1838465023,0.1831920338,0.1822712835,0.1810678711,0.1795812219,0.1778057934,0.1757052402,0.1732800870,0.1704939617,0.1673081706,0.1636820366,0.1595439222,0.1548024737,0.1493184422,0.1428685407,0.1350476243,0.1250344391,0.1104468620,0.0564253244
132000.000000,0.1843325610,0.1841942895,0.1838030321,0.1831488289,0.1822284507,0.1810255226,0.1795394685,0.1777647464,0.1756650222,0.1732408177,0.1704557708,0.1672711974,0.1636464299,0.1595098487,0.1547701229,0.1492880381,0.1428403630,0.1350220529,0.1250120541,0.1104288082,0.0564192330
132060.000000,0.1842889614,0.1841507461,0.1837596472,0.1831057088,0.1821857018,0.1809832569,0.1794977967,0.1777237793,0.1756248823,0.1732016244,0.1704176535,0.1672342952,0.1636108911,0.1594758399,0.1547378331,0.1492576909,0.1428122374,0.1349965283,0.1249897094,0.1104107863,0.0564131603
132120.000000,0.1842453619,0.1841072026,0.1837162624,0.1830625886,0.1821429529,0.1809409913,0.1794561248,0.1776828122,0.1755847424,0.1731624311,0.1703795362,0.1671973930,0.1635753523,0.1594418311,0.1547055433,0.1492273437,0.1427841118,0.1349710037,0.1249673647,0.1103927643,0.0564070876
132180.000000,0.1842018479,0.1840637447,0.1836729627,0.1830195530,0.1821002878,0.1808988082,0.1794145343,0.1776419249,0.1755446804,0.1731233136,0.1703414923,0.1671605615,0.1635398813,0.1594078868,0.1546733143,0.1491970532,0.1427560383,0.1349455257,0.1249450601,0.1103747739,0.0564010336
132240.000000,0.1841583340,0.1840202867,0.1836296630,0.1829765174,0.1820576226,0.1808566252,0.1793729437,0.1776010375,0.1755046184,0.1730841961,0.1703034484,0.1671237300,0.1635044103,0.1593739425,0.1546410853,0.1491667626,0.1427279647,0.1349200477,0.1249227556,0.1103567836,0.0563949796
132300.000000,0.1841149053,0.1839769139,0.1835864481,0.1829335660,0.1820150409,0.1808145245,0.1793314342,0.1775602296,0.1754646340,0.1730451541,0.1702654777,0.1670869691,0.1634690068,0.1593400625,0.1546089169,0.1491365286,0.1426999430,0.1348946161,0.1249004911,0.1103388249,0.0563889441
132360.000000,0.1840714767,0.1839335412,0.1835432333,0.1828906147,0.1819724591,0.1807724238,0.1792899247,0.1775194217,0.1754246497,0.1730061121,0.1702275070,0.1670502082,0.1634336034,0.1593061824,0.1545767485,0.1491062946,0.1426719213,0.1348691846,0.1248782266,0.1103208661,0.0563829086
132420.000000,0.1840281332,0.1838902534,0.1835001030,0.1828477473,0.1819299605,0.1807304052,0.1792484959,0.1774786930,0.1753847427,0.1729671455,0.1701896092,0.1670135175,0.1633982674,0.1592723665,0.1545446405,0.1490761168,0.1426439513,0.1348437994,0.1248560020,0.1103029388,0.0563768916
132480.000000,0.1839847896,0.1838469655,0.1834569727,0.1828048799,0.1818874619,0.1806883865,0.1792070672,0.1774379644,0.1753448357,0.1729281788,0.1701517115,0.1669768269,0.1633629313,0.1592385505,0.1545125326,0.1490459391,0.1426159813,0.1348184143,0.1248337775,0.1102850115,0.0563708746
132540.000000,0.1839415308,0.1838037624,0.1834139267,0.1827620963,0.1818450463,0.1806464498,0.1791657189,0.1773973146,0.1753050058,0.1728892872,0.1701138864,0.1669402064,0.1633276624,0.1592047984,0.1544804848,0.1490158176,0.1425880628,0.1347930753,0.1248115927,0.1102671156,0.0563648760
132600.000000,0.1838982720,0.1837605592,0.1833708808,0.1827193127,0.1818026306,0.1806045130,0.1791243707,0.1773566649,0.1752651760,0.1728503956,0.1700760614,0.1669035858,0.1632923935,0.1591710464,0.1544484371,0.1489856960,0.1425601443,0.1347677363,0.1247894080,0.1102492196,0.0563588775
132660.000000,0.1838550978,0.1837174404,0.1833279189,0.1826766125,0.1817602975,0.1805626578,0.1790831027,0.1773160939,0.1752254231,0.1728115789,0.1700383089,0.1668670352,0.1632571915,0.1591373580,0.1544164494,0.1489556304,0.1425322772,0.1347424435,0.1247672629,0.1102313550,0.0563528972
132720.000000,0.1838119236,0.1836743217,0.1832849569,0.1826339123,0.1817179645,0.1805208026,0.1790418347,0.1772755229,0.1751856702,0.1727727621,0.1700005564,0.1668304846,0.1632219896,0.1591036696,0.1543844617,0.1489255649,0.1425044101,0.1347171506,0.1247451179,0.1102134904,0.0563469169
132780.000000,0.1837688336,0.1836312870,0.1832420788,0.1825912953,0.1816757138,0.1804790287,0.1790006468,0.1772350304,0.1751459939,0.1727340200,0.1699628761,0.1667940036,0.1631868544,0.1590700447,0.1543525339,0.1488955551,0.1424765943,0.1346919036,0.1247230125,0.1101956569,0.0563409549
132840.000000,0.1837257436,0.1835882524,0.1831992007,0.1825486784,0.1816334632,0.1804372548,0.1789594588,0.1771945379,0.1751063176,0.1726952778,0.1699251959,0.1667575226,0.1631517192,0.1590364198,0.1543206061,0.1488655453,0.1424487784,0.1346666567,0.1247009070,0.1101778235,0.0563349929
132900.000000,0.1836827376,0.1835453017,0.1831564061,0.1825061443,0.1815912947,0.1803955620,0.1789183506,0.1771541236,0.1750667178,0.1726566101,0.1698875877,0.1667211110,0.1631166505,0.1590028582,0.1542887380,0.1488355912,0.1424210136,0.1346414555,0.1246788410,0.1101600211,0.0563290491
132960.000000,0.1836397316,0.1835023509,0.1831136115,0.1824636103,0.1815491261,0.1803538692,0.1788772425,0.1771137093,0.1750271180,0.1726179423,0.1698499796,0.1666846995,0.1630815819,0.1589692967,0.1542568699,0.1488056371,0.1423932488,0.1346162543,0.1246567750,0.1101422188,0.0563231053
133020.000000,0.1835968094,0.1834594838,0.1830709001,0.1824211589,0.1815070395,0.1803122572,0.1788362138,0.1770733730,0.1749875943,0.1725793487,0.1698124432,0.1666483572,0.1630465796,0.1589357982,0.1542250613,0.1487757385,0.1423655349,0.1345910988,0.1246347484,0.1101244475,0.0563171796
133080.000000,0.1835538871,0.1834166167,0.1830281888,0.1823787076,0.1814649528,0.1802706452,0.1787951851,0.1770330367,0.1749480707,0.1725407551,0.1697749069,0.1666120149,0.1630115772,0.1589022997,0.1541932527,0.1487458398,0.1423378211,0.1345659433,0.1246127217,0.1101066761,0.0563112538
133140.000000,0.1835110483,0.1833738329,0.1829855605,0.1823363387,0.1814229478,0.1802291137,0.1787542357,0.1769927781,0.1749086230,0.1725022354,0.1697374422,0.1665757417,0.1629766410,0.1588688641,0.1541615034,0.1487159965,0.1423101580,0.1345408334,0.1245907343,0.1100889357,0.0563053461
133200.000000,0.1834682095,0.1833310491,0.1829429321,0.1822939697,0.1813809427,0.1801875823,0.1787132863,0.1769525195,0.1748691753,0.1724637157,0.1696999774,0.1665394684,0.1629417049,0.1588354286,0.1541297541,0.1486861532,0.1422824949,0.1345157234,0.1245687469,0.1100711953,0.0562994384
133260.000000,0.1834254540,0.1832883484,0.1829003865,0.1822516830,0.1813390191,0.1801461312,0.1786724160,0.1769123385,0.1748298034,0.1724252697,0.1696625841,0.1665032639,0.1629068346,0.1588020557,0.1540980640,0.1486563650,0.1422548824,0.1344906588,0.1245467986,0.1100534858,0.0562935487
133320.000000,0.1833826984,0.1832456477,0.1828578410,0.1822093962,0.1812970954,0.1801046800,0.1786315456,0.1768721574,0.1747904314,0.1723868237,0.1696251908,0.1664670595,0.1628719644,0.1587686829,0.1540663738,0.1486265768,0.1422272699,0.1344655943,0.1245248503,0.1100357762,0.0562876589
133380.000000,0.1833400258,0.1832030298,0.1828153778,0.1821671914,0.1812552528,0.1800633090,0.1785907540,0.1768320536,0.1747511349,0.1723484512,0.1695878686,0.1664309236,0.1628371598,0.1587353726,0.1540347427,0.1485968436,0.1421997079,0.1344405749,0.1245029411,0.1100180974,0.0562817871
133440.000000,0.1832973532,0.1831604119,0.1827729147,0.1821249865,0.1812134102,0.1800219379,0.1785499624,0.1767919498,0.1747118385,0.1723100787,0.1695505465,0.1663947877,0.1628023553,0.1587020623,0.1540031115,0.1485671104,0.1421721459,0.1344155556,0.1244810318,0.1100004186,0.0562759152
133500.000000,0.1832547633,0.1831178766,0.1827305339,0.1820828634,0.1811716485,0.1799806467,0.1785092494,0.1767519230,0.1746726173,0.1722717794,0.1695132953,0.1663587203,0.1627676163,0.1586688143,0.1539715391,0.1485374320,0.1421446342,0.1343905814,0.1244591614,0.1099827704,0.0562700611
133560.000000,0.1832121733,0.1830753414,0.1826881530,0.1820407402,0.1811298868,0.1799393554,0.1784685363,0.1767118963,0.1746333960,0.1722334801,0.1694760441,0.1663226528,0.1627328773,0.1586355664,0.1539399668,0.1485077536,0.1421171225,0.1343656072,0.1244372910,0.1099651222,0.0562642070
133620.000000,0.1831696659,0.1830328884,0.1826458541,0.1819986984,0.1810882057,0.1798981437,0.1784279015,0.1766719463,0.1745942498,0.1721952538,0.1694388636,0.1662866535,0.1626982037,0.1586023806,0.1539084530,0.1484781299,0.1420896609,0.1343406780,0.1244154594,0.1099475046,0.0562583707
133680.000000,0.1831271584,0.1829904354,0.1826035552,0.1819566566,0.1810465246,0.1798569320,0.1783872668,0.1766319963,0.1745551037,0.1721570275,0.1694016831,0.1662506542,0.1626635300,0.1585691948,0.1538769392,0.1484485061,0.1420621994,0.1343157488,0.1243936278,0.1099298870,0.0562525344
133740.000000,0.1830847331,0.1829480645,0.1825613380,0.1819146960,0.1810049238,0.1798157997,0.1783467101,0.1765921228,0.1745160323,0.1721188740,0.1693645732,0.1662147229,0.1626289215,0.1585360709,0.1538454839,0.1484189369,0.1420347879,0.1342908644,0.1243718348,0.1099122999,0.0562467157
133800.000000,0.1830423078,0.1829056936,0.1825191208,0.1818727353,0.1809633230,0.1797746673,0.1783061533,0.1765522494,0.1744769608,0.1720807205,0.1693274632,0.1661787916,0.1625943130,0.1585029471,0.1538140286,0.1483893676,0.1420073764,0.1342659801,0.1243500418,0.1098947128,0.0562408970
133860.000000,0.1829999644,0.1828634044,0.1824769851,0.1818308556,0.1809218024,0.1797336140,0.1782656744,0.1765124523,0.1744379640,0.1720426396,0.1692904236,0.1661429281,0.1625597694,0.1584698850,0.1537826315,0.1483598527,0.1419800147,0.1342411405,0.1243282874,0.1098771561,0.0562350959
133920.000000,0.1829576210,0.1828211153,0.1824348494,0.1817889759,0.1808802817,0.1796925607,0.1782251955,0.1764726551,0.1743989672,0.1720045587,0.1692533840,0.1661070645,0.1625252258,0.1584368230,0.1537512345,0.1483303377,0.1419526531,0.1342163008,0.1243065330,0.1098595994,0.0562292948
133980.000000,0.1829153593,0.1827789078,0.1823927949,0.1817471768,0.1808388409,0.1796515862,0.1781847942,0.1764329341,0.1743600447,0.1719665501,0.1692164144,0.1660712686,0.1624907469,0.1584038225,0.1537198955,0.1483008770,0.1419253411,0.1341915058,0.1242848171,0.1098420730,0.0562235112
134040.000000,0.1828730976,0.1827367002,0.1823507404,0.1817053777,0.1807974001,0.1796106118,0.1781443929,0.1763932130,0.1743211221,0.1719285415,0.1691794449,0.1660354726,0.1624562681,0.1583708220,0.1536885565,0.1482714162,0.1418980292,0.1341667108,0.1242631011,0.1098245465,0.0562177276
134100.000000,0.1828309173,0.1826945739,0.1823087668,0.1816636590,0.1807560389,0.1795697159,0.1781040689,0.1763535678,0.1742822737,0.1718906050,0.1691425452,0.1659997439,0.1624218538,0.1583378830,0.1536572754,0.1482420094,0.1418707668,0.1341419602,0.1242414235,0.1098070504,0.0562119614
134160.000000,0.1827887370,0.1826524477,0.1822667933,0.1816219403,0.1807146777,0.1795288200,0.1780637449,0.1763139226,0.1742434253,0.1718526686,0.1691056455,0.1659640153,0.1623874395,0.1583049439,0.1536259944,0.1482126026,0.1418435045,0.1341172096,0.1242197458,0.1097895542,0.0562061953
134220.000000,0.1827466379,0.1826104024,0.1822249004,0.1815803018,0.1806733959,0.1794880025,0.1780234979,0.1762743530,0.1742046508,0.1718148040,0.1690688155,0.1659283538,0.1623530895,0.1582720661,0.1535947710,0.1481832497,0.1418162915,0.1340925034,0.1241981064,0.1097720881,0.0562004465
134280.000000,0.1827045388,0.1825683572,0.1821830076,0.1815386632,0.1806321141,0.1794471849,0.1779832510,0.1762347834,0.1741658763,0.1717769394,0.1690319855,0.1658926923,0.1623187395,0.1582391882,0.1535635477,0.1481538967,0.1417890786,0.1340677971,0.1241764670,0.1097546220,0.0561946977
134340.000000,0.1826625206,0.1825263928,0.1821411952,0.1814971046,0.1805909114,0.1794064455,0.1779430810,0.1761952892,0.1741271754,0.1717391465,0.1689952249,0.1658570978,0.1622844537,0.1582063714,0.1535323819,0.1481245975,0.1417619149,0.1340431351,0.1241548657,0.1097371860,0.0561889662
134400.000000,0.1826205023,0.1824844284,0.1820993828,0.1814555459,0.1805497087,0.1793657061,0.1779029109,0.1761557950,0.1740884745,0.1717013536,0.1689584644,0.1658215033,0.1622501679,0.1581735546,0.1535012161,0.1480952982,0.1417347513,0.1340184730,0.1241332644,0.1097197500,0.0561832347
134460.000000,0.1825785648,0.1824425445,0.1820576507,0.1814140670,0.1805085848,0.1793250445,0.1778628175,0.1761163759,0.1740498470,0.1716636322,0.1689217730,0.1657859755,0.1622159460,0.1581407987,0.1534701078,0.1480660524,0.1417076367,0.1339938550,0.1241117010,0.1097023439,0.0561775204
134520.000000,0.1825366273,0.1824006606,0.1820159185,0.1813725880,0.1804674610,0.1792843829,0.1778227240,0.1760769568,0.1740112196,0.1716259108,0.1688850817,0.1657504477,0.1621817242,0.1581080427,0.1534389994,0.1480368067,0.1416805222,0.1339692371,0.1240901377,0.1096849379,0.0561718061
134580.000000,0.1824947701,0.1823588571,0.1819742663,0.1813311884,0.1804264158,0.1792437990,0.1777827070,0.1760376126,0.1739726653,0.1715882606,0.1688484594,0.1657149864,0.1621475661,0.1580753474,0.1534079482,0.1480076143,0.1416534567,0.1339446630,0.1240686123,0.1096675617,0.0561661090
134640.000000,0.1824529130,0.1823170535,0.1819326141,0.1812897888,0.1803853706,0.1792032150,0.1777426899,0.1759982685,0.1739341111,0.1715506104,0.1688118371,0.1656795252,0.1621134080,0.1580426521,0.1533768971,0.1479784219,0.1416263911,0.1339200890,0.1240470868,0.1096501855,0.0561604119
134700.000000,0.1824111360,0.1822753300,0.1818910417,0.1812484684,0.1803444038,0.1791627084,0.1777027490,0.1759589990,0.1738956298,0.1715130312,0.1687752836,0.1656441302,0.1620793134,0.1580100173,0.1533459030,0.1479492827,0.1415993744,0.1338955588,0.1240255992,0.1096328391,0.0561547318
134760.000000,0.1823693591,0.1822336064,0.1818494692,0.1812071480,0.1803034370,0.1791222019,0.1776628081,0.1759197295,0.1738571485,0.1714754521,0.1687387302,0.1656087353,0.1620452189,0.1579773825,0.1533149088,0.1479201435,0.1415723577,0.1338710286,0.1240041115,0.1096154927,0.0561490518
134820.000000,0.1823276620,0.1821919627,0.1818079762,0.1811659065,0.1802625483,0.1790817724,0.1776229431,0.1758805345,0.1738187400,0.1714379437,0.1687022453,0.1655734065,0.1620111877,0.1579448080,0.1532839716,0.1478910573,0.1415453897,0.1338465420,0.1239826615,0.1095981760,0.0561433888
134880.000000,0.1822859650,0.1821503190,0.1817664832,0.1811246651,0.1802216596,0.1790413430,0.1775830781,0.1758413395,0.1737803314,0.1714004354,0.1686657604,0.1655380778,0.1619771566,0.1579122335,0.1532530344,0.1478619712,0.1415184217,0.1338220555,0.1239612115,0.1095808594,0.0561377257
134940.000000,0.1822443477,0.1821087548,0.1817250694,0.1810835023,0.1801808489,0.1790009905,0.1775432888,0.1758022187,0.1737419954,0.1713629976,0.1686293440,0.1655028149,0.1619431886,0.1578797191,0.1532221538,0.1478329379,0.1414915023,0.1337976125,0.1239397990,0.1095635723,0.0561320796
135000.000000,0.1822027303,0.1820671907,0.1816836556,0.1810423394,0.1801400381,0.1789606380,0.1775034995,0.1757630979,0.1737036594,0.1713255599,0.1685929275,0.1654675521,0.1619092207,0.1578472048,0.1531912733,0.1478039046,0.1414645828,0.1337731695,0.1239183866,0.1095462852,0.0561264335
135060.000000,0.1821611924,0.1820257058,0.1816423208,0.1810012551,0.1800993051,0.1789203622,0.1774637856,0.1757240511,0.1736653957,0.1712881925,0.1685565792,0.1654323550,0.1618753157,0.1578147503,0.1531604493,0.1477749241,0.1414377118,0.1337487700,0.1238970116,0.1095290277,0.0561208043
135120.000000,0.1821196544,0.1819842210,0.1816009861,0.1809601707,0.1800585720,0.1788800863,0.1774240717,0.1756850043,0.1736271321,0.1712508251,0.1685202309,0.1653971579,0.1618414107,0.1577822959,0.1531296253,0.1477459435,0.1414108407,0.1337243704,0.1238756366,0.1095117701,0.0561151751
135180.000000,0.1820781957,0.1819428152,0.1815597300,0.1809191646,0.1800179163,0.1788398869,0.1773844331,0.1756460313,0.1735889405,0.1712135279,0.1684839507,0.1653620263,0.1618075686,0.1577499012,0.1530988577,0.1477170155,0.1413840180,0.1337000142,0.1238542989,0.1094945421,0.0561095627
135240.000000,0.1820367370,0.1819014094,0.1815184740,0.1808781584,0.1799772607,0.1787996875,0.1773447944,0.1756070583,0.1735507489,0.1711762307,0.1684476704,0.1653268947,0.1617737264,0.1577175066,0.1530680901,0.1476880875,0.1413571952,0.1336756580,0.1238329613,0.1094773140,0.0561039503
135300.000000,0.1819953572,0.1818600825,0.1814772964,0.1808372302,0.1799366823,0.1787595643,0.1773052308,0.1755681588,0.1735126291,0.1711390034,0.1684114579,0.1652918285,0.1617399469,0.1576851715,0.1530373787,0.1476592120,0.1413304206,0.1336513449,0.1238116608,0.1094601153,0.0560983546
135360.000000,0.1819539774,0.1818187556,0.1814361189,0.1807963020,0.1798961038,0.1787194411,0.1772656671,0.1755292594,0.1734745094,0.1711017761,0.1683752454,0.1652567623,0.1617061674,0.1576528364,0.1530066673,0.1476303364,0.1413036459,0.1336270318,0.1237903604,0.1094429166,0.0560927589
135420.000000,0.1819126763,0.1817775072,0.1813950196,0.1807554515,0.1798556023,0.1786793939,0.1772261783,0.1754904333,0.1734364613,0.1710646186,0.1683391004,0.1652217612,0.1616724503,0.1576205608,0.1529760119,0.1476015131,0.1412769193,0.1336027618,0.1237690971,0.1094257471,0.0560871799
135480.000000,0.1818713752,0.1817362588,0.1813539204,0.1807146010,0.1798151008,0.1786393467,0.1771866894,0.1754516071,0.1733984132,0.1710274611,0.1683029555,0.1651867601,0.1616387332,0.1575882851,0.1529453565,0.1475726898,0.1412501926,0.1335784918,0.1237478338,0.1094085777,0.0560816009
135540.000000,0.1818301525,0.1816950888,0.1813128991,0.1806738280,0.1797746761,0.1785993752,0.1771472750,0.1754128541,0.1733604366,0.1709903731,0.1682668779,0.1651518240,0.1616050783,0.1575560686,0.1529147570,0.1475439186,0.1412235138,0.1335542647,0.1237266075,0.1093914375,0.0560760385
135600.000000,0.1817889299,0.1816539188,0.1812718778,0.1806330550,0.1797342513,0.1785594037,0.1771078607,0.1753741011,0.1733224600,0.1709532851,0.1682308004,0.1651168879,0.1615714235,0.1575238522,0.1528841575,0.1475151474,0.1411968350,0.1335300376,0.1237053812,0.1093742973,0.0560704761
135660.000000,0.1817477855,0.1816128269,0.1812309344,0.1805923592,0.1796939030,0.1785195078,0.1770685206,0.1753354210,0.1732845546,0.1709162665,0.1681947900,0.1650820165,0.1615378307,0.1574916948,0.1528536137,0.1474864281,0.1411702039,0.1335058533,0.1236841918,0.1093571862,0.0560649302
135720.000000,0.1817066411,0.1815717350,0.1811899909,0.1805516635,0.1796535548,0.1784796118,0.1770291806,0.1752967408,0.1732466491,0.1708792478,0.1681587796,0.1650471451,0.1615042379,0.1574595374,0.1528230699,0.1474577089,0.1411435728,0.1334816690,0.1236630025,0.1093400751,0.0560593843
135780.000000,0.1816655747,0.1815307210,0.1811491250,0.1805110447,0.1796132828,0.1784397911,0.1769899146,0.1752581334,0.1732088147,0.1708422982,0.1681228362,0.1650123383,0.1614707069,0.1574274389,0.1527925816,0.1474290414,0.1411169893,0.1334575274,0.1236418499,0.1093229930,0.0560538549
135840.000000,0.1816245083,0.1814897070,0.1811082591,0.1804704260,0.1795730107,0.1783999704,0.1769506487,0.1752195259,0.1731709803,0.1708053487,0.1680868928,0.1649775315,0.1614371760,0.1573953404,0.1527620933,0.1474003740,0.1410904058,0.1334333858,0.1236206973,0.1093059109,0.0560483255
135900.000000,0.1815835196,0.1814487706,0.1810674705,0.1804298840,0.1795328148,0.1783602248,0.1769114566,0.1751809909,0.1731332167,0.1707684680,0.1680510161,0.1649427890,0.1614037068,0.1573633006,0.1527316604,0.1473717582,0.1410638697,0.1334092868,0.1235995814,0.1092888578,0.0560428125
135960.000000,0.1815425309,0.1814078342,0.1810266819,0.1803893421,0.1794926188,0.1783204792,0.1768722645,0.1751424559,0.1730954531,0.1707315874,0.1680151395,0.1649080466,0.1613702375,0.1573312608,0.1527012275,0.1473431424,0.1410373336,0.1333851877,0.1235784656,0.1092718047,0.0560372995
136020.000000,0.1815016197,0.1813669752,0.1809859703,0.1803488766,0.1794524986,0.1782808084,0.1768331460,0.1751039931,0.1730577600,0.1706947754,0.1679793294,0.1648733683,0.1613368298,0.1572992795,0.1526708499,0.1473145780,0.1410108447,0.1333611311,0.1235573863,0.1092547805,0.0560318028
136080.000000,0.1814607086,0.1813261162,0.1809452588,0.1803084112,0.1794123784,0.1782411375,0.1767940275,0.1750655303,0.1730200670,0.1706579634,0.1679435193,0.1648386901,0.1613034221,0.1572672983,0.1526404722,0.1472860137,0.1409843559,0.1333370745,0.1235363070,0.1092377562,0.0560263061
136140.000000,0.1814198747,0.1812853343,0.1809046241,0.1802680221,0.1793723338,0.1782015413,0.1767549825,0.1750271395,0.1729824443,0.1706212200,0.1679077756,0.1648040758,0.1612700757,0.1572353753,0.1526101495,0.1472575008,0.1409579143,0.1333130601,0.1235152642,0.1092207608,0.0560208257
136200.000000,0.1813790408,0.1812445525,0.1808639894,0.1802276330,0.1793322892,0.1781619451,0.1767159374,0.1749887487,0.1729448216,0.1705844765,0.1678720319,0.1647694615,0.1612367293,0.1572034524,0.1525798269,0.1472289878,0.1409314726,0.1332890458,0.1234942215,0.1092037653,0.0560153453
136260.000000,0.1813382839,0.1812038476,0.1808234314,0.1801873199,0.1792923199,0.1781224233,0.1766769656,0.1749504297,0.1729072691,0.1705478013,0.1678363544,0.1647349110,0.1612034440,0.1571715877,0.1525495592,0.1472005260,0.1409050779,0.1332650737,0.1234732151,0.1091867986,0.0560098810
136320.000000,0.1812975271,0.1811631427,0.1807828733,0.1801470069,0.1792523506,0.1780829015,0.1766379937,0.1749121107,0.1728697165,0.1705111261,0.1678006768,0.1647003605,0.1611701587,0.1571397229,0.1525192914,0.1471720642,0.1408786833,0.1332411016,0.1234522087,0.1091698319,0.0560044168
136380.000000,0.1812568470,0.1811225145,0.1807423916,0.1801067697,0.1792124564,0.1780434538,0.1765990948,0.1748738633,0.1728322339,0.1704745190,0.1677650652,0.1646658736,0.1611369344,0.1571079162,0.1524890784,0.1471436535,0.1408523355,0.1332171715,0.1234312385,0.1091528938,0.0559989687
136440.000000,0.1812161670,0.1810818863,0.1807019099,0.1800665325,0.1791725623,0.1780040061,0.1765601959,0.1748356158,0.1727947513,0.1704379119,0.1677294537,0.1646313867,0.1611037101,0.1570761095,0.1524588654,0.1471152428,0.1408259878,0.1331932415,0.1234102684,0.1091359557,0.0559935206
136500.000000,0.1811755635,0.1810413345,0.1806615043,0.1800263710,0.1791327430,0.1779646323,0.1765213698,0.1747974398,0.1727573385,0.1704013727,0.1676939079,0.1645969632,0.1610705466,0.1570443606,0.1524287069,0.1470868829,0.1407996867,0.1331693533,0.1233893345,0.1091190461,0.0559880886
136560.000000,0.1811349601,0.1810007828,0.1806210988,0.1799862094,0.1790929237,0.1779252586,0.1764825436,0.1747592637,0.1727199256,0.1703648334,0.1676583621,0.1645625397,0.1610373830,0.1570126117,0.1523985484,0.1470585231,0.1407733857,0.1331454652,0.1233684006,0.1091021366,0.0559826566
136620.000000,0.1810944329,0.1809603072,0.1805807692,0.1799461232,0.1790531790,0.1778859585,0.1764437900,0.1747211588,0.1726825823,0.1703283619,0.1676228818,0.1645281795,0.1610042801,0.1569809205,0.1523684444,0.1470302140,0.1407471313,0.1331216189,0.1233475027,0.1090852555,0.0559772406
136680.000000,0.1810539058,0.1809198317,0.1805404395,0.1799060371,0.1790134344,0.1778466584,0.1764050364,0.1746830538,0.1726452389,0.1702918903,0.1675874016,0.1644938192,0.1609711772,0.1569492293,0.1523383403,0.1470019049,0.1407208768,0.1330977726,0.1233266048,0.1090683744,0.0559718246
136740.000000,0.1810134548,0.1808794322,0.1805001856,0.1798660261,0.1789737642,0.1778074319,0.1763663551,0.1746450198,0.1726079649,0.1702554862,0.1675519868,0.1644595220,0.1609381347,0.1569175956,0.1523082905,0.1469736464,0.1406946689,0.1330739680,0.1233057430,0.1090515217,0.0559664245
136800.000000,0.1809730038,0.1808390327,0.1804599316,0.1798260150,0.1789340940,0.1777682053,0.1763276738,0.1746069858,0.1725706909,0.1702190821,0.1675165719,0.1644252247,0.1609050921,0.1568859618,0.1522782407,0.1469453879,0.1406684609,0.1330501634,0.1232848811,0.1090346690,0.0559610244
136860.000000,0.1809326286,0.1807987089,0.1804197531,0.1797860790,0.1788944980,0.1777290519,0.1762890646,0.1745690226,0.1725334859,0.1701827453,0.1674812222,0.1643909904,0.1608721099,0.1568543855,0.1522482450,0.1469171799,0.1406422993,0.1330264004,0.1232640550,0.1090178446,0.0559556402
136920.000000,0.1808922535,0.1807583851,0.1803795746,0.1797461429,0.1788549020,0.1776898986,0.1762504554,0.1745310593,0.1724962810,0.1701464084,0.1674458726,0.1643567560,0.1608391276,0.1568228091,0.1522182492,0.1468889718,0.1406161377,0.1330026374,0.1232432290,0.1090010203,0.0559502560
136980.000000,0.1808519540,0.1807181369,0.1803394714,0.1797062815,0.1788153800,0.1776508183,0.1762119180,0.1744931665,0.1724591450,0.1701101387,0.1674105879,0.1643225843,0.1608062054,0.1567912898,0.1521883074,0.1468608141,0.1405900223,0.1329789159,0.1232224388,0.1089842241,0.0559448876
137040.000000,0.1808116545,0.1806778887,0.1802993681,0.1796664202,0.1787758580,0.1776117380,0.1761733807,0.1744552737,0.1724220089,0.1700738689,0.1673753033,0.1642884125,0.1607732831,0.1567597706,0.1521583656,0.1468326563,0.1405639069,0.1329551943,0.1232016485,0.1089674280,0.0559395193
137100.000000,0.1807714304,0.1806377158,0.1802593398,0.1796266333,0.1787364097,0.1775727306,0.1761349150,0.1744174512,0.1723849416,0.1700376660,0.1673400834,0.1642543033,0.1607404208,0.1567283084,0.1521284776,0.1468045487,0.1405378375,0.1329315141,0.1231808940,0.1089506600,0.0559341666
137160.000000,0.1807312064,0.1805975429,0.1802193116,0.1795868464,0.1786969614,0.1775337231,0.1760964493,0.1743796288,0.1723478743,0.1700014631,0.1673048635,0.1642201941,0.1607075585,0.1566968461,0.1520985896,0.1467764412,0.1405117682,0.1329078339,0.1231601394,0.1089338920,0.0559288140
137220.000000,0.1806910575,0.1805574451,0.1801793581,0.1795471338,0.1786575867,0.1774947882,0.1760580551,0.1743418764,0.1723108754,0.1699653269,0.1672697083,0.1641861471,0.1606747558,0.1566654407,0.1520687551,0.1467483836,0.1404857448,0.1328841950,0.1231394204,0.1089171521,0.0559234770
137280.000000,0.1806509086,0.1805173473,0.1801394046,0.1795074212,0.1786182120,0.1774558534,0.1760196609,0.1743041240,0.1722738766,0.1699291907,0.1672345530,0.1641521002,0.1606419532,0.1566340353,0.1520389207,0.1467203260,0.1404597214,0.1328605560,0.1231187014,0.1089004122,0.0559181401
137340.000000,0.1806108347,0.1804773243,0.1800995257,0.1794677826,0.1785789106,0.1774169909,0.1759813379,0.1742664414,0.1722369460,0.1698931209,0.1671994621,0.1641181153,0.1606092101,0.1566026866,0.1520091398,0.1466923183,0.1404337438,0.1328369581,0.1230980178,0.1088837002,0.0559128187
137400.000000,0.1805707608,0.1804373014,0.1800596467,0.1794281440,0.1785396092,0.1773781284,0.1759430149,0.1742287589,0.1722000154,0.1698570511,0.1671643713,0.1640841305,0.1605764670,0.1565713378,0.1519793588,0.1466643106,0.1404077662,0.1328133603,0.1230773343,0.1088669883,0.0559074974
137460.000000,0.1805307617,0.1803973531,0.1800198421,0.1793885792,0.1785003809,0.1773393380,0.1759047629,0.1741911460,0.1721631530,0.1698210476,0.1671293447,0.1640502075,0.1605437832,0.1565400455,0.1519496311,0.1466363526,0.1403818342,0.1327898034,0.1230566861,0.1088503043,0.0559021916
137520.000000,0.1804907625,0.1803574047,0.1799800375,0.1793490145,0.1784611526,0.1773005477,0.1758665110,0.1741535332,0.1721262905,0.1697850442,0.1670943180,0.1640162846,0.1605110995,0.1565087533,0.1519199034,0.1466083946,0.1403559023,0.1327662465,0.1230360379,0.1088336203,0.0558968858
137580.000000,0.1804508379,0.1803175308,0.1799403070,0.1793095233,0.1784219972,0.1772618293,0.1758283298,0.1741159898,0.1720894959,0.1697491067,0.1670593555,0.1639824234,0.1604784749,0.1564775173,0.1518902289,0.1465804862,0.1403300159,0.1327427305,0.1230154250,0.1088169642,0.0558915956
137640.000000,0.1804109133,0.1802776569,0.1799005765,0.1792700321,0.1783828417,0.1772231110,0.1757901486,0.1740784464,0.1720527012,0.1697131693,0.1670243929,0.1639485623,0.1604458504,0.1564462814,0.1518605544,0.1465525778,0.1403041295,0.1327192145,0.1229948121,0.1088003080,0.0558863053
137700.000000,0.1803710629,0.1802378572,0.1798609199,0.1792306143,0.1783437590,0.1771844643,0.1757520381,0.1740409722,0.1720159743,0.1696772978,0.1669894941,0.1639147626,0.1604132848,0.1564151016,0.1518309328,0.1465247188,0.1402782885,0.1326957393,0.1229742344,0.1087836796,0.0558810304
137760.000000,0.1803312126,0.1801980575,0.1798212633,0.1791911965,0.1783046762,0.1771458177,0.1757139275,0.1740034981,0.1719792474,0.1696414262,0.1669545954,0.1638809630,0.1603807193,0.1563839218,0.1518013113,0.1464968598,0.1402524475,0.1326722641,0.1229536567,0.1087670512,0.0558757556
137820.000000,0.1802914363,0.1801583318,0.1797816803,0.1791518519,0.1782656659,0.1771072425,0.1756758873,0.1739660929,0.1719425879,0.1696056204,0.1669197603,0.1638472248,0.1603482125,0.1563527981,0.1517717426,0.1464690501,0.1402266518,0.1326488295,0.1229331140,0.1087504505,0.0558704961
137880.000000,0.1802516601,0.1801186060,0.1797420974,0.1791125073,0.1782266556,0.1770686674,0.1756378471,0.1739286878,0.1719059284,0.1695698145,0.1668849252,0.1638134865,0.1603157058,0.1563216743,0.1517421739,0.1464412404,0.1402008561,0.1326253949,0.1229125713,0.1087338498,0.0558652367
137940.000000,0.1802119576,0.1800789540,0.1797025879,0.1790732356,0.1781877175,0.1770301636,0.1755998771,0.1738913516,0.1718693363,0.1695340742,0.1668501536,0.1637798095,0.1602832577,0.1562906063,0.1517126579,0.1464134799,0.1401751056,0.1326020008,0.1228920636,0.1087172767,0.0558599925
138000.000000,0.1801722552,0.1800393020,0.1796630784,0.1790339639,0.1781487794,0.1769916598,0.1755619071,0.1738540153,0.1718327441,0.1694983338,0.1668153819,0.1637461324,0.1602508097,0.1562595384,0.1516831418,0.1463857193,0.1401493550,0.1325786067,0.1228715559,0.1087007036,0.0558547483
138060.000000,0.1801326265,0.1799997235,0.1796236421,0.1789947649,0.1781099133,0.1769532270,0.1755240071,0.1738167476,0.1717962190,0.1694626587,0.1667806736,0.1637125164,0.1602184201,0.1562285261,0.1516536784,0.1463580078,0.1401236495,0.1325552531,0.1228510831,0.1086841580,0.0558495194
138120.000000,0.1800929977,0.1799601450,0.1795842058,0.1789555659,0.1780710472,0.1769147943,0.1754861070,0.1737794800,0.1717596938,0.1694269837,0.1667459653,0.1636789003,0.1601860305,0.1561975139,0.1516242149,0.1463302963,0.1400979439,0.1325318994,0.1228306103,0.1086676125,0.0558442905
138180.000000,0.1800534423,0.1799206399,0.1795448425,0.1789164394,0.1780322529,0.1768764325,0.1754482768,0.1737422808,0.1717232356,0.1693913737,0.1667113200,0.1636453452,0.1601536993,0.1561665571,0.1515948037,0.1463026336,0.1400722833,0.1325085861,0.1228101722,0.1086510944,0.0558390768
138240.000000,0.1800138869,0.1798811347,0.1795054792,0.1788773129,0.1779934586,0.1768380706,0.1754104465,0.1737050816,0.1716867774,0.1693557637,0.1666766748,0.1636117900,0.1601213680,0.1561356003,0.1515653926,0.1462749709,0.1400466226,0.1324852727,0.1227897342,0.1086345763,0.0558338631
138300.000000,0.1799744048,0.1798417026,0.1794661887,0.1788382587,0.1779547359,0.1767997795,0.1753726858,0.1736679506,0.1716503858,0.1693202187,0.1666420924,0.1635782954,0.1600890949,0.1561046989,0.1515360337,0.1462473570,0.1400210068,0.1324619995,0.1227693308,0.1086180856,0.0558286645
138360.000000,0.1799349226,0.1798022705,0.1794268982,0.1787992045,0.1779160132,0.1767614883,0.1753349250,0.1736308196,0.1716139942,0.1692846736,0.1666075101,0.1635448009,0.1600568218,0.1560737975,0.1515066748,0.1462197430,0.1399953909,0.1324387263,0.1227489274,0.1086015948,0.0558234659
138420.000000,0.1798955134,0.1797629113,0.1793876803,0.1787602224,0.1778773619,0.1767232676,0.1752972336,0.1735937567,0.1715776692,0.1692491932,0.1665729905,0.1635113668,0.1600246067,0.1560429513,0.1514773680,0.1461921777,0.1399698196,0.1324154932,0.1227285586,0.1085851314,0.0558182824
138480.000000,0.1798561042,0.1797235521,0.1793484624,0.1787212402,0.1778387106,0.1766850469,0.1752595423,0.1735566937,0.1715413441,0.1692137129,0.1665384709,0.1634779328,0.1599923916,0.1560121051,0.1514480612,0.1461646123,0.1399442484,0.1323922601,0.1227081898,0.1085686680,0.0558130989
138540.000000,0.1798167678,0.1796842655,0.1793093168,0.1786823300,0.1778001304,0.1766468964,0.1752219200,0.1735196986,0.1715050853,0.1691782971,0.1665040138,0.1634445590,0.1599602342,0.1559813139,0.1514188063,0.1461370954,0.1399187216,0.1323690670,0.1226878555,0.1085522318,0.0558079304
138600.000000,0.1797774313,0.1796449789,0.1792701712,0.1786434197,0.1777615502,0.1766087459,0.1751842978,0.1734827035,0.1714688265,0.1691428813,0.1664695567,0.1634111853,0.1599280769,0.1559505227,0.1513895514,0.1461095785,0.1398931949,0.1323458738,0.1226675212,0.1085357956,0.0558027619
138660.000000,0.1797381674,0.1796057648,0.1792310978,0.1786045811,0.1777230410,0.1765706655,0.1751467445,0.1734457760,0.1714326338,0.1691075298,0.1664351620,0.1633778716,0.1598959772,0.1559197863,0.1513603483,0.1460821099,0.1398677125,0.1323227205,0.1226472212,0.1085193866,0.0557976084
138720.000000,0.1796989035,0.1795665507,0.1791920244,0.1785657424,0.1776845318,0.1765325851,0.1751091912,0.1734088485,0.1713964411,0.1690721783,0.1664007673,0.1633445580,0.1598638776,0.1558890500,0.1513311452,0.1460546413,0.1398422302,0.1322995672,0.1226269213,0.1085029776,0.0557924548
138780.000000,0.1796597120,0.1795274088,0.1791530229,0.1785269752,0.1776460933,0.1764945745,0.1750717066,0.1733719884,0.1713603143,0.1690368910,0.1663664347,0.1633113044,0.1598318354,0.1558583684,0.1513019937,0.1460272208,0.1398167921,0.1322764536,0.1226066557,0.1084865956,0.0557873161
138840.000000,0.1796205204,0.1794882669,0.1791140213,0.1784882080,0.1776076548,0.1764565640,0.1750342220,0.1733351283,0.1713241875,0.1690016037,0.1663321022,0.1632780507,0.1597997931,0.1558276868,0.1512728422,0.1459998004,0.1397913540,0.1322533401,0.1225863900,0.1084702137,0.0557821775
138900.000000,0.1795814009,0.1794491970,0.1790750915,0.1784495121,0.1775692868,0.1764186230,0.1749968060,0.1732983354,0.1712881263,0.1689663803,0.1662978316,0.1632448568,0.1597678083,0.1557970597,0.1512437421,0.1459724280,0.1397659600,0.1322302661,0.1225661586,0.1084538588,0.0557770537
138960.000000,0.1795422815,0.1794101271,0.1790361617,0.1784108161,0.1775309189,0.1763806821,0.1749593900,0.1732615426,0.1712520652,0.1689311570,0.1662635611,0.1632116629,0.1597358234,0.1557664326,0.1512146421,0.1459450556,0.1397405660,0.1322071921,0.1225459271,0.1084375038,0.0557719298
139020.000000,0.1795032339,0.1793711290,0.1789973034,0.1783721911,0.1774926212,0.1763428105,0.1749220422,0.1732248168,0.1712160696,0.1688959974,0.1662293523,0.1631785286,0.1597038956,0.1557358599,0.1511855934,0.1459177311,0.1397152160,0.1321841577,0.1225257298,0.1084211758,0.0557668208
139080.000000,0.1794641863,0.1793321309,0.1789584451,0.1783335661,0.1774543236,0.1763049390,0.1748846945,0.1731880909,0.1711800740,0.1688608378,0.1661951436,0.1631453943,0.1596719678,0.1557052872,0.1511565447,0.1458904065,0.1396898661,0.1321611232,0.1225055325,0.1084048478,0.0557617117
139140.000000,0.1794252105,0.1792932043,0.1789196581,0.1782950119,0.1774160961,0.1762671367,0.1748474149,0.1731514319,0.1711441437,0.1688257418,0.1661609965,0.1631123195,0.1596400971,0.1556747688,0.1511275472,0.1458631298,0.1396645600,0.1321381282,0.1224853691,0.1083885467,0.0557566174
139200.000000,0.1793862346,0.1792542778,0.1788808711,0.1782564578,0.1773778686,0.1762293344,0.1748101354,0.1731147730,0.1711082135,0.1687906458,0.1661268494,0.1630792446,0.1596082263,0.1556442504,0.1510985497,0.1458358530,0.1396392539,0.1321151331,0.1224652058,0.1083722455,0.0557515230
139260.000000,0.1793473302,0.1792154227,0.1788421552,0.1782179742,0.1773397109,0.1761916011,0.1747729237,0.1730781806,0.1710723483,0.1687556132,0.1660927637,0.1630462290,0.1595764123,0.1556137860,0.1510696032,0.1458086239,0.1396139915,0.1320921773,0.1224450763,0.1083559712,0.0557464434
139320.000000,0.1793084258,0.1791765675,0.1788034393,0.1781794906,0.1773015533,0.1761538678,0.1747357120,0.1730415882,0.1710364831,0.1687205806,0.1660586780,0.1630132134,0.1595445983,0.1555833216,0.1510406567,0.1457813947,0.1395887292,0.1320692216,0.1224249469,0.1083396968,0.0557413637
139380.000000,0.1792695926,0.1791377835,0.1787647942,0.1781410774,0.1772634654,0.1761162034,0.1746985681,0.1730050623,0.1710006829,0.1686856112,0.1660246536,0.1629802569,0.1595128410,0.1555529112,0.1510117611,0.1457542131,0.1395635105,0.1320463050,0.1224048513,0.1083234492,0.0557362986
139440.000000,0.1792307595,0.1790989995,0.1787261491,0.1781026642,0.1772253775,0.1760785389,0.1746614242,0.1729685364,0.1709648827,0.1686506418,0.1659906292,0.1629473004,0.1594810837,0.1555225007,0.1509828655,0.1457270314,0.1395382918,0.1320233884,0.1223847557,0.1083072015,0.0557312335
139500.000000,0.1791919974,0.1790602865,0.1786875747,0.1780643211,0.1771873590,0.1760409430,0.1746243478,0.1729320767,0.1709291472,0.1686157355,0.1659566660,0.1629144028,0.1594493828,0.1554921441,0.1509540207,0.1456998971,0.1395131166,0.1320005109,0.1223646938,0.1082909805,0.0557261830
139560.000000,0.1791532353,0.1790215734,0.1786490003,0.1780259781,0.1771493406,0.1760033472,0.1745872714,0.1728956170,0.1708934117,0.1685808291,0.1659227027,0.1628815052,0.1594176820,0.1554617874,0.1509251758,0.1456727628,0.1394879414,0.1319776333,0.1223446319,0.1082747595,0.0557211325
139620.000000,0.1791145441,0.1789829311,0.1786104963,0.1779877050,0.1771113914,0.1759658197,0.1745502623,0.1728592234,0.1708577408,0.1685459856,0.1658888003,0.1628486663,0.1593860374,0.1554314843,0.1508963815,0.1456456757,0.1394628096,0.1319547947,0.1223246036,0.1082585651,0.0557160964
139680.000000,0.1790758528,0.1789442888,0.1785719924,0.1779494320,0.1770734423,0.1759282922,0.1745132532,0.1728228298,0.1708220699,0.1685111421,0.1658548979,0.1628158274,0.1593543929,0.1554011813,0.1508675873,0.1456185886,0.1394376777,0.1319319562,0.1223045754,0.1082423707,0.0557110604
139740.000000,0.1790372322,0.1789057170,0.1785335587,0.1779112287,0.1770355622,0.1758908330,0.1744763112,0.1727865020,0.1707864633,0.1684763613,0.1658210562,0.1627830472,0.1593228045,0.1553709317,0.1508388435,0.1455915486,0.1394125892,0.1319091564,0.1222845807,0.1082262027,0.0557060387
139800.000000,0.1789986116,0.1788671453,0.1784951249,0.1778730254,0.1769976822,0.1758533737,0.1744393693,0.1727501743,0.1707508567,0.1684415804,0.1657872146,0.1627502669,0.1592912162,0.1553406821,0.1508100997,0.1455645086,0.1393875006,0.1318863567,0.1222645859,0.1082100348,0.0557010171
139860.000000,0.1789600614,0.1788286438,0.1784567613,0.1778348916,0.1769598710,0.1758159825,0.1744024943,0.1727139122,0.1707153143,0.1684068621,0.1657534335,0.1627175450,0.1592596838,0.1553104858,0.1507814062,0.1455375155,0.1393624552,0.1318635957,0.1222446246,0.1081938933,0.0556960099
139920.000000,0.1789215112,0.1787901423,0.1784183976,0.1777967579,0.1769220598,0.1757785913,0.1743656193,0.1726776501,0.1706797720,0.1683721437,0.1657196524,0.1626848231,0.1592281514,0.1552802895,0.1507527127,0.1455105224,0.1393374098,0.1318408347,0.1222246634,0.1081777517,0.0556910026
139980.000000,0.1788830313,0.1787517110,0.1783801037,0.1777586935,0.1768843173,0.1757412678,0.1743288110,0.1726414534,0.1706442936,0.1683374876,0.1656859317,0.1626521595,0.1591966749,0.1552501463,0.1507240693,0.1454835762,0.1393124074,0.1318181124,0.1222047354,0.1081616366,0.0556860097
140040.000000,0.1788445513,0.1787132797,0.1783418099,0.1777206291,0.1768465749,0.1757039444,0.1742920027,0.1726052568,0.1706088152,0.1683028316,0.1656522111,0.1626194958,0.1591651983,0.1552200032,0.1506954260,0.1454566299,0.1392874050,0.1317953900,0.1221848075,0.1081455214,0.0556810167
140100.000000,0.1788061414,0.1786749183,0.1783035857,0.1776826338,0.1768089008,0.1756666886,0.1742552610,0.1725691255,0.1705734006,0.1682682377,0.1656185506,0.1625868902,0.1591337774,0.1551899131,0.1506668327,0.1454297303,0.1392624455,0.1317727062,0.1221649128,0.1081294325,0.0556760381
140160.000000,0.1787677314,0.1786365568,0.1782653614,0.1776446386,0.1767712268,0.1756294328,0.1742185193,0.1725329941,0.1705379860,0.1682336437,0.1655848901,0.1625542847,0.1591023566,0.1551598229,0.1506382394,0.1454028308,0.1392374860,0.1317500223,0.1221450181,0.1081133436,0.0556710594
140220.000000,0.1787293913,0.1785982651,0.1782272066,0.1776067123,0.1767336211,0.1755922444,0.1741818439,0.1724969279,0.1705026350,0.1681991117,0.1655512896,0.1625217370,0.1590709912,0.1551297856,0.1506096959,0.1453759777,0.1392125693,0.1317273769,0.1221251566,0.1080972809,0.0556660949
140280.000000,0.1786910511,0.1785599734,0.1781890518,0.1775687860,0.1766960154,0.1755550560,0.1741451685,0.1724608616,0.1704672840,0.1681645797,0.1655176892,0.1624891893,0.1590396259,0.1550997483,0.1505811525,0.1453491247,0.1391876525,0.1317047315,0.1221052951,0.1080812183,0.0556611305
140340.000000,0.1786527806,0.1785217512,0.1781509662,0.1775309284,0.1766584777,0.1755179348,0.1741085593,0.1724248602,0.1704319965,0.1681301095,0.1654841486,0.1624566994,0.1590083158,0.1550697637,0.1505526588,0.1453223181,0.1391627785,0.1316821244,0.1220854667,0.1080651817,0.0556561801
140400.000000,0.1786145100,0.1784835290,0.1781128807,0.1774930708,0.1766209400,0.1754808136,0.1740719501,0.1723888589,0.1703967090,0.1680956393,0.1654506080,0.1624242094,0.1589770058,0.1550397792,0.1505241651,0.1452955115,0.1391379044,0.1316595173,0.1220656383,0.1080491452,0.0556512298
140460.000000,0.1785763089,0.1784453761,0.1780748641,0.1774552818,0.1765834703,0.1754437594,0.1740354068,0.1723529223,0.1703614847,0.1680612306,0.1654171271,0.1623917770,0.1589457510,0.1550098471,0.1504957210,0.1452687512,0.1391130729,0.1316369483,0.1220458428,0.1080331347,0.0556462936
140520.000000,0.1785381077,0.1784072232,0.1780368475,0.1774174928,0.1765460005,0.1754067052,0.1739988636,0.1723169856,0.1703262604,0.1680268219,0.1653836463,0.1623593446,0.1589144962,0.1549799151,0.1504672769,0.1452419908,0.1390882414,0.1316143794,0.1220260474,0.1080171242,0.0556413574
140580.000000,0.1784999758,0.1783691393,0.1779988998,0.1773797721,0.1765085984,0.1753697179,0.1739623861,0.1722811135,0.1702910992,0.1679924747,0.1653502249,0.1623269697,0.1588832964,0.1549500354,0.1504388822,0.1452152767,0.1390634522,0.1315918486,0.1220062848,0.1080011397,0.0556364352
140640.000000,0.1784618439,0.1783310555,0.1779609520,0.1773420514,0.1764711963,0.1753327305,0.1739259086,0.1722452414,0.1702559380,0.1679581274,0.1653168035,0.1622945947,0.1588520967,0.1549201558,0.1504104876,0.1451885625,0.1390386631,0.1315693178,0.1219865223,0.1079851553,0.0556315130
140700.000000,0.1784237809,0.1782930406,0.1779230729,0.1773043989,0.1764338617,0.1752958098,0.1738894967,0.1722094336,0.1702208396,0.1679238414,0.1652834415,0.1622622769,0.1588209518,0.1548903284,0.1503821422,0.1451618943,0.1390139163,0.1315468250,0.1219667925,0.1079691967,0.0556266048
140760.000000,0.1783857180,0.1782550257,0.1778851937,0.1772667464,0.1763965271,0.1752588891,0.1738530848,0.1721736259,0.1701857413,0.1678895554,0.1652500795,0.1622299592,0.1587898069,0.1548605010,0.1503537969,0.1451352262,0.1389891695,0.1315243321,0.1219470628,0.1079532382,0.0556216966
140820.000000,0.1783477238,0.1782170795,0.1778473830,0.1772291618,0.1763592598,0.1752220348,0.1738167383,0.1721378822,0.1701507057,0.1678553304,0.1652167766,0.1621976985,0.1587587167,0.1548307257,0.1503255007,0.1451086040,0.1389644649,0.1315018772,0.1219273657,0.1079373055,0.0556168023
140880.000000,0.1783097296,0.1781791332,0.1778095723,0.1771915772,0.1763219925,0.1751851805,0.1737803918,0.1721021386,0.1701156701,0.1678211055,0.1651834738,0.1621654379,0.1587276265,0.1548009504,0.1502972046,0.1450819817,0.1389397602,0.1314794222,0.1219076687,0.1079213728,0.0556119080
140940.000000,0.1782718041,0.1781412555,0.1777718298,0.1771540604,0.1762847922,0.1751483925,0.1737441105,0.1720664590,0.1700806969,0.1677869414,0.1651502300,0.1621332341,0.1586965909,0.1547712271,0.1502689575,0.1450554052,0.1389150977,0.1314570051,0.1218880043,0.1079054658,0.0556070276
141000.000000,0.1782338785,0.1781033778,0.1777340872,0.1771165435,0.1762475920,0.1751116045,0.1737078291,0.1720307793,0.1700457238,0.1677527773,0.1651169861,0.1621010303,0.1586655553,0.1547415037,0.1502407103,0.1450288287,0.1388904351,0.1314345879,0.1218683399,0.1078895589,0.0556021472
141060.000000,0.1781960213,0.1780655683,0.1776964127,0.1770790942,0.1762104587,0.1750748825,0.1736716129,0.1719951634,0.1700108131,0.1677186738,0.1650838011,0.1620688833,0.1586345741,0.1547118322,0.1502125121,0.1450022979,0.1388658145,0.1314122084,0.1218487080,0.1078736777,0.0555972807
141120.000000,0.1781581642,0.1780277589,0.1776587383,0.1770416450,0.1761733254,0.1750381605,0.1736353966,0.1719595476,0.1699759023,0.1676845704,0.1650506161,0.1620367363,0.1586035929,0.1546821606,0.1501843139,0.1449757670,0.1388411938,0.1313898289,0.1218290761,0.1078577965,0.0555924141
141180.000000,0.1781203752,0.1779900176,0.1776211316,0.1770042630,0.1761362587,0.1750015044,0.1735992451,0.1719239953,0.1699410537,0.1676505276,0.1650174898,0.1620046459,0.1585726660,0.1546525408,0.1501561644,0.1449492817,0.1388166151,0.1313674870,0.1218094767,0.1078419410,0.0555875613
141240.000000,0.1780825862,0.1779522762,0.1775835249,0.1769668811,0.1760991921,0.1749648483,0.1735630936,0.1718884430,0.1699062051,0.1676164847,0.1649843635,0.1619725555,0.1585417390,0.1546229209,0.1501280150,0.1449227964,0.1387920363,0.1313451451,0.1217898772,0.1078260854,0.0555827085
141300.000000,0.1780448653,0.1779146028,0.1775459858,0.1769295663,0.1760621920,0.1749282578,0.1735270068,0.1718529542,0.1698714185,0.1675825022,0.1649512956,0.1619405214,0.1585108662,0.1545933525,0.1500999141,0.1448963564,0.1387674992,0.1313228406,0.1217703102,0.1078102554,0.0555778694
141360.000000,0.1780071443,0.1778769293,0.1775084468,0.1768922515,0.1760251919,0.1748916674,0.1734909199,0.1718174653,0.1698366319,0.1675485196,0.1649182278,0.1619084874,0.1584799933,0.1545637841,0.1500718133,0.1448699165,0.1387429621,0.1313005362,0.1217507431,0.1077944255,0.0555730303
141420.000000,0.1779694911,0.1778393236,0.1774709751,0.1768550037,0.1759882581,0.1748551424,0.1734548975,0.1717820397,0.1698019070,0.1675145973,0.1648852183,0.1618765097,0.1584491744,0.1545342671,0.1500437609,0.1448435218,0.1387184666,0.1312782691,0.1217312083,0.1077786210,0.0555682049
141480.000000,0.1779318379,0.1778017179,0.1774335035,0.1768177559,0.1759513243,0.1748186174,0.1734188752,0.1717466140,0.1697671822,0.1674806749,0.1648522088,0.1618445319,0.1584183555,0.1545047501,0.1500157085,0.1448171271,0.1386939711,0.1312560020,0.1217116735,0.1077628165,0.0555633794
141540.000000,0.1778942523,0.1777641796,0.1773960991,0.1767805749,0.1759144567,0.1747821577,0.1733829170,0.1717112515,0.1697325190,0.1674468126,0.1648192575,0.1618126103,0.1583875904,0.1544752844,0.1499877045,0.1447907775,0.1386695171,0.1312337722,0.1216921709,0.1077470375,0.0555585676
141600.000000,0.1778566668,0.1777266414,0.1773586947,0.1767433939,0.1758775890,0.1747456980,0.1733469589,0.1716758889,0.1696978559,0.1674129502,0.1647863062,0.1617806887,0.1583568253,0.1544458186,0.1499597005,0.1447644279,0.1386450631,0.1312115423,0.1216726682,0.1077312585,0.0555537558
141660.000000,0.1778191486,0.1776891705,0.1773213573,0.1767062794,0.1758407873,0.1747093035,0.1733110649,0.1716405892,0.1696632541,0.1673791477,0.1647534129,0.1617488229,0.1583261139,0.1544164039,0.1499317447,0.1447381234,0.1386206505,0.1311893497,0.1216531977,0.1077155048,0.0555489575
141720.000000,0.1777816304,0.1776516995,0.1772840200,0.1766691649,0.1758039856,0.1746729089,0.1732751708,0.1716052894,0.1696286524,0.1673453452,0.1647205195,0.1617169572,0.1582954024,0.1543869892,0.1499037889,0.1447118188,0.1385962378,0.1311671570,0.1216337272,0.1076997512,0.0555441593
141780.000000,0.1777441795,0.1776142957,0.1772467495,0.1766321169,0.1757672496,0.1746365792,0.1732393407,0.1715700524,0.1695941119,0.1673116024,0.1646876840,0.1616851473,0.1582647445,0.1543576254,0.1498758812,0.1446855591,0.1385718664,0.1311450014,0.1216142886,0.1076840228,0.0555393745
141840.000000,0.1777067285,0.1775768919,0.1772094789,0.1765950688,0.1757305136,0.1746002495,0.1732035105,0.1715348154,0.1695595714,0.1672778595,0.1646548485,0.1616533374,0.1582340865,0.1543282616,0.1498479735,0.1446592994,0.1385474951,0.1311228458,0.1215948501,0.1076682945,0.0555345897
141900.000000,0.1776693446,0.1775395550,0.1771722751,0.1765580869,0.1756938432,0.1745639846,0.1731677441,0.1714996409,0.1695250921,0.1672441762,0.1646220707,0.1616215831,0.1582034819,0.1542989486,0.1498201137,0.1446330845,0.1385231648,0.1311007271,0.1215754435,0.1076525914,0.0555298184
141960.000000,0.1776319606,0.1775022181,0.1771350712,0.1765211050,0.1756571727,0.1745277197,0.1731319777,0.1714644664,0.1694906127,0.1672104928,0.1645892929,0.1615898288,0.1581728772,0.1542696357,0.1497922539,0.1446068695,0.1384988346,0.1310786084,0.1215560369,0.1076368883,0.0555250471
142020.000000,0.1775946435,0.1774649480,0.1770979338,0.1764841891,0.1756205677,0.1744915193,0.1730962747,0.1714293542,0.1694561943,0.1671768687,0.1645565726,0.1615581300,0.1581423258,0.1542403733,0.1497644420,0.1445806992,0.1384745453,0.1310565266,0.1215366621,0.1076212103,0.0555202892
142080.000000,0.1775573264,0.1774276778,0.1770607963,0.1764472733,0.1755839626,0.1744553189,0.1730605718,0.1713942420,0.1694217758,0.1671432447,0.1645238523,0.1615264311,0.1581117743,0.1542111110,0.1497366300,0.1445545289,0.1384502561,0.1310344448,0.1215172874,0.1076055324,0.0555155313
142140.000000,0.1775200759,0.1773904742,0.1770237252,0.1764104232,0.1755474227,0.1744191828,0.1730249323,0.1713591919,0.1693874181,0.1671096798,0.1644911893,0.1614947876,0.1580812759,0.1541818992,0.1497088657,0.1445284031,0.1384260078,0.1310123998,0.1214979443,0.1075898796,0.0555107867
142200.000000,0.1774828255,0.1773532706,0.1769866540,0.1763735731,0.1755108829,0.1743830468,0.1729892927,0.1713241419,0.1693530604,0.1670761149,0.1644585263,0.1614631441,0.1580507775,0.1541526873,0.1496811014,0.1445022773,0.1384017595,0.1309903547,0.1214786013,0.1075742267,0.0555060422
142260.000000,0.1774456414,0.1773161333,0.1769496490,0.1763367887,0.1754744080,0.1743469749,0.1729537163,0.1712891538,0.1693187633,0.1670426090,0.1644259206,0.1614315557,0.1580203320,0.1541235258,0.1496533846,0.1444761959,0.1383775519,0.1309683463,0.1214592899,0.1075585989,0.0555013109
142320.000000,0.1774084574,0.1772789960,0.1769126439,0.1763000042,0.1754379331,0.1743109030,0.1729181399,0.1712541658,0.1692844662,0.1670091031,0.1643933148,0.1613999674,0.1579898865,0.1540943644,0.1496256679,0.1444501145,0.1383533444,0.1309463379,0.1214399786,0.1075429711,0.0554965796
142380.000000,0.1773713396,0.1772419249,0.1768757047,0.1762632852,0.1754015230,0.1742748951,0.1728826265,0.1712192395,0.1692502295,0.1669756560,0.1643607660,0.1613684340,0.1579594937,0.1540652531,0.1495979985,0.1444240773,0.1383291776,0.1309243660,0.1214206988,0.1075273683,0.0554918616
142440.000000,0.1773342218,0.1772048538,0.1768387655,0.1762265662,0.1753651129,0.1742388873,0.1728471131,0.1711843132,0.1692159928,0.1669422089,0.1643282172,0.1613369006,0.1579291009,0.1540361419,0.1495703292,0.1443980401,0.1383050107,0.1309023942,0.1214014190,0.1075117654,0.0554871436
142500.000000,0.1772971701,0.1771678486,0.1768018920,0.1761899125,0.1753287675,0.1742029432,0.1728116625,0.1711494486,0.1691818163,0.1669088205,0.1642957253,0.1613054221,0.1578987607,0.1540070807,0.1495427071,0.1443720471,0.1382808845,0.1308804588,0.1213821707,0.1074961875,0.0554824388
142560.000000,0.1772601183,0.1771308435,0.1767650185,0.1761532587,0.1752924220,0.1741669991,0.1727762118,0.1711145839,0.1691476398,0.1668754321,0.1642632334,0.1612739435,0.1578684206,0.1539780195,0.1495150851,0.1443460540,0.1382567582,0.1308585234,0.1213629224,0.1074806096,0.0554777340
142620.000000,0.1772231325,0.1770939041,0.1767282105,0.1761166700,0.1752561410,0.1741311186,0.1727408238,0.1710797807,0.1691135234,0.1668421021,0.1642307982,0.1612425197,0.1578381328,0.1539490083,0.1494875101,0.1443201050,0.1382326724,0.1308366243,0.1213437055,0.1074650565,0.0554730423
142680.000000,0.1771861466,0.1770569647,0.1766914025,0.1760800813,0.1752198599,0.1740952382,0.1727054359,0.1710449775,0.1690794069,0.1668087721,0.1641983629,0.1612110958,0.1578078451,0.1539199970,0.1494599352,0.1442941560,0.1382085866,0.1308147253,0.1213244886,0.1074495034,0.0554683506
142740.000000,0.1771492264,0.1770200909,0.1766546598,0.1760435575,0.1751836432,0.1740594211,0.1726701103,0.1710102355,0.1690453504,0.1667755005,0.1641659843,0.1611797265,0.1577776096,0.1538910356,0.1494324073,0.1442682508,0.1381845412,0.1307928625,0.1213053030,0.1074339751,0.0554636720
142800.000000,0.1771123062,0.1769832171,0.1766179171,0.1760070336,0.1751474264,0.1740236041,0.1726347848,0.1709754936,0.1690112939,0.1667422289,0.1641336056,0.1611483572,0.1577473742,0.1538620742,0.1494048794,0.1442423457,0.1381604957,0.1307709997,0.1212861174,0.1074184467,0.0554589935
142860.000000,0.1770754516,0.1769464087,0.1765812396,0.1759705745,0.1751112737,0.1739878504,0.1725995215,0.1709408127,0.1689772970,0.1667090154,0.1641012833,0.1611170423,0.1577171909,0.1538331624,0.1493773984,0.1442164843,0.1381364905,0.1307491730,0.1212669631,0.1074029431,0.0554543279
142920.000000,0.1770385969,0.1769096003,0.1765445621,0.1759341154,0.1750751210,0.1739520966,0.1725642582,0.1709061319,0.1689433002,0.1666758019,0.1640689609,0.1610857273,0.1576870076,0.1538042506,0.1493499173,0.1441906230,0.1381124853,0.1307273464,0.1212478088,0.1073874395,0.0554496624
142980.000000,0.1770018075,0.1768728571,0.1765079495,0.1758977207,0.1750390321,0.1739164059,0.1725290570,0.1708715119,0.1689093630,0.1666426464,0.1640366948,0.1610544666,0.1576568763,0.1537753883,0.1493224830,0.1441648052,0.1380885202,0.1307055558,0.1212286856,0.1073719605,0.0554450098
143040.000000,0.1769650181,0.1768361139,0.1764713369,0.1758613261,0.1750029433,0.1738807152,0.1724938558,0.1708368920,0.1688754257,0.1666094909,0.1640044287,0.1610232059,0.1576267450,0.1537465261,0.1492950488,0.1441389875,0.1380645551,0.1306837652,0.1212095624,0.1073564815,0.0554403573
143100.000000,0.1769282938,0.1767994357,0.1764347890,0.1758249958,0.1749669182,0.1738450874,0.1724587165,0.1708023328,0.1688415478,0.1665763932,0.1639722187,0.1609919992,0.1575966655,0.1537177132,0.1492676611,0.1441132133,0.1380406300,0.1306620106,0.1211904703,0.1073410271,0.0554357177
143160.000000,0.1768915696,0.1767627576,0.1763982412,0.1757886655,0.1749308930,0.1738094596,0.1724235773,0.1707677736,0.1688076699,0.1665432955,0.1639400087,0.1609607926,0.1575665861,0.1536889003,0.1492402735,0.1440874391,0.1380167049,0.1306402560,0.1211713781,0.1073255727,0.0554310781
143220.000000,0.1768549102,0.1767261442,0.1763617579,0.1757523993,0.1748949314,0.1737738946,0.1723884997,0.1707332750,0.1687738512,0.1665102555,0.1639078545,0.1609296399,0.1575365583,0.1536601367,0.1492129323,0.1440617083,0.1379928198,0.1306185372,0.1211523170,0.1073101428,0.0554264514
143280.000000,0.1768182509,0.1766895309,0.1763252746,0.1757161331,0.1748589698,0.1737383295,0.1723534222,0.1706987764,0.1687400325,0.1664772154,0.1638757004,0.1608984872,0.1575065306,0.1536313731,0.1491855911,0.1440359775,0.1379689346,0.1305968184,0.1211332559,0.1072947129,0.0554218247
143340.000000,0.1767816563,0.1766529822,0.1762888558,0.1756799309,0.1748230716,0.1737028270,0.1723184062,0.1706643382,0.1687062729,0.1664442329,0.1638436020,0.1608673882,0.1574765544,0.1536026586,0.1491582963,0.1440102900,0.1379450893,0.1305751354,0.1211142256,0.1072793075,0.0554172109
143400.000000,0.1767450617,0.1766164335,0.1762524369,0.1756437286,0.1747871733,0.1736673244,0.1722833902,0.1706298999,0.1686725133,0.1664112504,0.1638115036,0.1608362893,0.1574465783,0.1535739441,0.1491310015,0.1439846025,0.1379212439,0.1305534524,0.1210951954,0.1072639020,0.0554125970
143460.000000,0.1767085317,0.1765799493,0.1762160822,0.1756075902,0.1747513382,0.1736318843,0.1722484356,0.1705955220,0.1686388125,0.1663783252,0.1637794608,0.1608052439,0.1574166535,0.1535452785,0.1491037530,0.1439589582,0.1378974382,0.1305318051,0.1210761960,0.1072485209,0.0554079959
143520.000000,0.1766720016,0.1765434651,0.1761797276,0.1755714517,0.1747155031,0.1735964441,0.1722134810,0.1705611440,0.1686051118,0.1663454000,0.1637474180,0.1607741986,0.1573867288,0.1535166130,0.1490765044,0.1439333138,0.1378736325,0.1305101577,0.1210571965,0.1072331399,0.0554033949
143580.000000,0.1766355360,0.1765070452,0.1761434369,0.1755353768,0.1746797309,0.1735610661,0.1721785877,0.1705268260,0.1685714697,0.1663125320,0.1637154306,0.1607432067,0.1573568553,0.1534879962,0.1490493020,0.1439077126,0.1378498665,0.1304885459,0.1210382279,0.1072177831,0.0553988066
143640.000000,0.1765990703,0.1764706253,0.1761071463,0.1754993020,0.1746439588,0.1735256881,0.1721436943,0.1704925081,0.1685378277,0.1662796639,0.1636834432,0.1607122149,0.1573269818,0.1534593795,0.1490220995,0.1438821113,0.1378261004,0.1304669342,0.1210192592,0.1072024263,0.0553942183
143700.000000,0.1765626689,0.1764342695,0.1760709195,0.1754632905,0.1746082494,0.1734903722,0.1721088619,0.1704582501,0.1685042442,0.1662468529,0.1636515111,0.1606812763,0.1572971595,0.1534308115,0.1489949430,0.1438565529,0.1378023737,0.1304453579,0.1210003211,0.1071870938,0.0553896427
143760.000000,0.1765262674,0.1763979137,0.1760346927,0.1754272790,0.1745725401,0.1734550562,0.1720740296,0.1704239920,0.1684706607,0.1662140419,0.1636195790,0.1606503378,0.1572673372,0.1534022435,0.1489677866,0.1438309945,0.1377786471,0.1304237816,0.1209813831,0.1071717613,0.0553850671
143820.000000,0.1764899300,0.1763616218,0.1759985295,0.1753913308,0.1745368934,0.1734198021,0.1720392581,0.1703897937,0.1684371356,0.1661812877,0.1635877020,0.1606194524,0.1572375658,0.1533737241,0.1489406759,0.1438054790,0.1377549599,0.1304022406,0.1209624757,0.1071564530,0.0553805041
143880.000000,0.1764535925,0.1763253299,0.1759623664,0.1753553826,0.1745012467,0.1733845479,0.1720044866,0.1703555954,0.1684036104,0.1661485336,0.1635558250,0.1605885670,0.1572077945,0.1533452046,0.1489135653,0.1437799635,0.1377312726,0.1303806997,0.1209435682,0.1071411447,0.0553759412
143940.000000,0.1764173189,0.1762891017,0.1759262668,0.1753194974,0.1744656624,0.1733493554,0.1719697759,0.1703214567,0.1683701435,0.1661158361,0.1635240030,0.1605577347,0.1571780740,0.1533167336,0.1488865004,0.1437544906,0.1377076246,0.1303591941,0.1209246912,0.1071258605,0.0553713908
144000.000000,0.1763810453,0.1762528735,0.1758901671,0.1752836122,0.1744300782,0.1733141630,0.1719350651,0.1702873179,0.1683366766,0.1660831386,0.1634921809,0.1605269023,0.1571483535,0.1532882626,0.1488594355,0.1437290178,0.1376839766,0.1303376884,0.1209058143,0.1071105763,0.0553668405
144060.000000,0.1763448354,0.1762167089,0.1758541307,0.1752477899,0.1743945562,0.1732790320,0.1719004148,0.1702532385,0.1683032678,0.1660504977,0.1634604137,0.1604961228,0.1571186838,0.1532598399,0.1488324163,0.1437035875,0.1376603678,0.1303162180,0.1208869677,0.1070953161,0.0553623027
144120.000000,0.1763086254,0.1761805443,0.1758180944,0.1752119676,0.1743590342,0.1732439010,0.1718657646,0.1702191592,0.1682698589,0.1660178568,0.1634286465,0.1604653434,0.1570890140,0.1532314171,0.1488053970,0.1436781572,0.1376367590,0.1302947475,0.1208681211,0.1070800560,0.0553577649
144180.000000,0.1762724789,0.1761444431,0.1757821211,0.1751762079,0.1743235742,0.1732088313,0.1718311747,0.1701851390,0.1682365080,0.1659852722,0.1633969339,0.1604346166,0.1570593948,0.1532030426,0.1487784231,0.1436527694,0.1376131892,0.1302733122,0.1208493049,0.1070648199,0.0553532396
144240.000000,0.1762363324,0.1761083419,0.1757461479,0.1751404483,0.1742881143,0.1731737616,0.1717965848,0.1701511188,0.1682031570,0.1659526876,0.1633652214,0.1604038898,0.1570297756,0.1531746680,0.1487514493,0.1436273816,0.1375896194,0.1302518768,0.1208304887,0.1070495837,0.0553487144
144300.000000,0.1762002492,0.1760723039,0.1757102376,0.1751047512,0.1742527163,0.1731387530,0.1717620550,0.1701171577,0.1681698638,0.1659201593,0.1633335633,0.1603732157,0.1570002068,0.1531463415,0.1487245209,0.1436020362,0.1375660885,0.1302304764,0.1208117027,0.1070343715,0.0553442015
144360.000000,0.1761641660,0.1760362659,0.1756743273,0.1750690541,0.1742173183,0.1731037445,0.1717275253,0.1700831966,0.1681365706,0.1658876309,0.1633019053,0.1603425415,0.1569706380,0.1531180150,0.1486975924,0.1435766907,0.1375425577,0.1302090761,0.1207929167,0.1070191593,0.0553396887
144420.000000,0.1761281459,0.1760002909,0.1756384798,0.1750334193,0.1741819821,0.1730687969,0.1716930556,0.1700492944,0.1681033349,0.1658551587,0.1632703016,0.1603119198,0.1569411196,0.1530897363,0.1486707092,0.1435513875,0.1375190657,0.1301877106,0.1207741609,0.1070039710,0.0553351883
144480.000000,0.1760921258,0.1759643159,0.1756026323,0.1749977846,0.1741466458,0.1730338493,0.1716585859,0.1700153922,0.1680700992,0.1658226864,0.1632386979,0.1602812980,0.1569116011,0.1530614577,0.1486438259,0.1435260842,0.1374955737,0.1301663451,0.1207554051,0.1069887826,0.0553306879
144540.000000,0.1760561687,0.1759284037,0.1755668473,0.1749622120,0.1741113712,0.1729989625,0.1716241760,0.1699815487,0.1680369210,0.1657902700,0.1632071484,0.1602507286,0.1568821327,0.1530332269,0.1486169878,0.1435008231,0.1374721204,0.1301450145,0.1207366793,0.1069736181,0.0553261999
144600.000000,0.1760202115,0.1758924915,0.1755310624,0.1749266394,0.1740760965,0.1729640758,0.1715897662,0.1699477052,0.1680037427,0.1657578536,0.1631755989,0.1602201591,0.1568526644,0.1530049960,0.1485901497,0.1434755620,0.1374486671,0.1301236838,0.1207179536,0.1069584536,0.0553217119
144660.000000,0.1759843171,0.1758566420,0.1754953399,0.1748911287,0.1740408832,0.1729292496,0.1715554160,0.1699139202,0.1679706217,0.1657254929,0.1631441034,0.1601896418,0.1568232461,0.1529768128,0.1485633565,0.1434503429,0.1374252524,0.1301023879,0.1206992579,0.1069433128,0.0553172361
144720.000000,0.1759484227,0.1758207926,0.1754596173,0.1748556181,0.1740056699,0.1728944234,0.1715210658,0.1698801353,0.1679375006,0.1656931323,0.1631126080,0.1601591245,0.1567938278,0.1529486295,0.1485365634,0.1434251238,0.1374018378,0.1300810920,0.1206805621,0.1069281720,0.0553127604
144780.000000,0.1759125909,0.1757850055,0.1754239570,0.1748201693,0.1739705178,0.1728596577,0.1714867751,0.1698464087,0.1679044367,0.1656608273,0.1630811664,0.1601286592,0.1567644593,0.1529204938,0.1485098151,0.1433999466,0.1373784616,0.1300598306,0.1206618963,0.1069130549,0.0553082970
144840.000000,0.1758767590,0.1757492185,0.1753882967,0.1747847205,0.1739353658,0.1728248920,0.1714524844,0.1698126822,0.1678713728,0.1656285222,0.1630497248,0.1600981939,0.1567350909,0.1528923581,0.1484830668,0.1433747693,0.1373550855,0.1300385693,0.1206432305,0.1068979378,0.0553038336
144900.000000,0.1758409896,0.1757134939,0.1753526985,0.1747493334,0.1739002747,0.1727901866,0.1714182531,0.1697790139,0.1678383658,0.1655962726,0.1630183370,0.1600677804,0.1567057722,0.1528642697,0.1484563632,0.1433496339,0.1373317478,0.1300173425,0.1206245946,0.1068828444,0.0552993824
144960.000000,0.1758052202,0.1756777692,0.1753171003,0.1747139462,0.1738651837,0.1727554811,0.1713840218,0.1697453455,0.1678053588,0.1655640230,0.1629869492,0.1600373670,0.1566764534,0.1528361814,0.1484296597,0.1433244984,0.1373084100,0.1299961158,0.1206059586,0.1068677509,0.0552949312
145020.000000,0.1757695130,0.1756421066,0.1752815639,0.1746786205,0.1738301536,0.1727208358,0.1713498496,0.1697117353,0.1677724085,0.1655318286,0.1629556150,0.1600070052,0.1566471843,0.1528081403,0.1484030007,0.1432994046,0.1372851106,0.1299749234,0.1205873524,0.1068526810,0.0552904921
145080.000000,0.1757338058,0.1756064441,0.1752460276,0.1746432948,0.1737951235,0.1726861905,0.1713156774,0.1696781250,0.1677394583,0.1654996343,0.1629242808,0.1599766435,0.1566179152,0.1527800992,0.1483763417,0.1432743108,0.1372618112,0.1299537311,0.1205687463,0.1068376111,0.0552860531
145140.000000,0.1756981607,0.1755708435,0.1752105530,0.1746080304,0.1737601540,0.1726516051,0.1712815643,0.1696445727,0.1677065646,0.1654674951,0.1628930001,0.1599463333,0.1565886956,0.1527521052,0.1483497273,0.1432492586,0.1372385500,0.1299325731,0.1205501698,0.1068225647,0.0552816262
145200.000000,0.1756625155,0.1755352429,0.1751750783,0.1745727660,0.1737251846,0.1726170198,0.1712474511,0.1696110203,0.1676736710,0.1654353559,0.1628617193,0.1599160231,0.1565594759,0.1527241112,0.1483231128,0.1432242063,0.1372152888,0.1299114151,0.1205315933,0.1068075183,0.0552771994
145260.000000,0.1756269322,0.1754997041,0.1751396652,0.1745375627,0.1736902757,0.1725824942,0.1712133968,0.1695775257,0.1676408338,0.1654032717,0.1628304919,0.1598857643,0.1565303056,0.1526961642,0.1482965427,0.1431991955,0.1371920657,0.1298902913,0.1205130464,0.1067924953,0.0552727846
145320.000000,0.1755913490,0.1754641653,0.1751042521,0.1745023594,0.1736553668,0.1725479686,0.1711793425,0.1695440311,0.1676079966,0.1653711875,0.1627992645,0.1598555056,0.1565011353,0.1526682172,0.1482699726,0.1431741847,0.1371688426,0.1298691676,0.1204944995,0.1067774723,0.0552683698
145380.000000,0.1755558274,0.1754286881,0.1750689004,0.1744672171,0.1736205183,0.1725135026,0.1711453469,0.1695105940,0.1675752157,0.1653391580,0.1627680902,0.1598252981,0.1564720142,0.1526403170,0.1482434468,0.1431492152,0.1371456575,0.1298480780,0.1204759822,0.1067624728,0.0552639670
145440.000000,0.1755203058,0.1753932109,0.1750335487,0.1744320748,0.1735856697,0.1724790366,0.1711113513,0.1694771570,0.1675424348,0.1653071286,0.1627369159,0.1597950907,0.1564428930,0.1526124168,0.1482169209,0.1431242457,0.1371224725,0.1298269884,0.1204574648,0.1067474732,0.0552595643
145500.000000,0.1754848458,0.1753577952,0.1749982581,0.1743969932,0.1735508814,0.1724446301,0.1710774142,0.1694437774,0.1675097100,0.1652751539,0.1627057946,0.1597649343,0.1564138210,0.1525845634,0.1481904392,0.1430993175,0.1370993253,0.1298059329,0.1204389769,0.1067324969,0.0552551736
145560.000000,0.1754493858,0.1753223794,0.1749629676,0.1743619117,0.1735160931,0.1724102235,0.1710434771,0.1694103978,0.1674769853,0.1652431792,0.1626746733,0.1597347780,0.1563847489,0.1525567100,0.1481639575,0.1430743892,0.1370761781,0.1297848774,0.1204204890,0.1067175206,0.0552507828
145620.000000,0.1754139871,0.1752870249,0.1749277381,0.1743268907,0.1734813648,0.1723758763,0.1710095983,0.1693770754,0.1674443165,0.1652112590,0.1626436049,0.1597046727,0.1563557257,0.1525289032,0.1481375198,0.1430495020,0.1370530687,0.1297638559,0.1204020305,0.1067025676,0.0552464040
145680.000000,0.1753785884,0.1752516705,0.1748925086,0.1742918698,0.1734466365,0.1723415290,0.1709757196,0.1693437531,0.1674116477,0.1651793387,0.1626125365,0.1596745674,0.1563267026,0.1525010963,0.1481110821,0.1430246148,0.1370299593,0.1297428343,0.1203835720,0.1066876146,0.0552420253
145740.000000,0.1753432510,0.1752163771,0.1748573399,0.1742569093,0.1734119681,0.1723072409,0.1709418990,0.1693104878,0.1673790348,0.1651474729,0.1625815208,0.1596445129,0.1562977282,0.1524733360,0.1480846883,0.1429997686,0.1370068876,0.1297218467,0.1203651428,0.1066726848,0.0552376584
145800.000000,0.1753079135,0.1751810837,0.1748221713,0.1742219488,0.1733772996,0.1722729527,0.1709080785,0.1692772226,0.1673464218,0.1651156070,0.1625505051,0.1596144584,0.1562687539,0.1524455756,0.1480582944,0.1429749224,0.1369838159,0.1297008591,0.1203467136,0.1066577550,0.0552332915
145860.000000,0.1752726370,0.1751458513,0.1747870633,0.1741870485,0.1733426909,0.1722387235,0.1708743160,0.1692440143,0.1673138645,0.1650837954,0.1625195420,0.1595844547,0.1562398282,0.1524178616,0.1480319444,0.1429501171,0.1369607818,0.1296799052,0.1203283136,0.1066428483,0.0552289365
145920.000000,0.1752373605,0.1751106188,0.1747519553,0.1741521483,0.1733080822,0.1722044943,0.1708405534,0.1692108060,0.1672813072,0.1650519838,0.1624885789,0.1595544510,0.1562109024,0.1523901476,0.1480055943,0.1429253118,0.1369377478,0.1296589514,0.1203099136,0.1066279416,0.0552245815
145980.000000,0.1752021449,0.1750754472,0.1747169079,0.1741173082,0.1732735330,0.1721703239,0.1708068488,0.1691776545,0.1672488055,0.1650202262,0.1624576682,0.1595244978,0.1561820253,0.1523624798,0.1479792879,0.1429005472,0.1369147512,0.1296380313,0.1202915427,0.1066130580,0.0552202384
146040.000000,0.1751669293,0.1750402755,0.1746818604,0.1740824681,0.1732389838,0.1721361535,0.1707731441,0.1691445029,0.1672163037,0.1649884687,0.1624267575,0.1594945446,0.1561531481,0.1523348120,0.1479529815,0.1428757827,0.1368917546,0.1296171111,0.1202731719,0.1065981744,0.0552158952
146100.000000,0.1751317743,0.1750051644,0.1746468733,0.1740476879,0.1732044939,0.1721020417,0.1707394972,0.1691114081,0.1671838573,0.1649567650,0.1623958991,0.1594646419,0.1561243193,0.1523071903,0.1479267187,0.1428510588,0.1368687954,0.1295962246,0.1202548301,0.1065833138,0.0552115638
146160.000000,0.1750966194,0.1749700533,0.1746118862,0.1740129077,0.1731700041,0.1720679299,0.1707058502,0.1690783132,0.1671514109,0.1649250614,0.1623650407,0.1594347392,0.1560954905,0.1522795686,0.1479004558,0.1428263349,0.1368458362,0.1295753381,0.1202364884,0.1065684532,0.0552072324
146220.000000,0.1750615250,0.1749350026,0.1745769592,0.1739781873,0.1731355734,0.1720338766,0.1706722608,0.1690452747,0.1671190197,0.1648934115,0.1623342344,0.1594048868,0.1560667099,0.1522519929,0.1478742363,0.1428016516,0.1368229143,0.1295544852,0.1202181756,0.1065536156,0.0552029127
146280.000000,0.1750264305,0.1748999520,0.1745420323,0.1739434669,0.1731011428,0.1719998233,0.1706386714,0.1690122363,0.1670866285,0.1648617617,0.1623034282,0.1593750344,0.1560379294,0.1522244172,0.1478480169,0.1427769682,0.1367999924,0.1295336322,0.1201998628,0.1065387780,0.0551985931
146340.000000,0.1749913964,0.1748649615,0.1745071654,0.1739088061,0.1730667712,0.1719658282,0.1706051394,0.1689792542,0.1670542924,0.1648301654,0.1622726739,0.1593452322,0.1560091970,0.1521968873,0.1478218407,0.1427523253,0.1367771077,0.1295128127,0.1201815790,0.1065239633,0.0551942851
146400.000000,0.1749563623,0.1748299711,0.1744722985,0.1738741453,0.1730323996,0.1719318332,0.1705716074,0.1689462721,0.1670219562,0.1647985692,0.1622419196,0.1593154299,0.1559804646,0.1521693574,0.1477956646,0.1427276824,0.1367542230,0.1294919932,0.1201632951,0.1065091486,0.0551899771
146460.000000,0.1749213884,0.1747950408,0.1744374914,0.1738395439,0.1729980869,0.1718978963,0.1705381326,0.1689133462,0.1669896750,0.1647670264,0.1622112172,0.1592856777,0.1559517801,0.1521418733,0.1477695316,0.1427030798,0.1367313754,0.1294712070,0.1201450401,0.1064943567,0.0551856808
146520.000000,0.1748864145,0.1747601105,0.1744026843,0.1738049425,0.1729637741,0.1718639594,0.1705046579,0.1688804202,0.1669573938,0.1647354836,0.1621805148,0.1592559255,0.1559230957,0.1521143891,0.1477433986,0.1426784772,0.1367085278,0.1294504208,0.1201267851,0.1064795648,0.0551813845
146580.000000,0.1748515006,0.1747252401,0.1743679369,0.1737704004,0.1729295201,0.1718300805,0.1704712402,0.1688475503,0.1669251673,0.1647039942,0.1621498641,0.1592262232,0.1558944592,0.1520869506,0.1477173087,0.1426539149,0.1366857172,0.1294296679,0.1201085588,0.1064647957,0.0551770998
146640.000000,0.1748165866,0.1746903696,0.1743331895,0.1737358583,0.1728952661,0.1717962015,0.1704378225,0.1688146804,0.1668929408,0.1646725047,0.1621192134,0.1591965209,0.1558658226,0.1520595120,0.1476912188,0.1426293525,0.1366629066,0.1294089150,0.1200903326,0.1064500266,0.0551728151
146700.000000,0.1747817326,0.1746555590,0.1742985016,0.1737013753,0.1728610706,0.1717623804,0.1704044617,0.1687818663,0.1668607690,0.1646410685,0.1620886142,0.1591668683,0.1558372338,0.1520321189,0.1476651718,0.1426048303,0.1366401329,0.1293881953,0.1200721350,0.1064352802,0.0551685419
146760.000000,0.1747468785,0.1746207483,0.1742638137,0.1736668923,0.1728268751,0.1717285593,0.1703711009,0.1687490522,0.1668285971,0.1646096322,0.1620580151,0.1591372158,0.1558086450,0.1520047258,0.1476391248,0.1425803081,0.1366173592,0.1293674756,0.1200539375,0.1064205338,0.0551642688
146820.000000,0.1747120841,0.1745859973,0.1742291852,0.1736324683,0.1727927380,0.1716947959,0.1703377969,0.1687162938,0.1667964797,0.1645782490,0.1620274674,0.1591076128,0.1557801037,0.1519773781,0.1476131207,0.1425558258,0.1365946224,0.1293467889,0.1200357685,0.1064058101,0.0551600072
146880.000000,0.1746772897,0.1745512462,0.1741945566,0.1735980443,0.1727586010,0.1716610324,0.1703044928,0.1686835354,0.1667643623,0.1645468658,0.1619969197,0.1590780099,0.1557515625,0.1519500303,0.1475871166,0.1425313436,0.1365718855,0.1293261023,0.1200175996,0.1063910864,0.0551557455
146940.000000,0.1746425548,0.1745165545,0.1741599872,0.1735636790,0.1727245221,0.1716273264,0.1702712454,0.1686508326,0.1667322992,0.1645155355,0.1619664233,0.1590484565,0.1557230688,0.1519227278,0.1475611552,0.1425069013,0.1365491853,0.1293054487,0.1199994592,0.1063763853,0.0551514954
147000.000000,0.1746078199,0.1744818629,0.1741254179,0.1735293137,0.1726904432,0.1715936205,0.1702379980,0.1686181297,0.1667002361,0.1644842051,0.1619359269,0.1590189030,0.1556945750,0.1518954253,0.1475351938,0.1424824590,0.1365264851,0.1292847951,0.1199813188,0.1063616842,0.0551472452
147060.000000,0.1745731443,0.1744472305,0.1740909075,0.1734950071,0.1726564224,0.1715599719,0.1702048070,0.1685854823,0.1666682271,0.1644529275,0.1619054816,0.1589893989,0.1556661286,0.1518681679,0.1475092749,0.1424580564,0.1365038215,0.1292641744,0.1199632069,0.1063470056,0.0551430065
147120.000000,0.1745384688,0.1744125981,0.1740563972,0.1734607005,0.1726224016,0.1715263232,0.1701716160,0.1685528348,0.1666362182,0.1644216500,0.1618750364,0.1589598948,0.1556376822,0.1518409105,0.1474833561,0.1424336539,0.1364811580,0.1292435537,0.1199450950,0.1063323271,0.0551387678
147180.000000,0.1745038524,0.1743780248,0.1740219457,0.1734264523,0.1725884387,0.1714927318,0.1701384813,0.1685202426,0.1666042632,0.1643904250,0.1618446421,0.1589304400,0.1556092830,0.1518136981,0.1474574798,0.1424092910,0.1364585309,0.1292229658,0.1199270115,0.1063176710,0.0551345405
147240.000000,0.1744692360,0.1743434515,0.1739874942,0.1733922041,0.1725544758,0.1714591403,0.1701053466,0.1684876504,0.1665723083,0.1643592000,0.1618142479,0.1589009851,0.1555808839,0.1517864857,0.1474316035,0.1423849282,0.1364359038,0.1292023779,0.1199089279,0.1063030149,0.0551303132
147300.000000,0.1744346786,0.1743089372,0.1739531014,0.1733580142,0.1725205706,0.1714256059,0.1700722681,0.1684551133,0.1665404072,0.1643280275,0.1617839045,0.1588715793,0.1555525318,0.1517593181,0.1474057695,0.1423606049,0.1364133132,0.1291818228,0.1198908727,0.1062883813,0.0551260972
147360.000000,0.1744001213,0.1742744228,0.1739187086,0.1733238244,0.1724866655,0.1713920715,0.1700391895,0.1684225761,0.1665085061,0.1642968550,0.1617535611,0.1588421735,0.1555241797,0.1517321505,0.1473799356,0.1423362817,0.1363907225,0.1291612677,0.1198728175,0.1062737477,0.0551218813
147420.000000,0.1743656228,0.1742399672,0.1738843744,0.1732896926,0.1724528179,0.1713585939,0.1700061670,0.1683900940,0.1664766587,0.1642657348,0.1617232685,0.1588128167,0.1554958746,0.1517050277,0.1473541439,0.1423119979,0.1363681682,0.1291407452,0.1198547906,0.1062591364,0.0551176766
147480.000000,0.1743311243,0.1742055116,0.1738500401,0.1732555609,0.1724189703,0.1713251164,0.1699731444,0.1683576118,0.1664448114,0.1642346146,0.1616929758,0.1587834599,0.1554675694,0.1516779049,0.1473283522,0.1422877141,0.1363456139,0.1291202228,0.1198367636,0.1062445252,0.0551134719
147540.000000,0.1742966844,0.1741711147,0.1738157642,0.1732214871,0.1723851802,0.1712916955,0.1699401777,0.1683251844,0.1664130176,0.1642035465,0.1616627338,0.1587541519,0.1554393112,0.1516508267,0.1473026027,0.1422634697,0.1363230958,0.1290997329,0.1198187648,0.1062299362,0.0551092786
147600.000000,0.1742622446,0.1741367177,0.1737814884,0.1731874134,0.1723513900,0.1712582747,0.1699072109,0.1682927570,0.1663812238,0.1641724785,0.1616324917,0.1587248439,0.1554110529,0.1516237485,0.1472768531,0.1422392253,0.1363005777,0.1290792430,0.1198007660,0.1062153473,0.0551050852
147660.000000,0.1742278633,0.1741023791,0.1737472707,0.1731533974,0.1723176572,0.1712249104,0.1698742998,0.1682603842,0.1663494834,0.1641414625,0.1616023001,0.1586955845,0.1553828413,0.1515967148,0.1472511456,0.1422150201,0.1362780957,0.1290587856,0.1197827954,0.1062007806,0.0551009030
147720.000000,0.1741934821,0.1740680406,0.1737130530,0.1731193815,0.1722839243,0.1711915461,0.1698413888,0.1682280114,0.1663177430,0.1641104465,0.1615721085,0.1586663252,0.1553546297,0.1515696811,0.1472254381,0.1421908150,0.1362556137,0.1290383282,0.1197648247,0.1061862139,0.0550967208
147780.000000,0.1741591591,0.1740337604,0.1736788934,0.1730854232,0.1722502485,0.1711582382,0.1698085332,0.1681956932,0.1662860559,0.1640794824,0.1615419673,0.1586371144,0.1553264647,0.1515426918,0.1471997725,0.1421666490,0.1362331678,0.1290179032,0.1197468820,0.1061716695,0.0550925498
147840.000000,0.1741248362,0.1739994801,0.1736447338,0.1730514649,0.1722165728,0.1711249303,0.1697756777,0.1681633749,0.1662543688,0.1640485183,0.1615118260,0.1586079037,0.1552982997,0.1515157025,0.1471741070,0.1421424830,0.1362107218,0.1289974782,0.1197289394,0.1061571250,0.0550883789
147900.000000,0.1740905715,0.1739652580,0.1736106320,0.1730175641,0.1721829539,0.1710916787,0.1697428775,0.1681311110,0.1662227348,0.1640176059,0.1614817349,0.1585787413,0.1552701812,0.1514887575,0.1471484832,0.1421183561,0.1361883118,0.1289770855,0.1197110247,0.1061426027,0.0550842190
147960.000000,0.1740563068,0.1739310359,0.1735765303,0.1729836634,0.1721493351,0.1710584270,0.1697100774,0.1680988470,0.1661911008,0.1639866936,0.1614516438,0.1585495790,0.1552420627,0.1514618124,0.1471228594,0.1420942292,0.1361659018,0.1289566929,0.1196931100,0.1061280804,0.0550800592
148020.000000,0.1740221001,0.1738968717,0.1735424863,0.1729498199,0.1721157731,0.1710252314,0.1696773324,0.1680666373,0.1661595198,0.1639558328,0.1614216028,0.1585204650,0.1552139905,0.1514349115,0.1470972774,0.1420701412,0.1361435277,0.1289363324,0.1196752232,0.1061135801,0.0550759105
148080.000000,0.1739878935,0.1738627075,0.1735084423,0.1729159765,0.1720822111,0.1709920359,0.1696445875,0.1680344275,0.1661279389,0.1639249721,0.1613915618,0.1584913509,0.1551859183,0.1514080106,0.1470716953,0.1420460532,0.1361211535,0.1289159720,0.1196573364,0.1060990799,0.0550717618
148140.000000,0.1739537447,0.1738286012,0.1734744559,0.1728821902,0.1720487057,0.1709588963,0.1696118976,0.1680022718,0.1660964107,0.1638941628,0.1613615706,0.1584622850,0.1551578923,0.1513811537,0.1470461548,0.1420220041,0.1360988151,0.1288956437,0.1196394774,0.1060846017,0.0550676241
148200.000000,0.1739195959,0.1737944948,0.1734404695,0.1728484040,0.1720152004,0.1709257566,0.1695792077,0.1679701161,0.1660648826,0.1638633535,0.1613315795,0.1584332192,0.1551298663,0.1513542969,0.1470206143,0.1419979550,0.1360764767,0.1288753154,0.1196216184,0.1060701236,0.0550634864
148260.000000,0.1738855049,0.1737604461,0.1734065405,0.1728146748,0.1719817515,0.1708926728,0.1695465728,0.1679380143,0.1660334071,0.1638325956,0.1613016382,0.1584042013,0.1551018864,0.1513274839,0.1469951153,0.1419739446,0.1360541739,0.1288550192,0.1196037872,0.1060556673,0.0550593598
148320.000000,0.1738514139,0.1737263974,0.1733726114,0.1727809456,0.1719483026,0.1708595889,0.1695139378,0.1679059125,0.1660019316,0.1638018376,0.1612716968,0.1583751835,0.1550739065,0.1513006710,0.1469696163,0.1419499343,0.1360318712,0.1288347230,0.1195859559,0.1060412111,0.0550552331
148380.000000,0.1738173804,0.1736924062,0.1733387397,0.1727472732,0.1719149101,0.1708265607,0.1694813576,0.1678738645,0.1659705087,0.1637711308,0.1612418052,0.1583462135,0.1550459725,0.1512739018,0.1469441587,0.1419259626,0.1360096040,0.1288144587,0.1195681523,0.1060267769,0.0550511175
148440.000000,0.1737833469,0.1736584150,0.1733048680,0.1727136009,0.1718815175,0.1707935325,0.1694487775,0.1678418164,0.1659390859,0.1637404241,0.1612119135,0.1583172436,0.1550180386,0.1512471326,0.1469187011,0.1419019909,0.1359873368,0.1287941945,0.1195503488,0.1060123426,0.0550470018
148500.000000,0.1737493709,0.1736244812,0.1732710533,0.1726799852,0.1718481812,0.1707605598,0.1694162519,0.1678098220,0.1659077154,0.1637097684,0.1611820713,0.1582883214,0.1549901505,0.1512204071,0.1468932847,0.1418780577,0.1359651050,0.1287739622,0.1195325728,0.1059979302,0.0550428971
148560.000000,0.1737153948,0.1735905473,0.1732372387,0.1726463696,0.1718148448,0.1707275871,0.1693837263,0.1677778275,0.1658763449,0.1636791127,0.1611522291,0.1582593993,0.1549622624,0.1511936816,0.1468678683,0.1418541245,0.1359428733,0.1287537299,0.1195147968,0.1059835178,0.0550387924
148620.000000,0.1736814761,0.1735566706,0.1732034810,0.1726128106,0.1717815645,0.1706946697,0.1693512552,0.1677458865,0.1658450267,0.1636485079,0.1611224363,0.1582305248,0.1549344200,0.1511669997,0.1468424931,0.1418302298,0.1359206770,0.1287335293,0.1194970483,0.1059691272,0.0550346986
148680.000000,0.1736475573,0.1735227939,0.1731697233,0.1725792515,0.1717482841,0.1706617523,0.1693187842,0.1677139455,0.1658137085,0.1636179031,0.1610926435,0.1582016502,0.1549065776,0.1511403178,0.1468171179,0.1418063351,0.1358984806,0.1287133288,0.1194792999,0.1059547366,0.0550306048
148740.000000,0.1736136956,0.1734889742,0.1731360224,0.1725457489,0.1717150597,0.1706288901,0.1692863674,0.1676820579,0.1657824424,0.1635873491,0.1610628999,0.1581728233,0.1548787808,0.1511136793,0.1467917837,0.1417824787,0.1358763195,0.1286931601,0.1194615789,0.1059403677,0.0550265218
148800.000000,0.1735798339,0.1734551545,0.1731023215,0.1725122462,0.1716818352,0.1705960279,0.1692539506,0.1676501702,0.1657511763,0.1635567951,0.1610331564,0.1581439963,0.1548509840,0.1510870408,0.1467664495,0.1417586223,0.1358541585,0.1286729913,0.1194438579,0.1059259989,0.0550224389
148860.000000,0.1735460292,0.1734213917,0.1730686772,0.1724787998,0.1716486665,0.1705632207,0.1692215881,0.1676183357,0.1657199622,0.1635262917,0.1610034619,0.1581152167,0.1548232327,0.1510604456,0.1467411563,0.1417348042,0.1358320326,0.1286528542,0.1194261643,0.1059116518,0.0550183667
148920.000000,0.1735122244,0.1733876289,0.1730350330,0.1724453534,0.1716154977,0.1705304135,0.1691892255,0.1675865012,0.1656887481,0.1634957883,0.1609737675,0.1580864371,0.1547954814,0.1510338505,0.1467158630,0.1417109860,0.1358099067,0.1286327170,0.1194084707,0.1058973046,0.0550142946
148980.000000,0.1734784765,0.1733539228,0.1730014452,0.1724119632,0.1715823846,0.1704976612,0.1691569169,0.1675547197,0.1656575858,0.1634653354,0.1609441220,0.1580577047,0.1547677754,0.1510072985,0.1466906106,0.1416872060,0.1357878159,0.1286126115,0.1193908044,0.1058829792,0.0550102333
149040.000000,0.1734447285,0.1733202168,0.1729678574,0.1723785729,0.1715492714,0.1704649089,0.1691246084,0.1675229382,0.1656264236,0.1634348826,0.1609144765,0.1580289724,0.1547400695,0.1509807466,0.1466653582,0.1416634260,0.1357657251,0.1285925059,0.1193731381,0.1058686537,0.0550061719
149100.000000,0.1734110372,0.1732865672,0.1729343260,0.1723452385,0.1715162137,0.1704322113,0.1690923537,0.1674912096,0.1655953131,0.1634044801,0.1608848799,0.1580002872,0.1547124088,0.1509542377,0.1466401465,0.1416396841,0.1357436694,0.1285724319,0.1193554991,0.1058543498,0.0550021213
149160.000000,0.1733773459,0.1732529177,0.1729007946,0.1723119042,0.1714831559,0.1703995137,0.1690600990,0.1674594810,0.1655642025,0.1633740776,0.1608552833,0.1579716020,0.1546847480,0.1509277289,0.1466149348,0.1416159421,0.1357216136,0.1285523578,0.1193378600,0.1058400459,0.0549980707
149220.000000,0.1733437111,0.1732193246,0.1728673193,0.1722786257,0.1714501535,0.1703668708,0.1690278981,0.1674278052,0.1655331435,0.1633437253,0.1608257354,0.1579429639,0.1546571324,0.1509012630,0.1465897637,0.1415922381,0.1356995927,0.1285323152,0.1193202481,0.1058257636,0.0549940308
149280.000000,0.1733100763,0.1731857314,0.1728338440,0.1722453472,0.1714171510,0.1703342278,0.1689956972,0.1673961293,0.1655020846,0.1633133730,0.1607961875,0.1579143257,0.1546295168,0.1508747971,0.1465645926,0.1415685341,0.1356775719,0.1285122725,0.1193026363,0.1058114812,0.0549899909
149340.000000,0.1732764978,0.1731521946,0.1728004248,0.1722121243,0.1713842037,0.1703016392,0.1689635499,0.1673645060,0.1654710770,0.1632830709,0.1607666882,0.1578857344,0.1546019462,0.1508483742,0.1465394620,0.1415448679,0.1356555859,0.1284922612,0.1192850515,0.1057972204,0.0549859617
149400.000000,0.1732429193,0.1731186577,0.1727670056,0.1721789014,0.1713512563,0.1702690507,0.1689314025,0.1673328828,0.1654400695,0.1632527687,0.1607371889,0.1578571431,0.1545743755,0.1508219512,0.1465143314,0.1415212018,0.1356335998,0.1284722499,0.1192674668,0.1057829595,0.0549819325
149460.000000,0.1732093970,0.1730851769,0.1727336422,0.1721457340,0.1713183639,0.1702365164,0.1688993086,0.1673013120,0.1654091133,0.1632225165,0.1607077380,0.1578285986,0.1545468498,0.1507955709,0.1464892412,0.1414975733,0.1356116485,0.1284522698,0.1192499090,0.1057687201,0.0549779139
149520.000000,0.1731758747,0.1730516961,0.1727002788,0.1721125666,0.1712854716,0.1702039821,0.1688672148,0.1672697412,0.1653781570,0.1631922643,0.1606782872,0.1578000541,0.1545193240,0.1507691907,0.1464641510,0.1414739449,0.1355896972,0.1284322898,0.1192323513,0.1057544807,0.0549738953
149580.000000,0.1731424084,0.1730182713,0.1726669712,0.1720794546,0.1712526340,0.1701715020,0.1688351742,0.1672382227,0.1653472519,0.1631620619,0.1606488847,0.1577715562,0.1544918430,0.1507428531,0.1464391011,0.1414503541,0.1355677806,0.1284123409,0.1192148206,0.1057402626,0.0549698872
149640.000000,0.1731089422,0.1729848465,0.1726336636,0.1720463426,0.1712197965,0.1701390219,0.1688031336,0.1672067042,0.1653163468,0.1631318595,0.1606194821,0.1577430583,0.1544643620,0.1507165155,0.1464140512,0.1414267633,0.1355458639,0.1283923919,0.1191972898,0.1057260446,0.0549658792
149700.000000,0.1730755318,0.1729514774,0.1726004115,0.1720132858,0.1711870136,0.1701065958,0.1687711462,0.1671752379,0.1652854928,0.1631017068,0.1605901278,0.1577146070,0.1544369256,0.1506902204,0.1463890414,0.1414032101,0.1355239819,0.1283724741,0.1191797860,0.1057118479,0.0549618818
149760.000000,0.1730421213,0.1729181084,0.1725671594,0.1719802289,0.1711542307,0.1700741697,0.1687391588,0.1671437716,0.1652546387,0.1630715542,0.1605607735,0.1576861556,0.1544094892,0.1506639254,0.1463640317,0.1413796569,0.1355020998,0.1283525563,0.1191622821,0.1056976512,0.0549578843
149820.000000,0.1730087667,0.1728847950,0.1725339628,0.1719472271,0.1711215024,0.1700417974,0.1687072244,0.1671123573,0.1652238355,0.1630414511,0.1605314672,0.1576577506,0.1543820974,0.1506376727,0.1463390621,0.1413561411,0.1354802521,0.1283326695,0.1191448051,0.1056834757,0.0549538974
149880.000000,0.1729754120,0.1728514816,0.1725007661,0.1719142254,0.1710887740,0.1700094251,0.1686752900,0.1670809430,0.1651930323,0.1630113479,0.1605021610,0.1576293456,0.1543547055,0.1506114201,0.1463140924,0.1413326253,0.1354584045,0.1283127827,0.1191273281,0.1056693003,0.0549499104
149940.000000,0.1729421129,0.1728182237,0.1724676248,0.1718812785,0.1710561001,0.1699771066,0.1686434085,0.1670495806,0.1651622798,0.1629812943,0.1604729027,0.1576009869,0.1543273581,0.1505852098,0.1462891627,0.1413091469,0.1354365912,0.1282929268,0.1191098779,0.1056551461,0.0549459340
150000.000000,0.1729088138,0.1727849659,0.1724344834,0.1718483316,0.1710234261,0.1699447880,0.1686115270,0.1670182182,0.1651315274,0.1629512406,0.1604436444,0.1575726282,0.1543000106,0.1505589994,0.1462642330,0.1412856684,0.1354147780,0.1282730709,0.1190924276,0.1056409918,0.0549419575
150060.000000,0.1728755701,0.1727517633,0.1724013972,0.1718154395,0.1709908064,0.1699125230,0.1685796982,0.1669869076,0.1651008256,0.1629212362,0.1604144339,0.1575443157,0.1542727074,0.1505328313,0.1462393432,0.1412622273,0.1353929990,0.1282532459,0.1190750041,0.1056268588,0.0549379915
150120.000000,0.1728423264,0.1727185608,0.1723683109,0.1717825474,0.1709581867,0.1698802580,0.1685478694,0.1669555970,0.1650701237,0.1628912318,0.1603852234,0.1575160031,0.1542454043,0.1505066632,0.1462144534,0.1412387861,0.1353712201,0.1282334209,0.1190575805,0.1056127257,0.0549340254
150180.000000,0.1728091380,0.1726854134,0.1723352796,0.1717497099,0.1709256210,0.1698480464,0.1685160932,0.1669243380,0.1650394724,0.1628612766,0.1603560606,0.1574877366,0.1542181452,0.1504805371,0.1461896034,0.1412153821,0.1353494753,0.1282136266,0.1190401836,0.1055986138,0.0549300698
150240.000000,0.1727759496,0.1726522661,0.1723022484,0.1717168723,0.1708930554,0.1698158348,0.1684843171,0.1668930790,0.1650088210,0.1628313214,0.1603268978,0.1574594701,0.1541908862,0.1504544111,0.1461647533,0.1411919780,0.1353277305,0.1281938323,0.1190227867,0.1055845018,0.0549261142
150300.000000,0.1727428163,0.1726191738,0.1722692719,0.1716840893,0.1708605437,0.1697836765,0.1684525933,0.1668618714,0.1649782200,0.1628014152,0.1602977825,0.1574312494,0.1541636713,0.1504283270,0.1461399430,0.1411686111,0.1353060199,0.1281740687,0.1190054163,0.1055704110,0.0549221689
150360.000000,0.1727096830,0.1725860815,0.1722362955,0.1716513062,0.1708280320,0.1697515182,0.1684208696,0.1668306639,0.1649476189,0.1627715090,0.1602686673,0.1574030288,0.1541364563,0.1504022429,0.1461151326,0.1411452441,0.1352843092,0.1281543052,0.1189880460,0.1055563201,0.0549182236
150420.000000,0.1726766047,0.1725530441,0.1722033737,0.1716185775,0.1707955741,0.1697194130,0.1683891982,0.1667995077,0.1649170681,0.1627416517,0.1602395995,0.1573748540,0.1541092853,0.1503762007,0.1460903617,0.1411219141,0.1352626326,0.1281345722,0.1189707021,0.1055422502,0.0549142887
150480.000000,0.1726435264,0.1725200067,0.1721704520,0.1715858487,0.1707631163,0.1696873079,0.1683575268,0.1667683515,0.1648865173,0.1627117945,0.1602105317,0.1573466791,0.1540821142,0.1503501585,0.1460655909,0.1410985841,0.1352409560,0.1281148392,0.1189533582,0.1055281803,0.0549103537
150540.000000,0.1726105030,0.1724870240,0.1721375847,0.1715531742,0.1707307120,0.1696552557,0.1683259075,0.1667372466,0.1648560165,0.1626819860,0.1601815112,0.1573185499,0.1540549870,0.1503241581,0.1460408595,0.1410752910,0.1352193133,0.1280951368,0.1189360408,0.1055141314,0.0549064291
150600.000000,0.1725774795,0.1724540414,0.1721047175,0.1715204996,0.1706983078,0.1696232035,0.1682942883,0.1667061416,0.1648255158,0.1626521775,0.1601524907,0.1572904207,0.1540278598,0.1502981576,0.1460161282,0.1410519978,0.1351976706,0.1280754344,0.1189187234,0.1055000825,0.0549025044
150660.000000,0.1725445107,0.1724211133,0.1720719047,0.1714878790,0.1706659571,0.1695912042,0.1682627211,0.1666750877,0.1647950650,0.1626224176,0.1601235174,0.1572623371,0.1540007763,0.1502721988,0.1459914361,0.1410287415,0.1351760617,0.1280557624,0.1189014323,0.1054860545,0.0548985900
150720.000000,0.1725115419,0.1723881853,0.1720390918,0.1714552585,0.1706336064,0.1695592048,0.1682311539,0.1666440337,0.1647646142,0.1625926578,0.1600945441,0.1572342534,0.1539736927,0.1502462400,0.1459667441,0.1410054851,0.1351544528,0.1280360904,0.1188841412,0.1054720265,0.0548946756
150780.000000,0.1724786277,0.1723553117,0.1720063332,0.1714226918,0.1706013090,0.1695272582,0.1681996385,0.1666130308,0.1647342132,0.1625629465,0.1600656178,0.1572062152,0.1539466528,0.1502203227,0.1459420913,0.1409822654,0.1351328778,0.1280164488,0.1188668764,0.1054580193,0.0548907714
150840.000000,0.1724457134,0.1723224381,0.1719735746,0.1713901251,0.1705690116,0.1694953116,0.1681681232,0.1665820278,0.1647038121,0.1625332351,0.1600366916,0.1571781770,0.1539196129,0.1501944054,0.1459174385,0.1409590458,0.1351113027,0.1279968072,0.1188496116,0.1054440121,0.0548868672
150900.000000,0.1724128536,0.1722896189,0.1719408701,0.1713576122,0.1705367675,0.1694634175,0.1681366597,0.1665510756,0.1646734608,0.1625035722,0.1600078123,0.1571501840,0.1538926164,0.1501685296,0.1458928249,0.1409358627,0.1350897612,0.1279771959,0.1188323731,0.1054300258,0.0548829732
150960.000000,0.1723799937,0.1722567996,0.1719081656,0.1713250993,0.1705045234,0.1694315234,0.1681051961,0.1665201234,0.1646431095,0.1624739093,0.1599789330,0.1571221911,0.1538656199,0.1501426537,0.1458682113,0.1409126796,0.1350682198,0.1279575846,0.1188151345,0.1054160394,0.0548790792
151020.000000,0.1723471881,0.1722240345,0.1718755151,0.1712926399,0.1704723324,0.1693996818,0.1680737842,0.1664892219,0.1646128077,0.1624442946,0.1599501005,0.1570942434,0.1538386668,0.1501168192,0.1458436367,0.1408895330,0.1350467120,0.1279380036,0.1187979222,0.1054020738,0.0548751953
151080.000000,0.1723143825,0.1721912694,0.1718428645,0.1712601806,0.1704401413,0.1693678401,0.1680423722,0.1664583203,0.1645825059,0.1624146799,0.1599212680,0.1570662956,0.1538117137,0.1500909847,0.1458190621,0.1408663863,0.1350252042,0.1279184225,0.1187807098,0.1053881082,0.0548713115
151140.000000,0.1722816310,0.1721585583,0.1718102678,0.1712277747,0.1704080032,0.1693360508,0.1680110117,0.1664274693,0.1645522535,0.1623851134,0.1598924822,0.1570383929,0.1537848039,0.1500651914,0.1457945265,0.1408432761,0.1350037298,0.1278988716,0.1187635235,0.1053741633,0.0548674377
151200.000000,0.1722488794,0.1721258472,0.1717776710,0.1711953688,0.1703758651,0.1693042614,0.1679796513,0.1663966183,0.1645220011,0.1623555468,0.1598636963,0.1570104902,0.1537578940,0.1500393981,0.1457699908,0.1408201659,0.1349822555,0.1278793206,0.1187463372,0.1053602184,0.0548635640
151260.000000,0.1722161819,0.1720931901,0.1717451279,0.1711630162,0.1703437798,0.1692725242,0.1679483422,0.1663658177,0.1644917980,0.1623260283,0.1598349571,0.1569826325,0.1537310273,0.1500136459,0.1457454940,0.1407970920,0.1349608146,0.1278597998,0.1187291769,0.1053462941,0.0548597003
151320.000000,0.1721834843,0.1720605329,0.1717125849,0.1711306636,0.1703116945,0.1692407870,0.1679170330,0.1663350171,0.1644615949,0.1622965097,0.1598062178,0.1569547747,0.1537041605,0.1499878937,0.1457209972,0.1407740181,0.1349393737,0.1278402789,0.1187120167,0.1053323698,0.0548558366
151380.000000,0.1721508406,0.1720279294,0.1716800953,0.1710983641,0.1702796619,0.1692091018,0.1678857751,0.1663042668,0.1644314409,0.1622670391,0.1597775250,0.1569269618,0.1536773368,0.1499621825,0.1456965391,0.1407509804,0.1349179661,0.1278207881,0.1186948824,0.1053184662,0.0548519829
151440.000000,0.1721181968,0.1719953259,0.1716476057,0.1710660647,0.1702476293,0.1691774166,0.1678545172,0.1662735164,0.1644012870,0.1622375684,0.1597488322,0.1568991489,0.1536505131,0.1499364712,0.1456720811,0.1407279427,0.1348965585,0.1278012972,0.1186777481,0.1053045625,0.0548481292
151500.000000,0.1720856067,0.1719627761,0.1716151696,0.1710338183,0.1702156491,0.1691457833,0.1678233104,0.1662428162,0.1643711820,0.1622081455,0.1597201858,0.1568713807,0.1536237323,0.1499108009,0.1456476616,0.1407049411,0.1348751842,0.1277818363,0.1186606397,0.1052906794,0.0548442856
151560.000000,0.1720530167,0.1719302262,0.1715827334,0.1710015719,0.1701836690,0.1691141500,0.1677921036,0.1662121160,0.1643410771,0.1621787226,0.1596915393,0.1568436125,0.1535969515,0.1498851306,0.1456232422,0.1406819395,0.1348538098,0.1277623753,0.1186435313,0.1052767962,0.0548404419
151620.000000,0.1720204801,0.1718977298,0.1715503504,0.1709693783,0.1701517413,0.1690825684,0.1677609477,0.1661814658,0.1643110211,0.1621493474,0.1596629390,0.1568158889,0.1535702134,0.1498595011,0.1455988613,0.1406589739,0.1348324686,0.1277429442,0.1186264487,0.1052629336,0.0548366082
151680.000000,0.1719879435,0.1718652334,0.1715179675,0.1709371848,0.1701198136,0.1690509868,0.1677297917,0.1661508155,0.1642809650,0.1621199721,0.1596343387,0.1567881652,0.1535434754,0.1498338716,0.1455744805,0.1406360083,0.1348111275,0.1277235131,0.1186093661,0.1052490710,0.0548327745
151740.000000,0.1719554604,0.1718327902,0.1714856376,0.1709050440,0.1700879381,0.1690194568,0.1676986866,0.1661202152,0.1642509577,0.1620906443,0.1596057845,0.1567604861,0.1535167801,0.1498082827,0.1455501380,0.1406130787,0.1347898194,0.1277041118,0.1185923094,0.1052352288,0.0548289507
151800.000000,0.1719229772,0.1718003471,0.1714533078,0.1708729032,0.1700560626,0.1689879268,0.1676675816,0.1660896148,0.1642209504,0.1620613165,0.1595772303,0.1567328069,0.1534900847,0.1497826938,0.1455257956,0.1405901490,0.1347685112,0.1276847104,0.1185752526,0.1052213866,0.0548251270
151860.000000,0.1718905473,0.1717679572,0.1714210309,0.1708408150,0.1700242392,0.1689564483,0.1676365271,0.1660590642,0.1641909918,0.1620320362,0.1595487220,0.1567051722,0.1534634320,0.1497571456,0.1455014915,0.1405672552,0.1347472361,0.1276653388,0.1185582215,0.1052075648,0.0548213131
151920.000000,0.1718581173,0.1717355672,0.1713887540,0.1708087268,0.1699924158,0.1689249697,0.1676054727,0.1660285135,0.1641610331,0.1620027558,0.1595202138,0.1566775374,0.1534367792,0.1497315973,0.1454771874,0.1405443614,0.1347259610,0.1276459671,0.1185411904,0.1051937430,0.0548174992
151980.000000,0.1718257405,0.1717032303,0.1713565299,0.1707766911,0.1699606444,0.1688935425,0.1675744688,0.1659980125,0.1641311229,0.1619735226,0.1594917514,0.1566499468,0.1534101689,0.1497060895,0.1454529215,0.1405215033,0.1347047188,0.1276266251,0.1185241850,0.1051799415,0.0548136952
152040.000000,0.1717933637,0.1716708934,0.1713243058,0.1707446554,0.1699288730,0.1688621153,0.1675434649,0.1659675115,0.1641012128,0.1619442895,0.1594632890,0.1566223563,0.1533835586,0.1496805817,0.1454286557,0.1404986452,0.1346834766,0.1276072831,0.1185071795,0.1051661401,0.0548098912
152100.000000,0.1717610398,0.1716386094,0.1712921344,0.1707126720,0.1698971534,0.1688307393,0.1675125114,0.1659370599,0.1640713510,0.1619151035,0.1594348723,0.1565948098,0.1533569906,0.1496551142,0.1454044279,0.1404758228,0.1346622672,0.1275879706,0.1184901997,0.1051523589,0.0548060970
152160.000000,0.1717287159,0.1716063253,0.1712599630,0.1706806886,0.1698654338,0.1687993632,0.1674815579,0.1659066083,0.1640414892,0.1618859175,0.1594064556,0.1565672634,0.1533304227,0.1496296468,0.1453802002,0.1404530004,0.1346410578,0.1275686581,0.1184732198,0.1051385778,0.0548023028
152220.000000,0.1716964449,0.1715740940,0.1712278441,0.1706487573,0.1698337659,0.1687680383,0.1674506547,0.1658762061,0.1640116757,0.1618567785,0.1593780845,0.1565397610,0.1533038970,0.1496042196,0.1453560106,0.1404302135,0.1346198812,0.1275493751,0.1184562654,0.1051248168,0.0547985183
152280.000000,0.1716641738,0.1715418628,0.1711957253,0.1706168261,0.1698020980,0.1687367133,0.1674197514,0.1658458039,0.1639818622,0.1618276394,0.1593497134,0.1565122586,0.1532773712,0.1495787924,0.1453318209,0.1404074267,0.1345987045,0.1275300920,0.1184393111,0.1051110559,0.0547947339
152340.000000,0.1716319554,0.1715096841,0.1711636588,0.1705849469,0.1697704816,0.1687054392,0.1673888983,0.1658154508,0.1639520968,0.1617985473,0.1593213878,0.1564848001,0.1532508876,0.1495534054,0.1453076692,0.1403846753,0.1345775605,0.1275108384,0.1184223822,0.1050973152,0.0547909593
152400.000000,0.1715997371,0.1714775054,0.1711315923,0.1705530677,0.1697388653,0.1686741651,0.1673580452,0.1657850978,0.1639223313,0.1617694552,0.1592930621,0.1564573416,0.1532244041,0.1495280183,0.1452835175,0.1403619239,0.1345564165,0.1274915848,0.1184054533,0.1050835745,0.0547871846
152460.000000,0.1715675712,0.1714453792,0.1710995781,0.1705212405,0.1697073003,0.1686429419,0.1673272421,0.1657547939,0.1638926139,0.1617404098,0.1592647819,0.1564299269,0.1531979625,0.1495026713,0.1452594036,0.1403392079,0.1345353051,0.1274723605,0.1183885498,0.1050698539,0.0547834197
152520.000000,0.1715354054,0.1714132529,0.1710675639,0.1704894132,0.1696757354,0.1686117186,0.1672964390,0.1657244899,0.1638628965,0.1617113645,0.1592365016,0.1564025121,0.1531715209,0.1494773244,0.1452352897,0.1403164919,0.1345141937,0.1274531361,0.1183716463,0.1050561333,0.0547796547
152580.000000,0.1715032920,0.1713811790,0.1710356018,0.1704576377,0.1696442217,0.1685805460,0.1672656858,0.1656942349,0.1638332270,0.1616823658,0.1592082666,0.1563751411,0.1531451213,0.1494520173,0.1452112136,0.1402938112,0.1344931148,0.1274339411,0.1183547681,0.1050424328,0.0547758994
152640.000000,0.1714711785,0.1713491051,0.1710036396,0.1704258622,0.1696127081,0.1685493733,0.1672349326,0.1656639799,0.1638035574,0.1616533670,0.1591800316,0.1563477700,0.1531187216,0.1494267103,0.1451871375,0.1402711305,0.1344720359,0.1274147460,0.1183378899,0.1050287323,0.0547721442
152700.000000,0.1714391174,0.1713170834,0.1709717295,0.1703941383,0.1695812456,0.1685182512,0.1672042291,0.1656337737,0.1637739356,0.1616244148,0.1591518417,0.1563204425,0.1530923637,0.1494014431,0.1451630990,0.1402484849,0.1344509893,0.1273955801,0.1183210370,0.1050150519,0.0547683986
152760.000000,0.1714070562,0.1712850617,0.1709398194,0.1703624144,0.1695497831,0.1684871291,0.1671735256,0.1656035676,0.1637443138,0.1615954626,0.1591236518,0.1562931150,0.1530660059,0.1493761759,0.1451390606,0.1402258394,0.1344299428,0.1273764142,0.1183041840,0.1050013714,0.0547646530
152820.000000,0.1713750471,0.1712530921,0.1709079611,0.1703307421,0.1695183716,0.1684560574,0.1671428718,0.1655734101,0.1637147397,0.1615665568,0.1590955069,0.1562658309,0.1530396897,0.1493509485,0.1451150597,0.1402032290,0.1344089286,0.1273572774,0.1182873563,0.1049877110,0.0547609170
152880.000000,0.1713430381,0.1712211224,0.1708761028,0.1702990697,0.1694869601,0.1684249856,0.1671122179,0.1655432526,0.1636851655,0.1615376510,0.1590673620,0.1562385469,0.1530133736,0.1493257210,0.1450910588,0.1401806186,0.1343879144,0.1273381406,0.1182705286,0.1049740505,0.0547571810
152940.000000,0.1713110810,0.1711892047,0.1708442963,0.1702674487,0.1694555995,0.1683939642,0.1670816135,0.1655131437,0.1636556388,0.1615087914,0.1590392620,0.1562113061,0.1529870990,0.1493005332,0.1450670954,0.1401580432,0.1343669325,0.1273190328,0.1182537260,0.1049604100,0.0547534545
153000.000000,0.1712791240,0.1711572869,0.1708124897,0.1702358277,0.1694242389,0.1683629427,0.1670510091,0.1654830348,0.1636261121,0.1614799319,0.1590111620,0.1561840654,0.1529608244,0.1492753454,0.1450431319,0.1401354678,0.1343459505,0.1272999251,0.1182369234,0.1049467695,0.0547497281
153060.000000,0.1712472187,0.1711254210,0.1707807347,0.1702042579,0.1693929290,0.1683319713,0.1670204540,0.1654529743,0.1635966328,0.1614511185,0.1589831068,0.1561568679,0.1529345913,0.1492501971,0.1450192059,0.1401129274,0.1343250007,0.1272808462,0.1182201459,0.1049331489,0.0547460112
153120.000000,0.1712153135,0.1710935550,0.1707489797,0.1701726881,0.1693616192,0.1683009999,0.1669898990,0.1654229138,0.1635671535,0.1614223051,0.1589550515,0.1561296704,0.1529083582,0.1492250489,0.1449952798,0.1400903869,0.1343040510,0.1272617674,0.1182033684,0.1049195283,0.0547422944
153180.000000,0.1711834600,0.1710617407,0.1707172761,0.1701411694,0.1693303599,0.1682700786,0.1669593932,0.1653929016,0.1635377214,0.1613935378,0.1589270409,0.1561025160,0.1528821665,0.1491999400,0.1449713910,0.1400678813,0.1342831333,0.1272427175,0.1181866159,0.1049059276,0.0547385870
153240.000000,0.1711516065,0.1710299264,0.1706855725,0.1701096507,0.1692991007,0.1682391572,0.1669288873,0.1653628895,0.1635082894,0.1613647704,0.1588990304,0.1560753615,0.1528559748,0.1491748312,0.1449475022,0.1400453757,0.1342622156,0.1272236675,0.1181698634,0.1048923268,0.0547348797
153300.000000,0.1711198046,0.1709981635,0.1706539203,0.1700781830,0.1692678919,0.1682082857,0.1668984306,0.1653329255,0.1634789044,0.1613360490,0.1588710643,0.1560482501,0.1528298243,0.1491497617,0.1449236506,0.1400229048,0.1342413299,0.1272046464,0.1181531358,0.1048787459,0.0547311818
153360.000000,0.1710880027,0.1709664007,0.1706222680,0.1700467152,0.1692366831,0.1681774142,0.1668679739,0.1653029615,0.1634495195,0.1613073275,0.1588430983,0.1560211387,0.1528036739,0.1491246922,0.1448997990,0.1400004339,0.1342204442,0.1271856253,0.1181364083,0.1048651649,0.0547274839
153420.000000,0.1710562522,0.1709346893,0.1705906669,0.1700152983,0.1692055247,0.1681465924,0.1668375661,0.1652730456,0.1634201815,0.1612786519,0.1588151767,0.1559940702,0.1527775646,0.1490996620,0.1448759845,0.1399779977,0.1341995904,0.1271666329,0.1181197056,0.1048516037,0.0547237955
153480.000000,0.1710245017,0.1709029778,0.1705590658,0.1699838814,0.1691743663,0.1681157706,0.1668071583,0.1652431297,0.1633908436,0.1612499763,0.1587872551,0.1559670016,0.1527514553,0.1490746317,0.1448521699,0.1399555615,0.1341787366,0.1271476405,0.1181030029,0.1048380425,0.0547201071
153540.000000,0.1709928026,0.1708713176,0.1705275157,0.1699525152,0.1691432581,0.1680849984,0.1667767994,0.1652132617,0.1633615525,0.1612213463,0.1587593778,0.1559399759,0.1527253871,0.1490496406,0.1448283924,0.1399331599,0.1341579147,0.1271286768,0.1180863251,0.1048245011,0.0547164280
153600.000000,0.1709611034,0.1708396574,0.1704959656,0.1699211490,0.1691121499,0.1680542262,0.1667464405,0.1651833937,0.1633322615,0.1611927163,0.1587315005,0.1559129501,0.1526993188,0.1490246495,0.1448046149,0.1399107583,0.1341370927,0.1271097130,0.1180696472,0.1048109596,0.0547127490
153660.000000,0.1709294554,0.1708080483,0.1704644665,0.1698898333,0.1690810917,0.1680235034,0.1667161302,0.1651535735,0.1633030172,0.1611641319,0.1587036674,0.1558859670,0.1526732915,0.1489996974,0.1447808742,0.1398883912,0.1341163025,0.1270907779,0.1180529942,0.1047974377,0.0547090794
153720.000000,0.1708978074,0.1707764392,0.1704329673,0.1698585177,0.1690500336,0.1679927807,0.1666858200,0.1651237533,0.1632737729,0.1611355475,0.1586758343,0.1558589839,0.1526472642,0.1489747453,0.1447571336,0.1398660240,0.1340955124,0.1270718427,0.1180363411,0.1047839159,0.0547054098
153780.000000,0.1708662105,0.1707448810,0.1704015189,0.1698272524,0.1690190254,0.1679621073,0.1666555584,0.1650939808,0.1632445752,0.1611070085,0.1586480452,0.1558320434,0.1526212778,0.1489498321,0.1447334297,0.1398436913,0.1340747539,0.1270529361,0.1180197127,0.1047704137,0.0547017495
153840.000000,0.1708346135,0.1707133229,0.1703700705,0.1697959872,0.1689880173,0.1679314339,0.1666252967,0.1650642083,0.1632153776,0.1610784695,0.1586202562,0.1558051029,0.1525952914,0.1489249190,0.1447097259,0.1398213586,0.1340539954,0.1270340295,0.1180030844,0.1047569115,0.0546980892
153900.000000,0.1708030674,0.1706818156,0.1703386727,0.1697647723,0.1689570589,0.1679008097,0.1665950835,0.1650344834,0.1631862264,0.1610499759,0.1585925112,0.1557782048,0.1525693457,0.1489000447,0.1446860587,0.1397990602,0.1340332685,0.1270151513,0.1179864806,0.1047434288,0.0546944382
153960.000000,0.1707715214,0.1706503083,0.1703072749,0.1697335573,0.1689261006,0.1678701856,0.1665648704,0.1650047585,0.1631570753,0.1610214822,0.1585647661,0.1557513067,0.1525433999,0.1488751703,0.1446623916,0.1397767618,0.1340125416,0.1269962732,0.1179698769,0.1047299462,0.0546907872
154020.000000,0.1707400261,0.1706188517,0.1702759277,0.1697023926,0.1688951919,0.1678396105,0.1665347055,0.1649750810,0.1631279705,0.1609930338,0.1585370649,0.1557244509,0.1525174949,0.1488503348,0.1446387611,0.1397544976,0.1339918462,0.1269774234,0.1179532978,0.1047164830,0.0546871456
154080.000000,0.1707085308,0.1705873951,0.1702445804,0.1696712278,0.1688642833,0.1678090353,0.1665045406,0.1649454035,0.1630988658,0.1609645853,0.1585093637,0.1556975951,0.1524915898,0.1488254992,0.1446151306,0.1397322334,0.1339711508,0.1269585736,0.1179367186,0.1047030199,0.0546835039
154140.000000,0.1706770862,0.1705559890,0.1702132835,0.1696401131,0.1688334242,0.1677785092,0.1664744240,0.1649157733,0.1630698073,0.1609361820,0.1584817062,0.1556707816,0.1524657253,0.1488007022,0.1445915366,0.1397100034,0.1339504869,0.1269397521,0.1179201640,0.1046895762,0.0546798714
154200.000000,0.1706456416,0.1705245830,0.1701819866,0.1696089983,0.1688025651,0.1677479830,0.1664443073,0.1648861432,0.1630407488,0.1609077786,0.1584540488,0.1556439680,0.1524398607,0.1487759053,0.1445679426,0.1396877733,0.1339298229,0.1269209306,0.1179036094,0.1046761325,0.0546762390
154260.000000,0.1706142474,0.1704932274,0.1701507399,0.1695779335,0.1687717554,0.1677175057,0.1664142387,0.1648565602,0.1630117365,0.1608794202,0.1584264349,0.1556171966,0.1524140366,0.1487511469,0.1445443850,0.1396655773,0.1339091904,0.1269021374,0.1178870792,0.1046627083,0.0546726158
154320.000000,0.1705828533,0.1704618718,0.1701194932,0.1695468686,0.1687409458,0.1676870284,0.1663841702,0.1648269772,0.1629827242,0.1608510618,0.1583988211,0.1555904252,0.1523882125,0.1487263885,0.1445208274,0.1396433814,0.1338885578,0.1268833441,0.1178705491,0.1046492840,0.0546689926
154380.000000,0.1705515096,0.1704305665,0.1700882967,0.1695158536,0.1687101854,0.1676565998,0.1663541495,0.1647974413,0.1629537579,0.1608227483,0.1583712508,0.1555636958,0.1523624287,0.1487016685,0.1444973062,0.1396212193,0.1338679565,0.1268645791,0.1178540433,0.1046358791,0.0546653785
154440.000000,0.1705201658,0.1703992612,0.1700571001,0.1694848385,0.1686794251,0.1676261711,0.1663241289,0.1647679054,0.1629247916,0.1607944348,0.1583436805,0.1555369664,0.1523366449,0.1486769486,0.1444737849,0.1395990573,0.1338473552,0.1268458140,0.1178375376,0.1046224743,0.0546617645
154500.000000,0.1704888723,0.1703680061,0.1700259535,0.1694538731,0.1686487139,0.1675957911,0.1662941561,0.1647384164,0.1628958712,0.1607661660,0.1583161536,0.1555102789,0.1523109014,0.1486522669,0.1444502999,0.1395769292,0.1338267852,0.1268270770,0.1178210561,0.1046090887,0.0546581596
154560.000000,0.1704575788,0.1703367510,0.1699948069,0.1694229077,0.1686180027,0.1675654110,0.1662641833,0.1647089275,0.1628669509,0.1607378972,0.1582886267,0.1554835914,0.1522851578,0.1486275853,0.1444268150,0.1395548011,0.1338062151,0.1268083401,0.1178045747,0.1045957032,0.0546545548
154620.000000,0.1704263354,0.1703055459,0.1699637102,0.1693919918,0.1685873406,0.1675350794,0.1662342582,0.1646794853,0.1628380763,0.1607096730,0.1582611430,0.1554569456,0.1522594544,0.1486029420,0.1444033661,0.1395327068,0.1337856761,0.1267896311,0.1177881176,0.1045823369,0.0546509590
154680.000000,0.1703950920,0.1702743408,0.1699326135,0.1693610759,0.1685566785,0.1675047478,0.1662043332,0.1646500432,0.1628092017,0.1606814488,0.1582336594,0.1554302999,0.1522337509,0.1485782986,0.1443799173,0.1395106125,0.1337651372,0.1267709222,0.1177716605,0.1045689706,0.0546473632
154740.000000,0.1703638986,0.1702431857,0.1699015664,0.1693302094,0.1685260653,0.1674744645,0.1661744556,0.1646206478,0.1627803729,0.1606532692,0.1582062190,0.1554036959,0.1522080875,0.1485536934,0.1443565045,0.1394885518,0.1337446293,0.1267522412,0.1177552276,0.1045556236,0.0546437766
154800.000000,0.1703327052,0.1702120305,0.1698705194,0.1692993429,0.1684954521,0.1674441813,0.1661445781,0.1645912523,0.1627515440,0.1606250895,0.1581787786,0.1553770919,0.1521824241,0.1485290881,0.1443330917,0.1394664912,0.1337241214,0.1267335602,0.1177387947,0.1045422765,0.0546401899
154860.000000,0.1703015617,0.1701809251,0.1698395220,0.1692685256,0.1684648877,0.1674139462,0.1661147481,0.1645619035,0.1627227606,0.1605969543,0.1581513812,0.1553505294,0.1521568006,0.1485045210,0.1443097149,0.1394444643,0.1337036445,0.1267149071,0.1177223859,0.1045289487,0.0546366123
154920.000000,0.1702704181,0.1701498198,0.1698085246,0.1692377083,0.1684343233,0.1673837111,0.1660849180,0.1645325546,0.1626939773,0.1605688190,0.1581239838,0.1553239670,0.1521311770,0.1484799538,0.1442863381,0.1394224373,0.1336831676,0.1266962540,0.1177059772,0.1045156209,0.0546330347
154980.000000,0.1702393243,0.1701187640,0.1697775766,0.1692069402,0.1684038075,0.1673535241,0.1660551353,0.1645032523,0.1626652394,0.1605407280,0.1580966294,0.1552974460,0.1521055933,0.1484554246,0.1442629972,0.1394004439,0.1336627216,0.1266776288,0.1176895926,0.1045023121,0.0546294661
155040.000000,0.1702082305,0.1700877083,0.1697466286,0.1691761721,0.1683732918,0.1673233370,0.1660253526,0.1644739499,0.1626365016,0.1605126370,0.1580692750,0.1552709250,0.1520800096,0.1484308954,0.1442396563,0.1393784504,0.1336422755,0.1266590035,0.1176732079,0.1044890034,0.0546258976
155100.000000,0.1701771862,0.1700567021,0.1697157300,0.1691454530,0.1683428246,0.1672931980,0.1659956171,0.1644446939,0.1626078090,0.1604845902,0.1580419635,0.1552444454,0.1520544657,0.1484064040,0.1442163511,0.1393564905,0.1336218603,0.1266404060,0.1176568473,0.1044757138,0.0546223380
155160.000000,0.1701461420,0.1700256960,0.1696848313,0.1691147338,0.1683123574,0.1672630589,0.1659658816,0.1644154378,0.1625791165,0.1604565434,0.1580146519,0.1552179658,0.1520289217,0.1483819127,0.1441930460,0.1393345305,0.1336014451,0.1266218085,0.1176404867,0.1044624242,0.0546187784
155220.000000,0.1701151473,0.1699947392,0.1696539819,0.1690840636,0.1682819387,0.1672329677,0.1659361932,0.1643862280,0.1625504691,0.1604285406,0.1579873831,0.1551915275,0.1520034173,0.1483574591,0.1441697766,0.1393126039,0.1335810607,0.1266032387,0.1176241501,0.1044491537,0.0546152278
155280.000000,0.1700841525,0.1699637824,0.1696231324,0.1690533934,0.1682515199,0.1672028764,0.1659065048,0.1643570182,0.1625218218,0.1604005379,0.1579601143,0.1551650892,0.1519779129,0.1483330055,0.1441465071,0.1392906774,0.1335606762,0.1265846688,0.1176078135,0.1044358831,0.0546116772
155340.000000,0.1700532071,0.1699328749,0.1695923321,0.1690227719,0.1682211494,0.1671728329,0.1658768634,0.1643278546,0.1624932196,0.1603725791,0.1579328882,0.1551386920,0.1519524481,0.1483085896,0.1441232733,0.1392687841,0.1335403224,0.1265661266,0.1175915009,0.1044226316,0.0546081355
155400.000000,0.1700222617,0.1699019674,0.1695615317,0.1689921504,0.1681907789,0.1671427893,0.1658472220,0.1642986909,0.1624646173,0.1603446203,0.1579056620,0.1551122948,0.1519269832,0.1482841737,0.1441000395,0.1392468908,0.1335199687,0.1265475844,0.1175751882,0.1044093800,0.0546045938
155460.000000,0.1699913655,0.1698711090,0.1695307803,0.1689615775,0.1681604566,0.1671127934,0.1658176274,0.1642695732,0.1624360601,0.1603167053,0.1578784783,0.1550859387,0.1519015577,0.1482597954,0.1440768412,0.1392250307,0.1334996455,0.1265290697,0.1175588994,0.1043961474,0.0546010610
155520.000000,0.1699604693,0.1698402506,0.1695000289,0.1689310046,0.1681301343,0.1670827974,0.1657880328,0.1642404555,0.1624075028,0.1602887903,0.1578512947,0.1550595826,0.1518761323,0.1482354170,0.1440536429,0.1392031707,0.1334793223,0.1265105551,0.1175426106,0.1043829148,0.0545975282
155580.000000,0.1699296222,0.1698094413,0.1694693263,0.1689004803,0.1680998601,0.1670528489,0.1657584850,0.1642113836,0.1623789905,0.1602609190,0.1578241535,0.1550332674,0.1518507462,0.1482110762,0.1440304800,0.1391813437,0.1334590296,0.1264920679,0.1175263456,0.1043697011,0.0545940043
155640.000000,0.1698987750,0.1697786319,0.1694386237,0.1688699559,0.1680695858,0.1670229004,0.1657289371,0.1641823118,0.1623504781,0.1602330478,0.1577970122,0.1550069522,0.1518253600,0.1481867353,0.1440073171,0.1391595168,0.1334387369,0.1264735807,0.1175100807,0.1043564875,0.0545904804
155700.000000,0.1698679769,0.1697478714,0.1694079698,0.1688394799,0.1680393595,0.1669929992,0.1656994359,0.1641532857,0.1623220104,0.1602052201,0.1577699133,0.1549806779,0.1518000131,0.1481624318,0.1439841896,0.1391377229,0.1334184747,0.1264551210,0.1174938394,0.1043432927,0.0545869654
155760.000000,0.1698371787,0.1697171110,0.1693773159,0.1688090039,0.1680091332,0.1669630980,0.1656699347,0.1641242597,0.1622935428,0.1601773924,0.1577428144,0.1549544036,0.1517746662,0.1481381284,0.1439610621,0.1391159290,0.1333982125,0.1264366612,0.1174775982,0.1043300978,0.0545834503
155820.000000,0.1698064294,0.1696863993,0.1693467106,0.1687785762,0.1679789546,0.1669332441,0.1656404799,0.1640952792,0.1622651198,0.1601496083,0.1577157577,0.1549281700,0.1517493584,0.1481138622,0.1439379698,0.1390941681,0.1333779806,0.1264182288,0.1174613807,0.1043169219,0.0545799441
155880.000000,0.1697756801,0.1696556876,0.1693161053,0.1687481484,0.1679487761,0.1669033901,0.1656110252,0.1640662988,0.1622366968,0.1601218241,0.1576887010,0.1549019364,0.1517240505,0.1480895960,0.1439148776,0.1390724071,0.1333577487,0.1263997964,0.1174451631,0.1043037459,0.0545764378
155940.000000,0.1697449795,0.1696250245,0.1692855484,0.1687177688,0.1679186452,0.1668735832,0.1655816168,0.1640373639,0.1622083183,0.1600940833,0.1576616863,0.1548757435,0.1516987817,0.1480653670,0.1438918205,0.1390506791,0.1333375471,0.1263813912,0.1174289693,0.1042905887,0.0545729403
156000.000000,0.1697142789,0.1695943615,0.1692549916,0.1686873892,0.1678885144,0.1668437763,0.1655522084,0.1640084290,0.1621799399,0.1600663426,0.1576346717,0.1548495506,0.1516735129,0.1480411380,0.1438687634,0.1390289511,0.1333173456,0.1263629861,0.1174127754,0.1042774315,0.0545694429
156060.000000,0.1696836269,0.1695637470,0.1692244830,0.1686570576,0.1678584311,0.1668140164,0.1655228463,0.1639795395,0.1621516058,0.1600386451,0.1576076991,0.1548233982,0.1516482831,0.1480169461,0.1438457413,0.1390072558,0.1332971742,0.1263446082,0.1173966051,0.1042642930,0.0545659542
156120.000000,0.1696529748,0.1695331324,0.1691939745,0.1686267260,0.1678283478,0.1667842565,0.1654934842,0.1639506500,0.1621232717,0.1600109476,0.1575807264,0.1547972458,0.1516230532,0.1479927543,0.1438227193,0.1389855606,0.1332770028,0.1263262303,0.1173804348,0.1042511545,0.0545624654
156180.000000,0.1696223713,0.1695025663,0.1691635141,0.1685964422,0.1677983119,0.1667545435,0.1654641682,0.1639218057,0.1620949820,0.1599832932,0.1575537957,0.1547711338,0.1515978621,0.1479685994,0.1437997323,0.1389638981,0.1332568616,0.1263078795,0.1173642880,0.1042380347,0.0545589854
156240.000000,0.1695917677,0.1694720001,0.1691330538,0.1685661585,0.1677682760,0.1667248304,0.1654348523,0.1638929615,0.1620666922,0.1599556389,0.1575268649,0.1547450218,0.1515726711,0.1479444445,0.1437767452,0.1389422356,0.1332367204,0.1262895287,0.1173481412,0.1042249149,0.0545555055
156300.000000,0.1695612125,0.1694414822,0.1691026415,0.1685359225,0.1677382875,0.1666951641,0.1654055823,0.1638641625,0.1620384466,0.1599280276,0.1574999759,0.1547189502,0.1515475187,0.1479203266,0.1437537931,0.1389206057,0.1332166092,0.1262712050,0.1173320179,0.1042118138,0.0545520341
156360.000000,0.1695306572,0.1694109644,0.1690722292,0.1685056866,0.1677082989,0.1666654978,0.1653763123,0.1638353634,0.1620102011,0.1599004163,0.1574730869,0.1546928786,0.1515223664,0.1478962087,0.1437308410,0.1388989758,0.1331964981,0.1262528813,0.1173158946,0.1041987127,0.0545485628
156420.000000,0.1695001502,0.1693804946,0.1690418649,0.1684754982,0.1676783575,0.1666358781,0.1653470883,0.1638066094,0.1619819996,0.1598728480,0.1574462396,0.1546668472,0.1514972527,0.1478721275,0.1437079237,0.1388773785,0.1331764169,0.1262345847,0.1172997947,0.1041856301,0.0545451002
156480.000000,0.1694696432,0.1693500249,0.1690115006,0.1684453099,0.1676484162,0.1666062584,0.1653178642,0.1637778555,0.1619537981,0.1598452797,0.1574193923,0.1546408158,0.1514721390,0.1478480464,0.1436850064,0.1388557812,0.1331563358,0.1262162880,0.1172836948,0.1041725476,0.0545416376
156540.000000,0.1694391842,0.1693196032,0.1689811841,0.1684151691,0.1676185219,0.1665766852,0.1652886859,0.1637491464,0.1619256405,0.1598177542,0.1573925866,0.1546148245,0.1514470638,0.1478240020,0.1436621238,0.1388342163,0.1331362845,0.1261980183,0.1172676183,0.1041594836,0.0545381835
156600.000000,0.1694087253,0.1692891815,0.1689508676,0.1683850282,0.1675886276,0.1665471119,0.1652595077,0.1637204374,0.1618974830,0.1597902287,0.1573657808,0.1545888332,0.1514219886,0.1477999576,0.1436392412,0.1388126515,0.1331162333,0.1261797485,0.1172515417,0.1041464196,0.0545347295
156660.000000,0.1693783143,0.1692588076,0.1689205989,0.1683549348,0.1675587802,0.1665175851,0.1652303750,0.1636917732,0.1618693693,0.1597627459,0.1573390165,0.1545628820,0.1513969518,0.1477759499,0.1436163933,0.1387911190,0.1330962119,0.1261615057,0.1172354885,0.1041333742,0.0545312841
156720.000000,0.1693479034,0.1692284338,0.1688903301,0.1683248414,0.1675289329,0.1664880582,0.1652012424,0.1636631090,0.1618412556,0.1597352631,0.1573122522,0.1545369308,0.1513719151,0.1477519422,0.1435935453,0.1387695866,0.1330761905,0.1261432628,0.1172194353,0.1041203287,0.0545278387
156780.000000,0.1693175402,0.1691981078,0.1688601089,0.1682947952,0.1674991323,0.1664585777,0.1651721554,0.1636344895,0.1618131856,0.1597078230,0.1572855293,0.1545110194,0.1513469166,0.1477279710,0.1435707320,0.1387480865,0.1330561989,0.1261250468,0.1172034053,0.1041073017,0.0545244019
156840.000000,0.1692871771,0.1691677817,0.1688298877,0.1682647490,0.1674693318,0.1664290971,0.1651430683,0.1636058700,0.1617851157,0.1596803828,0.1572588064,0.1544851081,0.1513219182,0.1477039998,0.1435479186,0.1387265864,0.1330362073,0.1261068308,0.1171873753,0.1040942747,0.0545209650
156900.000000,0.1692568617,0.1691375033,0.1687997140,0.1682347500,0.1674395780,0.1663996626,0.1651140267,0.1635772951,0.1617570893,0.1596529852,0.1572321247,0.1544592367,0.1512969580,0.1476800651,0.1435251397,0.1387051185,0.1330162454,0.1260886415,0.1171713685,0.1040812661,0.0545175367
156960.000000,0.1692265463,0.1691072250,0.1687695402,0.1682047510,0.1674098242,0.1663702282,0.1650849851,0.1635487202,0.1617290630,0.1596255876,0.1572054430,0.1544333652,0.1512719978,0.1476561303,0.1435023608,0.1386836506,0.1329962834,0.1260704522,0.1171553617,0.1040682576,0.0545141084
157020.000000,0.1691962785,0.1690769941,0.1687394139,0.1681747990,0.1673801170,0.1663408397,0.1650559888,0.1635201898,0.1617010802,0.1595982323,0.1571788025,0.1544075334,0.1512470758,0.1476322320,0.1434796163,0.1386622149,0.1329763511,0.1260522897,0.1171393780,0.1040552674,0.0545106887
157080.000000,0.1691660107,0.1690467632,0.1687092875,0.1681448471,0.1673504097,0.1663114513,0.1650269925,0.1634916594,0.1616730974,0.1595708771,0.1571521619,0.1543817017,0.1512221538,0.1476083336,0.1434568717,0.1386407791,0.1329564189,0.1260341271,0.1171233943,0.1040422772,0.0545072689
157140.000000,0.1691357903,0.1690165798,0.1686792083,0.1681149420,0.1673207490,0.1662821088,0.1649980414,0.1634631733,0.1616451580,0.1595435642,0.1571255624,0.1543559095,0.1511972698,0.1475844715,0.1434341615,0.1386193755,0.1329365161,0.1260159911,0.1171074337,0.1040293053,0.0545038576
157200.000000,0.1691055700,0.1689863963,0.1686491291,0.1680850369,0.1672910883,0.1662527663,0.1649690903,0.1634346873,0.1616172186,0.1595162513,0.1570989629,0.1543301174,0.1511723858,0.1475606095,0.1434114513,0.1385979719,0.1329166134,0.1259978552,0.1170914732,0.1040163335,0.0545004463
157260.000000,0.1690753970,0.1689562602,0.1686190971,0.1680551786,0.1672614739,0.1662234695,0.1649401843,0.1634062456,0.1615893224,0.1594889805,0.1570724044,0.1543043648,0.1511475397,0.1475367836,0.1433887753,0.1385766002,0.1328967401,0.1259797457,0.1170755356,0.1040033799,0.0544970435
157320.000000,0.1690452240,0.1689261240,0.1685890650,0.1680253204,0.1672318595,0.1661941728,0.1649112782,0.1633778038,0.1615614263,0.1594617098,0.1570458458,0.1542786122,0.1511226937,0.1475129577,0.1433660993,0.1385552286,0.1328768669,0.1259616363,0.1170595980,0.1039904263,0.0544936406
157380.000000,0.1690150983,0.1688960350,0.1685590799,0.1679955087,0.1672022913,0.1661649217,0.1648824172,0.1633494062,0.1615335734,0.1594344811,0.1570193281,0.1542528991,0.1510978855,0.1474891679,0.1433434575,0.1385338888,0.1328570230,0.1259435534,0.1170436834,0.1039774910,0.0544902462
157440.000000,0.1689849725,0.1688659460,0.1685290949,0.1679656971,0.1671727231,0.1661356706,0.1648535562,0.1633210086,0.1615057205,0.1594072525,0.1569928104,0.1542271859,0.1510730773,0.1474653781,0.1433208156,0.1385125491,0.1328371792,0.1259254705,0.1170277688,0.1039645557,0.0544868518
157500.000000,0.1689548939,0.1688359041,0.1684991567,0.1679359321,0.1671432011,0.1661064651,0.1648247400,0.1632926550,0.1614779106,0.1593800658,0.1569663334,0.1542015121,0.1510483069,0.1474416243,0.1432982078,0.1384912413,0.1328173647,0.1259074140,0.1170118771,0.1039516386,0.0544834658
157560.000000,0.1689248153,0.1688058621,0.1684692184,0.1679061670,0.1671136791,0.1660772596,0.1647959238,0.1632643014,0.1614501008,0.1593528791,0.1569398564,0.1541758382,0.1510235364,0.1474178705,0.1432756000,0.1384699334,0.1327975502,0.1258893576,0.1169959854,0.1039387215,0.0544800798
157620.000000,0.1688947836,0.1687758671,0.1684393270,0.1678764484,0.1670842030,0.1660480995,0.1647671524,0.1632359918,0.1614223339,0.1593257343,0.1569134201,0.1541502036,0.1509988037,0.1473941527,0.1432530261,0.1384486573,0.1327777649,0.1258713275,0.1169801166,0.1039258226,0.0544767021
157680.000000,0.1688647520,0.1687458721,0.1684094355,0.1678467298,0.1670547270,0.1660189395,0.1647383810,0.1632076822,0.1613945671,0.1592985896,0.1568869837,0.1541245690,0.1509740709,0.1473704348,0.1432304523,0.1384273812,0.1327579797,0.1258532973,0.1169642478,0.1039129237,0.0544733245
157740.000000,0.1688347672,0.1687159239,0.1683795907,0.1678170575,0.1670252969,0.1659898247,0.1647096542,0.1631794163,0.1613668430,0.1592714865,0.1568605879,0.1540989736,0.1509493758,0.1473467528,0.1432079123,0.1384061367,0.1327382237,0.1258352935,0.1169484017,0.1039000429,0.0544699552
157800.000000,0.1688047825,0.1686859757,0.1683497458,0.1677873852,0.1669958667,0.1659607100,0.1646809274,0.1631511505,0.1613391190,0.1592443835,0.1568341921,0.1540733781,0.1509246806,0.1473230708,0.1431853723,0.1383848923,0.1327184676,0.1258172897,0.1169325557,0.1038871620,0.0544665859
157860.000000,0.1687748445,0.1686560742,0.1683199475,0.1677577591,0.1669664823,0.1659316404,0.1646522452,0.1631229284,0.1613114378,0.1592173221,0.1568078367,0.1540478217,0.1509000229,0.1472994245,0.1431628662,0.1383636795,0.1326987407,0.1257993122,0.1169167324,0.1038742993,0.0544632249
157920.000000,0.1687449065,0.1686261727,0.1682901492,0.1677281330,0.1669370980,0.1659025709,0.1646235629,0.1630947063,0.1612837565,0.1591902608,0.1567814813,0.1540222652,0.1508753652,0.1472757782,0.1431403600,0.1383424667,0.1326790138,0.1257813346,0.1169009091,0.1038614366,0.0544598639
157980.000000,0.1687150151,0.1685963178,0.1682603972,0.1676985530,0.1669077592,0.1658735464,0.1645949250,0.1630665278,0.1612561179,0.1591632410,0.1567551662,0.1539967478,0.1508507449,0.1472521676,0.1431178875,0.1383212854,0.1326593159,0.1257633832,0.1168851085,0.1038485919,0.0544565112
158040.000000,0.1686851238,0.1685664628,0.1682306453,0.1676689730,0.1668784205,0.1658445220,0.1645662872,0.1630383493,0.1612284793,0.1591362212,0.1567288512,0.1539712303,0.1508261246,0.1472285569,0.1430954151,0.1383001041,0.1326396181,0.1257454318,0.1168693079,0.1038357472,0.0544531585
158100.000000,0.1686552789,0.1685366543,0.1682009396,0.1676394389,0.1668491273,0.1658155425,0.1645376936,0.1630102142,0.1612008832,0.1591092428,0.1567025763,0.1539457516,0.1508015416,0.1472049819,0.1430729763,0.1382789543,0.1326199492,0.1257275065,0.1168535300,0.1038229205,0.0544498141
158160.000000,0.1686254341,0.1685068459,0.1681712339,0.1676099049,0.1668198341,0.1657865631,0.1645091001,0.1629820792,0.1611732872,0.1590822645,0.1566763015,0.1539202730,0.1507769586,0.1471814068,0.1430505374,0.1382578045,0.1326002803,0.1257095812,0.1168377520,0.1038100938,0.0544464696
158220.000000,0.1685956356,0.1684770837,0.1681415744,0.1675804167,0.1667905864,0.1657576285,0.1644805507,0.1629539876,0.1611457335,0.1590553275,0.1566500668,0.1538948331,0.1507524127,0.1471578672,0.1430281321,0.1382366860,0.1325806404,0.1256916820,0.1168219967,0.1037972851,0.0544431334
158280.000000,0.1685658372,0.1684473216,0.1681119149,0.1675509285,0.1667613386,0.1657286939,0.1644520014,0.1629258959,0.1611181799,0.1590283905,0.1566238321,0.1538693932,0.1507278669,0.1471343276,0.1430057269,0.1382155676,0.1325610004,0.1256737828,0.1168062413,0.1037844763,0.0544397972
158340.000000,0.1685360850,0.1684176057,0.1680823014,0.1675214860,0.1667321362,0.1656998041,0.1644234961,0.1628978476,0.1610906686,0.1590014948,0.1565976374,0.1538439920,0.1507033582,0.1471108234,0.1429833551,0.1381944805,0.1325413893,0.1256559095,0.1167905085,0.1037716855,0.0544364692
158400.000000,0.1685063329,0.1683878897,0.1680526879,0.1674920436,0.1667029337,0.1656709142,0.1643949908,0.1628697992,0.1610631573,0.1589745990,0.1565714427,0.1538185907,0.1506788496,0.1470873192,0.1429609832,0.1381733933,0.1325217782,0.1256380363,0.1167747757,0.1037588947,0.0544331412
158460.000000,0.1684766269,0.1683582199,0.1680231204,0.1674626467,0.1666737765,0.1656420690,0.1643665295,0.1628417940,0.1610356882,0.1589477444,0.1565452880,0.1537932280,0.1506543779,0.1470638504,0.1429386448,0.1381523374,0.1325021958,0.1256201890,0.1167590653,0.1037461217,0.0544298213
158520.000000,0.1684469209,0.1683285501,0.1679935528,0.1674332499,0.1666446192,0.1656132238,0.1643380681,0.1628137888,0.1610082191,0.1589208899,0.1565191332,0.1537678654,0.1506299062,0.1470403815,0.1429163064,0.1381312815,0.1324826135,0.1256023416,0.1167433550,0.1037333488,0.0544265015
158580.000000,0.1684172610,0.1682989263,0.1679640311,0.1674038985,0.1666155070,0.1655844232,0.1643096507,0.1627858266,0.1609807921,0.1588940763,0.1564930183,0.1537425411,0.1506054715,0.1470169478,0.1428940013,0.1381102567,0.1324630598,0.1255845202,0.1167276670,0.1037205936,0.0544231898
158640.000000,0.1683876011,0.1682693025,0.1679345094,0.1673745472,0.1665863949,0.1655556225,0.1642812332,0.1627578645,0.1609533652,0.1588672628,0.1564669034,0.1537172169,0.1505810367,0.1469935141,0.1428716961,0.1380892319,0.1324435062,0.1255666987,0.1167119791,0.1037078385,0.0544198781
158700.000000,0.1683579871,0.1682397245,0.1679050333,0.1673452413,0.1665573277,0.1655268663,0.1642528595,0.1627299453,0.1609259802,0.1588404901,0.1564408282,0.1536919310,0.1505566388,0.1469701156,0.1428494242,0.1380682383,0.1324239812,0.1255489031,0.1166963135,0.1036951011,0.0544165745
158760.000000,0.1683283731,0.1682101466,0.1678755573,0.1673159353,0.1665282605,0.1654981100,0.1642244858,0.1627020260,0.1608985953,0.1588137175,0.1564147530,0.1536666452,0.1505322409,0.1469467170,0.1428271523,0.1380472446,0.1324044562,0.1255311074,0.1166806480,0.1036823638,0.0544132710
158820.000000,0.1682988049,0.1681806144,0.1678461268,0.1672866747,0.1664992381,0.1654693981,0.1641961557,0.1626741497,0.1608712522,0.1587869858,0.1563887174,0.1536413976,0.1505078797,0.1469233535,0.1428049136,0.1380262819,0.1323849598,0.1255133375,0.1166650047,0.1036696442,0.0544099755
158880.000000,0.1682692367,0.1681510822,0.1678166963,0.1672574140,0.1664702158,0.1654406862,0.1641678256,0.1626462733,0.1608439091,0.1587602540,0.1563626819,0.1536161500,0.1504835186,0.1468999900,0.1427826748,0.1380053192,0.1323654633,0.1254955676,0.1166493615,0.1036569246,0.0544066800
158940.000000,0.1682397143,0.1681215956,0.1677873113,0.1672281985,0.1664412382,0.1654120184,0.1641395390,0.1626184397,0.1608166079,0.1587335630,0.1563366859,0.1535909406,0.1504591941,0.1468766615,0.1427604691,0.1379843874,0.1323459954,0.1254778234,0.1166337405,0.1036442227,0.0544033926
159000.000000,0.1682101918,0.1680921091,0.1677579263,0.1671989830,0.1664122606,0.1653833507,0.1641112525,0.1625906060,0.1607893066,0.1587068719,0.1563106898,0.1535657312,0.1504348696,0.1468533330,0.1427382634,0.1379634557,0.1323265274,0.1254600791,0.1166181196,0.1036315208,0.0544001052
159060.000000,0.1681807149,0.1680626681,0.1677285866,0.1671698125,0.1663833276,0.1653547271,0.1640830093,0.1625628150,0.1607620471,0.1586802216,0.1562847332,0.1535405598,0.1504105816,0.1468300393,0.1427160907,0.1379425547,0.1323070879,0.1254423605,0.1166025208,0.1036188366,0.0543968258
159120.000000,0.1681512381,0.1680332270,0.1676992470,0.1671406421,0.1663543946,0.1653261034,0.1640547662,0.1625350240,0.1607347875,0.1586535712,0.1562587766,0.1535153885,0.1503862937,0.1468067456,0.1426939180,0.1379216538,0.1322876484,0.1254246419,0.1165869221,0.1036061523,0.0543935464
159180.000000,0.1681218067,0.1680038314,0.1676699525,0.1671115166,0.1663255062,0.1652975237,0.1640265664,0.1625072755,0.1607075696,0.1586269613,0.1562328594,0.1534902551,0.1503620422,0.1467834867,0.1426717781,0.1379007837,0.1322682372,0.1254069488,0.1165713455,0.1035934857,0.0543902750
159240.000000,0.1680923753,0.1679744358,0.1676406581,0.1670823911,0.1662966177,0.1652689441,0.1639983665,0.1624795270,0.1606803516,0.1586003515,0.1562069421,0.1534651218,0.1503377908,0.1467602279,0.1426496383,0.1378799135,0.1322488261,0.1253892557,0.1165557689,0.1035808191,0.0543870036
159300.000000,0.1680629893,0.1679450855,0.1676114088,0.1670533104,0.1662677737,0.1652404083,0.1639702099,0.1624518210,0.1606531751,0.1585737820,0.1561810641,0.1534400263,0.1503135757,0.1467370037,0.1426275313,0.1378590741,0.1322294432,0.1253715882,0.1165402144,0.1035681701,0.0543837403
159360.000000,0.1680336032,0.1679157352,0.1675821595,0.1670242297,0.1662389296,0.1652118725,0.1639420533,0.1624241149,0.1606259987,0.1585472126,0.1561551861,0.1534149309,0.1502893606,0.1467137795,0.1426054243,0.1378382346,0.1322100604,0.1253539206,0.1165246599,0.1035555210,0.0543804769
159420.000000,0.1680042624,0.1678864301,0.1675529552,0.1669951937,0.1662101299,0.1651833804,0.1639139397,0.1623964511,0.1605988636,0.1585206835,0.1561293472,0.1533898732,0.1502651818,0.1466905899,0.1425833500,0.1378174258,0.1321907057,0.1253362784,0.1165091275,0.1035428895,0.0543772214
159480.000000,0.1679749217,0.1678571250,0.1675237509,0.1669661577,0.1661813302,0.1651548884,0.1638858262,0.1623687873,0.1605717285,0.1584941544,0.1561035083,0.1533648156,0.1502410030,0.1466674004,0.1425612757,0.1377966170,0.1321713511,0.1253186363,0.1164935950,0.1035302580,0.0543739660
159540.000000,0.1679456260,0.1678278649,0.1674945915,0.1669371663,0.1661525746,0.1651264400,0.1638577557,0.1623411658,0.1605446347,0.1584676656,0.1560777085,0.1533397956,0.1502168605,0.1466442454,0.1425392341,0.1377758387,0.1321520246,0.1253010195,0.1164780846,0.1035176441,0.0543707185
159600.000000,0.1679163304,0.1677986049,0.1674654321,0.1669081750,0.1661238190,0.1650979916,0.1638296851,0.1623135442,0.1605175409,0.1584411767,0.1560519087,0.1533147757,0.1501927179,0.1466210903,0.1425171925,0.1377550604,0.1321326981,0.1252834028,0.1164625742,0.1035050301,0.0543674710
159660.000000,0.1678870797,0.1677693898,0.1674363175,0.1668792281,0.1660951076,0.1650695867,0.1638016574,0.1622859647,0.1604904883,0.1584147280,0.1560261478,0.1532897933,0.1501686114,0.1465979697,0.1424951835,0.1377343127,0.1321133997,0.1252658113,0.1164470857,0.1034924335,0.0543642314
159720.000000,0.1678578291,0.1677401747,0.1674072029,0.1668502812,0.1660663961,0.1650411818,0.1637736298,0.1622583853,0.1604634357,0.1583882793,0.1560003869,0.1532648110,0.1501445050,0.1465748492,0.1424731744,0.1377135649,0.1320941013,0.1252482199,0.1164315972,0.1034798370,0.0543609918
159780.000000,0.1678286234,0.1677110045,0.1673781330,0.1668213787,0.1660377286,0.1650128204,0.1637456449,0.1622308478,0.1604364241,0.1583618706,0.1559746649,0.1532398662,0.1501204346,0.1465517629,0.1424511979,0.1376928475,0.1320748309,0.1252306537,0.1164161307,0.1034672579,0.0543577601
159840.000000,0.1677994177,0.1676818342,0.1673490630,0.1667924762,0.1660090610,0.1649844590,0.1637176600,0.1622033103,0.1604094126,0.1583354620,0.1559489429,0.1532149213,0.1500963641,0.1465286767,0.1424292214,0.1376721301,0.1320555605,0.1252130875,0.1164006641,0.1034546787,0.0543545284
159900.000000,0.1677702568,0.1676527087,0.1673200377,0.1667636179,0.1659804374,0.1649561409,0.1636897178,0.1621758147,0.1603824420,0.1583090932,0.1559232596,0.1531900140,0.1500723297,0.1465056248,0.1424072772,0.1376514430,0.1320363181,0.1251955464,0.1163852194,0.1034421170,0.0543513045
159960.000000,0.1677410959,0.1676235832,0.1672910123,0.1667347597,0.1659518137,0.1649278228,0.1636617755,0.1621483191,0.1603554715,0.1582827245,0.1558975763,0.1531651066,0.1500482952,0.1464825729,0.1423853331,0.1376307560,0.1320170757,0.1251780054,0.1163697747,0.1034295553,0.0543480806
160020.000000,0.1677119797,0.1675945024,0.1672620314,0.1667059456,0.1659232338,0.1648995479,0.1636338759,0.1621208653,0.1603285418,0.1582563956,0.1558719317,0.1531402365,0.1500242966,0.1464595551,0.1423634214,0.1376100992,0.1319978612,0.1251604896,0.1163543517,0.1034170109,0.0543448646
160080.000000,0.1676828634,0.1675654215,0.1672330504,0.1666771315,0.1658946539,0.1648712730,0.1636059762,0.1620934115,0.1603016121,0.1582300667,0.1558462871,0.1531153665,0.1500002979,0.1464365374,0.1423415096,0.1375894424,0.1319786466,0.1251429737,0.1163389288,0.1034044664,0.0543416485
160140.000000,0.1676537918,0.1675363851,0.1672041138,0.1666483615,0.1658661176,0.1648430412,0.1635781190,0.1620659994,0.1602747232,0.1582037775,0.1558206811,0.1530905337,0.1499763351,0.1464135538,0.1423196301,0.1375688157,0.1319594599,0.1251254829,0.1163235276,0.1033919393,0.0543384403
160200.000000,0.1676247201,0.1675073488,0.1671751772,0.1666195915,0.1658375814,0.1648148094,0.1635502618,0.1620385873,0.1602478343,0.1581774884,0.1557950750,0.1530657009,0.1499523722,0.1463905701,0.1422977506,0.1375481891,0.1319402732,0.1251079921,0.1163081265,0.1033794122,0.0543352320
160260.000000,0.1675956930,0.1674783568,0.1671462849,0.1665908654,0.1658090886,0.1647866206,0.1635224469,0.1620112168,0.1602209861,0.1581512389,0.1557695075,0.1530409052,0.1499284451,0.1463676205,0.1422759033,0.1375275926,0.1319211142,0.1250905263,0.1162927470,0.1033669024,0.0543320315
160320.000000,0.1675666658,0.1674493649,0.1671173925,0.1665621393,0.1657805959,0.1647584319,0.1634946320,0.1619838462,0.1601941379,0.1581249893,0.1557439399,0.1530161096,0.1499045179,0.1463446710,0.1422540559,0.1375069961,0.1319019553,0.1250730605,0.1162773675,0.1033543925,0.0543288311
160380.000000,0.1675376830,0.1674204172,0.1670885443,0.1665334570,0.1657521466,0.1647302860,0.1634668594,0.1619565172,0.1601673302,0.1580987794,0.1557184107,0.1529913510,0.1498806263,0.1463217553,0.1422322407,0.1374864296,0.1318828240,0.1250556196,0.1162620097,0.1033418999,0.0543256383
160440.000000,0.1675087001,0.1673914695,0.1670596960,0.1665047748,0.1657236972,0.1647021401,0.1634390868,0.1619291881,0.1601405226,0.1580725694,0.1556928815,0.1529665924,0.1498567347,0.1462988397,0.1422104255,0.1374658632,0.1318636927,0.1250381788,0.1162466518,0.1033294073,0.0543224456
160500.000000,0.1674797615,0.1673625661,0.1670308918,0.1664761362,0.1656952912,0.1646740370,0.1634113563,0.1619019004,0.1601137554,0.1580463989,0.1556673906,0.1529418708,0.1498328786,0.1462759579,0.1421886423,0.1374453267,0.1318445891,0.1250207628,0.1162313156,0.1033169318,0.0543192606
160560.000000,0.1674508230,0.1673336626,0.1670020876,0.1664474977,0.1656668852,0.1646459339,0.1633836259,0.1618746127,0.1600869882,0.1580202284,0.1556418997,0.1529171492,0.1498090226,0.1462530761,0.1421668591,0.1374247902,0.1318254854,0.1250033469,0.1162159793,0.1033044564,0.0543160756
160620.000000,0.1674219285,0.1673048032,0.1669733273,0.1664189027,0.1656385224,0.1646178735,0.1633559374,0.1618473663,0.1600602614,0.1579940972,0.1556164470,0.1528924644,0.1497852019,0.1462302281,0.1421451079,0.1374042836,0.1318064093,0.1249859558,0.1162006647,0.1032919980,0.0543128983
160680.000000,0.1673930341,0.1672759438,0.1669445669,0.1663903078,0.1656101596,0.1645898131,0.1633282490,0.1618201199,0.1600335346,0.1579679660,0.1555909943,0.1528677797,0.1497613812,0.1462073801,0.1421233567,0.1373837770,0.1317873332,0.1249685647,0.1161853500,0.1032795397,0.0543097210
160740.000000,0.1673641837,0.1672471283,0.1669158504,0.1663617564,0.1655818400,0.1645617952,0.1633006025,0.1617929147,0.1600068481,0.1579418741,0.1555655797,0.1528431318,0.1497375959,0.1461845658,0.1421016373,0.1373633002,0.1317682846,0.1249511984,0.1161700568,0.1032670985,0.0543065513
160800.000000,0.1673353332,0.1672183129,0.1668871339,0.1663332050,0.1655535203,0.1645337774,0.1632729560,0.1617657094,0.1599801615,0.1579157822,0.1555401651,0.1528184838,0.1497138106,0.1461617515,0.1420799180,0.1373428234,0.1317492360,0.1249338320,0.1161547636,0.1032546573,0.0543033817
160860.000000,0.1673065267,0.1671895413,0.1668584610,0.1663046969,0.1655252436,0.1645058020,0.1632453513,0.1617385452,0.1599535152,0.1578897295,0.1555147885,0.1527938726,0.1496900605,0.1461389709,0.1420582304,0.1373223764,0.1317302148,0.1249164904,0.1161394918,0.1032422331,0.0543002197
160920.000000,0.1672777202,0.1671607697,0.1668297882,0.1662761889,0.1654969669,0.1644778266,0.1632177466,0.1617113811,0.1599268688,0.1578636767,0.1554894119,0.1527692614,0.1496663104,0.1461161902,0.1420365429,0.1373019294,0.1317111936,0.1248991488,0.1161242200,0.1032298090,0.0542970577
160980.000000,0.1672489575,0.1671320419,0.1668011589,0.1662477242,0.1654687331,0.1644498936,0.1631901837,0.1616842578,0.1599002626,0.1578376630,0.1554640732,0.1527446868,0.1496425955,0.1460934431,0.1420148871,0.1372815120,0.1316921998,0.1248818318,0.1161089697,0.1032174018,0.0542939033
161040.000000,0.1672201948,0.1671033141,0.1667725296,0.1662192594,0.1654404993,0.1644219606,0.1631626207,0.1616571346,0.1598736563,0.1578116493,0.1554387345,0.1527201121,0.1496188806,0.1460706959,0.1419932312,0.1372610947,0.1316732059,0.1248645149,0.1160937193,0.1032049947,0.0542907489
161100.000000,0.1671914758,0.1670746299,0.1667439438,0.1661908379,0.1654123082,0.1643940699,0.1631350994,0.1616300523,0.1598470900,0.1577856746,0.1554134336,0.1526955740,0.1495952008,0.1460479823,0.1419716071,0.1372407069,0.1316542394,0.1248472225,0.1160784903,0.1031926045,0.0542876021
161160.000000,0.1671627568,0.1670459457,0.1667153580,0.1661624163,0.1653841172,0.1643661792,0.1631075781,0.1616029700,0.1598205237,0.1577596999,0.1553881327,0.1526710359,0.1495715209,0.1460252686,0.1419499829,0.1372203192,0.1316352729,0.1248299302,0.1160632613,0.1031802144,0.0542844553
161220.000000,0.1671340814,0.1670173050,0.1666868155,0.1661340378,0.1653559688,0.1643383306,0.1630800983,0.1615759284,0.1597939973,0.1577337640,0.1553628696,0.1526465343,0.1495478761,0.1460025883,0.1419283903,0.1371999610,0.1316163336,0.1248126624,0.1160480536,0.1031678412,0.0542813161
161280.000000,0.1671054060,0.1669886643,0.1666582731,0.1661056593,0.1653278205,0.1643104820,0.1630526185,0.1615488868,0.1597674709,0.1577078282,0.1553376064,0.1526220326,0.1495242313,0.1459799080,0.1419067977,0.1371796028,0.1315973943,0.1247953946,0.1160328458,0.1031554679,0.0542781769
161340.000000,0.1670767741,0.1669600671,0.1666297739,0.1660773238,0.1652997147,0.1642826755,0.1630251801,0.1615218859,0.1597409843,0.1576819311,0.1553123809,0.1525975673,0.1495006213,0.1459572610,0.1418852365,0.1371592741,0.1315784821,0.1247781513,0.1160176593,0.1031431116,0.0542750452
161400.000000,0.1670481422,0.1669314698,0.1666012747,0.1660489883,0.1652716089,0.1642548689,0.1629977417,0.1614948850,0.1597144977,0.1576560340,0.1552871554,0.1525731020,0.1494770114,0.1459346140,0.1418636754,0.1371389454,0.1315595700,0.1247609080,0.1160024729,0.1031307553,0.0542719135
161460.000000,0.1670195536,0.1669029159,0.1665728187,0.1660206957,0.1652435456,0.1642271044,0.1629703446,0.1614679246,0.1596880507,0.1576301757,0.1552619674,0.1525486730,0.1494534363,0.1459120002,0.1418421457,0.1371186460,0.1315406850,0.1247436891,0.1159873076,0.1031184159,0.0542687894
161520.000000,0.1669909651,0.1668743620,0.1665443626,0.1659924030,0.1652154823,0.1641993398,0.1629429476,0.1614409643,0.1596616038,0.1576043173,0.1552367794,0.1525242439,0.1494298612,0.1458893864,0.1418206160,0.1370983467,0.1315217999,0.1247264702,0.1159721423,0.1031060764,0.0542656652
161580.000000,0.1669624198,0.1668458513,0.1665159496,0.1659641531,0.1651874614,0.1641716171,0.1629155917,0.1614140444,0.1596351964,0.1575784975,0.1552116289,0.1524998510,0.1494063208,0.1458668058,0.1417991177,0.1370780767,0.1315029419,0.1247092757,0.1159569982,0.1030937538,0.0542625485
161640.000000,0.1669338745,0.1668173406,0.1664875366,0.1659359033,0.1651594404,0.1641438943,0.1628882359,0.1613871246,0.1596087891,0.1575526777,0.1551864784,0.1524754582,0.1493827804,0.1458442252,0.1417776193,0.1370578067,0.1314840839,0.1246920812,0.1159418540,0.1030814312,0.0542594319
161700.000000,0.1669053724,0.1667888729,0.1664591665,0.1659076960,0.1651314617,0.1641162134,0.1628609212,0.1613602451,0.1595824212,0.1575268964,0.1551613652,0.1524511014,0.1493592747,0.1458216776,0.1417561523,0.1370375660,0.1314652529,0.1246749110,0.1159267310,0.1030691254,0.0542563227
161760.000000,0.1668768703,0.1667604053,0.1664307964,0.1658794888,0.1651034831,0.1640885324,0.1628336064,0.1613333656,0.1595560534,0.1575011151,0.1551362521,0.1524267446,0.1493357690,0.1457991300,0.1417346852,0.1370173252,0.1314464219,0.1246577408,0.1159116079,0.1030568195,0.0542532135
161820.000000,0.1668484113,0.1667319807,0.1664024692,0.1658513241,0.1650755465,0.1640608930,0.1628063327,0.1613065263,0.1595297249,0.1574753721,0.1551111762,0.1524024238,0.1493122978,0.1457766154,0.1417132493,0.1369971137,0.1314276178,0.1246405948,0.1158965060,0.1030445305,0.0542501117
161880.000000,0.1668199522,0.1667035561,0.1663741420,0.1658231594,0.1650476100,0.1640332537,0.1627790590,0.1612796871,0.1595033965,0.1574496292,0.1550861003,0.1523781030,0.1492888267,0.1457541008,0.1416918134,0.1369769021,0.1314088136,0.1246234489,0.1158814040,0.1030322414,0.0542470100
161940.000000,0.1667915361,0.1666751744,0.1663458574,0.1657950372,0.1650197155,0.1640056559,0.1627518262,0.1612528880,0.1594771073,0.1574239246,0.1550610616,0.1523538181,0.1492653900,0.1457316191,0.1416704087,0.1369567197,0.1313900364,0.1246063271,0.1158663230,0.1030199690,0.0542439156
162000.000000,0.1667631200,0.1666467927,0.1663175729,0.1657669149,0.1649918210,0.1639780581,0.1627245934,0.1612260890,0.1594508182,0.1573982200,0.1550360229,0.1523295332,0.1492419534,0.1457091374,0.1416490039,0.1369365373,0.1313712591,0.1245892054,0.1158512420,0.1030076966,0.0542408213
162060.000000,0.1667347468,0.1666184537,0.1662893310,0.1657388350,0.1649639685,0.1639505018,0.1626974014,0.1611993300,0.1594245682,0.1573725537,0.1550110212,0.1523052841,0.1492185511,0.1456866885,0.1416276302,0.1369163839,0.1313525086,0.1245721078,0.1158361819,0.1029954409,0.0542377344
162120.000000,0.1667063735,0.1665901148,0.1662610891,0.1657107551,0.1649361160,0.1639229454,0.1626702094,0.1611725710,0.1593983183,0.1573468873,0.1549860196,0.1522810351,0.1491951489,0.1456642396,0.1416062565,0.1368962305,0.1313337581,0.1245550102,0.1158211219,0.1029831853,0.0542346474
162180.000000,0.1666780430,0.1665618185,0.1662328897,0.1656827175,0.1649083053,0.1638954304,0.1626430581,0.1611458520,0.1593721075,0.1573212590,0.1549610550,0.1522568217,0.1491717809,0.1456418235,0.1415849137,0.1368761061,0.1313150343,0.1245379367,0.1158060828,0.1029709462,0.0542315678
162240.000000,0.1666497125,0.1665335223,0.1662046904,0.1656546798,0.1648804946,0.1638679154,0.1626159069,0.1611191330,0.1593458966,0.1572956308,0.1549360904,0.1522326084,0.1491484130,0.1456194073,0.1415635710,0.1368559817,0.1312963106,0.1245208632,0.1157910436,0.1029587071,0.0542284883
162300.000000,0.1666214246,0.1665052686,0.1661765334,0.1656266843,0.1648527256,0.1638404416,0.1625887962,0.1610924538,0.1593197248,0.1572700405,0.1549111627,0.1522084307,0.1491250793,0.1455970238,0.1415422591,0.1368358862,0.1312776134,0.1245038137,0.1157760253,0.1029464847,0.0542254161
162360.000000,0.1665931367,0.1664770149,0.1661483764,0.1655986887,0.1648249567,0.1638129678,0.1625616856,0.1610657747,0.1592935530,0.1572444503,0.1548862350,0.1521842531,0.1491017456,0.1455746403,0.1415209473,0.1368157907,0.1312589163,0.1244867642,0.1157610070,0.1029342622,0.0542223438
162420.000000,0.1665648914,0.1664488037,0.1661202618,0.1655707352,0.1647972294,0.1637855352,0.1625346154,0.1610391354,0.1592674201,0.1572188980,0.1548613441,0.1521601109,0.1490784461,0.1455522894,0.1414996663,0.1367957241,0.1312402458,0.1244697388,0.1157460096,0.1029220563,0.0542192789
162480.000000,0.1665366460,0.1664205925,0.1660921471,0.1655427817,0.1647695021,0.1637581025,0.1625075453,0.1610124960,0.1592412872,0.1571933457,0.1548364532,0.1521359688,0.1490551466,0.1455299386,0.1414783853,0.1367756575,0.1312215753,0.1244527133,0.1157310121,0.1029098504,0.0542162140
162540.000000,0.1665084431,0.1663924237,0.1660640746,0.1655148701,0.1647418163,0.1637307109,0.1624805156,0.1609858963,0.1592151931,0.1571678313,0.1548115990,0.1521118622,0.1490318811,0.1455076202,0.1414571350,0.1367556196,0.1312029313,0.1244357117,0.1157160354,0.1028976610,0.0542131564
162600.000000,0.1664802402,0.1663642549,0.1660360022,0.1654869586,0.1647141306,0.1637033193,0.1624534858,0.1609592967,0.1591890991,0.1571423168,0.1547867449,0.1520877556,0.1490086157,0.1454853018,0.1414358847,0.1367355818,0.1311842873,0.1244187101,0.1157010586,0.1028854717,0.0542100988
162660.000000,0.1664520796,0.1663361283,0.1660079718,0.1654590888,0.1646864863,0.1636759686,0.1624264964,0.1609327366,0.1591630437,0.1571168401,0.1547619274,0.1520636843,0.1489853842,0.1454630158,0.1414146651,0.1367155726,0.1311656698,0.1244017324,0.1156861026,0.1028732988,0.0542070485
162720.000000,0.1664239190,0.1663080017,0.1659799415,0.1654312191,0.1646588419,0.1636486180,0.1623995070,0.1609061765,0.1591369884,0.1570913634,0.1547371098,0.1520396131,0.1489621528,0.1454407299,0.1413934456,0.1366955635,0.1311470523,0.1243847547,0.1156711466,0.1028611259,0.0542039982
162780.000000,0.1663958006,0.1662799173,0.1659519531,0.1654033910,0.1646312390,0.1636213081,0.1623725578,0.1608796559,0.1591109717,0.1570659244,0.1547123289,0.1520155771,0.1489389552,0.1454184763,0.1413722566,0.1366755829,0.1311284612,0.1243678008,0.1156562113,0.1028489694,0.0542009551
162840.000000,0.1663676823,0.1662518329,0.1659239647,0.1653755630,0.1646036360,0.1635939983,0.1623456087,0.1608531354,0.1590849550,0.1570404854,0.1546875479,0.1519915412,0.1489157577,0.1453962227,0.1413510676,0.1366556024,0.1311098700,0.1243508469,0.1156412759,0.1028368130,0.0541979120
162900.000000,0.1663396060,0.1662237906,0.1658960183,0.1653477766,0.1645760742,0.1635667292,0.1623186996,0.1608266542,0.1590589768,0.1570150839,0.1546628034,0.1519675405,0.1488925940,0.1453740013,0.1413299091,0.1366356505,0.1310913053,0.1243339167,0.1156263612,0.1028246729,0.0541948762
162960.000000,0.1663115297,0.1661957482,0.1658680718,0.1653199902,0.1645485125,0.1635394601,0.1622917906,0.1608001730,0.1590329987,0.1569896824,0.1546380590,0.1519435398,0.1488694302,0.1453517800,0.1413087507,0.1366156986,0.1310727405,0.1243169866,0.1156114465,0.1028125329,0.0541918403
163020.000000,0.1662834955,0.1661677478,0.1658401671,0.1652922453,0.1645209919,0.1635122317,0.1622649215,0.1607737311,0.1590070590,0.1569643185,0.1546133509,0.1519195742,0.1488463003,0.1453295909,0.1412876227,0.1365957751,0.1310542020,0.1243000801,0.1155965523,0.1028004092,0.0541888117
163080.000000,0.1662554613,0.1661397475,0.1658122624,0.1652645004,0.1644934713,0.1634850032,0.1622380525,0.1607472892,0.1589811193,0.1569389545,0.1545886427,0.1518956087,0.1488231703,0.1453074017,0.1412664947,0.1365758517,0.1310356635,0.1242831737,0.1155816582,0.1027882856,0.0541857831
163140.000000,0.1662274689,0.1661117889,0.1657843995,0.1652367970,0.1644659917,0.1634578153,0.1622112234,0.1607208866,0.1589552179,0.1569136279,0.1545639709,0.1518716782,0.1488000740,0.1452852447,0.1412453971,0.1365559567,0.1310171513,0.1242662909,0.1155667845,0.1027761783,0.0541827616
163200.000000,0.1661994766,0.1660838304,0.1657565365,0.1652090935,0.1644385121,0.1634306274,0.1621843943,0.1606944839,0.1589293166,0.1568883013,0.1545392991,0.1518477476,0.1487769777,0.1452630877,0.1412242995,0.1365360617,0.1309986390,0.1242494081,0.1155519109,0.1027640709,0.0541797401
163260.000000,0.1661715261,0.1660559136,0.1657287151,0.1651814314,0.1644110735,0.1634034799,0.1621576050,0.1606681203,0.1589034535,0.1568630120,0.1545146635,0.1518238521,0.1487539150,0.1452409628,0.1412032322,0.1365161951,0.1309801529,0.1242325488,0.1155370577,0.1027519799,0.0541767258
163320.000000,0.1661435756,0.1660279968,0.1657008937,0.1651537692,0.1643836348,0.1633763324,0.1621308158,0.1606417567,0.1588775904,0.1568377227,0.1544900279,0.1517999566,0.1487308523,0.1452188378,0.1411821650,0.1364963285,0.1309616668,0.1242156896,0.1155222045,0.1027398889,0.0541737115
163380.000000,0.1661156668,0.1660001217,0.1656731138,0.1651261483,0.1643562371,0.1633492253,0.1621040663,0.1606154322,0.1588517655,0.1568124706,0.1544654284,0.1517760959,0.1487078231,0.1451967448,0.1411611279,0.1364764902,0.1309432068,0.1241988540,0.1155073718,0.1027278141,0.0541707043
163440.000000,0.1660877580,0.1659722466,0.1656453339,0.1650985274,0.1643288393,0.1633221182,0.1620773167,0.1605891077,0.1588259406,0.1567872186,0.1544408289,0.1517522352,0.1486847940,0.1451746518,0.1411400909,0.1364566519,0.1309247468,0.1241820183,0.1154925391,0.1027157394,0.0541676972
163500.000000,0.1660598908,0.1659444130,0.1656175954,0.1650709476,0.1643014822,0.1632950513,0.1620506068,0.1605628220,0.1588001538,0.1567620036,0.1544162654,0.1517284094,0.1486617982,0.1451525907,0.1411190840,0.1364368418,0.1309063128,0.1241652061,0.1154777267,0.1027036808,0.0541646971
163560.000000,0.1660320236,0.1659165794,0.1655898569,0.1650433677,0.1642741251,0.1632679844,0.1620238969,0.1605365364,0.1587743670,0.1567367887,0.1543917020,0.1517045835,0.1486388024,0.1451305296,0.1410980772,0.1364170317,0.1308878789,0.1241483939,0.1154629143,0.1026916223,0.0541616970
163620.000000,0.1660041979,0.1658887873,0.1655621597,0.1650158290,0.1642468087,0.1632409576,0.1619972266,0.1605102896,0.1587486182,0.1567116107,0.1543671745,0.1516807924,0.1486158400,0.1451085003,0.1410771004,0.1363972498,0.1308694709,0.1241316051,0.1154481223,0.1026795799,0.0541587041
163680.000000,0.1659763722,0.1658609952,0.1655344624,0.1649882902,0.1642194923,0.1632139309,0.1619705563,0.1604840428,0.1587228693,0.1566864328,0.1543426470,0.1516570013,0.1485928776,0.1450864711,0.1410561237,0.1363774679,0.1308510629,0.1241148163,0.1154333303,0.1026675376,0.0541557111
163740.000000,0.1659485879,0.1658332444,0.1655068064,0.1649607923,0.1641922164,0.1631869442,0.1619439254,0.1604578348,0.1586971584,0.1566612918,0.1543181553,0.1516332448,0.1485699485,0.1450644735,0.1410351769,0.1363577141,0.1308326808,0.1240980509,0.1154185585,0.1026555114,0.0541527252
163800.000000,0.1659208036,0.1658054936,0.1654791504,0.1649332944,0.1641649406,0.1631599575,0.1619172945,0.1604316267,0.1586714475,0.1566361509,0.1542936636,0.1516094883,0.1485470194,0.1450424760,0.1410142302,0.1363379604,0.1308142988,0.1240812855,0.1154037868,0.1026434852,0.0541497393
163860.000000,0.1658930607,0.1657777841,0.1654515354,0.1649058374,0.1641377051,0.1631330108,0.1618907029,0.1604054573,0.1586457743,0.1566110467,0.1542692078,0.1515857664,0.1485241234,0.1450205101,0.1409933135,0.1363182346,0.1307959425,0.1240645434,0.1153890353,0.1026314751,0.0541467604
163920.000000,0.1658653177,0.1657500746,0.1654239205,0.1648783803,0.1641104697,0.1631060641,0.1618641114,0.1603792879,0.1586201012,0.1565859426,0.1542447519,0.1515620444,0.1485012275,0.1449985442,0.1409723967,0.1362985089,0.1307775863,0.1240478013,0.1153742838,0.1026194651,0.0541437815
163980.000000,0.1658376159,0.1657224062,0.1653963465,0.1648509640,0.1640832746,0.1630791572,0.1618375591,0.1603531570,0.1585944658,0.1565608753,0.1542203317,0.1515383570,0.1484783646,0.1449766100,0.1409515098,0.1362788111,0.1307592559,0.1240310825,0.1153595525,0.1026074711,0.0541408097
164040.000000,0.1658099142,0.1656947378,0.1653687726,0.1648235477,0.1640560795,0.1630522503,0.1618110069,0.1603270261,0.1585688304,0.1565358079,0.1541959115,0.1515146695,0.1484555018,0.1449546757,0.1409306229,0.1362591133,0.1307409255,0.1240143637,0.1153448212,0.1025954771,0.0541378378
164100.000000,0.1657822535,0.1656671105,0.1653412395,0.1647961720,0.1640289247,0.1630253832,0.1617844937,0.1603009337,0.1585432326,0.1565107772,0.1541715269,0.1514910165,0.1484326720,0.1449327729,0.1409097659,0.1362394435,0.1307226208,0.1239976681,0.1153301100,0.1025834991,0.0541348730
164160.000000,0.1657545928,0.1656394832,0.1653137064,0.1647687963,0.1640017699,0.1629985161,0.1617579806,0.1602748413,0.1585176349,0.1564857465,0.1541471423,0.1514673634,0.1484098422,0.1449108702,0.1408889088,0.1362197736,0.1307043162,0.1239809725,0.1153153989,0.1025715212,0.0541319081
164220.000000,0.1657269732,0.1656118968,0.1652862142,0.1647414611,0.1639746552,0.1629716887,0.1617315066,0.1602487873,0.1584920746,0.1564607525,0.1541227933,0.1514437446,0.1483870454,0.1448889989,0.1408680815,0.1362001316,0.1306860372,0.1239643000,0.1153007078,0.1025595592,0.0541289502
164280.000000,0.1656993535,0.1655843104,0.1652587219,0.1647141259,0.1639475405,0.1629448613,0.1617050325,0.1602227332,0.1584665144,0.1564357584,0.1540984442,0.1514201259,0.1483642485,0.1448671276,0.1408472542,0.1361804896,0.1306677582,0.1239476276,0.1152860168,0.1025475973,0.0541259923
164340.000000,0.1656717748,0.1655567649,0.1652312703,0.1646868311,0.1639204659,0.1629180734,0.1616785975,0.1601967175,0.1584409916,0.1564108008,0.1540741305,0.1513965413,0.1483414846,0.1448452876,0.1408264566,0.1361608753,0.1306495048,0.1239309782,0.1152713458,0.1025356513,0.0541230414
164400.000000,0.1656441960,0.1655292194,0.1652038187,0.1646595364,0.1638933913,0.1628912855,0.1616521624,0.1601707017,0.1584154688,0.1563858432,0.1540498169,0.1513729568,0.1483187206,0.1448234477,0.1408056590,0.1361412611,0.1306312514,0.1239143289,0.1152566748,0.1025237054,0.0541200905
164460.000000,0.1656166581,0.1655017146,0.1651764077,0.1646322820,0.1638663566,0.1628645371,0.1616257662,0.1601447241,0.1583899834,0.1563609220,0.1540255386,0.1513494064,0.1482959895,0.1448016390,0.1407848910,0.1361216746,0.1306130236,0.1238977026,0.1152420238,0.1025117753,0.0541171465
164520.000000,0.1655891202,0.1654742099,0.1651489967,0.1646050276,0.1638393219,0.1628377887,0.1615993701,0.1601187465,0.1583644979,0.1563360009,0.1540012603,0.1513258560,0.1482732583,0.1447798304,0.1407641230,0.1361020880,0.1305947958,0.1238810763,0.1152273728,0.1024998453,0.0541142025
164580.000000,0.1655616229,0.1654467458,0.1651216263,0.1645778134,0.1638123271,0.1628110797,0.1615730127,0.1600928070,0.1583390498,0.1563111160,0.1539770173,0.1513023397,0.1482505599,0.1447580530,0.1407433845,0.1360825292,0.1305765934,0.1238644730,0.1152127418,0.1024879312,0.0541112654
164640.000000,0.1655341257,0.1654192816,0.1650942558,0.1645505992,0.1637853323,0.1627843707,0.1615466553,0.1600668675,0.1583136016,0.1562862312,0.1539527743,0.1512788234,0.1482278615,0.1447362755,0.1407226461,0.1360629703,0.1305583911,0.1238478697,0.1151981108,0.1024760171,0.0541083283
164700.000000,0.1655066691,0.1653918581,0.1650669257,0.1645234251,0.1637583773,0.1627577010,0.1615203366,0.1600409660,0.1582881906,0.1562613826,0.1539285665,0.1512553411,0.1482051957,0.1447145293,0.1407019371,0.1360434390,0.1305402142,0.1238312893,0.1151834997,0.1024641188,0.0541053980
164760.000000,0.1654792125,0.1653644345,0.1650395956,0.1644962511,0.1637314222,0.1627310313,0.1614940179,0.1600150645,0.1582627796,0.1562365340,0.1539043586,0.1512318587,0.1481825299,0.1446927830,0.1406812281,0.1360239077,0.1305220374,0.1238147089,0.1151688886,0.1024522205,0.0541024678
164820.000000,0.1654517964,0.1653370515,0.1650123058,0.1644691171,0.1637045069,0.1627044007,0.1614677378,0.1599892009,0.1582374057,0.1562117216,0.1538801859,0.1512084103,0.1481598967,0.1446710678,0.1406605485,0.1360044040,0.1305038859,0.1237981515,0.1151542974,0.1024403381,0.0540995445
164880.000000,0.1654243803,0.1653096684,0.1649850160,0.1644419831,0.1636775915,0.1626777702,0.1614414577,0.1599633373,0.1582120318,0.1561869092,0.1538560131,0.1511849619,0.1481372635,0.1446493526,0.1406398689,0.1359849002,0.1304857344,0.1237815940,0.1151397062,0.1024284557,0.0540966211
164940.000000,0.1653970046,0.1652823256,0.1649577664,0.1644148890,0.1636507157,0.1626511788,0.1614152161,0.1599375115,0.1581866949,0.1561621328,0.1538318754,0.1511615473,0.1481146627,0.1446276684,0.1406192186,0.1359654239,0.1304676082,0.1237650594,0.1151251348,0.1024165890,0.0540937046
165000.000000,0.1653696290,0.1652549829,0.1649305169,0.1643877949,0.1636238399,0.1626245873,0.1613889746,0.1599116858,0.1581613580,0.1561373564,0.1538077377,0.1511381327,0.1480920620,0.1446059842,0.1405985684,0.1359459476,0.1304494820,0.1237485248,0.1151105634,0.1024047224,0.0540907881
165060.000000,0.1653422936,0.1652276804,0.1649033074,0.1643607407,0.1635970036,0.1625980349,0.1613627714,0.1598858977,0.1581360581,0.1561126161,0.1537836349,0.1511147518,0.1480694937,0.1445843310,0.1405779474,0.1359264987,0.1304313811,0.1237320129,0.1150960118,0.1023928715,0.0540878784
165120.000000,0.1653149583,0.1652003780,0.1648760979,0.1643336865,0.1635701673,0.1625714825,0.1613365683,0.1598601097,0.1581107581,0.1560878757,0.1537595321,0.1510913710,0.1480469254,0.1445626777,0.1405573264,0.1359070498,0.1304132802,0.1237155011,0.1150814602,0.1023810207,0.0540849687
165180.000000,0.1652876631,0.1651731157,0.1648489285,0.1643066720,0.1635433704,0.1625449690,0.1613104034,0.1598343592,0.1580854949,0.1560631712,0.1537354642,0.1510680238,0.1480243894,0.1445410553,0.1405367346,0.1358876282,0.1303952045,0.1236990120,0.1150669283,0.1023691855,0.0540820658
165240.000000,0.1652603680,0.1651458534,0.1648217590,0.1642796576,0.1635165735,0.1625184555,0.1612842386,0.1598086088,0.1580602318,0.1560384667,0.1537113962,0.1510446766,0.1480018535,0.1445194329,0.1405161428,0.1358682067,0.1303771288,0.1236825229,0.1150523964,0.1023573504,0.0540791629
165300.000000,0.1652331130,0.1651186312,0.1647946295,0.1642526827,0.1634898159,0.1624919808,0.1612581120,0.1597828960,0.1580350054,0.1560137981,0.1536873630,0.1510213630,0.1479793498,0.1444978413,0.1404955802,0.1358488124,0.1303590782,0.1236660565,0.1150378843,0.1023455309,0.0540762667
165360.000000,0.1652058580,0.1650914090,0.1647675000,0.1642257079,0.1634630583,0.1624655061,0.1612319854,0.1597571831,0.1580097790,0.1559891294,0.1536633299,0.1509980494,0.1479568461,0.1444762496,0.1404750175,0.1358294180,0.1303410277,0.1236495901,0.1150233721,0.1023337114,0.0540733706
165420.000000,0.1651786431,0.1650642267,0.1647404102,0.1641987727,0.1634363398,0.1624390701,0.1612058970,0.1597315077,0.1579845892,0.1559644965,0.1536393314,0.1509747693,0.1479343746,0.1444546887,0.1404544839,0.1358100509,0.1303230022,0.1236331463,0.1150088796,0.1023219076,0.0540704812
165480.000000,0.1651514281,0.1650370445,0.1647133205,0.1641718375,0.1634096214,0.1624126341,0.1611798086,0.1597058323,0.1579593994,0.1559398635,0.1536153329,0.1509514892,0.1479119031,0.1444331278,0.1404339503,0.1357906838,0.1303049768,0.1236167025,0.1149943871,0.1023101038,0.0540675918
165540.000000,0.1651242531,0.1650099021,0.1646862705,0.1641449417,0.1633829421,0.1623862368,0.1611537582,0.1596801943,0.1579342462,0.1559152663,0.1535913690,0.1509282425,0.1478894637,0.1444115976,0.1404134457,0.1357713439,0.1302869763,0.1236002813,0.1149799142,0.1022983157,0.0540647092
165600.000000,0.1650970780,0.1649827598,0.1646592205,0.1641180459,0.1633562628,0.1623598395,0.1611277078,0.1596545562,0.1579090930,0.1558906690,0.1535674051,0.1509049959,0.1478670243,0.1443900673,0.1403929411,0.1357520039,0.1302689759,0.1235838601,0.1149654413,0.1022865275,0.0540618265
165660.000000,0.1650699429,0.1649556572,0.1646322102,0.1640911895,0.1633296225,0.1623334807,0.1611016954,0.1596289555,0.1578839763,0.1558661073,0.1535434757,0.1508817825,0.1478446169,0.1443685676,0.1403724655,0.1357326910,0.1302510005,0.1235674614,0.1149509879,0.1022747549,0.0540589506
165720.000000,0.1650428077,0.1649285546,0.1646051998,0.1640643331,0.1633029822,0.1623071219,0.1610756829,0.1596033547,0.1578588596,0.1558415455,0.1535195464,0.1508585692,0.1478222096,0.1443470679,0.1403519898,0.1357133782,0.1302330250,0.1235510628,0.1149365346,0.1022629823,0.0540560746
165780.000000,0.1650157122,0.1649014917,0.1645782290,0.1640375160,0.1632763808,0.1622808016,0.1610497084,0.1595777911,0.1578337793,0.1558170193,0.1534956514,0.1508353892,0.1477998342,0.1443255987,0.1403315430,0.1356940923,0.1302150745,0.1235346866,0.1149221008,0.1022512252,0.0540532054
165840.000000,0.1649886168,0.1648744289,0.1645512582,0.1640106989,0.1632497794,0.1622544812,0.1610237339,0.1595522276,0.1578086989,0.1557924930,0.1534717565,0.1508122091,0.1477774588,0.1443041295,0.1403110962,0.1356748064,0.1301971239,0.1235183104,0.1149076669,0.1022394682,0.0540503361
165900.000000,0.1649615610,0.1648474056,0.1645243268,0.1639839209,0.1632232168,0.1622281992,0.1609977971,0.1595267011,0.1577836549,0.1557680022,0.1534478959,0.1507890623,0.1477551153,0.1442826908,0.1402906782,0.1356555475,0.1301791983,0.1235019566,0.1148932526,0.1022277267,0.0540474735
165960.000000,0.1649345052,0.1648203823,0.1644973955,0.1639571430,0.1631966543,0.1622019173,0.1609718603,0.1595011746,0.1577586109,0.1557435113,0.1534240354,0.1507659154,0.1477327717,0.1442612520,0.1402702602,0.1356362886,0.1301612726,0.1234856028,0.1148788382,0.1022159851,0.0540446110
166020.000000,0.1649074890,0.1647933985,0.1644705034,0.1639304042,0.1631701305,0.1621756736,0.1609459613,0.1594756852,0.1577336031,0.1557190558,0.1534002091,0.1507428017,0.1477104601,0.1442398436,0.1402498709,0.1356170566,0.1301433717,0.1234692714,0.1148644433,0.1022042591,0.0540417550
166080.000000,0.1648804728,0.1647664147,0.1644436114,0.1639036653,0.1631436066,0.1621494298,0.1609200622,0.1594501958,0.1577085953,0.1556946002,0.1533763828,0.1507196879,0.1476881484,0.1442184352,0.1402294816,0.1355978246,0.1301254709,0.1234529400,0.1148500484,0.1021925330,0.0540388991
166140.000000,0.1648534960,0.1647394704,0.1644167586,0.1638769655,0.1631171214,0.1621232243,0.1608942007,0.1594247432,0.1576836236,0.1556701799,0.1533525907,0.1506966072,0.1476658684,0.1441970571,0.1402091210,0.1355786194,0.1301075947,0.1234366310,0.1148356729,0.1021808225,0.0540360497
166200.000000,0.1648265192,0.1647125260,0.1643899059,0.1638502656,0.1630906363,0.1620970188,0.1608683393,0.1593992907,0.1576586519,0.1556457596,0.1533287986,0.1506735265,0.1476435885,0.1441756790,0.1401887603,0.1355594142,0.1300897186,0.1234203219,0.1148212974,0.1021691119,0.0540332004
166260.000000,0.1647995818,0.1646856209,0.1643630923,0.1638236047,0.1630641896,0.1620708513,0.1608425153,0.1593738750,0.1576337163,0.1556213744,0.1533050406,0.1506504788,0.1476213402,0.1441543311,0.1401684283,0.1355402358,0.1300718672,0.1234040351,0.1148069412,0.1021574167,0.0540303577
166320.000000,0.1647726444,0.1646587159,0.1643362787,0.1637969438,0.1630377430,0.1620446839,0.1608166914,0.1593484594,0.1576087807,0.1555969893,0.1532812826,0.1506274311,0.1475990919,0.1441329832,0.1401480963,0.1355210574,0.1300540158,0.1233877483,0.1147925850,0.1021457215,0.0540275149
166380.000000,0.1647457463,0.1646318501,0.1643095041,0.1637703217,0.1630113348,0.1620185544,0.1607909049,0.1593230804,0.1575838811,0.1555726392,0.1532575587,0.1506044162,0.1475768752,0.1441116654,0.1401277928,0.1355019057,0.1300361890,0.1233714838,0.1147782481,0.1021340417,0.0540246788
166440.000000,0.1647188482,0.1646049842,0.1642827296,0.1637436995,0.1629849267,0.1619924250,0.1607651184,0.1592977015,0.1575589814,0.1555482891,0.1532338348,0.1505814013,0.1475546585,0.1440903477,0.1401074893,0.1354827540,0.1300183622,0.1233552192,0.1147639112,0.1021223619,0.0540218427
166500.000000,0.1646919892,0.1645781575,0.1642559940,0.1637171162,0.1629585569,0.1619663334,0.1607393692,0.1592723593,0.1575341176,0.1555239739,0.1532101448,0.1505584193,0.1475324733,0.1440690600,0.1400872142,0.1354636289,0.1300005600,0.1233389768,0.1147495936,0.1021106974,0.0540190131
166560.000000,0.1646651303,0.1645513308,0.1642292585,0.1636905328,0.1629321871,0.1619402419,0.1607136200,0.1592470170,0.1575092538,0.1554996588,0.1531864548,0.1505354372,0.1475102881,0.1440477723,0.1400669392,0.1354445038,0.1299827578,0.1233227344,0.1147352760,0.1020990330,0.0540161835
166620.000000,0.1646383105,0.1645245432,0.1642025618,0.1636639880,0.1629058555,0.1619141882,0.1606879081,0.1592217113,0.1574844259,0.1554753786,0.1531627987,0.1505124879,0.1474881344,0.1440265146,0.1400466925,0.1354254054,0.1299649801,0.1233065141,0.1147209776,0.1020873838,0.0540133605
166680.000000,0.1646114906,0.1644977555,0.1641758651,0.1636374432,0.1628795240,0.1618881344,0.1606621962,0.1591964057,0.1574595979,0.1554510983,0.1531391426,0.1504895386,0.1474659807,0.1440052570,0.1400264459,0.1354063069,0.1299472024,0.1232902939,0.1147066792,0.1020757347,0.0540105374
166740.000000,0.1645847097,0.1644710068,0.1641492072,0.1636109370,0.1628532307,0.1618621184,0.1606365214,0.1591711365,0.1574348056,0.1554268529,0.1531155203,0.1504666219,0.1474438583,0.1439840292,0.1400062276,0.1353872349,0.1299294492,0.1232740957,0.1146923999,0.1020641008,0.0540077209
166800.000000,0.1645579289,0.1644442580,0.1641225494,0.1635844308,0.1628269373,0.1618361024,0.1606108466,0.1591458673,0.1574100133,0.1554026075,0.1530918980,0.1504437053,0.1474217359,0.1439628015,0.1399860093,0.1353681630,0.1299116959,0.1232578975,0.1146781207,0.1020524670,0.0540049044
166860.000000,0.1645311869,0.1644175482,0.1640959302,0.1635579630,0.1628006821,0.1618101241,0.1605852089,0.1591206345,0.1573852567,0.1553783968,0.1530683094,0.1504208212,0.1473996449,0.1439416036,0.1399658192,0.1353491175,0.1298939671,0.1232417213,0.1146638606,0.1020408484,0.0540020943
166920.000000,0.1645044450,0.1643908383,0.1640693110,0.1635314953,0.1627744269,0.1617841457,0.1605595713,0.1590954018,0.1573605001,0.1553541861,0.1530447208,0.1503979371,0.1473775538,0.1439204058,0.1399456292,0.1353300720,0.1298762383,0.1232255451,0.1146496005,0.1020292297,0.0539992843
166980.000000,0.1644777419,0.1643641672,0.1640427304,0.1635050658,0.1627482096,0.1617582049,0.1605339706,0.1590702053,0.1573357790,0.1553300101,0.1530211659,0.1503750855,0.1473554940,0.1438992377,0.1399254673,0.1353110529,0.1298585339,0.1232093909,0.1146353595,0.1020176263,0.0539964808
167040.000000,0.1644510387,0.1643374961,0.1640161498,0.1634786364,0.1627219924,0.1617322641,0.1605083699,0.1590450089,0.1573110579,0.1553058340,0.1529976109,0.1503522339,0.1473334341,0.1438780696,0.1399053055,0.1352920338,0.1298408294,0.1231932367,0.1146211184,0.1020060229,0.0539936772
167100.000000,0.1644243743,0.1643108636,0.1639896078,0.1634522453,0.1626958131,0.1617063607,0.1604828061,0.1590198487,0.1572863722,0.1552816926,0.1529740895,0.1503294147,0.1473114054,0.1438569313,0.1398851718,0.1352730411,0.1298231492,0.1231771045,0.1146068965,0.1019944347,0.0539908801
167160.000000,0.1643977099,0.1642842312,0.1639630657,0.1634258541,0.1626696338,0.1616804574,0.1604572423,0.1589946884,0.1572616866,0.1552575511,0.1529505682,0.1503065956,0.1472893767,0.1438357929,0.1398650380,0.1352540483,0.1298054691,0.1231609722,0.1145926745,0.1019828465,0.0539880830
167220.000000,0.1643710841,0.1642576373,0.1639365621,0.1633995012,0.1626434923,0.1616545914,0.1604317153,0.1589695644,0.1572370363,0.1552334441,0.1529270803,0.1502838087,0.1472673791,0.1438146843,0.1398449324,0.1352350819,0.1297878132,0.1231448618,0.1145784715,0.1019712734,0.0539852924
167280.000000,0.1643444583,0.1642310434,0.1639100585,0.1633731482,0.1626173508,0.1616287254,0.1604061883,0.1589444403,0.1572123860,0.1552093372,0.1529035924,0.1502610219,0.1472453815,0.1437935756,0.1398248268,0.1352161154,0.1297701573,0.1231287514,0.1145642685,0.1019597003,0.0539825017
167340.000000,0.1643178711,0.1642044880,0.1638835932,0.1633468333,0.1625912470,0.1616028967,0.1603806981,0.1589193523,0.1571877711,0.1551852646,0.1528801379,0.1502382674,0.1472234149,0.1437724965,0.1398047491,0.1351971752,0.1297525255,0.1231126628,0.1145500845,0.1019481424,0.0539797175
167400.000000,0.1642912838,0.1641779326,0.1638571279,0.1633205184,0.1625651433,0.1615770680,0.1603552078,0.1588942643,0.1571631561,0.1551611920,0.1528566834,0.1502155129,0.1472014484,0.1437514174,0.1397846715,0.1351782349,0.1297348938,0.1230965743,0.1145359005,0.1019365844,0.0539769332
167460.000000,0.1642647350,0.1641514157,0.1638307008,0.1632942416,0.1625390772,0.1615512765,0.1603297542,0.1588692123,0.1571385763,0.1551371538,0.1528332622,0.1501927905,0.1471795127,0.1437303679,0.1397646218,0.1351593208,0.1297172862,0.1230805075,0.1145217354,0.1019250415,0.0539741554
167520.000000,0.1642381862,0.1641248987,0.1638042738,0.1632679647,0.1625130111,0.1615254850,0.1603043006,0.1588441603,0.1571139966,0.1551131156,0.1528098411,0.1501700682,0.1471575770,0.1437093183,0.1397445721,0.1351404068,0.1296996787,0.1230644407,0.1145075703,0.1019134986,0.0539713775
167580.000000,0.1642116758,0.1640984200,0.1637778849,0.1632417257,0.1624869825,0.1614997307,0.1602788835,0.1588191442,0.1570894519,0.1550891116,0.1527864531,0.1501473780,0.1471356723,0.1436882982,0.1397245503,0.1351215188,0.1296820952,0.1230483956,0.1144934241,0.1019019708,0.0539686060
167640.000000,0.1641851653,0.1640719413,0.1637514960,0.1632154867,0.1624609540,0.1614739763,0.1602534665,0.1587941281,0.1570649073,0.1550651076,0.1527630652,0.1501246878,0.1471137675,0.1436672781,0.1397045285,0.1351026308,0.1296645117,0.1230323506,0.1144792779,0.1018904429,0.0539658346
167700.000000,0.1641586931,0.1640455008,0.1637251452,0.1631892856,0.1624349629,0.1614482589,0.1602280859,0.1587691478,0.1570403977,0.1550411378,0.1527397105,0.1501020296,0.1470918935,0.1436462874,0.1396845345,0.1350837689,0.1296469522,0.1230163272,0.1144651505,0.1018789301,0.0539630695
167760.000000,0.1641322210,0.1640190603,0.1636987944,0.1631630844,0.1624089719,0.1614225415,0.1602027053,0.1587441675,0.1570158881,0.1550171679,0.1527163557,0.1500793714,0.1470700195,0.1436252967,0.1396645405,0.1350649070,0.1296293927,0.1230003038,0.1144510231,0.1018674173,0.0539603043
167820.000000,0.1641057870,0.1639926580,0.1636724815,0.1631369210,0.1623830182,0.1613968611,0.1601773611,0.1587192230,0.1569914135,0.1549932322,0.1526930341,0.1500567452,0.1470481762,0.1436043353,0.1396445743,0.1350460710,0.1296118572,0.1229843020,0.1144369145,0.1018559194,0.0539575456
167880.000000,0.1640793530,0.1639662556,0.1636461687,0.1631107576,0.1623570645,0.1613711807,0.1601520169,0.1586942784,0.1569669389,0.1549692965,0.1526697125,0.1500341191,0.1470263329,0.1435833739,0.1396246080,0.1350272351,0.1295943217,0.1229683003,0.1144228059,0.1018444216,0.0539547868
167940.000000,0.1640529570,0.1639398913,0.1636198937,0.1630846318,0.1623311481,0.1613455371,0.1601267090,0.1586693695,0.1569424992,0.1549453948,0.1526464238,0.1500115248,0.1470045203,0.1435624418,0.1396046695,0.1350084250,0.1295768101,0.1229523201,0.1144087161,0.1018329387,0.0539520343
168000.000000,0.1640265611,0.1639135270,0.1635936187,0.1630585060,0.1623052317,0.1613198935,0.1601014011,0.1586444606,0.1569180594,0.1549214931,0.1526231352,0.1499889305,0.1469827077,0.1435415096,0.1395847309,0.1349896150,0.1295592985,0.1229363399,0.1143946262,0.1018214558,0.0539492818
168060.000000,0.1640002032,0.1638872006,0.1635673816,0.1630324178,0.1622793525,0.1612942867,0.1600761294,0.1586195872,0.1568936545,0.1548976253,0.1525998795,0.1499663680,0.1469609257,0.1435206067,0.1395648200,0.1349708308,0.1295418108,0.1229203813,0.1143805551,0.1018099878,0.0539465357
168120.000000,0.1639738453,0.1638608743,0.1635411444,0.1630063295,0.1622534734,0.1612686799,0.1600508577,0.1585947139,0.1568692496,0.1548737575,0.1525766239,0.1499438056,0.1469391436,0.1434997037,0.1395449091,0.1349520467,0.1295243231,0.1229044227,0.1143664839,0.1017985198,0.0539437895
168180.000000,0.1639475253,0.1638345858,0.1635149450,0.1629802788,0.1622276313,0.1612431098,0.1600256222,0.1585698760,0.1568448793,0.1548499236,0.1525534010,0.1499212749,0.1469173921,0.1434788299,0.1395250257,0.1349332883,0.1295068592,0.1228884855,0.1143524315,0.1017870667,0.0539410496
168240.000000,0.1639212053,0.1638082972,0.1634887455,0.1629542280,0.1622017893,0.1612175396,0.1600003866,0.1585450381,0.1568205091,0.1548260896,0.1525301782,0.1498987442,0.1468956406,0.1434579561,0.1395051423,0.1349145300,0.1294893952,0.1228725484,0.1143383790,0.1017756136,0.0539383097
168300.000000,0.1638949231,0.1637820465,0.1634625837,0.1629282146,0.1621759842,0.1611920061,0.1599751871,0.1585202357,0.1567961736,0.1548022895,0.1525069882,0.1498762452,0.1468739195,0.1434371113,0.1394852865,0.1348957974,0.1294719551,0.1228566326,0.1143243452,0.1017641753,0.0539355760
168360.000000,0.1638686409,0.1637557957,0.1634364218,0.1629022012,0.1621501792,0.1611664725,0.1599499876,0.1584954332,0.1567718380,0.1547784893,0.1524837982,0.1498537462,0.1468521984,0.1434162665,0.1394654306,0.1348770648,0.1294545149,0.1228407169,0.1143103113,0.1017527371,0.0539328424
168420.000000,0.1638423964,0.1637295827,0.1634102975,0.1628762251,0.1621244112,0.1611409755,0.1599248240,0.1584706660,0.1567475370,0.1547547228,0.1524606409,0.1498312788,0.1468305077,0.1433954508,0.1394456022,0.1348583579,0.1294370985,0.1228248226,0.1142962961,0.1017413136,0.0539301150
168480.000000,0.1638161519,0.1637033696,0.1633841732,0.1628502490,0.1620986431,0.1611154784,0.1598996605,0.1584458989,0.1567232360,0.1547309564,0.1524374836,0.1498088114,0.1468088170,0.1433746350,0.1394257737,0.1348396510,0.1294196820,0.1228089283,0.1142822808,0.1017298902,0.0539273876
168540.000000,0.1637899451,0.1636771941,0.1633580864,0.1628243101,0.1620729119,0.1610900178,0.1598745328,0.1584211670,0.1566989694,0.1547072235,0.1524143589,0.1497863755,0.1467871566,0.1433538481,0.1394059727,0.1348209697,0.1294022892,0.1227930553,0.1142682841,0.1017184816,0.0539246664
168600.000000,0.1637637383,0.1636510187,0.1633319995,0.1627983712,0.1620471807,0.1610645572,0.1598494051,0.1583964350,0.1566747029,0.1546834907,0.1523912342,0.1497639396,0.1467654962,0.1433330612,0.1393861716,0.1348022884,0.1293848964,0.1227771823,0.1142542874,0.1017070729,0.0539219452
168660.000000,0.1637375690,0.1636248807,0.1633059500,0.1627724694,0.1620214863,0.1610391329,0.1598243133,0.1583717383,0.1566504708,0.1546597914,0.1523681421,0.1497415352,0.1467438660,0.1433123032,0.1393663979,0.1347836327,0.1293675272,0.1227613306,0.1142403092,0.1016956790,0.0539192302
168720.000000,0.1637113998,0.1635987427,0.1632799005,0.1627465677,0.1619957918,0.1610137086,0.1597992214,0.1583470415,0.1566262386,0.1546360921,0.1523450500,0.1497191308,0.1467222358,0.1432915452,0.1393466241,0.1347649770,0.1293501580,0.1227454790,0.1142263309,0.1016842851,0.0539165152
168780.000000,0.1636852680,0.1635726421,0.1632538883,0.1627207029,0.1619701341,0.1609883206,0.1597741652,0.1583223798,0.1566020408,0.1546124262,0.1523219904,0.1496967578,0.1467006358,0.1432708160,0.1393268776,0.1347463468,0.1293328124,0.1227296485,0.1142123712,0.1016729059,0.0539138064
168840.000000,0.1636591362,0.1635465416,0.1632278761,0.1626948382,0.1619444764,0.1609629326,0.1597491091,0.1582977181,0.1565778430,0.1545887604,0.1522989308,0.1496743848,0.1466790358,0.1432500868,0.1393071311,0.1347277166,0.1293154667,0.1227138181,0.1141984114,0.1016615268,0.0539110975
168900.000000,0.1636330417,0.1635204784,0.1632019010,0.1626690104,0.1619188552,0.1609375807,0.1597240885,0.1582730914,0.1565536794,0.1545651279,0.1522759036,0.1496520431,0.1466574659,0.1432293863,0.1392874118,0.1347091119,0.1292981445,0.1226980088,0.1141844701,0.1016501623,0.0539083949
168960.000000,0.1636069473,0.1634944151,0.1631759260,0.1626431826,0.1618932341,0.1609122288,0.1596990680,0.1582484647,0.1565295159,0.1545414955,0.1522528764,0.1496297014,0.1466358960,0.1432086858,0.1392676925,0.1346905072,0.1292808224,0.1226821996,0.1141705288,0.1016387978,0.0539056922
169020.000000,0.1635808902,0.1634683891,0.1631499880,0.1626173916,0.1618676495,0.1608869131,0.1596740830,0.1582238729,0.1565053865,0.1545178963,0.1522298815,0.1496073910,0.1466143561,0.1431880139,0.1392480003,0.1346719278,0.1292635236,0.1226664115,0.1141566058,0.1016274480,0.0539029957
169080.000000,0.1635548331,0.1634423631,0.1631240501,0.1625916007,0.1618420649,0.1608615973,0.1596490980,0.1581992811,0.1564812571,0.1544942972,0.1522068866,0.1495850805,0.1465928162,0.1431673421,0.1392283082,0.1346533485,0.1292462249,0.1226506234,0.1141426829,0.1016160982,0.0539002992
169140.000000,0.1635288131,0.1634163743,0.1630981492,0.1625658465,0.1618165167,0.1608363175,0.1596241485,0.1581747241,0.1564571617,0.1544707312,0.1521839240,0.1495628013,0.1465713063,0.1431466988,0.1392086430,0.1346347945,0.1292289495,0.1226348565,0.1141287783,0.1016047630,0.0538976088
169200.000000,0.1635027932,0.1633903855,0.1630722482,0.1625400923,0.1617909685,0.1608110377,0.1595991989,0.1581501672,0.1564330664,0.1544471653,0.1521609614,0.1495405220,0.1465497963,0.1431260556,0.1391889779,0.1346162406,0.1292116742,0.1226190895,0.1141148737,0.1015934278,0.0538949184
169260.000000,0.1634768104,0.1633644337,0.1630463842,0.1625143748,0.1617654567,0.1607857938,0.1595742848,0.1581256449,0.1564090051,0.1544236326,0.1521380310,0.1495182738,0.1465283163,0.1431054409,0.1391693398,0.1345977119,0.1291944222,0.1226033436,0.1141009874,0.1015821072,0.0538922341
169320.000000,0.1634508276,0.1633384819,0.1630205202,0.1624886573,0.1617399449,0.1607605500,0.1595493706,0.1581011227,0.1563849437,0.1544000998,0.1521151006,0.1494960257,0.1465068362,0.1430848262,0.1391497017,0.1345791832,0.1291771702,0.1225875977,0.1140871010,0.1015707866,0.0538895498
169380.000000,0.1634248818,0.1633125672,0.1629946930,0.1624629764,0.1617144693,0.1607353419,0.1595244918,0.1580766352,0.1563609163,0.1543766001,0.1520922023,0.1494738085,0.1464853860,0.1430642399,0.1391300905,0.1345606797,0.1291599414,0.1225718727,0.1140732330,0.1015594805,0.0538868715
169440.000000,0.1633989361,0.1632866524,0.1629688659,0.1624372955,0.1616889938,0.1607101339,0.1594996129,0.1580521476,0.1563368890,0.1543531004,0.1520693041,0.1494515914,0.1464639358,0.1430436537,0.1391104794,0.1345421762,0.1291427127,0.1225561478,0.1140593649,0.1015481745,0.0538841933
169500.000000,0.1633730272,0.1632607745,0.1629430754,0.1624116512,0.1616635544,0.1606849616,0.1594747693,0.1580276946,0.1563128954,0.1543296337,0.1520464378,0.1494294052,0.1464425153,0.1430230958,0.1390908951,0.1345236980,0.1291255072,0.1225404439,0.1140455151,0.1015368830,0.0538815212
169560.000000,0.1633471184,0.1632348966,0.1629172850,0.1623860068,0.1616381150,0.1606597893,0.1594499257,0.1580032417,0.1562889018,0.1543061670,0.1520235716,0.1494072191,0.1464210949,0.1430025379,0.1390713108,0.1345052197,0.1291083017,0.1225247400,0.1140316653,0.1015255915,0.0538788490
169620.000000,0.1633212464,0.1632090555,0.1628915313,0.1623603988,0.1616127117,0.1606346527,0.1594251172,0.1579788232,0.1562649421,0.1542827333,0.1520007373,0.1493850638,0.1463997041,0.1429820084,0.1390517533,0.1344867665,0.1290911194,0.1225090569,0.1140178336,0.1015143144,0.0538761829
169680.000000,0.1632953745,0.1631832144,0.1628657775,0.1623347909,0.1615873085,0.1606095161,0.1594003087,0.1579544047,0.1562409823,0.1542592995,0.1519779030,0.1493629085,0.1463783133,0.1429614789,0.1390321958,0.1344683133,0.1290739371,0.1224933739,0.1140040020,0.1015030374,0.0538735168
169740.000000,0.1632695393,0.1631574101,0.1628400604,0.1623092193,0.1615619412,0.1605844150,0.1593755352,0.1579300207,0.1562170562,0.1542358986,0.1519551006,0.1493407841,0.1463569521,0.1429409776,0.1390126651,0.1344498852,0.1290567779,0.1224777118,0.1139901885,0.1014917749,0.0538708567
169800.000000,0.1632437041,0.1631316057,0.1628143432,0.1622836477,0.1615365739,0.1605593140,0.1593507618,0.1579056367,0.1561931301,0.1542124977,0.1519322982,0.1493186596,0.1463355909,0.1429204764,0.1389931344,0.1344314571,0.1290396187,0.1224620496,0.1139763750,0.1014805124,0.0538681966
169860.000000,0.1632179056,0.1631058380,0.1627886625,0.1622581123,0.1615112426,0.1605342485,0.1593260233,0.1578812870,0.1561692376,0.1541891296,0.1519095277,0.1492965659,0.1463142593,0.1429000033,0.1389736304,0.1344130540,0.1290224826,0.1224464083,0.1139625796,0.1014692643,0.0538655425
169920.000000,0.1631921071,0.1630800703,0.1627629819,0.1622325770,0.1614859113,0.1605091829,0.1593012849,0.1578569373,0.1561453451,0.1541657614,0.1518867571,0.1492744722,0.1462929277,0.1428795303,0.1389541264,0.1343946509,0.1290053464,0.1224307670,0.1139487842,0.1014580162,0.0538628884
169980.000000,0.1631663452,0.1630543391,0.1627373376,0.1622070778,0.1614606158,0.1604841528,0.1592765813,0.1578326219,0.1561214862,0.1541424260,0.1518640183,0.1492524092,0.1462716256,0.1428590854,0.1389346490,0.1343762727,0.1289882333,0.1224151465,0.1139350068,0.1014467825,0.0538602403
170040.000000,0.1631405833,0.1630286079,0.1627116933,0.1621815787,0.1614353203,0.1604591227,0.1592518777,0.1578083064,0.1560976273,0.1541190906,0.1518412795,0.1492303462,0.1462503234,0.1428386405,0.1389151717,0.1343578946,0.1289711202,0.1223995259,0.1139212295,0.1014355488,0.0538575922
170100.000000,0.1631148579,0.1630029133,0.1626860854,0.1621561156,0.1614100606,0.1604341279,0.1592272090,0.1577840252,0.1560738018,0.1540957878,0.1518185724,0.1492083137,0.1462290507,0.1428182236,0.1388957209,0.1343395413,0.1289540301,0.1223839261,0.1139074701,0.1014243294,0.0538549501
170160.000000,0.1630891325,0.1629772186,0.1626604775,0.1621306526,0.1613848009,0.1604091332,0.1592025402,0.1577597440,0.1560499763,0.1540724850,0.1517958653,0.1491862813,0.1462077780,0.1427978068,0.1388762701,0.1343211880,0.1289369400,0.1223683263,0.1138937108,0.1014131101,0.0538523079
170220.000000,0.1630634436,0.1629515603,0.1626349058,0.1621052255,0.1613595769,0.1603841736,0.1591779062,0.1577354969,0.1560261842,0.1540492147,0.1517731897,0.1491642795,0.1461865346,0.1427774180,0.1388568458,0.1343028596,0.1289198728,0.1223527472,0.1138799695,0.1014019052,0.0538496717
170280.000000,0.1630377546,0.1629259019,0.1626093341,0.1620797985,0.1613343528,0.1603592141,0.1591532721,0.1577112497,0.1560023921,0.1540259445,0.1517505142,0.1491422776,0.1461652913,0.1427570292,0.1388374216,0.1342845312,0.1289028056,0.1223371681,0.1138662281,0.1013907002,0.0538470356
170340.000000,0.1630121020,0.1629002799,0.1625837986,0.1620544073,0.1613091644,0.1603342898,0.1591286728,0.1576870366,0.1559786333,0.1540027067,0.1517278702,0.1491203062,0.1461440772,0.1427366683,0.1388180238,0.1342662275,0.1288857612,0.1223216096,0.1138525047,0.1013795095,0.0538444053
170400.000000,0.1629864494,0.1628746579,0.1625582631,0.1620290162,0.1612839760,0.1603093654,0.1591040734,0.1576628236,0.1559548745,0.1539794689,0.1517052262,0.1490983348,0.1461228631,0.1427163075,0.1387986259,0.1342479239,0.1288687169,0.1223060512,0.1138387813,0.1013683189,0.0538417751
170460.000000,0.1629608331,0.1628490721,0.1625327636,0.1620036609,0.1612588231,0.1602844762,0.1590795086,0.1576386444,0.1559311490,0.1539562635,0.1516826137,0.1490763938,0.1461016782,0.1426959745,0.1387792545,0.1342296450,0.1288516954,0.1222905133,0.1138250758,0.1013571425,0.0538391507
170520.000000,0.1629352168,0.1628234864,0.1625072642,0.1619783057,0.1612336702,0.1602595869,0.1590549438,0.1576144653,0.1559074234,0.1539330581,0.1516600012,0.1490544528,0.1460804933,0.1426756415,0.1387598831,0.1342113661,0.1288346739,0.1222749754,0.1138113704,0.1013459661,0.0538365264
170580.000000,0.1629096367,0.1627979367,0.1624818008,0.1619529861,0.1612085527,0.1602347327,0.1590304135,0.1575903200,0.1558837310,0.1539098851,0.1516374201,0.1490325421,0.1460593376,0.1426553364,0.1387405381,0.1341931118,0.1288176751,0.1222594581,0.1137976827,0.1013348040,0.0538339079
170640.000000,0.1628840565,0.1627723871,0.1624563373,0.1619276666,0.1611834352,0.1602098785,0.1590058832,0.1575661748,0.1558600386,0.1538867120,0.1516148389,0.1490106315,0.1460381819,0.1426350312,0.1387211930,0.1341748576,0.1288006764,0.1222439408,0.1137839951,0.1013236419,0.0538312895
170700.000000,0.1628585125,0.1627468734,0.1624309098,0.1619023828,0.1611583531,0.1601850592,0.1589813873,0.1575420633,0.1558363793,0.1538635712,0.1515922891,0.1489887511,0.1460170553,0.1426147538,0.1387018742,0.1341566279,0.1287837003,0.1222284440,0.1137703253,0.1013124940,0.0538286769
170760.000000,0.1628329684,0.1627213598,0.1624054822,0.1618770990,0.1611332710,0.1601602399,0.1589568914,0.1575179519,0.1558127199,0.1538404305,0.1515697393,0.1489668707,0.1459959286,0.1425944765,0.1386825554,0.1341383983,0.1287667243,0.1222129472,0.1137566555,0.1013013461,0.0538260644
170820.000000,0.1628074604,0.1626958822,0.1623800905,0.1618518507,0.1611082241,0.1601354554,0.1589324298,0.1574938741,0.1557890936,0.1538173218,0.1515472207,0.1489450205,0.1459748310,0.1425742268,0.1386632629,0.1341201932,0.1287497709,0.1221974709,0.1137430035,0.1012902124,0.0538234577
170880.000000,0.1627819524,0.1626704046,0.1623546988,0.1618266025,0.1610831773,0.1601106710,0.1589079683,0.1574697964,0.1557654673,0.1537942132,0.1515247021,0.1489231703,0.1459537334,0.1425539771,0.1386439703,0.1341019882,0.1287328176,0.1221819945,0.1137293515,0.1012790787,0.0538208510
170940.000000,0.1627564803,0.1626449628,0.1623293429,0.1618013898,0.1610581656,0.1600859213,0.1588835410,0.1574457523,0.1557418739,0.1537711367,0.1515022148,0.1489013502,0.1459326647,0.1425337551,0.1386247039,0.1340838076,0.1287158868,0.1221665386,0.1137157172,0.1012679591,0.0538182501
171000.000000,0.1627310082,0.1626195211,0.1623039869,0.1617761770,0.1610331540,0.1600611716,0.1588591137,0.1574217082,0.1557182805,0.1537480602,0.1514797274,0.1488795301,0.1459115960,0.1425135330,0.1386054376,0.1340656270,0.1286989561,0.1221510827,0.1137020829,0.1012568396,0.0538156492
171060.000000,0.1627055720,0.1625941151,0.1622786666,0.1617509998,0.1610081774,0.1600364566,0.1588347205,0.1573976977,0.1556947200,0.1537250157,0.1514572711,0.1488577401,0.1458905563,0.1424933385,0.1385861973,0.1340474709,0.1286820479,0.1221356471,0.1136884664,0.1012457342,0.0538130542
171120.000000,0.1626801357,0.1625687092,0.1622533463,0.1617258225,0.1609832009,0.1600117416,0.1588103274,0.1573736872,0.1556711594,0.1537019713,0.1514348148,0.1488359501,0.1458695165,0.1424731441,0.1385669570,0.1340293148,0.1286651397,0.1221202116,0.1136748498,0.1012346288,0.0538104591
171180.000000,0.1626547353,0.1625433390,0.1622280616,0.1617006805,0.1609582594,0.1599870613,0.1587859684,0.1573497102,0.1556476316,0.1536789588,0.1514123895,0.1488141901,0.1458485055,0.1424529771,0.1385477428,0.1340111831,0.1286482541,0.1221047963,0.1136612509,0.1012235375,0.0538078699
171240.000000,0.1626293348,0.1625179687,0.1622027769,0.1616755386,0.1609333179,0.1599623809,0.1587616094,0.1573257331,0.1556241039,0.1536559462,0.1513899643,0.1487924301,0.1458274946,0.1424328102,0.1385285285,0.1339930514,0.1286313684,0.1220893811,0.1136476521,0.1012124461,0.0538052806
171300.000000,0.1626039700,0.1624926342,0.1621775277,0.1616504320,0.1609084114,0.1599377351,0.1587372844,0.1573017895,0.1556006088,0.1536329656,0.1513675700,0.1487707000,0.1458065124,0.1424126707,0.1385093403,0.1339749440,0.1286145052,0.1220739862,0.1136340708,0.1012013689,0.0538026972
171360.000000,0.1625786052,0.1624672996,0.1621522785,0.1616253253,0.1608835048,0.1599130892,0.1587129594,0.1572778459,0.1555771137,0.1536099850,0.1513451757,0.1487489699,0.1457855302,0.1423925312,0.1384901520,0.1339568366,0.1285976421,0.1220585913,0.1136204896,0.1011902917,0.0538001137
171420.000000,0.1625532761,0.1624420005,0.1621270647,0.1616002538,0.1608586331,0.1598884779,0.1586886683,0.1572539357,0.1555536513,0.1535870362,0.1513228123,0.1487272696,0.1457645767,0.1423724190,0.1384709897,0.1339387536,0.1285808013,0.1220432166,0.1136069259,0.1011792285,0.0537975361
171480.000000,0.1625279469,0.1624167015,0.1621018509,0.1615751824,0.1608337614,0.1598638665,0.1586643773,0.1572300254,0.1555301889,0.1535640874,0.1513004489,0.1487055694,0.1457436232,0.1423523069,0.1384518274,0.1339206705,0.1285639605,0.1220278419,0.1135933623,0.1011681653,0.0537949584
171540.000000,0.1625026532,0.1623914380,0.1620766725,0.1615501460,0.1608089246,0.1598392895,0.1586401201,0.1572061484,0.1555067590,0.1535411703,0.1512781164,0.1486838989,0.1457226983,0.1423322222,0.1384326910,0.1339026116,0.1285471421,0.1220124874,0.1135798162,0.1011571161,0.0537923864
171600.000000,0.1624773596,0.1623661744,0.1620514941,0.1615251097,0.1607840877,0.1598147125,0.1586158629,0.1571822714,0.1554833291,0.1535182533,0.1512557838,0.1486622285,0.1457017734,0.1423121374,0.1384135545,0.1338845528,0.1285303237,0.1219971329,0.1135662701,0.1011460669,0.0537898145
171660.000000,0.1624521014,0.1623409463,0.1620263509,0.1615001083,0.1607592855,0.1597901698,0.1585916395,0.1571584275,0.1554599317,0.1534953679,0.1512334820,0.1486405878,0.1456808771,0.1422920799,0.1383944439,0.1338665181,0.1285135276,0.1219817985,0.1135527415,0.1011350317,0.0537872483
171720.000000,0.1624268432,0.1623157181,0.1620012077,0.1614751070,0.1607344833,0.1597656271,0.1585674161,0.1571345837,0.1554365343,0.1534724825,0.1512111802,0.1486189470,0.1456599808,0.1422720224,0.1383753333,0.1338484835,0.1284967316,0.1219664642,0.1135392129,0.1011239965,0.0537846821
171780.000000,0.1624016203,0.1622905253,0.1619760997,0.1614501407,0.1607097158,0.1597411186,0.1585432264,0.1571107730,0.1554131693,0.1534496287,0.1511889091,0.1485973360,0.1456391130,0.1422519921,0.1383562484,0.1338304730,0.1284799577,0.1219511499,0.1135257018,0.1011129753,0.0537821216
171840.000000,0.1623763975,0.1622653324,0.1619509917,0.1614251743,0.1606849482,0.1597166101,0.1585190367,0.1570869623,0.1553898043,0.1534267749,0.1511666380,0.1485757249,0.1456182452,0.1422319618,0.1383371636,0.1338124624,0.1284631839,0.1219358357,0.1135121907,0.1011019540,0.0537795611
171900.000000,0.1623512099,0.1622401748,0.1619259187,0.1614002428,0.1606602153,0.1596921358,0.1584948807,0.1570631846,0.1553664717,0.1534039527,0.1511443975,0.1485541434,0.1455974058,0.1422119586,0.1383181044,0.1337944760,0.1284464324,0.1219205415,0.1134986971,0.1010909467,0.0537770063
171960.000000,0.1623260223,0.1622150172,0.1619008458,0.1613753113,0.1606354823,0.1596676615,0.1584707246,0.1570394070,0.1553431390,0.1533811304,0.1511221570,0.1485325619,0.1455765665,0.1421919554,0.1382990453,0.1337764895,0.1284296808,0.1219052473,0.1134852034,0.1010799393,0.0537744515
172020.000000,0.1623008700,0.1621898947,0.1618758079,0.1613504146,0.1606107838,0.1596432212,0.1584466022,0.1570156622,0.1553198386,0.1533583396,0.1510999470,0.1485110099,0.1455557555,0.1421719794,0.1382800117,0.1337585271,0.1284129514,0.1218899732,0.1134717272,0.1010689459,0.0537719024
172080.000000,0.1622757176,0.1621647723,0.1618507700,0.1613255179,0.1605860853,0.1596187809,0.1584224797,0.1569919175,0.1552965382,0.1533355488,0.1510777370,0.1484894580,0.1455349445,0.1421520033,0.1382609782,0.1337405646,0.1283962219,0.1218746990,0.1134582510,0.1010579525,0.0537693533
172140.000000,0.1622506004,0.1621396849,0.1618257671,0.1613006559,0.1605614212,0.1595943746,0.1583983907,0.1569682057,0.1552732700,0.1533127894,0.1510555576,0.1484679355,0.1455141618,0.1421320543,0.1382419703,0.1337226262,0.1283795147,0.1218594449,0.1134447921,0.1010469729,0.0537668099
172200.000000,0.1622254831,0.1621145975,0.1618007641,0.1612757939,0.1605367570,0.1595699684,0.1583743017,0.1569444939,0.1552500018,0.1532900300,0.1510333781,0.1484464130,0.1454933791,0.1421121052,0.1382229624,0.1337046877,0.1283628074,0.1218441907,0.1134313332,0.1010359933,0.0537642664
172260.000000,0.1622004009,0.1620895451,0.1617757960,0.1612509665,0.1605121272,0.1595455960,0.1583502461,0.1569208149,0.1552267657,0.1532673019,0.1510112290,0.1484249198,0.1454726246,0.1420921831,0.1382039800,0.1336867732,0.1283461222,0.1218289565,0.1134178917,0.1010250276,0.0537617286
172320.000000,0.1621753187,0.1620644927,0.1617508279,0.1612261392,0.1604874975,0.1595212236,0.1583261905,0.1568971359,0.1552035296,0.1532445738,0.1509890800,0.1484034267,0.1454518702,0.1420722611,0.1381849976,0.1336688586,0.1283294370,0.1218137222,0.1134044501,0.1010140619,0.0537591908
172380.000000,0.1621502715,0.1620394752,0.1617258946,0.1612013464,0.1604629019,0.1594968851,0.1583021682,0.1568734896,0.1551803255,0.1532218770,0.1509669612,0.1483819629,0.1454311439,0.1420523659,0.1381660407,0.1336509679,0.1283127738,0.1217985079,0.1133910259,0.1010031099,0.0537566587
172440.000000,0.1621252242,0.1620144578,0.1617009613,0.1611765536,0.1604383064,0.1594725465,0.1582781460,0.1568498433,0.1551571215,0.1531991801,0.1509448425,0.1483604991,0.1454104177,0.1420324707,0.1381470838,0.1336330773,0.1282961106,0.1217832935,0.1133776017,0.1009921580,0.0537541265
172500.000000,0.1621002119,0.1619894751,0.1616760627,0.1611517952,0.1604137450,0.1594482418,0.1582541570,0.1568262297,0.1551339494,0.1531765144,0.1509227541,0.1483390646,0.1453897195,0.1420126024,0.1381281523,0.1336152104,0.1282794694,0.1217680990,0.1133641947,0.1009812199,0.0537515999
172560.000000,0.1620751995,0.1619644925,0.1616511641,0.1611270369,0.1603891836,0.1594239370,0.1582301680,0.1568026161,0.1551107773,0.1531538488,0.1509006656,0.1483176301,0.1453690214,0.1419927341,0.1381092208,0.1335973435,0.1282628282,0.1217529045,0.1133507877,0.1009702817,0.0537490734
172620.000000,0.1620502219,0.1619395446,0.1616263001,0.1611023130,0.1603646563,0.1593996659,0.1582062121,0.1567790351,0.1550876371,0.1531312142,0.1508786074,0.1482962247,0.1453483513,0.1419728925,0.1380903147,0.1335795004,0.1282462089,0.1217377298,0.1133373979,0.1009593573,0.0537465524
172680.000000,0.1620252444,0.1619145967,0.1616014361,0.1610775890,0.1603401290,0.1593753948,0.1581822563,0.1567554541,0.1550644969,0.1531085796,0.1508565491,0.1482748194,0.1453276812,0.1419530510,0.1380714085,0.1335616573,0.1282295897,0.1217225551,0.1133240081,0.1009484329,0.0537440315
172740.000000,0.1620003015,0.1618896835,0.1615766066,0.1610528994,0.1603156357,0.1593511573,0.1581583336,0.1567319056,0.1550413886,0.1530859761,0.1508345210,0.1482534432,0.1453070391,0.1419332362,0.1380525277,0.1335438379,0.1282129923,0.1217074002,0.1133106356,0.1009375222,0.0537415161
172800.000000,0.1619753587,0.1618647702,0.1615517771,0.1610282098,0.1602911424,0.1593269198,0.1581344109,0.1567083571,0.1550182802,0.1530633726,0.1508124929,0.1482320669,0.1452863971,0.1419134214,0.1380336469,0.1335260185,0.1281963949,0.1216922452,0.1132972630,0.1009266115,0.0537390007
172860.000000,0.1619504505,0.1618398916,0.1615269822,0.1610035545,0.1602666830,0.1593027158,0.1581105212,0.1566848410,0.1549952036,0.1530408000,0.1507904949,0.1482107198,0.1452657829,0.1418936333,0.1380147913,0.1335082227,0.1281798194,0.1216771100,0.1132839076,0.1009157145,0.0537364909
172920.000000,0.1619255423,0.1618150130,0.1615021872,0.1609788991,0.1602422237,0.1592785118,0.1580866315,0.1566613250,0.1549721270,0.1530182274,0.1507684969,0.1481893726,0.1452451687,0.1418738451,0.1379959357,0.1334904270,0.1281632438,0.1216619748,0.1132705521,0.1009048175,0.0537339810
172980.000000,0.1619006687,0.1617901689,0.1614774266,0.1609542779,0.1602177982,0.1592543413,0.1580627748,0.1566378413,0.1549490821,0.1529956858,0.1507465288,0.1481680545,0.1452245825,0.1418540836,0.1379771053,0.1334726548,0.1281466900,0.1216468593,0.1132572138,0.1008939342,0.0537314767
173040.000000,0.1618757950,0.1617653248,0.1614526659,0.1609296567,0.1601933727,0.1592301708,0.1580389181,0.1566143576,0.1549260371,0.1529731441,0.1507245608,0.1481467363,0.1452039962,0.1418343220,0.1379582750,0.1334548827,0.1281301363,0.1216317437,0.1132438755,0.1008830508,0.0537289725
173100.000000,0.1618509559,0.1617405151,0.1614279396,0.1609050696,0.1601689810,0.1592060337,0.1580150942,0.1565909062,0.1549030238,0.1529506332,0.1507026227,0.1481254471,0.1451834377,0.1418145871,0.1379394697,0.1334371341,0.1281136043,0.1216166478,0.1132305542,0.1008721811,0.0537264737
173160.000000,0.1618261167,0.1617157055,0.1614032133,0.1608804825,0.1601445892,0.1591818965,0.1579912704,0.1565674548,0.1548800105,0.1529281224,0.1506806846,0.1481041579,0.1451628792,0.1417948521,0.1379206645,0.1334193855,0.1280970723,0.1216015519,0.1132172330,0.1008613114,0.0537239750
173220.000000,0.1618013120,0.1616909302,0.1613785213,0.1608559294,0.1601202312,0.1591577927,0.1579674794,0.1565440356,0.1548570287,0.1529056423,0.1506587764,0.1480828975,0.1451423485,0.1417751436,0.1379018843,0.1334016604,0.1280805619,0.1215864756,0.1132039288,0.1008504553,0.0537214817
173280.000000,0.1617765073,0.1616661549,0.1613538292,0.1608313763,0.1600958732,0.1591336888,0.1579436883,0.1565206165,0.1548340470,0.1528831622,0.1506368682,0.1480616372,0.1451218178,0.1417554351,0.1378831042,0.1333839353,0.1280640516,0.1215713993,0.1131906245,0.1008395992,0.0537189885
173340.000000,0.1617517369,0.1616414139,0.1613291713,0.1608068571,0.1600715488,0.1591096182,0.1579199300,0.1564972295,0.1548110967,0.1528607128,0.1506149897,0.1480404056,0.1451013147,0.1417357530,0.1378643490,0.1333662337,0.1280475629,0.1215563425,0.1131773373,0.1008287567,0.0537165007
173400.000000,0.1617269665,0.1616166728,0.1613045134,0.1607823379,0.1600472244,0.1590855476,0.1578961717,0.1564738425,0.1547881464,0.1528382634,0.1505931113,0.1480191741,0.1450808117,0.1417160710,0.1378455939,0.1333485320,0.1280310743,0.1215412857,0.1131640501,0.1008179141,0.0537140129
173460.000000,0.1617022303,0.1615919660,0.1612798895,0.1607578526,0.1600229336,0.1590615102,0.1578724461,0.1564504875,0.1547652275,0.1528158447,0.1505712626,0.1479979713,0.1450603363,0.1416964153,0.1378268638,0.1333308538,0.1280146072,0.1215262485,0.1131507799,0.1008070851,0.0537115307
173520.000000,0.1616774942,0.1615672592,0.1612552657,0.1607333673,0.1599986427,0.1590374727,0.1578487205,0.1564271326,0.1547423086,0.1527934259,0.1505494140,0.1479767684,0.1450398608,0.1416767596,0.1378081336,0.1333131755,0.1279981401,0.1215112112,0.1131375096,0.1007962562,0.0537090484
173580.000000,0.1616527922,0.1615425866,0.1612306759,0.1607089158,0.1599743853,0.1590134683,0.1578250274,0.1564038097,0.1547194210,0.1527710377,0.1505275949,0.1479555943,0.1450194130,0.1416571303,0.1377894284,0.1332955206,0.1279816946,0.1214961934,0.1131242563,0.1007854407,0.0537065716
173640.000000,0.1616280902,0.1615179139,0.1612060860,0.1606844642,0.1599501280,0.1589894639,0.1578013344,0.1563804868,0.1546965334,0.1527486494,0.1505057759,0.1479344202,0.1449989651,0.1416375009,0.1377707232,0.1332778657,0.1279652491,0.1214811756,0.1131110030,0.1007746252,0.0537040948
173700.000000,0.1616034223,0.1614932753,0.1611815301,0.1606600464,0.1599259040,0.1589654925,0.1577776738,0.1563571958,0.1546736771,0.1527262917,0.1504839865,0.1479132747,0.1449785448,0.1416178978,0.1377520428,0.1332602341,0.1279488251,0.1214661772,0.1130977666,0.1007638232,0.0537016234
173760.000000,0.1615787545,0.1614686366,0.1611569742,0.1606356286,0.1599016800,0.1589415212,0.1577540133,0.1563339048,0.1546508208,0.1527039340,0.1504621971,0.1478921291,0.1449581244,0.1415982947,0.1377333624,0.1332426025,0.1279324011,0.1214511789,0.1130845302,0.1007530213,0.0536991520
173820.000000,0.1615541206,0.1614440320,0.1611324521,0.1606112444,0.1598774894,0.1589175827,0.1577303852,0.1563106457,0.1546279956,0.1526816066,0.1504404372,0.1478710122,0.1449377315,0.1415787178,0.1377147069,0.1332249941,0.1279159985,0.1214361999,0.1130713106,0.1007422327,0.0536966861
173880.000000,0.1615294868,0.1614194273,0.1611079300,0.1605868602,0.1598532987,0.1588936442,0.1577067571,0.1562873866,0.1546051705,0.1526592793,0.1504186774,0.1478498952,0.1449173386,0.1415591409,0.1376960513,0.1332073858,0.1278995959,0.1214212209,0.1130580910,0.1007314442,0.0536942201
173940.000000,0.1615048869,0.1613948566,0.1610834417,0.1605625095,0.1598291413,0.1588697386,0.1576831614,0.1562641592,0.1545823765,0.1526369823,0.1503969470,0.1478288067,0.1448969731,0.1415395901,0.1376774205,0.1331898006,0.1278832148,0.1214062612,0.1130448883,0.1007206691,0.0536917596
174000.000000,0.1614802869,0.1613702858,0.1610589534,0.1605381589,0.1598049839,0.1588458330,0.1576595657,0.1562409319,0.1545595825,0.1526146854,0.1503752166,0.1478077182,0.1448766075,0.1415200393,0.1376587897,0.1331722154,0.1278668337,0.1213913016,0.1130316855,0.1007098941,0.0536892990
174060.000000,0.1614557209,0.1613457489,0.1610344988,0.1605138417,0.1597808597,0.1588219602,0.1576360023,0.1562177363,0.1545368195,0.1525924187,0.1503535156,0.1477866582,0.1448562693,0.1415005146,0.1376401836,0.1331546534,0.1278504739,0.1213763612,0.1130184996,0.1006991324,0.0536868439
174120.000000,0.1614311549,0.1613212120,0.1610100442,0.1604895246,0.1597567355,0.1587980874,0.1576124388,0.1561945407,0.1545140566,0.1525701520,0.1503318146,0.1477655981,0.1448359311,0.1414809900,0.1376215775,0.1331370914,0.1278341141,0.1213614209,0.1130053136,0.1006883707,0.0536843887
174180.000000,0.1614066226,0.1612967088,0.1609856232,0.1604652408,0.1597326444,0.1587742473,0.1575889076,0.1561713767,0.1544913246,0.1525479155,0.1503101429,0.1477445664,0.1448156202,0.1414614913,0.1376029961,0.1331195524,0.1278177757,0.1213464998,0.1129921444,0.1006776224,0.0536819390
174240.000000,0.1613820904,0.1612722056,0.1609612022,0.1604409570,0.1597085532,0.1587504072,0.1575653764,0.1561482128,0.1544685926,0.1525256790,0.1502884713,0.1477235347,0.1447953092,0.1414419927,0.1375844146,0.1331020135,0.1278014372,0.1213315787,0.1129789752,0.1006668741,0.0536794892
174300.000000,0.1613575918,0.1612477361,0.1609368148,0.1604167066,0.1596844952,0.1587265997,0.1575418774,0.1561250804,0.1544458916,0.1525034727,0.1502668289,0.1477025313,0.1447750255,0.1414225200,0.1375658577,0.1330844976,0.1277851200,0.1213166768,0.1129658227,0.1006561391,0.0536770448
174360.000000,0.1613330933,0.1612232666,0.1609124273,0.1603924562,0.1596604371,0.1587027922,0.1575183783,0.1561019481,0.1544231905,0.1524812663,0.1502451866,0.1476815279,0.1447547417,0.1414030473,0.1375473009,0.1330669817,0.1277688029,0.1213017749,0.1129526702,0.1006454042,0.0536746004
174420.000000,0.1613086284,0.1611988307,0.1608880734,0.1603682390,0.1596364119,0.1586790173,0.1574949114,0.1560788472,0.1544005203,0.1524590901,0.1502235734,0.1476605527,0.1447344851,0.1413836005,0.1375287686,0.1330494888,0.1277525069,0.1212868922,0.1129395344,0.1006346825,0.0536721613
174480.000000,0.1612841635,0.1611743948,0.1608637194,0.1603440218,0.1596123868,0.1586552424,0.1574714444,0.1560557463,0.1543778500,0.1524369138,0.1502019602,0.1476395775,0.1447142285,0.1413641538,0.1375102363,0.1330319959,0.1277362110,0.1212720095,0.1129263985,0.1006239609,0.0536697223
174540.000000,0.1612597322,0.1611499924,0.1608393988,0.1603198378,0.1595883945,0.1586315000,0.1574480095,0.1560326769,0.1543552106,0.1524147676,0.1501803762,0.1476186305,0.1446939989,0.1413447329,0.1374917284,0.1330145259,0.1277199362,0.1212571459,0.1129132794,0.1006132526,0.0536672886
174600.000000,0.1612353009,0.1611255900,0.1608150782,0.1602956538,0.1595644022,0.1586077575,0.1574245745,0.1560096075,0.1543325711,0.1523926213,0.1501587922,0.1475976835,0.1446737694,0.1413253119,0.1374732206,0.1329970560,0.1277036614,0.1212422824,0.1129001602,0.1006025442,0.0536648548
174660.000000,0.1612109031,0.1611012211,0.1607907909,0.1602715029,0.1595404428,0.1585840475,0.1574011715,0.1559865694,0.1543099624,0.1523705050,0.1501372373,0.1475767646,0.1446535669,0.1413059168,0.1374547372,0.1329796089,0.1276874078,0.1212274379,0.1128870576,0.1005918491,0.0536624264
174720.000000,0.1611865052,0.1610768521,0.1607665037,0.1602473520,0.1595164833,0.1585603375,0.1573777685,0.1559635314,0.1542873536,0.1523483887,0.1501156823,0.1475558457,0.1446333644,0.1412865217,0.1374362538,0.1329621619,0.1276711542,0.1212125934,0.1128739550,0.1005811541,0.0536599980
174780.000000,0.1611621408,0.1610525165,0.1607422496,0.1602232341,0.1594925566,0.1585366598,0.1573543973,0.1559405247,0.1542647755,0.1523263023,0.1500941564,0.1475349549,0.1446131888,0.1412671524,0.1374177948,0.1329447376,0.1276549216,0.1211977680,0.1128608691,0.1005704722,0.0536575749
174840.000000,0.1611377764,0.1610281810,0.1607179956,0.1601991162,0.1594686299,0.1585129822,0.1573310261,0.1559175179,0.1542421974,0.1523042159,0.1500726305,0.1475140640,0.1445930133,0.1412477830,0.1373993358,0.1329273134,0.1276386891,0.1211829426,0.1128477831,0.1005597904,0.0536551517
174900.000000,0.1611134453,0.1610038787,0.1606937748,0.1601750313,0.1594447358,0.1584893368,0.1573076868,0.1558945424,0.1542196499,0.1522821593,0.1500511336,0.1474932012,0.1445728646,0.1412284393,0.1373809011,0.1329099120,0.1276224776,0.1211681361,0.1128347136,0.1005491218,0.0536527339
174960.000000,0.1610891143,0.1609795764,0.1606695539,0.1601509464,0.1594208417,0.1584656914,0.1572843474,0.1558715669,0.1541971023,0.1522601027,0.1500296366,0.1474723383,0.1445527160,0.1412090956,0.1373624664,0.1328925106,0.1276062661,0.1211533297,0.1128216441,0.1005384531,0.0536503161
175020.000000,0.1610648165,0.1609553074,0.1606453661,0.1601268944,0.1593969802,0.1584420782,0.1572610398,0.1558486225,0.1541745853,0.1522380758,0.1500081685,0.1474515034,0.1445325942,0.1411897776,0.1373440560,0.1328751319,0.1275900756,0.1211385423,0.1128085912,0.1005277977,0.0536479035
175080.000000,0.1610405187,0.1609310383,0.1606211784,0.1601028424,0.1593731187,0.1584184650,0.1572377321,0.1558256782,0.1541520683,0.1522160490,0.1499867005,0.1474306685,0.1445124724,0.1411704596,0.1373256455,0.1328577532,0.1275738852,0.1211237548,0.1127955382,0.1005171422,0.0536454909
175140.000000,0.1610162540,0.1609068024,0.1605970236,0.1600788231,0.1593492898,0.1583948839,0.1572144562,0.1558027649,0.1541295817,0.1521940518,0.1499652612,0.1474098614,0.1444923773,0.1411511671,0.1373072594,0.1328403972,0.1275577156,0.1211089863,0.1127825018,0.1005064999,0.0536430836
175200.000000,0.1609919894,0.1608825665,0.1605728689,0.1600548039,0.1593254608,0.1583713028,0.1571911802,0.1557798516,0.1541070951,0.1521720546,0.1499438220,0.1473890543,0.1444722823,0.1411318746,0.1372888732,0.1328230412,0.1275415461,0.1210942178,0.1127694653,0.1004958576,0.0536406763
175260.000000,0.1609677579,0.1608583636,0.1605487471,0.1600308174,0.1593016643,0.1583477538,0.1571679358,0.1557569694,0.1540846388,0.1521500870,0.1499224115,0.1473682751,0.1444522140,0.1411126077,0.1372705111,0.1328057079,0.1275253975,0.1210794682,0.1127564452,0.1004852285,0.0536382742
175320.000000,0.1609435264,0.1608341608,0.1605246253,0.1600068309,0.1592778677,0.1583242048,0.1571446914,0.1557340871,0.1540621826,0.1521281195,0.1499010010,0.1473474958,0.1444321457,0.1410933407,0.1372521491,0.1327883745,0.1275092489,0.1210647185,0.1127434252,0.1004745993,0.0536358721
175380.000000,0.1609193280,0.1608099910,0.1605005364,0.1599828771,0.1592541036,0.1583006878,0.1571214785,0.1557112359,0.1540397567,0.1521061815,0.1498796193,0.1473267443,0.1444121041,0.1410740992,0.1372338112,0.1327710638,0.1274931211,0.1210499878,0.1127304215,0.1004639833,0.0536334752
175440.000000,0.1608951295,0.1607858211,0.1604764475,0.1599589233,0.1592303394,0.1582771707,0.1570982656,0.1556883846,0.1540173307,0.1520842434,0.1498582375,0.1473059927,0.1443920625,0.1410548577,0.1372154733,0.1327537530,0.1274769934,0.1210352570,0.1127174179,0.1004533672,0.0536310783
175500.000000,0.1608709641,0.1607616842,0.1604523913,0.1599350021,0.1592066075,0.1582536856,0.1570750842,0.1556655642,0.1539949350,0.1520623349,0.1498368843,0.1472852689,0.1443720474,0.1410356417,0.1371971594,0.1327364648,0.1274608864,0.1210205450,0.1127044306,0.1004427642,0.0536286867
175560.000000,0.1608467986,0.1607375473,0.1604283352,0.1599110808,0.1591828757,0.1582302005,0.1570519027,0.1556427438,0.1539725393,0.1520404264,0.1498155312,0.1472645451,0.1443520324,0.1410164256,0.1371788456,0.1327191766,0.1274447795,0.1210058331,0.1126914433,0.1004321612,0.0536262950
175620.000000,0.1608226660,0.1607134433,0.1604043118,0.1598871921,0.1591591760,0.1582067472,0.1570287527,0.1556199542,0.1539501738,0.1520185473,0.1497942066,0.1472438488,0.1443320440,0.1409972349,0.1371605558,0.1327019110,0.1274286934,0.1209911399,0.1126784723,0.1004215713,0.0536239085
175680.000000,0.1607985334,0.1606893392,0.1603802884,0.1598633034,0.1591354764,0.1581832939,0.1570056026,0.1555971646,0.1539278082,0.1519966682,0.1497728821,0.1472231526,0.1443120555,0.1409780441,0.1371422659,0.1326846453,0.1274126072,0.1209764467,0.1126655014,0.1004109813,0.0536215220
175740.000000,0.1607744336,0.1606652679,0.1603562977,0.1598394471,0.1591118089,0.1581598724,0.1569824838,0.1555744058,0.1539054728,0.1519748184,0.1497515860,0.1472024839,0.1442920935,0.1409588787,0.1371240000,0.1326674020,0.1273965418,0.1209617722,0.1126525467,0.1004004044,0.0536191407
175800.000000,0.1607503339,0.1606411967,0.1603323069,0.1598155909,0.1590881414,0.1581364509,0.1569593651,0.1555516470,0.1538831373,0.1519529687,0.1497302900,0.1471818153,0.1442721315,0.1409397133,0.1371057342,0.1326501588,0.1273804764,0.1209470977,0.1126395920,0.1003898275,0.0536167594
175860.000000,0.1607262669,0.1606171581,0.1603083488,0.1597917670,0.1590645060,0.1581130611,0.1569362775,0.1555289188,0.1538608319,0.1519311482,0.1497090224,0.1471611741,0.1442521960,0.1409205731,0.1370874922,0.1326329379,0.1273644316,0.1209324420,0.1126266537,0.1003792636,0.0536143832
175920.000000,0.1607021999,0.1605931195,0.1602843906,0.1597679431,0.1590408706,0.1580896713,0.1569131900,0.1555061907,0.1538385265,0.1519093277,0.1496877547,0.1471405329,0.1442322604,0.1409014329,0.1370692502,0.1326157171,0.1273483869,0.1209177862,0.1126137153,0.1003686996,0.0536120071
175980.000000,0.1606781655,0.1605691136,0.1602604650,0.1597441515,0.1590172672,0.1580663132,0.1568901337,0.1554834931,0.1538162511,0.1518875365,0.1496665155,0.1471199192,0.1442123513,0.1408823179,0.1370510321,0.1325985186,0.1273323628,0.1209031491,0.1126007931,0.1003581487,0.0536096361
176040.000000,0.1606541312,0.1605451076,0.1602365393,0.1597203599,0.1589936638,0.1580429550,0.1568670773,0.1554607956,0.1537939756,0.1518657453,0.1496452763,0.1470993055,0.1441924421,0.1408632029,0.1370328140,0.1325813201,0.1273163387,0.1208885119,0.1125878709,0.1003475977,0.0536072651
176100.000000,0.1606301295,0.1605211343,0.1602126461,0.1596966005,0.1589700923,0.1580196284,0.1568440520,0.1554381286,0.1537717301,0.1518439832,0.1496240654,0.1470787191,0.1441725593,0.1408441131,0.1370146197,0.1325641439,0.1273003353,0.1208738934,0.1125749649,0.1003370597,0.0536048992
176160.000000,0.1606061278,0.1604971609,0.1601887529,0.1596728412,0.1589465209,0.1579963018,0.1568210268,0.1554154616,0.1537494846,0.1518222211,0.1496028545,0.1470581328,0.1441526764,0.1408250232,0.1369964254,0.1325469678,0.1272843318,0.1208592749,0.1125620590,0.1003265217,0.0536025333
176220.000000,0.1605821586,0.1604732200,0.1601648921,0.1596491140,0.1589229813,0.1579730067,0.1567980325,0.1553928251,0.1537272689,0.1518004882,0.1495816719,0.1470375737,0.1441328198,0.1408059584,0.1369782549,0.1325298138,0.1272683488,0.1208446750,0.1125491691,0.1003159966,0.0536001725
176280.000000,0.1605581894,0.1604492791,0.1601410312,0.1596253868,0.1588994417,0.1579497115,0.1567750383,0.1553701886,0.1537050531,0.1517787552,0.1495604892,0.1470170147,0.1441129632,0.1407868937,0.1369600843,0.1325126599,0.1272523659,0.1208300750,0.1125362793,0.1003054715,0.0535978117
176340.000000,0.1605342527,0.1604253707,0.1601172027,0.1596016916,0.1588759339,0.1579264479,0.1567520750,0.1553475825,0.1536828672,0.1517570512,0.1495393348,0.1469964829,0.1440931329,0.1407678539,0.1369419375,0.1324955282,0.1272364035,0.1208154936,0.1125234056,0.1002949592,0.0535954560
176400.000000,0.1605103159,0.1604014622,0.1600933741,0.1595779965,0.1588524261,0.1579031842,0.1567291117,0.1553249764,0.1536606813,0.1517353473,0.1495181804,0.1469759512,0.1440733025,0.1407488142,0.1369237906,0.1324783965,0.1272204411,0.1208009122,0.1125105319,0.1002844470,0.0535931003
176460.000000,0.1604864116,0.1603775861,0.1600695778,0.1595543334,0.1588289501,0.1578799518,0.1567061794,0.1553024006,0.1536385250,0.1517136723,0.1494970541,0.1469554466,0.1440534983,0.1407297994,0.1369056674,0.1324612870,0.1272044991,0.1207863493,0.1124976743,0.1002739477,0.0535907497
176520.000000,0.1604625073,0.1603537100,0.1600457815,0.1595306703,0.1588054740,0.1578567195,0.1566832470,0.1552798249,0.1536163688,0.1516919974,0.1494759278,0.1469349420,0.1440336940,0.1407107846,0.1368875442,0.1324441774,0.1271885572,0.1207717864,0.1124848167,0.1002634483,0.0535883991
176580.000000,0.1604386352,0.1603298661,0.1600220173,0.1595070392,0.1587820296,0.1578335184,0.1566603454,0.1552572794,0.1535942422,0.1516703513,0.1494548296,0.1469144646,0.1440139159,0.1406917947,0.1368694446,0.1324270900,0.1271726357,0.1207572419,0.1124719752,0.1002529618,0.0535860536
176640.000000,0.1604147632,0.1603060223,0.1599982531,0.1594834080,0.1587585852,0.1578103174,0.1566374439,0.1552347339,0.1535721156,0.1516487052,0.1494337313,0.1468939872,0.1439941378,0.1406728049,0.1368513450,0.1324100026,0.1271567141,0.1207426974,0.1124591337,0.1002424752,0.0535837080
176700.000000,0.1603909234,0.1602822106,0.1599745210,0.1594598088,0.1587351724,0.1577871475,0.1566145731,0.1552122187,0.1535500186,0.1516270880,0.1494126611,0.1468735368,0.1439743857,0.1406538399,0.1368332690,0.1323929372,0.1271408130,0.1207281714,0.1124463081,0.1002320015,0.0535813676
176760.000000,0.1603670837,0.1602583990,0.1599507889,0.1594362095,0.1587117596,0.1577639777,0.1565917023,0.1551897034,0.1535279216,0.1516054708,0.1493915909,0.1468530865,0.1439546336,0.1406348749,0.1368151929,0.1323758719,0.1271249119,0.1207136453,0.1124334826,0.1002215278,0.0535790271
176820.000000,0.1603432761,0.1602346195,0.1599270889,0.1594126420,0.1586883783,0.1577408390,0.1565688621,0.1551672183,0.1535058541,0.1515838824,0.1493705487,0.1468326631,0.1439349074,0.1406159347,0.1367971404,0.1323588285,0.1271090311,0.1206991377,0.1124206731,0.1002110668,0.0535766916
176880.000000,0.1603194685,0.1602108400,0.1599033888,0.1593890745,0.1586649970,0.1577177003,0.1565460220,0.1551447332,0.1534837865,0.1515622939,0.1493495064,0.1468122398,0.1439151813,0.1405969945,0.1367790879,0.1323417852,0.1270931503,0.1206846300,0.1124078636,0.1002006059,0.0535743561
176940.000000,0.1602956930,0.1601870925,0.1598797206,0.1593655388,0.1586416472,0.1576945927,0.1565232125,0.1551222781,0.1534617485,0.1515407342,0.1493284921,0.1467918434,0.1438954811,0.1405780790,0.1367610588,0.1323247639,0.1270772898,0.1206701407,0.1123950700,0.1001901577,0.0535720257
177000.000000,0.1602719175,0.1601633451,0.1598560525,0.1593420031,0.1586182973,0.1576714851,0.1565004030,0.1550998231,0.1534397104,0.1515191745,0.1493074777,0.1467714471,0.1438757809,0.1405591636,0.1367430297,0.1323077425,0.1270614293,0.1206556513,0.1123822765,0.1001797095,0.0535696953
177060.000000,0.1602481740,0.1601396296,0.1598324162,0.1593184990,0.1585949788,0.1576484084,0.1564776241,0.1550773981,0.1534177017,0.1514976434,0.1492864912,0.1467510776,0.1438561066,0.1405402729,0.1367250240,0.1322907431,0.1270455890,0.1206411803,0.1123694988,0.1001692741,0.0535673698
177120.000000,0.1602244306,0.1601159142,0.1598087799,0.1592949949,0.1585716604,0.1576253318,0.1564548452,0.1550549730,0.1533956930,0.1514761123,0.1492655047,0.1467307082,0.1438364322,0.1405213821,0.1367070183,0.1322737436,0.1270297488,0.1206267093,0.1123567212,0.1001588386,0.0535650444
177180.000000,0.1602007191,0.1600922306,0.1597851755,0.1592715225,0.1585483732,0.1576022862,0.1564320967,0.1550325780,0.1533737137,0.1514546099,0.1492445459,0.1467103656,0.1438167837,0.1405025161,0.1366890359,0.1322567661,0.1270139287,0.1206122565,0.1123439594,0.1001484158,0.0535627240
177240.000000,0.1601770076,0.1600685471,0.1597615710,0.1592480500,0.1585250861,0.1575792405,0.1564093482,0.1550101829,0.1533517343,0.1514331074,0.1492235872,0.1466900229,0.1437971352,0.1404836500,0.1366710536,0.1322397885,0.1269981087,0.1205978037,0.1123311977,0.1001379931,0.0535604035
177300.000000,0.1601533280,0.1600448954,0.1597379982,0.1592246090,0.1585018302,0.1575562257,0.1563866302,0.1549878177,0.1533297842,0.1514116335,0.1492026561,0.1466697071,0.1437775124,0.1404648085,0.1366530945,0.1322228328,0.1269823088,0.1205833692,0.1123184518,0.1001275830,0.0535580880
177360.000000,0.1601296484,0.1600212437,0.1597144255,0.1592011681,0.1584785742,0.1575332109,0.1563639122,0.1549654525,0.1533078341,0.1513901595,0.1491817251,0.1466493913,0.1437578897,0.1404459670,0.1366351355,0.1322058771,0.1269665089,0.1205689346,0.1123057059,0.1001171729,0.0535557726
177420.000000,0.1601060006,0.1599976238,0.1596908844,0.1591777586,0.1584553495,0.1575102269,0.1563412245,0.1549431171,0.1532859131,0.1513687141,0.1491608217,0.1466291022,0.1437382926,0.1404271501,0.1366171997,0.1321889432,0.1269507292,0.1205545183,0.1122929758,0.1001067755,0.0535534621
177480.000000,0.1600823528,0.1599740039,0.1596673433,0.1591543491,0.1584321248,0.1574872429,0.1563185368,0.1549207817,0.1532639922,0.1513472686,0.1491399183,0.1466088131,0.1437186955,0.1404083331,0.1365992638,0.1321720093,0.1269349494,0.1205401019,0.1122802458,0.1000963781,0.0535511516
177540.000000,0.1600587368,0.1599504157,0.1596438338,0.1591309710,0.1584089311,0.1574642897,0.1562958794,0.1548984761,0.1532421004,0.1513258515,0.1491190425,0.1465885507,0.1436991241,0.1403895407,0.1365813512,0.1321550971,0.1269191898,0.1205257037,0.1122675315,0.1000859933,0.0535488460
177600.000000,0.1600351208,0.1599268275,0.1596203243,0.1591075929,0.1583857375,0.1574413364,0.1562732220,0.1548761705,0.1532202086,0.1513044345,0.1490981668,0.1465682883,0.1436795527,0.1403707482,0.1365634386,0.1321381849,0.1269034301,0.1205113055,0.1122548172,0.1000756085,0.0535465404
177660.000000,0.1600115364,0.1599032710,0.1595968463,0.1590842461,0.1583625749,0.1574184139,0.1562505949,0.1548538945,0.1531983458,0.1512830457,0.1490773185,0.1465480525,0.1436600068,0.1403519802,0.1365455492,0.1321212944,0.1268876905,0.1204969254,0.1122421187,0.1000652363,0.0535442398
177720.000000,0.1599879521,0.1598797144,0.1595733683,0.1590608993,0.1583394123,0.1573954913,0.1562279677,0.1548316186,0.1531764831,0.1512616570,0.1490564702,0.1465278167,0.1436404610,0.1403332122,0.1365276597,0.1321044039,0.1268719509,0.1204825453,0.1122294202,0.1000548640,0.0535419392
177780.000000,0.1599643993,0.1598561894,0.1595499218,0.1590375838,0.1583162807,0.1573725993,0.1562053707,0.1548093723,0.1531546493,0.1512402966,0.1490356494,0.1465076075,0.1436209407,0.1403144686,0.1365097934,0.1320875351,0.1268562312,0.1204681832,0.1122167375,0.1000445044,0.0535396435
177840.000000,0.1599408466,0.1598326644,0.1595264753,0.1590142683,0.1582931491,0.1573497073,0.1561827737,0.1547871260,0.1531328156,0.1512189361,0.1490148287,0.1464873982,0.1436014204,0.1402957249,0.1364919270,0.1320706663,0.1268405116,0.1204538212,0.1122040547,0.1000341448,0.0535373477
177900.000000,0.1599173254,0.1598091710,0.1595030601,0.1589909839,0.1582700484,0.1573268459,0.1561602067,0.1547649092,0.1531110108,0.1511976039,0.1489940353,0.1464672155,0.1435819256,0.1402770057,0.1364740837,0.1320538190,0.1268248119,0.1204394772,0.1121913876,0.1000237977,0.0535350569
177960.000000,0.1598938042,0.1597856775,0.1594796450,0.1589676996,0.1582469476,0.1573039845,0.1561376398,0.1547426924,0.1530892059,0.1511762717,0.1489732419,0.1464470327,0.1435624308,0.1402582864,0.1364562404,0.1320369718,0.1268091123,0.1204251332,0.1121787205,0.1000134506,0.0535327661
178020.000000,0.1598703145,0.1597622154,0.1594562612,0.1589444463,0.1582238778,0.1572811535,0.1561151029,0.1547205052,0.1530674300,0.1511549677,0.1489524759,0.1464268764,0.1435429614,0.1402395914,0.1364384201,0.1320201461,0.1267934325,0.1204108072,0.1121660691,0.1000031160,0.0535304802
178080.000000,0.1598468248,0.1597387534,0.1594328773,0.1589211931,0.1582008079,0.1572583225,0.1560925660,0.1546983179,0.1530456541,0.1511336636,0.1489317099,0.1464067201,0.1435234920,0.1402208963,0.1364205998,0.1320033205,0.1267777527,0.1203964812,0.1121534177,0.0999927815,0.0535281943
178140.000000,0.1598233665,0.1597153227,0.1594095247,0.1588979709,0.1581777687,0.1572355220,0.1560700590,0.1546761601,0.1530239069,0.1511123877,0.1489109711,0.1463865902,0.1435040479,0.1402022256,0.1364028025,0.1319865163,0.1267620928,0.1203821731,0.1121407819,0.0999824594,0.0535259132
178200.000000,0.1597999082,0.1596918920,0.1593861721,0.1588747487,0.1581547296,0.1572127214,0.1560475521,0.1546540022,0.1530021598,0.1510911117,0.1488902324,0.1463664603,0.1434846039,0.1401835548,0.1363850051,0.1319697122,0.1267464330,0.1203678651,0.1121281461,0.0999721373,0.0535236322
178260.000000,0.1597764812,0.1596684926,0.1593628507,0.1588515575,0.1581317212,0.1571899512,0.1560250750,0.1546318738,0.1529804414,0.1510698638,0.1488695209,0.1463463567,0.1434651852,0.1401649082,0.1363672307,0.1319529295,0.1267307929,0.1203535749,0.1121155259,0.0999618277,0.0535213560
178320.000000,0.1597530543,0.1596450932,0.1593395293,0.1588283663,0.1581087128,0.1571671810,0.1560025980,0.1546097453,0.1529587230,0.1510486159,0.1488488094,0.1463262532,0.1434457665,0.1401462616,0.1363494562,0.1319361468,0.1267151528,0.1203392848,0.1121029057,0.0999515181,0.0535190798
178380.000000,0.1597296586,0.1596217251,0.1593162390,0.1588052060,0.1580857350,0.1571444410,0.1559801508,0.1545876461,0.1529370333,0.1510273959,0.1488281251,0.1463061759,0.1434263730,0.1401276391,0.1363317046,0.1319193855,0.1266995326,0.1203250126,0.1120903011,0.0999412210,0.0535168084
178440.000000,0.1597062629,0.1595983569,0.1592929487,0.1587820457,0.1580627572,0.1571217010,0.1559577035,0.1545655470,0.1529153436,0.1510061760,0.1488074408,0.1462860985,0.1434069796,0.1401090166,0.1363139530,0.1319026242,0.1266839123,0.1203107403,0.1120776965,0.0999309238,0.0535145371
178500.000000,0.1596828984,0.1595750199,0.1592696895,0.1587589163,0.1580398100,0.1570989913,0.1559352861,0.1545434770,0.1528936825,0.1509849840,0.1487867836,0.1462660475,0.1433876113,0.1400904182,0.1362962242,0.1318858843,0.1266683118,0.1202964859,0.1120651074,0.0999206391,0.0535122706
178560.000000,0.1596595339,0.1595516829,0.1592464302,0.1587357868,0.1580168628,0.1570762815,0.1559128686,0.1545214071,0.1528720214,0.1509637920,0.1487661264,0.1462459964,0.1433682431,0.1400718198,0.1362784955,0.1318691445,0.1266527113,0.1202822315,0.1120525183,0.0999103544,0.0535100040
178620.000000,0.1596362005,0.1595283770,0.1592232019,0.1587126881,0.1579939460,0.1570536019,0.1558904809,0.1544993663,0.1528503889,0.1509426278,0.1487454963,0.1462259714,0.1433489000,0.1400532455,0.1362607894,0.1318524259,0.1266371304,0.1202679949,0.1120399447,0.0999000821,0.0535077423
178680.000000,0.1596128672,0.1595050711,0.1591999736,0.1586895894,0.1579710293,0.1570309223,0.1558680931,0.1544773256,0.1528287564,0.1509214636,0.1487248662,0.1462059465,0.1433295569,0.1400346711,0.1362430834,0.1318357073,0.1266215496,0.1202537583,0.1120273711,0.0998898097,0.0535054806
178740.000000,0.1595895649,0.1594817962,0.1591767762,0.1586665215,0.1579481430,0.1570082728,0.1558457350,0.1544553139,0.1528071524,0.1509003273,0.1487042630,0.1461859477,0.1433102389,0.1400161207,0.1362254001,0.1318190101,0.1266059885,0.1202395395,0.1120148130,0.0998795498,0.0535032237
178800.000000,0.1595662626,0.1594585213,0.1591535789,0.1586434535,0.1579252567,0.1569856233,0.1558233768,0.1544333023,0.1527855484,0.1508791909,0.1486836599,0.1461659489,0.1432909209,0.1399975703,0.1362077168,0.1318023128,0.1265904273,0.1202253207,0.1120022549,0.0998692898,0.0535009668
178860.000000,0.1595429913,0.1594352774,0.1591304123,0.1586204162,0.1579024008,0.1569630037,0.1558010483,0.1544113197,0.1527639728,0.1508580823,0.1486630837,0.1461459761,0.1432716280,0.1399790438,0.1361900561,0.1317856368,0.1265748858,0.1202111196,0.1119897122,0.0998590422,0.0534987147
178920.000000,0.1595197200,0.1594120334,0.1591072458,0.1585973788,0.1578795449,0.1569403842,0.1557787197,0.1543893371,0.1527423972,0.1508369737,0.1486425075,0.1461260033,0.1432523350,0.1399605173,0.1361723955,0.1317689607,0.1265593442,0.1201969185,0.1119771695,0.0998487946,0.0534964626
178980.000000,0.1594964796,0.1593888204,0.1590841100,0.1585743721,0.1578567193,0.1569177946,0.1557564207,0.1543673835,0.1527208500,0.1508158927,0.1486219582,0.1461060565,0.1432330671,0.1399420147,0.1361547574,0.1317523059,0.1265438223,0.1201827351,0.1119646423,0.0998385593,0.0534942153
179040.000000,0.1594732393,0.1593656074,0.1590609742,0.1585513653,0.1578338937,0.1568952051,0.1557341216,0.1543454299,0.1526993028,0.1507948118,0.1486014089,0.1460861097,0.1432137991,0.1399235121,0.1361371194,0.1317356510,0.1265283003,0.1201685517,0.1119521150,0.0998283240,0.0534919679
179100.000000,0.1594500297,0.1593424251,0.1590378692,0.1585283891,0.1578110983,0.1568726454,0.1557118520,0.1543235052,0.1526777839,0.1507737585,0.1485808864,0.1460661889,0.1431945561,0.1399050333,0.1361195039,0.1317190174,0.1265127979,0.1201543860,0.1119396031,0.0998181009,0.0534897254
179160.000000,0.1594268202,0.1593192429,0.1590147641,0.1585054128,0.1577883029,0.1568500857,0.1556895824,0.1543015805,0.1526562650,0.1507527051,0.1485603640,0.1460462680,0.1431753131,0.1398865545,0.1361018884,0.1317023837,0.1264972955,0.1201402202,0.1119270912,0.0998078779,0.0534874828
179220.000000,0.1594036415,0.1592960915,0.1589916897,0.1584824670,0.1577655377,0.1568275558,0.1556673421,0.1542796847,0.1526347743,0.1507316794,0.1485398683,0.1460263731,0.1431560949,0.1398680995,0.1360842955,0.1316857711,0.1264818126,0.1201260721,0.1119145947,0.0997976672,0.0534852450
179280.000000,0.1593804628,0.1592729400,0.1589686152,0.1584595212,0.1577427725,0.1568050259,0.1556451019,0.1542577888,0.1526132837,0.1507106536,0.1485193726,0.1460064781,0.1431368768,0.1398496445,0.1360667025,0.1316691585,0.1264663297,0.1201119240,0.1119020981,0.0997874565,0.0534830071
179340.000000,0.1593573148,0.1592498192,0.1589455714,0.1584366058,0.1577200374,0.1567825258,0.1556228910,0.1542359218,0.1525918212,0.1506896553,0.1484989036,0.1459866090,0.1431176835,0.1398312132,0.1360491320,0.1316525670,0.1264508662,0.1200977935,0.1118896169,0.0997772580,0.0534807740
179400.000000,0.1593341669,0.1592266984,0.1589225275,0.1584136904,0.1576973023,0.1567600256,0.1556006801,0.1542140548,0.1525703588,0.1506686570,0.1484784346,0.1459667398,0.1430984902,0.1398127819,0.1360315616,0.1316359755,0.1264354028,0.1200836630,0.1118771356,0.0997670595,0.0534785409
179460.000000,0.1593110495,0.1592036083,0.1588995142,0.1583908053,0.1576745972,0.1567375552,0.1555784984,0.1541922165,0.1525489245,0.1506476862,0.1484579922,0.1459468965,0.1430793217,0.1397943743,0.1360140135,0.1316194050,0.1264199587,0.1200695500,0.1118646697,0.0997568732,0.0534763126
179520.000000,0.1592879322,0.1591805181,0.1588765008,0.1583679202,0.1576518921,0.1567150847,0.1555563167,0.1541703782,0.1525274901,0.1506267154,0.1484375499,0.1459270531,0.1430601532,0.1397759666,0.1359964654,0.1316028345,0.1264045147,0.1200554371,0.1118522037,0.0997466870,0.0534740842
179580.000000,0.1592648455,0.1591574585,0.1588535179,0.1583450653,0.1576292170,0.1566926439,0.1555341643,0.1541485686,0.1525060839,0.1506057719,0.1484171342,0.1459072355,0.1430410094,0.1397575826,0.1359789398,0.1315862850,0.1263890901,0.1200413416,0.1118397530,0.0997365129,0.0534718605
179640.000000,0.1592417588,0.1591343989,0.1588305350,0.1583222104,0.1576065419,0.1566702031,0.1555120118,0.1541267590,0.1524846776,0.1505848285,0.1483967184,0.1458874178,0.1430218656,0.1397391986,0.1359614141,0.1315697355,0.1263736654,0.1200272462,0.1118273023,0.0997263388,0.0534696368
179700.000000,0.1592187026,0.1591113698,0.1588075824,0.1582993857,0.1575838967,0.1566477918,0.1554898884,0.1541049779,0.1524632994,0.1505639124,0.1483763292,0.1458676258,0.1430027465,0.1397208382,0.1359439107,0.1315532069,0.1263582601,0.1200131682,0.1118148668,0.0997161769,0.0534674178
179760.000000,0.1591956464,0.1590883407,0.1587846299,0.1582765611,0.1575612516,0.1566253805,0.1554677651,0.1540831969,0.1524419212,0.1505429963,0.1483559401,0.1458478338,0.1429836274,0.1397024777,0.1359264074,0.1315366783,0.1263428548,0.1199990902,0.1118024313,0.0997060150,0.0534651989
179820.000000,0.1591726207,0.1590653420,0.1587617077,0.1582537665,0.1575386362,0.1566029988,0.1554456708,0.1540614445,0.1524205709,0.1505221074,0.1483355773,0.1458280674,0.1429645329,0.1396841408,0.1359089263,0.1315201706,0.1263274687,0.1199850297,0.1117900110,0.0996958653,0.0534629846
179880.000000,0.1591495950,0.1590423433,0.1587387854,0.1582309719,0.1575160209,0.1565806170,0.1554235765,0.1540396920,0.1523992206,0.1505012185,0.1483152146,0.1458083011,0.1429454384,0.1396658039,0.1358914452,0.1315036629,0.1263120827,0.1199709692,0.1117775907,0.0996857155,0.0534607703
179940.000000,0.1591265996,0.1590193750,0.1587158934,0.1582082074,0.1574934353,0.1565582646,0.1554015112,0.1540179681,0.1523778982,0.1504803569,0.1482948784,0.1457885602,0.1429263684,0.1396474904,0.1358739864,0.1314871761,0.1262967160,0.1199569260,0.1117651856,0.0996755779,0.0534585606
180000.000000,0.1591036043,0.1589964067,0.1586930015,0.1581854429,0.1574708498,0.1565359123,0.1553794459,0.1539962441,0.1523565758,0.1504594952,0.1482745421,0.1457688194,0.1429072985,0.1396291770,0.1358565275,0.1314706892,0.1262813492,0.1199428829,0.1117527804,0.0996654403,0.0534563510
180060.000000,0.1590806393,0.1589734686,0.1586701396,0.1581627083,0.1574482939,0.1565135893,0.1553574095,0.1539745485,0.1523352812,0.1504386607,0.1482542322,0.1457491041,0.1428882531,0.1396108869,0.1358390909,0.1314542232,0.1262660016,0.1199288572,0.1117403904,0.0996553148,0.0534541460
180120.000000,0.1590576743,0.1589505306,0.1586472778,0.1581399738,0.1574257381,0.1564912663,0.1553353732,0.1539528530,0.1523139867,0.1504178262,0.1482339223,0.1457293887,0.1428692077,0.1395925969,0.1358216542,0.1314377571,0.1262506541,0.1199148314,0.1117280004,0.0996451892,0.0534519410
180180.000000,0.1590347396,0.1589276228,0.1586244461,0.1581172692,0.1574032119,0.1564689727,0.1553133657,0.1539311858,0.1522927199,0.1503970188,0.1482136387,0.1457096989,0.1428501867,0.1395743302,0.1358042397,0.1314213118,0.1262353257,0.1199008230,0.1117156255,0.0996350758,0.0534497406
180240.000000,0.1590118048,0.1589047150,0.1586016144,0.1580945646,0.1573806857,0.1564466790,0.1552913582,0.1539095187,0.1522714531,0.1503762114,0.1481933551,0.1456900090,0.1428311658,0.1395560636,0.1357868252,0.1314048665,0.1262199974,0.1198868146,0.1117032505,0.0996249623,0.0534475403
180300.000000,0.1589889003,0.1588818373,0.1585788128,0.1580718898,0.1573581891,0.1564244145,0.1552693796,0.1538878798,0.1522502140,0.1503554310,0.1481730978,0.1456703445,0.1428121693,0.1395378202,0.1357694328,0.1313884419,0.1262046881,0.1198728235,0.1116908907,0.0996148609,0.0534453446
180360.000000,0.1589659958,0.1588589597,0.1585560111,0.1580492151,0.1573356925,0.1564021501,0.1552474009,0.1538662409,0.1522289749,0.1503346506,0.1481528404,0.1456506800,0.1427931727,0.1395195769,0.1357520404,0.1313720173,0.1261893789,0.1198588324,0.1116785308,0.0996047595,0.0534431488
180420.000000,0.1589431214,0.1588361121,0.1585332394,0.1580265701,0.1573132254,0.1563799149,0.1552254510,0.1538446303,0.1522077635,0.1503138972,0.1481326093,0.1456310408,0.1427742006,0.1395013568,0.1357346700,0.1313556134,0.1261740888,0.1198448585,0.1116661860,0.0995946701,0.0534409577
180480.000000,0.1589202470,0.1588132645,0.1585104678,0.1580039251,0.1572907583,0.1563576796,0.1552035011,0.1538230197,0.1521865521,0.1502931438,0.1481123782,0.1456114016,0.1427552284,0.1394831367,0.1357172997,0.1313392095,0.1261587986,0.1198308847,0.1116538412,0.0995845808,0.0534387666
180540.000000,0.1588974027,0.1587904470,0.1584877260,0.1579813099,0.1572683207,0.1563354735,0.1551815798,0.1538014373,0.1521653682,0.1502724173,0.1480921732,0.1455917878,0.1427362806,0.1394649399,0.1356999513,0.1313228262,0.1261435276,0.1198169280,0.1116415113,0.0995745034,0.0534365801
180600.000000,0.1588745584,0.1587676295,0.1584649843,0.1579586946,0.1572458831,0.1563132673,0.1551596586,0.1537798548,0.1521441844,0.1502516908,0.1480719682,0.1455721739,0.1427173327,0.1394467430,0.1356826029,0.1313064429,0.1261282565,0.1198029714,0.1116291815,0.0995644260,0.0534343935
180660.000000,0.1588517440,0.1587448419,0.1584422724,0.1579361091,0.1572234749,0.1562910902,0.1551377660,0.1537583005,0.1521230281,0.1502309912,0.1480517894,0.1455525852,0.1426984091,0.1394285694,0.1356652765,0.1312900802,0.1261130044,0.1197890320,0.1116168667,0.0995543606,0.0534322116
180720.000000,0.1588289297,0.1587220544,0.1584195605,0.1579135235,0.1572010667,0.1562689131,0.1551158734,0.1537367462,0.1521018718,0.1502102916,0.1480316105,0.1455329966,0.1426794855,0.1394103957,0.1356479501,0.1312737175,0.1260977524,0.1197750926,0.1116045518,0.0995442952,0.0534300297
180780.000000,0.1588061454,0.1586992967,0.1583968783,0.1578909675,0.1571786878,0.1562467651,0.1550940094,0.1537152200,0.1520807430,0.1501896188,0.1480114576,0.1455134331,0.1426605861,0.1393922451,0.1356306456,0.1312573754,0.1260825193,0.1197611703,0.1115922519,0.0995342418,0.0534278523
180840.000000,0.1587833610,0.1586765391,0.1583741962,0.1578684116,0.1571563089,0.1562246170,0.1550721454,0.1536936937,0.1520596142,0.1501689459,0.1479913048,0.1454938696,0.1426416867,0.1393740946,0.1356133411,0.1312410332,0.1260672862,0.1197472480,0.1115799520,0.0995241883,0.0534256749
180900.000000,0.1587606065,0.1586538113,0.1583515438,0.1578458851,0.1571339593,0.1562024978,0.1550503099,0.1536721955,0.1520385128,0.1501482998,0.1479711779,0.1454743313,0.1426228115,0.1393559671,0.1355960585,0.1312247116,0.1260520721,0.1197333429,0.1115676670,0.0995141468,0.0534235021
180960.000000,0.1587378520,0.1586310834,0.1583288915,0.1578233587,0.1571116097,0.1561803786,0.1550284743,0.1536506973,0.1520174114,0.1501276538,0.1479510511,0.1454547929,0.1426039363,0.1393378396,0.1355787759,0.1312083899,0.1260368580,0.1197194377,0.1115553820,0.0995041053,0.0534213293
181020.000000,0.1587151273,0.1586083854,0.1583062687,0.1578008617,0.1570892893,0.1561582883,0.1550066673,0.1536292270,0.1519963373,0.1501070344,0.1479309501,0.1454352796,0.1425850852,0.1393197352,0.1355615151,0.1311920887,0.1260216627,0.1197055497,0.1115431119,0.0994940757,0.0534191610
181080.000000,0.1586924027,0.1585856874,0.1582836460,0.1577783647,0.1570669689,0.1561361980,0.1549848602,0.1536077567,0.1519752633,0.1500864150,0.1479108492,0.1454157663,0.1425662340,0.1393016307,0.1355442543,0.1311757875,0.1260064675,0.1196916616,0.1115308418,0.0994840461,0.0534169927
181140.000000,0.1586697077,0.1585630190,0.1582610529,0.1577558972,0.1570446776,0.1561141365,0.1549630815,0.1535863143,0.1519542165,0.1500658222,0.1478907741,0.1453962781,0.1425474070,0.1392835493,0.1355270152,0.1311595067,0.1259912911,0.1196777906,0.1115185865,0.0994740284,0.0534148290
181200.000000,0.1586470128,0.1585403507,0.1582384597,0.1577334296,0.1570223864,0.1560920750,0.1549413028,0.1535648719,0.1519331698,0.1500452295,0.1478706991,0.1453767898,0.1425285799,0.1392654678,0.1355097762,0.1311432259,0.1259761147,0.1196639196,0.1115063312,0.0994640106,0.0534126653
181260.000000,0.1586243476,0.1585177120,0.1582158962,0.1577109914,0.1570001242,0.1560700423,0.1549195524,0.1535434573,0.1519121503,0.1500246633,0.1478506498,0.1453573265,0.1425097768,0.1392474093,0.1354925589,0.1311269655,0.1259609572,0.1196500656,0.1114940908,0.0994540048,0.0534105060
181320.000000,0.1586016823,0.1584950733,0.1581933326,0.1576885532,0.1569778621,0.1560480095,0.1548978021,0.1535220427,0.1518911308,0.1500040971,0.1478306006,0.1453378632,0.1424909738,0.1392293508,0.1354753416,0.1311107051,0.1259457996,0.1196362116,0.1114818503,0.0994439989,0.0534083468
181380.000000,0.1585790467,0.1584724642,0.1581707984,0.1576661443,0.1569556289,0.1560260054,0.1548760800,0.1535006559,0.1518701385,0.1499835574,0.1478105771,0.1453184248,0.1424721947,0.1392113151,0.1354581459,0.1310944650,0.1259306609,0.1196223746,0.1114696247,0.0994340049,0.0534061921
181440.000000,0.1585564111,0.1584498551,0.1581482643,0.1576437354,0.1569333958,0.1560040014,0.1548543579,0.1534792691,0.1518491461,0.1499630178,0.1477905536,0.1452989864,0.1424534156,0.1391932795,0.1354409503,0.1310782249,0.1259155221,0.1196085376,0.1114573990,0.0994240109,0.0534040374
181500.000000,0.1585338050,0.1584272755,0.1581257596,0.1576213557,0.1569111916,0.1559820259,0.1548326640,0.1534579100,0.1518281809,0.1499425046,0.1477705559,0.1452795729,0.1424346604,0.1391752666,0.1354237763,0.1310620051,0.1259004021,0.1195947175,0.1114451881,0.0994140286,0.0534018872
181560.000000,0.1585111990,0.1584046959,0.1581032549,0.1575989760,0.1568889874,0.1559600505,0.1548109701,0.1534365509,0.1518072158,0.1499219914,0.1477505581,0.1452601593,0.1424159052,0.1391572538,0.1354066024,0.1310457853,0.1258852821,0.1195808975,0.1114329772,0.0994040464,0.0533997369
181620.000000,0.1584886224,0.1583821458,0.1580807795,0.1575766254,0.1568668121,0.1559381036,0.1547893043,0.1534152194,0.1517862776,0.1499015046,0.1477305860,0.1452407706,0.1423971738,0.1391392638,0.1353894500,0.1310295857,0.1258701808,0.1195670943,0.1114207811,0.0993940760,0.0533975912
181680.000000,0.1584660458,0.1583595957,0.1580583042,0.1575542749,0.1568446368,0.1559161567,0.1547676385,0.1533938880,0.1517653395,0.1498810178,0.1477106139,0.1452213819,0.1423784425,0.1391212738,0.1353722976,0.1310133861,0.1258550795,0.1195532912,0.1114085849,0.0993841056,0.0533954455
181740.000000,0.1584434987,0.1583370750,0.1580358581,0.1575319535,0.1568224904,0.1558942383,0.1547460009,0.1533725841,0.1517444284,0.1498605573,0.1476906673,0.1452020179,0.1423597349,0.1391033065,0.1353551667,0.1309972068,0.1258399968,0.1195395049,0.1113964035,0.0993741469,0.0533933042
181800.000000,0.1584209516,0.1583145542,0.1580134120,0.1575096320,0.1568003440,0.1558723199,0.1547243632,0.1533512802,0.1517235173,0.1498400969,0.1476707208,0.1451826539,0.1423410274,0.1390853392,0.1353380359,0.1309810274,0.1258249142,0.1195257186,0.1113842220,0.0993641882,0.0533911629
181860.000000,0.1583984338,0.1582920628,0.1579909951,0.1574873396,0.1567782263,0.1558504300,0.1547027535,0.1533300039,0.1517026332,0.1498196627,0.1476507999,0.1451633146,0.1423223436,0.1390673946,0.1353209265,0.1309648682,0.1258098502,0.1195119492,0.1113720552,0.0993542413,0.0533890261
181920.000000,0.1583759161,0.1582695714,0.1579685783,0.1574650472,0.1567561086,0.1558285400,0.1546811439,0.1533087276,0.1516817490,0.1497992286,0.1476308789,0.1451439753,0.1423036598,0.1390494500,0.1353038172,0.1309487090,0.1257947862,0.1194981798,0.1113598884,0.0993442944,0.0533868892
181980.000000,0.1583534276,0.1582471093,0.1579461906,0.1574427838,0.1567340197,0.1558066784,0.1546595622,0.1532874787,0.1516608917,0.1497788207,0.1476109834,0.1451246607,0.1422849997,0.1390315281,0.1352867293,0.1309325700,0.1257797408,0.1194844272,0.1113477363,0.0993343592,0.0533847569
182040.000000,0.1583309392,0.1582246472,0.1579238028,0.1574205203,0.1567119307,0.1557848169,0.1546379805,0.1532662299,0.1516400345,0.1497584128,0.1475910879,0.1451053461,0.1422663396,0.1390136062,0.1352696414,0.1309164309,0.1257646953,0.1194706746,0.1113355841,0.0993244240,0.0533826245
182100.000000,0.1583084799,0.1582022142,0.1579014442,0.1573982858,0.1566898704,0.1557629836,0.1546164268,0.1532450084,0.1516192041,0.1497380310,0.1475712179,0.1450860561,0.1422477032,0.1389957068,0.1352525750,0.1309003119,0.1257496685,0.1194569388,0.1113234466,0.0993145005,0.0533804965
182160.000000,0.1582860207,0.1581797813,0.1578790856,0.1573760513,0.1566678101,0.1557411504,0.1545948730,0.1532237870,0.1515983737,0.1497176493,0.1475513479,0.1450667660,0.1422290668,0.1389778075,0.1352355085,0.1308841929,0.1257346416,0.1194432029,0.1113113091,0.0993045770,0.0533783686
182220.000000,0.1582635907,0.1581573775,0.1578567561,0.1573538456,0.1566457784,0.1557193454,0.1545733470,0.1532025929,0.1515775700,0.1496972937,0.1475315032,0.1450475005,0.1422104539,0.1389599307,0.1352184634,0.1308680939,0.1257196333,0.1194294838,0.1112991861,0.0992946651,0.0533762450
182280.000000,0.1582411607,0.1581349738,0.1578344265,0.1573316400,0.1566237467,0.1556975404,0.1545518211,0.1531813988,0.1515567664,0.1496769381,0.1475116586,0.1450282351,0.1421918411,0.1389420539,0.1352014183,0.1308519950,0.1257046249,0.1194157647,0.1112870632,0.0992847533,0.0533741215
182340.000000,0.1582187598,0.1581125991,0.1578121259,0.1573094631,0.1566017435,0.1556757636,0.1545303230,0.1531602320,0.1515359895,0.1496566086,0.1474918393,0.1450089941,0.1421732519,0.1389241996,0.1351843945,0.1308359160,0.1256896351,0.1194020624,0.1112749548,0.0992748531,0.0533720023
182400.000000,0.1581963589,0.1580902244,0.1577898253,0.1572872862,0.1565797403,0.1556539868,0.1545088248,0.1531390652,0.1515152126,0.1496362791,0.1474720199,0.1449897531,0.1421546626,0.1389063453,0.1351673707,0.1308198371,0.1256746452,0.1193883600,0.1112628464,0.0992649529,0.0533698832
182460.000000,0.1581739871,0.1580678787,0.1577675536,0.1572651380,0.1565577656,0.1556322381,0.1544873544,0.1531179257,0.1514944624,0.1496159756,0.1474522259,0.1449705365,0.1421360968,0.1388885135,0.1351503683,0.1308037780,0.1256596738,0.1193746743,0.1112507525,0.0992550644,0.0533677684
182520.000000,0.1581516152,0.1580455330,0.1577452819,0.1572429899,0.1565357909,0.1556104894,0.1544658840,0.1530967861,0.1514737122,0.1495956721,0.1474324319,0.1449513200,0.1421175311,0.1388706817,0.1351333658,0.1307877190,0.1256447023,0.1193609886,0.1112386587,0.0992451758,0.0533656537
182580.000000,0.1581292724,0.1580232163,0.1577230390,0.1572208704,0.1565138446,0.1555887689,0.1544444412,0.1530756738,0.1514529885,0.1495753946,0.1474126630,0.1449321278,0.1420989888,0.1388528722,0.1351163845,0.1307716799,0.1256297493,0.1193473195,0.1112265793,0.0992352988,0.0533635433
182640.000000,0.1581069295,0.1580008996,0.1577007962,0.1571987509,0.1564918983,0.1555670483,0.1544229985,0.1530545614,0.1514322649,0.1495551170,0.1473928942,0.1449129357,0.1420804465,0.1388350628,0.1350994033,0.1307556408,0.1256147963,0.1193336504,0.1112144999,0.0992254219,0.0533614329
182700.000000,0.1580846156,0.1579786118,0.1576785821,0.1571766600,0.1564699804,0.1555453557,0.1544015833,0.1530334762,0.1514115679,0.1495348654,0.1473731506,0.1448937679,0.1420619276,0.1388172758,0.1350824432,0.1307396216,0.1255998616,0.1193199980,0.1112024350,0.0992155565,0.0533593269
182760.000000,0.1580623017,0.1579563239,0.1576563681,0.1571545691,0.1564480625,0.1555236631,0.1543801682,0.1530123910,0.1513908708,0.1495146138,0.1473534069,0.1448746001,0.1420434087,0.1387994887,0.1350654831,0.1307236024,0.1255849270,0.1193063455,0.1111903701,0.0992056911,0.0533572209
182820.000000,0.1580400167,0.1579340649,0.1576341828,0.1571325068,0.1564261728,0.1555019985,0.1543587806,0.1529913328,0.1513702003,0.1494943880,0.1473336884,0.1448554566,0.1420249132,0.1387817240,0.1350485442,0.1307076030,0.1255700106,0.1192927096,0.1111783197,0.0991958373,0.0533551192
182880.000000,0.1580177316,0.1579118060,0.1576119974,0.1571104445,0.1564042831,0.1554803339,0.1543373930,0.1529702746,0.1513495297,0.1494741623,0.1473139699,0.1448363130,0.1420064176,0.1387639593,0.1350316053,0.1306916036,0.1255550943,0.1192790738,0.1111662692,0.0991859835,0.0533530176
182940.000000,0.1579954754,0.1578895758,0.1575898408,0.1570884106,0.1563824217,0.1554586972,0.1543160329,0.1529492435,0.1513288856,0.1494539623,0.1472942765,0.1448171938,0.1419879454,0.1387462168,0.1350146875,0.1306756240,0.1255401963,0.1192654544,0.1111542331,0.0991761412,0.0533509203
183000.000000,0.1579732192,0.1578673455,0.1575676841,0.1570663768,0.1563605603,0.1554370605,0.1542946729,0.1529282123,0.1513082415,0.1494337623,0.1472745830,0.1447980745,0.1419694732,0.1387284743,0.1349977697,0.1306596444,0.1255252982,0.1192518351,0.1111421971,0.0991662989,0.0533488230
183060.000000,0.1579509917,0.1578451440,0.1575455561,0.1570443714,0.1563387271,0.1554154517,0.1542733402,0.1529072082,0.1512876238,0.1494135881,0.1472549146,0.1447789794,0.1419510242,0.1387107541,0.1349808730,0.1306436846,0.1255104185,0.1192382322,0.1111301754,0.0991564681,0.0533467300
183120.000000,0.1579287643,0.1578229426,0.1575234280,0.1570223659,0.1563168938,0.1553938428,0.1542520075,0.1528862040,0.1512670061,0.1493934139,0.1472352461,0.1447598843,0.1419325753,0.1386930339,0.1349639762,0.1306277247,0.1254955387,0.1192246294,0.1111181537,0.0991466374,0.0533446370
183180.000000,0.1579065655,0.1578007697,0.1575013285,0.1570003889,0.1562950887,0.1553722617,0.1542307023,0.1528652267,0.1512464147,0.1493732654,0.1472156027,0.1447408134,0.1419141495,0.1386753358,0.1349471005,0.1306117846,0.1254806771,0.1192110430,0.1111061464,0.0991368181,0.0533425483
183240.000000,0.1578843667,0.1577785969,0.1574792290,0.1569784118,0.1562732835,0.1553506806,0.1542093970,0.1528442494,0.1512258234,0.1493531168,0.1471959592,0.1447217424,0.1418957238,0.1386576378,0.1349302248,0.1305958444,0.1254658155,0.1191974567,0.1110941391,0.0991269988,0.0533404596
183300.000000,0.1578621966,0.1577564526,0.1574571580,0.1569564631,0.1562515065,0.1553291273,0.1541881190,0.1528232989,0.1512052583,0.1493329940,0.1471763406,0.1447026955,0.1418773212,0.1386399618,0.1349133700,0.1305799240,0.1254509721,0.1191838867,0.1110821461,0.0991171910,0.0533383752
183360.000000,0.1578400264,0.1577343084,0.1574350869,0.1569345143,0.1562297294,0.1553075739,0.1541668411,0.1528023485,0.1511846932,0.1493128711,0.1471567221,0.1446836487,0.1418589187,0.1386222859,0.1348965153,0.1305640035,0.1254361288,0.1191703168,0.1110701531,0.0991073831,0.0533362909
183420.000000,0.1578178848,0.1577121926,0.1574130443,0.1569125938,0.1562079803,0.1552860482,0.1541455904,0.1527814248,0.1511641543,0.1492927738,0.1471371284,0.1446646259,0.1418405392,0.1386046321,0.1348796815,0.1305481027,0.1254213035,0.1191567633,0.1110581744,0.0990975868,0.0533342108
183480.000000,0.1577957433,0.1576900769,0.1573910017,0.1568906733,0.1561862312,0.1552645225,0.1541243397,0.1527605011,0.1511436155,0.1492726765,0.1471175347,0.1446456030,0.1418221598,0.1385869783,0.1348628477,0.1305322018,0.1254064783,0.1191432098,0.1110461957,0.0990877904,0.0533321307
183540.000000,0.1577736302,0.1576679897,0.1573689875,0.1568687810,0.1561645100,0.1552430245,0.1541031162,0.1527396042,0.1511231028,0.1492526047,0.1470979658,0.1446266042,0.1418038034,0.1385693465,0.1348460348,0.1305163206,0.1253916711,0.1191296726,0.1110342312,0.0990780054,0.0533300549
183600.000000,0.1577515171,0.1576459024,0.1573469733,0.1568468886,0.1561427889,0.1552215264,0.1540818927,0.1527187073,0.1511025901,0.1492325330,0.1470783969,0.1446076054,0.1417854470,0.1385517147,0.1348292218,0.1305004393,0.1253768640,0.1191161355,0.1110222668,0.0990682205,0.0533279791
183660.000000,0.1577294325,0.1576238436,0.1573249873,0.1568250244,0.1561210956,0.1552000559,0.1540606964,0.1526978370,0.1510821035,0.1492124867,0.1470588527,0.1445886305,0.1417671136,0.1385341049,0.1348124298,0.1304845776,0.1253620749,0.1191026147,0.1110103166,0.0990584469,0.0533259076
183720.000000,0.1577073479,0.1576017848,0.1573030014,0.1568031602,0.1560994023,0.1551785853,0.1540395001,0.1526769668,0.1510616169,0.1491924404,0.1470393086,0.1445696556,0.1417487803,0.1385164951,0.1347956377,0.1304687159,0.1253472858,0.1190890939,0.1109983664,0.0990486734,0.0533238360
183780.000000,0.1576852917,0.1575797543,0.1572810437,0.1567813241,0.1560777369,0.1551571423,0.1540183308,0.1526561231,0.1510411564,0.1491724195,0.1470197892,0.1445507046,0.1417304699,0.1384989073,0.1347788664,0.1304528737,0.1253325148,0.1190755894,0.1109864304,0.0990389112,0.0533217687
183840.000000,0.1576632355,0.1575577238,0.1572590860,0.1567594880,0.1560560714,0.1551356992,0.1539971616,0.1526352795,0.1510206959,0.1491523987,0.1470002697,0.1445317536,0.1417121595,0.1384813194,0.1347620952,0.1304370315,0.1253177438,0.1190620849,0.1109744944,0.0990291490,0.0533197015
183900.000000,0.1576412076,0.1575357216,0.1572371565,0.1567376799,0.1560344337,0.1551142836,0.1539760194,0.1526144624,0.1510002614,0.1491324032,0.1469807749,0.1445128264,0.1416938721,0.1384637535,0.1347453446,0.1304212088,0.1253029907,0.1190485967,0.1109625726,0.0990193982,0.0533176384
183960.000000,0.1576191797,0.1575137194,0.1572152270,0.1567158717,0.1560127960,0.1550928680,0.1539548772,0.1525936453,0.1509798269,0.1491124077,0.1469612802,0.1444938992,0.1416755846,0.1384461876,0.1347285941,0.1304053861,0.1252882377,0.1190351085,0.1109506508,0.0990096474,0.0533155754
184020.000000,0.1575971801,0.1574917455,0.1571933257,0.1566940916,0.1559911860,0.1550714798,0.1539337620,0.1525728548,0.1509594184,0.1490924375,0.1469418100,0.1444749959,0.1416573201,0.1384286435,0.1347118643,0.1303895828,0.1252735026,0.1190216365,0.1109387431,0.0989999079,0.0533135166
184080.000000,0.1575751804,0.1574697715,0.1571714243,0.1566723114,0.1559695760,0.1550500916,0.1539126467,0.1525520642,0.1509390098,0.1490724674,0.1469223398,0.1444560925,0.1416390555,0.1384110995,0.1346951346,0.1303737795,0.1252587675,0.1190081645,0.1109268355,0.0989901684,0.0533114578
184140.000000,0.1575532090,0.1574478258,0.1571495510,0.1566505591,0.1559479936,0.1550287307,0.1538915584,0.1525313001,0.1509186272,0.1490525225,0.1469028942,0.1444372129,0.1416208138,0.1383935772,0.1346784254,0.1303579956,0.1252440503,0.1189947087,0.1109149419,0.0989804402,0.0533094032
184200.000000,0.1575312376,0.1574258800,0.1571276777,0.1566288068,0.1559264113,0.1550073698,0.1538704701,0.1525105359,0.1508982445,0.1490325776,0.1468834485,0.1444183332,0.1416025720,0.1383760550,0.1346617163,0.1303422117,0.1252293332,0.1189812530,0.1109030484,0.0989707120,0.0533073486
184260.000000,0.1575092943,0.1574039623,0.1571058324,0.1566070824,0.1559048565,0.1549860361,0.1538494087,0.1524897982,0.1508778877,0.1490126579,0.1468640274,0.1443994773,0.1415843531,0.1383585545,0.1346450279,0.1303264472,0.1252146339,0.1189678134,0.1108911690,0.0989609951,0.0533052982
184320.000000,0.1574873511,0.1573820446,0.1570839871,0.1565853579,0.1558833017,0.1549647025,0.1538283472,0.1524690605,0.1508575309,0.1489927382,0.1468446063,0.1443806213,0.1415661341,0.1383410540,0.1346283394,0.1303106826,0.1251999346,0.1189543738,0.1108792895,0.0989512782,0.0533032478
184380.000000,0.1574654359,0.1573601550,0.1570621697,0.1565636613,0.1558617745,0.1549433960,0.1538073126,0.1524483491,0.1508371999,0.1489728437,0.1468252096,0.1443617890,0.1415479379,0.1383235753,0.1346116715,0.1302949374,0.1251852532,0.1189409503,0.1108674242,0.0989415726,0.0533012016
184440.000000,0.1574435208,0.1573382654,0.1570403524,0.1565419646,0.1558402472,0.1549220896,0.1537862780,0.1524276377,0.1508168689,0.1489529492,0.1468058129,0.1443429567,0.1415297417,0.1383060965,0.1345950036,0.1302791921,0.1251705718,0.1189275269,0.1108555588,0.0989318670,0.0532991554
184500.000000,0.1574216336,0.1573164038,0.1570185629,0.1565202956,0.1558187474,0.1549008103,0.1537652701,0.1524069526,0.1507965636,0.1489330798,0.1467864406,0.1443241480,0.1415115682,0.1382886394,0.1345783563,0.1302634662,0.1251559082,0.1189141196,0.1108437075,0.0989221726,0.0532971134
184560.000000,0.1573997465,0.1572945422,0.1569967735,0.1564986267,0.1557972477,0.1548795310,0.1537442622,0.1523862676,0.1507762583,0.1489132104,0.1467670684,0.1443053393,0.1414933947,0.1382711824,0.1345617089,0.1302477402,0.1251412446,0.1189007122,0.1108318561,0.0989124782,0.0532950714
184620.000000,0.1573778873,0.1572727085,0.1569750119,0.1564769854,0.1557757753,0.1548582788,0.1537232811,0.1523656087,0.1507559787,0.1488933660,0.1467477204,0.1442865542,0.1414752438,0.1382537470,0.1345450821,0.1302320335,0.1251265987,0.1188873210,0.1108200188,0.0989027950,0.0532930336
184680.000000,0.1573560282,0.1572508748,0.1569532503,0.1564553441,0.1557543029,0.1548370266,0.1537022999,0.1523449498,0.1507356991,0.1488735217,0.1467283725,0.1442677690,0.1414570929,0.1382363115,0.1345284553,0.1302163267,0.1251119529,0.1188739297,0.1108081815,0.0988931119,0.0532909957
184740.000000,0.1573341969,0.1572290690,0.1569315164,0.1564337304,0.1557328579,0.1548158014,0.1536813454,0.1523243171,0.1507154452,0.1488537023,0.1467090488,0.1442490074,0.1414389647,0.1382188977,0.1345118489,0.1302006392,0.1250973248,0.1188605545,0.1107963582,0.0988834399,0.0532889620
184800.000000,0.1573123657,0.1572072632,0.1569097826,0.1564121167,0.1557114129,0.1547945763,0.1536603908,0.1523036845,0.1506951912,0.1488338830,0.1466897252,0.1442302457,0.1414208364,0.1382014839,0.1344952426,0.1301849517,0.1250826967,0.1188471793,0.1107845348,0.0988737679,0.0532869284
184860.000000,0.1572905623,0.1571854853,0.1568880764,0.1563905305,0.1556899952,0.1547733781,0.1536394629,0.1522830779,0.1506749628,0.1488140886,0.1466704258,0.1442115075,0.1414027307,0.1381840916,0.1344786567,0.1301692833,0.1250680863,0.1188338201,0.1107727255,0.0988641072,0.0532848988
184920.000000,0.1572687589,0.1571637073,0.1568663703,0.1563689443,0.1556685775,0.1547521799,0.1536185349,0.1522624713,0.1506547345,0.1487942942,0.1466511264,0.1441927693,0.1413846250,0.1381666993,0.1344620707,0.1301536149,0.1250534759,0.1188204610,0.1107609161,0.0988544464,0.0532828693
184980.000000,0.1572469834,0.1571419571,0.1568446918,0.1563473857,0.1556471870,0.1547310086,0.1535976335,0.1522418908,0.1506345316,0.1487745247,0.1466318512,0.1441740545,0.1413665418,0.1381493285,0.1344455052,0.1301379656,0.1250388832,0.1188071178,0.1107491206,0.0988447967,0.0532808439
185040.000000,0.1572252078,0.1571202069,0.1568230134,0.1563258270,0.1556257965,0.1547098374,0.1535767321,0.1522213103,0.1506143287,0.1487547553,0.1466125760,0.1441553397,0.1413484585,0.1381319578,0.1344289396,0.1301223164,0.1250242905,0.1187937745,0.1107373252,0.0988351471,0.0532788185
185100.000000,0.1572034599,0.1570984844,0.1568013625,0.1563042957,0.1556044332,0.1546886930,0.1535558572,0.1522007559,0.1505941514,0.1487350106,0.1465933250,0.1441366482,0.1413303978,0.1381146085,0.1344123944,0.1301066862,0.1250097155,0.1187804473,0.1107255437,0.0988255086,0.0532767972
185160.000000,0.1571817121,0.1570767619,0.1567797116,0.1562827645,0.1555830699,0.1546675486,0.1535349822,0.1521802014,0.1505739740,0.1487152660,0.1465740739,0.1441179567,0.1413123371,0.1380972591,0.1343958492,0.1300910560,0.1249951404,0.1187671200,0.1107137621,0.0988158701,0.0532747759
185220.000000,0.1571599919,0.1570550670,0.1567580883,0.1562612606,0.1555617337,0.1546464310,0.1535141337,0.1521596729,0.1505538220,0.1486955462,0.1465548470,0.1440992886,0.1412942987,0.1380799312,0.1343793243,0.1300754449,0.1249805829,0.1187538087,0.1107019945,0.0988062428,0.0532727588
185280.000000,0.1571382718,0.1570333721,0.1567364650,0.1562397567,0.1555403976,0.1546253134,0.1534932852,0.1521391443,0.1505336700,0.1486758263,0.1465356201,0.1440806204,0.1412762604,0.1380626034,0.1343627994,0.1300598337,0.1249660254,0.1187404974,0.1106902268,0.0987966154,0.0532707416
185340.000000,0.1571165793,0.1570117049,0.1567148691,0.1562182802,0.1555190885,0.1546042225,0.1534724630,0.1521186417,0.1505135434,0.1486561312,0.1465164171,0.1440619755,0.1412582444,0.1380452968,0.1343462947,0.1300442416,0.1249514855,0.1187272020,0.1106784730,0.0987869991,0.0532687286
185400.000000,0.1570948867,0.1569900376,0.1566932733,0.1561968036,0.1554977794,0.1545831317,0.1534516409,0.1520981391,0.1504934168,0.1486364362,0.1464972142,0.1440433306,0.1412402285,0.1380279903,0.1343297901,0.1300286494,0.1249369456,0.1187139065,0.1106667192,0.0987773828,0.0532667155
185460.000000,0.1570732218,0.1569683979,0.1566717049,0.1561753543,0.1554764973,0.1545620676,0.1534308451,0.1520776623,0.1504733155,0.1486167658,0.1464780353,0.1440247089,0.1412222348,0.1380107051,0.1343133057,0.1300130762,0.1249224232,0.1187006269,0.1106549792,0.0987677776,0.0532647065
185520.000000,0.1570515568,0.1569467581,0.1566501365,0.1561539050,0.1554552152,0.1545410034,0.1534100492,0.1520571856,0.1504532143,0.1485970954,0.1464588564,0.1440060873,0.1412042412,0.1379934200,0.1342968212,0.1299975031,0.1249079009,0.1186873473,0.1106432392,0.0987581724,0.0532626976
185580.000000,0.1570299194,0.1569251459,0.1566285954,0.1561324829,0.1554339601,0.1545199659,0.1533892796,0.1520367346,0.1504331382,0.1485774497,0.1464397015,0.1439874887,0.1411862698,0.1379761561,0.1342803570,0.1299819488,0.1248933960,0.1186740836,0.1106315130,0.0987485782,0.0532606927
185640.000000,0.1570082819,0.1569035336,0.1566070544,0.1561110608,0.1554127050,0.1544989284,0.1533685101,0.1520162837,0.1504130622,0.1485578039,0.1464205465,0.1439688902,0.1411682985,0.1379588922,0.1342638927,0.1299663945,0.1248788911,0.1186608198,0.1106197868,0.0987389840,0.0532586878
185700.000000,0.1569866719,0.1568819488,0.1565855407,0.1560896658,0.1553914768,0.1544779175,0.1533477667,0.1519958584,0.1503930114,0.1485381828,0.1464014155,0.1439503148,0.1411503493,0.1379416495,0.1342474486,0.1299508592,0.1248644037,0.1186475719,0.1106080743,0.0987294009,0.0532566869
185760.000000,0.1569650619,0.1568603639,0.1565640269,0.1560682708,0.1553702485,0.1544569066,0.1533270233,0.1519754332,0.1503729606,0.1485185616,0.1463822844,0.1439317394,0.1411324002,0.1379244068,0.1342310045,0.1299353238,0.1248499163,0.1186343239,0.1105963619,0.0987198177,0.0532546861
185820.000000,0.1569434793,0.1568388064,0.1565425405,0.1560469030,0.1553490472,0.1544359223,0.1533063061,0.1519550337,0.1503529349,0.1484989650,0.1463631772,0.1439131870,0.1411144733,0.1379071854,0.1342145805,0.1299198073,0.1248354463,0.1186210917,0.1105846632,0.0987102456,0.0532526893
185880.000000,0.1569218967,0.1568172490,0.1565210540,0.1560255351,0.1553278458,0.1544149379,0.1532855888,0.1519346342,0.1503329093,0.1484793684,0.1463440700,0.1438946347,0.1410965463,0.1378899639,0.1341981565,0.1299042908,0.1248209763,0.1186078595,0.1105729645,0.0987006735,0.0532506926
185940.000000,0.1569003415,0.1567957188,0.1564995947,0.1560041942,0.1553066712,0.1543939800,0.1532648977,0.1519142603,0.1503129087,0.1484597963,0.1463249866,0.1438761053,0.1410786415,0.1378727637,0.1341817525,0.1298887930,0.1248065236,0.1185946430,0.1105612795,0.0986911123,0.0532486998
186000.000000,0.1568787862,0.1567741886,0.1564781355,0.1559828534,0.1552854966,0.1543730221,0.1532442066,0.1518938864,0.1502929082,0.1484402242,0.1463059032,0.1438575760,0.1410607367,0.1378555634,0.1341653485,0.1298732953,0.1247920710,0.1185814266,0.1105495945,0.0986815512,0.0532467071
186060.000000,0.1568572582,0.1567526857,0.1564567034,0.1559615395,0.1552643488,0.1543520906,0.1532235415,0.1518735381,0.1502729327,0.1484206766,0.1462868436,0.1438390696,0.1410428540,0.1378383842,0.1341489646,0.1298578164,0.1247776358,0.1185682258,0.1105379232,0.0986720010,0.0532447184
186120.000000,0.1568357303,0.1567311827,0.1564352712,0.1559402256,0.1552432009,0.1543311592,0.1532028764,0.1518531898,0.1502529572,0.1484011289,0.1462677839,0.1438205633,0.1410249713,0.1378212050,0.1341325807,0.1298423375,0.1247632005,0.1185550250,0.1105262519,0.0986624508,0.0532427297
186180.000000,0.1568142295,0.1567097070,0.1564138662,0.1559189387,0.1552220797,0.1543102541,0.1531822373,0.1518328671,0.1502330067,0.1483816057,0.1462487480,0.1438020799,0.1410071107,0.1378040469,0.1341162167,0.1298268772,0.1247487826,0.1185418399,0.1105145943,0.0986529116,0.0532407450
186240.000000,0.1567927288,0.1566882313,0.1563924612,0.1558976517,0.1552009586,0.1542893490,0.1531615982,0.1518125443,0.1502130562,0.1483620824,0.1462297120,0.1437835964,0.1409892500,0.1377868888,0.1340998527,0.1298114170,0.1247343647,0.1185286548,0.1105029366,0.0986433723,0.0532387604
186300.000000,0.1567712552,0.1566667827,0.1563710832,0.1558763916,0.1551798640,0.1542684702,0.1531409850,0.1517922470,0.1501931306,0.1483425835,0.1462106997,0.1437651359,0.1409714114,0.1377697517,0.1340835087,0.1297959755,0.1247199640,0.1185154854,0.1104912926,0.0986338440,0.0532367797
186360.000000,0.1567497816,0.1566453340,0.1563497052,0.1558551315,0.1551587695,0.1542475914,0.1531203718,0.1517719497,0.1501732051,0.1483230846,0.1461916874,0.1437466753,0.1409535727,0.1377526146,0.1340671646,0.1297805340,0.1247055634,0.1185023159,0.1104796486,0.0986243157,0.0532347990
186420.000000,0.1567283352,0.1566239125,0.1563283542,0.1558338982,0.1551377015,0.1542267389,0.1530997845,0.1517516779,0.1501533045,0.1483036100,0.1461726988,0.1437282376,0.1409357560,0.1377354986,0.1340508405,0.1297651112,0.1246911800,0.1184891621,0.1104680182,0.0986147982,0.0532328224
186480.000000,0.1567068887,0.1566024910,0.1563070031,0.1558126649,0.1551166335,0.1542058863,0.1530791972,0.1517314060,0.1501334038,0.1482841353,0.1461537101,0.1437097999,0.1409179394,0.1377183825,0.1340345163,0.1297496883,0.1246767966,0.1184760082,0.1104563878,0.0986052808,0.0532308457
186540.000000,0.1566854693,0.1565810965,0.1562856790,0.1557914584,0.1550955920,0.1541850600,0.1530586358,0.1517111595,0.1501135280,0.1482646850,0.1461347450,0.1436913849,0.1409001446,0.1377012873,0.1340182120,0.1297342841,0.1246624304,0.1184628700,0.1104447710,0.0985957743,0.0532288730
186600.000000,0.1566640499,0.1565597020,0.1562643549,0.1557702519,0.1550745506,0.1541642337,0.1530380743,0.1516909131,0.1500936522,0.1482452346,0.1461157798,0.1436729700,0.1408823498,0.1376841922,0.1340019077,0.1297188799,0.1246480642,0.1184497317,0.1104331542,0.0985862677,0.0532269003
186660.000000,0.1566426575,0.1565383344,0.1562430577,0.1557490720,0.1550535356,0.1541434335,0.1530175386,0.1516706919,0.1500738012,0.1482258084,0.1460968382,0.1436545778,0.1408645769,0.1376671179,0.1339856233,0.1297034942,0.1246337152,0.1184366089,0.1104215509,0.0985767720,0.0532249316
186720.000000,0.1566212651,0.1565169669,0.1562217605,0.1557278922,0.1550325206,0.1541226334,0.1529970029,0.1516504708,0.1500539502,0.1482063822,0.1460778966,0.1436361856,0.1408468041,0.1376500437,0.1339693388,0.1296881086,0.1246193662,0.1184234862,0.1104099476,0.0985672764,0.0532229629
186780.000000,0.1565998996,0.1564956263,0.1562004900,0.1557067390,0.1550115320,0.1541018593,0.1529764929,0.1516302749,0.1500341240,0.1481869802,0.1460589785,0.1436178161,0.1408290530,0.1376329903,0.1339530741,0.1296727415,0.1246050344,0.1184103790,0.1103983579,0.0985577915,0.0532209982
186840.000000,0.1565785342,0.1564742856,0.1561792196,0.1556855858,0.1549905434,0.1540810852,0.1529559830,0.1516100790,0.1500142977,0.1481675781,0.1460400603,0.1435994466,0.1408113019,0.1376159369,0.1339368094,0.1296573744,0.1245907026,0.1183972718,0.1103867681,0.0985483067,0.0532190335
186900.000000,0.1565571956,0.1564529719,0.1561579759,0.1556644592,0.1549695811,0.1540603372,0.1529354987,0.1515899083,0.1499944962,0.1481482002,0.1460211656,0.1435810997,0.1407935726,0.1375989044,0.1339205644,0.1296420258,0.1245763878,0.1183841801,0.1103751919,0.0985388326,0.0532170727
186960.000000,0.1565358570,0.1564316581,0.1561367323,0.1556433326,0.1549486189,0.1540395892,0.1529150144,0.1515697377,0.1499746946,0.1481288223,0.1460022708,0.1435627529,0.1407758434,0.1375818718,0.1339043194,0.1296266773,0.1245620731,0.1183710883,0.1103636156,0.0985293586,0.0532151119
187020.000000,0.1565145453,0.1564103711,0.1561155153,0.1556222325,0.1549276829,0.1540188671,0.1528945557,0.1515495922,0.1499549177,0.1481094684,0.1459833995,0.1435444286,0.1407581358,0.1375648600,0.1338880942,0.1296113472,0.1245477754,0.1183580121,0.1103520528,0.0985198954,0.0532131551
187080.000000,0.1564932336,0.1563890841,0.1560942983,0.1556011324,0.1549067470,0.1539981451,0.1528740970,0.1515294467,0.1499351408,0.1480901145,0.1459645281,0.1435261043,0.1407404283,0.1375478483,0.1338718689,0.1295960171,0.1245334778,0.1183449358,0.1103404900,0.0985104321,0.0532111982
187140.000000,0.1564719486,0.1563678239,0.1560731080,0.1555800588,0.1548858373,0.1539774490,0.1528536638,0.1515093263,0.1499153885,0.1480707846,0.1459456800,0.1435078026,0.1407227424,0.1375308572,0.1338556633,0.1295807054,0.1245191972,0.1183318749,0.1103289407,0.0985009797,0.0532092453
187200.000000,0.1564506637,0.1563465637,0.1560519177,0.1555589852,0.1548649275,0.1539567529,0.1528332307,0.1514892059,0.1498956362,0.1480514547,0.1459268320,0.1434895009,0.1407050566,0.1375138661,0.1338394576,0.1295653937,0.1245049166,0.1183188141,0.1103173914,0.0984915272,0.0532072924
187260.000000,0.1564294055,0.1563253301,0.1560307539,0.1555379380,0.1548440440,0.1539360827,0.1528128231,0.1514691106,0.1498759084,0.1480321487,0.1459080072,0.1434712217,0.1406873924,0.1374968958,0.1338232716,0.1295501004,0.1244906530,0.1183057686,0.1103058555,0.0984820855,0.0532053434
187320.000000,0.1564081472,0.1563040966,0.1560095902,0.1555168908,0.1548231605,0.1539154124,0.1527924155,0.1514490153,0.1498561806,0.1480128428,0.1458891825,0.1434529425,0.1406697282,0.1374799254,0.1338070856,0.1295348072,0.1244763894,0.1182927232,0.1102943196,0.0984726438,0.0532033944
187380.000000,0.1563869157,0.1562828897,0.1559884530,0.1554958700,0.1548023031,0.1538947681,0.1527720333,0.1514289450,0.1498364773,0.1479935607,0.1458703809,0.1434346858,0.1406520856,0.1374629757,0.1337909192,0.1295195323,0.1244621428,0.1182796931,0.1102827970,0.0984632128,0.0532014494
187440.000000,0.1563656841,0.1562616828,0.1559673158,0.1554748492,0.1547814457,0.1538741237,0.1527516511,0.1514088747,0.1498167741,0.1479742787,0.1458515793,0.1434164291,0.1406344431,0.1374460260,0.1337747528,0.1295042574,0.1244478962,0.1182666630,0.1102712745,0.0984537819,0.0531995043
187500.000000,0.1563444792,0.1562405025,0.1559462050,0.1554538547,0.1547606144,0.1538535051,0.1527312944,0.1513888294,0.1497970952,0.1479550205,0.1458328010,0.1433981947,0.1406168220,0.1374290969,0.1337586059,0.1294890008,0.1244336665,0.1182536482,0.1102597654,0.0984443616,0.0531975631
187560.000000,0.1563232742,0.1562193221,0.1559250943,0.1554328602,0.1547397831,0.1538328864,0.1527109376,0.1513687841,0.1497774164,0.1479357623,0.1458140226,0.1433799604,0.1405992010,0.1374121678,0.1337424590,0.1294737442,0.1244194369,0.1182406335,0.1102482562,0.0984349413,0.0531956219
187620.000000,0.1563020959,0.1561981683,0.1559040100,0.1554118920,0.1547189778,0.1538122936,0.1526906062,0.1513487636,0.1497577620,0.1479165279,0.1457952674,0.1433617485,0.1405816015,0.1373952593,0.1337263316,0.1294585059,0.1244052241,0.1182276340,0.1102367604,0.0984255318,0.0531936846
187680.000000,0.1562809175,0.1561770145,0.1558829257,0.1553909237,0.1546981726,0.1537917007,0.1526702748,0.1513287432,0.1497381075,0.1478972935,0.1457765121,0.1433435365,0.1405640020,0.1373783508,0.1337102042,0.1294432676,0.1243910114,0.1182146345,0.1102252646,0.0984161222,0.0531917474
187740.000000,0.1562597656,0.1561558872,0.1558618678,0.1553699817,0.1546773932,0.1537711335,0.1526499687,0.1513087477,0.1497184774,0.1478780829,0.1457577800,0.1433253469,0.1405464240,0.1373614628,0.1336940963,0.1294280476,0.1243768155,0.1182016504,0.1102137821,0.0984067233,0.0531898140
187800.000000,0.1562386137,0.1561347599,0.1558408099,0.1553490397,0.1546566139,0.1537505663,0.1526296626,0.1512887521,0.1496988473,0.1478588723,0.1457390478,0.1433071573,0.1405288460,0.1373445748,0.1336779883,0.1294128276,0.1243626196,0.1181886662,0.1102022996,0.0983973244,0.0531878805
187860.000000,0.1562174883,0.1561136589,0.1558197782,0.1553281238,0.1546358606,0.1537300247,0.1526093817,0.1512687814,0.1496792416,0.1478396853,0.1457203387,0.1432889899,0.1405112894,0.1373277072,0.1336618998,0.1293976258,0.1243484406,0.1181756972,0.1101908304,0.0983879362,0.0531859510
187920.000000,0.1561963629,0.1560925580,0.1557987466,0.1553072079,0.1546151072,0.1537094831,0.1525891009,0.1512488106,0.1496596358,0.1478204984,0.1457016296,0.1432708226,0.1404937328,0.1373108397,0.1336458113,0.1293824239,0.1243342616,0.1181627283,0.1101793612,0.0983785480,0.0531840215
187980.000000,0.1561752638,0.1560714835,0.1557777413,0.1552863181,0.1545943797,0.1536889670,0.1525688452,0.1512288646,0.1496400542,0.1478013351,0.1456829434,0.1432526775,0.1404761976,0.1372939926,0.1336297421,0.1293672403,0.1243200994,0.1181497746,0.1101679053,0.0983691703,0.0531820958
188040.000000,0.1561541648,0.1560504089,0.1557567359,0.1552654283,0.1545736521,0.1536684510,0.1525485896,0.1512089186,0.1496204727,0.1477821718,0.1456642573,0.1432345324,0.1404586625,0.1372771456,0.1336136730,0.1293520567,0.1243059371,0.1181368208,0.1101564494,0.0983597927,0.0531801701
188100.000000,0.1561330921,0.1560293607,0.1557357568,0.1552445646,0.1545529504,0.1536479605,0.1525283591,0.1511889974,0.1496009153,0.1477630322,0.1456455941,0.1432164095,0.1404411486,0.1372603189,0.1335976232,0.1293368912,0.1242917917,0.1181238823,0.1101450067,0.0983504257,0.0531782483
188160.000000,0.1561120195,0.1560083124,0.1557147777,0.1552237009,0.1545322487,0.1536274700,0.1525081286,0.1511690761,0.1495813579,0.1477438925,0.1456269309,0.1431982866,0.1404236348,0.1372434922,0.1335815734,0.1293217257,0.1242776463,0.1181109437,0.1101335640,0.0983410587,0.0531763264
188220.000000,0.1560909731,0.1559872904,0.1556938247,0.1552028631,0.1545115728,0.1536070050,0.1524879231,0.1511491795,0.1495618247,0.1477247764,0.1456082906,0.1431801858,0.1404061422,0.1372266859,0.1335655429,0.1293065783,0.1242635176,0.1180980203,0.1101221345,0.0983317023,0.0531744084
188280.000000,0.1560699267,0.1559662684,0.1556728717,0.1551820254,0.1544908969,0.1535865399,0.1524677177,0.1511292828,0.1495422915,0.1477056603,0.1455896503,0.1431620851,0.1403886497,0.1372098796,0.1335495125,0.1292914309,0.1242493889,0.1180850970,0.1101107050,0.0983223459,0.0531724904
188340.000000,0.1560489065,0.1559452727,0.1556519448,0.1551612136,0.1544702466,0.1535661003,0.1524475374,0.1511094108,0.1495227824,0.1476865677,0.1455710329,0.1431440064,0.1403711784,0.1371930936,0.1335335012,0.1292763016,0.1242352769,0.1180721887,0.1100992887,0.0983130001,0.0531705762
188400.000000,0.1560278863,0.1559242769,0.1556310179,0.1551404018,0.1544495964,0.1535456606,0.1524273570,0.1510895388,0.1495032733,0.1476674752,0.1455524155,0.1431259278,0.1403537071,0.1371763076,0.1335174900,0.1292611723,0.1242211649,0.1180592804,0.1100878724,0.0983036543,0.0531686621
188460.000000,0.1560068924,0.1559033072,0.1556101171,0.1551196158,0.1544289718,0.1535252464,0.1524072016,0.1510696914,0.1494837883,0.1476484060,0.1455338208,0.1431078712,0.1403362571,0.1371595419,0.1335014980,0.1292460611,0.1242070697,0.1180463872,0.1100764693,0.0982943190,0.0531667517
188520.000000,0.1559858984,0.1558823376,0.1555892163,0.1550988299,0.1544083472,0.1535048321,0.1523870462,0.1510498439,0.1494643032,0.1476293369,0.1455152262,0.1430898145,0.1403188070,0.1371427762,0.1334855060,0.1292309498,0.1241929744,0.1180334941,0.1100650662,0.0982849837,0.0531648413
188580.000000,0.1559649305,0.1558613940,0.1555683414,0.1550780698,0.1543877483,0.1534844431,0.1523669158,0.1510300210,0.1494448422,0.1476102912,0.1454966543,0.1430717800,0.1403013782,0.1371260308,0.1334695332,0.1292158565,0.1241788957,0.1180206160,0.1100536762,0.0982756589,0.0531629348
188640.000000,0.1559439627,0.1558404505,0.1555474666,0.1550573097,0.1543671493,0.1534640541,0.1523467854,0.1510101980,0.1494253811,0.1475912455,0.1454780824,0.1430537454,0.1402839493,0.1371092853,0.1334535604,0.1292007633,0.1241648171,0.1180077379,0.1100422862,0.0982663342,0.0531610282
188700.000000,0.1559230209,0.1558195330,0.1555266177,0.1550365754,0.1543465759,0.1534436904,0.1523266798,0.1509903996,0.1494059440,0.1475722232,0.1454595333,0.1430357328,0.1402665416,0.1370925600,0.1334376068,0.1291856880,0.1241507550,0.1179948748,0.1100309093,0.0982570199,0.0531591255
188760.000000,0.1559020791,0.1557986155,0.1555057688,0.1550158411,0.1543260025,0.1534233267,0.1523065743,0.1509706011,0.1493865069,0.1475532009,0.1454409841,0.1430177201,0.1402491338,0.1370758348,0.1334216531,0.1291706127,0.1241366930,0.1179820117,0.1100195324,0.0982477057,0.0531572227
188820.000000,0.1558811634,0.1557777239,0.1554849458,0.1549951325,0.1543054546,0.1534029882,0.1522864936,0.1509508270,0.1493670937,0.1475342019,0.1454224576,0.1429997294,0.1402317472,0.1370591297,0.1334057186,0.1291555553,0.1241226475,0.1179691636,0.1100081686,0.0982384019,0.0531553237
188880.000000,0.1558602476,0.1557568324,0.1554641228,0.1549744240,0.1542849066,0.1533826497,0.1522664129,0.1509310529,0.1493476805,0.1475152029,0.1454039311,0.1429817387,0.1402143605,0.1370424246,0.1333897840,0.1291404979,0.1241086021,0.1179563156,0.1099968048,0.0982290982,0.0531534247
188940.000000,0.1558393578,0.1557359668,0.1554433257,0.1549537411,0.1542643842,0.1533623363,0.1522463570,0.1509113032,0.1493282911,0.1474962271,0.1453854273,0.1429637699,0.1401969949,0.1370257396,0.1333738685,0.1291254585,0.1240945732,0.1179434825,0.1099854541,0.0982198049,0.0531515295
189000.000000,0.1558184680,0.1557151012,0.1554225285,0.1549330581,0.1542438617,0.1533420230,0.1522263010,0.1508915535,0.1493089018,0.1474772514,0.1453669234,0.1429458011,0.1401796293,0.1370090546,0.1333579531,0.1291104190,0.1240805443,0.1179306494,0.1099741033,0.0982105116,0.0531496343
189060.000000,0.1557976042,0.1556942615,0.1554017571,0.1549124009,0.1542233646,0.1533217347,0.1522062699,0.1508718281,0.1492895363,0.1474582989,0.1453484421,0.1429278541,0.1401622847,0.1369923897,0.1333420567,0.1290953974,0.1240665319,0.1179178313,0.1099627656,0.0982012288,0.0531477429
189120.000000,0.1557767403,0.1556734218,0.1553809857,0.1548917436,0.1542028676,0.1533014465,0.1521862387,0.1508521027,0.1492701707,0.1474393464,0.1453299608,0.1429099072,0.1401449401,0.1369757248,0.1333261602,0.1290803758,0.1240525195,0.1179050131,0.1099514279,0.0981919460,0.0531458514
189180.000000,0.1557559023,0.1556526079,0.1553602401,0.1548711119,0.1541823958,0.1532811833,0.1521662322,0.1508324016,0.1492508289,0.1474204171,0.1453115020,0.1428919820,0.1401276165,0.1369590799,0.1333102828,0.1290653720,0.1240385236,0.1178922099,0.1099401032,0.0981826736,0.0531439637
189240.000000,0.1557350643,0.1556317941,0.1553394944,0.1548504802,0.1541619241,0.1532609201,0.1521462257,0.1508127004,0.1492314872,0.1474014878,0.1452930433,0.1428740568,0.1401102929,0.1369424351,0.1332944054,0.1290503682,0.1240245277,0.1178794067,0.1099287786,0.0981734012,0.0531420760
189300.000000,0.1557142521,0.1556110060,0.1553187745,0.1548298740,0.1541414777,0.1532406819,0.1521262439,0.1507930235,0.1492121691,0.1473825816,0.1452746070,0.1428561534,0.1400929902,0.1369258102,0.1332785469,0.1290353822,0.1240105483,0.1178666183,0.1099174669,0.0981641392,0.0531401921
189360.000000,0.1556934399,0.1555902178,0.1552980545,0.1548092678,0.1541210313,0.1532204437,0.1521062621,0.1507733466,0.1491928510,0.1473636755,0.1452561707,0.1428382499,0.1400756875,0.1369091853,0.1332626884,0.1290203962,0.1239965688,0.1178538300,0.1099061552,0.0981548772,0.0531383081
189420.000000,0.1556726535,0.1555694555,0.1552773602,0.1547886871,0.1541006101,0.1532002304,0.1520863048,0.1507536938,0.1491735566,0.1473447924,0.1452377569,0.1428203682,0.1400584057,0.1368925804,0.1332468489,0.1290054280,0.1239826058,0.1178410565,0.1098948564,0.0981456256,0.0531364279
189480.000000,0.1556518670,0.1555486931,0.1552566658,0.1547681063,0.1540801889,0.1531800172,0.1520663476,0.1507340410,0.1491542622,0.1473259093,0.1452193430,0.1428024865,0.1400411239,0.1368759755,0.1332310093,0.1289904597,0.1239686428,0.1178282831,0.1098835577,0.0981363740,0.0531345477
189540.000000,0.1556311063,0.1555279564,0.1552359971,0.1547475510,0.1540597929,0.1531598288,0.1520464149,0.1507144124,0.1491349914,0.1473070493,0.1452009516,0.1427846264,0.1400238629,0.1368593905,0.1332151887,0.1289755092,0.1239546961,0.1178155244,0.1098722719,0.0981271328,0.0531326712
189600.000000,0.1556103455,0.1555072197,0.1552153283,0.1547269957,0.1540393969,0.1531396405,0.1520264821,0.1506947837,0.1491157206,0.1472881892,0.1451825601,0.1427667664,0.1400066019,0.1368428056,0.1331993680,0.1289605587,0.1239407495,0.1178027658,0.1098609861,0.0981178916,0.0531307947
189660.000000,0.1555896105,0.1554865086,0.1551946850,0.1547064658,0.1540190260,0.1531194770,0.1520065739,0.1506751792,0.1490964734,0.1472693522,0.1451641910,0.1427489279,0.1399893618,0.1368262405,0.1331835662,0.1289456259,0.1239268192,0.1177900220,0.1098497132,0.0981086607,0.0531289219
189720.000000,0.1555688754,0.1554657975,0.1551740418,0.1546859358,0.1539986552,0.1530993135,0.1519866657,0.1506555746,0.1490772262,0.1472505152,0.1451458219,0.1427310895,0.1399721216,0.1368096754,0.1331677644,0.1289306930,0.1239128889,0.1177772781,0.1098384403,0.0980994298,0.0531270491
189780.000000,0.1555481659,0.1554451120,0.1551534240,0.1546654312,0.1539783094,0.1530791748,0.1519667819,0.1506359940,0.1490580025,0.1472317011,0.1451274751,0.1427132726,0.1399549022,0.1367931301,0.1331519814,0.1289157779,0.1238989750,0.1177645491,0.1098271803,0.0980902093,0.0531251800
189840.000000,0.1555274564,0.1554244265,0.1551328063,0.1546449266,0.1539579636,0.1530590360,0.1519468982,0.1506164134,0.1490387788,0.1472128870,0.1451091284,0.1426954558,0.1399376828,0.1367765848,0.1331361984,0.1289008627,0.1238850610,0.1177518200,0.1098159202,0.0980809888,0.0531233109
189900.000000,0.1555067725,0.1554037665,0.1551122139,0.1546244472,0.1539376429,0.1530389221,0.1519270388,0.1505968569,0.1490195786,0.1471940958,0.1450908038,0.1426776604,0.1399204841,0.1367600594,0.1331204342,0.1288859651,0.1238711634,0.1177391057,0.1098046731,0.0980717785,0.0531214455
189960.000000,0.1554860886,0.1553831065,0.1550916216,0.1546039678,0.1539173222,0.1530188081,0.1519071794,0.1505773003,0.1490003783,0.1471753046,0.1450724793,0.1426598651,0.1399032854,0.1367435339,0.1331046700,0.1288710675,0.1238572657,0.1177263914,0.1097934260,0.0980625683,0.0531195801
190020.000000,0.1554654301,0.1553624719,0.1550710546,0.1545835137,0.1538970264,0.1529987189,0.1518873443,0.1505577676,0.1489812015,0.1471565363,0.1450541770,0.1426420912,0.1398861074,0.1367270282,0.1330889245,0.1288561876,0.1238433843,0.1177136918,0.1097821916,0.0980533684,0.0531177184
190080.000000,0.1554447717,0.1553418374,0.1550504876,0.1545630595,0.1538767307,0.1529786296,0.1518675093,0.1505382349,0.1489620247,0.1471377680,0.1450358747,0.1426243174,0.1398689293,0.1367105225,0.1330731790,0.1288413076,0.1238295029,0.1177009922,0.1097709573,0.0980441685,0.0531158567
190140.000000,0.1554241387,0.1553212282,0.1550299460,0.1545426305,0.1538564599,0.1529585650,0.1518476986,0.1505187261,0.1489428713,0.1471190225,0.1450175945,0.1426065650,0.1398517720,0.1366940366,0.1330574522,0.1288264451,0.1238156377,0.1176883073,0.1097597358,0.0980349788,0.0531139987
190200.000000,0.1554035057,0.1553006191,0.1550094043,0.1545222015,0.1538361891,0.1529385004,0.1518278878,0.1504992173,0.1489237179,0.1471002770,0.1449993144,0.1425888126,0.1398346146,0.1366775506,0.1330417254,0.1288115827,0.1238017725,0.1176756224,0.1097485143,0.0980257892,0.0531121406
190260.000000,0.1553828981,0.1552800354,0.1549888879,0.1545017976,0.1538159432,0.1529184604,0.1518081013,0.1504797323,0.1489045878,0.1470815542,0.1449810564,0.1425710816,0.1398174778,0.1366610843,0.1330260173,0.1287967378,0.1237879236,0.1176629521,0.1097373056,0.0980166098,0.0531102862
190320.000000,0.1553622906,0.1552594516,0.1549683715,0.1544813938,0.1537956973,0.1528984204,0.1517883148,0.1504602474,0.1488854577,0.1470628315,0.1449627984,0.1425533506,0.1398003410,0.1366446180,0.1330103092,0.1287818929,0.1237740746,0.1176502819,0.1097260969,0.0980074304,0.0531084318
190380.000000,0.1553417083,0.1552388931,0.1549478803,0.1544610149,0.1537754762,0.1528784049,0.1517685525,0.1504407862,0.1488663509,0.1470441315,0.1449445625,0.1425356410,0.1397832248,0.1366281714,0.1329946197,0.1287670654,0.1237602418,0.1176376263,0.1097149010,0.0979982612,0.0531065811
190440.000000,0.1553211261,0.1552183347,0.1549273892,0.1544406361,0.1537552551,0.1528583895,0.1517487902,0.1504213250,0.1488472441,0.1470254315,0.1449263265,0.1425179314,0.1397661085,0.1366117247,0.1329789302,0.1287522380,0.1237464090,0.1176249707,0.1097037050,0.0979890920,0.0531047304
190500.000000,0.1553005691,0.1551978015,0.1549069231,0.1544202823,0.1537350588,0.1528383985,0.1517290520,0.1504018875,0.1488281606,0.1470067541,0.1449081126,0.1425002431,0.1397490128,0.1365952977,0.1329632593,0.1287374280,0.1237325923,0.1176123297,0.1096925218,0.0979799331,0.0531028833
190560.000000,0.1552800122,0.1551772683,0.1548864571,0.1543999284,0.1537148625,0.1528184076,0.1517093139,0.1503824500,0.1488090770,0.1469880768,0.1448898988,0.1424825548,0.1397319171,0.1365788707,0.1329475884,0.1287226180,0.1237187756,0.1175996887,0.1096813386,0.0979707742,0.0531010362
190620.000000,0.1552594804,0.1551567603,0.1548660162,0.1543795996,0.1536946910,0.1527984411,0.1516895998,0.1503630363,0.1487900166,0.1469694221,0.1448717069,0.1424648877,0.1397148418,0.1365624632,0.1329319361,0.1287078254,0.1237049750,0.1175870622,0.1096701681,0.0979616254,0.0530991927
190680.000000,0.1552389487,0.1551362523,0.1548455753,0.1543592707,0.1536745194,0.1527784745,0.1516698858,0.1503436225,0.1487709563,0.1469507674,0.1448535150,0.1424472207,0.1396977666,0.1365460557,0.1329162838,0.1286930328,0.1236911745,0.1175744358,0.1096589976,0.0979524767,0.0530973493
190740.000000,0.1552184422,0.1551157695,0.1548251595,0.1543389668,0.1536543726,0.1527585324,0.1516501958,0.1503242323,0.1487519190,0.1469321353,0.1448353450,0.1424295749,0.1396807117,0.1365296678,0.1329006499,0.1286782576,0.1236773900,0.1175618239,0.1096478398,0.0979433381,0.0530955094
190800.000000,0.1551979357,0.1550952866,0.1548047437,0.1543186628,0.1536342257,0.1527385903,0.1516305058,0.1503048422,0.1487328818,0.1469135031,0.1448171751,0.1424119291,0.1396636569,0.1365132799,0.1328850161,0.1286634823,0.1236636055,0.1175492120,0.1096366820,0.0979341995,0.0530936696
190860.000000,0.1551774543,0.1550748289,0.1547843528,0.1542983837,0.1536141035,0.1527186726,0.1516108398,0.1502854756,0.1487138677,0.1468948936,0.1447990271,0.1423943045,0.1396466225,0.1364969114,0.1328694008,0.1286487245,0.1236498370,0.1175366147,0.1096255369,0.0979250711,0.0530918334
190920.000000,0.1551569729,0.1550543712,0.1547639620,0.1542781046,0.1535939812,0.1526987548,0.1515911738,0.1502661090,0.1486948536,0.1468762840,0.1447808790,0.1423766799,0.1396295881,0.1364805430,0.1328537854,0.1286339666,0.1236360686,0.1175240173,0.1096143918,0.0979159427,0.0530899972
190980.000000,0.1551365166,0.1550339385,0.1547435962,0.1542578503,0.1535738836,0.1526788614,0.1515715317,0.1502467660,0.1486758625,0.1468576969,0.1447627529,0.1423590765,0.1396125740,0.1364641940,0.1328381885,0.1286192260,0.1236223161,0.1175114344,0.1096032593,0.0979068244,0.0530881645
191040.000000,0.1551160603,0.1550135059,0.1547232303,0.1542375960,0.1535537860,0.1526589679,0.1515518897,0.1502274230,0.1486568714,0.1468391098,0.1447446267,0.1423414730,0.1395955599,0.1364478450,0.1328225916,0.1286044855,0.1236085637,0.1174988516,0.1095921268,0.0978977062,0.0530863319
191100.000000,0.1550956291,0.1549930982,0.1547028893,0.1542173665,0.1535337129,0.1526390987,0.1515322715,0.1502081035,0.1486379033,0.1468205452,0.1447265224,0.1423238907,0.1395785661,0.1364315154,0.1328070132,0.1285897622,0.1235948272,0.1174862832,0.1095810069,0.0978885980,0.0530845029
191160.000000,0.1550751978,0.1549726905,0.1546825484,0.1541971369,0.1535136398,0.1526192296,0.1515126534,0.1501887839,0.1486189353,0.1468019806,0.1447084180,0.1423063083,0.1395615724,0.1364151858,0.1327914347,0.1285750389,0.1235810907,0.1174737148,0.1095698870,0.0978794899,0.0530826738
191220.000000,0.1550547916,0.1549523078,0.1546622323,0.1541769321,0.1534935911,0.1525993846,0.1514930591,0.1501694879,0.1485999902,0.1467834384,0.1446903354,0.1422887470,0.1395445989,0.1363988757,0.1327758746,0.1285603328,0.1235673702,0.1174611608,0.1095587798,0.0978703918,0.0530808484
191280.000000,0.1550343853,0.1549319251,0.1546419162,0.1541567273,0.1534735425,0.1525795396,0.1514734648,0.1501501918,0.1485810451,0.1467648962,0.1446722529,0.1422711858,0.1395276254,0.1363825655,0.1327603144,0.1285456268,0.1235536497,0.1174486068,0.1095476725,0.0978612938,0.0530790229
191340.000000,0.1550140040,0.1549115673,0.1546216250,0.1541365471,0.1534535184,0.1525597188,0.1514538943,0.1501309191,0.1485621229,0.1467463763,0.1446541920,0.1422536455,0.1395106721,0.1363662746,0.1327447727,0.1285309380,0.1235399451,0.1174360673,0.1095365778,0.0978522058,0.0530772010
191400.000000,0.1549936226,0.1548912095,0.1546013337,0.1541163669,0.1534334942,0.1525398979,0.1514343239,0.1501116464,0.1485432007,0.1467278565,0.1446361312,0.1422361053,0.1394937188,0.1363499837,0.1327292309,0.1285162491,0.1235262405,0.1174235277,0.1095254831,0.0978431179,0.0530753791
191460.000000,0.1549732662,0.1548708766,0.1545810672,0.1540962114,0.1534134944,0.1525201012,0.1514147772,0.1500923971,0.1485243014,0.1467093589,0.1446180921,0.1422185860,0.1394767858,0.1363337122,0.1327137074,0.1285015774,0.1235125517,0.1174110025,0.1095144009,0.0978340400,0.0530735608
191520.000000,0.1549529098,0.1548505436,0.1545608007,0.1540760558,0.1533934946,0.1525003045,0.1513952305,0.1500731477,0.1485054021,0.1466908614,0.1446000529,0.1422010667,0.1394598527,0.1363174406,0.1326981840,0.1284869058,0.1234988630,0.1173984774,0.1095033188,0.0978249621,0.0530717425
191580.000000,0.1549325782,0.1548302355,0.1545405589,0.1540559248,0.1533735192,0.1524805318,0.1513757075,0.1500539217,0.1484865256,0.1466723861,0.1445820355,0.1421835684,0.1394429398,0.1363011883,0.1326826787,0.1284722513,0.1234851902,0.1173859665,0.1094922491,0.0978158942,0.0530699277
191640.000000,0.1549122466,0.1548099274,0.1545203171,0.1540357938,0.1533535438,0.1524607592,0.1513561845,0.1500346957,0.1484676491,0.1466539109,0.1445640180,0.1421660701,0.1394260268,0.1362849360,0.1326671735,0.1284575967,0.1234715173,0.1173734557,0.1094811795,0.0978068264,0.0530681130
191700.000000,0.1548919397,0.1547896440,0.1545001000,0.1540156873,0.1533335926,0.1524410105,0.1513366852,0.1500154929,0.1484487954,0.1466354578,0.1445460221,0.1421485927,0.1394091340,0.1362687030,0.1326516866,0.1284429593,0.1234578603,0.1173609592,0.1094701224,0.0977977686,0.0530663018
191760.000000,0.1548716329,0.1547693606,0.1544798828,0.1539955808,0.1533136415,0.1524212619,0.1513171858,0.1499962902,0.1484299417,0.1466170048,0.1445280262,0.1421311153,0.1393922412,0.1362524699,0.1326361996,0.1284283219,0.1234442032,0.1173484627,0.1094590652,0.0977887108,0.0530644905
191820.000000,0.1548513509,0.1547491019,0.1544596903,0.1539754988,0.1532937146,0.1524015372,0.1512977101,0.1499771106,0.1484111107,0.1465985740,0.1445100519,0.1421136587,0.1393753685,0.1362362560,0.1326207308,0.1284137016,0.1234305620,0.1173359805,0.1094480206,0.0977796630,0.0530626828
191880.000000,0.1548310688,0.1547288432,0.1544394978,0.1539554167,0.1532737877,0.1523818126,0.1512782344,0.1499579311,0.1483922797,0.1465801431,0.1444920776,0.1420962022,0.1393584957,0.1362200421,0.1326052620,0.1283990812,0.1234169207,0.1173234983,0.1094369759,0.0977706151,0.0530608752
191940.000000,0.1548108114,0.1547086092,0.1544193298,0.1539353591,0.1532538850,0.1523621118,0.1512587823,0.1499387747,0.1483734714,0.1465617344,0.1444741248,0.1420787664,0.1393416430,0.1362038474,0.1325898114,0.1283844779,0.1234032953,0.1173110304,0.1094259437,0.0977615773,0.0530590710
192000.000000,0.1547905540,0.1546883752,0.1543991619,0.1539153015,0.1532339823,0.1523424110,0.1512393302,0.1499196183,0.1483546632,0.1465433257,0.1444561720,0.1420613307,0.1393247903,0.1361876527,0.1325743608,0.1283698746,0.1233896698,0.1172985625,0.1094149115,0.0977525395,0.0530572668
192060.000000,0.1547703213,0.1546681658,0.1543790185,0.1538952682,0.1532141038,0.1523227342,0.1512199016,0.1499004850,0.1483358775,0.1465249391,0.1444382406,0.1420439157,0.1393079576,0.1361714771,0.1325589283,0.1283552883,0.1233760600,0.1172861088,0.1094038917,0.0977435116,0.0530554662
192120.000000,0.1547500885,0.1546479564,0.1543588750,0.1538752350,0.1531942252,0.1523030573,0.1512004730,0.1498813518,0.1483170919,0.1465065525,0.1444203093,0.1420265008,0.1392911249,0.1361553014,0.1325434958,0.1283407020,0.1233624503,0.1172736551,0.1093928719,0.0977344838,0.0530536655
192180.000000,0.1547298804,0.1546277715,0.1543387561,0.1538552260,0.1531743708,0.1522834042,0.1511810679,0.1498622416,0.1482983288,0.1464881879,0.1444023994,0.1420091065,0.1392743121,0.1361391449,0.1325280814,0.1283261327,0.1233488563,0.1172612157,0.1093818645,0.0977254659,0.0530518684
192240.000000,0.1547096722,0.1546075867,0.1543186371,0.1538352171,0.1531545163,0.1522637511,0.1511616627,0.1498431314,0.1482795658,0.1464698234,0.1443844895,0.1419917123,0.1392574994,0.1361229883,0.1325126670,0.1283115634,0.1233352622,0.1172487762,0.1093708572,0.0977164480,0.0530500713
192300.000000,0.1546894886,0.1545874263,0.1542985425,0.1538152324,0.1531346859,0.1522441219,0.1511422811,0.1498240442,0.1482608253,0.1464514809,0.1443666010,0.1419743388,0.1392407065,0.1361068508,0.1324972706,0.1282970110,0.1233216839,0.1172363509,0.1093598622,0.0977074400,0.0530482776
192360.000000,0.1546693050,0.1545672660,0.1542784480,0.1537952477,0.1531148556,0.1522244926,0.1511228994,0.1498049571,0.1482420848,0.1464331383,0.1443487126,0.1419569653,0.1392239137,0.1360907133,0.1324818743,0.1282824587,0.1233081055,0.1172239257,0.1093488672,0.0976984321,0.0530464840
192420.000000,0.1546491459,0.1545471301,0.1542583778,0.1537752873,0.1530950492,0.1522048870,0.1511035411,0.1497858929,0.1482233668,0.1464148178,0.1443308454,0.1419396124,0.1392071407,0.1360745948,0.1324664959,0.1282679232,0.1232945428,0.1172115145,0.1093378846,0.0976894340,0.0530446938
192480.000000,0.1546289868,0.1545269942,0.1542383076,0.1537553268,0.1530752428,0.1521852815,0.1510841828,0.1497668287,0.1482046488,0.1463964972,0.1443129783,0.1419222595,0.1391903677,0.1360584763,0.1324511176,0.1282533877,0.1232809800,0.1171991034,0.1093269019,0.0976804360,0.0530429036
192540.000000,0.1546088521,0.1545068827,0.1542182618,0.1537353905,0.1530554604,0.1521656996,0.1510648478,0.1497477875,0.1481859533,0.1463781985,0.1442951324,0.1419049273,0.1391736146,0.1360423768,0.1324357573,0.1282388691,0.1232674329,0.1171867065,0.1093159316,0.0976714478,0.0530411170
192600.000000,0.1545887174,0.1544867713,0.1541982159,0.1537154543,0.1530356779,0.1521461177,0.1510455129,0.1497287463,0.1481672578,0.1463598999,0.1442772866,0.1418875950,0.1391568614,0.1360262773,0.1324203969,0.1282243506,0.1232538858,0.1171743095,0.1093049613,0.0976624597,0.0530393303
192660.000000,0.1545686072,0.1544666842,0.1541781943,0.1536955421,0.1530159194,0.1521265595,0.1510262012,0.1497097279,0.1481485847,0.1463416231,0.1442594621,0.1418702833,0.1391401281,0.1360101966,0.1324050545,0.1282098488,0.1232403543,0.1171619266,0.1092940033,0.0976534814,0.0530375471
192720.000000,0.1545484969,0.1544465971,0.1541581728,0.1536756299,0.1529961609,0.1521070012,0.1510068896,0.1496907096,0.1481299116,0.1463233464,0.1442416375,0.1418529716,0.1391233948,0.1359941160,0.1323897121,0.1281953471,0.1232268228,0.1171495438,0.1092830453,0.0976445032,0.0530357638
192780.000000,0.1545284109,0.1544265343,0.1541381754,0.1536557418,0.1529764262,0.1520874666,0.1509876012,0.1496717141,0.1481112609,0.1463050914,0.1442238342,0.1418356805,0.1391066812,0.1359780543,0.1323743876,0.1281808621,0.1232133068,0.1171371750,0.1092720996,0.0976355347,0.0530339841
192840.000000,0.1545083250,0.1544064715,0.1541181780,0.1536358537,0.1529566916,0.1520679319,0.1509683128,0.1496527186,0.1480926102,0.1462868365,0.1442060308,0.1418183893,0.1390899676,0.1359619926,0.1323590631,0.1281663772,0.1231997908,0.1171248062,0.1092611539,0.0976265663,0.0530322043
192900.000000,0.1544882634,0.1543864330,0.1540982049,0.1536159897,0.1529369807,0.1520484208,0.1509490476,0.1496337459,0.1480739818,0.1462686034,0.1441882487,0.1418011187,0.1390732738,0.1359459497,0.1323437565,0.1281519091,0.1231862904,0.1171124515,0.1092502205,0.0976176078,0.0530304280
192960.000000,0.1544682018,0.1543663944,0.1540782317,0.1535961256,0.1529172699,0.1520289097,0.1509297823,0.1496147732,0.1480553534,0.1462503703,0.1441704665,0.1417838480,0.1390565799,0.1359299069,0.1323284499,0.1281374409,0.1231727899,0.1171000968,0.1092392871,0.0976086492,0.0530286517
193020.000000,0.1544481644,0.1543463801,0.1540582826,0.1535762855,0.1528975828,0.1520094220,0.1509105403,0.1495958233,0.1480367473,0.1462321589,0.1441527055,0.1417665979,0.1390399057,0.1359138828,0.1323131612,0.1281229895,0.1231593050,0.1170877561,0.1092283659,0.0975997005,0.0530268789
193080.000000,0.1544281270,0.1543263658,0.1540383336,0.1535564454,0.1528778958,0.1519899344,0.1508912983,0.1495768733,0.1480181413,0.1462139475,0.1441349445,0.1417493477,0.1390232316,0.1358978587,0.1322978724,0.1281085381,0.1231458200,0.1170754154,0.1092174447,0.0975907517,0.0530251060
193140.000000,0.1544081138,0.1543063757,0.1540184086,0.1535366293,0.1528582324,0.1519704702,0.1508720793,0.1495579461,0.1479995574,0.1461957578,0.1441172046,0.1417321179,0.1390065770,0.1358818535,0.1322826014,0.1280941034,0.1231323505,0.1170630887,0.1092065357,0.0975818128,0.0530233366
193200.000000,0.1543881006,0.1542863856,0.1539984836,0.1535168131,0.1528385690,0.1519510061,0.1508528604,0.1495390189,0.1479809736,0.1461775682,0.1440994647,0.1417148881,0.1389899225,0.1358658482,0.1322673305,0.1280796687,0.1231188810,0.1170507620,0.1091956268,0.0975728739,0.0530215671
193260.000000,0.1543681116,0.1542664195,0.1539785827,0.1534970209,0.1528189294,0.1519315653,0.1508336645,0.1495201143,0.1479624119,0.1461594002,0.1440817458,0.1416976787,0.1389732876,0.1358498617,0.1322520773,0.1280652507,0.1231054270,0.1170384493,0.1091847300,0.0975639447,0.0530198011
193320.000000,0.1543481226,0.1542464535,0.1539586817,0.1534772286,0.1527992897,0.1519121245,0.1508144686,0.1495012098,0.1479438503,0.1461412322,0.1440640270,0.1416804693,0.1389566527,0.1358338752,0.1322368241,0.1280508327,0.1230919729,0.1170261366,0.1091738332,0.0975550156,0.0530180351
193380.000000,0.1543281577,0.1542265116,0.1539388048,0.1534574602,0.1527796736,0.1518927071,0.1507952958,0.1494823279,0.1479253108,0.1461230858,0.1440463291,0.1416632802,0.1389400373,0.1358179073,0.1322215887,0.1280364314,0.1230785343,0.1170138378,0.1091629486,0.0975460962,0.0530162725
193440.000000,0.1543081928,0.1542065697,0.1539189278,0.1534376917,0.1527600576,0.1518732897,0.1507761229,0.1494634459,0.1479067713,0.1461049394,0.1440286313,0.1416460911,0.1389234220,0.1358019395,0.1322063533,0.1280220300,0.1230650956,0.1170015390,0.1091520640,0.0975371768,0.0530145099
193500.000000,0.1542882519,0.1541866517,0.1538990748,0.1534179471,0.1527404651,0.1518538956,0.1507569731,0.1494445866,0.1478882539,0.1460868146,0.1440109545,0.1416289224,0.1389068261,0.1357859904,0.1321911356,0.1280076453,0.1230516724,0.1169892542,0.1091411916,0.0975282672,0.0530127507
193560.000000,0.1542683110,0.1541667338,0.1538792218,0.1533982024,0.1527208726,0.1518345015,0.1507378232,0.1494257272,0.1478697365,0.1460686898,0.1439932776,0.1416117536,0.1388902303,0.1357700412,0.1321759178,0.1279932606,0.1230382491,0.1169769694,0.1091303191,0.0975193576,0.0530109915
193620.000000,0.1542483942,0.1541468399,0.1538593927,0.1533784815,0.1527013037,0.1518151306,0.1507186962,0.1494068904,0.1478512412,0.1460505866,0.1439756217,0.1415946051,0.1388736540,0.1357541107,0.1321607178,0.1279788924,0.1230248412,0.1169646984,0.1091194588,0.0975104577,0.0530092357
193680.000000,0.1542284773,0.1541269460,0.1538395635,0.1533587606,0.1526817348,0.1517957598,0.1506995693,0.1493880536,0.1478327459,0.1460324833,0.1439579658,0.1415774565,0.1388570776,0.1357381802,0.1321455177,0.1279645243,0.1230114333,0.1169524275,0.1091085985,0.0975015578,0.0530074799
193740.000000,0.1542085845,0.1541070760,0.1538197583,0.1533390634,0.1526621893,0.1517764121,0.1506804652,0.1493692393,0.1478142726,0.1460144015,0.1439403308,0.1415603282,0.1388405208,0.1357222683,0.1321303353,0.1279501727,0.1229980406,0.1169401704,0.1090977503,0.0974926676,0.0530057275
193800.000000,0.1541886916,0.1540872060,0.1537999530,0.1533193662,0.1526426439,0.1517570645,0.1506613612,0.1493504249,0.1477957994,0.1459963198,0.1439226957,0.1415431999,0.1388239639,0.1357063564,0.1321151529,0.1279358211,0.1229846480,0.1169279133,0.1090869020,0.0974837775,0.0530039751
193860.000000,0.1541688226,0.1540673599,0.1537801715,0.1532996926,0.1526231219,0.1517377400,0.1506422799,0.1493316330,0.1477773481,0.1459782595,0.1439050816,0.1415260918,0.1388074264,0.1356904630,0.1320999881,0.1279214861,0.1229712707,0.1169156701,0.1090760659,0.0974748970,0.0530022260
193920.000000,0.1541489536,0.1540475138,0.1537603900,0.1532800191,0.1526035999,0.1517184156,0.1506231987,0.1493128412,0.1477588968,0.1459601992,0.1438874674,0.1415089837,0.1387908890,0.1356745697,0.1320848233,0.1279071510,0.1229578934,0.1169034269,0.1090652298,0.0974660165,0.0530004770
193980.000000,0.1541291085,0.1540276915,0.1537406323,0.1532603691,0.1525841012,0.1516991143,0.1506041403,0.1492940717,0.1477404674,0.1459421603,0.1438698740,0.1414918957,0.1387743709,0.1356586948,0.1320696761,0.1278928324,0.1229445313,0.1168911974,0.1090544057,0.0974571457,0.0529987313
194040.000000,0.1541092634,0.1540078692,0.1537208745,0.1532407192,0.1525646026,0.1516798129,0.1505850819,0.1492753022,0.1477220381,0.1459241214,0.1438522807,0.1414748077,0.1387578528,0.1356428200,0.1320545288,0.1278785138,0.1229311693,0.1168789680,0.1090435816,0.0974482749,0.0529969856
194100.000000,0.1540894422,0.1539880707,0.1537011405,0.1532210928,0.1525451274,0.1516605347,0.1505660462,0.1492565551,0.1477036306,0.1459061039,0.1438347081,0.1414577398,0.1387413541,0.1356269637,0.1320393991,0.1278642117,0.1229178225,0.1168667524,0.1090327696,0.0974394138,0.0529952433
194160.000000,0.1540696209,0.1539682722,0.1536814065,0.1532014664,0.1525256521,0.1516412564,0.1505470105,0.1492378080,0.1476852231,0.1458880864,0.1438171355,0.1414406719,0.1387248553,0.1356111074,0.1320242694,0.1278499096,0.1229044756,0.1168545368,0.1090219576,0.0974305527,0.0529935010
194220.000000,0.1540498234,0.1539484975,0.1536616961,0.1531818635,0.1525062001,0.1516220012,0.1505279975,0.1492190832,0.1476668375,0.1458700902,0.1437995837,0.1414236241,0.1387083759,0.1355952695,0.1320091572,0.1278356239,0.1228911440,0.1168423349,0.1090111576,0.0974217012,0.0529917620
194280.000000,0.1540300259,0.1539287227,0.1536419857,0.1531622606,0.1524867482,0.1516027460,0.1505089846,0.1492003583,0.1476484519,0.1458520940,0.1437820318,0.1414065762,0.1386918964,0.1355794316,0.1319940450,0.1278213383,0.1228778124,0.1168301331,0.1090003575,0.0974128497,0.0529900231
194340.000000,0.1540102521,0.1539089717,0.1536222989,0.1531426811,0.1524673195,0.1515835137,0.1504899943,0.1491816558,0.1476300881,0.1458341191,0.1437645007,0.1413895484,0.1386754363,0.1355636122,0.1319789503,0.1278070690,0.1228644959,0.1168179450,0.1089895695,0.0974040078,0.0529882874
194400.000000,0.1539904783,0.1538892207,0.1536026122,0.1531231017,0.1524478908,0.1515642815,0.1504710039,0.1491629533,0.1476117244,0.1458161442,0.1437469695,0.1413725206,0.1386589761,0.1355477927,0.1319638556,0.1277927997,0.1228511795,0.1168057569,0.1089787815,0.0973951660,0.0529865518
194460.000000,0.1539707283,0.1538694933,0.1535829490,0.1531035457,0.1524284853,0.1515450722,0.1504520362,0.1491442730,0.1475933823,0.1457981905,0.1437294590,0.1413555128,0.1386425351,0.1355319916,0.1319487783,0.1277785468,0.1228378782,0.1167935825,0.1089680054,0.0973863337,0.0529848195
194520.000000,0.1539509782,0.1538497659,0.1535632858,0.1530839897,0.1524090798,0.1515258629,0.1504330685,0.1491255926,0.1475750403,0.1457802369,0.1437119485,0.1413385049,0.1386260942,0.1355161906,0.1319337010,0.1277642939,0.1228245769,0.1167814081,0.1089572294,0.0973775015,0.0529830872
194580.000000,0.1539312517,0.1538300621,0.1535436461,0.1530644570,0.1523896974,0.1515066765,0.1504141234,0.1491069345,0.1475567200,0.1457623044,0.1436944587,0.1413215170,0.1386096724,0.1355004078,0.1319186411,0.1277500573,0.1228112907,0.1167692474,0.1089464653,0.0973686788,0.0529813583
194640.000000,0.1539115252,0.1538103583,0.1535240064,0.1530449244,0.1523703151,0.1514874902,0.1503951783,0.1490882764,0.1475383997,0.1457443720,0.1436769688,0.1413045292,0.1385932507,0.1354846251,0.1319035813,0.1277358207,0.1227980045,0.1167570867,0.1089357012,0.0973598562,0.0529796293
194700.000000,0.1538918224,0.1537906781,0.1535043902,0.1530254151,0.1523509559,0.1514683266,0.1503762557,0.1490696404,0.1475201011,0.1457264607,0.1436594994,0.1412875612,0.1385768481,0.1354688607,0.1318885387,0.1277216004,0.1227847334,0.1167449396,0.1089249490,0.0973510431,0.0529779036
194760.000000,0.1538721195,0.1537709978,0.1534847739,0.1530059057,0.1523315967,0.1514491631,0.1503573331,0.1490510044,0.1475018025,0.1457085494,0.1436420301,0.1412705932,0.1385604455,0.1354530963,0.1318734962,0.1277073802,0.1227714623,0.1167327926,0.1089141968,0.0973422300,0.0529761780
194820.000000,0.1538524402,0.1537513411,0.1534651811,0.1529864197,0.1523122606,0.1514300224,0.1503384330,0.1490323905,0.1474835255,0.1456906592,0.1436245813,0.1412536451,0.1385440620,0.1354373502,0.1318584711,0.1276931762,0.1227582062,0.1167206592,0.1089034565,0.0973334265,0.0529744556
194880.000000,0.1538327609,0.1537316844,0.1534455883,0.1529669337,0.1522929244,0.1514108816,0.1503195329,0.1490137766,0.1474652486,0.1456727691,0.1436071326,0.1412366969,0.1385276785,0.1354216041,0.1318434459,0.1276789722,0.1227449502,0.1167085258,0.1088927163,0.0973246230,0.0529727333
194940.000000,0.1538131050,0.1537120511,0.1534260189,0.1529474708,0.1522736113,0.1513917637,0.1503006552,0.1489951848,0.1474469932,0.1456549000,0.1435897043,0.1412197687,0.1385113141,0.1354058762,0.1318284380,0.1276647844,0.1227317091,0.1166964060,0.1088819879,0.0973158290,0.0529710142
195000.000000,0.1537934492,0.1536924179,0.1534064495,0.1529280080,0.1522542982,0.1513726457,0.1502817775,0.1489765929,0.1474287378,0.1456370309,0.1435722760,0.1412028404,0.1384949497,0.1353901483,0.1318134301,0.1276505966,0.1227184681,0.1166842862,0.1088712595,0.0973070350,0.0529692952
195060.000000,0.1537738168,0.1536728080,0.1533869034,0.1529085684,0.1522350081,0.1513535505,0.1502629222,0.1489580231,0.1474105040,0.1456191829,0.1435548681,0.1411859319,0.1384786044,0.1353744386,0.1317984395,0.1276364251,0.1227052421,0.1166721800,0.1088605429,0.0972982505,0.0529675794
195120.000000,0.1537541844,0.1536531982,0.1533673573,0.1528891288,0.1522157180,0.1513344553,0.1502440670,0.1489394533,0.1473922702,0.1456013348,0.1435374603,0.1411690234,0.1384622590,0.1353587289,0.1317834489,0.1276222535,0.1226920161,0.1166600737,0.1088498264,0.0972894661,0.0529658636
195180.000000,0.1537345755,0.1536336117,0.1533478345,0.1528697123,0.1521964508,0.1513153827,0.1502252340,0.1489209054,0.1473740579,0.1455835078,0.1435200729,0.1411521346,0.1384459327,0.1353430374,0.1317684756,0.1276080982,0.1226788051,0.1166479811,0.1088391217,0.0972806911,0.0529641512
195240.000000,0.1537149665,0.1536140253,0.1533283117,0.1528502958,0.1521771836,0.1512963101,0.1502064011,0.1489023576,0.1473558456,0.1455656808,0.1435026855,0.1411352459,0.1384296063,0.1353273459,0.1317535022,0.1275939428,0.1226655940,0.1166358885,0.1088284170,0.0972719161,0.0529624387
195300.000000,0.1536953809,0.1535944621,0.1533088122,0.1528309025,0.1521579393,0.1512772602,0.1501875905,0.1488838316,0.1473376548,0.1455478747,0.1434853184,0.1411183768,0.1384132990,0.1353116726,0.1317385461,0.1275798036,0.1226523979,0.1166238093,0.1088177241,0.0972631507,0.0529607295
195360.000000,0.1536757952,0.1535748990,0.1532893126,0.1528115091,0.1521386951,0.1512582103,0.1501687799,0.1488653057,0.1473194640,0.1455300686,0.1434679514,0.1411015078,0.1383969916,0.1352959992,0.1317235899,0.1275656644,0.1226392018,0.1166117302,0.1088070313,0.0972543852,0.0529590202
195420.000000,0.1536562329,0.1535553591,0.1532698363,0.1527921387,0.1521194736,0.1512391829,0.1501499915,0.1488468016,0.1473012946,0.1455122834,0.1434506046,0.1410846584,0.1383807031,0.1352803440,0.1317086509,0.1275515413,0.1226260206,0.1165996646,0.1087963502,0.0972456292,0.0529573143
195480.000000,0.1536366706,0.1535358193,0.1532503599,0.1527727684,0.1521002522,0.1512201556,0.1501312032,0.1488282976,0.1472831252,0.1454944983,0.1434332579,0.1410678090,0.1383644147,0.1352646887,0.1316937119,0.1275374182,0.1226128394,0.1165875990,0.1087856691,0.0972368732,0.0529556083
195540.000000,0.1536171316,0.1535163027,0.1532309067,0.1527534211,0.1520810536,0.1512011508,0.1501124370,0.1488098154,0.1472649773,0.1454767340,0.1434159315,0.1410509793,0.1383481452,0.1352490515,0.1316787901,0.1275233112,0.1225996732,0.1165755469,0.1087749998,0.0972281267,0.0529539056
195600.000000,0.1535975925,0.1534967861,0.1532114535,0.1527340738,0.1520618549,0.1511821460,0.1500936709,0.1487913332,0.1472468293,0.1454589697,0.1433986051,0.1410341496,0.1383318756,0.1352334143,0.1316638683,0.1275092042,0.1225865069,0.1165634948,0.1087643305,0.0972193801,0.0529522029
195660.000000,0.1535780767,0.1534772926,0.1531920234,0.1527147494,0.1520426791,0.1511631637,0.1500749269,0.1487728727,0.1472287026,0.1454412263,0.1433812989,0.1410173395,0.1383156249,0.1352177952,0.1316489635,0.1274951132,0.1225733554,0.1165514561,0.1087536729,0.0972106430,0.0529505035
195720.000000,0.1535585609,0.1534577992,0.1531725933,0.1526954250,0.1520235032,0.1511441814,0.1500561830,0.1487544123,0.1472105760,0.1454234828,0.1433639927,0.1410005293,0.1382993743,0.1352021760,0.1316340588,0.1274810223,0.1225602040,0.1165394175,0.1087430153,0.0972019059,0.0529488040
195780.000000,0.1535390683,0.1534383289,0.1531531862,0.1526761236,0.1520043500,0.1511252215,0.1500374612,0.1487359737,0.1471924706,0.1454057602,0.1433467068,0.1409837388,0.1382831424,0.1351865749,0.1316191711,0.1274669474,0.1225470674,0.1165273922,0.1087323695,0.0971931782,0.0529471078
195840.000000,0.1535195756,0.1534188586,0.1531337792,0.1526568222,0.1519851969,0.1511062617,0.1500187394,0.1487175350,0.1471743653,0.1453880375,0.1433294208,0.1409669482,0.1382669106,0.1351709737,0.1316042835,0.1274528724,0.1225339308,0.1165153670,0.1087217237,0.0971844505,0.0529454116
195900.000000,0.1535001061,0.1533994115,0.1531143951,0.1526375436,0.1519660664,0.1510873243,0.1500000396,0.1486991180,0.1471562812,0.1453703356,0.1433121551,0.1409501771,0.1382506975,0.1351553906,0.1315894128,0.1274388135,0.1225208090,0.1165033552,0.1087110895,0.0971757322,0.0529437186
195960.000000,0.1534806366,0.1533799643,0.1530950111,0.1526182650,0.1519469359,0.1510683868,0.1499813399,0.1486807011,0.1471381972,0.1453526337,0.1432948893,0.1409334061,0.1382344844,0.1351398074,0.1315745422,0.1274247546,0.1225076872,0.1164913434,0.1087004554,0.0971670139,0.0529420256
196020.000000,0.1534611902,0.1533605401,0.1530756501,0.1525990093,0.1519278281,0.1510494718,0.1499626622,0.1486623058,0.1471201343,0.1453349526,0.1432776437,0.1409166545,0.1382182901,0.1351242421,0.1315596886,0.1274107116,0.1224945802,0.1164793450,0.1086898330,0.0971583050,0.0529403358
196080.000000,0.1534417437,0.1533411160,0.1530562890,0.1525797535,0.1519087202,0.1510305567,0.1499439845,0.1486439105,0.1471020715,0.1453172714,0.1432603980,0.1408999030,0.1382020958,0.1351086769,0.1315448350,0.1273966687,0.1224814732,0.1164673465,0.1086792105,0.0971495961,0.0529386460
196140.000000,0.1534223204,0.1533217149,0.1530369509,0.1525605206,0.1518896350,0.1510116640,0.1499253289,0.1486255369,0.1470840298,0.1452996109,0.1432431725,0.1408831709,0.1381859202,0.1350931295,0.1315299984,0.1273826417,0.1224683809,0.1164553615,0.1086685998,0.0971408966,0.0529369595
196200.000000,0.1534028970,0.1533023138,0.1530176127,0.1525412876,0.1518705497,0.1509927712,0.1499066732,0.1486071632,0.1470659882,0.1452819504,0.1432259470,0.1408664388,0.1381697446,0.1350775822,0.1315151617,0.1273686146,0.1224552886,0.1164433764,0.1086579890,0.0971321970,0.0529352729
196260.000000,0.1533834966,0.1532829356,0.1529982975,0.1525220774,0.1518514870,0.1509739008,0.1498880395,0.1485888112,0.1470479676,0.1452643105,0.1432087415,0.1408497261,0.1381535877,0.1350620527,0.1315003420,0.1273546035,0.1224422111,0.1164314047,0.1086473899,0.0971235068,0.0529335895
196320.000000,0.1533640962,0.1532635575,0.1529789822,0.1525028671,0.1518324242,0.1509550303,0.1498694058,0.1485704591,0.1470299471,0.1452466707,0.1431915360,0.1408330134,0.1381374308,0.1350465232,0.1314855224,0.1273405924,0.1224291335,0.1164194329,0.1086367907,0.0971148166,0.0529319062
196380.000000,0.1533447187,0.1532442023,0.1529596898,0.1524836796,0.1518133840,0.1509361821,0.1498507940,0.1485521286,0.1470119477,0.1452290514,0.1431743506,0.1408163200,0.1381212925,0.1350310115,0.1314707196,0.1273265972,0.1224160707,0.1164074745,0.1086262032,0.0971061358,0.0529302260
196440.000000,0.1533253413,0.1532248470,0.1529403974,0.1524644921,0.1517943438,0.1509173339,0.1498321822,0.1485337980,0.1469939483,0.1452114321,0.1431571651,0.1407996267,0.1381051543,0.1350154999,0.1314559168,0.1273126020,0.1224030078,0.1163955161,0.1086156157,0.0970974549,0.0529285459
196500.000000,0.1533059868,0.1532055147,0.1529211277,0.1524453272,0.1517753260,0.1508985078,0.1498135923,0.1485154890,0.1469759700,0.1451938334,0.1431399997,0.1407829527,0.1380890346,0.1350000060,0.1314411309,0.1272986226,0.1223899596,0.1163835710,0.1086050398,0.0970887834,0.0529268689
196560.000000,0.1532866322,0.1531861823,0.1529018581,0.1524261623,0.1517563082,0.1508796818,0.1497950024,0.1484971800,0.1469579916,0.1451762347,0.1431228342,0.1407662787,0.1380729150,0.1349845122,0.1314263450,0.1272846432,0.1223769114,0.1163716258,0.1085944639,0.0970801118,0.0529251919
196620.000000,0.1532673006,0.1531668728,0.1528826112,0.1524070201,0.1517373128,0.1508608780,0.1497764343,0.1484788925,0.1469400343,0.1451586565,0.1431056887,0.1407496241,0.1380568139,0.1349690361,0.1314115760,0.1272706796,0.1223638779,0.1163596939,0.1085838995,0.0970714496,0.0529235181
196680.000000,0.1532479689,0.1531475633,0.1528633644,0.1523878778,0.1517183175,0.1508420741,0.1497578663,0.1484606049,0.1469220770,0.1451410784,0.1430885432,0.1407329694,0.1380407128,0.1349535600,0.1313968069,0.1272567161,0.1223508444,0.1163477621,0.1085733352,0.0970627874,0.0529218443
196740.000000,0.1532286600,0.1531282766,0.1528441402,0.1523687581,0.1516993445,0.1508232923,0.1497393200,0.1484423388,0.1469041406,0.1451235207,0.1430714175,0.1407163339,0.1380246303,0.1349381016,0.1313820547,0.1272427683,0.1223378254,0.1163358434,0.1085627824,0.0970541344,0.0529201736
196800.000000,0.1532093512,0.1531089898,0.1528249160,0.1523496384,0.1516803715,0.1508045106,0.1497207737,0.1484240726,0.1468862043,0.1451059629,0.1430542919,0.1406996985,0.1380085477,0.1349226432,0.1313673025,0.1272288205,0.1223248065,0.1163239248,0.1085522296,0.0970454814,0.0529185030
196860.000000,0.1531900651,0.1530897258,0.1528057145,0.1523305412,0.1516614208,0.1507857509,0.1497022492,0.1484058279,0.1468682889,0.1450884257,0.1430371862,0.1406830823,0.1379924837,0.1349072025,0.1313525670,0.1272148885,0.1223118021,0.1163120193,0.1085416884,0.0970368377,0.0529168355
196920.000000,0.1531707790,0.1530704618,0.1527865130,0.1523114440,0.1516424701,0.1507669912,0.1496837247,0.1483875831,0.1468503735,0.1450708884,0.1430200805,0.1406664661,0.1379764197,0.1348917619,0.1313378316,0.1272009565,0.1222987978,0.1163001139,0.1085311472,0.0970281941,0.0529151681
196980.000000,0.1531515157,0.1530512205,0.1527673341,0.1522923693,0.1516235417,0.1507482535,0.1496652218,0.1483693597,0.1468324789,0.1450533715,0.1430029945,0.1406498691,0.1379603741,0.1348763388,0.1313231129,0.1271870402,0.1222858080,0.1162882217,0.1085206174,0.0970195596,0.0529135037
197040.000000,0.1531322523,0.1530319793,0.1527481552,0.1522732946,0.1516046133,0.1507295158,0.1496467190,0.1483511363,0.1468145844,0.1450358547,0.1429859086,0.1406332721,0.1379443285,0.1348609158,0.1313083942,0.1271731239,0.1222728182,0.1162763294,0.1085100877,0.0970109252,0.0529118394
197100.000000,0.1531130117,0.1530127606,0.1527289988,0.1522542423,0.1515857071,0.1507108001,0.1496282379,0.1483329342,0.1467967108,0.1450183582,0.1429688425,0.1406166943,0.1379283014,0.1348455104,0.1312936922,0.1271592233,0.1222598429,0.1162644504,0.1084995695,0.0970023000,0.0529101782
197160.000000,0.1530937710,0.1529935420,0.1527098425,0.1522351900,0.1515668010,0.1506920844,0.1496097567,0.1483147320,0.1467788372,0.1450008617,0.1429517764,0.1406001164,0.1379122743,0.1348301050,0.1312789903,0.1271453227,0.1222468677,0.1162525713,0.1084890512,0.0969936747,0.0529085171
197220.000000,0.1530745530,0.1529743460,0.1526907087,0.1522161601,0.1515479170,0.1506733907,0.1495912972,0.1482965512,0.1467609843,0.1449833855,0.1429347300,0.1405835577,0.1378962655,0.1348147173,0.1312643050,0.1271314378,0.1222339069,0.1162407053,0.1084785445,0.0969850588,0.0529068590
197280.000000,0.1530553349,0.1529551499,0.1526715749,0.1521971302,0.1515290330,0.1506546969,0.1495728377,0.1482783703,0.1467431315,0.1449659093,0.1429176837,0.1405669989,0.1378802568,0.1347993295,0.1312496197,0.1271175528,0.1222209461,0.1162288394,0.1084680377,0.0969764428,0.0529052010
197340.000000,0.1530361395,0.1529359765,0.1526524636,0.1521781227,0.1515101712,0.1506360251,0.1495543998,0.1482602106,0.1467252995,0.1449484534,0.1429006570,0.1405504593,0.1378642664,0.1347839592,0.1312349511,0.1271036836,0.1222079998,0.1162169866,0.1084575424,0.0969678360,0.0529035461
197400.000000,0.1530169441,0.1529168030,0.1526333523,0.1521591152,0.1514913094,0.1506173532,0.1495359618,0.1482420510,0.1467074674,0.1449309975,0.1428836304,0.1405339196,0.1378482761,0.1347685890,0.1312202825,0.1270898143,0.1221950536,0.1162051337,0.1084470471,0.0969592292,0.0529018911
197460.000000,0.1529977712,0.1528976521,0.1526142634,0.1521401299,0.1514724697,0.1505987032,0.1495175454,0.1482239125,0.1466896561,0.1449135618,0.1428666234,0.1405173990,0.1378323040,0.1347532363,0.1312056305,0.1270759606,0.1221821217,0.1161932940,0.1084365632,0.0969506316,0.0529002393
197520.000000,0.1529785983,0.1528785012,0.1525951745,0.1521211447,0.1514536300,0.1505800532,0.1494991290,0.1482057740,0.1466718448,0.1448961262,0.1428496165,0.1405008784,0.1378163320,0.1347378836,0.1311909785,0.1270621069,0.1221691899,0.1161814543,0.1084260794,0.0969420339,0.0528985875
197580.000000,0.1529594480,0.1528593727,0.1525761080,0.1521021817,0.1514348123,0.1505614250,0.1494807341,0.1481876567,0.1466540542,0.1448787107,0.1428326292,0.1404843768,0.1378003782,0.1347225484,0.1311763431,0.1270482688,0.1221562725,0.1161696276,0.1084156069,0.0969334455,0.0528969389
197640.000000,0.1529402976,0.1528402443,0.1525570416,0.1520832187,0.1514159947,0.1505427969,0.1494623393,0.1481695393,0.1466362636,0.1448612953,0.1428156418,0.1404678752,0.1377844245,0.1347072132,0.1311617077,0.1270344307,0.1221433551,0.1161578009,0.1084051344,0.0969248570,0.0528952902
197700.000000,0.1529211697,0.1528211383,0.1525379974,0.1520642779,0.1513971991,0.1505241904,0.1494439658,0.1481514431,0.1466184937,0.1448439000,0.1427986741,0.1404513925,0.1377684890,0.1346918954,0.1311470889,0.1270206082,0.1221304520,0.1161459873,0.1083946733,0.0969162778,0.0528936446
197760.000000,0.1529020418,0.1528020322,0.1525189533,0.1520453372,0.1513784034,0.1505055840,0.1494255924,0.1481333468,0.1466007237,0.1448265047,0.1427817064,0.1404349099,0.1377525535,0.1346765777,0.1311324701,0.1270067857,0.1221175490,0.1161341737,0.1083842123,0.0969076985,0.0528919990
197820.000000,0.1528829363,0.1527829486,0.1524999315,0.1520264186,0.1513596298,0.1504869993,0.1494072404,0.1481152716,0.1465829744,0.1448091295,0.1427647583,0.1404184462,0.1377366363,0.1346612773,0.1311178678,0.1269929787,0.1221046604,0.1161223730,0.1083737626,0.0968991283,0.0528903565
197880.000000,0.1528638308,0.1527638650,0.1524809097,0.1520075000,0.1513408561,0.1504684146,0.1493888884,0.1480971964,0.1465652251,0.1447917544,0.1427478101,0.1404019825,0.1377207190,0.1346459770,0.1311032655,0.1269791716,0.1220917717,0.1161105724,0.1083633129,0.0968905581,0.0528887140
197940.000000,0.1528447478,0.1527448037,0.1524619101,0.1519886035,0.1513221044,0.1504498516,0.1493705577,0.1480791422,0.1465474963,0.1447743993,0.1427308815,0.1403855377,0.1377048199,0.1346306941,0.1310886797,0.1269653801,0.1220788974,0.1160987848,0.1083528745,0.0968819971,0.0528870746
198000.000000,0.1528256647,0.1527257425,0.1524429106,0.1519697070,0.1513033527,0.1504312886,0.1493522271,0.1480610881,0.1465297676,0.1447570442,0.1427139529,0.1403690929,0.1376889209,0.1346154112,0.1310740939,0.1269515886,0.1220660231,0.1160869972,0.1083424361,0.0968734360,0.0528854352
198060.000000,0.1528066039,0.1527067035,0.1524239333,0.1519508327,0.1512846229,0.1504127473,0.1493339178,0.1480430548,0.1465120594,0.1447397092,0.1426970438,0.1403526669,0.1376730400,0.1346001456,0.1310595246,0.1269378125,0.1220531631,0.1160752225,0.1083320091,0.0968648841,0.0528837989
198120.000000,0.1527875431,0.1526876645,0.1524049560,0.1519319583,0.1512658931,0.1503942059,0.1493156085,0.1480250216,0.1464943512,0.1447223742,0.1426801347,0.1403362410,0.1376571591,0.1345848801,0.1310449553,0.1269240365,0.1220403031,0.1160634479,0.1083215821,0.0968563321,0.0528821626
198180.000000,0.1527685047,0.1526686479,0.1523860008,0.1519131060,0.1512471851,0.1503756862,0.1492973205,0.1480070093,0.1464766635,0.1447050592,0.1426632450,0.1403198339,0.1376412963,0.1345696318,0.1310304024,0.1269102759,0.1220274574,0.1160516862,0.1083111663,0.0968477893,0.0528805294
198240.000000,0.1527494662,0.1526496312,0.1523670457,0.1518942536,0.1512284772,0.1503571664,0.1492790325,0.1479889970,0.1464589758,0.1446877442,0.1426463553,0.1403034268,0.1376254335,0.1345543836,0.1310158495,0.1268965153,0.1220146117,0.1160399245,0.1083007506,0.0968392464,0.0528788961
198300.000000,0.1527304500,0.1526306367,0.1523481127,0.1518754233,0.1512097910,0.1503386682,0.1492607658,0.1479710056,0.1464413086,0.1446704492,0.1426294851,0.1402870385,0.1376095888,0.1345391527,0.1310013131,0.1268827701,0.1220017803,0.1160281757,0.1082903462,0.0968307126,0.0528772659
198360.000000,0.1527114338,0.1526116422,0.1523291797,0.1518565930,0.1511911049,0.1503201700,0.1492424990,0.1479530143,0.1464236413,0.1446531542,0.1426126148,0.1402706501,0.1375937441,0.1345239217,0.1309867766,0.1268690248,0.1219889488,0.1160164269,0.1082799417,0.0968221788,0.0528756357
198420.000000,0.1526924398,0.1525926699,0.1523102688,0.1518377846,0.1511724405,0.1503016934,0.1492242535,0.1479350437,0.1464059945,0.1446358791,0.1425957640,0.1402542806,0.1375779174,0.1345087081,0.1309722565,0.1268552950,0.1219761316,0.1160046910,0.1082695485,0.0968136541,0.0528740086
198480.000000,0.1526734458,0.1525736976,0.1522913579,0.1518189763,0.1511537761,0.1502832167,0.1492060080,0.1479170732,0.1463883477,0.1446186040,0.1425789131,0.1402379110,0.1375620908,0.1344934944,0.1309577364,0.1268415652,0.1219633144,0.1159929551,0.1082591554,0.0968051293,0.0528723815
198540.000000,0.1526544739,0.1525547475,0.1522724691,0.1518001898,0.1511351335,0.1502647615,0.1491877836,0.1478991234,0.1463707213,0.1446013488,0.1425620816,0.1402215602,0.1375462822,0.1344782980,0.1309432327,0.1268278507,0.1219505114,0.1159812321,0.1082487734,0.0967966136,0.0528707574
198600.000000,0.1526355021,0.1525357973,0.1522535802,0.1517814034,0.1511164908,0.1502463063,0.1491695593,0.1478811737,0.1463530949,0.1445840936,0.1425452501,0.1402052093,0.1375304735,0.1344631015,0.1309287290,0.1268141362,0.1219377084,0.1159695091,0.1082383915,0.0967880979,0.0528691333
198660.000000,0.1526165524,0.1525168692,0.1522347134,0.1517626388,0.1510978699,0.1502278726,0.1491513560,0.1478632447,0.1463354888,0.1445668583,0.1425284379,0.1401888772,0.1375146829,0.1344479223,0.1309142415,0.1268004371,0.1219249196,0.1159577990,0.1082280208,0.0967795912,0.0528675123
198720.000000,0.1525976027,0.1524979412,0.1522158466,0.1517438742,0.1510792489,0.1502094388,0.1491331528,0.1478453158,0.1463178828,0.1445496229,0.1425116257,0.1401725450,0.1374988922,0.1344327431,0.1308997541,0.1267867379,0.1219121308,0.1159460888,0.1082176501,0.0967710846,0.0528658912
198780.000000,0.1525786750,0.1524790352,0.1521970017,0.1517251315,0.1510606496,0.1501910265,0.1491149707,0.1478274076,0.1463002970,0.1445324074,0.1424948327,0.1401562315,0.1374831196,0.1344175810,0.1308852830,0.1267730540,0.1218993561,0.1159343915,0.1082072906,0.0967625869,0.0528642732
198840.000000,0.1525597474,0.1524601292,0.1521781568,0.1517063888,0.1510420503,0.1501726141,0.1490967886,0.1478094993,0.1462827112,0.1445151919,0.1424780398,0.1401399180,0.1374673469,0.1344024189,0.1308708119,0.1267593702,0.1218865815,0.1159226942,0.1081969311,0.0967540892,0.0528626552
198900.000000,0.1525408418,0.1524412452,0.1521593339,0.1516876678,0.1510234726,0.1501542231,0.1490786275,0.1477916118,0.1462651457,0.1444979962,0.1424612661,0.1401236231,0.1374515921,0.1343872740,0.1308563570,0.1267457016,0.1218738209,0.1159110096,0.1081865827,0.0967456005,0.0528610402
198960.000000,0.1525219362,0.1524223612,0.1521405110,0.1516689469,0.1510048949,0.1501358321,0.1490604664,0.1477737243,0.1462475803,0.1444808005,0.1424444924,0.1401073282,0.1374358373,0.1343721291,0.1308419021,0.1267320330,0.1218610604,0.1158993251,0.1081762344,0.0967371118,0.0528594252
199020.000000,0.1525030526,0.1524034991,0.1521217099,0.1516502477,0.1509863387,0.1501174624,0.1490423264,0.1477558574,0.1462300350,0.1444636245,0.1424277379,0.1400910519,0.1374201004,0.1343570013,0.1308274635,0.1267183796,0.1218483140,0.1158876533,0.1081658973,0.0967286321,0.0528578132
199080.000000,0.1524841690,0.1523846371,0.1521029089,0.1516315485,0.1509677826,0.1500990927,0.1490241863,0.1477379905,0.1462124897,0.1444464485,0.1424109834,0.1400747756,0.1374043635,0.1343418734,0.1308130248,0.1267047263,0.1218355676,0.1158759816,0.1081555601,0.0967201523,0.0528562013
199140.000000,0.1524653074,0.1523657970,0.1520841297,0.1516128710,0.1509492479,0.1500807443,0.1490060672,0.1477201442,0.1461949647,0.1444292923,0.1423942481,0.1400585178,0.1373886445,0.1343267627,0.1307986024,0.1266910881,0.1218228352,0.1158643226,0.1081452341,0.0967116816,0.0528545923
199200.000000,0.1524464457,0.1523469569,0.1520653505,0.1515941936,0.1509307133,0.1500623959,0.1489879481,0.1477022980,0.1461774396,0.1444121360,0.1423775127,0.1400422601,0.1373729255,0.1343116519,0.1307841799,0.1266774500,0.1218101029,0.1158526636,0.1081349081,0.0967032108,0.0528529833
199260.000000,0.1524276060,0.1523281386,0.1520465931,0.1515755377,0.1509122002,0.1500440688,0.1489698500,0.1476844723,0.1461599347,0.1443949994,0.1423607965,0.1400260208,0.1373572242,0.1342965582,0.1307697736,0.1266638270,0.1217973846,0.1158410174,0.1081245932,0.0966947490,0.0528513774
199320.000000,0.1524087662,0.1523093204,0.1520278357,0.1515568819,0.1508936870,0.1500257416,0.1489517518,0.1476666466,0.1461424298,0.1443778629,0.1423440803,0.1400097816,0.1373415230,0.1342814645,0.1307553674,0.1266502040,0.1217846663,0.1158293711,0.1081142783,0.0966862871,0.0528497714
199380.000000,0.1523899484,0.1522905240,0.1520091001,0.1515382478,0.1508751953,0.1500074356,0.1489336745,0.1476488414,0.1461249450,0.1443607459,0.1423273832,0.1399935608,0.1373258396,0.1342663878,0.1307409772,0.1266365962,0.1217719620,0.1158177376,0.1081039745,0.0966778342,0.0528481684
199440.000000,0.1523711305,0.1522717277,0.1519903644,0.1515196136,0.1508567036,0.1499891296,0.1489155973,0.1476310363,0.1461074602,0.1443436290,0.1423106861,0.1399773400,0.1373101562,0.1342513111,0.1307265871,0.1266229884,0.1217592578,0.1158061040,0.1080936707,0.0966693813,0.0528465655
199500.000000,0.1523523345,0.1522529531,0.1519716505,0.1515010010,0.1508382333,0.1499708448,0.1488975409,0.1476132516,0.1460899955,0.1443265316,0.1422940080,0.1399611377,0.1372944905,0.1342362514,0.1307122130,0.1266093957,0.1217465675,0.1157944832,0.1080833780,0.0966609373,0.0528449655
199560.000000,0.1523335384,0.1522341785,0.1519529366,0.1514823884,0.1508197630,0.1499525600,0.1488794845,0.1475954670,0.1460725307,0.1443094343,0.1422773300,0.1399449353,0.1372788248,0.1342211916,0.1306978390,0.1265958030,0.1217338772,0.1157828623,0.1080730853,0.0966524933,0.0528433655
199620.000000,0.1523147642,0.1522154257,0.1519342444,0.1514637973,0.1508013140,0.1499342963,0.1488614489,0.1475777028,0.1460550861,0.1442923565,0.1422606709,0.1399287514,0.1372631768,0.1342061489,0.1306834810,0.1265822254,0.1217212010,0.1157712541,0.1080628036,0.0966440582,0.0528417685
199680.000000,0.1522959899,0.1521966728,0.1519155521,0.1514452063,0.1507828651,0.1499160326,0.1488434133,0.1475599386,0.1460376414,0.1442752787,0.1422440119,0.1399125674,0.1372475288,0.1341911061,0.1306691231,0.1265686478,0.1217085247,0.1157596459,0.1080525220,0.0966356231,0.0528401715
199740.000000,0.1522772374,0.1521779417,0.1518968815,0.1514266367,0.1507644374,0.1498977899,0.1488253985,0.1475421948,0.1460202167,0.1442582204,0.1422273718,0.1398964019,0.1372318986,0.1341760802,0.1306547812,0.1265550853,0.1216958623,0.1157480504,0.1080422514,0.0966271968,0.0528385774
199800.000000,0.1522584849,0.1521592106,0.1518782109,0.1514080672,0.1507460098,0.1498795473,0.1488073836,0.1475244510,0.1460027920,0.1442411622,0.1422107318,0.1398802363,0.1372162683,0.1341610543,0.1306404392,0.1265415227,0.1216832000,0.1157364548,0.1080319808,0.0966187706,0.0528369834
199860.000000,0.1522397541,0.1521405012,0.1518595619,0.1513895191,0.1507276034,0.1498613257,0.1487893896,0.1475067276,0.1459853873,0.1442241234,0.1421941106,0.1398640891,0.1372006556,0.1341460454,0.1306261134,0.1265279752,0.1216705516,0.1157248719,0.1080217212,0.0966103532,0.0528353923
199920.000000,0.1522210233,0.1521217918,0.1518409129,0.1513709710,0.1507091971,0.1498431041,0.1487713955,0.1474890042,0.1459679826,0.1442070846,0.1421774895,0.1398479419,0.1371850430,0.1341310364,0.1306117875,0.1265144278,0.1216579032,0.1157132889,0.1080114616,0.0966019359,0.0528338012
199980.000000,0.1522023142,0.1521031040,0.1518222855,0.1513524444,0.1506908119,0.1498249035,0.1487534221,0.1474713011,0.1459505978,0.1441900653,0.1421608873,0.1398318129,0.1371694480,0.1341160442,0.1305974775,0.1265008953,0.1216452687,0.1157017186,0.1080012131,0.0965935273,0.0528322131
200040.000000,0.1521836051,0.1520844162,0.1518036580,0.1513339177,0.1506724268,0.1498067029,0.1487354487,0.1474535981,0.1459332130,0.1441730460,0.1421442851,0.1398156840,0.1371538530,0.1341010521,0.1305831676,0.1264873628,0.1216326341,0.1156901483,0.1079909645,0.0965851188,0.0528306250
200100.000000,0.1521649175,0.1520657500,0.1517850521,0.1513154124,0.1506540629,0.1497885232,0.1487174959,0.1474359153,0.1459158482,0.1441560461,0.1421277018,0.1397995733,0.1371382756,0.1340860768,0.1305688737,0.1264738453,0.1216200135,0.1156785905,0.1079807269,0.0965767191,0.0528290398
200160.000000,0.1521462300,0.1520470838,0.1517664462,0.1512969071,0.1506356989,0.1497703436,0.1486995432,0.1474182326,0.1458984833,0.1441390462,0.1421111185,0.1397834627,0.1371226981,0.1340711014,0.1305545797,0.1264603278,0.1216073929,0.1156670327,0.1079704893,0.0965683194,0.0528274546
200220.000000,0.1521275641,0.1520284391,0.1517478617,0.1512784232,0.1506173562,0.1497521848,0.1486816111,0.1474005701,0.1458811382,0.1441220656,0.1420945540,0.1397673703,0.1371071382,0.1340561429,0.1305403017,0.1264468253,0.1215947861,0.1156554875,0.1079602627,0.0965599285,0.0528258724
200280.000000,0.1521088982,0.1520097945,0.1517292772,0.1512599393,0.1505990134,0.1497340261,0.1486636790,0.1473829076,0.1458637932,0.1441050851,0.1420779895,0.1397512778,0.1370915784,0.1340411844,0.1305260237,0.1264333228,0.1215821793,0.1156439423,0.1079500360,0.0965515376,0.0528242901
200340.000000,0.1520902538,0.1519911713,0.1517107142,0.1512414766,0.1505806917,0.1497158882,0.1486457674,0.1473652653,0.1458464679,0.1440881239,0.1420614438,0.1397352036,0.1370760360,0.1340262426,0.1305117616,0.1264198352,0.1215695863,0.1156324096,0.1079398203,0.0965431555,0.0528227108
200400.000000,0.1520716094,0.1519725482,0.1516921512,0.1512230140,0.1505623701,0.1496977503,0.1486278559,0.1473476230,0.1458291427,0.1440711627,0.1420448982,0.1397191294,0.1370604936,0.1340113008,0.1304974994,0.1264063476,0.1215569933,0.1156208769,0.1079296047,0.0965347734,0.0528211315
200460.000000,0.1520529865,0.1519539465,0.1516736096,0.1512045726,0.1505440695,0.1496796333,0.1486099649,0.1473300010,0.1458118373,0.1440542209,0.1420283713,0.1397030733,0.1370449688,0.1339963758,0.1304832532,0.1263928749,0.1215444142,0.1156093567,0.1079193999,0.0965264001,0.0528195551
200520.000000,0.1520343636,0.1519353449,0.1516550679,0.1511861312,0.1505257689,0.1496615163,0.1485920739,0.1473123789,0.1457945318,0.1440372790,0.1420118444,0.1396870173,0.1370294439,0.1339814507,0.1304690069,0.1263794022,0.1215318350,0.1155978365,0.1079091951,0.0965180268,0.0528179788
200580.000000,0.1520157621,0.1519167646,0.1516365476,0.1511677111,0.1505074894,0.1496434200,0.1485742034,0.1472947770,0.1457772461,0.1440203564,0.1419953362,0.1396709793,0.1370139365,0.1339665424,0.1304547765,0.1263659443,0.1215192696,0.1155863288,0.1078990013,0.0965096623,0.0528164053
200640.000000,0.1519971607,0.1518981844,0.1516180273,0.1511492909,0.1504892098,0.1496253238,0.1485563329,0.1472771750,0.1457599604,0.1440034338,0.1419788280,0.1396549414,0.1369984291,0.1339516340,0.1304405461,0.1263524865,0.1215067042,0.1155748211,0.1078888074,0.0965012977,0.0528148318
200700.000000,0.1519785807,0.1518796255,0.1515995284,0.1511308919,0.1504709513,0.1496072483,0.1485384829,0.1472595932,0.1457426944,0.1439865304,0.1419623385,0.1396389216,0.1369829391,0.1339367423,0.1304263315,0.1263390435,0.1214941525,0.1155633259,0.1078786245,0.0964929419,0.0528132613
200760.000000,0.1519600006,0.1518610667,0.1515810294,0.1511124929,0.1504526927,0.1495891728,0.1485206328,0.1472420114,0.1457254284,0.1439696270,0.1419458491,0.1396229018,0.1369674491,0.1339218506,0.1304121169,0.1263256005,0.1214816009,0.1155518306,0.1078684415,0.0964845861,0.0528116907
200820.000000,0.1519414420,0.1518425292,0.1515625517,0.1510941151,0.1504344551,0.1495711181,0.1485028032,0.1472244497,0.1457081820,0.1439527428,0.1419293783,0.1396069000,0.1369519765,0.1339069756,0.1303979181,0.1263121724,0.1214690630,0.1155403478,0.1078582694,0.0964762391,0.0528101231
200880.000000,0.1519228834,0.1518239917,0.1515440740,0.1510757372,0.1504162175,0.1495530633,0.1484849736,0.1472068879,0.1456909357,0.1439358587,0.1419129075,0.1395908982,0.1369365039,0.1338921005,0.1303837193,0.1262987442,0.1214565250,0.1155288650,0.1078480973,0.0964678920,0.0528085554
200940.000000,0.1519043460,0.1518054755,0.1515256175,0.1510573805,0.1503980008,0.1495350292,0.1484671644,0.1471893462,0.1456737090,0.1439189936,0.1418964553,0.1395749145,0.1369210486,0.1338772420,0.1303695362,0.1262853309,0.1214440008,0.1155173946,0.1078379360,0.0964595537,0.0528069906
201000.000000,0.1518858087,0.1517869593,0.1515071610,0.1510390238,0.1503797842,0.1495169951,0.1484493551,0.1471718045,0.1456564823,0.1439021286,0.1418800031,0.1395589308,0.1369055934,0.1338623836,0.1303553531,0.1262719175,0.1214314766,0.1155059242,0.1078277747,0.0964512153,0.0528054259
201060.000000,0.1518672927,0.1517684644,0.1514887257,0.1510206881,0.1503615883,0.1494989817,0.1484315663,0.1471542828,0.1456392751,0.1438852827,0.1418635695,0.1395429650,0.1368901554,0.1338475417,0.1303411858,0.1262585189,0.1214189660,0.1154944662,0.1078176243,0.0964428857,0.0528038640
201120.000000,0.1518487767,0.1517499694,0.1514702905,0.1510023524,0.1503433925,0.1494809682,0.1484137774,0.1471367611,0.1456220680,0.1438684368,0.1418471359,0.1395269993,0.1368747175,0.1338326998,0.1303270184,0.1262451203,0.1214064554,0.1154830082,0.1078074739,0.0964345561,0.0528023021
201180.000000,0.1518302819,0.1517314957,0.1514518763,0.1509840377,0.1503252176,0.1494629754,0.1483960088,0.1471192594,0.1456048804,0.1438516100,0.1418307209,0.1395110515,0.1368592969,0.1338178745,0.1303128668,0.1262317365,0.1213939585,0.1154715625,0.1077973342,0.0964262351,0.0528007431
201240.000000,0.1518117872,0.1517130220,0.1514334622,0.1509657231,0.1503070426,0.1494449825,0.1483782402,0.1471017577,0.1455876929,0.1438347832,0.1418143059,0.1394951037,0.1368438762,0.1338030491,0.1302987151,0.1262183526,0.1213814616,0.1154601169,0.1077871946,0.0964179142,0.0527991841
201300.000000,0.1517933136,0.1516945695,0.1514150692,0.1509474294,0.1502888884,0.1494270102,0.1483604919,0.1470842758,0.1455705248,0.1438179755,0.1417979094,0.1394791739,0.1368284729,0.1337882403,0.1302845791,0.1262049835,0.1213689783,0.1154486836,0.1077770658,0.0964096019,0.0527976280
201360.000000,0.1517748401,0.1516761170,0.1513966761,0.1509291357,0.1502707343,0.1494090379,0.1483427436,0.1470667940,0.1455533568,0.1438011677,0.1417815129,0.1394632440,0.1368130695,0.1337734314,0.1302704432,0.1261916143,0.1213564950,0.1154372503,0.1077669369,0.0964012896,0.0527960719
201420.000000,0.1517563877,0.1516576857,0.1513783042,0.1509108630,0.1502526009,0.1493910862,0.1483250155,0.1470493321,0.1455362082,0.1437843790,0.1417651349,0.1394473321,0.1367976834,0.1337586391,0.1302563228,0.1261782598,0.1213440253,0.1154258293,0.1077568189,0.0963929860,0.0527945186
201480.000000,0.1517379353,0.1516392543,0.1513599322,0.1508925902,0.1502344674,0.1493731344,0.1483072875,0.1470318702,0.1455190596,0.1437675903,0.1417487569,0.1394314201,0.1367822972,0.1337438467,0.1302422025,0.1261649054,0.1213315556,0.1154144084,0.1077467008,0.0963846824,0.0527929654
201540.000000,0.1517195041,0.1516208440,0.1513415813,0.1508743384,0.1502163548,0.1493552031,0.1482895796,0.1470144281,0.1455019305,0.1437508205,0.1417323974,0.1394155260,0.1367669283,0.1337290708,0.1302280977,0.1261515656,0.1213190995,0.1154029997,0.1077365935,0.0963763874,0.0527914150
201600.000000,0.1517010729,0.1516024338,0.1513232304,0.1508560865,0.1501982421,0.1493372718,0.1482718717,0.1469969860,0.1454848014,0.1437340508,0.1417160378,0.1393996320,0.1367515593,0.1337142949,0.1302139930,0.1261382258,0.1213066434,0.1153915910,0.1077264862,0.0963680925,0.0527898646
201660.000000,0.1516826627,0.1515840446,0.1513049004,0.1508378556,0.1501801501,0.1493193610,0.1482541840,0.1469795637,0.1454676917,0.1437173000,0.1416996967,0.1393837557,0.1367362075,0.1336995354,0.1301999038,0.1261249006,0.1212942008,0.1153801946,0.1077163896,0.0963598061,0.0527883170
201720.000000,0.1516642526,0.1515656554,0.1512865705,0.1508196246,0.1501620580,0.1493014502,0.1482364963,0.1469621415,0.1454505820,0.1437005492,0.1416833556,0.1393678794,0.1367208558,0.1336847759,0.1301858147,0.1261115754,0.1212817582,0.1153687982,0.1077062930,0.0963515198,0.0527867695
201780.000000,0.1516458635,0.1515472872,0.1512682615,0.1508014144,0.1501439867,0.1492835597,0.1482188287,0.1469447390,0.1454334916,0.1436838173,0.1416670328,0.1393520210,0.1367055211,0.1336700328,0.1301717411,0.1260982649,0.1212693292,0.1153574141,0.1076962071,0.0963432421,0.0527852248
201840.000000,0.1516274744,0.1515289191,0.1512499525,0.1507832043,0.1501259153,0.1492656693,0.1482011611,0.1469273365,0.1454164013,0.1436670854,0.1416507101,0.1393361625,0.1366901865,0.1336552897,0.1301576674,0.1260849543,0.1212569001,0.1153460300,0.1076861212,0.0963349643,0.0527836801
201900.000000,0.1516091064,0.1515105719,0.1512316645,0.1507650149,0.1501078645,0.1492477993,0.1481835135,0.1469099537,0.1453993303,0.1436503724,0.1416344057,0.1393203218,0.1366748689,0.1336405629,0.1301436094,0.1260716583,0.1212444845,0.1153346581,0.1076760460,0.0963266952,0.0527821382
201960.000000,0.1515907383,0.1514922248,0.1512133764,0.1507468255,0.1500898138,0.1492299292,0.1481658660,0.1468925710,0.1453822593,0.1436336594,0.1416181013,0.1393044811,0.1366595514,0.1336258362,0.1301295513,0.1260583623,0.1212320690,0.1153232862,0.1076659708,0.0963184261,0.0527805963
202020.000000,0.1515723912,0.1514738985,0.1511951092,0.1507286569,0.1500717836,0.1492120795,0.1481482385,0.1468752079,0.1453652076,0.1436169652,0.1416018153,0.1392886582,0.1366442509,0.1336111258,0.1301155087,0.1260450809,0.1212196669,0.1153119265,0.1076559063,0.0963101655,0.0527790573
202080.000000,0.1515540441,0.1514555723,0.1511768420,0.1507104883,0.1500537534,0.1491942297,0.1481306110,0.1468578449,0.1453481559,0.1436002711,0.1415855292,0.1392728352,0.1366289504,0.1335964153,0.1301014661,0.1260317995,0.1212072648,0.1153005668,0.1076458418,0.0963019050,0.0527775182
202140.000000,0.1515357180,0.1514372670,0.1511585956,0.1506923403,0.1500357437,0.1491764003,0.1481130036,0.1468405015,0.1453311234,0.1435835957,0.1415692614,0.1392570299,0.1366136670,0.1335817212,0.1300874390,0.1260185326,0.1211948762,0.1152892193,0.1076357879,0.0962936530,0.0527759820
202200.000000,0.1515173918,0.1514189617,0.1511403493,0.1506741924,0.1500177340,0.1491585709,0.1480953961,0.1468231581,0.1453140910,0.1435669203,0.1415529937,0.1392412247,0.1365983835,0.1335670271,0.1300734118,0.1260052656,0.1211824876,0.1152778718,0.1076257341,0.0962854010,0.0527744458
202260.000000,0.1514990866,0.1514006772,0.1511221237,0.1506560652,0.1499997448,0.1491407617,0.1480778086,0.1468058343,0.1452970778,0.1435502637,0.1415367441,0.1392254371,0.1365831171,0.1335523492,0.1300594001,0.1259920132,0.1211701124,0.1152665365,0.1076156908,0.0962771576,0.0527729124
202320.000000,0.1514807813,0.1513823928,0.1511038981,0.1506379379,0.1499817557,0.1491229525,0.1480602211,0.1467885106,0.1452800646,0.1435336071,0.1415204946,0.1392096495,0.1365678507,0.1335376714,0.1300453884,0.1259787608,0.1211577372,0.1152552012,0.1076056476,0.0962689141,0.0527713790
202380.000000,0.1514624969,0.1513641292,0.1510856933,0.1506198313,0.1499637869,0.1491051635,0.1480426535,0.1467712064,0.1452630705,0.1435169693,0.1415042633,0.1391938795,0.1365526012,0.1335230098,0.1300313922,0.1259655229,0.1211453754,0.1152438780,0.1075956150,0.0962606793,0.0527698484
202440.000000,0.1514442125,0.1513458656,0.1510674885,0.1506017246,0.1499458182,0.1490873745,0.1480250859,0.1467539022,0.1452460765,0.1435003314,0.1414880320,0.1391781095,0.1365373517,0.1335083482,0.1300173959,0.1259522850,0.1211330135,0.1152325549,0.1075855824,0.0962524444,0.0527683178
202500.000000,0.1514259489,0.1513276228,0.1510493044,0.1505836386,0.1499278699,0.1490696058,0.1480075382,0.1467366176,0.1452291017,0.1434837123,0.1414718189,0.1391623571,0.1365221192,0.1334937027,0.1300034150,0.1259390615,0.1211206651,0.1152212438,0.1075755604,0.0962442180,0.0527667900
202560.000000,0.1514076853,0.1513093800,0.1510311203,0.1505655526,0.1499099215,0.1490518370,0.1479899905,0.1467193330,0.1452121268,0.1434670931,0.1414556058,0.1391466048,0.1365068867,0.1334790573,0.1299894341,0.1259258380,0.1211083167,0.1152099328,0.1075655384,0.0962359916,0.0527652622
202620.000000,0.1513894425,0.1512911579,0.1510129569,0.1505474871,0.1498919936,0.1490340883,0.1479724627,0.1467020679,0.1451951711,0.1434504926,0.1414394108,0.1391308700,0.1364916711,0.1334644281,0.1299754685,0.1259126289,0.1210959816,0.1151986338,0.1075555269,0.0962277738,0.0527637372
202680.000000,0.1513711997,0.1512729358,0.1509947934,0.1505294216,0.1498740656,0.1490163397,0.1479549349,0.1466848028,0.1451782153,0.1434338922,0.1414232158,0.1391151352,0.1364764555,0.1334497989,0.1299615030,0.1258994198,0.1210836465,0.1151873349,0.1075455155,0.0962195559,0.0527622122
202740.000000,0.1513529777,0.1512547345,0.1509766507,0.1505113766,0.1498561580,0.1489986111,0.1479374269,0.1466675572,0.1451612787,0.1434173103,0.1414070390,0.1390994179,0.1364612568,0.1334351858,0.1299475528,0.1258862251,0.1210713248,0.1151760480,0.1075355146,0.0962113466,0.0527606899
202800.000000,0.1513347556,0.1512365331,0.1509585079,0.1504933316,0.1498382504,0.1489808826,0.1479199188,0.1466503116,0.1451443420,0.1434007284,0.1413908621,0.1390837006,0.1364460581,0.1334205727,0.1299336025,0.1258730305,0.1210590031,0.1151647611,0.1075255137,0.0962031372,0.0527591677
202860.000000,0.1513165543,0.1512183525,0.1509403857,0.1504753071,0.1498203630,0.1489631741,0.1479024306,0.1466330854,0.1451274244,0.1433841652,0.1413747033,0.1390680009,0.1364308762,0.1334059757,0.1299196676,0.1258598502,0.1210466946,0.1151534863,0.1075155234,0.0961949363,0.0527576483
202920.000000,0.1512983529,0.1512001718,0.1509222635,0.1504572826,0.1498024757,0.1489454656,0.1478849424,0.1466158592,0.1451105068,0.1433676019,0.1413585446,0.1390523011,0.1364156943,0.1333913788,0.1299057327,0.1258466698,0.1210343862,0.1151422115,0.1075055331,0.0961867354,0.0527561288
202980.000000,0.1512801722,0.1511820118,0.1509041619,0.1504392785,0.1497846087,0.1489277772,0.1478674739,0.1465986525,0.1450936082,0.1433510572,0.1413424038,0.1390366188,0.1364005293,0.1333767979,0.1298918130,0.1258335039,0.1210220910,0.1151309488,0.1074955533,0.0961785430,0.0527546122
203040.000000,0.1512619915,0.1511638517,0.1508860603,0.1504212745,0.1497667416,0.1489100887,0.1478500054,0.1465814457,0.1450767096,0.1433345125,0.1413262631,0.1390209365,0.1363853642,0.1333622170,0.1298778934,0.1258203379,0.1210097959,0.1151196860,0.1074855734,0.0961703506,0.0527530955
203100.000000,0.1512438315,0.1511457123,0.1508679792,0.1504032908,0.1497488947,0.1488924203,0.1478325566,0.1465642583,0.1450598300,0.1433179864,0.1413101404,0.1390052717,0.1363702160,0.1333476522,0.1298639890,0.1258071862,0.1209975140,0.1151084353,0.1074756041,0.0961621666,0.0527515816
203160.000000,0.1512256714,0.1511275729,0.1508498981,0.1503853071,0.1497310479,0.1488747518,0.1478151079,0.1465470709,0.1450429504,0.1433014602,0.1412940177,0.1389896068,0.1363550677,0.1333330874,0.1298500845,0.1257940346,0.1209852321,0.1150971845,0.1074656348,0.0961539826,0.0527500677
203220.000000,0.1512075319,0.1511094540,0.1508318374,0.1503673438,0.1497132212,0.1488571033,0.1477976788,0.1465299029,0.1450260897,0.1432849526,0.1412779130,0.1389739593,0.1363399362,0.1333185386,0.1298361953,0.1257808972,0.1209729634,0.1150859458,0.1074556760,0.0961458071,0.0527485565
203280.000000,0.1511893925,0.1510913351,0.1508137768,0.1503493805,0.1496953946,0.1488394548,0.1477802497,0.1465127348,0.1450092291,0.1432684449,0.1412618083,0.1389583119,0.1363248047,0.1333039898,0.1298223061,0.1257677599,0.1209606947,0.1150747070,0.1074457172,0.0961376315,0.0527470454
203340.000000,0.1511712735,0.1510732367,0.1507957367,0.1503314375,0.1496775881,0.1488218262,0.1477628402,0.1464955861,0.1449923873,0.1432519557,0.1412457215,0.1389426818,0.1363096899,0.1332894571,0.1298084321,0.1257546368,0.1209484393,0.1150634803,0.1074357688,0.0961294644,0.0527455370
203400.000000,0.1511531546,0.1510551384,0.1507776965,0.1503134945,0.1496597815,0.1488041976,0.1477454307,0.1464784373,0.1449755455,0.1432354665,0.1412296347,0.1389270517,0.1362945752,0.1332749243,0.1297945581,0.1257415137,0.1209361838,0.1150522535,0.1074258205,0.0961212973,0.0527440286
203460.000000,0.1511350562,0.1510370605,0.1507596767,0.1502955718,0.1496419951,0.1487865889,0.1477280409,0.1464613078,0.1449587227,0.1432189957,0.1412135659,0.1389114390,0.1362794771,0.1332604075,0.1297806993,0.1257284048,0.1209239415,0.1150410387,0.1074158826,0.0961131386,0.0527425229
203520.000000,0.1511169578,0.1510189826,0.1507416570,0.1502776491,0.1496242087,0.1487689802,0.1477106510,0.1464441784,0.1449418998,0.1432025249,0.1411974970,0.1388958263,0.1362643790,0.1332458907,0.1297668404,0.1257152959,0.1209116993,0.1150298239,0.1074059446,0.0961049798,0.0527410173
203580.000000,0.1510988798,0.1510009252,0.1507236576,0.1502597466,0.1496064424,0.1487513913,0.1476932807,0.1464270681,0.1449250957,0.1431860725,0.1411814461,0.1388802309,0.1362492976,0.1332313898,0.1297529967,0.1257022013,0.1208994701,0.1150186210,0.1073960172,0.0960968295,0.0527395144
203640.000000,0.1510808019,0.1509828678,0.1507056582,0.1502418442,0.1495886760,0.1487338024,0.1476759104,0.1464099578,0.1449082917,0.1431696201,0.1411653951,0.1388646354,0.1362342162,0.1332168889,0.1297391529,0.1256891066,0.1208872410,0.1150074181,0.1073860897,0.0960886792,0.0527380114
203700.000000,0.1510627443,0.1509648308,0.1506876791,0.1502239619,0.1495709297,0.1487162334,0.1476585596,0.1463928668,0.1448915064,0.1431531861,0.1411493620,0.1388490573,0.1362191514,0.1332024040,0.1297253243,0.1256760262,0.1208750251,0.1149962271,0.1073761726,0.0960805372,0.0527365113
203760.000000,0.1510446868,0.1509467938,0.1506697001,0.1502060797,0.1495531834,0.1486986643,0.1476412088,0.1463757757,0.1448747212,0.1431367521,0.1411333289,0.1388334791,0.1362040866,0.1331879190,0.1297114957,0.1256629457,0.1208628091,0.1149850361,0.1073662555,0.0960723953,0.0527350111
203820.000000,0.1510266497,0.1509287771,0.1506517413,0.1501882176,0.1495354571,0.1486811150,0.1476238775,0.1463587038,0.1448579547,0.1431203364,0.1411173136,0.1388179182,0.1361890385,0.1331734500,0.1296976821,0.1256498794,0.1208506062,0.1149738571,0.1073563489,0.0960642617,0.0527335136
203880.000000,0.1510086126,0.1509107605,0.1506337826,0.1501703555,0.1495177308,0.1486635657,0.1476065462,0.1463416319,0.1448411883,0.1431039206,0.1411012983,0.1388023573,0.1361739903,0.1331589809,0.1296838686,0.1256368131,0.1208384034,0.1149626780,0.1073464422,0.0960561281,0.0527320161
203940.000000,0.1509905958,0.1508927641,0.1506158441,0.1501525136,0.1495000245,0.1486460362,0.1475892344,0.1463245791,0.1448244405,0.1430875232,0.1410853008,0.1387868137,0.1361589587,0.1331445277,0.1296700701,0.1256237609,0.1208262136,0.1149515108,0.1073365459,0.0960480029,0.0527305214
204000.000000,0.1509725791,0.1508747678,0.1505979055,0.1501346716,0.1494823181,0.1486285066,0.1475719225,0.1463075264,0.1448076928,0.1430711258,0.1410693033,0.1387712700,0.1361439271,0.1331300745,0.1296562716,0.1256107088,0.1208140238,0.1149403435,0.1073266496,0.0960398776,0.0527290267
204060.000000,0.1509545826,0.1508567918,0.1505799873,0.1501168497,0.1494646317,0.1486109967,0.1475546301,0.1462904927,0.1447909638,0.1430547467,0.1410533235,0.1387557435,0.1361289121,0.1331156371,0.1296424881,0.1255976707,0.1208018471,0.1149291882,0.1073167636,0.0960317607,0.0527275346
204120.000000,0.1509365862,0.1508388158,0.1505620690,0.1500990279,0.1494469453,0.1485934869,0.1475373377,0.1462734590,0.1447742347,0.1430383675,0.1410373437,0.1387402170,0.1361138970,0.1331011997,0.1296287046,0.1255846327,0.1207896704,0.1149180328,0.1073068777,0.0960236438,0.0527260426
204180.000000,0.1509186100,0.1508208600,0.1505441709,0.1500812261,0.1494292787,0.1485759967,0.1475200647,0.1462564443,0.1447575244,0.1430220066,0.1410213817,0.1387247076,0.1360988985,0.1330867781,0.1296149361,0.1255716087,0.1207775068,0.1149068893,0.1072970021,0.0960155352,0.0527245532
204240.000000,0.1509006339,0.1508029042,0.1505262728,0.1500634243,0.1494116122,0.1485585065,0.1475027916,0.1462394297,0.1447408140,0.1430056456,0.1410054197,0.1387091983,0.1360838999,0.1330723565,0.1296011677,0.1255585847,0.1207653431,0.1148957457,0.1072871265,0.0960074266,0.0527230639
204300.000000,0.1508826780,0.1507849687,0.1505083948,0.1500456425,0.1493939655,0.1485410359,0.1474855379,0.1462224341,0.1447241223,0.1429893029,0.1409894753,0.1386937061,0.1360689179,0.1330579507,0.1295874141,0.1255455748,0.1207531925,0.1148846140,0.1072772612,0.0959993263,0.0527215773
204360.000000,0.1508647220,0.1507670331,0.1504905169,0.1500278607,0.1493763188,0.1485235653,0.1474682842,0.1462054385,0.1447074305,0.1429729601,0.1409735310,0.1386782138,0.1360539358,0.1330435449,0.1295736606,0.1255325649,0.1207410418,0.1148734822,0.1072673959,0.0959912260,0.0527200906
204420.000000,0.1508467863,0.1507491178,0.1504726590,0.1500100990,0.1493586919,0.1485061143,0.1474510499,0.1461884618,0.1446907574,0.1429566356,0.1409576043,0.1386627387,0.1360389702,0.1330291548,0.1295599220,0.1255195690,0.1207289042,0.1148623623,0.1072575409,0.0959831340,0.0527186067
204480.000000,0.1508288506,0.1507312024,0.1504548011,0.1499923372,0.1493410650,0.1484886633,0.1474338155,0.1461714852,0.1446740842,0.1429403110,0.1409416776,0.1386472636,0.1360240046,0.1330147648,0.1295461835,0.1255065731,0.1207167666,0.1148512423,0.1072476859,0.0959750420,0.0527171227
204540.000000,0.1508109351,0.1507133072,0.1504369634,0.1499745953,0.1493234579,0.1484712318,0.1474166004,0.1461545275,0.1446574297,0.1429240045,0.1409257685,0.1386318055,0.1360090555,0.1330003904,0.1295324598,0.1254935913,0.1207046419,0.1148401341,0.1072378412,0.0959669583,0.0527156415
204600.000000,0.1507930195,0.1506954119,0.1504191256,0.1499568535,0.1493058508,0.1484538004,0.1473993853,0.1461375698,0.1446407751,0.1429076980,0.1409098594,0.1386163474,0.1359941063,0.1329860160,0.1295187361,0.1254806094,0.1206925172,0.1148290260,0.1072279965,0.0959588745,0.0527141602
204660.000000,0.1507751241,0.1506775368,0.1504013078,0.1499391315,0.1492882634,0.1484363885,0.1473821894,0.1461206310,0.1446241390,0.1428914097,0.1408939680,0.1386009064,0.1359791735,0.1329716574,0.1295050274,0.1254676415,0.1206804055,0.1148179295,0.1072181621,0.0959507991,0.0527126816
204720.000000,0.1507572287,0.1506596617,0.1503834901,0.1499214096,0.1492706761,0.1484189765,0.1473649935,0.1461036922,0.1446075030,0.1428751213,0.1408780765,0.1385854653,0.1359642407,0.1329572987,0.1294913186,0.1254546736,0.1206682938,0.1148068331,0.1072083277,0.0959427236,0.0527112030
204780.000000,0.1507393534,0.1506418067,0.1503656923,0.1499037075,0.1492531084,0.1484015841,0.1473478169,0.1460867723,0.1445908854,0.1428588510,0.1408622026,0.1385700413,0.1359493243,0.1329429557,0.1294776247,0.1254417197,0.1206561950,0.1147957483,0.1071985035,0.0959346564,0.0527097271
204840.000000,0.1507214781,0.1506239516,0.1503478946,0.1498860055,0.1492355407,0.1483841916,0.1473306402,0.1460698524,0.1445742679,0.1428425807,0.1408463286,0.1385546172,0.1359344079,0.1329286127,0.1294639307,0.1254287658,0.1206440963,0.1147846636,0.1071886793,0.0959265892,0.0527082512
204900.000000,0.1507036229,0.1506061166,0.1503301168,0.1498683233,0.1492179927,0.1483668186,0.1473134827,0.1460529514,0.1445576688,0.1428263284,0.1408304722,0.1385392101,0.1359195078,0.1329142853,0.1294502517,0.1254158258,0.1206320104,0.1147735906,0.1071788653,0.0959185302,0.0527067779
204960.000000,0.1506857676,0.1505882816,0.1503123390,0.1498506410,0.1492004447,0.1483494456,0.1472963252,0.1460360503,0.1445410697,0.1428100761,0.1408146158,0.1385238030,0.1359046077,0.1328999579,0.1294365726,0.1254028858,0.1206199245,0.1147625176,0.1071690514,0.0959104712,0.0527053047
205020.000000,0.1506679324,0.1505704665,0.1502945811,0.1498329786,0.1491829163,0.1483320920,0.1472791868,0.1460191681,0.1445244890,0.1427938418,0.1407987769,0.1385084129,0.1358897240,0.1328856461,0.1294229083,0.1253899597,0.1206078515,0.1147514562,0.1071592476,0.0959024204,0.0527038341
205080.000000,0.1506500971,0.1505526515,0.1502768232,0.1498153162,0.1491653880,0.1483147384,0.1472620485,0.1460022858,0.1445079084,0.1427776075,0.1407829380,0.1384930227,0.1358748402,0.1328713343,0.1294092440,0.1253770336,0.1205957785,0.1147403949,0.1071494439,0.0958943696,0.0527023635
205140.000000,0.1506322819,0.1505348565,0.1502590853,0.1497976735,0.1491478792,0.1482974042,0.1472449292,0.1459854224,0.1444913461,0.1427613911,0.1407671166,0.1384776495,0.1358599727,0.1328570381,0.1293955945,0.1253641214,0.1205837184,0.1147293452,0.1071396503,0.0958863271,0.0527008955
205200.000000,0.1506144666,0.1505170614,0.1502413473,0.1497800309,0.1491303704,0.1482800699,0.1472278099,0.1459685589,0.1444747838,0.1427451748,0.1407512952,0.1384622762,0.1358451052,0.1328427418,0.1293819450,0.1253512092,0.1205716582,0.1147182955,0.1071298568,0.0958782845,0.0526994276
205260.000000,0.1505966713,0.1504992862,0.1502236291,0.1497624079,0.1491128812,0.1482627550,0.1472107097,0.1459517141,0.1444582399,0.1427289764,0.1407354912,0.1384469198,0.1358302540,0.1328284612,0.1293683102,0.1253383108,0.1205596109,0.1147072575,0.1071200734,0.0958702501,0.0526979623
205320.000000,0.1505788760,0.1504815111,0.1502059110,0.1497447850,0.1490953919,0.1482454401,0.1471936095,0.1459348694,0.1444416960,0.1427127779,0.1407196872,0.1384315635,0.1358154027,0.1328141805,0.1293546755,0.1253254125,0.1205475636,0.1146962194,0.1071102900,0.0958622157,0.0526964969
205380.000000,0.1505611006,0.1504637558,0.1501882127,0.1497271817,0.1490779222,0.1482281445,0.1471765284,0.1459180434,0.1444251704,0.1426965974,0.1407039006,0.1384162239,0.1358005677,0.1327999153,0.1293410555,0.1253125280,0.1205355291,0.1146851930,0.1071005168,0.0958541895,0.0526950343
205440.000000,0.1505433252,0.1504460006,0.1501705143,0.1497095785,0.1490604525,0.1482108489,0.1471594472,0.1459012173,0.1444086449,0.1426804169,0.1406881140,0.1384008844,0.1357857326,0.1327856502,0.1293274354,0.1252996435,0.1205234947,0.1146741666,0.1070907436,0.0958461633,0.0526935716
205500.000000,0.1505255697,0.1504282652,0.1501528358,0.1496919949,0.1490430023,0.1481935726,0.1471423850,0.1458844100,0.1443921376,0.1426642542,0.1406723447,0.1383855617,0.1357709138,0.1327714005,0.1293138301,0.1252867728,0.1205114730,0.1146631518,0.1070809805,0.0958381453,0.0526921115
205560.000000,0.1505078142,0.1504105298,0.1501351572,0.1496744113,0.1490255521,0.1481762962,0.1471253228,0.1458676026,0.1443756303,0.1426480915,0.1406565755,0.1383702389,0.1357560949,0.1327571508,0.1293002248,0.1252739021,0.1204994513,0.1146521369,0.1070712174,0.0958301272,0.0526906515
205620.000000,0.1504900785,0.1503928141,0.1501174984,0.1496568473,0.1490081213,0.1481590391,0.1471082796,0.1458508139,0.1443591412,0.1426319467,0.1406408236,0.1383549330,0.1357412923,0.1327429166,0.1292866341,0.1252610452,0.1204874423,0.1146411337,0.1070614645,0.0958221173,0.0526891941
205680.000000,0.1504723428,0.1503750985,0.1500998396,0.1496392834,0.1489906905,0.1481417820,0.1470912364,0.1458340252,0.1443426522,0.1426158019,0.1406250717,0.1383396271,0.1357264896,0.1327286824,0.1292730435,0.1252481882,0.1204754334,0.1146301304,0.1070517115,0.0958141074,0.0526877367
205740.000000,0.1504546270,0.1503574027,0.1500822005,0.1496217390,0.1489732792,0.1481245441,0.1470742121,0.1458172551,0.1443261814,0.1425996748,0.1406093371,0.1383243379,0.1357117030,0.1327144636,0.1292594675,0.1252353451,0.1204634372,0.1146191388,0.1070419687,0.0958061057,0.0526862819
205800.000000,0.1504369111,0.1503397069,0.1500645614,0.1496041946,0.1489558678,0.1481073062,0.1470571878,0.1458004849,0.1443097106,0.1425835478,0.1405936025,0.1383090487,0.1356969164,0.1327002448,0.1292458915,0.1252225019,0.1204514411,0.1146081471,0.1070322258,0.0957981039,0.0526848270
205860.000000,0.1504192150,0.1503220308,0.1500469419,0.1495866698,0.1489384758,0.1480900874,0.1470401824,0.1457837334,0.1442932580,0.1425674385,0.1405778852,0.1382937762,0.1356821460,0.1326860414,0.1292323301,0.1252096725,0.1204394576,0.1145971669,0.1070224931,0.0957901103,0.0526833749
205920.000000,0.1504015188,0.1503043547,0.1500293225,0.1495691449,0.1489210839,0.1480728687,0.1470231769,0.1457669818,0.1442768054,0.1425513292,0.1405621678,0.1382785037,0.1356673755,0.1326718380,0.1292187687,0.1251968431,0.1204274741,0.1145861868,0.1070127603,0.0957821166,0.0526819227
205980.000000,0.1503838425,0.1502866983,0.1500117227,0.1495516396,0.1489037112,0.1480556691,0.1470061904,0.1457502488,0.1442603709,0.1425352377,0.1405464677,0.1382632479,0.1356526211,0.1326576500,0.1292052219,0.1251840274,0.1204155034,0.1145752181,0.1070030376,0.0957741311,0.0526804731
206040.000000,0.1503661661,0.1502690419,0.1499941228,0.1495341342,0.1488863386,0.1480384694,0.1469892038,0.1457335158,0.1442439364,0.1425191461,0.1405307677,0.1382479922,0.1356378668,0.1326434620,0.1291916751,0.1251712117,0.1204035326,0.1145642495,0.1069933149,0.0957661455,0.0526790235
206100.000000,0.1503485094,0.1502514052,0.1499765426,0.1495166484,0.1488689853,0.1480212889,0.1469722361,0.1457168013,0.1442275201,0.1425030722,0.1405150848,0.1382327530,0.1356231284,0.1326292893,0.1291781429,0.1251584096,0.1203915745,0.1145532924,0.1069836023,0.0957581681,0.0526775765
206160.000000,0.1503308527,0.1502337685,0.1499589624,0.1494991625,0.1488516319,0.1480041083,0.1469552683,0.1457000867,0.1442111038,0.1424869984,0.1404994019,0.1382175139,0.1356083901,0.1326151167,0.1291646107,0.1251456076,0.1203796165,0.1145423352,0.1069738896,0.0957501906,0.0526761295
206220.000000,0.1503132156,0.1502161514,0.1499414017,0.1494816961,0.1488342979,0.1479869468,0.1469383194,0.1456833907,0.1441947056,0.1424709422,0.1404837362,0.1382022914,0.1355936677,0.1326009593,0.1291510930,0.1251328193,0.1203676710,0.1145313896,0.1069641870,0.0957422213,0.0526746851
206280.000000,0.1502955786,0.1501985343,0.1499238411,0.1494642297,0.1488169638,0.1479697854,0.1469213704,0.1456666946,0.1441783073,0.1424548860,0.1404680705,0.1381870689,0.1355789454,0.1325868020,0.1291375753,0.1251200309,0.1203557256,0.1145204439,0.1069544844,0.0957342519,0.0526732407
206340.000000,0.1502779611,0.1501809368,0.1499062999,0.1494467827,0.1487996490,0.1479526429,0.1469044402,0.1456500170,0.1441619271,0.1424388475,0.1404524220,0.1381718630,0.1355642390,0.1325726600,0.1291240722,0.1251072562,0.1203437928,0.1145095097,0.1069447919,0.0957262906,0.0526717989
206400.000000,0.1502603437,0.1501633393,0.1498887588,0.1494293357,0.1487823342,0.1479355004,0.1468875100,0.1456333394,0.1441455470,0.1424228089,0.1404367734,0.1381566571,0.1355495327,0.1325585179,0.1291105690,0.1250944814,0.1203318600,0.1144985755,0.1069350993,0.0957183293,0.0526703570
206460.000000,0.1502427459,0.1501457614,0.1498712371,0.1494119080,0.1487650385,0.1479183769,0.1468705985,0.1456166802,0.1441291848,0.1424067879,0.1404211420,0.1381414678,0.1355348423,0.1325443911,0.1290970803,0.1250817203,0.1203199398,0.1144876527,0.1069254167,0.0957103760,0.0526689178
206520.000000,0.1502251480,0.1501281834,0.1498537155,0.1493944804,0.1487477429,0.1479012534,0.1468536871,0.1456000210,0.1441128227,0.1423907670,0.1404055106,0.1381262785,0.1355201519,0.1325302643,0.1290835916,0.1250689592,0.1203080197,0.1144767299,0.1069157341,0.0957024228,0.0526674786
206580.000000,0.1502075697,0.1501106250,0.1498362133,0.1493770720,0.1487304665,0.1478841489,0.1468367943,0.1455833801,0.1440964785,0.1423747636,0.1403898962,0.1381111057,0.1355054774,0.1325161528,0.1290701174,0.1250562117,0.1202961121,0.1144658186,0.1069060615,0.0956944776,0.0526660419
206640.000000,0.1501899914,0.1500930666,0.1498187111,0.1493596637,0.1487131900,0.1478670443,0.1468199015,0.1455667393,0.1440801344,0.1423587602,0.1403742819,0.1380959329,0.1354908030,0.1325020413,0.1290566432,0.1250434642,0.1202842045,0.1144549072,0.1068963889,0.0956865323,0.0526646052
206700.000000,0.1501724327,0.1500755277,0.1498012283,0.1493422747,0.1486959327,0.1478499587,0.1468030273,0.1455501167,0.1440638082,0.1423427744,0.1403586846,0.1380807767,0.1354761444,0.1324879449,0.1290431835,0.1250307302,0.1202723095,0.1144440073,0.1068867263,0.0956785951,0.0526631711
206760.000000,0.1501548739,0.1500579887,0.1497837455,0.1493248857,0.1486786753,0.1478328731,0.1467861531,0.1455334942,0.1440474820,0.1423267885,0.1403430873,0.1380656204,0.1354614858,0.1324738486,0.1290297237,0.1250179963,0.1202604144,0.1144331073,0.1068770636,0.0956706579,0.0526617370
206820.000000,0.1501373346,0.1500404693,0.1497662821,0.1493075159,0.1486614371,0.1478158063,0.1467692976,0.1455168900,0.1440311737,0.1423108202,0.1403275071,0.1380504806,0.1354468431,0.1324597674,0.1290162783,0.1250052759,0.1202485320,0.1144222187,0.1068674109,0.0956627287,0.0526603055
206880.000000,0.1501197953,0.1500229498,0.1497488187,0.1492901462,0.1486441989,0.1477987396,0.1467524421,0.1455002858,0.1440148655,0.1422948518,0.1403119268,0.1380353408,0.1354322004,0.1324456863,0.1290028330,0.1249925555,0.1202366495,0.1144113302,0.1068577583,0.0956547996,0.0526588739
206940.000000,0.1501022754,0.1500054497,0.1497313746,0.1492727956,0.1486269797,0.1477816917,0.1467356051,0.1454836998,0.1439985751,0.1422789010,0.1402963635,0.1380202175,0.1354175736,0.1324316203,0.1289894020,0.1249798486,0.1202247795,0.1144004529,0.1068481155,0.0956468784,0.0526574449
207000.000000,0.1500847555,0.1499879497,0.1497139306,0.1492554451,0.1486097605,0.1477646438,0.1467187681,0.1454671139,0.1439822847,0.1422629501,0.1402808002,0.1380050941,0.1354029467,0.1324175543,0.1289759710,0.1249671417,0.1202129096,0.1143895757,0.1068384727,0.0956389572,0.0526560159
207060.000000,0.1500672551,0.1499704690,0.1496965058,0.1492381138,0.1485925604,0.1477476147,0.1467019497,0.1454505461,0.1439660122,0.1422470167,0.1402652539,0.1379899872,0.1353883357,0.1324035035,0.1289625544,0.1249544483,0.1202010521,0.1143787098,0.1068288399,0.0956310440,0.0526545895
207120.000000,0.1500497546,0.1499529883,0.1496790811,0.1492207824,0.1485753602,0.1477305856,0.1466851313,0.1454339784,0.1439497397,0.1422310832,0.1402497076,0.1379748803,0.1353737246,0.1323894526,0.1289491378,0.1249417549,0.1201891946,0.1143678439,0.1068192071,0.0956231307,0.0526531630
207180.000000,0.1500322591,0.1499355125,0.1496616612,0.1492034560,0.1485581649,0.1477135613,0.1466683176,0.1454174153,0.1439334718,0.1422151543,0.1402341656,0.1379597775,0.1353591176,0.1323754056,0.1289357248,0.1249290649,0.1201773403,0.1143569809,0.1068095767,0.0956152196,0.0526517377
207240.000000,0.1500147732,0.1499180464,0.1496442510,0.1491861391,0.1485409791,0.1476965464,0.1466515132,0.1454008613,0.1439172127,0.1421992340,0.1402186321,0.1379446830,0.1353445184,0.1323613661,0.1289223191,0.1249163816,0.1201654923,0.1143461236,0.1067999514,0.0956073124,0.0526503137
207291.000000,0.1499999179,0.1499032079,0.1496294599,0.1491714273,0.1485263786,0.1476820911,0.1466372367,0.1453867976,0.1439033995,0.1421857086,0.1402054353,0.1379318590,0.1353321154,0.1323494385,0.1289109298,0.1249056062,0.1201554264,0.1143368993,0.1067917737,0.0956005944,0.0526491043
