time_s,oven_temperature_C,oven_moisture_kg_kg,surface_temperature_C,surface_moisture_kg_kg,water_mass_flux_kg_m2_s,latent_heat_J_kg,latent_heat_flux_W_m2,convective_heat_flux_W_m2,conductive_heat_flux_W_m2,surface_energy_residual_W_m2
60,28.528,0.02002,19.95233242,2.294207964,0.0005003982259,2453712.495,1227.83338,214.3916894,-1013.44169,-1.285116014e-09
120,29.192,0.02053,17.38545393,2.180691872,0.0004753086313,2459770.329,1169.150068,295.1636517,-873.9864166,7.469225238e-10
180,29.684,0.021,15.71609496,2.093430584,0.0004560047825,2463710.016,1123.46355,349.1976259,-774.2659241,8.274128049e-10
240,30.037,0.02151,14.4861247,2.020618807,0.000439871513,2466612.746,1084.99268,388.7718824,-696.220798,-3.371496859e-09
300,30.834,0.02191,13.5809149,1.957767798,0.000425954153,2468749.041,1051.573907,431.3271276,-620.246779,-3.547029337e-10
360,31.293,0.02233,12.86541145,1.902338526,0.0004136654253,2470437.629,1021.934632,460.6897138,-561.2449186,2.285673872e-09
420,31.82,0.02278,12.2917934,1.852640566,0.000402631179,2471791.368,995.2202725,488.205165,-507.0151075,-4.711182555e-10
480,32.121,0.02325,11.80496944,1.807523311,0.0003926004418,2472940.272,970.8774433,507.9007641,-462.9766793,-8.84142537e-10
540,32.73,0.02377,11.4237741,1.766328862,0.0003834218529,2473839.893,948.5242757,532.6556474,-415.8686283,-2.150613909e-09
600,33.202,0.02428,11.1138586,1.728542431,0.0003749953437,2474571.294,927.9527127,552.203535,-375.7491777,3.976765584e-10
660,33.879,0.02465,10.8837066,1.693748626,0.0003672581179,2475114.452,909.0058753,574.882335,-334.1235403,-1.125840754e-09
720,34.268,0.02506,10.68729857,1.661509474,0.000360074201,2475577.975,891.3917614,589.5175357,-301.8742257,-4.757794159e-10
780,34.806,0.02552,10.53901762,1.631508406,0.0003533717363,2475927.918,874.9229476,606.6745594,-268.2483882,-3.331024345e-10
840,35.142,0.02612,10.41333051,1.603492747,0.000347075324,2476224.54,859.4364344,618.2167373,-241.2196971,-2.099000085e-09
900,35.524,0.0266,10.31534327,1.577203609,0.0003411852088,2476455.79,844.9300857,630.2164184,-214.7136673,3.37649908e-11
960,36.091,0.02687,10.26818407,1.552614024,0.0003357152598,2476567.086,831.4213626,645.5703982,-185.8509644,-1.145963324e-09
1020,36.354,0.02732,10.22799741,1.529506185,0.0003305317389,2476661.926,818.6153731,653.1500647,-165.4653084,4.00746103e-10
1080,37.067,0.02793,10.25136207,1.507916858,0.0003256471365,2476606.786,806.499908,670.3909481,-136.1089598,-5.785523172e-10
1140,37.419,0.02826,10.28541392,1.487691166,0.0003211241893,2476526.423,795.27254,678.3396521,-116.9328879,1.24532562e-09
1200,37.882,0.02891,10.34235881,1.468654471,0.000316792451,2476392.033,784.5023018,688.4910297,-96.01127218,-1.044895725e-09
1260,38.134,0.02921,10.39911896,1.450636723,0.0003127619273,2476258.079,774.4792493,693.3720259,-81.10722341,-2.411297828e-10
1320,38.767,0.02961,10.5065635,1.433716188,0.000308950824,2476004.51,764.9636338,706.5109125,-58.45272127,-1.607759259e-09
1380,39.125,0.03029,10.62441472,1.417869327,0.000305314356,2475726.381,755.8748057,712.5146321,-43.36017359,9.874838724e-10
1440,39.458,0.03051,10.74594968,1.402831886,0.0003019572033,2475439.559,747.476806,717.801258,-29.67554802,-7.947846825e-10
1500,39.595,0.03098,10.85450409,1.388478056,0.0002986954597,2475183.37,739.3260346,718.5123978,-20.81363682,1.906983016e-09
1560,40.061,0.03137,10.99877017,1.37488782,0.0002956193352,2474842.902,731.6114135,726.5557457,-5.055667789,1.332182364e-09
1620,40.238,0.03179,11.13844609,1.362007183,0.0002926927454,2474513.267,724.2720817,727.4888478,3.216766104,5.62522473e-10
1680,40.621,0.03219,11.29977958,1.349782254,0.0002899148343,2474132.52,717.2877196,733.0305105,15.74279088,3.434479368e-10
1740,41.166,0.03262,11.50239931,1.3383636,0.0002873077298,2473654.338,710.7000121,741.5900173,30.89000528,-1.497141966e-09
1800,41.513,0.03307,11.71008082,1.327649328,0.0002848512127,2473164.209,704.4838242,745.0729794,40.5891552,-2.791011866e-10
1860,41.918,0.03345,11.92941124,1.317531155,0.0002825412597,2472646.589,698.6246822,749.7147191,51.09003689,-1.104695002e-09
1920,41.952,0.03403,12.11672502,1.30783207,0.0002802795135,2472204.529,692.9082827,745.8818746,52.97359194,9.810037227e-10
1980,42.263,0.03447,12.31820408,1.29852727,0.000278135328,2471729.038,687.4751668,748.619898,61.14473125,-6.617710824e-10
2040,42.589,0.03476,12.53744049,1.289719428,0.0002761334953,2471211.64,682.384308,751.2889877,68.90467967,9.706582205e-10
2100,42.745,0.03513,12.74677626,1.281304534,0.0002742005216,2470717.608,677.4720568,749.9555935,72.48353667,8.121787687e-10
2160,42.985,0.03558,12.96135928,1.273254192,0.0002723301591,2470211.192,672.713007,750.591018,77.878011,6.062919056e-10
2220,43.393,0.03609,13.20425137,1.265682036,0.0002705518116,2469637.967,668.1650258,754.7187156,86.55368982,-1.637090463e-10
2280,43.534,0.03646,13.43329691,1.258470549,0.0002688836282,2469097.419,663.8998724,752.5175773,88.61770493,1.122543836e-09
2340,43.97,0.03653,13.6885527,1.251611788,0.0002673590666,2468495.016,659.9745234,757.0361826,97.0616592,-3.410605132e-13
2400,44.102,0.03694,13.92898908,1.245095091,0.000265834959,2467927.586,656.0614286,754.3252731,98.26384446,3.742570698e-10
2460,44.503,0.03731,14.19110888,1.238913712,0.0002643934341,2467308.983,652.3402951,757.797278,105.4569828,1.241460268e-10
2520,44.663,0.03766,14.44220099,1.233035185,0.0002630229478,2466716.406,648.8030205,755.5199753,106.7169548,5.619540389e-10
2580,44.701,0.03812,14.66866096,1.227303279,0.0002616605191,2466181.96,645.3024518,750.8084761,105.5060243,-1.620833245e-09
2640,45.138,0.0384,14.93189901,1.221855183,0.0002604001445,2465560.718,642.0323673,755.1525248,113.1201575,6.597247193e-10
2700,45.323,0.03858,15.19032535,1.216695797,0.0002592252991,2464950.832,638.9776167,753.3168663,114.3392496,1.406306183e-09
2760,45.324,0.03903,15.41866121,1.21165135,0.0002580163349,2464411.96,635.8585415,747.6334697,111.7749282,1.609805622e-10
2820,45.462,0.0394,15.64688346,1.206723605,0.000256850652,2463873.355,632.8474777,745.3779136,112.5304359,-1.359012458e-09
2880,45.818,0.03954,15.90480043,1.202043619,0.0002557900921,2463264.671,630.078697,747.8299893,117.7512923,2.797833076e-09
2940,45.739,0.04013,16.12718114,1.197517149,0.0002546642958,2462739.853,627.1719102,740.2954715,113.1235613,-6.056097845e-10
3000,45.93,0.04011,16.35548682,1.193048572,0.0002536854585,2462201.051,624.6246025,739.3628295,114.738227,2.168007995e-10
3060,45.999,0.04076,16.57901742,1.188752466,0.0002525971479,2461673.519,621.8117098,735.4995644,113.6878546,2.896740625e-10
3120,46.512,0.0407,16.85129062,1.18470839,0.0002517205164,2461030.954,619.4919827,741.5177346,122.0257519,5.687752491e-10
3180,46.602,0.04128,17.10543491,1.180916758,0.0002507586096,2460431.174,616.9743001,737.4141274,120.4398272,-9.310952009e-11
3240,46.761,0.04157,17.35027259,1.177214746,0.0002498802322,2459853.357,614.668728,735.2681853,120.5994573,1.971329766e-10
3300,46.933,0.04187,17.59555607,1.173633937,0.0002490263229,2459274.488,612.4240827,733.4360983,121.0120155,3.431296136e-09
3360,46.912,0.04205,17.81558024,1.170085738,0.0002482059932,2458755.231,610.277784,727.410494,117.13271,-5.105675882e-10
3420,47.089,0.04229,18.0437251,1.166602735,0.0002473868066,2458216.809,608.1304064,726.1318724,118.001466,-4.063281267e-09
3480,47.008,0.04247,18.24590207,1.163145262,0.0002465864395,2457739.671,606.0452748,719.0524483,113.0071735,-5.545643944e-10
3540,47.111,0.04277,18.45154542,1.159717788,0.0002457662694,2457254.353,603.9102352,716.4863646,112.5761294,1.023408913e-09
3600,47.485,0.04272,18.69616275,1.156469797,0.0002450626031,2456677.056,602.0396743,719.7209312,117.6812568,8.856204659e-10
3660,47.498,0.04312,18.91912153,1.153361509,0.0002442906612,2456150.873,600.0147209,714.4719618,114.4572409,2.19768026e-09
3720,47.646,0.04333,19.14052271,1.150301869,0.00024357123,2455628.366,598.1204215,712.6369322,114.5165107,-1.793182491e-09
3780,47.84,0.04369,19.37129618,1.147367654,0.0002428463913,2455083.741,596.2082267,711.7175954,115.5093687,-6.210711945e-10
3840,47.873,0.04373,19.58504915,1.144471972,0.0002422004421,2454579.284,594.5001877,707.1987714,112.6985837,3.001446203e-09
3900,47.926,0.04389,19.7891269,1.141582435,0.0002415294407,2454097.661,592.7368355,703.4218276,110.6849921,1.984290066e-09
3960,48.016,0.0442,19.9934483,1.138745912,0.0002408370994,2453615.462,590.9216309,700.5637926,109.6421617,1.050239007e-09
4020,47.977,0.04422,20.17954514,1.135896183,0.0002402056619,2453176.273,589.2668306,694.9363715,105.669541,-5.313722795e-10
4080,47.926,0.04435,20.35067813,1.13300284,0.0002395404244,2452772.4,587.5381416,689.3830467,101.844905,1.984972187e-09
4140,48.199,0.04468,20.55534999,1.130219789,0.0002388554479,2452289.374,585.7426768,691.0912503,105.3485735,-3.358991307e-09
4200,48.166,0.04483,20.74171973,1.127501904,0.0002382244162,2451849.541,584.0904255,685.6070068,101.5165813,-1.020794116e-09
4260,48.331,0.04491,20.93655035,1.124812086,0.0002376149627,2451389.741,582.4868819,684.8612413,102.3743594,-2.098886398e-09
4320,48.615,0.04514,21.15643978,1.122274771,0.0002370060597,2450870.802,580.8712316,686.4640055,105.5927739,2.948354449e-09
4380,48.38,0.0453,21.32240324,1.119708145,0.0002364061099,2450479.128,579.3082382,676.4399191,97.1316809,5.024958227e-10
4440,48.357,0.04543,21.47719511,1.117037535,0.0002357898811,2450113.82,577.7120461,671.9951222,94.28307606,1.932107807e-09
4500,48.526,0.04561,21.65570518,1.114427297,0.0002351759345,2449692.536,576.1087312,671.7573705,95.64863929,-1.171315489e-09
4560,48.59,0.04589,21.83370646,1.111896593,0.0002345574846,2449272.453,574.4951855,668.9073386,94.41215302,-3.031914275e-09
4620,48.825,0.04585,22.02968813,1.109437873,0.0002340252843,2448809.936,573.0834414,669.8827968,96.79935537,-6.474465408e-10
4680,48.827,0.04629,22.20923956,1.107050447,0.000233403155,2448386.195,571.4610626,665.4440109,93.98294837,-6.26300789e-10
4740,48.988,0.04641,22.39534904,1.104692115,0.0002328578382,2447946.976,570.0236408,664.8162741,94.79263325,2.282263267e-09
4800,48.979,0.04633,22.56546047,1.102329246,0.0002323555298,2447545.513,568.7007345,660.3384883,91.63775385,-1.905732461e-09
4860,48.9,0.04639,22.71359319,1.099905777,0.0002318090827,2447195.92,567.2822415,654.6601702,87.37792863,3.344553079e-09
4920,49.144,0.0466,22.89151002,1.097544531,0.0002312433216,2446776.036,565.8006179,656.3122494,90.51163146,-1.05910658e-09
4980,48.87,0.04687,23.02152641,1.095153774,0.0002306578653,2446469.198,564.2973627,646.2118398,81.91447705,2.739739102e-09
5040,48.84,0.04689,23.14549077,1.092650061,0.0002301025631,2446176.642,562.871515,642.3627307,79.4912157,8.044480637e-10
5100,48.913,0.04707,23.28500717,1.090172817,0.0002295178795,2445847.383,561.3657049,640.6998206,79.33411576,1.794546733e-09
5160,49.261,0.04705,23.46759403,1.087827311,0.0002290061895,2445416.478,560.0155095,644.8351492,84.81963971,3.362288226e-09
5220,49.169,0.0472,23.61930705,1.085533395,0.0002284684455,2445058.435,558.6187,638.7423237,80.12362376,-2.971660251e-09
5280,49.056,0.04713,23.74245081,1.083137312,0.0002279566287,2444767.816,557.3010292,632.8387299,75.53770065,-1.054900167e-09
5340,49.257,0.04744,23.8941419,1.080790306,0.0002273719974,2444409.825,555.7903445,634.0714524,78.28110797,-2.76031642e-09
5400,49.116,0.04728,24.01855142,1.078423162,0.0002268863511,2444116.219,554.5366106,627.4362146,72.89960404,1.84968485e-10
5460,49.415,0.0476,24.17965322,1.076124752,0.0002263102124,2443736.018,553.0424174,630.8836696,77.84125215,2.46154741e-09
5520,49.321,0.04777,24.31670639,1.073872212,0.0002257771718,2443412.573,551.6667803,625.1073403,73.44056001,3.075683708e-09
5580,49.317,0.04751,24.44215151,1.071539659,0.0002253211402,2443116.522,550.4858004,621.8712123,71.38541194,7.868266039e-10
5640,49.304,0.04782,24.56447689,1.069212212,0.0002247408126,2442827.835,549.0031126,618.4880778,69.48496519,8.345750757e-10
5700,49.492,0.04765,24.70898853,1.066920699,0.0002242740079,2442486.787,547.7863011,619.5752867,71.78898562,-1.48224899e-09
5760,49.384,0.04802,24.82986213,1.064654931,0.0002236940499,2442201.525,546.3059498,613.8534468,67.54749701,-1.213038558e-09
5820,49.272,0.04779,24.92922744,1.06228669,0.0002232235647,2441967.023,545.1045837,608.569314,63.46473029,-9.777068044e-12
5880,49.31,0.04827,25.03905263,1.059931772,0.0002225997869,2441707.836,543.523644,606.7736844,63.25004033,-2.604792826e-09
5940,49.749,0.04795,25.20758748,1.057701861,0.0002221795418,2441310.094,542.409158,613.535313,71.12615504,-4.586240721e-09
6000,49.743,0.04841,25.35612092,1.055596113,0.0002216149905,2440959.555,540.9532285,609.6719771,68.71874855,8.926690498e-10
6060,49.66,0.0484,25.47386564,1.053424963,0.0002211394646,2440681.677,539.7310394,604.653359,64.92231966,-4.620574146e-09
6120,49.463,0.04836,25.56046681,1.051137253,0.0002206448923,2440477.298,538.4788507,597.5633297,59.08447906,2.308865987e-09
6180,49.83,0.04851,25.70361713,1.04892069,0.0002201241685,2440139.464,537.1336705,603.1595717,66.02590121,-3.257923709e-09
6240,49.753,0.04858,25.82641828,1.046768396,0.0002196351888,2439849.653,535.8768391,598.1645431,62.28770401,1.031935426e-09
6300,49.739,0.04871,25.93601538,1.044574456,0.0002191238435,2439591.004,534.5725572,595.0746155,60.50205837,-1.865032573e-09
6360,49.622,0.04842,26.02658367,1.042301939,0.0002186876226,2439377.263,533.4616142,589.8854082,56.42379397,-1.504304237e-09
6420,49.55,0.04864,26.1106743,1.039988757,0.0002181302369,2439178.809,532.0586515,585.9831425,53.92449098,1.178932507e-10
6480,49.477,0.04845,26.18969358,1.037625198,0.0002176519804,2438992.323,530.8515093,582.1826605,51.33115121,-3.065110832e-09
6540,49.891,0.04875,26.3312758,1.035400595,0.0002170964824,2438658.189,529.4241147,588.993105,59.56899034,1.602870725e-09
6600,49.683,0.04858,26.42950966,1.033195228,0.0002166486329,2438426.357,528.2817366,581.3372585,53.05552189,2.756451067e-09
6660,49.569,0.04882,26.50496013,1.030900495,0.0002160909059,2438248.294,526.8832828,576.6009967,49.71771391,-2.983824743e-09
6720,49.633,0.04886,26.5961516,1.028602165,0.0002155763943,2438033.082,525.5823811,575.92121,50.33882892,1.135617822e-09
6780,49.781,0.04885,26.70818926,1.026362868,0.0002150858736,2437768.673,524.3296048,576.8202684,52.49066367,2.148681233e-09
6840,49.592,0.04892,26.78595531,1.024099577,0.0002145724707,2437585.145,523.0386671,570.1511174,47.11245022,-2.841261448e-09
6900,49.941,0.04908,26.91216171,1.021901905,0.0002140537031,2437287.298,521.7103719,575.7209573,54.0105854,3.738477972e-09
6960,49.902,0.04913,27.0226887,1.019772602,0.0002135741828,2437026.455,520.4859336,571.9827826,51.496849,-7.493099474e-10
7020,49.892,0.04902,27.11893487,1.017598796,0.0002131200758,2436799.314,519.3308545,569.3266284,49.99577386,-5.593392416e-10
7080,49.759,0.04911,27.19391738,1.015378372,0.0002126117043,2436622.355,518.0544317,564.1270656,46.07263384,1.736339073e-09
7140,49.865,0.0493,27.2869847,1.013169116,0.0002120837871,2436402.716,516.721515,564.4503825,47.72886748,1.825355866e-09
7200,49.852,0.04894,27.37583896,1.010950513,0.0002116748316,2436193.02,515.6807472,561.9040259,46.22327874,1.651983439e-09
7260,49.893,0.04897,27.46676709,1.008737931,0.0002111813878,2435978.43,514.4333053,560.6558229,46.22251753,-5.114770829e-10
7320,49.619,0.04898,27.51701613,1.006456713,0.0002106772424,2435859.842,513.1802343,552.5495967,39.36936246,-8.568576959e-10
7380,49.792,0.04929,27.60027414,1.004189443,0.0002101101557,2435663.353,511.7576064,554.7931464,43.03554002,-3.862510312e-10
7440,49.612,0.0492,27.66027206,1.001910084,0.0002096284229,2435521.758,510.554585,548.7931986,38.2386136,-3.198238119e-09
7500,49.845,0.04941,27.75545081,0.9996707847,0.0002090894941,2435297.136,509.1950462,552.2387297,43.04368349,-1.306659669e-09
7560,49.77,0.04938,27.8358867,0.9974645052,0.0002086106391,2435107.307,507.9892916,548.3528326,40.36354101,-1.535170213e-09
7620,49.683,0.04924,27.89861635,0.9951959074,0.0002081422756,2434959.265,506.8179625,544.6095913,37.7916288,5.518927537e-10
7680,49.669,0.04954,27.96415205,0.9929302079,0.000207577735,2434804.601,505.4112242,542.6211987,37.2099745,-3.302773166e-09
7740,49.916,0.0495,28.06674567,0.9907360353,0.0002071037442,2434562.48,504.2070051,546.2313582,42.02435304,2.61616151e-09
7800,49.714,0.04928,28.13107114,0.9885186065,0.0002066642423,2434410.672,503.1056371,539.5732216,36.46758446,-5.952074389e-10
7860,50.095,0.04935,28.24675503,0.9863662243,0.0002061752431,2434137.658,501.8589235,546.2061242,44.34720069,1.849571163e-09
7920,49.929,0.04934,28.32798442,0.9842533325,0.0002057125359,2433945.957,500.6931949,540.0253894,39.3321945,-1.781643277e-09
7980,49.817,0.04929,28.38530339,0.9820525831,0.0002052392983,2433810.684,499.5135969,535.7924154,36.27881844,-4.075104698e-09
8040,49.943,0.0493,28.46624773,0.9798664141,0.0002047560669,2433619.655,498.2983889,536.9188068,38.62041789,1.056093879e-09
8100,49.664,0.04971,28.50794358,0.9776641622,0.0002041812831,2433521.253,496.879492,528.9014104,32.02191839,-2.165904789e-09
8160,50.135,0.04948,28.62097124,0.9755143972,0.00020375887,2433254.508,495.7971888,537.8507191,42.05353028,-3.363425094e-10
8220,49.902,0.04947,28.6911244,0.9734025663,0.0002032963961,2433088.946,494.6382142,530.27189,35.63367572,-8.826077647e-10
8280,50.056,0.04966,28.77617776,0.9712859082,0.0002027888534,2432888.22,493.3626126,531.9955559,38.63294332,-8.202505342e-11
8340,49.71,0.04959,28.81027291,0.9691004421,0.0002023233793,2432807.756,492.2138864,522.4931772,30.2792908,4.884554983e-10
8400,49.915,0.0498,28.88172049,0.9669097362,0.0002017951428,2432639.14,490.8947627,525.8319877,34.93722497,-9.740119822e-10
8460,49.92,0.04973,28.9564577,0.9647709281,0.0002013399351,2432462.76,489.7518943,524.0885575,34.33666317,1.172736575e-09
8520,50.147,0.0496,29.05666163,0.9626821765,0.0002009089436,2432226.279,488.6560122,527.2584594,38.60244721,-1.860030352e-09
8580,49.967,0.04956,29.12028749,0.9605877065,0.0002004568907,2432076.122,487.5264174,521.1678129,33.6413955,-2.788453912e-09
8640,49.921,0.04988,29.17563923,0.9584599296,0.0001999182971,2431945.491,486.1904012,518.6340193,32.44361807,1.926196092e-09
8700,49.821,0.04976,29.22179582,0.9562889722,0.0001994670171,2431836.562,485.0711851,514.9801045,29.90891936,3.15884563e-09
8760,49.856,0.04989,29.27926494,0.9541187308,0.0001989608863,2431700.935,483.8133731,514.4183766,30.60500349,1.645446446e-09
8820,49.953,0.04949,29.35193563,0.9519621278,0.0001985743742,2431529.432,482.8394353,515.0266092,32.1871739,6.320988177e-10
8880,49.915,0.04986,29.41622223,0.9498487676,0.000198027951,2431377.716,481.4807472,512.4694442,30.98869702,1.877026534e-09
8940,49.708,0.04977,29.44867541,0.9476680331,0.0001975679188,2431301.126,480.3471034,506.4831147,26.13601128,2.387935183e-09
9000,50.163,0.04981,29.55375407,0.9455733508,0.0001970982165,2431053.14,479.1562382,515.2311482,36.07491005,3.855120667e-10
9060,50.198,0.05004,29.65300331,0.9436078104,0.0001966151234,2430818.912,477.9357604,513.6249173,35.68915695,-3.657874004e-10
9120,49.82,0.05009,29.68089703,0.9415322146,0.0001961474205,2430753.083,476.785947,503.4775742,26.69162718,5.823608262e-10
9180,50.027,0.04976,29.74608273,0.9394010523,0.0001957511039,2430599.245,475.7924853,507.0229317,31.23044648,1.383284598e-09
9240,49.804,0.04998,29.78422373,0.9372826867,0.0001952365844,2430509.232,474.5243208,500.4944068,25.97008596,-5.243236956e-10
9300,50.086,0.05016,29.86646342,0.9352119479,0.0001947413458,2430315.146,473.2828423,505.4884146,32.20557231,-2.367698926e-09
9360,49.891,0.0499,29.91573116,0.9331323896,0.0001943409815,2430198.874,472.2872344,499.3817211,27.0944867,2.234628482e-09
9420,50.08,0.04998,29.99056483,0.9310644227,0.0001938683561,2430022.267,471.1044223,502.2358793,31.13145706,-1.846274245e-09
9480,50.113,0.04997,30.06705203,0.9290519271,0.0001934277394,2429841.757,469.9987982,501.1486992,31.14990103,1.569446795e-10
9540,50.134,0.0499,30.13787407,0.9270417299,0.0001930008304,2429674.617,468.9292188,499.9031483,30.9739295,-2.394983767e-09
9600,49.804,0.05021,30.15835272,0.9249691203,0.0001924765758,2429626.288,467.6461483,491.141182,23.49503368,-1.787441306e-09
9660,50.208,0.05014,30.24683136,0.9229318514,0.0001920437101,2429417.478,466.5543459,499.0292159,32.47487002,-8.103597793e-10
9720,49.865,0.04981,30.28051964,0.920869324,0.0001916624955,2429337.974,465.6129785,489.612009,23.99903051,2.73604428e-09
9780,49.769,0.05025,30.30349637,0.9187428246,0.0001910977789,2429283.749,464.2307287,486.6375908,22.40686215,-1.215823886e-09
9840,50.027,0.05019,30.37712453,0.9166772598,0.0001906564869,2429109.986,463.1255762,491.2468868,28.12131057,-6.992877388e-10
9900,49.935,0.04989,30.43207334,0.9146231659,0.0001902705269,2428980.307,462.1633629,487.5731665,25.4098036,-3.354159617e-09
9960,50.165,0.05017,30.51625088,0.9126320859,0.0001897708125,2428781.648,460.9118668,491.2187279,30.30686111,1.052171683e-09
10020,50.154,0.0498,30.58925437,0.9106621333,0.0001894187689,2428609.36,460.024195,489.1186407,29.09444563,-4.083062777e-10
10080,49.909,0.05025,30.61972631,0.9086522538,0.0001888775123,2428537.446,458.6961112,482.2318421,23.53573093,-3.661853043e-10
10140,50.226,0.05008,30.70217825,0.9066656079,0.0001884777888,2428342.859,457.6886925,488.0955439,30.40685139,1.337582489e-09
10200,49.895,0.05008,30.73217242,0.9046594811,0.000188036373,2428272.073,456.6034734,479.0706895,22.46721615,-4.019966582e-10
10260,50.008,0.0498,30.78062784,0.9025949946,0.0001876437257,2428157.718,455.6285608,480.684304,25.05574317,3.877175914e-09
10320,49.878,0.0502,30.81753121,0.9005643265,0.0001871088965,2428070.626,454.3136156,476.5117198,22.19810421,1.493958734e-09
10380,50.218,0.04976,30.90492989,0.8985702314,0.0001867669431,2427864.365,453.4448057,482.8267527,29.38194692,2.957563083e-09
10440,49.832,0.04987,30.92807259,0.8965579602,0.0001862999717,2427809.749,452.3008874,472.5981851,20.29729771,1.251123649e-10
10500,49.772,0.04982,30.94665334,0.8944539749,0.0001858480255,2427765.898,451.1954985,470.6336665,19.43816799,-2.502986263e-09
10560,49.968,0.05014,31.00908085,0.8924291438,0.0001853320834,2427618.569,449.9156071,473.9729788,24.05737176,3.135482984e-10
10620,50.246,0.04985,31.1072988,0.8905015275,0.0001849717525,2427386.775,448.9979856,478.46753,29.46954443,1.501575753e-09
10680,50.196,0.05021,31.18128832,0.8886354385,0.0001844819376,2427212.16,447.7768022,475.3677921,27.59098992,-1.373450687e-09
10740,50.124,0.05008,31.23319166,0.8867213312,0.0001840893737,2427089.668,446.8014168,472.2702085,25.46879173,7.539711078e-10
10800,50.195,0.04977,31.29473043,0.884782423,0.0001837309588,2426944.436,445.9048283,472.5067393,26.60191105,4.035882739e-11
10860,50.197,0.04975,31.35481202,0.8828619853,0.0001833127983,2426802.644,444.8639835,471.0546995,26.19071596,-3.611603461e-09
10920,50.009,0.04978,31.38481894,0.8809022992,0.0001828750001,2426731.827,443.7885832,465.6045265,21.81594339,-1.870546384e-09
10980,49.908,0.05005,31.40784023,0.8789056991,0.0001823762715,2426677.497,442.5683939,462.5039943,19.93560042,-2.864908311e-11
11040,50.136,0.05015,31.47500924,0.8769631058,0.0001819268319,2426518.978,441.4489102,466.5247691,25.07585889,3.931631909e-09
11100,50.081,0.04987,31.52933102,0.8750342252,0.0001815640224,2426390.779,440.5452698,463.7917246,23.24645485,2.378726549e-09
11160,49.937,0.05017,31.55890456,0.8730793167,0.0001810678663,2426320.985,439.3287638,459.4523861,20.12362222,2.943636446e-09
11220,49.797,0.04978,31.57368279,0.8710416253,0.0001807053185,2426286.109,438.4428041,455.5829302,17.14012612,-3.676063898e-10
11280,50.123,0.05015,31.6486417,0.8690964883,0.0001801959101,2426109.206,437.1749563,461.8589576,24.68400124,3.117349934e-09
11340,49.881,0.05021,31.68217875,0.8671709716,0.0001797590293,2426030.058,436.1008084,454.9705314,18.86972295,3.701188689e-09
11400,50.218,0.05014,31.76327863,0.8652695098,0.0001793560458,2425838.662,435.0888303,461.3680342,26.27920386,2.731439963e-09
11460,49.87,0.0501,31.78638283,0.8633486606,0.0001789421954,2425784.137,434.075139,452.0904293,18.01529032,4.134221854e-10
11520,49.811,0.05017,31.80398129,0.8613502455,0.0001784870742,2425742.604,432.9637002,450.1754678,17.21176768,2.562501322e-10
11580,50.166,0.04977,31.88518967,0.8594135062,0.0001781489396,2425550.952,432.1093301,457.0202582,24.91092808,1.226055701e-09
11640,49.827,0.04985,31.90767545,0.8574780192,0.0001777054643,2425497.886,431.024228,447.9831137,16.95888564,-2.831825441e-09
11700,49.84,0.04981,31.93407568,0.855483466,0.0001772753965,2425435.581,429.9700545,447.6481081,17.67805361,-4.861249181e-10
11760,50.05,0.05,32.00156969,0.8535711573,0.0001768128176,2425276.296,428.8199352,451.2107577,22.39082246,-2.149818101e-10
11820,50.187,0.05012,32.08203232,0.8517452127,0.000176384644,2425086.404,427.7480019,452.6241919,24.87618998,8.662937034e-10
11880,49.848,0.05007,32.09898363,0.8498511404,0.0001759788857,2425046.399,426.7569631,443.7254093,16.96844618,-3.421064321e-09
11940,49.905,0.05018,32.13120591,0.8479116897,0.0001755279373,2424970.354,425.6500443,444.3448522,18.6948079,1.39095846e-09
12000,50.139,0.04983,32.20508512,0.8460259179,0.0001751900156,2424795.999,424.8000489,448.347872,23.54782309,-1.298133157e-09
12060,50.236,0.05012,32.28428142,0.8442318704,0.0001747314547,2424609.096,423.6554744,448.7929645,25.13749011,1.665114269e-09
12120,50,0.04985,32.31449798,0.8423766091,0.0001743826436,2424537.785,422.7973085,442.1375506,19.34024203,-7.258904589e-11
12180,49.822,0.04989,32.32233467,0.8404351125,0.0001739466474,2424519.29,421.7370021,437.4916332,15.75463115,-2.848537406e-09
12240,49.757,0.0501,32.33657651,0.8384757009,0.0001734693035,2424485.679,420.5738422,435.5105872,14.93674502,-1.871853783e-09
12300,49.865,0.05024,32.37893739,0.836553853,0.0001730156273,2424385.708,419.456614,437.1515653,17.69495133,-7.061089491e-10
12360,49.816,0.05006,32.41450701,0.8346347728,0.0001726329709,2424301.763,418.5144157,435.0373247,16.52290902,-2.107299224e-09
12420,50.089,0.04978,32.48919137,0.8327559388,0.0001722811733,2424125.508,417.6311869,439.9952157,22.36402883,-1.69455916e-09
12480,49.811,0.05006,32.51440548,0.8308911348,0.0001718092439,2424066.003,416.4769472,432.4148629,15.93791566,3.99882083e-09
12540,50.003,0.04977,32.56815856,0.8290013792,0.0001714572436,2423939.146,415.6019247,435.8710359,20.26911123,2.660499376e-09
12600,50.097,0.05019,32.6369972,0.8272067228,0.0001709699444,2423776.687,414.3929653,436.5000701,22.10710482,-2.239971764e-09
12660,50.041,0.0501,32.68675737,0.8254076082,0.0001705938814,2423659.253,413.461439,433.8560659,20.39462682,-2.880369721e-09
12720,49.85,0.04984,32.70426596,0.8235278599,0.000170237482,2423617.932,412.5906142,428.6433509,16.05273672,-2.936189958e-09
12780,50.152,0.0498,32.77482888,0.8216885654,0.0001698415764,2423451.404,411.6028067,434.429278,22.82647131,-3.707384622e-09
12840,50.108,0.04984,32.83351655,0.8199084608,0.0001694410919,2423312.901,410.6087839,431.8620862,21.25330238,-1.940406946e-09
12900,50.119,0.05024,32.88616602,0.8181473501,0.0001689655744,2423188.648,409.4354619,430.8208494,21.3853875,1.536648142e-09
12960,49.816,0.04998,32.89134482,0.816295883,0.0001686153979,2423176.426,408.5848573,423.1163796,14.53152232,-5.670699466e-10
13020,49.812,0.05014,32.90842269,0.8144009271,0.0001681632381,2423136.122,407.4824168,422.5894327,15.10701591,-1.875832822e-11
13080,50.214,0.05007,32.99673997,0.8126089236,0.0001677843391,2422927.694,406.5293219,430.4315007,23.90217878,-4.787352736e-09
13140,49.949,0.05004,33.03177516,0.8108289637,0.0001673992888,2422845.011,405.5825317,422.9306209,17.34808923,-5.56320856e-09
13200,49.9,0.04982,33.05536502,0.8089700637,0.0001670386754,2422789.339,404.6995219,421.1158745,16.41635252,1.427054031e-09
13260,49.994,0.05022,33.10331259,0.8071639152,0.0001665532482,2422676.182,403.5045874,422.2671852,18.76259776,5.520064406e-10
13320,50.081,0.0499,33.16217186,0.8053785102,0.0001662308096,2422537.274,402.7003323,422.9707036,20.27037126,-3.766729151e-09
13380,50.228,0.05004,33.23635293,0.8036497052,0.0001658196093,2422362.207,401.6751547,424.7911767,23.116022,3.714717423e-09
13440,49.893,0.0501,33.25016825,0.8018748232,0.0001654158732,2422329.603,400.6917665,416.0707937,15.37902728,-1.132207217e-09
13500,50.212,0.05007,33.31787645,0.8001073036,0.0001650335602,2422169.812,399.7393073,422.3530888,22.61378146,1.379248715e-09
13560,49.762,0.05022,33.31668757,0.7983118011,0.0001646054838,2422172.617,398.7028956,411.1328107,12.42991504,-2.56346766e-09
13620,50.028,0.04982,33.36296279,0.7964680228,0.0001642878038,2422063.408,397.915478,416.6259302,18.71045223,6.817799658e-10
13680,50.067,0.05,33.42029442,0.7947081835,0.0001638609736,2421928.105,396.8594973,416.1676396,19.30814224,-4.82049245e-09
13740,49.803,0.04995,33.42995671,0.7928969432,0.0001634734412,2421905.302,395.917194,409.3260824,13.40888833,-3.117975211e-09
13800,49.82,0.04999,33.45111564,0.7910498365,0.0001630582139,2421855.367,394.9034106,409.2221091,14.31869852,2.015610789e-09
13860,49.96,0.04981,33.50209902,0.7892383334,0.0001626992281,2421735.046,394.0144227,411.4475245,17.43310173,-3.92566335e-09
13920,50.233,0.04982,33.58977545,0.7875210432,0.0001623191659,2421528.13,393.0604262,416.0806138,23.02018756,2.92209279e-09
13980,50.048,0.04989,33.63310785,0.7858152687,0.0001619284355,2421425.865,392.097702,410.3723037,18.27460177,1.678301942e-09
14040,50.217,0.0499,33.69666984,0.7841085392,0.0001615506969,2421275.859,391.1588025,413.008254,21.84945144,6.765503713e-10
14100,50.152,0.04996,33.74652079,0.7824208093,0.0001611661373,2421158.211,390.2087166,410.1369803,19.92826373,-1.453258847e-09
14160,49.984,0.05006,33.76731011,0.780686751,0.0001607625825,2421109.148,389.2237591,405.4172473,16.19348824,-1.786986559e-09
14220,50.142,0.05007,33.81936115,0.7789599052,0.0001603804177,2420986.308,388.2787952,408.0659713,19.78717608,-3.379909685e-09
14280,49.759,0.04996,33.81359082,0.7771722906,0.0001600112858,2420999.926,387.3873109,398.6352295,11.2479186,8.277538655e-10
14340,49.805,0.04995,33.82725576,0.7753334845,0.0001596088866,2420967.676,386.4079553,399.4436061,13.03565082,1.574903763e-09
14400,50.165,0.04986,33.90780009,0.77359393,0.0001592459289,2420777.592,385.4989761,406.4299979,20.9310217,7.683524927e-10
14460,49.99591667,0.04999041667,33.93937644,0.7718664651,0.0001588371321,2420703.072,384.4975336,401.4135056,16.91597209,-3.295212991e-10
14520,49.99591667,0.04999041667,33.98017024,0.7701370923,0.0001584566116,2420606.798,383.5611513,400.3936607,16.83250938,-5.479137144e-10
14580,49.99591667,0.04999041667,34.02070674,0.7684099406,0.0001580765799,2420511.132,382.6261213,399.3802482,16.75412686,1.84121518e-09
14640,49.99591667,0.04999041667,34.06090343,0.7666854924,0.000157697143,2420416.268,381.6927302,398.375331,16.68260072,2.040678737e-10
14700,49.99591667,0.04999041667,34.1008427,0.7649639199,0.0001573183388,2420322.011,380.7610382,397.3768491,16.61581092,-1.471676114e-10
14760,49.99591667,0.04999041667,34.14058423,0.7632453009,0.0001569401845,2420228.221,379.8310637,396.383311,16.55224726,1.757200607e-09
14820,49.99591667,0.04999041667,34.18016599,0.7615296748,0.0001565626888,2420134.808,378.9028129,395.3937669,16.49095405,-5.621473065e-09
14880,49.99591667,0.04999041667,34.21961241,0.7598170629,0.0001561858563,2420041.715,377.9762875,394.4076064,16.43131886,-2.862520887e-09
14940,49.99591667,0.04999041667,34.2589396,0.7581074758,0.0001558096894,2419948.903,377.0514868,393.4244267,16.37293997,3.025149908e-09
15000,49.99591667,0.04999041667,34.29815838,0.7564009174,0.0001554341888,2419856.346,376.1284082,392.4439571,16.31554884,1.203204647e-09
15060,49.99591667,0.04999041667,34.3372762,0.7546973868,0.0001550593545,2419764.028,375.2070483,391.4660117,16.25896345,-2.587057679e-09
15120,49.99591667,0.04999041667,34.37629823,0.7529968792,0.0001546851854,2419671.936,374.287402,390.490461,16.20305906,1.664886895e-09
15180,49.99591667,0.04999041667,34.41522815,0.7512993872,0.0001543116797,2419580.062,373.3694636,389.5172128,16.14774928,-2.302328994e-09
15240,49.99591667,0.04999041667,34.45406867,0.749604901,0.0001539388355,2419488.398,372.4532265,388.5462,16.09297354,-3.920831659e-09
15300,49.99591667,0.04999041667,34.49282178,0.7479134094,0.0001535666502,2419396.941,371.5386836,387.5773723,16.03868869,2.771116669e-09
15360,49.99591667,0.04999041667,34.53148904,0.7462248999,0.000153195121,2419305.686,370.6258273,386.6106908,15.9848635,2.28862973e-09
15420,49.99591667,0.04999041667,34.5700717,0.7445393591,0.000152824245,2419214.631,369.7146495,385.6461243,15.93147474,-4.590731351e-09
15480,49.99591667,0.04999041667,34.60857079,0.7428567731,0.0001524540193,2419123.773,368.8051423,384.6836469,15.87850468,-3.793388714e-09
15540,49.99591667,0.04999041667,34.64698721,0.7411771278,0.0001520844405,2419033.11,367.8972971,383.7232365,15.82593936,-6.469917935e-10
15600,49.99591667,0.04999041667,34.68532174,0.7395004085,0.0001517155056,2418942.641,366.9911057,382.7648731,15.77376741,2.685567324e-09
15660,49.99591667,0.04999041667,34.72357511,0.7378266006,0.0001513472113,2418852.363,366.0865596,381.8085388,15.72197922,3.085972367e-09
15720,49.99591667,0.04999041667,34.76174799,0.7361556896,0.0001509795544,2418762.275,365.1836504,380.8542168,15.67056644,-2.03158379e-09
15780,49.99591667,0.04999041667,34.79984101,0.7344876609,0.0001506125317,2418672.375,364.2823697,379.9018913,15.61952159,-2.684146239e-09
15840,49.99591667,0.04999041667,34.83785478,0.7328225001,0.00015024614,2418582.663,363.3827093,378.9515471,15.5688378,3.032027962e-10
15900,49.99591667,0.04999041667,34.87578988,0.7311601927,0.0001498803762,2418493.136,362.484661,378.0031697,15.51850869,-5.665583558e-09
15960,49.99591667,0.04999041667,34.91364687,0.7295007249,0.0001495152372,2418403.793,361.5882167,377.0567449,15.46852817,-8.350298231e-10
16020,49.99591667,0.04999041667,34.95142631,0.7278440826,0.0001491507199,2418314.634,360.6933685,376.112259,15.41889045,-2.727688297e-09
16080,49.99591667,0.04999041667,34.98912873,0.7261902522,0.0001487868213,2418225.656,359.8001085,375.1696984,15.36958992,-1.938076366e-09
16140,49.99591667,0.04999041667,35.02675466,0.7245392202,0.0001484235384,2418136.859,358.908429,374.2290502,15.32062113,1.622595391e-09
16200,49.99591667,0.04999041667,35.06430461,0.7228909736,0.0001480608685,2418048.241,358.0183225,373.2903013,15.2719788,-2.525325726e-09
16260,49.99591667,0.04999041667,35.10177909,0.7212454992,0.0001476988085,2417959.801,357.1297816,372.3534393,15.22365772,2.123101694e-09
16320,49.99591667,0.04999041667,35.1391786,0.7196027845,0.0001473373557,2417871.539,356.2427989,371.4184517,15.17565281,3.004629434e-09
16380,49.99591667,0.04999041667,35.17650361,0.717962817,0.0001469765074,2417783.451,355.3573674,370.4853265,15.12795911,-1.761691237e-09
16440,49.99591667,0.04999041667,35.2137546,0.7163255845,0.0001466162609,2417695.539,354.47348,369.5540517,15.08057169,-2.063416105e-11
16500,49.99591667,0.04999041667,35.25093204,0.7146910752,0.0001462566136,2417607.8,353.59113,368.6246157,15.03348576,-9.515588317e-11
16560,49.99591667,0.04999041667,35.28803638,0.7130592774,0.000145897563,2417520.234,352.7103106,367.6970071,14.98669656,-5.786546353e-09
16620,49.99591667,0.04999041667,35.32506808,0.7114301797,0.0001455391064,2417432.839,351.8310152,366.7712146,14.94019943,-3.080970146e-09
16680,49.99591667,0.04999041667,35.36202757,0.709803771,0.0001451812415,2417345.615,350.9532375,365.8472273,14.89398979,2.850129022e-09
16740,49.99591667,0.04999041667,35.39891529,0.7081800405,0.0001448239659,2417258.56,350.0769713,364.9250344,14.84806311,-1.460875865e-10
16800,49.99591667,0.04999041667,35.43573166,0.7065589775,0.0001444672773,2417171.673,349.2022103,364.0046252,14.80241494,-2.054605375e-09
16860,49.99591667,0.04999041667,35.47247709,0.7049405717,0.0001441111733,2417084.954,348.3289486,363.0859895,14.75704088,-7.549942893e-10
16920,49.99591667,0.04999041667,35.50915198,0.7033248131,0.0001437556518,2416998.401,347.4571805,362.1691171,14.71193662,4.617220384e-09
16980,49.99591667,0.04999041667,35.54575675,0.7017116917,0.0001434007105,2416912.014,346.5869001,361.253998,14.66709791,-3.441130048e-09
17040,49.99591667,0.04999041667,35.58229177,0.7001011979,0.0001430463475,2416825.791,345.7181019,360.3406224,14.62252054,3.385082437e-09
17100,49.99591667,0.04999041667,35.61875743,0.6984933225,0.0001426925605,2416739.732,344.8507805,359.4289809,14.57820038,-3.910258783e-10
17160,49.99591667,0.04999041667,35.65515411,0.6968880563,0.0001423393477,2416653.836,343.9849307,358.519064,14.53413334,3.544698757e-09
17220,49.99591667,0.04999041667,35.69148216,0.6952853905,0.000141986707,2416568.102,343.1205471,357.6108626,14.49031544,3.537536486e-09
17280,49.99591667,0.04999041667,35.72774196,0.6936853164,0.0001416346366,2416482.529,342.257625,356.7043677,14.44674271,-1.345199507e-09
17340,49.99591667,0.04999041667,35.76393385,0.6920878256,0.0001412831347,2416397.116,341.3961592,355.7995704,14.40341125,-2.282945388e-09
17400,49.99591667,0.04999041667,35.80005817,0.69049291,0.0001409321993,2416311.863,340.5361451,354.8964623,14.36031722,-1.643741143e-09
17460,49.99591667,0.04999041667,35.83611527,0.6889005617,0.0001405818289,2416226.768,339.677578,353.9950348,14.31745685,-1.734292709e-09
17520,49.99591667,0.04999041667,35.87210547,0.6873107728,0.0001402320216,2416141.831,338.8204534,353.0952798,14.27482641,-8.38952019e-10
17580,49.99591667,0.04999041667,35.9080291,0.685723536,0.0001398827758,2416057.051,337.9647669,352.1971891,14.23242224,-4.2314241e-09
17640,49.99591667,0.04999041667,35.94388647,0.6841388439,0.00013953409,2415972.428,337.1105142,351.3007549,14.19024072,2.671981747e-09
17700,49.99591667,0.04999041667,35.97967789,0.6825566895,0.0001391859625,2415887.96,336.2576911,350.4059694,14.1482783,-4.327432634e-09
17760,49.99591667,0.04999041667,36.01540366,0.6809770659,0.000138838392,2415803.647,335.4062937,349.5128252,14.10653147,-4.07629841e-09
17820,49.99591667,0.04999041667,36.05106408,0.6793999665,0.0001384913768,2415719.489,334.5563179,348.6213147,14.06499678,5.096921996e-09
17880,49.99591667,0.04999041667,36.08665943,0.6778253849,0.0001381449156,2415635.484,333.70776,347.7314309,14.02367085,4.517289653e-09
17940,49.99591667,0.04999041667,36.12219,0.6762533147,0.000137799007,2415551.632,332.8606162,346.8431666,13.98255034,-7.56585905e-11
18000,49.99591667,0.04999041667,36.15765607,0.67468375,0.0001374536497,2415467.932,332.014883,345.9565149,13.94163194,1.645332759e-09
18060,49.99591667,0.04999041667,36.1930579,0.6731166848,0.0001371088424,2415384.383,331.1705568,345.0714692,13.90091243,-7.109633771e-09
18120,49.99591667,0.04999041667,36.22839575,0.6715521136,0.0001367645839,2415300.986,330.3276343,344.1880229,13.86038861,5.225047062e-10
18180,49.99591667,0.04999041667,36.26366989,0.6699900309,0.0001364208729,2415217.739,329.4861121,343.3061695,13.82005736,-3.357968126e-09
18240,49.99591667,0.04999041667,36.29888056,0.6684304312,0.0001360777082,2415134.642,328.6459871,342.4259027,13.77991559,2.424826562e-09
18300,49.99591667,0.04999041667,36.33402801,0.6668733096,0.0001357350888,2415051.694,327.8072562,341.5472165,13.73996028,4.358469141e-09
18360,49.99591667,0.04999041667,36.36911247,0.6653186611,0.0001353930136,2414968.895,326.9699164,340.6701048,13.70018844,-1.580474418e-09
18420,49.99591667,0.04999041667,36.40413419,0.6637664809,0.0001350514815,2414886.243,326.1339648,339.7945619,13.66059713,2.748720362e-09
18480,49.99591667,0.04999041667,36.43909339,0.6622167643,0.0001347104915,2414803.74,325.2993986,338.920582,13.62118347,6.065874913e-09
18540,49.99591667,0.04999041667,36.47399028,0.6606695071,0.0001343700426,2414721.383,324.466215,338.0481596,13.58194465,-7.830749382e-09
18600,49.99591667,0.04999041667,36.50882509,0.6591247048,0.0001340301338,2414639.173,323.6344115,337.1772893,13.54287784,-5.681556559e-09
18660,49.99591667,0.04999041667,36.54359803,0.6575823533,0.0001336907644,2414557.109,322.8039855,336.3079658,13.50398033,-6.154380117e-09
18720,49.99591667,0.04999041667,36.57830931,0.6560424488,0.0001333519333,2414475.19,321.9749346,335.440184,13.46524942,-1.816715667e-10
18780,49.99591667,0.04999041667,36.61295911,0.6545049873,0.0001330136398,2414393.416,321.1472563,334.5739388,13.42668247,-2.306137503e-09
18840,49.99591667,0.04999041667,36.64754765,0.6529699653,0.0001326758831,2414311.788,320.3209485,333.7092254,13.38827687,-1.834337127e-09
18900,49.99591667,0.04999041667,36.68207511,0.6514373791,0.0001323386623,2414230.303,319.4960088,332.8460389,13.35003009,-6.12351414e-09
18960,49.99591667,0.04999041667,36.71654167,0.6499072254,0.0001320019768,2414148.962,318.6724353,331.9843749,13.3119396,3.823515726e-09
19020,49.99591667,0.04999041667,36.75094752,0.6483795011,0.0001316658258,2414067.764,317.8502257,331.1242286,13.27400296,8.351435099e-10
19080,49.99591667,0.04999041667,36.78529283,0.6468542029,0.0001313302086,2413986.709,317.0293781,330.2655959,13.23621774,-2.505885277e-09
19140,49.99591667,0.04999041667,36.81957777,0.6453313279,0.0001309951247,2413905.796,316.2098907,329.4084723,13.19858157,4.091191386e-09
19200,49.99591667,0.04999041667,36.85380252,0.6438108732,0.0001306605732,2413825.026,315.3917616,328.5528538,13.16109213,-1.297337349e-09
19260,49.99591667,0.04999041667,36.88796722,0.6422928362,0.0001303265538,2413744.397,314.5749891,327.6987362,13.12374712,2.714841685e-09
19320,49.99591667,0.04999041667,36.92207204,0.6407772143,0.0001299930657,2413663.91,313.7595713,326.8461156,13.0865443,3.226432455e-09
19380,49.99591667,0.04999041667,36.95611713,0.639264005,0.0001296601085,2413583.564,312.9455068,325.9949883,13.04948149,-1.020680429e-09
19440,49.99591667,0.04999041667,36.99010265,0.6377532059,0.0001293276817,2413503.358,312.1327939,325.1453505,13.01255651,5.227946076e-09
19500,49.99591667,0.04999041667,37.02402873,0.6362448148,0.0001289957846,2413423.292,311.3214312,324.2971985,12.97576725,1.664318461e-09
19560,49.99591667,0.04999041667,37.05789551,0.6347388296,0.000128664417,2413343.367,310.5114172,323.4505289,12.93911163,4.433672984e-09
19620,49.99591667,0.04999041667,37.09170314,0.6332352482,0.0001283335783,2413263.581,309.7027506,322.6053382,12.90258764,-7.486733011e-09
19680,49.99591667,0.04999041667,37.12545174,0.6317340688,0.000128003268,2413183.934,308.8954299,321.7616232,12.86619324,1.410455752e-09
19740,49.99591667,0.04999041667,37.15914144,0.6302352896,0.000127673486,2413104.426,308.0894541,320.9193806,12.82992651,1.9053914e-09
19800,49.99591667,0.04999041667,37.19277238,0.6287389088,0.0001273442316,2413025.057,307.2848217,320.0786072,12.79378552,-5.931553915e-09
19860,49.99591667,0.04999041667,37.22634466,0.6272449249,0.0001270155046,2412945.827,306.4815318,319.2393002,12.75776838,-2.230706286e-09
19920,49.99591667,0.04999041667,37.25985841,0.6257533363,0.0001266873047,2412866.734,305.6795832,318.4014565,12.72187327,2.898843832e-09
19980,49.99591667,0.04999041667,37.29331374,0.6242641416,0.0001263596316,2412787.78,304.8789749,317.5650732,12.68609838,-1.319165222e-09
20040,49.99591667,0.04999041667,37.32671076,0.6227773396,0.0001260324849,2412708.963,304.0797058,316.7301477,12.65044194,3.645368452e-10
20100,49.99591667,0.04999041667,37.36004958,0.6212929289,0.0001257058643,2412630.283,303.281775,315.8966773,12.61490221,6.036430023e-09
20160,49.99591667,0.04999041667,37.3933303,0.6198109085,0.0001253797697,2412551.74,302.4851817,315.0646592,12.57947753,-1.600085398e-09
20220,49.99591667,0.04999041667,37.42655302,0.6183312772,0.0001250542009,2412473.335,301.689925,314.2340912,12.54416622,-7.734627161e-09
20280,49.99591667,0.04999041667,37.45971784,0.6168540342,0.0001247291574,2412395.066,300.896004,313.4049706,12.50896663,7.322398687e-09
20340,49.99591667,0.04999041667,37.49282486,0.6153791784,0.0001244046393,2412316.933,300.103418,312.5772952,12.47387723,-2.46353693e-09
20400,49.99591667,0.04999041667,37.52587416,0.6139067091,0.0001240806463,2412238.937,299.3121663,311.7510628,12.43889642,-7.7675395e-09
20460,49.99591667,0.04999041667,37.55886583,0.6124366256,0.0001237571782,2412161.077,298.5222483,310.926271,12.40402268,5.703668648e-09
20520,49.99591667,0.04999041667,37.59179996,0.6109689271,0.0001234342349,2412083.352,297.7336632,310.1029177,12.36925456,3.689422101e-09
20580,49.99591667,0.04999041667,37.62467663,0.609503613,0.0001231118163,2412005.763,296.9464105,309.281001,12.33459057,6.072582437e-10
20640,49.99591667,0.04999041667,37.65749591,0.6080406828,0.0001227899222,2411928.31,296.1604895,308.4605188,12.3000293,1.684327344e-09
20700,49.99591667,0.04999041667,37.6902579,0.6065801361,0.0001224685526,2411850.991,295.3758999,307.6414693,12.26556936,1.007663286e-09
20760,49.99591667,0.04999041667,37.72296265,0.6051219723,0.0001221477073,2411773.808,294.5926411,306.8238505,12.23120938,-4.797641395e-09
20820,49.99591667,0.04999041667,37.75561024,0.6036661913,0.0001218273862,2411696.76,293.8107126,306.0076607,12.19694803,1.137209438e-09
20880,49.99591667,0.04999041667,37.78820074,0.6022127927,0.0001215075894,2411619.846,293.0301141,305.1928981,12.16278403,-7.684093362e-10
20940,49.99591667,0.04999041667,37.82073422,0.6007617762,0.0001211883167,2411543.067,292.250845,304.3795611,12.12871608,2.86871682e-09
21000,49.99591667,0.04999041667,37.85321074,0.5993131418,0.0001208695682,2411466.423,291.4729052,303.5676482,12.09474297,5.355218491e-10
21060,49.99591667,0.04999041667,37.88563036,0.5978668893,0.0001205513437,2411389.912,290.6962942,302.7571577,12.06086348,-1.970192898e-10
21120,49.99591667,0.04999041667,37.91799314,0.5964230186,0.0001202336434,2411313.536,289.9210118,301.9480882,12.0270764,8.052154499e-09
21180,49.99591667,0.04999041667,37.95029914,0.5949815297,0.0001199164671,2411237.294,289.1470576,301.1404382,11.99338061,3.085460776e-10
21240,49.99591667,0.04999041667,37.98254841,0.5935424227,0.0001195998149,2411161.186,288.3744315,300.3342065,11.95977497,-4.996536518e-09
21300,49.99591667,0.04999041667,38.014741,0.5921056976,0.0001192836868,2411085.211,287.6031332,299.5293916,11.92625836,4.089201866e-09
21360,49.99591667,0.04999041667,38.04687697,0.5906713546,0.0001189680829,2411009.37,286.8331626,298.7259923,11.89282974,-1.877594968e-09
21420,49.99591667,0.04999041667,38.07895637,0.5892393939,0.0001186530031,2410933.663,286.0645194,297.9240075,11.85948803,-2.865249371e-09
21480,49.99591667,0.04999041667,38.11097923,0.5878098156,0.0001183384476,2410858.089,285.2972036,297.1234358,11.82623222,-6.597247193e-10
21540,49.99591667,0.04999041667,38.14294562,0.5863826201,0.0001180244163,2410782.648,284.531215,296.3242763,11.7930613,1.651756065e-09
21600,49.99591667,0.04999041667,38.17485556,0.5849578076,0.0001177109094,2410707.341,283.7665534,295.5265278,11.75997433,-3.836532869e-09
21660,49.99591667,0.04999041667,38.2067091,0.5835353785,0.0001173979269,2410632.167,283.003219,294.7301893,11.72697032,-3.497802936e-09
21720,49.99591667,0.04999041667,38.23850627,0.5821153332,0.000117085469,2410557.125,282.2412114,293.9352598,11.69404836,-4.646778962e-09
21780,49.99591667,0.04999041667,38.27024713,0.580697672,0.0001167735356,2410482.217,281.4805309,293.1417384,11.66120755,-6.162395039e-10
21840,49.99591667,0.04999041667,38.3019317,0.5792823954,0.0001164621269,2410407.441,280.7211772,292.3496243,11.628447,4.042931323e-09
21900,49.99591667,0.04999041667,38.33356001,0.5778695039,0.000116151243,2410332.798,279.9631505,291.5589164,11.59576588,-9.761151887e-10
21960,49.99591667,0.04999041667,38.3651321,0.5764589979,0.000115840884,2410258.288,279.2064508,290.7696141,11.56316333,2.99274916e-09
22020,49.99591667,0.04999041667,38.39664801,0.5750508781,0.00011553105,2410183.911,278.451078,289.9817165,11.53063855,-4.881940185e-09
22080,49.99591667,0.04999041667,38.42810775,0.5736451449,0.0001152217412,2410109.666,277.6970322,289.1952229,11.49819073,-5.560991667e-10
22140,49.99591667,0.04999041667,38.45951136,0.5722417989,0.0001149129577,2410035.553,276.9443135,288.4101326,11.46581912,-2.306649094e-09
22200,49.99591667,0.04999041667,38.49085887,0.5708408409,0.0001146046995,2409961.573,276.192922,287.6264449,11.43352297,-5.390234037e-09
22260,49.99591667,0.04999041667,38.5221503,0.5694422713,0.000114296967,2409887.725,275.4428577,286.8441592,11.40130152,7.565461146e-09
22320,49.99591667,0.04999041667,38.55338567,0.5680460909,0.0001139897601,2409814.01,274.6941208,286.0632749,11.36915411,-9.014627267e-09
22380,49.99591667,0.04999041667,38.58456501,0.5666523003,0.000113683079,2409740.427,273.9467113,285.2837913,11.33708,-3.303739504e-09
22440,49.99591667,0.04999041667,38.61568835,0.5652609002,0.000113376924,2409666.976,273.2006295,284.505708,11.30507853,1.330136001e-09
22500,49.99591667,0.04999041667,38.64675569,0.5638718914,0.0001130712951,2409593.657,272.4558754,283.7290244,11.27314907,-1.86082616e-09
22560,49.99591667,0.04999041667,38.67776706,0.5624852746,0.0001127661925,2409520.47,271.7124491,282.9537401,11.24129097,-3.899003787e-09
22620,49.99591667,0.04999041667,38.70872248,0.5611010505,0.0001124616164,2409447.415,270.970351,282.1798545,11.2095036,-8.943118246e-09
22680,49.99591667,0.04999041667,38.73962197,0.5597192199,0.000112157567,2409374.492,270.229581,281.4073673,11.17778636,5.348454124e-09
22740,49.99591667,0.04999041667,38.77046554,0.5583397836,0.0001118540444,2409301.701,269.4901394,280.6362781,11.14613869,-3.074546839e-09
22800,49.99591667,0.04999041667,38.80125321,0.5569627424,0.0001115510487,2409229.042,268.7520263,279.8665864,11.11456001,1.022044671e-09
22860,49.99591667,0.04999041667,38.83198499,0.555588097,0.0001112485803,2409156.515,268.0152421,279.0982918,11.08304977,-6.24288532e-09
22920,49.99591667,0.04999041667,38.8626609,0.5542158484,0.0001109466392,2409084.12,267.2797867,278.3313942,11.05160743,2.619174211e-09
22980,49.99591667,0.04999041667,38.89328094,0.5528459973,0.0001106452257,2409011.857,266.5456606,277.5658931,11.02023247,7.366679711e-09
23040,49.99591667,0.04999041667,38.92384514,0.5514785446,0.0001103443399,2408939.725,265.8128638,276.8017882,10.98892441,3.663387815e-09
23100,49.99591667,0.04999041667,38.9543535,0.5501134911,0.0001100439819,2408867.726,265.0813965,276.0390793,10.95768274,4.31754188e-09
23160,49.99591667,0.04999041667,38.98480602,0.5487508377,0.0001097441521,2408795.858,264.3512591,275.2777661,10.926507,7.327685125e-10
23220,49.99591667,0.04999041667,39.01520273,0.5473905852,0.0001094448506,2408724.122,263.6224517,274.5178484,10.89539673,-3.110017133e-09
23280,49.99591667,0.04999041667,39.04554363,0.5460327346,0.0001091460776,2408652.517,262.8949745,273.7593259,10.86435147,-1.833882379e-09
23340,49.99591667,0.04999041667,39.07582873,0.5446772866,0.0001088478332,2408581.044,262.1688277,273.0021985,10.8333708,-4.710670964e-09
23400,49.99591667,0.04999041667,39.10605803,0.5433242422,0.0001085501177,2408509.703,261.4440117,272.246466,10.8024543,-4.203627668e-09
23460,49.99591667,0.04999041667,39.13623154,0.5419736022,0.0001082529312,2408438.494,260.7205266,271.4921282,10.77160157,-2.907199814e-09
23520,49.99591667,0.04999041667,39.16634927,0.5406253675,0.000107956274,2408367.416,259.9983727,270.7391849,10.74081222,-1.086220891e-09
23580,49.99591667,0.04999041667,39.19641123,0.539279539,0.0001076601463,2408296.47,259.2775502,269.987636,10.71008587,-2.200238214e-09
23640,49.99591667,0.04999041667,39.22641741,0.5379361176,0.0001073645481,2408225.655,258.5580593,269.2374814,10.67942215,-2.074273198e-09
23700,49.99591667,0.04999041667,39.25636783,0.5365951042,0.0001070694799,2408154.972,257.8399003,268.488721,10.64882071,-4.217838523e-09
23760,49.99591667,0.04999041667,39.28626248,0.5352564996,0.0001067749416,2408084.421,257.1230734,267.7413546,10.6182812,-2.330580173e-09
23820,49.99591667,0.04999041667,39.31610138,0.5339203048,0.0001064809336,2408014.001,256.4075789,266.9953821,10.58780329,3.450054464e-09
23880,49.99591667,0.04999041667,39.34588452,0.5325865205,0.000106187456,2407943.713,255.6934169,266.2508036,10.55738668,-2.219820772e-09
23940,49.99591667,0.04999041667,39.37561191,0.5312551478,0.0001058945089,2407873.556,254.9805878,265.5076188,10.52703104,1.111544634e-09
24000,49.99591667,0.04999041667,39.40528355,0.5299261874,0.0001056020927,2407803.531,254.2690918,264.7658278,10.49673609,-5.475499165e-09
24060,49.99591667,0.04999041667,39.43489945,0.5285996402,0.0001053102075,2407733.637,253.558929,264.0254305,10.46650151,-5.1841198e-11
24120,49.99591667,0.04999041667,39.46445959,0.5272755071,0.0001050188535,2407663.875,252.8500998,263.2864268,10.43632705,-1.321240006e-09
24180,49.99591667,0.04999041667,39.493964,0.525953789,0.0001047280308,2407594.245,252.1426043,262.5488167,10.40621244,1.575500619e-09
24240,49.99591667,0.04999041667,39.52341266,0.5246344867,0.0001044377397,2407524.746,251.4364428,261.8126002,10.37615742,-2.837794e-09
24300,49.99591667,0.04999041667,39.55280558,0.5233176011,0.0001041479804,2407455.379,250.7316155,261.0777773,10.34616174,-5.638781886e-09
24360,49.99591667,0.04999041667,39.58214275,0.5220031329,0.0001038587529,2407386.143,250.0281227,260.3443478,10.31622516,4.190212621e-10
24420,49.99591667,0.04999041667,39.61142419,0.5206910831,0.0001035700576,2407317.039,249.3259644,259.6123119,10.28634745,-7.582343642e-10
24480,49.99591667,0.04999041667,39.64064989,0.5193814524,0.0001032818946,2407248.066,248.6251411,258.8816694,10.25652838,2.061909754e-09
24540,49.99591667,0.04999041667,39.66981985,0.5180742417,0.0001029942641,2407179.225,247.9256527,258.1524205,10.22676776,3.531312132e-09
24600,49.99591667,0.04999041667,39.69893406,0.5167694517,0.0001027071662,2407110.516,247.2274997,257.4245651,10.19706537,-5.505285117e-11
24660,49.99591667,0.04999041667,39.72799254,0.5154670833,0.0001024206011,2407041.938,246.5306821,256.6981031,10.16742102,-2.93306357e-09
24720,49.99591667,0.04999041667,39.75699528,0.5141671373,0.000102134569,2406973.491,245.8352001,255.9730347,10.13783452,-6.446782663e-09
24780,49.99591667,0.04999041667,39.78594228,0.5128696143,0.0001018490701,2406905.176,245.141054,255.2493597,10.10830567,3.811550187e-09
24840,49.99591667,0.04999041667,39.81483354,0.5115745153,0.0001015641045,2406836.993,244.448244,254.5270783,10.07883433,-5.318270269e-10
24900,49.99591667,0.04999041667,39.84366905,0.5102818409,0.0001012796725,2406768.941,243.7567701,253.8061904,10.04942031,2.671612265e-09
24960,49.99591667,0.04999041667,39.87244883,0.5089915918,0.0001009957741,2406701.021,243.0666325,253.086696,10.02006347,-9.610801044e-10
25020,49.99591667,0.04999041667,39.90117286,0.5077037688,0.0001007124095,2406633.232,242.3778315,252.3685952,9.990763639,2.559943368e-10
25080,49.99591667,0.04999041667,39.92984115,0.5064183727,0.0001004295789,2406565.575,241.6903672,251.6518879,9.961520681,4.496996553e-09
25140,49.99591667,0.04999041667,39.9584537,0.5051354041,0.0001001472824,2406498.049,241.0042398,250.9365742,9.932334466,1.134964123e-09
25200,49.99591667,0.04999041667,39.9870105,0.5038548636,9.986552022e-05,2406430.655,240.3194493,250.2226541,9.90320485,1.202039357e-09
25260,49.99591667,0.04999041667,40.01551156,0.502576752,9.958429247e-05,2406363.393,239.6359959,249.5101276,9.874131713,-4.246771823e-10
25320,49.99591667,0.04999041667,40.04395688,0.5013010699,9.930359929e-05,2406296.262,238.9538797,248.7989947,9.845114929,1.92102334e-09
25380,49.99591667,0.04999041667,40.07234645,0.500027818,9.902344082e-05,2406229.262,238.273101,248.0892554,9.816154398,-4.056062153e-09
25440,49.99591667,0.04999041667,40.10068028,0.4987569969,9.874381722e-05,2406162.395,237.5936597,247.3809097,9.787249992,-1.341305733e-09
25500,49.99591667,0.04999041667,40.12895836,0.4974886071,9.84647286e-05,2406095.658,236.915556,246.6739576,9.758401617,2.446313374e-09
25560,49.99591667,0.04999041667,40.1571807,0.4962226493,9.81861751e-05,2406029.054,236.2387899,245.9683991,9.729609183,8.980123312e-10
25620,49.99591667,0.04999041667,40.1853473,0.4949591241,9.790815684e-05,2405962.58,235.5633617,245.2642343,9.700872588,1.876543365e-09
25680,49.99591667,0.04999041667,40.21345815,0.4936980321,9.763067395e-05,2405896.239,234.8892713,244.561463,9.672191755,-3.463156872e-09
25740,49.99591667,0.04999041667,40.24151325,0.4924393736,9.735372656e-05,2405830.029,234.2165188,243.8600853,9.643566588,-2.232013685e-09
25800,49.99591667,0.04999041667,40.26951262,0.4911831494,9.707731476e-05,2405763.95,233.5451042,243.1601013,9.614997015,3.461764209e-10
25860,49.99591667,0.04999041667,40.29745624,0.4899293599,9.680143868e-05,2405698.003,232.8750278,242.4615107,9.586482966,2.487382744e-09
25920,49.99591667,0.04999041667,40.32534412,0.4886780055,9.652609843e-05,2405632.188,232.2062893,241.7643137,9.558024379,-4.546194532e-09
25980,49.99591667,0.04999041667,40.35317626,0.4874290868,9.62512941e-05,2405566.504,231.5388891,241.0685102,9.529621177,-6.549754517e-09
26040,49.99591667,0.04999041667,40.38095266,0.4861826043,9.59770258e-05,2405500.952,230.8728269,240.3741002,9.501273301,-3.844064622e-09
26100,49.99591667,0.04999041667,40.40867332,0.4849385582,9.570329362e-05,2405435.531,230.2081029,239.6810836,9.472980695,2.429260348e-09
26160,49.99591667,0.04999041667,40.43633825,0.4836969492,9.543009765e-05,2405370.242,229.5447171,238.9894604,9.444743317,2.016577128e-09
26220,49.99591667,0.04999041667,40.46394745,0.4824577775,9.515743799e-05,2405305.084,228.8826694,238.2992305,9.416561113,9.365805909e-10
26280,49.99591667,0.04999041667,40.49150091,0.4812210435,9.488531471e-05,2405240.058,228.2219598,237.6103939,9.388434035,3.860748166e-09
26340,49.99591667,0.04999041667,40.51899865,0.4799867476,9.461372789e-05,2405175.163,227.5625884,236.9229505,9.360362057,-5.370367262e-09
26400,49.99591667,0.04999041667,40.54644066,0.4787548901,9.434267761e-05,2405110.4,226.9045551,236.2369002,9.332345111,2.982204705e-09
26460,49.99591667,0.04999041667,40.57382695,0.4775254714,9.407216393e-05,2405045.768,226.2478598,235.552243,9.304383198,-4.440096291e-09
26520,49.99591667,0.04999041667,40.60115752,0.4762984917,9.380218693e-05,2404981.268,225.5925025,234.8689787,9.276476254,3.515339131e-09
26580,49.99591667,0.04999041667,40.62843237,0.4750739514,9.353274665e-05,2404916.9,224.9384831,234.1871074,9.248624278,3.964828466e-10
26640,49.99591667,0.04999041667,40.65565152,0.4738518506,9.326384317e-05,2404852.662,224.2858016,233.5066288,9.220827232,-1.237026481e-09
26700,49.99591667,0.04999041667,40.68281495,0.4726321896,9.299547653e-05,2404788.557,223.6344578,232.8275429,9.193085096,-2.484142669e-09
26760,49.99591667,0.04999041667,40.70992269,0.4714149686,9.272764677e-05,2404724.582,222.9844517,232.1498495,9.165397842,3.765364909e-09
26820,49.99591667,0.04999041667,40.73697472,0.4702001879,9.246035394e-05,2404660.74,222.3357831,231.4735486,9.137765467,3.589548214e-09
26880,49.99591667,0.04999041667,40.76397107,0.4689878475,9.219359808e-05,2404597.028,221.688452,230.7986399,9.110187957,-1.907693559e-09
26940,49.99591667,0.04999041667,40.79091173,0.4677779477,9.192737922e-05,2404533.448,221.0424581,230.1251234,9.082665289,-2.554600087e-09
27000,49.99591667,0.04999041667,40.81779671,0.4665704885,9.166169738e-05,2404470,220.3978015,229.4529989,9.055197454,1.973660346e-09
27060,49.99591667,0.04999041667,40.84462602,0.4653654701,9.13965526e-05,2404406.683,219.7544818,228.7822663,9.027784458,-3.359843959e-09
27120,49.99591667,0.04999041667,40.87139965,0.4641628925,9.113194489e-05,2404343.497,219.112499,228.1129253,9.000426279,-9.514735666e-10
27180,49.99591667,0.04999041667,40.89811763,0.4629627559,9.086787426e-05,2404280.442,218.4718529,227.4449758,8.973122931,-6.721791124e-09
27240,49.99591667,0.04999041667,40.92477996,0.4617650602,9.060434072e-05,2404217.519,217.8325433,226.7784177,8.945874388,1.807080707e-09
27300,49.99591667,0.04999041667,40.95138664,0.4605698055,9.034134428e-05,2404154.728,217.1945699,226.1132506,8.918680677,2.060914994e-09
27360,49.99591667,0.04999041667,40.97793769,0.4593769917,9.007888493e-05,2404092.067,216.5579327,225.4494745,8.891541789,1.933187832e-09
27420,49.99591667,0.04999041667,41.00443311,0.4581866189,8.981696267e-05,2404029.538,215.9226313,224.787089,8.864457731,6.811546882e-10
27480,49.99591667,0.04999041667,41.03087291,0.456998687,8.95555775e-05,2403967.14,215.2886655,224.126094,8.837428507,1.961666385e-10
27540,49.99591667,0.04999041667,41.0572571,0.4558131959,8.929472938e-05,2403904.873,214.6560351,223.4664892,8.810454122,1.817340944e-09
27600,49.99591667,0.04999041667,41.08358569,0.4546301455,8.90344183e-05,2403842.738,214.0247399,222.8082744,8.783534592,1.099635938e-09
27660,49.99591667,0.04999041667,41.10985869,0.4534495357,8.877464424e-05,2403780.733,213.3947795,222.1514494,8.756669921,1.916475867e-09
27720,49.99591667,0.04999041667,41.13607612,0.4522713664,8.851540717e-05,2403718.86,212.7661536,221.4960138,8.729860129,-3.138126203e-09
27780,49.99591667,0.04999041667,41.16223797,0.4510956374,8.825670704e-05,2403657.118,212.1388621,220.8419673,8.70310522,-4.390784625e-09
27840,49.99591667,0.04999041667,41.18834427,0.4499223485,8.799854383e-05,2403595.508,211.5129046,220.1893098,8.676405208,-2.746958216e-09
27900,49.99591667,0.04999041667,41.21439503,0.4487514995,8.774091747e-05,2403534.028,210.8882808,219.5380409,8.649760106,4.03289846e-09
27960,49.99591667,0.04999041667,41.24039026,0.4475830902,8.748382792e-05,2403472.679,210.2649903,218.8881602,8.623169947,7.562448445e-10
28020,49.99591667,0.04999041667,41.26632997,0.4464171203,8.722727513e-05,2403411.461,209.6430328,218.2396675,8.596634736,-1.520561455e-09
28080,49.99591667,0.04999041667,41.29221417,0.4452535895,8.697125903e-05,2403350.375,209.022408,217.5925625,8.570154487,1.88742888e-09
28140,49.99591667,0.04999041667,41.31804288,0.4440924976,8.671577956e-05,2403289.419,208.4031155,216.9468447,8.54372923,6.233449312e-10
28200,49.99591667,0.04999041667,41.34381611,0.4429338442,8.646083664e-05,2403228.594,207.7851549,216.3025139,8.517358983,-3.377806479e-09
28260,49.99591667,0.04999041667,41.36953388,0.4417776289,8.62064302e-05,2403167.9,207.1685258,215.6595696,8.491043761,-5.465238928e-09
28320,49.99591667,0.04999041667,41.39519621,0.4406238514,8.595256016e-05,2403107.337,206.553228,215.0180115,8.464783577,3.765848078e-09
28380,49.99591667,0.04999041667,41.4208031,0.4394725114,8.569922643e-05,2403046.905,205.9392608,214.3778393,8.438578476,4.420428468e-10
28440,49.99591667,0.04999041667,41.44635457,0.4383236083,8.544642891e-05,2402986.603,205.326624,213.7390524,8.412428468,-2.023710977e-09
28500,49.99591667,0.04999041667,41.47185064,0.4371771417,8.519416751e-05,2402926.432,204.715317,213.1016506,8.386333568,4.237477924e-09
28560,49.99591667,0.04999041667,41.49729133,0.4360331112,8.494244213e-05,2402866.392,204.1053395,212.4656333,8.360293815,3.126160664e-09
28620,49.99591667,0.04999041667,41.52267666,0.4348915163,8.469125266e-05,2402806.483,203.496691,211.8310002,8.334309229,-2.799254162e-10
28680,49.99591667,0.04999041667,41.54800664,0.4337523565,8.444059899e-05,2402746.704,202.8893709,211.1977508,8.30837983,-2.110596142e-09
28740,49.99591667,0.04999041667,41.57328128,0.4326156312,8.4190481e-05,2402687.056,202.2833789,210.5658846,8.282505637,2.587768222e-09
28800,49.99591667,0.04999041667,41.59850062,0.4314813398,8.394089856e-05,2402627.539,201.6787145,209.9354012,8.256686693,-2.408768296e-09
28860,49.99591667,0.04999041667,41.62366466,0.4303494819,8.369185155e-05,2402568.151,201.0753771,209.3063001,8.230923005,-2.421813861e-10
28920,49.99591667,0.04999041667,41.64877344,0.4292200567,8.344333984e-05,2402508.895,200.4733662,208.6785808,8.205214607,-3.449827091e-10
28980,49.99591667,0.04999041667,41.67382696,0.4280930637,8.319536328e-05,2402449.768,199.8726813,208.0522428,8.179561525,-4.760920547e-10
29040,49.99591667,0.04999041667,41.69882524,0.4269685022,8.294792174e-05,2402390.772,199.2733218,207.4272856,8.153963785,-5.218169008e-09
29100,49.99591667,0.04999041667,41.72376832,0.4258463715,8.270101506e-05,2402331.907,198.6752872,206.8037086,8.128421399,2.675051292e-09
29160,49.99591667,0.04999041667,41.74865621,0.424726671,8.245464309e-05,2402273.171,198.078577,206.1815114,8.102934419,-4.254786745e-09
29220,49.99591667,0.04999041667,41.77348893,0.4236093999,8.220880568e-05,2402214.566,197.4831905,205.5606933,8.077502842,1.813333483e-09
29280,49.99591667,0.04999041667,41.79826651,0.4224945574,8.196350265e-05,2402156.091,196.8891271,204.9412538,8.052126718,-3.54225449e-09
29340,49.99591667,0.04999041667,41.82298897,0.4213821428,8.171873384e-05,2402097.746,196.2963864,204.3231924,8.026806057,-3.177063945e-09
29400,49.99591667,0.04999041667,41.84765633,0.4202721553,8.147449907e-05,2402039.531,195.7049675,203.7065084,8.001540884,9.862901607e-10
29460,49.99591667,0.04999041667,41.87226861,0.4191645942,8.123079818e-05,2401981.446,195.1148701,203.0912013,7.976331236,-2.704894086e-09
29520,49.99591667,0.04999041667,41.89682585,0.4180594584,8.098763096e-05,2401923.491,194.5260933,202.4772704,7.951177127,-8.211031854e-10
29580,49.99591667,0.04999041667,41.92132806,0.4169567473,8.074499723e-05,2401865.666,193.9386365,201.8647151,7.926078587,-8.679705843e-10
29640,49.99591667,0.04999041667,41.94577527,0.4158564598,8.05028968e-05,2401807.97,193.3524992,201.2535348,7.901035634,3.339863497e-09
29700,49.99591667,0.04999041667,41.97016751,0.4147585952,8.026132947e-05,2401750.405,192.7676805,200.6437288,7.876048303,9.960956504e-10
29760,49.99591667,0.04999041667,41.9945048,0.4136631525,8.002029504e-05,2401692.969,192.1841799,200.0352965,7.851116606,4.96032726e-09
29820,49.99591667,0.04999041667,42.01878718,0.4125701306,7.977979328e-05,2401635.662,191.6019967,199.4282373,7.826240583,-2.119463716e-09
29880,49.99591667,0.04999041667,42.04301466,0.4114795287,7.9539824e-05,2401578.485,191.0211301,198.8225503,7.801420231,4.315268143e-09
29940,49.99591667,0.04999041667,42.06718727,0.4103913458,7.930038697e-05,2401521.438,190.4415793,198.2182349,7.776655598,1.384506731e-09
30000,49.99591667,0.04999041667,42.09130505,0.4093055807,7.906148196e-05,2401464.52,189.8633438,197.6152905,7.751946696,-2.636653562e-09
30060,49.99591667,0.04999041667,42.11536801,0.4082222326,7.882310875e-05,2401407.731,189.2864228,197.0137163,7.727293537,2.927947662e-09
30120,49.99591667,0.04999041667,42.1393762,0.4071413003,7.85852671e-05,2401351.072,188.7108154,196.4135116,7.702696162,-3.333212817e-09
30180,49.99591667,0.04999041667,42.16332964,0.4060627827,7.834795678e-05,2401294.542,188.136521,195.8146756,7.678154575,-2.794848797e-09
30240,49.99591667,0.04999041667,42.18722837,0.4049866788,7.811117753e-05,2401238.141,187.5635387,195.2172075,7.653668801,-1.07107212e-09
30300,49.99591667,0.04999041667,42.2110724,0.4039129873,7.787492912e-05,2401181.869,186.9918679,194.6211067,7.629238863,-3.185760988e-09
30360,49.99591667,0.04999041667,42.23486177,0.4028417072,7.763921128e-05,2401125.726,186.4215076,194.0263723,7.60486478,-8.662794926e-09
30420,49.99591667,0.04999041667,42.25859652,0.4017728372,7.740402376e-05,2401069.712,185.852457,193.4330036,7.580546548,6.469917935e-09
30480,49.99591667,0.04999041667,42.28227668,0.4007063762,7.716936629e-05,2401013.827,185.2847155,192.8409997,7.55628423,-4.669999498e-09
30540,49.99591667,0.04999041667,42.30590227,0.399642323,7.693523861e-05,2400958.071,184.718282,192.2503598,7.532077801,-1.295632046e-09
30600,49.99591667,0.04999041667,42.32947334,0.3985806762,7.670164044e-05,2400902.443,184.1531559,191.6610832,7.507927297,-6.917559858e-10
30660,49.99591667,0.04999041667,42.35298991,0.3975214347,7.64685715e-05,2400846.944,183.5893362,191.0731689,7.483832727,1.993953447e-09
30720,49.99591667,0.04999041667,42.37645202,0.3964645972,7.623603152e-05,2400791.573,183.026822,190.4866162,7.459794112,5.596234587e-10
30780,49.99591667,0.04999041667,42.3998597,0.3954101623,7.60040202e-05,2400736.331,182.4656126,189.9014241,7.435811462,-4.879439075e-10
30840,49.99591667,0.04999041667,42.423213,0.3943581287,7.577253725e-05,2400681.217,181.905707,189.3175918,7.411884798,-8.032571941e-09
30900,49.99591667,0.04999041667,42.44651193,0.3933084951,7.554158238e-05,2400626.232,181.3471043,188.7351184,7.38801411,-9.771667919e-10
30960,49.99591667,0.04999041667,42.46975655,0.3922612601,7.531115528e-05,2400571.375,180.7898036,188.154003,7.364199425,7.766288945e-09
31020,49.99591667,0.04999041667,42.49294688,0.3912164224,7.508125565e-05,2400516.645,180.2338039,187.5742447,7.340440766,3.52281404e-09
31080,49.99591667,0.04999041667,42.51608296,0.3901739804,7.485188318e-05,2400462.044,179.6791045,186.9958426,7.316738129,1.334910849e-09
31140,49.99591667,0.04999041667,42.53916483,0.3891339328,7.462303755e-05,2400407.571,179.1257043,186.4187958,7.293091521,3.644430535e-09
31200,49.99591667,0.04999041667,42.56219253,0.3880962781,7.439471844e-05,2400353.226,178.5736024,185.8431033,7.269500961,1.150510798e-09
31260,49.99591667,0.04999041667,42.5851661,0.3870610148,7.416692553e-05,2400299.008,178.0227978,185.2687642,7.245966447,9.123368727e-10
31320,49.99591667,0.04999041667,42.60808557,0.3860281415,7.393965848e-05,2400244.918,177.4732895,184.6957775,7.222487991,-3.022080364e-10
31380,49.99591667,0.04999041667,42.63095098,0.3849976566,7.371291698e-05,2400190.956,176.9250766,184.1241422,7.199065599,-2.374974883e-09
31440,49.99591667,0.04999041667,42.65376237,0.3839695586,7.348670066e-05,2400137.121,176.3781581,183.5538574,7.175699268,5.927915936e-10
31500,49.99591667,0.04999041667,42.67651978,0.3829438459,7.32610092e-05,2400083.413,175.832533,182.984922,7.152389021,-7.55005658e-09
31560,49.99591667,0.04999041667,42.69922326,0.381920517,7.303584225e-05,2400029.833,175.2882003,182.4173351,7.129134833,1.725197762e-11
31620,49.99591667,0.04999041667,42.72187284,0.3808995703,7.281119946e-05,2399976.38,174.7451589,181.8510956,7.105936734,-5.701679129e-09
31680,49.99591667,0.04999041667,42.74446856,0.3798810041,7.258708046e-05,2399923.054,174.2034078,181.2862025,7.082794701,1.488501766e-09
31740,49.99591667,0.04999041667,42.76701047,0.3788648168,7.236348491e-05,2399869.855,173.6629461,180.7226548,7.059708758,-1.735685373e-09
31800,49.99591667,0.04999041667,42.78949861,0.3778510067,7.214041243e-05,2399816.783,173.1237725,180.1604514,7.03667889,-3.328835874e-09
31860,49.99591667,0.04999041667,42.81193302,0.3768395723,7.191786266e-05,2399763.838,172.5858861,179.5995912,7.013705093,7.558469406e-10
31920,49.99591667,0.04999041667,42.83431374,0.3758305117,7.169583522e-05,2399711.02,172.0492858,179.0400732,6.990787369,6.504393468e-09
31980,49.99591667,0.04999041667,42.85664082,0.3748238233,7.147432973e-05,2399658.328,171.5139706,178.4818963,6.967925723,3.227171419e-09
32040,49.99591667,0.04999041667,42.87891429,0.3738195053,7.125334583e-05,2399605.762,170.9799392,177.9250594,6.945120146,-1.573795316e-09
32100,49.99591667,0.04999041667,42.90113421,0.3728175559,7.103288311e-05,2399553.323,170.4471907,177.3695613,6.922370621,2.921836995e-09
32160,49.99591667,0.04999041667,42.92330062,0.3718179735,7.081294119e-05,2399501.011,169.9157239,176.8154011,6.899677152,4.67684913e-09
32220,49.99591667,0.04999041667,42.94541357,0.3708207562,7.059351967e-05,2399448.824,169.3855378,176.2625775,6.877039734,2.603826488e-09
32280,49.99591667,0.04999041667,42.96747309,0.3698259022,7.037461817e-05,2399396.764,168.8566311,175.7110894,6.854458359,-4.990596381e-09
32340,49.99591667,0.04999041667,42.98947924,0.3688334097,7.015623627e-05,2399344.829,168.3290027,175.1609357,6.831933005,-3.238710633e-09
32400,49.99591667,0.04999041667,43.01143206,0.3678432768,6.993837356e-05,2399293.02,167.8026515,174.6121152,6.809463668,-1.046743137e-09
32460,49.99591667,0.04999041667,43.0333316,0.3668555017,6.972102965e-05,2399241.337,167.2775764,174.0646268,6.787050341,-1.46678758e-09
32520,49.99591667,0.04999041667,43.0551779,0.3658700825,6.95042041e-05,2399189.78,166.7537762,173.5184692,6.764693011,-4.851813173e-09
32580,49.99591667,0.04999041667,43.07697102,0.3648870172,6.928789652e-05,2399138.348,166.2312496,172.9736413,6.742391657,-3.428397122e-09
32640,49.99591667,0.04999041667,43.09871099,0.363906304,6.907210647e-05,2399087.042,165.7099956,172.4301419,6.720146266,1.730541044e-09
32700,49.99591667,0.04999041667,43.12039788,0.362927941,6.885683352e-05,2399035.861,165.1900129,171.8879697,6.697956827,5.468137942e-09
32760,49.99591667,0.04999041667,43.14203172,0.3619519261,6.864207725e-05,2398984.805,164.6713003,171.3471236,6.675823331,-2.050057901e-10
32820,49.99591667,0.04999041667,43.16361257,0.3609782574,6.842783722e-05,2398933.874,164.1538567,170.8076024,6.653745752,-5.524555036e-09
32880,49.99591667,0.04999041667,43.18514048,0.3600069329,6.8214113e-05,2398883.068,163.6376807,170.2694048,6.631724068,-9.145935564e-09
32940,49.99591667,0.04999041667,43.20661549,0.3590379506,6.800090414e-05,2398832.387,163.1227712,169.7325295,6.609758251,-1.624414381e-09
33000,49.99591667,0.04999041667,43.22803766,0.3580713085,6.77882102e-05,2398781.831,162.609127,169.1969753,6.587848296,5.331628472e-10
33060,49.99591667,0.04999041667,43.24940703,0.3571070045,6.757603073e-05,2398731.399,162.0967467,168.6627409,6.565994181,-1.190898047e-09
33120,49.99591667,0.04999041667,43.27072366,0.3561450366,6.736436527e-05,2398681.092,161.5856293,168.1298251,6.544195871,3.970200169e-09
33180,49.99591667,0.04999041667,43.2919876,0.3551854027,6.715321337e-05,2398630.909,161.0757732,167.5982266,6.522453354,3.606828614e-09
33240,49.99591667,0.04999041667,43.3131989,0.3542281007,6.694257457e-05,2398580.851,160.5671775,167.0679441,6.500766608,-3.733532594e-09
33300,49.99591667,0.04999041667,43.33435762,0.3532731285,6.673244841e-05,2398530.916,160.0598406,166.5389762,6.479135585,2.480220473e-09
33360,49.99591667,0.04999041667,43.3554638,0.3523204839,6.652283441e-05,2398481.105,159.5537614,166.0113217,6.45756029,-8.619451819e-09
33420,49.99591667,0.04999041667,43.3765175,0.351370165,6.631373211e-05,2398431.419,159.0489386,165.4849792,6.436040659,-1.981902642e-09
33480,49.99591667,0.04999041667,43.39751877,0.3504221693,6.610514103e-05,2398381.856,158.5453708,164.9599475,6.414576678,6.124110996e-09
33540,49.99591667,0.04999041667,43.41846766,0.3494764949,6.589706069e-05,2398332.416,158.0430568,164.4362251,6.39316834,-5.419309446e-09
33600,49.99591667,0.04999041667,43.43936423,0.3485331396,6.568949062e-05,2398283.1,157.5419952,163.9138108,6.37181558,-3.097028412e-09
33660,49.99591667,0.04999041667,43.46020854,0.347592101,6.548243033e-05,2398233.908,157.0421848,163.3927032,6.350518377,-1.797673121e-10
33720,49.99591667,0.04999041667,43.48100063,0.346653377,6.527587932e-05,2398184.839,156.5436241,162.8729008,6.329276701,1.687595841e-09
33780,49.99591667,0.04999041667,43.50174057,0.3457169654,6.506983711e-05,2398135.892,156.0463119,162.3544024,6.308090514,5.590834462e-09
33840,49.99591667,0.04999041667,43.52242841,0.3447828639,6.48643032e-05,2398087.069,155.5502467,161.8372065,6.286959789,1.452661991e-09
33900,49.99591667,0.04999041667,43.54306419,0.3438510702,6.465927709e-05,2398038.369,155.0554273,161.3213118,6.265884484,-2.890857331e-09
33960,49.99591667,0.04999041667,43.56364799,0.3429215821,6.445475829e-05,2397989.791,154.5618523,160.8067169,6.244864554,-1.113164672e-09
34020,49.99591667,0.04999041667,43.58417985,0.3419943972,6.425074628e-05,2397941.336,154.0695203,160.2934203,6.223899966,1.064648814e-09
34080,49.99591667,0.04999041667,43.60465984,0.3410695133,6.404724056e-05,2397893.003,153.57843,159.7814207,6.202990689,-3.7991299e-09
34140,49.99591667,0.04999041667,43.62508801,0.3401469281,6.384424061e-05,2397844.792,153.0885799,159.2707165,6.182136665,-9.81657422e-10
34200,49.99591667,0.04999041667,43.64546441,0.3392266391,6.364174593e-05,2397796.704,152.5999686,158.7613065,6.161337861,3.199374987e-09
34260,49.99591667,0.04999041667,43.6657891,0.338308644,6.343975599e-05,2397748.738,152.1125948,158.2531891,6.140594243,-1.536136551e-09
34320,49.99591667,0.04999041667,43.68606215,0.3373929406,6.323827027e-05,2397700.893,151.6264571,157.7463629,6.119905751,2.578502745e-09
34380,49.99591667,0.04999041667,43.70628361,0.3364795263,6.303728826e-05,2397653.171,151.1415541,157.2408264,6.099272353,4.89364993e-10
34440,49.99591667,0.04999041667,43.72645354,0.3355683988,6.283680941e-05,2397605.57,150.6578842,156.7365782,6.078694001,-2.354767048e-09
34500,49.99591667,0.04999041667,43.74657199,0.3346595557,6.26368332e-05,2397558.09,150.1754462,156.2336168,6.058170636,3.733674703e-09
34560,49.99591667,0.04999041667,43.76663904,0.3337529945,6.243735911e-05,2397510.732,149.6942385,155.7319408,6.037702229,-7.656808521e-11
34620,49.99591667,0.04999041667,43.78665473,0.3328487129,6.223838658e-05,2397463.495,149.2142598,155.2315485,6.017288711,7.815998515e-09
34680,49.99591667,0.04999041667,43.80661912,0.3319467084,6.203991509e-05,2397416.379,148.7355086,154.7324386,5.996930058,8.768097359e-11
34740,49.99591667,0.04999041667,43.82653228,0.3310469784,6.18419441e-05,2397369.384,148.2579834,154.2346096,5.976626196,8.815845831e-10
34800,49.99591667,0.04999041667,43.84639427,0.3301495207,6.164447304e-05,2397322.51,147.7816828,153.7380599,5.956377088,-5.705544481e-09
34860,49.99591667,0.04999041667,43.86620515,0.3292543325,6.144750139e-05,2397275.756,147.3066053,153.242788,5.936182661,3.680355576e-09
34920,49.99591667,0.04999041667,43.88596497,0.3283614115,6.125102859e-05,2397229.123,146.8327495,152.7487924,5.916042893,-6.983356116e-09
34980,49.99591667,0.04999041667,43.9056738,0.3274707551,6.105505408e-05,2397182.61,146.3601139,152.2560716,5.895957693,1.003911621e-09
35040,49.99591667,0.04999041667,43.92533171,0.3265823609,6.085957731e-05,2397136.217,145.8886969,151.764624,5.87592703,1.694019147e-09
35100,49.99591667,0.04999041667,43.94493875,0.3256962262,6.066459773e-05,2397089.945,145.4184972,151.274448,5.855950845,-1.777777925e-09
35160,49.99591667,0.04999041667,43.96449498,0.3248123485,6.047011476e-05,2397043.792,144.9495132,150.7855422,5.836029068,2.616559414e-09
35220,49.99591667,0.04999041667,43.98400047,0.3239307253,6.027612785e-05,2396997.759,144.4817434,150.297905,5.816161655,-2.804654287e-10
35280,49.99591667,0.04999041667,44.00345527,0.3230513539,6.008263643e-05,2396951.846,144.0151863,149.8115348,5.796348537,7.974847449e-10
35340,49.99591667,0.04999041667,44.02285947,0.3221742319,5.988963993e-05,2396906.052,143.5498404,149.32643,5.776589653,3.380961289e-09
35400,49.99591667,0.04999041667,44.0422131,0.3212993565,5.969713778e-05,2396860.377,143.0857042,148.8425891,5.756884949,2.901430207e-09
35460,49.99591667,0.04999041667,44.06151625,0.3204267253,5.95051294e-05,2396814.822,142.6227761,148.3600105,5.737234364,-4.79406026e-09
35520,49.99591667,0.04999041667,44.08076897,0.3195563355,5.931361422e-05,2396769.385,142.1610547,147.8786925,5.717637818,-1.075818545e-09
35580,49.99591667,0.04999041667,44.09997132,0.3186881845,5.912259166e-05,2396724.068,141.7005384,147.3986336,5.69809526,7.222809018e-10
35640,49.99591667,0.04999041667,44.11912338,0.3178222697,5.893206114e-05,2396678.869,141.2412256,146.9198322,5.678606629,-5.180424978e-09
35700,49.99591667,0.04999041667,44.1382252,0.3169585884,5.874202207e-05,2396633.789,140.7831149,146.4422867,5.659171838,3.421206429e-09
35760,49.99591667,0.04999041667,44.15727685,0.3160971381,5.855247386e-05,2396588.827,140.3262046,145.9659955,5.639790853,-6.988273071e-09
35820,49.99591667,0.04999041667,44.17627839,0.3152379159,5.836341594e-05,2396543.983,139.8704933,145.4909569,5.62046357,1.560636065e-10
35880,49.99591667,0.04999041667,44.1952299,0.3143809192,5.81748477e-05,2396499.257,139.4159793,145.0171693,5.601189948,-4.100343176e-09
35940,49.99591667,0.04999041667,44.21413143,0.3135261453,5.798676856e-05,2396454.65,138.9626611,144.544631,5.581969906,-7.562249493e-09
36000,49.99591667,0.04999041667,44.23298304,0.3126735916,5.779917791e-05,2396410.16,138.5105372,144.0733406,5.562803364,-1.128682925e-09
36060,49.99591667,0.04999041667,44.25178482,0.3118232552,5.761207517e-05,2396365.788,138.0596059,143.6032962,5.543690268,-1.707434194e-09
36120,49.99591667,0.04999041667,44.27053682,0.3109751335,5.742545972e-05,2396321.533,137.6098657,143.1344962,5.524630544,-7.645439837e-09
36180,49.99591667,0.04999041667,44.2892391,0.3101292237,5.723933098e-05,2396277.396,137.161315,142.6669391,5.505624098,-6.099298844e-11
36240,49.99591667,0.04999041667,44.30789175,0.3092855231,5.705368833e-05,2396233.375,136.7139522,142.200623,5.486670873,5.056989494e-09
36300,49.99591667,0.04999041667,44.32649481,0.3084440289,5.686853116e-05,2396189.472,136.2677757,141.7355465,5.467770802,3.760476375e-10
36360,49.99591667,0.04999041667,44.34504836,0.3076047384,5.668385888e-05,2396145.686,135.8227839,141.2717077,5.448923796,-6.892548754e-10
36420,49.99591667,0.04999041667,44.36355247,0.3067676488,5.649967086e-05,2396102.016,135.3789753,140.809105,5.430129787,-7.335643204e-09
36480,49.99591667,0.04999041667,44.38200719,0.3059327572,5.63159665e-05,2396058.463,134.9363481,140.3477368,5.41138868,-1.687510576e-09
36540,49.99591667,0.04999041667,44.40041261,0.305100061,5.613274518e-05,2396015.026,134.4949009,139.8876013,5.392700418,-4.224119721e-09
36600,49.99591667,0.04999041667,44.41876879,0.3042695573,5.595000629e-05,2395971.706,134.054632,139.4286969,5.374064905,-9.717950888e-10
36660,49.99591667,0.04999041667,44.43707579,0.3034412433,5.57677492e-05,2395928.501,133.6155398,138.9710218,5.355482079,-7.303270877e-09
36720,49.99591667,0.04999041667,44.45533369,0.3026151161,5.558597331e-05,2395885.412,133.1776226,138.5145744,5.336951835,7.763105714e-10
36780,49.99591667,0.04999041667,44.47354255,0.301791173,5.540467797e-05,2395842.44,132.7408788,138.059353,5.318474119,-4.492818562e-09
36840,49.99591667,0.04999041667,44.49170244,0.3009694111,5.522386258e-05,2395799.582,132.3053069,137.6053557,5.300048831,-5.770004918e-09
36900,49.99591667,0.04999041667,44.50981343,0.3001498276,5.50435265e-05,2395756.84,131.8709051,137.152581,5.281675881,4.456126135e-09
36960,49.99591667,0.04999041667,44.52787558,0.2993324196,5.486366911e-05,2395714.214,131.4376719,136.7010271,5.263355212,3.190621101e-10
37020,49.99591667,0.04999041667,44.54588898,0.2985171843,5.468428978e-05,2395671.702,131.0056056,136.2506923,5.245086716,2.503298902e-09
37080,49.99591667,0.04999041667,44.56385367,0.2977041187,5.450538787e-05,2395629.305,130.5747045,135.8015748,5.22687032,6.048708201e-10
37140,49.99591667,0.04999041667,44.58176975,0.2968932201,5.432696276e-05,2395587.023,130.144967,135.3536729,5.208705938,-5.246050705e-09
37200,49.99591667,0.04999041667,44.59963727,0.2960844855,5.414901381e-05,2395544.856,129.7163915,134.906985,5.19059347,-2.84111934e-09
37260,49.99591667,0.04999041667,44.6174563,0.295277912,5.397154038e-05,2395502.803,129.2889763,134.4615091,5.172532836,8.071765478e-11
37320,49.99591667,0.04999041667,44.63522692,0.2944734968,5.379454184e-05,2395460.864,128.8627197,134.0172437,5.154523957,-2.727659876e-09
37380,49.99591667,0.04999041667,44.65294919,0.2936712369,5.361801755e-05,2395419.04,128.4376201,133.5741868,5.13656673,-2.254836318e-09
37440,49.99591667,0.04999041667,44.67062319,0.2928711294,5.344196686e-05,2395377.329,128.0136759,133.1323369,5.118661065,4.175262802e-09
37500,49.99591667,0.04999041667,44.68824898,0.2920731715,5.326638914e-05,2395335.732,127.5908852,132.6916921,5.100806894,-5.45961143e-09
37560,49.99591667,0.04999041667,44.70582664,0.2912773601,5.309128373e-05,2395294.249,127.1692466,132.2522507,5.083004093,1.656076165e-09
37620,49.99591667,0.04999041667,44.72335623,0.2904836924,5.291665001e-05,2395252.879,126.7487583,131.8140109,5.065252599,-3.086086053e-09
37680,49.99591667,0.04999041667,44.74083783,0.2896921654,5.274248731e-05,2395211.623,126.3294186,131.3769709,5.047552293,4.940062581e-09
37740,49.99591667,0.04999041667,44.75827151,0.2889027761,5.256879498e-05,2395170.479,125.9112259,130.941129,5.029903108,1.838600383e-09
37800,49.99591667,0.04999041667,44.77565733,0.2881155216,5.239557239e-05,2395129.449,125.4941784,130.5064834,5.01230494,-3.354500677e-09
37860,49.99591667,0.04999041667,44.79299538,0.287330399,5.222281888e-05,2395088.531,125.0782746,130.0730322,4.994757684,-8.612204283e-10
37920,49.99591667,0.04999041667,44.81028571,0.2865474053,5.20505338e-05,2395047.726,124.6635126,129.6407739,4.977261259,-3.279296834e-09
37980,49.99591667,0.04999041667,44.82752841,0.2857665375,5.187871649e-05,2395007.033,124.2498908,129.2097064,4.959815564,-5.912895062e-09
38040,49.99591667,0.04999041667,44.84472354,0.2849877927,5.17073663e-05,2394966.452,123.8374076,128.7798281,4.942420497,-3.678849225e-09
38100,49.99591667,0.04999041667,44.86187118,0.2842111678,5.153648257e-05,2394925.984,123.4260612,128.3511372,4.925075967,-1.924888693e-09
38160,49.99591667,0.04999041667,44.87897139,0.2834366599,5.136606464e-05,2394885.628,123.01585,127.9236318,4.907781879,-3.918586344e-09
38220,49.99591667,0.04999041667,44.89602426,0.2826642659,5.119611186e-05,2394845.383,122.6067721,127.4973102,4.890538125,-1.407443051e-10
38280,49.99591667,0.04999041667,44.91302984,0.2818939829,5.102662357e-05,2394805.25,122.198826,127.0721706,4.873344614,1.955328344e-09
38340,49.99591667,0.04999041667,44.92998822,0.2811258079,5.085759911e-05,2394765.228,121.7920099,126.6482112,4.856201251,-1.387832071e-09
38400,49.99591667,0.04999041667,44.94689946,0.2803597379,5.06890378e-05,2394725.317,121.3863221,126.2254301,4.839107917,6.657856488e-09
38460,49.99591667,0.04999041667,44.96376365,0.2795957698,5.0520939e-05,2394685.518,120.981761,125.8038255,4.822064533,6.757616688e-09
38520,49.99591667,0.04999041667,44.98058084,0.2788339007,5.035330204e-05,2394645.829,120.5783247,125.3833957,4.805070997,-1.387746806e-09
38580,49.99591667,0.04999041667,44.99735111,0.2780741274,5.018612624e-05,2394606.251,120.1760116,124.9641388,4.788127187,3.20923732e-09
38640,49.99591667,0.04999041667,45.01407454,0.2773164471,5.001941095e-05,2394566.784,119.77482,124.546053,4.771233017,3.71933595e-09
38700,49.99591667,0.04999041667,45.0307512,0.2765608566,4.98531555e-05,2394527.427,119.3747482,124.1291366,4.754388385,-1.102222313e-09
38760,49.99591667,0.04999041667,45.04738117,0.2758073529,4.968735922e-05,2394488.18,118.9757944,123.7133875,4.737593179,-3.787221203e-09
38820,49.99591667,0.04999041667,45.0639645,0.275055933,4.952202143e-05,2394449.044,118.5779569,123.2988042,4.720847294,6.109388551e-10
38880,49.99591667,0.04999041667,45.08050128,0.2743065937,4.935714148e-05,2394410.017,118.181234,122.8853846,4.704150632,1.306460717e-09
38940,49.99591667,0.04999041667,45.09699159,0.2735593322,4.919271868e-05,2394371.1,117.7856239,122.473127,4.687503093,-3.492417022e-09
39000,49.99591667,0.04999041667,45.11343548,0.2728141453,4.902875237e-05,2394332.292,117.391125,122.0620296,4.670904554,2.075282168e-09
39060,49.99591667,0.04999041667,45.12983305,0.2720710299,4.886524187e-05,2394293.594,116.9977356,121.6520905,4.654354929,-1.349832246e-09
39120,49.99591667,0.04999041667,45.14618435,0.2713299831,4.870218651e-05,2394255.005,116.6054538,121.2433079,4.637854097,1.709139497e-10
39180,49.99591667,0.04999041667,45.16248947,0.2705910016,4.853958561e-05,2394216.525,116.214278,120.8356799,4.621401956,2.373155894e-09
39240,49.99591667,0.04999041667,45.17874847,0.2698540825,4.83774385e-05,2394178.154,115.8242064,120.4292048,4.6049984,4.131081255e-09
39300,49.99591667,0.04999041667,45.19496144,0.2691192228,4.821574451e-05,2394139.891,115.4352373,120.0238806,4.588643328,-1.20974164e-09
39360,49.99591667,0.04999041667,45.21112844,0.2683864192,4.805450295e-05,2394101.737,115.047369,119.6197056,4.572336623,-5.492395871e-09
39420,49.99591667,0.04999041667,45.22724955,0.2676556687,4.789371315e-05,2394063.691,114.6605997,119.2166779,4.556078173,-5.921378943e-09
39480,49.99591667,0.04999041667,45.24332484,0.2669269683,4.773337443e-05,2394025.753,114.2749277,118.8147956,4.539867867,-1.035260766e-10
39540,49.99591667,0.04999041667,45.25935439,0.2662003149,4.757348611e-05,2393987.924,113.8903512,118.4140568,4.523705604,2.284579637e-09
39600,49.99591667,0.04999041667,45.27533827,0.2654757053,4.741404751e-05,2393950.202,113.5068686,118.0144599,4.507591279,-1.271885708e-09
39660,49.99591667,0.04999041667,45.29127655,0.2647531365,4.725505796e-05,2393912.587,113.1244781,117.6160028,4.491524763,4.786031127e-09
39720,49.99591667,0.04999041667,45.30716931,0.2640326054,4.709651676e-05,2393875.08,112.7431778,117.2186838,4.475505963,5.091862931e-09
39780,49.99591667,0.04999041667,45.32301663,0.2633141089,4.693842324e-05,2393837.681,112.3629662,116.822501,4.459534765,1.240692882e-09
39840,49.99591667,0.04999041667,45.33881857,0.2625976439,4.678077671e-05,2393800.388,111.9838414,116.4274525,4.44361105,8.151914699e-10
39900,49.99591667,0.04999041667,45.35457521,0.2618832072,4.66235765e-05,2393763.203,111.6058018,116.0335365,4.427734711,-9.920597677e-10
39960,49.99591667,0.04999041667,45.37028662,0.2611707958,4.646682191e-05,2393726.124,111.2288455,115.6407511,4.411905632,-9.024887504e-10
40020,49.99591667,0.04999041667,45.38595289,0.2604604066,4.631051227e-05,2393689.151,110.8529708,115.2490945,4.396123703,-7.860734286e-10
40080,49.99591667,0.04999041667,45.40157407,0.2597520365,4.615464689e-05,2393652.285,110.478176,114.8585648,4.380388807,2.29843522e-09
40140,49.99591667,0.04999041667,45.41715026,0.2590456823,4.599922509e-05,2393615.525,110.1044593,114.4691602,4.364700839,3.051212616e-10
40200,49.99591667,0.04999041667,45.43268152,0.2583413409,4.584424618e-05,2393578.872,109.731819,114.0808787,4.349059678,5.129976444e-10
40260,49.99591667,0.04999041667,45.44816792,0.2576390092,4.568970947e-05,2393542.324,109.3602534,113.6937186,4.333465213,-9.889618013e-10
40320,49.99591667,0.04999041667,45.46360955,0.2569386842,4.553561428e-05,2393505.881,108.9897606,113.3076779,4.31791733,-1.728110988e-09
40380,49.99591667,0.04999041667,45.47900647,0.2562403626,4.538195993e-05,2393469.545,108.620339,112.9227549,4.302415906,3.234760015e-09
40440,49.99591667,0.04999041667,45.49435876,0.2555440413,4.522874572e-05,2393433.313,108.2519867,112.5389476,4.286960843,-1.579408604e-09
40500,49.99591667,0.04999041667,45.5096665,0.2548497173,4.507597096e-05,2393397.187,107.8847021,112.1562541,4.271552009,5.159961347e-10
40560,49.99591667,0.04999041667,45.52492976,0.2541573874,4.492363498e-05,2393361.166,107.5184834,111.7746727,4.256189299,-1.712663789e-09
40620,49.99591667,0.04999041667,45.54014861,0.2534670485,4.477173708e-05,2393325.249,107.1533288,111.3942014,4.240872589,1.487578061e-09
40680,49.99591667,0.04999041667,45.55532313,0.2527786974,4.462027657e-05,2393289.437,106.7892366,111.0148384,4.225601773,-1.755125822e-09
40740,49.99591667,0.04999041667,45.5704534,0.252092331,4.446925276e-05,2393253.73,106.426205,110.6365818,4.210376726,-1.435296326e-09
40800,49.99591667,0.04999041667,45.58553948,0.2514079462,4.431866497e-05,2393218.127,106.0642324,110.2594297,4.195197333,-4.776694595e-10
40860,49.99591667,0.04999041667,45.60058145,0.2507255398,4.416851251e-05,2393182.628,105.7033168,109.8833803,4.18006348,5.06190645e-11
40920,49.99591667,0.04999041667,45.6155794,0.2500451088,4.401879468e-05,2393147.233,105.3434567,109.5084317,4.164975046,2.156994583e-09
40980,49.99591667,0.04999041667,45.63053338,0.24936665,4.38695108e-05,2393111.941,104.9846502,109.1345821,4.149931923,-2.164142643e-09
41040,49.99591667,0.04999041667,45.64544349,0.2486901602,4.372066018e-05,2393076.753,104.6268955,108.7618295,4.13493398,-7.66860353e-10
41100,49.99591667,0.04999041667,45.66030978,0.2480156363,4.357224212e-05,2393041.669,104.270191,108.3901721,4.119981109,-1.334726107e-09
41160,49.99591667,0.04999041667,45.67513234,0.2473430751,4.342425594e-05,2393006.688,103.9145349,108.0196081,4.105073184,2.279620048e-09
41220,49.99591667,0.04999041667,45.68991125,0.2466724737,4.327670095e-05,2392971.809,103.5599254,107.6501355,4.090210097,7.324132412e-10
41280,49.99591667,0.04999041667,45.70464657,0.2460038287,4.312957645e-05,2392937.034,103.2063607,107.2817525,4.075391724,-2.370654784e-10
41340,49.99591667,0.04999041667,45.71933838,0.245337137,4.298288175e-05,2392902.361,102.8538392,106.9144572,4.060617946,6.523066531e-10
41400,49.99591667,0.04999041667,45.73398676,0.2446723956,4.283661617e-05,2392867.791,102.5023591,106.5482478,4.045888643,2.78143375e-09
41460,49.99591667,0.04999041667,45.74859177,0.2440096013,4.2690779e-05,2392833.323,102.1519186,106.1831223,4.031203708,-3.837811846e-09
41520,49.99591667,0.04999041667,45.76315351,0.2433487508,4.254536957e-05,2392798.958,101.802516,105.819079,4.016563006,-4.132019171e-09
41580,49.99591667,0.04999041667,45.77767203,0.2426898412,4.240038718e-05,2392764.694,101.4541495,105.4561159,4.001966418,1.653262416e-09
41640,49.99591667,0.04999041667,45.79214742,0.2420328692,4.225583113e-05,2392730.532,101.1068173,105.0942312,3.987413843,-3.360483447e-09
41700,49.99591667,0.04999041667,45.80657975,0.2413778317,4.211170075e-05,2392696.472,100.7605178,104.7334229,3.972905141,1.5229773e-09
41760,49.99591667,0.04999041667,45.82096909,0.2407247256,4.196799532e-05,2392662.513,100.4152491,104.3736894,3.958440209,-2.411184141e-09
41820,49.99591667,0.04999041667,45.83531553,0.2400735477,4.182471417e-05,2392628.655,100.0710096,104.0150285,3.944018914,3.568061402e-10
41880,49.99591667,0.04999041667,45.84961912,0.2394242949,4.16818566e-05,2392594.899,99.72779748,103.6574386,3.929641148,-3.138055149e-09
41940,49.99591667,0.04999041667,45.86387996,0.2387769639,4.153942192e-05,2392561.243,99.38561095,103.3009177,3.915306779,8.05982836e-10
42000,49.99591667,0.04999041667,45.87809811,0.2381315518,4.139740944e-05,2392527.688,99.04444831,102.945464,3.901015698,-2.647340125e-10
42060,49.99591667,0.04999041667,45.89227364,0.2374880554,4.125581846e-05,2392494.234,98.70430779,102.5910756,3.88676778,1.359296675e-09
42120,49.99591667,0.04999041667,45.90640664,0.2368464714,4.11146483e-05,2392460.88,98.36518767,102.2377506,3.87256291,-2.600842208e-09
42180,49.99591667,0.04999041667,45.92049718,0.2362067968,4.097389826e-05,2392427.627,98.02708617,101.8854871,3.858400957,1.675587669e-09
42240,49.99591667,0.04999041667,45.93454533,0.2355690284,4.083356766e-05,2392394.473,97.69000157,101.5342834,3.844281813,-1.112098857e-09
42300,49.99591667,0.04999041667,45.94855117,0.2349331631,4.069365579e-05,2392361.419,97.35393212,101.1841375,3.830205353,-2.031711688e-09
42360,49.99591667,0.04999041667,45.96251477,0.2342991977,4.055416197e-05,2392328.465,97.01887607,100.8350475,3.816171448,4.825068345e-09
42420,49.99591667,0.04999041667,45.9764362,0.2336671291,4.041508551e-05,2392295.611,96.68483168,100.4870117,3.802179998,8.721201539e-10
42480,49.99591667,0.04999041667,45.99031554,0.2330369541,4.027642572e-05,2392262.855,96.3517972,100.1400281,3.78823087,-1.734605348e-09
42540,49.99591667,0.04999041667,46.00415287,0.2324086696,4.01381819e-05,2392230.199,96.01977089,99.79409483,3.774323944,-2.97214342e-09
42600,49.99591667,0.04999041667,46.01794826,0.2317822725,4.000035337e-05,2392197.642,95.68875101,99.44921011,3.760459093,4.558074806e-09
42660,49.99591667,0.04999041667,46.03170179,0.2311577597,3.986293943e-05,2392165.184,95.35873582,99.10537204,3.746636216,8.346034974e-11
42720,49.99591667,0.04999041667,46.04541352,0.2305351279,3.972593939e-05,2392132.824,95.02972358,98.76257876,3.732855182,-4.24455493e-09
42780,49.99591667,0.04999041667,46.05908353,0.2299143741,3.958935256e-05,2392100.563,94.70171255,98.42082841,3.719115865,-2.643872676e-09
42840,49.99591667,0.04999041667,46.0727119,0.229295495,3.945317826e-05,2392068.4,94.37470098,98.08011913,3.70541815,-2.177813485e-10
42900,49.99591667,0.04999041667,46.0862987,0.2286784877,3.931741578e-05,2392036.335,94.04868715,97.74044906,3.691761921,-1.115026294e-09
42960,49.99591667,0.04999041667,46.09984401,0.2280633488,3.918206444e-05,2392004.368,93.7236693,97.40181635,3.678147053,8.481038094e-11
43020,49.99591667,0.04999041667,46.1133479,0.2274500754,3.904712356e-05,2391972.499,93.39964571,97.06421914,3.66457343,-1.5537438e-09
43080,49.99591667,0.04999041667,46.12681044,0.2268386642,3.891259243e-05,2391940.727,93.07661464,96.72765557,3.651040928,-6.786962103e-10
43140,49.99591667,0.04999041667,46.14023172,0.2262291122,3.877847037e-05,2391909.053,92.75457435,96.39212378,3.637549427,3.151981787e-09
43200,49.99591667,0.04999041667,46.15361179,0.2256214161,3.86447567e-05,2391877.476,92.43352312,96.05762193,3.624098816,-2.30741648e-10
43260,49.99591667,0.04999041667,46.16695074,0.2250155729,3.851145071e-05,2391845.996,92.1134592,95.72414816,3.610688967,-1.14090426e-09
43320,49.99591667,0.04999041667,46.18024864,0.2244115794,3.837855173e-05,2391814.613,91.79438086,95.39170062,3.59731976,8.20463697e-10
43380,49.99591667,0.04999041667,46.19350557,0.2238094325,3.824605906e-05,2391783.327,91.47628637,95.06027745,3.58399108,3.357882861e-10
43440,49.99591667,0.04999041667,46.20672159,0.2232091291,3.811397201e-05,2391752.137,91.15917401,94.72987681,3.570702809,-2.299671564e-09
43500,49.99591667,0.04999041667,46.21989679,0.222610666,3.79822899e-05,2391721.044,90.84304203,94.40049685,3.557454818,2.330807547e-09
43560,49.99591667,0.04999041667,46.23303124,0.2220140401,3.785101203e-05,2391690.046,90.52788872,94.07213572,3.544247003,-3.032596396e-10
43620,49.99591667,0.04999041667,46.246125,0.2214192482,3.772013772e-05,2391659.145,90.21371234,93.74479157,3.531079229,2.979021474e-09
43680,49.99591667,0.04999041667,46.25917816,0.2208262874,3.758966629e-05,2391628.34,89.90051116,93.41846255,3.517951395,-1.585945597e-09
43740,49.99591667,0.04999041667,46.27219079,0.2202351543,3.745959703e-05,2391597.63,89.58828347,93.09314683,3.504863371,-3.561822837e-09
43800,49.99591667,0.04999041667,46.28516296,0.2196458459,3.732992927e-05,2391567.015,89.27702752,92.76884256,3.491815034,-2.026467882e-10
43860,49.99591667,0.04999041667,46.29809475,0.2190583591,3.720066231e-05,2391536.496,88.96674161,92.44554789,3.478806276,-6.155858046e-10
43920,49.99591667,0.04999041667,46.31098623,0.2184726908,3.707179548e-05,2391506.073,88.657424,92.12326098,3.465836976,-3.211653166e-12
43980,49.99591667,0.04999041667,46.32383747,0.2178888377,3.694332808e-05,2391475.744,88.34907298,91.80198,3.452907014,1.911971026e-09
44040,49.99591667,0.04999041667,46.33664854,0.2173067969,3.681525942e-05,2391445.509,88.04168682,91.4817031,3.440016278,-3.989129027e-10
44100,49.99591667,0.04999041667,46.34941953,0.2167265652,3.668758882e-05,2391415.37,87.7352638,91.16242844,3.427164646,-2.609453986e-09
44160,49.99591667,0.04999041667,46.3621505,0.2161481394,3.65603156e-05,2391385.325,87.4298022,90.84415419,3.414352002,-3.229757795e-09
44220,49.99591667,0.04999041667,46.37484153,0.2155715165,3.643343906e-05,2391355.374,87.1253003,90.52687852,3.401578227,-3.745739718e-09
44280,49.99591667,0.04999041667,46.38749268,0.2149966933,3.630695853e-05,2391325.517,86.82175638,90.21059958,3.3888432,2.430056156e-09
44340,49.99591667,0.04999041667,46.40010404,0.2144236667,3.618087331e-05,2391295.754,86.51916874,89.89531555,3.376146825,-5.194820574e-09
44400,49.99591667,0.04999041667,46.41267568,0.2138524336,3.605518272e-05,2391266.085,86.21753564,89.5810246,3.363488955,2.608558702e-09
44460,49.99591667,0.04999041667,46.42520767,0.2132829909,3.592988608e-05,2391236.51,85.91685538,89.26772488,3.350869498,2.370981633e-09
44520,49.99591667,0.04999041667,46.43770008,0.2127153354,3.580498269e-05,2391207.028,85.61712624,88.95541458,3.338288334,-4.962572575e-10
44580,49.99591667,0.04999041667,46.45015299,0.2121494642,3.568047188e-05,2391177.639,85.31834651,88.64409185,3.325745341,-5.099707323e-10
44640,49.99591667,0.04999041667,46.46256647,0.2115853739,3.555635297e-05,2391148.343,85.02051448,88.33375489,3.313240404,2.844416258e-09
44700,49.99591667,0.04999041667,46.47494059,0.2110230617,3.543262526e-05,2391119.14,84.72362844,88.02440185,3.300773422,-4.236724749e-09
44760,49.99591667,0.04999041667,46.48727543,0.2104625242,3.530928807e-05,2391090.03,84.42768666,87.71603092,3.28834426,1.081730261e-10
44820,49.99591667,0.04999041667,46.49957106,0.2099037585,3.518634072e-05,2391061.012,84.13268746,87.40864027,3.275952816,-2.015326572e-09
44880,49.99591667,0.04999041667,46.51182754,0.2093467614,3.506378253e-05,2391032.087,83.83862911,87.10222808,3.263598972,-1.410782602e-09
44940,49.99591667,0.04999041667,46.52404497,0.2087915298,3.494161281e-05,2391003.254,83.54550992,86.79679253,3.251282616,-1.708883701e-09
45000,49.99591667,0.04999041667,46.53622339,0.2082380606,3.481983088e-05,2390974.513,83.25332816,86.4923318,3.239003635,-1.738598598e-09
45060,49.99591667,0.04999041667,46.5483629,0.2076863507,3.469843605e-05,2390945.864,82.96208215,86.18884406,3.226761914,2.698357093e-10
45120,49.99591667,0.04999041667,46.56046357,0.207136397,3.457742765e-05,2390917.306,82.67177016,85.88632751,3.214557342,9.084430985e-10
45180,49.99591667,0.04999041667,46.57252545,0.2065881964,3.445680499e-05,2390888.84,82.38239051,85.58478032,3.202389811,-1.892630053e-09
45240,49.99591667,0.04999041667,46.58454864,0.2060417458,3.433656739e-05,2390860.465,82.09394148,85.28420068,3.190259197,2.632773999e-09
45300,49.99591667,0.04999041667,46.5965332,0.2054970421,3.421671416e-05,2390832.182,81.80642137,84.98458677,3.178165405,-2.505089469e-09
45360,49.99591667,0.04999041667,46.60847919,0.2049540822,3.409724463e-05,2390803.989,81.51982849,84.68593679,3.166108307,-6.610179071e-10
45420,49.99591667,0.04999041667,46.62038671,0.204412863,3.397815812e-05,2390775.887,81.23416112,84.38824893,3.154087799,2.534846999e-09
45480,49.99591667,0.04999041667,46.63225581,0.2038733815,3.385945393e-05,2390747.876,80.94941758,84.09152136,3.142103778,4.978630841e-10
45540,49.99591667,0.04999041667,46.64408658,0.2033356344,3.37411314e-05,2390719.956,80.66559616,83.79575229,3.130156125,2.151665512e-10
45600,49.99591667,0.04999041667,46.65587907,0.2027996187,3.362318983e-05,2390692.125,80.38269517,83.5009399,3.118244737,-4.567084488e-09
45660,49.99591667,0.04999041667,46.66763337,0.2022653314,3.350562856e-05,2390664.385,80.1007129,83.20708239,3.106369491,-2.279136879e-10
45720,49.99591667,0.04999041667,46.67934955,0.2017327693,3.338844689e-05,2390636.735,79.81964766,82.91417795,3.094530289,1.969496566e-09
45780,49.99591667,0.04999041667,46.69102768,0.2012019293,3.327164415e-05,2390609.175,79.53949775,82.62222478,3.082727029,-2.792603482e-09
45840,49.99591667,0.04999041667,46.70266782,0.2006728083,3.315521965e-05,2390581.704,79.26026149,82.33122108,3.070959588,-2.088142992e-10
45900,49.99591667,0.04999041667,46.71427007,0.2001454033,3.303917272e-05,2390554.323,78.98193717,82.04116503,3.059227869,-1.418456463e-09
45960,49.99591667,0.04999041667,46.72583447,0.1996197111,3.292350268e-05,2390527.031,78.70452309,81.75205485,3.047531759,-1.019856199e-09
46020,49.99591667,0.04999041667,46.73736112,0.1990957288,3.280820884e-05,2390499.828,78.42801758,81.46388873,3.035871157,-3.241893864e-09
46080,49.99591667,0.04999041667,46.74885007,0.198573453,3.269329053e-05,2390472.714,78.15241893,81.17666488,3.024245946,2.289581857e-09
46140,49.99591667,0.04999041667,46.76030141,0.1980528809,3.257874706e-05,2390445.689,77.87772545,80.89038149,3.012656033,1.244288228e-09
46200,49.99591667,0.04999041667,46.7717152,0.1975340093,3.246457776e-05,2390418.752,77.60393546,80.60503676,3.001101308,8.66435812e-11
46260,49.99591667,0.04999041667,46.78309151,0.197016835,3.235078195e-05,2390391.904,77.33104725,80.32062892,2.989581664,1.539177674e-10
46320,49.99591667,0.04999041667,46.79443042,0.1965013551,3.223735894e-05,2390365.144,77.05905915,80.03715614,2.978097,-1.074269562e-09
46380,49.99591667,0.04999041667,46.805732,0.1959875664,3.212430806e-05,2390338.472,76.78796945,79.75461666,2.966647204,2.232326324e-09
46440,49.99591667,0.04999041667,46.81699632,0.1954754659,3.201162863e-05,2390311.889,76.51777648,79.47300866,2.955232186,-1.08970255e-09
46500,49.99591667,0.04999041667,46.82822345,0.1949650504,3.189931996e-05,2390285.393,76.24847854,79.19233037,2.943851831,9.289493619e-10
46560,49.99591667,0.04999041667,46.83941347,0.1944563168,3.178738139e-05,2390258.984,75.98007395,78.91257999,2.932506047,-2.709185765e-09
46620,49.99591667,0.04999041667,46.85056644,0.1939492622,3.167581222e-05,2390232.663,75.71256101,78.63375573,2.921194719,5.401403769e-10
46680,49.99591667,0.04999041667,46.86168243,0.1934438833,3.156461179e-05,2390206.429,75.44593804,78.3558558,2.909917757,6.667875141e-10
46740,49.99591667,0.04999041667,46.87276153,0.1929401771,3.14537794e-05,2390180.283,75.18020335,78.07887841,2.898675055,1.116603698e-09
46800,49.99591667,0.04999041667,46.8838038,0.1924381406,3.134331439e-05,2390154.223,74.91535526,77.80282178,2.887466519,-3.190123721e-09
46860,49.99591667,0.04999041667,46.8948093,0.1919377706,3.123321608e-05,2390128.25,74.65139208,77.52768412,2.876292034,2.726039838e-09
46920,49.99591667,0.04999041667,46.90577812,0.191439064,3.112348377e-05,2390102.364,74.38831212,77.25346364,2.86515152,-1.221934554e-09
46980,49.99591667,0.04999041667,46.91671032,0.1909420178,3.10141168e-05,2390076.564,74.12611371,76.98015857,2.854044863,2.092818363e-09
47040,49.99591667,0.04999041667,46.92760598,0.1904466288,3.090511448e-05,2390050.85,73.86479514,76.70776711,2.842971978,-2.608445016e-09
47100,49.99591667,0.04999041667,46.93846517,0.189952894,3.079647614e-05,2390025.222,73.60435474,76.43628749,2.831932751,2.175625013e-09
47160,49.99591667,0.04999041667,46.94928795,0.1894608103,3.06882011e-05,2389999.68,73.34479082,76.16571792,2.820927104,-2.319907821e-09
47220,49.99591667,0.04999041667,46.9600744,0.1889703747,3.058028867e-05,2389974.224,73.0861017,75.89605662,2.809954921,2.297156243e-09
47280,49.99591667,0.04999041667,46.97082459,0.1884815839,3.047273818e-05,2389948.854,72.82828569,75.62730181,2.799016125,-1.861863552e-09
47340,49.99591667,0.04999041667,46.9815386,0.1879944349,3.036554895e-05,2389923.569,72.57134111,75.35945171,2.788110606,-1.181490461e-09
47400,49.99591667,0.04999041667,46.99221648,0.1875089247,3.025872029e-05,2389898.369,72.31526627,75.09250454,2.777238277,-2.271093535e-09
47460,49.99591667,0.04999041667,47.00285833,0.1870250502,3.015225153e-05,2389873.254,72.06005949,74.82645852,2.766399038,-6.297966593e-10
47520,49.99591667,0.04999041667,47.01346419,0.1865428082,3.004614199e-05,2389848.225,71.80571908,74.56131188,2.755592798,2.625284878e-09
47580,49.99591667,0.04999041667,47.02403415,0.1860621956,2.994039098e-05,2389823.279,71.55224336,74.29706283,2.744819472,-1.246377224e-09
47640,49.99591667,0.04999041667,47.03456828,0.1855832094,2.983499783e-05,2389798.419,71.29963064,74.03370959,2.734078957,-2.520437192e-09
47700,49.99591667,0.04999041667,47.04506665,0.1851058465,2.972996186e-05,2389773.643,71.04787924,73.7712504,2.723371162,-6.488676263e-11
47760,49.99591667,0.04999041667,47.05552933,0.1846301038,2.962528238e-05,2389748.951,70.79698748,73.50968348,2.712696003,-2.257337428e-09
47820,49.99591667,0.04999041667,47.06595639,0.1841559782,2.952095871e-05,2389724.343,70.54695366,73.24900704,2.702053378,1.36768108e-09
47880,49.99591667,0.04999041667,47.07634789,0.1836834666,2.941699018e-05,2389699.819,70.2977761,72.98921931,2.691443209,1.392379545e-09
47940,49.99591667,0.04999041667,47.08670393,0.1832125658,2.93133761e-05,2389675.379,70.04945312,72.73031853,2.680865404,-1.456683663e-09
48000,49.99591667,0.04999041667,47.09702455,0.1827432729,2.921011578e-05,2389651.022,69.80198304,72.4723029,2.670319867,3.603162213e-10
48060,49.99591667,0.04999041667,47.10730984,0.1822755846,2.910720856e-05,2389626.749,69.55536415,72.21517067,2.659806515,1.877694444e-09
48120,49.99591667,0.04999041667,47.11755986,0.1818094979,2.900465374e-05,2389602.559,69.30959479,71.95892005,2.649325267,-2.203108806e-09
48180,49.99591667,0.04999041667,47.1277747,0.1813450098,2.890245064e-05,2389578.452,69.06467325,71.70354927,2.63887602,1.715534381e-09
48240,49.99591667,0.04999041667,47.1379544,0.180882117,2.880059858e-05,2389554.428,68.82059786,71.44905656,2.628458704,3.461906317e-10
48300,49.99591667,0.04999041667,47.14809906,0.1804208165,2.869909688e-05,2389530.486,68.57736692,71.19544015,2.618073226,-1.325517474e-09
48360,49.99591667,0.04999041667,47.15820874,0.1799611052,2.859794485e-05,2389506.627,68.33497875,70.94269825,2.607719501,-1.965204888e-09
48420,49.99591667,0.04999041667,47.1682835,0.1795029799,2.849714181e-05,2389482.851,68.09343165,70.6908291,2.597397442,1.076529088e-09
48480,49.99591667,0.04999041667,47.17832343,0.1790464376,2.839668707e-05,2389459.157,67.85272394,70.43983092,2.587106974,-6.217106829e-10
48540,49.99591667,0.04999041667,47.18832859,0.1785914752,2.829657995e-05,2389435.545,67.61285393,70.18970194,2.576848005,1.610146683e-09
48600,49.99591667,0.04999041667,47.19829905,0.1781380895,2.819681977e-05,2389412.014,67.37381992,69.94044039,2.56662046,1.079285994e-09
48660,49.99591667,0.04999041667,47.20823489,0.1776862774,2.809740584e-05,2389388.566,67.13562023,69.69204449,2.556424253,1.544634642e-09
48720,49.99591667,0.04999041667,47.21813617,0.1772360358,2.799833747e-05,2389365.199,66.89825316,69.44451246,2.546259308,-2.813379751e-09
48780,49.99591667,0.04999041667,47.22800296,0.1767873616,2.789961397e-05,2389341.913,66.66171701,69.19784255,2.536125535,-5.184261909e-10
48840,49.99591667,0.04999041667,47.23783535,0.1763402516,2.780123466e-05,2389318.709,66.4260101,68.95203297,2.52602286,2.53270116e-09
48900,49.99591667,0.04999041667,47.24763339,0.1758947028,2.770319886e-05,2389295.585,66.19113073,68.70708194,2.515951211,-1.147739681e-09
48960,49.99591667,0.04999041667,47.25739716,0.1754507119,2.760550587e-05,2389272.543,65.9570772,68.4629877,2.505910499,-9.015792557e-10
49020,49.99591667,0.04999041667,47.26712673,0.175008276,2.750815501e-05,2389249.581,65.72384782,68.21974847,2.495900648,9.290630487e-10
49080,49.99591667,0.04999041667,47.27682217,0.1745673918,2.741114558e-05,2389226.7,65.49144088,67.97736247,2.485921589,-2.600771154e-09
49140,49.99591667,0.04999041667,47.28648355,0.1741280562,2.73144769e-05,2389203.899,65.25985469,67.73582793,2.475973233,1.779554282e-09
49200,49.99591667,0.04999041667,47.29611094,0.1736902661,2.721814827e-05,2389181.178,65.02908756,67.49514307,2.466055519,-1.693948093e-09
49260,49.99591667,0.04999041667,47.30570442,0.1732540183,2.712215901e-05,2389158.538,64.79913776,67.25530612,2.456168359,5.899210009e-10
49320,49.99591667,0.04999041667,47.31526405,0.1728193097,2.702650843e-05,2389135.977,64.57000362,67.01631531,2.446311693,-5.545814474e-09
49380,49.99591667,0.04999041667,47.32478991,0.1723861372,2.693119583e-05,2389113.496,64.34168342,66.77816884,2.436485431,-4.097159945e-09
49440,49.99591667,0.04999041667,47.33428207,0.1719544975,2.683622052e-05,2389091.094,64.11417545,66.54086496,2.426689505,8.944169849e-10
49500,49.99591667,0.04999041667,47.34374059,0.1715243877,2.674158181e-05,2389068.772,63.88747801,66.30440186,2.41692385,-1.501518909e-10
49560,49.99591667,0.04999041667,47.35316555,0.1710958044,2.6647279e-05,2389046.529,63.6615894,66.06877779,2.407188394,-2.185359449e-09
49620,49.99591667,0.04999041667,47.36255703,0.1706687445,2.65533114e-05,2389024.365,63.43650791,65.83399096,2.397483061,-4.092690631e-09
49680,49.99591667,0.04999041667,47.37191508,0.170243205,2.645967831e-05,2389002.28,63.21223182,65.60003959,2.387807773,2.258801146e-09
49740,49.99591667,0.04999041667,47.38123979,0.1698191825,2.636637904e-05,2388980.274,62.98875942,65.3669219,2.378162483,-2.352827266e-09
49800,49.99591667,0.04999041667,47.39053122,0.169396674,2.627341289e-05,2388958.346,62.76608901,65.13463611,2.3685471,-4.875104764e-10
49860,49.99591667,0.04999041667,47.39978945,0.1689756763,2.618077916e-05,2388936.497,62.54421886,64.90318042,2.358961568,9.007550261e-11
49920,49.99591667,0.04999041667,47.40901454,0.1685561862,2.608847716e-05,2388914.726,62.32314726,64.67255307,2.349405817,-8.767813142e-10
49980,49.99591667,0.04999041667,47.41820658,0.1681382006,2.599650618e-05,2388893.032,62.10287249,64.44275227,2.33987978,-1.560756857e-09
50040,49.99591667,0.04999041667,47.42736562,0.1677217161,2.590486553e-05,2388871.417,61.88339284,64.21377623,2.330383388,-4.477129778e-11
50100,49.99591667,0.04999041667,47.43649174,0.1673067298,2.581355451e-05,2388849.879,61.66470658,63.98562316,2.320916584,-3.619518907e-09
50160,49.99591667,0.04999041667,47.44558502,0.1668932383,2.572257241e-05,2388828.419,61.44681199,63.75829128,2.31147929,-4.036024848e-10
50220,49.99591667,0.04999041667,47.45464551,0.1664812385,2.563191853e-05,2388807.037,61.22970735,63.5317788,2.302071454,-5.403606451e-10
50280,49.99591667,0.04999041667,47.46367331,0.1660707272,2.554159217e-05,2388785.731,61.01339092,63.30608393,2.292693006,1.719868692e-10
50340,49.99591667,0.04999041667,47.47266847,0.1656617012,2.545159262e-05,2388764.502,60.79786099,63.08120487,2.283343886,1.347750356e-09
50400,49.99591667,0.04999041667,47.48163107,0.1652541573,2.536191919e-05,2388743.351,60.58311582,62.85713985,2.27402403,2.575724523e-09
50460,49.99591667,0.04999041667,47.49056118,0.1648480923,2.527257115e-05,2388722.276,60.36915367,62.63388706,2.264733382,1.845684494e-09
50520,49.99591667,0.04999041667,47.49945888,0.1644435029,2.518354782e-05,2388701.277,60.15597283,62.41144471,2.255471878,-1.062616661e-09
50580,49.99591667,0.04999041667,47.50832423,0.164040386,2.509484847e-05,2388680.355,59.94357154,62.189811,2.246239453,1.074177192e-09
50640,49.99591667,0.04999041667,47.5171573,0.1636387383,2.50064724e-05,2388659.509,59.73194808,61.96898414,2.237036059,-3.604469612e-09
50700,49.99591667,0.04999041667,47.52595817,0.1632385567,2.49184189e-05,2388638.739,59.5211007,61.74896232,2.227861619,2.99966274e-09
50760,49.99591667,0.04999041667,47.53472692,0.1628398378,2.483068727e-05,2388618.044,59.31102766,61.52974376,2.218716095,-3.99182909e-10
50820,49.99591667,0.04999041667,47.5434636,0.1624425784,2.474327678e-05,2388597.426,59.10172722,61.31132664,2.209599418,7.714362482e-10
50880,49.99591667,0.04999041667,47.5521683,0.1620467753,2.465618673e-05,2388576.883,58.89319763,61.09370917,2.200511539,-4.487048955e-09
50940,49.99591667,0.04999041667,47.56084109,0.1616524253,2.45694164e-05,2388556.415,58.68543715,60.87688954,2.191452393,-4.707132462e-09
51000,49.99591667,0.04999041667,47.56948203,0.1612595251,2.448296507e-05,2388536.022,58.47844401,60.66086594,2.182421923,5.244515933e-10
51060,49.99591667,0.04999041667,47.5780912,0.1608680715,2.439683204e-05,2388515.705,58.27221648,60.44563657,2.173420087,-2.102467533e-09
51120,49.99591667,0.04999041667,47.58666868,0.1604780612,2.431101659e-05,2388495.462,58.06675279,60.23119961,2.164446819,-1.256992732e-09
51180,49.99591667,0.04999041667,47.59521454,0.1600894909,2.422551799e-05,2388475.294,57.86205119,60.01755326,2.155502069,1.565496177e-09
51240,49.99591667,0.04999041667,47.60372884,0.1597023574,2.414033553e-05,2388455.2,57.65810992,59.80469571,2.14658579,-5.590692354e-10
51300,49.99591667,0.04999041667,47.61221166,0.1593166573,2.405546848e-05,2388435.18,57.45492721,59.59262513,2.137697922,1.017930629e-09
51360,49.99591667,0.04999041667,47.62066308,0.1589323875,2.397091614e-05,2388415.235,57.2525013,59.38133972,2.128838417,2.13866258e-10
51420,49.99591667,0.04999041667,47.62908316,0.1585495447,2.388667777e-05,2388395.364,57.05083043,59.17083765,2.120007221,1.267821403e-09
51480,49.99591667,0.04999041667,47.63747198,0.1581681255,2.380275264e-05,2388375.566,56.84991282,58.96111711,2.111204293,-4.019156563e-09
51540,49.99591667,0.04999041667,47.64582962,0.1577881266,2.371914005e-05,2388355.842,56.64974671,58.75217627,2.102429562,2.517943187e-09
51600,49.99591667,0.04999041667,47.65415613,0.1574095448,2.363583926e-05,2388336.192,56.45033031,58.54401332,2.093683003,-1.463142496e-09
51660,49.99591667,0.04999041667,47.66245161,0.1570323767,2.355284954e-05,2388316.614,56.25166186,58.33662641,2.084964551,1.254363724e-09
51720,49.99591667,0.04999041667,47.67071612,0.1566566191,2.347017016e-05,2388297.11,56.05373957,58.13001373,2.076274169,-2.542051902e-09
51780,49.99591667,0.04999041667,47.67894973,0.1562822687,2.33878004e-05,2388277.679,55.85656166,57.92417346,2.067611798,-5.448939078e-10
51840,49.99591667,0.04999041667,47.68715252,0.155909322,2.330573953e-05,2388258.32,55.66012634,57.71910374,2.058977398,7.967315696e-10
51900,49.99591667,0.04999041667,47.69532456,0.1555377758,2.322398681e-05,2388239.034,55.46443183,57.51480276,2.050370924,-8.617746516e-10
51960,49.99591667,0.04999041667,47.70346592,0.1551676268,2.314254152e-05,2388219.82,55.26947634,57.31126867,2.04179233,-4.225576333e-09
52020,49.99591667,0.04999041667,47.71157668,0.1547988716,2.306140291e-05,2388200.679,55.07525808,57.10849964,2.033241563,-2.090132512e-09
52080,49.99591667,0.04999041667,47.71965691,0.1544315069,2.298057025e-05,2388181.61,54.88177525,56.90649383,2.024718586,-3.135923521e-09
52140,49.99591667,0.04999041667,47.72770669,0.1540655293,2.29000428e-05,2388162.612,54.68902604,56.70524939,2.016223346,2.378556019e-09
52200,49.99591667,0.04999041667,47.73572609,0.1537009354,2.281981984e-05,2388143.686,54.49700867,56.50476448,2.007755813,8.239169347e-10
52260,49.99591667,0.04999041667,47.74371518,0.153337722,2.273990061e-05,2388124.832,54.30572132,56.30503726,1.999315937,-9.970477777e-10
52320,49.99591667,0.04999041667,47.75167403,0.1529758857,2.266028438e-05,2388106.049,54.1151622,56.10606587,1.990903675,-1.71800707e-09
52380,49.99591667,0.04999041667,47.75960273,0.152615423,2.25809704e-05,2388087.338,53.92532948,55.90784846,1.982518981,4.196110126e-10
52440,49.99591667,0.04999041667,47.76750134,0.1522563306,2.250195794e-05,2388068.697,53.73622137,55.71038319,1.974161822,-1.249517823e-09
52500,49.99591667,0.04999041667,47.77536994,0.1518986051,2.242324624e-05,2388050.127,53.54783603,55.51366818,1.965832149,3.252154102e-10
52560,49.99591667,0.04999041667,47.7832086,0.1515422432,2.234483457e-05,2388031.628,53.36017167,55.31770159,1.957529922,3.301366291e-09
52620,49.99591667,0.04999041667,47.7910174,0.1511872414,2.226672217e-05,2388013.199,53.17322645,55.12248156,1.949255112,-1.256523774e-09
52680,49.99591667,0.04999041667,47.79879642,0.1508335963,2.21889083e-05,2387994.84,52.98699854,54.92800621,1.941007666,-1.116177373e-09
52740,49.99591667,0.04999041667,47.80654572,0.1504813046,2.211139221e-05,2387976.552,52.80148614,54.73427369,1.932787551,-1.599445909e-09
52800,49.99591667,0.04999041667,47.81426538,0.1501303627,2.203417315e-05,2387958.334,52.6166874,54.54128212,1.924594722,1.935731575e-09
52860,49.99591667,0.04999041667,47.82195548,0.1497807674,2.195725036e-05,2387940.185,52.43260049,54.34902964,1.91642915,4.433076128e-10
52920,49.99591667,0.04999041667,47.82961609,0.1494325152,2.188062309e-05,2387922.106,52.24922358,54.15751437,1.908290794,-8.002842833e-10
52980,49.99591667,0.04999041667,47.83724729,0.1490856026,2.180429059e-05,2387904.096,52.06655483,53.96673444,1.900179613,-6.881890613e-10
53040,49.99591667,0.04999041667,47.84484915,0.1487400262,2.172825211e-05,2387886.156,51.8845924,53.77668797,1.892095576,-3.62714303e-09
53100,49.99591667,0.04999041667,47.85242174,0.1483957825,2.165250687e-05,2387868.285,51.70333444,53.58737307,1.884038634,2.715196956e-09
53160,49.99591667,0.04999041667,47.85996515,0.1480528682,2.157705413e-05,2387850.482,51.52277911,53.39878788,1.876008768,3.773479307e-10
53220,49.99591667,0.04999041667,47.86747945,0.1477112798,2.150189312e-05,2387832.749,51.34292455,53.21093048,1.868005931,-9.823324376e-10
53280,49.99591667,0.04999041667,47.87496471,0.1473710137,2.142702309e-05,2387815.083,51.16376892,53.02379901,1.860030091,-1.91412397e-09
53340,49.99591667,0.04999041667,47.882421,0.1470320666,2.135244327e-05,2387797.486,50.98531036,52.83739157,1.852081209,1.022470997e-10
53400,49.99591667,0.04999041667,47.88984842,0.1466944349,2.127815289e-05,2387779.958,50.80754701,52.65170626,1.844159257,-1.977909392e-09
53460,49.99591667,0.04999041667,47.89724702,0.1463581153,2.120415119e-05,2387762.497,50.630477,52.4667412,1.836264195,-8.681553254e-10
53520,49.99591667,0.04999041667,47.90461689,0.1460231041,2.113043741e-05,2387745.104,50.45409848,52.28249447,1.828395993,-1.079158096e-09
53580,49.99591667,0.04999041667,47.9119581,0.1456893979,2.105701078e-05,2387727.779,50.27840957,52.09896419,1.820554615,-1.517300063e-09
53640,49.99591667,0.04999041667,47.91927073,0.1453569933,2.098387052e-05,2387710.521,50.10340841,51.91614843,1.812740028,-2.300012625e-09
53700,49.99591667,0.04999041667,47.92655485,0.1450258867,2.091101587e-05,2387693.331,49.92909312,51.73404531,1.804952196,1.168366737e-09
53760,49.99591667,0.04999041667,47.93381055,0.1446960745,2.083844605e-05,2387676.207,49.75546182,51.55265291,1.797191096,-2.566572732e-09
53820,49.99591667,0.04999041667,47.94103789,0.1443675534,2.076616029e-05,2387659.151,49.58251263,51.37196932,1.789456682,1.146418072e-09
53880,49.99591667,0.04999041667,47.94823696,0.1440403197,2.069415781e-05,2387642.161,49.41024368,51.19199261,1.781748932,1.139142114e-09
53940,49.99591667,0.04999041667,47.95540783,0.1437143699,2.062243785e-05,2387625.238,49.23865307,51.01272089,1.774067814,-1.30874156e-09
54000,49.99591667,0.04999041667,47.96255058,0.1433897006,2.055099962e-05,2387608.381,49.06773893,50.83415222,1.766413287,2.047507053e-09
54060,49.99591667,0.04999041667,47.96966528,0.1430663081,2.047984235e-05,2387591.59,48.89749935,50.65628468,1.758785335,-2.549647604e-09
54120,49.99591667,0.04999041667,47.97675201,0.142744189,2.040896524e-05,2387574.865,48.72793244,50.47911635,1.75118391,-9.444462989e-10
54180,49.99591667,0.04999041667,47.98381085,0.1424233396,2.033836753e-05,2387558.206,48.55903631,50.3026453,1.743608988,2.616872052e-09
54240,49.99591667,0.04999041667,47.99084188,0.1421037564,2.026804844e-05,2387541.613,48.39080906,50.1268696,1.736060547,-1.139483174e-09
54300,49.99591667,0.04999041667,47.99784517,0.1417854359,2.019800716e-05,2387525.085,48.22324878,49.95178732,1.728538541,2.866670457e-09
54360,49.99591667,0.04999041667,48.00482081,0.1414683745,2.012824293e-05,2387508.623,48.05635357,49.77739652,1.721042954,2.054960646e-10
54420,49.99591667,0.04999041667,48.01176886,0.1411525686,2.005875496e-05,2387492.226,47.89012152,49.60369527,1.713573746,1.038053199e-09
54480,49.99591667,0.04999041667,48.0186894,0.1408380146,1.998954246e-05,2387475.893,47.72455073,49.43068162,1.706130895,-2.742282845e-09
54540,49.99591667,0.04999041667,48.02558252,0.140524709,1.992060463e-05,2387459.625,47.55963926,49.25835362,1.698714363,-2.380055264e-09
54600,49.99591667,0.04999041667,48.03244829,0.1402126481,1.985194069e-05,2387443.422,47.39538522,49.08670934,1.691324128,-1.605599209e-09
54660,49.99591667,0.04999041667,48.03928679,0.1399018285,1.978354985e-05,2387427.283,47.23178668,48.91574683,1.683960151,-2.913225217e-13
54720,49.99591667,0.04999041667,48.0460981,0.1395922463,1.971543132e-05,2387411.208,47.06884172,48.74546413,1.67662241,-1.976069086e-09
54780,49.99591667,0.04999041667,48.0528823,0.1392838982,1.96475843e-05,2387395.198,46.90654841,48.57585929,1.669310873,1.458744237e-10
54840,49.99591667,0.04999041667,48.05963945,0.1389767804,1.9580008e-05,2387379.251,46.74490484,48.40693035,1.662025513,4.652136454e-10
54900,49.99591667,0.04999041667,48.06636965,0.1386708893,1.951270162e-05,2387363.368,46.58390906,48.23867536,1.654766306,-4.006921017e-09
54960,49.99591667,0.04999041667,48.07307297,0.1383662213,1.944566437e-05,2387347.548,46.42355915,48.07109236,1.647533208,4.803055731e-10
55020,49.99591667,0.04999041667,48.07974949,0.1380627728,1.937889544e-05,2387331.791,46.26385317,47.90417937,1.640326204,-5.897575761e-10
55080,49.99591667,0.04999041667,48.08639929,0.1377605401,1.931239404e-05,2387316.098,46.10478918,47.73793444,1.633145261,-1.072635314e-10
55140,49.99591667,0.04999041667,48.09302244,0.1374595197,1.924615937e-05,2387300.467,45.94636525,47.5723556,1.625990348,6.219735837e-10
55200,49.99591667,0.04999041667,48.09961903,0.1371597078,1.918019062e-05,2387284.899,45.78857943,47.40744087,1.618861438,2.580961223e-09
55260,49.99591667,0.04999041667,48.10618914,0.1368611009,1.9114487e-05,2387269.394,45.63142978,47.24318829,1.611758506,1.223597224e-09
55320,49.99591667,0.04999041667,48.11273283,0.1365636952,1.904904769e-05,2387253.951,45.47491435,47.07959587,1.604681519,4.119442565e-10
55380,49.99591667,0.04999041667,48.1192502,0.1362674871,1.89838719e-05,2387238.57,45.3190312,46.91666165,1.597630453,-4.572989099e-09
55440,49.99591667,0.04999041667,48.12574132,0.1359724729,1.891895882e-05,2387223.25,45.16377836,46.75438363,1.590605266,1.069402344e-09
55500,49.99591667,0.04999041667,48.13220627,0.1356786491,1.885430764e-05,2387207.993,45.0091539,46.59275984,1.583605948,-2.274390454e-09
55560,49.99591667,0.04999041667,48.13864513,0.1353860118,1.878991755e-05,2387192.797,44.85515584,46.43178829,1.576632453,2.257635856e-09
55620,49.99591667,0.04999041667,48.14505799,0.1350945575,1.872578775e-05,2387177.663,44.70178224,46.271467,1.569684766,1.302538521e-09
55680,49.99591667,0.04999041667,48.15144491,0.1348042825,1.866191742e-05,2387162.59,44.54903113,46.11179398,1.562762851,2.576129532e-09
55740,49.99591667,0.04999041667,48.15780598,0.134515183,1.859830576e-05,2387147.578,44.39690055,45.95276723,1.555866685,-2.028883728e-10
55800,49.99591667,0.04999041667,48.16414128,0.1342272553,1.853495195e-05,2387132.627,44.24538853,45.79438477,1.548996231,1.890711587e-09
55860,49.99591667,0.04999041667,48.17045088,0.1339404959,1.847185518e-05,2387117.736,44.09449312,45.63664459,1.542151471,-2.880966576e-09
55920,49.99591667,0.04999041667,48.17673488,0.133654901,1.840901464e-05,2387102.906,43.94421234,45.4795447,1.535332359,2.039584501e-09
55980,49.99591667,0.04999041667,48.18299334,0.1333704668,1.834642951e-05,2387088.136,43.79454422,45.3230831,1.528538882,1.712912479e-09
56040,49.99591667,0.04999041667,48.18922636,0.1330871897,1.828409898e-05,2387073.426,43.64548678,45.16725779,1.521771009,-2.521019837e-09
56100,49.99591667,0.04999041667,48.195434,0.132805066,1.822202223e-05,2387058.776,43.49703807,45.01206677,1.515028699,1.106968739e-09
56160,49.99591667,0.04999041667,48.20161635,0.132524092,1.816019844e-05,2387044.185,43.34919609,44.85750803,1.508311934,-2.29178454e-10
56220,49.99591667,0.04999041667,48.20777348,0.1322442639,1.80986268e-05,2387029.655,43.20195888,44.70357956,1.50162068,4.772999773e-10
56280,49.99591667,0.04999041667,48.21390549,0.131965578,1.803730649e-05,2387015.183,43.05532445,44.55027936,1.494954909,-1.561524243e-09
56340,49.99591667,0.04999041667,48.22001245,0.1316880307,1.797623669e-05,2387000.771,42.90929082,44.39760541,1.488314586,3.667182114e-10
56400,49.99591667,0.04999041667,48.22609444,0.1314116181,1.791541657e-05,2386986.417,42.76385602,44.2455557,1.481699686,1.118102944e-09
56460,49.99591667,0.04999041667,48.23215154,0.1311363365,1.785484533e-05,2386972.122,42.61901805,44.09412823,1.475110183,-3.292164763e-09
56520,49.99591667,0.04999041667,48.23818383,0.1308621823,1.779452213e-05,2386957.886,42.47477493,43.94332097,1.468546032,6.118838769e-10
56580,49.99591667,0.04999041667,48.24419139,0.1305891517,1.773444616e-05,2386943.708,42.33112468,43.7931319,1.462007218,-1.466567312e-09
56640,49.99591667,0.04999041667,48.25017431,0.1303172408,1.767461659e-05,2386929.589,42.18806531,43.64355901,1.4554937,-1.442792552e-09
56700,49.99591667,0.04999041667,48.25613266,0.1300464461,1.76150326e-05,2386915.527,42.04559483,43.49460028,1.44900545,2.505871066e-10
56760,49.99591667,0.04999041667,48.26206652,0.1297767638,1.755569337e-05,2386901.523,41.90371125,43.34625369,1.442542442,-2.944517519e-09
56820,49.99591667,0.04999041667,48.26797598,0.1295081901,1.749659807e-05,2386887.577,41.76241258,43.19851721,1.436104632,-2.32404318e-10
56880,49.99591667,0.04999041667,48.27386111,0.1292407212,1.743774588e-05,2386873.688,41.62169682,43.05138882,1.429691997,1.59787561e-09
56940,49.99591667,0.04999041667,48.27972201,0.1289743534,1.737913597e-05,2386859.856,41.48156198,42.90486649,1.423304507,4.089812933e-10
57000,49.99591667,0.04999041667,48.28555874,0.128709083,1.732076752e-05,2386846.081,41.34200607,42.7589482,1.416942129,-2.686476819e-09
57060,49.99591667,0.04999041667,48.29137139,0.1284449063,1.726263969e-05,2386832.364,41.2030271,42.61363192,1.410604819,2.324952675e-09
57120,49.99591667,0.04999041667,48.29716004,0.1281818193,1.720475167e-05,2386818.702,41.06462306,42.46891562,1.404292559,1.207190792e-09
57180,49.99591667,0.04999041667,48.30292478,0.1279198185,1.714710263e-05,2386805.098,40.92679195,42.32479726,1.39800531,-4.816556043e-10
57240,49.99591667,0.04999041667,48.30866567,0.1276588999,1.708969173e-05,2386791.549,40.7895318,42.18127483,1.39174304,-2.794280363e-09
57300,49.99591667,0.04999041667,48.31438282,0.12739906,1.703251816e-05,2386778.057,40.65284058,42.03834629,1.385505711,-3.10431858e-09
57360,49.99591667,0.04999041667,48.32007628,0.1271402948,1.697558107e-05,2386764.62,40.51671631,41.8960096,1.379293287,1.533528859e-09
57420,49.99591667,0.04999041667,48.32574616,0.1268826007,1.691887966e-05,2386751.239,40.38115699,41.75426273,1.373105748,-3.796266412e-09
57480,49.99591667,0.04999041667,48.33139252,0.1266259738,1.686241308e-05,2386737.914,40.24616061,41.61310365,1.366943043,-2.796618048e-09
57540,49.99591667,0.04999041667,48.33701545,0.1263704105,1.68061805e-05,2386724.644,40.11172517,41.47253032,1.360805142,1.512916015e-09
57600,49.99591667,0.04999041667,48.34261504,0.1261159069,1.675018111e-05,2386711.429,39.97784869,41.3325407,1.354692016,2.893543183e-10
57660,49.99591667,0.04999041667,48.34819136,0.1258624593,1.669441407e-05,2386698.268,39.84452914,41.19313276,1.348603624,-5.440341511e-10
57720,49.99591667,0.04999041667,48.35374449,0.1256100639,1.663887854e-05,2386685.163,39.71176454,41.05430447,1.342539931,-9.387193245e-10
57780,49.99591667,0.04999041667,48.35927452,0.1253587169,1.658357371e-05,2386672.112,39.57955288,40.91605378,1.336500899,-9.902905163e-10
57840,49.99591667,0.04999041667,48.36478152,0.1251084145,1.652849873e-05,2386659.116,39.44789217,40.77837866,1.33048649,1.835353203e-09
57900,49.99591667,0.04999041667,48.37026558,0.1248591531,1.647365279e-05,2386646.173,39.31678039,40.64127706,1.324496676,-1.704137276e-09
57960,49.99591667,0.04999041667,48.37572679,0.1246109288,1.641903505e-05,2386633.285,39.18621555,40.50474696,1.318531409,4.578240009e-10
58020,49.99591667,0.04999041667,48.38116521,0.1243637378,1.636464468e-05,2386620.45,39.05619565,40.36878631,1.312590657,-7.254641332e-10
58080,49.99591667,0.04999041667,48.38658094,0.1241175764,1.631048085e-05,2386607.669,38.92671869,40.23339307,1.306674376,2.911406227e-09
58140,49.99591667,0.04999041667,48.39197406,0.1238724409,1.625654274e-05,2386594.941,38.79778267,40.09856521,1.30078254,-2.275072575e-09
58200,49.99591667,0.04999041667,48.39734464,0.1236283273,1.620282951e-05,2386582.267,38.66938558,39.96430068,1.294915097,-1.935518412e-09
58260,49.99591667,0.04999041667,48.40269277,0.1233852321,1.614934034e-05,2386569.645,38.54152544,39.83059745,1.289072011,-2.330494908e-09
58320,49.99591667,0.04999041667,48.40801853,0.1231431513,1.609607439e-05,2386557.076,38.41420023,39.69745347,1.28325324,2.780083719e-09
58380,49.99591667,0.04999041667,48.413322,0.1229020813,1.604303083e-05,2386544.56,38.28740797,39.56486672,1.277458758,-3.917051572e-09
58440,49.99591667,0.04999041667,48.41860326,0.1226620182,1.599020885e-05,2386532.096,38.16114664,39.43283515,1.271688498,3.556941408e-09
58500,49.99591667,0.04999041667,48.4238624,0.1224229584,1.59376076e-05,2386519.685,38.03541427,39.30135672,1.265942446,9.494485198e-10
58560,49.99591667,0.04999041667,48.42909949,0.122184898,1.588522627e-05,2386507.325,37.91020885,39.17042939,1.260220545,2.325258208e-09
58620,49.99591667,0.04999041667,48.43431462,0.1219478333,1.583306401e-05,2386495.017,37.78552838,39.04005114,1.254522762,-7.20739024e-10
58680,49.99591667,0.04999041667,48.43950787,0.1217117604,1.578112001e-05,2386482.761,37.66137087,38.91021992,1.248849049,-2.388603093e-09
58740,49.99591667,0.04999041667,48.44467932,0.1214766758,1.572939345e-05,2386470.557,37.53773433,38.78093369,1.243199359,-4.638707196e-10
58800,49.99591667,0.04999041667,48.44982905,0.1212425755,1.567788348e-05,2386458.403,37.41461677,38.65219043,1.237573655,6.962679322e-10
58860,49.99591667,0.04999041667,48.45495714,0.1210094559,1.562658928e-05,2386446.301,37.29201619,38.52398809,1.231971895,-2.924807063e-10
58920,49.99591667,0.04999041667,48.46006368,0.1207773132,1.557551004e-05,2386434.25,37.16993061,38.39632464,1.226394033,-1.583053688e-09
58980,49.99591667,0.04999041667,48.46514874,0.1205461436,1.552464492e-05,2386422.249,37.04835804,38.26919806,1.220840023,-1.708144737e-09
59040,49.99591667,0.04999041667,48.47021241,0.1203159435,1.547399309e-05,2386410.299,36.92729648,38.1426063,1.215309819,-1.977227271e-10
59100,49.99591667,0.04999041667,48.47525477,0.1200867089,1.542355375e-05,2386398.399,36.80674396,38.01654734,1.209803379,5.024816119e-10
59160,49.99591667,0.04999041667,48.4802759,0.1198584363,1.537332605e-05,2386386.549,36.68669849,37.89101915,1.204320654,3.074319466e-09
59220,49.99591667,0.04999041667,48.48527588,0.1196311218,1.532330918e-05,2386374.749,36.56715809,37.7660197,1.198861607,-1.389743431e-09
59280,49.99591667,0.04999041667,48.49025479,0.1194047617,1.527350231e-05,2386362.999,36.44812078,37.64154696,1.193426175,2.363982787e-09
59340,49.99591667,0.04999041667,48.49521271,0.1191793523,1.522390463e-05,2386351.298,36.32958457,37.5175989,1.188014326,-2.175042368e-10
59400,49.99591667,0.04999041667,48.50014973,0.1189548899,1.517451531e-05,2386339.647,36.2115475,37.3941735,1.182626008,-3.116355174e-09
59460,49.99591667,0.04999041667,48.50506592,0.1187313707,1.512533353e-05,2386328.044,36.09400758,37.27126874,1.177261165,-9.805560808e-10
59520,49.99591667,0.04999041667,48.50996136,0.118508791,1.507635847e-05,2386316.491,35.97696284,37.1488826,1.171919754,2.936602073e-09
59580,49.99591667,0.04999041667,48.51483614,0.1182871471,1.502758931e-05,2386304.987,35.86041132,37.02701305,1.16660173,2.250587272e-09
59640,49.99591667,0.04999041667,48.51969034,0.1180664352,1.497902524e-05,2386293.531,35.74435104,36.90565808,1.161307045,-2.358810036e-09
59700,49.99591667,0.04999041667,48.52452404,0.1178466517,1.493066544e-05,2386282.123,35.62878003,36.78481567,1.156035638,1.504659508e-09
59760,49.99591667,0.04999041667,48.52933731,0.1176277928,1.488250909e-05,2386270.764,35.51369633,36.6644838,1.150787468,1.426357699e-09
59820,49.99591667,0.04999041667,48.53413025,0.1174098549,1.483455537e-05,2386259.453,35.39909798,36.54466046,1.145562483,-1.358493762e-09
59880,49.99591667,0.04999041667,48.53890292,0.1171928341,1.478680348e-05,2386248.189,35.28498302,36.42534364,1.140360631,-4.314848923e-09
59940,49.99591667,0.04999041667,48.54365541,0.116976727,1.473925259e-05,2386236.973,35.17134948,36.30653134,1.13518185,1.611361711e-09
60000,49.99591667,0.04999041667,48.54838781,0.1167615296,1.46919019e-05,2386225.805,35.05819543,36.18822153,1.130026103,3.529613934e-09
60060,49.99591667,0.04999041667,48.55310018,0.1165472384,1.464475059e-05,2386214.684,34.94551889,36.07041223,1.124893342,-5.73486858e-09
60120,49.99591667,0.04999041667,48.55779261,0.1163338497,1.459779785e-05,2386203.609,34.83331793,35.95310142,1.119783489,1.027402163e-09
60180,49.99591667,0.04999041667,48.56246518,0.1161213597,1.455104288e-05,2386192.582,34.72159059,35.8362871,1.114696514,-7.284555181e-10
60240,49.99591667,0.04999041667,48.56711798,0.1159097649,1.450448487e-05,2386181.602,34.61033493,35.71996728,1.109632353,-1.94212646e-09
60300,49.99591667,0.04999041667,48.57175107,0.1156990615,1.4458123e-05,2386170.667,34.49954901,35.60413996,1.10459095,1.143376949e-09
60360,49.99591667,0.04999041667,48.57636454,0.1154892459,1.441195648e-05,2386159.78,34.38923089,35.48880315,1.099572255,2.154706635e-09
60420,49.99591667,0.04999041667,48.58095847,0.1152803144,1.436598449e-05,2386148.938,34.27937864,35.37395486,1.094576217,-2.243197628e-09
60480,49.99591667,0.04999041667,48.58553294,0.1150722635,1.432020624e-05,2386138.142,34.16999032,35.25959309,1.089602771,-3.428034745e-09
60540,49.99591667,0.04999041667,48.59008803,0.1148650893,1.427462093e-05,2386127.392,34.061064,35.14571586,1.08465186,-3.620215239e-10
60600,49.99591667,0.04999041667,48.59462382,0.1146587883,1.422922774e-05,2386116.688,33.95259776,35.0323212,1.079723432,2.940545585e-09
60660,49.99591667,0.04999041667,48.59914038,0.1144533569,1.418402589e-05,2386106.029,33.84458968,34.91940711,1.074817433,1.3018564e-09
60720,49.99591667,0.04999041667,48.6036378,0.1142487914,1.413901457e-05,2386095.415,33.73703782,34.80697163,1.069933805,-7.271694358e-10
60780,49.99591667,0.04999041667,48.60811616,0.1140450883,1.409419298e-05,2386084.846,33.62994029,34.69501277,1.065072485,-1.036283948e-09
60840,49.99591667,0.04999041667,48.61257552,0.1138422438,1.404956034e-05,2386074.322,33.52329516,34.58352858,1.060233418,-1.78176407e-09
60900,49.99591667,0.04999041667,48.61701598,0.1136402544,1.400511585e-05,2386063.842,33.41710053,34.47251707,1.055416543,-8.661729112e-10
60960,49.99591667,0.04999041667,48.62143762,0.1134391165,1.39608587e-05,2386053.407,33.31135448,34.36197628,1.050621805,-2.82715007e-09
61020,49.99591667,0.04999041667,48.6258405,0.1132388265,1.391678813e-05,2386043.016,33.20605512,34.25190426,1.045849139,-4.931877129e-10
61080,49.99591667,0.04999041667,48.6302247,0.1130393807,1.387290332e-05,2386032.67,33.10120056,34.14229904,1.041098491,-1.577618036e-09
61140,49.99591667,0.04999041667,48.63459032,0.1128407757,1.382920351e-05,2386022.367,32.99678888,34.03315868,1.036369794,-1.702673558e-10
61200,49.99591667,0.04999041667,48.63893742,0.1126430078,1.378568789e-05,2386012.108,32.89281821,33.92448121,1.031662993,1.628876589e-09
61260,49.99591667,0.04999041667,48.64326608,0.1124460735,1.374235568e-05,2386001.892,32.78928666,33.81626468,1.026978028,-1.230006319e-09
61320,49.99591667,0.04999041667,48.64757638,0.1122499692,1.369920611e-05,2385991.72,32.68619234,33.70850717,1.022314836,-4.37282921e-09
61380,49.99591667,0.04999041667,48.6518684,0.1120546914,1.365623838e-05,2385981.591,32.58353337,33.60120671,1.017673346,8.550671282e-11
61440,49.99591667,0.04999041667,48.65614221,0.1118602364,1.361345172e-05,2385971.504,32.48130788,33.49436139,1.013053506,1.379461878e-09
61500,49.99591667,0.04999041667,48.6603979,0.1116666009,1.357084535e-05,2385961.461,32.379514,33.38796925,1.008455255,-2.348258477e-09
61560,49.99591667,0.04999041667,48.66463553,0.1114737811,1.352841849e-05,2385951.46,32.27814986,33.28202838,1.00387852,7.162839211e-10
61620,49.99591667,0.04999041667,48.66885519,0.1112817737,1.348617037e-05,2385941.502,32.17721359,33.17653684,0.9993232482,-2.527599463e-09
61680,49.99591667,0.04999041667,48.67305696,0.1110905751,1.344410022e-05,2385931.586,32.07670335,33.07149271,0.9947893674,-1.393978266e-09
61740,49.99591667,0.04999041667,48.6772409,0.1109001818,1.340220725e-05,2385921.711,31.97661727,32.96689408,0.9902768171,-9.25510335e-10
61800,49.99591667,0.04999041667,48.68140711,0.1107105903,1.336049071e-05,2385911.879,31.8769535,32.86273903,0.9857855333,-1.039555997e-09
61860,49.99591667,0.04999041667,48.68555564,0.1105217971,1.331894983e-05,2385902.089,31.77771021,32.75902566,0.9813154473,1.887183743e-09
61920,49.99591667,0.04999041667,48.68968658,0.1103337987,1.327758383e-05,2385892.34,31.67888554,32.65575204,0.9768665044,-2.796593179e-09
61980,49.99591667,0.04999041667,48.69380002,0.1101465917,1.323639195e-05,2385882.632,31.58047767,32.55291629,0.9724386229,1.493603463e-09
62040,49.99591667,0.04999041667,48.69789601,0.1099601725,1.319537344e-05,2385872.965,31.48248475,32.4505165,0.9680317529,-1.881399925e-09
62100,49.99591667,0.04999041667,48.70197464,0.1097745378,1.315452752e-05,2385863.34,31.38490497,32.34855079,0.9636458177,-9.389005129e-10
62160,49.99591667,0.04999041667,48.70603598,0.1095896841,1.311385345e-05,2385853.755,31.2877365,32.24701725,0.9592807542,-1.393221538e-09
62220,49.99591667,0.04999041667,48.71008011,0.1094056079,1.307335046e-05,2385844.211,31.19097752,32.14591401,0.954936495,3.343458843e-11
62280,49.99591667,0.04999041667,48.7141071,0.1092223058,1.30330178e-05,2385834.707,31.09462621,32.04523919,0.9506129774,-3.160796069e-09
62340,49.99591667,0.04999041667,48.71811703,0.1090397743,1.299285472e-05,2385825.244,30.99868079,31.94499091,0.946310121,4.484590477e-10
62400,49.99591667,0.04999041667,48.72210997,0.1088580102,1.295286047e-05,2385815.82,30.90313942,31.84516729,0.9420278725,1.313829046e-10
62460,49.99591667,0.04999041667,48.72608601,0.1086770099,1.291303429e-05,2385806.437,30.80800032,31.74576648,0.9377661608,-2.359271889e-09
62520,49.99591667,0.04999041667,48.7300452,0.1084967701,1.287337544e-05,2385797.093,30.7132617,31.64678661,0.933524906,3.985544339e-09
62580,49.99591667,0.04999041667,48.73398763,0.1083172874,1.283388317e-05,2385787.789,30.61892176,31.54822582,0.9293040598,-9.288001479e-10
62640,49.99591667,0.04999041667,48.73791338,0.1081385584,1.279455675e-05,2385778.524,30.52497872,31.45008226,0.9251035382,-2.247915631e-09
62700,49.99591667,0.04999041667,48.7418225,0.1079605797,1.275539543e-05,2385769.299,30.43143081,31.35235408,0.9209232708,1.108354297e-09
62760,49.99591667,0.04999041667,48.74571509,0.1077833481,1.271639847e-05,2385760.112,30.33827624,31.25503944,0.9167631966,7.382539025e-10
62820,49.99591667,0.04999041667,48.74959121,0.10760686,1.267756514e-05,2385750.965,30.24551325,31.1581365,0.9126232456,-2.735788485e-09
62880,49.99591667,0.04999041667,48.75345093,0.1074311123,1.263889469e-05,2385741.856,30.15314008,31.06164342,0.9085033344,3.377461866e-09
62940,49.99591667,0.04999041667,48.75729433,0.1072561015,1.260038641e-05,2385732.785,30.06115497,30.96555838,0.9044034114,1.936676597e-09
63000,49.99591667,0.04999041667,48.76112148,0.1070818244,1.256203956e-05,2385723.753,29.96955616,30.86987956,0.9003233938,3.420989714e-09
63060,49.99591667,0.04999041667,48.76493246,0.1069082777,1.25238534e-05,2385714.759,29.87834191,30.77460513,0.8962632214,-1.2587833e-09
63120,49.99591667,0.04999041667,48.76872734,0.106735458,1.248582722e-05,2385705.803,29.78751047,30.67973328,0.8922228116,-1.797584304e-09
63180,49.99591667,0.04999041667,48.77250618,0.106563362,1.24479603e-05,2385696.885,29.69706011,30.58526221,0.8882020955,1.100460167e-09
63240,49.99591667,0.04999041667,48.77626906,0.1063919865,1.24102519e-05,2385688.005,29.6069891,30.49119011,0.8842010091,-2.469775495e-10
63300,49.99591667,0.04999041667,48.78001606,0.1062213283,1.237270131e-05,2385679.162,29.5172957,30.39751518,0.8802194747,-7.03838765e-10
63360,49.99591667,0.04999041667,48.78374724,0.106051384,1.233530782e-05,2385670.357,29.42797821,30.30423563,0.8762574197,4.298605916e-10
63420,49.99591667,0.04999041667,48.78746268,0.1058821504,1.229807071e-05,2385661.588,29.3390349,30.21134967,0.8723147759,5.285301086e-10
63480,49.99591667,0.04999041667,48.79116245,0.1057136242,1.226098926e-05,2385652.857,29.25046406,30.11885553,0.8683914708,-1.209471634e-09
63540,49.99591667,0.04999041667,48.79484661,0.1055458023,1.222406277e-05,2385644.162,29.16226399,30.02675142,0.8644874278,6.957421306e-10
63600,49.99591667,0.04999041667,48.79851524,0.1053786814,1.218729053e-05,2385635.504,29.07443299,29.93503557,0.8606025792,3.886810873e-10
63660,49.99591667,0.04999041667,48.80216842,0.1052122584,1.215067183e-05,2385626.883,28.98696936,29.84370621,0.8567368487,1.340918487e-09
63720,49.99591667,0.04999041667,48.8058062,0.1050465299,1.211420597e-05,2385618.297,28.89987143,29.7527616,0.8528901691,-1.032368857e-09
63780,49.99591667,0.04999041667,48.80942867,0.1048814929,1.207789225e-05,2385609.748,28.8131375,29.66219996,0.8490624598,5.384528379e-10
63840,49.99591667,0.04999041667,48.81303588,0.1047171442,1.204172998e-05,2385601.235,28.7267659,29.57201956,0.8452536539,-1.615873657e-09
63900,49.99591667,0.04999041667,48.81662792,0.1045534806,1.200571844e-05,2385592.758,28.64075497,29.48221864,0.8414636715,5.48030954e-10
63960,49.99591667,0.04999041667,48.82020485,0.1043904989,1.196985696e-05,2385584.317,28.55510303,29.39279547,0.8376924458,-3.428084483e-10
64020,49.99591667,0.04999041667,48.82376673,0.104228196,1.193414483e-05,2385575.911,28.46980842,29.30374832,0.8339398971,2.005403843e-09
64080,49.99591667,0.04999041667,48.82731365,0.1040665687,1.189858138e-05,2385567.54,28.3848695,29.21507546,0.8302059593,5.332942976e-10
64140,49.99591667,0.04999041667,48.83084566,0.103905614,1.186316591e-05,2385559.204,28.30028462,29.12677517,0.8264905529,-1.228752211e-09
64200,49.99591667,0.04999041667,48.83436284,0.1037453288,1.182789773e-05,2385550.904,28.21605213,29.03884573,0.8227936031,-5.351452614e-10
64260,49.99591667,0.04999041667,48.83786525,0.1035857099,1.179277618e-05,2385542.638,28.13217039,28.95128543,0.8191150442,-5.135543546e-09
64320,49.99591667,0.04999041667,48.84135296,0.1034267542,1.175780056e-05,2385534.407,28.04863779,28.86409257,0.8154547885,-3.875985755e-09
64380,49.99591667,0.04999041667,48.84482605,0.1032684587,1.17229702e-05,2385526.211,27.96545268,28.77726545,0.8118127705,-3.769066836e-09
64440,49.99591667,0.04999041667,48.84828457,0.1031108204,1.168828443e-05,2385518.048,27.88261347,28.69080238,0.8081889117,-8.689404751e-10
64500,49.99591667,0.04999041667,48.8517286,0.102953836,1.165374257e-05,2385509.921,27.80011852,28.60470166,0.8045831426,-1.932093596e-09
64560,49.99591667,0.04999041667,48.8551582,0.1027975027,1.161934396e-05,2385501.827,27.71796624,28.51896163,0.8009953851,-7.717879669e-10
64620,49.99591667,0.04999041667,48.85857344,0.1026418174,1.158508793e-05,2385493.767,27.63615503,28.4335806,0.7974255654,2.058229143e-10
64680,49.99591667,0.04999041667,48.86197439,0.102486777,1.15509738e-05,2385485.74,27.55468329,28.3485569,0.7938736103,7.348681663e-10
64740,49.99591667,0.04999041667,48.86536111,0.1023323786,1.151700093e-05,2385477.748,27.47354944,28.26388888,0.7903394463,-2.151193002e-09
64800,49.99591667,0.04999041667,48.86873367,0.1021786191,1.148316865e-05,2385469.789,27.39275188,28.17957487,0.7868229915,-3.480948862e-10
64860,49.99591667,0.04999041667,48.87209214,0.1020254956,1.144947629e-05,2385461.863,27.31228905,28.09561322,0.7833241774,-3.50119933e-11
64920,49.99591667,0.04999041667,48.87543657,0.1018730051,1.141592322e-05,2385453.97,27.23215937,28.0120023,0.7798429268,6.136637865e-10
64980,49.99591667,0.04999041667,48.87876705,0.1017211445,1.138250878e-05,2385446.11,27.15236128,27.92874044,0.7763791671,-6.826894605e-10
65040,49.99591667,0.04999041667,48.88208363,0.1015699111,1.13492323e-05,2385438.283,27.07289322,27.84582604,0.7729328213,-1.26826194e-09
65100,49.99591667,0.04999041667,48.88538637,0.1014193018,1.131609316e-05,2385430.488,26.99375364,27.76325745,0.7695038127,2.446896019e-10
65160,49.99591667,0.04999041667,48.88867534,0.1012693136,1.12830907e-05,2385422.726,26.91494099,27.68103306,0.7660920692,9.748752916e-10
65220,49.99591667,0.04999041667,48.89195062,0.1011199438,1.125022429e-05,2385414.997,26.83645373,27.59915124,0.7626975144,1.790553483e-09
65280,49.99591667,0.04999041667,48.89521225,0.1009711893,1.121749327e-05,2385407.299,26.75829033,27.5176104,0.7593200808,-4.585292146e-09
65340,49.99591667,0.04999041667,48.89846031,0.1008230473,1.118489702e-05,2385399.634,26.68044925,27.43640893,0.7559596791,-2.958191914e-09
65400,49.99591667,0.04999041667,48.90169486,0.1006755148,1.11524349e-05,2385392,26.60292899,27.35554523,0.7526162421,-2.634230611e-09
65460,49.99591667,0.04999041667,48.90491596,0.1005285891,1.112010627e-05,2385384.398,26.52572802,27.27501771,0.7492896941,-7.004423708e-10
65520,49.99591667,0.04999041667,48.90812368,0.1003822673,1.108791052e-05,2385376.828,26.44884482,27.19482479,0.7459799594,1.863320165e-09
65580,49.99591667,0.04999041667,48.91131807,0.1002365464,1.1055847e-05,2385369.289,26.37227791,27.11496488,0.7426869671,1.132516303e-09
65640,49.99591667,0.04999041667,48.91449921,0.1000914237,1.10239151e-05,2385361.782,26.29602578,27.03543642,0.7394106417,-1.657699755e-09
65700,49.99591667,0.04999041667,48.91766715,0.09994689635,1.09921142e-05,2385354.306,26.22008693,26.95623783,0.7361509036,-2.981806801e-09
65760,49.99591667,0.04999041667,48.92082196,0.09980296151,1.096044367e-05,2385346.86,26.14445989,26.87736757,0.7329076777,-1.692406215e-09
65820,49.99591667,0.04999041667,48.9239637,0.09965961638,1.09289029e-05,2385339.446,26.06914318,26.79882407,0.7296808938,-1.956944828e-09
65880,49.99591667,0.04999041667,48.92709244,0.09951685819,1.089749127e-05,2385332.062,25.99413531,26.72060579,0.7264704725,-1.047943954e-10
65940,49.99591667,0.04999041667,48.93020822,0.09937468413,1.086620817e-05,2385324.709,25.91943484,26.64271118,0.7232763438,-2.990958592e-10
66000,49.99591667,0.04999041667,48.93331112,0.09923309145,1.083505299e-05,2385317.386,25.84504028,26.56513871,0.7200984287,1.49753987e-09
66060,49.99591667,0.04999041667,48.93640119,0.09909207739,1.080402513e-05,2385310.093,25.7709502,26.48788686,0.7169366575,7.366658394e-10
66120,49.99591667,0.04999041667,48.9394785,0.0989516392,1.077312398e-05,2385302.831,25.69716313,26.41095409,0.7137909515,9.333831485e-10
66180,49.99591667,0.04999041667,48.94254311,0.09881177414,1.074234894e-05,2385295.598,25.62367765,26.33433889,0.7106612412,-1.790620985e-09
66240,49.99591667,0.04999041667,48.94559508,0.0986724795,1.071169942e-05,2385288.396,25.55049231,26.25803976,0.7075474438,1.042380404e-09
66300,49.99591667,0.04999041667,48.94863446,0.09853375257,1.06811748e-05,2385281.223,25.47760569,26.18205518,0.7044494946,-1.489446788e-09
66360,49.99591667,0.04999041667,48.95166132,0.09839559064,1.06507745e-05,2385274.079,25.40501635,26.10638366,0.701367311,-4.374882678e-10
66420,49.99591667,0.04999041667,48.95467572,0.09825799102,1.062049794e-05,2385266.965,25.33272289,26.03102371,0.6983008241,-3.883471322e-11
66480,49.99591667,0.04999041667,48.95767771,0.09812095104,1.059034451e-05,2385259.881,25.26072388,25.95597384,0.6952499606,-2.568064872e-09
66540,49.99591667,0.04999041667,48.96066736,0.09798446804,1.056031364e-05,2385252.825,25.18901793,25.88123257,0.692214643,-3.439808438e-09
66600,49.99591667,0.04999041667,48.96364473,0.09784853936,1.053040473e-05,2385245.798,25.11760364,25.80679844,0.6891947937,1.969983288e-09
66660,49.99591667,0.04999041667,48.96660987,0.09771316236,1.050061722e-05,2385238.801,25.04647961,25.73266997,0.6861903488,1.689091533e-09
66720,49.99591667,0.04999041667,48.96956284,0.09757833441,1.047095051e-05,2385231.832,24.97564446,25.6588457,0.6832012356,-3.392425896e-09
66780,49.99591667,0.04999041667,48.9725037,0.09744405289,1.044140404e-05,2385224.891,24.90509681,25.58532417,0.6802273681,-1.389107496e-09
66840,49.99591667,0.04999041667,48.97543251,0.0973103152,1.041197722e-05,2385217.979,24.83483527,25.51210395,0.6772686784,1.817618056e-09
66900,49.99591667,0.04999041667,48.97834932,0.09717711873,1.03826695e-05,2385211.096,24.76485849,25.43918359,0.674325103,-1.348329448e-09
66960,49.99591667,0.04999041667,48.9812542,0.09704446092,1.035348029e-05,2385204.24,24.6951651,25.36656165,0.6713965563,-9.580247706e-10
67020,49.99591667,0.04999041667,48.9841472,0.09691233917,1.032440904e-05,2385197.413,24.62575374,25.29423671,0.6684829708,-1.432077568e-09
67080,49.99591667,0.04999041667,48.98702837,0.09678075094,1.029545518e-05,2385190.613,24.55662306,25.22220733,0.6655842702,3.382893965e-11
67140,49.99591667,0.04999041667,48.98989778,0.09664969367,1.026661816e-05,2385183.841,24.48777173,25.15047212,0.6627003869,1.88045135e-10
67200,49.99591667,0.04999041667,48.99275548,0.09651916483,1.02378974e-05,2385177.097,24.4191984,25.07902964,0.6598312451,4.247517893e-10
67260,49.99591667,0.04999041667,48.99560153,0.09638916188,1.020929236e-05,2385170.38,24.35090173,25.00787851,0.656976773,1.312976394e-09
67320,49.99591667,0.04999041667,48.99843597,0.09625968233,1.018080248e-05,2385163.691,24.28288041,24.93701731,0.6541368994,1.670443339e-09
67380,49.99591667,0.04999041667,49.00125888,0.09613072365,1.015242721e-05,2385157.029,24.21513312,24.86644467,0.6513115484,5.010711845e-09
67440,49.99591667,0.04999041667,49.0040703,0.09600228336,1.0124166e-05,2385150.394,24.14765853,24.79615919,0.6485006579,1.666151661e-09
67500,49.99591667,0.04999041667,49.00687029,0.09587435898,1.009601832e-05,2385143.786,24.08045535,24.7261595,0.6457041478,6.703615441e-11
67560,49.99591667,0.04999041667,49.0096589,0.09574694804,1.00679836e-05,2385137.205,24.01352227,24.65644422,0.642921943,4.176147428e-09
67620,49.99591667,0.04999041667,49.01243619,0.09562004809,1.004006132e-05,2385130.651,23.94685799,24.58701198,0.6401539859,-1.381927461e-09
67680,49.99591667,0.04999041667,49.01520221,0.09549365667,1.001225094e-05,2385124.123,23.88046123,24.51786143,0.6374001924,-2.043766045e-09
67740,49.99591667,0.04999041667,49.01795702,0.09536777135,9.984551912e-06,2385117.621,23.81433071,24.4489912,0.6346604967,-2.408047095e-09
67800,49.99591667,0.04999041667,49.02070067,0.0952423897,9.956963713e-06,2385111.146,23.74846514,24.38039996,0.6319348237,-1.925428705e-10
67860,49.99591667,0.04999041667,49.02343321,0.09511750933,9.929485808e-06,2385104.698,23.68286325,24.31208635,0.6292231077,3.759552669e-10
67920,49.99591667,0.04999041667,49.0261547,0.09499312781,9.902117671e-06,2385098.275,23.61752377,24.24404905,0.6265252785,-3.491429368e-10
67980,49.99591667,0.04999041667,49.0288652,0.09486924277,9.874858774e-06,2385091.878,23.55244546,24.17628672,0.6238412615,8.51148485e-10
68040,49.99591667,0.04999041667,49.03156475,0.09474585183,9.847708595e-06,2385085.507,23.48762705,24.10879804,0.6211709957,-4.712369162e-09
68100,49.99591667,0.04999041667,49.0342534,0.09462295261,9.820666613e-06,2385079.162,23.4230673,24.04158169,0.618514398,-3.046537245e-09
68160,49.99591667,0.04999041667,49.03693121,0.09450054277,9.793732309e-06,2385072.842,23.35876496,23.97463636,0.6158714032,5.081162158e-10
68220,49.99591667,0.04999041667,49.03959824,0.09437861995,9.766905168e-06,2385066.548,23.29471879,23.90796074,0.6132419504,-2.688729239e-09
68280,49.99591667,0.04999041667,49.04225453,0.09425718182,9.740184675e-06,2385060.279,23.23092758,23.84155354,0.610625957,1.321939891e-09
68340,49.99591667,0.04999041667,49.04490013,0.09413622606,9.71357032e-06,2385054.036,23.16739009,23.77541346,0.6080233667,-7.516511857e-10
68400,49.99591667,0.04999041667,49.0475351,0.09401575036,9.687061594e-06,2385047.817,23.10410511,23.70953921,0.6054341017,-6.57358612e-11
68460,49.99591667,0.04999041667,49.05015949,0.09389575242,9.66065799e-06,2385041.624,23.04107142,23.64392951,0.602858097,-1.985576148e-10
68520,49.99591667,0.04999041667,49.05277334,0.09377622995,9.634359006e-06,2385035.455,22.97828781,23.5785831,0.6002952838,-2.100364327e-11
68580,49.99591667,0.04999041667,49.05537672,0.09365718066,9.608164139e-06,2385029.311,22.9157531,23.51349869,0.5977455886,3.57722385e-09
68640,49.99591667,0.04999041667,49.05796967,0.0935386023,9.58207289e-06,2385023.192,22.85346607,23.44867502,0.595208956,3.211297894e-10
68700,49.99591667,0.04999041667,49.06055223,0.0934204926,9.556084764e-06,2385017.097,22.79142554,23.38411085,0.5926853083,-3.413127558e-10
68760,49.99591667,0.04999041667,49.06312447,0.09330284932,9.530199266e-06,2385011.026,22.72963033,23.31980491,0.590174577,1.884597367e-09
68820,49.99591667,0.04999041667,49.06568643,0.09318567022,9.504415903e-06,2385004.98,22.66807926,23.25575596,0.5876767024,-1.078088729e-09
68880,49.99591667,0.04999041667,49.06823816,0.09306895308,9.478734188e-06,2384998.958,22.60677116,23.19196277,0.5851916118,-2.114969533e-09
68940,49.99591667,0.04999041667,49.0707797,0.09295269569,9.453153632e-06,2384992.96,22.54570486,23.1284241,0.5827192368,-1.86560456e-09
69000,49.99591667,0.04999041667,49.07331112,0.09283689585,9.427673751e-06,2384986.986,22.4848792,23.06513872,0.5802595137,-1.213727785e-09
69060,49.99591667,0.04999041667,49.07583245,0.09272155135,9.402294064e-06,2384981.035,22.42429303,23.00210541,0.5778123789,-3.976893481e-09
69120,49.99591667,0.04999041667,49.07834375,0.09260666003,9.377014089e-06,2384975.109,22.3639452,22.93932295,0.5753777556,2.9104541e-10
69180,49.99591667,0.04999041667,49.08084506,0.09249221971,9.35183335e-06,2384969.206,22.30383456,22.87679014,0.5729555891,4.517666241e-10
69240,49.99591667,0.04999041667,49.08333644,0.09237822823,9.326751371e-06,2384963.326,22.24395997,22.81450578,0.5705458117,-1.332448818e-09
69300,49.99591667,0.04999041667,49.08581792,0.09226468344,9.301767679e-06,2384957.47,22.18432031,22.75246866,0.5681483556,-2.478234506e-09
69360,49.99591667,0.04999041667,49.08828956,0.09215158321,9.276881805e-06,2384951.637,22.12491444,22.69067759,0.5657631535,-1.944862049e-09
69420,49.99591667,0.04999041667,49.09075141,0.0920389254,9.252093279e-06,2384945.827,22.06574125,22.6291314,0.5633901466,-4.856794078e-09
69480,49.99591667,0.04999041667,49.09320351,0.0919267079,9.227401636e-06,2384940.04,22.00679962,22.56782888,0.5610292631,-4.371077722e-09
69540,49.99591667,0.04999041667,49.09564591,0.0918149286,9.202806413e-06,2384934.276,21.94808845,22.50676888,0.5586804402,-2.688747003e-09
69600,49.99591667,0.04999041667,49.09807866,0.09170358541,9.178307147e-06,2384928.534,21.88960661,22.44595023,0.5563436107,2.989711589e-09
69660,49.99591667,0.04999041667,49.1005018,0.09159267624,9.153903381e-06,2384922.816,21.83135303,22.38537175,0.5540187208,3.342318422e-09
69720,49.99591667,0.04999041667,49.10291537,0.09148219902,9.129594657e-06,2384917.12,21.77332659,22.3250323,0.5517057034,1.059838439e-09
69780,49.99591667,0.04999041667,49.10531944,0.09137215168,9.105380521e-06,2384911.446,21.71552623,22.26493072,0.5494044918,-5.542375447e-10
69840,49.99591667,0.04999041667,49.10771403,0.09126253216,9.081260521e-06,2384905.795,21.65795084,22.20506586,0.5471150234,-1.865331001e-09
69900,49.99591667,0.04999041667,49.1100992,0.09115333842,9.057234207e-06,2384900.166,21.60059936,22.1454366,0.5448372317,4.336442316e-10
69960,49.99591667,0.04999041667,49.112475,0.09104456842,9.033301132e-06,2384894.559,21.54347072,22.08604178,0.5425710588,1.05643494e-09
70020,49.99591667,0.04999041667,49.11484146,0.09093622015,9.00946085e-06,2384888.974,21.48656384,22.02688029,0.540316447,-4.920824637e-09
70080,49.99591667,0.04999041667,49.11719863,0.09082829159,8.985712918e-06,2384883.411,21.42987768,21.96795099,0.5380733166,5.782396784e-10
70140,49.99591667,0.04999041667,49.11954656,0.09072078073,8.962056895e-06,2384877.87,21.37341116,21.90925278,0.5358416234,-1.152784534e-10
70200,49.99591667,0.04999041667,49.12188528,0.09061368558,8.938492342e-06,2384872.351,21.31716324,21.85078454,0.5336213011,-2.735561111e-09
70260,49.99591667,0.04999041667,49.12421486,0.09050700416,8.915018824e-06,2384866.853,21.26113289,21.79254517,0.5314122792,1.20150645e-09
70320,49.99591667,0.04999041667,49.12653532,0.0904007345,8.891635905e-06,2384861.377,21.20531905,21.73453356,0.5292145091,3.602806942e-11
70380,49.99591667,0.04999041667,49.12884672,0.09029487462,8.868343155e-06,2384855.922,21.14972069,21.67674861,0.5270279248,-2.380247111e-09
70440,49.99591667,0.04999041667,49.1311491,0.09018942259,8.845140142e-06,2384850.488,21.09433678,21.61918925,0.5248524606,4.433218237e-10
70500,49.99591667,0.04999041667,49.13344249,0.09008437644,8.822026439e-06,2384845.076,21.03916631,21.56185437,0.5226880638,-3.48830298e-10
70560,49.99591667,0.04999041667,49.13572695,0.08997973426,8.799001621e-06,2384839.684,20.98420825,21.50474292,0.520534673,-2.384176412e-09
70620,49.99591667,0.04999041667,49.13800251,0.08987549411,8.776065265e-06,2384834.314,20.92946159,21.44785381,0.5183922226,-1.543941863e-09
70680,49.99591667,0.04999041667,49.14026923,0.08977165408,8.753216949e-06,2384828.965,20.87492531,21.39118597,0.5162606558,3.22511795e-10
70740,49.99591667,0.04999041667,49.14252713,0.08966821227,8.730456254e-06,2384823.636,20.82059843,21.33473834,0.514139916,4.714806323e-10
70800,49.99591667,0.04999041667,49.14477627,0.08956516679,8.707782764e-06,2384818.328,20.76647993,21.27850987,0.5120299421,4.787281682e-11
70860,49.99591667,0.04999041667,49.14701669,0.08946251574,8.685196064e-06,2384813.041,20.71256883,21.22249951,0.5099306732,1.490693791e-09
70920,49.99591667,0.04999041667,49.14924842,0.08936025725,8.66269574e-06,2384807.774,20.65886414,21.1667062,0.5078420574,-1.540129801e-09
70980,49.99591667,0.04999041667,49.15147151,0.08925838946,8.640281383e-06,2384802.527,20.60536488,21.11112891,0.5057640293,-1.423870799e-09
71040,49.99591667,0.04999041667,49.153686,0.08915691051,8.617952584e-06,2384797.301,20.55207006,21.0557666,0.5036965329,-9.201706064e-10
71100,49.99591667,0.04999041667,49.15589194,0.08905581856,8.595708937e-06,2384792.095,20.49897872,21.00061823,0.5016395117,-2.270180488e-09
71160,49.99591667,0.04999041667,49.15808935,0.08895511176,8.573550038e-06,2384786.909,20.44608989,20.9456828,0.4995929054,-8.941505314e-10
71220,49.99591667,0.04999041667,49.1602783,0.0888547883,8.551475484e-06,2384781.743,20.39340261,20.89095927,0.4975566622,-3.300804963e-09
71280,49.99591667,0.04999041667,49.1624588,0.08875484634,8.529484875e-06,2384776.597,20.34091592,20.83644663,0.495530713,2.079101336e-09
71340,49.99591667,0.04999041667,49.16463091,0.08865528409,8.507577814e-06,2384771.471,20.28862886,20.78214388,0.4935150194,-1.580847453e-09
71400,49.99591667,0.04999041667,49.16679467,0.08855609974,8.485753905e-06,2384766.365,20.23654049,20.72805,0.4915095125,-2.575372804e-09
71460,49.99591667,0.04999041667,49.16895011,0.0884572915,8.464012753e-06,2384761.278,20.18464987,20.674164,0.4895141365,-1.407766348e-09
71520,49.99591667,0.04999041667,49.17109727,0.0883588576,8.442353966e-06,2384756.21,20.13295605,20.62048489,0.4875288401,-2.64866884e-09
71580,49.99591667,0.04999041667,49.1732362,0.08826079625,8.420777156e-06,2384751.163,20.08145811,20.56701167,0.4855535633,-2.357523954e-09
71640,49.99591667,0.04999041667,49.17536693,0.08816310571,8.399281933e-06,2384746.134,20.03015512,20.51374337,0.4835882549,-2.945061084e-09
71700,49.99591667,0.04999041667,49.17748951,0.0880657842,8.377867913e-06,2384741.125,19.97904615,20.460679,0.4816328552,-1.566174745e-09
71760,49.99591667,0.04999041667,49.17960396,0.08796883,8.356534711e-06,2384736.135,19.92813029,20.4078176,0.479687313,-2.192834359e-09
71820,49.99591667,0.04999041667,49.18171034,0.08787224136,8.335281946e-06,2384731.164,19.87740661,20.35515818,0.4777515687,1.340186628e-09
71880,49.99591667,0.04999041667,49.18380867,0.08777601656,8.314109237e-06,2384726.212,19.82687422,20.3026998,0.4758255757,1.516351489e-09
71940,49.99591667,0.04999041667,49.18589901,0.08768015388,8.293016207e-06,2384721.278,19.77653221,20.25044149,0.473909279,-2.352933848e-09
72000,49.99591667,0.04999041667,49.18798137,0.08758465162,8.27200248e-06,2384716.364,19.72637968,20.19838229,0.4720026146,1.172615782e-09
72060,49.99591667,0.04999041667,49.19005582,0.08748950806,8.251067682e-06,2384711.468,19.67641573,20.14652127,0.4701055406,5.702887051e-10
72120,49.99591667,0.04999041667,49.19212237,0.08739472153,8.230211441e-06,2384706.591,19.62663947,20.09485747,0.4682179976,1.847901387e-09
72180,49.99591667,0.04999041667,49.19418107,0.08730029034,8.209433386e-06,2384701.733,19.57705002,20.04338996,0.4663399352,1.829747021e-09
72240,49.99591667,0.04999041667,49.19623195,0.08720621281,8.188733151e-06,2384696.893,19.5276465,19.9921178,0.4644713071,-5.112859469e-09
72300,49.99591667,0.04999041667,49.19827506,0.08711248729,8.168110368e-06,2384692.071,19.47842803,19.94104007,0.4626120412,1.049162535e-09
72360,49.99591667,0.04999041667,49.20031043,0.08701911212,8.147564673e-06,2384687.267,19.42939374,19.89015584,0.4607621046,-8.526086503e-10
72420,49.99591667,0.04999041667,49.2023381,0.08692608564,8.127095704e-06,2384682.482,19.38054276,19.83946419,0.4589214382,-1.807457295e-09
72480,49.99591667,0.04999041667,49.2043581,0.08683340623,8.1067031e-06,2384677.715,19.33187422,19.78896421,0.4570899875,8.172484911e-10
72540,49.99591667,0.04999041667,49.20637047,0.08674107225,8.086386503e-06,2384672.966,19.28338728,19.73865499,0.4552677067,3.933706694e-10
72600,49.99591667,0.04999041667,49.20837524,0.0866490821,8.066145561e-06,2384668.234,19.23508109,19.68853563,0.4534545369,-2.194859405e-09
72660,49.99591667,0.04999041667,49.21037246,0.08655743412,8.045979907e-06,2384663.521,19.18695478,19.63860521,0.4516504413,-2.204632921e-09
72720,49.99591667,0.04999041667,49.21236215,0.08646612673,8.025889196e-06,2384658.825,19.1390075,19.58886286,0.4498553567,2.246807185e-10
72780,49.99591667,0.04999041667,49.21434436,0.08637515835,8.005873077e-06,2384654.147,19.09123843,19.53930767,0.4480692376,5.656737301e-10
72840,49.99591667,0.04999041667,49.21631912,0.08628452737,7.985931198e-06,2384649.487,19.04364673,19.48993877,0.4462920343,-1.856896858e-10
72900,49.99591667,0.04999041667,49.21828646,0.08619423223,7.966063214e-06,2384644.844,18.99623157,19.44075526,0.4445236924,1.307032704e-09
72960,49.99591667,0.04999041667,49.22024642,0.08610427134,7.946268778e-06,2384640.218,18.94899212,19.39175628,0.4427641712,-2.258310872e-09
73020,49.99591667,0.04999041667,49.22219903,0.08601464315,7.926547547e-06,2384635.61,18.90192755,19.34294096,0.441013412,-2.719350078e-09
73080,49.99591667,0.04999041667,49.22414433,0.0859253461,7.906899178e-06,2384631.019,18.85503705,19.29430841,0.4392713698,-3.183842523e-09
73140,49.99591667,0.04999041667,49.22608235,0.08583637865,7.887323331e-06,2384626.446,18.8083198,19.24585779,0.4375379905,1.384371728e-09
73200,49.99591667,0.04999041667,49.22801314,0.08574773925,7.867819667e-06,2384621.889,18.761775,19.19758823,0.4358132379,-7.908091959e-10
73260,49.99591667,0.04999041667,49.22993671,0.08565942638,7.848387851e-06,2384617.349,18.71540183,19.14949889,0.4340970536,-7.710454497e-11
73320,49.99591667,0.04999041667,49.23185311,0.08557143852,7.829027546e-06,2384612.827,18.66919951,19.1015889,0.4323893928,4.019717892e-10
73380,49.99591667,0.04999041667,49.23376237,0.08548377414,7.80973842e-06,2384608.321,18.62316722,19.05385743,0.4306902061,1.89981364e-09
73440,49.99591667,0.04999041667,49.23566452,0.08539643175,7.790520142e-06,2384603.832,18.57730418,19.00630363,0.4289994529,-1.816271578e-09
73500,49.99591667,0.04999041667,49.2375596,0.08530940985,7.771372381e-06,2384599.359,18.5316096,18.95892668,0.4273170753,-1.581454967e-10
73560,49.99591667,0.04999041667,49.23944764,0.08522270693,7.75229481e-06,2384594.904,18.48608269,18.91172573,0.425643033,1.132338667e-09
73620,49.99591667,0.04999041667,49.24132867,0.08513632154,7.733287102e-06,2384590.464,18.44072268,18.86469996,0.423977281,-2.042177982e-09
73680,49.99591667,0.04999041667,49.24320272,0.08505025218,7.714348933e-06,2384586.042,18.39552879,18.81784855,0.4223197661,-1.242764114e-09
73740,49.99591667,0.04999041667,49.24506984,0.08496449738,7.69547998e-06,2384581.635,18.35050024,18.77117068,0.420670448,-2.711054492e-09
73800,49.99591667,0.04999041667,49.24693005,0.08487905571,7.676679923e-06,2384577.245,18.30563626,18.72466554,0.4190292733,9.222667074e-10
73860,49.99591667,0.04999041667,49.24878337,0.08479392569,7.657948441e-06,2384572.871,18.2609361,18.67833231,0.4173962063,-6.928395635e-10
73920,49.99591667,0.04999041667,49.25062986,0.08470910588,7.639285217e-06,2384568.514,18.21639899,18.63217019,0.4157711937,6.015561382e-10
73980,49.99591667,0.04999041667,49.25246953,0.08462459486,7.620689935e-06,2384564.172,18.17202418,18.58617838,0.4141541955,1.100531222e-09
74040,49.99591667,0.04999041667,49.25430242,0.08454039118,7.60216228e-06,2384559.846,18.12781092,18.54035608,0.4125451673,-2.524824794e-09
74100,49.99591667,0.04999041667,49.25612857,0.08445649344,7.58370194e-06,2384555.537,18.08375845,18.49470251,0.4109440561,-1.940989591e-10
74160,49.99591667,0.04999041667,49.25794799,0.08437290021,7.565308604e-06,2384551.243,18.03986603,18.44921686,0.4093508262,-1.453951626e-09
74220,49.99591667,0.04999041667,49.25976073,0.08428961009,7.546981962e-06,2384546.965,17.99613293,18.40389836,0.4077654249,2.96016367e-09
74280,49.99591667,0.04999041667,49.26156682,0.08420662168,7.528721707e-06,2384542.702,17.9525584,18.35874623,0.4061878208,3.511182456e-10
74340,49.99591667,0.04999041667,49.26336628,0.08412393359,7.510527532e-06,2384538.456,17.90914172,18.31375968,0.4046179613,-1.484043111e-09
74400,49.99591667,0.04999041667,49.26515915,0.08404154443,7.492399132e-06,2384534.224,17.86588215,18.26893796,0.4030558022,-1.000117322e-09
74460,49.99591667,0.04999041667,49.26694546,0.08395945283,7.474336206e-06,2384530.009,17.82277898,18.22428028,0.4015012994,3.24194005e-09
74520,49.99591667,0.04999041667,49.26872523,0.08387765742,7.45633845e-06,2384525.808,17.77983147,18.17978589,0.3999544221,-2.18904006e-09
74580,49.99591667,0.04999041667,49.27049851,0.08379615684,7.438405567e-06,2384521.624,17.73703892,18.13545403,0.3984151089,2.430677881e-09
74640,49.99591667,0.04999041667,49.27226531,0.08371494972,7.420537256e-06,2384517.454,17.6944006,18.09128394,0.3968833334,9.343850138e-10
74700,49.99591667,0.04999041667,49.27402567,0.08363403473,7.402733223e-06,2384513.299,17.65191582,18.04727487,0.3953590472,-2.028958335e-09
74760,49.99591667,0.04999041667,49.27577962,0.08355341052,7.384993171e-06,2384509.16,17.60958386,18.00342607,0.3938422067,-3.536065663e-09
74820,49.99591667,0.04999041667,49.27752719,0.08347307575,7.367316807e-06,2384505.036,17.56740403,17.95973679,0.392332768,-1.216537981e-09
74880,49.99591667,0.04999041667,49.27926841,0.08339302911,7.34970384e-06,2384500.927,17.52537562,17.91620631,0.3908306961,-2.235189811e-09
74940,49.99591667,0.04999041667,49.28100331,0.08331326927,7.332153978e-06,2384496.832,17.48349793,17.87283388,0.389335943,-3.689990535e-10
75000,49.99591667,0.04999041667,49.28273192,0.08323379491,7.314666934e-06,2384492.753,17.44177029,17.82961877,0.3878484739,-1.067942179e-09
75060,49.99591667,0.04999041667,49.28445426,0.08315460474,7.297242419e-06,2384488.688,17.400192,17.78656025,0.3863682451,-1.698339247e-09
75120,49.99591667,0.04999041667,49.28617036,0.08307569745,7.279880148e-06,2384484.638,17.35876238,17.74365759,0.3848952173,-3.725261877e-09
75180,49.99591667,0.04999041667,49.28788026,0.08299707175,7.262579837e-06,2384480.603,17.31748075,17.70091009,0.3834293429,-2.021423029e-10
75240,49.99591667,0.04999041667,49.28958399,0.08291872636,7.245341202e-06,2384476.582,17.27634642,17.65831701,0.3819705913,-3.787370417e-10
75300,49.99591667,0.04999041667,49.29128156,0.08284065999,7.228163962e-06,2384472.576,17.23535874,17.61587766,0.3805189192,-5.686331406e-10
75360,49.99591667,0.04999041667,49.29297301,0.08276287138,7.211047838e-06,2384468.584,17.19451703,17.57359131,0.3790742875,-2.195253757e-09
75420,49.99591667,0.04999041667,49.29465838,0.08268535926,7.193992551e-06,2384464.606,17.15382062,17.53145727,0.3776366529,-5.803606484e-10
75480,49.99591667,0.04999041667,49.29633767,0.08260812236,7.176997824e-06,2384460.643,17.11326885,17.48947483,0.3762059808,-1.082810286e-09
75540,49.99591667,0.04999041667,49.29801094,0.08253115945,7.160063382e-06,2384456.694,17.07286106,17.44764329,0.3747822324,-3.088413081e-09
75600,49.99591667,0.04999041667,49.29967819,0.08245446927,7.14318895e-06,2384452.759,17.0325966,17.40596197,0.37336536,1.934456151e-09
75660,49.99591667,0.04999041667,49.30133946,0.08237805059,7.126374257e-06,2384448.839,16.99247482,17.36443016,0.3719553422,-3.325734355e-09
75720,49.99591667,0.04999041667,49.30299478,0.08230190217,7.10961903e-06,2384444.932,16.95249507,17.32304719,0.3705521185,2.870532256e-09
75780,49.99591667,0.04999041667,49.30464417,0.08222602279,7.092923001e-06,2384441.04,16.9126567,17.28181237,0.3691556719,2.298143897e-10
75840,49.99591667,0.04999041667,49.30628767,0.08215041122,7.076285901e-06,2384437.161,16.87295906,17.24072502,0.367765955,-2.207094951e-09
75900,49.99591667,0.04999041667,49.30792529,0.08207506626,7.059707463e-06,2384433.296,16.83340154,17.19978446,0.3663829248,8.32226732e-10
75960,49.99591667,0.04999041667,49.30955707,0.0819999867,7.043187422e-06,2384429.445,16.79398348,17.15899003,0.3650065514,1.92337879e-09
76020,49.99591667,0.04999041667,49.31118302,0.08192517134,7.026725513e-06,2384425.608,16.75470426,17.11834105,0.3636367961,3.09753645e-09
76080,49.99591667,0.04999041667,49.31280319,0.08185061899,7.010321475e-06,2384421.784,16.71556324,17.07783687,0.3622736247,-6.810552122e-12
76140,49.99591667,0.04999041667,49.31441759,0.08177632845,6.993975045e-06,2384417.974,16.67655981,17.03747681,0.3609169988,-4.363485573e-09
76200,49.99591667,0.04999041667,49.31602626,0.08170229855,6.977685964e-06,2384414.178,16.63769334,16.99726021,0.3595668755,-3.820094463e-09
76260,49.99591667,0.04999041667,49.31762921,0.08162852811,6.961453974e-06,2384410.395,16.59896322,16.95718644,0.3582232206,-6.935252372e-10
76320,49.99591667,0.04999041667,49.31922647,0.08155501596,6.945278816e-06,2384406.626,16.56036883,16.91725483,0.3568860046,-2.514802588e-09
76380,49.99591667,0.04999041667,49.32081808,0.08148176094,6.929160236e-06,2384402.869,16.52190955,16.87746473,0.3555551846,-1.223583013e-09
76440,49.99591667,0.04999041667,49.32240405,0.08140876189,6.913097978e-06,2384399.126,16.48358478,16.83781551,0.3542307267,6.215188364e-10
76500,49.99591667,0.04999041667,49.32398441,0.08133601767,6.897091791e-06,2384395.397,16.44539392,16.79830652,0.3529126012,-2.082924055e-09
76560,49.99591667,0.04999041667,49.32555918,0.08126352713,6.881141421e-06,2384391.68,16.40733635,16.75893712,0.3516007655,-3.291294348e-09
76620,49.99591667,0.04999041667,49.3271284,0.08119128912,6.865246618e-06,2384387.977,16.3694115,16.71970668,0.3502951858,-2.942723398e-09
76680,49.99591667,0.04999041667,49.32869208,0.08111930253,6.849407134e-06,2384384.287,16.33161874,16.68061457,0.3489958282,-2.645279551e-09
76740,49.99591667,0.04999041667,49.33025026,0.08104756621,6.833622719e-06,2384380.609,16.2939575,16.64166016,0.3477026544,1.587515897e-09
76800,49.99591667,0.04999041667,49.33180295,0.08097607906,6.817893129e-06,2384376.945,16.25642719,16.60284283,0.3464156395,-1.38951961e-09
76860,49.99591667,0.04999041667,49.33335019,0.08090483995,6.802218117e-06,2384373.294,16.21902721,16.56416195,0.3451347409,-1.083890311e-09
76920,49.99591667,0.04999041667,49.33489199,0.08083384778,6.786597439e-06,2384369.655,16.18175699,16.52561692,0.343859925,8.772254034e-10
76980,49.99591667,0.04999041667,49.33642838,0.08076310144,6.771030854e-06,2384366.029,16.14461595,16.48720711,0.3425911623,2.711999514e-10
77040,49.99591667,0.04999041667,49.33795939,0.08069259984,6.755518118e-06,2384362.416,16.1076035,16.44893192,0.3413284149,8.781135818e-10
77100,49.99591667,0.04999041667,49.33948504,0.08062234188,6.740058993e-06,2384358.815,16.07071908,16.41079073,0.3400716534,-1.685105389e-09
77160,49.99591667,0.04999041667,49.34100535,0.08055232649,6.724653239e-06,2384355.227,16.0339621,16.37278294,0.33882084,-1.468482225e-09
77220,49.99591667,0.04999041667,49.34252035,0.08048255257,6.709300618e-06,2384351.652,15.99733201,16.33490796,0.337575941,1.438655417e-09
77280,49.99591667,0.04999041667,49.34403006,0.08041301905,6.694000895e-06,2384348.089,15.96082824,16.29716517,0.3363369316,-1.894857604e-09
77340,49.99591667,0.04999041667,49.34553451,0.08034372488,6.678753834e-06,2384344.539,15.92445023,16.259554,0.3351037696,-6.793676732e-11
77400,49.99591667,0.04999041667,49.34703371,0.08027466897,6.663559201e-06,2384341,15.88819741,16.22207384,0.3338764259,2.061021576e-09
77460,49.99591667,0.04999041667,49.3485277,0.08020585028,6.648416763e-06,2384337.475,15.85206923,16.18472411,0.3326548757,-3.060744547e-09
77520,49.99591667,0.04999041667,49.3500165,0.08013726776,6.633326289e-06,2384333.961,15.81606514,16.14750422,0.3314390725,-8.209841695e-10
77580,49.99591667,0.04999041667,49.35150012,0.08006892035,6.618287548e-06,2384330.46,15.78018459,16.11041358,0.3302289916,1.076433165e-09
77640,49.99591667,0.04999041667,49.3529786,0.08000080701,6.603300312e-06,2384326.971,15.74442703,16.07345163,0.3290246041,1.778809988e-09
77700,49.99591667,0.04999041667,49.35445196,0.07993292672,6.588364352e-06,2384323.493,15.70879191,16.03661779,0.3278258766,1.659561377e-09
77760,49.99591667,0.04999041667,49.35592021,0.07986527843,6.573479443e-06,2384320.028,15.67327869,15.99991147,0.32663278,-2.508770081e-09
77820,49.99591667,0.04999041667,49.35738338,0.07979786113,6.558645357e-06,2384316.575,15.63788684,15.96333211,0.3254452725,1.283837037e-09
77880,49.99591667,0.04999041667,49.3588415,0.07973067379,6.543861872e-06,2384313.134,15.60261581,15.92687914,0.3242633338,1.68039449e-09
77940,49.99591667,0.04999041667,49.36029459,0.0796637154,6.529128764e-06,2384309.705,15.56746507,15.89055201,0.3230869351,-2.167107382e-09
78000,49.99591667,0.04999041667,49.36174266,0.07959698496,6.51444581e-06,2384306.287,15.5324341,15.85435014,0.3219160344,-6.856843981e-10
78060,49.99591667,0.04999041667,49.36318575,0.07953048145,6.49981279e-06,2384302.882,15.49752237,15.81827297,0.3207506073,1.93950811e-09
78120,49.99591667,0.04999041667,49.36462387,0.07946420388,6.485229484e-06,2384299.488,15.46272934,15.78231996,0.319590625,2.068398786e-09
78180,49.99591667,0.04999041667,49.36605704,0.07939815126,6.470695674e-06,2384296.105,15.4280545,15.74649055,0.3184360586,7.878373509e-10
78240,49.99591667,0.04999041667,49.3674853,0.07933232259,6.456211143e-06,2384292.735,15.39349732,15.7107842,0.3172868752,3.805098459e-10
78300,49.99591667,0.04999041667,49.36890865,0.0792667169,6.441775673e-06,2384289.376,15.3590573,15.67520034,0.3161430459,-9.845138038e-10
78360,49.99591667,0.04999041667,49.37032713,0.07920133321,6.42738905e-06,2384286.028,15.32473391,15.63973845,0.3150045377,1.104595526e-09
78420,49.99591667,0.04999041667,49.37174075,0.07913617054,6.41305106e-06,2384282.692,15.29052664,15.60439797,0.3138713307,-2.084231454e-09
78480,49.99591667,0.04999041667,49.37314953,0.07907122792,6.398761489e-06,2384279.367,15.25643499,15.56917838,0.3127433832,8.604228441e-10
78540,49.99591667,0.04999041667,49.3745535,0.0790065044,6.384520127e-06,2384276.054,15.22245845,15.53407913,0.3116206752,6.038334277e-10
78600,49.99591667,0.04999041667,49.37595268,0.07894199902,6.370326762e-06,2384272.752,15.18859652,15.49909969,0.3105031738,2.540243571e-09
78660,49.99591667,0.04999041667,49.37734709,0.07887771081,6.356181184e-06,2384269.461,15.15484869,15.46423954,0.3093908548,3.039772878e-10
78720,49.99591667,0.04999041667,49.37873674,0.07881363885,6.342083186e-06,2384266.181,15.12121446,15.42949814,0.3082836852,4.707256807e-10
78780,49.99591667,0.04999041667,49.38012167,0.07874978217,6.328032559e-06,2384262.913,15.08769334,15.39487498,0.3071816366,1.466869293e-09
78840,49.99591667,0.04999041667,49.38150189,0.07868613985,6.314029097e-06,2384259.656,15.05428484,15.36036953,0.3060846847,2.771116669e-11
78900,49.99591667,0.04999041667,49.38287742,0.07862271095,6.300072595e-06,2384256.409,15.02098846,15.32598126,0.3049928011,-2.57912447e-09
78960,49.99591667,0.04999041667,49.38424828,0.07855949455,6.286162849e-06,2384253.174,14.98780373,15.29170968,0.3039059487,1.701332408e-09
79020,49.99591667,0.04999041667,49.3856145,0.07849648971,6.272299655e-06,2384249.95,14.95473014,15.25755425,0.3028241121,1.758881041e-09
79080,49.99591667,0.04999041667,49.38697609,0.07843369552,6.258482812e-06,2384246.736,14.92176722,15.22351448,0.3017472628,-1.692614049e-09
79140,49.99591667,0.04999041667,49.38833307,0.07837111107,6.244712117e-06,2384243.534,14.88891449,15.18958985,0.3006753637,2.949800404e-10
79200,49.99591667,0.04999041667,49.38968547,0.07830873545,6.230987372e-06,2384240.342,14.85617146,15.15577986,0.2996083996,-3.263945558e-09
79260,49.99591667,0.04999041667,49.39103331,0.07824656775,6.217308376e-06,2384237.161,14.82353767,15.122084,0.2985463291,8.337028845e-10
79320,49.99591667,0.04999041667,49.3923766,0.07818460708,6.203674933e-06,2384233.991,14.79101265,15.08850179,0.2974891411,-1.244153225e-09
79380,49.99591667,0.04999041667,49.39371536,0.07812285253,6.190086845e-06,2384230.832,14.75859591,15.0550327,0.2964367988,-1.304934827e-09
79440,49.99591667,0.04999041667,49.39504962,0.07806130321,6.176543915e-06,2384227.683,14.72628699,15.02167627,0.2953892782,2.74523515e-10
79500,49.99591667,0.04999041667,49.39637939,0.07799995825,6.16304595e-06,2384224.545,14.69408542,14.98843198,0.2943465553,-1.062057109e-09
79560,49.99591667,0.04999041667,49.39770469,0.07793881676,6.149592755e-06,2384221.417,14.66199075,14.95529935,0.293308602,-2.052823689e-09
79620,49.99591667,0.04999041667,49.39902555,0.07787787786,6.136184137e-06,2384218.3,14.63000251,14.9222779,0.29227539,-1.028977792e-09
79680,49.99591667,0.04999041667,49.40034198,0.07781714068,6.122819904e-06,2384215.193,14.59812024,14.88936714,0.2912468954,1.019783369e-09
79740,49.99591667,0.04999041667,49.401654,0.07775660435,6.109499866e-06,2384212.097,14.56634348,14.85656658,0.2902230988,-3.723259923e-09
79800,49.99591667,0.04999041667,49.40296164,0.07769626801,6.096223831e-06,2384209.011,14.53467179,14.82387575,0.2892039634,-3.064789311e-09
79860,49.99591667,0.04999041667,49.4042649,0.0776361308,6.082991612e-06,2384205.935,14.5031047,14.79129417,0.2881894696,-1.982694897e-09
79920,49.99591667,0.04999041667,49.40556381,0.07757619186,6.06980302e-06,2384202.869,14.47164178,14.75882137,0.2871795937,-3.552562688e-09
79980,49.99591667,0.04999041667,49.40685839,0.07751645035,6.056657868e-06,2384199.814,14.44028256,14.72645687,0.2861743034,1.773212688e-10
80040,49.99591667,0.04999041667,49.40814866,0.07745690542,6.04355597e-06,2384196.769,14.40902662,14.6942002,0.2851735834,-4.469065118e-10
80100,49.99591667,0.04999041667,49.40943463,0.07739755622,6.03049714e-06,2384193.734,14.3778735,14.6620509,0.2841774058,-2.683519185e-09
80160,49.99591667,0.04999041667,49.41071633,0.07733840192,6.017481195e-06,2384190.709,14.34682276,14.6300085,0.2831857426,-2.106085972e-09
80220,49.99591667,0.04999041667,49.41199377,0.07727944169,6.004507951e-06,2384187.695,14.31587397,14.59807254,0.28219857,-9.686722535e-10
80280,49.99591667,0.04999041667,49.41326696,0.0772206747,5.991577226e-06,2384184.69,14.28502669,14.56624256,0.2812158687,-4.234857798e-09
80340,49.99591667,0.04999041667,49.41453594,0.07716210012,5.978688839e-06,2384181.695,14.25428049,14.5345181,0.2802376021,2.252205533e-09
80400,49.99591667,0.04999041667,49.41580072,0.07710371713,5.965842608e-06,2384178.71,14.22363494,14.5028987,0.2792637639,-1.086506884e-09
80460,49.99591667,0.04999041667,49.41706131,0.07704552492,5.953038355e-06,2384175.735,14.1930896,14.47138392,0.2782943175,-1.308482211e-10
80520,49.99591667,0.04999041667,49.41831773,0.07698752268,5.940275901e-06,2384172.77,14.16264405,14.43997329,0.2773292437,-6.108518136e-10
80580,49.99591667,0.04999041667,49.41957001,0.07692970959,5.927555067e-06,2384169.815,14.13229787,14.40866638,0.2763685145,2.404737742e-09
80640,49.99591667,0.04999041667,49.42081816,0.07687208486,5.914875678e-06,2384166.869,14.10205063,14.37746274,0.275412115,2.005773325e-10
80700,49.99591667,0.04999041667,49.42206219,0.07681464768,5.902237557e-06,2384163.933,14.07190191,14.34636192,0.2744600131,1.271237338e-09
80760,49.99591667,0.04999041667,49.42330213,0.07675739726,5.889640529e-06,2384161.007,14.04185129,14.31536349,0.2735121939,-8.05300715e-10
80820,49.99591667,0.04999041667,49.42453799,0.0767003328,5.87708442e-06,2384158.09,14.01189837,14.28446699,0.2725686253,8.221778813e-10
80880,49.99591667,0.04999041667,49.42576979,0.07664345353,5.864569057e-06,2384155.183,13.98204272,14.25367201,0.2716292924,-1.586650811e-09
80940,49.99591667,0.04999041667,49.42699754,0.07658675865,5.852094268e-06,2384152.286,13.95228392,14.22297809,0.2706941675,-1.995701382e-09
81000,49.99591667,0.04999041667,49.42822127,0.07653024739,5.83965988e-06,2384149.398,13.92262159,14.19238481,0.269763227,-7.072209485e-10
81060,49.99591667,0.04999041667,49.429441,0.07647391897,5.827265723e-06,2384146.519,13.89305529,14.16189174,0.268836452,-6.273594977e-10
81120,49.99591667,0.04999041667,49.43065673,0.07641777262,5.814911628e-06,2384143.65,13.86358464,14.13149845,0.2679138189,-1.364615088e-10
81180,49.99591667,0.04999041667,49.43186849,0.07636180757,5.802597426e-06,2384140.79,13.83420921,14.10120452,0.2669953044,1.116598369e-09
81240,49.99591667,0.04999041667,49.43307629,0.07630602306,5.790322948e-06,2384137.94,13.80492863,14.07100952,0.2660808895,-2.443734104e-11
81300,49.99591667,0.04999041667,49.43428015,0.07625041833,5.778088028e-06,2384135.099,13.77574247,14.04091302,0.2651705507,-1.029553331e-09
81360,49.99591667,0.04999041667,49.43548008,0.07619499262,5.765892498e-06,2384132.267,13.74665035,14.01091462,0.2642642605,1.520701787e-09
81420,49.99591667,0.04999041667,49.43667611,0.07613974518,5.753736194e-06,2384129.444,13.71765188,13.98101388,0.2633620083,-6.178471068e-10
81480,49.99591667,0.04999041667,49.43786825,0.07608467527,5.741618951e-06,2384126.631,13.68874665,13.95121041,0.2624637667,-3.023028938e-09
81540,49.99591667,0.04999041667,49.43905652,0.07602978213,5.729540605e-06,2384123.827,13.65993427,13.92150378,0.261569508,7.086651266e-10
81600,49.99591667,0.04999041667,49.44024092,0.07597506502,5.717500993e-06,2384121.031,13.63121436,13.89189358,0.2606792219,-1.352361778e-09
81660,49.99591667,0.04999041667,49.44142149,0.07592052322,5.705499952e-06,2384118.245,13.60258653,13.86237941,0.2597928808,-5.022275928e-10
81720,49.99591667,0.04999041667,49.44259823,0.07586615598,5.693537322e-06,2384115.468,13.5740504,13.83296086,0.2589104657,-1.284222506e-09
81780,49.99591667,0.04999041667,49.44377117,0.07581196258,5.681612942e-06,2384112.7,13.54560557,13.80363752,0.2580319534,1.038511499e-10
81840,49.99591667,0.04999041667,49.44494031,0.07575794229,5.669726651e-06,2384109.941,13.51725167,13.774409,0.2571573294,-3.292782935e-09
81900,49.99591667,0.04999041667,49.44610567,0.07570409438,5.657878292e-06,2384107.191,13.48898832,13.74527488,0.2562865575,4.457843872e-09
81960,49.99591667,0.04999041667,49.44726728,0.07565041815,5.646067706e-06,2384104.449,13.46081514,13.71623478,0.2554196404,-8.007994268e-11
82020,49.99591667,0.04999041667,49.44842514,0.07559691286,5.634294735e-06,2384101.717,13.43273175,13.68728829,0.2545565419,-1.373418712e-09
82080,49.99591667,0.04999041667,49.44957927,0.07554357783,5.622559224e-06,2384098.993,13.40473778,13.65843503,0.2536972433,-7.835811999e-10
82140,49.99591667,0.04999041667,49.45072968,0.07549041232,5.610861015e-06,2384096.278,13.37683286,13.62967459,0.2528417257,3.840714413e-10
82200,49.99591667,0.04999041667,49.4518764,0.07543741564,5.599199955e-06,2384093.572,13.34901662,13.60100659,0.2519899704,9.022471659e-10
82260,49.99591667,0.04999041667,49.45301944,0.0753845871,5.587575889e-06,2384090.874,13.32128869,13.57243064,0.2511419584,-6.221423376e-10
82320,49.99591667,0.04999041667,49.45415881,0.07533192598,5.575988664e-06,2384088.185,13.29364869,13.54394636,0.2502976667,-1.797673121e-10
82380,49.99591667,0.04999041667,49.45529453,0.0752794316,5.564438126e-06,2384085.505,13.26609628,13.51555336,0.2494570765,5.013891524e-10
82440,49.99591667,0.04999041667,49.45642662,0.07522710327,5.552924125e-06,2384082.833,13.23863108,13.48725125,0.2486201691,1.077161471e-09
82500,49.99591667,0.04999041667,49.45755508,0.0751749403,5.541446508e-06,2384080.17,13.21125273,13.45903966,0.2477869257,3.344897692e-10
82560,49.99591667,0.04999041667,49.45867994,0.07512294201,5.530005126e-06,2384077.515,13.18396088,13.43091821,0.2469573277,-1.867975996e-09
82620,49.99591667,0.04999041667,49.45980121,0.07507110771,5.518599828e-06,2384074.869,13.15675516,13.40288651,0.2461313519,-1.405874528e-09
82680,49.99591667,0.04999041667,49.4609189,0.07501943674,5.507230467e-06,2384072.231,13.12963523,13.37494421,0.2453089796,6.943317032e-10
82740,49.99591667,0.04999041667,49.46203303,0.07496792841,5.495896893e-06,2384069.602,13.10260072,13.34709091,0.2444901922,3.778056978e-09
82800,49.99591667,0.04999041667,49.46314362,0.07491658205,5.484598959e-06,2384066.981,13.07565128,13.31932626,0.2436749796,-4.860023495e-10
82860,49.99591667,0.04999041667,49.46425067,0.07486539701,5.473336519e-06,2384064.368,13.04878657,13.29164988,0.2428633103,7.75377984e-10
82920,49.99591667,0.04999041667,49.46535421,0.07481437261,5.462109427e-06,2384061.764,13.02200624,13.26406141,0.2420551741,-1.501119229e-09
82980,49.99591667,0.04999041667,49.46645425,0.0747635082,5.450917537e-06,2384059.168,12.99530993,13.23656047,0.2412505439,2.449496606e-09
83040,49.99591667,0.04999041667,49.4675508,0.07471280312,5.439760705e-06,2384056.58,12.9686973,13.20914672,0.2404494138,-1.298225527e-09
83100,49.99591667,0.04999041667,49.46864388,0.07466225671,5.428638787e-06,2384054,12.94216802,13.18181977,0.2396517525,4.184794733e-10
83160,49.99591667,0.04999041667,49.4697335,0.07461186833,5.41755164e-06,2384051.429,12.91572173,13.15457928,0.2388575499,8.133635987e-10
83220,49.99591667,0.04999041667,49.47081967,0.07456163733,5.406499122e-06,2384048.866,12.8893581,13.12742489,0.2380667874,-1.093582114e-09
83280,49.99591667,0.04999041667,49.47190242,0.07451156306,5.395481091e-06,2384046.31,12.86307679,13.10035623,0.2372794421,1.013642503e-10
83340,49.99591667,0.04999041667,49.47298175,0.07446164489,5.384497406e-06,2384043.763,12.83687746,13.07337296,0.2364955041,-2.714784841e-09
83400,49.99591667,0.04999041667,49.47405768,0.07441188218,5.373547926e-06,2384041.224,12.81075977,13.04647472,0.2357149462,-2.456852499e-09
83460,49.99591667,0.04999041667,49.47513022,0.07436227428,5.362632513e-06,2384038.693,12.78472341,13.01966116,0.2349377541,-6.883755788e-10
83520,49.99591667,0.04999041667,49.47619939,0.07431282058,5.351751027e-06,2384036.169,12.75876802,12.99293193,0.2341639138,-7.311733441e-10
83580,49.99591667,0.04999041667,49.4772652,0.07426352044,5.34090333e-06,2384033.654,12.73289328,12.96628669,0.2333934065,-2.163780266e-09
83640,49.99591667,0.04999041667,49.47832766,0.07421437324,5.330089285e-06,2384031.147,12.70709887,12.93972508,0.2326262139,-3.985688224e-09
83700,49.99591667,0.04999041667,49.4793868,0.07416537836,5.319308754e-06,2384028.647,12.68138445,12.91324677,0.2318623132,-5.653930657e-10
83760,49.99591667,0.04999041667,49.48044261,0.07411653517,5.308561602e-06,2384026.155,12.65574971,12.8868514,0.2311016944,1.670517946e-09
83820,49.99591667,0.04999041667,49.48149512,0.07406784307,5.297847693e-06,2384023.672,12.63019431,12.86053865,0.2303443433,-1.282465689e-09
83880,49.99591667,0.04999041667,49.48254434,0.07401930143,5.287166892e-06,2384021.195,12.60471793,12.83430817,0.2295902331,1.508309921e-09
83940,49.99591667,0.04999041667,49.48359028,0.07397090966,5.276519066e-06,2384018.727,12.57932027,12.80815962,0.2288393537,1.460893628e-09
84000,49.99591667,0.04999041667,49.48463296,0.07392266713,5.26590408e-06,2384016.266,12.55400098,12.78209267,0.228091691,-1.943874395e-09
84060,49.99591667,0.04999041667,49.48567239,0.07387457326,5.255321802e-06,2384013.813,12.52875977,12.75610699,0.2273472181,5.126530311e-10
84120,49.99591667,0.04999041667,49.48670858,0.07382662743,5.244772099e-06,2384011.368,12.50359631,12.73020223,0.226605925,1.908761149e-09
84180,49.99591667,0.04999041667,49.48774154,0.07377882905,5.23425484e-06,2384008.93,12.47851028,12.70437808,0.2258678021,-3.340135279e-09
84240,49.99591667,0.04999041667,49.4887713,0.07373117753,5.223769895e-06,2384006.5,12.45350138,12.6786342,0.225132818,-1.242627334e-09
84300,49.99591667,0.04999041667,49.48979786,0.07368367227,5.213317132e-06,2384004.077,12.4285693,12.65297026,0.2244009629,1.6968702e-09
84360,49.99591667,0.04999041667,49.49082123,0.07363631269,5.202896423e-06,2384001.662,12.40371372,12.62738595,0.2236722271,-8.328626677e-11
84420,49.99591667,0.04999041667,49.49184143,0.07358909819,5.192507637e-06,2383999.254,12.37893433,12.60188092,0.2229465879,-1.402757022e-09
84480,49.99591667,0.04999041667,49.49285847,0.0735420282,5.182150648e-06,2383996.854,12.35423084,12.57645487,0.2222240312,-3.060735665e-09
84540,49.99591667,0.04999041667,49.49387237,0.07349510213,5.171825327e-06,2383994.461,12.32960293,12.55110747,0.2215045344,1.779286052e-09
84600,49.99591667,0.04999041667,49.49488313,0.07344831941,5.161531546e-06,2383992.076,12.30505031,12.5258384,0.2207880964,-2.090109419e-09
84660,49.99591667,0.04999041667,49.49589077,0.07340167946,5.151269181e-06,2383989.698,12.28057266,12.50064734,0.220074686,6.860929602e-10
84720,49.99591667,0.04999041667,49.49689531,0.07335518171,5.141038103e-06,2383987.327,12.25616969,12.47553399,0.2193642977,7.664695545e-10
84780,49.99591667,0.04999041667,49.49789675,0.07330882558,5.13083819e-06,2383984.964,12.2318411,12.45049801,0.2186569132,-1.025188823e-10
84840,49.99591667,0.04999041667,49.4988951,0.07326261053,5.120669315e-06,2383982.608,12.20758659,12.4255391,0.2179525143,1.064059063e-09
84900,49.99591667,0.04999041667,49.49989039,0.07321653597,5.110531354e-06,2383980.259,12.18340586,12.40065695,0.2172510912,1.852207276e-10
84960,49.99591667,0.04999041667,49.50088262,0.07317060135,5.100424185e-06,2383977.917,12.15929863,12.37585125,0.2165526258,-2.188691894e-09
85020,49.99591667,0.04999041667,49.5018718,0.07312480611,5.090347685e-06,2383975.583,12.13526459,12.35112169,0.215857104,-4.627183969e-09
85080,49.99591667,0.04999041667,49.50285795,0.07307914969,5.08030173e-06,2383973.255,12.11130345,12.32646796,0.2151645032,-1.665188876e-09
85140,49.99591667,0.04999041667,49.50384108,0.07303363155,5.0702862e-06,2383970.935,12.08741493,12.30188975,0.2144748139,2.132930277e-09
85200,49.99591667,0.04999041667,49.5048212,0.07298825113,5.060300974e-06,2383968.622,12.06359874,12.27738677,0.2137880264,2.072388483e-09
85260,49.99591667,0.04999041667,49.50579832,0.07294300788,5.05034593e-06,2383966.316,12.03985458,12.2529587,0.2131041225,3.113793667e-10
85320,49.99591667,0.04999041667,49.50677246,0.07289790127,5.04042095e-06,2383964.017,12.01618217,12.22860526,0.2124230839,7.660077017e-10
85380,49.99591667,0.04999041667,49.50774362,0.07285293074,5.030525913e-06,2383961.725,11.99258123,12.20432613,0.2117449011,-2.632507545e-10
85440,49.99591667,0.04999041667,49.50871183,0.07280809575,5.020660701e-06,2383959.44,11.96905147,12.18012103,0.2110695558,-1.291455831e-09
85500,49.99591667,0.04999041667,49.50967708,0.07276339578,5.010825196e-06,2383957.162,11.94559261,12.15598965,0.2103970342,-1.197770771e-09
85560,49.99591667,0.04999041667,49.5106394,0.07271883028,5.00101928e-06,2383954.891,11.92220437,12.13193169,0.2097273223,-1.36693501e-09
85620,49.99591667,0.04999041667,49.51159879,0.07267439873,4.991242836e-06,2383952.627,11.89888647,12.10794688,0.2090604064,-1.15556098e-09
85680,49.99591667,0.04999041667,49.51255527,0.07263010059,4.981495748e-06,2383950.37,11.87563863,12.0840349,0.2083962725,-2.561749923e-09
85740,49.99591667,0.04999041667,49.51350885,0.07258593534,4.9717779e-06,2383948.119,11.85246057,12.06019548,0.2077349025,-1.997761956e-10
85800,49.99591667,0.04999041667,49.51445953,0.07254190245,4.962089177e-06,2383945.875,11.82935203,12.03642831,0.2070762911,-3.377554236e-09
85860,49.99591667,0.04999041667,49.51540734,0.07249800141,4.952429463e-06,2383943.639,11.80631271,12.01273313,0.2064204116,6.506351014e-10
85920,49.99591667,0.04999041667,49.51635228,0.07245423168,4.942798644e-06,2383941.409,11.78334236,11.98910962,0.2057672631,-2.662527976e-10
85980,49.99591667,0.04999041667,49.51729437,0.07241059277,4.933196607e-06,2383939.185,11.7604407,11.96555753,0.2051168274,-2.535745836e-09
86040,49.99591667,0.04999041667,49.5182336,0.07236708414,4.923623239e-06,2383936.969,11.73760746,11.94207654,0.2044690865,-1.131905236e-09
86100,49.99591667,0.04999041667,49.51917001,0.0723237053,4.914078427e-06,2383934.759,11.71484237,11.9186664,0.2038240308,-1.476852418e-09
86160,49.99591667,0.04999041667,49.52010359,0.07228045572,4.904562058e-06,2383932.556,11.69214516,11.89532681,0.2031816465,-1.766339963e-09
86220,49.99591667,0.04999041667,49.52103437,0.07223733491,4.895074022e-06,2383930.359,11.66951557,11.87205749,0.2025419198,-2.952594613e-09
86280,49.99591667,0.04999041667,49.52196234,0.07219434236,4.885614207e-06,2383928.169,11.64695333,11.84885816,0.2019048327,3.085478539e-10
86340,49.99591667,0.04999041667,49.52288752,0.07215147756,4.876182503e-06,2383925.985,11.62445818,11.82572856,0.2012703799,-5.741185305e-12
86400,49.99591667,0.04999041667,49.52380993,0.07210874002,4.8667788e-06,2383923.809,11.60202985,11.8026684,0.2006385435,-5.821529925e-10
86460,49.99591667,0.04999041667,49.52472957,0.07206612925,4.857402989e-06,2383921.638,11.57966809,11.7796774,0.2000093138,-2.479302097e-09
86520,49.99591667,0.04999041667,49.52564645,0.07202364473,4.84805496e-06,2383919.474,11.55737263,11.7567553,0.1993826687,2.059129756e-09
86580,49.99591667,0.04999041667,49.52656059,0.07198128599,4.838734605e-06,2383917.317,11.53514322,11.73390183,0.1987586072,9.916156785e-10
86640,49.99591667,0.04999041667,49.527472,0.07193905254,4.829441817e-06,2383915.166,11.51297959,11.7111167,0.1981371157,-4.933772502e-09
86700,49.99591667,0.04999041667,49.52838068,0.07189694387,4.820176487e-06,2383913.022,11.49088149,11.68839966,0.1975181674,-1.664638205e-09
86760,49.99591667,0.04999041667,49.52928665,0.07185495952,4.81093851e-06,2383910.884,11.46884867,11.66575043,0.1969017572,3.077243349e-09
86820,49.99591667,0.04999041667,49.53018992,0.07181309899,4.801727779e-06,2383908.752,11.44688088,11.64316876,0.1962878801,1.066615241e-09
86880,49.99591667,0.04999041667,49.53109049,0.0717713618,4.792544188e-06,2383906.626,11.42497785,11.62065436,0.195676518,-1.696003338e-09
86940,49.99591667,0.04999041667,49.53198839,0.07172974749,4.783387631e-06,2383904.507,11.40313933,11.59820699,0.1950676529,2.027942259e-10
87000,49.99591667,0.04999041667,49.53288361,0.07168825555,4.774258002e-06,2383902.395,11.38136508,11.57582637,0.1944612841,-1.048606535e-09
87060,49.99591667,0.04999041667,49.53377618,0.07164688553,4.7651552e-06,2383900.288,11.35965486,11.55351224,0.1938573891,-3.445348895e-09
87120,49.99591667,0.04999041667,49.53466609,0.07160563696,4.756079121e-06,2383898.188,11.3380084,11.53126435,0.1932559502,2.023256229e-09
87180,49.99591667,0.04999041667,49.53555337,0.07156450937,4.74702966e-06,2383896.094,11.31642546,11.50908243,0.1926569707,-4.010658472e-11
87240,49.99591667,0.04999041667,49.53643802,0.07152350228,4.738006714e-06,2383894.006,11.29490581,11.48696624,0.1920604285,9.697824765e-10
87300,49.99591667,0.04999041667,49.53732005,0.07148261523,4.729010181e-06,2383891.925,11.27344918,11.4649155,0.1914663183,-2.54801158e-09
87360,49.99591667,0.04999041667,49.53819947,0.07144184776,4.72003996e-06,2383889.849,11.25205535,11.44292997,0.1908746181,6.199201152e-10
87420,49.99591667,0.04999041667,49.53907629,0.07140119941,4.711095948e-06,2383887.78,11.23072406,11.42100939,0.190285327,-2.165970514e-09
87480,49.99591667,0.04999041667,49.53995053,0.07136066971,4.702178045e-06,2383885.717,11.20945508,11.3991535,0.1896984186,4.436216727e-09
87540,49.99591667,0.04999041667,49.54082218,0.07132025822,4.69328615e-06,2383883.66,11.18824816,11.37736206,0.1891139006,-7.859135565e-11
87600,49.99591667,0.04999041667,49.54169127,0.07127996447,4.684420164e-06,2383881.609,11.16710308,11.35563482,0.1885317508,-3.945107352e-09
87660,49.99591667,0.04999041667,49.54255781,0.07123978802,4.675579987e-06,2383879.564,11.14601958,11.33397153,0.1879519513,-1.252997706e-09
87720,49.99591667,0.04999041667,49.54342179,0.07119972842,4.666765519e-06,2383877.525,11.12499743,11.31237193,0.1873745015,-4.014420796e-09
87780,49.99591667,0.04999041667,49.54428324,0.07115978521,4.657976663e-06,2383875.492,11.10403641,11.29083578,0.186799379,-8.686846797e-10
87840,49.99591667,0.04999041667,49.54514215,0.07111995795,4.64921332e-06,2383873.465,11.08313626,11.26936284,0.186226579,1.722186838e-09
87900,49.99591667,0.04999041667,49.54599855,0.07108024619,4.640475392e-06,2383871.443,11.06229677,11.24795286,0.1856560962,-2.936950239e-09
87960,49.99591667,0.04999041667,49.54685244,0.07104064951,4.631762782e-06,2383869.428,11.04151769,11.2266056,0.1850879087,-3.119566827e-09
88020,49.99591667,0.04999041667,49.54770383,0.07100116745,4.623075394e-06,2383867.419,11.02079881,11.20532081,0.1845220071,-2.662075005e-09
88080,49.99591667,0.04999041667,49.54855274,0.07096179957,4.614413131e-06,2383865.416,11.00013988,11.18409826,0.1839583779,1.849214115e-09
88140,49.99591667,0.04999041667,49.54939916,0.07092254545,4.605775897e-06,2383863.418,10.97954067,11.16293769,0.1833970245,-3.573166651e-09
88200,49.99591667,0.04999041667,49.55024311,0.07088340465,4.597163597e-06,2383861.426,10.95900097,11.14183889,0.1828379164,-1.272319139e-09
88260,49.99591667,0.04999041667,49.5510846,0.07084437673,4.588576137e-06,2383859.44,10.93852054,11.12080159,0.1822810528,1.323794407e-10
88320,49.99591667,0.04999041667,49.55192364,0.07080546127,4.58001342e-06,2383857.46,10.91809916,11.09982558,0.1817264201,1.524576021e-09
88380,49.99591667,0.04999041667,49.55276024,0.07076665784,4.571475354e-06,2383855.486,10.8977366,11.07891061,0.1811740092,3.081320088e-09
88440,49.99591667,0.04999041667,49.55359441,0.07072796602,4.562961845e-06,2383853.517,10.87743264,11.05805646,0.1806238107,2.588103953e-09
88500,49.99591667,0.04999041667,49.55442615,0.07068938537,4.554472799e-06,2383851.554,10.85718706,11.03726287,0.1800758111,1.85270288e-09
88560,49.99591667,0.04999041667,49.55525548,0.07065091549,4.546008124e-06,2383849.597,10.83699963,11.01652964,0.1795300012,2.050022374e-10
88620,49.99591667,0.04999041667,49.55608241,0.07061255594,4.537567727e-06,2383847.646,10.81687014,10.99585651,0.1789863718,-3.672740334e-09
88680,49.99591667,0.04999041667,49.55690694,0.07057430632,4.529151517e-06,2383845.7,10.79679837,10.97524327,0.1784449007,3.062918807e-10
88740,49.99591667,0.04999041667,49.55772908,0.0705361662,4.520759402e-06,2383843.759,10.77678409,10.95468968,0.1779055917,-3.023359341e-11
88800,49.99591667,0.04999041667,49.55854885,0.07049813518,4.512391291e-06,2383841.825,10.75682709,10.93419552,0.1773684268,1.556168527e-09
88860,49.99591667,0.04999041667,49.55936624,0.07046021283,4.504047093e-06,2383839.896,10.73692715,10.91376055,0.1768334012,-9.018723546e-10
88920,49.99591667,0.04999041667,49.56018128,0.07042239876,4.495726718e-06,2383837.972,10.71708406,10.89338456,0.1763005014,-3.582961483e-09
88980,49.99591667,0.04999041667,49.56099397,0.07038469254,4.487430076e-06,2383836.054,10.69729761,10.87306732,0.1757697096,4.214726346e-10
89040,49.99591667,0.04999041667,49.56180432,0.07034709378,4.479157079e-06,2383834.142,10.67756757,10.8528086,0.1752410295,-2.344300754e-09
89100,49.99591667,0.04999041667,49.56261234,0.07030960208,4.470907636e-06,2383832.235,10.65789374,10.83260818,0.174714439,1.117896886e-10
89160,49.99591667,0.04999041667,49.56341803,0.07027221702,4.462681659e-06,2383830.333,10.63827591,10.81246584,0.1741899375,-2.723519188e-09
89220,49.99591667,0.04999041667,49.56422141,0.07023493821,4.454479061e-06,2383828.437,10.61871386,10.79238136,0.1736675073,-2.046924408e-09
89280,49.99591667,0.04999041667,49.56502249,0.07019776525,4.446299753e-06,2383826.547,10.59920739,10.77235453,0.1731471391,4.478621918e-10
89340,49.99591667,0.04999041667,49.56582126,0.07016069774,4.438143648e-06,2383824.662,10.57975628,10.75238511,0.1726288282,5.61437119e-10
89400,49.99591667,0.04999041667,49.56661775,0.07012373529,4.430010659e-06,2383822.782,10.56036033,10.7324729,0.172112561,6.631371008e-10
89460,49.99591667,0.04999041667,49.56741196,0.0700868775,4.4219007e-06,2383820.908,10.54101934,10.71261767,0.1715983326,-3.224061018e-09
89520,49.99591667,0.04999041667,49.5682039,0.07005012398,4.413813684e-06,2383819.039,10.52173309,10.69281921,0.1710861212,3.000426574e-10
89580,49.99591667,0.04999041667,49.56899357,0.07001347435,4.405749525e-06,2383817.175,10.50250139,10.67307732,0.1705759302,-2.106249397e-09
89640,49.99591667,0.04999041667,49.569781,0.06997692821,4.397708139e-06,2383815.317,10.48332402,10.65339176,0.1700677422,-2.11013429e-09
89700,49.99591667,0.04999041667,49.57056617,0.06994048518,4.389689441e-06,2383813.464,10.46420079,10.63376234,0.1695615478,8.357847747e-10
89760,49.99591667,0.04999041667,49.57134911,0.06990414487,4.381693345e-06,2383811.616,10.44513149,10.61418883,0.1690573423,-7.235456678e-10
89820,49.99591667,0.04999041667,49.57212983,0.0698679069,4.373719767e-06,2383809.774,10.42611593,10.59467104,0.1685551165,-5.058598873e-09
89880,49.99591667,0.04999041667,49.57290832,0.0698317709,4.365768624e-06,2383807.936,10.40715389,10.57520874,0.1680548485,-7.12978121e-10
89940,49.99591667,0.04999041667,49.5736846,0.06979573647,4.357839833e-06,2383806.104,10.38824519,10.55580174,0.1675565419,-1.432063357e-10
90000,49.99591667,0.04999041667,49.57445867,0.06975980325,4.349933309e-06,2383804.278,10.36938963,10.53644981,0.1670601834,7.888800724e-10
90060,49.99591667,0.04999041667,49.57523056,0.06972397086,4.342048971e-06,2383802.456,10.350587,10.51715277,0.1665657638,1.069512479e-09
90120,49.99591667,0.04999041667,49.57600025,0.06968823892,4.334186737e-06,2383800.639,10.33183711,10.49791039,0.1660732741,6.557066001e-10
90180,49.99591667,0.04999041667,49.57676777,0.06965260706,4.326346523e-06,2383798.828,10.31313977,10.47872248,0.1655827051,8.273790542e-10
90240,49.99591667,0.04999041667,49.57753311,0.06961707491,4.318528249e-06,2383797.022,10.29449478,10.45958883,0.1650940435,3.079145827e-09
90300,49.99591667,0.04999041667,49.5782963,0.0695816421,4.310731834e-06,2383795.221,10.27590194,10.44050923,0.164607293,-2.767450269e-09
90360,49.99591667,0.04999041667,49.57905733,0.06954630827,4.302957197e-06,2383793.425,10.25736107,10.4214835,0.1641224273,-1.254864657e-09
90420,49.99591667,0.04999041667,49.57981621,0.06951107305,4.295204257e-06,2383791.634,10.23887197,10.40251142,0.1636394461,5.541167525e-11
90480,49.99591667,0.04999041667,49.58057295,0.06947593607,4.287472934e-06,2383789.848,10.22043445,10.38359279,0.1631583401,1.313120279e-09
90540,49.99591667,0.04999041667,49.58132757,0.06944089697,4.279763149e-06,2383788.067,10.20204832,10.36472743,0.1626791046,-2.01172945e-09
90600,49.99591667,0.04999041667,49.58208006,0.0694059554,4.272074821e-06,2383786.291,10.18371339,10.34591511,0.1622017177,2.608285143e-09
90660,49.99591667,0.04999041667,49.58283044,0.06937111099,4.264407873e-06,2383784.52,10.16542948,10.32715566,0.1617261831,2.4253346e-09
90720,49.99591667,0.04999041667,49.58357871,0.06933636339,4.256762226e-06,2383782.754,10.14719638,10.30844887,0.1612524918,1.639772762e-10
90780,49.99591667,0.04999041667,49.58432488,0.06930171223,4.2491378e-06,2383780.993,10.12901393,10.28979455,0.1607806304,-2.932347698e-09
90840,49.99591667,0.04999041667,49.58506897,0.06926715717,4.241534519e-06,2383779.237,10.11088192,10.27119251,0.1603105856,3.149533967e-10
90900,49.99591667,0.04999041667,49.58581097,0.06923269786,4.233952305e-06,2383777.486,10.09280018,10.25264254,0.1598423569,7.726885798e-10
90960,49.99591667,0.04999041667,49.58655089,0.06919833393,4.22639108e-06,2383775.74,10.07476852,10.23414446,0.159375931,3.734522025e-09
91020,49.99591667,0.04999041667,49.58728874,0.06916406505,4.218850767e-06,2383773.999,10.05678676,10.21569807,0.1589113031,4.009029553e-09
91080,49.99591667,0.04999041667,49.58802454,0.06912989086,4.211331291e-06,2383772.262,10.03885472,10.19730319,0.1584484684,-5.681588533e-10
91140,49.99591667,0.04999041667,49.58875828,0.06909581102,4.203832574e-06,2383770.53,10.02097221,10.17895961,0.1579874052,2.775008667e-09
91200,49.99591667,0.04999041667,49.58948998,0.06906182519,4.196354542e-06,2383768.804,10.00313905,10.16066716,0.1575281213,-3.089457579e-09
91260,49.99591667,0.04999041667,49.59021964,0.06902793301,4.188897117e-06,2383767.082,9.985355057,10.14242565,0.1570705908,1.988238907e-09
91320,49.99591667,0.04999041667,49.59094727,0.06899413415,4.181460227e-06,2383765.364,9.967620061,10.12423488,0.1566148216,-1.472299616e-09
91380,49.99591667,0.04999041667,49.59167288,0.06896042828,4.174043794e-06,2383763.652,9.949933878,10.10609467,0.1561607963,-1.855575249e-09
91440,49.99591667,0.04999041667,49.59239647,0.06892681504,4.166647745e-06,2383761.944,9.932296331,10.08800484,0.1557085101,-3.352637279e-09
91500,49.99591667,0.04999041667,49.59311806,0.0688932941,4.159272007e-06,2383760.241,9.914707243,10.06996519,0.1552579454,2.673692379e-09
91560,49.99591667,0.04999041667,49.59383764,0.06885986514,4.151916504e-06,2383758.543,9.897166436,10.05197555,0.1548091145,-3.190992359e-09
91620,49.99591667,0.04999041667,49.59455524,0.0688265278,4.144581163e-06,2383756.85,9.879673737,10.03403573,0.1543619914,-2.882028838e-09
91680,49.99591667,0.04999041667,49.59527085,0.06879328177,4.137265912e-06,2383755.161,9.86222897,10.01614554,0.1539165671,3.588596087e-09
91740,49.99591667,0.04999041667,49.59598447,0.0687601267,4.129970677e-06,2383753.477,9.84483196,9.99830481,0.1534728497,1.987814358e-10
91800,49.99591667,0.04999041667,49.59669613,0.06872706228,4.122695386e-06,2383751.797,9.827482536,9.980513355,0.1530308173,1.472935551e-09
91860,49.99591667,0.04999041667,49.59740583,0.06869408817,4.115439967e-06,2383750.122,9.810180524,9.962770994,0.1525904738,-3.792150594e-09
91920,49.99591667,0.04999041667,49.59811356,0.06866120404,4.108204347e-06,2383748.452,9.792925753,9.945077548,0.1521517974,-2.033537783e-09
91980,49.99591667,0.04999041667,49.59881935,0.06862840957,4.100988456e-06,2383746.786,9.775718052,9.927432837,0.1517147833,1.900001934e-09
92040,49.99591667,0.04999041667,49.5995232,0.06859570444,4.093792221e-06,2383745.125,9.758557251,9.909836686,0.1512794355,-9.655920508e-10
92100,49.99591667,0.04999041667,49.60022511,0.06856308832,4.086615573e-06,2383743.469,9.74144318,9.892288914,0.1508457363,-2.412702926e-09
92160,49.99591667,0.04999041667,49.60092509,0.0685305609,4.079458439e-06,2383741.817,9.724375672,9.874789348,0.1504136768,-9.467058248e-10
92220,49.99591667,0.04999041667,49.60162315,0.06849812184,4.072320751e-06,2383740.169,9.707354557,9.857337811,0.1499832524,9.566107906e-10
92280,49.99591667,0.04999041667,49.6023193,0.06846577085,4.065202438e-06,2383738.526,9.69037967,9.839934128,0.1495544582,6.393285901e-11
92340,49.99591667,0.04999041667,49.60301354,0.06843350759,4.058103431e-06,2383736.888,9.673450843,9.822578126,0.1491272854,-2.091558926e-09
92400,49.99591667,0.04999041667,49.60370588,0.06840133175,4.051023659e-06,2383735.254,9.656567911,9.805269632,0.1487017208,7.691980386e-11
92460,49.99591667,0.04999041667,49.60439633,0.06836924302,4.043963054e-06,2383733.625,9.639730709,9.788008473,0.1482777638,-1.790656512e-10
92520,49.99591667,0.04999041667,49.60508489,0.06833724109,4.036921548e-06,2383732,9.622939074,9.770794477,0.1478554056,-1.775458003e-09
92580,49.99591667,0.04999041667,49.60577157,0.06830532565,4.029899071e-06,2383730.379,9.60619284,9.753627474,0.1474346372,-3.540625571e-09
92640,49.99591667,0.04999041667,49.60645637,0.06827349638,4.022895556e-06,2383728.763,9.589491847,9.736507293,0.1470154454,1.250828774e-09
92700,49.99591667,0.04999041667,49.60713932,0.06824175297,4.015910934e-06,2383727.151,9.572835931,9.719433766,0.1465978384,-3.140511851e-09
92760,49.99591667,0.04999041667,49.6078204,0.06821009513,4.008945139e-06,2383725.544,9.556224931,9.702406723,0.14618179,2.05077022e-09
92820,49.99591667,0.04999041667,49.60849963,0.06817852254,4.001998102e-06,2383723.941,9.539658688,9.685425998,0.1457673085,1.788803772e-09
92880,49.99591667,0.04999041667,49.60917701,0.06814703491,3.995069758e-06,2383722.342,9.52313704,9.668491421,0.1453543807,6.275566733e-10
92940,49.99591667,0.04999041667,49.60985255,0.06811563192,3.988160038e-06,2383720.748,9.506659829,9.651602829,0.1449430018,-2.249269215e-09
93000,49.99591667,0.04999041667,49.61052626,0.06808431327,3.981268877e-06,2383719.158,9.490226896,9.634760054,0.1445331587,-1.336193378e-09
93060,49.99591667,0.04999041667,49.61119815,0.06805307867,3.97439621e-06,2383717.572,9.473838084,9.617962932,0.1441248468,6.381188911e-10
93120,49.99591667,0.04999041667,49.61186821,0.06802192782,3.967541969e-06,2383715.991,9.457493236,9.601211299,0.1437180656,-2.252956932e-09
93180,49.99591667,0.04999041667,49.61253647,0.06799086041,3.960706089e-06,2383714.414,9.441192194,9.584504992,0.1433127978,-1.752784584e-10
93240,49.99591667,0.04999041667,49.61320291,0.06795987616,3.953888506e-06,2383712.841,9.424934804,9.567843847,0.1429090429,-1.720561471e-10
93300,49.99591667,0.04999041667,49.61386756,0.06792897476,3.947089154e-06,2383711.273,9.40872091,9.551227702,0.142506792,-3.198579179e-10
93360,49.99591667,0.04999041667,49.61453041,0.06789815592,3.940307969e-06,2383709.708,9.392550358,9.534656398,0.1421060404,-9.230767262e-10
93420,49.99591667,0.04999041667,49.61519148,0.06786741936,3.933544885e-06,2383708.148,9.376422995,9.518129773,0.1417067794,-1.313601672e-09
93480,49.99591667,0.04999041667,49.61585076,0.06783676477,3.92679984e-06,2383706.592,9.360338666,9.501647666,0.1413089999,-1.961328877e-10
93540,49.99591667,0.04999041667,49.61650827,0.06780619188,3.92007277e-06,2383705.04,9.34429722,9.48520992,0.1409127016,-2.428146573e-09
93600,49.99591667,0.04999041667,49.61716401,0.06777570038,3.91336361e-06,2383703.493,9.328298506,9.468816375,0.1405178714,-2.305293734e-09
93660,49.99591667,0.04999041667,49.61781799,0.06774529,3.906672297e-06,2383701.95,9.312342372,9.452466874,0.1401245003,2.332578575e-09
93720,49.99591667,0.04999041667,49.61847022,0.06771496044,3.89999877e-06,2383700.41,9.296428667,9.43616126,0.1397325923,5.19900567e-10
93780,49.99591667,0.04999041667,49.61912069,0.06768471142,3.893342964e-06,2383698.875,9.280557243,9.419899376,0.1393421342,-9.216947205e-10
93840,49.99591667,0.04999041667,49.61976942,0.06765454267,3.886704817e-06,2383697.344,9.26472795,9.403681067,0.1389531172,8.853362488e-11
93900,49.99591667,0.04999041667,49.62041642,0.06762445388,3.880084267e-06,2383695.817,9.248940639,9.387506178,0.1385655408,-1.931821814e-09
93960,49.99591667,0.04999041667,49.62106168,0.06759444479,3.873481253e-06,2383694.294,9.233195163,9.371374555,0.1381793919,-2.561684198e-10
94020,49.99591667,0.04999041667,49.62170522,0.06756451512,3.866895713e-06,2383692.776,9.217491375,9.355286043,0.1377946702,-2.1685711e-09
94080,49.99591667,0.04999041667,49.62234705,0.06753466457,3.860327585e-06,2383691.261,9.201829128,9.339240491,0.1374113626,9.343636975e-13
94140,49.99591667,0.04999041667,49.62298716,0.06750489289,3.853776808e-06,2383689.75,9.186208277,9.323237744,0.1370294687,-1.085515677e-09
94200,49.99591667,0.04999041667,49.62362556,0.06747519979,3.847243321e-06,2383688.244,9.170628675,9.307277653,0.1366489797,-1.748119871e-09
94260,49.99591667,0.04999041667,49.62426226,0.06744558499,3.840727064e-06,2383686.741,9.155090179,9.291360067,0.1362698866,6.782485684e-10
94320,49.99591667,0.04999041667,49.62489727,0.06741604822,3.834227977e-06,2383685.242,9.139592645,9.275484833,0.1358921934,-5.169864536e-09
94380,49.99591667,0.04999041667,49.62553059,0.06738658921,3.827745999e-06,2383683.748,9.124135929,9.259651804,0.1355158743,7.089919762e-10
94440,49.99591667,0.04999041667,49.62616223,0.06735720769,3.821281071e-06,2383682.257,9.108719888,9.243860831,0.1351409416,4.841407275e-10
94500,49.99591667,0.04999041667,49.6267922,0.06732790338,3.814833133e-06,2383680.77,9.093344381,9.228111764,0.134767378,4.966763001e-09
94560,49.99591667,0.04999041667,49.62742049,0.06729867602,3.808402126e-06,2383679.288,9.078009266,9.212404456,0.1343951916,-1.441753383e-09
94620,49.99591667,0.04999041667,49.62804712,0.06726952534,3.80198799e-06,2383677.809,9.062714401,9.196738759,0.1340243609,-2.868578264e-09
94680,49.99591667,0.04999041667,49.62867209,0.06724045107,3.795590668e-06,2383676.334,9.047459647,9.181114529,0.1336548856,-4.439220547e-09
94740,49.99591667,0.04999041667,49.6292954,0.06721145294,3.7892101e-06,2383674.863,9.032244865,9.165531619,0.1332867567,-2.14348006e-09
94800,49.99591667,0.04999041667,49.62991707,0.06718253069,3.782846228e-06,2383673.396,9.017069913,9.149989883,0.1329199697,-4.98838304e-10
94860,49.99591667,0.04999041667,49.6305371,0.06715368406,3.776498994e-06,2383671.932,9.001934656,9.134489176,0.1325545244,-3.867549836e-09
94920,49.99591667,0.04999041667,49.63115549,0.06712491279,3.770168341e-06,2383670.473,8.986838953,9.119029357,0.1321904075,-3.649549996e-09
94980,49.99591667,0.04999041667,49.63177226,0.06709621661,3.763854211e-06,2383669.017,8.971782669,9.10361028,0.1318276103,4.44403625e-10
95040,49.99591667,0.04999041667,49.63238739,0.06706759526,3.757556547e-06,2383667.566,8.956765667,9.088231804,0.1314661367,5.334168662e-10
95100,49.99591667,0.04999041667,49.63300092,0.06703904848,3.751275291e-06,2383666.118,8.941787809,9.072893786,0.1311059779,-1.433084762e-09
95160,49.99591667,0.04999041667,49.63361282,0.06701057602,3.745010387e-06,2383664.674,8.926848961,9.057596085,0.1307471208,2.655513143e-09
95220,49.99591667,0.04999041667,49.63422312,0.06698217761,3.738761778e-06,2383663.233,8.911948988,9.042338559,0.1303895694,1.559911311e-09
95280,49.99591667,0.04999041667,49.63483182,0.06695385301,3.732529408e-06,2383661.797,8.897087756,9.02712107,0.1300333149,-4.557314526e-10
95340,49.99591667,0.04999041667,49.63543893,0.06692560196,3.726313221e-06,2383660.364,8.882265129,9.011943475,0.1296783441,2.074280303e-09
95400,49.99591667,0.04999041667,49.63604444,0.0668974242,3.720113161e-06,2383658.935,8.867480976,8.99680564,0.1293246653,-1.876397704e-09
95460,49.99591667,0.04999041667,49.63664837,0.06686931948,3.713929173e-06,2383657.51,8.852735164,8.981707422,0.1289722611,-2.928230103e-09
95520,49.99591667,0.04999041667,49.63725072,0.06684128755,3.7077612e-06,2383656.088,8.838027559,8.966648685,0.1286211229,2.692519985e-09
95580,49.99591667,0.04999041667,49.63785149,0.06681332815,3.701609189e-06,2383654.67,8.823358032,8.951629292,0.1282712587,9.751843777e-10
95640,49.99591667,0.04999041667,49.6384507,0.06678544105,3.695473084e-06,2383653.256,8.80872645,8.936649106,0.1279226555,-4.013998023e-10
95700,49.99591667,0.04999041667,49.63904835,0.06675762599,3.68935283e-06,2383651.846,8.794132684,8.92170799,0.1275753088,-2.777486685e-09
95760,49.99591667,0.04999041667,49.63964443,0.06672988272,3.683248374e-06,2383650.439,8.779576603,8.906805811,0.1272292098,-2.386437714e-09
95820,49.99591667,0.04999041667,49.64023897,0.066702211,3.67715966e-06,2383649.036,8.765058079,8.891942432,0.1268843539,-9.46691614e-10
95880,49.99591667,0.04999041667,49.64083196,0.06667461059,3.671086635e-06,2383647.637,8.750576981,8.87711772,0.1265407409,-2.562890344e-09
95940,49.99591667,0.04999041667,49.64142341,0.06664708123,3.665029245e-06,2383646.241,8.736133183,8.86233154,0.1261983577,-9.992042749e-10
96000,49.99591667,0.04999041667,49.64201332,0.06661962268,3.658987437e-06,2383644.849,8.721726556,8.847583758,0.125857204,-1.287823181e-09
96060,49.99591667,0.04999041667,49.6426017,0.06659223471,3.652961158e-06,2383643.46,8.707356973,8.832874244,0.125517271,-3.229061463e-11
96120,49.99591667,0.04999041667,49.64318855,0.06656491707,3.646950353e-06,2383642.075,8.693024307,8.818202865,0.1251785543,3.128389992e-09
96180,49.99591667,0.04999041667,49.64377389,0.06653766952,3.640954971e-06,2383640.694,8.678728433,8.803569488,0.1248410578,-3.308986862e-09
96240,49.99591667,0.04999041667,49.64435771,0.06651049182,3.634974959e-06,2383639.316,8.664469225,8.788973984,0.1245047599,-4.981473012e-10
96300,49.99591667,0.04999041667,49.64494002,0.06648338374,3.629010265e-06,2383637.942,8.650246557,8.774416222,0.1241696646,5.427303051e-11
96360,49.99591667,0.04999041667,49.64552082,0.06645634503,3.623060835e-06,2383636.571,8.636060306,8.759896072,0.1238357675,-1.318543497e-09
96420,49.99591667,0.04999041667,49.64610013,0.06642937547,3.61712662e-06,2383635.204,8.621910347,8.745413405,0.123503064,-5.583110863e-09
96480,49.99591667,0.04999041667,49.64667794,0.06640247481,3.611207565e-06,2383633.84,8.607796556,8.730968092,0.1231715367,-8.10716827e-10
96540,49.99591667,0.04999041667,49.64725427,0.06637564282,3.605303621e-06,2383632.48,8.593718811,8.716560005,0.1228411941,-5.239755296e-10
96600,49.99591667,0.04999041667,49.64782911,0.06634887927,3.599414736e-06,2383631.123,8.57967699,8.702189016,0.1225120272,-7.440341676e-10
96660,49.99591667,0.04999041667,49.64840247,0.06632218393,3.593540858e-06,2383629.77,8.56567097,8.687854999,0.1221840274,1.603181587e-09
96720,49.99591667,0.04999041667,49.64897435,0.06629555657,3.587681938e-06,2383628.421,8.55170063,8.673557826,0.1218571985,-2.271383082e-09
96780,49.99591667,0.04999041667,49.64954477,0.06626899694,3.581837923e-06,2383627.074,8.537765849,8.659297373,0.1215315235,-5.259614966e-11
96840,49.99591667,0.04999041667,49.65011373,0.06624250484,3.576008764e-06,2383625.732,8.523866507,8.645073512,0.1212070019,3.092958778e-09
96900,49.99591667,0.04999041667,49.65068122,0.06621608002,3.570194411e-06,2383624.392,8.510002484,8.63088612,0.1208836379,-1.436614383e-09
96960,49.99591667,0.04999041667,49.65124726,0.06618972226,3.564394813e-06,2383623.056,8.49617366,8.616735072,0.1205614098,2.345675654e-09
97020,49.99591667,0.04999041667,49.65181186,0.06616343134,3.558609921e-06,2383621.724,8.482379916,8.602620244,0.1202403303,-2.628627982e-09
97080,49.99591667,0.04999041667,49.65237501,0.06613720702,3.552839685e-06,2383620.395,8.468621134,8.588541512,0.1199203777,-2.669953147e-10
97140,49.99591667,0.04999041667,49.65293672,0.06611104909,3.547084056e-06,2383619.069,8.454897197,8.574498753,0.1196015604,-3.846295726e-09
97200,49.99591667,0.04999041667,49.65349699,0.06608495732,3.541342984e-06,2383617.747,8.441207986,8.560491846,0.1192838611,-1.080415757e-09
97260,49.99591667,0.04999041667,49.65405584,0.06605893148,3.535616421e-06,2383616.428,8.427553385,8.546520669,0.1189672838,4.165432443e-10
97320,49.99591667,0.04999041667,49.65461326,0.06603297137,3.529904317e-06,2383615.113,8.413933278,8.532585101,0.118651824,-8.798313189e-10
97380,49.99591667,0.04999041667,49.65516927,0.06600707674,3.524206625e-06,2383613.801,8.400347547,8.518685019,0.118337473,-1.582924014e-09
97440,49.99591667,0.04999041667,49.65572385,0.06598124739,3.518523295e-06,2383612.492,8.386796079,8.504820305,0.1180242263,-4.422364697e-10
97500,49.99591667,0.04999041667,49.65627703,0.0659554831,3.51285428e-06,2383611.186,8.373278757,8.490990837,0.1177120837,-3.549288863e-09
97560,49.99591667,0.04999041667,49.65682881,0.06592978365,3.507199531e-06,2383609.884,8.359795468,8.477196499,0.1174010279,2.811193056e-09
97620,49.99591667,0.04999041667,49.65737918,0.06590414881,3.501559001e-06,2383608.585,8.346346097,8.463437169,0.1170910756,-3.342531585e-09
97680,49.99591667,0.04999041667,49.65792816,0.06587857839,3.495932643e-06,2383607.29,8.332930531,8.44971273,0.1167822013,-1.612344036e-09
97740,49.99591667,0.04999041667,49.65847574,0.06585307215,3.490320408e-06,2383605.997,8.319548656,8.436023065,0.1164744088,-1.533404514e-10
97800,49.99591667,0.04999041667,49.65902194,0.06582762988,3.484722249e-06,2383604.708,8.30620036,8.422368055,0.1161676979,-3.323426867e-09
97860,49.99591667,0.04999041667,49.65956676,0.06580225138,3.479138121e-06,2383603.422,8.292885531,8.408747584,0.1158620515,1.434845132e-09
97920,49.99591667,0.04999041667,49.66011021,0.06577693642,3.473567975e-06,2383602.14,8.279604058,8.395161537,0.1155574778,1.218577239e-09
97980,49.99591667,0.04999041667,49.66065227,0.0657516848,3.468011765e-06,2383600.861,8.266355827,8.381609795,0.115253968,6.745715098e-11
98040,49.99591667,0.04999041667,49.66119298,0.06572649631,3.462469445e-06,2383599.585,8.25314073,8.368092245,0.1149515178,-2.706810776e-09
98100,49.99591667,0.04999041667,49.66173232,0.06570137073,3.456940968e-06,2383598.312,8.239958656,8.354608772,0.1146501141,1.847290321e-09
98160,49.99591667,0.04999041667,49.6622703,0.06567630786,3.451426289e-06,2383597.042,8.226809494,8.34115926,0.1143497652,9.979324034e-10
98220,49.99591667,0.04999041667,49.66280692,0.06565130748,3.445925362e-06,2383595.776,8.213693135,8.327743597,0.1140504624,-5.995186569e-10
98280,49.99591667,0.04999041667,49.6633422,0.0656263694,3.44043814e-06,2383594.512,8.200609471,8.314361669,0.113752197,1.042195663e-09
98340,49.99591667,0.04999041667,49.66387613,0.0656014934,3.434964579e-06,2383593.252,8.187558393,8.301013362,0.1134549688,2.845919056e-10
98400,49.99591667,0.04999041667,49.66440872,0.06557667927,3.429504633e-06,2383591.995,8.174539792,8.287698564,0.1131587691,2.488885542e-09
98460,49.99591667,0.04999041667,49.66493998,0.06555192682,3.424058258e-06,2383590.742,8.161553562,8.274417164,0.1128636018,9.350316077e-10
98520,49.99591667,0.04999041667,49.6654699,0.06552723584,3.418625407e-06,2383589.491,8.148599594,8.261169049,0.1125694541,8.327738499e-10
98580,49.99591667,0.04999041667,49.6659985,0.06550260613,3.413206037e-06,2383588.244,8.135677782,8.247954108,0.1122763258,2.317097625e-10
98640,49.99591667,0.04999041667,49.66652578,0.06547803747,3.407800102e-06,2383586.999,8.12278802,8.234772231,0.1119842123,-1.599159916e-09
98700,49.99591667,0.04999041667,49.66705173,0.06545352968,3.40240756e-06,2383585.758,8.109930202,8.221623306,0.111693105,-6.046967371e-10
98760,49.99591667,0.04999041667,49.66757638,0.06542908255,3.397028364e-06,2383584.52,8.097104222,8.208507226,0.1114030037,4.999289871e-10
98820,49.99591667,0.04999041667,49.66809971,0.06540469588,3.391662472e-06,2383583.285,8.084309975,8.19542388,0.1111139039,7.886331588e-10
98880,49.99591667,0.04999041667,49.66862174,0.06538036946,3.386309839e-06,2383582.053,8.071547357,8.18237316,0.1108258012,1.483494216e-09
98940,49.99591667,0.04999041667,49.66914247,0.06535610312,3.380970422e-06,2383580.824,8.058816264,8.169354957,0.1105386911,1.275150652e-09
99000,49.99591667,0.04999041667,49.6696619,0.06533189663,3.375644178e-06,2383579.598,8.046116592,8.156369162,0.1102525735,-3.126007897e-09
99060,49.99591667,0.04999041667,49.67018004,0.06530774982,3.370331062e-06,2383578.375,8.033448236,8.143415668,0.1099674311,9.617888708e-10
99120,49.99591667,0.04999041667,49.67069689,0.06528366247,3.365031032e-06,2383577.155,8.020811096,8.13049437,0.1096832722,2.132003019e-09
99180,49.99591667,0.04999041667,49.67121246,0.06525963441,3.359744046e-06,2383575.939,8.008205067,8.117605159,0.1094000924,7.752909426e-11
99240,49.99591667,0.04999041667,49.67172675,0.06523566542,3.354470059e-06,2383574.725,7.995630048,8.10474793,0.1091178831,-1.33638256e-09
99300,49.99591667,0.04999041667,49.67223976,0.06521175533,3.34920903e-06,2383573.514,7.983085937,8.091922576,0.1088366397,-1.507101999e-09
99360,49.99591667,0.04999041667,49.67275151,0.06518790393,3.343960916e-06,2383572.306,7.970572634,8.079128992,0.1085563579,5.108455881e-10
99420,49.99591667,0.04999041667,49.67326198,0.06516411104,3.338725675e-06,2383571.102,7.958090036,8.066367074,0.1082770374,6.054463597e-10
99480,49.99591667,0.04999041667,49.6737712,0.06514037646,3.333503265e-06,2383569.9,7.945638045,8.053636718,0.1079986738,3.24522631e-11
99540,49.99591667,0.04999041667,49.67427915,0.0651167,3.328293644e-06,2383568.701,7.933216558,8.040937818,0.1077212627,-3.264226223e-09
99600,49.99591667,0.04999041667,49.67478586,0.06509308147,3.32309677e-06,2383567.505,7.920825478,8.028270271,0.1074447912,1.091811086e-09
99660,49.99591667,0.04999041667,49.67529131,0.06506952069,3.317912602e-06,2383566.313,7.908464705,8.015633974,0.1071692675,1.002391947e-09
99720,49.99591667,0.04999041667,49.67579551,0.06504601746,3.312741097e-06,2383565.123,7.89613414,8.003028824,0.1068946873,-2.82225443e-09
99780,49.99591667,0.04999041667,49.67629848,0.06502257161,3.307582216e-06,2383563.936,7.883833684,7.990454719,0.1066210333,1.699283381e-09
99840,49.99591667,0.04999041667,49.6768002,0.06499918293,3.302435916e-06,2383562.752,7.87156324,7.977911557,0.1063483181,-4.598028625e-10
99900,49.99591667,0.04999041667,49.6773007,0.06497585125,3.297302158e-06,2383561.57,7.859322709,7.965399237,0.1060765289,-1.32608502e-09
99960,49.99591667,0.04999041667,49.67779996,0.06495257638,3.292180899e-06,2383560.392,7.847111995,7.952917656,0.1058056611,-7.45828288e-10
100020,49.99591667,0.04999041667,49.678298,0.06492935813,3.287072101e-06,2383559.217,7.834931001,7.940466714,0.1055357146,-1.794144389e-09
100080,49.99591667,0.04999041667,49.67879481,0.06490619633,3.281975721e-06,2383558.044,7.822779631,7.928046312,0.1052666808,9.029124115e-10
100140,49.99591667,0.04999041667,49.67929041,0.06488309078,3.27689172e-06,2383556.875,7.810657787,7.91565635,0.1049985637,-1.367497227e-09
100200,49.99591667,0.04999041667,49.6797848,0.06486004132,3.271820058e-06,2383555.708,7.798565375,7.903296726,0.1047313504,6.772555849e-10
100260,49.99591667,0.04999041667,49.68027797,0.06483704775,3.266760695e-06,2383554.544,7.7865023,7.890967344,0.1044650449,-9.421681213e-10
100320,49.99591667,0.04999041667,49.68076994,0.06481410989,3.261713592e-06,2383553.383,7.774468465,7.878668103,0.1041996387,-1.214400136e-09
100380,49.99591667,0.04999041667,49.68126071,0.06479122757,3.256678707e-06,2383552.225,7.762463778,7.866398906,0.1039351273,9.232596909e-10
100440,49.99591667,0.04999041667,49.68175028,0.0647684006,3.251656003e-06,2383551.069,7.750488143,7.854159655,0.1036715147,-2.737057692e-09
100500,49.99591667,0.04999041667,49.68223866,0.06474562881,3.246645439e-06,2383549.917,7.738541466,7.841950251,0.1034087881,-3.226754863e-09
100560,49.99591667,0.04999041667,49.68272584,0.06472291202,3.241646977e-06,2383548.767,7.726623656,7.829770599,0.1031469473,-4.167948653e-09
100620,49.99591667,0.04999041667,49.68321184,0.06470025005,3.236660578e-06,2383547.62,7.714734617,7.817620601,0.1028859837,3.659241798e-10
100680,49.99591667,0.04999041667,49.68369666,0.06467764272,3.231686202e-06,2383546.476,7.702874258,7.805500161,0.1026259055,-2.968207014e-09
100740,49.99591667,0.04999041667,49.6841803,0.06465508987,3.226723811e-06,2383545.334,7.691042487,7.793409183,0.1023666999,-3.656358771e-09
100800,49.99591667,0.04999041667,49.68466276,0.06463259131,3.221773367e-06,2383544.196,7.67923921,7.78134757,0.1021083582,1.404842465e-09
100860,49.99591667,0.04999041667,49.68514406,0.06461014686,3.216834832e-06,2383543.06,7.667464338,7.76931523,0.101850893,-1.424831808e-09
100920,49.99591667,0.04999041667,49.68562418,0.06458775637,3.211908166e-06,2383541.927,7.655717779,7.757312066,0.1015942872,2.345972305e-10
100980,49.99591667,0.04999041667,49.68610315,0.06456541965,3.206993332e-06,2383540.797,7.643999441,7.745337983,0.1013385405,2.184456172e-09
101040,49.99591667,0.04999041667,49.68658095,0.06454313653,3.202090292e-06,2383539.669,7.632309234,7.733392889,0.1010836529,1.65134928e-09
101100,49.99591667,0.04999041667,49.6870576,0.06452090683,3.197199008e-06,2383538.544,7.620647069,7.721476689,0.10082962,-2.740296878e-11
101160,49.99591667,0.04999041667,49.6875331,0.0644987304,3.192319443e-06,2383537.422,7.609012855,7.709589289,0.1005764373,-2.965050427e-09
101220,49.99591667,0.04999041667,49.68800744,0.06447660705,3.187451559e-06,2383536.302,7.597406503,7.697730598,0.1003240962,-9.453753336e-10
101280,49.99591667,0.04999041667,49.68848065,0.06445453662,3.182595319e-06,2383535.186,7.585827924,7.685900523,0.1000725965,2.229468166e-09
101340,49.99591667,0.04999041667,49.68895271,0.06443251895,3.177750685e-06,2383534.072,7.574277029,7.67409897,0.09982194236,-1.504622205e-09
101400,49.99591667,0.04999041667,49.68942363,0.06441055385,3.172917621e-06,2383532.96,7.56275373,7.66232585,0.09957212087,-1.733870825e-09
101460,49.99591667,0.04999041667,49.68989342,0.06438864116,3.16809609e-06,2383531.852,7.551257939,7.650581068,0.09932313189,-3.13868842e-09
101520,49.99591667,0.04999041667,49.69036209,0.06436678073,3.163286055e-06,2383530.745,7.539789569,7.638864537,0.09907496678,1.15779919e-09
101580,49.99591667,0.04999041667,49.69082962,0.06434497237,3.158487479e-06,2383529.642,7.528348531,7.627176163,0.09882763386,-1.583258857e-09
101640,49.99591667,0.04999041667,49.69129603,0.06432321593,3.153700326e-06,2383528.541,7.516934739,7.615515857,0.09858112027,-2.194152415e-09
101700,49.99591667,0.04999041667,49.69176133,0.06430151123,3.14892456e-06,2383527.443,7.505548106,7.603883529,0.09833542585,-2.815637501e-09
101760,49.99591667,0.04999041667,49.6922255,0.06427985813,3.144160145e-06,2383526.348,7.494188547,7.592279089,0.09809054199,5.752465171e-10
101820,49.99591667,0.04999041667,49.69268857,0.06425825644,3.139407044e-06,2383525.255,7.482855974,7.580702448,0.09784647277,1.38650158e-09
101880,49.99591667,0.04999041667,49.69315053,0.06423670601,3.134665221e-06,2383524.165,7.471550303,7.569153517,0.0976032138,5.032347872e-10
101940,49.99591667,0.04999041667,49.69361138,0.06421520668,3.129934642e-06,2383523.077,7.460271448,7.557632208,0.09736076071,-1.04771658e-09
102000,49.99591667,0.04999041667,49.69407113,0.06419375829,3.125215269e-06,2383521.992,7.449019324,7.546138431,0.09711910487,1.532756144e-09
102060,49.99591667,0.04999041667,49.69452978,0.06417236066,3.120507069e-06,2383520.91,7.437793847,7.5346721,0.09687825461,-1.709794084e-09
102120,49.99591667,0.04999041667,49.69498734,0.06415101365,3.115810005e-06,2383519.83,7.426594933,7.523233127,0.09663819707,-2.945228061e-09
102180,49.99591667,0.04999041667,49.69544381,0.06412971709,3.111124042e-06,2383518.753,7.415422497,7.511821424,0.09639892787,-4.204787629e-10
102240,49.99591667,0.04999041667,49.69589919,0.06410847083,3.106449146e-06,2383517.678,7.404276455,7.500436905,0.09616045111,-1.381291526e-09
102300,49.99591667,0.04999041667,49.69635349,0.0640872747,3.101785281e-06,2383516.606,7.393156725,7.489079482,0.09592275818,-1.187523857e-09
102360,49.99591667,0.04999041667,49.6968067,0.06406612855,3.097132413e-06,2383515.536,7.382063224,7.477749072,0.09568584893,-1.261855509e-09
102420,49.99591667,0.04999041667,49.69725884,0.06404503222,3.092490507e-06,2383514.469,7.370995869,7.466445586,0.09544971899,-2.039691083e-09
102480,49.99591667,0.04999041667,49.69770991,0.06402398555,3.087859528e-06,2383513.405,7.359954577,7.45516894,0.09521436398,-1.293482654e-09
102540,49.99591667,0.04999041667,49.6981599,0.06400298839,3.083239443e-06,2383512.343,7.348939267,7.443919049,0.09497978377,-1.763341473e-09
102600,49.99591667,0.04999041667,49.69860883,0.06398204059,3.078630219e-06,2383511.283,7.337949864,7.432695829,0.0947459655,-1.278444017e-09
102660,49.99591667,0.04999041667,49.6990567,0.06396114198,3.074031819e-06,2383510.226,7.326986276,7.421499194,0.09451291752,6.368523486e-10
102720,49.99591667,0.04999041667,49.6995035,0.0639402924,3.069444207e-06,2383509.172,7.31604842,7.410329059,0.09428063969,-8.208553837e-10
102780,49.99591667,0.04999041667,49.69994925,0.06391949172,3.064867353e-06,2383508.12,7.305136221,7.399185341,0.09404911916,4.529070452e-10
102840,49.99591667,0.04999041667,49.70039395,0.06389873976,3.060301222e-06,2383507.07,7.294249599,7.388067957,0.09381836005,-2.857514225e-09
102900,49.99591667,0.04999041667,49.70083759,0.06387803639,3.055745781e-06,2383506.023,7.283388474,7.376976822,0.09358834951,-1.108194425e-09
102960,49.99591667,0.04999041667,49.70128019,0.06385738146,3.051200996e-06,2383504.979,7.272552765,7.365911857,0.09335909164,-1.591571319e-10
103020,49.99591667,0.04999041667,49.70172175,0.0638367748,3.046666835e-06,2383503.937,7.261742394,7.354872976,0.09313058208,4.492708428e-10
103080,49.99591667,0.04999041667,49.70216226,0.06381621627,3.042143263e-06,2383502.897,7.25095728,7.343860099,0.09290282069,-2.233159435e-09
103140,49.99591667,0.04999041667,49.70260174,0.06379570571,3.037630248e-06,2383501.86,7.240197346,7.332873142,0.09267579889,-3.238016077e-09
103200,49.99591667,0.04999041667,49.70304019,0.06377524299,3.033127757e-06,2383500.825,7.229462512,7.321912026,0.09244951229,1.511888392e-09
103260,49.99591667,0.04999041667,49.7034776,0.06375482795,3.028635757e-06,2383499.793,7.2187527,7.310976667,0.09222396503,1.879902456e-09
103320,49.99591667,0.04999041667,49.70391399,0.06373446043,3.024154216e-06,2383498.763,7.208067833,7.300066986,0.09199915272,3.490860934e-10
103380,49.99591667,0.04999041667,49.70434935,0.0637141403,3.0196831e-06,2383497.736,7.197407832,7.289182902,0.09177507101,-6.196625435e-10
103440,49.99591667,0.04999041667,49.70478369,0.06369386741,3.015222378e-06,2383496.71,7.18677262,7.278324335,0.09155171977,-4.951035137e-09
103500,49.99591667,0.04999041667,49.70521702,0.0636736416,3.010772017e-06,2383495.688,7.17616212,7.267491204,0.09132908618,-2.573415259e-09
103560,49.99591667,0.04999041667,49.70564933,0.06365346272,3.006331981e-06,2383494.668,7.165576245,7.256683428,0.09110718281,-4.949258781e-10
103620,49.99591667,0.04999041667,49.70608063,0.06363333065,3.001902246e-06,2383493.65,7.155014941,7.245900931,0.09088599261,-3.075791177e-09
103680,49.99591667,0.04999041667,49.70651092,0.06361324524,2.997482777e-06,2383492.634,7.144478121,7.235143632,0.09066551122,4.15964152e-10
103740,49.99591667,0.04999041667,49.70694021,0.06359320634,2.993073541e-06,2383491.621,7.133965706,7.224411455,0.09044574699,2.035417168e-09
103800,49.99591667,0.04999041667,49.70736849,0.0635732138,2.988674506e-06,2383490.61,7.123477623,7.213704319,0.09022669555,-4.862066305e-11
103860,49.99591667,0.04999041667,49.70779578,0.06355326748,2.984285641e-06,2383489.602,7.113013796,7.203022146,0.09000834833,1.910329672e-09
103920,49.99591667,0.04999041667,49.70822207,0.06353336724,2.979906915e-06,2383488.596,7.102574149,7.192364858,0.08979071367,-4.366258466e-09
103980,49.99591667,0.04999041667,49.70864737,0.06351351293,2.975538296e-06,2383487.592,7.092158608,7.181732378,0.08957377029,-6.177218737e-10
104040,49.99591667,0.04999041667,49.70907168,0.06349370441,2.971179753e-06,2383486.591,7.0817671,7.171124629,0.08935753076,-1.207602018e-09
104100,49.99591667,0.04999041667,49.70949501,0.06347394155,2.966831255e-06,2383485.592,7.071399549,7.160541534,0.08914198651,-1.061380317e-09
104160,49.99591667,0.04999041667,49.70991735,0.06345422419,2.96249277e-06,2383484.595,7.061055881,7.149983015,0.08892713742,-3.578150221e-09
104220,49.99591667,0.04999041667,49.71033871,0.06343455221,2.958164269e-06,2383483.601,7.050736024,7.139448997,0.0887129749,-1.838469821e-09
104280,49.99591667,0.04999041667,49.71075909,0.06341492546,2.953845721e-06,2383482.609,7.040439904,7.128939404,0.08849949884,1.164923269e-09
104340,49.99591667,0.04999041667,49.7111785,0.0633953438,2.949537094e-06,2383481.619,7.030167447,7.11845416,0.08828670913,3.599213372e-09
104400,49.99591667,0.04999041667,49.71159694,0.0633758071,2.945238359e-06,2383480.631,7.019918582,7.10799319,0.08807460989,-2.430677881e-09
104460,49.99591667,0.04999041667,49.71201441,0.06335631521,2.940949484e-06,2383479.646,7.009693236,7.097556417,0.08786317984,1.825506857e-09
104520,49.99591667,0.04999041667,49.71243092,0.063336868,2.936670441e-06,2383478.663,6.999491336,7.087143768,0.08765243157,8.890985725e-10
104580,49.99591667,0.04999041667,49.71284646,0.06331746533,2.932401198e-06,2383477.682,6.98931281,7.076755167,0.08744236073,-3.53360452e-09
104640,49.99591667,0.04999041667,49.71326104,0.06329810707,2.928141725e-06,2383476.704,6.979157588,7.066390542,0.08723295451,-1.918314396e-10
104700,49.99591667,0.04999041667,49.71367467,0.06327879307,2.923891993e-06,2383475.728,6.969025597,7.056049816,0.08702422128,-2.20634444e-09
104760,49.99591667,0.04999041667,49.71408735,0.06325952321,2.919651972e-06,2383474.754,6.958916766,7.045732917,0.08681615668,-5.750655063e-09
104820,49.99591667,0.04999041667,49.71449908,0.06324029735,2.915421633e-06,2383473.782,6.948831026,7.035439772,0.08660874791,-1.591282661e-09
104880,49.99591667,0.04999041667,49.71490985,0.06322111535,2.911200945e-06,2383472.813,6.938768304,7.025170306,0.08640200334,-1.010127093e-09
104940,49.99591667,0.04999041667,49.71531969,0.06320197708,2.906989879e-06,2383471.846,6.928728531,7.014924448,0.08619591861,-1.856600207e-09
105000,49.99591667,0.04999041667,49.71572858,0.06318288241,2.902788406e-06,2383470.881,6.918711637,7.004702124,0.0859904894,-2.433912627e-09
105060,49.99591667,0.04999041667,49.71613654,0.0631638312,2.898596496e-06,2383469.918,6.908717552,6.994503263,0.08578571136,-1.352962187e-10
105120,49.99591667,0.04999041667,49.71654356,0.06314482332,2.894414121e-06,2383468.957,6.898746206,6.984327791,0.08558158439,9.011547064e-10
105180,49.99591667,0.04999041667,49.71694964,0.06312585865,2.890241251e-06,2383467.999,6.888797531,6.974175639,0.08537811262,-4.796364195e-09
105240,49.99591667,0.04999041667,49.7173548,0.06310693704,2.886077858e-06,2383467.043,6.878871457,6.964046732,0.08517527479,6.77434997e-10
105300,49.99591667,0.04999041667,49.71775903,0.06308805837,2.881923912e-06,2383466.089,6.868967915,6.953941001,0.08497308348,2.428306445e-09
105360,49.99591667,0.04999041667,49.71816233,0.06306922251,2.877779386e-06,2383465.137,6.859086838,6.943858375,0.08477153436,2.311288938e-09
105420,49.99591667,0.04999041667,49.71856472,0.06305042932,2.87364425e-06,2383464.187,6.849228156,6.933798782,0.08457062733,-1.710383835e-09
105480,49.99591667,0.04999041667,49.71896618,0.06303167869,2.869518476e-06,2383463.24,6.839391803,6.923762153,0.0843703496,2.635136553e-11
105540,49.99591667,0.04999041667,49.71936673,0.06301297047,2.865402035e-06,2383462.295,6.82957771,6.913748417,0.08417070953,-2.711348479e-09
105600,49.99591667,0.04999041667,49.71976637,0.06299430454,2.8612949e-06,2383461.351,6.81978581,6.903757504,0.08397169432,4.975309054e-11
105660,49.99591667,0.04999041667,49.72016509,0.06297568077,2.857197042e-06,2383460.41,6.810016035,6.893789346,0.08377331234,-1.663101656e-09
105720,49.99591667,0.04999041667,49.72056291,0.06295709904,2.853108433e-06,2383459.472,6.800268319,6.883843871,0.08357555502,-3.54680374e-09
105780,49.99591667,0.04999041667,49.72095983,0.06293855924,2.849029049e-06,2383458.535,6.790542604,6.873921013,0.08337840958,-5.791260804e-10
105840,49.99591667,0.04999041667,49.72135584,0.0629200612,2.844958856e-06,2383457.6,6.780838808,6.864020702,0.08318189284,9.76569936e-10
105900,49.99591667,0.04999041667,49.72175095,0.06290160481,2.840897827e-06,2383456.668,6.771156868,6.854142867,0.08298600048,-1.225297197e-09
105960,49.99591667,0.04999041667,49.72214517,0.06288318995,2.836845935e-06,2383455.737,6.761496721,6.84428744,0.08279071547,4.08424139e-09
106020,49.99591667,0.04999041667,49.72253849,0.0628648165,2.832803155e-06,2383454.809,6.751858303,6.834454356,0.08259605464,-1.47533985e-09
106080,49.99591667,0.04999041667,49.72293092,0.06284648433,2.828769457e-06,2383453.883,6.742241547,6.824643544,0.08240200098,-4.274895993e-09
106140,49.99591667,0.04999041667,49.72332247,0.06282819331,2.824744816e-06,2383452.959,6.732646389,6.814854938,0.08220854592,3.06597947e-09
106200,49.99591667,0.04999041667,49.72371313,0.06280994333,2.820729202e-06,2383452.037,6.723072764,6.805088471,0.0820157063,1.404271366e-09
106260,49.99591667,0.04999041667,49.7241029,0.06279173426,2.816722591e-06,2383451.117,6.713520606,6.795344076,0.08182347357,-3.436761986e-09
106320,49.99591667,0.04999041667,49.7244918,0.06277356597,2.812724953e-06,2383450.199,6.703989851,6.785621685,0.0816318307,3.255610892e-09
106380,49.99591667,0.04999041667,49.72487982,0.06275543835,2.808736264e-06,2383449.284,6.694480435,6.775921233,0.08144079876,-1.34223388e-09
106440,49.99591667,0.04999041667,49.72526696,0.06273735127,2.804756494e-06,2383448.37,6.684992295,6.766242653,0.08125035651,1.518260184e-09
106500,49.99591667,0.04999041667,49.72565323,0.06271930461,2.800785619e-06,2383447.458,6.675525365,6.756585877,0.08106051231,-5.776623624e-11
106560,49.99591667,0.04999041667,49.72603863,0.06270129825,2.796823611e-06,2383446.549,6.666079583,6.746950843,0.08087125762,2.144536104e-09
106620,49.99591667,0.04999041667,49.72642317,0.06268333206,2.792870444e-06,2383445.641,6.656654886,6.737337482,0.08068259657,-3.417675032e-10
106680,49.99591667,0.04999041667,49.72680684,0.06266540594,2.788926091e-06,2383444.736,6.64725121,6.727745731,0.08049452062,4.888942584e-10
106740,49.99591667,0.04999041667,49.72718965,0.06264751976,2.784990526e-06,2383443.832,6.637868493,6.718175524,0.08030702968,1.746395917e-09
106800,49.99591667,0.04999041667,49.72757159,0.0626296734,2.781063723e-06,2383442.931,6.628506671,6.708626797,0.08012012788,-2.366075336e-09
106860,49.99591667,0.04999041667,49.72795269,0.06261186674,2.777145656e-06,2383442.032,6.619165684,6.699099483,0.07993379823,1.337412847e-09
106920,49.99591667,0.04999041667,49.72833293,0.06259409966,2.773236298e-06,2383441.134,6.609845467,6.68959352,0.07974805332,-9.394591771e-10
106980,49.99591667,0.04999041667,49.72871231,0.06257637204,2.769335624e-06,2383440.239,6.600545961,6.680108843,0.07956288461,-2.511967523e-09
107040,49.99591667,0.04999041667,49.72909085,0.06255868378,2.765443608e-06,2383439.346,6.591267102,6.670645389,0.07937828779,-1.47708068e-09
107100,49.99591667,0.04999041667,49.72946854,0.06254103475,2.761560224e-06,2383438.454,6.582008831,6.661203093,0.07919426276,-3.723554798e-10
107160,49.99591667,0.04999041667,49.72984539,0.06252342483,2.757685446e-06,2383437.565,6.572771084,6.651781892,0.07901080945,-1.57847424e-09
107220,49.99591667,0.04999041667,49.7302214,0.0625058539,2.753819249e-06,2383436.678,6.563553802,6.642381723,0.0788279193,2.101253394e-09
107280,49.99591667,0.04999041667,49.73059657,0.06248832187,2.749961608e-06,2383435.792,6.554356924,6.633002525,0.0786456007,4.236708762e-10
107340,49.99591667,0.04999041667,49.7309709,0.06247082859,2.746112497e-06,2383434.909,6.545180388,6.623644232,0.07846384088,2.571367119e-09
107400,49.99591667,0.04999041667,49.7313444,0.06245337397,2.742271891e-06,2383434.027,6.536024136,6.614306783,0.0782826482,-1.046012166e-09
107460,49.99591667,0.04999041667,49.73171706,0.06243595789,2.738439764e-06,2383433.148,6.526888106,6.604990116,0.07810200991,-1.532294291e-10
107520,49.99591667,0.04999041667,49.7320889,0.06241858023,2.734616092e-06,2383432.27,6.51777224,6.595694169,0.07792193014,-6.129221575e-10
107580,49.99591667,0.04999041667,49.73245991,0.06240124089,2.730800849e-06,2383431.395,6.508676476,6.58641888,0.07774240036,3.49627971e-09
107640,49.99591667,0.04999041667,49.7328301,0.06238393974,2.726994011e-06,2383430.521,6.499600757,6.577164188,0.07756343317,-1.889075563e-09
107700,49.99591667,0.04999041667,49.73319947,0.06236667667,2.723195553e-06,2383429.649,6.490545022,6.56793003,0.07738500735,1.183874332e-09
107760,49.99591667,0.04999041667,49.73356801,0.06234945158,2.71940545e-06,2383428.779,6.481509213,6.558716347,0.07720713551,-1.307737918e-09
107820,49.99591667,0.04999041667,49.73393574,0.06233226434,2.715623678e-06,2383427.912,6.472493271,6.549523077,0.07702980488,1.470359834e-09
107880,49.99591667,0.04999041667,49.73430266,0.06231511485,2.711850211e-06,2383427.046,6.463497137,6.54035016,0.07685302384,-6.756746274e-10
107940,49.99591667,0.04999041667,49.73466877,0.06229800301,2.708085026e-06,2383426.182,6.454520753,6.531197536,0.07667678386,-1.089789592e-09
108000,49.99591667,0.04999041667,49.73503406,0.06228092868,2.704328098e-06,2383425.32,6.445564061,6.522065142,0.07650108484,-3.51647067e-09
108060,49.99591667,0.04999041667,49.73539855,0.06226389178,2.700579403e-06,2383424.459,6.436627003,6.512952921,0.07632591828,-1.644906433e-10
108120,49.99591667,0.04999041667,49.73576223,0.06224689218,2.696838916e-06,2383423.601,6.427709521,6.503860813,0.07615129253,-1.273309458e-09
108180,49.99591667,0.04999041667,49.73612512,0.06222992978,2.693106614e-06,2383422.745,6.418811559,6.494788757,0.07597719907,-5.215063936e-10
108240,49.99591667,0.04999041667,49.7364872,0.06221300446,2.689382473e-06,2383421.89,6.409933057,6.485736695,0.07580364206,-4.596578229e-09
108300,49.99591667,0.04999041667,49.73684848,0.06219611613,2.685666468e-06,2383421.038,6.401073961,6.476704567,0.07563060449,2.115155162e-09
108360,49.99591667,0.04999041667,49.73720897,0.06217926466,2.681958577e-06,2383420.187,6.392234211,6.467692316,0.07545810745,-3.326319664e-09
108420,49.99591667,0.04999041667,49.73756867,0.06216244996,2.678258774e-06,2383419.338,6.383413753,6.45869988,0.07528612548,1.640365177e-09
108480,49.99591667,0.04999041667,49.73792758,0.06214567191,2.674567036e-06,2383418.491,6.374612529,6.449727204,0.07511467543,-1.075157741e-09
108540,49.99591667,0.04999041667,49.7382857,0.06212893042,2.670883341e-06,2383417.646,6.365830484,6.440774227,0.0749437403,2.563462331e-09
108600,49.99591667,0.04999041667,49.73864303,0.06211222536,2.667207663e-06,2383416.802,6.357067561,6.431840892,0.07477333271,-1.389849125e-09
108660,49.99591667,0.04999041667,49.73899958,0.06209555664,2.663539981e-06,2383415.961,6.348323704,6.422927142,0.07460343991,-1.328361421e-09
108720,49.99591667,0.04999041667,49.73935535,0.06207892414,2.65988027e-06,2383415.121,6.339598858,6.414032919,0.07443406181,-8.677591978e-11
108780,49.99591667,0.04999041667,49.73971034,0.06206232777,2.656228508e-06,2383414.284,6.330892967,6.405158166,0.07426519836,5.482938548e-10
108840,49.99591667,0.04999041667,49.74006455,0.06204576742,2.652584671e-06,2383413.448,6.322205976,6.396302825,0.07409684947,-8.526193085e-10
108900,49.99591667,0.04999041667,49.74041799,0.06202924298,2.648948736e-06,2383412.614,6.31353783,6.38746684,0.07392901085,-1.501816449e-09
108960,49.99591667,0.04999041667,49.74077066,0.06201275436,2.64532068e-06,2383411.781,6.304888475,6.378650153,0.0737616782,-1.988409437e-10
109020,49.99591667,0.04999041667,49.74112256,0.06199630143,2.641700481e-06,2383410.951,6.296257855,6.369852706,0.07359485145,-2.027000789e-11
109080,49.99591667,0.04999041667,49.74147369,0.06197988411,2.638088115e-06,2383410.122,6.287645916,6.361074447,0.07342853054,7.445413175e-10
109140,49.99591667,0.04999041667,49.74182405,0.06196350228,2.63448356e-06,2383409.295,6.279052604,6.352315317,0.07326271115,1.748280631e-09
109200,49.99591667,0.04999041667,49.74217366,0.06194715585,2.630886792e-06,2383408.47,6.270477865,6.343575261,0.07309739746,-1.751296885e-09
109260,49.99591667,0.04999041667,49.7425225,0.06193084471,2.627297791e-06,2383407.647,6.261921645,6.334854222,0.07293257672,5.332250197e-10
109320,49.99591667,0.04999041667,49.74287058,0.06191456877,2.623716532e-06,2383406.825,6.25338389,6.326152146,0.0727682573,-1.455850551e-09
109380,49.99591667,0.04999041667,49.74321791,0.06189832791,2.620142994e-06,2383406.006,6.244864547,6.317468978,0.07260443491,-4.729773906e-09
109440,49.99591667,0.04999041667,49.74356448,0.06188212203,2.616577154e-06,2383405.188,6.236363563,6.30880466,0.07244109682,1.980415831e-10
109500,49.99591667,0.04999041667,49.7439103,0.06186595105,2.61301899e-06,2383404.372,6.227880885,6.30015914,0.07227825562,9.031353443e-11
109560,49.99591667,0.04999041667,49.74425537,0.06184981484,2.60946848e-06,2383403.557,6.219416458,6.291532363,0.07211590703,-2.745812466e-09
109620,49.99591667,0.04999041667,49.7445997,0.06183371333,2.605925602e-06,2383402.745,6.210970232,6.282924273,0.07195403831,2.613439243e-09
109680,49.99591667,0.04999041667,49.74494327,0.06181764639,2.602390334e-06,2383401.934,6.202542154,6.274334817,0.07179266205,1.067344435e-09
109740,49.99591667,0.04999041667,49.74528611,0.06180161394,2.598862653e-06,2383401.125,6.19413217,6.265763939,0.07163176553,3.55703289e-09
109800,49.99591667,0.04999041667,49.7456282,0.06178561588,2.595342538e-06,2383400.317,6.18574023,6.257211587,0.07147136135,-3.889877753e-09
109860,49.99591667,0.04999041667,49.74596956,0.06176965211,2.591829968e-06,2383399.512,6.17736628,6.248677707,0.07131142833,-1.286145412e-09
109920,49.99591667,0.04999041667,49.74631018,0.06175372252,2.58832492e-06,2383398.708,6.16901027,6.240162245,0.07115197484,6.635474392e-10
109980,49.99591667,0.04999041667,49.74665006,0.06173782702,2.584827373e-06,2383397.906,6.160672147,6.231665148,0.07099300082,1.137143713e-10
110040,49.99591667,0.04999041667,49.74698921,0.06172196551,2.581337305e-06,2383397.105,6.152351861,6.223186362,0.07083450199,-9.013954028e-10
110100,49.99591667,0.04999041667,49.74732763,0.0617061379,2.577854695e-06,2383396.307,6.14404936,6.214725835,0.07067647405,1.10257492e-09
110160,49.99591667,0.04999041667,49.74766533,0.06169034408,2.574379522e-06,2383395.51,6.135764593,6.206283514,0.07051892539,-4.104341755e-09
110220,49.99591667,0.04999041667,49.74800229,0.06167458397,2.570911764e-06,2383394.715,6.127497509,6.197859346,0.07036183906,-1.924454374e-09
110280,49.99591667,0.04999041667,49.74833854,0.06165885745,2.567451399e-06,2383393.921,6.119248057,6.189453278,0.07020522343,-2.771352037e-09
110340,49.99591667,0.04999041667,49.74867406,0.06164316445,2.563998408e-06,2383393.129,6.111016188,6.18106526,0.07004907422,-2.948230993e-09
110400,49.99591667,0.04999041667,49.74900886,0.06162750486,2.560552768e-06,2383392.339,6.102801851,6.172695237,0.06989338293,3.520045588e-09
110460,49.99591667,0.04999041667,49.74934294,0.06161187858,2.557114459e-06,2383391.551,6.094604995,6.16434316,0.06973816638,-9.8242392e-10
110520,49.99591667,0.04999041667,49.74967631,0.06159628552,2.553683459e-06,2383390.764,6.086425571,6.156008976,0.0695834034,2.064280302e-09
110580,49.99591667,0.04999041667,49.75000896,0.06158072559,2.550259749e-06,2383389.979,6.078263529,6.147692633,0.06942910659,-2.147206857e-09
110640,49.99591667,0.04999041667,49.7503409,0.06156519869,2.546843306e-06,2383389.195,6.070118819,6.139394081,0.06927526323,-1.391069482e-09
110700,49.99591667,0.04999041667,49.75067214,0.06154970473,2.543434111e-06,2383388.414,6.061991392,6.131113267,0.06912187325,1.678451156e-09
110760,49.99591667,0.04999041667,49.75100266,0.06153424362,2.540032143e-06,2383387.634,6.053881199,6.122850142,0.06896894505,-1.556814233e-09
110820,49.99591667,0.04999041667,49.75133248,0.06151881525,2.536637381e-06,2383386.855,6.04578819,6.114604655,0.06881646589,-1.139698114e-09
110880,49.99591667,0.04999041667,49.7516616,0.06150341954,2.533249804e-06,2383386.079,6.037712317,6.106376755,0.06866443993,-2.207008798e-09
110940,49.99591667,0.04999041667,49.75199001,0.0614880564,2.529869393e-06,2383385.304,6.029653531,6.098166391,0.06851285868,1.025634688e-09
111000,49.99591667,0.04999041667,49.75231773,0.06147272572,2.526496127e-06,2383384.53,6.021611784,6.089973514,0.06836173051,-6.288880527e-10
111060,49.99591667,0.04999041667,49.75264474,0.06145742743,2.523129985e-06,2383383.758,6.013587027,6.081798072,0.06821104271,3.235085977e-09
111120,49.99591667,0.04999041667,49.75297107,0.06144216142,2.519770948e-06,2383382.988,6.005579211,6.073640018,0.06806080788,-1.226219126e-09
111180,49.99591667,0.04999041667,49.75329669,0.06142692761,2.516418995e-06,2383382.22,5.997588289,6.0654993,0.0679110133,-3.150574912e-09
111240,49.99591667,0.04999041667,49.75362163,0.06141172591,2.513074106e-06,2383381.453,5.989614214,6.05737587,0.06776165892,-2.389442422e-09
111300,49.99591667,0.04999041667,49.75394588,0.06139655622,2.509736261e-06,2383380.688,5.981656936,6.049269679,0.06761274466,-2.216918205e-09
111360,49.99591667,0.04999041667,49.75426944,0.06138141845,2.506405441e-06,2383379.924,5.97371641,6.041180675,0.06746426204,3.531543946e-09
111420,49.99591667,0.04999041667,49.75459231,0.06136631252,2.503081625e-06,2383379.162,5.965792587,6.033108813,0.06731622789,-2.04205719e-09
111480,49.99591667,0.04999041667,49.75491451,0.06135123833,2.499764794e-06,2383378.402,5.95788542,6.025054041,0.06716862525,-3.484475819e-09
111540,49.99591667,0.04999041667,49.75523601,0.0613361958,2.496454928e-06,2383377.643,5.949994862,6.017016311,0.06702144987,-3.801261528e-10
111600,49.99591667,0.04999041667,49.75555684,0.06132118483,2.493152007e-06,2383376.886,5.942120866,6.008995577,0.06687471011,2.889049e-10
111660,49.99591667,0.04999041667,49.755877,0.06130620533,2.489856012e-06,2383376.13,5.934263386,6.000991787,0.06672840171,-7.862075435e-10
111720,49.99591667,0.04999041667,49.75619647,0.06129125722,2.486566923e-06,2383375.376,5.926422375,5.993004896,0.06658252039,-1.186322152e-10
111780,49.99591667,0.04999041667,49.75651527,0.06127634042,2.483284721e-06,2383374.624,5.918597787,5.985034853,0.0664370661,-2.640385688e-10
111840,49.99591667,0.04999041667,49.7568334,0.06126145482,2.480009386e-06,2383373.873,5.910789576,5.977081614,0.06629203878,1.493916102e-11
111900,49.99591667,0.04999041667,49.75715086,0.06124660034,2.476740899e-06,2383373.124,5.902997694,5.969145129,0.06614743416,4.425588784e-10
111960,49.99591667,0.04999041667,49.75746765,0.0612317769,2.473479241e-06,2383372.376,5.895222098,5.961225351,0.06600325218,1.290136886e-09
112020,49.99591667,0.04999041667,49.75778378,0.06121698441,2.470224393e-06,2383371.63,5.88746274,5.953322233,0.06585949701,-3.904405688e-09
112080,49.99591667,0.04999041667,49.75809924,0.06120222278,2.466976336e-06,2383370.886,5.879719575,5.945435727,0.06571615171,2.169446844e-10
112140,49.99591667,0.04999041667,49.75841404,0.06118749193,2.46373505e-06,2383370.143,5.871992558,5.937565787,0.0655732289,-2.301083768e-10
112200,49.99591667,0.04999041667,49.75872817,0.06117279176,2.460500517e-06,2383369.402,5.864281644,5.929712366,0.0654307243,-1.90227567e-09
112260,49.99591667,0.04999041667,49.75904165,0.0611581222,2.457272717e-06,2383368.662,5.856586787,5.921875417,0.06528862943,7.267164648e-10
112320,49.99591667,0.04999041667,49.75935447,0.06114348315,2.454051632e-06,2383367.923,5.848907943,5.914054894,0.06514694843,3.204161381e-09
112380,49.99591667,0.04999041667,49.75966664,0.06112887454,2.450837244e-06,2383367.187,5.841245066,5.906250752,0.0650056855,-4.019895528e-11
112440,49.99591667,0.04999041667,49.75997815,0.06111429628,2.447629532e-06,2383366.452,5.833598113,5.898462942,0.06486482791,1.122772986e-09
112500,49.99591667,0.04999041667,49.76028901,0.06109974827,2.44442848e-06,2383365.718,5.825967039,5.890691421,0.06472438405,-1.892101587e-09
112560,49.99591667,0.04999041667,49.76059922,0.06108523045,2.441234067e-06,2383364.986,5.818351798,5.882936141,0.06458434122,9.369003351e-10
112620,49.99591667,0.04999041667,49.76090878,0.06107074271,2.438046277e-06,2383364.255,5.810752348,5.875197057,0.06444471202,-3.285823169e-09
112680,49.99591667,0.04999041667,49.7612177,0.06105628499,2.434865089e-06,2383363.526,5.803168645,5.867474124,0.06430548375,-4.359857364e-09
112740,49.99591667,0.04999041667,49.76152597,0.0610418572,2.431690486e-06,2383362.799,5.795600643,5.859767296,0.06416665212,1.057605559e-09
112800,49.99591667,0.04999041667,49.76183361,0.06102745924,2.42852245e-06,2383362.073,5.7880483,5.852076529,0.06402822976,-1.115782133e-09
112860,49.99591667,0.04999041667,49.7621406,0.06101309105,2.425360962e-06,2383361.348,5.780511573,5.844401777,0.06389020818,-3.630765022e-09
112920,49.99591667,0.04999041667,49.76244695,0.06099875254,2.422206004e-06,2383360.625,5.772990417,5.836742996,0.06375257889,1.832072272e-10
112980,49.99591667,0.04999041667,49.76275266,0.06098444362,2.419057558e-06,2383359.904,5.765484789,5.82910014,0.06361535449,-3.805033622e-09
113040,49.99591667,0.04999041667,49.76305774,0.06097016421,2.415915606e-06,2383359.184,5.757994647,5.821473165,0.06347851806,4.231797135e-10
113100,49.99591667,0.04999041667,49.76336219,0.06095591424,2.41278013e-06,2383358.465,5.750519947,5.813862028,0.06334208221,-1.297827623e-09
113160,49.99591667,0.04999041667,49.763666,0.06094169361,2.409651111e-06,2383357.748,5.743060647,5.806266682,0.06320603424,1.343437361e-09
113220,49.99591667,0.04999041667,49.76396918,0.06092750225,2.406528533e-06,2383357.033,5.735616703,5.798687086,0.06307038254,-2.159641355e-10
113280,49.99591667,0.04999041667,49.76427174,0.06091334008,2.403412377e-06,2383356.319,5.728188075,5.791123194,0.06293511862,3.402025328e-10
113340,49.99591667,0.04999041667,49.76457367,0.06089920702,2.400302625e-06,2383355.606,5.720774718,5.783574963,0.06280024665,-1.699071994e-09
113400,49.99591667,0.04999041667,49.76487497,0.06088510298,2.39719926e-06,2383354.895,5.713376591,5.776042349,0.06266575815,6.693845478e-11
113460,49.99591667,0.04999041667,49.76517565,0.06087102789,2.394102264e-06,2383354.185,5.705993652,5.768525309,0.06253165729,4.376818907e-10
113520,49.99591667,0.04999041667,49.76547571,0.06085698166,2.39101162e-06,2383353.477,5.698625858,5.7610238,0.0623979398,1.741810252e-09
113580,49.99591667,0.04999041667,49.76577516,0.06084296422,2.387927309e-06,2383352.771,5.691273169,5.753537778,0.06226460987,-6.713989364e-10
113640,49.99591667,0.04999041667,49.76607398,0.06082897549,2.384849316e-06,2383352.065,5.683935542,5.746067201,0.06213166321,-4.786013363e-09
113700,49.99591667,0.04999041667,49.76637219,0.06081501539,2.381777621e-06,2383351.362,5.676612936,5.738612024,0.06199908715,5.595017782e-10
113760,49.99591667,0.04999041667,49.76666978,0.06080108384,2.378712208e-06,2383350.659,5.66930531,5.731172208,0.06186689849,-9.18481291e-10
113820,49.99591667,0.04999041667,49.76696676,0.06078718075,2.37565306e-06,2383349.958,5.662012622,5.723747707,0.06173508455,1.000239891e-10
113880,49.99591667,0.04999041667,49.76726313,0.06077330606,2.372600159e-06,2383349.259,5.654734831,5.71633848,0.06160364949,-1.083465762e-09
113940,49.99591667,0.04999041667,49.76755889,0.06075945969,2.369553488e-06,2383348.561,5.647471897,5.708944485,0.06147258906,-1.505236824e-09
114000,49.99591667,0.04999041667,49.76785404,0.06074564155,2.366513031e-06,2383347.864,5.640223778,5.701565679,0.06134189898,1.281875939e-09
114060,49.99591667,0.04999041667,49.76814859,0.06073185157,2.363478769e-06,2383347.169,5.632990435,5.694202019,0.06121158345,1.473486222e-09
114120,49.99591667,0.04999041667,49.76844253,0.06071808967,2.360450687e-06,2383346.476,5.625771825,5.686853467,0.0610816424,-3.326894316e-10
114180,49.99591667,0.04999041667,49.76873587,0.06070435578,2.357428766e-06,2383345.783,5.61856791,5.679519978,0.06095207158,-3.369267532e-09
114240,49.99591667,0.04999041667,49.76902861,0.06069064982,2.354412991e-06,2383345.092,5.611378648,5.672201512,0.06082286673,-2.885630401e-09
114300,49.99591667,0.04999041667,49.76932075,0.06067697171,2.351403344e-06,2383344.403,5.604204,5.664898027,0.06069403203,-5.652618817e-09
114360,49.99591667,0.04999041667,49.76961229,0.06066332137,2.348399809e-06,2383343.715,5.597043926,5.657609481,0.06056555477,2.340749816e-10
114420,49.99591667,0.04999041667,49.76990323,0.06064969874,2.345402369e-06,2383343.028,5.589898386,5.650335834,0.06043745179,-4.00503275e-09
114480,49.99591667,0.04999041667,49.77019358,0.06063610373,2.342411008e-06,2383342.343,5.58276734,5.643077044,0.06030970617,-2.387844589e-09
114540,49.99591667,0.04999041667,49.77048334,0.06062253627,2.339425708e-06,2383341.659,5.575650748,5.635833071,0.0601823221,8.823013431e-10
114600,49.99591667,0.04999041667,49.77077251,0.06060899628,2.336446453e-06,2383340.977,5.568548572,5.628603875,0.06005530373,-1.554858464e-09
114660,49.99591667,0.04999041667,49.77106109,0.0605954837,2.333473227e-06,2383340.296,5.561460772,5.621389414,0.05992864261,-5.720908192e-10
114720,49.99591667,0.04999041667,49.77134908,0.06058199843,2.330506014e-06,2383339.616,5.554387309,5.614189649,0.05980233868,1.023737539e-09
114780,49.99591667,0.04999041667,49.77163649,0.06056854042,2.327544797e-06,2383338.938,5.547328143,5.607004537,0.05967639612,-2.323162995e-09
114840,49.99591667,0.04999041667,49.77192331,0.06055510959,2.324589559e-06,2383338.261,5.540283237,5.599834041,0.05955080225,1.925199555e-09
114900,49.99591667,0.04999041667,49.77220954,0.06054170585,2.321640284e-06,2383337.585,5.53325255,5.59267812,0.05942556967,-7.127454182e-11
114960,49.99591667,0.04999041667,49.7724952,0.06052832915,2.318696957e-06,2383336.911,5.526236045,5.585536732,0.05930068568,1.964926888e-09
115020,49.99591667,0.04999041667,49.77278027,0.0605149794,2.315759562e-06,2383336.239,5.519233683,5.578409841,0.0591761587,-3.63834296e-10
115080,49.99591667,0.04999041667,49.77306477,0.06050165654,2.312828081e-06,2383335.567,5.512245425,5.571297405,0.05905198444,-5.230268663e-09
115140,49.99591667,0.04999041667,49.77334869,0.06048836048,2.309902499e-06,2383334.897,5.505271234,5.564199384,0.05892815024,-2.952882383e-10
115200,49.99591667,0.04999041667,49.77363204,0.06047509116,2.3069828e-06,2383334.228,5.498311072,5.557115741,0.05880466869,4.961986377e-10
115260,49.99591667,0.04999041667,49.77391481,0.0604618485,2.304068968e-06,2383333.561,5.491364899,5.550046435,0.05868153555,1.103659386e-10
115320,49.99591667,0.04999041667,49.77419701,0.06044863244,2.301160988e-06,2383332.895,5.484432679,5.542991427,0.05855875076,-2.972916135e-09
115380,49.99591667,0.04999041667,49.77447864,0.0604354429,2.298258843e-06,2383332.23,5.477514374,5.53595068,0.05843630587,-1.860795962e-10
115440,49.99591667,0.04999041667,49.7747597,0.06042227981,2.295362517e-06,2383331.567,5.470609946,5.528924152,0.05831420926,-3.152470285e-09
115500,49.99591667,0.04999041667,49.77504019,0.06040914309,2.292471996e-06,2383330.905,5.463719357,5.521911806,0.05819244825,6.657163709e-10
115560,49.99591667,0.04999041667,49.77532012,0.06039603268,2.289587263e-06,2383330.245,5.456842571,5.514913604,0.05807103124,1.65657621e-09
115620,49.99591667,0.04999041667,49.77559949,0.06038294851,2.286708303e-06,2383329.585,5.44997955,5.507929508,0.05794995817,-8.002176699e-10
115680,49.99591667,0.04999041667,49.77587829,0.0603698905,2.283835099e-06,2383328.927,5.443130258,5.500959478,0.05782922059,-7.046185857e-11
115740,49.99591667,0.04999041667,49.77615653,0.06035685859,2.280967638e-06,2383328.271,5.436294656,5.494003477,0.05770881846,2.488672379e-09
115800,49.99591667,0.04999041667,49.77643421,0.0603438527,2.278105903e-06,2383327.615,5.429472708,5.487061467,0.05758876016,-1.580197306e-09
115860,49.99591667,0.04999041667,49.77671133,0.06033087276,2.275249878e-06,2383326.961,5.422664378,5.480133409,0.05746903302,-2.135180033e-09
115920,49.99591667,0.04999041667,49.7769879,0.06031791871,2.272399549e-06,2383326.309,5.415869629,5.473219266,0.05734964122,-4.019374167e-09
115980,49.99591667,0.04999041667,49.77726391,0.06030499048,2.2695549e-06,2383325.657,5.409088424,5.466319,0.05723057206,3.933286585e-09
116040,49.99591667,0.04999041667,49.77753936,0.06029208799,2.266715916e-06,2383325.007,5.402320727,5.459432574,0.0571118466,6.345333148e-10
116100,49.99591667,0.04999041667,49.77781427,0.06027921117,2.263882582e-06,2383324.358,5.395566502,5.452559951,0.05699344793,1.106749359e-09
116160,49.99591667,0.04999041667,49.77808862,0.06026635997,2.261054882e-06,2383323.711,5.388825713,5.445701093,0.05687538024,2.889501971e-10
116220,49.99591667,0.04999041667,49.77836243,0.0602535343,2.258232802e-06,2383323.065,5.382098323,5.438855963,0.05675763927,5.199680686e-10
116280,49.99591667,0.04999041667,49.77863569,0.06024073411,2.255416327e-06,2383322.42,5.375384298,5.432024524,0.05664022498,1.42309986e-09
116340,49.99591667,0.04999041667,49.7789084,0.06022795932,2.252605441e-06,2383321.776,5.3686836,5.425206739,0.05652314155,-2.453862002e-09
116400,49.99591667,0.04999041667,49.77918056,0.06021520986,2.249800129e-06,2383321.134,5.361996195,5.418402572,0.05640637631,4.58242333e-10
116460,49.99591667,0.04999041667,49.77945219,0.06020248567,2.247000377e-06,2383320.493,5.355322047,5.411611985,0.05628993765,7.847820171e-10
116520,49.99591667,0.04999041667,49.77972327,0.06018978668,2.24420617e-06,2383319.853,5.348661121,5.404834943,0.05617382554,-2.936861421e-09
116580,49.99591667,0.04999041667,49.77999381,0.06017711282,2.241417494e-06,2383319.215,5.34201338,5.398071409,0.05605802729,1.496606394e-09
116640,49.99591667,0.04999041667,49.78026381,0.06016446403,2.238634332e-06,2383318.577,5.335378791,5.391321347,0.05594255551,-1.316458054e-11
116700,49.99591667,0.04999041667,49.78053328,0.06015184024,2.235856671e-06,2383317.941,5.328757318,5.38458472,0.05582740174,-5.165423644e-10
116760,49.99591667,0.04999041667,49.78080221,0.06013924138,2.233084496e-06,2383317.307,5.322148926,5.377861492,0.05571256595,-6.050209223e-10
116820,49.99591667,0.04999041667,49.7810706,0.06012666739,2.230317792e-06,2383316.673,5.315553581,5.371151628,0.05559805231,-5.265091474e-09
116880,49.99591667,0.04999041667,49.78133846,0.06011411819,2.227556545e-06,2383316.041,5.308971247,5.364455091,0.05548384394,-2.760423001e-10
116940,49.99591667,0.04999041667,49.78160579,0.06010159373,2.224800741e-06,2383315.41,5.302401891,5.357771847,0.05536996188,-5.487192922e-09
117000,49.99591667,0.04999041667,49.78187259,0.06008909394,2.222050364e-06,2383314.781,5.295845476,5.351101859,0.055256385,-2.147828582e-09
117060,49.99591667,0.04999041667,49.78213886,0.06007661875,2.219305401e-06,2383314.152,5.289301971,5.344445093,0.05514312594,-3.84465082e-09
117120,49.99591667,0.04999041667,49.78240461,0.0600641681,2.216565837e-06,2383313.525,5.282771339,5.337801512,0.05503017622,-3.491112288e-09
117180,49.99591667,0.04999041667,49.78266982,0.06005174192,2.213831658e-06,2383312.899,5.276253547,5.331171082,0.05491753581,-4.671640852e-10
117240,49.99591667,0.04999041667,49.78293452,0.06003934015,2.211102849e-06,2383312.275,5.269748561,5.324553768,0.05480520469,1.943532446e-09
117300,49.99591667,0.04999041667,49.78319869,0.06002696273,2.208379397e-06,2383311.651,5.263256347,5.317949533,0.0546931828,3.113055591e-09
117360,49.99591667,0.04999041667,49.78346233,0.06001460958,2.205661287e-06,2383311.029,5.256776871,5.311358345,0.05458147856,-4.478139637e-09
117420,49.99591667,0.04999041667,49.78372546,0.06000228065,2.202948505e-06,2383310.408,5.2503101,5.304780168,0.05447007086,-3.034173801e-09
117480,49.99591667,0.04999041667,49.78398807,0.05998997587,2.200241037e-06,2383309.788,5.243856,5.298214967,0.0543589681,-6.44674536e-10
117540,49.99591667,0.04999041667,49.78425016,0.05997769517,2.197538869e-06,2383309.17,5.237414537,5.291662708,0.05424817445,-2.996968007e-09
117600,49.99591667,0.04999041667,49.78451173,0.0599654385,2.194841987e-06,2383308.552,5.230985678,5.285123357,0.05413767725,1.113825476e-09
117660,49.99591667,0.04999041667,49.78477279,0.05995320579,2.192150377e-06,2383307.936,5.22456939,5.278596878,0.0540274891,-1.132651306e-09
117720,49.99591667,0.04999041667,49.78503334,0.05994099697,2.189464025e-06,2383307.321,5.218165641,5.272083239,0.05391760155,-2.656291187e-09
117780,49.99591667,0.04999041667,49.78529337,0.05992881199,2.186782918e-06,2383306.708,5.211774395,5.265582406,0.05380801455,-4.486992999e-09
117840,49.99591667,0.04999041667,49.78555289,0.05991665078,2.184107041e-06,2383306.095,5.205395622,5.259094343,0.05369871967,6.339950787e-10
117900,49.99591667,0.04999041667,49.78581191,0.05990451328,2.18143638e-06,2383305.484,5.199029288,5.252619017,0.0535897295,-2.902433849e-10
117960,49.99591667,0.04999041667,49.78607041,0.05989239943,2.178770923e-06,2383304.874,5.19267536,5.246156396,0.05348103558,-2.803384191e-10
118020,49.99591667,0.04999041667,49.78632841,0.05988030916,2.176110656e-06,2383304.265,5.186333806,5.239706444,0.0533726379,-4.048841262e-10
118080,49.99591667,0.04999041667,49.7865859,0.05986824242,2.173455564e-06,2383303.657,5.180004594,5.233269128,0.05326453641,-1.874423283e-09
118140,49.99591667,0.04999041667,49.78684289,0.05985619913,2.170805634e-06,2383303.051,5.17368769,5.226844416,0.05315672687,-9.290017644e-10
118200,49.99591667,0.04999041667,49.78709938,0.05984417925,2.168160853e-06,2383302.445,5.167383063,5.220432274,0.05304921347,-2.303853108e-09
118260,49.99591667,0.04999041667,49.78735536,0.0598321827,2.165521207e-06,2383301.841,5.161090681,5.214032668,0.05294199196,-4.102766127e-09
118320,49.99591667,0.04999041667,49.78761084,0.05982020943,2.162886683e-06,2383301.238,5.154810511,5.207645567,0.0528350581,-1.958936124e-09
118380,49.99591667,0.04999041667,49.78786583,0.05980825938,2.160257268e-06,2383300.637,5.148542521,5.201270935,0.05272841607,-1.810513517e-09
118440,49.99591667,0.04999041667,49.78812032,0.05979633248,2.157632947e-06,2383300.036,5.14228668,5.194908743,0.05262206163,9.739737905e-10
118500,49.99591667,0.04999041667,49.78837431,0.05978442868,2.155013708e-06,2383299.437,5.136042956,5.188558954,0.05251599897,-1.445875419e-09
118560,49.99591667,0.04999041667,49.78862781,0.05977254791,2.152399538e-06,2383298.838,5.129811318,5.182221539,0.05241021963,1.27939348e-09
118620,49.99591667,0.04999041667,49.78888081,0.05976069012,2.149790422e-06,2383298.241,5.123591733,5.175896463,0.05230472778,2.599668925e-09
118680,49.99591667,0.04999041667,49.78913332,0.05974885524,2.147186349e-06,2383297.645,5.11738417,5.169583696,0.05219952763,-1.957110918e-09
118740,49.99591667,0.04999041667,49.78938534,0.05973704322,2.144587305e-06,2383297.051,5.111188599,5.163283203,0.0520946065,-1.694404617e-09
118800,49.99591667,0.04999041667,49.78963687,0.05972525399,2.141993276e-06,2383296.457,5.105004987,5.156994954,0.05198996857,-9.147349544e-10
118860,49.99591667,0.04999041667,49.78988791,0.0597134875,2.139404251e-06,2383295.865,5.098833303,5.150718917,0.05188561381,-4.117515218e-10
118920,49.99591667,0.04999041667,49.79013846,0.05970174369,2.136820215e-06,2383295.273,5.092673518,5.144455058,0.05178154221,-1.580564124e-09
118980,49.99591667,0.04999041667,49.79038853,0.05969002249,2.134241156e-06,2383294.683,5.086525599,5.138203346,0.05167774951,-2.122434672e-09
119040,49.99591667,0.04999041667,49.79063812,0.05967832386,2.13166706e-06,2383294.094,5.080389516,5.131963751,0.05157423569,-5.041220774e-10
119100,49.99591667,0.04999041667,49.79088722,0.05966664772,2.129097916e-06,2383293.506,5.074265238,5.125736238,0.05147100072,2.250999387e-10
119160,49.99591667,0.04999041667,49.79113584,0.05965499403,2.12653371e-06,2383292.919,5.068152734,5.119520778,0.05136804879,-4.510360974e-09
119220,49.99591667,0.04999041667,49.79138397,0.05964336272,2.123974429e-06,2383292.334,5.062051974,5.113317339,0.05126536722,-2.110759567e-09
119280,49.99591667,0.04999041667,49.79163163,0.05963175374,2.121420061e-06,2383291.749,5.055962928,5.10712589,0.05116296022,1.26314248e-09
119340,49.99591667,0.04999041667,49.79187881,0.05962016703,2.118870593e-06,2383291.166,5.049885565,5.100946399,0.05106083617,-2.48839882e-09
119400,49.99591667,0.04999041667,49.79212551,0.05960860253,2.116326011e-06,2383290.584,5.043819855,5.094778834,0.0509589782,8.525153916e-10
119460,49.99591667,0.04999041667,49.79237174,0.05959706018,2.113786305e-06,2383290.003,5.037765768,5.088623166,0.05085739891,-8.891349879e-10
119520,49.99591667,0.04999041667,49.79261749,0.05958553993,2.11125146e-06,2383289.423,5.031723274,5.082479363,0.05075608986,-5.543574488e-10
119580,49.99591667,0.04999041667,49.79286277,0.05957404172,2.108721465e-06,2383288.844,5.025692342,5.076347394,0.05065505102,6.747864489e-10
119640,49.99591667,0.04999041667,49.79310758,0.05956256549,2.106196307e-06,2383288.266,5.019672944,5.070227228,0.05055428658,-1.904092883e-09
119700,49.99591667,0.04999041667,49.79335191,0.05955111119,2.103675973e-06,2383287.689,5.013665048,5.064118836,0.05045378808,-6.913598583e-10
119760,49.99591667,0.04999041667,49.79359578,0.05953967875,2.101160451e-06,2383287.114,5.007668626,5.058022185,0.05035355971,-1.580415798e-09
119820,49.99591667,0.04999041667,49.79383918,0.05952826813,2.098649728e-06,2383286.54,5.001683649,5.051937246,0.05025359724,-2.229905149e-10
119880,49.99591667,0.04999041667,49.79408211,0.05951687927,2.096143793e-06,2383285.966,4.995710086,5.045863989,0.05015390484,-1.962052742e-09
119940,49.99591667,0.04999041667,49.79432457,0.0595055121,2.093642633e-06,2383285.394,4.989747908,5.039802382,0.05005447407,5.806644054e-10
120000,49.99591667,0.04999041667,49.79456657,0.05949416659,2.091146236e-06,2383284.823,4.983797086,5.033752397,0.04995531333,-2.313354841e-09
120060,49.99591667,0.04999041667,49.79480811,0.05948284266,2.088654588e-06,2383284.253,4.97785759,5.027714002,0.04985641417,-2.554365608e-09
120120,49.99591667,0.04999041667,49.79504918,0.05947154026,2.08616768e-06,2383283.684,4.971929393,5.021687169,0.04975777657,-6.443645617e-11
120180,49.99591667,0.04999041667,49.79528979,0.05946025935,2.083685497e-06,2383283.116,4.966012464,5.015671867,0.0496594047,-1.501325286e-09
120240,49.99591667,0.04999041667,49.79552994,0.05944899985,2.081208028e-06,2383282.549,4.960106775,5.009668066,0.04956129013,1.570874986e-09
120300,49.99591667,0.04999041667,49.79576964,0.05943776173,2.078735261e-06,2383281.984,4.954212296,5.003675737,0.04946344124,-6.157030441e-11
120360,49.99591667,0.04999041667,49.79600887,0.05942654492,2.076267184e-06,2383281.419,4.948329,4.99769485,0.04936584539,4.308739143e-09
120420,49.99591667,0.04999041667,49.79624765,0.05941534937,2.073803785e-06,2383280.856,4.942456858,4.991725376,0.04926851938,-1.659031135e-09
120480,49.99591667,0.04999041667,49.79648598,0.05940417503,2.071345051e-06,2383280.293,4.93659584,4.985767285,0.04917144636,-1.911546477e-09
120540,49.99591667,0.04999041667,49.79672384,0.05939302184,2.068890972e-06,2383279.732,4.93074592,4.979820547,0.0490746305,-3.034298146e-09
120600,49.99591667,0.04999041667,49.79696126,0.05938188974,2.066441534e-06,2383279.171,4.924907067,4.973885135,0.04897806758,5.075939669e-11
120660,49.99591667,0.04999041667,49.79719823,0.05937077869,2.063996727e-06,2383278.612,4.919079255,4.967961018,0.04888176178,1.49445345e-09
120720,49.99591667,0.04999041667,49.79743474,0.05935968862,2.061556538e-06,2383278.054,4.913262454,4.962048168,0.04878571307,1.634514746e-10
120780,49.99591667,0.04999041667,49.7976708,0.0593486195,2.059120956e-06,2383277.497,4.907456638,4.956146554,0.04868991723,-7.513225597e-10
120840,49.99591667,0.04999041667,49.79790642,0.05933757125,2.056689969e-06,2383276.941,4.901661777,4.95025615,0.04859437422,-3.050839581e-10
120900,49.99591667,0.04999041667,49.79814159,0.05932654383,2.054263564e-06,2383276.386,4.895877843,4.944376927,0.04849908823,-4.368456707e-09
120960,49.99591667,0.04999041667,49.79837631,0.0593155372,2.051841732e-06,2383275.832,4.89010481,4.938508855,0.04840404662,-1.946910189e-09
121020,49.99591667,0.04999041667,49.79861059,0.05930455128,2.049424459e-06,2383275.279,4.88434265,4.932651905,0.04830925777,-1.796160554e-09
121080,49.99591667,0.04999041667,49.79884442,0.05929358604,2.047011735e-06,2383274.727,4.878591333,4.926806051,0.04821471745,-3.795914694e-10
121140,49.99591667,0.04999041667,49.79907782,0.05928264141,2.044603547e-06,2383274.176,4.872850835,4.920971261,0.04812042564,1.250925585e-09
121200,49.99591667,0.04999041667,49.79931077,0.05927171735,2.042199885e-06,2383273.627,4.867121125,4.915147511,0.04802638653,-8.216698433e-10
121260,49.99591667,0.04999041667,49.79954328,0.05926081381,2.039800736e-06,2383273.078,4.861402178,4.90933477,0.04793259167,-3.513722646e-10
121320,49.99591667,0.04999041667,49.79977535,0.05924993072,2.03740609e-06,2383272.53,4.855693966,4.90353301,0.04783904525,-1.427988394e-09
121380,49.99591667,0.04999041667,49.80000698,0.05923906805,2.035015934e-06,2383271.984,4.849996462,4.897742203,0.04774574303,-2.091177898e-09
121440,49.99591667,0.04999041667,49.80023817,0.05922822573,2.032630259e-06,2383271.438,4.844309639,4.891962323,0.0476526808,2.934262611e-09
121500,49.99591667,0.04999041667,49.80046893,0.05921740372,2.030249051e-06,2383270.893,4.838633469,4.88619334,0.04755987114,-5.567386552e-10
121560,49.99591667,0.04999041667,49.80069926,0.05920660197,2.0278723e-06,2383270.35,4.832967926,4.880435227,0.04746730141,-8.424629883e-10
121620,49.99591667,0.04999041667,49.80092915,0.05919582042,2.025499995e-06,2383269.807,4.827312983,4.874687956,0.04737497159,1.596092147e-09
121680,49.99591667,0.04999041667,49.80115861,0.05918505903,2.023132125e-06,2383269.266,4.821668613,4.868951501,0.04728288587,2.337579019e-09
121740,49.99591667,0.04999041667,49.80138763,0.05917431774,2.020768677e-06,2383268.725,4.816034789,4.863225833,0.04719104422,-7.508678124e-10
121800,49.99591667,0.04999041667,49.80161623,0.0591635965,2.018409642e-06,2383268.186,4.810411485,4.857510925,0.0470994382,1.050858067e-09
121860,49.99591667,0.04999041667,49.8018444,0.05915289526,2.016055008e-06,2383267.647,4.804798675,4.851806748,0.047008072,1.612508349e-09
121920,49.99591667,0.04999041667,49.80207214,0.05914221397,2.013704763e-06,2383267.11,4.799196331,4.846113278,0.04691694559,1.197520305e-09
121980,49.99591667,0.04999041667,49.80229945,0.05913155258,2.011358898e-06,2383266.573,4.793604428,4.840430485,0.04682605897,-1.31502631e-09
122040,49.99591667,0.04999041667,49.80252633,0.05912091105,2.0090174e-06,2383266.038,4.788022939,4.834758344,0.04673540368,1.975133834e-09
122100,49.99591667,0.04999041667,49.80275279,0.05911028931,2.006680259e-06,2383265.503,4.782451837,4.829096827,0.04664499232,-2.382622988e-09
122160,49.99591667,0.04999041667,49.80297883,0.05909968732,2.004347464e-06,2383264.97,4.776891098,4.823445908,0.04655481227,-2.8460585e-09
122220,49.99591667,0.04999041667,49.80320444,0.05908910504,2.002019004e-06,2383264.438,4.771340695,4.817805559,0.04646486769,-2.986050518e-09
122280,49.99591667,0.04999041667,49.80342964,0.05907854241,1.999694868e-06,2383263.906,4.765800601,4.812175754,0.04637515437,-1.321575738e-09
122340,49.99591667,0.04999041667,49.80365441,0.05906799938,1.997375045e-06,2383263.376,4.760270792,4.806556467,0.04628567227,2.399872301e-09
122400,49.99591667,0.04999041667,49.80387876,0.0590574759,1.995059525e-06,2383262.846,4.754751241,4.800947669,0.04619643401,-5.221276744e-09
122460,49.99591667,0.04999041667,49.80410269,0.05904697193,1.992748296e-06,2383262.318,4.749241922,4.795349337,0.04610741432,6.213536352e-10
122520,49.99591667,0.04999041667,49.80432621,0.05903648742,1.990441348e-06,2383261.79,4.74374281,4.789761441,0.0460186342,-3.472043986e-09
122580,49.99591667,0.04999041667,49.80454931,0.05902602231,1.988138671e-06,2383261.264,4.73825388,4.784183959,0.04593008103,-2.109908692e-09
122640,49.99591667,0.04999041667,49.80477199,0.05901557656,1.985840253e-06,2383260.738,4.732775106,4.77861686,0.04584175477,-3.938378512e-10
122700,49.99591667,0.04999041667,49.80499426,0.05900515012,1.983546083e-06,2383260.214,4.727306462,4.773060122,0.04575365962,-1.273416927e-10
122760,49.99591667,0.04999041667,49.80521612,0.05899474294,1.981256152e-06,2383259.69,4.721847924,4.767513717,0.04566579135,1.547626027e-09
122820,49.99591667,0.04999041667,49.80543756,0.05898435498,1.978970449e-06,2383259.167,4.716399465,4.761977619,0.04557815414,-8.564331466e-10
122880,49.99591667,0.04999041667,49.80565859,0.05897398618,1.976688963e-06,2383258.646,4.710961062,4.756451802,0.04549073957,7.148024395e-10
122940,49.99591667,0.04999041667,49.80587922,0.0589636365,1.974411684e-06,2383258.125,4.705532688,4.750936241,0.04540355181,8.582112798e-10
123000,49.99591667,0.04999041667,49.80609943,0.05895330589,1.972138601e-06,2383257.605,4.700114319,4.745430909,0.04531659505,-5.139090931e-09
123060,49.99591667,0.04999041667,49.80631924,0.05894299431,1.969869703e-06,2383257.087,4.69470593,4.739935782,0.04522985245,-6.152589549e-11
123120,49.99591667,0.04999041667,49.80653863,0.0589327017,1.967604981e-06,2383256.569,4.689307496,4.734450833,0.0451433366,7.208251773e-10
123180,49.99591667,0.04999041667,49.80675763,0.05892242802,1.965344424e-06,2383256.052,4.683918992,4.728976038,0.04505704329,2.474584093e-09
123240,49.99591667,0.04999041667,49.80697621,0.05891217322,1.963088021e-06,2383255.536,4.678540394,4.723511371,0.04497097669,-2.624025441e-10
123300,49.99591667,0.04999041667,49.80719439,0.05890193725,1.960835763e-06,2383255.021,4.673171678,4.718056806,0.04488512837,-2.127542587e-10
123360,49.99591667,0.04999041667,49.80741217,0.05889172007,1.958587638e-06,2383254.507,4.667812817,4.712612318,0.04479950253,-1.398528404e-09
123420,49.99591667,0.04999041667,49.80762955,0.05888152164,1.956343638e-06,2383253.994,4.662463789,4.707177884,0.04471409493,-1.932605187e-10
123480,49.99591667,0.04999041667,49.80784653,0.0588713419,1.954103751e-06,2383253.482,4.657124568,4.701753475,0.04462890556,1.013159334e-09
123540,49.99591667,0.04999041667,49.8080631,0.0588611808,1.951867967e-06,2383252.971,4.651795131,4.696339068,0.0445439386,-1.346553091e-09
123600,49.99591667,0.04999041667,49.80827928,0.05885103831,1.949636276e-06,2383252.461,4.646475453,4.690934638,0.04445918563,-1.07789333e-10
123660,49.99591667,0.04999041667,49.80849506,0.05884091438,1.947408668e-06,2383251.952,4.64116551,4.685540162,0.04437465502,-2.966424439e-09
123720,49.99591667,0.04999041667,49.80871044,0.05883080896,1.945185134e-06,2383251.443,4.635865277,4.680155612,0.04429033416,5.950200332e-10
123780,49.99591667,0.04999041667,49.80892543,0.058820722,1.942965662e-06,2383250.936,4.630574732,4.674780965,0.04420623143,1.264991667e-09
123840,49.99591667,0.04999041667,49.80914002,0.05881065346,1.940750243e-06,2383250.43,4.62529385,4.669416196,0.0441223426,3.368471724e-09
123900,49.99591667,0.04999041667,49.80935422,0.05880060329,1.938538867e-06,2383249.924,4.620022607,4.664061281,0.04403867607,-1.976180108e-09
123960,49.99591667,0.04999041667,49.80956802,0.05879057145,1.936331523e-06,2383249.419,4.614760979,4.658716195,0.043955215,4.347127103e-10
124020,49.99591667,0.04999041667,49.80978143,0.0587805579,1.934128203e-06,2383248.916,4.609508943,4.653380913,0.04387197198,-1.88843341e-09
124080,49.99591667,0.04999041667,49.80999445,0.05877056259,1.931928896e-06,2383248.413,4.604266475,4.648055412,0.04378893859,-1.220899826e-09
124140,49.99591667,0.04999041667,49.81020708,0.05876058546,1.929733592e-06,2383247.911,4.599033552,4.642739668,0.04370611481,1.688818863e-09
124200,49.99591667,0.04999041667,49.81041932,0.05875062649,1.927542281e-06,2383247.41,4.593810149,4.637433656,0.04362350903,-2.223690565e-09
124260,49.99591667,0.04999041667,49.81063117,0.05874068562,1.925354953e-06,2383246.91,4.588596244,4.632137351,0.04354110862,-1.474261602e-09
124320,49.99591667,0.04999041667,49.81084264,0.05873076281,1.9231716e-06,2383246.411,4.583391813,4.62685073,0.04345891776,-6.822444831e-10
124380,49.99591667,0.04999041667,49.81105372,0.05872085801,1.92099221e-06,2383245.913,4.578196833,4.62157377,0.04337693643,-2.943156829e-10
124440,49.99591667,0.04999041667,49.81126441,0.05871097119,1.918816774e-06,2383245.416,4.573011281,4.616306445,0.04329516042,3.690135308e-09
124500,49.99591667,0.04999041667,49.81147472,0.05870110229,1.916645283e-06,2383244.92,4.567835134,4.611048733,0.04321360232,-3.034100082e-09
124560,49.99591667,0.04999041667,49.81168464,0.05869125128,1.914477727e-06,2383244.424,4.562668368,4.60580061,0.04313224529,-3.503958013e-09
124620,49.99591667,0.04999041667,49.81189418,0.0586814181,1.912314096e-06,2383243.93,4.557510961,4.600562052,0.04305109352,-2.628622653e-09
124680,49.99591667,0.04999041667,49.81210335,0.05867160272,1.91015438e-06,2383243.436,4.552362889,4.595333034,0.04297014699,-1.800003702e-09
124740,49.99591667,0.04999041667,49.81231213,0.05866180509,1.907998571e-06,2383242.943,4.54722413,4.590113535,0.04288940569,-1.163888541e-09
124800,49.99591667,0.04999041667,49.81252053,0.05865202517,1.905846658e-06,2383242.452,4.542094662,4.584903531,0.0428088696,-5.524443125e-10
124860,49.99591667,0.04999041667,49.81272855,0.05864226292,1.903698632e-06,2383241.961,4.53697446,4.579702998,0.04272853869,-8.046230349e-10
124920,49.99591667,0.04999041667,49.81293619,0.05863251828,1.901554483e-06,2383241.471,4.531863503,4.574511912,0.04264841296,-4.336330406e-09
124980,49.99591667,0.04999041667,49.81314346,0.05862279123,1.899414203e-06,2383240.981,4.526761769,4.569330251,0.04256848397,-1.598144728e-09
125040,49.99591667,0.04999041667,49.81335035,0.05861308171,1.897277781e-06,2383240.493,4.521669234,4.564157992,0.04248875592,2.111186781e-09
125100,49.99591667,0.04999041667,49.81355686,0.05860338969,1.895145208e-06,2383240.006,4.516585876,4.558995111,0.0424092372,-2.138571986e-09
125160,49.99591667,0.04999041667,49.813763,0.05859371512,1.893016475e-06,2383239.519,4.511511673,4.553841585,0.04232991096,1.447587827e-09
125220,49.99591667,0.04999041667,49.81396877,0.05858405795,1.890891572e-06,2383239.034,4.506446602,4.548697392,0.04225078981,5.89244209e-11
125280,49.99591667,0.04999041667,49.81417417,0.05857441815,1.88877049e-06,2383238.549,4.501390642,4.54356251,0.04217186533,2.254953557e-09
125340,49.99591667,0.04999041667,49.81437919,0.05856479568,1.88665322e-06,2383238.065,4.49634377,4.538436913,0.0420931459,-2.758589801e-09
125400,49.99591667,0.04999041667,49.81458384,0.05855519048,1.884539753e-06,2383237.582,4.491305964,4.533320581,0.04201461469,2.079578287e-09
125460,49.99591667,0.04999041667,49.81478813,0.05854560253,1.882430079e-06,2383237.1,4.486277202,4.528213491,0.04193628851,1.494573354e-10
125520,49.99591667,0.04999041667,49.81499204,0.05853603177,1.880324189e-06,2383236.619,4.481257462,4.523115619,0.04185815892,-2.458318882e-09
125580,49.99591667,0.04999041667,49.81519559,0.05852647817,1.878222074e-06,2383236.138,4.476246722,4.518026943,0.0417802217,-1.293144258e-09
125640,49.99591667,0.04999041667,49.81539877,0.05851694169,1.876123725e-06,2383235.659,4.471244961,4.512947442,0.04170248105,-4.408677867e-10
125700,49.99591667,0.04999041667,49.81560158,0.05850742227,1.874029132e-06,2383235.18,4.466252156,4.507877093,0.04162493695,-4.359099748e-10
125760,49.99591667,0.04999041667,49.81580403,0.05849791989,1.871938287e-06,2383234.702,4.461268286,4.502815871,0.04154758518,-1.608091438e-10
125820,49.99591667,0.04999041667,49.81600612,0.0584884345,1.86985118e-06,2383234.226,4.45629333,4.497763759,0.04147042992,-9.954357338e-10
125880,49.99591667,0.04999041667,49.81620784,0.05847896606,1.867767803e-06,2383233.75,4.451327265,4.492720731,0.04139346696,-9.786020883e-10
125940,49.99591667,0.04999041667,49.8164092,0.05846951453,1.865688146e-06,2383233.274,4.44637007,4.487686764,0.04131669627,-1.826745866e-09
126000,49.99591667,0.04999041667,49.81661019,0.05846007986,1.863612201e-06,2383232.8,4.441421724,4.482661839,0.04124011365,1.712064268e-09
126060,49.99591667,0.04999041667,49.81681083,0.05845066202,1.861539958e-06,2383232.326,4.436482205,4.477645934,0.04116372749,7.847136274e-10
126120,49.99591667,0.04999041667,49.81701111,0.05844126097,1.859471409e-06,2383231.854,4.431551493,4.472639024,0.04108753355,-1.828703411e-09
126180,49.99591667,0.04999041667,49.81721102,0.05843187666,1.857406544e-06,2383231.382,4.426629565,4.46764109,0.04101152763,-2.599336746e-09
126240,49.99591667,0.04999041667,49.81741058,0.05842250906,1.855345355e-06,2383230.911,4.421716401,4.46265211,0.04093571392,-5.507081902e-09
126300,49.99591667,0.04999041667,49.81760978,0.05841315812,1.853287833e-06,2383230.441,4.41681198,4.457672061,0.04086007978,1.141327033e-09
126360,49.99591667,0.04999041667,49.81780863,0.05840382381,1.851233969e-06,2383229.972,4.41191628,4.452700921,0.04078464201,-1.300112906e-09
126420,49.99591667,0.04999041667,49.81800712,0.05839450609,1.849183755e-06,2383229.503,4.407029281,4.447738671,0.04070938799,2.021753431e-09
126480,49.99591667,0.04999041667,49.81820526,0.05838520491,1.84713718e-06,2383229.036,4.402150961,4.442785286,0.04063432612,-8.636700244e-10
126540,49.99591667,0.04999041667,49.81840304,0.05837592023,1.845094238e-06,2383228.569,4.3972813,4.437840748,0.04055944797,-8.774492244e-11
126600,49.99591667,0.04999041667,49.81860047,0.05836665202,1.843054919e-06,2383228.103,4.392420277,4.432905034,0.04048475772,-1.047824938e-09
126660,49.99591667,0.04999041667,49.81879754,0.05835740024,1.841019213e-06,2383227.638,4.387567871,4.427978122,0.04041025537,-4.342855853e-09
126720,49.99591667,0.04999041667,49.81899427,0.05834816484,1.838987114e-06,2383227.174,4.382724062,4.423059993,0.04033593248,-2.023941903e-09
126780,49.99591667,0.04999041667,49.81919064,0.05833894579,1.836958612e-06,2383226.71,4.377888829,4.418150622,0.04026179326,6.049738488e-11
126840,49.99591667,0.04999041667,49.81938667,0.05832974305,1.834933698e-06,2383226.247,4.373062151,4.413249992,0.04018784189,-7.555884807e-10
126900,49.99591667,0.04999041667,49.81958234,0.05832055658,1.832912364e-06,2383225.786,4.368244008,4.408358079,0.04011407415,-3.507906854e-09
126960,49.99591667,0.04999041667,49.81977767,0.05831138634,1.830894601e-06,2383225.325,4.36343438,4.403474864,0.04004048582,-1.51630708e-09
127020,49.99591667,0.04999041667,49.81997265,0.05830223229,1.828880401e-06,2383224.865,4.358633246,4.398600325,0.0399670811,-1.273532391e-09
127080,49.99591667,0.04999041667,49.82016729,0.0582930944,1.826869755e-06,2383224.405,4.353840585,4.393734442,0.03989385576,9.517826527e-10
127140,49.99591667,0.04999041667,49.82036158,0.05828397262,1.824862655e-06,2383223.947,4.349056378,4.388877192,0.03982081399,2.01560546e-10
127200,49.99591667,0.04999041667,49.82055552,0.05827486691,1.822859092e-06,2383223.489,4.344280605,4.384028558,0.03974795578,-2.743166583e-09
127260,49.99591667,0.04999041667,49.82074913,0.05826577725,1.820859058e-06,2383223.032,4.339513245,4.379188516,0.03967526851,2.702871704e-09
127320,49.99591667,0.04999041667,49.82094238,0.05825670358,1.818862544e-06,2383222.576,4.334754278,4.374357046,0.03960276897,-7.597122931e-10
127380,49.99591667,0.04999041667,49.8211353,0.05824764587,1.816869543e-06,2383222.121,4.330003684,4.369534129,0.03953044874,-3.61614827e-09
127440,49.99591667,0.04999041667,49.82132788,0.05823860409,1.814880045e-06,2383221.666,4.325261444,4.364719744,0.03945829941,5.238556255e-10
127500,49.99591667,0.04999041667,49.82152011,0.05822957819,1.812894042e-06,2383221.213,4.320527537,4.359913868,0.03938633357,-2.514617847e-09
127560,49.99591667,0.04999041667,49.82171201,0.05822056814,1.810911526e-06,2383220.76,4.315801943,4.355116484,0.0393145386,1.806364835e-09
127620,49.99591667,0.04999041667,49.82190356,0.0582115739,1.808932489e-06,2383220.308,4.311084644,4.350327571,0.03924292708,-1.134168315e-10
127680,49.99591667,0.04999041667,49.82209478,0.05820259543,1.806956923e-06,2383219.856,4.306375618,4.345547107,0.03917149061,-2.130465582e-09
127740,49.99591667,0.04999041667,49.82228566,0.0581936327,1.804984819e-06,2383219.406,4.301674847,4.340775073,0.03910022496,7.303295746e-10
127800,49.99591667,0.04999041667,49.82247621,0.05818468566,1.803016169e-06,2383218.956,4.296982311,4.33601145,0.03902913853,-2.454125791e-11
127860,49.99591667,0.04999041667,49.82266642,0.05817575429,1.801050964e-06,2383218.507,4.29229799,4.331256216,0.03895822711,-1.947261019e-09
127920,49.99591667,0.04999041667,49.82285629,0.05816683854,1.799089198e-06,2383218.059,4.287621866,4.326509352,0.03888748647,-3.231175327e-10
127980,49.99591667,0.04999041667,49.82304583,0.05815793837,1.79713086e-06,2383217.612,4.282953917,4.321770837,0.0388169208,-1.323589238e-09
128040,49.99591667,0.04999041667,49.82323504,0.05814905376,1.795175945e-06,2383217.165,4.278294126,4.317040652,0.03874652589,1.383533288e-10
128100,49.99591667,0.04999041667,49.82342392,0.05814018465,1.793224442e-06,2383216.72,4.273642472,4.312318777,0.03867630593,-7.919469525e-10
128160,49.99591667,0.04999041667,49.82361246,0.05813133103,1.791276345e-06,2383216.275,4.268998937,4.307605193,0.0386062567,-1.28519595e-09
128220,49.99591667,0.04999041667,49.82380067,0.05812249284,1.789331645e-06,2383215.83,4.264363502,4.30289988,0.03853637819,-4.224895989e-10
128280,49.99591667,0.04999041667,49.82398855,0.05811367005,1.787390334e-06,2383215.387,4.259736146,4.298202817,0.03846667039,7.853095951e-11
128340,49.99591667,0.04999041667,49.82417611,0.05810486264,1.785452404e-06,2383214.944,4.255116852,4.293513986,0.03839712908,4.301760725e-09
128400,49.99591667,0.04999041667,49.82436333,0.05809607055,1.783517848e-06,2383214.503,4.2505056,4.288833367,0.03832776686,-5.972351502e-10
128460,49.99591667,0.04999041667,49.82455023,0.05808729375,1.781586657e-06,2383214.061,4.245902372,4.28416094,0.0382585711,-2.429865198e-09
128520,49.99591667,0.04999041667,49.8247368,0.05807853222,1.779658823e-06,2383213.621,4.241307147,4.279496686,0.03818954179,-2.732176263e-09
128580,49.99591667,0.04999041667,49.82492304,0.05806978591,1.777734338e-06,2383213.182,4.236719908,4.274840586,0.03812068313,-5.52715651e-09
128640,49.99591667,0.04999041667,49.82510896,0.05806105478,1.775813195e-06,2383212.743,4.232140636,4.27019262,0.03805198669,-2.3965816e-09
128700,49.99591667,0.04999041667,49.82529456,0.0580523388,1.773895386e-06,2383212.305,4.227569311,4.265552768,0.03798345666,5.787264001e-10
128760,49.99591667,0.04999041667,49.82547983,0.05804363794,1.771980902e-06,2383211.868,4.223005916,4.260921014,0.03791509724,3.61564112e-10
128820,49.99591667,0.04999041667,49.82566477,0.05803495216,1.770069737e-06,2383211.431,4.218450431,4.256297335,0.03784690421,-1.184874421e-10
128880,49.99591667,0.04999041667,49.8258494,0.05802628143,1.768161882e-06,2383210.995,4.213902839,4.251681714,0.03777887756,-1.929171489e-09
128940,49.99591667,0.04999041667,49.8260337,0.0580176257,1.766257329e-06,2383210.56,4.20936312,4.247074132,0.03771100887,3.315952846e-09
129000,49.99591667,0.04999041667,49.82621768,0.05800898494,1.764356071e-06,2383210.126,4.204831256,4.242474569,0.03764331494,-1.76932069e-09
129060,49.99591667,0.04999041667,49.82640135,0.05800035913,1.762458101e-06,2383209.693,4.200307228,4.237883007,0.03757577894,-1.767208602e-11
129120,49.99591667,0.04999041667,49.82658469,0.05799174822,1.760563409e-06,2383209.26,4.195791019,4.233299427,0.03750840927,-1.533392968e-09
129180,49.99591667,0.04999041667,49.82676771,0.05798315218,1.758671989e-06,2383208.828,4.19128261,4.22872381,0.03744120172,-1.548216666e-09
129240,49.99591667,0.04999041667,49.82695042,0.05797457097,1.756783833e-06,2383208.397,4.186781983,4.224156137,0.03737415206,2.154138201e-09
129300,49.99591667,0.04999041667,49.82713281,0.05796600456,1.754898934e-06,2383207.967,4.182289119,4.21959639,0.0373072687,2.334825666e-09
129360,49.99591667,0.04999041667,49.82731488,0.05795745291,1.753017283e-06,2383207.537,4.177804001,4.21504455,0.03724055162,-1.970538399e-09
129420,49.99591667,0.04999041667,49.82749664,0.057948916,1.751138873e-06,2383207.108,4.17332661,4.210500599,0.0371739882,1.535092053e-09
129480,49.99591667,0.04999041667,49.82767809,0.05794039378,1.749263697e-06,2383206.68,4.168856928,4.205964517,0.03710759104,-2.01690753e-09
129540,49.99591667,0.04999041667,49.82785922,0.05793188623,1.747391747e-06,2383206.252,4.164394938,4.201436287,0.03704134752,2.282259715e-09
129600,49.99591667,0.04999041667,49.82804003,0.0579233933,1.745523016e-06,2383205.826,4.15994062,4.196915891,0.03697527024,-8.97095731e-11
129660,49.99591667,0.04999041667,49.82822053,0.05791491496,1.743657496e-06,2383205.4,4.155493959,4.192403308,0.03690934657,2.731399995e-09
129720,49.99591667,0.04999041667,49.82840073,0.05790645119,1.741795179e-06,2383204.974,4.151054935,4.187898522,0.0368435891,-1.651706327e-09
129780,49.99591667,0.04999041667,49.82858061,0.05789800194,1.739936058e-06,2383204.55,4.146623531,4.183401515,0.03677798524,-1.114900172e-09
129840,49.99591667,0.04999041667,49.82876018,0.05788956718,1.738080127e-06,2383204.126,4.142199729,4.178912266,0.03671253916,-1.866844457e-09
129900,49.99591667,0.04999041667,49.82893944,0.05788114688,1.736227376e-06,2383203.703,4.137783512,4.17443076,0.03664724664,2.091857354e-09
129960,49.99591667,0.04999041667,49.82911839,0.05787274101,1.734377799e-06,2383203.281,4.133374861,4.169956978,0.03658211609,9.37223632e-10
130020,49.99591667,0.04999041667,49.82929703,0.05786434952,1.732531389e-06,2383202.859,4.12897376,4.165490902,0.03651714329,-1.34596867e-09
130080,49.99591667,0.04999041667,49.82947537,0.05785597239,1.730688138e-06,2383202.438,4.124580191,4.161032513,0.03645232403,-1.353448909e-09
130140,49.99591667,0.04999041667,49.82965339,0.05784760959,1.728848039e-06,2383202.018,4.120194135,4.156581794,0.0363876583,-9.741540907e-12
130200,49.99591667,0.04999041667,49.82983112,0.05783926108,1.727011084e-06,2383201.599,4.115815577,4.152138726,0.03632315027,-1.453636322e-09
130260,49.99591667,0.04999041667,49.83000853,0.05783092683,1.725177267e-06,2383201.18,4.111444499,4.147703293,0.03625879576,-1.848121656e-09
130320,49.99591667,0.04999041667,49.83018565,0.0578226068,1.72334658e-06,2383200.762,4.107080882,4.143275476,0.03619459893,-5.741258136e-09
130380,49.99591667,0.04999041667,49.83036246,0.05781430097,1.721519015e-06,2383200.345,4.102724711,4.138855256,0.03613054719,-1.764432156e-09
130440,49.99591667,0.04999041667,49.83053896,0.05780600929,1.719694567e-06,2383199.928,4.098375967,4.134442619,0.03606665312,-1.217355106e-09
130500,49.99591667,0.04999041667,49.83071516,0.05779773174,1.717873226e-06,2383199.512,4.094034634,4.130037545,0.03600290831,2.214450845e-09
130560,49.99591667,0.04999041667,49.83089107,0.05778946829,1.716054987e-06,2383199.097,4.089700695,4.125640016,0.03593932115,1.915738679e-10
130620,49.99591667,0.04999041667,49.83106667,0.0577812189,1.714239841e-06,2383198.683,4.085374132,4.121250015,0.03587588322,6.0419314e-10
130680,49.99591667,0.04999041667,49.83124197,0.05777298353,1.712427783e-06,2383198.269,4.081054928,4.116867526,0.03581259453,3.239344792e-09
130740,49.99591667,0.04999041667,49.83141697,0.05776476216,1.710618804e-06,2383197.856,4.076743066,4.112492529,0.03574946345,-9.516334387e-10
130800,49.99591667,0.04999041667,49.83159167,0.05775655476,1.708812898e-06,2383197.444,4.072438531,4.108125008,0.03568647737,-1.607016742e-10
130860,49.99591667,0.04999041667,49.83176607,0.05774836129,1.707010058e-06,2383197.032,4.068141303,4.103764946,0.03562364469,-2.400390109e-09
130920,49.99591667,0.04999041667,49.83194017,0.05774018172,1.705210276e-06,2383196.621,4.063851368,4.099412325,0.035560957,-4.180629176e-10
130980,49.99591667,0.04999041667,49.83211398,0.05773201602,1.703413546e-06,2383196.211,4.059568708,4.095067128,0.03549842268,-2.479890959e-09
131040,49.99591667,0.04999041667,49.83228749,0.05772386416,1.70161986e-06,2383195.802,4.055293306,4.090729338,0.03543603332,-7.609948227e-10
131100,49.99591667,0.04999041667,49.83246071,0.0577157261,1.699829212e-06,2383195.393,4.051025145,4.086398938,0.03537379311,-3.115614433e-10
131160,49.99591667,0.04999041667,49.83263363,0.05770760181,1.698041594e-06,2383194.985,4.04676421,4.082075911,0.03531170205,-1.15351817e-09
131220,49.99591667,0.04999041667,49.83280626,0.05769949126,1.696257e-06,2383194.577,4.042510483,4.077760239,0.03524975592,-3.034790197e-10
131280,49.99591667,0.04999041667,49.83297859,0.05769139443,1.694475422e-06,2383194.171,4.038263948,4.073451907,0.03518795892,-6.66274147e-10
131340,49.99591667,0.04999041667,49.83315063,0.05768331127,1.692696854e-06,2383193.765,4.034024589,4.069150896,0.03512630682,-9.335376916e-11
131400,49.99591667,0.04999041667,49.83332238,0.05767524176,1.69092129e-06,2383193.359,4.029792388,4.064857189,0.03506480383,-2.792713616e-09
131460,49.99591667,0.04999041667,49.83349384,0.05766718587,1.689148721e-06,2383192.955,4.02556733,4.060570772,0.03500344152,3.208366905e-11
131520,49.99591667,0.04999041667,49.833665,0.05765914356,1.687379141e-06,2383192.551,4.021349399,4.056291625,0.0349422283,-1.473358324e-09
131580,49.99591667,0.04999041667,49.83383588,0.0576511148,1.685612543e-06,2383192.147,4.017138577,4.052019733,0.03488115575,3.385842717e-10
131640,49.99591667,0.04999041667,49.83400646,0.05764309957,1.683848921e-06,2383191.745,4.012934849,4.047755079,0.03482023227,-1.93713845e-09
131700,49.99591667,0.04999041667,49.83417676,0.05763509783,1.682088268e-06,2383191.343,4.008738198,4.043497647,0.03475944943,-8.939640139e-10
131760,49.99591667,0.04999041667,49.83434677,0.05762710955,1.680330577e-06,2383190.942,4.004548609,4.039247419,0.03469881143,-2.037218394e-09
131820,49.99591667,0.04999041667,49.83451649,0.0576191347,1.67857584e-06,2383190.541,4.000366065,4.035004379,0.03463831407,-3.032818441e-10
131880,49.99591667,0.04999041667,49.83468593,0.05761117326,1.676824053e-06,2383190.141,3.99619055,4.030768511,0.03457796153,-7.900649024e-10
131940,49.99591667,0.04999041667,49.83485507,0.05760322518,1.675075206e-06,2383189.742,3.992022049,4.026539799,0.0345177496,3.514553093e-10
132000,49.99591667,0.04999041667,49.83502394,0.05759529043,1.673329295e-06,2383189.344,3.987860544,4.022318225,0.03445768248,-2.011188105e-09
132060,49.99591667,0.04999041667,49.83519252,0.057587369,1.671586312e-06,2383188.946,3.983706021,4.018103774,0.03439775595,-3.061470633e-09
132120,49.99591667,0.04999041667,49.83536081,0.05757946085,1.669846251e-06,2383188.548,3.979558463,4.013896429,0.0343379658,-1.144830897e-10
132180,49.99591667,0.04999041667,49.83552882,0.05757156594,1.668109105e-06,2383188.152,3.975417855,4.009696174,0.03427831623,2.868693283e-09
132240,49.99591667,0.04999041667,49.83569655,0.05756368425,1.666374867e-06,2383187.756,3.971284181,4.005502994,0.03421881561,-2.668394394e-09
132300,49.99591667,0.04999041667,49.83586399,0.05755581575,1.664643531e-06,2383187.361,3.967157424,4.001316871,0.03415944716,-6.385585394e-10
132360,49.99591667,0.04999041667,49.83603116,0.05754796041,1.66291509e-06,2383186.966,3.96303757,3.997137788,0.03410021925,-1.090639135e-09
132420,49.99591667,0.04999041667,49.83619804,0.0575401182,1.661189538e-06,2383186.573,3.958924602,3.992965732,0.03404112768,2.000910992e-09
132480,49.99591667,0.04999041667,49.83636464,0.05753228908,1.659466868e-06,2383186.179,3.954818506,3.988800686,0.03398218083,-9.357337127e-10
132540,49.99591667,0.04999041667,49.83653096,0.05752447304,1.657747074e-06,2383185.787,3.950719264,3.984642632,0.03392337031,-2.85452062e-09
132600,49.99591667,0.04999041667,49.836697,0.05751667003,1.656030148e-06,2383185.395,3.946626863,3.980491556,0.03386469189,7.484182163e-10
132660,49.99591667,0.04999041667,49.83686277,0.05750888003,1.654316085e-06,2383185.004,3.942541287,3.976347441,0.03380615817,-3.252910385e-09
132720,49.99591667,0.04999041667,49.83702826,0.05750110301,1.652604879e-06,2383184.613,3.938462519,3.972210273,0.03374775234,2.277292577e-09
132780,49.99591667,0.04999041667,49.83719347,0.05749333895,1.650896522e-06,2383184.223,3.934390545,3.968080035,0.033689487,2.940785393e-09
132840,49.99591667,0.04999041667,49.8373584,0.0574855878,1.649191008e-06,2383183.834,3.930325349,3.963956711,0.03363136212,-2.955871103e-10
132900,49.99591667,0.04999041667,49.83752306,0.05747784955,1.64748833e-06,2383183.446,3.926266916,3.959840286,0.03357336931,1.077069101e-09
132960,49.99591667,0.04999041667,49.83768744,0.05747012416,1.645788484e-06,2383183.058,3.922215231,3.955730743,0.03351551275,-3.307825125e-10
133020,49.99591667,0.04999041667,49.83785154,0.0574624116,1.644091461e-06,2383182.67,3.918170278,3.951628068,0.03345779244,-1.925687609e-09
133080,49.99591667,0.04999041667,49.83801538,0.05745471186,1.642397256e-06,2383182.284,3.914132043,3.947532245,0.03340020417,-2.164461943e-09
133140,49.99591667,0.04999041667,49.83817894,0.05744702488,1.640705862e-06,2383181.898,3.910100509,3.943443257,0.03334275212,-3.894325307e-09
133200,49.99591667,0.04999041667,49.83834222,0.05743935066,1.639017273e-06,2383181.512,3.906075663,3.939361091,0.0332854279,-1.921582893e-10
133260,49.99591667,0.04999041667,49.83850524,0.05743168915,1.637331483e-06,2383181.128,3.902057489,3.935285729,0.03322823988,4.434284051e-10
133320,49.99591667,0.04999041667,49.83866798,0.05742404034,1.635648485e-06,2383180.744,3.898045972,3.931217159,0.03317118387,2.762936102e-09
133380,49.99591667,0.04999041667,49.83883045,0.05741640418,1.633968273e-06,2383180.36,3.894041097,3.927155362,0.03311426405,1.312741027e-09
133440,49.99591667,0.04999041667,49.83899265,0.05740878066,1.632290841e-06,2383179.977,3.890042849,3.923100324,0.03305747622,-7.52951923e-10
133500,49.99591667,0.04999041667,49.83915459,0.05740116975,1.630616182e-06,2383179.595,3.886051213,3.919052031,0.03300082036,-2.593675053e-09
133560,49.99591667,0.04999041667,49.83931625,0.05739357141,1.628944291e-06,2383179.214,3.882066175,3.915010467,0.03294429227,-8.059202194e-10
133620,49.99591667,0.04999041667,49.83947764,0.05738598562,1.627275161e-06,2383178.833,3.87808772,3.910975615,0.03288789614,-5.470770503e-10
133680,49.99591667,0.04999041667,49.83963877,0.05737841235,1.625608786e-06,2383178.453,3.874115832,3.906947462,0.03283163196,-1.313818832e-09
133740,49.99591667,0.04999041667,49.83979963,0.05737085158,1.62394516e-06,2383178.073,3.870150497,3.902925993,0.03277549552,1.911399927e-10
133800,49.99591667,0.04999041667,49.83996022,0.05736330327,1.622284277e-06,2383177.694,3.866191701,3.898911192,0.03271949102,-1.585842568e-11
133860,49.99591667,0.04999041667,49.84012054,0.05735576739,1.62062613e-06,2383177.316,3.862239429,3.894903043,0.03266361844,-3.964744089e-09
133920,49.99591667,0.04999041667,49.84028061,0.05734824393,1.618970713e-06,2383176.938,3.858293666,3.890901535,0.03260786518,3.363755052e-09
133980,49.99591667,0.04999041667,49.8404404,0.05734073284,1.617318021e-06,2383176.561,3.854354398,3.886906649,0.03255225223,-9.689307134e-10
134040,49.99591667,0.04999041667,49.84059993,0.05733323411,1.615668046e-06,2383176.184,3.85042161,3.882918371,0.03249676278,-1.727281873e-09
134100,49.99591667,0.04999041667,49.8407592,0.05732574771,1.614020784e-06,2383175.808,3.846495288,3.878936687,0.03244140103,-1.293867236e-09
134160,49.99591667,0.04999041667,49.8409182,0.0573182736,1.612376229e-06,2383175.433,3.842575417,3.874961583,0.03238616696,-6.243654482e-10
134220,49.99591667,0.04999041667,49.84107694,0.05731081177,1.610734373e-06,2383175.058,3.838661983,3.870993042,0.03233105637,3.39440831e-09
134280,49.99591667,0.04999041667,49.84123542,0.05730336218,1.609095211e-06,2383174.684,3.834754971,3.867031051,0.03227608185,-2.272996458e-09
134340,49.99591667,0.04999041667,49.84139364,0.0572959248,1.607458737e-06,2383174.311,3.830854368,3.863075595,0.03222122659,2.950830691e-10
134400,49.99591667,0.04999041667,49.8415516,0.05728849962,1.605824945e-06,2383173.938,3.826960159,3.859126658,0.03216649898,-1.830811058e-10
134460,49.99591667,0.04999041667,49.8417093,0.0572810866,1.60419383e-06,2383173.566,3.82307233,3.855184228,0.03211189902,-9.744081098e-10
134520,49.99591667,0.04999041667,49.84186674,0.05727368571,1.602565384e-06,2383173.195,3.819190866,3.851248287,0.0320574225,-1.058604759e-09
134580,49.99591667,0.04999041667,49.84202391,0.05726629693,1.600939603e-06,2383172.824,3.815315754,3.847318824,0.03200307361,-2.935460763e-09
134640,49.99591667,0.04999041667,49.84218083,0.05725892023,1.59931648e-06,2383172.453,3.811446979,3.843395824,0.03194884394,8.422529341e-10
134700,49.99591667,0.04999041667,49.8423375,0.05725155559,1.597696009e-06,2383172.084,3.807584527,3.839479269,0.03189474188,-8.581579891e-12
134760,49.99591667,0.04999041667,49.8424939,0.05724420297,1.596078185e-06,2383171.714,3.803728385,3.835569149,0.03184076323,1.16236798e-09
134820,49.99591667,0.04999041667,49.84265005,0.05723686235,1.594463002e-06,2383171.346,3.799878538,3.831665448,0.03178691218,-1.696042418e-09
134880,49.99591667,0.04999041667,49.84280594,0.05722953371,1.592850453e-06,2383170.978,3.796034972,3.827768151,0.03173318033,-1.362383539e-09
134940,49.99591667,0.04999041667,49.84296158,0.05722221702,1.591240533e-06,2383170.611,3.792197673,3.823877245,0.03167957185,-4.013842592e-10
135000,49.99591667,0.04999041667,49.84311696,0.05721491225,1.589633237e-06,2383170.244,3.788366628,3.819992714,0.03162608676,-1.174488062e-09
135060,49.99591667,0.04999041667,49.84327208,0.05720761937,1.588028557e-06,2383169.878,3.784541823,3.816114546,0.03157272503,-2.509003227e-09
135120,49.99591667,0.04999041667,49.84342696,0.05720033837,1.58642649e-06,2383169.512,3.780723244,3.812242725,0.03151947827,2.91283353e-09
135180,49.99591667,0.04999041667,49.84358158,0.0571930692,1.584827028e-06,2383169.147,3.776910877,3.808377237,0.03146636325,-2.480317729e-09
135240,49.99591667,0.04999041667,49.84373594,0.05718581185,1.583230166e-06,2383168.783,3.773104708,3.80451807,0.03141335899,3.156218842e-09
135300,49.99591667,0.04999041667,49.84389006,0.0571785663,1.581635898e-06,2383168.419,3.769304724,3.800665208,0.03136048646,-2.043012426e-09
135360,49.99591667,0.04999041667,49.84404392,0.0571713325,1.580044219e-06,2383168.056,3.765510911,3.796818638,0.03130772887,-1.948443629e-09
135420,49.99591667,0.04999041667,49.84419753,0.05716411045,1.578455123e-06,2383167.694,3.761723255,3.792978345,0.03125509041,-9.946159452e-10
135480,49.99591667,0.04999041667,49.84435089,0.05715690011,1.576868604e-06,2383167.332,3.757941744,3.789144315,0.03120257106,6.590208379e-10
135540,49.99591667,0.04999041667,49.84450401,0.05714970145,1.575284656e-06,2383166.971,3.754166362,3.785316536,0.03115017502,-1.710944275e-09
135600,49.99591667,0.04999041667,49.84465687,0.05714251446,1.573703275e-06,2383166.61,3.750397098,3.781494992,0.03109789389,1.227129509e-10
135660,49.99591667,0.04999041667,49.84480948,0.0571353391,1.572124453e-06,2383166.25,3.746633937,3.777679671,0.03104573185,1.858595056e-09
135720,49.99591667,0.04999041667,49.84496184,0.05712817535,1.570548186e-06,2383165.89,3.742876866,3.773870558,0.0309936931,-1.623481349e-09
135780,49.99591667,0.04999041667,49.84511396,0.05712102318,1.568974468e-06,2383165.531,3.739125872,3.77006764,0.03094176923,-1.178062092e-09
135840,49.99591667,0.04999041667,49.84526583,0.05711388258,1.567403294e-06,2383165.173,3.735380941,3.766270902,0.03088996024,1.538026595e-09
135900,49.99591667,0.04999041667,49.84541745,0.0571067535,1.565834657e-06,2383164.815,3.73164206,3.762480333,0.03083827032,2.822440059e-09
135960,49.99591667,0.04999041667,49.84556883,0.05709963594,1.564268552e-06,2383164.458,3.727909215,3.758695917,0.03078669946,2.590532233e-09
136020,49.99591667,0.04999041667,49.84571996,0.05709252986,1.562704974e-06,2383164.101,3.724182394,3.754917641,0.03073524765,-1.141235106e-09
136080,49.99591667,0.04999041667,49.84587085,0.05708543524,1.561143917e-06,2383163.745,3.720461583,3.751145492,0.03068390649,2.21449481e-09
136140,49.99591667,0.04999041667,49.84602149,0.05707835205,1.559585376e-06,2383163.389,3.71674677,3.747379457,0.03063268857,-1.769136393e-09
136200,49.99591667,0.04999041667,49.84617189,0.05707128026,1.558029344e-06,2383163.034,3.71303794,3.743619521,0.03058157709,3.432234053e-09
136260,49.99591667,0.04999041667,49.84632204,0.05706421986,1.556475818e-06,2383162.68,3.709335081,3.73986567,0.03053058883,1.243387615e-10
136320,49.99591667,0.04999041667,49.84647195,0.05705717082,1.55492479e-06,2383162.326,3.70563818,3.736117893,0.0304797112,2.164057822e-09
136380,49.99591667,0.04999041667,49.84662162,0.05705013311,1.553376256e-06,2383161.973,3.701947224,3.732376176,0.03042895257,-4.405595888e-10
136440,49.99591667,0.04999041667,49.84677105,0.05704310671,1.551830211e-06,2383161.62,3.698262199,3.728640504,0.03037830875,-3.812187899e-09
136500,49.99591667,0.04999041667,49.84692023,0.05703609159,1.550286648e-06,2383161.268,3.694583094,3.724910866,0.03032777134,1.132129057e-09
136560,49.99591667,0.04999041667,49.84706918,0.05702908774,1.548745562e-06,2383160.917,3.690909894,3.721187247,0.03027735711,-4.181233582e-09
136620,49.99591667,0.04999041667,49.84721788,0.05702209511,1.547206949e-06,2383160.566,3.687242587,3.717469636,0.03022704928,-1.203118494e-09
136680,49.99591667,0.04999041667,49.84736635,0.0570151137,1.545670802e-06,2383160.215,3.683581161,3.713758017,0.03017685623,-7.286704573e-10
136740,49.99591667,0.04999041667,49.84751457,0.05700814347,1.544137116e-06,2383159.866,3.679925602,3.710052379,0.03012677795,-1.358556823e-09
136800,49.99591667,0.04999041667,49.84766256,0.05700118441,1.542605886e-06,2383159.516,3.676275898,3.706352708,0.03007681024,7.282174863e-11
136860,49.99591667,0.04999041667,49.84781031,0.05699423648,1.541077107e-06,2383159.168,3.672632035,3.702658991,0.03002695729,-1.627071367e-09
136920,49.99591667,0.04999041667,49.84795782,0.05698729966,1.539550773e-06,2383158.82,3.668994002,3.698971216,0.02997721489,-1.459291799e-09
136980,49.99591667,0.04999041667,49.84810509,0.05698037393,1.538026878e-06,2383158.472,3.665361785,3.695289367,0.02992758304,-1.448070552e-09
137040,49.99591667,0.04999041667,49.84825213,0.05697345927,1.536505419e-06,2383158.125,3.661735373,3.691613435,0.02987806174,7.639560096e-10
137100,49.99591667,0.04999041667,49.84839893,0.05696655564,1.534986388e-06,2383157.779,3.658114751,3.687943404,0.02982865517,-2.177614533e-09
137160,49.99591667,0.04999041667,49.8485455,0.05695966304,1.533469782e-06,2383157.433,3.654499908,3.684279263,0.02977935493,3.10862891e-10
137220,49.99591667,0.04999041667,49.84869183,0.05695278142,1.531955594e-06,2383157.087,3.650890832,3.680620999,0.02973016941,-1.538013716e-09
137280,49.99591667,0.04999041667,49.84883792,0.05694591078,1.53044382e-06,2383156.743,3.647287509,3.676968599,0.02968109022,8.063372192e-11
137340,49.99591667,0.04999041667,49.84898378,0.05693905108,1.528934454e-06,2383156.398,3.643689927,3.673322049,0.02963212153,5.010578619e-10
137400,49.99591667,0.04999041667,49.84912941,0.0569322023,1.527427491e-06,2383156.055,3.640098074,3.669681338,0.02958326334,1.389475202e-10
137460,49.99591667,0.04999041667,49.84927481,0.05692536442,1.525922927e-06,2383155.711,3.636511938,3.666046452,0.02953451566,-1.245055614e-09
137520,49.99591667,0.04999041667,49.84941997,0.05691853741,1.524420754e-06,2383155.369,3.632931505,3.662417379,0.02948587426,-5.581779483e-10
137580,49.99591667,0.04999041667,49.8495649,0.05691172126,1.52292097e-06,2383155.027,3.629356765,3.658794106,0.02943734335,-1.737722855e-09
137640,49.99591667,0.04999041667,49.8497096,0.05690491593,1.521423568e-06,2383154.685,3.625787703,3.655176621,0.02938891873,-1.349492074e-09
137700,49.99591667,0.04999041667,49.84985407,0.05689812141,1.519928542e-06,2383154.344,3.622224309,3.651564911,0.02934060038,1.532284966e-09
137760,49.99591667,0.04999041667,49.84999831,0.05689133766,1.51843589e-06,2383154.004,3.61866657,3.647958963,0.02929239669,-3.487984124e-09
137820,49.99591667,0.04999041667,49.85014232,0.05688456468,1.516945604e-06,2383153.664,3.615114474,3.644358766,0.02924429507,-2.714289682e-09
137880,49.99591667,0.04999041667,49.85028609,0.05687780242,1.51545768e-06,2383153.325,3.611568008,3.640764306,0.0291962997,-1.669267835e-09
137940,49.99591667,0.04999041667,49.85042964,0.05687105088,1.513972112e-06,2383152.986,3.60802716,3.637175571,0.02914841479,-4.204842696e-09
138000,49.99591667,0.04999041667,49.85057296,0.05686431003,1.512488897e-06,2383152.648,3.604491919,3.633592549,0.02910063192,-1.762229473e-09
138060,49.99591667,0.04999041667,49.85071606,0.05685757984,1.511008028e-06,2383152.31,3.600962273,3.630015228,0.0290529511,3.980802354e-09
138120,49.99591667,0.04999041667,49.85085892,0.0568508603,1.509529501e-06,2383151.973,3.597438208,3.626443594,0.02900538489,8.209539715e-10
138180,49.99591667,0.04999041667,49.85100156,0.05684415137,1.50805331e-06,2383151.636,3.593919714,3.622877636,0.02895792072,1.355793255e-09
138240,49.99591667,0.04999041667,49.85114397,0.05683745304,1.506579451e-06,2383151.3,3.590406778,3.619317342,0.02891056277,1.307030928e-09
138300,49.99591667,0.04999041667,49.85128616,0.05683076528,1.505107919e-06,2383150.965,3.586899388,3.615762699,0.02886331103,-2.119704412e-10
138360,49.99591667,0.04999041667,49.85142812,0.05682408808,1.503638708e-06,2383150.63,3.583397533,3.612213695,0.02881616131,9.170122439e-10
138420,49.99591667,0.04999041667,49.85156985,0.0568174214,1.502171813e-06,2383150.295,3.5799012,3.608670318,0.02876911779,1.180029408e-10
138480,49.99591667,0.04999041667,49.85171136,0.05681076523,1.500707231e-06,2383149.961,3.576410379,3.605132556,0.02872217627,1.510288339e-09
138540,49.99591667,0.04999041667,49.85185265,0.05680411954,1.499244955e-06,2383149.628,3.572925056,3.601600396,0.02867534094,-7.777050115e-10
138600,49.99591667,0.04999041667,49.85199371,0.05679748431,1.49778498e-06,2383149.295,3.56944522,3.598073827,0.0286286076,-5.731792818e-10
138660,49.99591667,0.04999041667,49.85213455,0.05679085953,1.496327303e-06,2383148.962,3.56597086,3.594552837,0.02858197624,1.396859517e-09
138720,49.99591667,0.04999041667,49.85227517,0.05678424515,1.494871917e-06,2383148.631,3.562501963,3.591037414,0.02853545105,-3.674807125e-10
138780,49.99591667,0.04999041667,49.85241556,0.05677764117,1.493418819e-06,2383148.299,3.559038518,3.587527545,0.02848902365,2.566328483e-09
138840,49.99591667,0.04999041667,49.85255574,0.05677104757,1.491968003e-06,2383147.968,3.555580514,3.584023218,0.0284427024,1.704530295e-09
138900,49.99591667,0.04999041667,49.85269569,0.05676446431,1.490519463e-06,2383147.638,3.552127939,3.580524423,0.02839648311,1.481098799e-09
138960,49.99591667,0.04999041667,49.85283542,0.05675789138,1.489073197e-06,2383147.308,3.548680781,3.577031146,0.02835036578,5.226663546e-11
139020,49.99591667,0.04999041667,49.85297493,0.05675132876,1.487629197e-06,2383146.979,3.545239028,3.573543378,0.02830435039,8.386891182e-11
139080,49.99591667,0.04999041667,49.85311422,0.05674477641,1.486187461e-06,2383146.65,3.541802669,3.570061104,0.02825843275,2.256157039e-09
139140,49.99591667,0.04999041667,49.85325329,0.05673823433,1.484747982e-06,2383146.322,3.538371693,3.566584314,0.02821262125,-1.117399062e-09
139200,49.99591667,0.04999041667,49.85339215,0.0567317025,1.483310757e-06,2383145.995,3.534946089,3.563112995,0.02816690748,-1.101963409e-09
139260,49.99591667,0.04999041667,49.85353078,0.05672518087,1.481875779e-06,2383145.667,3.531525843,3.559647137,0.02812129563,-2.477899219e-09
139320,49.99591667,0.04999041667,49.8536692,0.05671866945,1.480443046e-06,2383145.341,3.528110947,3.556186727,0.02807577732,3.011621175e-09
139380,49.99591667,0.04999041667,49.8538074,0.0567121682,1.479012551e-06,2383145.015,3.524701387,3.552731754,0.02803036512,1.987493725e-09
139440,49.99591667,0.04999041667,49.85394538,0.0567056771,1.47758429e-06,2383144.689,3.521297152,3.549282206,0.02798505063,2.460807558e-09
139500,49.99591667,0.04999041667,49.85408314,0.05669919613,1.476158258e-06,2383144.364,3.517898232,3.545838071,0.02793983804,8.788747508e-11
139560,49.99591667,0.04999041667,49.85422069,0.05669272527,1.474734451e-06,2383144.039,3.514504615,3.542399338,0.02789472735,-4.321950353e-09
139620,49.99591667,0.04999041667,49.85435803,0.05668626451,1.473312863e-06,2383143.715,3.51111629,3.538965997,0.02784971016,-3.73032627e-09
139680,49.99591667,0.04999041667,49.85449515,0.0566798138,1.471893491e-06,2383143.391,3.507733245,3.535538033,0.02780479067,-2.640770269e-09
139740,49.99591667,0.04999041667,49.85463205,0.05667337315,1.470476329e-06,2383143.068,3.50435547,3.532115438,0.02775996886,-1.2147785e-09
139800,49.99591667,0.04999041667,49.85476874,0.05666694252,1.469061372e-06,2383142.746,3.500982953,3.528698199,0.02771524893,-3.182435204e-09
139860,49.99591667,0.04999041667,49.85490521,0.05666052189,1.467648617e-06,2383142.424,3.497615683,3.525286304,0.02767062248,-1.101644109e-09
139920,49.99591667,0.04999041667,49.85504148,0.05665411124,1.466238058e-06,2383142.102,3.494253648,3.521879742,0.02762609371,2.350835082e-10
139980,49.99591667,0.04999041667,49.85517753,0.05664771056,1.464829691e-06,2383141.781,3.490896839,3.518478503,0.02758166259,1.434405039e-09
140040,49.99591667,0.04999041667,49.85531336,0.05664131981,1.463423511e-06,2383141.46,3.487545243,3.515082574,0.02753732914,1.487509671e-09
140100,49.99591667,0.04999041667,49.85544899,0.05663493898,1.462019513e-06,2383141.14,3.484198851,3.511691945,0.02749309334,1.414991235e-09
140160,49.99591667,0.04999041667,49.8555844,0.05662856806,1.460617694e-06,2383140.821,3.48085765,3.508306604,0.02744895519,-1.226064139e-09
140220,49.99591667,0.04999041667,49.85571961,0.056622207,1.459218047e-06,2383140.502,3.47752163,3.504926539,0.02740491049,-7.815135206e-10
140280,49.99591667,0.04999041667,49.8558546,0.05661585581,1.45782057e-06,2383140.183,3.47419078,3.501551741,0.02736096343,-1.584349985e-09
140340,49.99591667,0.04999041667,49.85598938,0.05660951445,1.456425256e-06,2383139.865,3.470865089,3.498182198,0.02731710981,-4.210325422e-10
140400,49.99591667,0.04999041667,49.85612395,0.0566031829,1.455032102e-06,2383139.547,3.467544546,3.494817897,0.02727335381,-2.180085001e-09
140460,49.99591667,0.04999041667,49.85625831,0.05659686115,1.453641103e-06,2383139.23,3.46422914,3.49145883,0.02722969125,-1.552995954e-09
140520,49.99591667,0.04999041667,49.85639247,0.05659054917,1.452252255e-06,2383138.914,3.460918861,3.488104983,0.02718612211,-5.517866164e-10
140580,49.99591667,0.04999041667,49.85652641,0.05658424695,1.450865552e-06,2383138.598,3.457613698,3.484756347,0.02714264639,2.496787666e-09
140640,49.99591667,0.04999041667,49.85666015,0.05657795446,1.449480991e-06,2383138.282,3.45431364,3.48141291,0.02709926827,1.564016028e-09
140700,49.99591667,0.04999041667,49.85679368,0.05657167168,1.448098567e-06,2383137.967,3.451018676,3.478074661,0.02705598357,1.522893367e-09
140760,49.99591667,0.04999041667,49.856927,0.05656539859,1.446718276e-06,2383137.652,3.447728795,3.47474159,0.02701279645,-1.842342279e-09
140820,49.99591667,0.04999041667,49.85706012,0.05655913517,1.445340112e-06,2383137.338,3.444443988,3.471413685,0.02696969855,-1.04495923e-09
140880,49.99591667,0.04999041667,49.85719303,0.0565528814,1.443964072e-06,2383137.024,3.441164242,3.468090935,0.02692669404,-1.267821403e-09
140940,49.99591667,0.04999041667,49.85732573,0.05654663727,1.442590151e-06,2383136.711,3.437889549,3.464773331,0.02688378292,-1.179871756e-09
141000,49.99591667,0.04999041667,49.85745823,0.05654040274,1.441218345e-06,2383136.399,3.434619896,3.46146086,0.02684096518,-1.851255593e-09
141060,49.99591667,0.04999041667,49.85759053,0.05653417781,1.439848649e-06,2383136.086,3.431355274,3.458153511,0.02679823663,5.436762152e-10
141120,49.99591667,0.04999041667,49.85772262,0.05652796244,1.438481058e-06,2383135.775,3.42809567,3.454851274,0.02675560564,-1.346749823e-09
141180,49.99591667,0.04999041667,49.8578545,0.05652175663,1.43711557e-06,2383135.463,3.42484108,3.451554141,0.02671305964,4.448135194e-10
141240,49.99591667,0.04999041667,49.85798618,0.05651556035,1.435752179e-06,2383135.153,3.421591487,3.448262098,0.02667061119,-8.4023144e-10
141300,49.99591667,0.04999041667,49.85811766,0.05650937358,1.43439088e-06,2383134.842,3.418346882,3.444975134,0.0266282519,-2.840829794e-10
141360,49.99591667,0.04999041667,49.85824894,0.05650319629,1.433031669e-06,2383134.533,3.415107255,3.44169324,0.02658598597,-1.585420684e-09
141420,49.99591667,0.04999041667,49.85838001,0.05649702848,1.431674541e-06,2383134.223,3.411872596,3.438416404,0.0265438092,-9.98652272e-10
141480,49.99591667,0.04999041667,49.85851088,0.05649087012,1.430319494e-06,2383133.914,3.408642894,3.435144616,0.02650172158,6.941665021e-10
141540,49.99591667,0.04999041667,49.85864155,0.05648472119,1.428966522e-06,2383133.606,3.405418139,3.431877867,0.0264597273,-6.480815884e-11
141600,49.99591667,0.04999041667,49.85877202,0.05647858168,1.42761562e-06,2383133.298,3.402198321,3.428616144,0.02641782216,8.463607593e-10
141660,49.99591667,0.04999041667,49.85890229,0.05647245155,1.426266785e-06,2383132.991,3.398983429,3.425359437,0.02637600615,1.65099312e-09
141720,49.99591667,0.04999041667,49.85903236,0.0564663308,1.424920013e-06,2383132.684,3.395773454,3.422107737,0.02633428347,-1.570414909e-10
141780,49.99591667,0.04999041667,49.85916223,0.0564602194,1.423575298e-06,2383132.377,3.392568384,3.418861032,0.02629264992,-1.760233292e-09
141840,49.99591667,0.04999041667,49.85929189,0.05645411733,1.422232637e-06,2383132.071,3.38936821,3.415619312,0.02625110129,-5.631539679e-11
141900,49.99591667,0.04999041667,49.85942136,0.05644802458,1.420892026e-06,2383131.766,3.386172922,3.412382566,0.02620964598,-1.820048556e-09
141960,49.99591667,0.04999041667,49.85955064,0.05644194112,1.41955346e-06,2383131.46,3.382982509,3.409150785,0.02616827559,4.875500004e-10
142020,49.99591667,0.04999041667,49.85967971,0.05643586694,1.418216934e-06,2383131.156,3.379796962,3.405923958,0.02612699849,-1.990382525e-09
142080,49.99591667,0.04999041667,49.85980858,0.05642980201,1.416882446e-06,2383130.852,3.37661627,3.402702075,0.02608580631,-9.059339945e-10
142140,49.99591667,0.04999041667,49.85993726,0.05642374633,1.41554999e-06,2383130.548,3.373440422,3.399485125,0.02604470323,-1.083783285e-09
142200,49.99591667,0.04999041667,49.86006574,0.05641769985,1.414219562e-06,2383130.245,3.37026941,3.396273097,0.02600368924,-2.625738293e-09
142260,49.99591667,0.04999041667,49.86019403,0.05641166258,1.412891158e-06,2383129.942,3.367103223,3.393065982,0.02596276016,-1.413617667e-09
142320,49.99591667,0.04999041667,49.86032212,0.05640563449,1.411564774e-06,2383129.64,3.363941851,3.38986377,0.02592192015,-1.582631359e-09
142380,49.99591667,0.04999041667,49.86045001,0.05639961556,1.410240406e-06,2383129.338,3.360785284,3.38666645,0.02588116923,-3.803977577e-09
142440,49.99591667,0.04999041667,49.86057771,0.05639360577,1.408918049e-06,2383129.037,3.357633513,3.383474012,0.02584049899,-2.632405405e-10
142500,49.99591667,0.04999041667,49.86070521,0.05638760511,1.4075977e-06,2383128.736,3.354486526,3.380286446,0.02579992203,-2.750472738e-09
142560,49.99591667,0.04999041667,49.86083252,0.05638161354,1.406279354e-06,2383128.435,3.351344315,3.377103742,0.02575942574,4.722062741e-10
142620,49.99591667,0.04999041667,49.86095963,0.05637563107,1.404963006e-06,2383128.135,3.34820687,3.373925889,0.02571901852,2.685087708e-10
142680,49.99591667,0.04999041667,49.86108655,0.05636965766,1.403648654e-06,2383127.836,3.34507418,3.370752878,0.02567870035,-2.282301459e-09
142740,49.99591667,0.04999041667,49.86121328,0.0563636933,1.402336293e-06,2383127.537,3.341946236,3.367584698,0.02563845867,3.74975162e-09
142800,49.99591667,0.04999041667,49.86133981,0.05635773796,1.401025919e-06,2383127.238,3.338823028,3.364421341,0.02559831441,-8.823293207e-10
142860,49.99591667,0.04999041667,49.86146615,0.05635179164,1.399717527e-06,2383126.94,3.335704546,3.361262795,0.02555825082,-1.80250348e-09
142920,49.99591667,0.04999041667,49.8615923,0.05634585431,1.398411113e-06,2383126.642,3.332590781,3.358109051,0.02551826788,1.733602151e-09
142980,49.99591667,0.04999041667,49.86171826,0.05633992595,1.397106675e-06,2383126.345,3.329481723,3.354960098,0.02547837398,9.210978646e-10
143040,49.99591667,0.04999041667,49.86184403,0.05633400655,1.395804206e-06,2383126.048,3.326377362,3.351815927,0.02543856911,-3.228190604e-09
143100,49.99591667,0.04999041667,49.86196961,0.05632809609,1.394503704e-06,2383125.752,3.323277688,3.348676528,0.02539884069,-6.260663099e-10
143160,49.99591667,0.04999041667,49.86209499,0.05632219454,1.393205164e-06,2383125.456,3.320182692,3.345541892,0.02535920129,-1.972450203e-09
143220,49.99591667,0.04999041667,49.86222019,0.05631630189,1.391908583e-06,2383125.16,3.317092365,3.342412007,0.02531963834,3.560685524e-09
143280,49.99591667,0.04999041667,49.86234519,0.05631041813,1.390613956e-06,2383124.865,3.314006696,3.339286864,0.0252801644,4.092287398e-09
143340,49.99591667,0.04999041667,49.86247001,0.05630454323,1.389321279e-06,2383124.571,3.310925676,3.336166455,0.02524077528,3.060628639e-09
143400,49.99591667,0.04999041667,49.86259464,0.05629867717,1.388030548e-06,2383124.277,3.307849296,3.333050768,0.02520147517,-2.851857861e-09
143460,49.99591667,0.04999041667,49.86271907,0.05629281994,1.38674176e-06,2383123.983,3.304777546,3.329939795,0.02516224729,1.2132233e-09
143520,49.99591667,0.04999041667,49.86284333,0.05628697152,1.38545491e-06,2383123.69,3.301710417,3.326833524,0.02512310841,-5.777236467e-10
143580,49.99591667,0.04999041667,49.86296739,0.05628113189,1.384169994e-06,2383123.397,3.298647898,3.323731948,0.02508405013,-1.295252794e-10
143640,49.99591667,0.04999041667,49.86309126,0.05627530104,1.382887009e-06,2383123.105,3.295589982,3.320635056,0.02504507666,-2.513130148e-09
143700,49.99591667,0.04999041667,49.86321495,0.05626947894,1.38160595e-06,2383122.813,3.292536657,3.317542838,0.02500617959,1.126884808e-09
143760,49.99591667,0.04999041667,49.86333846,0.05626366557,1.380326813e-06,2383122.521,3.289487915,3.314455285,0.02496736731,2.198397908e-09
143820,49.99591667,0.04999041667,49.86346177,0.05625786093,1.379049595e-06,2383122.23,3.286443747,3.311372387,0.02492863982,2.356213002e-10
143880,49.99591667,0.04999041667,49.8635849,0.05625206499,1.377774292e-06,2383121.94,3.283404143,3.308294135,0.02488999291,-8.923941586e-10
143940,49.99591667,0.04999041667,49.86370785,0.05624627773,1.3765009e-06,2383121.649,3.280369094,3.305220519,0.0248514224,2.695978996e-09
144000,49.99591667,0.04999041667,49.86383061,0.05624049914,1.375229414e-06,2383121.36,3.277338591,3.30215153,0.02481294086,-1.521570869e-09
144060,49.99591667,0.04999041667,49.86395318,0.05623472919,1.373959831e-06,2383121.07,3.274312623,3.299087158,0.02477453569,-1.422800544e-09
144120,49.99591667,0.04999041667,49.86407557,0.05622896788,1.372692147e-06,2383120.782,3.271291183,3.296027394,0.0247362153,-4.526938824e-09
144180,49.99591667,0.04999041667,49.86419778,0.05622321518,1.371426359e-06,2383120.493,3.268274261,3.292972227,0.02469796709,-9.431206927e-10
144240,49.99591667,0.04999041667,49.8643198,0.05621747107,1.370162462e-06,2383120.205,3.265261847,3.28992165,0.02465980363,-5.223328436e-10
144300,49.99591667,0.04999041667,49.86444164,0.05621173555,1.368900452e-06,2383119.918,3.262253932,3.286875652,0.02462172073,-6.91074753e-10
144360,49.99591667,0.04999041667,49.8645633,0.05620600858,1.367640326e-06,2383119.631,3.259250508,3.283834225,0.0245837184,-1.271184047e-09
144420,49.99591667,0.04999041667,49.86468477,0.05620029016,1.36638208e-06,2383119.344,3.256251565,3.280797358,0.02454579242,5.034634931e-10
144480,49.99591667,0.04999041667,49.86480606,0.05619458026,1.365125709e-06,2383119.058,3.253257094,3.277765043,0.02450794699,1.765251945e-09
144540,49.99591667,0.04999041667,49.86492718,0.05618887888,1.363871211e-06,2383118.772,3.250267086,3.27473727,0.02447018211,1.219826462e-09
144600,49.99591667,0.04999041667,49.86504811,0.05618318598,1.362618582e-06,2383118.486,3.247281532,3.271714029,0.02443249358,3.258812331e-09
144660,49.99591667,0.04999041667,49.86516885,0.05617750156,1.361367817e-06,2383118.202,3.244300423,3.268695313,0.02439489396,-4.107934881e-09
144720,49.99591667,0.04999041667,49.86528942,0.05617182559,1.360118912e-06,2383117.917,3.241323749,3.26568111,0.02435736231,-1.237603353e-09
144780,49.99591667,0.04999041667,49.86540981,0.05616615807,1.358871865e-06,2383117.633,3.238351503,3.262671413,0.02431991119,-5.408971049e-10
144840,49.99591667,0.04999041667,49.86553002,0.05616049896,1.357626671e-06,2383117.349,3.235383674,3.259666213,0.0242825364,2.438527602e-09
144900,49.99591667,0.04999041667,49.86565005,0.05615484827,1.356383327e-06,2383117.066,3.232420254,3.256665499,0.02424524632,-1.364501845e-09
144960,49.99591667,0.04999041667,49.8657699,0.05614920596,1.355141828e-06,2383116.783,3.229461234,3.253669263,0.02420803257,-4.190169545e-09
145020,49.99591667,0.04999041667,49.86588957,0.05614357202,1.353902172e-06,2383116.501,3.226506606,3.250677495,0.02417088676,2.055654758e-09
145080,49.99591667,0.04999041667,49.86600906,0.05613794644,1.352664354e-06,2383116.219,3.223556359,3.247690187,0.02413382985,-1.916184988e-09
145140,49.99591667,0.04999041667,49.86612837,0.05613232919,1.35142837e-06,2383115.937,3.220610486,3.24470733,0.02409684087,2.532360988e-09
145200,49.99591667,0.04999041667,49.86624751,0.05612672027,1.350194217e-06,2383115.656,3.217668978,3.241728914,0.02405993658,-2.259645804e-10
145260,49.99591667,0.04999041667,49.86636647,0.05612111965,1.348961892e-06,2383115.375,3.214731825,3.238754931,0.02402310441,1.219985446e-09
145320,49.99591667,0.04999041667,49.86648525,0.05611552732,1.34773139e-06,2383115.095,3.21179902,3.235785371,0.02398635273,-9.839813409e-10
145380,49.99591667,0.04999041667,49.86660386,0.05610994326,1.346502708e-06,2383114.815,3.208870552,3.232820226,0.02394967735,-3.202965448e-09
145440,49.99591667,0.04999041667,49.86672229,0.05610436746,1.345275842e-06,2383114.535,3.205946414,3.229859486,0.02391306989,2.541913346e-09
145500,49.99591667,0.04999041667,49.86684054,0.05609879989,1.344050789e-06,2383114.256,3.203026596,3.226903144,0.02387654711,2.839364299e-10
145560,49.99591667,0.04999041667,49.86695862,0.05609324054,1.342827545e-06,2383113.978,3.200111091,3.223951189,0.02384009642,1.423368978e-09
145620,49.99591667,0.04999041667,49.86707652,0.0560876894,1.341606105e-06,2383113.699,3.197199889,3.221003612,0.02380372621,-3.039266616e-09
145680,49.99591667,0.04999041667,49.86719425,0.05608214644,1.340386468e-06,2383113.422,3.194292982,3.218060406,0.0237674281,-3.716448482e-09
145740,49.99591667,0.04999041667,49.8673118,0.05607661166,1.339168628e-06,2383113.144,3.191390361,3.215121562,0.02373119788,3.566488882e-09
145800,49.99591667,0.04999041667,49.86742918,0.05607108503,1.337952583e-06,2383112.867,3.188492017,3.212187069,0.02369505232,1.710627195e-10
145860,49.99591667,0.04999041667,49.86754639,0.05606556654,1.336738329e-06,2383112.591,3.185597942,3.209256921,0.02365897883,3.523430436e-10
145920,49.99591667,0.04999041667,49.86766342,0.05606005617,1.335525862e-06,2383112.314,3.182708127,3.206331107,0.02362297743,1.935763549e-09
145980,49.99591667,0.04999041667,49.86778028,0.05605455391,1.334315178e-06,2383112.039,3.179822565,3.20340962,0.02358705648,-1.363689606e-09
146040,49.99591667,0.04999041667,49.86789697,0.05604905974,1.333106275e-06,2383111.763,3.176941245,3.20049245,0.02355120341,1.288579021e-09
146100,49.99591667,0.04999041667,49.86801348,0.05604357364,1.331899148e-06,2383111.488,3.17406416,3.197579589,0.02351543079,-2.420803114e-09
146160,49.99591667,0.04999041667,49.86812983,0.0560380956,1.330693794e-06,2383111.214,3.171191302,3.194671027,0.02347972604,-7.613549791e-10
146220,49.99591667,0.04999041667,49.868246,0.0560326256,1.329490209e-06,2383110.939,3.168322661,3.191766757,0.02344409755,-1.201328814e-09
146280,49.99591667,0.04999041667,49.868362,0.05602716363,1.32828839e-06,2383110.666,3.165458229,3.188866769,0.02340854111,-1.04200959e-09
146340,49.99591667,0.04999041667,49.86847782,0.05602170966,1.327088333e-06,2383110.392,3.162597999,3.185971057,0.02337305672,1.431534891e-09
146400,49.99591667,0.04999041667,49.86859348,0.05601626369,1.325890035e-06,2383110.119,3.159741961,3.183079609,0.02333764857,-6.252642848e-11
146460,49.99591667,0.04999041667,49.86870897,0.05601082569,1.324693493e-06,2383109.847,3.156890107,3.180192419,0.02330231247,-7.635851951e-10
146520,49.99591667,0.04999041667,49.86882429,0.05600539566,1.323498702e-06,2383109.575,3.154042429,3.177309477,0.02326704422,3.848883878e-09
146580,49.99591667,0.04999041667,49.86893944,0.05599997357,1.322305659e-06,2383109.303,3.151198918,3.174430775,0.02323185639,4.185682911e-10
146640,49.99591667,0.04999041667,49.86905441,0.05599455942,1.321114362e-06,2383109.032,3.148359567,3.171556305,0.02319673641,1.559715468e-09
146700,49.99591667,0.04999041667,49.86916922,0.05598915317,1.319924805e-06,2383108.761,3.145524366,3.168686057,0.02316168846,2.581938219e-09
146760,49.99591667,0.04999041667,49.86928387,0.05598375482,1.318736986e-06,2383108.49,3.142693308,3.165820025,0.02312671673,-2.354432205e-10
146820,49.99591667,0.04999041667,49.86939834,0.05597836436,1.317550902e-06,2383108.22,3.139866385,3.162958198,0.02309181284,-7.937384083e-11
146880,49.99591667,0.04999041667,49.86951264,0.05597298176,1.316366549e-06,2383107.95,3.137043587,3.160100569,0.02305698097,5.93460836e-10
146940,49.99591667,0.04999041667,49.86962678,0.05596760702,1.315183923e-06,2383107.681,3.134224908,3.157247128,0.02302222112,-5.809202008e-10
147000,49.99591667,0.04999041667,49.86974075,0.0559622401,1.314003021e-06,2383107.412,3.131410338,3.15439787,0.02298753328,-1.121764015e-09
147060,49.99591667,0.04999041667,49.86985456,0.05595688101,1.31282384e-06,2383107.143,3.12859987,3.151552783,0.02295291327,4.167746148e-10
147120,49.99591667,0.04999041667,49.86996819,0.05595152973,1.311646375e-06,2383106.875,3.125793495,3.148711862,0.02291836945,-2.618683492e-09
147180,49.99591667,0.04999041667,49.87008166,0.05594618623,1.310470625e-06,2383106.607,3.122991205,3.145875096,0.02288389346,-2.736106897e-09
147240,49.99591667,0.04999041667,49.87019497,0.0559408505,1.309296585e-06,2383106.34,3.120192993,3.143042478,0.02284948527,-6.482268056e-10
147300,49.99591667,0.04999041667,49.87030811,0.05593552253,1.308124252e-06,2383106.073,3.11739885,3.140213999,0.02281514909,-2.480904371e-11
147360,49.99591667,0.04999041667,49.87042108,0.05593020231,1.306953623e-06,2383105.806,3.114608767,3.137389651,0.0227808849,-1.421109452e-09
147420,49.99591667,0.04999041667,49.87053389,0.05592488981,1.305784694e-06,2383105.54,3.111822738,3.134569426,0.02274668852,-3.626663414e-10
147480,49.99591667,0.04999041667,49.87064653,0.05591958503,1.304617462e-06,2383105.274,3.109040754,3.131753316,0.02271256412,-2.168116797e-09
147540,49.99591667,0.04999041667,49.87075901,0.05591428794,1.303451923e-06,2383105.009,3.106262806,3.128941311,0.02267850334,1.790149806e-09
147600,49.99591667,0.04999041667,49.87087133,0.05590899853,1.302288074e-06,2383104.744,3.103488888,3.126133406,0.02264451872,-2.383471198e-10
147660,49.99591667,0.04999041667,49.87098348,0.05590371679,1.301125913e-06,2383104.479,3.10071899,3.123329591,0.0226106019,-1.334030664e-09
147720,49.99591667,0.04999041667,49.87109547,0.0558984427,1.299965434e-06,2383104.215,3.097953106,3.120529858,0.02257674867,3.227288214e-09
147780,49.99591667,0.04999041667,49.8712073,0.05589317624,1.298806636e-06,2383103.951,3.095191227,3.117734199,0.0225429758,-3.609498478e-09
147840,49.99591667,0.04999041667,49.87131896,0.05588791741,1.297649515e-06,2383103.687,3.092433344,3.114942605,0.02250926233,-1.923543991e-09
147900,49.99591667,0.04999041667,49.87143046,0.05588266618,1.296494068e-06,2383103.424,3.089679452,3.11215507,0.02247561664,1.269607974e-09
147960,49.99591667,0.04999041667,49.8715418,0.05587742254,1.29534029e-06,2383103.161,3.08692954,3.109371584,0.02244204292,5.457740926e-10
148020,49.99591667,0.04999041667,49.87165298,0.05587218648,1.29418818e-06,2383102.899,3.084183603,3.10659214,0.02240853696,7.220046783e-10
148080,49.99591667,0.04999041667,49.871764,0.05586695798,1.293037733e-06,2383102.637,3.081441631,3.10381673,0.02237509878,3.687552486e-10
148140,49.99591667,0.04999041667,49.87187485,0.05586173703,1.291888946e-06,2383102.375,3.078703617,3.101045346,0.02234172836,8.46493986e-10
148200,49.99591667,0.04999041667,49.87198555,0.0558565236,1.290741817e-06,2383102.114,3.075969553,3.098277979,0.0223084257,6.690741294e-10
148260,49.99591667,0.04999041667,49.87209608,0.0558513177,1.289596342e-06,2383101.853,3.073239432,3.095514623,0.0222751908,9.584053551e-10
148320,49.99591667,0.04999041667,49.87220646,0.05584611929,1.288452517e-06,2383101.593,3.070513245,3.092755268,0.02224202366,-3.935518578e-11
148380,49.99591667,0.04999041667,49.87231667,0.05584092837,1.287310339e-06,2383101.333,3.067790985,3.089999908,0.02220892009,2.628414375e-09
148440,49.99591667,0.04999041667,49.87242673,0.05583574493,1.286169806e-06,2383101.073,3.065072644,3.087248533,0.02217588845,1.815068096e-10
148500,49.99591667,0.04999041667,49.87253662,0.05583056894,1.285030913e-06,2383100.814,3.062358215,3.084501137,0.02214292456,-2.975408808e-09
148560,49.99591667,0.04999041667,49.87264636,0.05582540039,1.283893659e-06,2383100.555,3.05964769,3.081757711,0.02211002005,1.15219434e-09
148620,49.99591667,0.04999041667,49.87275594,0.05582023928,1.282758038e-06,2383100.296,3.056941061,3.079018249,0.02207718745,2.335918126e-10
148680,49.99591667,0.04999041667,49.87286536,0.05581508557,1.281624049e-06,2383100.038,3.05423832,3.076282741,0.0220444226,-2.450087688e-09
148740,49.99591667,0.04999041667,49.87297462,0.05580993927,1.280491688e-06,2383099.78,3.051539461,3.073551179,0.02201171711,1.424624418e-09
148800,49.99591667,0.04999041667,49.87308372,0.05580480035,1.279360952e-06,2383099.522,3.048844475,3.070823558,0.02197908354,-3.905005208e-10
148860,49.99591667,0.04999041667,49.87319267,0.0557996688,1.278231838e-06,2383099.265,3.046153354,3.068099867,0.02194651351,-2.568234514e-10
148920,49.99591667,0.04999041667,49.87330146,0.0557945446,1.277104342e-06,2383099.009,3.043466092,3.065380101,0.0219140112,-2.022811696e-09
148980,49.99591667,0.04999041667,49.8734101,0.05578942775,1.275978462e-06,2383098.752,3.04078268,3.06266425,0.02188157244,-2.407509747e-09
149040,49.99591667,0.04999041667,49.87351857,0.05578431823,1.274854194e-06,2383098.496,3.038103111,3.059952308,0.0218491972,-9.468044126e-10
149100,49.99591667,0.04999041667,49.8736269,0.05577921602,1.273731534e-06,2383098.241,3.035427378,3.057244267,0.02181689387,-5.38041256e-09
149160,49.99591667,0.04999041667,49.87373506,0.0557741211,1.272610481e-06,2383097.985,3.032755474,3.054540119,0.02178464569,-3.44166029e-10
149220,49.99591667,0.04999041667,49.87384307,0.05576903347,1.271491031e-06,2383097.73,3.030087389,3.051839857,0.02175246941,-2.184648018e-09
149280,49.99591667,0.04999041667,49.87395093,0.05576395311,1.27037318e-06,2383097.476,3.027423118,3.049143472,0.02172035666,-3.365892898e-09
149340,49.99591667,0.04999041667,49.87405863,0.05575888001,1.269256926e-06,2383097.222,3.024762653,3.046450957,0.02168830742,-3.694629491e-09
149400,49.99591667,0.04999041667,49.87416617,0.05575381415,1.268142265e-06,2383096.968,3.022105986,3.043762305,0.02165632169,-3.229550405e-09
149460,49.99591667,0.04999041667,49.87427357,0.05574875551,1.267029194e-06,2383096.714,3.01945311,3.041077508,0.02162439948,-1.878151856e-09
149520,49.99591667,0.04999041667,49.8743808,0.05574370409,1.265917711e-06,2383096.461,3.016804018,3.038396558,0.02159254078,-5.273421699e-10
149580,49.99591667,0.04999041667,49.87448789,0.05573865987,1.264807812e-06,2383096.209,3.014158702,3.035719448,0.02156074559,1.195597399e-09
149640,49.99591667,0.04999041667,49.87459482,0.05573362284,1.263699494e-06,2383095.956,3.011517154,3.033046172,0.02152901808,-8.498122206e-10
149700,49.99591667,0.04999041667,49.8747016,0.05572859297,1.262592754e-06,2383095.704,3.008879368,3.03037672,0.02149735408,-2.42197018e-09
149760,49.99591667,0.04999041667,49.87480822,0.05572357027,1.261487589e-06,2383095.453,3.006245337,3.027711085,0.02146574939,-8.547340613e-10
149820,49.99591667,0.04999041667,49.8749147,0.05571855471,1.260383996e-06,2383095.201,3.003615052,3.025049261,0.0214342082,3.745856958e-10
149880,49.99591667,0.04999041667,49.87502102,0.05571354627,1.259281971e-06,2383094.95,3.000988507,3.02239124,0.02140273469,-2.34749109e-09
149940,49.99591667,0.04999041667,49.87512719,0.05570854496,1.258181513e-06,2383094.7,2.998365695,3.019737014,0.02137132047,-1.838996067e-09
150000,49.99591667,0.04999041667,49.8752332,0.05570355074,1.257082617e-06,2383094.45,2.995746608,3.017086575,0.02133996556,1.822146878e-09
150060,49.99591667,0.04999041667,49.87533907,0.05569856362,1.255985281e-06,2383094.2,2.993131238,3.014439917,0.02130867833,8.572360599e-10
150120,49.99591667,0.04999041667,49.87544479,0.05569358357,1.254889502e-06,2383093.95,2.99051958,3.011797033,0.02127745457,-1.396179172e-09
150180,49.99591667,0.04999041667,49.87555035,0.05568861058,1.253795276e-06,2383093.701,2.987911625,3.009157914,0.0212462901,-2.897588836e-10
150240,49.99591667,0.04999041667,49.87565576,0.05568364464,1.252702601e-06,2383093.452,2.985307366,3.006522554,0.02121518912,-1.47980117e-09
150300,49.99591667,0.04999041667,49.87576103,0.05567868573,1.251611474e-06,2383093.204,2.982706797,3.003890945,0.02118414741,7.445879469e-10
150360,49.99591667,0.04999041667,49.87586614,0.05567373384,1.250521891e-06,2383092.956,2.980109909,3.00126308,0.02115317337,-3.150395944e-09
150420,49.99591667,0.04999041667,49.87597111,0.05566878896,1.24943385e-06,2383092.708,2.977516697,2.998638951,0.02112225442,-1.137022032e-09
150480,49.99591667,0.04999041667,49.87607592,0.05566385107,1.248347348e-06,2383092.461,2.974927153,2.996018551,0.02109139475,2.905631291e-09
150540,49.99591667,0.04999041667,49.87618059,0.05565892017,1.247262381e-06,2383092.214,2.97234127,2.993401874,0.02106060692,-2.34890063e-09
150600,49.99591667,0.04999041667,49.87628511,0.05565399622,1.246178948e-06,2383091.967,2.96975904,2.990788912,0.02102986998,2.283925937e-09
150660,49.99591667,0.04999041667,49.87638948,0.05564907924,1.245097044e-06,2383091.721,2.967180457,2.988179658,0.02099920069,2.659970022e-10
150720,49.99591667,0.04999041667,49.8764937,0.05564416919,1.244016667e-06,2383091.475,2.964605514,2.985574104,0.02096859067,-9.123404254e-10
150780,49.99591667,0.04999041667,49.87659778,0.05563926606,1.242937814e-06,2383091.229,2.962034203,2.982972243,0.0209380441,-4.173509982e-09
150840,49.99591667,0.04999041667,49.8767017,0.05563436985,1.241860482e-06,2383090.984,2.959466519,2.980374069,0.02090755261,-2.232054985e-09
150900,49.99591667,0.04999041667,49.87680548,0.05562948054,1.240784668e-06,2383090.739,2.956902453,2.977779574,0.02087712457,-2.832837076e-09
150960,49.99591667,0.04999041667,49.87690912,0.05562459812,1.23971037e-06,2383090.494,2.954341998,2.975188751,0.02084674741,4.991935754e-09
151020,49.99591667,0.04999041667,49.8770126,0.05561972256,1.238637584e-06,2383090.25,2.951785149,2.972601593,0.02081644625,-2.539443322e-09
151080,49.99591667,0.04999041667,49.87711594,0.05561485387,1.237566307e-06,2383090.006,2.949231897,2.970018092,0.02078619597,-1.450769282e-09
151140,49.99591667,0.04999041667,49.87721914,0.05560999202,1.236496536e-06,2383089.763,2.946682237,2.967438243,0.02075600912,-3.025548256e-09
151200,49.99591667,0.04999041667,49.87732219,0.05560513701,1.235428269e-06,2383089.52,2.94413616,2.964862037,0.02072587734,-7.785581069e-10
151260,49.99591667,0.04999041667,49.87742509,0.05560028882,1.234361503e-06,2383089.277,2.941593661,2.962289468,0.02069580899,-1.855096077e-09
151320,49.99591667,0.04999041667,49.87752785,0.05559544743,1.233296234e-06,2383089.034,2.939054732,2.959720529,0.02066579988,-3.15256532e-09
151380,49.99591667,0.04999041667,49.87763046,0.05559061284,1.232232461e-06,2383088.792,2.936519367,2.957155212,0.02063584583,-1.077220091e-09
151440,49.99591667,0.04999041667,49.87773293,0.05558578503,1.23117018e-06,2383088.55,2.933987559,2.954593511,0.0206059552,-2.497973384e-09
151500,49.99591667,0.04999041667,49.87783525,0.05558096399,1.230109387e-06,2383088.309,2.9314593,2.952035419,0.02057611962,-3.153624029e-10
151560,49.99591667,0.04999041667,49.87793743,0.0555761497,1.229050082e-06,2383088.068,2.928934584,2.949480929,0.02054634327,1.859702614e-09
151620,49.99591667,0.04999041667,49.87803947,0.05557134216,1.227992259e-06,2383087.827,2.926413405,2.946930035,0.02051663033,-5.790226076e-10
151680,49.99591667,0.04999041667,49.87814136,0.05556654134,1.226935918e-06,2383087.586,2.923895755,2.944382727,0.02048697244,-8.711542598e-10
151740,49.99591667,0.04999041667,49.87824311,0.05556174725,1.225881054e-06,2383087.346,2.921381628,2.941839001,0.02045737377,-1.274777617e-09
151800,49.99591667,0.04999041667,49.87834471,0.05555695985,1.224827665e-06,2383087.106,2.918871017,2.939298849,0.02042783014,2.016786738e-09
151860,49.99591667,0.04999041667,49.87844618,0.05555217915,1.223775749e-06,2383086.867,2.916363916,2.936762265,0.02039834573,3.337810028e-09
151920,49.99591667,0.04999041667,49.8785475,0.05554740512,1.222725302e-06,2383086.628,2.913860317,2.934229241,0.02036892473,-5.741873643e-10
151980,49.99591667,0.04999041667,49.87864868,0.05554263776,1.221676322e-06,2383086.389,2.911360214,2.931699771,0.02033955875,-1.930333671e-09
152040,49.99591667,0.04999041667,49.87874971,0.05553787705,1.220628805e-06,2383086.151,2.908863601,2.929173848,0.0203102478,-5.896843014e-10
152100,49.99591667,0.04999041667,49.87885061,0.05553312299,1.21958275e-06,2383085.913,2.90637047,2.926651465,0.02028099606,-1.023582108e-09
152160,49.99591667,0.04999041667,49.87895136,0.05552837555,1.218538152e-06,2383085.675,2.903880815,2.924132616,0.02025179934,1.582984854e-09
152220,49.99591667,0.04999041667,49.87905197,0.05552363472,1.217495011e-06,2383085.437,2.90139463,2.921617292,0.02022266601,-3.393011649e-09
152280,49.99591667,0.04999041667,49.87915245,0.0555189005,1.216453321e-06,2383085.2,2.898911907,2.91910549,0.02019357933,3.401255722e-09
152340,49.99591667,0.04999041667,49.87925278,0.05551417287,1.215413082e-06,2383084.963,2.896432641,2.9165972,0.02016456022,-1.244910841e-09
152400,49.99591667,0.04999041667,49.87935297,0.05550945181,1.21437429e-06,2383084.727,2.893956824,2.914092416,0.02013559193,-4.079123705e-10
152460,49.99591667,0.04999041667,49.87945302,0.05550473732,1.213336943e-06,2383084.491,2.891484451,2.911591132,0.02010667866,2.941153099e-09
152520,49.99591667,0.04999041667,49.87955293,0.05550002938,1.212301037e-06,2383084.255,2.889015514,2.909093342,0.02007782876,-6.997598057e-10
152580,49.99591667,0.04999041667,49.87965271,0.05549532798,1.21126657e-06,2383084.02,2.886550007,2.906599038,0.02004903388,-3.166029661e-09
152640,49.99591667,0.04999041667,49.87975234,0.05549063311,1.21023354e-06,2383083.784,2.884087924,2.904108213,0.0200202898,-6.218749959e-10
152700,49.99591667,0.04999041667,49.87985183,0.05548594475,1.209201943e-06,2383083.55,2.881629258,2.901620862,0.01999160492,-5.144227266e-10
152760,49.99591667,0.04999041667,49.87995119,0.0554812629,1.208171776e-06,2383083.315,2.879174002,2.899136978,0.01996297503,8.908114246e-10
152820,49.99591667,0.04999041667,49.8800504,0.05547658753,1.207143038e-06,2383083.081,2.876722151,2.896656553,0.01993440433,-2.02794892e-09
152880,49.99591667,0.04999041667,49.88014948,0.05547191864,1.206115725e-06,2383082.847,2.874273697,2.894179582,0.01990588443,1.488973389e-10
152940,49.99591667,0.04999041667,49.88024842,0.05546725622,1.205089835e-06,2383082.614,2.871828635,2.891706057,0.01987742371,-1.166927444e-09
153000,49.99591667,0.04999041667,49.88034723,0.05546260026,1.204065365e-06,2383082.381,2.869386957,2.889235973,0.0198490138,1.957046525e-09
153060,49.99591667,0.04999041667,49.88044589,0.05545795073,1.203042312e-06,2383082.148,2.866948658,2.886769322,0.01982066724,-2.669248822e-09
153120,49.99591667,0.04999041667,49.88054442,0.05545330764,1.202020674e-06,2383081.915,2.864513731,2.884306099,0.0197923673,8.871690049e-10
153180,49.99591667,0.04999041667,49.88064281,0.05544867096,1.201000448e-06,2383081.683,2.862082169,2.881846296,0.0197641307,-4.019911959e-09
153240,49.99591667,0.04999041667,49.88074107,0.05544404068,1.199981631e-06,2383081.451,2.859653967,2.879389907,0.01973594072,-7.977556393e-10
153300,49.99591667,0.04999041667,49.88083919,0.0554394168,1.198964221e-06,2383081.22,2.857229118,2.876936926,0.01970780991,-2.005053901e-09
153360,49.99591667,0.04999041667,49.88093717,0.0554347993,1.197948215e-06,2383080.988,2.854807616,2.874487347,0.01967972988,1.121204907e-09
153420,49.99591667,0.04999041667,49.88103502,0.05543018817,1.19693361e-06,2383080.757,2.852389454,2.872041162,0.01965170901,-1.15585097e-09
153480,49.99591667,0.04999041667,49.88113273,0.05542558339,1.195920404e-06,2383080.527,2.849974626,2.869598365,0.01962373893,3.913354085e-10
153540,49.99591667,0.04999041667,49.88123031,0.05542098496,1.194908594e-06,2383080.296,2.847563126,2.867158951,0.01959582381,1.407202355e-09
153600,49.99591667,0.04999041667,49.88132775,0.05541639287,1.193898177e-06,2383080.067,2.845154947,2.864722912,0.01956796367,1.428225094e-09
153660,49.99591667,0.04999041667,49.88142506,0.05541180709,1.192889151e-06,2383079.837,2.842750084,2.862290243,0.01954016267,-4.052378433e-09
153720,49.99591667,0.04999041667,49.88152223,0.05540722762,1.191881514e-06,2383079.608,2.84034853,2.859860935,0.01951240408,1.515989112e-09
153780,49.99591667,0.04999041667,49.88161927,0.05540265445,1.190875262e-06,2383079.379,2.837950278,2.857434985,0.01948470464,2.139705746e-09
153840,49.99591667,0.04999041667,49.88171617,0.05539808757,1.189870393e-06,2383079.15,2.835555324,2.855012385,0.01945706015,1.280569872e-09
153900,49.99591667,0.04999041667,49.88181294,0.05539352696,1.188866904e-06,2383078.921,2.833163659,2.852593129,0.01942947062,-9.964145065e-10
153960,49.99591667,0.04999041667,49.88190958,0.05538897261,1.187864793e-06,2383078.693,2.830775279,2.85017721,0.01940193186,-8.059237722e-10
154020,49.99591667,0.04999041667,49.88200608,0.05538442451,1.186864058e-06,2383078.466,2.828390178,2.847764623,0.01937444387,1.60461644e-09
154080,49.99591667,0.04999041667,49.88210245,0.05537988265,1.185864695e-06,2383078.238,2.826008348,2.845355361,0.01934701501,-1.921538484e-09
154140,49.99591667,0.04999041667,49.88219869,0.05537534701,1.184866702e-06,2383078.011,2.823629784,2.842949417,0.01931963273,8.628520121e-10
154200,49.99591667,0.04999041667,49.8822948,0.05537081759,1.183870077e-06,2383077.784,2.821254479,2.840546786,0.01929230539,1.454887322e-09
154260,49.99591667,0.04999041667,49.88239077,0.05536629438,1.182874816e-06,2383077.558,2.818882429,2.838147461,0.019265033,-2.816675782e-10
154320,49.99591667,0.04999041667,49.88248661,0.05536177735,1.181880918e-06,2383077.332,2.816513625,2.835751436,0.01923781136,-5.975411277e-10
154380,49.99591667,0.04999041667,49.88258232,0.05535726651,1.18088838e-06,2383077.106,2.814148064,2.833358705,0.01921064048,9.765290798e-10
154440,49.99591667,0.04999041667,49.8826779,0.05535276184,1.1798972e-06,2383076.88,2.811785737,2.830969262,0.01918352034,4.4321804e-09
154500,49.99591667,0.04999041667,49.88277334,0.05534826332,1.178907374e-06,2383076.655,2.80942664,2.8285831,0.01915646352,-4.092098216e-09
154560,49.99591667,0.04999041667,49.88286866,0.05534377095,1.1779189e-06,2383076.43,2.807070767,2.826200213,0.01912944488,1.5078232e-09
154620,49.99591667,0.04999041667,49.88296384,0.05533928471,1.176931776e-06,2383076.205,2.80471811,2.823820596,0.01910248536,3.45549811e-10
154680,49.99591667,0.04999041667,49.8830589,0.05533480459,1.175945999e-06,2383075.981,2.802368665,2.821444242,0.01907557659,-9.9809494e-11
154740,49.99591667,0.04999041667,49.88315382,0.05533033059,1.174961567e-06,2383075.757,2.800022426,2.819071144,0.01904871856,-4.870681636e-11
154800,49.99591667,0.04999041667,49.88324861,0.05532586268,1.173978477e-06,2383075.533,2.797679385,2.816701297,0.01902191126,5.572244888e-10
154860,49.99591667,0.04999041667,49.88334328,0.05532140087,1.172996727e-06,2383075.31,2.795339538,2.814334695,0.01899515471,2.15796625e-09
154920,49.99591667,0.04999041667,49.88343781,0.05531694513,1.172016314e-06,2383075.087,2.793002879,2.811971333,0.01896845307,7.86379406e-10
154980,49.99591667,0.04999041667,49.88353222,0.05531249546,1.171037236e-06,2383074.864,2.790669401,2.809611202,0.01894180217,-1.218328549e-09
155040,49.99591667,0.04999041667,49.88362649,0.05530805184,1.17005949e-06,2383074.641,2.788339099,2.807254298,0.018915202,-2.53342769e-09
155100,49.99591667,0.04999041667,49.88372064,0.05530361427,1.169083073e-06,2383074.419,2.786011966,2.804900616,0.01888865256,-2.74746137e-09
155160,49.99591667,0.04999041667,49.88381466,0.05529918273,1.168107984e-06,2383074.197,2.783687997,2.802550145,0.01886214548,2.705244029e-09
155220,49.99591667,0.04999041667,49.88390855,0.0552947572,1.16713422e-06,2383073.976,2.781367186,2.800202886,0.01883570168,-1.837213937e-09
155280,49.99591667,0.04999041667,49.88400231,0.05529033769,1.166161778e-06,2383073.755,2.779049527,2.797858828,0.01880930441,-3.14786508e-09
155340,49.99591667,0.04999041667,49.88409595,0.05528592418,1.165190656e-06,2383073.534,2.776735014,2.795517967,0.01878295369,-7.531419932e-10
155400,49.99591667,0.04999041667,49.88418945,0.05528151666,1.164220852e-06,2383073.313,2.774423642,2.793180297,0.01875665786,-3.099942081e-09
155460,49.99591667,0.04999041667,49.88428283,0.05527711511,1.163252362e-06,2383073.093,2.772115404,2.790845811,0.01873040439,2.59047761e-09
155520,49.99591667,0.04999041667,49.88437609,0.05527271952,1.162285185e-06,2383072.872,2.769810295,2.788514504,0.01870421,-5.474896092e-10
155580,49.99591667,0.04999041667,49.88446921,0.05526832989,1.161319318e-06,2383072.653,2.767508309,2.78618637,0.01867806214,-7.18334725e-10
155640,49.99591667,0.04999041667,49.88456221,0.05526394621,1.160354759e-06,2383072.433,2.76520944,2.783861403,0.018651965,-1.286565077e-09
155700,49.99591667,0.04999041667,49.88465508,0.05525956845,1.159391506e-06,2383072.214,2.762913682,2.781539597,0.01862591856,-3.232942358e-09
155760,49.99591667,0.04999041667,49.88474783,0.05525519662,1.158429555e-06,2383071.995,2.76062103,2.779220946,0.01859991446,1.827358709e-09
155820,49.99591667,0.04999041667,49.88484045,0.0552508307,1.157468904e-06,2383071.777,2.758331478,2.776905444,0.01857396526,8.283307373e-10
155880,49.99591667,0.04999041667,49.88493294,0.05524647068,1.156509552e-06,2383071.558,2.75604502,2.774593086,0.01854806675,-7.698974791e-10
155940,49.99591667,0.04999041667,49.88502531,0.05524211654,1.155551495e-06,2383071.34,2.753761651,2.772283866,0.01852221895,-3.814398575e-09
156000,49.99591667,0.04999041667,49.88511756,0.05523776829,1.154594732e-06,2383071.123,2.751481364,2.769977777,0.0184964093,3.467895304e-09
156060,49.99591667,0.04999041667,49.88520967,0.0552334259,1.15363926e-06,2383070.905,2.749204155,2.767674816,0.0184706629,-1.957649154e-09
156120,49.99591667,0.04999041667,49.88530167,0.05522908937,1.152685076e-06,2383070.688,2.746930016,2.765374973,0.01844495464,1.858706966e-09
156180,49.99591667,0.04999041667,49.88539354,0.05522475868,1.151732178e-06,2383070.471,2.744658944,2.763078245,0.01841930126,-2.299507251e-10
156240,49.99591667,0.04999041667,49.88548528,0.05522043382,1.150780564e-06,2383070.255,2.742390932,2.760784626,0.01839369439,-3.856222008e-10
156300,49.99591667,0.04999041667,49.8855769,0.05521611479,1.149830231e-06,2383070.039,2.740125974,2.758494109,0.01836813403,1.566537122e-09
156360,49.99591667,0.04999041667,49.8856684,0.05521180158,1.148881178e-06,2383069.823,2.737864065,2.756206691,0.01834262436,1.855580134e-09
156420,49.99591667,0.04999041667,49.88575977,0.05520749416,1.147933401e-06,2383069.607,2.735605199,2.753922363,0.01831716537,-1.4052004e-09
156480,49.99591667,0.04999041667,49.88585102,0.05520319254,1.146986899e-06,2383069.392,2.73334937,2.751641121,0.0182917487,2.078597738e-09
156540,49.99591667,0.04999041667,49.88594215,0.0551988967,1.146041668e-06,2383069.177,2.731096574,2.749362959,0.0182663869,-1.919769677e-09
156600,49.99591667,0.04999041667,49.88603315,0.05519460663,1.145097707e-06,2383068.962,2.728846804,2.747087872,0.01824106741,3.688853667e-10
156660,49.99591667,0.04999041667,49.88612403,0.05519032231,1.144155014e-06,2383068.747,2.726600056,2.744815853,0.0182157986,-7.382503497e-10
156720,49.99591667,0.04999041667,49.88621479,0.05518604375,1.143213585e-06,2383068.533,2.724356322,2.742546898,0.01819057629,-2.416462586e-10
156780,49.99591667,0.04999041667,49.88630543,0.05518177093,1.14227342e-06,2383068.319,2.722115598,2.740281,0.01816540465,-2.812978295e-09
156840,49.99591667,0.04999041667,49.88639594,0.05517750383,1.141334514e-06,2383068.106,2.719877879,2.738018154,0.01814027532,-4.187223901e-10
156900,49.99591667,0.04999041667,49.88648633,0.05517324245,1.140396867e-06,2383067.892,2.717643159,2.735758354,0.01811519248,2.867047044e-09
156960,49.99591667,0.04999041667,49.8865766,0.05516898678,1.139460476e-06,2383067.679,2.715411432,2.733501594,0.01809016031,2.671988852e-09
157020,49.99591667,0.04999041667,49.88666675,0.05516473681,1.138525338e-06,2383067.466,2.713182692,2.73124787,0.01806517881,-8.453122646e-10
157080,49.99591667,0.04999041667,49.88675678,0.05516049252,1.137591451e-06,2383067.254,2.710956935,2.728997175,0.01804023961,-1.303210873e-10
157140,49.99591667,0.04999041667,49.88684669,0.05515625391,1.136658813e-06,2383067.042,2.708734155,2.726749503,0.01801534689,1.426678775e-09
157200,49.99591667,0.04999041667,49.88693647,0.05515202096,1.135727422e-06,2383066.83,2.706514347,2.72450485,0.01799050065,3.067981869e-09
157260,49.99591667,0.04999041667,49.88702614,0.05514779367,1.134797275e-06,2383066.618,2.704297504,2.72226321,0.01796570507,1.35817535e-09
157320,49.99591667,0.04999041667,49.88711568,0.05514357202,1.13386837e-06,2383066.407,2.702083622,2.720024578,0.01794095597,-5.47180079e-10
157380,49.99591667,0.04999041667,49.88720511,0.05513935601,1.132940705e-06,2383066.196,2.699872695,2.717788946,0.01791624916,1.605726219e-09
157440,49.99591667,0.04999041667,49.88729441,0.05513514562,1.132014277e-06,2383065.985,2.697664719,2.715556311,0.01789159301,-7.834817239e-10
157500,49.99591667,0.04999041667,49.8873836,0.05513094085,1.131089085e-06,2383065.775,2.695459686,2.713326666,0.01786698333,-2.910121033e-09
157560,49.99591667,0.04999041667,49.88747267,0.05512674168,1.130165125e-06,2383065.565,2.693257593,2.711100008,0.01784241593,-7.51787077e-10
157620,49.99591667,0.04999041667,49.88756161,0.05512254811,1.129242397e-06,2383065.355,2.691058433,2.708876328,0.01781789082,3.74130904e-09
157680,49.99591667,0.04999041667,49.88765044,0.05511836011,1.128320897e-06,2383065.145,2.688862202,2.706655622,0.01779342054,-3.104863033e-10
157740,49.99591667,0.04999041667,49.88773915,0.05511417769,1.127400623e-06,2383064.936,2.686668894,2.704437886,0.01776899255,-2.895355067e-10
157800,49.99591667,0.04999041667,49.88782774,0.05511000084,1.126481574e-06,2383064.727,2.684478503,2.702223113,0.01774461101,-9.073648499e-10
157860,49.99591667,0.04999041667,49.88791621,0.05510582953,1.125563746e-06,2383064.518,2.682291025,2.700011298,0.01772027176,7.143050595e-10
157920,49.99591667,0.04999041667,49.88800457,0.05510166377,1.124647138e-06,2383064.309,2.680106454,2.697802435,0.01769598314,-1.892727752e-09
157980,49.99591667,0.04999041667,49.88809281,0.05509750354,1.123731747e-06,2383064.101,2.677924785,2.69559652,0.01767173262,2.675270672e-09
158040,49.99591667,0.04999041667,49.88818092,0.05509334884,1.122817571e-06,2383063.893,2.675746013,2.693393548,0.01764753692,-1.619571144e-09
158100,49.99591667,0.04999041667,49.88826893,0.05508919965,1.121904609e-06,2383063.685,2.673570131,2.691193511,0.01762337931,-5.975042683e-11
158160,49.99591667,0.04999041667,49.88835681,0.05508505596,1.120992857e-06,2383063.478,2.671397136,2.688996405,0.01759927233,-3.642590674e-09
158220,49.99591667,0.04999041667,49.88844458,0.05508091776,1.120082314e-06,2383063.271,2.669227022,2.686802225,0.01757520344,8.824274644e-11
158280,49.99591667,0.04999041667,49.88853223,0.05507678504,1.119172977e-06,2383063.064,2.667059783,2.684610966,0.01755118518,-1.931942606e-09
158340,49.99591667,0.04999041667,49.88861976,0.0550726578,1.118264844e-06,2383062.857,2.664895415,2.682422622,0.017527205,1.818532436e-09
158400,49.99591667,0.04999041667,49.88870718,0.05506853603,1.117357914e-06,2383062.651,2.662733912,2.680237187,0.01750327546,-3.362301548e-10
158460,49.99591667,0.04999041667,49.88879448,0.0550644197,1.116452183e-06,2383062.445,2.660575269,2.678054657,0.01747939235,-4.037329582e-09
158520,49.99591667,0.04999041667,49.88888167,0.05506030882,1.11554765e-06,2383062.239,2.65841948,2.675875027,0.01745554733,-6.105986827e-10
158580,49.99591667,0.04999041667,49.88896874,0.05505620337,1.114644312e-06,2383062.034,2.656266542,2.67369829,0.01743175292,-4.463101888e-09
158640,49.99591667,0.04999041667,49.88905569,0.05505210334,1.113742168e-06,2383061.829,2.654116448,2.671524443,0.01740799659,-1.413818396e-09
158700,49.99591667,0.04999041667,49.88914253,0.05504800873,1.112841215e-06,2383061.624,2.651969193,2.669353479,0.01738428252,3.399982518e-09
158760,49.99591667,0.04999041667,49.88922925,0.05504391952,1.111941451e-06,2383061.419,2.649824773,2.667185393,0.01736062325,-3.461658959e-09
158820,49.99591667,0.04999041667,49.88931586,0.05503983571,1.111042874e-06,2383061.215,2.647683181,2.66502018,0.01733699786,5.503766332e-10
158880,49.99591667,0.04999041667,49.88940235,0.05503575728,1.110145482e-06,2383061.01,2.645544414,2.662857835,0.01731341891,1.790201765e-09
158940,49.99591667,0.04999041667,49.88948873,0.05503168423,1.109249272e-06,2383060.807,2.643408466,2.660698352,0.01728988639,-4.466227388e-10
159000,49.99591667,0.04999041667,49.889575,0.05502761654,1.108354243e-06,2383060.603,2.641275332,2.658541727,0.01726639611,-5.941740433e-10
159060,49.99591667,0.04999041667,49.88966115,0.0550235542,1.107460393e-06,2383060.4,2.639145006,2.656387954,0.01724294809,-1.417110873e-10
159120,49.99591667,0.04999041667,49.88974719,0.05501949722,1.106567718e-06,2383060.197,2.637017484,2.654237028,0.01721954648,-2.11147233e-09
159180,49.99591667,0.04999041667,49.88983311,0.05501544557,1.105676218e-06,2383059.994,2.634892761,2.652088946,0.01719618712,-2.453833581e-09
159240,49.99591667,0.04999041667,49.88991892,0.05501139924,1.104785889e-06,2383059.791,2.632770831,2.649943699,0.01717286582,1.668260197e-09
159300,49.99591667,0.04999041667,49.89000462,0.05500735823,1.103896731e-06,2383059.589,2.63065169,2.647801284,0.01714959095,2.916865416e-09
159360,49.99591667,0.04999041667,49.8900902,0.05500332253,1.10300874e-06,2383059.387,2.628535333,2.645661696,0.01712636249,7.595746254e-11
159420,49.99591667,0.04999041667,49.89017567,0.05499929213,1.102121916e-06,2383059.185,2.626421754,2.643524929,0.01710317626,-1.335139554e-09
159480,49.99591667,0.04999041667,49.89026103,0.05499526701,1.101236254e-06,2383058.984,2.624310949,2.641390979,0.01708003228,-2.467362759e-09
159540,49.99591667,0.04999041667,49.89034627,0.05499124718,1.100351755e-06,2383058.783,2.622202913,2.63925984,0.01705692634,6.136309239e-10
159600,49.99591667,0.04999041667,49.89043141,0.05498723261,1.099468414e-06,2383058.582,2.62009764,2.637131508,0.01703386682,8.570637533e-10
159660,49.99591667,0.04999041667,49.89051643,0.05498322331,1.098586231e-06,2383058.381,2.617995126,2.635005976,0.01701085371,-4.125319641e-09
159720,49.99591667,0.04999041667,49.89060134,0.05497921925,1.097705204e-06,2383058.181,2.615895366,2.63288324,0.01698787446,6.790035201e-11
159780,49.99591667,0.04999041667,49.89068613,0.05497522043,1.096825329e-06,2383057.981,2.613798355,2.630763297,0.01696494163,4.744782345e-10
159840,49.99591667,0.04999041667,49.89077082,0.05497122685,1.095946606e-06,2383057.781,2.611704087,2.628646138,0.01694205101,-6.493916516e-12
159900,49.99591667,0.04999041667,49.8908554,0.05496723849,1.095069032e-06,2383057.581,2.609612559,2.626531761,0.01691920263,1.102504754e-10
159960,49.99591667,0.04999041667,49.89093986,0.05496325534,1.094192605e-06,2383057.382,2.607523764,2.624420161,0.01689639646,-9.365219711e-11
160020,49.99591667,0.04999041667,49.89102421,0.0549592774,1.093317323e-06,2383057.183,2.605437699,2.622311331,0.01687363252,-5.066227438e-10
160080,49.99591667,0.04999041667,49.89110846,0.05495530465,1.092443184e-06,2383056.984,2.603354358,2.620205268,0.0168509108,-1.317705056e-09
160140,49.99591667,0.04999041667,49.89119259,0.05495133709,1.091570185e-06,2383056.785,2.601273737,2.618101966,0.01682822711,1.534874894e-09
160200,49.99591667,0.04999041667,49.89127661,0.0549473747,1.090698326e-06,2383056.587,2.59919583,2.61600142,0.01680558982,-6.278311204e-11
160260,49.99591667,0.04999041667,49.89136052,0.05494341748,1.089827603e-06,2383056.389,2.597120633,2.613903625,0.01678299475,-2.742704286e-09
160320,49.99591667,0.04999041667,49.89144432,0.05493946541,1.088958016e-06,2383056.191,2.595048141,2.611808577,0.01676043771,-1.860622767e-09
160380,49.99591667,0.04999041667,49.89152802,0.0549355185,1.088089561e-06,2383055.994,2.592978349,2.60971627,0.0167379187,2.159515233e-09
160440,49.99591667,0.04999041667,49.8916116,0.05493157672,1.087222236e-06,2383055.797,2.590911253,2.6076267,0.01671544608,1.122697046e-09
160500,49.99591667,0.04999041667,49.89169507,0.05492764007,1.086356041e-06,2383055.6,2.588846847,2.605539861,0.01669301567,-9.880434249e-10
160560,49.99591667,0.04999041667,49.89177844,0.05492370854,1.085490972e-06,2383055.403,2.586785126,2.60345575,0.01667062329,3.556968053e-10
160620,49.99591667,0.04999041667,49.89186169,0.05491978213,1.084627028e-06,2383055.206,2.584726087,2.60137436,0.01664827312,9.595257922e-11
160680,49.99591667,0.04999041667,49.89194484,0.05491586082,1.083764207e-06,2383055.01,2.582669724,2.599295687,0.01662596515,-1.540697792e-09
160740,49.99591667,0.04999041667,49.89202788,0.0549119446,1.082902507e-06,2383054.814,2.580616032,2.597219726,0.01660369938,-4.632209727e-09
160800,49.99591667,0.04999041667,49.89211081,0.05490803346,1.082041925e-06,2383054.618,2.578565006,2.595146473,0.01658146745,-6.246008155e-10
160860,49.99591667,0.04999041667,49.89219363,0.05490412741,1.08118246e-06,2383054.423,2.576516643,2.593075922,0.01655928191,-2.577105196e-09
160920,49.99591667,0.04999041667,49.89227634,0.05490022641,1.08032411e-06,2383054.228,2.574470937,2.591008068,0.0165371302,1.320491272e-09
160980,49.99591667,0.04999041667,49.89235895,0.05489633048,1.079466872e-06,2383054.033,2.572427883,2.588942908,0.01651502487,1.677800121e-10
161040,49.99591667,0.04999041667,49.89244145,0.05489243959,1.078610746e-06,2383053.838,2.570387477,2.586880436,0.01649295755,1.665247495e-09
161100,49.99591667,0.04999041667,49.89252384,0.05488855374,1.077755728e-06,2383053.644,2.568349714,2.584820647,0.01647093243,-1.173532382e-10
161160,49.99591667,0.04999041667,49.89260613,0.05488467293,1.076901817e-06,2383053.45,2.56631459,2.582763536,0.01644894533,1.032928409e-09
161220,49.99591667,0.04999041667,49.8926883,0.05488079713,1.076049011e-06,2383053.256,2.564282099,2.5807091,0.01642700041,4.18478141e-10
161280,49.99591667,0.04999041667,49.89277037,0.05487692635,1.075197308e-06,2383053.062,2.562252237,2.578657332,0.0164050935,1.26082611e-09
161340,49.99591667,0.04999041667,49.89285234,0.05487306057,1.074346706e-06,2383052.868,2.560225,2.576608229,0.01638322879,1.267914662e-10
161400,49.99591667,0.04999041667,49.8929342,0.05486919979,1.073497203e-06,2383052.675,2.558200382,2.574561784,0.01636140208,-8.726308565e-11
161460,49.99591667,0.04999041667,49.89301595,0.05486534399,1.072648798e-06,2383052.482,2.55617838,2.572517995,0.01633961756,-1.904875813e-09
161520,49.99591667,0.04999041667,49.89309759,0.05486149317,1.071801487e-06,2383052.29,2.554158988,2.570476856,0.01631786685,1.292558505e-09
161580,49.99591667,0.04999041667,49.89317913,0.05485764732,1.07095527e-06,2383052.097,2.552142202,2.568438362,0.01629616252,-2.443030667e-09
161640,49.99591667,0.04999041667,49.89326057,0.05485380643,1.070110144e-06,2383051.905,2.550128017,2.566402509,0.016274492,-3.257083492e-11
161700,49.99591667,0.04999041667,49.89334189,0.05484997049,1.069266107e-06,2383051.713,2.548116429,2.564369292,0.01625286367,1.865707588e-11
161760,49.99591667,0.04999041667,49.89342312,0.05484613949,1.068423158e-06,2383051.521,2.546107433,2.562338705,0.01623127334,-4.484950189e-10
161820,49.99591667,0.04999041667,49.89350424,0.05484231343,1.067581295e-06,2383051.33,2.544101024,2.560310747,0.01620972518,-2.491447493e-09
161880,49.99591667,0.04999041667,49.89358525,0.05483849229,1.066740515e-06,2383051.139,2.542097198,2.558285409,0.01618821084,-1.18497212e-10
161940,49.99591667,0.04999041667,49.89366616,0.05483467606,1.065900817e-06,2383050.948,2.540095951,2.556262689,0.01616673867,-6.619247372e-10
162000,49.99591667,0.04999041667,49.89374696,0.05483086475,1.065062198e-06,2383050.757,2.538097278,2.554242583,0.01614530868,-3.550167271e-09
162060,49.99591667,0.04999041667,49.89382766,0.05482705833,1.064224658e-06,2383050.567,2.536101174,2.552225083,0.01612390832,1.050144416e-09
162120,49.99591667,0.04999041667,49.89390826,0.0548232568,1.063388194e-06,2383050.377,2.534107635,2.550210188,0.01610255431,-9.665614975e-10
162180,49.99591667,0.04999041667,49.89398875,0.05481946016,1.062552803e-06,2383050.187,2.532116656,2.548197891,0.01608123411,1.132920424e-09
162240,49.99591667,0.04999041667,49.89406914,0.05481566839,1.061718485e-06,2383049.997,2.530128233,2.546188189,0.01605995608,-2.977089686e-10
162300,49.99591667,0.04999041667,49.89414942,0.05481188148,1.060885238e-06,2383049.807,2.528142361,2.544181077,0.01603871603,-5.652229795e-10
162360,49.99591667,0.04999041667,49.8942296,0.05480809943,1.060053059e-06,2383049.618,2.526159037,2.54217655,0.01601751397,-9.886638175e-10
162420,49.99591667,0.04999041667,49.89430968,0.05480432222,1.059221946e-06,2383049.429,2.524178254,2.540174603,0.0159963499,-1.455466414e-09
162480,49.99591667,0.04999041667,49.89438966,0.05480054986,1.058391898e-06,2383049.24,2.52220001,2.538175232,0.01597521962,3.112126112e-09
162540,49.99591667,0.04999041667,49.89446953,0.05479678233,1.057562914e-06,2383049.052,2.520224299,2.536178433,0.01595413569,-8.956781983e-10
162600,49.99591667,0.04999041667,49.8945493,0.05479301961,1.05673499e-06,2383048.864,2.518251116,2.534184201,0.01593308556,-1.246184933e-09
162660,49.99591667,0.04999041667,49.89462897,0.05478926171,1.055908125e-06,2383048.676,2.516280459,2.532192531,0.01591207341,-1.372665093e-09
162720,49.99591667,0.04999041667,49.89470853,0.05478550862,1.055082318e-06,2383048.488,2.514312322,2.53020342,0.01589109505,2.842064362e-09
162780,49.99591667,0.04999041667,49.89478799,0.05478176032,1.054257566e-06,2383048.3,2.5123467,2.528216862,0.01587015886,2.772619467e-09
162840,49.99591667,0.04999041667,49.89486735,0.05477801682,1.053433867e-06,2383048.113,2.51038359,2.526232852,0.01584926063,1.863787347e-09
162900,49.99591667,0.04999041667,49.89494661,0.05477427809,1.052611221e-06,2383047.926,2.508422987,2.524251388,0.01582840457,-3.032233575e-09
162960,49.99591667,0.04999041667,49.89502577,0.05477054413,1.051789624e-06,2383047.739,2.506464886,2.522272463,0.01580757811,-6.168976441e-10
163020,49.99591667,0.04999041667,49.89510482,0.05476681494,1.050969076e-06,2383047.553,2.504509283,2.520296074,0.01578678963,1.25247146e-09
163080,49.99591667,0.04999041667,49.89518378,0.0547630905,1.050149573e-06,2383047.366,2.502556175,2.518322216,0.01576603911,2.01125383e-09
163140,49.99591667,0.04999041667,49.89526263,0.05475937081,1.049331115e-06,2383047.18,2.500605556,2.516350886,0.01574533074,-8.057208234e-10
163200,49.99591667,0.04999041667,49.89534138,0.05475565586,1.0485137e-06,2383046.994,2.498657422,2.514382077,0.01572465617,-1.152848039e-09
163260,49.99591667,0.04999041667,49.89542004,0.05475194563,1.047697326e-06,2383046.809,2.496711768,2.512415785,0.01570401955,-2.365419416e-09
163320,49.99591667,0.04999041667,49.89549859,0.05474824013,1.04688199e-06,2383046.623,2.494768592,2.510452008,0.01568341673,-4.607922932e-10
163380,49.99591667,0.04999041667,49.89557704,0.05474453934,1.046067692e-06,2383046.438,2.492827887,2.508490739,0.01566284768,4.653223584e-09
163440,49.99591667,0.04999041667,49.89565539,0.05474084326,1.045254429e-06,2383046.253,2.49088965,2.506531976,0.01564232496,1.141740036e-09
163500,49.99591667,0.04999041667,49.89573364,0.05473715188,1.044442199e-06,2383046.069,2.488953877,2.504575712,0.01562183602,-1.329189203e-09
163560,49.99591667,0.04999041667,49.89581179,0.05473346518,1.043631002e-06,2383045.884,2.487020563,2.502621944,0.01560138505,-3.909212953e-09
163620,49.99591667,0.04999041667,49.89588984,0.05472978317,1.042820834e-06,2383045.7,2.485089704,2.500670667,0.01558096367,-6.227187654e-10
163680,49.99591667,0.04999041667,49.89596779,0.05472610582,1.042011694e-06,2383045.516,2.483161296,2.498721879,0.01556058024,2.468100391e-09
163740,49.99591667,0.04999041667,49.89604564,0.05472243315,1.041203581e-06,2383045.332,2.481235334,2.496775573,0.01554024314,-4.027556066e-09
163800,49.99591667,0.04999041667,49.8961234,0.05471876513,1.040396493e-06,2383045.149,2.479311815,2.494831745,0.01551992727,3.191799269e-09
163860,49.99591667,0.04999041667,49.89620105,0.05471510175,1.039590427e-06,2383044.966,2.477390733,2.492890392,0.01549966189,-2.811063826e-09
163920,49.99591667,0.04999041667,49.89627861,0.05471144302,1.038785382e-06,2383044.782,2.475472085,2.490951508,0.01547942611,-3.364829748e-09
163980,49.99591667,0.04999041667,49.89635606,0.05470778892,1.037981357e-06,2383044.6,2.473555867,2.489015091,0.01545922409,-6.599978342e-10
164040,49.99591667,0.04999041667,49.89643342,0.05470413945,1.037178349e-06,2383044.417,2.471642074,2.487081134,0.01543906003,-5.812115234e-10
164100,49.99591667,0.04999041667,49.89651068,0.05470049459,1.036376357e-06,2383044.235,2.469730702,2.485149634,0.01541893392,-2.369343388e-09
164160,49.99591667,0.04999041667,49.89658784,0.05469685434,1.035575379e-06,2383044.053,2.467821748,2.483220587,0.01539884158,-1.713598596e-09
164220,49.99591667,0.04999041667,49.89666491,0.05469321869,1.034775413e-06,2383043.871,2.465915205,2.481293988,0.015378783,8.682965458e-11
164280,49.99591667,0.04999041667,49.89674187,0.05468958763,1.033976457e-06,2383043.689,2.464011072,2.479369835,0.01535876237,1.325128007e-09
164340,49.99591667,0.04999041667,49.89681874,0.05468596116,1.033178511e-06,2383043.508,2.462109342,2.47744812,0.01533877968,-1.5947208e-09
164400,49.99591667,0.04999041667,49.89689551,0.05468233926,1.032381571e-06,2383043.327,2.460210013,2.475528842,0.01531883076,-1.956416362e-09
164460,49.99591667,0.04999041667,49.89697219,0.05467872193,1.031585637e-06,2383043.146,2.45831308,2.473611995,0.0152989156,-1.402241434e-09
164520,49.99591667,0.04999041667,49.89704876,0.05467510917,1.030790706e-06,2383042.965,2.456418539,2.471697575,0.0152790342,1.368276159e-09
164580,49.99591667,0.04999041667,49.89712524,0.05467150095,1.029996776e-06,2383042.784,2.454526386,2.469785578,0.01525919074,1.469188327e-09
164640,49.99591667,0.04999041667,49.89720163,0.05466789728,1.029203847e-06,2383042.604,2.452636617,2.467876,0.01523938522,-1.433158925e-09
164700,49.99591667,0.04999041667,49.89727791,0.05466429815,1.028411917e-06,2383042.424,2.450749227,2.465968837,0.01521961346,-2.733020477e-09
164760,49.99591667,0.04999041667,49.8973541,0.05466070355,1.027620982e-06,2383042.244,2.448864212,2.464064085,0.01519987545,-2.712956526e-09
164820,49.99591667,0.04999041667,49.8974302,0.05465711346,1.026831043e-06,2383042.065,2.446981569,2.462161738,0.0151801712,-1.913427639e-09
164880,49.99591667,0.04999041667,49.89750619,0.0546535279,1.026042097e-06,2383041.885,2.445101293,2.460261794,0.0151605007,3.405764559e-10
164940,49.99591667,0.04999041667,49.8975821,0.05464994683,1.025254142e-06,2383041.706,2.443223381,2.458364248,0.01514086814,-4.700480005e-10
165000,49.99591667,0.04999041667,49.8976579,0.05464637027,1.024467177e-06,2383041.527,2.441347827,2.456469097,0.01512127351,-3.673971349e-09
165060,49.99591667,0.04999041667,49.89773361,0.0546427982,1.0236812e-06,2383041.349,2.439474629,2.454576334,0.01510170427,1.282236983e-09
165120,49.99591667,0.04999041667,49.89780923,0.05463923061,1.02289621e-06,2383041.17,2.437603781,2.452685957,0.01508217296,2.688098188e-09
165180,49.99591667,0.04999041667,49.89788475,0.05463566749,1.022112204e-06,2383040.992,2.435735281,2.450797961,0.01506267958,7.910512245e-10
165240,49.99591667,0.04999041667,49.89796017,0.05463210884,1.021329181e-06,2383040.814,2.433869123,2.448912343,0.01504321995,-3.460995934e-10
165300,49.99591667,0.04999041667,49.8980355,0.05462855466,1.02054714e-06,2383040.636,2.432005305,2.447029098,0.01502379406,-1.170750608e-09
165360,49.99591667,0.04999041667,49.89811074,0.05462500492,1.019766078e-06,2383040.459,2.430143821,2.445148222,0.01500439774,3.131338744e-09
165420,49.99591667,0.04999041667,49.89818588,0.05462145963,1.018985994e-06,2383040.281,2.428284669,2.443269712,0.0149850477,-4.697354505e-09
165480,49.99591667,0.04999041667,49.89826092,0.05461791877,1.018206886e-06,2383040.104,2.426427843,2.441393562,0.01496572305,-4.126210484e-09
165540,49.99591667,0.04999041667,49.89833588,0.05461438235,1.017428752e-06,2383039.927,2.42457334,2.439519769,0.01494643214,-3.342533805e-09
165600,49.99591667,0.04999041667,49.89841073,0.05461085034,1.016651592e-06,2383039.751,2.422721156,2.43764833,0.01492717497,-1.413487993e-09
165660,49.99591667,0.04999041667,49.8984855,0.05460732275,1.015875403e-06,2383039.574,2.420871287,2.435779239,0.01490795154,3.578612962e-10
165720,49.99591667,0.04999041667,49.89856017,0.05460379957,1.015100183e-06,2383039.398,2.419023729,2.433912493,0.01488876185,1.814187911e-09
165780,49.99591667,0.04999041667,49.89863474,0.05460028078,1.014325931e-06,2383039.222,2.417178479,2.432048088,0.01486961007,-3.615454602e-10
165840,49.99591667,0.04999041667,49.89870923,0.05459676639,1.013552646e-06,2383039.046,2.415335531,2.43018602,0.01485048786,8.615130831e-10
165900,49.99591667,0.04999041667,49.89878362,0.05459325638,1.012780325e-06,2383038.871,2.413494882,2.428326283,0.01483140356,-2.993965076e-09
165960,49.99591667,0.04999041667,49.89885791,0.05458975074,1.012008967e-06,2383038.695,2.411656529,2.426468877,0.01481234881,-1.199042199e-09
166020,49.99591667,0.04999041667,49.89893211,0.05458624948,1.011238571e-06,2383038.52,2.409820467,2.424613794,0.0147933278,-4.838818235e-10
166080,49.99591667,0.04999041667,49.89900623,0.05458275257,1.010469134e-06,2383038.345,2.407986692,2.422761032,0.01477434052,-3.547246941e-10
166140,49.99591667,0.04999041667,49.89908024,0.05457926003,1.009700655e-06,2383038.171,2.406155201,2.420910588,0.01475538698,-1.205000544e-10
166200,49.99591667,0.04999041667,49.89915417,0.05457577182,1.008933132e-06,2383037.996,2.40432599,2.419062456,0.01473647134,-5.029253458e-09
166260,49.99591667,0.04999041667,49.899228,0.05457228796,1.008166564e-06,2383037.822,2.402499054,2.417216633,0.01471758107,-2.179403769e-09
166320,49.99591667,0.04999041667,49.89930174,0.05456880843,1.00740095e-06,2383037.648,2.40067439,2.415373114,0.01469872454,-4.225508832e-11
166380,49.99591667,0.04999041667,49.89937539,0.05456533322,1.006636287e-06,2383037.474,2.398851994,2.413531897,0.01467990591,-2.3879001e-09
166440,49.99591667,0.04999041667,49.89944895,0.05456186233,1.005872573e-06,2383037.3,2.397031862,2.411692977,0.01466111264,2.509073838e-09
166500,49.99591667,0.04999041667,49.89952241,0.05455839575,1.005109808e-06,2383037.127,2.39521399,2.40985635,0.01464236147,-1.793754034e-09
166560,49.99591667,0.04999041667,49.89959579,0.05455493347,1.00434799e-06,2383036.954,2.393398375,2.408022011,0.01462363565,8.611302782e-10
166620,49.99591667,0.04999041667,49.89966907,0.05455147549,1.003587117e-06,2383036.781,2.391585012,2.406189959,0.01460494774,-1.008769068e-09
166680,49.99591667,0.04999041667,49.89974226,0.05454802179,1.002827187e-06,2383036.608,2.389773898,2.404360188,0.01458629355,-4.057082226e-09
166740,49.99591667,0.04999041667,49.89981536,0.05454457237,1.002068199e-06,2383036.436,2.387965029,2.402532695,0.01456766473,5.942895065e-10
166800,49.99591667,0.04999041667,49.89988837,0.05454112723,1.001310151e-06,2383036.263,2.386158401,2.400707474,0.0145490738,-9.301315274e-10
166860,49.99591667,0.04999041667,49.89996129,0.05453768636,1.000553042e-06,2383036.091,2.384354011,2.398884523,0.01453051242,2.019300283e-10
166920,49.99591667,0.04999041667,49.90003411,0.05453424974,9.9979687e-07,2383035.919,2.382551853,2.397063838,0.01451198893,-4.03215461e-09
166980,49.99591667,0.04999041667,49.90010685,0.05453081737,9.990416334e-07,2383035.748,2.380751926,2.395245416,0.0144934908,-8.358913561e-10
167040,49.99591667,0.04999041667,49.9001795,0.05452738925,9.982873307e-07,2383035.576,2.378954225,2.393429251,0.01447502639,4.234865791e-10
167100,49.99591667,0.04999041667,49.90025205,0.05452396536,9.975339603e-07,2383035.405,2.377158745,2.391615341,0.01445659569,3.998779086e-10
167160,49.99591667,0.04999041667,49.90032452,0.05452054571,9.967815206e-07,2383035.234,2.375365484,2.389803681,0.01443819871,-1.608125189e-09
167220,49.99591667,0.04999041667,49.9003969,0.05451713028,9.9603001e-07,2383035.063,2.373574438,2.387994268,0.01441983126,-1.125207039e-09
167280,49.99591667,0.04999041667,49.90046918,0.05451371906,9.95279427e-07,2383034.893,2.371785603,2.386187097,0.01440149334,1.473485334e-09
167340,49.99591667,0.04999041667,49.90054138,0.05451031205,9.9452977e-07,2383034.722,2.369998974,2.384382166,0.01438319332,-1.165562757e-09
167400,49.99591667,0.04999041667,49.90061349,0.05450690925,9.937810374e-07,2383034.552,2.368214549,2.38257947,0.01436492283,-1.980815956e-09
167460,49.99591667,0.04999041667,49.90068551,0.05450351063,9.930332277e-07,2383034.382,2.366432324,2.380779006,0.01434668186,-5.496656463e-10
167520,49.99591667,0.04999041667,49.90075744,0.05450011621,9.922863393e-07,2383034.212,2.364652295,2.378980768,0.01432847461,-1.787944459e-09
167580,49.99591667,0.04999041667,49.90082928,0.05449672596,9.915403707e-07,2383034.043,2.362874458,2.377184755,0.01431029688,8.713474386e-11
167640,49.99591667,0.04999041667,49.90090103,0.05449333989,9.907953202e-07,2383033.874,2.36109881,2.375390961,0.01429214868,2.639695573e-09
167700,49.99591667,0.04999041667,49.90097269,0.05448995798,9.900511864e-07,2383033.704,2.359325346,2.373599384,0.01427403837,-1.059278443e-09
167760,49.99591667,0.04999041667,49.90104427,0.05448658023,9.893079678e-07,2383033.536,2.357554064,2.37181002,0.01425595758,-2.196758775e-09
167820,49.99591667,0.04999041667,49.90111575,0.05448320664,9.885656627e-07,2383033.367,2.355784959,2.370022863,0.01423790213,1.764343338e-09
167880,49.99591667,0.04999041667,49.90118715,0.05447983719,9.878242696e-07,2383033.198,2.354018028,2.368237913,0.01421988457,3.792801628e-10
167940,49.99591667,0.04999041667,49.90125846,0.05447647187,9.87083787e-07,2383033.03,2.352253268,2.366455165,0.01420189653,4.941815845e-10
168000,49.99591667,0.04999041667,49.90132968,0.05447311069,9.863442133e-07,2383032.862,2.350490674,2.364674614,0.01418393802,1.941512284e-09
168060,49.99591667,0.04999041667,49.90140082,0.05446975363,9.856055471e-07,2383032.694,2.348730242,2.362896256,0.0141660132,3.846745145e-11
168120,49.99591667,0.04999041667,49.90147186,0.05446640069,9.848677868e-07,2383032.526,2.34697197,2.361120088,0.0141481179,-7.327916052e-11
168180,49.99591667,0.04999041667,49.90154282,0.05446305186,9.841309309e-07,2383032.359,2.345215854,2.359346107,0.01413025212,1.289756302e-09
168240,49.99591667,0.04999041667,49.90161369,0.05445970714,9.833949778e-07,2383032.192,2.343461889,2.357574309,0.01411242004,-6.361497995e-10
168300,49.99591667,0.04999041667,49.90168448,0.05445636651,9.826599261e-07,2383032.025,2.341710073,2.355804689,0.01409461748,-1.8566233e-09
168360,49.99591667,0.04999041667,49.90175518,0.05445302996,9.819257742e-07,2383031.858,2.339960402,2.354037246,0.01407684443,-4.294555822e-10
168420,49.99591667,0.04999041667,49.90182579,0.0544496975,9.811925207e-07,2383031.691,2.338212872,2.352271974,0.01405910507,-2.702687851e-09
168480,49.99591667,0.04999041667,49.90189631,0.05444636912,9.804601639e-07,2383031.525,2.336467479,2.350508871,0.01404139105,8.022316145e-10
168540,49.99591667,0.04999041667,49.90196675,0.05444304481,9.797287025e-07,2383031.358,2.334724221,2.348747932,0.01402371073,1.246145409e-10
168600,49.99591667,0.04999041667,49.9020371,0.05443972456,9.789981349e-07,2383031.192,2.332983093,2.346989154,0.01400606409,-3.244564617e-09
168660,49.99591667,0.04999041667,49.90210737,0.05443640836,9.782684595e-07,2383031.027,2.331244091,2.345232533,0.01398844279,-1.45735779e-09
168720,49.99591667,0.04999041667,49.90217754,0.05443309621,9.77539675e-07,2383030.861,2.329507213,2.343478066,0.01397085518,-2.973626234e-09
168780,49.99591667,0.04999041667,49.90224764,0.05442978811,9.768117799e-07,2383030.696,2.327772455,2.341725748,0.0139532929,-5.306035611e-10
168840,49.99591667,0.04999041667,49.90231764,0.05442648403,9.760847725e-07,2383030.53,2.326039813,2.339975576,0.0139357643,-1.562463936e-09
168900,49.99591667,0.04999041667,49.90238756,0.05442318399,9.753586516e-07,2383030.365,2.324309284,2.338227548,0.01391826522,-8.364766657e-10
168960,49.99591667,0.04999041667,49.9024574,0.05441988797,9.746334155e-07,2383030.201,2.322580864,2.336481658,0.01390079564,-7.109806077e-10
169020,49.99591667,0.04999041667,49.90252715,0.05441659596,9.739090628e-07,2383030.036,2.320854549,2.334737905,0.01388335557,9.821032876e-10
169080,49.99591667,0.04999041667,49.90259682,0.05441330797,9.73185592e-07,2383029.872,2.319130336,2.332996283,0.01386594918,-2.224649354e-09
169140,49.99591667,0.04999041667,49.9026664,0.05441002397,9.724630017e-07,2383029.707,2.317408222,2.33125679,0.01384856812,-2.084226125e-10
169200,49.99591667,0.04999041667,49.90273589,0.05440674397,9.717412903e-07,2383029.543,2.315688203,2.329519422,0.01383122074,-2.038815339e-09
169260,49.99591667,0.04999041667,49.9028053,0.05440346795,9.710204565e-07,2383029.379,2.313970276,2.327784174,0.01381389869,-9.913980747e-11
169320,49.99591667,0.04999041667,49.90287462,0.05440019592,9.703004987e-07,2383029.216,2.312254437,2.326051045,0.01379661031,-1.743738487e-09
169380,49.99591667,0.04999041667,49.90294387,0.05439692786,9.695814155e-07,2383029.052,2.310540682,2.32432003,0.01377934726,6.869940172e-10
169440,49.99591667,0.04999041667,49.90301302,0.05439366377,9.688632054e-07,2383028.889,2.308829008,2.322591125,0.01376211371,2.74962364e-09
169500,49.99591667,0.04999041667,49.90308209,0.05439040364,9.68145867e-07,2383028.726,2.307119412,2.320864327,0.01374491383,1.222533186e-09
169560,49.99591667,0.04999041667,49.90315108,0.05438714747,9.674293989e-07,2383028.563,2.305411891,2.319139633,0.01372774346,-6.894822491e-10
169620,49.99591667,0.04999041667,49.90321999,0.05438389525,9.667137995e-07,2383028.401,2.30370644,2.31741704,0.0137105984,1.475226608e-09
169680,49.99591667,0.04999041667,49.9032888,0.05438064696,9.659990675e-07,2383028.238,2.302003056,2.315696543,0.01369348702,-5.324070074e-10
169740,49.99591667,0.04999041667,49.90335754,0.05437740262,9.652852014e-07,2383028.076,2.300301736,2.313978139,0.01367640096,1.230376245e-09
169800,49.99591667,0.04999041667,49.90342619,0.0543741622,9.645721997e-07,2383027.914,2.298602477,2.312261824,0.01365934857,-1.836169439e-09
169860,49.99591667,0.04999041667,49.90349476,0.0543709257,9.638600611e-07,2383027.752,2.296905275,2.310547595,0.01364231732,2.972163404e-09
169920,49.99591667,0.04999041667,49.90356325,0.05436769312,9.63148784e-07,2383027.591,2.295210126,2.30883545,0.01362532391,-2.584865655e-10
169980,49.99591667,0.04999041667,49.90363165,0.05436446445,9.624383671e-07,2383027.429,2.293517028,2.307125383,0.01360835582,-5.303415485e-10
170040,49.99591667,0.04999041667,49.90369997,0.05436123968,9.617288089e-07,2383027.268,2.291825976,2.305417392,0.01359141723,-1.430623175e-09
170100,49.99591667,0.04999041667,49.90376821,0.05435801881,9.610201081e-07,2383027.107,2.290136968,2.303711473,0.01357450394,1.426047724e-09
170160,49.99591667,0.04999041667,49.90383636,0.05435480182,9.603122631e-07,2383026.946,2.28845,2.302007623,0.01355762433,-7.137508362e-10
170220,49.99591667,0.04999041667,49.90390443,0.05435158872,9.596052727e-07,2383026.786,2.286765068,2.300305839,0.01354077002,2.753921535e-10
170280,49.99591667,0.04999041667,49.90397242,0.0543483795,9.588991352e-07,2383026.625,2.28508217,2.298606116,0.01352394939,-3.259947423e-09
170340,49.99591667,0.04999041667,49.90404033,0.05434517415,9.581938494e-07,2383026.465,2.283401302,2.296908452,0.01350714988,2.065405624e-10
170400,49.99591667,0.04999041667,49.90410815,0.05434197266,9.574894139e-07,2383026.305,2.28172246,2.295212843,0.01349038404,-1.242666414e-09
170460,49.99591667,0.04999041667,49.9041759,0.05433877503,9.567858272e-07,2383026.145,2.280045641,2.293519285,0.0134736435,1.699858032e-10
170520,49.99591667,0.04999041667,49.90424356,0.05433558125,9.560830879e-07,2383025.985,2.278370843,2.291827776,0.01345693245,6.796807561e-10
170580,49.99591667,0.04999041667,49.90431113,0.05433239132,9.553811947e-07,2383025.826,2.27669806,2.290138311,0.01344025089,-4.615463567e-11
170640,49.99591667,0.04999041667,49.90437863,0.05432920522,9.546801461e-07,2383025.666,2.275027291,2.288450888,0.01342359881,-1.957455087e-09
170700,49.99591667,0.04999041667,49.90444605,0.05432602296,9.539799407e-07,2383025.507,2.273358532,2.286765503,0.01340697203,-1.050463272e-09
170760,49.99591667,0.04999041667,49.90451338,0.05432284453,9.532805772e-07,2383025.348,2.27169178,2.285082153,0.01339037473,-1.480381151e-09
170820,49.99591667,0.04999041667,49.90458063,0.05431966991,9.525820541e-07,2383025.19,2.27002703,2.283400834,0.01337380274,1.452272969e-09
170880,49.99591667,0.04999041667,49.9046478,0.0543164991,9.518843702e-07,2383025.031,2.268364281,2.281721543,0.01335726023,2.341812078e-09
170940,49.99591667,0.04999041667,49.9047149,0.05431333211,9.511875239e-07,2383024.873,2.266703528,2.280044277,0.01334075137,-2.650496267e-09
171000,49.99591667,0.04999041667,49.90478191,0.05431016891,9.504915139e-07,2383024.715,2.265044769,2.278369032,0.01332426364,-6.547282716e-10
171060,49.99591667,0.04999041667,49.90484883,0.05430700951,9.497963389e-07,2383024.557,2.263387999,2.276695805,0.01330780539,4.599951531e-10
171120,49.99591667,0.04999041667,49.90491568,0.0543038539,9.491019974e-07,2383024.399,2.261733217,2.275024593,0.01329138079,-4.369385298e-09
171180,49.99591667,0.04999041667,49.90498245,0.05430070207,9.484084881e-07,2383024.241,2.260080418,2.273355392,0.01327497313,9.548992708e-10
171240,49.99591667,0.04999041667,49.90504914,0.05429755401,9.477158097e-07,2383024.084,2.258429599,2.271688199,0.01325859912,4.035030088e-10
171300,49.99591667,0.04999041667,49.90511575,0.05429440973,9.470239607e-07,2383023.927,2.256780758,2.27002301,0.0132422546,-2.146808953e-09
171360,49.99591667,0.04999041667,49.90518227,0.05429126921,9.463329398e-07,2383023.77,2.25513389,2.268359823,0.01322593118,2.185586823e-09
171420,49.99591667,0.04999041667,49.90524872,0.05428813244,9.456427456e-07,2383023.613,2.253488992,2.266698633,0.01320964142,-5.715956597e-10
171480,49.99591667,0.04999041667,49.90531509,0.05428499943,9.449533768e-07,2383023.456,2.251846062,2.265039439,0.01319337278,4.332368242e-09
171540,49.99591667,0.04999041667,49.90538138,0.05428187016,9.442648321e-07,2383023.3,2.250205096,2.263382236,0.01317714196,-2.01043493e-09
171600,49.99591667,0.04999041667,49.90544759,0.05427874463,9.4357711e-07,2383023.144,2.248566091,2.261727022,0.01316093226,-1.629791413e-09
171660,49.99591667,0.04999041667,49.90551372,0.05427562284,9.428902092e-07,2383022.988,2.246929043,2.260073791,0.01314475203,-4.309118395e-09
171720,49.99591667,0.04999041667,49.90557976,0.05427250477,9.422041285e-07,2383022.832,2.24529395,2.258422543,0.01312859709,-4.102771012e-09
171780,49.99591667,0.04999041667,49.90564574,0.05426939042,9.415188663e-07,2383022.676,2.243660808,2.256773273,0.01311246744,-2.718996139e-09
171840,49.99591667,0.04999041667,49.90571163,0.05426627978,9.408344215e-07,2383022.521,2.242029615,2.255125979,0.01309636308,1.153176221e-09
171900,49.99591667,0.04999041667,49.90577744,0.05426317285,9.401507926e-07,2383022.365,2.240400366,2.253480655,0.01308028818,1.561248464e-09
171960,49.99591667,0.04999041667,49.90584317,0.05426006963,9.394679784e-07,2383022.21,2.238773058,2.251837301,0.01306424276,-1.128737104e-10
172020,49.99591667,0.04999041667,49.90590883,0.0542569701,9.387859774e-07,2383022.055,2.237147689,2.250195912,0.01304822262,-1.932809468e-11
172080,49.99591667,0.04999041667,49.90597441,0.05425387425,9.381047844e-07,2383021.9,2.235524246,2.248556484,0.0130322403,-2.795770726e-09
172140,49.99591667,0.04999041667,49.90603991,0.0542507821,9.374244071e-07,2383021.746,2.233902747,2.246919015,0.01301626655,1.224342405e-09
172200,49.99591667,0.04999041667,49.90610533,0.05424769363,9.36744839e-07,2383021.591,2.232283177,2.245283503,0.01300032645,-4.261404563e-10
172260,49.99591667,0.04999041667,49.90617067,0.05424460882,9.360660785e-07,2383021.437,2.230665532,2.243649945,0.01298441163,1.236296843e-09
172320,49.99591667,0.04999041667,49.90623593,0.05424152769,9.353881245e-07,2383021.283,2.229049809,2.242018335,0.01296852627,-3.380571378e-10
172380,49.99591667,0.04999041667,49.90630112,0.05423845021,9.347109757e-07,2383021.129,2.227436005,2.24038867,0.0129526662,-6.325695523e-10
172440,49.99591667,0.04999041667,49.90636623,0.05423537639,9.340346309e-07,2383020.976,2.225824117,2.23876095,0.0129368314,1.395714655e-09
172500,49.99591667,0.04999041667,49.90643126,0.05423230622,9.333590888e-07,2383020.822,2.224214143,2.237135169,0.01292102607,-6.333156222e-11
172560,49.99591667,0.04999041667,49.90649621,0.05422923968,9.326843481e-07,2383020.669,2.222606079,2.235511325,0.01290524602,-5.816884752e-10
172620,49.99591667,0.04999041667,49.90656109,0.05422617679,9.320104076e-07,2383020.516,2.220999922,2.233889414,0.01288949125,2.473727889e-10
172680,49.99591667,0.04999041667,49.90662589,0.05422311752,9.313372658e-07,2383020.363,2.219395669,2.232269434,0.01287376593,-1.591300425e-09
172740,49.99591667,0.04999041667,49.90669061,0.05422006188,9.306649216e-07,2383020.21,2.217793317,2.23065138,0.0128580659,-3.279310157e-09
172800,49.99591667,0.04999041667,49.90675526,0.05421700986,9.299933736e-07,2383020.058,2.216192863,2.22903525,0.01284238696,3.376330326e-10
172860,49.99591667,0.04999041667,49.90681983,0.05421396145,9.293226205e-07,2383019.905,2.214594303,2.227421041,0.01282673748,5.937121905e-10
172920,49.99591667,0.04999041667,49.90688432,0.05421091665,9.286526611e-07,2383019.753,2.212997635,2.225808751,0.01281111746,-1.900753333e-09
172980,49.99591667,0.04999041667,49.90694873,0.05420787545,9.27983494e-07,2383019.601,2.211402856,2.224198374,0.01279551853,-4.788258678e-11
173040,49.99591667,0.04999041667,49.90701307,0.05420483784,9.27315118e-07,2383019.449,2.209809962,2.22258991,0.01277994905,-8.870082446e-10
173100,49.99591667,0.04999041667,49.90707733,0.05420180383,9.266475317e-07,2383019.297,2.20821895,2.220983353,0.01276440485,-1.769572489e-09
173160,49.99591667,0.04999041667,49.90714152,0.05419877339,9.25980734e-07,2383019.146,2.206629818,2.219378702,0.01274888593,-1.706122799e-09
173220,49.99591667,0.04999041667,49.90720563,0.05419574654,9.253147235e-07,2383018.995,2.205042562,2.217775953,0.0127333881,2.599182203e-09
173280,49.99591667,0.04999041667,49.90726966,0.05419272325,9.24649499e-07,2383018.844,2.20345718,2.216175103,0.01271792389,-1.053231724e-09
173340,49.99591667,0.04999041667,49.90733362,0.05418970354,9.239850591e-07,2383018.693,2.201873668,2.214576149,0.01270248078,5.090923239e-10
173400,49.99591667,0.04999041667,49.9073975,0.05418668738,9.233214027e-07,2383018.542,2.200292023,2.212979088,0.01268706712,-1.734379751e-09
173460,49.99591667,0.04999041667,49.90746131,0.05418367478,9.226585284e-07,2383018.391,2.198712242,2.211383916,0.01267167456,-3.338280763e-10
173520,49.99591667,0.04999041667,49.90752504,0.05418066572,9.219964349e-07,2383018.241,2.197134323,2.209790632,0.01265630726,2.060629889e-09
173580,49.99591667,0.04999041667,49.9075887,0.05417766021,9.213351211e-07,2383018.091,2.195558261,2.208199231,0.01264096941,7.532077184e-10
173640,49.99591667,0.04999041667,49.90765228,0.05417465824,9.206745857e-07,2383017.941,2.193984055,2.206609711,0.01262565682,-1.005599159e-09
173700,49.99591667,0.04999041667,49.90771578,0.0541716598,9.200148273e-07,2383017.791,2.192411701,2.205022068,0.01261036533,1.883772693e-09
173760,49.99591667,0.04999041667,49.90777921,0.05416866489,9.193558448e-07,2383017.641,2.190841197,2.2034363,0.01259510328,6.155191912e-10
173820,49.99591667,0.04999041667,49.90784257,0.05416567349,9.186976369e-07,2383017.492,2.189272538,2.201852403,0.0125798665,-1.44440726e-09
173880,49.99591667,0.04999041667,49.90790585,0.05416268561,9.180402023e-07,2383017.342,2.187705723,2.200270376,0.01256465498,-2.161401724e-09
173940,49.99591667,0.04999041667,49.90796906,0.05415970124,9.173835398e-07,2383017.193,2.186140748,2.198690213,0.01254946455,-1.495159552e-11
174000,49.99591667,0.04999041667,49.90803219,0.05415672037,9.167276482e-07,2383017.044,2.18457761,2.197111913,0.01253430356,-7.870699648e-10
174060,49.99591667,0.04999041667,49.90809525,0.054153743,9.160725262e-07,2383016.895,2.183016307,2.195535472,0.01251916784,-3.131053194e-09
174120,49.99591667,0.04999041667,49.90815823,0.05415076913,9.154181725e-07,2383016.747,2.181456835,2.193960887,0.0125040532,-1.116605475e-09
174180,49.99591667,0.04999041667,49.90822114,0.05414779873,9.14764586e-07,2383016.598,2.179899192,2.192388156,0.01248896382,5.93878724e-10
174240,49.99591667,0.04999041667,49.90828398,0.05414483182,9.141117654e-07,2383016.45,2.178343374,2.190817276,0.01247390389,-2.09739115e-09
174300,49.99591667,0.04999041667,49.90834674,0.05414186839,9.134597094e-07,2383016.302,2.176789379,2.189248242,0.01245886503,-1.46210688e-09
174360,49.99591667,0.04999041667,49.90840942,0.05413890842,9.128084169e-07,2383016.154,2.175237203,2.187681054,0.01244385144,-1.353122059e-10
174420,49.99591667,0.04999041667,49.90847204,0.05413595192,9.121578866e-07,2383016.006,2.173686844,2.186115707,0.0124288631,-1.814899342e-10
174480,49.99591667,0.04999041667,49.90853458,0.05413299888,9.115081173e-07,2383015.858,2.172138299,2.184552198,0.01241390003,-9.589915528e-10
174540,49.99591667,0.04999041667,49.90859705,0.05413004929,9.108591078e-07,2383015.711,2.170591564,2.182990524,0.01239896221,-2.14223661e-09
174600,49.99591667,0.04999041667,49.90865944,0.05412710314,9.102108568e-07,2383015.564,2.169046638,2.181430683,0.01238404547,6.592060231e-12
174660,49.99591667,0.04999041667,49.90872176,0.05412416044,9.095633631e-07,2383015.417,2.167503517,2.179872673,0.01236915399,2.252734888e-09
174720,49.99591667,0.04999041667,49.90878401,0.05412122118,9.089166255e-07,2383015.27,2.165962198,2.178316489,0.01235429195,-8.322387224e-10
174780,49.99591667,0.04999041667,49.90884618,0.05411828535,9.082706429e-07,2383015.123,2.164422678,2.176762128,0.01233945098,-1.045302955e-09
174840,49.99591667,0.04999041667,49.90890828,0.05411535294,9.076254139e-07,2383014.976,2.162884954,2.175209588,0.01232463527,-1.518594583e-09
174900,49.99591667,0.04999041667,49.90897031,0.05411242395,9.069809374e-07,2383014.83,2.161349024,2.173658866,0.01230984063,8.934999407e-10
174960,49.99591667,0.04999041667,49.90903227,0.05410949837,9.063372122e-07,2383014.684,2.159814885,2.172109959,0.01229507125,2.644980235e-09
175020,49.99591667,0.04999041667,49.90909415,0.05410657621,9.056942371e-07,2383014.538,2.158282534,2.170562864,0.0122803313,-1.218237955e-09
175080,49.99591667,0.04999041667,49.90915596,0.05410365745,9.050520109e-07,2383014.392,2.156751967,2.169017578,0.01226560824,2.118449416e-09
175140,49.99591667,0.04999041667,49.9092177,0.05410074208,9.044105323e-07,2383014.246,2.155223183,2.167474099,0.01225091462,1.365113356e-09
175200,49.99591667,0.04999041667,49.90927937,0.05409783011,9.037698002e-07,2383014.101,2.153696178,2.165932422,0.01223624207,1.835281704e-09
175260,49.99591667,0.04999041667,49.90934096,0.05409492153,9.031298134e-07,2383013.955,2.152170949,2.164392547,0.01222159894,-1.300785257e-09
175320,49.99591667,0.04999041667,49.90940249,0.05409201633,9.024905708e-07,2383013.81,2.150647494,2.162854467,0.01220697272,1.021868812e-09
175380,49.99591667,0.04999041667,49.90946394,0.0540891145,9.01852071e-07,2383013.665,2.149125809,2.161318184,0.01219237174,3.077410327e-09
175440,49.99591667,0.04999041667,49.90952532,0.05408621605,9.01214313e-07,2383013.52,2.147605892,2.159783692,0.01217780019,-4.948761401e-10
175500,49.99591667,0.04999041667,49.90958663,0.05408332096,9.005772955e-07,2383013.376,2.146087741,2.158250989,0.01216324971,-1.219728762e-09
175560,49.99591667,0.04999041667,49.90964786,0.05408042923,8.999410174e-07,2383013.231,2.144571352,2.156720073,0.0121487203,1.255016535e-09
175620,49.99591667,0.04999041667,49.90970903,0.05407754085,8.993054774e-07,2383013.087,2.143056722,2.155190939,0.01213422031,-2.594392257e-09
175680,49.99591667,0.04999041667,49.90977012,0.05407465583,8.986706745e-07,2383012.943,2.141543848,2.153663585,0.01211973304,3.754390132e-09
175740,49.99591667,0.04999041667,49.90983115,0.05407177415,8.980366075e-07,2383012.798,2.140032729,2.152138009,0.01210528354,-3.257361936e-09
175800,49.99591667,0.04999041667,49.9098921,0.05406889581,8.97403275e-07,2383012.655,2.138523361,2.150614209,0.01209084676,1.123617199e-09
175860,49.99591667,0.04999041667,49.90995298,0.0540660208,8.967706761e-07,2383012.511,2.137015741,2.149092179,0.0120764394,-1.100556091e-09
175920,49.99591667,0.04999041667,49.91001379,0.05406314912,8.961388096e-07,2383012.367,2.135509866,2.147571919,0.01206205311,-1.080091572e-10
175980,49.99591667,0.04999041667,49.91007453,0.05406028076,8.955076742e-07,2383012.224,2.134005734,2.146053425,0.01204769206,-1.579389508e-09
176040,49.99591667,0.04999041667,49.9101352,0.05405741572,8.948772688e-07,2383012.081,2.132503342,2.144536694,0.01203335625,-4.468978521e-09
176100,49.99591667,0.04999041667,49.9101958,0.054054554,8.942475922e-07,2383011.938,2.131002688,2.143021724,0.01201903733,-1.247337345e-09
176160,49.99591667,0.04999041667,49.91025633,0.05405169558,8.936186434e-07,2383011.795,2.129503767,2.141508511,0.01200474366,8.913092486e-11
176220,49.99591667,0.04999041667,49.91031678,0.05404884046,8.929904211e-07,2383011.652,2.128006579,2.139997053,0.01199047522,-8.65136407e-10
176280,49.99591667,0.04999041667,49.91037717,0.05404598864,8.923629241e-07,2383011.51,2.126511119,2.138487348,0.01197623202,-3.351172229e-09
176340,49.99591667,0.04999041667,49.91043749,0.05404314011,8.917361514e-07,2383011.368,2.125017386,2.136979392,0.01196200571,2.603655069e-10
176400,49.99591667,0.04999041667,49.91049774,0.05404029487,8.911101018e-07,2383011.225,2.123525376,2.135473182,0.01194780464,1.620893642e-09
176460,49.99591667,0.04999041667,49.91055792,0.05403745291,8.904847742e-07,2383011.083,2.122035086,2.133968717,0.01193362881,1.437769903e-09
176520,49.99591667,0.04999041667,49.91061803,0.05403461422,8.898601673e-07,2383010.941,2.120546515,2.132465993,0.01191947403,3.612077304e-09
176580,49.99591667,0.04999041667,49.91067807,0.05403177881,8.892362801e-07,2383010.8,2.119059659,2.130965005,0.0119053445,2.02314876e-09
176640,49.99591667,0.04999041667,49.91073804,0.05402894666,8.886131114e-07,2383010.658,2.117574515,2.129465755,0.01189123602,3.064101861e-09
176700,49.99591667,0.04999041667,49.91079794,0.05402611777,8.879906601e-07,2383010.517,2.116091082,2.127968236,0.01187715696,-2.668626209e-09
176760,49.99591667,0.04999041667,49.91085777,0.05402329213,8.87368925e-07,2383010.376,2.114609355,2.126472448,0.01186309478,-2.318150116e-09
176820,49.99591667,0.04999041667,49.91091753,0.05402046975,8.86747905e-07,2383010.235,2.113129333,2.124978387,0.01184905365,2.420796896e-10
176880,49.99591667,0.04999041667,49.91097722,0.05401765061,8.861275991e-07,2383010.094,2.111651013,2.12348605,0.01183503359,3.44021478e-09
176940,49.99591667,0.04999041667,49.91103685,0.05401483471,8.85508006e-07,2383009.953,2.110174392,2.121995435,0.01182104293,7.285070325e-10
177000,49.99591667,0.04999041667,49.91109641,0.05401202204,8.848891246e-07,2383009.812,2.108699467,2.12050654,0.01180707333,-5.365929923e-10
177060,49.99591667,0.04999041667,49.91115589,0.05400921261,8.842709538e-07,2383009.672,2.107226236,2.11901936,0.01179312479,-9.848415417e-10
177120,49.99591667,0.04999041667,49.91121531,0.0540064064,8.836534926e-07,2383009.532,2.105754696,2.117533894,0.0117791973,6.686966536e-10
177180,49.99591667,0.04999041667,49.91127466,0.05400360341,8.830367397e-07,2383009.392,2.104284844,2.116050139,0.01176529505,-6.1986416e-11
177240,49.99591667,0.04999041667,49.91133394,0.05400080363,8.82420694e-07,2383009.252,2.102816678,2.114568092,0.01175141385,6.422022913e-10
177300,49.99591667,0.04999041667,49.91139316,0.05399800706,8.818053545e-07,2383009.112,2.101350195,2.113087751,0.0117375537,2.666755705e-09
177360,49.99591667,0.04999041667,49.9114523,0.0539952137,8.811907201e-07,2383008.973,2.099885392,2.111609113,0.01172371878,1.263252614e-09
177420,49.99591667,0.04999041667,49.91151138,0.05399242353,8.805767895e-07,2383008.833,2.098422268,2.110132175,0.01170990909,-2.181111292e-09
177480,49.99591667,0.04999041667,49.91157039,0.05398963656,8.799635618e-07,2383008.694,2.096960818,2.108656934,0.01169611627,-4.809042053e-10
177540,49.99591667,0.04999041667,49.91162933,0.05398685278,8.793510358e-07,2383008.555,2.095501041,2.107183387,0.01168234869,-2.486787221e-09
177600,49.99591667,0.04999041667,49.91168821,0.05398407218,8.787392104e-07,2383008.416,2.094042934,2.105711533,0.01166859797,1.369801605e-09
177660,49.99591667,0.04999041667,49.91174701,0.05398129476,8.781280845e-07,2383008.277,2.092586494,2.104241368,0.01165487249,2.141705036e-09
177720,49.99591667,0.04999041667,49.91180575,0.05397852052,8.77517657e-07,2383008.138,2.091131718,2.10277289,0.01164117223,-1.153339646e-10
177780,49.99591667,0.04999041667,49.91186442,0.05397574945,8.769079268e-07,2383008,2.089678605,2.101306096,0.01162749302,-1.53981583e-09
177840,49.99591667,0.04999041667,49.91192303,0.05397298153,8.762988928e-07,2383007.862,2.088227151,2.099840984,0.01161383486,-1.913917469e-09
177900,49.99591667,0.04999041667,49.91198156,0.05397021678,8.75690554e-07,2383007.724,2.086777353,2.098377549,0.01160019774,-1.781181425e-09
177960,49.99591667,0.04999041667,49.91204003,0.05396745519,8.750829092e-07,2383007.586,2.08532921,2.096915792,0.01158658168,2.108153652e-10
178020,49.99591667,0.04999041667,49.91209844,0.05396469674,8.744759573e-07,2383007.448,2.083882719,2.095455708,0.01157298666,1.853522669e-09
178080,49.99591667,0.04999041667,49.91215677,0.05396194143,8.738696973e-07,2383007.31,2.082437877,2.093997294,0.01155941686,8.433871379e-10
178140,49.99591667,0.04999041667,49.91221504,0.05395918927,8.732641281e-07,2383007.172,2.080994681,2.092540549,0.01154587229,-4.02724698e-09
178200,49.99591667,0.04999041667,49.91227325,0.05395644024,8.726592485e-07,2383007.035,2.079553129,2.09108547,0.01153234458,-3.443007213e-09
178260,49.99591667,0.04999041667,49.91233138,0.05395369434,8.720550576e-07,2383006.898,2.078113218,2.089632053,0.01151883375,1.602811661e-09
178320,49.99591667,0.04999041667,49.91238945,0.05395095156,8.714515543e-07,2383006.761,2.076674946,2.088180296,0.01150535231,-1.622891155e-09
178380,49.99591667,0.04999041667,49.91244746,0.05394821191,8.708487374e-07,2383006.624,2.07523831,2.086730198,0.01149188774,8.955729491e-10
178440,49.99591667,0.04999041667,49.9125054,0.05394547537,8.702466059e-07,2383006.487,2.073803307,2.085281755,0.01147845256,-4.580145152e-09
178500,49.99591667,0.04999041667,49.91256327,0.05394274193,8.696451587e-07,2383006.351,2.072369936,2.083834964,0.01146503008,-1.58600022e-09
178560,49.99591667,0.04999041667,49.91262107,0.05394001161,8.690443948e-07,2383006.214,2.070938193,2.082389824,0.01145163281,-1.658485793e-09
178620,49.99591667,0.04999041667,49.91267881,0.05393728438,8.68444313e-07,2383006.078,2.069508076,2.080946331,0.01143825658,-2.176602898e-09
178680,49.99591667,0.04999041667,49.91273649,0.05393456025,8.678449124e-07,2383005.942,2.068079583,2.079504482,0.01142489722,2.152956036e-09
178740,49.99591667,0.04999041667,49.9127941,0.05393183922,8.672461919e-07,2383005.806,2.06665271,2.078064276,0.01141156308,2.43825804e-09
178800,49.99591667,0.04999041667,49.91285164,0.05392912126,8.666481503e-07,2383005.67,2.065227456,2.076625709,0.01139824998,2.980185432e-09
178860,49.99591667,0.04999041667,49.91290912,0.05392640639,8.660507867e-07,2383005.534,2.063803818,2.07518878,0.01138496209,4.39679404e-11
178920,49.99591667,0.04999041667,49.91296653,0.05392369459,8.654541e-07,2383005.399,2.062381793,2.073753485,0.01137169524,-2.954338107e-09
178980,49.99591667,0.04999041667,49.91302387,0.05392098587,8.648580891e-07,2383005.264,2.060961379,2.072319822,0.01135844108,2.258719878e-09
179040,49.99591667,0.04999041667,49.91308116,0.05391828021,8.642627531e-07,2383005.128,2.059542573,2.070887789,0.01134521631,-3.480158384e-10
179100,49.99591667,0.04999041667,49.91313837,0.05391557762,8.636680907e-07,2383004.993,2.058125373,2.069457382,0.0113320084,1.186527321e-09
179160,49.99591667,0.04999041667,49.91319552,0.05391287808,8.63074101e-07,2383004.859,2.056709776,2.0680286,0.01131882153,2.528377951e-09
179220,49.99591667,0.04999041667,49.91325261,0.05391018159,8.62480783e-07,2383004.724,2.05529578,2.06660144,0.01130565987,7.251577117e-11
179280,49.99591667,0.04999041667,49.91330963,0.05390748816,8.618881356e-07,2383004.589,2.053883383,2.065175899,0.01129251925,-2.485379458e-09
179340,49.99591667,0.04999041667,49.91336659,0.05390479776,8.612961577e-07,2383004.455,2.052472581,2.063751975,0.01127939548,-1.192406174e-09
179400,49.99591667,0.04999041667,49.91342348,0.0539021104,8.607048483e-07,2383004.321,2.051063372,2.062329665,0.01126629275,-7.201839125e-11
179460,49.99591667,0.04999041667,49.91348031,0.05389942608,8.601142065e-07,2383004.186,2.049655755,2.060908967,0.01125321106,1.004354822e-09
179520,49.99591667,0.04999041667,49.91353707,0.05389674479,8.59524231e-07,2383004.053,2.048249726,2.059489877,0.01124015457,-2.847610148e-09
179580,49.99591667,0.04999041667,49.91359377,0.05389406652,8.58934921e-07,2383003.919,2.046845283,2.058072395,0.01122711077,1.672948446e-09
179640,49.99591667,0.04999041667,49.91365041,0.05389139126,8.583462754e-07,2383003.785,2.045442423,2.056656517,0.01121409218,1.665406923e-09
179700,49.99591667,0.04999041667,49.91370698,0.05388871903,8.577582931e-07,2383003.652,2.044041145,2.055242241,0.01120109462,1.894122637e-09
179760,49.99591667,0.04999041667,49.91376348,0.0538860498,8.571709731e-07,2383003.518,2.042641445,2.053829564,0.01118811809,1.518390302e-09
179820,49.99591667,0.04999041667,49.91381993,0.05388338358,8.565843144e-07,2383003.385,2.041243321,2.052418483,0.01117516259,-2.500590846e-10
179880,49.99591667,0.04999041667,49.91387631,0.05388072036,8.55998316e-07,2383003.252,2.039846771,2.051008998,0.01116222812,-1.163421359e-09
179940,49.99591667,0.04999041667,49.91393262,0.05387806014,8.554129769e-07,2383003.119,2.038451792,2.049601104,0.01114931469,-2.889749329e-09
180000,49.99591667,0.04999041667,49.91398887,0.05387540291,8.54828296e-07,2383002.986,2.037058382,2.048194799,0.01113641393,2.595965665e-09
180060,49.99591667,0.04999041667,49.91404506,0.05387274866,8.542442723e-07,2383002.854,2.035666539,2.04679008,0.01112354256,-6.627955962e-10
180120,49.99591667,0.04999041667,49.91410119,0.0538700974,8.536609048e-07,2383002.721,2.034276259,2.045386947,0.01111068803,-4.415396937e-10
180180,49.99591667,0.04999041667,49.91415725,0.05386744911,8.530781925e-07,2383002.589,2.032887541,2.043985395,0.01109785454,-1.17188792e-09
180240,49.99591667,0.04999041667,49.91421325,0.0538648038,8.524961344e-07,2383002.457,2.031500383,2.042585423,0.0110850379,2.310645453e-09
180300,49.99591667,0.04999041667,49.91426919,0.05386216146,8.519147295e-07,2383002.325,2.030114781,2.041187028,0.01107224646,6.741571745e-10
180360,49.99591667,0.04999041667,49.91432506,0.05385952208,8.513339767e-07,2383002.193,2.028730733,2.039790208,0.01105947605,-1.369364622e-09
180420,49.99591667,0.04999041667,49.91438087,0.05385688566,8.50753875e-07,2383002.061,2.027348238,2.038394959,0.01104672249,-9.446838867e-10
180480,49.99591667,0.04999041667,49.91443662,0.05385425219,8.501744236e-07,2383001.93,2.025967292,2.03700128,0.01103398996,-1.742011868e-09
180540,49.99591667,0.04999041667,49.9144923,0.05385162167,8.495956212e-07,2383001.798,2.024587893,2.035609169,0.01102127427,1.213425804e-09
180600,49.99591667,0.04999041667,49.91454792,0.0538489941,8.490174671e-07,2383001.667,2.023210039,2.034218622,0.01100858379,-1.03900355e-09
180660,49.99591667,0.04999041667,49.91460348,0.05384636948,8.4843996e-07,2383001.536,2.021833728,2.032829638,0.01099591016,2.89233526e-10
180720,49.99591667,0.04999041667,49.91465898,0.05384374778,8.478630992e-07,2383001.405,2.020458956,2.031442214,0.01098326172,-4.126052389e-09
180780,49.99591667,0.04999041667,49.91471441,0.05384112902,8.472868835e-07,2383001.274,2.019085723,2.030056348,0.01097062596,-4.500968487e-10
180840,49.99591667,0.04999041667,49.91476979,0.05383851319,8.46711312e-07,2383001.143,2.017714024,2.028672037,0.0109580154,-2.529009002e-09
180900,49.99591667,0.04999041667,49.9148251,0.05383590028,8.461363836e-07,2383001.013,2.016343859,2.027289279,0.01094542169,-1.626349277e-09
180960,49.99591667,0.04999041667,49.91488034,0.05383329029,8.455620975e-07,2383000.882,2.014975224,2.025908071,0.010932849,-2.151772982e-09
181020,49.99591667,0.04999041667,49.91493553,0.05383068322,8.449884526e-07,2383000.752,2.013608118,2.024528412,0.01092029733,-3.604258225e-09
181080,49.99591667,0.04999041667,49.91499065,0.05382807905,8.444154479e-07,2383000.622,2.012242538,2.023150298,0.01090775833,2.406961741e-09
181140,49.99591667,0.04999041667,49.91504572,0.05382547779,8.438430824e-07,2383000.492,2.010878481,2.021773728,0.0108952487,-1.379914849e-09
181200,49.99591667,0.04999041667,49.91510072,0.05382287943,8.432713552e-07,2383000.362,2.009515945,2.020398698,0.01088275174,8.315854672e-10
181260,49.99591667,0.04999041667,49.91515566,0.05382028396,8.427002653e-07,2383000.233,2.008154928,2.019025207,0.01087027998,-1.322379983e-09
181320,49.99591667,0.04999041667,49.91521054,0.05381769139,8.421298117e-07,2383000.103,2.006795428,2.017653252,0.01085782506,-9.90523219e-10
181380,49.99591667,0.04999041667,49.91526535,0.0538151017,8.415599934e-07,2382999.974,2.005437442,2.016282831,0.01084539116,-2.290583279e-09
181440,49.99591667,0.04999041667,49.91532011,0.0538125149,8.409908095e-07,2382999.845,2.004080968,2.014913941,0.01083296994,2.745586869e-09
181500,49.99591667,0.04999041667,49.9153748,0.05380993098,8.40422259e-07,2382999.715,2.002726004,2.013546581,0.01082057807,-1.585316323e-09
181560,49.99591667,0.04999041667,49.91542944,0.05380734993,8.398543409e-07,2382999.587,2.001372547,2.012180746,0.01080820305,-3.853174224e-09
181620,49.99591667,0.04999041667,49.91548401,0.05380477175,8.392870543e-07,2382999.458,2.000020595,2.010816437,0.0107958407,1.39332279e-09
181680,49.99591667,0.04999041667,49.91553852,0.05380219644,8.387203982e-07,2382999.329,1.998670146,2.00945365,0.01078350354,9.811707002e-11
181740,49.99591667,0.04999041667,49.91559297,0.05379962398,8.381543716e-07,2382999.201,1.997321197,2.008092382,0.0107711874,-2.336419946e-09
181800,49.99591667,0.04999041667,49.91564736,0.05379705439,8.375889735e-07,2382999.072,1.995973747,2.006732632,0.01075888392,1.655427351e-09
181860,49.99591667,0.04999041667,49.91570169,0.05379448764,8.370242031e-07,2382998.944,1.994627792,2.005374397,0.01074660563,-3.447924168e-10
181920,49.99591667,0.04999041667,49.91575596,0.05379192375,8.364600593e-07,2382998.816,1.993283331,2.004017676,0.01073434419,1.064689892e-09
181980,49.99591667,0.04999041667,49.91581017,0.05378936269,8.358965412e-07,2382998.688,1.991940361,2.002662464,0.01072210375,-7.368203825e-10
182040,49.99591667,0.04999041667,49.91586432,0.05378680448,8.353336478e-07,2382998.56,1.99059888,2.00130876,0.01070988016,-5.210436527e-10
182100,49.99591667,0.04999041667,49.9159184,0.0537842491,8.347713783e-07,2382998.433,1.989258886,1.999956562,0.01069767758,-1.979706399e-09
182160,49.99591667,0.04999041667,49.91597243,0.05378169656,8.342097315e-07,2382998.305,1.987920376,1.998605868,0.01068549184,1.920434922e-10
182220,49.99591667,0.04999041667,49.9160264,0.05377914683,8.336487067e-07,2382998.178,1.986583349,1.997256675,0.01067332711,-8.689295949e-10
182280,49.99591667,0.04999041667,49.91608031,0.05377659994,8.330883028e-07,2382998.05,1.985247801,1.995908981,0.01066117922,-1.761946145e-11
182340,49.99591667,0.04999041667,49.91613416,0.05377405585,8.325285189e-07,2382997.923,1.983913732,1.994562784,0.01064905234,-2.558893097e-10
182400,49.99591667,0.04999041667,49.91618794,0.05377151459,8.31969354e-07,2382997.796,1.982581137,1.99321808,0.0106369423,8.008027574e-10
182460,49.99591667,0.04999041667,49.91624167,0.05376897613,8.314108073e-07,2382997.67,1.981250016,1.99187487,0.01062485327,1.224798041e-10
182520,49.99591667,0.04999041667,49.91629534,0.05376644047,8.308528777e-07,2382997.543,1.979920366,1.990533149,0.01061278524,-2.669991117e-09
182580,49.99591667,0.04999041667,49.91634895,0.05376390762,8.302955644e-07,2382997.416,1.978592185,1.989192915,0.01060072988,2.348157224e-10
182640,49.99591667,0.04999041667,49.9164025,0.05376137756,8.297388663e-07,2382997.29,1.97726547,1.987854167,0.01058869553,1.064762944e-09
182700,49.99591667,0.04999041667,49.91645599,0.0537588503,8.291827827e-07,2382997.164,1.975940219,1.986516901,0.01057668219,-2.329041404e-10
182760,49.99591667,0.04999041667,49.91650942,0.05375632582,8.286273124e-07,2382997.038,1.974616431,1.985181117,0.01056468568,-1.212583367e-10
182820,49.99591667,0.04999041667,49.91656279,0.05375380413,8.280724547e-07,2382996.912,1.973294102,1.983846811,0.01055271018,-1.946151462e-09
182880,49.99591667,0.04999041667,49.91661611,0.05375128521,8.275182086e-07,2382996.786,1.971973231,1.982513981,0.01054075152,-1.834999264e-09
182940,49.99591667,0.04999041667,49.91666936,0.05374876908,8.26964573e-07,2382996.66,1.970653816,1.981182625,0.01052880968,-6.128610952e-10
183000,49.99591667,0.04999041667,49.91672256,0.05374625571,8.264115473e-07,2382996.535,1.969335853,1.979852741,0.01051688886,-1.455762622e-09
183060,49.99591667,0.04999041667,49.91677569,0.05374374511,8.258591303e-07,2382996.409,1.968019342,1.978524327,0.01050498486,-4.495028794e-10
183120,49.99591667,0.04999041667,49.91682877,0.05374123727,8.253073212e-07,2382996.284,1.96670428,1.97719738,0.0104930977,2.294120227e-09
183180,49.99591667,0.04999041667,49.91688179,0.05373873219,8.24756119e-07,2382996.159,1.965390664,1.975871898,0.01048123572,-1.86334459e-09
183240,49.99591667,0.04999041667,49.91693475,0.05373622987,8.242055229e-07,2382996.034,1.964078492,1.974547878,0.01046938639,-7.993254947e-10
183300,49.99591667,0.04999041667,49.91698765,0.05373373029,8.236555319e-07,2382995.909,1.962767763,1.97322532,0.0104575539,2.53485144e-09
183360,49.99591667,0.04999041667,49.9170405,0.05373123346,8.231061452e-07,2382995.784,1.961458474,1.971904219,0.01044574658,-1.541067496e-09
183420,49.99591667,0.04999041667,49.91709328,0.05372873938,8.225573617e-07,2382995.66,1.960150623,1.970584575,0.01043395192,2.362683382e-10
183480,49.99591667,0.04999041667,49.91714601,0.05372624803,8.220091806e-07,2382995.535,1.958844207,1.969266385,0.01042217826,-1.015667106e-09
183540,49.99591667,0.04999041667,49.91719868,0.05372375941,8.21461601e-07,2382995.411,1.957539226,1.967949647,0.01041042143,3.817415273e-10
183600,49.99591667,0.04999041667,49.91725129,0.05372127352,8.209146219e-07,2382995.287,1.956235675,1.966634358,0.0103986856,-2.615843764e-09
183660,49.99591667,0.04999041667,49.91730385,0.05371879036,8.203682425e-07,2382995.163,1.954933554,1.965320517,0.0103869666,-3.536139159e-09
183720,49.99591667,0.04999041667,49.91735634,0.05371630992,8.198224619e-07,2382995.039,1.95363286,1.964008121,0.01037526026,1.126078786e-09
183780,49.99591667,0.04999041667,49.91740878,0.0537138322,8.192772792e-07,2382994.915,1.95233359,1.962697168,0.01036357492,2.589486403e-09
183840,49.99591667,0.04999041667,49.91746116,0.05371135719,8.187326934e-07,2382994.792,1.951035744,1.961387655,0.01035191057,4.13554524e-10
183900,49.99591667,0.04999041667,49.91751348,0.05370888489,8.181887036e-07,2382994.668,1.949739318,1.960079581,0.01034026306,2.571165503e-11
183960,49.99591667,0.04999041667,49.91756575,0.05370641529,8.17645309e-07,2382994.545,1.948444311,1.958772945,0.01032863654,-2.61122457e-09
184020,49.99591667,0.04999041667,49.91761796,0.0537039484,8.171025087e-07,2382994.422,1.94715072,1.957467741,0.01031702267,-1.617529444e-09
184080,49.99591667,0.04999041667,49.91767011,0.0537014842,8.165603017e-07,2382994.299,1.945858543,1.956163971,0.01030542981,-1.892632273e-09
184140,49.99591667,0.04999041667,49.9177222,0.05369902269,8.160186873e-07,2382994.176,1.944567779,1.95486163,0.01029385377,-2.611517669e-09
184200,49.99591667,0.04999041667,49.91777424,0.05369656388,8.154776644e-07,2382994.053,1.943278424,1.953560717,0.01028229038,2.103982544e-09
184260,49.99591667,0.04999041667,49.91782622,0.05369410774,8.149372322e-07,2382993.93,1.941990478,1.952261229,0.01027075633,-4.874687098e-09
184320,49.99591667,0.04999041667,49.91787814,0.05369165429,8.143973898e-07,2382993.808,1.940703937,1.950963166,0.01025923076,-1.851461651e-09
184380,49.99591667,0.04999041667,49.91793001,0.05368920352,8.138581364e-07,2382993.685,1.9394188,1.949666524,0.01024772619,-2.19757279e-09
184440,49.99591667,0.04999041667,49.91798181,0.05368675541,8.13319471e-07,2382993.563,1.938135064,1.9483713,0.01023623844,-1.900693825e-09
184500,49.99591667,0.04999041667,49.91803357,0.05368430998,8.127813927e-07,2382993.441,1.936852728,1.947077494,0.01022476752,-7.347387143e-10
184560,49.99591667,0.04999041667,49.91808526,0.05368186721,8.122439008e-07,2382993.319,1.935571789,1.945785104,0.01021331341,1.391637916e-09
184620,49.99591667,0.04999041667,49.9181369,0.0536794271,8.117069942e-07,2382993.197,1.934292245,1.944494125,0.0102018803,-1.486910595e-10
184680,49.99591667,0.04999041667,49.91818848,0.05367698965,8.111706722e-07,2382993.075,1.933014095,1.943204558,0.01019046402,-6.208831227e-10
184740,49.99591667,0.04999041667,49.91824001,0.05367455485,8.106349338e-07,2382992.954,1.931737335,1.941916399,0.01017906872,-4.701923739e-09
184800,49.99591667,0.04999041667,49.91829148,0.05367212269,8.100997782e-07,2382992.832,1.930461965,1.940629646,0.01016767773,3.683187977e-09
184860,49.99591667,0.04999041667,49.91834289,0.05366969319,8.095652045e-07,2382992.711,1.929187981,1.939344299,0.01015632025,-2.520468945e-09
184920,49.99591667,0.04999041667,49.91839425,0.05366726632,8.090312119e-07,2382992.59,1.927915383,1.938060353,0.01014497124,-8.839888821e-10
184980,49.99591667,0.04999041667,49.91844555,0.05366484209,8.084977994e-07,2382992.468,1.926644167,1.936777807,0.01013364323,-3.135262716e-09
185040,49.99591667,0.04999041667,49.9184968,0.05366242049,8.079649662e-07,2382992.348,1.925374332,1.935496659,0.01012232786,-1.404290018e-10
185100,49.99591667,0.04999041667,49.91854799,0.05366000153,8.074327115e-07,2382992.227,1.924105875,1.934216908,0.01011103349,-8.171201493e-10
185160,49.99591667,0.04999041667,49.91859912,0.05365758518,8.069010343e-07,2382992.106,1.922838795,1.93293855,0.01009975176,3.143151961e-09
185220,49.99591667,0.04999041667,49.9186502,0.05365517146,8.063699338e-07,2382991.986,1.92157309,1.931661584,0.01008849519,-5.40061329e-10
185280,49.99591667,0.04999041667,49.91870123,0.05365276036,8.058394092e-07,2382991.865,1.920308757,1.930386008,0.01007725127,8.114908745e-11
185340,49.99591667,0.04999041667,49.91875219,0.05365035186,8.053094595e-07,2382991.745,1.919045794,1.929111819,0.01006602417,6.799458774e-10
185400,49.99591667,0.04999041667,49.91880311,0.05364794598,8.04780084e-07,2382991.625,1.9177842,1.927839016,0.01005481805,-2.056190107e-09
185460,49.99591667,0.04999041667,49.91885396,0.0536455427,8.042512818e-07,2382991.505,1.916523972,1.926567596,0.01004362458,-3.387987668e-10
185520,49.99591667,0.04999041667,49.91890476,0.05364314203,8.03723052e-07,2382991.385,1.915265109,1.925297558,0.0100324521,-2.752508887e-09
185580,49.99591667,0.04999041667,49.91895551,0.05364074395,8.031953938e-07,2382991.265,1.914007607,1.924028899,0.01002129226,-8.710183685e-10
185640,49.99591667,0.04999041667,49.9190062,0.05363834847,8.026683062e-07,2382991.145,1.912751466,1.922761617,0.01001015341,-2.441982616e-09
185700,49.99591667,0.04999041667,49.91905684,0.05363595557,8.021417886e-07,2382991.026,1.911496684,1.921495711,0.009999027196,2.98223668e-11
185760,49.99591667,0.04999041667,49.91910742,0.05363356526,8.0161584e-07,2382990.906,1.910243257,1.920231178,0.009987921974,-1.209139455e-09
185820,49.99591667,0.04999041667,49.91915795,0.05363117754,8.010904595e-07,2382990.787,1.908991185,1.918968015,0.009976829393,4.585185565e-10
185880,49.99591667,0.04999041667,49.91920842,0.05362879239,8.005656464e-07,2382990.668,1.907740465,1.917706222,0.009965753625,3.349377442e-09
185940,49.99591667,0.04999041667,49.91925883,0.05362640982,8.000413998e-07,2382990.549,1.906491095,1.916445796,0.009954703018,-1.733865496e-09
186000,49.99591667,0.04999041667,49.9193092,0.05362402981,7.995177188e-07,2382990.43,1.905243073,1.915186734,0.009943660877,6.640186179e-10
186060,49.99591667,0.04999041667,49.91935951,0.05362165238,7.989946027e-07,2382990.312,1.903996397,1.913929036,0.009932639722,-4.01517708e-10
186120,49.99591667,0.04999041667,49.91940976,0.05361927751,7.984720505e-07,2382990.193,1.902751066,1.9126727,0.009921635379,-1.187011378e-09
186180,49.99591667,0.04999041667,49.91945996,0.05361690519,7.979500614e-07,2382990.074,1.901507076,1.911417721,0.009910647849,-2.981703329e-09
186240,49.99591667,0.04999041667,49.9195101,0.05361453544,7.974286346e-07,2382989.956,1.900264427,1.910164099,0.009899672956,-5.593132624e-10
186300,49.99591667,0.04999041667,49.91956019,0.05361216823,7.969077693e-07,2382989.838,1.899023116,1.908911833,0.009888719048,-2.471175709e-09
186360,49.99591667,0.04999041667,49.91961023,0.05360980357,7.963874647e-07,2382989.72,1.897783141,1.907660919,0.009877777777,-2.422715362e-10
186420,49.99591667,0.04999041667,49.91966021,0.05360744146,7.958677198e-07,2382989.602,1.896544501,1.906411356,0.009866853317,2.159306067e-09
186480,49.99591667,0.04999041667,49.91971014,0.05360508189,7.953485339e-07,2382989.484,1.895307192,1.905163141,0.009855954014,-5.017068316e-09
186540,49.99591667,0.04999041667,49.91976002,0.05360272485,7.948299062e-07,2382989.366,1.894071214,1.903916274,0.009845063174,-3.34694672e-09
186600,49.99591667,0.04999041667,49.91980984,0.05360037034,7.943118358e-07,2382989.249,1.892836565,1.902670751,0.009834189143,-3.009271721e-09
186660,49.99591667,0.04999041667,49.9198596,0.05359801837,7.937943218e-07,2382989.131,1.891603241,1.901426573,0.009823331922,-8.831648746e-10
186720,49.99591667,0.04999041667,49.91990932,0.05359566892,7.932773636e-07,2382989.014,1.890371243,1.900183734,0.009812495682,-4.705139389e-09
186780,49.99591667,0.04999041667,49.91995898,0.05359332199,7.927609602e-07,2382988.897,1.889140566,1.898942234,0.009801667904,-2.55975463e-10
186840,49.99591667,0.04999041667,49.92000858,0.05359097758,7.922451109e-07,2382988.78,1.88791121,1.89770207,0.009790861108,-1.048885201e-09
186900,49.99591667,0.04999041667,49.92005814,0.05358863569,7.917298147e-07,2382988.663,1.886683173,1.896463241,0.009780066946,1.937964011e-09
186960,49.99591667,0.04999041667,49.92010764,0.0535862963,7.91215071e-07,2382988.546,1.885456452,1.895225747,0.009769297937,-2.590641923e-09
187020,49.99591667,0.04999041667,49.92015708,0.05358395943,7.907008789e-07,2382988.429,1.884231045,1.893989582,0.009758537389,-8.591816147e-10
187080,49.99591667,0.04999041667,49.92020648,0.05358162505,7.901872375e-07,2382988.313,1.883006952,1.892754746,0.009747793648,7.490057463e-10
187140,49.99591667,0.04999041667,49.92025582,0.05357929318,7.896741461e-07,2382988.196,1.881784169,1.891521237,0.009737066713,1.689076434e-09
187200,49.99591667,0.04999041667,49.9203051,0.0535769638,7.891616038e-07,2382988.08,1.880562695,1.890289054,0.009726356584,2.520968545e-09
187260,49.99591667,0.04999041667,49.92035434,0.05357463691,7.886496099e-07,2382987.964,1.879342528,1.889058194,0.009715667434,-1.682409989e-09
187320,49.99591667,0.04999041667,49.92040352,0.05357231251,7.881381635e-07,2382987.848,1.878123666,1.887828655,0.009704990915,-2.212315886e-09
187380,49.99591667,0.04999041667,49.92045265,0.05356999059,7.876272639e-07,2382987.732,1.876906107,1.886600434,0.009694327029,-1.883575518e-10
187440,49.99591667,0.04999041667,49.92050173,0.05356767116,7.871169101e-07,2382987.616,1.875689849,1.885373531,0.009683679947,2.039521663e-09
187500,49.99591667,0.04999041667,49.92055075,0.05356535421,7.866071015e-07,2382987.5,1.874474891,1.884147944,0.009673053842,-8.381884076e-10
187560,49.99591667,0.04999041667,49.92059972,0.05356303972,7.860978373e-07,2382987.385,1.873261229,1.882923669,0.009662440368,-4.448748037e-10
187620,49.99591667,0.04999041667,49.92064864,0.05356072771,7.855891165e-07,2382987.269,1.872048863,1.881700706,0.009651843698,-1.289413687e-09
187680,49.99591667,0.04999041667,49.9206975,0.05355841817,7.850809385e-07,2382987.154,1.870837791,1.880479053,0.009641259657,2.407088084e-09
187740,49.99591667,0.04999041667,49.92074632,0.05355611108,7.845733023e-07,2382987.039,1.86962801,1.879258707,0.009630696593,-4.286793143e-11
187800,49.99591667,0.04999041667,49.92079508,0.05355380646,7.840662074e-07,2382986.924,1.868419519,1.878039667,0.009620146158,1.477999279e-09
187860,49.99591667,0.04999041667,49.92084379,0.05355150429,7.835596527e-07,2382986.809,1.867212316,1.87682193,0.009609612525,1.233468883e-09
187920,49.99591667,0.04999041667,49.92089245,0.05354920458,7.830536376e-07,2382986.694,1.866006399,1.875605494,0.009599095694,-1.780458003e-10
187980,49.99591667,0.04999041667,49.92094105,0.05354690731,7.825481613e-07,2382986.579,1.864801766,1.87439036,0.009588595664,-1.638012392e-09
188040,49.99591667,0.04999041667,49.92098961,0.05354461249,7.820432229e-07,2382986.465,1.863598415,1.873176523,0.009578108262,-8.523759476e-11
188100,49.99591667,0.04999041667,49.92103811,0.05354232011,7.815388217e-07,2382986.35,1.862396344,1.871963982,0.009567637662,3.841464924e-10
188160,49.99591667,0.04999041667,49.92108656,0.05354003017,7.810349569e-07,2382986.236,1.861195552,1.870752735,0.009557183862,-5.3207172e-10
188220,49.99591667,0.04999041667,49.92113496,0.05353774266,7.805316277e-07,2382986.122,1.859996036,1.869542781,0.009546746862,-2.050590142e-09
188280,49.99591667,0.04999041667,49.9211833,0.05353545758,7.800288333e-07,2382986.007,1.858797795,1.868334116,0.009536318315,2.688095524e-09
188340,49.99591667,0.04999041667,49.9212316,0.05353317493,7.795265729e-07,2382985.893,1.857600827,1.86712674,0.009525910742,2.651066033e-09
188400,49.99591667,0.04999041667,49.92127984,0.0535308947,7.790248458e-07,2382985.78,1.85640513,1.86592065,0.00951552414,-3.197121012e-09
188460,49.99591667,0.04999041667,49.92132803,0.05352861689,7.785236512e-07,2382985.666,1.855210701,1.864715846,0.009505145992,-1.032013808e-09
188520,49.99591667,0.04999041667,49.92137617,0.0535263415,7.780229883e-07,2382985.552,1.85401754,1.863512324,0.009494784642,-1.403244632e-09
188580,49.99591667,0.04999041667,49.92142426,0.05352406853,7.775228563e-07,2382985.439,1.852825645,1.862310082,0.009484435917,1.667465055e-09
188640,49.99591667,0.04999041667,49.9214723,0.05352179796,7.770232545e-07,2382985.325,1.851635013,1.86110912,0.009474108163,-5.97104588e-10
188700,49.99591667,0.04999041667,49.92152029,0.05351952979,7.76524182e-07,2382985.212,1.850445643,1.859909435,0.009463793033,-6.420817211e-10
188760,49.99591667,0.04999041667,49.92156823,0.05351726403,7.760256382e-07,2382985.099,1.849257532,1.858711026,0.009453490528,2.973441049e-09
188820,49.99591667,0.04999041667,49.92161611,0.05351500067,7.755276222e-07,2382984.986,1.84807068,1.857513889,0.009443208993,4.687172872e-10
188880,49.99591667,0.04999041667,49.92166395,0.05351273971,7.750301332e-07,2382984.873,1.846885084,1.856318025,0.009432940081,8.426706e-10
188940,49.99591667,0.04999041667,49.92171173,0.05351048113,7.745331705e-07,2382984.76,1.845700742,1.85512343,0.009422687966,4.018718691e-11
189000,49.99591667,0.04999041667,49.92175946,0.05350822495,7.740367334e-07,2382984.648,1.844517652,1.853930102,0.009412448474,8.487881509e-10
189060,49.99591667,0.04999041667,49.92180715,0.05350597115,7.735408211e-07,2382984.535,1.843335814,1.852738041,0.009402225777,1.300109798e-09
189120,49.99591667,0.04999041667,49.92185478,0.05350371973,7.730454327e-07,2382984.423,1.842155224,1.851547244,0.009392015703,4.152879152e-09
189180,49.99591667,0.04999041667,49.92190236,0.05350147069,7.725505676e-07,2382984.31,1.840975882,1.850357709,0.00938183077,-2.866125337e-09
189240,49.99591667,0.04999041667,49.92194989,0.05349922402,7.720562249e-07,2382984.198,1.839797784,1.849169435,0.009371650113,5.374893863e-10
189300,49.99591667,0.04999041667,49.92199737,0.05349697972,7.71562404e-07,2382984.086,1.83862093,1.847982419,0.009361490422,-1.753336365e-09
189360,49.99591667,0.04999041667,49.9220448,0.05349473779,7.710691041e-07,2382983.974,1.837445318,1.84679666,0.009351343354,-1.254351067e-09
189420,49.99591667,0.04999041667,49.92209218,0.05349249823,7.705763243e-07,2382983.862,1.836270946,1.845612156,0.009341208906,1.84325355e-09
189480,49.99591667,0.04999041667,49.92213951,0.05349026103,7.70084064e-07,2382983.751,1.835097811,1.844428905,0.009331095424,-2.143857092e-09
189540,49.99591667,0.04999041667,49.92218679,0.05348802618,7.695923224e-07,2382983.639,1.833925913,1.843246905,0.00932099039,1.656046855e-09
189600,49.99591667,0.04999041667,49.92223402,0.05348579369,7.691010987e-07,2382983.528,1.832755249,1.842066155,0.009310906321,-3.232376589e-10
189660,49.99591667,0.04999041667,49.9222812,0.05348356355,7.686103923e-07,2382983.416,1.831585818,1.840886652,0.009300834873,-1.171958308e-09
189720,49.99591667,0.04999041667,49.92232833,0.05348133575,7.681202023e-07,2382983.305,1.830417618,1.839708396,0.009290776043,1.249653714e-09
189780,49.99591667,0.04999041667,49.92237541,0.0534791103,7.676305279e-07,2382983.194,1.829250647,1.838531383,0.009280738179,-2.542625666e-09
189840,49.99591667,0.04999041667,49.92242244,0.05347688719,7.671413685e-07,2382983.083,1.828084904,1.837355613,0.00927070876,4.580014146e-10
189900,49.99591667,0.04999041667,49.92246942,0.05347466642,7.666527234e-07,2382982.972,1.826920385,1.836181083,0.009260696133,1.104933034e-09
189960,49.99591667,0.04999041667,49.92251636,0.05347244798,7.661645916e-07,2382982.861,1.825757091,1.835007791,0.009250700296,-4.438167611e-10
190020,49.99591667,0.04999041667,49.92256324,0.05347023187,7.656769726e-07,2382982.751,1.824595018,1.833835736,0.009240717078,4.061393444e-10
190080,49.99591667,0.04999041667,49.92261007,0.05346801809,7.651898656e-07,2382982.64,1.823434166,1.832664917,0.00923075065,-2.421516321e-10
190140,49.99591667,0.04999041667,49.92265685,0.05346580663,7.647032698e-07,2382982.53,1.822274532,1.83149533,0.009220801012,-3.73067488e-09
190200,49.99591667,0.04999041667,49.92270359,0.05346359749,7.642171845e-07,2382982.42,1.821116115,1.830326974,0.009210859818,-8.921507977e-10
190260,49.99591667,0.04999041667,49.92275027,0.05346139067,7.63731609e-07,2382982.309,1.819958913,1.829159849,0.009200935414,5.618572274e-10
190320,49.99591667,0.04999041667,49.92279691,0.05345918616,7.632465424e-07,2382982.199,1.818802924,1.827993952,0.009191031972,-4.681622201e-09
190380,49.99591667,0.04999041667,49.9228435,0.05345698396,7.627619842e-07,2382982.089,1.817648147,1.82682928,0.0091811328,6.34892805e-10
190440,49.99591667,0.04999041667,49.92289003,0.05345478407,7.622779335e-07,2382981.98,1.816494579,1.825665833,0.00917125459,-7.637555033e-10
190500,49.99591667,0.04999041667,49.92293652,0.05345258648,7.617943897e-07,2382981.87,1.815342219,1.824503608,0.009161388996,2.590607728e-10
190560,49.99591667,0.04999041667,49.92298296,0.05345039119,7.613113519e-07,2382981.76,1.814191065,1.823342604,0.009151540189,-1.688474249e-09
190620,49.99591667,0.04999041667,49.92302935,0.0534481982,7.608288195e-07,2382981.651,1.813041116,1.822182819,0.009141699825,2.875383265e-09
190680,49.99591667,0.04999041667,49.9230757,0.0534460075,7.603467917e-07,2382981.541,1.81189237,1.821024252,0.009131880421,1.595718446e-09
190740,49.99591667,0.04999041667,49.92312199,0.05344381909,7.598652679e-07,2382981.432,1.810744824,1.8198669,0.009122073631,2.230884588e-09
190800,49.99591667,0.04999041667,49.92316824,0.05344163297,7.593842472e-07,2382981.323,1.809598478,1.818710761,0.009112283628,-2.348792272e-10
190860,49.99591667,0.04999041667,49.92321443,0.05343944913,7.58903729e-07,2382981.214,1.808453329,1.817555835,0.009102506239,-7.964962023e-10
190920,49.99591667,0.04999041667,49.92326058,0.05343726757,7.584237125e-07,2382981.105,1.807309377,1.816402118,0.009092741464,1.384419246e-10
190980,49.99591667,0.04999041667,49.92330668,0.05343508829,7.57944197e-07,2382980.996,1.806166618,1.81524961,0.009082989302,3.178460606e-09
191040,49.99591667,0.04999041667,49.92335273,0.05343291128,7.574651819e-07,2382980.888,1.805025051,1.814098309,0.009073258098,-3.396574133e-10
191100,49.99591667,0.04999041667,49.92339874,0.05343073655,7.569866663e-07,2382980.779,1.803884676,1.812948213,0.009063539507,-1.666143667e-09
191160,49.99591667,0.04999041667,49.92344469,0.05342856408,7.565086495e-07,2382980.671,1.802745489,1.811799321,0.009053833529,-1.498098756e-09
191220,49.99591667,0.04999041667,49.9234906,0.05342639387,7.560311309e-07,2382980.562,1.801607489,1.810651629,0.009044140162,-2.401328025e-10
191280,49.99591667,0.04999041667,49.92353646,0.05342422593,7.555541097e-07,2382980.454,1.800470675,1.809505138,0.009034459408,2.753151707e-09
191340,49.99591667,0.04999041667,49.92358227,0.05342206024,7.550775853e-07,2382980.346,1.799335045,1.808359845,0.00902479961,-3.354052591e-10
191400,49.99591667,0.04999041667,49.92362804,0.05341989681,7.546015568e-07,2382980.238,1.798200597,1.807215748,0.009015152424,-2.03031747e-09
191460,49.99591667,0.04999041667,49.92367375,0.05341773562,7.541260237e-07,2382980.13,1.79706733,1.806072845,0.009005513677,1.259994997e-09
191520,49.99591667,0.04999041667,49.92371942,0.05341557669,7.536509851e-07,2382980.022,1.795935241,1.804931136,0.008995895885,-1.336706967e-09
191580,49.99591667,0.04999041667,49.92376504,0.05341342,7.531764404e-07,2382979.915,1.794804329,1.803790617,0.008986286531,1.217700607e-09
191640,49.99591667,0.04999041667,49.92381062,0.05341126555,7.527023888e-07,2382979.807,1.793674593,1.802651288,0.008976693961,4.653304408e-10
191700,49.99591667,0.04999041667,49.92385614,0.05340911334,7.522288297e-07,2382979.7,1.792546031,1.801513147,0.008967118172,-1.865469779e-09
191760,49.99591667,0.04999041667,49.92390162,0.05340696336,7.517557624e-07,2382979.592,1.79141864,1.800376192,0.008957550821,9.383465116e-10
191820,49.99591667,0.04999041667,49.92394705,0.05340481562,7.512831861e-07,2382979.485,1.79029242,1.799240421,0.008948004424,-3.127889503e-09
191880,49.99591667,0.04999041667,49.92399243,0.0534026701,7.508111002e-07,2382979.378,1.789167368,1.798105833,0.008938466464,-1.789819404e-09
191940,49.99591667,0.04999041667,49.92403777,0.05340052681,7.503395039e-07,2382979.271,1.788043484,1.796972426,0.008928941114,7.027458615e-10
192000,49.99591667,0.04999041667,49.92408306,0.05339838575,7.498683965e-07,2382979.164,1.786920765,1.795840197,0.008919436716,-3.952345562e-09
192060,49.99591667,0.04999041667,49.9241283,0.0533962469,7.493977775e-07,2382979.057,1.785799209,1.794709148,0.008909940755,-2.352466e-09
192120,49.99591667,0.04999041667,49.9241735,0.05339411026,7.489276459e-07,2382978.951,1.784678816,1.793579273,0.008900457401,-2.081321782e-10
192180,49.99591667,0.04999041667,49.92421864,0.05339197584,7.484580013e-07,2382978.844,1.783559583,1.792450573,0.008890986656,3.698090945e-09
192240,49.99591667,0.04999041667,49.92426374,0.05338984363,7.479888428e-07,2382978.738,1.782441508,1.791323045,0.008881536863,1.647446624e-10
192300,49.99591667,0.04999041667,49.9243088,0.05338771363,7.475201697e-07,2382978.631,1.781324591,1.790196688,0.008872099677,-2.477504424e-09
192360,49.99591667,0.04999041667,49.92435381,0.05338558583,7.470519815e-07,2382978.525,1.780208829,1.7890715,0.008862670927,4.66471306e-10
192420,49.99591667,0.04999041667,49.92439877,0.05338346023,7.465842773e-07,2382978.419,1.779094221,1.787947481,0.008853263127,-2.639858554e-09
192480,49.99591667,0.04999041667,49.92444368,0.05338133682,7.461170565e-07,2382978.313,1.777980765,1.786824627,0.008843863762,-1.660217963e-09
192540,49.99591667,0.04999041667,49.92448855,0.05337921561,7.456503185e-07,2382978.207,1.776868459,1.785702937,0.008834481175,-3.227620393e-09
192600,49.99591667,0.04999041667,49.92453337,0.05337709659,7.451840624e-07,2382978.101,1.775757302,1.784582409,0.008825107022,-4.504150386e-10
192660,49.99591667,0.04999041667,49.92457814,0.05337497976,7.447182877e-07,2382977.996,1.774647293,1.783463042,0.008815749648,1.682403106e-10
192720,49.99591667,0.04999041667,49.92462287,0.05337286511,7.442529937e-07,2382977.89,1.773538429,1.782344834,0.008806404879,9.410083823e-10
192780,49.99591667,0.04999041667,49.92466756,0.05337075264,7.437881796e-07,2382977.785,1.772430708,1.781227785,0.008797076887,-2.019726608e-10
192840,49.99591667,0.04999041667,49.92471219,0.05336864235,7.433238449e-07,2382977.679,1.771324131,1.780111891,0.008787757328,2.804186217e-09
192900,49.99591667,0.04999041667,49.92475678,0.05336653424,7.428599887e-07,2382977.574,1.770218694,1.77899715,0.008778458718,-2.85704016e-09
192960,49.99591667,0.04999041667,49.92480132,0.0533644283,7.423966104e-07,2382977.469,1.769114396,1.777883563,0.008769164369,3.162435425e-09
193020,49.99591667,0.04999041667,49.92484582,0.05336232453,7.419337095e-07,2382977.364,1.768011235,1.776771126,0.008759890968,3.916509339e-10
193080,49.99591667,0.04999041667,49.92489027,0.05336022292,7.41471285e-07,2382977.259,1.76690921,1.77565984,0.008750630171,-9.638045917e-10
193140,49.99591667,0.04999041667,49.92493468,0.05335812348,7.410093365e-07,2382977.154,1.76580832,1.774549701,0.008741381977,-1.01409503e-09
193200,49.99591667,0.04999041667,49.92497904,0.05335602619,7.405478632e-07,2382977.049,1.764708562,1.773440707,0.008732142216,2.756848527e-09
193260,49.99591667,0.04999041667,49.92502335,0.05335393107,7.400868645e-07,2382976.945,1.763609935,1.772332859,0.008722923401,4.373044149e-10
193320,49.99591667,0.04999041667,49.92506762,0.05335183809,7.396263396e-07,2382976.84,1.762512438,1.771226152,0.008713713018,1.458559051e-09
193380,49.99591667,0.04999041667,49.92511184,0.05334974727,7.391662879e-07,2382976.736,1.761416068,1.770120588,0.008704519409,-9.182632432e-11
193440,49.99591667,0.04999041667,49.92515602,0.0533476586,7.387067088e-07,2382976.632,1.760320825,1.769016162,0.008695338402,-1.359117929e-09
193500,49.99591667,0.04999041667,49.92520015,0.05334557207,7.382476015e-07,2382976.528,1.759226706,1.767912874,0.008686169998,-2.446730152e-09
193560,49.99591667,0.04999041667,49.92524424,0.05334348768,7.377889655e-07,2382976.424,1.75813371,1.766810723,0.008677014196,-1.333631428e-09
193620,49.99591667,0.04999041667,49.92528828,0.05334140543,7.373308e-07,2382976.32,1.757041836,1.765709707,0.008667870996,-4.334197445e-10
193680,49.99591667,0.04999041667,49.92533227,0.05333932531,7.368731043e-07,2382976.216,1.755951082,1.764609824,0.008658744569,-2.38428588e-09
193740,49.99591667,0.04999041667,49.92537622,0.05333724733,7.364158779e-07,2382976.112,1.754861446,1.763511072,0.008649630743,-4.680719368e-09
193800,49.99591667,0.04999041667,49.92542013,0.05333517147,7.3595912e-07,2382976.008,1.753772926,1.762413449,0.008640525347,-2.023935464e-09
193860,49.99591667,0.04999041667,49.92546399,0.05333309775,7.355028299e-07,2382975.905,1.752685522,1.761316957,0.008631436723,-1.868059707e-09
193920,49.99591667,0.04999041667,49.9255078,0.05333102614,7.350470071e-07,2382975.802,1.751599231,1.760221589,0.008622360699,-3.119733583e-09
193980,49.99591667,0.04999041667,49.92555157,0.05332895666,7.345916509e-07,2382975.698,1.750514052,1.759127347,0.008613293104,1.335758393e-09
194040,49.99591667,0.04999041667,49.9255953,0.0533268893,7.341367605e-07,2382975.595,1.749429984,1.758034229,0.008604246453,-1.618383427e-09
194100,49.99591667,0.04999041667,49.92563898,0.05332482404,7.336823354e-07,2382975.492,1.748347024,1.756942232,0.008595204058,3.318273434e-09
194160,49.99591667,0.04999041667,49.92568261,0.0533227609,7.332283749e-07,2382975.389,1.747265172,1.755851356,0.008586182606,8.515932404e-10
194220,49.99591667,0.04999041667,49.9257262,0.05332069987,7.327748784e-07,2382975.286,1.746184426,1.754761598,0.008577173753,-1.08705267e-09
194280,49.99591667,0.04999041667,49.92576975,0.05331864095,7.323218451e-07,2382975.183,1.745104783,1.753672958,0.008568177499,-2.757292394e-09
194340,49.99591667,0.04999041667,49.92581325,0.05331658412,7.318692745e-07,2382975.081,1.744026243,1.752585433,0.008559189672,8.228395743e-11
194400,49.99591667,0.04999041667,49.92585671,0.0533145294,7.314171658e-07,2382974.978,1.742948805,1.751499022,0.008550218616,-8.974569976e-10
194460,49.99591667,0.04999041667,49.92590012,0.05331247677,7.309655185e-07,2382974.876,1.741872466,1.750413724,0.008541255986,2.983725267e-09
194520,49.99591667,0.04999041667,49.92594349,0.05331042624,7.305143318e-07,2382974.773,1.740797224,1.749329537,0.008532314298,-1.687635587e-09
194580,49.99591667,0.04999041667,49.92598681,0.0533083778,7.300636052e-07,2382974.671,1.739723079,1.748246459,0.008523381035,-1.914797876e-09
194640,49.99591667,0.04999041667,49.92603009,0.05330633144,7.29613338e-07,2382974.569,1.73865003,1.747164488,0.008514456199,2.076035344e-09
194700,49.99591667,0.04999041667,49.92607332,0.05330428717,7.291635295e-07,2382974.467,1.737578073,1.746083624,0.008505552304,-1.439860897e-09
194760,49.99591667,0.04999041667,49.92611651,0.05330224498,7.287141791e-07,2382974.365,1.736507208,1.745003864,0.008496656833,-6.595497481e-10
194820,49.99591667,0.04999041667,49.92615966,0.05330020488,7.282652862e-07,2382974.263,1.735437434,1.743925207,0.00848777396,-2.242730446e-10
194880,49.99591667,0.04999041667,49.92620276,0.05329816684,7.278168501e-07,2382974.161,1.734368748,1.742847652,0.008478903684,2.91846769e-10
194940,49.99591667,0.04999041667,49.92624582,0.05329613088,7.273688701e-07,2382974.06,1.733301149,1.741771198,0.008470050175,-2.041937064e-09
195000,49.99591667,0.04999041667,49.92628883,0.05329409699,7.269213457e-07,2382973.958,1.732234637,1.740695841,0.008461200919,3.122742287e-09
195060,49.99591667,0.04999041667,49.9263318,0.05329206517,7.264742762e-07,2382973.857,1.731169208,1.73962158,0.008452372603,-1.570843455e-10
195120,49.99591667,0.04999041667,49.92637473,0.05329003541,7.26027661e-07,2382973.756,1.730104862,1.738548417,0.00844355271,1.969252761e-09
195180,49.99591667,0.04999041667,49.92641761,0.05328800772,7.255814994e-07,2382973.654,1.729041597,1.737476345,0.008434749585,-1.406967876e-09
195240,49.99591667,0.04999041667,49.92646045,0.05328598208,7.251357907e-07,2382973.553,1.727979412,1.736405367,0.008425954883,2.271738353e-11
195300,49.99591667,0.04999041667,49.92650325,0.0532839585,7.246905345e-07,2382973.452,1.726918305,1.735335479,0.008417172777,9.848197813e-10
195360,49.99591667,0.04999041667,49.926546,0.05328193697,7.242457299e-07,2382973.351,1.725858274,1.73426668,0.008408407436,-1.221005741e-09
195420,49.99591667,0.04999041667,49.92658871,0.05327991749,7.238013764e-07,2382973.251,1.724799319,1.733198969,0.008399646347,4.110107366e-09
195480,49.99591667,0.04999041667,49.92663137,0.05327790006,7.233574734e-07,2382973.15,1.723741437,1.732132344,0.008390906195,1.224130797e-09
195540,49.99591667,0.04999041667,49.92667399,0.05327588468,7.229140203e-07,2382973.049,1.722684627,1.731066804,0.008382178638,-2.119546538e-09
195600,49.99591667,0.04999041667,49.92671657,0.05327387133,7.224710163e-07,2382972.949,1.721628888,1.730002347,0.008373455331,3.240226754e-09
195660,49.99591667,0.04999041667,49.92675911,0.05327186003,7.220284609e-07,2382972.849,1.720574218,1.728938971,0.008364752961,-1.246425185e-10
195720,49.99591667,0.04999041667,49.9268016,0.05326985075,7.215863535e-07,2382972.748,1.719520616,1.727876676,0.008356059013,9.199485618e-10
195780,49.99591667,0.04999041667,49.92684405,0.05326784352,7.211446934e-07,2382972.648,1.71846808,1.726815458,0.008347377658,5.364586553e-10
195840,49.99591667,0.04999041667,49.92688645,0.05326583831,7.2070348e-07,2382972.548,1.717416608,1.725755318,0.008338713067,-3.42721429e-09
195900,49.99591667,0.04999041667,49.92692882,0.05326383513,7.202627126e-07,2382972.448,1.7163662,1.724696254,0.008330056897,-2.90409119e-09
195960,49.99591667,0.04999041667,49.92697114,0.05326183397,7.198223908e-07,2382972.348,1.715316853,1.723638263,0.008321409149,1.096964519e-09
196020,49.99591667,0.04999041667,49.92701341,0.05325983484,7.193825137e-07,2382972.248,1.714268566,1.722581345,0.008312782336,-3.13211812e-09
196080,49.99591667,0.04999041667,49.92705565,0.05325783773,7.189430809e-07,2382972.149,1.713221338,1.721525498,0.008304159772,8.06510414e-11
196140,49.99591667,0.04999041667,49.92709784,0.05325584263,7.185040917e-07,2382972.049,1.712175168,1.720470721,0.008295553971,-8.222689196e-10
196200,49.99591667,0.04999041667,49.92713999,0.05325384954,7.180655455e-07,2382971.95,1.711130053,1.719417012,0.008286960761,-1.830050333e-09
196260,49.99591667,0.04999041667,49.92718209,0.05325185847,7.176274416e-07,2382971.85,1.710085992,1.71836437,0.008278380143,-2.799604326e-09
196320,49.99591667,0.04999041667,49.92722416,0.0532498694,7.171897795e-07,2382971.751,1.709042985,1.717312791,0.008269803774,2.448950598e-09
196380,49.99591667,0.04999041667,49.92726618,0.05324788233,7.167525585e-07,2382971.652,1.708001028,1.716262277,0.008261248338,-4.557110245e-11
196440,49.99591667,0.04999041667,49.92730815,0.05324589727,7.16315778e-07,2382971.553,1.706960122,1.715212824,0.008252701321,1.294513607e-09
196500,49.99591667,0.04999041667,49.92735009,0.05324391421,7.158794375e-07,2382971.454,1.705920264,1.714164433,0.008244171066,-2.124842746e-09
196560,49.99591667,0.04999041667,49.92739198,0.05324193315,7.154435362e-07,2382971.355,1.704881453,1.713117101,0.00823564923,-1.018709117e-09
196620,49.99591667,0.04999041667,49.92743383,0.05323995408,7.150080737e-07,2382971.256,1.703843688,1.712070826,0.008227139984,-1.7981725e-09
196680,49.99591667,0.04999041667,49.92747564,0.053237977,7.145730492e-07,2382971.157,1.702806966,1.711025608,0.008218643328,-1.850359865e-09
196740,49.99591667,0.04999041667,49.92751741,0.0532360019,7.141384622e-07,2382971.059,1.701771288,1.709981444,0.00821015509,1.699935082e-09
196800,49.99591667,0.04999041667,49.92755913,0.0532340288,7.137043121e-07,2382970.96,1.70073665,1.708938333,0.008201683613,-7.674998415e-10
196860,49.99591667,0.04999041667,49.92760082,0.05323205767,7.132705983e-07,2382970.862,1.699703052,1.707896275,0.008193220553,1.686279116e-09
196920,49.99591667,0.04999041667,49.92764246,0.05323008853,7.128373201e-07,2382970.764,1.698670493,1.706855266,0.008184774254,-1.328105403e-09
196980,49.99591667,0.04999041667,49.92768405,0.05322812136,7.124044769e-07,2382970.666,1.697638971,1.705815307,0.008176336372,-3.714890617e-10
197040,49.99591667,0.04999041667,49.92772561,0.05322615617,7.119720683e-07,2382970.568,1.696608484,1.704776394,0.008167911079,-4.302358469e-10
197100,49.99591667,0.04999041667,49.92776713,0.05322419295,7.115400934e-07,2382970.47,1.695579031,1.703738528,0.008159498374,-9.448566374e-10
197160,49.99591667,0.04999041667,49.9278086,0.0532222317,7.111085519e-07,2382970.372,1.69455061,1.702701706,0.008151098257,-2.807300392e-09
197220,49.99591667,0.04999041667,49.92785003,0.05322027242,7.10677443e-07,2382970.274,1.693523221,1.701665927,0.008142706557,-8.224918524e-10
197280,49.99591667,0.04999041667,49.92789142,0.05321831509,7.102467661e-07,2382970.176,1.692496861,1.700631189,0.008134327444,5.533535852e-10
197340,49.99591667,0.04999041667,49.92793277,0.05321635973,7.098165207e-07,2382970.079,1.69147153,1.699597493,0.008125960919,1.488773327e-09
197400,49.99591667,0.04999041667,49.92797407,0.05321440633,7.093867062e-07,2382969.981,1.690447226,1.698564834,0.008117611152,-2.587862369e-09
197460,49.99591667,0.04999041667,49.92801534,0.05321245488,7.089573219e-07,2382969.884,1.689423947,1.697533214,0.00810926563,9.88621407e-10
197520,49.99591667,0.04999041667,49.92805656,0.05321050539,7.085283673e-07,2382969.787,1.688401692,1.696502628,0.008100936866,-6.899265603e-10
197580,49.99591667,0.04999041667,49.92809774,0.05320855785,7.080998418e-07,2382969.689,1.68738046,1.695473077,0.008092616517,6.37247588e-10
197640,49.99591667,0.04999041667,49.92813888,0.05320661225,7.076717448e-07,2382969.592,1.686360249,1.69444456,0.008084312925,-2.186536063e-09
197700,49.99591667,0.04999041667,49.92817998,0.0532046686,7.072440757e-07,2382969.495,1.685341058,1.693417074,0.008076017749,-2.24740182e-09
197760,49.99591667,0.04999041667,49.92822104,0.05320272689,7.068168339e-07,2382969.398,1.684322885,1.692390617,0.008067730988,7.563289994e-10
197820,49.99591667,0.04999041667,49.92826206,0.05320078712,7.063900188e-07,2382969.302,1.68330573,1.691365189,0.008059460983,-1.349778733e-09
197880,49.99591667,0.04999041667,49.92830304,0.05319884928,7.059636299e-07,2382969.205,1.68228959,1.69034079,0.008051203564,-3.45800899e-09
197940,49.99591667,0.04999041667,49.92834397,0.05319691338,7.055376665e-07,2382969.108,1.681274464,1.689317415,0.008042954559,-3.560990169e-09
198000,49.99591667,0.04999041667,49.92838486,0.05319497942,7.051121281e-07,2382969.012,1.680260351,1.688295065,0.008034709797,4.313774449e-09
198060,49.99591667,0.04999041667,49.92842572,0.05319304738,7.04687014e-07,2382968.915,1.679247249,1.687273739,0.008026490133,-1.035907804e-09
198120,49.99591667,0.04999041667,49.92846653,0.05319111726,7.042623238e-07,2382968.819,1.678235158,1.686253434,0.008018274712,9.107132826e-10
198180,49.99591667,0.04999041667,49.9285073,0.05318918907,7.038380567e-07,2382968.723,1.677224075,1.685234148,0.008010076046,-2.746382011e-09
198240,49.99591667,0.04999041667,49.92854803,0.0531872628,7.034142123e-07,2382968.627,1.676214,1.684215882,0.008001885793,-3.410893568e-09
198300,49.99591667,0.04999041667,49.92858872,0.05318533845,7.0299079e-07,2382968.531,1.67520493,1.683198633,0.007993708125,-4.707341628e-09
198360,49.99591667,0.04999041667,49.92862937,0.05318341602,7.025677891e-07,2382968.435,1.674196865,1.6821824,0.007985534698,3.897884238e-10
198420,49.99591667,0.04999041667,49.92866998,0.05318149549,7.021452091e-07,2382968.339,1.673189803,1.681167183,0.007977378026,2.35492692e-09
198480,49.99591667,0.04999041667,49.92871055,0.05317957688,7.017230494e-07,2382968.243,1.672183742,1.680152978,0.007969238109,-2.84095325e-09
198540,49.99591667,0.04999041667,49.92875108,0.05317766017,7.013013095e-07,2382968.147,1.671178682,1.679139784,0.007961098262,3.565553408e-09
198600,49.99591667,0.04999041667,49.92879156,0.05317574537,7.008799887e-07,2382968.052,1.670174621,1.678127601,0.007952979339,1.46433532e-10
198660,49.99591667,0.04999041667,49.92883201,0.05317383248,7.004590865e-07,2382967.956,1.669171558,1.677116427,0.007944868829,2.9918934e-10
198720,49.99591667,0.04999041667,49.92887242,0.05317192148,7.000386024e-07,2382967.861,1.668169491,1.676106261,0.007936770901,-1.079538015e-09
198780,49.99591667,0.04999041667,49.92891278,0.05317001238,6.996185357e-07,2382967.766,1.667168419,1.675097101,0.007928681385,3.119136061e-10
198840,49.99591667,0.04999041667,49.92895311,0.05316810517,6.991988858e-07,2382967.671,1.66616834,1.674088946,0.007920604452,1.57300728e-09
198900,49.99591667,0.04999041667,49.92899339,0.05316619986,6.987796523e-07,2382967.576,1.665169254,1.673081794,0.00791254427,-4.148909438e-09
198960,49.99591667,0.04999041667,49.92903364,0.05316429643,6.983608345e-07,2382967.481,1.664171158,1.672075645,0.007904488329,-1.854006948e-09
199020,49.99591667,0.04999041667,49.92907385,0.05316239489,6.979424318e-07,2382967.386,1.663174052,1.671070496,0.00789644497,-9.417222557e-10
199080,49.99591667,0.04999041667,49.92911401,0.05316049524,6.975244438e-07,2382967.291,1.662177934,1.670066347,0.007888414192,-1.449604436e-09
199140,49.99591667,0.04999041667,49.92915414,0.05315859747,6.971068697e-07,2382967.196,1.661182803,1.669063196,0.007880395996,-3.338564092e-09
199200,49.99591667,0.04999041667,49.92919423,0.05315670157,6.966897092e-07,2382967.102,1.660188657,1.668061041,0.007872386209,-2.242496189e-09
199260,49.99591667,0.04999041667,49.92923427,0.05315480756,6.962729615e-07,2382967.007,1.659195495,1.667059882,0.007864389004,-2.64066502e-09
199320,49.99591667,0.04999041667,49.92927428,0.05315291542,6.958566262e-07,2382966.913,1.658203316,1.666059716,0.007856400208,-6.068692215e-10
199380,49.99591667,0.04999041667,49.92931424,0.05315102514,6.954407027e-07,2382966.818,1.657212119,1.665060543,0.007848423993,5.656695112e-10
199440,49.99591667,0.04999041667,49.92935417,0.05314913674,6.950251903e-07,2382966.724,1.656221901,1.664062361,0.007840460358,-5.923261881e-11
199500,49.99591667,0.04999041667,49.92939406,0.05314725021,6.946100886e-07,2382966.63,1.655232662,1.663065169,0.007832509303,-1.956049323e-09
199560,49.99591667,0.04999041667,49.92943391,0.05314536553,6.941953971e-07,2382966.536,1.654244401,1.662068965,0.007824566657,-1.905982261e-09
199620,49.99591667,0.04999041667,49.92947372,0.05314348272,6.93781115e-07,2382966.442,1.653257115,1.661073749,0.007816632421,1.645881875e-09
199680,49.99591667,0.04999041667,49.92951349,0.05314160177,6.933672419e-07,2382966.348,1.652270804,1.660079518,0.007808714934,-9.756435659e-10
199740,49.99591667,0.04999041667,49.92955322,0.05313972268,6.929537773e-07,2382966.254,1.651285467,1.659086272,0.007800805856,-1.225436419e-09
199800,49.99591667,0.04999041667,49.92959291,0.05313784543,6.925407205e-07,2382966.161,1.650301102,1.658094009,0.007792909356,-2.305871938e-09
199860,49.99591667,0.04999041667,49.92963256,0.05313597004,6.92128071e-07,2382966.067,1.649317707,1.657102728,0.007785021266,-8.440161903e-10
199920,49.99591667,0.04999041667,49.92967217,0.0531340965,6.917158283e-07,2382965.974,1.648335282,1.656112427,0.007777145754,-8.267051488e-10
199980,49.99591667,0.04999041667,49.92971174,0.0531322248,6.913039917e-07,2382965.88,1.647353825,1.655123105,0.00776928282,-2.953493894e-09
200040,49.99591667,0.04999041667,49.92975128,0.05313035495,6.908925609e-07,2382965.787,1.646373335,1.654134761,0.007761428294,-2.260539533e-09
200100,49.99591667,0.04999041667,49.92979077,0.05312848694,6.904815351e-07,2382965.694,1.64539381,1.653147392,0.007753582176,-2.075766226e-10
200160,49.99591667,0.04999041667,49.92983023,0.05312662076,6.900709139e-07,2382965.601,1.64441525,1.652161,0.007745752805,-2.746813665e-09
200220,49.99591667,0.04999041667,49.92986964,0.05312475643,6.896606966e-07,2382965.508,1.643437652,1.651175581,0.007737927672,8.133016483e-10
200280,49.99591667,0.04999041667,49.92990902,0.05312289392,6.892508828e-07,2382965.415,1.642461016,1.650191134,0.007730115117,2.828785206e-09
200340,49.99591667,0.04999041667,49.92994836,0.05312103325,6.88841472e-07,2382965.322,1.64148534,1.649207658,0.007722319308,-1.135167738e-09
200400,49.99591667,0.04999041667,49.92998766,0.05311917441,6.884324635e-07,2382965.229,1.640510623,1.648225153,0.007714531907,-2.140901456e-09
200460,49.99591667,0.04999041667,49.93002692,0.05311731739,6.880238568e-07,2382965.136,1.639536864,1.647243615,0.007706752912,-1.847456854e-09
200520,49.99591667,0.04999041667,49.93006614,0.05311546219,6.876156513e-07,2382965.044,1.638564061,1.646263045,0.007698982324,2.029429735e-09
200580,49.99591667,0.04999041667,49.93010533,0.05311360882,6.872078466e-07,2382964.951,1.637592213,1.645283441,0.007691228482,-3.532920623e-10
200640,49.99591667,0.04999041667,49.93014447,0.05311175727,6.868004421e-07,2382964.859,1.636621319,1.644304801,0.007683483046,-1.106279068e-09
200700,49.99591667,0.04999041667,49.93018358,0.05310990753,6.863934372e-07,2382964.767,1.635651377,1.643327124,0.007675746016,1.343941403e-09
200760,49.99591667,0.04999041667,49.93022265,0.0531080596,6.859868314e-07,2382964.675,1.634682386,1.642350409,0.007668021562,8.847098609e-10
200820,49.99591667,0.04999041667,49.93026168,0.05310621349,6.855806242e-07,2382964.582,1.633714346,1.641374655,0.007660313854,-4.538047049e-09
200880,49.99591667,0.04999041667,49.93030067,0.05310436919,6.85174815e-07,2382964.49,1.632747254,1.64039986,0.007652606211,1.745961153e-10
200940,49.99591667,0.04999041667,49.93033963,0.05310252669,6.847694033e-07,2382964.398,1.631781109,1.639426024,0.007644915314,-9.021474678e-10
201000,49.99591667,0.04999041667,49.93037854,0.05310068599,6.843643879e-07,2382964.307,1.630815909,1.638453142,0.007637236992,-3.744927035e-09
201060,49.99591667,0.04999041667,49.93041742,0.0530988471,6.839597689e-07,2382964.215,1.629851654,1.637481217,0.007629562904,5.886577892e-10
201120,49.99591667,0.04999041667,49.93045626,0.05309701001,6.835555464e-07,2382964.123,1.628888343,1.636510246,0.007621901391,1.313505749e-09
201180,49.99591667,0.04999041667,49.93049506,0.05309517471,6.831517193e-07,2382964.032,1.627925975,1.635540227,0.007614248283,3.770325385e-09
201240,49.99591667,0.04999041667,49.93053382,0.05309334121,6.827482871e-07,2382963.94,1.626964548,1.634571161,0.007606616089,-3.949474969e-09
201300,49.99591667,0.04999041667,49.93057254,0.0530915095,6.823452492e-07,2382963.849,1.626004061,1.633603045,0.007598983959,-4.04206002e-10
201360,49.99591667,0.04999041667,49.93061123,0.05308967958,6.819426049e-07,2382963.757,1.625044512,1.632635877,0.007591364404,4.281632826e-10
201420,49.99591667,0.04999041667,49.93064988,0.05308785145,6.815403539e-07,2382963.666,1.6240859,1.631669657,0.007583757422,-9.270848533e-10
201480,49.99591667,0.04999041667,49.93068849,0.0530860251,6.811384955e-07,2382963.575,1.623128224,1.630704385,0.007576163014,-2.47981724e-09
201540,49.99591667,0.04999041667,49.93072706,0.05308420053,6.807370293e-07,2382963.484,1.622171483,1.629740056,0.007568572839,3.373790136e-11
201600,49.99591667,0.04999041667,49.9307656,0.05308237775,6.803359547e-07,2382963.393,1.621215675,1.628776672,0.007560999407,-3.014160699e-09
201660,49.99591667,0.04999041667,49.9308041,0.05308055674,6.799352712e-07,2382963.302,1.620260799,1.62781423,0.007553434379,-3.715266095e-09
201720,49.99591667,0.04999041667,49.93084256,0.0530787375,6.795349783e-07,2382963.212,1.619306854,1.626852729,0.007545877754,-2.60349986e-09
201780,49.99591667,0.04999041667,49.93088098,0.05307692004,6.791350754e-07,2382963.121,1.618353839,1.625892168,0.007538329531,5.297073891e-11
201840,49.99591667,0.04999041667,49.93091936,0.05307510435,6.78735562e-07,2382963.03,1.617401752,1.624932547,0.007530793881,1.332058019e-09
201900,49.99591667,0.04999041667,49.93095771,0.05307329043,6.783364377e-07,2382962.94,1.616450592,1.623973862,0.007523270804,-1.009625716e-10
201960,49.99591667,0.04999041667,49.93099602,0.05307147827,6.779377018e-07,2382962.849,1.615500358,1.623016114,0.007515756129,1.217839163e-10
202020,49.99591667,0.04999041667,49.93103429,0.05306966788,6.775393539e-07,2382962.759,1.614551048,1.6220593,0.007508249855,2.486444828e-09
202080,49.99591667,0.04999041667,49.93107253,0.05306785924,6.771413934e-07,2382962.669,1.613602662,1.621103421,0.007500764494,-5.05051867e-09
202140,49.99591667,0.04999041667,49.93111073,0.05306605237,6.767438198e-07,2382962.579,1.612655198,1.620148474,0.007493279195,-2.758780093e-09
202200,49.99591667,0.04999041667,49.93114889,0.05306424725,6.763466326e-07,2382962.489,1.611708655,1.619194458,0.007485802297,1.449156795e-09
202260,49.99591667,0.04999041667,49.93118701,0.05306244389,6.759498313e-07,2382962.399,1.610763031,1.618241372,0.00747834214,-1.571156316e-09
202320,49.99591667,0.04999041667,49.9312251,0.05306064227,6.755534153e-07,2382962.309,1.609818326,1.617289214,0.007470890385,-2.312207537e-09
202380,49.99591667,0.04999041667,49.93126315,0.05305884241,6.751573842e-07,2382962.219,1.608874538,1.616337985,0.007463451201,-4.620722249e-09
202440,49.99591667,0.04999041667,49.93130116,0.05305704429,6.747617374e-07,2382962.129,1.607931667,1.615387681,0.007456016247,-2.003383903e-09
202500,49.99591667,0.04999041667,49.93133913,0.05305524791,6.743664745e-07,2382962.04,1.60698971,1.614438302,0.007448593865,-1.838769581e-09
202560,49.99591667,0.04999041667,49.93137707,0.05305345328,6.739715948e-07,2382961.95,1.606048666,1.613489847,0.007441179883,7.811455927e-10
202620,49.99591667,0.04999041667,49.93141497,0.05305166039,6.73577098e-07,2382961.861,1.605108535,1.612542314,0.007433782641,-3.500557622e-09
202680,49.99591667,0.04999041667,49.93145284,0.05304986924,6.731829834e-07,2382961.771,1.604169314,1.611595702,0.007426389629,-1.865156474e-09
202740,49.99591667,0.04999041667,49.93149067,0.05304807982,6.727892505e-07,2382961.682,1.603231004,1.610650011,0.007419005018,1.616536016e-09
202800,49.99591667,0.04999041667,49.93152846,0.05304629213,6.72395899e-07,2382961.593,1.602293602,1.609705238,0.007411637147,-1.629857138e-09
202860,49.99591667,0.04999041667,49.93156621,0.05304450617,6.720029282e-07,2382961.504,1.601357108,1.608761382,0.007404273505,4.352784799e-10
202920,49.99591667,0.04999041667,49.93160393,0.05304272194,6.716103376e-07,2382961.415,1.60042152,1.607818443,0.007396922433,3.248947777e-10
202980,49.99591667,0.04999041667,49.93164161,0.05304093944,6.712181267e-07,2382961.326,1.599486837,1.606876419,0.00738958393,-2.090901008e-09
203040,49.99591667,0.04999041667,49.93167925,0.05303915866,6.708262951e-07,2382961.237,1.598553058,1.605935309,0.007382249656,1.222238311e-09
203100,49.99591667,0.04999041667,49.93171686,0.0530373796,6.704348422e-07,2382961.148,1.597620181,1.60499511,0.007374927952,1.130622707e-09
203160,49.99591667,0.04999041667,49.93175443,0.05303560226,6.700437675e-07,2382961.06,1.596688206,1.604055825,0.007367618816,-1.222650869e-10
203220,49.99591667,0.04999041667,49.93179197,0.05303382664,6.696530705e-07,2382960.971,1.595757131,1.603117449,0.007360318079,-2.702227331e-10
203280,49.99591667,0.04999041667,49.93182947,0.05303205273,6.692627507e-07,2382960.882,1.594826955,1.602179982,0.007353029911,-3.257599523e-09
203340,49.99591667,0.04999041667,49.93186693,0.05303028054,6.688728076e-07,2382960.794,1.593897677,1.601243422,0.007345741802,3.815999294e-09
203400,49.99591667,0.04999041667,49.93190436,0.05302851005,6.684832408e-07,2382960.706,1.592969295,1.60030777,0.0073384746,6.73263667e-11
203460,49.99591667,0.04999041667,49.93194175,0.05302674127,6.680940496e-07,2382960.617,1.592041809,1.599373022,0.007331215796,-2.704878543e-09
203520,49.99591667,0.04999041667,49.9319791,0.0530249742,6.677052336e-07,2382960.529,1.591115217,1.598439178,0.007323961221,1.194500054e-10
203580,49.99591667,0.04999041667,49.93201642,0.05302320883,6.673167923e-07,2382960.441,1.590189518,1.597506238,0.007316723383,-3.239897461e-09
203640,49.99591667,0.04999041667,49.9320537,0.05302144516,6.669287253e-07,2382960.353,1.589264711,1.596574199,0.007309489773,-1.264248262e-09
203700,49.99591667,0.04999041667,49.93209094,0.05301968319,6.665410319e-07,2382960.265,1.588340794,1.595643061,0.00730226873,-2.067491955e-09
203760,49.99591667,0.04999041667,49.93212815,0.05301792291,6.661537117e-07,2382960.178,1.587417767,1.594712822,0.007295056084,-1.212205003e-09
203820,49.99591667,0.04999041667,49.93216533,0.05301616433,6.657667643e-07,2382960.09,1.586495628,1.59378348,0.007287856006,-3.97394051e-09
203880,49.99591667,0.04999041667,49.93220247,0.05301440744,6.653801891e-07,2382960.002,1.585574377,1.592855037,0.007280660155,1.893250001e-10
203940,49.99591667,0.04999041667,49.93223957,0.05301265224,6.649939856e-07,2382959.915,1.584654011,1.591927489,0.007273476871,6.813325459e-10
204000,49.99591667,0.04999041667,49.93227663,0.05301089872,6.646081533e-07,2382959.827,1.58373453,1.591000834,0.007266301983,1.420369822e-09
204060,49.99591667,0.04999041667,49.93231366,0.05300914689,6.642226918e-07,2382959.74,1.582815933,1.590075073,0.007259139662,1.065128652e-09
204120,49.99591667,0.04999041667,49.93235066,0.05300739675,6.638376005e-07,2382959.652,1.581898218,1.589150206,0.007251989906,-2.035767555e-09
204180,49.99591667,0.04999041667,49.93238762,0.05300564828,6.63452879e-07,2382959.565,1.580981384,1.588226228,0.007244844378,-2.353137685e-10
204240,49.99591667,0.04999041667,49.93242454,0.0530039015,6.630685267e-07,2382959.478,1.58006543,1.58730314,0.007237711415,-1.590590326e-09
204300,49.99591667,0.04999041667,49.93246143,0.05300215638,6.626845432e-07,2382959.391,1.579150356,1.58638094,0.007230582679,1.817855866e-09
204360,49.99591667,0.04999041667,49.93249828,0.05300041295,6.62300928e-07,2382959.304,1.578236159,1.585459629,0.007223470678,-6.878997372e-10
204420,49.99591667,0.04999041667,49.9325351,0.05299867118,6.619176807e-07,2382959.217,1.577322838,1.584539203,0.007216367072,-2.372011476e-09
204480,49.99591667,0.04999041667,49.93257188,0.05299693108,6.615348006e-07,2382959.13,1.576410393,1.583619662,0.007209267693,1.615360956e-09
204540,49.99591667,0.04999041667,49.93260863,0.05299519266,6.611522873e-07,2382959.044,1.575498822,1.582701006,0.007202180878,2.85979973e-09
204600,49.99591667,0.04999041667,49.93264534,0.05299345589,6.607701404e-07,2382958.957,1.574588125,1.581783232,0.007195110798,-3.890607836e-09
204660,49.99591667,0.04999041667,49.93268201,0.05299172079,6.603883594e-07,2382958.87,1.573678299,1.580866339,0.007188036604,3.208233679e-09
204720,49.99591667,0.04999041667,49.93271865,0.05298998735,6.600069437e-07,2382958.784,1.572769344,1.579950327,0.007180983314,-8.305329757e-10
204780,49.99591667,0.04999041667,49.93275526,0.05298825556,6.59625893e-07,2382958.698,1.571861259,1.579035194,0.007173934249,8.927711903e-10
204840,49.99591667,0.04999041667,49.93279183,0.05298652544,6.592452066e-07,2382958.611,1.570954042,1.578120939,0.007166893579,3.245217428e-09
204900,49.99591667,0.04999041667,49.93282836,0.05298479697,6.588648842e-07,2382958.525,1.570047693,1.577207561,0.007159869642,-1.402040928e-09
204960,49.99591667,0.04999041667,49.93286486,0.05298307014,6.584849252e-07,2382958.439,1.569142209,1.576295059,0.007152845761,3.26994698e-09
205020,49.99591667,0.04999041667,49.93290133,0.05298134497,6.581053292e-07,2382958.353,1.568237591,1.575383431,0.007145838613,9.192107076e-10
205080,49.99591667,0.04999041667,49.93293776,0.05297962145,6.577260957e-07,2382958.267,1.567333837,1.574472676,0.007138839859,-7.594422868e-10
205140,49.99591667,0.04999041667,49.93297415,0.05297789957,6.573472242e-07,2382958.181,1.566430946,1.573562795,0.007131849499,-5.620830468e-10
205200,49.99591667,0.04999041667,49.93301052,0.05297617934,6.569687143e-07,2382958.095,1.565528916,1.572653783,0.007124867532,-5.06917841e-10
205260,49.99591667,0.04999041667,49.93304684,0.05297446074,6.565905654e-07,2382958.009,1.564627747,1.571745641,0.00711789396,7.157379134e-10
205320,49.99591667,0.04999041667,49.93308313,0.05297274379,6.562127771e-07,2382957.924,1.563727437,1.570838369,0.00711093295,-1.357361112e-09
205380,49.99591667,0.04999041667,49.93311939,0.05297102847,6.558353489e-07,2382957.838,1.562827985,1.569931964,0.007103976164,2.365146967e-09
205440,49.99591667,0.04999041667,49.93315561,0.05296931478,6.554582804e-07,2382957.753,1.561929391,1.569026426,0.00709703611,-1.196923005e-09
205500,49.99591667,0.04999041667,49.9331918,0.05296760273,6.55081571e-07,2382957.667,1.561031652,1.568121753,0.00709010028,1.318389842e-10
205560,49.99591667,0.04999041667,49.93322795,0.05296589231,6.547052203e-07,2382957.582,1.560134769,1.567217944,0.007083177012,-1.561994978e-09
205620,49.99591667,0.04999041667,49.93326407,0.05296418351,6.543292279e-07,2382957.497,1.559238739,1.566314998,0.007076257968,1.146369e-09
205680,49.99591667,0.04999041667,49.93330015,0.05296247634,6.539535931e-07,2382957.412,1.558343562,1.565412914,0.007069351485,5.714038132e-10
205740,49.99591667,0.04999041667,49.9333362,0.0529607708,6.535783157e-07,2382957.327,1.557449236,1.564511691,0.007062453395,1.913654124e-09
205800,49.99591667,0.04999041667,49.93337221,0.05295906688,6.532033951e-07,2382957.242,1.556555761,1.563611327,0.007055567866,-1.343574585e-09
205860,49.99591667,0.04999041667,49.93340819,0.05295736457,6.528288308e-07,2382957.157,1.555663134,1.562711822,0.007048686561,8.836114063e-10
205920,49.99591667,0.04999041667,49.93344414,0.05295566389,6.524546224e-07,2382957.072,1.554771357,1.561813174,0.007041817817,-4.469957737e-11
205980,49.99591667,0.04999041667,49.93348005,0.05295396482,6.520807694e-07,2382956.987,1.553880426,1.560915383,0.007034953295,3.878261712e-09
206040,49.99591667,0.04999041667,49.93351593,0.05295226736,6.517072714e-07,2382956.902,1.552990341,1.560018447,0.007028105504,7.086844445e-10
206100,49.99591667,0.04999041667,49.93355177,0.05295057151,6.513341278e-07,2382956.818,1.552101101,1.559122364,0.007021261935,1.852259013e-09
206160,49.99591667,0.04999041667,49.93358758,0.05294887728,6.509613383e-07,2382956.733,1.551212704,1.558227136,0.007014430927,3.801161608e-10
206220,49.99591667,0.04999041667,49.93362336,0.05294718464,6.505889023e-07,2382956.649,1.55032515,1.557332758,0.007007604141,3.677717242e-09
206280,49.99591667,0.04999041667,49.9336591,0.05294549362,6.502168194e-07,2382956.565,1.549438438,1.55643923,0.007000794084,-1.903306845e-09
206340,49.99591667,0.04999041667,49.9336948,0.0529438042,6.498450891e-07,2382956.48,1.548552566,1.555546554,0.006993988249,-8.037148724e-10
206400,49.99591667,0.04999041667,49.93373048,0.05294211637,6.49473711e-07,2382956.396,1.547667534,1.554654725,0.006987190806,3.0470515e-11
206460,49.99591667,0.04999041667,49.93376612,0.05294043015,6.491026846e-07,2382956.312,1.546783339,1.553763743,0.006980405922,-2.413273803e-09
206520,49.99591667,0.04999041667,49.93380172,0.05293874552,6.487320094e-07,2382956.228,1.545899982,1.552873608,0.00697362526,5.030109662e-10
206580,49.99591667,0.04999041667,49.93383729,0.05293706249,6.483616851e-07,2382956.144,1.545017461,1.551984317,0.006966852988,3.449293962e-09
206640,49.99591667,0.04999041667,49.93387283,0.05293538104,6.47991711e-07,2382956.06,1.544135775,1.551095871,0.006960097445,-1.040869391e-09
206700,49.99591667,0.04999041667,49.93390834,0.05293370119,6.476220868e-07,2382955.976,1.543254922,1.550208267,0.006953341954,3.065812493e-09
206760,49.99591667,0.04999041667,49.93394381,0.05293202293,6.472528121e-07,2382955.893,1.542374903,1.549321505,0.006946603191,-9.747347374e-10
206820,49.99591667,0.04999041667,49.93397924,0.05293034625,6.468838863e-07,2382955.809,1.541495715,1.548435584,0.006939872818,-2.99381453e-09
206880,49.99591667,0.04999041667,49.93401465,0.05292867116,6.46515309e-07,2382955.725,1.540617357,1.547550503,0.006933146666,-8.38359826e-10
206940,49.99591667,0.04999041667,49.93405002,0.05292699764,6.461470797e-07,2382955.642,1.539739829,1.54666626,0.006926428903,1.579799402e-09
207000,49.99591667,0.04999041667,49.93408535,0.05292532571,6.45779198e-07,2382955.559,1.53886313,1.545782854,0.006919723699,6.599756297e-10
207060,49.99591667,0.04999041667,49.93412066,0.05292365536,6.454116635e-07,2382955.475,1.537987257,1.544900285,0.006913026885,5.044191731e-10
207120,49.99591667,0.04999041667,49.93415592,0.05292198658,6.450444757e-07,2382955.392,1.537112211,1.544018549,0.006906342629,-4.575884116e-09
207180,49.99591667,0.04999041667,49.93419116,0.05292031937,6.446776341e-07,2382955.309,1.536237991,1.54313765,0.006899654255,4.803143216e-09
207240,49.99591667,0.04999041667,49.93422636,0.05291865374,6.443111383e-07,2382955.226,1.535364594,1.542257582,0.006892986777,1.488932089e-09
207300,49.99591667,0.04999041667,49.93426153,0.05291698967,6.439449878e-07,2382955.143,1.53449202,1.541378347,0.006886327687,-7.409566294e-10
207360,49.99591667,0.04999041667,49.93429667,0.05291532718,6.435791822e-07,2382955.06,1.533620269,1.540499943,0.006879676987,-2.882031724e-09
207420,49.99591667,0.04999041667,49.93433177,0.05291366624,6.432137211e-07,2382954.977,1.532749338,1.539622368,0.006873034675,-4.499823403e-09
207480,49.99591667,0.04999041667,49.93436684,0.05291200688,6.428486039e-07,2382954.894,1.531879227,1.538745623,0.006866392413,3.281493743e-09
207540,49.99591667,0.04999041667,49.93440188,0.05291034907,6.424838303e-07,2382954.812,1.531009935,1.537869703,0.006859766878,1.354868218e-09
207600,49.99591667,0.04999041667,49.93443688,0.05290869282,6.421193998e-07,2382954.729,1.53014146,1.536994611,0.006853149731,7.357616738e-10
207660,49.99591667,0.04999041667,49.93447185,0.05290703813,6.417553119e-07,2382954.646,1.529273802,1.536120345,0.006846545141,-2.880554906e-09
207720,49.99591667,0.04999041667,49.93450679,0.05290538499,6.413915662e-07,2382954.564,1.52840696,1.535246902,0.00683994477,-2.401694843e-09
207780,49.99591667,0.04999041667,49.9345417,0.05290373341,6.410281624e-07,2382954.482,1.527540932,1.534374283,0.006833348618,2.517134501e-09
207840,49.99591667,0.04999041667,49.93457657,0.05290208338,6.406650998e-07,2382954.399,1.526675718,1.533502487,0.006826769191,-5.057068098e-10
207900,49.99591667,0.04999041667,49.93461141,0.0529004349,6.403023781e-07,2382954.317,1.525811316,1.532631511,0.006820198152,-3.407953697e-09
207960,49.99591667,0.04999041667,49.93464621,0.05289878797,6.399399968e-07,2382954.235,1.524947726,1.531761355,0.006813631331,-1.668890359e-09
208020,49.99591667,0.04999041667,49.93468099,0.05289714258,6.395779556e-07,2382954.153,1.524084945,1.530892019,0.006807072898,3.942492999e-10
208080,49.99591667,0.04999041667,49.93471573,0.05289549873,6.392162538e-07,2382954.071,1.523222974,1.5300235,0.006800522852,3.038059582e-09
208140,49.99591667,0.04999041667,49.93475043,0.05289385642,6.388548912e-07,2382953.989,1.522361811,1.529155799,0.00679398953,-2.468238725e-09
208200,49.99591667,0.04999041667,49.93478511,0.05289221566,6.384938673e-07,2382953.907,1.521501456,1.528288913,0.006787460427,-3.431680939e-09
208260,49.99591667,0.04999041667,49.93481975,0.05289057643,6.381331816e-07,2382953.825,1.520641906,1.527422841,0.006780931372,3.759590639e-09
208320,49.99591667,0.04999041667,49.93485436,0.05288893874,6.377728337e-07,2382953.744,1.519783162,1.526557584,0.006774423211,-9.485305874e-10
208380,49.99591667,0.04999041667,49.93488894,0.05288730258,6.374128232e-07,2382953.662,1.518925221,1.525693139,0.006767919267,-1.583527975e-09
208440,49.99591667,0.04999041667,49.93492349,0.05288566795,6.370531496e-07,2382953.581,1.518068084,1.524829506,0.006761423709,-1.600538146e-09
208500,49.99591667,0.04999041667,49.934958,0.05288403485,6.366938125e-07,2382953.499,1.517211748,1.523966683,0.006754932369,2.471312266e-09
208560,49.99591667,0.04999041667,49.93499248,0.05288240328,6.363348115e-07,2382953.418,1.516356214,1.52310467,0.006748453584,2.164408208e-09
208620,49.99591667,0.04999041667,49.93502693,0.05288077323,6.35976146e-07,2382953.336,1.515501479,1.522243465,0.006741983185,2.684440892e-09
208680,49.99591667,0.04999041667,49.93506134,0.05287914471,6.356178158e-07,2382953.255,1.514647543,1.521383068,0.006735525341,-7.716454142e-10
208740,49.99591667,0.04999041667,49.93509573,0.0528775177,6.352598203e-07,2382953.174,1.513794405,1.520523477,0.006729075882,-4.408766241e-09
208800,49.99591667,0.04999041667,49.93513008,0.05287589222,6.349021592e-07,2382953.093,1.512942064,1.51966469,0.006722626471,3.339106769e-12
208860,49.99591667,0.04999041667,49.9351644,0.05287426826,6.345448319e-07,2382953.012,1.512090518,1.518806709,0.006716189614,6.392659735e-10
208920,49.99591667,0.04999041667,49.93519869,0.05287264581,6.341878381e-07,2382952.931,1.511239768,1.517949531,0.006709765312,-2.387757103e-09
208980,49.99591667,0.04999041667,49.93523294,0.05287102487,6.338311773e-07,2382952.85,1.510389811,1.517093154,0.006703345225,-1.622457946e-09
209040,49.99591667,0.04999041667,49.93526716,0.05286940544,6.334748491e-07,2382952.769,1.509540646,1.51623758,0.006696933524,-1.251669879e-10
209100,49.99591667,0.04999041667,49.93530135,0.05286778753,6.331188532e-07,2382952.689,1.508692273,1.515382805,0.006690534377,-3.122423875e-09
209160,49.99591667,0.04999041667,49.93533551,0.05286617112,6.327631889e-07,2382952.608,1.507844691,1.514528829,0.006684139446,-2.281152156e-09
209220,49.99591667,0.04999041667,49.93536964,0.05286455622,6.32407856e-07,2382952.528,1.506997899,1.51367565,0.006677752899,-1.399679261e-09
209280,49.99591667,0.04999041667,49.93540374,0.05286294282,6.32052854e-07,2382952.447,1.506151895,1.512823269,0.006671374737,-7.792104739e-10
209340,49.99591667,0.04999041667,49.9354378,0.05286133093,6.316981824e-07,2382952.367,1.505306679,1.511971685,0.006665004959,7.831331139e-10
209400,49.99591667,0.04999041667,49.93547183,0.05285972053,6.313438409e-07,2382952.286,1.504462249,1.511120895,0.006658647735,-1.962609186e-09
209460,49.99591667,0.04999041667,49.93550583,0.05285811163,6.30989829e-07,2382952.206,1.503618605,1.5102709,0.006652294726,1.07351239e-10
209520,49.99591667,0.04999041667,49.9355398,0.05285650423,6.306361463e-07,2382952.126,1.502775746,1.509421696,0.0066459501,6.136642305e-10
209580,49.99591667,0.04999041667,49.93557374,0.05285489833,6.302827924e-07,2382952.046,1.50193367,1.508573285,0.006639613859,1.071296607e-09
209640,49.99591667,0.04999041667,49.93560764,0.05285329391,6.299297668e-07,2382951.966,1.501092376,1.507725665,0.006633290171,-1.697345597e-09
209700,49.99591667,0.04999041667,49.93564151,0.05285169099,6.295770692e-07,2382951.886,1.500251864,1.506878834,0.006626970697,-7.999436669e-10
209760,49.99591667,0.04999041667,49.93567535,0.05285008955,6.292246991e-07,2382951.806,1.499412133,1.506032793,0.006620659607,-2.125239984e-10
209820,49.99591667,0.04999041667,49.93570917,0.0528484896,6.28872656e-07,2382951.726,1.498573181,1.505187538,0.006614361069,-4.171088364e-09
209880,49.99591667,0.04999041667,49.93574294,0.05284689113,6.285209397e-07,2382951.647,1.497735008,1.504343071,0.006608066746,-3.45594442e-09
209940,49.99591667,0.04999041667,49.93577669,0.05284529415,6.281695496e-07,2382951.567,1.496897612,1.50349939,0.006601780805,-2.95437963e-09
210000,49.99591667,0.04999041667,49.93581041,0.05284369865,6.278184853e-07,2382951.487,1.496060993,1.502656494,0.006595503248,-2.771222141e-09
210060,49.99591667,0.04999041667,49.93584409,0.05284210463,6.274677464e-07,2382951.408,1.49522515,1.501814382,0.006589234074,-1.835785746e-09
210120,49.99591667,0.04999041667,49.93587774,0.05284051208,6.271173326e-07,2382951.329,1.494390081,1.500973052,0.006582973283,-2.149219247e-09
210180,49.99591667,0.04999041667,49.93591137,0.05283892101,6.267672433e-07,2382951.249,1.493555785,1.500132504,0.006576716706,1.506506919e-09
210240,49.99591667,0.04999041667,49.93594496,0.05283733141,6.264174782e-07,2382951.17,1.492722262,1.499292736,0.006570476849,-3.228751266e-09
210300,49.99591667,0.04999041667,49.93597852,0.05283574329,6.260680368e-07,2382951.091,1.491889511,1.498453748,0.006564241205,-4.242129537e-09
210360,49.99591667,0.04999041667,49.93601205,0.05283415663,6.257189188e-07,2382951.012,1.491057531,1.49761554,0.006558009776,-5.174563e-10
210420,49.99591667,0.04999041667,49.93604554,0.05283257144,6.253701237e-07,2382950.933,1.490226319,1.496778109,0.006551790897,-1.522168613e-09
210480,49.99591667,0.04999041667,49.93607901,0.05283098772,6.250216511e-07,2382950.854,1.489395877,1.495941454,0.0065455804,-2.985033998e-09
210540,49.99591667,0.04999041667,49.93611244,0.05282940546,6.246735007e-07,2382950.775,1.488566202,1.495105576,0.006539374117,-2.45421905e-10
210600,49.99591667,0.04999041667,49.93614585,0.05282782466,6.243256719e-07,2382950.696,1.487737294,1.494270473,0.006533180384,-1.727305188e-09
210660,49.99591667,0.04999041667,49.93617922,0.05282624533,6.239781644e-07,2382950.617,1.486909152,1.493436143,0.006526990864,-1.099529356e-10
210720,49.99591667,0.04999041667,49.93621256,0.05282466745,6.236309778e-07,2382950.538,1.486081774,1.492602586,0.006520809726,1.558131846e-09
210780,49.99591667,0.04999041667,49.93624587,0.05282309103,6.232841116e-07,2382950.46,1.48525516,1.491769799,0.006514641138,-2.018617051e-09
210840,49.99591667,0.04999041667,49.93627916,0.05282151606,6.229375655e-07,2382950.381,1.484429309,1.490937785,0.006508472594,3.708013896e-09
210900,49.99591667,0.04999041667,49.93631241,0.05281994254,6.22591339e-07,2382950.303,1.48360422,1.49010654,0.006502320769,-3.320601571e-10
210960,49.99591667,0.04999041667,49.93634562,0.05281837048,6.222454318e-07,2382950.224,1.482779891,1.489276065,0.006496173156,3.881033273e-10
211020,49.99591667,0.04999041667,49.93637881,0.05281679987,6.218998434e-07,2382950.146,1.481956323,1.488446357,0.006490033925,3.459439402e-10
211080,49.99591667,0.04999041667,49.93641197,0.0528152307,6.215545735e-07,2382950.068,1.481133513,1.487617416,0.006483903074,-2.875533145e-10
211140,49.99591667,0.04999041667,49.9364451,0.05281366297,6.212096215e-07,2382949.99,1.480311461,1.48678924,0.006477780604,-1.606144329e-09
211200,49.99591667,0.04999041667,49.93647819,0.0528120967,6.208649872e-07,2382949.911,1.479490166,1.48596183,0.006471666515,-2.871621163e-09
211260,49.99591667,0.04999041667,49.93651126,0.05281053186,6.2052067e-07,2382949.833,1.478669627,1.485135183,0.006465556638,-6.309106571e-10
211320,49.99591667,0.04999041667,49.93654429,0.05280896846,6.201766697e-07,2382949.755,1.477849843,1.4843093,0.006459455142,1.34717415e-09
211380,49.99591667,0.04999041667,49.93657731,0.05280740628,6.198329381e-07,2382949.678,1.4770307,1.48348401,0.006453312005,-1.5581334e-09
211440,49.99591667,0.04999041667,49.93661029,0.05280584556,6.194895261e-07,2382949.6,1.476212318,1.482659495,0.006447177248,-1.33226763e-10
211500,49.99591667,0.04999041667,49.93664324,0.05280428627,6.191464305e-07,2382949.522,1.475394691,1.481835747,0.00644105504,1.678210237e-09
211560,49.99591667,0.04999041667,49.93667616,0.05280272842,6.188036507e-07,2382949.444,1.474577815,1.481012764,0.006434949549,-1.014914597e-09
211620,49.99591667,0.04999041667,49.93670904,0.05280117201,6.184611859e-07,2382949.367,1.473761691,1.480190543,0.00642884827,3.602617316e-09
211680,49.99591667,0.04999041667,49.9367419,0.05279961702,6.181190358e-07,2382949.289,1.472946317,1.479369083,0.006422767875,-1.702144647e-09
211740,49.99591667,0.04999041667,49.93677473,0.05279806346,6.177771999e-07,2382949.212,1.472131691,1.478548382,0.006416691692,-6.931093477e-10
211800,49.99591667,0.04999041667,49.93680753,0.05279651132,6.174356776e-07,2382949.134,1.471317813,1.47772844,0.006410628056,-1.813463379e-09
211860,49.99591667,0.04999041667,49.9368403,0.05279496061,6.170944687e-07,2382949.057,1.470504682,1.476909254,0.006404572801,-1.282113971e-09
211920,49.99591667,0.04999041667,49.93687303,0.05279341132,6.167535727e-07,2382948.98,1.469692297,1.476090824,0.006398525924,7.962135395e-10
211980,49.99591667,0.04999041667,49.93690574,0.05279186345,6.164129893e-07,2382948.902,1.468880656,1.475273148,0.006392491595,1.197251187e-10
212040,49.99591667,0.04999041667,49.93693842,0.052790317,6.160727179e-07,2382948.825,1.468069759,1.474456225,0.006386469814,-3.881062138e-09
212100,49.99591667,0.04999041667,49.93697106,0.05278877197,6.157327582e-07,2382948.748,1.467259605,1.473640055,0.006380452243,-2.429860979e-09
212160,49.99591667,0.04999041667,49.93700368,0.05278722835,6.153931098e-07,2382948.671,1.466450193,1.472824636,0.00637444722,-4.219564476e-09
212220,49.99591667,0.04999041667,49.93703627,0.05278568614,6.150537723e-07,2382948.594,1.465641522,1.472009967,0.006368446407,-1.269249372e-09
212280,49.99591667,0.04999041667,49.93706882,0.05278414535,6.147147454e-07,2382948.518,1.464833591,1.471196047,0.006362458141,-1.883813994e-09
212340,49.99591667,0.04999041667,49.93710135,0.05278260596,6.143760285e-07,2382948.441,1.464026399,1.470382876,0.006356478253,-1.862344057e-09
212400,49.99591667,0.04999041667,49.93713385,0.05278106798,6.140376214e-07,2382948.364,1.463219945,1.469570451,0.006350506744,-1.307942421e-09
212460,49.99591667,0.04999041667,49.93716632,0.05277953141,6.136995236e-07,2382948.287,1.462414229,1.468758772,0.006344543613,-8.081293412e-10
212520,49.99591667,0.04999041667,49.93719875,0.05277799624,6.133617348e-07,2382948.211,1.461609249,1.467947837,0.006338588861,1.047690823e-10
212580,49.99591667,0.04999041667,49.93723116,0.05277646248,6.130242545e-07,2382948.134,1.460805004,1.467137647,0.006332646654,-3.096757295e-09
212640,49.99591667,0.04999041667,49.93726354,0.05277493011,6.126870824e-07,2382948.058,1.460001493,1.4663282,0.00632670449,2.260894361e-09
212700,49.99591667,0.04999041667,49.93729589,0.05277339915,6.12350218e-07,2382947.982,1.459198716,1.465519494,0.00632077904,-8.269094298e-10
212760,49.99591667,0.04999041667,49.93732821,0.05277186958,6.120136611e-07,2382947.905,1.458396672,1.46471153,0.006314857799,1.418807294e-10
212820,49.99591667,0.04999041667,49.93736049,0.0527703414,6.116774111e-07,2382947.829,1.457595359,1.463904305,0.006308944936,1.096785995e-09
212880,49.99591667,0.04999041667,49.93739275,0.05276881462,6.113414678e-07,2382947.753,1.456794777,1.463097819,0.006303040451,1.688735596e-09
212940,49.99591667,0.04999041667,49.93742498,0.05276728923,6.110058306e-07,2382947.677,1.455994925,1.462292071,0.006297144342,2.111310904e-09
213000,49.99591667,0.04999041667,49.93745718,0.05276576523,6.106704994e-07,2382947.601,1.455195802,1.46148706,0.006291256612,2.161317125e-09
213060,49.99591667,0.04999041667,49.93748936,0.05276424262,6.103354736e-07,2382947.525,1.454397406,1.460682785,0.006285381426,-2.267355415e-09
213120,49.99591667,0.04999041667,49.9375215,0.0527627214,6.100007528e-07,2382947.449,1.453599738,1.459879245,0.006279506282,1.114770942e-09
213180,49.99591667,0.04999041667,49.93755361,0.05276120156,6.096663368e-07,2382947.373,1.452802796,1.45907644,0.006273643683,5.237610345e-11
213240,49.99591667,0.04999041667,49.93758569,0.0527596831,6.09332225e-07,2382947.298,1.452006579,1.458274367,0.00626778946,-1.698787333e-09
213300,49.99591667,0.04999041667,49.93761775,0.05275816603,6.089984172e-07,2382947.222,1.451211087,1.457473026,0.006261939446,3.528093373e-10
213360,49.99591667,0.04999041667,49.93764977,0.05275665033,6.086649129e-07,2382947.147,1.450416317,1.456672417,0.006256097809,1.566183627e-09
213420,49.99591667,0.04999041667,49.93768177,0.05275513601,6.083317118e-07,2382947.071,1.449622271,1.455872538,0.006250268717,-1.886229173e-09
213480,49.99591667,0.04999041667,49.93771373,0.05275362307,6.079988135e-07,2382946.996,1.448828946,1.455073388,0.006244439665,2.490335715e-09
213540,49.99591667,0.04999041667,49.93774567,0.05275211151,6.076662175e-07,2382946.92,1.448036342,1.454274967,0.006238623157,1.92945504e-09
213600,49.99591667,0.04999041667,49.93777758,0.05275060131,6.073339236e-07,2382946.845,1.447244457,1.453477273,0.006232819194,-3.374442281e-09
213660,49.99591667,0.04999041667,49.93780945,0.05274909249,6.070019314e-07,2382946.77,1.446453292,1.452680306,0.00622701527,-1.286712514e-09
213720,49.99591667,0.04999041667,49.9378413,0.05274758503,6.066702404e-07,2382946.695,1.445662844,1.451884064,0.006221219723,1.053901411e-10
213780,49.99591667,0.04999041667,49.93787312,0.05274607894,6.063388502e-07,2382946.619,1.444873113,1.451088547,0.006215432552,8.234619653e-10
213840,49.99591667,0.04999041667,49.93790492,0.05274457422,6.060077606e-07,2382946.544,1.444084099,1.450293753,0.006209653757,3.23377547e-10
213900,49.99591667,0.04999041667,49.93793668,0.05274307087,6.056769712e-07,2382946.469,1.4432958,1.449499683,0.006203883337,-5.35227862e-10
213960,49.99591667,0.04999041667,49.93796841,0.05274156887,6.053464814e-07,2382946.395,1.442508215,1.448706334,0.006198117125,1.716080833e-09
214020,49.99591667,0.04999041667,49.93800012,0.05274006824,6.050162911e-07,2382946.32,1.441721344,1.447913707,0.006192363456,-1.049892839e-09
214080,49.99591667,0.04999041667,49.93803179,0.05273856896,6.046863998e-07,2382946.245,1.440935186,1.447121799,0.006186609827,3.798027004e-09
214140,49.99591667,0.04999041667,49.93806344,0.05273707104,6.043568071e-07,2382946.17,1.440149739,1.446330611,0.006180872909,-1.034503816e-09
214200,49.99591667,0.04999041667,49.93809506,0.05273557448,6.040275127e-07,2382946.096,1.439365003,1.445540141,0.006175140198,-2.397932963e-09
214260,49.99591667,0.04999041667,49.93812665,0.05273407927,6.036985161e-07,2382946.021,1.438580977,1.444750388,0.006169411695,-6.432443467e-10
214320,49.99591667,0.04999041667,49.93815821,0.05273258541,6.033698171e-07,2382945.947,1.43779766,1.443961352,0.006163691567,2.865074844e-10
214380,49.99591667,0.04999041667,49.93818975,0.05273109291,6.030414152e-07,2382945.872,1.437015051,1.443173031,0.006157975645,4.167229006e-09
214440,49.99591667,0.04999041667,49.93822125,0.05272960175,6.027133101e-07,2382945.798,1.43623315,1.442385425,0.006152276434,-1.101591707e-09
214500,49.99591667,0.04999041667,49.93825273,0.05272811194,6.023855014e-07,2382945.724,1.435451955,1.441598533,0.006146577262,6.424138999e-10
214560,49.99591667,0.04999041667,49.93828417,0.05272662347,6.020579888e-07,2382945.649,1.434671465,1.440812353,0.006140886465,1.74321424e-09
214620,49.99591667,0.04999041667,49.93831559,0.05272513635,6.017307718e-07,2382945.575,1.43389168,1.440026886,0.00613520821,-2.636609597e-09
214680,49.99591667,0.04999041667,49.93834698,0.05272365057,6.014038501e-07,2382945.501,1.433112599,1.439242129,0.006129529993,3.765110446e-10
214740,49.99591667,0.04999041667,49.93837834,0.05272216613,6.010772233e-07,2382945.427,1.432334221,1.438458083,0.006123860151,2.008017086e-09
214800,49.99591667,0.04999041667,49.93840968,0.05272068303,6.007508911e-07,2382945.353,1.431556544,1.437674746,0.006118198683,2.711486369e-09
214860,49.99591667,0.04999041667,49.93844098,0.05271920127,6.004248531e-07,2382945.279,1.430779569,1.436892117,0.006112549757,-1.756767176e-09
214920,49.99591667,0.04999041667,49.93847226,0.05271772084,6.000991089e-07,2382945.205,1.430003294,1.436110196,0.006106905037,-3.486502642e-09
214980,49.99591667,0.04999041667,49.93850351,0.05271624175,5.997736581e-07,2382945.132,1.429227719,1.435328981,0.006101264523,-2.096428364e-09
215040,49.99591667,0.04999041667,49.93853473,0.05271476398,5.994485005e-07,2382945.058,1.428452842,1.434548472,0.006095632383,-1.821430562e-09
215100,49.99591667,0.04999041667,49.93856592,0.05271328755,5.991236356e-07,2382944.984,1.427678662,1.433768668,0.006090004449,1.496722746e-09
215160,49.99591667,0.04999041667,49.93859708,0.05271181245,5.98799063e-07,2382944.911,1.42690518,1.432989568,0.006084389056,-6.269853525e-10
215220,49.99591667,0.04999041667,49.93862822,0.05271033867,5.984747825e-07,2382944.837,1.426132393,1.432211171,0.006078777869,2.805000676e-11
215280,49.99591667,0.04999041667,49.93865933,0.05270886622,5.981507936e-07,2382944.764,1.425360302,1.431433476,0.006073175055,-5.379698909e-10
215340,49.99591667,0.04999041667,49.93869041,0.0527073951,5.978270959e-07,2382944.691,1.424588904,1.430656483,0.006067576447,2.313532699e-09
215400,49.99591667,0.04999041667,49.93872146,0.05270592529,5.975036892e-07,2382944.617,1.4238182,1.42988019,0.006061990379,-7.981080241e-10
215460,49.99591667,0.04999041667,49.93875248,0.05270445681,5.971805731e-07,2382944.544,1.423048188,1.429104596,0.006056412685,-4.93793828e-09
215520,49.99591667,0.04999041667,49.93878348,0.05270298964,5.968577471e-07,2382944.471,1.422278868,1.428329702,0.00605083086,2.236514973e-09
215580,49.99591667,0.04999041667,49.93881445,0.05270152379,5.96535211e-07,2382944.398,1.421510239,1.427555504,0.006045265744,-6.455243007e-10
215640,49.99591667,0.04999041667,49.93884539,0.05270005926,5.962129643e-07,2382944.325,1.4207423,1.426782004,0.006039704833,-1.956632634e-10
215700,49.99591667,0.04999041667,49.9388763,0.05269859604,5.958910068e-07,2382944.252,1.419975049,1.426009201,0.006034152294,-1.108532599e-09
215760,49.99591667,0.04999041667,49.93890718,0.05269713414,5.95569338e-07,2382944.179,1.419208487,1.425237092,0.006028608128,-3.456563702e-09
215820,49.99591667,0.04999041667,49.93893804,0.05269567354,5.952479576e-07,2382944.106,1.418442612,1.424465678,0.006023064,1.260787696e-09
215880,49.99591667,0.04999041667,49.93896887,0.05269421425,5.949268653e-07,2382944.033,1.417677424,1.423694957,0.006017532411,3.864804032e-10
215940,49.99591667,0.04999041667,49.93899967,0.05269275628,5.946060606e-07,2382943.961,1.416912921,1.422924929,0.006012009194,-1.889973955e-09
216000,49.99591667,0.04999041667,49.93903044,0.0526912996,5.942855433e-07,2382943.888,1.416149103,1.422155592,0.00600649435,-5.345352827e-09
216060,49.99591667,0.04999041667,49.93906119,0.05268984423,5.93965313e-07,2382943.816,1.415385969,1.421386947,0.006000979542,-2.227952933e-09
216120,49.99591667,0.04999041667,49.93909191,0.05268839017,5.936453692e-07,2382943.743,1.414623518,1.420618991,0.005995477274,-4.348838178e-09
216180,49.99591667,0.04999041667,49.9391226,0.0526869374,5.933257118e-07,2382943.671,1.413861749,1.419851725,0.00598997921,-3.617117272e-09
216240,49.99591667,0.04999041667,49.93915326,0.05268548594,5.930063402e-07,2382943.598,1.413100662,1.419085147,0.005984481184,3.559895934e-09
216300,49.99591667,0.04999041667,49.9391839,0.05268403577,5.926872542e-07,2382943.526,1.412340255,1.418319256,0.005979004031,-2.890257367e-09
216360,49.99591667,0.04999041667,49.9392145,0.0526825869,5.923684534e-07,2382943.454,1.411580528,1.417554053,0.005973526915,-2.498459439e-09
216420,49.99591667,0.04999041667,49.93924509,0.05268113932,5.920499375e-07,2382943.382,1.41082148,1.416789535,0.00596805817,-3.666398074e-09
216480,49.99591667,0.04999041667,49.93927564,0.05267969303,5.91731706e-07,2382943.309,1.41006311,1.416025702,0.005962593629,-1.886187428e-09
216540,49.99591667,0.04999041667,49.93930616,0.05267824804,5.914137587e-07,2382943.237,1.409305417,1.415262553,0.005957137459,-1.735265265e-09
216600,49.99591667,0.04999041667,49.93933666,0.05267680434,5.910960952e-07,2382943.165,1.4085484,1.414500087,0.005951685494,1.084006884e-09
216660,49.99591667,0.04999041667,49.93936713,0.05267536192,5.907787151e-07,2382943.094,1.407792059,1.413738303,0.005946246066,-1.714110853e-09
216720,49.99591667,0.04999041667,49.93939758,0.05267392079,5.904616182e-07,2382943.022,1.407036393,1.412977202,0.005940806675,2.363778062e-09
216780,49.99591667,0.04999041667,49.939428,0.05267248095,5.90144804e-07,2382942.95,1.4062814,1.41221678,0.005935379822,6.177209855e-10
216840,49.99591667,0.04999041667,49.93945839,0.05267104239,5.898282722e-07,2382942.878,1.40552708,1.411457039,0.005929957173,1.680418915e-09
216900,49.99591667,0.04999041667,49.93948875,0.05266960511,5.895120224e-07,2382942.807,1.404773433,1.410697977,0.005924547061,-3.002916582e-09
216960,49.99591667,0.04999041667,49.93951908,0.05266816912,5.891960543e-07,2382942.735,1.404020457,1.409939593,0.005919136986,-1.035832309e-09
217020,49.99591667,0.04999041667,49.93954939,0.0526667344,5.888803676e-07,2382942.663,1.403268152,1.409181886,0.005913735281,-6.734994784e-10
217080,49.99591667,0.04999041667,49.93957967,0.05266530095,5.88564962e-07,2382942.592,1.402516516,1.408424856,0.005908337779,2.430807555e-09
217140,49.99591667,0.04999041667,49.93960993,0.05266386879,5.882498369e-07,2382942.521,1.401765549,1.407668502,0.005902956982,-4.514961072e-09
217200,49.99591667,0.04999041667,49.93964015,0.0526624379,5.879349923e-07,2382942.449,1.40101525,1.406912822,0.005897572053,-4.894282757e-10
217260,49.99591667,0.04999041667,49.93967035,0.05266100828,5.876204275e-07,2382942.378,1.400265619,1.406157816,0.005892195494,1.831786944e-09
217320,49.99591667,0.04999041667,49.93970053,0.05265957993,5.873061424e-07,2382942.307,1.399516654,1.405403484,0.005886831473,-1.416011752e-09
217380,49.99591667,0.04999041667,49.93973067,0.05265815285,5.869921366e-07,2382942.236,1.398768354,1.404649824,0.005881467487,1.868291077e-09
217440,49.99591667,0.04999041667,49.93976079,0.05265672703,5.866784098e-07,2382942.165,1.39802072,1.403896835,0.005876116038,-5.689910765e-10
217500,49.99591667,0.04999041667,49.93979089,0.05265530249,5.863649615e-07,2382942.094,1.397273749,1.403144517,0.005870768792,-5.619829047e-10
217560,49.99591667,0.04999041667,49.93982095,0.05265387921,5.860517916e-07,2382942.023,1.396527441,1.402392869,0.005865425748,1.956388607e-09
217620,49.99591667,0.04999041667,49.93985099,0.05265245719,5.857388995e-07,2382941.952,1.395781796,1.40164189,0.00586009524,-1.341404543e-09
217680,49.99591667,0.04999041667,49.939881,0.05265103643,5.85426285e-07,2382941.881,1.395036813,1.400891579,0.005854768935,-2.217030559e-09
217740,49.99591667,0.04999041667,49.93991099,0.05264961694,5.851139477e-07,2382941.81,1.39429249,1.400141936,0.005849446833,-4.215188198e-10
217800,49.99591667,0.04999041667,49.93994095,0.0526481987,5.848018874e-07,2382941.739,1.393548827,1.399392959,0.005844133099,-3.867155485e-10
217860,49.99591667,0.04999041667,49.93997088,0.05264678172,5.844901036e-07,2382941.669,1.392805823,1.398644648,0.005838827735,-2.261481891e-09
217920,49.99591667,0.04999041667,49.94000079,0.05264536599,5.84178596e-07,2382941.598,1.392063477,1.397897002,0.005833526572,-1.518298154e-09
217980,49.99591667,0.04999041667,49.94003067,0.05264395152,5.838673643e-07,2382941.528,1.391321789,1.39715002,0.005828229612,1.469083077e-09
217982,49.99591667,0.04999041667,49.94003166,0.05264390439,5.838569947e-07,2382941.525,1.391297077,1.397125132,0.005828058325,-3.545495009e-09
