time_s,r_0.0_cm,r_0.1_cm,r_0.2_cm,r_0.3_cm,r_0.4_cm,r_0.5_cm,r_0.6_cm,r_0.7_cm,r_0.8_cm,r_0.9_cm,r_1.0_cm,r_1.1_cm,r_1.2_cm,r_1.3_cm,r_1.4_cm,r_1.5_cm,r_1.6_cm,r_1.7_cm,r_1.8_cm,r_1.9_cm,r_2.0_cm
60,2.5500,2.5500,2.5500,2.5500,2.5500,2.5500,2.5500,2.5500,2.5500,2.5500,2.5500,2.5500,2.5500,2.5500,2.5500,2.5500,2.5500,2.5500,2.5484,2.5183,2.3275
120,2.5500,2.5500,2.5500,2.5500,2.5500,2.5500,2.5500,2.5500,2.5500,2.5500,2.5500,2.5500,2.5500,2.5500,2.5500,2.5500,2.5499,2.5485,2.5352,2.4633,2.2424
180,2.5500,2.5500,2.5500,2.5500,2.5500,2.5500,2.5500,2.5500,2.5500,2.5500,2.5500,2.5500,2.5500,2.5500,2.5500,2.5499,2.5491,2.5431,2.5132,2.4124,2.1801
240,2.5500,2.5500,2.5500,2.5500,2.5500,2.5500,2.5500,2.5500,2.5500,2.5500,2.5500,2.5500,2.5500,2.5500,2.5499,2.5495,2.5468,2.5336,2.4875,2.3669,2.1295
300,2.5500,2.5500,2.5500,2.5500,2.5500,2.5500,2.5500,2.5500,2.5500,2.5500,2.5500,2.5500,2.5500,2.5500,2.5498,2.5485,2.5426,2.5211,2.4605,2.3259,2.0865
360,2.5500,2.5500,2.5500,2.5500,2.5500,2.5500,2.5500,2.5500,2.5500,2.5500,2.5500,2.5500,2.5500,2.5499,2.5493,2.5465,2.5365,2.5064,2.4335,2.2886,2.0490
420,2.5500,2.5500,2.5500,2.5500,2.5500,2.5500,2.5500,2.5500,2.5500,2.5500,2.5500,2.5500,2.5499,2.5497,2.5484,2.5436,2.5287,2.4903,2.4070,2.2544,2.0156
480,2.5500,2.5500,2.5500,2.5500,2.5500,2.5500,2.5500,2.5500,2.5500,2.5500,2.5500,2.5500,2.5498,2.5492,2.5469,2.5396,2.5196,2.4733,2.3811,2.2227,1.9854
540,2.5500,2.5500,2.5500,2.5500,2.5500,2.5500,2.5500,2.5500,2.5500,2.5500,2.5500,2.5499,2.5496,2.5485,2.5449,2.5346,2.5094,2.4557,2.3561,2.1933,1.9578
600,2.5500,2.5500,2.5500,2.5500,2.5500,2.5500,2.5500,2.5500,2.5500,2.5500,2.5500,2.5498,2.5493,2.5475,2.5422,2.5287,2.4983,2.4379,2.3319,2.1657,1.9325
660,2.5500,2.5500,2.5500,2.5500,2.5500,2.5500,2.5500,2.5500,2.5500,2.5500,2.5499,2.5496,2.5487,2.5460,2.5389,2.5220,2.4865,2.4200,2.3085,2.1399,1.9091
720,2.5500,2.5500,2.5500,2.5500,2.5500,2.5500,2.5500,2.5500,2.5500,2.5500,2.5498,2.5494,2.5480,2.5442,2.5350,2.5145,2.4742,2.4021,2.2859,2.1155,1.8874
780,2.5500,2.5500,2.5500,2.5500,2.5500,2.5500,2.5500,2.5500,2.5500,2.5499,2.5497,2.5490,2.5470,2.5420,2.5304,2.5065,2.4614,2.3843,2.2641,2.0925,1.8672
840,2.5500,2.5500,2.5500,2.5500,2.5500,2.5500,2.5500,2.5500,2.5500,2.5498,2.5495,2.5484,2.5457,2.5393,2.5253,2.4978,2.4483,2.3667,2.2431,2.0707,1.8482
900,2.5500,2.5500,2.5500,2.5500,2.5500,2.5500,2.5500,2.5500,2.5499,2.5497,2.5492,2.5477,2.5441,2.5361,2.5197,2.4887,2.4350,2.3492,2.2228,2.0500,1.8303
960,2.5500,2.5500,2.5500,2.5500,2.5500,2.5500,2.5500,2.5500,2.5499,2.5496,2.5488,2.5468,2.5423,2.5326,2.5136,2.4792,2.4215,2.3320,2.2032,2.0303,1.8135
1020,2.5500,2.5500,2.5500,2.5500,2.5500,2.5500,2.5500,2.5499,2.5498,2.5493,2.5483,2.5457,2.5401,2.5286,2.5070,2.4693,2.4079,2.3151,2.1842,2.0115,1.7976
1080,2.5500,2.5500,2.5500,2.5500,2.5500,2.5500,2.5500,2.5499,2.5496,2.5491,2.5476,2.5444,2.5376,2.5243,2.5001,2.4591,2.3943,2.2985,2.1659,1.9935,1.7826
1140,2.5500,2.5500,2.5500,2.5500,2.5500,2.5500,2.5499,2.5498,2.5495,2.5487,2.5468,2.5428,2.5347,2.5195,2.4927,2.4486,2.3806,2.2821,2.1481,1.9763,1.7684
1200,2.5500,2.5500,2.5500,2.5500,2.5500,2.5500,2.5499,2.5497,2.5493,2.5482,2.5459,2.5410,2.5316,2.5144,2.4850,2.4379,2.3669,2.2660,2.1309,1.9599,1.7549
1260,2.5500,2.5500,2.5500,2.5500,2.5500,2.5499,2.5498,2.5496,2.5490,2.5476,2.5447,2.5389,2.5281,2.5089,2.4770,2.4271,2.3533,2.2502,2.1143,1.9441,1.7421
1320,2.5500,2.5500,2.5500,2.5500,2.5500,2.5499,2.5498,2.5494,2.5486,2.5469,2.5434,2.5366,2.5243,2.5031,2.4688,2.4161,2.3397,2.2348,2.0981,1.9290,1.7298
1380,2.5500,2.5500,2.5500,2.5500,2.5499,2.5499,2.5497,2.5492,2.5482,2.5461,2.5419,2.5341,2.5202,2.4970,2.4602,2.4049,2.3262,2.2196,2.0824,1.9144,1.7182
1440,2.5500,2.5500,2.5500,2.5500,2.5499,2.5498,2.5495,2.5489,2.5477,2.5451,2.5402,2.5312,2.5158,2.4906,2.4515,2.3937,2.3128,2.2047,2.0672,1.9004,1.7071
1500,2.5500,2.5500,2.5500,2.5500,2.5499,2.5497,2.5494,2.5486,2.5470,2.5440,2.5383,2.5282,2.5112,2.4840,2.4425,2.3824,2.2995,2.1901,2.0525,1.8870,1.6963
1560,2.5500,2.5500,2.5500,2.5499,2.5498,2.5496,2.5492,2.5482,2.5463,2.5427,2.5361,2.5248,2.5062,2.4770,2.4334,2.3711,2.2863,2.1758,2.0382,1.8740,1.6860
1620,2.5500,2.5500,2.5500,2.5499,2.5498,2.5495,2.5489,2.5477,2.5454,2.5412,2.5338,2.5212,2.5010,2.4699,2.4241,2.3597,2.2732,2.1618,2.0243,1.8614,1.6761
1680,2.5500,2.5500,2.5499,2.5499,2.5497,2.5493,2.5486,2.5472,2.5445,2.5396,2.5312,2.5174,2.4955,2.4625,2.4147,2.3484,2.2603,2.1481,2.0108,1.8493,1.6665
1740,2.5500,2.5499,2.5499,2.5498,2.5496,2.5491,2.5482,2.5465,2.5434,2.5378,2.5285,2.5133,2.4899,2.4549,2.4052,2.3370,2.2476,2.1346,1.9977,1.8376,1.6574
1800,2.5499,2.5499,2.5499,2.5497,2.5494,2.5489,2.5478,2.5457,2.5421,2.5358,2.5255,2.5090,2.4839,2.4472,2.3955,2.3257,2.2350,2.1215,1.9848,1.8262,1.6487
1860,2.5499,2.5499,2.5498,2.5496,2.5493,2.5486,2.5473,2.5449,2.5407,2.5337,2.5223,2.5045,2.4778,2.4393,2.3858,2.3143,2.2225,2.1085,1.9724,1.8153,1.6403
1920,2.5499,2.5498,2.5497,2.5495,2.5491,2.5482,2.5467,2.5439,2.5392,2.5314,2.5189,2.4998,2.4715,2.4312,2.3760,2.3031,2.2101,2.0959,1.9602,1.8047,1.6322
1980,2.5498,2.5498,2.5496,2.5494,2.5488,2.5478,2.5460,2.5428,2.5375,2.5288,2.5153,2.4948,2.4649,2.4230,2.3662,2.2918,2.1980,2.0835,1.9485,1.7944,1.6242
2040,2.5497,2.5497,2.5495,2.5492,2.5485,2.5473,2.5452,2.5416,2.5356,2.5261,2.5114,2.4896,2.4582,2.4147,2.3563,2.2806,2.1860,2.0713,1.9370,1.7844,1.6166
2100,2.5496,2.5496,2.5494,2.5490,2.5482,2.5468,2.5443,2.5402,2.5336,2.5232,2.5074,2.4842,2.4513,2.4062,2.3464,2.2695,2.1742,2.0594,1.9258,1.7748,1.6092
2160,2.5495,2.5495,2.5492,2.5487,2.5478,2.5461,2.5433,2.5387,2.5314,2.5201,2.5032,2.4787,2.4443,2.3977,2.3364,2.2585,2.1625,2.0478,1.9149,1.7653,1.6019
2220,2.5494,2.5493,2.5490,2.5484,2.5473,2.5454,2.5422,2.5371,2.5291,2.5168,2.4988,2.4729,2.4371,2.3891,2.3265,2.2475,2.1510,2.0363,1.9042,1.7562,1.5949
2280,2.5492,2.5491,2.5488,2.5480,2.5467,2.5446,2.5410,2.5353,2.5265,2.5134,2.4941,2.4670,2.4298,2.3803,2.3166,2.2367,2.1397,2.0251,1.8938,1.7473,1.5882
2340,2.5490,2.5489,2.5485,2.5476,2.5461,2.5437,2.5397,2.5334,2.5239,2.5097,2.4894,2.4609,2.4224,2.3716,2.3066,2.2259,2.1285,2.0142,1.8836,1.7386,1.5816
2400,2.5488,2.5486,2.5481,2.5471,2.5454,2.5426,2.5382,2.5313,2.5210,2.5059,2.4844,2.4547,2.4148,2.3628,2.2967,2.2152,2.1175,2.0034,1.8737,1.7301,1.5752
2460,2.5485,2.5483,2.5477,2.5466,2.5446,2.5415,2.5366,2.5291,2.5180,2.5019,2.4793,2.4483,2.4071,2.3539,2.2868,2.2046,2.1066,1.9928,1.8640,1.7219,1.5690
2520,2.5481,2.5479,2.5472,2.5460,2.5438,2.5403,2.5349,2.5267,2.5148,2.4977,2.4740,2.4418,2.3994,2.3450,2.2769,2.1941,2.0959,1.9824,1.8545,1.7139,1.5630
2580,2.5477,2.5475,2.5467,2.5452,2.5428,2.5389,2.5330,2.5242,2.5114,2.4934,2.4685,2.4352,2.3915,2.3360,2.2671,2.1837,2.0854,1.9722,1.8452,1.7061,1.5570
2640,2.5472,2.5470,2.5461,2.5444,2.5417,2.5374,2.5310,2.5215,2.5079,2.4889,2.4629,2.4284,2.3836,2.3270,2.2573,2.1734,2.0750,1.9622,1.8362,1.6984,1.5513
2700,2.5467,2.5464,2.5454,2.5435,2.5405,2.5358,2.5288,2.5186,2.5042,2.4842,2.4571,2.4215,2.3756,2.3180,2.2475,2.1632,2.0647,1.9524,1.8273,1.6909,1.5456
2760,2.5461,2.5457,2.5446,2.5426,2.5392,2.5341,2.5265,2.5156,2.5003,2.4794,2.4512,2.4145,2.3675,2.3090,2.2378,2.1531,2.0546,1.9428,1.8186,1.6837,1.5401
2820,2.5454,2.5450,2.5437,2.5415,2.5378,2.5322,2.5241,2.5125,2.4963,2.4744,2.4452,2.4074,2.3594,2.3000,2.2281,2.1431,2.0447,1.9333,1.8101,1.6765,1.5346
2880,2.5446,2.5441,2.5427,2.5402,2.5362,2.5302,2.5215,2.5091,2.4921,2.4692,2.4391,2.4002,2.3513,2.2910,2.2186,2.1332,2.0349,1.9241,1.8018,1.6695,1.5292
2940,2.5437,2.5432,2.5417,2.5389,2.5346,2.5281,2.5187,2.5057,2.4878,2.4640,2.4328,2.3929,2.3431,2.2821,2.2090,2.1234,2.0253,1.9150,1.7936,1.6626,1.5240
3000,2.5427,2.5421,2.5405,2.5375,2.5327,2.5258,2.5158,2.5020,2.4833,2.4586,2.4264,2.3856,2.3348,2.2731,2.1996,2.1138,2.0158,1.9060,1.7856,1.6559,1.5188
3060,2.5415,2.5410,2.5391,2.5359,2.5308,2.5233,2.5128,2.4982,2.4787,2.4530,2.4199,2.3782,2.3266,2.2641,2.1902,2.1042,2.0064,1.8972,1.7777,1.6493,1.5136
3120,2.5403,2.5397,2.5377,2.5342,2.5287,2.5208,2.5096,2.4943,2.4739,2.4474,2.4133,2.3707,2.3183,2.2552,2.1808,2.0948,1.9972,1.8886,1.7700,1.6428,1.5086
3180,2.5390,2.5383,2.5361,2.5324,2.5265,2.5180,2.5062,2.4902,2.4690,2.4416,2.4066,2.3631,2.3100,2.2463,2.1716,2.0855,1.9881,1.8801,1.7624,1.6364,1.5038
3240,2.5375,2.5367,2.5344,2.5304,2.5241,2.5151,2.5027,2.4860,2.4640,2.4357,2.3999,2.3556,2.3017,2.2375,2.1624,2.0762,1.9791,1.8717,1.7549,1.6301,1.4990
3300,2.5359,2.5351,2.5326,2.5283,2.5216,2.5121,2.4991,2.4816,2.4588,2.4297,2.3930,2.3479,2.2934,2.2287,2.1533,2.0671,1.9703,1.8635,1.7476,1.6240,1.4943
3360,2.5341,2.5333,2.5306,2.5260,2.5189,2.5089,2.4953,2.4771,2.4535,2.4236,2.3861,2.3402,2.2850,2.2199,2.1442,2.0580,1.9616,1.8553,1.7404,1.6180,1.4896
3420,2.5322,2.5313,2.5285,2.5236,2.5161,2.5056,2.4913,2.4725,2.4481,2.4174,2.3791,2.3325,2.2767,2.2111,2.1353,2.0491,1.9530,1.8474,1.7333,1.6120,1.4849
3480,2.5302,2.5292,2.5262,2.5210,2.5131,2.5021,2.4872,2.4677,2.4426,2.4110,2.3721,2.3248,2.2684,2.2024,2.1264,2.0403,1.9445,1.8395,1.7263,1.6061,1.4803
3540,2.5280,2.5270,2.5238,2.5183,2.5100,2.4985,2.4830,2.4628,2.4369,2.4046,2.3649,2.3170,2.2601,2.1937,2.1176,2.0316,1.9361,1.8318,1.7195,1.6004,1.4757
3600,2.5257,2.5246,2.5212,2.5154,2.5068,2.4947,2.4786,2.4577,2.4312,2.3982,2.3578,2.3092,2.2518,2.1851,2.1088,2.0230,1.9279,1.8242,1.7127,1.5946,1.4711
3660,2.5232,2.5220,2.5185,2.5124,2.5033,2.4908,2.4741,2.4525,2.4253,2.3916,2.3505,2.3014,2.2435,2.1765,2.1002,2.0145,1.9198,1.8167,1.7060,1.5890,1.4667
3720,2.5205,2.5193,2.5156,2.5092,2.4998,2.4867,2.4694,2.4473,2.4194,2.3850,2.3433,2.2936,2.2353,2.1680,2.0916,2.0060,1.9117,1.8092,1.6995,1.5834,1.4623
3780,2.5177,2.5164,2.5126,2.5059,2.4960,2.4825,2.4647,2.4419,2.4133,2.3783,2.3360,2.2858,2.2271,2.1596,2.0831,1.9977,1.9038,1.8019,1.6930,1.5779,1.4580
3840,2.5147,2.5134,2.5094,2.5024,2.4922,2.4782,2.4598,2.4363,2.4072,2.3715,2.3286,2.2779,2.2189,2.1512,2.0747,1.9895,1.8960,1.7947,1.6866,1.5725,1.4536
3900,2.5116,2.5102,2.5060,2.4988,2.4881,2.4737,2.4547,2.4307,2.4009,2.3647,2.3212,2.2701,2.2107,2.1428,2.0663,1.9813,1.8882,1.7876,1.6803,1.5672,1.4493
3960,2.5083,2.5069,2.5025,2.4950,2.4840,2.4690,2.4496,2.4250,2.3946,2.3578,2.3138,2.2622,2.2025,2.1345,2.0580,1.9732,1.8806,1.7806,1.6740,1.5619,1.4451
4020,2.5049,2.5034,2.4988,2.4911,2.4797,2.4643,2.4443,2.4192,2.3882,2.3508,2.3064,2.2544,2.1944,2.1262,2.0498,1.9653,1.8730,1.7736,1.6679,1.5566,1.4408
4080,2.5013,2.4997,2.4950,2.4870,2.4752,2.4594,2.4389,2.4132,2.3818,2.3439,2.2989,2.2466,2.1863,2.1180,2.0417,1.9574,1.8656,1.7668,1.6618,1.5514,1.4365
4140,2.4975,2.4959,2.4910,2.4827,2.4706,2.4544,2.4334,2.4072,2.3752,2.3368,2.2915,2.2387,2.1783,2.1099,2.0336,1.9496,1.8582,1.7601,1.6558,1.5463,1.4323
4200,2.4936,2.4919,2.4869,2.4783,2.4659,2.4492,2.4278,2.4011,2.3686,2.3297,2.2840,2.2309,2.1703,2.1018,2.0256,1.9419,1.8510,1.7534,1.6499,1.5411,1.4281
4260,2.4895,2.4877,2.4826,2.4738,2.4610,2.4439,2.4221,2.3949,2.3619,2.3226,2.2765,2.2231,2.1623,2.0938,2.0177,1.9343,1.8438,1.7468,1.6440,1.5361,1.4239
4320,2.4852,2.4834,2.4781,2.4691,2.4560,2.4386,2.4163,2.3886,2.3552,2.3155,2.2690,2.2153,2.1543,2.0858,2.0099,1.9267,1.8367,1.7402,1.6381,1.5310,1.4198
4380,2.4808,2.4790,2.4735,2.4643,2.4509,2.4331,2.4103,2.3823,2.3484,2.3083,2.2615,2.2076,2.1464,2.0779,2.0021,1.9192,1.8296,1.7338,1.6324,1.5261,1.4157
4440,2.4763,2.4744,2.4688,2.4593,2.4456,2.4274,2.4043,2.3759,2.3416,2.3011,2.2539,2.1998,2.1386,2.0701,1.9944,1.9118,1.8226,1.7274,1.6267,1.5212,1.4115
4500,2.4716,2.4697,2.4639,2.4542,2.4402,2.4217,2.3982,2.3694,2.3347,2.2939,2.2464,2.1921,2.1307,2.0623,1.9868,1.9045,1.8158,1.7211,1.6210,1.5163,1.4074
4560,2.4667,2.4648,2.4589,2.4490,2.4347,2.4159,2.3920,2.3628,2.3278,2.2866,2.2389,2.1844,2.1230,2.0545,1.9792,1.8972,1.8089,1.7148,1.6154,1.5114,1.4033
4620,2.4618,2.4598,2.4538,2.4437,2.4291,2.4100,2.3858,2.3562,2.3208,2.2793,2.2314,2.1767,2.1152,2.0469,1.9717,1.8900,1.8022,1.7086,1.6099,1.5065,1.3993
4680,2.4567,2.4546,2.4485,2.4382,2.4234,2.4040,2.3794,2.3495,2.3138,2.2720,2.2239,2.1691,2.1075,2.0392,1.9643,1.8829,1.7955,1.7025,1.6043,1.5018,1.3953
4740,2.4514,2.4493,2.4431,2.4326,2.4176,2.3979,2.3730,2.3428,2.3068,2.2647,2.2163,2.1614,2.0998,2.0316,1.9569,1.8758,1.7889,1.6964,1.5989,1.4970,1.3913
4800,2.4460,2.4439,2.4376,2.4269,2.4117,2.3917,2.3665,2.3360,2.2997,2.2574,2.2088,2.1538,2.0922,2.0241,1.9496,1.8688,1.7823,1.6903,1.5935,1.4923,1.3874
4860,2.4405,2.4384,2.4319,2.4211,2.4056,2.3854,2.3600,2.3291,2.2926,2.2501,2.2013,2.1462,2.0846,2.0166,1.9423,1.8619,1.7758,1.6843,1.5881,1.4876,1.3834
4920,2.4349,2.4327,2.4262,2.4152,2.3995,2.3790,2.3533,2.3222,2.2855,2.2427,2.1938,2.1386,2.0771,2.0092,1.9351,1.8550,1.7693,1.6784,1.5828,1.4830,1.3794
4980,2.4292,2.4269,2.4203,2.4092,2.3933,2.3726,2.3466,2.3153,2.2783,2.2354,2.1864,2.1311,2.0696,2.0018,1.9279,1.8482,1.7629,1.6725,1.5775,1.4783,1.3754
5040,2.4233,2.4210,2.4143,2.4031,2.3870,2.3660,2.3399,2.3083,2.2711,2.2280,2.1789,2.1236,2.0621,1.9945,1.9208,1.8414,1.7566,1.6667,1.5723,1.4737,1.3714
5100,2.4173,2.4150,2.4082,2.3968,2.3806,2.3595,2.3331,2.3013,2.2639,2.2207,2.1714,2.1161,2.0547,1.9872,1.9138,1.8347,1.7503,1.6610,1.5671,1.4691,1.3674
5160,2.4113,2.4089,2.4021,2.3905,2.3741,2.3528,2.3262,2.2943,2.2567,2.2133,2.1640,2.1087,2.0473,1.9799,1.9068,1.8281,1.7441,1.6553,1.5619,1.4645,1.3634
5220,2.4051,2.4027,2.3958,2.3841,2.3676,2.3461,2.3193,2.2872,2.2494,2.2059,2.1566,2.1012,2.0399,1.9728,1.8999,1.8215,1.7380,1.6496,1.5568,1.4599,1.3595
5280,2.3988,2.3964,2.3894,2.3777,2.3610,2.3393,2.3124,2.2801,2.2422,2.1986,2.1491,2.0938,2.0326,1.9656,1.8930,1.8150,1.7318,1.6439,1.5517,1.4554,1.3555
5340,2.3925,2.3901,2.3830,2.3711,2.3543,2.3325,2.3054,2.2729,2.2349,2.1912,2.1418,2.0865,2.0254,1.9585,1.8862,1.8085,1.7257,1.6383,1.5466,1.4509,1.3515
5400,2.3860,2.3836,2.3765,2.3645,2.3476,2.3256,2.2984,2.2658,2.2276,2.1839,2.1344,2.0791,2.0181,1.9515,1.8794,1.8020,1.7197,1.6328,1.5415,1.4464,1.3476
5460,2.3795,2.3770,2.3699,2.3578,2.3407,2.3187,2.2913,2.2586,2.2204,2.1765,2.1270,2.0718,2.0109,1.9445,1.8727,1.7956,1.7137,1.6272,1.5365,1.4419,1.3437
5520,2.3729,2.3704,2.3632,2.3511,2.3339,2.3117,2.2842,2.2514,2.2131,2.1692,2.1197,2.0646,2.0038,1.9376,1.8660,1.7893,1.7078,1.6217,1.5315,1.4374,1.3398
5580,2.3662,2.3637,2.3564,2.3442,2.3270,2.3047,2.2771,2.2441,2.2058,2.1619,2.1124,2.0573,1.9967,1.9306,1.8593,1.7830,1.7019,1.6163,1.5265,1.4330,1.3358
5640,2.3594,2.3570,2.3496,2.3374,2.3200,2.2976,2.2699,2.2369,2.1985,2.1546,2.1051,2.0501,1.9896,1.9238,1.8527,1.7767,1.6960,1.6108,1.5216,1.4285,1.3319
5700,2.3526,2.3501,2.3428,2.3304,2.3130,2.2905,2.2627,2.2297,2.1912,2.1473,2.0978,2.0429,1.9826,1.9169,1.8462,1.7705,1.6902,1.6054,1.5167,1.4241,1.3280
5760,2.3457,2.3432,2.3358,2.3234,2.3059,2.2834,2.2555,2.2224,2.1839,2.1400,2.0906,2.0357,1.9756,1.9101,1.8397,1.7643,1.6844,1.6001,1.5118,1.4197,1.3241
5820,2.3388,2.3363,2.3288,2.3164,2.2989,2.2762,2.2483,2.2151,2.1766,2.1327,2.0833,2.0286,1.9686,1.9034,1.8332,1.7582,1.6786,1.5948,1.5069,1.4153,1.3201
5880,2.3318,2.3293,2.3218,2.3093,2.2917,2.2690,2.2411,2.2078,2.1693,2.1254,2.0761,2.0215,1.9617,1.8967,1.8268,1.7521,1.6729,1.5895,1.5021,1.4109,1.3162
5940,2.3248,2.3222,2.3147,2.3022,2.2846,2.2618,2.2338,2.2006,2.1620,2.1181,2.0689,2.0145,1.9548,1.8900,1.8204,1.7460,1.6672,1.5842,1.4972,1.4065,1.3123
6000,2.3177,2.3152,2.3076,2.2951,2.2774,2.2546,2.2265,2.1933,2.1547,2.1109,2.0618,2.0074,1.9479,1.8834,1.8140,1.7400,1.6616,1.5789,1.4924,1.4022,1.3085
6060,2.3106,2.3080,2.3005,2.2879,2.2702,2.2473,2.2193,2.1860,2.1475,2.1037,2.0546,2.0004,1.9411,1.8768,1.8077,1.7340,1.6559,1.5737,1.4876,1.3979,1.3047
6120,2.3034,2.3008,2.2933,2.2807,2.2629,2.2401,2.2120,2.1787,2.1402,2.0965,2.0475,1.9934,1.9343,1.8702,1.8014,1.7280,1.6503,1.5685,1.4828,1.3936,1.3008
6180,2.2962,2.2936,2.2861,2.2734,2.2556,2.2328,2.2047,2.1714,2.1329,2.0893,2.0404,1.9865,1.9275,1.8637,1.7951,1.7221,1.6447,1.5633,1.4781,1.3892,1.2969
6240,2.2890,2.2864,2.2788,2.2662,2.2484,2.2255,2.1974,2.1641,2.1257,2.0821,2.0333,1.9795,1.9208,1.8572,1.7889,1.7162,1.6392,1.5582,1.4734,1.3849,1.2931
6300,2.2817,2.2791,2.2715,2.2589,2.2410,2.2182,2.1901,2.1568,2.1185,2.0749,2.0263,1.9726,1.9141,1.8507,1.7827,1.7103,1.6337,1.5531,1.4687,1.3807,1.2892
6360,2.2744,2.2718,2.2642,2.2516,2.2337,2.2108,2.1828,2.1496,2.1112,2.0678,2.0193,1.9658,1.9074,1.8443,1.7766,1.7045,1.6282,1.5480,1.4640,1.3764,1.2853
6420,2.2671,2.2645,2.2569,2.2442,2.2264,2.2035,2.1754,2.1423,2.1040,2.0607,2.0123,1.9589,1.9008,1.8379,1.7705,1.6987,1.6228,1.5429,1.4593,1.3721,1.2814
6480,2.2597,2.2572,2.2495,2.2369,2.2190,2.1962,2.1681,2.1350,2.0968,2.0536,2.0053,1.9521,1.8941,1.8315,1.7644,1.6929,1.6174,1.5379,1.4547,1.3679,1.2775
6540,2.2524,2.2498,2.2422,2.2295,2.2117,2.1888,2.1608,2.1278,2.0896,2.0465,1.9983,1.9453,1.8876,1.8252,1.7583,1.6872,1.6120,1.5329,1.4500,1.3636,1.2736
6600,2.2450,2.2424,2.2348,2.2221,2.2043,2.1815,2.1535,2.1205,2.0824,2.0394,1.9914,1.9386,1.8810,1.8189,1.7523,1.6815,1.6066,1.5279,1.4454,1.3593,1.2697
6660,2.2376,2.2350,2.2274,2.2148,2.1970,2.1742,2.1462,2.1133,2.0753,2.0324,1.9845,1.9319,1.8745,1.8126,1.7463,1.6758,1.6013,1.5229,1.4408,1.3551,1.2658
6720,2.2302,2.2276,2.2200,2.2074,2.1896,2.1668,2.1389,2.1060,2.0682,2.0253,1.9776,1.9252,1.8680,1.8064,1.7404,1.6702,1.5960,1.5179,1.4362,1.3509,1.2619
6780,2.2228,2.2202,2.2126,2.2000,2.1822,2.1595,2.1317,2.0988,2.0610,2.0184,1.9708,1.9185,1.8616,1.8002,1.7345,1.6646,1.5907,1.5130,1.4316,1.3466,1.2580
6840,2.2154,2.2128,2.2052,2.1926,2.1749,2.1522,2.1244,2.0916,2.0540,2.0114,1.9640,1.9119,1.8552,1.7940,1.7286,1.6590,1.5854,1.5081,1.4270,1.3424,1.2542
6900,2.2079,2.2054,2.1978,2.1852,2.1675,2.1448,2.1171,2.0845,2.0469,2.0044,1.9572,1.9053,1.8488,1.7879,1.7227,1.6534,1.5802,1.5032,1.4225,1.3382,1.2503
6960,2.2005,2.1980,2.1904,2.1778,2.1602,2.1375,2.1099,2.0773,2.0398,1.9975,1.9504,1.8987,1.8424,1.7818,1.7169,1.6479,1.5750,1.4983,1.4179,1.3340,1.2465
7020,2.1931,2.1905,2.1830,2.1704,2.1528,2.1302,2.1027,2.0702,2.0328,1.9906,1.9437,1.8922,1.8361,1.7757,1.7111,1.6424,1.5698,1.4934,1.4134,1.3298,1.2427
7080,2.1857,2.1831,2.1756,2.1631,2.1455,2.1230,2.0954,2.0630,2.0258,1.9837,1.9370,1.8856,1.8298,1.7696,1.7053,1.6369,1.5646,1.4885,1.4088,1.3256,1.2388
7140,2.1783,2.1757,2.1682,2.1557,2.1382,2.1157,2.0882,2.0559,2.0188,1.9769,1.9303,1.8791,1.8235,1.7636,1.6995,1.6314,1.5594,1.4837,1.4043,1.3214,1.2350
7200,2.1709,2.1683,2.1608,2.1483,2.1308,2.1084,2.0811,2.0488,2.0118,1.9700,1.9236,1.8727,1.8173,1.7576,1.6938,1.6259,1.5543,1.4789,1.3998,1.3173,1.2311
7260,2.1634,2.1609,2.1534,2.1410,2.1235,2.1012,2.0739,2.0418,2.0049,1.9632,1.9170,1.8662,1.8110,1.7516,1.6881,1.6205,1.5491,1.4741,1.3954,1.3131,1.2272
7320,2.1561,2.1535,2.1461,2.1336,2.1162,2.0939,2.0667,2.0347,1.9979,1.9565,1.9104,1.8598,1.8048,1.7457,1.6824,1.6151,1.5440,1.4693,1.3909,1.3089,1.2234
7380,2.1487,2.1461,2.1387,2.1263,2.1090,2.0867,2.0596,2.0277,1.9910,1.9497,1.9038,1.8534,1.7987,1.7397,1.6767,1.6097,1.5390,1.4645,1.3864,1.3048,1.2195
7440,2.1413,2.1388,2.1313,2.1190,2.1017,2.0795,2.0525,2.0207,1.9841,1.9430,1.8972,1.8471,1.7925,1.7338,1.6711,1.6044,1.5339,1.4598,1.3820,1.3006,1.2156
7500,2.1339,2.1314,2.1240,2.1117,2.0944,2.0724,2.0454,2.0137,1.9773,1.9363,1.8907,1.8407,1.7864,1.7280,1.6655,1.5991,1.5289,1.4550,1.3775,1.2965,1.2117
7560,2.1266,2.1241,2.1167,2.1044,2.0872,2.0652,2.0383,2.0067,1.9705,1.9296,1.8842,1.8344,1.7804,1.7221,1.6599,1.5938,1.5239,1.4503,1.3731,1.2923,1.2079
7620,2.1192,2.1167,2.1094,2.0972,2.0800,2.0581,2.0313,1.9998,1.9637,1.9229,1.8777,1.8281,1.7743,1.7163,1.6543,1.5885,1.5189,1.4456,1.3687,1.2882,1.2040
7680,2.1119,2.1094,2.1021,2.0899,2.0728,2.0509,2.0243,1.9929,1.9569,1.9163,1.8713,1.8219,1.7683,1.7105,1.6488,1.5832,1.5139,1.4409,1.3643,1.2840,1.2001
7740,2.1046,2.1021,2.0948,2.0827,2.0656,2.0439,2.0173,1.9860,1.9501,1.9097,1.8649,1.8157,1.7623,1.7048,1.6433,1.5780,1.5089,1.4362,1.3599,1.2799,1.1962
7800,2.0973,2.0949,2.0876,2.0755,2.0585,2.0368,2.0103,1.9792,1.9434,1.9032,1.8585,1.8095,1.7563,1.6990,1.6378,1.5728,1.5040,1.4315,1.3555,1.2758,1.1924
7860,2.0901,2.0876,2.0804,2.0683,2.0514,2.0297,2.0033,1.9723,1.9367,1.8966,1.8521,1.8033,1.7504,1.6933,1.6324,1.5675,1.4990,1.4269,1.3511,1.2717,1.1886
7920,2.0828,2.0804,2.0732,2.0611,2.0443,2.0227,1.9964,1.9655,1.9300,1.8901,1.8458,1.7972,1.7444,1.6876,1.6269,1.5624,1.4941,1.4222,1.3467,1.2676,1.1848
7980,2.0756,2.0732,2.0660,2.0540,2.0372,2.0157,1.9895,1.9587,1.9234,1.8836,1.8395,1.7911,1.7385,1.6819,1.6215,1.5572,1.4892,1.4175,1.3423,1.2635,1.1810
8040,2.0684,2.0660,2.0588,2.0469,2.0301,2.0087,1.9826,1.9520,1.9168,1.8772,1.8332,1.7850,1.7326,1.6763,1.6161,1.5520,1.4843,1.4129,1.3380,1.2594,1.1771
8100,2.0613,2.0588,2.0517,2.0398,2.0231,2.0018,1.9758,1.9452,1.9102,1.8707,1.8269,1.7789,1.7268,1.6707,1.6107,1.5469,1.4794,1.4083,1.3336,1.2553,1.1733
8160,2.0541,2.0517,2.0446,2.0327,2.0161,1.9949,1.9690,1.9385,1.9036,1.8643,1.8207,1.7729,1.7209,1.6651,1.6053,1.5418,1.4746,1.4037,1.3293,1.2513,1.1695
8220,2.0470,2.0446,2.0375,2.0257,2.0091,1.9880,1.9622,1.9318,1.8971,1.8579,1.8145,1.7668,1.7151,1.6595,1.5999,1.5367,1.4697,1.3991,1.3250,1.2472,1.1657
8280,2.0399,2.0375,2.0304,2.0186,2.0022,1.9811,1.9554,1.9252,1.8905,1.8516,1.8083,1.7608,1.7093,1.6539,1.5946,1.5316,1.4649,1.3946,1.3207,1.2432,1.1620
8340,2.0328,2.0304,2.0234,2.0117,1.9952,1.9742,1.9486,1.9186,1.8841,1.8452,1.8021,1.7549,1.7036,1.6484,1.5893,1.5265,1.4601,1.3900,1.3164,1.2391,1.1581
8400,2.0258,2.0234,2.0164,2.0047,1.9883,1.9674,1.9419,1.9119,1.8776,1.8389,1.7960,1.7489,1.6978,1.6428,1.5840,1.5215,1.4553,1.3855,1.3121,1.2351,1.1543
8460,2.0187,2.0164,2.0094,1.9977,1.9814,1.9606,1.9352,1.9054,1.8711,1.8326,1.7899,1.7430,1.6921,1.6373,1.5788,1.5164,1.4505,1.3809,1.3078,1.2311,1.1505
8520,2.0117,2.0094,2.0024,1.9908,1.9746,1.9538,1.9285,1.8988,1.8647,1.8264,1.7838,1.7371,1.6864,1.6319,1.5735,1.5114,1.4457,1.3764,1.3036,1.2270,1.1468
8580,2.0048,2.0024,1.9955,1.9839,1.9678,1.9471,1.9219,1.8923,1.8583,1.8201,1.7777,1.7312,1.6808,1.6264,1.5683,1.5064,1.4410,1.3719,1.2993,1.2230,1.1430
8640,1.9978,1.9955,1.9885,1.9771,1.9610,1.9404,1.9153,1.8858,1.8520,1.8139,1.7717,1.7254,1.6751,1.6210,1.5631,1.5015,1.4362,1.3674,1.2951,1.2190,1.1393
8700,1.9909,1.9885,1.9817,1.9702,1.9542,1.9337,1.9087,1.8793,1.8456,1.8077,1.7657,1.7196,1.6695,1.6156,1.5579,1.4965,1.4315,1.3630,1.2908,1.2151,1.1355
8760,1.9840,1.9817,1.9748,1.9634,1.9474,1.9270,1.9021,1.8729,1.8393,1.8016,1.7597,1.7138,1.6639,1.6102,1.5527,1.4916,1.4268,1.3585,1.2866,1.2111,1.1317
8820,1.9771,1.9748,1.9680,1.9566,1.9407,1.9204,1.8956,1.8665,1.8330,1.7954,1.7537,1.7080,1.6583,1.6048,1.5476,1.4866,1.4221,1.3541,1.2824,1.2071,1.1279
8880,1.9703,1.9680,1.9612,1.9499,1.9340,1.9138,1.8891,1.8601,1.8268,1.7893,1.7478,1.7022,1.6527,1.5995,1.5424,1.4817,1.4175,1.3496,1.2782,1.2031,1.1242
8940,1.9635,1.9612,1.9544,1.9431,1.9273,1.9072,1.8826,1.8537,1.8206,1.7833,1.7419,1.6965,1.6472,1.5941,1.5373,1.4769,1.4128,1.3452,1.2740,1.1991,1.1204
9000,1.9567,1.9544,1.9476,1.9364,1.9207,1.9006,1.8761,1.8474,1.8144,1.7772,1.7360,1.6908,1.6417,1.5888,1.5322,1.4720,1.4082,1.3408,1.2698,1.1951,1.1167
9060,1.9499,1.9476,1.9409,1.9297,1.9141,1.8941,1.8697,1.8410,1.8082,1.7712,1.7301,1.6851,1.6362,1.5835,1.5272,1.4671,1.4035,1.3364,1.2656,1.1912,1.1130
9120,1.9432,1.9409,1.9342,1.9231,1.9075,1.8876,1.8633,1.8348,1.8020,1.7652,1.7243,1.6794,1.6307,1.5783,1.5221,1.4623,1.3989,1.3320,1.2614,1.1873,1.1093
9180,1.9365,1.9342,1.9276,1.9165,1.9010,1.8811,1.8569,1.8285,1.7959,1.7592,1.7185,1.6738,1.6253,1.5730,1.5171,1.4575,1.3943,1.3276,1.2573,1.1834,1.1056
9240,1.9298,1.9276,1.9209,1.9099,1.8944,1.8747,1.8506,1.8223,1.7898,1.7533,1.7127,1.6682,1.6199,1.5678,1.5120,1.4527,1.3897,1.3232,1.2532,1.1794,1.1018
9300,1.9232,1.9209,1.9143,1.9033,1.8879,1.8682,1.8443,1.8161,1.7837,1.7473,1.7069,1.6626,1.6145,1.5626,1.5070,1.4479,1.3852,1.3189,1.2490,1.1755,1.0981
9360,1.9166,1.9143,1.9077,1.8968,1.8815,1.8619,1.8380,1.8099,1.7777,1.7414,1.7012,1.6570,1.6091,1.5574,1.5020,1.4431,1.3806,1.3145,1.2449,1.1716,1.0944
9420,1.9100,1.9077,1.9012,1.8903,1.8750,1.8555,1.8317,1.8037,1.7717,1.7355,1.6955,1.6515,1.6037,1.5522,1.4971,1.4383,1.3761,1.3102,1.2408,1.1677,1.0908
9480,1.9034,1.9012,1.8947,1.8838,1.8686,1.8492,1.8255,1.7976,1.7657,1.7297,1.6898,1.6460,1.5984,1.5471,1.4921,1.4336,1.3715,1.3059,1.2367,1.1638,1.0871
9540,1.8969,1.8947,1.8882,1.8774,1.8622,1.8429,1.8192,1.7915,1.7597,1.7239,1.6841,1.6405,1.5930,1.5419,1.4872,1.4289,1.3670,1.3016,1.2326,1.1600,1.0835
9600,1.8904,1.8882,1.8817,1.8709,1.8559,1.8366,1.8131,1.7854,1.7537,1.7181,1.6784,1.6350,1.5877,1.5368,1.4823,1.4242,1.3625,1.2973,1.2285,1.1561,1.0798
9660,1.8839,1.8817,1.8753,1.8645,1.8495,1.8303,1.8069,1.7794,1.7478,1.7123,1.6728,1.6295,1.5825,1.5317,1.4774,1.4195,1.3580,1.2930,1.2245,1.1523,1.0761
9720,1.8775,1.8753,1.8689,1.8582,1.8432,1.8241,1.8008,1.7734,1.7419,1.7065,1.6672,1.6241,1.5772,1.5267,1.4725,1.4148,1.3535,1.2888,1.2204,1.1484,1.0725
9780,1.8710,1.8689,1.8625,1.8518,1.8369,1.8179,1.7947,1.7674,1.7360,1.7008,1.6616,1.6187,1.5720,1.5216,1.4676,1.4101,1.3491,1.2845,1.2164,1.1446,1.0688
9840,1.8646,1.8625,1.8561,1.8455,1.8307,1.8117,1.7886,1.7614,1.7302,1.6951,1.6561,1.6133,1.5667,1.5166,1.4628,1.4055,1.3447,1.2803,1.2124,1.1407,1.0651
9900,1.8583,1.8561,1.8498,1.8392,1.8245,1.8056,1.7825,1.7555,1.7244,1.6894,1.6505,1.6079,1.5615,1.5116,1.4580,1.4009,1.3402,1.2761,1.2083,1.1369,1.0615
9960,1.8520,1.8498,1.8435,1.8330,1.8183,1.7994,1.7765,1.7495,1.7186,1.6837,1.6450,1.6026,1.5564,1.5066,1.4532,1.3963,1.3358,1.2719,1.2043,1.1331,1.0579
10020,1.8456,1.8435,1.8372,1.8268,1.8121,1.7934,1.7705,1.7436,1.7128,1.6781,1.6395,1.5972,1.5512,1.5016,1.4484,1.3917,1.3314,1.2676,1.2003,1.1293,1.0543
10080,1.8394,1.8372,1.8310,1.8206,1.8060,1.7873,1.7645,1.7378,1.7071,1.6725,1.6341,1.5919,1.5461,1.4966,1.4436,1.3871,1.3270,1.2635,1.1963,1.1255,1.0507
10140,1.8331,1.8310,1.8248,1.8144,1.7998,1.7813,1.7586,1.7319,1.7013,1.6669,1.6286,1.5866,1.5410,1.4917,1.4388,1.3825,1.3226,1.2593,1.1923,1.1217,1.0471
10200,1.8269,1.8248,1.8186,1.8082,1.7938,1.7752,1.7527,1.7261,1.6956,1.6613,1.6232,1.5814,1.5359,1.4868,1.4341,1.3779,1.3183,1.2551,1.1884,1.1179,1.0436
10260,1.8207,1.8186,1.8124,1.8021,1.7877,1.7693,1.7468,1.7203,1.6900,1.6558,1.6178,1.5761,1.5308,1.4818,1.4294,1.3734,1.3139,1.2510,1.1844,1.1142,1.0399
10320,1.8145,1.8125,1.8063,1.7960,1.7817,1.7633,1.7409,1.7146,1.6843,1.6503,1.6124,1.5709,1.5257,1.4770,1.4247,1.3689,1.3096,1.2468,1.1805,1.1104,1.0364
10380,1.8084,1.8063,1.8002,1.7900,1.7757,1.7574,1.7350,1.7088,1.6787,1.6448,1.6071,1.5657,1.5207,1.4721,1.4200,1.3644,1.3053,1.2427,1.1765,1.1066,1.0328
10440,1.8023,1.8002,1.7941,1.7839,1.7697,1.7515,1.7292,1.7031,1.6731,1.6393,1.6017,1.5605,1.5157,1.4672,1.4153,1.3599,1.3010,1.2386,1.1726,1.1029,1.0292
10500,1.7962,1.7942,1.7881,1.7779,1.7637,1.7456,1.7234,1.6974,1.6675,1.6338,1.5964,1.5554,1.5107,1.4624,1.4107,1.3554,1.2967,1.2345,1.1687,1.0992,1.0256
10560,1.7902,1.7881,1.7820,1.7719,1.7578,1.7397,1.7177,1.6917,1.6620,1.6284,1.5911,1.5502,1.5057,1.4576,1.4060,1.3510,1.2924,1.2304,1.1648,1.0954,1.0220
10620,1.7841,1.7821,1.7760,1.7660,1.7519,1.7339,1.7119,1.6861,1.6564,1.6230,1.5859,1.5451,1.5007,1.4528,1.4014,1.3465,1.2882,1.2263,1.1609,1.0917,1.0185
10680,1.7781,1.7761,1.7701,1.7601,1.7460,1.7281,1.7062,1.6805,1.6509,1.6176,1.5806,1.5400,1.4958,1.4480,1.3968,1.3421,1.2839,1.2223,1.1570,1.0880,1.0151
10740,1.7722,1.7701,1.7641,1.7542,1.7402,1.7223,1.7005,1.6749,1.6454,1.6123,1.5754,1.5349,1.4909,1.4433,1.3922,1.3377,1.2797,1.2182,1.1531,1.0843,1.0116
10800,1.7662,1.7642,1.7582,1.7483,1.7344,1.7166,1.6948,1.6693,1.6400,1.6069,1.5702,1.5299,1.4860,1.4385,1.3876,1.3333,1.2755,1.2141,1.1493,1.0807,1.0081
10860,1.7603,1.7583,1.7523,1.7424,1.7286,1.7108,1.6892,1.6638,1.6345,1.6016,1.5650,1.5248,1.4811,1.4338,1.3831,1.3289,1.2712,1.2101,1.1454,1.0770,1.0047
10920,1.7544,1.7524,1.7465,1.7366,1.7228,1.7051,1.6836,1.6582,1.6291,1.5963,1.5599,1.5198,1.4762,1.4291,1.3785,1.3245,1.2670,1.2061,1.1416,1.0734,1.0012
10980,1.7485,1.7465,1.7406,1.7308,1.7171,1.6995,1.6780,1.6527,1.6237,1.5911,1.5547,1.5148,1.4713,1.4244,1.3740,1.3201,1.2629,1.2021,1.1378,1.0697,0.9977
11040,1.7427,1.7407,1.7348,1.7250,1.7113,1.6938,1.6724,1.6473,1.6184,1.5858,1.5496,1.5098,1.4665,1.4197,1.3695,1.3158,1.2587,1.1981,1.1340,1.0661,0.9942
11100,1.7369,1.7349,1.7290,1.7193,1.7056,1.6882,1.6669,1.6418,1.6130,1.5806,1.5445,1.5049,1.4617,1.4151,1.3650,1.3115,1.2546,1.1941,1.1302,1.0625,0.9908
11160,1.7311,1.7291,1.7233,1.7136,1.7000,1.6826,1.6613,1.6364,1.6077,1.5754,1.5394,1.4999,1.4569,1.4104,1.3605,1.3072,1.2504,1.1902,1.1264,1.0589,0.9873
11220,1.7253,1.7234,1.7175,1.7079,1.6943,1.6770,1.6558,1.6310,1.6024,1.5702,1.5343,1.4950,1.4521,1.4058,1.3560,1.3029,1.2463,1.1862,1.1226,1.0553,0.9838
11280,1.7196,1.7176,1.7118,1.7022,1.6887,1.6714,1.6504,1.6256,1.5971,1.5650,1.5293,1.4901,1.4474,1.4012,1.3516,1.2986,1.2422,1.1823,1.1189,1.0516,0.9804
11340,1.7139,1.7119,1.7062,1.6966,1.6831,1.6659,1.6449,1.6202,1.5918,1.5599,1.5243,1.4852,1.4426,1.3966,1.3472,1.2944,1.2381,1.1784,1.1151,1.0481,0.9770
11400,1.7082,1.7062,1.7005,1.6909,1.6775,1.6604,1.6395,1.6149,1.5866,1.5547,1.5193,1.4803,1.4379,1.3921,1.3428,1.2901,1.2340,1.1745,1.1114,1.0445,0.9736
11460,1.7025,1.7006,1.6949,1.6853,1.6720,1.6549,1.6341,1.6096,1.5814,1.5496,1.5143,1.4755,1.4332,1.3875,1.3384,1.2859,1.2300,1.1706,1.1076,1.0409,0.9702
11520,1.6969,1.6950,1.6893,1.6798,1.6665,1.6495,1.6287,1.6043,1.5762,1.5446,1.5094,1.4707,1.4285,1.3830,1.3340,1.2817,1.2259,1.1667,1.1039,1.0374,0.9667
11580,1.6913,1.6894,1.6837,1.6742,1.6610,1.6440,1.6233,1.5990,1.5710,1.5395,1.5044,1.4659,1.4239,1.3785,1.3297,1.2775,1.2219,1.1628,1.1002,1.0338,0.9633
11640,1.6857,1.6838,1.6781,1.6687,1.6555,1.6386,1.6180,1.5938,1.5659,1.5345,1.4995,1.4611,1.4192,1.3740,1.3253,1.2733,1.2179,1.1590,1.0965,1.0302,0.9599
11700,1.6801,1.6782,1.6726,1.6632,1.6500,1.6332,1.6127,1.5885,1.5608,1.5295,1.4946,1.4563,1.4146,1.3695,1.3210,1.2691,1.2138,1.1551,1.0928,1.0267,0.9565
11760,1.6746,1.6727,1.6671,1.6577,1.6446,1.6279,1.6074,1.5833,1.5557,1.5245,1.4898,1.4516,1.4100,1.3650,1.3167,1.2650,1.2099,1.1513,1.0891,1.0232,0.9531
11820,1.6691,1.6672,1.6616,1.6523,1.6392,1.6225,1.6021,1.5782,1.5506,1.5195,1.4849,1.4469,1.4054,1.3606,1.3124,1.2608,1.2059,1.1474,1.0854,1.0197,0.9498
11880,1.6636,1.6617,1.6561,1.6469,1.6339,1.6172,1.5969,1.5730,1.5455,1.5146,1.4801,1.4422,1.4008,1.3562,1.3081,1.2567,1.2019,1.1436,1.0818,1.0162,0.9465
11940,1.6582,1.6563,1.6507,1.6415,1.6285,1.6119,1.5917,1.5679,1.5405,1.5096,1.4753,1.4375,1.3963,1.3517,1.3038,1.2526,1.1979,1.1398,1.0782,1.0127,0.9431
12000,1.6527,1.6508,1.6453,1.6361,1.6232,1.6067,1.5865,1.5628,1.5355,1.5047,1.4705,1.4328,1.3918,1.3473,1.2996,1.2485,1.1940,1.1360,1.0745,1.0092,0.9398
12060,1.6473,1.6454,1.6399,1.6307,1.6179,1.6014,1.5813,1.5577,1.5305,1.4998,1.4657,1.4282,1.3872,1.3430,1.2954,1.2444,1.1900,1.1323,1.0709,1.0057,0.9366
12120,1.6419,1.6401,1.6346,1.6254,1.6126,1.5962,1.5762,1.5526,1.5255,1.4950,1.4609,1.4235,1.3827,1.3386,1.2911,1.2403,1.1861,1.1285,1.0673,1.0023,0.9333
12180,1.6366,1.6347,1.6292,1.6201,1.6073,1.5910,1.5710,1.5476,1.5206,1.4901,1.4562,1.4189,1.3782,1.3342,1.2869,1.2362,1.1822,1.1247,1.0637,0.9989,0.9300
12240,1.6312,1.6294,1.6239,1.6148,1.6021,1.5858,1.5659,1.5425,1.5156,1.4853,1.4515,1.4143,1.3738,1.3299,1.2827,1.2322,1.1783,1.1210,1.0601,0.9954,0.9266
12300,1.6259,1.6241,1.6186,1.6096,1.5969,1.5807,1.5608,1.5375,1.5107,1.4805,1.4468,1.4097,1.3693,1.3256,1.2786,1.2282,1.1745,1.1173,1.0566,0.9920,0.9233
12360,1.6206,1.6188,1.6134,1.6043,1.5917,1.5755,1.5558,1.5325,1.5058,1.4757,1.4421,1.4052,1.3649,1.3213,1.2744,1.2242,1.1706,1.1136,1.0530,0.9886,0.9200
12420,1.6154,1.6135,1.6081,1.5991,1.5865,1.5704,1.5507,1.5276,1.5010,1.4709,1.4374,1.4006,1.3605,1.3170,1.2703,1.2202,1.1668,1.1099,1.0494,0.9852,0.9168
12480,1.6101,1.6083,1.6029,1.5940,1.5814,1.5653,1.5457,1.5226,1.4961,1.4662,1.4328,1.3961,1.3561,1.3128,1.2661,1.2162,1.1629,1.1062,1.0459,0.9818,0.9135
12540,1.6049,1.6031,1.5977,1.5888,1.5763,1.5603,1.5407,1.5177,1.4913,1.4614,1.4282,1.3916,1.3517,1.3085,1.2620,1.2122,1.1591,1.1025,1.0424,0.9784,0.9103
12600,1.5997,1.5979,1.5925,1.5836,1.5712,1.5552,1.5358,1.5128,1.4865,1.4567,1.4236,1.3871,1.3474,1.3043,1.2579,1.2083,1.1553,1.0988,1.0388,0.9750,0.9071
12660,1.5945,1.5927,1.5874,1.5785,1.5661,1.5502,1.5308,1.5080,1.4817,1.4520,1.4190,1.3827,1.3430,1.3001,1.2539,1.2043,1.1515,1.0952,1.0353,0.9717,0.9039
12720,1.5894,1.5876,1.5823,1.5734,1.5611,1.5452,1.5259,1.5031,1.4769,1.4474,1.4144,1.3782,1.3387,1.2959,1.2498,1.2004,1.1477,1.0915,1.0318,0.9683,0.9007
12780,1.5842,1.5824,1.5772,1.5684,1.5560,1.5402,1.5210,1.4983,1.4722,1.4427,1.4099,1.3738,1.3344,1.2917,1.2457,1.1965,1.1439,1.0879,1.0283,0.9650,0.8975
12840,1.5791,1.5773,1.5721,1.5633,1.5510,1.5353,1.5161,1.4934,1.4674,1.4381,1.4054,1.3694,1.3301,1.2875,1.2417,1.1926,1.1401,1.0843,1.0249,0.9617,0.8943
12900,1.5741,1.5723,1.5670,1.5583,1.5460,1.5303,1.5112,1.4887,1.4627,1.4335,1.4008,1.3650,1.3258,1.2834,1.2377,1.1887,1.1364,1.0807,1.0214,0.9584,0.8912
12960,1.5690,1.5672,1.5620,1.5533,1.5411,1.5254,1.5063,1.4839,1.4580,1.4289,1.3963,1.3606,1.3215,1.2792,1.2336,1.1848,1.1327,1.0771,1.0180,0.9551,0.8880
13020,1.5639,1.5622,1.5570,1.5483,1.5361,1.5205,1.5015,1.4791,1.4534,1.4243,1.3919,1.3562,1.3173,1.2751,1.2297,1.1810,1.1289,1.0735,1.0146,0.9518,0.8848
13080,1.5589,1.5572,1.5520,1.5433,1.5312,1.5157,1.4967,1.4744,1.4487,1.4197,1.3874,1.3518,1.3130,1.2710,1.2257,1.1771,1.1252,1.0700,1.0111,0.9485,0.8817
13140,1.5539,1.5522,1.5470,1.5384,1.5263,1.5108,1.4919,1.4697,1.4441,1.4152,1.3830,1.3475,1.3088,1.2669,1.2217,1.1733,1.1215,1.0664,1.0077,0.9452,0.8786
13200,1.5490,1.5472,1.5420,1.5334,1.5214,1.5060,1.4871,1.4650,1.4394,1.4106,1.3785,1.3432,1.3046,1.2628,1.2178,1.1695,1.1179,1.0629,1.0043,0.9420,0.8755
13260,1.5440,1.5423,1.5371,1.5285,1.5165,1.5012,1.4824,1.4603,1.4348,1.4061,1.3741,1.3389,1.3004,1.2587,1.2138,1.1657,1.1142,1.0593,1.0009,0.9387,0.8724
13320,1.5391,1.5373,1.5322,1.5237,1.5117,1.4964,1.4777,1.4556,1.4303,1.4016,1.3697,1.3346,1.2962,1.2547,1.2099,1.1619,1.1106,1.0558,0.9976,0.9355,0.8693
13380,1.5341,1.5324,1.5273,1.5188,1.5069,1.4916,1.4729,1.4510,1.4257,1.3972,1.3654,1.3303,1.2921,1.2507,1.2060,1.1581,1.1069,1.0523,0.9942,0.9323,0.8662
13440,1.5293,1.5275,1.5224,1.5140,1.5021,1.4868,1.4683,1.4464,1.4212,1.3927,1.3610,1.3261,1.2880,1.2466,1.2021,1.1543,1.1033,1.0488,0.9908,0.9291,0.8632
13500,1.5244,1.5227,1.5176,1.5091,1.4973,1.4821,1.4636,1.4417,1.4166,1.3883,1.3567,1.3218,1.2838,1.2426,1.1982,1.1506,1.0997,1.0453,0.9875,0.9259,0.8601
13560,1.5195,1.5178,1.5127,1.5043,1.4925,1.4774,1.4589,1.4372,1.4121,1.3839,1.3523,1.3176,1.2797,1.2386,1.1943,1.1468,1.0961,1.0419,0.9842,0.9227,0.8571
13620,1.5147,1.5130,1.5079,1.4995,1.4878,1.4727,1.4543,1.4326,1.4076,1.3794,1.3480,1.3134,1.2756,1.2347,1.1905,1.1431,1.0925,1.0384,0.9809,0.9195,0.8540
13680,1.5099,1.5082,1.5031,1.4948,1.4830,1.4680,1.4497,1.4280,1.4032,1.3751,1.3437,1.3092,1.2715,1.2307,1.1867,1.1394,1.0889,1.0350,0.9776,0.9164,0.8510
13740,1.5051,1.5034,1.4984,1.4900,1.4783,1.4634,1.4451,1.4235,1.3987,1.3707,1.3395,1.3051,1.2675,1.2268,1.1828,1.1357,1.0853,1.0316,0.9743,0.9132,0.8479
13800,1.5003,1.4986,1.4936,1.4853,1.4736,1.4587,1.4405,1.4190,1.3943,1.3663,1.3352,1.3009,1.2634,1.2228,1.1790,1.1320,1.0818,1.0282,0.9710,0.9101,0.8449
13860,1.4956,1.4939,1.4889,1.4806,1.4690,1.4541,1.4359,1.4145,1.3899,1.3620,1.3310,1.2968,1.2594,1.2189,1.1753,1.1284,1.0783,1.0248,0.9678,0.9069,0.8418
13920,1.4908,1.4891,1.4842,1.4759,1.4643,1.4495,1.4314,1.4100,1.3855,1.3577,1.3268,1.2927,1.2554,1.2150,1.1715,1.1247,1.0747,1.0214,0.9645,0.9038,0.8389
13980,1.4861,1.4844,1.4795,1.4713,1.4597,1.4449,1.4269,1.4056,1.3811,1.3534,1.3225,1.2886,1.2514,1.2111,1.1677,1.1211,1.0712,1.0180,0.9612,0.9007,0.8359
14040,1.4814,1.4797,1.4748,1.4666,1.4551,1.4404,1.4223,1.4011,1.3767,1.3491,1.3184,1.2845,1.2474,1.2073,1.1640,1.1175,1.0677,1.0146,0.9580,0.8976,0.8330
14100,1.4767,1.4751,1.4702,1.4620,1.4505,1.4358,1.4179,1.3967,1.3724,1.3449,1.3142,1.2804,1.2435,1.2034,1.1602,1.1138,1.0642,1.0113,0.9548,0.8945,0.8301
14160,1.4721,1.4704,1.4655,1.4574,1.4459,1.4313,1.4134,1.3923,1.3680,1.3406,1.3100,1.2763,1.2395,1.1996,1.1565,1.1102,1.0607,1.0079,0.9516,0.8914,0.8271
14220,1.4675,1.4658,1.4609,1.4528,1.4414,1.4268,1.4089,1.3879,1.3637,1.3364,1.3059,1.2723,1.2356,1.1957,1.1528,1.1066,1.0573,1.0046,0.9484,0.8884,0.8242
14280,1.4628,1.4612,1.4563,1.4482,1.4368,1.4223,1.4045,1.3835,1.3594,1.3321,1.3017,1.2682,1.2316,1.1919,1.1491,1.1031,1.0538,1.0013,0.9452,0.8853,0.8213
14340,1.4582,1.4566,1.4517,1.4437,1.4323,1.4178,1.4001,1.3792,1.3551,1.3279,1.2976,1.2642,1.2277,1.1881,1.1454,1.0995,1.0504,0.9980,0.9420,0.8823,0.8183
14400,1.4537,1.4520,1.4472,1.4391,1.4278,1.4134,1.3957,1.3748,1.3509,1.3238,1.2935,1.2602,1.2238,1.1843,1.1417,1.0960,1.0470,0.9947,0.9389,0.8792,0.8154
14460,1.4491,1.4475,1.4426,1.4346,1.4233,1.4089,1.3913,1.3705,1.3466,1.3196,1.2895,1.2563,1.2200,1.1806,1.1381,1.0924,1.0436,0.9914,0.9357,0.8762,0.8125
14520,1.4446,1.4429,1.4381,1.4301,1.4189,1.4045,1.3869,1.3662,1.3424,1.3155,1.2854,1.2523,1.2161,1.1768,1.1344,1.0889,1.0402,0.9881,0.9326,0.8732,0.8096
14580,1.4400,1.4384,1.4336,1.4256,1.4144,1.4001,1.3826,1.3619,1.3382,1.3113,1.2814,1.2483,1.2123,1.1731,1.1308,1.0854,1.0368,0.9849,0.9294,0.8702,0.8067
14640,1.4355,1.4339,1.4291,1.4212,1.4100,1.3957,1.3783,1.3577,1.3340,1.3072,1.2773,1.2444,1.2084,1.1694,1.1272,1.0819,1.0335,0.9816,0.9263,0.8672,0.8038
14700,1.4310,1.4294,1.4247,1.4167,1.4056,1.3914,1.3740,1.3534,1.3298,1.3031,1.2733,1.2405,1.2046,1.1657,1.1236,1.0785,1.0301,0.9784,0.9232,0.8642,0.8010
14760,1.4266,1.4250,1.4202,1.4123,1.4012,1.3870,1.3697,1.3492,1.3257,1.2990,1.2693,1.2366,1.2008,1.1620,1.1200,1.0750,1.0268,0.9752,0.9201,0.8613,0.7981
14820,1.4221,1.4205,1.4158,1.4079,1.3969,1.3827,1.3654,1.3450,1.3215,1.2950,1.2654,1.2327,1.1970,1.1583,1.1165,1.0715,1.0234,0.9720,0.9170,0.8583,0.7953
14880,1.4177,1.4161,1.4114,1.4035,1.3925,1.3784,1.3611,1.3408,1.3174,1.2909,1.2614,1.2288,1.1933,1.1546,1.1129,1.0681,1.0201,0.9688,0.9140,0.8554,0.7925
14940,1.4133,1.4117,1.4070,1.3992,1.3882,1.3741,1.3569,1.3366,1.3133,1.2869,1.2574,1.2250,1.1895,1.1510,1.1094,1.0647,1.0168,0.9656,0.9109,0.8524,0.7897
15000,1.4089,1.4073,1.4026,1.3948,1.3839,1.3698,1.3527,1.3325,1.3092,1.2829,1.2535,1.2211,1.1858,1.1473,1.1059,1.0613,1.0135,0.9624,0.9079,0.8495,0.7868
15060,1.4045,1.4029,1.3983,1.3905,1.3796,1.3656,1.3485,1.3283,1.3051,1.2789,1.2496,1.2173,1.1820,1.1437,1.1023,1.0579,1.0102,0.9593,0.9048,0.8466,0.7840
15120,1.4002,1.3986,1.3939,1.3862,1.3753,1.3613,1.3443,1.3242,1.3010,1.2749,1.2457,1.2135,1.1783,1.1401,1.0988,1.0545,1.0070,0.9561,0.9018,0.8437,0.7813
15180,1.3958,1.3943,1.3896,1.3819,1.3710,1.3571,1.3401,1.3201,1.2970,1.2709,1.2418,1.2097,1.1746,1.1365,1.0954,1.0511,1.0037,0.9530,0.8988,0.8408,0.7785
15240,1.3915,1.3899,1.3853,1.3776,1.3668,1.3529,1.3359,1.3160,1.2930,1.2670,1.2379,1.2059,1.1709,1.1329,1.0919,1.0477,1.0005,0.9499,0.8958,0.8379,0.7757
15300,1.3872,1.3856,1.3810,1.3733,1.3625,1.3487,1.3318,1.3119,1.2890,1.2630,1.2341,1.2022,1.1673,1.1294,1.0884,1.0444,0.9972,0.9468,0.8928,0.8350,0.7730
15360,1.3829,1.3813,1.3767,1.3691,1.3583,1.3445,1.3277,1.3078,1.2850,1.2591,1.2302,1.1984,1.1636,1.1258,1.0850,1.0411,0.9940,0.9437,0.8898,0.8322,0.7702
15420,1.3786,1.3771,1.3725,1.3648,1.3541,1.3404,1.3236,1.3038,1.2810,1.2552,1.2264,1.1947,1.1600,1.1223,1.0815,1.0377,0.9908,0.9406,0.8868,0.8293,0.7675
15480,1.3744,1.3728,1.3683,1.3606,1.3499,1.3362,1.3195,1.2997,1.2770,1.2513,1.2226,1.1910,1.1563,1.1187,1.0781,1.0344,0.9876,0.9375,0.8839,0.8265,0.7647
15540,1.3701,1.3686,1.3640,1.3564,1.3458,1.3321,1.3154,1.2957,1.2731,1.2474,1.2188,1.1872,1.1527,1.1152,1.0747,1.0311,0.9844,0.9344,0.8809,0.8236,0.7620
15600,1.3659,1.3644,1.3598,1.3523,1.3416,1.3280,1.3114,1.2917,1.2691,1.2436,1.2150,1.1835,1.1491,1.1117,1.0713,1.0278,0.9812,0.9314,0.8780,0.8208,0.7593
15660,1.3617,1.3602,1.3556,1.3481,1.3375,1.3239,1.3073,1.2877,1.2652,1.2397,1.2113,1.1799,1.1455,1.1082,1.0679,1.0246,0.9781,0.9283,0.8751,0.8180,0.7566
15720,1.3575,1.3560,1.3515,1.3439,1.3334,1.3198,1.3033,1.2838,1.2613,1.2359,1.2075,1.1762,1.1419,1.1047,1.0645,1.0213,0.9749,0.9253,0.8721,0.8152,0.7539
15780,1.3534,1.3518,1.3473,1.3398,1.3293,1.3158,1.2993,1.2798,1.2574,1.2321,1.2038,1.1725,1.1384,1.1013,1.0612,1.0181,0.9718,0.9223,0.8692,0.8124,0.7512
15840,1.3492,1.3477,1.3432,1.3357,1.3252,1.3117,1.2953,1.2759,1.2535,1.2283,1.2000,1.1689,1.1348,1.0978,1.0578,1.0148,0.9687,0.9192,0.8663,0.8096,0.7486
15900,1.3451,1.3436,1.3391,1.3316,1.3211,1.3077,1.2913,1.2720,1.2497,1.2245,1.1963,1.1653,1.1313,1.0944,1.0545,1.0116,0.9656,0.9162,0.8635,0.8069,0.7459
15960,1.3410,1.3394,1.3350,1.3275,1.3171,1.3037,1.2873,1.2680,1.2458,1.2207,1.1926,1.1617,1.1278,1.0910,1.0512,1.0084,0.9625,0.9133,0.8606,0.8041,0.7433
16020,1.3369,1.3353,1.3309,1.3235,1.3130,1.2997,1.2834,1.2642,1.2420,1.2169,1.1889,1.1581,1.1243,1.0876,1.0479,1.0052,0.9594,0.9103,0.8577,0.8013,0.7406
16080,1.3328,1.3313,1.3268,1.3194,1.3090,1.2957,1.2795,1.2603,1.2382,1.2132,1.1853,1.1545,1.1208,1.0842,1.0446,1.0020,0.9563,0.9073,0.8549,0.7986,0.7380
16140,1.3287,1.3272,1.3228,1.3154,1.3050,1.2918,1.2755,1.2564,1.2344,1.2095,1.1816,1.1509,1.1173,1.0808,1.0413,0.9988,0.9532,0.9044,0.8520,0.7959,0.7354
16200,1.3246,1.3231,1.3187,1.3114,1.3010,1.2878,1.2716,1.2526,1.2306,1.2057,1.1780,1.1474,1.1138,1.0774,1.0380,0.9956,0.9502,0.9014,0.8492,0.7932,0.7328
16260,1.3206,1.3191,1.3147,1.3074,1.2971,1.2839,1.2677,1.2487,1.2268,1.2020,1.1744,1.1438,1.1104,1.0741,1.0348,0.9925,0.9471,0.8985,0.8464,0.7904,0.7302
16320,1.3166,1.3151,1.3107,1.3034,1.2931,1.2800,1.2639,1.2449,1.2231,1.1984,1.1708,1.1403,1.1070,1.0707,1.0315,0.9894,0.9441,0.8956,0.8436,0.7877,0.7276
16380,1.3126,1.3111,1.3067,1.2994,1.2892,1.2761,1.2600,1.2411,1.2193,1.1947,1.1672,1.1368,1.1035,1.0674,1.0283,0.9862,0.9411,0.8926,0.8408,0.7851,0.7250
16440,1.3086,1.3071,1.3027,1.2955,1.2852,1.2722,1.2562,1.2373,1.2156,1.1910,1.1636,1.1333,1.1001,1.0641,1.0251,0.9831,0.9381,0.8897,0.8380,0.7824,0.7224
16500,1.3046,1.3031,1.2988,1.2915,1.2813,1.2683,1.2524,1.2336,1.2119,1.1874,1.1600,1.1298,1.0967,1.0608,1.0219,0.9800,0.9351,0.8869,0.8352,0.7797,0.7198
16560,1.3006,1.2992,1.2948,1.2876,1.2774,1.2644,1.2485,1.2298,1.2082,1.1837,1.1564,1.1263,1.0933,1.0575,1.0187,0.9769,0.9321,0.8840,0.8324,0.7770,0.7173
16620,1.2967,1.2952,1.2909,1.2837,1.2736,1.2606,1.2447,1.2261,1.2045,1.1801,1.1529,1.1229,1.0899,1.0542,1.0155,0.9738,0.9291,0.8811,0.8297,0.7744,0.7147
16680,1.2928,1.2913,1.2870,1.2798,1.2697,1.2568,1.2410,1.2223,1.2008,1.1765,1.1494,1.1194,1.0866,1.0509,1.0123,0.9708,0.9261,0.8783,0.8269,0.7718,0.7122
16740,1.2889,1.2874,1.2831,1.2759,1.2659,1.2530,1.2372,1.2186,1.1972,1.1729,1.1459,1.1160,1.0832,1.0477,1.0092,0.9677,0.9232,0.8754,0.8242,0.7691,0.7097
16800,1.2850,1.2835,1.2792,1.2721,1.2620,1.2492,1.2334,1.2149,1.1935,1.1694,1.1424,1.1126,1.0799,1.0444,1.0060,0.9647,0.9202,0.8726,0.8215,0.7665,0.7072
16860,1.2811,1.2796,1.2753,1.2682,1.2582,1.2454,1.2297,1.2112,1.1899,1.1658,1.1389,1.1091,1.0766,1.0412,1.0029,0.9616,0.9173,0.8698,0.8187,0.7639,0.7046
16920,1.2772,1.2758,1.2715,1.2644,1.2544,1.2416,1.2260,1.2075,1.1863,1.1623,1.1354,1.1057,1.0733,1.0380,0.9998,0.9586,0.9144,0.8669,0.8160,0.7613,0.7021
16980,1.2734,1.2719,1.2677,1.2606,1.2506,1.2379,1.2223,1.2039,1.1827,1.1587,1.1319,1.1024,1.0700,1.0348,0.9966,0.9556,0.9115,0.8641,0.8133,0.7587,0.6997
17040,1.2695,1.2681,1.2638,1.2568,1.2468,1.2341,1.2186,1.2002,1.1791,1.1552,1.1285,1.0990,1.0667,1.0316,0.9935,0.9526,0.9086,0.8613,0.8107,0.7561,0.6972
17100,1.2657,1.2643,1.2600,1.2530,1.2431,1.2304,1.2149,1.1966,1.1755,1.1517,1.1251,1.0956,1.0634,1.0284,0.9905,0.9496,0.9057,0.8586,0.8080,0.7536,0.6947
17160,1.2619,1.2605,1.2562,1.2492,1.2393,1.2267,1.2112,1.1930,1.1720,1.1482,1.1216,1.0923,1.0602,1.0252,0.9874,0.9466,0.9028,0.8558,0.8053,0.7510,0.6922
17220,1.2581,1.2567,1.2525,1.2454,1.2356,1.2230,1.2076,1.1894,1.1684,1.1447,1.1182,1.0890,1.0569,1.0220,0.9843,0.9437,0.8999,0.8530,0.8027,0.7484,0.6898
17280,1.2543,1.2529,1.2487,1.2417,1.2319,1.2193,1.2040,1.1858,1.1649,1.1413,1.1148,1.0857,1.0537,1.0189,0.9813,0.9407,0.8971,0.8503,0.8000,0.7459,0.6873
17340,1.2505,1.2491,1.2449,1.2380,1.2282,1.2157,1.2003,1.1822,1.1614,1.1378,1.1115,1.0823,1.0505,1.0158,0.9782,0.9378,0.8943,0.8475,0.7974,0.7434,0.6849
17400,1.2468,1.2454,1.2412,1.2343,1.2245,1.2120,1.1967,1.1787,1.1579,1.1344,1.1081,1.0791,1.0472,1.0126,0.9752,0.9348,0.8914,0.8448,0.7947,0.7408,0.6825
17460,1.2431,1.2417,1.2375,1.2306,1.2208,1.2084,1.1931,1.1751,1.1544,1.1309,1.1047,1.0758,1.0440,1.0095,0.9722,0.9319,0.8886,0.8421,0.7921,0.7383,0.6800
17520,1.2393,1.2379,1.2338,1.2269,1.2172,1.2047,1.1895,1.1716,1.1509,1.1275,1.1014,1.0725,1.0409,1.0064,0.9692,0.9290,0.8858,0.8394,0.7895,0.7358,0.6776
17580,1.2356,1.2342,1.2301,1.2232,1.2135,1.2011,1.1860,1.1681,1.1475,1.1241,1.0981,1.0693,1.0377,1.0034,0.9662,0.9261,0.8830,0.8367,0.7869,0.7333,0.6752
17640,1.2320,1.2306,1.2264,1.2196,1.2099,1.1975,1.1824,1.1646,1.1440,1.1208,1.0947,1.0660,1.0345,1.0003,0.9632,0.9232,0.8802,0.8340,0.7843,0.7308,0.6728
17700,1.2283,1.2269,1.2228,1.2159,1.2063,1.1940,1.1789,1.1611,1.1406,1.1174,1.0914,1.0628,1.0314,0.9972,0.9602,0.9203,0.8774,0.8313,0.7818,0.7284,0.6705
17760,1.2246,1.2232,1.2191,1.2123,1.2027,1.1904,1.1754,1.1576,1.1372,1.1140,1.0881,1.0596,1.0282,0.9942,0.9573,0.9175,0.8747,0.8287,0.7792,0.7259,0.6681
17820,1.2210,1.2196,1.2155,1.2087,1.1991,1.1868,1.1718,1.1542,1.1338,1.1107,1.0849,1.0564,1.0251,0.9911,0.9543,0.9146,0.8719,0.8260,0.7766,0.7234,0.6657
17880,1.2173,1.2159,1.2119,1.2051,1.1955,1.1833,1.1684,1.1507,1.1304,1.1073,1.0816,1.0532,1.0220,0.9881,0.9514,0.9118,0.8692,0.8233,0.7741,0.7210,0.6634
17940,1.2137,1.2123,1.2083,1.2015,1.1920,1.1798,1.1649,1.1473,1.1270,1.1040,1.0784,1.0500,1.0189,0.9851,0.9484,0.9089,0.8664,0.8207,0.7716,0.7185,0.6610
18000,1.2101,1.2087,1.2047,1.1979,1.1884,1.1763,1.1614,1.1438,1.1236,1.1007,1.0751,1.0468,1.0158,0.9821,0.9455,0.9061,0.8637,0.8181,0.7690,0.7161,0.6587
18060,1.2065,1.2051,1.2011,1.1944,1.1849,1.1728,1.1579,1.1404,1.1203,1.0974,1.0719,1.0437,1.0127,0.9791,0.9426,0.9033,0.8610,0.8155,0.7665,0.7137,0.6563
18120,1.2029,1.2016,1.1975,1.1908,1.1814,1.1693,1.1545,1.1370,1.1169,1.0941,1.0687,1.0405,1.0097,0.9761,0.9397,0.9005,0.8583,0.8129,0.7640,0.7113,0.6540
18180,1.1994,1.1980,1.1940,1.1873,1.1779,1.1658,1.1511,1.1337,1.1136,1.0909,1.0655,1.0374,1.0066,0.9731,0.9369,0.8977,0.8556,0.8103,0.7615,0.7089,0.6517
18240,1.1958,1.1945,1.1904,1.1838,1.1744,1.1624,1.1476,1.1303,1.1103,1.0876,1.0623,1.0343,1.0036,0.9702,0.9340,0.8949,0.8529,0.8077,0.7590,0.7065,0.6494
18300,1.1923,1.1909,1.1869,1.1803,1.1709,1.1589,1.1442,1.1269,1.1070,1.0844,1.0591,1.0312,1.0006,0.9672,0.9311,0.8922,0.8502,0.8051,0.7565,0.7041,0.6471
18360,1.1888,1.1874,1.1834,1.1768,1.1674,1.1555,1.1408,1.1236,1.1037,1.0811,1.0559,1.0281,0.9975,0.9643,0.9283,0.8894,0.8476,0.8025,0.7541,0.7017,0.6448
18420,1.1853,1.1839,1.1799,1.1733,1.1640,1.1521,1.1375,1.1202,1.1004,1.0779,1.0528,1.0250,0.9945,0.9614,0.9254,0.8867,0.8449,0.8000,0.7516,0.6993,0.6425
18480,1.1818,1.1804,1.1764,1.1698,1.1605,1.1487,1.1341,1.1169,1.0971,1.0747,1.0496,1.0219,0.9915,0.9585,0.9226,0.8839,0.8423,0.7974,0.7491,0.6970,0.6403
18540,1.1783,1.1769,1.1730,1.1664,1.1571,1.1453,1.1307,1.1136,1.0939,1.0715,1.0465,1.0189,0.9886,0.9556,0.9198,0.8812,0.8396,0.7949,0.7467,0.6946,0.6380
18600,1.1748,1.1735,1.1695,1.1629,1.1537,1.1419,1.1274,1.1103,1.0906,1.0683,1.0434,1.0158,0.9856,0.9527,0.9170,0.8785,0.8370,0.7924,0.7443,0.6923,0.6357
18660,1.1714,1.1700,1.1661,1.1595,1.1503,1.1385,1.1241,1.1070,1.0874,1.0651,1.0403,1.0128,0.9826,0.9498,0.9142,0.8758,0.8344,0.7898,0.7418,0.6900,0.6335
18720,1.1679,1.1666,1.1626,1.1561,1.1469,1.1352,1.1208,1.1038,1.0842,1.0620,1.0372,1.0098,0.9797,0.9469,0.9114,0.8731,0.8318,0.7873,0.7394,0.6876,0.6312
18780,1.1645,1.1632,1.1592,1.1527,1.1436,1.1318,1.1175,1.1005,1.0810,1.0588,1.0341,1.0067,0.9767,0.9441,0.9086,0.8704,0.8292,0.7848,0.7370,0.6853,0.6290
18840,1.1611,1.1597,1.1558,1.1493,1.1402,1.1285,1.1142,1.0973,1.0778,1.0557,1.0310,1.0037,0.9738,0.9412,0.9059,0.8677,0.8266,0.7823,0.7346,0.6830,0.6268
18900,1.1577,1.1563,1.1524,1.1460,1.1369,1.1252,1.1109,1.0940,1.0746,1.0526,1.0280,1.0007,0.9709,0.9384,0.9031,0.8651,0.8240,0.7799,0.7322,0.6807,0.6246
18960,1.1543,1.1530,1.1491,1.1426,1.1335,1.1219,1.1076,1.0908,1.0714,1.0495,1.0249,0.9978,0.9680,0.9356,0.9004,0.8624,0.8215,0.7774,0.7299,0.6784,0.6224
19020,1.1509,1.1496,1.1457,1.1393,1.1302,1.1186,1.1044,1.0876,1.0683,1.0464,1.0219,0.9948,0.9651,0.9327,0.8977,0.8598,0.8189,0.7749,0.7275,0.6762,0.6202
19080,1.1475,1.1462,1.1424,1.1359,1.1269,1.1153,1.1011,1.0844,1.0651,1.0433,1.0189,0.9919,0.9622,0.9299,0.8949,0.8571,0.8164,0.7725,0.7251,0.6739,0.6180
19140,1.1442,1.1429,1.1390,1.1326,1.1236,1.1121,1.0979,1.0812,1.0620,1.0402,1.0159,0.9889,0.9593,0.9271,0.8922,0.8545,0.8138,0.7700,0.7228,0.6716,0.6158
19200,1.1408,1.1395,1.1357,1.1293,1.1203,1.1088,1.0947,1.0781,1.0589,1.0372,1.0129,0.9860,0.9565,0.9244,0.8895,0.8519,0.8113,0.7676,0.7204,0.6694,0.6136
19260,1.1375,1.1362,1.1324,1.1260,1.1170,1.1056,1.0915,1.0749,1.0558,1.0341,1.0099,0.9831,0.9536,0.9216,0.8868,0.8493,0.8088,0.7652,0.7181,0.6671,0.6115
19320,1.1342,1.1329,1.1291,1.1227,1.1138,1.1023,1.0883,1.0718,1.0527,1.0311,1.0069,0.9801,0.9508,0.9188,0.8842,0.8467,0.8063,0.7628,0.7158,0.6649,0.6093
19380,1.1309,1.1296,1.1258,1.1195,1.1105,1.0991,1.0851,1.0686,1.0496,1.0280,1.0039,0.9772,0.9480,0.9161,0.8815,0.8441,0.8038,0.7604,0.7135,0.6627,0.6072
19440,1.1276,1.1263,1.1225,1.1162,1.1073,1.0959,1.0820,1.0655,1.0465,1.0250,1.0010,0.9744,0.9452,0.9133,0.8788,0.8415,0.8013,0.7580,0.7112,0.6604,0.6050
19500,1.1244,1.1231,1.1193,1.1130,1.1041,1.0927,1.0788,1.0624,1.0435,1.0220,0.9980,0.9715,0.9424,0.9106,0.8762,0.8390,0.7989,0.7556,0.7089,0.6582,0.6029
19560,1.1211,1.1198,1.1160,1.1097,1.1009,1.0896,1.0757,1.0593,1.0404,1.0190,0.9951,0.9686,0.9396,0.9079,0.8736,0.8364,0.7964,0.7532,0.7066,0.6560,0.6008
19620,1.1178,1.1166,1.1128,1.1065,1.0977,1.0864,1.0726,1.0562,1.0374,1.0160,0.9922,0.9658,0.9368,0.9052,0.8709,0.8339,0.7939,0.7508,0.7043,0.6538,0.5986
19680,1.1146,1.1133,1.1096,1.1033,1.0945,1.0832,1.0694,1.0532,1.0344,1.0131,0.9893,0.9629,0.9340,0.9025,0.8683,0.8314,0.7915,0.7485,0.7020,0.6516,0.5965
19740,1.1114,1.1101,1.1064,1.1001,1.0913,1.0801,1.0663,1.0501,1.0314,1.0101,0.9864,0.9601,0.9312,0.8998,0.8657,0.8288,0.7890,0.7461,0.6998,0.6495,0.5944
19800,1.1082,1.1069,1.1032,1.0969,1.0882,1.0770,1.0632,1.0470,1.0284,1.0072,0.9835,0.9573,0.9285,0.8971,0.8631,0.8263,0.7866,0.7438,0.6975,0.6473,0.5923
19860,1.1050,1.1037,1.1000,1.0938,1.0850,1.0739,1.0602,1.0440,1.0254,1.0042,0.9806,0.9545,0.9258,0.8945,0.8605,0.8238,0.7842,0.7415,0.6953,0.6451,0.5903
19920,1.1018,1.1005,1.0968,1.0906,1.0819,1.0708,1.0571,1.0410,1.0224,1.0013,0.9777,0.9517,0.9230,0.8918,0.8579,0.8213,0.7818,0.7391,0.6930,0.6430,0.5882
19980,1.0986,1.0974,1.0936,1.0875,1.0788,1.0677,1.0540,1.0380,1.0194,0.9984,0.9749,0.9489,0.9203,0.8892,0.8554,0.8188,0.7794,0.7368,0.6908,0.6408,0.5861
20040,1.0955,1.0942,1.0905,1.0843,1.0757,1.0646,1.0510,1.0350,1.0165,0.9955,0.9720,0.9461,0.9176,0.8865,0.8528,0.8164,0.7770,0.7345,0.6886,0.6387,0.5840
20100,1.0923,1.0911,1.0874,1.0812,1.0726,1.0615,1.0480,1.0320,1.0135,0.9926,0.9692,0.9433,0.9149,0.8839,0.8503,0.8139,0.7746,0.7322,0.6864,0.6366,0.5820
20160,1.0892,1.0879,1.0842,1.0781,1.0695,1.0585,1.0449,1.0290,1.0106,0.9897,0.9664,0.9406,0.9122,0.8813,0.8477,0.8114,0.7722,0.7299,0.6842,0.6345,0.5799
20220,1.0860,1.0848,1.0811,1.0750,1.0664,1.0554,1.0419,1.0260,1.0077,0.9869,0.9636,0.9378,0.9095,0.8787,0.8452,0.8090,0.7699,0.7277,0.6820,0.6323,0.5779
20280,1.0829,1.0817,1.0780,1.0719,1.0634,1.0524,1.0389,1.0231,1.0048,0.9840,0.9608,0.9351,0.9069,0.8761,0.8427,0.8066,0.7675,0.7254,0.6798,0.6302,0.5759
20340,1.0798,1.0786,1.0749,1.0688,1.0603,1.0494,1.0359,1.0201,1.0019,0.9812,0.9580,0.9324,0.9042,0.8735,0.8402,0.8041,0.7652,0.7231,0.6776,0.6281,0.5738
20400,1.0767,1.0755,1.0719,1.0658,1.0573,1.0463,1.0330,1.0172,0.9990,0.9783,0.9552,0.9296,0.9016,0.8709,0.8377,0.8017,0.7629,0.7209,0.6755,0.6261,0.5718
20460,1.0737,1.0724,1.0688,1.0627,1.0542,1.0433,1.0300,1.0143,0.9961,0.9755,0.9524,0.9269,0.8989,0.8684,0.8352,0.7993,0.7605,0.7186,0.6733,0.6240,0.5698
20520,1.0706,1.0694,1.0657,1.0597,1.0512,1.0404,1.0271,1.0114,0.9932,0.9727,0.9497,0.9242,0.8963,0.8658,0.8327,0.7969,0.7582,0.7164,0.6711,0.6219,0.5678
20580,1.0675,1.0663,1.0627,1.0567,1.0482,1.0374,1.0241,1.0085,0.9904,0.9699,0.9469,0.9216,0.8937,0.8633,0.8303,0.7945,0.7559,0.7142,0.6690,0.6198,0.5658
20640,1.0645,1.0633,1.0597,1.0537,1.0452,1.0344,1.0212,1.0056,0.9875,0.9671,0.9442,0.9189,0.8911,0.8607,0.8278,0.7921,0.7536,0.7120,0.6669,0.6178,0.5638
20700,1.0615,1.0602,1.0566,1.0507,1.0422,1.0315,1.0183,1.0027,0.9847,0.9643,0.9415,0.9162,0.8885,0.8582,0.8253,0.7898,0.7513,0.7097,0.6647,0.6157,0.5618
20760,1.0584,1.0572,1.0536,1.0477,1.0393,1.0285,1.0154,0.9998,0.9819,0.9615,0.9388,0.9136,0.8859,0.8557,0.8229,0.7874,0.7490,0.7076,0.6626,0.6137,0.5599
20820,1.0554,1.0542,1.0506,1.0447,1.0363,1.0256,1.0125,0.9970,0.9791,0.9588,0.9361,0.9109,0.8833,0.8532,0.8205,0.7850,0.7468,0.7054,0.6605,0.6117,0.5579
20880,1.0524,1.0512,1.0477,1.0417,1.0334,1.0227,1.0096,0.9941,0.9763,0.9560,0.9334,0.9083,0.8808,0.8507,0.8181,0.7827,0.7445,0.7032,0.6584,0.6096,0.5559
20940,1.0494,1.0482,1.0447,1.0388,1.0304,1.0198,1.0067,0.9913,0.9735,0.9533,0.9307,0.9057,0.8782,0.8482,0.8156,0.7804,0.7422,0.7010,0.6563,0.6076,0.5540
21000,1.0465,1.0453,1.0417,1.0358,1.0275,1.0169,1.0038,0.9885,0.9707,0.9506,0.9280,0.9031,0.8757,0.8457,0.8132,0.7780,0.7400,0.6988,0.6542,0.6056,0.5520
21060,1.0435,1.0423,1.0388,1.0329,1.0246,1.0140,1.0010,0.9856,0.9679,0.9478,0.9254,0.9005,0.8731,0.8433,0.8108,0.7757,0.7378,0.6967,0.6522,0.6036,0.5501
21120,1.0406,1.0394,1.0358,1.0300,1.0217,1.0111,0.9981,0.9828,0.9652,0.9451,0.9227,0.8979,0.8706,0.8408,0.8085,0.7734,0.7355,0.6945,0.6501,0.6016,0.5482
21180,1.0376,1.0364,1.0329,1.0270,1.0188,1.0082,0.9953,0.9800,0.9624,0.9424,0.9201,0.8953,0.8681,0.8384,0.8061,0.7711,0.7333,0.6924,0.6480,0.5996,0.5463
21240,1.0347,1.0335,1.0300,1.0241,1.0159,1.0054,0.9925,0.9773,0.9597,0.9398,0.9174,0.8927,0.8656,0.8359,0.8037,0.7688,0.7311,0.6903,0.6460,0.5976,0.5443
21300,1.0318,1.0306,1.0271,1.0213,1.0131,1.0026,0.9897,0.9745,0.9570,0.9371,0.9148,0.8902,0.8631,0.8335,0.8014,0.7666,0.7289,0.6881,0.6439,0.5957,0.5424
21360,1.0289,1.0277,1.0242,1.0184,1.0102,0.9997,0.9869,0.9717,0.9542,0.9344,0.9122,0.8876,0.8606,0.8311,0.7990,0.7643,0.7267,0.6860,0.6419,0.5937,0.5405
21420,1.0260,1.0248,1.0213,1.0155,1.0074,0.9969,0.9841,0.9690,0.9515,0.9318,0.9096,0.8851,0.8581,0.8287,0.7967,0.7620,0.7245,0.6839,0.6399,0.5917,0.5386
21480,1.0231,1.0219,1.0184,1.0127,1.0045,0.9941,0.9813,0.9663,0.9488,0.9291,0.9070,0.8825,0.8556,0.8263,0.7944,0.7598,0.7223,0.6818,0.6378,0.5898,0.5367
21540,1.0202,1.0190,1.0156,1.0098,1.0017,0.9913,0.9786,0.9635,0.9462,0.9265,0.9044,0.8800,0.8532,0.8239,0.7920,0.7575,0.7202,0.6797,0.6358,0.5879,0.5349
21600,1.0174,1.0162,1.0127,1.0070,0.9989,0.9885,0.9758,0.9608,0.9435,0.9238,0.9019,0.8775,0.8507,0.8215,0.7897,0.7553,0.7180,0.6776,0.6338,0.5859,0.5330
21660,1.0145,1.0133,1.0099,1.0041,0.9961,0.9857,0.9731,0.9581,0.9408,0.9212,0.8993,0.8750,0.8483,0.8191,0.7874,0.7531,0.7159,0.6756,0.6318,0.5840,0.5311
21720,1.0117,1.0105,1.0071,1.0013,0.9933,0.9830,0.9703,0.9554,0.9382,0.9186,0.8967,0.8725,0.8459,0.8168,0.7851,0.7508,0.7137,0.6735,0.6298,0.5821,0.5293
21780,1.0088,1.0077,1.0042,0.9985,0.9905,0.9802,0.9676,0.9527,0.9355,0.9160,0.8942,0.8700,0.8434,0.8144,0.7828,0.7486,0.7116,0.6714,0.6278,0.5802,0.5274
21840,1.0060,1.0049,1.0014,0.9957,0.9877,0.9775,0.9649,0.9500,0.9329,0.9134,0.8917,0.8675,0.8410,0.8121,0.7806,0.7464,0.7095,0.6694,0.6259,0.5783,0.5256
21900,1.0032,1.0021,0.9986,0.9930,0.9850,0.9747,0.9622,0.9474,0.9303,0.9109,0.8891,0.8651,0.8386,0.8097,0.7783,0.7442,0.7073,0.6674,0.6239,0.5764,0.5237
21960,1.0004,0.9993,0.9959,0.9902,0.9822,0.9720,0.9595,0.9447,0.9277,0.9083,0.8866,0.8626,0.8362,0.8074,0.7760,0.7420,0.7052,0.6653,0.6219,0.5745,0.5219
22020,0.9976,0.9965,0.9931,0.9874,0.9795,0.9693,0.9568,0.9421,0.9251,0.9058,0.8841,0.8602,0.8338,0.8051,0.7738,0.7399,0.7031,0.6633,0.6200,0.5726,0.5201
22080,0.9949,0.9937,0.9903,0.9847,0.9768,0.9666,0.9541,0.9394,0.9225,0.9032,0.8816,0.8577,0.8315,0.8028,0.7716,0.7377,0.7010,0.6613,0.6180,0.5707,0.5183
22140,0.9921,0.9909,0.9876,0.9819,0.9740,0.9639,0.9515,0.9368,0.9199,0.9007,0.8792,0.8553,0.8291,0.8005,0.7693,0.7355,0.6989,0.6593,0.6161,0.5688,0.5164
22200,0.9893,0.9882,0.9848,0.9792,0.9713,0.9612,0.9488,0.9342,0.9173,0.8981,0.8767,0.8529,0.8268,0.7982,0.7671,0.7334,0.6969,0.6573,0.6142,0.5670,0.5146
22260,0.9866,0.9855,0.9821,0.9765,0.9686,0.9585,0.9462,0.9316,0.9147,0.8956,0.8742,0.8505,0.8244,0.7959,0.7649,0.7313,0.6948,0.6553,0.6123,0.5651,0.5128
22320,0.9839,0.9827,0.9794,0.9738,0.9659,0.9559,0.9436,0.9290,0.9122,0.8931,0.8718,0.8481,0.8221,0.7936,0.7627,0.7291,0.6927,0.6533,0.6103,0.5633,0.5111
22380,0.9811,0.9800,0.9767,0.9711,0.9633,0.9532,0.9409,0.9264,0.9097,0.8906,0.8693,0.8457,0.8197,0.7914,0.7605,0.7270,0.6907,0.6513,0.6084,0.5614,0.5093
22440,0.9784,0.9773,0.9740,0.9684,0.9606,0.9506,0.9383,0.9238,0.9071,0.8881,0.8669,0.8433,0.8174,0.7891,0.7583,0.7249,0.6886,0.6493,0.6065,0.5596,0.5075
22500,0.9757,0.9746,0.9713,0.9657,0.9579,0.9480,0.9357,0.9213,0.9046,0.8857,0.8645,0.8410,0.8151,0.7869,0.7561,0.7228,0.6866,0.6474,0.6046,0.5578,0.5057
22560,0.9730,0.9719,0.9686,0.9631,0.9553,0.9453,0.9331,0.9187,0.9021,0.8832,0.8620,0.8386,0.8128,0.7846,0.7540,0.7207,0.6846,0.6454,0.6028,0.5560,0.5040
22620,0.9703,0.9692,0.9659,0.9604,0.9527,0.9427,0.9306,0.9162,0.8996,0.8807,0.8596,0.8362,0.8105,0.7824,0.7518,0.7186,0.6826,0.6435,0.6009,0.5542,0.5022
22680,0.9677,0.9666,0.9633,0.9578,0.9500,0.9401,0.9280,0.9136,0.8971,0.8783,0.8572,0.8339,0.8082,0.7802,0.7496,0.7165,0.6805,0.6415,0.5990,0.5524,0.5004
22740,0.9650,0.9639,0.9606,0.9551,0.9474,0.9375,0.9254,0.9111,0.8946,0.8758,0.8548,0.8316,0.8060,0.7780,0.7475,0.7144,0.6785,0.6396,0.5972,0.5506,0.4987
22800,0.9624,0.9613,0.9580,0.9525,0.9448,0.9349,0.9229,0.9086,0.8921,0.8734,0.8525,0.8292,0.8037,0.7758,0.7454,0.7123,0.6765,0.6377,0.5953,0.5488,0.4970
22860,0.9597,0.9586,0.9553,0.9499,0.9422,0.9324,0.9203,0.9061,0.8897,0.8710,0.8501,0.8269,0.8014,0.7736,0.7432,0.7103,0.6746,0.6357,0.5935,0.5470,0.4952
22920,0.9571,0.9560,0.9527,0.9473,0.9396,0.9298,0.9178,0.9036,0.8872,0.8686,0.8477,0.8246,0.7992,0.7714,0.7411,0.7082,0.6726,0.6338,0.5916,0.5452,0.4935
22980,0.9545,0.9534,0.9501,0.9447,0.9370,0.9273,0.9153,0.9011,0.8848,0.8662,0.8454,0.8223,0.7969,0.7692,0.7390,0.7062,0.6706,0.6319,0.5898,0.5434,0.4918
23040,0.9519,0.9508,0.9475,0.9421,0.9345,0.9247,0.9128,0.8986,0.8823,0.8638,0.8430,0.8200,0.7947,0.7670,0.7369,0.7042,0.6686,0.6300,0.5880,0.5417,0.4901
23100,0.9493,0.9482,0.9449,0.9395,0.9319,0.9222,0.9103,0.8962,0.8799,0.8614,0.8407,0.8177,0.7925,0.7649,0.7348,0.7021,0.6667,0.6282,0.5861,0.5399,0.4884
23160,0.9467,0.9456,0.9423,0.9370,0.9294,0.9197,0.9078,0.8937,0.8775,0.8590,0.8384,0.8155,0.7903,0.7627,0.7327,0.7001,0.6647,0.6263,0.5843,0.5382,0.4867
23220,0.9441,0.9430,0.9398,0.9344,0.9268,0.9172,0.9053,0.8913,0.8751,0.8567,0.8361,0.8132,0.7881,0.7606,0.7306,0.6981,0.6628,0.6244,0.5825,0.5364,0.4850
23280,0.9415,0.9404,0.9372,0.9318,0.9243,0.9146,0.9028,0.8888,0.8727,0.8543,0.8338,0.8110,0.7859,0.7584,0.7286,0.6961,0.6609,0.6225,0.5807,0.5347,0.4833
23340,0.9390,0.9379,0.9347,0.9293,0.9218,0.9122,0.9003,0.8864,0.8703,0.8520,0.8315,0.8087,0.7837,0.7563,0.7265,0.6941,0.6589,0.6207,0.5789,0.5330,0.4816
23400,0.9364,0.9353,0.9321,0.9268,0.9193,0.9097,0.8979,0.8840,0.8679,0.8496,0.8292,0.8065,0.7815,0.7542,0.7244,0.6921,0.6570,0.6188,0.5771,0.5312,0.4799
23460,0.9339,0.9328,0.9296,0.9243,0.9168,0.9072,0.8954,0.8816,0.8655,0.8473,0.8269,0.8042,0.7793,0.7521,0.7224,0.6901,0.6551,0.6170,0.5754,0.5295,0.4782
23520,0.9313,0.9303,0.9271,0.9218,0.9143,0.9047,0.8930,0.8792,0.8631,0.8450,0.8246,0.8020,0.7772,0.7500,0.7204,0.6882,0.6532,0.6151,0.5736,0.5278,0.4766
23580,0.9288,0.9277,0.9246,0.9193,0.9118,0.9023,0.8906,0.8768,0.8608,0.8427,0.8223,0.7998,0.7750,0.7479,0.7183,0.6862,0.6513,0.6133,0.5718,0.5261,0.4749
23640,0.9263,0.9252,0.9221,0.9168,0.9093,0.8998,0.8882,0.8744,0.8584,0.8404,0.8201,0.7976,0.7729,0.7458,0.7163,0.6842,0.6494,0.6115,0.5701,0.5244,0.4733
23700,0.9238,0.9227,0.9196,0.9143,0.9069,0.8974,0.8858,0.8720,0.8561,0.8381,0.8178,0.7954,0.7707,0.7437,0.7143,0.6823,0.6475,0.6097,0.5683,0.5227,0.4716
23760,0.9213,0.9202,0.9171,0.9118,0.9044,0.8950,0.8834,0.8696,0.8538,0.8358,0.8156,0.7932,0.7686,0.7417,0.7123,0.6803,0.6456,0.6079,0.5666,0.5211,0.4700
23820,0.9188,0.9178,0.9146,0.9094,0.9020,0.8925,0.8810,0.8673,0.8515,0.8335,0.8134,0.7911,0.7665,0.7396,0.7103,0.6784,0.6438,0.6061,0.5649,0.5194,0.4684
23880,0.9163,0.9153,0.9121,0.9069,0.8996,0.8901,0.8786,0.8649,0.8492,0.8312,0.8112,0.7889,0.7644,0.7375,0.7083,0.6765,0.6419,0.6043,0.5631,0.5177,0.4667
23940,0.9139,0.9128,0.9097,0.9045,0.8971,0.8877,0.8762,0.8626,0.8469,0.8290,0.8090,0.7867,0.7623,0.7355,0.7063,0.6746,0.6401,0.6025,0.5614,0.5160,0.4651
24000,0.9114,0.9104,0.9072,0.9020,0.8947,0.8853,0.8738,0.8603,0.8446,0.8267,0.8067,0.7846,0.7602,0.7335,0.7043,0.6726,0.6382,0.6007,0.5597,0.5144,0.4635
24060,0.9090,0.9079,0.9048,0.8996,0.8923,0.8830,0.8715,0.8579,0.8423,0.8245,0.8046,0.7824,0.7581,0.7314,0.7024,0.6707,0.6364,0.5989,0.5580,0.5127,0.4619
24120,0.9065,0.9055,0.9024,0.8972,0.8899,0.8806,0.8691,0.8556,0.8400,0.8223,0.8024,0.7803,0.7560,0.7294,0.7004,0.6688,0.6346,0.5972,0.5563,0.5111,0.4603
24180,0.9041,0.9031,0.9000,0.8948,0.8875,0.8782,0.8668,0.8533,0.8377,0.8200,0.8002,0.7782,0.7539,0.7274,0.6984,0.6670,0.6327,0.5954,0.5546,0.5095,0.4587
24240,0.9017,0.9006,0.8975,0.8924,0.8852,0.8759,0.8645,0.8510,0.8355,0.8178,0.7980,0.7761,0.7519,0.7254,0.6965,0.6651,0.6309,0.5937,0.5529,0.5078,0.4571
24300,0.8993,0.8982,0.8952,0.8900,0.8828,0.8735,0.8622,0.8487,0.8332,0.8156,0.7959,0.7739,0.7498,0.7234,0.6946,0.6632,0.6291,0.5919,0.5512,0.5062,0.4555
24360,0.8969,0.8958,0.8928,0.8876,0.8804,0.8712,0.8599,0.8465,0.8310,0.8134,0.7937,0.7718,0.7478,0.7214,0.6926,0.6613,0.6273,0.5902,0.5495,0.5046,0.4539
24420,0.8945,0.8935,0.8904,0.8853,0.8781,0.8689,0.8576,0.8442,0.8288,0.8112,0.7916,0.7698,0.7457,0.7194,0.6907,0.6595,0.6255,0.5885,0.5479,0.5030,0.4524
24480,0.8921,0.8911,0.8880,0.8829,0.8757,0.8665,0.8553,0.8419,0.8265,0.8090,0.7894,0.7677,0.7437,0.7174,0.6888,0.6576,0.6237,0.5867,0.5462,0.5014,0.4508
24540,0.8897,0.8887,0.8856,0.8806,0.8734,0.8642,0.8530,0.8397,0.8243,0.8069,0.7873,0.7656,0.7417,0.7155,0.6869,0.6558,0.6219,0.5850,0.5446,0.4998,0.4492
24600,0.8874,0.8863,0.8833,0.8782,0.8711,0.8619,0.8507,0.8374,0.8221,0.8047,0.7852,0.7635,0.7396,0.7135,0.6850,0.6539,0.6202,0.5833,0.5429,0.4982,0.4477
24660,0.8850,0.8840,0.8809,0.8759,0.8688,0.8596,0.8484,0.8352,0.8199,0.8026,0.7831,0.7615,0.7376,0.7116,0.6831,0.6521,0.6184,0.5816,0.5413,0.4966,0.4461
24720,0.8827,0.8816,0.8786,0.8736,0.8665,0.8574,0.8462,0.8330,0.8177,0.8004,0.7810,0.7594,0.7356,0.7096,0.6812,0.6503,0.6166,0.5799,0.5396,0.4950,0.4446
24780,0.8803,0.8793,0.8763,0.8712,0.8642,0.8551,0.8439,0.8308,0.8156,0.7983,0.7789,0.7574,0.7336,0.7077,0.6793,0.6485,0.6149,0.5782,0.5380,0.4934,0.4431
24840,0.8780,0.8770,0.8740,0.8689,0.8619,0.8528,0.8417,0.8286,0.8134,0.7961,0.7768,0.7553,0.7317,0.7057,0.6775,0.6467,0.6131,0.5765,0.5364,0.4919,0.4415
24900,0.8757,0.8747,0.8717,0.8666,0.8596,0.8506,0.8395,0.8264,0.8112,0.7940,0.7747,0.7533,0.7297,0.7038,0.6756,0.6449,0.6114,0.5749,0.5348,0.4903,0.4400
24960,0.8734,0.8724,0.8694,0.8644,0.8573,0.8483,0.8372,0.8242,0.8091,0.7919,0.7726,0.7513,0.7277,0.7019,0.6737,0.6431,0.6097,0.5732,0.5332,0.4887,0.4385
25020,0.8711,0.8701,0.8671,0.8621,0.8551,0.8461,0.8350,0.8220,0.8069,0.7898,0.7706,0.7493,0.7258,0.7000,0.6719,0.6413,0.6079,0.5715,0.5316,0.4872,0.4370
25080,0.8688,0.8678,0.8648,0.8598,0.8528,0.8438,0.8328,0.8198,0.8048,0.7877,0.7685,0.7472,0.7238,0.6981,0.6701,0.6395,0.6062,0.5699,0.5300,0.4857,0.4355
25140,0.8665,0.8655,0.8625,0.8575,0.8506,0.8416,0.8306,0.8177,0.8026,0.7856,0.7665,0.7452,0.7219,0.6962,0.6682,0.6377,0.6045,0.5682,0.5284,0.4841,0.4339
25200,0.8642,0.8632,0.8602,0.8553,0.8483,0.8394,0.8284,0.8155,0.8005,0.7835,0.7644,0.7433,0.7199,0.6943,0.6664,0.6360,0.6028,0.5666,0.5268,0.4826,0.4324
25260,0.8620,0.8610,0.8580,0.8530,0.8461,0.8372,0.8263,0.8133,0.7984,0.7814,0.7624,0.7413,0.7180,0.6925,0.6646,0.6342,0.6011,0.5650,0.5252,0.4811,0.4310
25320,0.8597,0.8587,0.8557,0.8508,0.8439,0.8350,0.8241,0.8112,0.7963,0.7794,0.7604,0.7393,0.7161,0.6906,0.6628,0.6325,0.5994,0.5633,0.5236,0.4795,0.4295
25380,0.8575,0.8565,0.8535,0.8486,0.8417,0.8328,0.8219,0.8091,0.7942,0.7773,0.7584,0.7373,0.7141,0.6887,0.6610,0.6307,0.5977,0.5617,0.5221,0.4780,0.4280
25440,0.8552,0.8542,0.8513,0.8464,0.8395,0.8306,0.8198,0.8069,0.7921,0.7753,0.7564,0.7354,0.7122,0.6869,0.6592,0.6290,0.5961,0.5601,0.5205,0.4765,0.4265
25500,0.8530,0.8520,0.8490,0.8442,0.8373,0.8284,0.8176,0.8048,0.7900,0.7732,0.7544,0.7334,0.7103,0.6850,0.6574,0.6272,0.5944,0.5585,0.5190,0.4750,0.4250
25560,0.8508,0.8498,0.8468,0.8420,0.8351,0.8263,0.8155,0.8027,0.7880,0.7712,0.7524,0.7315,0.7084,0.6832,0.6556,0.6255,0.5927,0.5569,0.5174,0.4735,0.4236
25620,0.8485,0.8475,0.8446,0.8398,0.8329,0.8241,0.8134,0.8006,0.7859,0.7692,0.7504,0.7295,0.7065,0.6813,0.6538,0.6238,0.5911,0.5553,0.5159,0.4720,0.4221
25680,0.8463,0.8453,0.8424,0.8376,0.8307,0.8220,0.8112,0.7985,0.7838,0.7671,0.7484,0.7276,0.7047,0.6795,0.6520,0.6221,0.5894,0.5537,0.5144,0.4705,0.4207
25740,0.8441,0.8431,0.8402,0.8354,0.8286,0.8198,0.8091,0.7964,0.7818,0.7651,0.7464,0.7257,0.7028,0.6777,0.6503,0.6204,0.5878,0.5521,0.5128,0.4691,0.4192
25800,0.8419,0.8410,0.8381,0.8332,0.8264,0.8177,0.8070,0.7944,0.7797,0.7631,0.7445,0.7238,0.7009,0.6759,0.6485,0.6187,0.5861,0.5505,0.5113,0.4676,0.4178
25860,0.8398,0.8388,0.8359,0.8311,0.8243,0.8156,0.8049,0.7923,0.7777,0.7611,0.7425,0.7219,0.6991,0.6741,0.6468,0.6170,0.5845,0.5489,0.5098,0.4661,0.4163
25920,0.8376,0.8366,0.8337,0.8289,0.8221,0.8135,0.8028,0.7902,0.7757,0.7591,0.7406,0.7200,0.6972,0.6723,0.6450,0.6153,0.5829,0.5474,0.5083,0.4647,0.4149
25980,0.8354,0.8344,0.8316,0.8268,0.8200,0.8114,0.8007,0.7882,0.7737,0.7572,0.7386,0.7181,0.6954,0.6705,0.6433,0.6136,0.5813,0.5458,0.5068,0.4632,0.4135
26040,0.8333,0.8323,0.8294,0.8246,0.8179,0.8093,0.7987,0.7861,0.7717,0.7552,0.7367,0.7162,0.6935,0.6687,0.6416,0.6120,0.5797,0.5443,0.5053,0.4618,0.4120
26100,0.8311,0.8301,0.8273,0.8225,0.8158,0.8072,0.7966,0.7841,0.7697,0.7532,0.7348,0.7143,0.6917,0.6669,0.6399,0.6103,0.5780,0.5427,0.5038,0.4603,0.4106
26160,0.8290,0.8280,0.8251,0.8204,0.8137,0.8051,0.7945,0.7821,0.7677,0.7513,0.7329,0.7124,0.6899,0.6652,0.6381,0.6086,0.5764,0.5412,0.5023,0.4589,0.4092
26220,0.8268,0.8259,0.8230,0.8183,0.8116,0.8030,0.7925,0.7801,0.7657,0.7493,0.7310,0.7106,0.6881,0.6634,0.6364,0.6070,0.5749,0.5396,0.5008,0.4574,0.4078
26280,0.8247,0.8238,0.8209,0.8162,0.8095,0.8009,0.7905,0.7780,0.7637,0.7474,0.7291,0.7087,0.6863,0.6617,0.6347,0.6053,0.5733,0.5381,0.4993,0.4560,0.4064
26340,0.8226,0.8216,0.8188,0.8141,0.8074,0.7989,0.7884,0.7760,0.7617,0.7454,0.7272,0.7069,0.6845,0.6599,0.6330,0.6037,0.5717,0.5366,0.4979,0.4546,0.4050
26400,0.8205,0.8195,0.8167,0.8120,0.8053,0.7968,0.7864,0.7740,0.7598,0.7435,0.7253,0.7050,0.6827,0.6582,0.6314,0.6021,0.5701,0.5351,0.4964,0.4532,0.4036
26460,0.8184,0.8174,0.8146,0.8099,0.8033,0.7948,0.7844,0.7721,0.7578,0.7416,0.7234,0.7032,0.6809,0.6564,0.6297,0.6005,0.5685,0.5336,0.4950,0.4518,0.4022
26520,0.8163,0.8154,0.8125,0.8078,0.8012,0.7928,0.7824,0.7701,0.7558,0.7397,0.7215,0.7014,0.6791,0.6547,0.6280,0.5988,0.5670,0.5321,0.4935,0.4504,0.4009
26580,0.8142,0.8133,0.8105,0.8058,0.7992,0.7907,0.7804,0.7681,0.7539,0.7378,0.7197,0.6995,0.6773,0.6530,0.6263,0.5972,0.5654,0.5306,0.4921,0.4490,0.3995
26640,0.8121,0.8112,0.8084,0.8037,0.7971,0.7887,0.7784,0.7661,0.7520,0.7359,0.7178,0.6977,0.6756,0.6513,0.6247,0.5956,0.5639,0.5291,0.4906,0.4476,0.3981
26700,0.8101,0.8091,0.8063,0.8017,0.7951,0.7867,0.7764,0.7642,0.7500,0.7340,0.7160,0.6959,0.6738,0.6496,0.6230,0.5940,0.5623,0.5276,0.4892,0.4462,0.3967
26760,0.8080,0.8071,0.8043,0.7996,0.7931,0.7847,0.7744,0.7622,0.7481,0.7321,0.7141,0.6941,0.6721,0.6479,0.6214,0.5924,0.5608,0.5261,0.4878,0.4448,0.3954
26820,0.8060,0.8050,0.8022,0.7976,0.7911,0.7827,0.7724,0.7603,0.7462,0.7302,0.7123,0.6923,0.6703,0.6462,0.6197,0.5908,0.5593,0.5246,0.4864,0.4434,0.3940
26880,0.8039,0.8030,0.8002,0.7956,0.7891,0.7807,0.7705,0.7583,0.7443,0.7284,0.7105,0.6906,0.6686,0.6445,0.6181,0.5893,0.5578,0.5232,0.4849,0.4421,0.3927
26940,0.8019,0.8009,0.7982,0.7936,0.7871,0.7787,0.7685,0.7564,0.7424,0.7265,0.7086,0.6888,0.6669,0.6428,0.6165,0.5877,0.5562,0.5217,0.4835,0.4407,0.3913
27000,0.7999,0.7989,0.7961,0.7915,0.7851,0.7767,0.7665,0.7545,0.7405,0.7246,0.7068,0.6870,0.6651,0.6411,0.6148,0.5861,0.5547,0.5203,0.4821,0.4393,0.3900
27060,0.7978,0.7969,0.7941,0.7895,0.7831,0.7748,0.7646,0.7526,0.7386,0.7228,0.7050,0.6852,0.6634,0.6394,0.6132,0.5846,0.5532,0.5188,0.4807,0.4380,0.3887
27120,0.7958,0.7949,0.7921,0.7875,0.7811,0.7728,0.7627,0.7507,0.7368,0.7210,0.7032,0.6835,0.6617,0.6378,0.6116,0.5830,0.5517,0.5174,0.4793,0.4366,0.3873
27180,0.7938,0.7929,0.7901,0.7856,0.7791,0.7709,0.7607,0.7488,0.7349,0.7191,0.7014,0.6817,0.6600,0.6361,0.6100,0.5815,0.5502,0.5159,0.4779,0.4353,0.3860
27240,0.7918,0.7909,0.7881,0.7836,0.7772,0.7689,0.7588,0.7469,0.7330,0.7173,0.6996,0.6800,0.6583,0.6345,0.6084,0.5799,0.5487,0.5145,0.4766,0.4339,0.3847
27300,0.7898,0.7889,0.7862,0.7816,0.7752,0.7670,0.7569,0.7450,0.7312,0.7155,0.6979,0.6783,0.6566,0.6328,0.6068,0.5784,0.5473,0.5131,0.4752,0.4326,0.3834
27360,0.7878,0.7869,0.7842,0.7796,0.7733,0.7651,0.7550,0.7431,0.7293,0.7137,0.6961,0.6765,0.6549,0.6312,0.6052,0.5769,0.5458,0.5116,0.4738,0.4313,0.3821
27420,0.7859,0.7849,0.7822,0.7777,0.7713,0.7631,0.7531,0.7412,0.7275,0.7119,0.6943,0.6748,0.6532,0.6296,0.6037,0.5753,0.5443,0.5102,0.4725,0.4300,0.3808
27480,0.7839,0.7830,0.7803,0.7757,0.7694,0.7612,0.7512,0.7394,0.7257,0.7101,0.6926,0.6731,0.6516,0.6280,0.6021,0.5738,0.5429,0.5088,0.4711,0.4286,0.3795
27540,0.7819,0.7810,0.7783,0.7738,0.7675,0.7593,0.7493,0.7375,0.7238,0.7083,0.6908,0.6714,0.6499,0.6263,0.6005,0.5723,0.5414,0.5074,0.4697,0.4273,0.3782
27600,0.7800,0.7791,0.7764,0.7719,0.7655,0.7574,0.7474,0.7357,0.7220,0.7065,0.6891,0.6697,0.6483,0.6247,0.5990,0.5708,0.5399,0.5060,0.4684,0.4260,0.3769
27660,0.7780,0.7771,0.7744,0.7699,0.7636,0.7555,0.7456,0.7338,0.7202,0.7047,0.6873,0.6680,0.6466,0.6231,0.5974,0.5693,0.5385,0.5046,0.4671,0.4247,0.3756
27720,0.7761,0.7752,0.7725,0.7680,0.7617,0.7536,0.7437,0.7320,0.7184,0.7029,0.6856,0.6663,0.6450,0.6215,0.5959,0.5678,0.5371,0.5032,0.4657,0.4234,0.3743
27780,0.7742,0.7733,0.7706,0.7661,0.7598,0.7518,0.7419,0.7301,0.7166,0.7012,0.6839,0.6646,0.6433,0.6199,0.5943,0.5663,0.5356,0.5019,0.4644,0.4221,0.3730
27840,0.7722,0.7713,0.7687,0.7642,0.7579,0.7499,0.7400,0.7283,0.7148,0.6994,0.6821,0.6629,0.6417,0.6184,0.5928,0.5648,0.5342,0.5005,0.4631,0.4208,0.3718
27900,0.7703,0.7694,0.7667,0.7623,0.7560,0.7480,0.7382,0.7265,0.7130,0.6977,0.6804,0.6613,0.6401,0.6168,0.5913,0.5634,0.5328,0.4991,0.4617,0.4196,0.3705
27960,0.7684,0.7675,0.7648,0.7604,0.7542,0.7462,0.7363,0.7247,0.7112,0.6959,0.6787,0.6596,0.6384,0.6152,0.5897,0.5619,0.5314,0.4977,0.4604,0.4183,0.3692
28020,0.7665,0.7656,0.7630,0.7585,0.7523,0.7443,0.7345,0.7229,0.7095,0.6942,0.6770,0.6579,0.6368,0.6136,0.5882,0.5604,0.5299,0.4964,0.4591,0.4170,0.3680
28080,0.7646,0.7637,0.7611,0.7567,0.7504,0.7425,0.7327,0.7211,0.7077,0.6925,0.6753,0.6563,0.6352,0.6121,0.5867,0.5590,0.5285,0.4950,0.4578,0.4157,0.3667
28140,0.7627,0.7618,0.7592,0.7548,0.7486,0.7406,0.7309,0.7193,0.7060,0.6907,0.6736,0.6546,0.6336,0.6105,0.5852,0.5575,0.5271,0.4937,0.4565,0.4145,0.3655
28200,0.7608,0.7600,0.7573,0.7529,0.7467,0.7388,0.7291,0.7175,0.7042,0.6890,0.6720,0.6530,0.6320,0.6090,0.5837,0.5561,0.5257,0.4923,0.4552,0.4132,0.3642
28260,0.7590,0.7581,0.7555,0.7511,0.7449,0.7370,0.7273,0.7158,0.7025,0.6873,0.6703,0.6514,0.6304,0.6074,0.5822,0.5546,0.5244,0.4910,0.4539,0.4120,0.3630
28320,0.7571,0.7562,0.7536,0.7492,0.7431,0.7352,0.7255,0.7140,0.7007,0.6856,0.6686,0.6497,0.6289,0.6059,0.5807,0.5532,0.5230,0.4897,0.4526,0.4107,0.3617
28380,0.7553,0.7544,0.7517,0.7474,0.7412,0.7334,0.7237,0.7122,0.6990,0.6839,0.6670,0.6481,0.6273,0.6044,0.5793,0.5518,0.5216,0.4883,0.4514,0.4095,0.3605
28440,0.7534,0.7525,0.7499,0.7455,0.7394,0.7316,0.7219,0.7105,0.6973,0.6822,0.6653,0.6465,0.6257,0.6029,0.5778,0.5503,0.5202,0.4870,0.4501,0.4083,0.3593
28500,0.7516,0.7507,0.7481,0.7437,0.7376,0.7298,0.7201,0.7087,0.6955,0.6805,0.6637,0.6449,0.6241,0.6013,0.5763,0.5489,0.5189,0.4857,0.4488,0.4070,0.3581
28560,0.7497,0.7488,0.7462,0.7419,0.7358,0.7280,0.7184,0.7070,0.6938,0.6789,0.6620,0.6433,0.6226,0.5998,0.5749,0.5475,0.5175,0.4844,0.4476,0.4058,0.3569
28620,0.7479,0.7470,0.7444,0.7401,0.7340,0.7262,0.7166,0.7053,0.6921,0.6772,0.6604,0.6417,0.6210,0.5983,0.5734,0.5461,0.5161,0.4831,0.4463,0.4046,0.3556
28680,0.7461,0.7452,0.7426,0.7383,0.7322,0.7244,0.7149,0.7035,0.6904,0.6755,0.6588,0.6401,0.6195,0.5968,0.5720,0.5447,0.5148,0.4818,0.4451,0.4034,0.3544
28740,0.7442,0.7434,0.7408,0.7365,0.7304,0.7226,0.7131,0.7018,0.6887,0.6739,0.6571,0.6385,0.6180,0.5953,0.5705,0.5433,0.5134,0.4805,0.4438,0.4022,0.3532
28800,0.7424,0.7416,0.7390,0.7347,0.7286,0.7209,0.7114,0.7001,0.6871,0.6722,0.6555,0.6370,0.6164,0.5938,0.5691,0.5419,0.5121,0.4792,0.4426,0.4010,0.3520
28860,0.7406,0.7398,0.7372,0.7329,0.7269,0.7191,0.7096,0.6984,0.6854,0.6706,0.6539,0.6354,0.6149,0.5924,0.5676,0.5405,0.5108,0.4779,0.4413,0.3998,0.3508
28920,0.7388,0.7380,0.7354,0.7311,0.7251,0.7174,0.7079,0.6967,0.6837,0.6689,0.6523,0.6338,0.6134,0.5909,0.5662,0.5392,0.5095,0.4767,0.4401,0.3986,0.3496
28980,0.7370,0.7362,0.7336,0.7294,0.7234,0.7156,0.7062,0.6950,0.6821,0.6673,0.6507,0.6323,0.6119,0.5894,0.5648,0.5378,0.5081,0.4754,0.4389,0.3974,0.3485
29040,0.7353,0.7344,0.7318,0.7276,0.7216,0.7139,0.7045,0.6933,0.6804,0.6657,0.6491,0.6307,0.6104,0.5880,0.5634,0.5364,0.5068,0.4741,0.4376,0.3962,0.3473
29100,0.7335,0.7326,0.7301,0.7258,0.7199,0.7122,0.7028,0.6916,0.6787,0.6641,0.6476,0.6292,0.6089,0.5865,0.5620,0.5351,0.5055,0.4729,0.4364,0.3950,0.3461
29160,0.7317,0.7309,0.7283,0.7241,0.7181,0.7105,0.7011,0.6900,0.6771,0.6624,0.6460,0.6276,0.6074,0.5850,0.5606,0.5337,0.5042,0.4716,0.4352,0.3938,0.3449
29220,0.7300,0.7291,0.7266,0.7223,0.7164,0.7088,0.6994,0.6883,0.6755,0.6608,0.6444,0.6261,0.6059,0.5836,0.5592,0.5323,0.5029,0.4703,0.4340,0.3926,0.3438
29280,0.7282,0.7273,0.7248,0.7206,0.7147,0.7070,0.6977,0.6866,0.6738,0.6592,0.6428,0.6246,0.6044,0.5822,0.5578,0.5310,0.5016,0.4691,0.4328,0.3915,0.3426
29340,0.7264,0.7256,0.7231,0.7189,0.7129,0.7053,0.6960,0.6850,0.6722,0.6576,0.6413,0.6231,0.6029,0.5807,0.5564,0.5297,0.5003,0.4679,0.4316,0.3903,0.3414
29400,0.7247,0.7238,0.7213,0.7171,0.7112,0.7036,0.6943,0.6833,0.6706,0.6561,0.6397,0.6215,0.6014,0.5793,0.5550,0.5283,0.4990,0.4666,0.4304,0.3892,0.3403
29460,0.7230,0.7221,0.7196,0.7154,0.7095,0.7020,0.6927,0.6817,0.6690,0.6545,0.6382,0.6200,0.6000,0.5779,0.5536,0.5270,0.4977,0.4654,0.4292,0.3880,0.3391
29520,0.7212,0.7204,0.7179,0.7137,0.7078,0.7003,0.6910,0.6801,0.6674,0.6529,0.6366,0.6185,0.5985,0.5764,0.5522,0.5257,0.4965,0.4642,0.4281,0.3869,0.3380
29580,0.7195,0.7187,0.7162,0.7120,0.7061,0.6986,0.6894,0.6784,0.6658,0.6513,0.6351,0.6170,0.5970,0.5750,0.5509,0.5244,0.4952,0.4629,0.4269,0.3857,0.3369
29640,0.7178,0.7170,0.7145,0.7103,0.7044,0.6969,0.6877,0.6768,0.6642,0.6498,0.6336,0.6155,0.5956,0.5736,0.5495,0.5230,0.4939,0.4617,0.4257,0.3846,0.3357
29700,0.7161,0.7152,0.7128,0.7086,0.7028,0.6953,0.6861,0.6752,0.6626,0.6482,0.6320,0.6141,0.5941,0.5722,0.5482,0.5217,0.4927,0.4605,0.4245,0.3834,0.3346
29760,0.7144,0.7135,0.7111,0.7069,0.7011,0.6936,0.6844,0.6736,0.6610,0.6467,0.6305,0.6126,0.5927,0.5708,0.5468,0.5204,0.4914,0.4593,0.4234,0.3823,0.3335
29820,0.7127,0.7118,0.7094,0.7052,0.6994,0.6920,0.6828,0.6720,0.6594,0.6451,0.6290,0.6111,0.5913,0.5694,0.5455,0.5191,0.4902,0.4581,0.4222,0.3812,0.3323
29880,0.7110,0.7102,0.7077,0.7036,0.6978,0.6903,0.6812,0.6704,0.6578,0.6436,0.6275,0.6096,0.5898,0.5681,0.5441,0.5178,0.4889,0.4569,0.4211,0.3801,0.3312
29940,0.7093,0.7085,0.7060,0.7019,0.6961,0.6887,0.6796,0.6688,0.6563,0.6420,0.6260,0.6082,0.5884,0.5667,0.5428,0.5166,0.4877,0.4557,0.4199,0.3790,0.3301
30000,0.7076,0.7068,0.7043,0.7002,0.6945,0.6871,0.6780,0.6672,0.6547,0.6405,0.6245,0.6067,0.5870,0.5653,0.5415,0.5153,0.4865,0.4545,0.4188,0.3778,0.3290
30060,0.7060,0.7051,0.7027,0.6986,0.6928,0.6854,0.6764,0.6656,0.6532,0.6390,0.6230,0.6053,0.5856,0.5639,0.5401,0.5140,0.4852,0.4534,0.4176,0.3767,0.3279
30120,0.7043,0.7035,0.7010,0.6969,0.6912,0.6838,0.6748,0.6640,0.6516,0.6375,0.6215,0.6038,0.5842,0.5626,0.5388,0.5127,0.4840,0.4522,0.4165,0.3756,0.3268
30180,0.7026,0.7018,0.6994,0.6953,0.6896,0.6822,0.6732,0.6625,0.6501,0.6360,0.6201,0.6024,0.5828,0.5612,0.5375,0.5115,0.4828,0.4510,0.4154,0.3745,0.3257
30240,0.7010,0.7002,0.6977,0.6937,0.6879,0.6806,0.6716,0.6609,0.6485,0.6344,0.6186,0.6009,0.5814,0.5599,0.5362,0.5102,0.4816,0.4498,0.4142,0.3734,0.3246
30300,0.6993,0.6985,0.6961,0.6920,0.6863,0.6790,0.6700,0.6593,0.6470,0.6329,0.6171,0.5995,0.5800,0.5585,0.5349,0.5089,0.4804,0.4487,0.4131,0.3724,0.3235
30360,0.6977,0.6969,0.6944,0.6904,0.6847,0.6774,0.6684,0.6578,0.6455,0.6315,0.6157,0.5981,0.5786,0.5572,0.5336,0.5077,0.4792,0.4475,0.4120,0.3713,0.3224
30420,0.6961,0.6952,0.6928,0.6888,0.6831,0.6758,0.6669,0.6562,0.6440,0.6300,0.6142,0.5967,0.5772,0.5558,0.5323,0.5064,0.4780,0.4464,0.4109,0.3702,0.3213
30480,0.6944,0.6936,0.6912,0.6872,0.6815,0.6742,0.6653,0.6547,0.6424,0.6285,0.6128,0.5953,0.5759,0.5545,0.5310,0.5052,0.4768,0.4452,0.4098,0.3691,0.3202
30540,0.6928,0.6920,0.6896,0.6856,0.6799,0.6726,0.6637,0.6532,0.6409,0.6270,0.6113,0.5939,0.5745,0.5532,0.5297,0.5040,0.4756,0.4441,0.4087,0.3680,0.3192
30600,0.6912,0.6904,0.6880,0.6840,0.6783,0.6711,0.6622,0.6516,0.6394,0.6255,0.6099,0.5925,0.5731,0.5519,0.5285,0.5027,0.4744,0.4429,0.4076,0.3670,0.3181
30660,0.6896,0.6888,0.6864,0.6824,0.6767,0.6695,0.6606,0.6501,0.6379,0.6241,0.6085,0.5911,0.5718,0.5505,0.5272,0.5015,0.4732,0.4418,0.4065,0.3659,0.3170
30720,0.6880,0.6872,0.6848,0.6808,0.6752,0.6680,0.6591,0.6486,0.6365,0.6226,0.6070,0.5897,0.5704,0.5492,0.5259,0.5003,0.4720,0.4407,0.4054,0.3649,0.3160
30780,0.6864,0.6856,0.6832,0.6792,0.6736,0.6664,0.6576,0.6471,0.6350,0.6212,0.6056,0.5883,0.5691,0.5479,0.5247,0.4991,0.4709,0.4396,0.4043,0.3638,0.3149
30840,0.6848,0.6840,0.6816,0.6776,0.6720,0.6649,0.6560,0.6456,0.6335,0.6197,0.6042,0.5869,0.5677,0.5466,0.5234,0.4979,0.4697,0.4384,0.4033,0.3628,0.3138
30900,0.6832,0.6824,0.6800,0.6761,0.6705,0.6633,0.6545,0.6441,0.6320,0.6183,0.6028,0.5855,0.5664,0.5453,0.5222,0.4967,0.4685,0.4373,0.4022,0.3617,0.3128
30960,0.6816,0.6808,0.6785,0.6745,0.6689,0.6618,0.6530,0.6426,0.6306,0.6168,0.6014,0.5842,0.5651,0.5441,0.5209,0.4955,0.4674,0.4362,0.4011,0.3607,0.3118
31020,0.6801,0.6793,0.6769,0.6729,0.6674,0.6603,0.6515,0.6411,0.6291,0.6154,0.6000,0.5828,0.5638,0.5428,0.5197,0.4943,0.4662,0.4351,0.4001,0.3596,0.3107
31080,0.6785,0.6777,0.6753,0.6714,0.6658,0.6587,0.6500,0.6396,0.6276,0.6140,0.5986,0.5814,0.5624,0.5415,0.5184,0.4931,0.4651,0.4340,0.3990,0.3586,0.3097
31140,0.6769,0.6761,0.6738,0.6698,0.6643,0.6572,0.6485,0.6382,0.6262,0.6126,0.5972,0.5801,0.5611,0.5402,0.5172,0.4919,0.4640,0.4329,0.3979,0.3576,0.3086
31200,0.6754,0.6746,0.6722,0.6683,0.6628,0.6557,0.6470,0.6367,0.6247,0.6111,0.5958,0.5787,0.5598,0.5389,0.5160,0.4907,0.4628,0.4318,0.3969,0.3566,0.3076
31260,0.6738,0.6730,0.6707,0.6668,0.6613,0.6542,0.6455,0.6352,0.6233,0.6097,0.5944,0.5774,0.5585,0.5377,0.5148,0.4895,0.4617,0.4307,0.3958,0.3555,0.3066
31320,0.6723,0.6715,0.6691,0.6652,0.6598,0.6527,0.6440,0.6338,0.6219,0.6083,0.5931,0.5761,0.5572,0.5364,0.5135,0.4884,0.4606,0.4296,0.3948,0.3545,0.3056
31380,0.6707,0.6700,0.6676,0.6637,0.6582,0.6512,0.6426,0.6323,0.6205,0.6069,0.5917,0.5747,0.5559,0.5352,0.5123,0.4872,0.4594,0.4286,0.3938,0.3535,0.3045
31440,0.6692,0.6684,0.6661,0.6622,0.6567,0.6497,0.6411,0.6309,0.6190,0.6055,0.5903,0.5734,0.5546,0.5339,0.5111,0.4860,0.4583,0.4275,0.3927,0.3525,0.3035
31500,0.6677,0.6669,0.6646,0.6607,0.6552,0.6482,0.6396,0.6294,0.6176,0.6041,0.5890,0.5721,0.5533,0.5327,0.5099,0.4849,0.4572,0.4264,0.3917,0.3515,0.3025
31560,0.6662,0.6654,0.6631,0.6592,0.6537,0.6468,0.6382,0.6280,0.6162,0.6028,0.5876,0.5708,0.5521,0.5314,0.5087,0.4837,0.4561,0.4254,0.3907,0.3505,0.3015
31620,0.6647,0.6639,0.6615,0.6577,0.6523,0.6453,0.6367,0.6266,0.6148,0.6014,0.5863,0.5695,0.5508,0.5302,0.5075,0.4826,0.4550,0.4243,0.3897,0.3495,0.3005
31680,0.6631,0.6624,0.6600,0.6562,0.6508,0.6438,0.6353,0.6251,0.6134,0.6000,0.5849,0.5681,0.5495,0.5290,0.5064,0.4814,0.4539,0.4232,0.3886,0.3485,0.2995
31740,0.6616,0.6609,0.6586,0.6547,0.6493,0.6424,0.6338,0.6237,0.6120,0.5987,0.5836,0.5668,0.5483,0.5278,0.5052,0.4803,0.4528,0.4222,0.3876,0.3475,0.2985
31800,0.6601,0.6594,0.6571,0.6532,0.6478,0.6409,0.6324,0.6223,0.6106,0.5973,0.5823,0.5656,0.5470,0.5265,0.5040,0.4792,0.4517,0.4211,0.3866,0.3466,0.2975
31860,0.6586,0.6579,0.6556,0.6517,0.6464,0.6394,0.6310,0.6209,0.6092,0.5959,0.5810,0.5643,0.5457,0.5253,0.5028,0.4780,0.4506,0.4201,0.3856,0.3456,0.2965
31920,0.6572,0.6564,0.6541,0.6503,0.6449,0.6380,0.6295,0.6195,0.6078,0.5946,0.5796,0.5630,0.5445,0.5241,0.5017,0.4769,0.4496,0.4191,0.3846,0.3446,0.2955
31980,0.6557,0.6549,0.6526,0.6488,0.6435,0.6366,0.6281,0.6181,0.6065,0.5932,0.5783,0.5617,0.5433,0.5229,0.5005,0.4758,0.4485,0.4180,0.3836,0.3436,0.2945
32040,0.6542,0.6534,0.6512,0.6474,0.6420,0.6351,0.6267,0.6167,0.6051,0.5919,0.5770,0.5604,0.5420,0.5217,0.4993,0.4747,0.4474,0.4170,0.3826,0.3427,0.2936
32100,0.6527,0.6520,0.6497,0.6459,0.6406,0.6337,0.6253,0.6153,0.6037,0.5906,0.5757,0.5591,0.5408,0.5205,0.4982,0.4736,0.4463,0.4160,0.3817,0.3417,0.2926
32160,0.6513,0.6505,0.6482,0.6444,0.6391,0.6323,0.6239,0.6139,0.6024,0.5892,0.5744,0.5579,0.5396,0.5193,0.4970,0.4724,0.4453,0.4150,0.3807,0.3408,0.2916
32220,0.6498,0.6490,0.6468,0.6430,0.6377,0.6309,0.6225,0.6126,0.6010,0.5879,0.5731,0.5566,0.5383,0.5181,0.4959,0.4713,0.4442,0.4139,0.3797,0.3398,0.2906
32280,0.6484,0.6476,0.6453,0.6416,0.6363,0.6295,0.6211,0.6112,0.5997,0.5866,0.5718,0.5554,0.5371,0.5170,0.4947,0.4702,0.4432,0.4129,0.3787,0.3389,0.2897
32340,0.6469,0.6461,0.6439,0.6401,0.6348,0.6280,0.6197,0.6098,0.5983,0.5853,0.5705,0.5541,0.5359,0.5158,0.4936,0.4692,0.4421,0.4119,0.3778,0.3379,0.2887
32400,0.6455,0.6447,0.6425,0.6387,0.6334,0.6266,0.6183,0.6085,0.5970,0.5840,0.5693,0.5529,0.5347,0.5146,0.4925,0.4681,0.4411,0.4109,0.3768,0.3370,0.2878
32460,0.6440,0.6433,0.6410,0.6373,0.6320,0.6253,0.6169,0.6071,0.5957,0.5827,0.5680,0.5516,0.5335,0.5134,0.4913,0.4670,0.4400,0.4099,0.3758,0.3361,0.2868
32520,0.6426,0.6418,0.6396,0.6359,0.6306,0.6239,0.6156,0.6057,0.5943,0.5814,0.5667,0.5504,0.5323,0.5123,0.4902,0.4659,0.4390,0.4089,0.3749,0.3351,0.2859
32580,0.6412,0.6404,0.6382,0.6345,0.6292,0.6225,0.6142,0.6044,0.5930,0.5801,0.5655,0.5492,0.5311,0.5111,0.4891,0.4648,0.4380,0.4079,0.3739,0.3342,0.2849
32640,0.6398,0.6390,0.6368,0.6331,0.6278,0.6211,0.6128,0.6031,0.5917,0.5788,0.5642,0.5479,0.5299,0.5100,0.4880,0.4638,0.4369,0.4070,0.3730,0.3333,0.2840
32700,0.6383,0.6376,0.6354,0.6317,0.6264,0.6197,0.6115,0.6017,0.5904,0.5775,0.5629,0.5467,0.5287,0.5088,0.4869,0.4627,0.4359,0.4060,0.3720,0.3323,0.2830
32760,0.6369,0.6362,0.6340,0.6303,0.6250,0.6184,0.6101,0.6004,0.5891,0.5762,0.5617,0.5455,0.5275,0.5077,0.4858,0.4616,0.4349,0.4050,0.3711,0.3314,0.2821
32820,0.6355,0.6348,0.6326,0.6289,0.6237,0.6170,0.6088,0.5991,0.5878,0.5749,0.5604,0.5443,0.5263,0.5065,0.4847,0.4606,0.4339,0.4040,0.3701,0.3305,0.2812
32880,0.6341,0.6334,0.6312,0.6275,0.6223,0.6156,0.6074,0.5977,0.5865,0.5737,0.5592,0.5431,0.5252,0.5054,0.4836,0.4595,0.4329,0.4030,0.3692,0.3296,0.2802
32940,0.6327,0.6320,0.6298,0.6261,0.6209,0.6143,0.6061,0.5964,0.5852,0.5724,0.5580,0.5419,0.5240,0.5043,0.4825,0.4585,0.4318,0.4021,0.3683,0.3287,0.2793
33000,0.6313,0.6306,0.6284,0.6247,0.6196,0.6129,0.6048,0.5951,0.5839,0.5711,0.5567,0.5407,0.5228,0.5031,0.4814,0.4574,0.4308,0.4011,0.3674,0.3278,0.2784
33060,0.6300,0.6292,0.6270,0.6234,0.6182,0.6116,0.6035,0.5938,0.5826,0.5699,0.5555,0.5395,0.5217,0.5020,0.4803,0.4564,0.4298,0.4002,0.3664,0.3269,0.2775
33120,0.6286,0.6278,0.6256,0.6220,0.6169,0.6102,0.6021,0.5925,0.5814,0.5686,0.5543,0.5383,0.5205,0.5009,0.4793,0.4553,0.4289,0.3992,0.3655,0.3260,0.2766
33180,0.6272,0.6265,0.6243,0.6206,0.6155,0.6089,0.6008,0.5912,0.5801,0.5674,0.5531,0.5371,0.5194,0.4998,0.4782,0.4543,0.4279,0.3983,0.3646,0.3251,0.2757
33240,0.6258,0.6251,0.6229,0.6193,0.6142,0.6076,0.5995,0.5899,0.5788,0.5661,0.5519,0.5359,0.5182,0.4987,0.4771,0.4533,0.4269,0.3973,0.3637,0.3242,0.2747
33300,0.6245,0.6237,0.6216,0.6179,0.6128,0.6063,0.5982,0.5886,0.5776,0.5649,0.5507,0.5348,0.5171,0.4976,0.4760,0.4523,0.4259,0.3964,0.3628,0.3234,0.2738
33360,0.6231,0.6224,0.6202,0.6166,0.6115,0.6049,0.5969,0.5874,0.5763,0.5637,0.5495,0.5336,0.5160,0.4965,0.4750,0.4512,0.4249,0.3954,0.3619,0.3225,0.2729
33420,0.6218,0.6210,0.6189,0.6152,0.6102,0.6036,0.5956,0.5861,0.5750,0.5625,0.5483,0.5324,0.5148,0.4954,0.4739,0.4502,0.4239,0.3945,0.3610,0.3216,0.2720
33480,0.6204,0.6197,0.6175,0.6139,0.6088,0.6023,0.5943,0.5848,0.5738,0.5612,0.5471,0.5313,0.5137,0.4943,0.4729,0.4492,0.4230,0.3936,0.3601,0.3207,0.2712
33540,0.6191,0.6183,0.6162,0.6126,0.6075,0.6010,0.5930,0.5835,0.5726,0.5600,0.5459,0.5301,0.5126,0.4932,0.4718,0.4482,0.4220,0.3927,0.3592,0.3199,0.2703
33600,0.6177,0.6170,0.6149,0.6113,0.6062,0.5997,0.5917,0.5823,0.5713,0.5588,0.5447,0.5289,0.5115,0.4921,0.4708,0.4472,0.4210,0.3917,0.3583,0.3190,0.2694
33660,0.6164,0.6157,0.6135,0.6099,0.6049,0.5984,0.5905,0.5810,0.5701,0.5576,0.5435,0.5278,0.5103,0.4910,0.4697,0.4462,0.4201,0.3908,0.3575,0.3182,0.2685
33720,0.6151,0.6143,0.6122,0.6086,0.6036,0.5971,0.5892,0.5798,0.5689,0.5564,0.5423,0.5267,0.5092,0.4900,0.4687,0.4452,0.4191,0.3899,0.3566,0.3173,0.2676
33780,0.6138,0.6130,0.6109,0.6073,0.6023,0.5958,0.5879,0.5785,0.5676,0.5552,0.5412,0.5255,0.5081,0.4889,0.4677,0.4442,0.4182,0.3890,0.3557,0.3165,0.2667
33840,0.6124,0.6117,0.6096,0.6060,0.6010,0.5946,0.5867,0.5773,0.5664,0.5540,0.5400,0.5244,0.5070,0.4878,0.4667,0.4432,0.4172,0.3881,0.3548,0.3156,0.2659
33900,0.6111,0.6104,0.6083,0.6047,0.5997,0.5933,0.5854,0.5760,0.5652,0.5528,0.5388,0.5233,0.5059,0.4868,0.4656,0.4423,0.4163,0.3872,0.3540,0.3148,0.2650
33960,0.6098,0.6091,0.6070,0.6034,0.5984,0.5920,0.5842,0.5748,0.5640,0.5516,0.5377,0.5221,0.5048,0.4857,0.4646,0.4413,0.4154,0.3863,0.3531,0.3139,0.2641
34020,0.6085,0.6078,0.6057,0.6021,0.5972,0.5908,0.5829,0.5736,0.5628,0.5504,0.5365,0.5210,0.5038,0.4847,0.4636,0.4403,0.4144,0.3854,0.3522,0.3131,0.2633
34080,0.6072,0.6065,0.6044,0.6009,0.5959,0.5895,0.5817,0.5724,0.5616,0.5493,0.5354,0.5199,0.5027,0.4836,0.4626,0.4393,0.4135,0.3845,0.3514,0.3123,0.2624
34140,0.6059,0.6052,0.6031,0.5996,0.5946,0.5882,0.5804,0.5711,0.5604,0.5481,0.5342,0.5188,0.5016,0.4826,0.4616,0.4384,0.4126,0.3836,0.3505,0.3114,0.2615
34200,0.6046,0.6039,0.6018,0.5983,0.5934,0.5870,0.5792,0.5699,0.5592,0.5469,0.5331,0.5177,0.5005,0.4815,0.4606,0.4374,0.4116,0.3827,0.3497,0.3106,0.2607
34260,0.6033,0.6026,0.6005,0.5970,0.5921,0.5857,0.5780,0.5687,0.5580,0.5458,0.5320,0.5166,0.4994,0.4805,0.4596,0.4364,0.4107,0.3819,0.3489,0.3098,0.2598
34320,0.6021,0.6014,0.5993,0.5958,0.5908,0.5845,0.5767,0.5675,0.5568,0.5446,0.5308,0.5155,0.4984,0.4795,0.4586,0.4355,0.4098,0.3810,0.3480,0.3090,0.2590
34380,0.6008,0.6001,0.5980,0.5945,0.5896,0.5833,0.5755,0.5663,0.5556,0.5435,0.5297,0.5144,0.4973,0.4785,0.4576,0.4345,0.4089,0.3801,0.3472,0.3082,0.2582
34440,0.5995,0.5988,0.5967,0.5932,0.5883,0.5820,0.5743,0.5651,0.5545,0.5423,0.5286,0.5133,0.4963,0.4774,0.4566,0.4336,0.4080,0.3792,0.3463,0.3073,0.2573
34500,0.5983,0.5976,0.5955,0.5920,0.5871,0.5808,0.5731,0.5639,0.5533,0.5412,0.5275,0.5122,0.4952,0.4764,0.4556,0.4326,0.4071,0.3784,0.3455,0.3065,0.2565
34560,0.5970,0.5963,0.5942,0.5907,0.5859,0.5796,0.5719,0.5627,0.5521,0.5400,0.5264,0.5111,0.4942,0.4754,0.4547,0.4317,0.4062,0.3775,0.3447,0.3057,0.2556
34620,0.5957,0.5950,0.5930,0.5895,0.5846,0.5784,0.5707,0.5616,0.5510,0.5389,0.5253,0.5100,0.4931,0.4744,0.4537,0.4308,0.4053,0.3767,0.3439,0.3049,0.2548
34680,0.5945,0.5938,0.5917,0.5883,0.5834,0.5772,0.5695,0.5604,0.5498,0.5378,0.5242,0.5090,0.4921,0.4734,0.4527,0.4298,0.4044,0.3758,0.3431,0.3041,0.2540
34740,0.5932,0.5925,0.5905,0.5870,0.5822,0.5760,0.5683,0.5592,0.5487,0.5366,0.5231,0.5079,0.4910,0.4724,0.4518,0.4289,0.4035,0.3750,0.3422,0.3033,0.2532
34800,0.5920,0.5913,0.5892,0.5858,0.5810,0.5747,0.5671,0.5580,0.5475,0.5355,0.5220,0.5068,0.4900,0.4714,0.4508,0.4280,0.4026,0.3741,0.3414,0.3026,0.2523
34860,0.5908,0.5901,0.5880,0.5846,0.5798,0.5735,0.5659,0.5569,0.5464,0.5344,0.5209,0.5058,0.4890,0.4704,0.4498,0.4271,0.4018,0.3733,0.3406,0.3018,0.2515
34920,0.5895,0.5888,0.5868,0.5834,0.5785,0.5724,0.5647,0.5557,0.5452,0.5333,0.5198,0.5047,0.4879,0.4694,0.4489,0.4262,0.4009,0.3724,0.3398,0.3010,0.2507
34980,0.5883,0.5876,0.5856,0.5822,0.5773,0.5712,0.5636,0.5546,0.5441,0.5322,0.5187,0.5036,0.4869,0.4684,0.4479,0.4252,0.4000,0.3716,0.3390,0.3002,0.2499
35040,0.5871,0.5864,0.5844,0.5809,0.5761,0.5700,0.5624,0.5534,0.5430,0.5311,0.5176,0.5026,0.4859,0.4674,0.4470,0.4243,0.3991,0.3708,0.3382,0.2994,0.2491
35100,0.5859,0.5852,0.5831,0.5797,0.5749,0.5688,0.5612,0.5523,0.5418,0.5300,0.5165,0.5016,0.4849,0.4664,0.4460,0.4234,0.3983,0.3699,0.3374,0.2987,0.2483
35160,0.5847,0.5840,0.5819,0.5785,0.5738,0.5676,0.5601,0.5511,0.5407,0.5289,0.5155,0.5005,0.4839,0.4655,0.4451,0.4225,0.3974,0.3691,0.3366,0.2979,0.2475
35220,0.5834,0.5828,0.5807,0.5773,0.5726,0.5664,0.5589,0.5500,0.5396,0.5278,0.5144,0.4995,0.4829,0.4645,0.4442,0.4216,0.3965,0.3683,0.3359,0.2971,0.2467
35280,0.5822,0.5816,0.5795,0.5761,0.5714,0.5653,0.5578,0.5488,0.5385,0.5267,0.5133,0.4984,0.4819,0.4635,0.4432,0.4207,0.3957,0.3675,0.3351,0.2964,0.2459
35340,0.5810,0.5804,0.5783,0.5750,0.5702,0.5641,0.5566,0.5477,0.5374,0.5256,0.5123,0.4974,0.4809,0.4626,0.4423,0.4199,0.3948,0.3667,0.3343,0.2956,0.2451
35400,0.5798,0.5792,0.5771,0.5738,0.5690,0.5629,0.5555,0.5466,0.5363,0.5245,0.5112,0.4964,0.4799,0.4616,0.4414,0.4190,0.3940,0.3659,0.3335,0.2949,0.2443
35460,0.5787,0.5780,0.5760,0.5726,0.5679,0.5618,0.5543,0.5455,0.5352,0.5234,0.5102,0.4954,0.4789,0.4606,0.4405,0.4181,0.3932,0.3651,0.3328,0.2941,0.2435
35520,0.5775,0.5768,0.5748,0.5714,0.5667,0.5606,0.5532,0.5443,0.5341,0.5224,0.5091,0.4943,0.4779,0.4597,0.4395,0.4172,0.3923,0.3643,0.3320,0.2934,0.2427
35580,0.5763,0.5756,0.5736,0.5703,0.5656,0.5595,0.5521,0.5432,0.5330,0.5213,0.5081,0.4933,0.4769,0.4587,0.4386,0.4163,0.3915,0.3635,0.3312,0.2926,0.2419
35640,0.5751,0.5744,0.5724,0.5691,0.5644,0.5584,0.5509,0.5421,0.5319,0.5202,0.5071,0.4923,0.4759,0.4578,0.4377,0.4155,0.3906,0.3627,0.3305,0.2919,0.2412
35700,0.5739,0.5733,0.5713,0.5679,0.5632,0.5572,0.5498,0.5410,0.5308,0.5192,0.5060,0.4913,0.4750,0.4569,0.4368,0.4146,0.3898,0.3619,0.3297,0.2911,0.2404
35760,0.5728,0.5721,0.5701,0.5668,0.5621,0.5561,0.5487,0.5399,0.5297,0.5181,0.5050,0.4903,0.4740,0.4559,0.4359,0.4137,0.3890,0.3611,0.3289,0.2904,0.2396
35820,0.5716,0.5709,0.5689,0.5656,0.5610,0.5550,0.5476,0.5388,0.5287,0.5171,0.5040,0.4893,0.4730,0.4550,0.4350,0.4129,0.3882,0.3603,0.3282,0.2897,0.2388
35880,0.5704,0.5698,0.5678,0.5645,0.5598,0.5538,0.5465,0.5377,0.5276,0.5160,0.5029,0.4883,0.4721,0.4541,0.4341,0.4120,0.3873,0.3595,0.3274,0.2889,0.2381
35940,0.5693,0.5686,0.5666,0.5633,0.5587,0.5527,0.5454,0.5366,0.5265,0.5150,0.5019,0.4873,0.4711,0.4531,0.4332,0.4112,0.3865,0.3587,0.3267,0.2882,0.2373
36000,0.5681,0.5675,0.5655,0.5622,0.5576,0.5516,0.5443,0.5356,0.5255,0.5139,0.5009,0.4864,0.4702,0.4522,0.4323,0.4103,0.3857,0.3580,0.3260,0.2875,0.2366
36060,0.5670,0.5663,0.5643,0.5611,0.5564,0.5505,0.5432,0.5345,0.5244,0.5129,0.4999,0.4854,0.4692,0.4513,0.4315,0.4095,0.3849,0.3572,0.3252,0.2868,0.2358
36120,0.5658,0.5652,0.5632,0.5599,0.5553,0.5494,0.5421,0.5334,0.5233,0.5119,0.4989,0.4844,0.4683,0.4504,0.4306,0.4086,0.3841,0.3564,0.3245,0.2861,0.2350
36180,0.5647,0.5640,0.5621,0.5588,0.5542,0.5483,0.5410,0.5323,0.5223,0.5108,0.4979,0.4834,0.4673,0.4495,0.4297,0.4078,0.3833,0.3557,0.3238,0.2854,0.2343
36240,0.5636,0.5629,0.5609,0.5577,0.5531,0.5472,0.5399,0.5313,0.5212,0.5098,0.4969,0.4824,0.4664,0.4486,0.4288,0.4069,0.3825,0.3549,0.3230,0.2847,0.2335
36300,0.5624,0.5618,0.5598,0.5566,0.5520,0.5461,0.5388,0.5302,0.5202,0.5088,0.4959,0.4815,0.4654,0.4477,0.4280,0.4061,0.3817,0.3541,0.3223,0.2839,0.2328
36360,0.5613,0.5607,0.5587,0.5554,0.5509,0.5450,0.5377,0.5291,0.5192,0.5078,0.4949,0.4805,0.4645,0.4468,0.4271,0.4053,0.3809,0.3534,0.3216,0.2832,0.2321
36420,0.5602,0.5595,0.5576,0.5543,0.5498,0.5439,0.5367,0.5281,0.5181,0.5068,0.4939,0.4796,0.4636,0.4459,0.4262,0.4044,0.3801,0.3526,0.3209,0.2825,0.2313
36480,0.5591,0.5584,0.5565,0.5532,0.5487,0.5428,0.5356,0.5270,0.5171,0.5058,0.4929,0.4786,0.4627,0.4450,0.4254,0.4036,0.3793,0.3519,0.3202,0.2819,0.2306
36540,0.5580,0.5573,0.5554,0.5521,0.5476,0.5417,0.5345,0.5260,0.5161,0.5047,0.4920,0.4776,0.4617,0.4441,0.4245,0.4028,0.3786,0.3511,0.3194,0.2812,0.2298
36600,0.5568,0.5562,0.5543,0.5510,0.5465,0.5406,0.5335,0.5249,0.5150,0.5037,0.4910,0.4767,0.4608,0.4432,0.4237,0.4020,0.3778,0.3504,0.3187,0.2805,0.2291
36660,0.5557,0.5551,0.5532,0.5499,0.5454,0.5396,0.5324,0.5239,0.5140,0.5027,0.4900,0.4758,0.4599,0.4423,0.4228,0.4012,0.3770,0.3497,0.3180,0.2798,0.2284
36720,0.5546,0.5540,0.5521,0.5488,0.5443,0.5385,0.5314,0.5229,0.5130,0.5018,0.4890,0.4748,0.4590,0.4414,0.4220,0.4004,0.3762,0.3489,0.3173,0.2791,0.2277
36780,0.5535,0.5529,0.5510,0.5478,0.5432,0.5374,0.5303,0.5218,0.5120,0.5008,0.4881,0.4739,0.4581,0.4406,0.4211,0.3996,0.3755,0.3482,0.3166,0.2784,0.2269
36840,0.5524,0.5518,0.5499,0.5467,0.5422,0.5364,0.5293,0.5208,0.5110,0.4998,0.4871,0.4729,0.4572,0.4397,0.4203,0.3988,0.3747,0.3475,0.3159,0.2778,0.2262
36900,0.5514,0.5507,0.5488,0.5456,0.5411,0.5353,0.5282,0.5198,0.5100,0.4988,0.4862,0.4720,0.4563,0.4388,0.4195,0.3980,0.3739,0.3467,0.3152,0.2771,0.2255
36960,0.5503,0.5496,0.5477,0.5445,0.5400,0.5343,0.5272,0.5188,0.5090,0.4978,0.4852,0.4711,0.4554,0.4379,0.4186,0.3972,0.3732,0.3460,0.3146,0.2764,0.2248
37020,0.5492,0.5485,0.5466,0.5435,0.5390,0.5332,0.5261,0.5177,0.5080,0.4968,0.4843,0.4702,0.4545,0.4371,0.4178,0.3964,0.3724,0.3453,0.3139,0.2757,0.2241
37080,0.5481,0.5475,0.5456,0.5424,0.5379,0.5322,0.5251,0.5167,0.5070,0.4959,0.4833,0.4692,0.4536,0.4362,0.4170,0.3956,0.3717,0.3446,0.3132,0.2751,0.2234
37140,0.5470,0.5464,0.5445,0.5413,0.5369,0.5311,0.5241,0.5157,0.5060,0.4949,0.4824,0.4683,0.4527,0.4354,0.4162,0.3948,0.3709,0.3439,0.3125,0.2744,0.2227
37200,0.5460,0.5453,0.5434,0.5403,0.5358,0.5301,0.5231,0.5147,0.5050,0.4939,0.4814,0.4674,0.4518,0.4345,0.4153,0.3940,0.3702,0.3432,0.3118,0.2738,0.2220
37260,0.5449,0.5443,0.5424,0.5392,0.5348,0.5291,0.5220,0.5137,0.5040,0.4930,0.4805,0.4665,0.4509,0.4337,0.4145,0.3932,0.3694,0.3424,0.3112,0.2731,0.2213
37320,0.5438,0.5432,0.5413,0.5382,0.5337,0.5280,0.5210,0.5127,0.5031,0.4920,0.4796,0.4656,0.4501,0.4328,0.4137,0.3925,0.3687,0.3417,0.3105,0.2725,0.2206
37380,0.5428,0.5421,0.5403,0.5371,0.5327,0.5270,0.5200,0.5117,0.5021,0.4911,0.4786,0.4647,0.4492,0.4320,0.4129,0.3917,0.3679,0.3410,0.3098,0.2718,0.2199
37440,0.5417,0.5411,0.5392,0.5361,0.5317,0.5260,0.5190,0.5107,0.5011,0.4901,0.4777,0.4638,0.4483,0.4311,0.4121,0.3909,0.3672,0.3403,0.3092,0.2712,0.2192
37500,0.5407,0.5400,0.5382,0.5350,0.5306,0.5250,0.5180,0.5097,0.5001,0.4892,0.4768,0.4629,0.4475,0.4303,0.4113,0.3901,0.3665,0.3396,0.3085,0.2705,0.2185
37560,0.5396,0.5390,0.5371,0.5340,0.5296,0.5240,0.5170,0.5088,0.4992,0.4882,0.4759,0.4620,0.4466,0.4295,0.4105,0.3894,0.3658,0.3390,0.3078,0.2699,0.2178
37620,0.5386,0.5380,0.5361,0.5330,0.5286,0.5230,0.5160,0.5078,0.4982,0.4873,0.4749,0.4611,0.4457,0.4287,0.4097,0.3886,0.3650,0.3383,0.3072,0.2693,0.2171
37680,0.5376,0.5369,0.5351,0.5320,0.5276,0.5219,0.5150,0.5068,0.4973,0.4864,0.4740,0.4602,0.4449,0.4278,0.4089,0.3879,0.3643,0.3376,0.3065,0.2686,0.2164
37740,0.5365,0.5359,0.5340,0.5309,0.5266,0.5209,0.5140,0.5058,0.4963,0.4854,0.4731,0.4594,0.4440,0.4270,0.4081,0.3871,0.3636,0.3369,0.3059,0.2680,0.2158
37800,0.5355,0.5349,0.5330,0.5299,0.5256,0.5199,0.5131,0.5049,0.4954,0.4845,0.4722,0.4585,0.4432,0.4262,0.4073,0.3864,0.3629,0.3362,0.3052,0.2674,0.2151
37860,0.5345,0.5338,0.5320,0.5289,0.5245,0.5189,0.5121,0.5039,0.4944,0.4836,0.4713,0.4576,0.4423,0.4254,0.4066,0.3856,0.3622,0.3355,0.3046,0.2667,0.2144
37920,0.5334,0.5328,0.5310,0.5279,0.5235,0.5180,0.5111,0.5029,0.4935,0.4827,0.4704,0.4567,0.4415,0.4246,0.4058,0.3849,0.3615,0.3349,0.3039,0.2661,0.2137
37980,0.5324,0.5318,0.5300,0.5269,0.5225,0.5170,0.5101,0.5020,0.4925,0.4817,0.4695,0.4559,0.4406,0.4238,0.4050,0.3841,0.3608,0.3342,0.3033,0.2655,0.2131
38040,0.5314,0.5308,0.5289,0.5259,0.5215,0.5160,0.5091,0.5010,0.4916,0.4808,0.4686,0.4550,0.4398,0.4229,0.4042,0.3834,0.3600,0.3335,0.3027,0.2649,0.2124
38100,0.5304,0.5298,0.5279,0.5249,0.5206,0.5150,0.5082,0.5001,0.4907,0.4799,0.4678,0.4541,0.4390,0.4221,0.4035,0.3827,0.3593,0.3329,0.3020,0.2643,0.2118
38160,0.5294,0.5288,0.5269,0.5239,0.5196,0.5140,0.5072,0.4991,0.4897,0.4790,0.4669,0.4533,0.4382,0.4213,0.4027,0.3819,0.3587,0.3322,0.3014,0.2637,0.2111
38220,0.5284,0.5278,0.5259,0.5229,0.5186,0.5131,0.5063,0.4982,0.4888,0.4781,0.4660,0.4524,0.4373,0.4205,0.4019,0.3812,0.3580,0.3316,0.3008,0.2631,0.2104
38280,0.5274,0.5268,0.5249,0.5219,0.5176,0.5121,0.5053,0.4973,0.4879,0.4772,0.4651,0.4516,0.4365,0.4198,0.4012,0.3805,0.3573,0.3309,0.3002,0.2625,0.2098
38340,0.5264,0.5258,0.5239,0.5209,0.5166,0.5111,0.5044,0.4963,0.4870,0.4763,0.4642,0.4507,0.4357,0.4190,0.4004,0.3797,0.3566,0.3302,0.2995,0.2619,0.2091
38400,0.5254,0.5248,0.5230,0.5199,0.5157,0.5102,0.5034,0.4954,0.4861,0.4754,0.4634,0.4499,0.4349,0.4182,0.3997,0.3790,0.3559,0.3296,0.2989,0.2613,0.2085
38460,0.5244,0.5238,0.5220,0.5189,0.5147,0.5092,0.5025,0.4945,0.4852,0.4745,0.4625,0.4491,0.4341,0.4174,0.3989,0.3783,0.3552,0.3289,0.2983,0.2607,0.2078
38520,0.5234,0.5228,0.5210,0.5180,0.5137,0.5082,0.5015,0.4935,0.4842,0.4736,0.4616,0.4482,0.4332,0.4166,0.3982,0.3776,0.3545,0.3283,0.2977,0.2601,0.2072
38580,0.5224,0.5218,0.5200,0.5170,0.5128,0.5073,0.5006,0.4926,0.4833,0.4728,0.4608,0.4474,0.4324,0.4158,0.3974,0.3769,0.3539,0.3277,0.2971,0.2595,0.2066
38640,0.5215,0.5208,0.5190,0.5160,0.5118,0.5063,0.4996,0.4917,0.4824,0.4719,0.4599,0.4465,0.4316,0.4151,0.3967,0.3762,0.3532,0.3270,0.2965,0.2589,0.2059
38700,0.5205,0.5199,0.5181,0.5151,0.5108,0.5054,0.4987,0.4908,0.4815,0.4710,0.4591,0.4457,0.4308,0.4143,0.3959,0.3755,0.3525,0.3264,0.2959,0.2583,0.2053
38760,0.5195,0.5189,0.5171,0.5141,0.5099,0.5045,0.4978,0.4899,0.4806,0.4701,0.4582,0.4449,0.4300,0.4135,0.3952,0.3748,0.3518,0.3258,0.2953,0.2577,0.2046
38820,0.5185,0.5179,0.5161,0.5131,0.5089,0.5035,0.4969,0.4889,0.4798,0.4693,0.4574,0.4441,0.4292,0.4128,0.3945,0.3741,0.3512,0.3251,0.2947,0.2572,0.2040
38880,0.5176,0.5170,0.5152,0.5122,0.5080,0.5026,0.4959,0.4880,0.4789,0.4684,0.4565,0.4433,0.4284,0.4120,0.3937,0.3734,0.3505,0.3245,0.2941,0.2566,0.2034
38940,0.5166,0.5160,0.5142,0.5112,0.5070,0.5017,0.4950,0.4871,0.4780,0.4675,0.4557,0.4424,0.4277,0.4112,0.3930,0.3727,0.3499,0.3239,0.2935,0.2560,0.2028
39000,0.5157,0.5150,0.5133,0.5103,0.5061,0.5007,0.4941,0.4862,0.4771,0.4667,0.4549,0.4416,0.4269,0.4105,0.3923,0.3720,0.3492,0.3233,0.2929,0.2555,0.2021
39060,0.5147,0.5141,0.5123,0.5094,0.5052,0.4998,0.4932,0.4853,0.4762,0.4658,0.4540,0.4408,0.4261,0.4097,0.3916,0.3713,0.3485,0.3226,0.2923,0.2549,0.2015
39120,0.5137,0.5131,0.5114,0.5084,0.5042,0.4989,0.4923,0.4845,0.4754,0.4650,0.4532,0.4400,0.4253,0.4090,0.3908,0.3706,0.3479,0.3220,0.2917,0.2543,0.2009
39180,0.5128,0.5122,0.5104,0.5075,0.5033,0.4980,0.4914,0.4836,0.4745,0.4641,0.4524,0.4392,0.4245,0.4082,0.3901,0.3699,0.3472,0.3214,0.2912,0.2538,0.2003
39240,0.5119,0.5113,0.5095,0.5065,0.5024,0.4971,0.4905,0.4827,0.4736,0.4633,0.4515,0.4384,0.4238,0.4075,0.3894,0.3692,0.3466,0.3208,0.2906,0.2532,0.1997
39300,0.5109,0.5103,0.5086,0.5056,0.5015,0.4961,0.4896,0.4818,0.4728,0.4624,0.4507,0.4376,0.4230,0.4067,0.3887,0.3686,0.3460,0.3202,0.2900,0.2527,0.1991
39360,0.5100,0.5094,0.5076,0.5047,0.5006,0.4952,0.4887,0.4809,0.4719,0.4616,0.4499,0.4368,0.4222,0.4060,0.3880,0.3679,0.3453,0.3196,0.2894,0.2521,0.1985
39420,0.5090,0.5084,0.5067,0.5038,0.4996,0.4943,0.4878,0.4800,0.4710,0.4607,0.4491,0.4360,0.4215,0.4053,0.3873,0.3672,0.3447,0.3190,0.2889,0.2516,0.1978
39480,0.5081,0.5075,0.5058,0.5028,0.4987,0.4934,0.4869,0.4792,0.4702,0.4599,0.4483,0.4352,0.4207,0.4045,0.3866,0.3665,0.3440,0.3184,0.2883,0.2510,0.1972
39540,0.5072,0.5066,0.5048,0.5019,0.4978,0.4925,0.4860,0.4783,0.4693,0.4591,0.4475,0.4344,0.4199,0.4038,0.3859,0.3659,0.3434,0.3178,0.2877,0.2505,0.1966
39600,0.5063,0.5057,0.5039,0.5010,0.4969,0.4916,0.4851,0.4774,0.4685,0.4582,0.4466,0.4337,0.4192,0.4031,0.3852,0.3652,0.3428,0.3172,0.2872,0.2499,0.1960
39660,0.5053,0.5048,0.5030,0.5001,0.4960,0.4907,0.4843,0.4766,0.4676,0.4574,0.4458,0.4329,0.4184,0.4024,0.3845,0.3646,0.3422,0.3166,0.2866,0.2494,0.1954
39720,0.5044,0.5038,0.5021,0.4992,0.4951,0.4899,0.4834,0.4757,0.4668,0.4566,0.4450,0.4321,0.4177,0.4016,0.3838,0.3639,0.3415,0.3160,0.2861,0.2488,0.1949
39780,0.5035,0.5029,0.5012,0.4983,0.4942,0.4890,0.4825,0.4749,0.4660,0.4558,0.4442,0.4313,0.4169,0.4009,0.3831,0.3632,0.3409,0.3154,0.2855,0.2483,0.1943
39840,0.5026,0.5020,0.5003,0.4974,0.4933,0.4881,0.4817,0.4740,0.4651,0.4550,0.4435,0.4306,0.4162,0.4002,0.3824,0.3626,0.3403,0.3148,0.2850,0.2478,0.1937
39900,0.5017,0.5011,0.4994,0.4965,0.4924,0.4872,0.4808,0.4732,0.4643,0.4541,0.4427,0.4298,0.4154,0.3995,0.3817,0.3619,0.3397,0.3143,0.2844,0.2473,0.1931
39960,0.5008,0.5002,0.4985,0.4956,0.4916,0.4863,0.4799,0.4723,0.4635,0.4533,0.4419,0.4290,0.4147,0.3988,0.3811,0.3613,0.3391,0.3137,0.2839,0.2467,0.1925
40020,0.4999,0.4993,0.4976,0.4947,0.4907,0.4855,0.4791,0.4715,0.4626,0.4525,0.4411,0.4283,0.4140,0.3981,0.3804,0.3606,0.3385,0.3131,0.2833,0.2462,0.1919
40080,0.4990,0.4984,0.4967,0.4938,0.4898,0.4846,0.4782,0.4706,0.4618,0.4517,0.4403,0.4275,0.4132,0.3974,0.3797,0.3600,0.3378,0.3125,0.2828,0.2457,0.1913
40140,0.4981,0.4975,0.4958,0.4929,0.4889,0.4837,0.4774,0.4698,0.4610,0.4509,0.4395,0.4268,0.4125,0.3967,0.3790,0.3594,0.3372,0.3119,0.2822,0.2452,0.1908
40200,0.4972,0.4966,0.4949,0.4921,0.4880,0.4829,0.4765,0.4690,0.4602,0.4501,0.4388,0.4260,0.4118,0.3960,0.3784,0.3587,0.3366,0.3114,0.2817,0.2447,0.1902
40260,0.4963,0.4957,0.4940,0.4912,0.4872,0.4820,0.4757,0.4681,0.4594,0.4493,0.4380,0.4253,0.4111,0.3953,0.3777,0.3581,0.3360,0.3108,0.2812,0.2441,0.1896
40320,0.4954,0.4949,0.4932,0.4903,0.4863,0.4812,0.4748,0.4673,0.4585,0.4485,0.4372,0.4245,0.4103,0.3946,0.3770,0.3575,0.3354,0.3103,0.2806,0.2436,0.1891
40380,0.4946,0.4940,0.4923,0.4894,0.4854,0.4803,0.4740,0.4665,0.4577,0.4477,0.4364,0.4238,0.4096,0.3939,0.3764,0.3568,0.3348,0.3097,0.2801,0.2431,0.1885
40440,0.4937,0.4931,0.4914,0.4886,0.4846,0.4795,0.4731,0.4656,0.4569,0.4470,0.4357,0.4230,0.4089,0.3932,0.3757,0.3562,0.3342,0.3091,0.2796,0.2426,0.1879
40500,0.4928,0.4922,0.4905,0.4877,0.4837,0.4786,0.4723,0.4648,0.4561,0.4462,0.4349,0.4223,0.4082,0.3925,0.3751,0.3556,0.3337,0.3086,0.2791,0.2421,0.1874
40560,0.4919,0.4914,0.4897,0.4869,0.4829,0.4778,0.4715,0.4640,0.4553,0.4454,0.4342,0.4215,0.4075,0.3918,0.3744,0.3550,0.3331,0.3080,0.2785,0.2416,0.1868
40620,0.4911,0.4905,0.4888,0.4860,0.4820,0.4769,0.4707,0.4632,0.4545,0.4446,0.4334,0.4208,0.4068,0.3912,0.3738,0.3543,0.3325,0.3075,0.2780,0.2411,0.1862
40680,0.4902,0.4896,0.4879,0.4851,0.4812,0.4761,0.4698,0.4624,0.4537,0.4438,0.4326,0.4201,0.4061,0.3905,0.3731,0.3537,0.3319,0.3069,0.2775,0.2406,0.1857
40740,0.4893,0.4888,0.4871,0.4843,0.4803,0.4753,0.4690,0.4616,0.4529,0.4431,0.4319,0.4194,0.4054,0.3898,0.3725,0.3531,0.3313,0.3064,0.2770,0.2401,0.1851
40800,0.4885,0.4879,0.4862,0.4834,0.4795,0.4744,0.4682,0.4608,0.4522,0.4423,0.4311,0.4186,0.4047,0.3891,0.3718,0.3525,0.3307,0.3058,0.2765,0.2396,0.1846
40860,0.4876,0.4871,0.4854,0.4826,0.4787,0.4736,0.4674,0.4600,0.4514,0.4415,0.4304,0.4179,0.4040,0.3885,0.3712,0.3519,0.3302,0.3053,0.2760,0.2392,0.1840
40920,0.4868,0.4862,0.4845,0.4817,0.4778,0.4728,0.4666,0.4592,0.4506,0.4408,0.4297,0.4172,0.4033,0.3878,0.3706,0.3513,0.3296,0.3047,0.2755,0.2387,0.1835
40980,0.4859,0.4854,0.4837,0.4809,0.4770,0.4720,0.4657,0.4584,0.4498,0.4400,0.4289,0.4165,0.4026,0.3871,0.3699,0.3507,0.3290,0.3042,0.2749,0.2382,0.1830
41040,0.4851,0.4845,0.4828,0.4801,0.4762,0.4711,0.4649,0.4576,0.4490,0.4393,0.4282,0.4158,0.4019,0.3865,0.3693,0.3501,0.3285,0.3037,0.2744,0.2377,0.1824
41100,0.4842,0.4837,0.4820,0.4792,0.4753,0.4703,0.4641,0.4568,0.4483,0.4385,0.4274,0.4150,0.4012,0.3858,0.3687,0.3495,0.3279,0.3031,0.2739,0.2372,0.1819
41160,0.4834,0.4828,0.4812,0.4784,0.4745,0.4695,0.4633,0.4560,0.4475,0.4377,0.4267,0.4143,0.4005,0.3852,0.3680,0.3489,0.3273,0.3026,0.2735,0.2368,0.1813
41220,0.4826,0.4820,0.4803,0.4776,0.4737,0.4687,0.4625,0.4552,0.4467,0.4370,0.4260,0.4136,0.3998,0.3845,0.3674,0.3483,0.3268,0.3021,0.2730,0.2363,0.1808
41280,0.4817,0.4812,0.4795,0.4768,0.4729,0.4679,0.4617,0.4544,0.4460,0.4362,0.4253,0.4129,0.3992,0.3838,0.3668,0.3477,0.3262,0.3016,0.2725,0.2358,0.1803
41340,0.4809,0.4803,0.4787,0.4759,0.4721,0.4671,0.4610,0.4537,0.4452,0.4355,0.4245,0.4122,0.3985,0.3832,0.3662,0.3471,0.3257,0.3010,0.2720,0.2353,0.1797
41400,0.4801,0.4795,0.4779,0.4751,0.4713,0.4663,0.4602,0.4529,0.4444,0.4348,0.4238,0.4115,0.3978,0.3826,0.3655,0.3465,0.3251,0.3005,0.2715,0.2349,0.1792
41460,0.4792,0.4787,0.4770,0.4743,0.4704,0.4655,0.4594,0.4521,0.4437,0.4340,0.4231,0.4108,0.3971,0.3819,0.3649,0.3459,0.3245,0.3000,0.2710,0.2344,0.1787
41520,0.4784,0.4779,0.4762,0.4735,0.4696,0.4647,0.4586,0.4513,0.4429,0.4333,0.4224,0.4101,0.3965,0.3813,0.3643,0.3454,0.3240,0.2995,0.2705,0.2340,0.1782
41580,0.4776,0.4770,0.4754,0.4727,0.4688,0.4639,0.4578,0.4506,0.4422,0.4326,0.4217,0.4095,0.3958,0.3806,0.3637,0.3448,0.3234,0.2990,0.2700,0.2335,0.1776
41640,0.4768,0.4762,0.4746,0.4719,0.4680,0.4631,0.4570,0.4498,0.4414,0.4318,0.4210,0.4088,0.3952,0.3800,0.3631,0.3442,0.3229,0.2985,0.2696,0.2330,0.1771
41700,0.4760,0.4754,0.4738,0.4711,0.4672,0.4623,0.4563,0.4491,0.4407,0.4311,0.4203,0.4081,0.3945,0.3794,0.3625,0.3436,0.3224,0.2980,0.2691,0.2326,0.1766
41760,0.4752,0.4746,0.4730,0.4703,0.4664,0.4615,0.4555,0.4483,0.4399,0.4304,0.4195,0.4074,0.3938,0.3787,0.3619,0.3431,0.3218,0.2974,0.2686,0.2321,0.1761
41820,0.4743,0.4738,0.4722,0.4695,0.4657,0.4607,0.4547,0.4475,0.4392,0.4297,0.4188,0.4067,0.3932,0.3781,0.3613,0.3425,0.3213,0.2969,0.2681,0.2317,0.1756
41880,0.4735,0.4730,0.4714,0.4687,0.4649,0.4600,0.4539,0.4468,0.4385,0.4289,0.4181,0.4060,0.3925,0.3775,0.3607,0.3419,0.3207,0.2964,0.2677,0.2312,0.1751
41940,0.4727,0.4722,0.4706,0.4679,0.4641,0.4592,0.4532,0.4460,0.4377,0.4282,0.4175,0.4054,0.3919,0.3768,0.3601,0.3414,0.3202,0.2959,0.2672,0.2308,0.1746
42000,0.4719,0.4714,0.4698,0.4671,0.4633,0.4584,0.4524,0.4453,0.4370,0.4275,0.4168,0.4047,0.3912,0.3762,0.3595,0.3408,0.3197,0.2954,0.2667,0.2304,0.1741
42060,0.4711,0.4706,0.4690,0.4663,0.4625,0.4577,0.4517,0.4445,0.4363,0.4268,0.4161,0.4040,0.3906,0.3756,0.3589,0.3402,0.3192,0.2949,0.2663,0.2299,0.1736
42120,0.4703,0.4698,0.4682,0.4655,0.4617,0.4569,0.4509,0.4438,0.4355,0.4261,0.4154,0.4034,0.3899,0.3750,0.3583,0.3397,0.3186,0.2945,0.2658,0.2295,0.1731
42180,0.4696,0.4690,0.4674,0.4647,0.4610,0.4561,0.4502,0.4431,0.4348,0.4254,0.4147,0.4027,0.3893,0.3744,0.3577,0.3391,0.3181,0.2940,0.2653,0.2290,0.1726
42240,0.4688,0.4682,0.4666,0.4640,0.4602,0.4554,0.4494,0.4423,0.4341,0.4247,0.4140,0.4020,0.3887,0.3738,0.3572,0.3386,0.3176,0.2935,0.2649,0.2286,0.1721
42300,0.4680,0.4674,0.4658,0.4632,0.4594,0.4546,0.4487,0.4416,0.4334,0.4240,0.4133,0.4014,0.3880,0.3732,0.3566,0.3380,0.3171,0.2930,0.2644,0.2282,0.1716
42360,0.4672,0.4667,0.4651,0.4624,0.4587,0.4538,0.4479,0.4409,0.4327,0.4233,0.4126,0.4007,0.3874,0.3725,0.3560,0.3375,0.3165,0.2925,0.2640,0.2278,0.1711
42420,0.4664,0.4659,0.4643,0.4616,0.4579,0.4531,0.4472,0.4401,0.4319,0.4226,0.4120,0.4001,0.3868,0.3719,0.3554,0.3369,0.3160,0.2920,0.2635,0.2273,0.1706
42480,0.4656,0.4651,0.4635,0.4609,0.4571,0.4523,0.4464,0.4394,0.4312,0.4219,0.4113,0.3994,0.3861,0.3713,0.3548,0.3364,0.3155,0.2915,0.2631,0.2269,0.1701
42540,0.4649,0.4643,0.4627,0.4601,0.4564,0.4516,0.4457,0.4387,0.4305,0.4212,0.4106,0.3988,0.3855,0.3707,0.3543,0.3358,0.3150,0.2911,0.2626,0.2265,0.1696
42600,0.4641,0.4636,0.4620,0.4593,0.4556,0.4508,0.4450,0.4380,0.4298,0.4205,0.4100,0.3981,0.3849,0.3701,0.3537,0.3353,0.3145,0.2906,0.2622,0.2261,0.1691
42660,0.4633,0.4628,0.4612,0.4586,0.4549,0.4501,0.4442,0.4372,0.4291,0.4198,0.4093,0.3975,0.3843,0.3695,0.3531,0.3347,0.3140,0.2901,0.2618,0.2256,0.1686
42720,0.4626,0.4620,0.4605,0.4578,0.4541,0.4494,0.4435,0.4365,0.4284,0.4191,0.4086,0.3968,0.3836,0.3689,0.3526,0.3342,0.3135,0.2896,0.2613,0.2252,0.1682
42780,0.4618,0.4613,0.4597,0.4571,0.4534,0.4486,0.4428,0.4358,0.4277,0.4185,0.4080,0.3962,0.3830,0.3684,0.3520,0.3337,0.3130,0.2892,0.2609,0.2248,0.1677
42840,0.4610,0.4605,0.4589,0.4563,0.4526,0.4479,0.4420,0.4351,0.4270,0.4178,0.4073,0.3955,0.3824,0.3678,0.3514,0.3331,0.3125,0.2887,0.2604,0.2244,0.1672
42900,0.4603,0.4598,0.4582,0.4556,0.4519,0.4472,0.4413,0.4344,0.4263,0.4171,0.4066,0.3949,0.3818,0.3672,0.3509,0.3326,0.3120,0.2882,0.2600,0.2240,0.1667
42960,0.4595,0.4590,0.4574,0.4548,0.4512,0.4464,0.4406,0.4337,0.4256,0.4164,0.4060,0.3943,0.3812,0.3666,0.3503,0.3321,0.3115,0.2878,0.2596,0.2236,0.1663
43020,0.4588,0.4582,0.4567,0.4541,0.4504,0.4457,0.4399,0.4330,0.4250,0.4158,0.4053,0.3936,0.3806,0.3660,0.3498,0.3316,0.3110,0.2873,0.2591,0.2232,0.1658
43080,0.4580,0.4575,0.4559,0.4533,0.4497,0.4450,0.4392,0.4323,0.4243,0.4151,0.4047,0.3930,0.3800,0.3654,0.3492,0.3310,0.3105,0.2868,0.2587,0.2228,0.1653
43140,0.4573,0.4568,0.4552,0.4526,0.4490,0.4443,0.4385,0.4316,0.4236,0.4144,0.4040,0.3924,0.3794,0.3649,0.3487,0.3305,0.3100,0.2864,0.2583,0.2224,0.1649
43200,0.4565,0.4560,0.4545,0.4519,0.4482,0.4435,0.4378,0.4309,0.4229,0.4138,0.4034,0.3918,0.3788,0.3643,0.3481,0.3300,0.3095,0.2859,0.2579,0.2220,0.1644
43260,0.4558,0.4553,0.4537,0.4511,0.4475,0.4428,0.4371,0.4302,0.4222,0.4131,0.4028,0.3912,0.3782,0.3637,0.3476,0.3295,0.3090,0.2855,0.2574,0.2216,0.1639
43320,0.4551,0.4545,0.4530,0.4504,0.4468,0.4421,0.4363,0.4295,0.4216,0.4124,0.4021,0.3905,0.3776,0.3631,0.3470,0.3290,0.3085,0.2850,0.2570,0.2212,0.1635
43380,0.4543,0.4538,0.4523,0.4497,0.4461,0.4414,0.4356,0.4288,0.4209,0.4118,0.4015,0.3899,0.3770,0.3626,0.3465,0.3285,0.3081,0.2846,0.2566,0.2208,0.1630
43440,0.4536,0.4531,0.4515,0.4490,0.4453,0.4407,0.4349,0.4281,0.4202,0.4111,0.4008,0.3893,0.3764,0.3620,0.3459,0.3279,0.3076,0.2841,0.2562,0.2204,0.1626
43500,0.4528,0.4523,0.4508,0.4482,0.4446,0.4400,0.4343,0.4275,0.4195,0.4105,0.4002,0.3887,0.3758,0.3614,0.3454,0.3274,0.3071,0.2837,0.2558,0.2200,0.1621
43560,0.4521,0.4516,0.4501,0.4475,0.4439,0.4393,0.4336,0.4268,0.4189,0.4098,0.3996,0.3881,0.3752,0.3609,0.3449,0.3269,0.3066,0.2832,0.2554,0.2196,0.1617
43620,0.4514,0.4509,0.4493,0.4468,0.4432,0.4386,0.4329,0.4261,0.4182,0.4092,0.3990,0.3875,0.3746,0.3603,0.3443,0.3264,0.3062,0.2828,0.2550,0.2193,0.1612
43680,0.4507,0.4502,0.4486,0.4461,0.4425,0.4379,0.4322,0.4254,0.4175,0.4085,0.3983,0.3869,0.3740,0.3598,0.3438,0.3259,0.3057,0.2824,0.2546,0.2189,0.1608
43740,0.4499,0.4494,0.4479,0.4454,0.4418,0.4372,0.4315,0.4247,0.4169,0.4079,0.3977,0.3863,0.3735,0.3592,0.3433,0.3254,0.3052,0.2819,0.2541,0.2185,0.1603
43800,0.4492,0.4487,0.4472,0.4447,0.4411,0.4365,0.4308,0.4241,0.4162,0.4073,0.3971,0.3857,0.3729,0.3586,0.3427,0.3249,0.3047,0.2815,0.2537,0.2181,0.1599
43860,0.4485,0.4480,0.4465,0.4439,0.4404,0.4358,0.4301,0.4234,0.4156,0.4066,0.3965,0.3851,0.3723,0.3581,0.3422,0.3244,0.3043,0.2810,0.2533,0.2177,0.1595
43920,0.4478,0.4473,0.4458,0.4432,0.4397,0.4351,0.4294,0.4227,0.4149,0.4060,0.3958,0.3845,0.3717,0.3575,0.3417,0.3239,0.3038,0.2806,0.2529,0.2174,0.1590
43980,0.4471,0.4466,0.4451,0.4425,0.4390,0.4344,0.4288,0.4221,0.4143,0.4053,0.3952,0.3839,0.3712,0.3570,0.3412,0.3234,0.3034,0.2802,0.2525,0.2170,0.1586
44040,0.4464,0.4459,0.4444,0.4418,0.4383,0.4337,0.4281,0.4214,0.4136,0.4047,0.3946,0.3833,0.3706,0.3564,0.3407,0.3229,0.3029,0.2798,0.2521,0.2166,0.1581
44100,0.4457,0.4452,0.4437,0.4411,0.4376,0.4330,0.4274,0.4208,0.4130,0.4041,0.3940,0.3827,0.3700,0.3559,0.3401,0.3225,0.3024,0.2793,0.2518,0.2163,0.1577
44160,0.4450,0.4445,0.4430,0.4404,0.4369,0.4324,0.4268,0.4201,0.4123,0.4035,0.3934,0.3821,0.3695,0.3554,0.3396,0.3220,0.3020,0.2789,0.2514,0.2159,0.1573
44220,0.4443,0.4438,0.4423,0.4398,0.4362,0.4317,0.4261,0.4194,0.4117,0.4028,0.3928,0.3815,0.3689,0.3548,0.3391,0.3215,0.3015,0.2785,0.2510,0.2155,0.1569
44280,0.4436,0.4431,0.4416,0.4391,0.4355,0.4310,0.4254,0.4188,0.4111,0.4022,0.3922,0.3809,0.3683,0.3543,0.3386,0.3210,0.3011,0.2781,0.2506,0.2152,0.1564
44340,0.4429,0.4424,0.4409,0.4384,0.4349,0.4303,0.4248,0.4181,0.4104,0.4016,0.3916,0.3803,0.3678,0.3538,0.3381,0.3205,0.3006,0.2776,0.2502,0.2148,0.1560
44400,0.4422,0.4417,0.4402,0.4377,0.4342,0.4297,0.4241,0.4175,0.4098,0.4010,0.3910,0.3798,0.3672,0.3532,0.3376,0.3200,0.3002,0.2772,0.2498,0.2144,0.1556
44460,0.4415,0.4410,0.4395,0.4370,0.4335,0.4290,0.4234,0.4168,0.4092,0.4004,0.3904,0.3792,0.3667,0.3527,0.3371,0.3196,0.2997,0.2768,0.2494,0.2141,0.1552
44520,0.4408,0.4403,0.4388,0.4363,0.4328,0.4283,0.4228,0.4162,0.4085,0.3998,0.3898,0.3786,0.3661,0.3522,0.3366,0.3191,0.2993,0.2764,0.2490,0.2137,0.1547
44580,0.4401,0.4396,0.4381,0.4357,0.4322,0.4277,0.4221,0.4156,0.4079,0.3991,0.3892,0.3780,0.3656,0.3516,0.3361,0.3186,0.2988,0.2760,0.2487,0.2134,0.1543
44640,0.4394,0.4389,0.4374,0.4350,0.4315,0.4270,0.4215,0.4149,0.4073,0.3985,0.3886,0.3775,0.3650,0.3511,0.3356,0.3181,0.2984,0.2756,0.2483,0.2130,0.1539
44700,0.4387,0.4382,0.4368,0.4343,0.4308,0.4263,0.4208,0.4143,0.4067,0.3979,0.3880,0.3769,0.3645,0.3506,0.3351,0.3177,0.2979,0.2752,0.2479,0.2127,0.1535
44760,0.4381,0.4376,0.4361,0.4336,0.4302,0.4257,0.4202,0.4137,0.4060,0.3973,0.3874,0.3763,0.3639,0.3501,0.3346,0.3172,0.2975,0.2748,0.2475,0.2123,0.1531
44820,0.4374,0.4369,0.4354,0.4330,0.4295,0.4250,0.4195,0.4130,0.4054,0.3967,0.3869,0.3758,0.3634,0.3495,0.3341,0.3167,0.2971,0.2744,0.2472,0.2120,0.1527
44880,0.4367,0.4362,0.4347,0.4323,0.4288,0.4244,0.4189,0.4124,0.4048,0.3961,0.3863,0.3752,0.3628,0.3490,0.3336,0.3163,0.2966,0.2739,0.2468,0.2116,0.1523
44940,0.4360,0.4355,0.4341,0.4316,0.4282,0.4237,0.4183,0.4118,0.4042,0.3955,0.3857,0.3747,0.3623,0.3485,0.3331,0.3158,0.2962,0.2735,0.2464,0.2113,0.1519
45000,0.4354,0.4349,0.4334,0.4310,0.4275,0.4231,0.4176,0.4111,0.4036,0.3949,0.3851,0.3741,0.3618,0.3480,0.3326,0.3153,0.2958,0.2731,0.2461,0.2110,0.1515
45060,0.4347,0.4342,0.4327,0.4303,0.4269,0.4224,0.4170,0.4105,0.4030,0.3943,0.3845,0.3735,0.3612,0.3475,0.3321,0.3149,0.2953,0.2727,0.2457,0.2106,0.1511
45120,0.4340,0.4335,0.4321,0.4297,0.4262,0.4218,0.4164,0.4099,0.4024,0.3937,0.3840,0.3730,0.3607,0.3470,0.3316,0.3144,0.2949,0.2724,0.2453,0.2103,0.1506
45180,0.4334,0.4329,0.4314,0.4290,0.4256,0.4212,0.4157,0.4093,0.4018,0.3932,0.3834,0.3724,0.3602,0.3465,0.3312,0.3140,0.2945,0.2720,0.2450,0.2099,0.1503
45240,0.4327,0.4322,0.4308,0.4283,0.4249,0.4205,0.4151,0.4087,0.4012,0.3926,0.3828,0.3719,0.3596,0.3460,0.3307,0.3135,0.2941,0.2716,0.2446,0.2096,0.1499
45300,0.4321,0.4316,0.4301,0.4277,0.4243,0.4199,0.4145,0.4080,0.4006,0.3920,0.3823,0.3713,0.3591,0.3455,0.3302,0.3131,0.2936,0.2712,0.2442,0.2093,0.1495
45360,0.4314,0.4309,0.4295,0.4270,0.4236,0.4193,0.4139,0.4074,0.4000,0.3914,0.3817,0.3708,0.3586,0.3450,0.3297,0.3126,0.2932,0.2708,0.2439,0.2089,0.1491
45420,0.4307,0.4303,0.4288,0.4264,0.4230,0.4186,0.4132,0.4068,0.3994,0.3908,0.3811,0.3702,0.3581,0.3444,0.3292,0.3122,0.2928,0.2704,0.2435,0.2086,0.1487
45480,0.4301,0.4296,0.4282,0.4258,0.4224,0.4180,0.4126,0.4062,0.3988,0.3902,0.3806,0.3697,0.3575,0.3440,0.3288,0.3117,0.2924,0.2700,0.2432,0.2083,0.1483
45540,0.4294,0.4290,0.4275,0.4251,0.4217,0.4174,0.4120,0.4056,0.3982,0.3897,0.3800,0.3692,0.3570,0.3435,0.3283,0.3113,0.2920,0.2696,0.2428,0.2080,0.1479
45600,0.4288,0.4283,0.4269,0.4245,0.4211,0.4167,0.4114,0.4050,0.3976,0.3891,0.3794,0.3686,0.3565,0.3430,0.3278,0.3108,0.2916,0.2692,0.2425,0.2076,0.1475
45660,0.4282,0.4277,0.4262,0.4238,0.4205,0.4161,0.4108,0.4044,0.3970,0.3885,0.3789,0.3681,0.3560,0.3425,0.3274,0.3104,0.2911,0.2689,0.2421,0.2073,0.1471
45720,0.4275,0.4270,0.4256,0.4232,0.4198,0.4155,0.4102,0.4038,0.3964,0.3879,0.3783,0.3675,0.3555,0.3420,0.3269,0.3100,0.2907,0.2685,0.2418,0.2070,0.1467
45780,0.4269,0.4264,0.4250,0.4226,0.4192,0.4149,0.4095,0.4032,0.3958,0.3874,0.3778,0.3670,0.3550,0.3415,0.3264,0.3095,0.2903,0.2681,0.2414,0.2067,0.1464
45840,0.4262,0.4257,0.4243,0.4219,0.4186,0.4143,0.4089,0.4026,0.3952,0.3868,0.3772,0.3665,0.3544,0.3410,0.3260,0.3091,0.2899,0.2677,0.2411,0.2064,0.1460
45900,0.4256,0.4251,0.4237,0.4213,0.4180,0.4136,0.4083,0.4020,0.3947,0.3862,0.3767,0.3660,0.3539,0.3405,0.3255,0.3086,0.2895,0.2673,0.2407,0.2061,0.1456
45960,0.4250,0.4245,0.4231,0.4207,0.4173,0.4130,0.4077,0.4014,0.3941,0.3857,0.3761,0.3654,0.3534,0.3400,0.3250,0.3082,0.2891,0.2670,0.2404,0.2057,0.1452
46020,0.4243,0.4238,0.4224,0.4201,0.4167,0.4124,0.4071,0.4008,0.3935,0.3851,0.3756,0.3649,0.3529,0.3395,0.3246,0.3078,0.2887,0.2666,0.2401,0.2054,0.1449
46080,0.4237,0.4232,0.4218,0.4194,0.4161,0.4118,0.4065,0.4003,0.3929,0.3846,0.3751,0.3644,0.3524,0.3391,0.3241,0.3074,0.2883,0.2662,0.2397,0.2051,0.1445
46140,0.4231,0.4226,0.4212,0.4188,0.4155,0.4112,0.4059,0.3997,0.3924,0.3840,0.3745,0.3639,0.3519,0.3386,0.3237,0.3069,0.2879,0.2659,0.2394,0.2048,0.1441
46200,0.4224,0.4220,0.4206,0.4182,0.4149,0.4106,0.4053,0.3991,0.3918,0.3834,0.3740,0.3633,0.3514,0.3381,0.3232,0.3065,0.2875,0.2655,0.2390,0.2045,0.1438
46260,0.4218,0.4213,0.4199,0.4176,0.4143,0.4100,0.4048,0.3985,0.3912,0.3829,0.3734,0.3628,0.3509,0.3376,0.3228,0.3061,0.2871,0.2651,0.2387,0.2042,0.1434
46320,0.4212,0.4207,0.4193,0.4170,0.4137,0.4094,0.4042,0.3979,0.3907,0.3823,0.3729,0.3623,0.3504,0.3372,0.3223,0.3056,0.2867,0.2648,0.2384,0.2039,0.1430
46380,0.4206,0.4201,0.4187,0.4164,0.4131,0.4088,0.4036,0.3974,0.3901,0.3818,0.3724,0.3618,0.3499,0.3367,0.3219,0.3052,0.2863,0.2644,0.2381,0.2036,0.1427
46440,0.4200,0.4195,0.4181,0.4158,0.4125,0.4082,0.4030,0.3968,0.3895,0.3812,0.3718,0.3613,0.3494,0.3362,0.3214,0.3048,0.2859,0.2640,0.2377,0.2033,0.1423
46500,0.4193,0.4189,0.4175,0.4151,0.4119,0.4076,0.4024,0.3962,0.3890,0.3807,0.3713,0.3608,0.3490,0.3358,0.3210,0.3044,0.2855,0.2637,0.2374,0.2030,0.1419
46560,0.4187,0.4183,0.4169,0.4145,0.4113,0.4070,0.4018,0.3956,0.3884,0.3802,0.3708,0.3603,0.3485,0.3353,0.3205,0.3040,0.2851,0.2633,0.2371,0.2027,0.1416
46620,0.4181,0.4177,0.4163,0.4139,0.4107,0.4064,0.4012,0.3951,0.3879,0.3796,0.3703,0.3598,0.3480,0.3348,0.3201,0.3036,0.2848,0.2630,0.2367,0.2024,0.1412
46680,0.4175,0.4170,0.4157,0.4133,0.4101,0.4059,0.4007,0.3945,0.3873,0.3791,0.3697,0.3592,0.3475,0.3344,0.3197,0.3031,0.2844,0.2626,0.2364,0.2021,0.1409
46740,0.4169,0.4164,0.4151,0.4127,0.4095,0.4053,0.4001,0.3939,0.3868,0.3785,0.3692,0.3587,0.3470,0.3339,0.3192,0.3027,0.2840,0.2623,0.2361,0.2018,0.1405
46800,0.4163,0.4158,0.4144,0.4121,0.4089,0.4047,0.3995,0.3934,0.3862,0.3780,0.3687,0.3582,0.3465,0.3334,0.3188,0.3023,0.2836,0.2619,0.2358,0.2015,0.1402
46860,0.4157,0.4152,0.4139,0.4115,0.4083,0.4041,0.3989,0.3928,0.3857,0.3775,0.3682,0.3577,0.3460,0.3330,0.3184,0.3019,0.2832,0.2616,0.2355,0.2012,0.1398
46920,0.4151,0.4146,0.4133,0.4110,0.4077,0.4035,0.3984,0.3922,0.3851,0.3769,0.3677,0.3572,0.3456,0.3325,0.3179,0.3015,0.2829,0.2612,0.2351,0.2010,0.1395
46980,0.4145,0.4140,0.4127,0.4104,0.4071,0.4029,0.3978,0.3917,0.3846,0.3764,0.3672,0.3567,0.3451,0.3321,0.3175,0.3011,0.2825,0.2609,0.2348,0.2007,0.1391
47040,0.4139,0.4134,0.4121,0.4098,0.4065,0.4024,0.3972,0.3911,0.3840,0.3759,0.3666,0.3563,0.3446,0.3316,0.3171,0.3007,0.2821,0.2605,0.2345,0.2004,0.1388
47100,0.4133,0.4128,0.4115,0.4092,0.4060,0.4018,0.3967,0.3906,0.3835,0.3754,0.3661,0.3558,0.3441,0.3312,0.3166,0.3003,0.2817,0.2602,0.2342,0.2001,0.1384
47160,0.4127,0.4123,0.4109,0.4086,0.4054,0.4012,0.3961,0.3900,0.3829,0.3748,0.3656,0.3553,0.3437,0.3307,0.3162,0.2999,0.2813,0.2598,0.2339,0.1998,0.1381
47220,0.4121,0.4117,0.4103,0.4080,0.4048,0.4007,0.3956,0.3895,0.3824,0.3743,0.3651,0.3548,0.3432,0.3303,0.3158,0.2995,0.2810,0.2595,0.2336,0.1995,0.1378
47280,0.4115,0.4111,0.4097,0.4074,0.4042,0.4001,0.3950,0.3889,0.3819,0.3738,0.3646,0.3543,0.3427,0.3298,0.3154,0.2991,0.2806,0.2591,0.2333,0.1993,0.1374
47340,0.4110,0.4105,0.4091,0.4069,0.4037,0.3995,0.3944,0.3884,0.3813,0.3733,0.3641,0.3538,0.3423,0.3294,0.3149,0.2987,0.2802,0.2588,0.2330,0.1990,0.1371
47400,0.4104,0.4099,0.4085,0.4063,0.4031,0.3990,0.3939,0.3878,0.3808,0.3728,0.3636,0.3533,0.3418,0.3289,0.3145,0.2983,0.2799,0.2585,0.2327,0.1987,0.1368
47460,0.4098,0.4093,0.4080,0.4057,0.4025,0.3984,0.3933,0.3873,0.3803,0.3722,0.3631,0.3528,0.3413,0.3285,0.3141,0.2979,0.2795,0.2581,0.2324,0.1984,0.1364
47520,0.4092,0.4087,0.4074,0.4051,0.4019,0.3978,0.3928,0.3868,0.3798,0.3717,0.3626,0.3524,0.3409,0.3280,0.3137,0.2975,0.2791,0.2578,0.2320,0.1982,0.1361
47580,0.4086,0.4082,0.4068,0.4046,0.4014,0.3973,0.3922,0.3862,0.3792,0.3712,0.3621,0.3519,0.3404,0.3276,0.3133,0.2971,0.2788,0.2575,0.2317,0.1979,0.1358
47640,0.4081,0.4076,0.4062,0.4040,0.4008,0.3967,0.3917,0.3857,0.3787,0.3707,0.3616,0.3514,0.3400,0.3272,0.3129,0.2967,0.2784,0.2571,0.2314,0.1976,0.1354
47700,0.4075,0.4070,0.4057,0.4034,0.4003,0.3962,0.3911,0.3852,0.3782,0.3702,0.3611,0.3509,0.3395,0.3267,0.3124,0.2964,0.2781,0.2568,0.2311,0.1973,0.1351
47760,0.4069,0.4064,0.4051,0.4029,0.3997,0.3956,0.3906,0.3846,0.3777,0.3697,0.3606,0.3505,0.3391,0.3263,0.3120,0.2960,0.2777,0.2565,0.2308,0.1971,0.1348
47820,0.4063,0.4059,0.4045,0.4023,0.3991,0.3951,0.3901,0.3841,0.3771,0.3692,0.3601,0.3500,0.3386,0.3259,0.3116,0.2956,0.2773,0.2561,0.2306,0.1968,0.1345
47880,0.4058,0.4053,0.4040,0.4017,0.3986,0.3945,0.3895,0.3836,0.3766,0.3687,0.3597,0.3495,0.3381,0.3254,0.3112,0.2952,0.2770,0.2558,0.2303,0.1965,0.1341
47940,0.4052,0.4047,0.4034,0.4012,0.3980,0.3940,0.3890,0.3830,0.3761,0.3682,0.3592,0.3490,0.3377,0.3250,0.3108,0.2948,0.2766,0.2555,0.2300,0.1963,0.1338
48000,0.4046,0.4042,0.4028,0.4006,0.3975,0.3934,0.3884,0.3825,0.3756,0.3677,0.3587,0.3486,0.3372,0.3246,0.3104,0.2944,0.2763,0.2552,0.2297,0.1960,0.1335
48060,0.4041,0.4036,0.4023,0.4001,0.3969,0.3929,0.3879,0.3820,0.3751,0.3672,0.3582,0.3481,0.3368,0.3242,0.3100,0.2941,0.2759,0.2548,0.2294,0.1958,0.1332
48120,0.4035,0.4031,0.4017,0.3995,0.3964,0.3923,0.3874,0.3815,0.3746,0.3667,0.3577,0.3476,0.3364,0.3237,0.3096,0.2937,0.2756,0.2545,0.2291,0.1955,0.1329
48180,0.4029,0.4025,0.4012,0.3990,0.3958,0.3918,0.3868,0.3809,0.3741,0.3662,0.3572,0.3472,0.3359,0.3233,0.3092,0.2933,0.2752,0.2542,0.2288,0.1952,0.1325
48240,0.4024,0.4019,0.4006,0.3984,0.3953,0.3913,0.3863,0.3804,0.3736,0.3657,0.3568,0.3467,0.3355,0.3229,0.3088,0.2929,0.2749,0.2539,0.2285,0.1950,0.1322
48300,0.4018,0.4014,0.4001,0.3979,0.3947,0.3907,0.3858,0.3799,0.3731,0.3652,0.3563,0.3463,0.3350,0.3225,0.3084,0.2926,0.2745,0.2536,0.2282,0.1947,0.1319
48360,0.4013,0.4008,0.3995,0.3973,0.3942,0.3902,0.3853,0.3794,0.3726,0.3647,0.3558,0.3458,0.3346,0.3221,0.3080,0.2922,0.2742,0.2533,0.2279,0.1945,0.1316
48420,0.4007,0.4003,0.3990,0.3968,0.3937,0.3897,0.3847,0.3789,0.3720,0.3642,0.3553,0.3454,0.3342,0.3216,0.3076,0.2918,0.2738,0.2529,0.2277,0.1942,0.1313
48480,0.4002,0.3997,0.3984,0.3962,0.3931,0.3891,0.3842,0.3784,0.3715,0.3637,0.3549,0.3449,0.3337,0.3212,0.3072,0.2914,0.2735,0.2526,0.2274,0.1940,0.1310
48540,0.3996,0.3992,0.3979,0.3957,0.3926,0.3886,0.3837,0.3779,0.3711,0.3633,0.3544,0.3444,0.3333,0.3208,0.3068,0.2911,0.2732,0.2523,0.2271,0.1937,0.1307
48600,0.3991,0.3986,0.3973,0.3951,0.3921,0.3881,0.3832,0.3773,0.3706,0.3628,0.3539,0.3440,0.3329,0.3204,0.3064,0.2907,0.2728,0.2520,0.2268,0.1935,0.1304
48660,0.3985,0.3981,0.3968,0.3946,0.3915,0.3875,0.3827,0.3768,0.3701,0.3623,0.3535,0.3435,0.3324,0.3200,0.3060,0.2903,0.2725,0.2517,0.2265,0.1932,0.1301
48720,0.3980,0.3976,0.3962,0.3941,0.3910,0.3870,0.3821,0.3763,0.3696,0.3618,0.3530,0.3431,0.3320,0.3196,0.3057,0.2900,0.2721,0.2514,0.2263,0.1930,0.1298
48780,0.3975,0.3970,0.3957,0.3935,0.3905,0.3865,0.3816,0.3758,0.3691,0.3613,0.3525,0.3426,0.3316,0.3192,0.3053,0.2896,0.2718,0.2511,0.2260,0.1927,0.1295
48840,0.3969,0.3965,0.3952,0.3930,0.3899,0.3860,0.3811,0.3753,0.3686,0.3609,0.3521,0.3422,0.3311,0.3188,0.3049,0.2893,0.2715,0.2508,0.2257,0.1925,0.1292
48900,0.3964,0.3959,0.3946,0.3925,0.3894,0.3855,0.3806,0.3748,0.3681,0.3604,0.3516,0.3418,0.3307,0.3183,0.3045,0.2889,0.2711,0.2505,0.2254,0.1922,0.1289
48960,0.3958,0.3954,0.3941,0.3919,0.3889,0.3849,0.3801,0.3743,0.3676,0.3599,0.3512,0.3413,0.3303,0.3179,0.3041,0.2885,0.2708,0.2502,0.2252,0.1920,0.1286
49020,0.3953,0.3949,0.3936,0.3914,0.3884,0.3844,0.3796,0.3738,0.3671,0.3594,0.3507,0.3409,0.3299,0.3175,0.3037,0.2882,0.2705,0.2499,0.2249,0.1918,0.1283
49080,0.3948,0.3943,0.3930,0.3909,0.3878,0.3839,0.3791,0.3733,0.3666,0.3590,0.3502,0.3404,0.3294,0.3171,0.3034,0.2878,0.2701,0.2496,0.2246,0.1915,0.1280
49140,0.3942,0.3938,0.3925,0.3904,0.3873,0.3834,0.3786,0.3728,0.3662,0.3585,0.3498,0.3400,0.3290,0.3167,0.3030,0.2875,0.2698,0.2493,0.2243,0.1913,0.1277
49200,0.3937,0.3933,0.3920,0.3898,0.3868,0.3829,0.3781,0.3724,0.3657,0.3580,0.3493,0.3396,0.3286,0.3163,0.3026,0.2871,0.2695,0.2490,0.2241,0.1910,0.1274
49260,0.3932,0.3928,0.3915,0.3893,0.3863,0.3824,0.3776,0.3719,0.3652,0.3576,0.3489,0.3391,0.3282,0.3159,0.3022,0.2868,0.2692,0.2487,0.2238,0.1908,0.1272
49320,0.3927,0.3922,0.3909,0.3888,0.3858,0.3819,0.3771,0.3714,0.3647,0.3571,0.3484,0.3387,0.3278,0.3156,0.3019,0.2864,0.2688,0.2484,0.2235,0.1906,0.1269
49380,0.3921,0.3917,0.3904,0.3883,0.3853,0.3814,0.3766,0.3709,0.3643,0.3566,0.3480,0.3383,0.3274,0.3152,0.3015,0.2861,0.2685,0.2481,0.2233,0.1903,0.1266
49440,0.3916,0.3912,0.3899,0.3878,0.3848,0.3809,0.3761,0.3704,0.3638,0.3562,0.3475,0.3378,0.3269,0.3148,0.3011,0.2857,0.2682,0.2478,0.2230,0.1901,0.1263
49500,0.3911,0.3907,0.3894,0.3873,0.3842,0.3804,0.3756,0.3699,0.3633,0.3557,0.3471,0.3374,0.3265,0.3144,0.3007,0.2854,0.2679,0.2475,0.2228,0.1899,0.1260
49560,0.3906,0.3901,0.3889,0.3867,0.3837,0.3799,0.3751,0.3694,0.3628,0.3553,0.3467,0.3370,0.3261,0.3140,0.3004,0.2850,0.2676,0.2472,0.2225,0.1896,0.1257
49620,0.3901,0.3896,0.3884,0.3862,0.3832,0.3794,0.3746,0.3690,0.3624,0.3548,0.3462,0.3366,0.3257,0.3136,0.3000,0.2847,0.2672,0.2469,0.2222,0.1894,0.1255
49680,0.3895,0.3891,0.3878,0.3857,0.3827,0.3789,0.3741,0.3685,0.3619,0.3543,0.3458,0.3361,0.3253,0.3132,0.2996,0.2843,0.2669,0.2466,0.2220,0.1892,0.1252
49740,0.3890,0.3886,0.3873,0.3852,0.3822,0.3784,0.3736,0.3680,0.3614,0.3539,0.3453,0.3357,0.3249,0.3128,0.2993,0.2840,0.2666,0.2463,0.2217,0.1890,0.1249
49800,0.3885,0.3881,0.3868,0.3847,0.3817,0.3779,0.3732,0.3675,0.3610,0.3534,0.3449,0.3353,0.3245,0.3124,0.2989,0.2837,0.2663,0.2460,0.2215,0.1887,0.1246
49860,0.3880,0.3876,0.3863,0.3842,0.3812,0.3774,0.3727,0.3671,0.3605,0.3530,0.3445,0.3349,0.3241,0.3121,0.2985,0.2833,0.2660,0.2457,0.2212,0.1885,0.1244
49920,0.3875,0.3871,0.3858,0.3837,0.3807,0.3769,0.3722,0.3666,0.3600,0.3525,0.3440,0.3344,0.3237,0.3117,0.2982,0.2830,0.2657,0.2455,0.2209,0.1883,0.1241
49980,0.3870,0.3866,0.3853,0.3832,0.3802,0.3764,0.3717,0.3661,0.3596,0.3521,0.3436,0.3340,0.3233,0.3113,0.2978,0.2826,0.2653,0.2452,0.2207,0.1881,0.1238
50040,0.3865,0.3861,0.3848,0.3827,0.3798,0.3759,0.3712,0.3656,0.3591,0.3517,0.3432,0.3336,0.3229,0.3109,0.2975,0.2823,0.2650,0.2449,0.2204,0.1878,0.1235
50100,0.3860,0.3856,0.3843,0.3822,0.3793,0.3755,0.3708,0.3652,0.3587,0.3512,0.3427,0.3332,0.3225,0.3105,0.2971,0.2820,0.2647,0.2446,0.2202,0.1876,0.1233
50160,0.3855,0.3851,0.3838,0.3817,0.3788,0.3750,0.3703,0.3647,0.3582,0.3508,0.3423,0.3328,0.3221,0.3102,0.2968,0.2816,0.2644,0.2443,0.2199,0.1874,0.1230
50220,0.3850,0.3846,0.3833,0.3812,0.3783,0.3745,0.3698,0.3642,0.3578,0.3503,0.3419,0.3324,0.3217,0.3098,0.2964,0.2813,0.2641,0.2440,0.2197,0.1872,0.1227
50280,0.3845,0.3841,0.3828,0.3807,0.3778,0.3740,0.3693,0.3638,0.3573,0.3499,0.3415,0.3320,0.3213,0.3094,0.2960,0.2810,0.2638,0.2438,0.2194,0.1870,0.1225
50340,0.3840,0.3836,0.3823,0.3802,0.3773,0.3735,0.3689,0.3633,0.3569,0.3494,0.3410,0.3316,0.3209,0.3090,0.2957,0.2807,0.2635,0.2435,0.2192,0.1867,0.1222
50400,0.3835,0.3831,0.3818,0.3798,0.3768,0.3730,0.3684,0.3629,0.3564,0.3490,0.3406,0.3311,0.3205,0.3087,0.2953,0.2803,0.2632,0.2432,0.2189,0.1865,0.1219
50460,0.3830,0.3826,0.3813,0.3793,0.3763,0.3726,0.3679,0.3624,0.3560,0.3486,0.3402,0.3307,0.3201,0.3083,0.2950,0.2800,0.2629,0.2429,0.2187,0.1863,0.1217
50520,0.3825,0.3821,0.3809,0.3788,0.3759,0.3721,0.3675,0.3619,0.3555,0.3481,0.3398,0.3303,0.3198,0.3079,0.2946,0.2797,0.2626,0.2427,0.2185,0.1861,0.1214
50580,0.3820,0.3816,0.3804,0.3783,0.3754,0.3716,0.3670,0.3615,0.3551,0.3477,0.3393,0.3299,0.3194,0.3076,0.2943,0.2793,0.2623,0.2424,0.2182,0.1859,0.1212
50640,0.3815,0.3811,0.3799,0.3778,0.3749,0.3712,0.3665,0.3610,0.3546,0.3473,0.3389,0.3295,0.3190,0.3072,0.2940,0.2790,0.2620,0.2421,0.2180,0.1857,0.1209
50700,0.3810,0.3806,0.3794,0.3773,0.3744,0.3707,0.3661,0.3606,0.3542,0.3468,0.3385,0.3291,0.3186,0.3068,0.2936,0.2787,0.2617,0.2419,0.2177,0.1855,0.1207
50760,0.3806,0.3801,0.3789,0.3769,0.3740,0.3702,0.3656,0.3601,0.3537,0.3464,0.3381,0.3287,0.3182,0.3065,0.2933,0.2784,0.2614,0.2416,0.2175,0.1853,0.1204
50820,0.3801,0.3797,0.3784,0.3764,0.3735,0.3698,0.3652,0.3597,0.3533,0.3460,0.3377,0.3283,0.3178,0.3061,0.2929,0.2781,0.2611,0.2413,0.2172,0.1851,0.1201
50880,0.3796,0.3792,0.3779,0.3759,0.3730,0.3693,0.3647,0.3592,0.3529,0.3456,0.3373,0.3279,0.3175,0.3057,0.2926,0.2777,0.2608,0.2410,0.2170,0.1848,0.1199
50940,0.3791,0.3787,0.3775,0.3754,0.3725,0.3688,0.3642,0.3588,0.3524,0.3451,0.3369,0.3275,0.3171,0.3054,0.2922,0.2774,0.2605,0.2408,0.2168,0.1846,0.1196
51000,0.3786,0.3782,0.3770,0.3750,0.3721,0.3684,0.3638,0.3583,0.3520,0.3447,0.3365,0.3271,0.3167,0.3050,0.2919,0.2771,0.2602,0.2405,0.2165,0.1844,0.1194
51060,0.3782,0.3777,0.3765,0.3745,0.3716,0.3679,0.3633,0.3579,0.3516,0.3443,0.3360,0.3268,0.3163,0.3047,0.2916,0.2768,0.2599,0.2402,0.2163,0.1842,0.1192
51120,0.3777,0.3773,0.3760,0.3740,0.3711,0.3674,0.3629,0.3575,0.3511,0.3439,0.3356,0.3264,0.3160,0.3043,0.2912,0.2765,0.2596,0.2400,0.2161,0.1840,0.1189
51180,0.3772,0.3768,0.3756,0.3735,0.3707,0.3670,0.3624,0.3570,0.3507,0.3435,0.3352,0.3260,0.3156,0.3039,0.2909,0.2762,0.2593,0.2397,0.2158,0.1838,0.1187
51240,0.3767,0.3763,0.3751,0.3731,0.3702,0.3665,0.3620,0.3566,0.3503,0.3430,0.3348,0.3256,0.3152,0.3036,0.2906,0.2758,0.2591,0.2395,0.2156,0.1836,0.1184
51300,0.3763,0.3758,0.3746,0.3726,0.3698,0.3661,0.3615,0.3561,0.3498,0.3426,0.3344,0.3252,0.3148,0.3032,0.2902,0.2755,0.2588,0.2392,0.2154,0.1834,0.1182
51360,0.3758,0.3754,0.3742,0.3721,0.3693,0.3656,0.3611,0.3557,0.3494,0.3422,0.3340,0.3248,0.3145,0.3029,0.2899,0.2752,0.2585,0.2389,0.2151,0.1832,0.1179
51420,0.3753,0.3749,0.3737,0.3717,0.3688,0.3652,0.3606,0.3553,0.3490,0.3418,0.3336,0.3244,0.3141,0.3025,0.2896,0.2749,0.2582,0.2387,0.2149,0.1830,0.1177
51480,0.3749,0.3744,0.3732,0.3712,0.3684,0.3647,0.3602,0.3548,0.3486,0.3414,0.3332,0.3240,0.3137,0.3022,0.2892,0.2746,0.2579,0.2384,0.2147,0.1828,0.1174
51540,0.3744,0.3740,0.3728,0.3708,0.3679,0.3643,0.3598,0.3544,0.3481,0.3410,0.3328,0.3237,0.3134,0.3018,0.2889,0.2743,0.2576,0.2382,0.2145,0.1826,0.1172
51600,0.3739,0.3735,0.3723,0.3703,0.3675,0.3638,0.3593,0.3540,0.3477,0.3406,0.3324,0.3233,0.3130,0.3015,0.2886,0.2740,0.2573,0.2379,0.2142,0.1824,0.1170
51660,0.3735,0.3731,0.3718,0.3698,0.3670,0.3634,0.3589,0.3535,0.3473,0.3402,0.3320,0.3229,0.3126,0.3011,0.2882,0.2737,0.2571,0.2376,0.2140,0.1822,0.1167
51720,0.3730,0.3726,0.3714,0.3694,0.3666,0.3629,0.3584,0.3531,0.3469,0.3398,0.3316,0.3225,0.3123,0.3008,0.2879,0.2734,0.2568,0.2374,0.2138,0.1820,0.1165
51780,0.3725,0.3721,0.3709,0.3689,0.3661,0.3625,0.3580,0.3527,0.3465,0.3393,0.3313,0.3221,0.3119,0.3005,0.2876,0.2731,0.2565,0.2371,0.2135,0.1819,0.1163
51840,0.3721,0.3717,0.3705,0.3685,0.3657,0.3620,0.3576,0.3523,0.3461,0.3389,0.3309,0.3218,0.3116,0.3001,0.2873,0.2728,0.2562,0.2369,0.2133,0.1817,0.1160
51900,0.3716,0.3712,0.3700,0.3680,0.3652,0.3616,0.3571,0.3518,0.3456,0.3385,0.3305,0.3214,0.3112,0.2998,0.2870,0.2725,0.2560,0.2366,0.2131,0.1815,0.1158
51960,0.3712,0.3708,0.3696,0.3676,0.3648,0.3612,0.3567,0.3514,0.3452,0.3381,0.3301,0.3210,0.3108,0.2994,0.2866,0.2722,0.2557,0.2364,0.2129,0.1813,0.1156
52020,0.3707,0.3703,0.3691,0.3671,0.3643,0.3607,0.3563,0.3510,0.3448,0.3377,0.3297,0.3206,0.3105,0.2991,0.2863,0.2719,0.2554,0.2361,0.2127,0.1811,0.1153
52080,0.3703,0.3699,0.3687,0.3667,0.3639,0.3603,0.3559,0.3506,0.3444,0.3373,0.3293,0.3203,0.3101,0.2988,0.2860,0.2716,0.2551,0.2359,0.2124,0.1809,0.1151
52140,0.3698,0.3694,0.3682,0.3662,0.3635,0.3599,0.3554,0.3502,0.3440,0.3369,0.3289,0.3199,0.3098,0.2984,0.2857,0.2713,0.2549,0.2356,0.2122,0.1807,0.1149
52200,0.3694,0.3690,0.3678,0.3658,0.3630,0.3594,0.3550,0.3497,0.3436,0.3366,0.3285,0.3195,0.3094,0.2981,0.2854,0.2710,0.2546,0.2354,0.2120,0.1805,0.1147
52260,0.3689,0.3685,0.3673,0.3654,0.3626,0.3590,0.3546,0.3493,0.3432,0.3362,0.3282,0.3192,0.3091,0.2977,0.2850,0.2707,0.2543,0.2351,0.2118,0.1803,0.1144
52320,0.3685,0.3681,0.3669,0.3649,0.3621,0.3586,0.3542,0.3489,0.3428,0.3358,0.3278,0.3188,0.3087,0.2974,0.2847,0.2704,0.2540,0.2349,0.2116,0.1802,0.1142
52380,0.3680,0.3676,0.3664,0.3645,0.3617,0.3581,0.3537,0.3485,0.3424,0.3354,0.3274,0.3184,0.3084,0.2971,0.2844,0.2701,0.2538,0.2347,0.2113,0.1800,0.1140
52440,0.3676,0.3672,0.3660,0.3640,0.3613,0.3577,0.3533,0.3481,0.3420,0.3350,0.3270,0.3181,0.3080,0.2967,0.2841,0.2698,0.2535,0.2344,0.2111,0.1798,0.1138
52500,0.3671,0.3667,0.3656,0.3636,0.3608,0.3573,0.3529,0.3477,0.3416,0.3346,0.3267,0.3177,0.3077,0.2964,0.2838,0.2695,0.2532,0.2342,0.2109,0.1796,0.1135
52560,0.3667,0.3663,0.3651,0.3632,0.3604,0.3569,0.3525,0.3473,0.3412,0.3342,0.3263,0.3173,0.3073,0.2961,0.2835,0.2692,0.2530,0.2339,0.2107,0.1794,0.1133
52620,0.3662,0.3658,0.3647,0.3627,0.3600,0.3564,0.3521,0.3468,0.3408,0.3338,0.3259,0.3170,0.3070,0.2958,0.2832,0.2689,0.2527,0.2337,0.2105,0.1792,0.1131
52680,0.3658,0.3654,0.3642,0.3623,0.3595,0.3560,0.3516,0.3464,0.3404,0.3334,0.3255,0.3166,0.3066,0.2954,0.2829,0.2687,0.2524,0.2334,0.2103,0.1791,0.1129
52740,0.3654,0.3650,0.3638,0.3619,0.3591,0.3556,0.3512,0.3460,0.3400,0.3330,0.3252,0.3163,0.3063,0.2951,0.2826,0.2684,0.2522,0.2332,0.2101,0.1789,0.1127
52800,0.3649,0.3645,0.3634,0.3614,0.3587,0.3552,0.3508,0.3456,0.3396,0.3327,0.3248,0.3159,0.3059,0.2948,0.2822,0.2681,0.2519,0.2330,0.2099,0.1787,0.1125
52860,0.3645,0.3641,0.3629,0.3610,0.3583,0.3547,0.3504,0.3452,0.3392,0.3323,0.3244,0.3156,0.3056,0.2945,0.2819,0.2678,0.2516,0.2327,0.2097,0.1785,0.1122
52920,0.3641,0.3637,0.3625,0.3606,0.3578,0.3543,0.3500,0.3448,0.3388,0.3319,0.3240,0.3152,0.3053,0.2941,0.2816,0.2675,0.2514,0.2325,0.2094,0.1783,0.1120
52980,0.3636,0.3632,0.3621,0.3601,0.3574,0.3539,0.3496,0.3444,0.3384,0.3315,0.3237,0.3148,0.3049,0.2938,0.2813,0.2672,0.2511,0.2323,0.2092,0.1782,0.1118
53040,0.3632,0.3628,0.3617,0.3597,0.3570,0.3535,0.3492,0.3440,0.3380,0.3311,0.3233,0.3145,0.3046,0.2935,0.2810,0.2670,0.2509,0.2320,0.2090,0.1780,0.1116
53100,0.3628,0.3624,0.3612,0.3593,0.3566,0.3531,0.3488,0.3436,0.3376,0.3308,0.3229,0.3141,0.3043,0.2932,0.2807,0.2667,0.2506,0.2318,0.2088,0.1778,0.1114
53160,0.3623,0.3620,0.3608,0.3589,0.3562,0.3527,0.3484,0.3432,0.3372,0.3304,0.3226,0.3138,0.3039,0.2929,0.2804,0.2664,0.2503,0.2316,0.2086,0.1776,0.1112
53220,0.3619,0.3615,0.3604,0.3585,0.3557,0.3523,0.3480,0.3428,0.3369,0.3300,0.3222,0.3134,0.3036,0.2925,0.2801,0.2661,0.2501,0.2313,0.2084,0.1775,0.1110
53280,0.3615,0.3611,0.3600,0.3580,0.3553,0.3518,0.3476,0.3424,0.3365,0.3296,0.3219,0.3131,0.3032,0.2922,0.2798,0.2658,0.2498,0.2311,0.2082,0.1773,0.1108
53340,0.3611,0.3607,0.3595,0.3576,0.3549,0.3514,0.3472,0.3420,0.3361,0.3293,0.3215,0.3127,0.3029,0.2919,0.2795,0.2656,0.2496,0.2309,0.2080,0.1771,0.1106
53400,0.3606,0.3603,0.3591,0.3572,0.3545,0.3510,0.3468,0.3417,0.3357,0.3289,0.3211,0.3124,0.3026,0.2916,0.2792,0.2653,0.2493,0.2306,0.2078,0.1770,0.1104
53460,0.3602,0.3598,0.3587,0.3568,0.3541,0.3506,0.3464,0.3413,0.3353,0.3285,0.3208,0.3121,0.3023,0.2913,0.2789,0.2650,0.2491,0.2304,0.2076,0.1768,0.1102
53520,0.3598,0.3594,0.3583,0.3564,0.3537,0.3502,0.3460,0.3409,0.3349,0.3281,0.3204,0.3117,0.3019,0.2910,0.2787,0.2647,0.2488,0.2302,0.2074,0.1766,0.1100
53580,0.3594,0.3590,0.3579,0.3560,0.3533,0.3498,0.3456,0.3405,0.3346,0.3278,0.3201,0.3114,0.3016,0.2907,0.2784,0.2645,0.2486,0.2299,0.2072,0.1764,0.1098
53640,0.3590,0.3586,0.3574,0.3555,0.3529,0.3494,0.3452,0.3401,0.3342,0.3274,0.3197,0.3110,0.3013,0.2903,0.2781,0.2642,0.2483,0.2297,0.2070,0.1763,0.1096
53700,0.3586,0.3582,0.3570,0.3551,0.3525,0.3490,0.3448,0.3397,0.3338,0.3270,0.3194,0.3107,0.3009,0.2900,0.2778,0.2639,0.2481,0.2295,0.2068,0.1761,0.1094
53760,0.3581,0.3578,0.3566,0.3547,0.3521,0.3486,0.3444,0.3393,0.3334,0.3267,0.3190,0.3103,0.3006,0.2897,0.2775,0.2636,0.2478,0.2293,0.2066,0.1759,0.1092
53820,0.3577,0.3573,0.3562,0.3543,0.3517,0.3482,0.3440,0.3389,0.3331,0.3263,0.3186,0.3100,0.3003,0.2894,0.2772,0.2634,0.2476,0.2290,0.2064,0.1758,0.1090
53880,0.3573,0.3569,0.3558,0.3539,0.3513,0.3478,0.3436,0.3386,0.3327,0.3260,0.3183,0.3097,0.3000,0.2891,0.2769,0.2631,0.2473,0.2288,0.2062,0.1756,0.1088
53940,0.3569,0.3565,0.3554,0.3535,0.3508,0.3474,0.3432,0.3382,0.3323,0.3256,0.3179,0.3093,0.2997,0.2888,0.2766,0.2628,0.2471,0.2286,0.2060,0.1754,0.1086
54000,0.3565,0.3561,0.3550,0.3531,0.3504,0.3470,0.3428,0.3378,0.3320,0.3252,0.3176,0.3090,0.2993,0.2885,0.2763,0.2626,0.2468,0.2284,0.2058,0.1753,0.1084
54060,0.3561,0.3557,0.3546,0.3527,0.3501,0.3466,0.3424,0.3374,0.3316,0.3249,0.3173,0.3087,0.2990,0.2882,0.2760,0.2623,0.2466,0.2282,0.2056,0.1751,0.1082
54120,0.3557,0.3553,0.3542,0.3523,0.3497,0.3462,0.3420,0.3370,0.3312,0.3245,0.3169,0.3083,0.2987,0.2879,0.2758,0.2620,0.2463,0.2279,0.2054,0.1750,0.1080
54180,0.3553,0.3549,0.3538,0.3519,0.3493,0.3459,0.3417,0.3367,0.3308,0.3242,0.3166,0.3080,0.2984,0.2876,0.2755,0.2618,0.2461,0.2277,0.2052,0.1748,0.1078
54240,0.3549,0.3545,0.3534,0.3515,0.3489,0.3455,0.3413,0.3363,0.3305,0.3238,0.3162,0.3077,0.2981,0.2873,0.2752,0.2615,0.2458,0.2275,0.2051,0.1746,0.1076
54300,0.3545,0.3541,0.3530,0.3511,0.3485,0.3451,0.3409,0.3359,0.3301,0.3234,0.3159,0.3073,0.2977,0.2870,0.2749,0.2612,0.2456,0.2273,0.2049,0.1745,0.1074
54360,0.3541,0.3537,0.3526,0.3507,0.3481,0.3447,0.3405,0.3355,0.3298,0.3231,0.3155,0.3070,0.2974,0.2867,0.2746,0.2610,0.2454,0.2271,0.2047,0.1743,0.1072
54420,0.3537,0.3533,0.3522,0.3503,0.3477,0.3443,0.3401,0.3352,0.3294,0.3227,0.3152,0.3067,0.2971,0.2864,0.2743,0.2607,0.2451,0.2268,0.2045,0.1742,0.1070
54480,0.3533,0.3529,0.3518,0.3499,0.3473,0.3439,0.3398,0.3348,0.3290,0.3224,0.3149,0.3064,0.2968,0.2861,0.2741,0.2605,0.2449,0.2266,0.2043,0.1740,0.1068
54540,0.3529,0.3525,0.3514,0.3495,0.3469,0.3435,0.3394,0.3344,0.3287,0.3220,0.3145,0.3060,0.2965,0.2858,0.2738,0.2602,0.2446,0.2264,0.2041,0.1738,0.1067
54600,0.3525,0.3521,0.3510,0.3491,0.3465,0.3432,0.3390,0.3341,0.3283,0.3217,0.3142,0.3057,0.2962,0.2855,0.2735,0.2599,0.2444,0.2262,0.2039,0.1737,0.1065
54660,0.3521,0.3517,0.3506,0.3487,0.3461,0.3428,0.3386,0.3337,0.3279,0.3213,0.3138,0.3054,0.2959,0.2852,0.2732,0.2597,0.2442,0.2260,0.2037,0.1735,0.1063
54720,0.3517,0.3513,0.3502,0.3483,0.3457,0.3424,0.3383,0.3333,0.3276,0.3210,0.3135,0.3051,0.2956,0.2849,0.2730,0.2594,0.2439,0.2258,0.2035,0.1734,0.1061
54780,0.3513,0.3509,0.3498,0.3480,0.3454,0.3420,0.3379,0.3330,0.3272,0.3207,0.3132,0.3047,0.2953,0.2846,0.2727,0.2592,0.2437,0.2256,0.2034,0.1732,0.1059
54840,0.3509,0.3505,0.3494,0.3476,0.3450,0.3416,0.3375,0.3326,0.3269,0.3203,0.3128,0.3044,0.2949,0.2843,0.2724,0.2589,0.2435,0.2254,0.2032,0.1731,0.1057
54900,0.3505,0.3501,0.3490,0.3472,0.3446,0.3413,0.3371,0.3322,0.3265,0.3200,0.3125,0.3041,0.2946,0.2840,0.2721,0.2587,0.2432,0.2251,0.2030,0.1729,0.1056
54960,0.3501,0.3497,0.3486,0.3468,0.3442,0.3409,0.3368,0.3319,0.3262,0.3196,0.3122,0.3038,0.2943,0.2838,0.2719,0.2584,0.2430,0.2249,0.2028,0.1727,0.1054
55020,0.3497,0.3493,0.3482,0.3464,0.3438,0.3405,0.3364,0.3315,0.3258,0.3193,0.3118,0.3035,0.2940,0.2835,0.2716,0.2581,0.2428,0.2247,0.2026,0.1726,0.1052
55080,0.3493,0.3490,0.3479,0.3460,0.3435,0.3401,0.3360,0.3312,0.3255,0.3189,0.3115,0.3031,0.2937,0.2832,0.2713,0.2579,0.2425,0.2245,0.2024,0.1724,0.1050
55140,0.3489,0.3486,0.3475,0.3456,0.3431,0.3398,0.3357,0.3308,0.3251,0.3186,0.3112,0.3028,0.2934,0.2829,0.2710,0.2576,0.2423,0.2243,0.2023,0.1723,0.1048
55200,0.3485,0.3482,0.3471,0.3453,0.3427,0.3394,0.3353,0.3304,0.3248,0.3183,0.3109,0.3025,0.2931,0.2826,0.2708,0.2574,0.2421,0.2241,0.2021,0.1721,0.1047
55260,0.3482,0.3478,0.3467,0.3449,0.3423,0.3390,0.3349,0.3301,0.3244,0.3179,0.3105,0.3022,0.2928,0.2823,0.2705,0.2571,0.2418,0.2239,0.2019,0.1720,0.1045
55320,0.3478,0.3474,0.3463,0.3445,0.3419,0.3386,0.3346,0.3297,0.3241,0.3176,0.3102,0.3019,0.2925,0.2820,0.2702,0.2569,0.2416,0.2237,0.2017,0.1718,0.1043
55380,0.3474,0.3470,0.3459,0.3441,0.3416,0.3383,0.3342,0.3294,0.3237,0.3172,0.3099,0.3016,0.2922,0.2818,0.2700,0.2566,0.2414,0.2235,0.2015,0.1717,0.1041
55440,0.3470,0.3466,0.3456,0.3438,0.3412,0.3379,0.3339,0.3290,0.3234,0.3169,0.3096,0.3013,0.2919,0.2815,0.2697,0.2564,0.2412,0.2233,0.2014,0.1715,0.1040
55500,0.3466,0.3463,0.3452,0.3434,0.3408,0.3375,0.3335,0.3287,0.3230,0.3166,0.3092,0.3009,0.2916,0.2812,0.2694,0.2562,0.2409,0.2231,0.2012,0.1714,0.1038
55560,0.3463,0.3459,0.3448,0.3430,0.3405,0.3372,0.3331,0.3283,0.3227,0.3162,0.3089,0.3006,0.2913,0.2809,0.2692,0.2559,0.2407,0.2229,0.2010,0.1712,0.1036
55620,0.3459,0.3455,0.3444,0.3426,0.3401,0.3368,0.3328,0.3280,0.3224,0.3159,0.3086,0.3003,0.2910,0.2806,0.2689,0.2557,0.2405,0.2227,0.2008,0.1711,0.1034
55680,0.3455,0.3451,0.3441,0.3423,0.3397,0.3365,0.3324,0.3276,0.3220,0.3156,0.3083,0.3000,0.2907,0.2803,0.2687,0.2554,0.2403,0.2225,0.2006,0.1709,0.1033
55740,0.3451,0.3448,0.3437,0.3419,0.3394,0.3361,0.3321,0.3273,0.3217,0.3153,0.3079,0.2997,0.2905,0.2801,0.2684,0.2552,0.2400,0.2223,0.2005,0.1708,0.1031
55800,0.3448,0.3444,0.3433,0.3415,0.3390,0.3357,0.3317,0.3269,0.3213,0.3149,0.3076,0.2994,0.2902,0.2798,0.2681,0.2549,0.2398,0.2221,0.2003,0.1707,0.1029
55860,0.3444,0.3440,0.3429,0.3412,0.3386,0.3354,0.3314,0.3266,0.3210,0.3146,0.3073,0.2991,0.2899,0.2795,0.2679,0.2547,0.2396,0.2219,0.2001,0.1705,0.1028
55920,0.3440,0.3436,0.3426,0.3408,0.3383,0.3350,0.3310,0.3262,0.3207,0.3143,0.3070,0.2988,0.2896,0.2792,0.2676,0.2544,0.2394,0.2217,0.1999,0.1704,0.1026
55980,0.3436,0.3433,0.3422,0.3404,0.3379,0.3347,0.3307,0.3259,0.3203,0.3139,0.3067,0.2985,0.2893,0.2790,0.2674,0.2542,0.2391,0.2215,0.1998,0.1702,0.1024
56040,0.3433,0.3429,0.3418,0.3401,0.3375,0.3343,0.3303,0.3255,0.3200,0.3136,0.3064,0.2982,0.2890,0.2787,0.2671,0.2540,0.2389,0.2213,0.1996,0.1701,0.1023
56100,0.3429,0.3425,0.3415,0.3397,0.3372,0.3339,0.3300,0.3252,0.3197,0.3133,0.3061,0.2979,0.2887,0.2784,0.2668,0.2537,0.2387,0.2211,0.1994,0.1699,0.1021
56160,0.3425,0.3422,0.3411,0.3393,0.3368,0.3336,0.3296,0.3249,0.3193,0.3130,0.3057,0.2976,0.2884,0.2781,0.2666,0.2535,0.2385,0.2209,0.1993,0.1698,0.1019
56220,0.3422,0.3418,0.3407,0.3390,0.3365,0.3332,0.3293,0.3245,0.3190,0.3127,0.3054,0.2973,0.2881,0.2779,0.2663,0.2532,0.2383,0.2207,0.1991,0.1697,0.1018
56280,0.3418,0.3414,0.3404,0.3386,0.3361,0.3329,0.3289,0.3242,0.3187,0.3123,0.3051,0.2970,0.2879,0.2776,0.2661,0.2530,0.2380,0.2205,0.1989,0.1695,0.1016
56340,0.3414,0.3411,0.3400,0.3382,0.3358,0.3325,0.3286,0.3239,0.3183,0.3120,0.3048,0.2967,0.2876,0.2773,0.2658,0.2528,0.2378,0.2203,0.1987,0.1694,0.1015
56400,0.3411,0.3407,0.3397,0.3379,0.3354,0.3322,0.3282,0.3235,0.3180,0.3117,0.3045,0.2964,0.2873,0.2771,0.2656,0.2525,0.2376,0.2201,0.1986,0.1692,0.1013
56460,0.3407,0.3404,0.3393,0.3375,0.3350,0.3318,0.3279,0.3232,0.3177,0.3114,0.3042,0.2961,0.2870,0.2768,0.2653,0.2523,0.2374,0.2199,0.1984,0.1691,0.1011
56520,0.3403,0.3400,0.3389,0.3372,0.3347,0.3315,0.3275,0.3228,0.3174,0.3111,0.3039,0.2958,0.2867,0.2765,0.2651,0.2521,0.2372,0.2197,0.1982,0.1690,0.1010
56580,0.3400,0.3396,0.3386,0.3368,0.3343,0.3311,0.3272,0.3225,0.3170,0.3107,0.3036,0.2955,0.2864,0.2763,0.2648,0.2518,0.2370,0.2195,0.1981,0.1688,0.1008
56640,0.3396,0.3393,0.3382,0.3365,0.3340,0.3308,0.3269,0.3222,0.3167,0.3104,0.3033,0.2952,0.2862,0.2760,0.2646,0.2516,0.2368,0.2193,0.1979,0.1687,0.1007
56700,0.3393,0.3389,0.3379,0.3361,0.3336,0.3305,0.3265,0.3218,0.3164,0.3101,0.3030,0.2949,0.2859,0.2757,0.2643,0.2514,0.2365,0.2191,0.1977,0.1685,0.1005
56760,0.3389,0.3386,0.3375,0.3358,0.3333,0.3301,0.3262,0.3215,0.3161,0.3098,0.3027,0.2946,0.2856,0.2755,0.2641,0.2511,0.2363,0.2189,0.1976,0.1684,0.1003
56820,0.3386,0.3382,0.3372,0.3354,0.3329,0.3298,0.3259,0.3212,0.3157,0.3095,0.3024,0.2943,0.2853,0.2752,0.2638,0.2509,0.2361,0.2187,0.1974,0.1683,0.1002
56880,0.3382,0.3378,0.3368,0.3351,0.3326,0.3294,0.3255,0.3209,0.3154,0.3092,0.3021,0.2941,0.2851,0.2749,0.2636,0.2507,0.2359,0.2186,0.1972,0.1681,0.1000
56940,0.3378,0.3375,0.3365,0.3347,0.3323,0.3291,0.3252,0.3205,0.3151,0.3089,0.3018,0.2938,0.2848,0.2747,0.2633,0.2505,0.2357,0.2184,0.1971,0.1680,0.0999
57000,0.3375,0.3371,0.3361,0.3344,0.3319,0.3287,0.3248,0.3202,0.3148,0.3086,0.3015,0.2935,0.2845,0.2744,0.2631,0.2502,0.2355,0.2182,0.1969,0.1679,0.0997
57060,0.3371,0.3368,0.3357,0.3340,0.3316,0.3284,0.3245,0.3199,0.3145,0.3082,0.3012,0.2932,0.2842,0.2742,0.2628,0.2500,0.2353,0.2180,0.1967,0.1677,0.0996
57120,0.3368,0.3364,0.3354,0.3337,0.3312,0.3281,0.3242,0.3195,0.3141,0.3079,0.3009,0.2929,0.2840,0.2739,0.2626,0.2498,0.2351,0.2178,0.1966,0.1676,0.0994
57180,0.3364,0.3361,0.3351,0.3333,0.3309,0.3277,0.3239,0.3192,0.3138,0.3076,0.3006,0.2926,0.2837,0.2736,0.2623,0.2495,0.2349,0.2176,0.1964,0.1675,0.0993
57240,0.3361,0.3357,0.3347,0.3330,0.3305,0.3274,0.3235,0.3189,0.3135,0.3073,0.3003,0.2923,0.2834,0.2734,0.2621,0.2493,0.2347,0.2174,0.1963,0.1673,0.0991
57300,0.3357,0.3354,0.3344,0.3326,0.3302,0.3271,0.3232,0.3186,0.3132,0.3070,0.3000,0.2921,0.2831,0.2731,0.2619,0.2491,0.2345,0.2172,0.1961,0.1672,0.0990
57360,0.3354,0.3350,0.3340,0.3323,0.3299,0.3267,0.3229,0.3183,0.3129,0.3067,0.2997,0.2918,0.2829,0.2729,0.2616,0.2489,0.2342,0.2171,0.1959,0.1671,0.0988
57420,0.3351,0.3347,0.3337,0.3320,0.3295,0.3264,0.3225,0.3179,0.3126,0.3064,0.2994,0.2915,0.2826,0.2726,0.2614,0.2486,0.2340,0.2169,0.1958,0.1669,0.0987
57480,0.3347,0.3344,0.3333,0.3316,0.3292,0.3261,0.3222,0.3176,0.3123,0.3061,0.2991,0.2912,0.2823,0.2724,0.2611,0.2484,0.2338,0.2167,0.1956,0.1668,0.0985
57540,0.3344,0.3340,0.3330,0.3313,0.3289,0.3257,0.3219,0.3173,0.3120,0.3058,0.2988,0.2909,0.2821,0.2721,0.2609,0.2482,0.2336,0.2165,0.1955,0.1667,0.0984
57600,0.3340,0.3337,0.3326,0.3309,0.3285,0.3254,0.3216,0.3170,0.3116,0.3055,0.2985,0.2906,0.2818,0.2718,0.2607,0.2480,0.2334,0.2163,0.1953,0.1665,0.0982
57660,0.3337,0.3333,0.3323,0.3306,0.3282,0.3251,0.3212,0.3167,0.3113,0.3052,0.2982,0.2904,0.2815,0.2716,0.2604,0.2478,0.2332,0.2161,0.1951,0.1664,0.0981
57720,0.3333,0.3330,0.3320,0.3303,0.3279,0.3247,0.3209,0.3164,0.3110,0.3049,0.2979,0.2901,0.2813,0.2713,0.2602,0.2475,0.2330,0.2160,0.1950,0.1663,0.0979
57780,0.3330,0.3327,0.3316,0.3299,0.3275,0.3244,0.3206,0.3160,0.3107,0.3046,0.2977,0.2898,0.2810,0.2711,0.2599,0.2473,0.2328,0.2158,0.1948,0.1662,0.0978
57840,0.3327,0.3323,0.3313,0.3296,0.3272,0.3241,0.3203,0.3157,0.3104,0.3043,0.2974,0.2895,0.2807,0.2708,0.2597,0.2471,0.2326,0.2156,0.1947,0.1660,0.0976
57900,0.3323,0.3320,0.3310,0.3293,0.3269,0.3238,0.3200,0.3154,0.3101,0.3040,0.2971,0.2893,0.2805,0.2706,0.2595,0.2469,0.2324,0.2154,0.1945,0.1659,0.0975
57960,0.3320,0.3316,0.3306,0.3289,0.3265,0.3234,0.3196,0.3151,0.3098,0.3037,0.2968,0.2890,0.2802,0.2703,0.2592,0.2467,0.2322,0.2152,0.1944,0.1658,0.0974
58020,0.3316,0.3313,0.3303,0.3286,0.3262,0.3231,0.3193,0.3148,0.3095,0.3034,0.2965,0.2887,0.2799,0.2701,0.2590,0.2464,0.2320,0.2151,0.1942,0.1656,0.0972
58080,0.3313,0.3310,0.3300,0.3283,0.3259,0.3228,0.3190,0.3145,0.3092,0.3031,0.2962,0.2884,0.2797,0.2698,0.2588,0.2462,0.2318,0.2149,0.1941,0.1655,0.0971
58140,0.3310,0.3306,0.3296,0.3279,0.3255,0.3225,0.3187,0.3142,0.3089,0.3028,0.2959,0.2882,0.2794,0.2696,0.2585,0.2460,0.2316,0.2147,0.1939,0.1654,0.0969
58200,0.3306,0.3303,0.3293,0.3276,0.3252,0.3222,0.3184,0.3139,0.3086,0.3025,0.2957,0.2879,0.2792,0.2694,0.2583,0.2458,0.2314,0.2145,0.1937,0.1653,0.0968
58260,0.3303,0.3300,0.3290,0.3273,0.3249,0.3218,0.3181,0.3135,0.3083,0.3023,0.2954,0.2876,0.2789,0.2691,0.2581,0.2456,0.2312,0.2144,0.1936,0.1651,0.0966
58320,0.3300,0.3296,0.3286,0.3269,0.3246,0.3215,0.3177,0.3132,0.3080,0.3020,0.2951,0.2874,0.2786,0.2689,0.2578,0.2454,0.2310,0.2142,0.1934,0.1650,0.0965
58380,0.3297,0.3293,0.3283,0.3266,0.3243,0.3212,0.3174,0.3129,0.3077,0.3017,0.2948,0.2871,0.2784,0.2686,0.2576,0.2452,0.2308,0.2140,0.1933,0.1649,0.0964
58440,0.3293,0.3290,0.3280,0.3263,0.3239,0.3209,0.3171,0.3126,0.3074,0.3014,0.2945,0.2868,0.2781,0.2684,0.2574,0.2449,0.2306,0.2138,0.1931,0.1648,0.0962
58500,0.3290,0.3287,0.3276,0.3260,0.3236,0.3206,0.3168,0.3123,0.3071,0.3011,0.2943,0.2865,0.2779,0.2681,0.2572,0.2447,0.2305,0.2137,0.1930,0.1646,0.0961
58560,0.3287,0.3283,0.3273,0.3257,0.3233,0.3202,0.3165,0.3120,0.3068,0.3008,0.2940,0.2863,0.2776,0.2679,0.2569,0.2445,0.2303,0.2135,0.1928,0.1645,0.0960
58620,0.3283,0.3280,0.3270,0.3253,0.3230,0.3199,0.3162,0.3117,0.3065,0.3005,0.2937,0.2860,0.2774,0.2676,0.2567,0.2443,0.2301,0.2133,0.1927,0.1644,0.0958
58680,0.3280,0.3277,0.3267,0.3250,0.3227,0.3196,0.3159,0.3114,0.3062,0.3002,0.2934,0.2858,0.2771,0.2674,0.2565,0.2441,0.2299,0.2131,0.1925,0.1643,0.0957
58740,0.3277,0.3274,0.3264,0.3247,0.3223,0.3193,0.3156,0.3111,0.3059,0.3000,0.2932,0.2855,0.2769,0.2672,0.2563,0.2439,0.2297,0.2130,0.1924,0.1642,0.0956
58800,0.3274,0.3270,0.3260,0.3244,0.3220,0.3190,0.3153,0.3108,0.3056,0.2997,0.2929,0.2852,0.2766,0.2669,0.2560,0.2437,0.2295,0.2128,0.1922,0.1640,0.0954
58860,0.3270,0.3267,0.3257,0.3240,0.3217,0.3187,0.3150,0.3105,0.3053,0.2994,0.2926,0.2850,0.2764,0.2667,0.2558,0.2435,0.2293,0.2126,0.1921,0.1639,0.0953
58920,0.3267,0.3264,0.3254,0.3237,0.3214,0.3184,0.3147,0.3102,0.3050,0.2991,0.2923,0.2847,0.2761,0.2665,0.2556,0.2433,0.2291,0.2125,0.1919,0.1638,0.0952
58980,0.3264,0.3261,0.3251,0.3234,0.3211,0.3181,0.3144,0.3099,0.3048,0.2988,0.2921,0.2844,0.2759,0.2662,0.2554,0.2431,0.2289,0.2123,0.1918,0.1637,0.0950
59040,0.3261,0.3257,0.3248,0.3231,0.3208,0.3178,0.3140,0.3096,0.3045,0.2985,0.2918,0.2842,0.2756,0.2660,0.2551,0.2428,0.2287,0.2121,0.1916,0.1636,0.0949
59100,0.3258,0.3254,0.3244,0.3228,0.3205,0.3175,0.3137,0.3093,0.3042,0.2983,0.2915,0.2839,0.2754,0.2657,0.2549,0.2426,0.2285,0.2119,0.1915,0.1634,0.0948
59160,0.3254,0.3251,0.3241,0.3225,0.3201,0.3171,0.3134,0.3090,0.3039,0.2980,0.2912,0.2837,0.2751,0.2655,0.2547,0.2424,0.2284,0.2118,0.1914,0.1633,0.0946
59220,0.3251,0.3248,0.3238,0.3222,0.3198,0.3168,0.3131,0.3087,0.3036,0.2977,0.2910,0.2834,0.2749,0.2653,0.2545,0.2422,0.2282,0.2116,0.1912,0.1632,0.0945
59280,0.3248,0.3245,0.3235,0.3218,0.3195,0.3165,0.3128,0.3085,0.3033,0.2974,0.2907,0.2831,0.2746,0.2650,0.2543,0.2420,0.2280,0.2114,0.1911,0.1631,0.0944
59340,0.3245,0.3242,0.3232,0.3215,0.3192,0.3162,0.3125,0.3082,0.3030,0.2971,0.2904,0.2829,0.2744,0.2648,0.2540,0.2418,0.2278,0.2113,0.1909,0.1630,0.0942
59400,0.3242,0.3238,0.3229,0.3212,0.3189,0.3159,0.3123,0.3079,0.3028,0.2969,0.2902,0.2826,0.2741,0.2646,0.2538,0.2416,0.2276,0.2111,0.1908,0.1628,0.0941
59460,0.3239,0.3235,0.3225,0.3209,0.3186,0.3156,0.3120,0.3076,0.3025,0.2966,0.2899,0.2824,0.2739,0.2643,0.2536,0.2414,0.2274,0.2109,0.1906,0.1627,0.0940
59520,0.3235,0.3232,0.3222,0.3206,0.3183,0.3153,0.3117,0.3073,0.3022,0.2963,0.2896,0.2821,0.2736,0.2641,0.2534,0.2412,0.2272,0.2108,0.1905,0.1626,0.0939
59580,0.3232,0.3229,0.3219,0.3203,0.3180,0.3150,0.3114,0.3070,0.3019,0.2960,0.2894,0.2819,0.2734,0.2639,0.2532,0.2410,0.2271,0.2106,0.1903,0.1625,0.0937
59640,0.3229,0.3226,0.3216,0.3200,0.3177,0.3147,0.3111,0.3067,0.3016,0.2958,0.2891,0.2816,0.2731,0.2637,0.2530,0.2408,0.2269,0.2104,0.1902,0.1624,0.0936
59700,0.3226,0.3223,0.3213,0.3197,0.3174,0.3144,0.3108,0.3064,0.3013,0.2955,0.2889,0.2814,0.2729,0.2634,0.2527,0.2406,0.2267,0.2103,0.1901,0.1623,0.0935
59760,0.3223,0.3220,0.3210,0.3194,0.3171,0.3141,0.3105,0.3061,0.3011,0.2952,0.2886,0.2811,0.2727,0.2632,0.2525,0.2404,0.2265,0.2101,0.1899,0.1621,0.0934
59820,0.3220,0.3217,0.3207,0.3191,0.3168,0.3138,0.3102,0.3058,0.3008,0.2950,0.2883,0.2808,0.2724,0.2630,0.2523,0.2402,0.2263,0.2100,0.1898,0.1620,0.0932
59880,0.3217,0.3214,0.3204,0.3188,0.3165,0.3135,0.3099,0.3056,0.3005,0.2947,0.2881,0.2806,0.2722,0.2627,0.2521,0.2400,0.2261,0.2098,0.1896,0.1619,0.0931
59940,0.3214,0.3211,0.3201,0.3185,0.3162,0.3132,0.3096,0.3053,0.3002,0.2944,0.2878,0.2803,0.2719,0.2625,0.2519,0.2398,0.2260,0.2096,0.1895,0.1618,0.0930
60000,0.3211,0.3207,0.3198,0.3182,0.3159,0.3129,0.3093,0.3050,0.2999,0.2941,0.2875,0.2801,0.2717,0.2623,0.2517,0.2396,0.2258,0.2095,0.1894,0.1617,0.0929
60060,0.3208,0.3204,0.3195,0.3179,0.3156,0.3126,0.3090,0.3047,0.2997,0.2939,0.2873,0.2798,0.2715,0.2621,0.2515,0.2394,0.2256,0.2093,0.1892,0.1616,0.0927
60120,0.3205,0.3201,0.3192,0.3176,0.3153,0.3124,0.3087,0.3044,0.2994,0.2936,0.2870,0.2796,0.2712,0.2618,0.2512,0.2392,0.2254,0.2091,0.1891,0.1615,0.0926
60180,0.3202,0.3198,0.3189,0.3173,0.3150,0.3121,0.3085,0.3041,0.2991,0.2933,0.2868,0.2794,0.2710,0.2616,0.2510,0.2390,0.2252,0.2090,0.1889,0.1614,0.0925
60240,0.3199,0.3195,0.3186,0.3170,0.3147,0.3118,0.3082,0.3039,0.2989,0.2931,0.2865,0.2791,0.2708,0.2614,0.2508,0.2388,0.2251,0.2088,0.1888,0.1612,0.0924
60300,0.3196,0.3192,0.3183,0.3167,0.3144,0.3115,0.3079,0.3036,0.2986,0.2928,0.2863,0.2789,0.2705,0.2612,0.2506,0.2386,0.2249,0.2087,0.1887,0.1611,0.0922
60360,0.3193,0.3189,0.3180,0.3164,0.3141,0.3112,0.3076,0.3033,0.2983,0.2926,0.2860,0.2786,0.2703,0.2609,0.2504,0.2384,0.2247,0.2085,0.1885,0.1610,0.0921
60420,0.3190,0.3186,0.3177,0.3161,0.3138,0.3109,0.3073,0.3030,0.2980,0.2923,0.2858,0.2784,0.2701,0.2607,0.2502,0.2383,0.2245,0.2083,0.1884,0.1609,0.0920
60480,0.3187,0.3183,0.3174,0.3158,0.3135,0.3106,0.3070,0.3028,0.2978,0.2920,0.2855,0.2781,0.2698,0.2605,0.2500,0.2381,0.2243,0.2082,0.1882,0.1608,0.0919
60540,0.3184,0.3180,0.3171,0.3155,0.3132,0.3103,0.3067,0.3025,0.2975,0.2918,0.2852,0.2779,0.2696,0.2603,0.2498,0.2379,0.2242,0.2080,0.1881,0.1607,0.0918
60600,0.3181,0.3177,0.3168,0.3152,0.3129,0.3100,0.3065,0.3022,0.2972,0.2915,0.2850,0.2776,0.2694,0.2601,0.2496,0.2377,0.2240,0.2079,0.1880,0.1606,0.0917
60660,0.3178,0.3174,0.3165,0.3149,0.3126,0.3098,0.3062,0.3019,0.2970,0.2912,0.2847,0.2774,0.2691,0.2598,0.2494,0.2375,0.2238,0.2077,0.1878,0.1605,0.0915
60720,0.3175,0.3171,0.3162,0.3146,0.3124,0.3095,0.3059,0.3017,0.2967,0.2910,0.2845,0.2772,0.2689,0.2596,0.2492,0.2373,0.2236,0.2076,0.1877,0.1604,0.0914
60780,0.3172,0.3168,0.3159,0.3143,0.3121,0.3092,0.3056,0.3014,0.2964,0.2907,0.2842,0.2769,0.2687,0.2594,0.2490,0.2371,0.2235,0.2074,0.1876,0.1602,0.0913
60840,0.3169,0.3166,0.3156,0.3140,0.3118,0.3089,0.3053,0.3011,0.2962,0.2905,0.2840,0.2767,0.2684,0.2592,0.2488,0.2369,0.2233,0.2072,0.1874,0.1601,0.0912
60900,0.3166,0.3163,0.3153,0.3137,0.3115,0.3086,0.3051,0.3008,0.2959,0.2902,0.2837,0.2764,0.2682,0.2590,0.2485,0.2367,0.2231,0.2071,0.1873,0.1600,0.0911
60960,0.3163,0.3160,0.3150,0.3134,0.3112,0.3083,0.3048,0.3006,0.2956,0.2900,0.2835,0.2762,0.2680,0.2588,0.2483,0.2365,0.2230,0.2069,0.1872,0.1599,0.0910
61020,0.3160,0.3157,0.3147,0.3132,0.3109,0.3081,0.3045,0.3003,0.2954,0.2897,0.2832,0.2760,0.2678,0.2585,0.2481,0.2363,0.2228,0.2068,0.1870,0.1598,0.0908
61080,0.3157,0.3154,0.3144,0.3129,0.3106,0.3078,0.3042,0.3000,0.2951,0.2894,0.2830,0.2757,0.2675,0.2583,0.2479,0.2362,0.2226,0.2066,0.1869,0.1597,0.0907
61140,0.3154,0.3151,0.3141,0.3126,0.3104,0.3075,0.3040,0.2998,0.2948,0.2892,0.2828,0.2755,0.2673,0.2581,0.2477,0.2360,0.2224,0.2065,0.1868,0.1596,0.0906
61200,0.3151,0.3148,0.3139,0.3123,0.3101,0.3072,0.3037,0.2995,0.2946,0.2889,0.2825,0.2752,0.2671,0.2579,0.2475,0.2358,0.2223,0.2063,0.1866,0.1595,0.0905
61260,0.3148,0.3145,0.3136,0.3120,0.3098,0.3069,0.3034,0.2992,0.2943,0.2887,0.2823,0.2750,0.2669,0.2577,0.2473,0.2356,0.2221,0.2062,0.1865,0.1594,0.0904
61320,0.3145,0.3142,0.3133,0.3117,0.3095,0.3067,0.3031,0.2989,0.2941,0.2884,0.2820,0.2748,0.2666,0.2575,0.2471,0.2354,0.2219,0.2060,0.1864,0.1593,0.0903
61380,0.3143,0.3139,0.3130,0.3114,0.3092,0.3064,0.3029,0.2987,0.2938,0.2882,0.2818,0.2745,0.2664,0.2573,0.2469,0.2352,0.2218,0.2059,0.1862,0.1592,0.0902
61440,0.3140,0.3137,0.3127,0.3112,0.3089,0.3061,0.3026,0.2984,0.2935,0.2879,0.2815,0.2743,0.2662,0.2570,0.2467,0.2350,0.2216,0.2057,0.1861,0.1591,0.0901
61500,0.3137,0.3134,0.3124,0.3109,0.3087,0.3058,0.3023,0.2982,0.2933,0.2877,0.2813,0.2741,0.2660,0.2568,0.2465,0.2349,0.2214,0.2056,0.1860,0.1590,0.0900
61560,0.3134,0.3131,0.3121,0.3106,0.3084,0.3056,0.3021,0.2979,0.2930,0.2874,0.2810,0.2738,0.2657,0.2566,0.2463,0.2347,0.2212,0.2054,0.1859,0.1589,0.0898
61620,0.3131,0.3128,0.3119,0.3103,0.3081,0.3053,0.3018,0.2976,0.2928,0.2872,0.2808,0.2736,0.2655,0.2564,0.2461,0.2345,0.2211,0.2053,0.1857,0.1588,0.0897
61680,0.3128,0.3125,0.3116,0.3100,0.3078,0.3050,0.3015,0.2974,0.2925,0.2869,0.2806,0.2734,0.2653,0.2562,0.2459,0.2343,0.2209,0.2051,0.1856,0.1587,0.0896
61740,0.3125,0.3122,0.3113,0.3098,0.3076,0.3047,0.3013,0.2971,0.2922,0.2867,0.2803,0.2731,0.2651,0.2560,0.2458,0.2341,0.2207,0.2050,0.1855,0.1585,0.0895
61800,0.3123,0.3119,0.3110,0.3095,0.3073,0.3045,0.3010,0.2968,0.2920,0.2864,0.2801,0.2729,0.2649,0.2558,0.2456,0.2339,0.2206,0.2048,0.1853,0.1584,0.0894
61860,0.3120,0.3117,0.3107,0.3092,0.3070,0.3042,0.3007,0.2966,0.2917,0.2862,0.2798,0.2727,0.2646,0.2556,0.2454,0.2338,0.2204,0.2047,0.1852,0.1583,0.0893
61920,0.3117,0.3114,0.3105,0.3089,0.3067,0.3039,0.3005,0.2963,0.2915,0.2859,0.2796,0.2725,0.2644,0.2554,0.2452,0.2336,0.2202,0.2045,0.1851,0.1582,0.0892
61980,0.3114,0.3111,0.3102,0.3086,0.3065,0.3037,0.3002,0.2961,0.2912,0.2857,0.2794,0.2722,0.2642,0.2552,0.2450,0.2334,0.2201,0.2044,0.1850,0.1581,0.0891
62040,0.3111,0.3108,0.3099,0.3084,0.3062,0.3034,0.2999,0.2958,0.2910,0.2854,0.2791,0.2720,0.2640,0.2550,0.2448,0.2332,0.2199,0.2042,0.1848,0.1580,0.0890
62100,0.3109,0.3106,0.3096,0.3081,0.3059,0.3031,0.2997,0.2955,0.2907,0.2852,0.2789,0.2718,0.2638,0.2547,0.2446,0.2330,0.2198,0.2041,0.1847,0.1579,0.0889
62160,0.3106,0.3103,0.3094,0.3078,0.3056,0.3029,0.2994,0.2953,0.2905,0.2850,0.2787,0.2716,0.2635,0.2545,0.2444,0.2329,0.2196,0.2039,0.1846,0.1578,0.0888
62220,0.3103,0.3100,0.3091,0.3075,0.3054,0.3026,0.2991,0.2950,0.2902,0.2847,0.2784,0.2713,0.2633,0.2543,0.2442,0.2327,0.2194,0.2038,0.1844,0.1577,0.0887
62280,0.3100,0.3097,0.3088,0.3073,0.3051,0.3023,0.2989,0.2948,0.2900,0.2845,0.2782,0.2711,0.2631,0.2541,0.2440,0.2325,0.2193,0.2036,0.1843,0.1576,0.0886
62340,0.3098,0.3094,0.3085,0.3070,0.3048,0.3021,0.2986,0.2945,0.2897,0.2842,0.2780,0.2709,0.2629,0.2539,0.2438,0.2323,0.2191,0.2035,0.1842,0.1575,0.0885
62400,0.3095,0.3092,0.3083,0.3067,0.3046,0.3018,0.2984,0.2943,0.2895,0.2840,0.2777,0.2707,0.2627,0.2537,0.2436,0.2321,0.2189,0.2034,0.1841,0.1574,0.0884
62460,0.3092,0.3089,0.3080,0.3065,0.3043,0.3015,0.2981,0.2940,0.2892,0.2837,0.2775,0.2704,0.2625,0.2535,0.2434,0.2320,0.2188,0.2032,0.1839,0.1573,0.0882
62520,0.3089,0.3086,0.3077,0.3062,0.3040,0.3013,0.2978,0.2938,0.2890,0.2835,0.2773,0.2702,0.2623,0.2533,0.2432,0.2318,0.2186,0.2031,0.1838,0.1572,0.0881
62580,0.3087,0.3084,0.3074,0.3059,0.3038,0.3010,0.2976,0.2935,0.2887,0.2833,0.2770,0.2700,0.2620,0.2531,0.2431,0.2316,0.2185,0.2029,0.1837,0.1571,0.0880
62640,0.3084,0.3081,0.3072,0.3057,0.3035,0.3007,0.2973,0.2933,0.2885,0.2830,0.2768,0.2698,0.2618,0.2529,0.2429,0.2314,0.2183,0.2028,0.1836,0.1570,0.0879
62700,0.3081,0.3078,0.3069,0.3054,0.3032,0.3005,0.2971,0.2930,0.2883,0.2828,0.2766,0.2695,0.2616,0.2527,0.2427,0.2313,0.2181,0.2026,0.1835,0.1569,0.0878
62760,0.3078,0.3075,0.3066,0.3051,0.3030,0.3002,0.2968,0.2927,0.2880,0.2826,0.2763,0.2693,0.2614,0.2525,0.2425,0.2311,0.2180,0.2025,0.1833,0.1568,0.0877
62820,0.3076,0.3073,0.3064,0.3048,0.3027,0.3000,0.2966,0.2925,0.2878,0.2823,0.2761,0.2691,0.2612,0.2523,0.2423,0.2309,0.2178,0.2024,0.1832,0.1567,0.0876
62880,0.3073,0.3070,0.3061,0.3046,0.3024,0.2997,0.2963,0.2923,0.2875,0.2821,0.2759,0.2689,0.2610,0.2521,0.2421,0.2307,0.2177,0.2022,0.1831,0.1566,0.0875
62940,0.3070,0.3067,0.3058,0.3043,0.3022,0.2994,0.2960,0.2920,0.2873,0.2818,0.2757,0.2687,0.2608,0.2519,0.2419,0.2306,0.2175,0.2021,0.1830,0.1565,0.0874
63000,0.3068,0.3065,0.3056,0.3041,0.3019,0.2992,0.2958,0.2918,0.2870,0.2816,0.2754,0.2684,0.2606,0.2517,0.2417,0.2304,0.2173,0.2019,0.1828,0.1564,0.0873
63060,0.3065,0.3062,0.3053,0.3038,0.3017,0.2989,0.2955,0.2915,0.2868,0.2814,0.2752,0.2682,0.2604,0.2515,0.2416,0.2302,0.2172,0.2018,0.1827,0.1563,0.0872
63120,0.3062,0.3059,0.3050,0.3035,0.3014,0.2987,0.2953,0.2913,0.2866,0.2811,0.2750,0.2680,0.2602,0.2513,0.2414,0.2301,0.2170,0.2016,0.1826,0.1562,0.0871
63180,0.3060,0.3057,0.3048,0.3033,0.3011,0.2984,0.2950,0.2910,0.2863,0.2809,0.2748,0.2678,0.2600,0.2511,0.2412,0.2299,0.2169,0.2015,0.1825,0.1562,0.0870
63240,0.3057,0.3054,0.3045,0.3030,0.3009,0.2982,0.2948,0.2908,0.2861,0.2807,0.2745,0.2676,0.2598,0.2509,0.2410,0.2297,0.2167,0.2014,0.1824,0.1561,0.0869
63300,0.3054,0.3051,0.3042,0.3027,0.3006,0.2979,0.2945,0.2905,0.2858,0.2804,0.2743,0.2674,0.2595,0.2507,0.2408,0.2295,0.2166,0.2012,0.1822,0.1560,0.0868
63360,0.3052,0.3049,0.3040,0.3025,0.3004,0.2976,0.2943,0.2903,0.2856,0.2802,0.2741,0.2671,0.2593,0.2506,0.2406,0.2294,0.2164,0.2011,0.1821,0.1559,0.0868
63420,0.3049,0.3046,0.3037,0.3022,0.3001,0.2974,0.2940,0.2900,0.2854,0.2800,0.2739,0.2669,0.2591,0.2504,0.2405,0.2292,0.2163,0.2009,0.1820,0.1558,0.0867
63480,0.3047,0.3044,0.3035,0.3020,0.2999,0.2971,0.2938,0.2898,0.2851,0.2798,0.2736,0.2667,0.2589,0.2502,0.2403,0.2290,0.2161,0.2008,0.1819,0.1557,0.0866
63540,0.3044,0.3041,0.3032,0.3017,0.2996,0.2969,0.2935,0.2896,0.2849,0.2795,0.2734,0.2665,0.2587,0.2500,0.2401,0.2289,0.2159,0.2007,0.1818,0.1556,0.0865
63600,0.3041,0.3038,0.3029,0.3015,0.2994,0.2966,0.2933,0.2893,0.2847,0.2793,0.2732,0.2663,0.2585,0.2498,0.2399,0.2287,0.2158,0.2005,0.1816,0.1555,0.0864
63660,0.3039,0.3036,0.3027,0.3012,0.2991,0.2964,0.2931,0.2891,0.2844,0.2791,0.2730,0.2661,0.2583,0.2496,0.2397,0.2285,0.2156,0.2004,0.1815,0.1554,0.0863
63720,0.3036,0.3033,0.3024,0.3009,0.2988,0.2961,0.2928,0.2888,0.2842,0.2788,0.2728,0.2659,0.2581,0.2494,0.2396,0.2284,0.2155,0.2003,0.1814,0.1553,0.0862
63780,0.3034,0.3031,0.3022,0.3007,0.2986,0.2959,0.2926,0.2886,0.2839,0.2786,0.2725,0.2657,0.2579,0.2492,0.2394,0.2282,0.2153,0.2001,0.1813,0.1552,0.0861
63840,0.3031,0.3028,0.3019,0.3004,0.2983,0.2956,0.2923,0.2883,0.2837,0.2784,0.2723,0.2654,0.2577,0.2490,0.2392,0.2280,0.2152,0.2000,0.1812,0.1551,0.0860
63900,0.3028,0.3025,0.3017,0.3002,0.2981,0.2954,0.2921,0.2881,0.2835,0.2782,0.2721,0.2652,0.2575,0.2488,0.2390,0.2279,0.2150,0.1999,0.1811,0.1550,0.0859
63960,0.3026,0.3023,0.3014,0.2999,0.2978,0.2951,0.2918,0.2879,0.2833,0.2779,0.2719,0.2650,0.2573,0.2486,0.2388,0.2277,0.2149,0.1997,0.1809,0.1549,0.0858
64020,0.3023,0.3020,0.3011,0.2997,0.2976,0.2949,0.2916,0.2876,0.2830,0.2777,0.2717,0.2648,0.2571,0.2484,0.2387,0.2275,0.2147,0.1996,0.1808,0.1548,0.0857
64080,0.3021,0.3018,0.3009,0.2994,0.2973,0.2947,0.2913,0.2874,0.2828,0.2775,0.2714,0.2646,0.2569,0.2483,0.2385,0.2274,0.2146,0.1994,0.1807,0.1547,0.0856
64140,0.3018,0.3015,0.3006,0.2992,0.2971,0.2944,0.2911,0.2872,0.2826,0.2773,0.2712,0.2644,0.2567,0.2481,0.2383,0.2272,0.2144,0.1993,0.1806,0.1546,0.0855
64200,0.3016,0.3013,0.3004,0.2989,0.2968,0.2942,0.2909,0.2869,0.2823,0.2770,0.2710,0.2642,0.2565,0.2479,0.2381,0.2270,0.2143,0.1992,0.1805,0.1545,0.0854
64260,0.3013,0.3010,0.3001,0.2987,0.2966,0.2939,0.2906,0.2867,0.2821,0.2768,0.2708,0.2640,0.2563,0.2477,0.2380,0.2269,0.2141,0.1990,0.1804,0.1545,0.0853
64320,0.3011,0.3008,0.2999,0.2984,0.2963,0.2937,0.2904,0.2865,0.2819,0.2766,0.2706,0.2638,0.2561,0.2475,0.2378,0.2267,0.2140,0.1989,0.1802,0.1544,0.0853
64380,0.3008,0.3005,0.2996,0.2982,0.2961,0.2934,0.2901,0.2862,0.2816,0.2764,0.2704,0.2636,0.2559,0.2473,0.2376,0.2266,0.2138,0.1988,0.1801,0.1543,0.0852
64440,0.3005,0.3003,0.2994,0.2979,0.2959,0.2932,0.2899,0.2860,0.2814,0.2762,0.2702,0.2634,0.2557,0.2471,0.2374,0.2264,0.2137,0.1986,0.1800,0.1542,0.0851
64500,0.3003,0.3000,0.2991,0.2977,0.2956,0.2930,0.2897,0.2858,0.2812,0.2759,0.2699,0.2632,0.2555,0.2470,0.2373,0.2262,0.2135,0.1985,0.1799,0.1541,0.0850
64560,0.3000,0.2998,0.2989,0.2974,0.2954,0.2927,0.2894,0.2855,0.2810,0.2757,0.2697,0.2630,0.2553,0.2468,0.2371,0.2261,0.2134,0.1984,0.1798,0.1540,0.0849
64620,0.2998,0.2995,0.2986,0.2972,0.2951,0.2925,0.2892,0.2853,0.2807,0.2755,0.2695,0.2628,0.2552,0.2466,0.2369,0.2259,0.2132,0.1983,0.1797,0.1539,0.0848
64680,0.2995,0.2993,0.2984,0.2969,0.2949,0.2922,0.2890,0.2851,0.2805,0.2753,0.2693,0.2626,0.2550,0.2464,0.2367,0.2258,0.2131,0.1981,0.1796,0.1538,0.0847
64740,0.2993,0.2990,0.2981,0.2967,0.2946,0.2920,0.2887,0.2848,0.2803,0.2751,0.2691,0.2624,0.2548,0.2462,0.2366,0.2256,0.2129,0.1980,0.1795,0.1537,0.0846
64800,0.2991,0.2988,0.2979,0.2964,0.2944,0.2918,0.2885,0.2846,0.2801,0.2748,0.2689,0.2622,0.2546,0.2460,0.2364,0.2254,0.2128,0.1979,0.1793,0.1536,0.0845
64860,0.2988,0.2985,0.2976,0.2962,0.2942,0.2915,0.2883,0.2844,0.2798,0.2746,0.2687,0.2620,0.2544,0.2458,0.2362,0.2253,0.2127,0.1977,0.1792,0.1536,0.0845
64920,0.2986,0.2983,0.2974,0.2960,0.2939,0.2913,0.2880,0.2841,0.2796,0.2744,0.2685,0.2618,0.2542,0.2457,0.2361,0.2251,0.2125,0.1976,0.1791,0.1535,0.0844
64980,0.2983,0.2980,0.2972,0.2957,0.2937,0.2910,0.2878,0.2839,0.2794,0.2742,0.2683,0.2616,0.2540,0.2455,0.2359,0.2250,0.2124,0.1975,0.1790,0.1534,0.0843
65040,0.2981,0.2978,0.2969,0.2955,0.2934,0.2908,0.2876,0.2837,0.2792,0.2740,0.2680,0.2614,0.2538,0.2453,0.2357,0.2248,0.2122,0.1973,0.1789,0.1533,0.0842
65100,0.2978,0.2975,0.2967,0.2952,0.2932,0.2906,0.2873,0.2835,0.2790,0.2738,0.2678,0.2612,0.2536,0.2451,0.2355,0.2246,0.2121,0.1972,0.1788,0.1532,0.0841
65160,0.2976,0.2973,0.2964,0.2950,0.2930,0.2903,0.2871,0.2832,0.2787,0.2735,0.2676,0.2610,0.2534,0.2449,0.2354,0.2245,0.2119,0.1971,0.1787,0.1531,0.0840
65220,0.2973,0.2970,0.2962,0.2947,0.2927,0.2901,0.2869,0.2830,0.2785,0.2733,0.2674,0.2608,0.2532,0.2448,0.2352,0.2243,0.2118,0.1970,0.1786,0.1530,0.0839
65280,0.2971,0.2968,0.2959,0.2945,0.2925,0.2899,0.2866,0.2828,0.2783,0.2731,0.2672,0.2606,0.2530,0.2446,0.2350,0.2242,0.2116,0.1968,0.1785,0.1529,0.0838
65340,0.2968,0.2966,0.2957,0.2943,0.2922,0.2896,0.2864,0.2826,0.2781,0.2729,0.2670,0.2604,0.2529,0.2444,0.2349,0.2240,0.2115,0.1967,0.1783,0.1528,0.0838
65400,0.2966,0.2963,0.2955,0.2940,0.2920,0.2894,0.2862,0.2823,0.2779,0.2727,0.2668,0.2602,0.2527,0.2442,0.2347,0.2239,0.2114,0.1966,0.1782,0.1528,0.0837
65460,0.2964,0.2961,0.2952,0.2938,0.2918,0.2892,0.2860,0.2821,0.2776,0.2725,0.2666,0.2600,0.2525,0.2440,0.2345,0.2237,0.2112,0.1964,0.1781,0.1527,0.0836
65520,0.2961,0.2958,0.2950,0.2936,0.2915,0.2889,0.2857,0.2819,0.2774,0.2723,0.2664,0.2598,0.2523,0.2439,0.2344,0.2235,0.2111,0.1963,0.1780,0.1526,0.0835
65580,0.2959,0.2956,0.2947,0.2933,0.2913,0.2887,0.2855,0.2817,0.2772,0.2721,0.2662,0.2596,0.2521,0.2437,0.2342,0.2234,0.2109,0.1962,0.1779,0.1525,0.0834
65640,0.2956,0.2954,0.2945,0.2931,0.2911,0.2885,0.2853,0.2815,0.2770,0.2719,0.2660,0.2594,0.2519,0.2435,0.2340,0.2232,0.2108,0.1961,0.1778,0.1524,0.0833
65700,0.2954,0.2951,0.2943,0.2928,0.2908,0.2882,0.2850,0.2812,0.2768,0.2716,0.2658,0.2592,0.2517,0.2433,0.2339,0.2231,0.2107,0.1959,0.1777,0.1523,0.0833
65760,0.2952,0.2949,0.2940,0.2926,0.2906,0.2880,0.2848,0.2810,0.2766,0.2714,0.2656,0.2590,0.2515,0.2432,0.2337,0.2229,0.2105,0.1958,0.1776,0.1522,0.0832
65820,0.2949,0.2946,0.2938,0.2924,0.2904,0.2878,0.2846,0.2808,0.2763,0.2712,0.2654,0.2588,0.2514,0.2430,0.2335,0.2228,0.2104,0.1957,0.1775,0.1522,0.0831
65880,0.2947,0.2944,0.2936,0.2921,0.2901,0.2876,0.2844,0.2806,0.2761,0.2710,0.2652,0.2586,0.2512,0.2428,0.2334,0.2226,0.2102,0.1956,0.1774,0.1521,0.0830
65940,0.2945,0.2942,0.2933,0.2919,0.2899,0.2873,0.2841,0.2804,0.2759,0.2708,0.2650,0.2584,0.2510,0.2426,0.2332,0.2225,0.2101,0.1954,0.1773,0.1520,0.0829
66000,0.2942,0.2939,0.2931,0.2917,0.2897,0.2871,0.2839,0.2801,0.2757,0.2706,0.2648,0.2582,0.2508,0.2425,0.2330,0.2223,0.2100,0.1953,0.1772,0.1519,0.0828
66060,0.2940,0.2937,0.2929,0.2914,0.2895,0.2869,0.2837,0.2799,0.2755,0.2704,0.2646,0.2580,0.2506,0.2423,0.2329,0.2222,0.2098,0.1952,0.1770,0.1518,0.0828
66120,0.2938,0.2935,0.2926,0.2912,0.2892,0.2867,0.2835,0.2797,0.2753,0.2702,0.2644,0.2578,0.2504,0.2421,0.2327,0.2220,0.2097,0.1951,0.1769,0.1517,0.0827
66180,0.2935,0.2932,0.2924,0.2910,0.2890,0.2864,0.2833,0.2795,0.2751,0.2700,0.2642,0.2576,0.2503,0.2419,0.2326,0.2219,0.2095,0.1949,0.1768,0.1516,0.0826
66240,0.2933,0.2930,0.2922,0.2908,0.2888,0.2862,0.2830,0.2793,0.2749,0.2698,0.2640,0.2575,0.2501,0.2418,0.2324,0.2217,0.2094,0.1948,0.1767,0.1516,0.0825
66300,0.2931,0.2928,0.2919,0.2905,0.2885,0.2860,0.2828,0.2790,0.2746,0.2696,0.2638,0.2573,0.2499,0.2416,0.2322,0.2216,0.2093,0.1947,0.1766,0.1515,0.0824
66360,0.2928,0.2925,0.2917,0.2903,0.2883,0.2858,0.2826,0.2788,0.2744,0.2694,0.2636,0.2571,0.2497,0.2414,0.2321,0.2214,0.2091,0.1946,0.1765,0.1514,0.0824
66420,0.2926,0.2923,0.2915,0.2901,0.2881,0.2855,0.2824,0.2786,0.2742,0.2692,0.2634,0.2569,0.2495,0.2413,0.2319,0.2213,0.2090,0.1945,0.1764,0.1513,0.0823
66480,0.2924,0.2921,0.2912,0.2898,0.2879,0.2853,0.2822,0.2784,0.2740,0.2690,0.2632,0.2567,0.2494,0.2411,0.2317,0.2211,0.2089,0.1943,0.1763,0.1512,0.0822
66540,0.2921,0.2918,0.2910,0.2896,0.2876,0.2851,0.2819,0.2782,0.2738,0.2688,0.2630,0.2565,0.2492,0.2409,0.2316,0.2210,0.2087,0.1942,0.1762,0.1511,0.0821
66600,0.2919,0.2916,0.2908,0.2894,0.2874,0.2849,0.2817,0.2780,0.2736,0.2686,0.2628,0.2563,0.2490,0.2407,0.2314,0.2208,0.2086,0.1941,0.1761,0.1511,0.0820
66660,0.2917,0.2914,0.2905,0.2892,0.2872,0.2846,0.2815,0.2778,0.2734,0.2684,0.2626,0.2561,0.2488,0.2406,0.2313,0.2207,0.2084,0.1940,0.1760,0.1510,0.0820
66720,0.2914,0.2912,0.2903,0.2889,0.2870,0.2844,0.2813,0.2776,0.2732,0.2682,0.2624,0.2559,0.2486,0.2404,0.2311,0.2205,0.2083,0.1939,0.1759,0.1509,0.0819
66780,0.2912,0.2909,0.2901,0.2887,0.2867,0.2842,0.2811,0.2773,0.2730,0.2680,0.2622,0.2558,0.2485,0.2402,0.2309,0.2204,0.2082,0.1937,0.1758,0.1508,0.0818
66840,0.2910,0.2907,0.2899,0.2885,0.2865,0.2840,0.2809,0.2771,0.2728,0.2678,0.2620,0.2556,0.2483,0.2401,0.2308,0.2202,0.2080,0.1936,0.1757,0.1507,0.0817
66900,0.2908,0.2905,0.2896,0.2883,0.2863,0.2838,0.2806,0.2769,0.2726,0.2676,0.2618,0.2554,0.2481,0.2399,0.2306,0.2201,0.2079,0.1935,0.1756,0.1506,0.0817
66960,0.2905,0.2902,0.2894,0.2880,0.2861,0.2835,0.2804,0.2767,0.2724,0.2674,0.2617,0.2552,0.2479,0.2397,0.2305,0.2199,0.2078,0.1934,0.1755,0.1506,0.0816
67020,0.2903,0.2900,0.2892,0.2878,0.2859,0.2833,0.2802,0.2765,0.2722,0.2672,0.2615,0.2550,0.2478,0.2396,0.2303,0.2198,0.2076,0.1933,0.1754,0.1505,0.0815
67080,0.2901,0.2898,0.2890,0.2876,0.2856,0.2831,0.2800,0.2763,0.2720,0.2670,0.2613,0.2548,0.2476,0.2394,0.2302,0.2196,0.2075,0.1931,0.1753,0.1504,0.0814
67140,0.2899,0.2896,0.2887,0.2874,0.2854,0.2829,0.2798,0.2761,0.2718,0.2668,0.2611,0.2547,0.2474,0.2392,0.2300,0.2195,0.2074,0.1930,0.1752,0.1503,0.0814
67200,0.2896,0.2893,0.2885,0.2871,0.2852,0.2827,0.2796,0.2759,0.2715,0.2666,0.2609,0.2545,0.2472,0.2391,0.2298,0.2194,0.2072,0.1929,0.1751,0.1502,0.0813
67260,0.2894,0.2891,0.2883,0.2869,0.2850,0.2825,0.2794,0.2757,0.2713,0.2664,0.2607,0.2543,0.2471,0.2389,0.2297,0.2192,0.2071,0.1928,0.1750,0.1502,0.0812
67320,0.2892,0.2889,0.2881,0.2867,0.2848,0.2822,0.2792,0.2755,0.2711,0.2662,0.2605,0.2541,0.2469,0.2387,0.2295,0.2191,0.2070,0.1927,0.1749,0.1501,0.0811
67380,0.2890,0.2887,0.2879,0.2865,0.2845,0.2820,0.2789,0.2753,0.2709,0.2660,0.2603,0.2539,0.2467,0.2386,0.2294,0.2189,0.2068,0.1925,0.1748,0.1500,0.0811
67440,0.2887,0.2885,0.2876,0.2863,0.2843,0.2818,0.2787,0.2750,0.2707,0.2658,0.2601,0.2537,0.2465,0.2384,0.2292,0.2188,0.2067,0.1924,0.1747,0.1499,0.0810
67500,0.2885,0.2882,0.2874,0.2860,0.2841,0.2816,0.2785,0.2748,0.2705,0.2656,0.2599,0.2536,0.2464,0.2382,0.2291,0.2186,0.2066,0.1923,0.1746,0.1498,0.0809
67560,0.2883,0.2880,0.2872,0.2858,0.2839,0.2814,0.2783,0.2746,0.2703,0.2654,0.2598,0.2534,0.2462,0.2381,0.2289,0.2185,0.2065,0.1922,0.1745,0.1498,0.0808
67620,0.2881,0.2878,0.2870,0.2856,0.2837,0.2812,0.2781,0.2744,0.2701,0.2652,0.2596,0.2532,0.2460,0.2379,0.2288,0.2183,0.2063,0.1921,0.1744,0.1497,0.0808
67680,0.2879,0.2876,0.2868,0.2854,0.2835,0.2810,0.2779,0.2742,0.2699,0.2650,0.2594,0.2530,0.2458,0.2378,0.2286,0.2182,0.2062,0.1920,0.1743,0.1496,0.0807
67740,0.2876,0.2874,0.2865,0.2852,0.2832,0.2808,0.2777,0.2740,0.2697,0.2648,0.2592,0.2528,0.2457,0.2376,0.2285,0.2181,0.2061,0.1918,0.1742,0.1495,0.0806
67800,0.2874,0.2871,0.2863,0.2850,0.2830,0.2805,0.2775,0.2738,0.2695,0.2646,0.2590,0.2527,0.2455,0.2374,0.2283,0.2179,0.2059,0.1917,0.1741,0.1494,0.0805
67860,0.2872,0.2869,0.2861,0.2847,0.2828,0.2803,0.2773,0.2736,0.2693,0.2644,0.2588,0.2525,0.2453,0.2373,0.2282,0.2178,0.2058,0.1916,0.1740,0.1494,0.0805
67920,0.2870,0.2867,0.2859,0.2845,0.2826,0.2801,0.2771,0.2734,0.2692,0.2642,0.2586,0.2523,0.2452,0.2371,0.2280,0.2176,0.2057,0.1915,0.1739,0.1493,0.0804
67980,0.2868,0.2865,0.2857,0.2843,0.2824,0.2799,0.2769,0.2732,0.2690,0.2640,0.2585,0.2521,0.2450,0.2369,0.2279,0.2175,0.2055,0.1914,0.1738,0.1492,0.0803
68040,0.2865,0.2863,0.2855,0.2841,0.2822,0.2797,0.2767,0.2730,0.2688,0.2639,0.2583,0.2519,0.2448,0.2368,0.2277,0.2174,0.2054,0.1913,0.1737,0.1491,0.0803
68100,0.2863,0.2860,0.2852,0.2839,0.2820,0.2795,0.2765,0.2728,0.2686,0.2637,0.2581,0.2518,0.2447,0.2366,0.2276,0.2172,0.2053,0.1912,0.1736,0.1490,0.0802
68160,0.2861,0.2858,0.2850,0.2837,0.2818,0.2793,0.2762,0.2726,0.2684,0.2635,0.2579,0.2516,0.2445,0.2365,0.2274,0.2171,0.2052,0.1910,0.1735,0.1490,0.0801
68220,0.2859,0.2856,0.2848,0.2835,0.2815,0.2791,0.2760,0.2724,0.2682,0.2633,0.2577,0.2514,0.2443,0.2363,0.2273,0.2169,0.2050,0.1909,0.1734,0.1489,0.0800
68280,0.2857,0.2854,0.2846,0.2832,0.2813,0.2789,0.2758,0.2722,0.2680,0.2631,0.2575,0.2512,0.2441,0.2361,0.2271,0.2168,0.2049,0.1908,0.1733,0.1488,0.0800
68340,0.2855,0.2852,0.2844,0.2830,0.2811,0.2787,0.2756,0.2720,0.2678,0.2629,0.2574,0.2511,0.2440,0.2360,0.2270,0.2167,0.2048,0.1907,0.1732,0.1487,0.0799
68400,0.2852,0.2850,0.2842,0.2828,0.2809,0.2785,0.2754,0.2718,0.2676,0.2627,0.2572,0.2509,0.2438,0.2358,0.2268,0.2165,0.2047,0.1906,0.1731,0.1487,0.0798
68460,0.2850,0.2848,0.2840,0.2826,0.2807,0.2783,0.2752,0.2716,0.2674,0.2625,0.2570,0.2507,0.2436,0.2357,0.2267,0.2164,0.2045,0.1905,0.1730,0.1486,0.0798
68520,0.2848,0.2845,0.2837,0.2824,0.2805,0.2781,0.2750,0.2714,0.2672,0.2623,0.2568,0.2505,0.2435,0.2355,0.2265,0.2162,0.2044,0.1904,0.1729,0.1485,0.0797
68580,0.2846,0.2843,0.2835,0.2822,0.2803,0.2778,0.2748,0.2712,0.2670,0.2622,0.2566,0.2504,0.2433,0.2354,0.2264,0.2161,0.2043,0.1902,0.1728,0.1484,0.0796
68640,0.2844,0.2841,0.2833,0.2820,0.2801,0.2776,0.2746,0.2710,0.2668,0.2620,0.2565,0.2502,0.2431,0.2352,0.2262,0.2160,0.2042,0.1901,0.1727,0.1484,0.0796
68700,0.2842,0.2839,0.2831,0.2818,0.2799,0.2774,0.2744,0.2708,0.2666,0.2618,0.2563,0.2500,0.2430,0.2350,0.2261,0.2158,0.2040,0.1900,0.1726,0.1483,0.0795
68760,0.2840,0.2837,0.2829,0.2816,0.2797,0.2772,0.2742,0.2706,0.2664,0.2616,0.2561,0.2499,0.2428,0.2349,0.2259,0.2157,0.2039,0.1899,0.1725,0.1482,0.0794
68820,0.2838,0.2835,0.2827,0.2814,0.2795,0.2770,0.2740,0.2704,0.2662,0.2614,0.2559,0.2497,0.2427,0.2347,0.2258,0.2156,0.2038,0.1898,0.1724,0.1481,0.0793
68880,0.2836,0.2833,0.2825,0.2811,0.2793,0.2768,0.2738,0.2702,0.2661,0.2612,0.2557,0.2495,0.2425,0.2346,0.2256,0.2154,0.2037,0.1897,0.1723,0.1480,0.0793
68940,0.2833,0.2831,0.2823,0.2809,0.2791,0.2766,0.2736,0.2701,0.2659,0.2611,0.2556,0.2493,0.2423,0.2344,0.2255,0.2153,0.2035,0.1896,0.1722,0.1480,0.0792
69000,0.2831,0.2829,0.2821,0.2807,0.2789,0.2764,0.2734,0.2699,0.2657,0.2609,0.2554,0.2492,0.2422,0.2343,0.2253,0.2152,0.2034,0.1895,0.1721,0.1479,0.0791
69060,0.2829,0.2827,0.2819,0.2805,0.2787,0.2762,0.2732,0.2697,0.2655,0.2607,0.2552,0.2490,0.2420,0.2341,0.2252,0.2150,0.2033,0.1894,0.1720,0.1478,0.0791
69120,0.2827,0.2824,0.2817,0.2803,0.2784,0.2760,0.2730,0.2695,0.2653,0.2605,0.2550,0.2488,0.2418,0.2340,0.2250,0.2149,0.2032,0.1892,0.1719,0.1477,0.0790
69180,0.2825,0.2822,0.2814,0.2801,0.2782,0.2758,0.2728,0.2693,0.2651,0.2603,0.2549,0.2487,0.2417,0.2338,0.2249,0.2148,0.2030,0.1891,0.1718,0.1477,0.0789
69240,0.2823,0.2820,0.2812,0.2799,0.2780,0.2756,0.2726,0.2691,0.2649,0.2601,0.2547,0.2485,0.2415,0.2337,0.2248,0.2146,0.2029,0.1890,0.1717,0.1476,0.0789
69300,0.2821,0.2818,0.2810,0.2797,0.2778,0.2754,0.2725,0.2689,0.2647,0.2600,0.2545,0.2483,0.2414,0.2335,0.2246,0.2145,0.2028,0.1889,0.1717,0.1475,0.0788
69360,0.2819,0.2816,0.2808,0.2795,0.2776,0.2752,0.2723,0.2687,0.2646,0.2598,0.2543,0.2482,0.2412,0.2333,0.2245,0.2144,0.2027,0.1888,0.1716,0.1474,0.0787
69420,0.2817,0.2814,0.2806,0.2793,0.2774,0.2750,0.2721,0.2685,0.2644,0.2596,0.2541,0.2480,0.2410,0.2332,0.2243,0.2142,0.2025,0.1887,0.1715,0.1474,0.0787
69480,0.2815,0.2812,0.2804,0.2791,0.2772,0.2748,0.2719,0.2683,0.2642,0.2594,0.2540,0.2478,0.2409,0.2330,0.2242,0.2141,0.2024,0.1886,0.1714,0.1473,0.0786
69540,0.2813,0.2810,0.2802,0.2789,0.2770,0.2746,0.2717,0.2681,0.2640,0.2592,0.2538,0.2477,0.2407,0.2329,0.2240,0.2140,0.2023,0.1885,0.1713,0.1472,0.0785
69600,0.2811,0.2808,0.2800,0.2787,0.2768,0.2744,0.2715,0.2679,0.2638,0.2591,0.2536,0.2475,0.2406,0.2327,0.2239,0.2138,0.2022,0.1884,0.1712,0.1472,0.0785
69660,0.2809,0.2806,0.2798,0.2785,0.2766,0.2742,0.2713,0.2678,0.2636,0.2589,0.2535,0.2473,0.2404,0.2326,0.2238,0.2137,0.2021,0.1883,0.1711,0.1471,0.0784
69720,0.2807,0.2804,0.2796,0.2783,0.2764,0.2741,0.2711,0.2676,0.2634,0.2587,0.2533,0.2472,0.2402,0.2324,0.2236,0.2136,0.2019,0.1882,0.1710,0.1470,0.0783
69780,0.2805,0.2802,0.2794,0.2781,0.2762,0.2739,0.2709,0.2674,0.2633,0.2585,0.2531,0.2470,0.2401,0.2323,0.2235,0.2134,0.2018,0.1881,0.1709,0.1469,0.0783
69840,0.2803,0.2800,0.2792,0.2779,0.2760,0.2737,0.2707,0.2672,0.2631,0.2583,0.2529,0.2468,0.2399,0.2321,0.2233,0.2133,0.2017,0.1879,0.1708,0.1469,0.0782
69900,0.2801,0.2798,0.2790,0.2777,0.2759,0.2735,0.2705,0.2670,0.2629,0.2582,0.2528,0.2467,0.2398,0.2320,0.2232,0.2132,0.2016,0.1878,0.1707,0.1468,0.0782
69960,0.2799,0.2796,0.2788,0.2775,0.2757,0.2733,0.2703,0.2668,0.2627,0.2580,0.2526,0.2465,0.2396,0.2318,0.2231,0.2130,0.2015,0.1877,0.1706,0.1467,0.0781
70020,0.2797,0.2794,0.2786,0.2773,0.2755,0.2731,0.2701,0.2666,0.2625,0.2578,0.2524,0.2463,0.2394,0.2317,0.2229,0.2129,0.2013,0.1876,0.1705,0.1466,0.0780
70080,0.2795,0.2792,0.2784,0.2771,0.2753,0.2729,0.2700,0.2664,0.2624,0.2576,0.2523,0.2462,0.2393,0.2315,0.2228,0.2128,0.2012,0.1875,0.1704,0.1466,0.0780
70140,0.2793,0.2790,0.2782,0.2769,0.2751,0.2727,0.2698,0.2663,0.2622,0.2575,0.2521,0.2460,0.2391,0.2314,0.2226,0.2126,0.2011,0.1874,0.1704,0.1465,0.0779
70200,0.2791,0.2788,0.2780,0.2767,0.2749,0.2725,0.2696,0.2661,0.2620,0.2573,0.2519,0.2458,0.2390,0.2312,0.2225,0.2125,0.2010,0.1873,0.1703,0.1464,0.0778
70260,0.2789,0.2786,0.2778,0.2765,0.2747,0.2723,0.2694,0.2659,0.2618,0.2571,0.2517,0.2457,0.2388,0.2311,0.2224,0.2124,0.2009,0.1872,0.1702,0.1464,0.0778
70320,0.2787,0.2784,0.2776,0.2763,0.2745,0.2721,0.2692,0.2657,0.2616,0.2569,0.2516,0.2455,0.2387,0.2309,0.2222,0.2123,0.2008,0.1871,0.1701,0.1463,0.0777
70380,0.2785,0.2782,0.2774,0.2761,0.2743,0.2719,0.2690,0.2655,0.2615,0.2568,0.2514,0.2453,0.2385,0.2308,0.2221,0.2121,0.2006,0.1870,0.1700,0.1462,0.0777
70440,0.2783,0.2780,0.2772,0.2759,0.2741,0.2717,0.2688,0.2653,0.2613,0.2566,0.2512,0.2452,0.2384,0.2307,0.2219,0.2120,0.2005,0.1869,0.1699,0.1461,0.0776
70500,0.2781,0.2778,0.2770,0.2757,0.2739,0.2715,0.2686,0.2652,0.2611,0.2564,0.2511,0.2450,0.2382,0.2305,0.2218,0.2119,0.2004,0.1868,0.1698,0.1461,0.0775
70560,0.2779,0.2776,0.2768,0.2755,0.2737,0.2714,0.2684,0.2650,0.2609,0.2562,0.2509,0.2449,0.2380,0.2304,0.2217,0.2117,0.2003,0.1867,0.1697,0.1460,0.0775
70620,0.2777,0.2774,0.2766,0.2753,0.2735,0.2712,0.2683,0.2648,0.2607,0.2561,0.2507,0.2447,0.2379,0.2302,0.2215,0.2116,0.2002,0.1866,0.1696,0.1459,0.0774
70680,0.2775,0.2772,0.2764,0.2752,0.2733,0.2710,0.2681,0.2646,0.2606,0.2559,0.2506,0.2445,0.2377,0.2301,0.2214,0.2115,0.2001,0.1865,0.1695,0.1459,0.0773
70740,0.2773,0.2770,0.2762,0.2750,0.2731,0.2708,0.2679,0.2644,0.2604,0.2557,0.2504,0.2444,0.2376,0.2299,0.2213,0.2114,0.1999,0.1864,0.1695,0.1458,0.0773
70800,0.2771,0.2768,0.2761,0.2748,0.2729,0.2706,0.2677,0.2642,0.2602,0.2556,0.2502,0.2442,0.2374,0.2298,0.2211,0.2112,0.1998,0.1863,0.1694,0.1457,0.0772
70860,0.2769,0.2766,0.2759,0.2746,0.2728,0.2704,0.2675,0.2641,0.2600,0.2554,0.2501,0.2441,0.2373,0.2296,0.2210,0.2111,0.1997,0.1862,0.1693,0.1456,0.0772
70920,0.2767,0.2764,0.2757,0.2744,0.2726,0.2702,0.2673,0.2639,0.2599,0.2552,0.2499,0.2439,0.2371,0.2295,0.2208,0.2110,0.1996,0.1861,0.1692,0.1456,0.0771
70980,0.2765,0.2762,0.2755,0.2742,0.2724,0.2700,0.2672,0.2637,0.2597,0.2550,0.2497,0.2437,0.2370,0.2294,0.2207,0.2109,0.1995,0.1860,0.1691,0.1455,0.0770
71040,0.2763,0.2760,0.2753,0.2740,0.2722,0.2699,0.2670,0.2635,0.2595,0.2549,0.2496,0.2436,0.2368,0.2292,0.2206,0.2107,0.1994,0.1859,0.1690,0.1454,0.0770
71100,0.2761,0.2759,0.2751,0.2738,0.2720,0.2697,0.2668,0.2634,0.2593,0.2547,0.2494,0.2434,0.2367,0.2291,0.2204,0.2106,0.1992,0.1858,0.1689,0.1454,0.0769
71160,0.2759,0.2757,0.2749,0.2736,0.2718,0.2695,0.2666,0.2632,0.2592,0.2545,0.2493,0.2433,0.2365,0.2289,0.2203,0.2105,0.1991,0.1857,0.1688,0.1453,0.0769
71220,0.2757,0.2755,0.2747,0.2734,0.2716,0.2693,0.2664,0.2630,0.2590,0.2544,0.2491,0.2431,0.2364,0.2288,0.2202,0.2104,0.1990,0.1856,0.1688,0.1452,0.0768
71280,0.2755,0.2753,0.2745,0.2732,0.2714,0.2691,0.2662,0.2628,0.2588,0.2542,0.2489,0.2430,0.2362,0.2286,0.2200,0.2102,0.1989,0.1854,0.1687,0.1452,0.0767
71340,0.2753,0.2751,0.2743,0.2731,0.2713,0.2689,0.2661,0.2626,0.2586,0.2540,0.2488,0.2428,0.2361,0.2285,0.2199,0.2101,0.1988,0.1853,0.1686,0.1451,0.0767
71400,0.2752,0.2749,0.2741,0.2729,0.2711,0.2687,0.2659,0.2625,0.2585,0.2539,0.2486,0.2427,0.2359,0.2284,0.2198,0.2100,0.1987,0.1852,0.1685,0.1450,0.0766
71460,0.2750,0.2747,0.2739,0.2727,0.2709,0.2686,0.2657,0.2623,0.2583,0.2537,0.2484,0.2425,0.2358,0.2282,0.2196,0.2099,0.1986,0.1851,0.1684,0.1450,0.0766
71520,0.2748,0.2745,0.2738,0.2725,0.2707,0.2684,0.2655,0.2621,0.2581,0.2535,0.2483,0.2423,0.2356,0.2281,0.2195,0.2097,0.1985,0.1850,0.1683,0.1449,0.0765
71580,0.2746,0.2743,0.2736,0.2723,0.2705,0.2682,0.2653,0.2619,0.2579,0.2534,0.2481,0.2422,0.2355,0.2279,0.2194,0.2096,0.1983,0.1849,0.1682,0.1448,0.0764
71640,0.2744,0.2741,0.2734,0.2721,0.2703,0.2680,0.2652,0.2618,0.2578,0.2532,0.2480,0.2420,0.2353,0.2278,0.2192,0.2095,0.1982,0.1848,0.1681,0.1447,0.0764
71700,0.2742,0.2740,0.2732,0.2719,0.2701,0.2678,0.2650,0.2616,0.2576,0.2530,0.2478,0.2419,0.2352,0.2277,0.2191,0.2094,0.1981,0.1847,0.1681,0.1447,0.0763
71760,0.2740,0.2738,0.2730,0.2717,0.2700,0.2677,0.2648,0.2614,0.2574,0.2529,0.2476,0.2417,0.2350,0.2275,0.2190,0.2093,0.1980,0.1846,0.1680,0.1446,0.0763
71820,0.2738,0.2736,0.2728,0.2716,0.2698,0.2675,0.2646,0.2612,0.2573,0.2527,0.2475,0.2416,0.2349,0.2274,0.2189,0.2091,0.1979,0.1845,0.1679,0.1445,0.0762
71880,0.2736,0.2734,0.2726,0.2714,0.2696,0.2673,0.2645,0.2611,0.2571,0.2525,0.2473,0.2414,0.2348,0.2272,0.2187,0.2090,0.1978,0.1844,0.1678,0.1445,0.0762
71940,0.2735,0.2732,0.2724,0.2712,0.2694,0.2671,0.2643,0.2609,0.2569,0.2524,0.2472,0.2413,0.2346,0.2271,0.2186,0.2089,0.1977,0.1843,0.1677,0.1444,0.0761
72000,0.2733,0.2730,0.2723,0.2710,0.2692,0.2669,0.2641,0.2607,0.2568,0.2522,0.2470,0.2411,0.2345,0.2270,0.2185,0.2088,0.1976,0.1842,0.1676,0.1443,0.0760
72060,0.2731,0.2728,0.2721,0.2708,0.2690,0.2668,0.2639,0.2605,0.2566,0.2520,0.2468,0.2410,0.2343,0.2268,0.2183,0.2087,0.1975,0.1841,0.1675,0.1443,0.0760
72120,0.2729,0.2726,0.2719,0.2706,0.2689,0.2666,0.2637,0.2604,0.2564,0.2519,0.2467,0.2408,0.2342,0.2267,0.2182,0.2085,0.1973,0.1840,0.1675,0.1442,0.0759
72180,0.2727,0.2725,0.2717,0.2705,0.2687,0.2664,0.2636,0.2602,0.2563,0.2517,0.2465,0.2407,0.2340,0.2265,0.2181,0.2084,0.1972,0.1840,0.1674,0.1441,0.0759
72240,0.2725,0.2723,0.2715,0.2703,0.2685,0.2662,0.2634,0.2600,0.2561,0.2515,0.2464,0.2405,0.2339,0.2264,0.2179,0.2083,0.1971,0.1839,0.1673,0.1441,0.0758
72300,0.2723,0.2721,0.2713,0.2701,0.2683,0.2660,0.2632,0.2599,0.2559,0.2514,0.2462,0.2404,0.2337,0.2263,0.2178,0.2082,0.1970,0.1838,0.1672,0.1440,0.0758
72360,0.2722,0.2719,0.2712,0.2699,0.2681,0.2659,0.2630,0.2597,0.2558,0.2512,0.2461,0.2402,0.2336,0.2261,0.2177,0.2081,0.1969,0.1837,0.1671,0.1439,0.0757
72420,0.2720,0.2717,0.2710,0.2697,0.2680,0.2657,0.2629,0.2595,0.2556,0.2511,0.2459,0.2400,0.2334,0.2260,0.2176,0.2079,0.1968,0.1836,0.1670,0.1439,0.0757
72480,0.2718,0.2715,0.2708,0.2695,0.2678,0.2655,0.2627,0.2593,0.2554,0.2509,0.2457,0.2399,0.2333,0.2259,0.2174,0.2078,0.1967,0.1835,0.1670,0.1438,0.0756
72540,0.2716,0.2714,0.2706,0.2694,0.2676,0.2653,0.2625,0.2592,0.2553,0.2507,0.2456,0.2398,0.2332,0.2257,0.2173,0.2077,0.1966,0.1834,0.1669,0.1437,0.0755
72600,0.2714,0.2712,0.2704,0.2692,0.2674,0.2652,0.2624,0.2590,0.2551,0.2506,0.2454,0.2396,0.2330,0.2256,0.2172,0.2076,0.1965,0.1833,0.1668,0.1437,0.0755
72660,0.2712,0.2710,0.2702,0.2690,0.2672,0.2650,0.2622,0.2588,0.2549,0.2504,0.2453,0.2395,0.2329,0.2255,0.2170,0.2075,0.1964,0.1832,0.1667,0.1436,0.0754
72720,0.2711,0.2708,0.2701,0.2688,0.2671,0.2648,0.2620,0.2587,0.2548,0.2503,0.2451,0.2393,0.2327,0.2253,0.2169,0.2073,0.1963,0.1831,0.1666,0.1435,0.0754
72780,0.2709,0.2706,0.2699,0.2686,0.2669,0.2646,0.2618,0.2585,0.2546,0.2501,0.2450,0.2392,0.2326,0.2252,0.2168,0.2072,0.1961,0.1830,0.1665,0.1435,0.0753
72840,0.2707,0.2705,0.2697,0.2685,0.2667,0.2645,0.2617,0.2583,0.2544,0.2499,0.2448,0.2390,0.2324,0.2250,0.2167,0.2071,0.1960,0.1829,0.1665,0.1434,0.0753
72900,0.2705,0.2703,0.2695,0.2683,0.2665,0.2643,0.2615,0.2582,0.2543,0.2498,0.2447,0.2389,0.2323,0.2249,0.2165,0.2070,0.1959,0.1828,0.1664,0.1433,0.0752
72960,0.2703,0.2701,0.2693,0.2681,0.2664,0.2641,0.2613,0.2580,0.2541,0.2496,0.2445,0.2387,0.2322,0.2248,0.2164,0.2069,0.1958,0.1827,0.1663,0.1433,0.0752
73020,0.2702,0.2699,0.2692,0.2679,0.2662,0.2639,0.2612,0.2578,0.2539,0.2495,0.2444,0.2386,0.2320,0.2246,0.2163,0.2068,0.1957,0.1826,0.1662,0.1432,0.0751
73080,0.2700,0.2697,0.2690,0.2678,0.2660,0.2638,0.2610,0.2577,0.2538,0.2493,0.2442,0.2384,0.2319,0.2245,0.2162,0.2066,0.1956,0.1825,0.1661,0.1432,0.0751
73140,0.2698,0.2696,0.2688,0.2676,0.2658,0.2636,0.2608,0.2575,0.2536,0.2491,0.2440,0.2383,0.2317,0.2244,0.2160,0.2065,0.1955,0.1824,0.1660,0.1431,0.0750
73200,0.2696,0.2694,0.2686,0.2674,0.2657,0.2634,0.2606,0.2573,0.2535,0.2490,0.2439,0.2381,0.2316,0.2242,0.2159,0.2064,0.1954,0.1823,0.1660,0.1430,0.0750
73260,0.2694,0.2692,0.2685,0.2672,0.2655,0.2632,0.2605,0.2572,0.2533,0.2488,0.2437,0.2380,0.2315,0.2241,0.2158,0.2063,0.1953,0.1822,0.1659,0.1430,0.0749
73320,0.2693,0.2690,0.2683,0.2671,0.2653,0.2631,0.2603,0.2570,0.2531,0.2487,0.2436,0.2378,0.2313,0.2240,0.2157,0.2062,0.1952,0.1821,0.1658,0.1429,0.0748
73380,0.2691,0.2688,0.2681,0.2669,0.2651,0.2629,0.2601,0.2568,0.2530,0.2485,0.2434,0.2377,0.2312,0.2239,0.2155,0.2061,0.1951,0.1820,0.1657,0.1428,0.0748
73440,0.2689,0.2687,0.2679,0.2667,0.2650,0.2627,0.2600,0.2567,0.2528,0.2484,0.2433,0.2375,0.2310,0.2237,0.2154,0.2059,0.1950,0.1819,0.1656,0.1428,0.0747
73500,0.2687,0.2685,0.2678,0.2665,0.2648,0.2626,0.2598,0.2565,0.2527,0.2482,0.2431,0.2374,0.2309,0.2236,0.2153,0.2058,0.1949,0.1818,0.1656,0.1427,0.0747
73560,0.2686,0.2683,0.2676,0.2664,0.2646,0.2624,0.2596,0.2563,0.2525,0.2481,0.2430,0.2373,0.2308,0.2235,0.2152,0.2057,0.1948,0.1817,0.1655,0.1426,0.0746
73620,0.2684,0.2681,0.2674,0.2662,0.2645,0.2622,0.2595,0.2562,0.2523,0.2479,0.2428,0.2371,0.2306,0.2233,0.2150,0.2056,0.1947,0.1817,0.1654,0.1426,0.0746
73680,0.2682,0.2680,0.2672,0.2660,0.2643,0.2621,0.2593,0.2560,0.2522,0.2477,0.2427,0.2370,0.2305,0.2232,0.2149,0.2055,0.1946,0.1816,0.1653,0.1425,0.0745
73740,0.2680,0.2678,0.2671,0.2658,0.2641,0.2619,0.2591,0.2559,0.2520,0.2476,0.2425,0.2368,0.2304,0.2231,0.2148,0.2054,0.1945,0.1815,0.1652,0.1424,0.0745
73800,0.2679,0.2676,0.2669,0.2657,0.2639,0.2617,0.2590,0.2557,0.2519,0.2474,0.2424,0.2367,0.2302,0.2229,0.2147,0.2053,0.1943,0.1814,0.1652,0.1424,0.0744
73860,0.2677,0.2674,0.2667,0.2655,0.2638,0.2616,0.2588,0.2555,0.2517,0.2473,0.2422,0.2365,0.2301,0.2228,0.2146,0.2051,0.1942,0.1813,0.1651,0.1423,0.0744
73920,0.2675,0.2673,0.2665,0.2653,0.2636,0.2614,0.2586,0.2554,0.2515,0.2471,0.2421,0.2364,0.2300,0.2227,0.2144,0.2050,0.1941,0.1812,0.1650,0.1423,0.0743
73980,0.2673,0.2671,0.2664,0.2651,0.2634,0.2612,0.2585,0.2552,0.2514,0.2470,0.2420,0.2363,0.2298,0.2225,0.2143,0.2049,0.1940,0.1811,0.1649,0.1422,0.0743
74040,0.2672,0.2669,0.2662,0.2650,0.2633,0.2610,0.2583,0.2550,0.2512,0.2468,0.2418,0.2361,0.2297,0.2224,0.2142,0.2048,0.1939,0.1810,0.1648,0.1421,0.0742
74100,0.2670,0.2667,0.2660,0.2648,0.2631,0.2609,0.2582,0.2549,0.2511,0.2467,0.2417,0.2360,0.2295,0.2223,0.2141,0.2047,0.1938,0.1809,0.1648,0.1421,0.0742
74160,0.2668,0.2666,0.2658,0.2646,0.2629,0.2607,0.2580,0.2547,0.2509,0.2465,0.2415,0.2358,0.2294,0.2222,0.2140,0.2046,0.1937,0.1808,0.1647,0.1420,0.0741
74220,0.2666,0.2664,0.2657,0.2645,0.2628,0.2606,0.2578,0.2546,0.2508,0.2464,0.2414,0.2357,0.2293,0.2220,0.2138,0.2045,0.1936,0.1807,0.1646,0.1419,0.0741
74280,0.2665,0.2662,0.2655,0.2643,0.2626,0.2604,0.2577,0.2544,0.2506,0.2462,0.2412,0.2355,0.2291,0.2219,0.2137,0.2044,0.1935,0.1806,0.1645,0.1419,0.0740
74340,0.2663,0.2661,0.2653,0.2641,0.2624,0.2602,0.2575,0.2543,0.2505,0.2461,0.2411,0.2354,0.2290,0.2218,0.2136,0.2042,0.1934,0.1805,0.1644,0.1418,0.0740
74400,0.2661,0.2659,0.2652,0.2640,0.2623,0.2601,0.2573,0.2541,0.2503,0.2459,0.2409,0.2353,0.2289,0.2217,0.2135,0.2041,0.1933,0.1805,0.1644,0.1418,0.0739
74460,0.2660,0.2657,0.2650,0.2638,0.2621,0.2599,0.2572,0.2539,0.2501,0.2458,0.2408,0.2351,0.2287,0.2215,0.2134,0.2040,0.1932,0.1804,0.1643,0.1417,0.0739
74520,0.2658,0.2655,0.2648,0.2636,0.2619,0.2597,0.2570,0.2538,0.2500,0.2456,0.2406,0.2350,0.2286,0.2214,0.2132,0.2039,0.1931,0.1803,0.1642,0.1416,0.0738
74580,0.2656,0.2654,0.2647,0.2635,0.2618,0.2596,0.2569,0.2536,0.2498,0.2455,0.2405,0.2348,0.2285,0.2213,0.2131,0.2038,0.1930,0.1802,0.1641,0.1416,0.0738
74640,0.2655,0.2652,0.2645,0.2633,0.2616,0.2594,0.2567,0.2535,0.2497,0.2453,0.2403,0.2347,0.2283,0.2211,0.2130,0.2037,0.1929,0.1801,0.1641,0.1415,0.0737
74700,0.2653,0.2650,0.2643,0.2631,0.2614,0.2592,0.2565,0.2533,0.2495,0.2452,0.2402,0.2346,0.2282,0.2210,0.2129,0.2036,0.1928,0.1800,0.1640,0.1415,0.0737
74760,0.2651,0.2649,0.2642,0.2630,0.2613,0.2591,0.2564,0.2531,0.2494,0.2450,0.2401,0.2344,0.2281,0.2209,0.2128,0.2035,0.1927,0.1799,0.1639,0.1414,0.0736
74820,0.2649,0.2647,0.2640,0.2628,0.2611,0.2589,0.2562,0.2530,0.2492,0.2449,0.2399,0.2343,0.2279,0.2208,0.2126,0.2034,0.1926,0.1798,0.1638,0.1413,0.0736
74880,0.2648,0.2645,0.2638,0.2626,0.2609,0.2587,0.2561,0.2528,0.2491,0.2447,0.2398,0.2342,0.2278,0.2206,0.2125,0.2033,0.1925,0.1797,0.1637,0.1413,0.0735
74940,0.2646,0.2644,0.2637,0.2625,0.2608,0.2586,0.2559,0.2527,0.2489,0.2446,0.2396,0.2340,0.2277,0.2205,0.2124,0.2031,0.1924,0.1796,0.1637,0.1412,0.0735
75000,0.2644,0.2642,0.2635,0.2623,0.2606,0.2584,0.2557,0.2525,0.2488,0.2444,0.2395,0.2339,0.2275,0.2204,0.2123,0.2030,0.1923,0.1796,0.1636,0.1411,0.0734
75060,0.2643,0.2640,0.2633,0.2621,0.2604,0.2583,0.2556,0.2524,0.2486,0.2443,0.2393,0.2337,0.2274,0.2203,0.2122,0.2029,0.1922,0.1795,0.1635,0.1411,0.0734
75120,0.2641,0.2639,0.2632,0.2620,0.2603,0.2581,0.2554,0.2522,0.2485,0.2441,0.2392,0.2336,0.2273,0.2201,0.2121,0.2028,0.1921,0.1794,0.1634,0.1410,0.0733
75180,0.2639,0.2637,0.2630,0.2618,0.2601,0.2579,0.2553,0.2521,0.2483,0.2440,0.2391,0.2335,0.2272,0.2200,0.2119,0.2027,0.1920,0.1793,0.1634,0.1410,0.0733
75240,0.2638,0.2635,0.2628,0.2616,0.2600,0.2578,0.2551,0.2519,0.2482,0.2438,0.2389,0.2333,0.2270,0.2199,0.2118,0.2026,0.1919,0.1792,0.1633,0.1409,0.0732
75300,0.2636,0.2634,0.2627,0.2615,0.2598,0.2576,0.2549,0.2518,0.2480,0.2437,0.2388,0.2332,0.2269,0.2198,0.2117,0.2025,0.1918,0.1791,0.1632,0.1408,0.0732
75360,0.2634,0.2632,0.2625,0.2613,0.2596,0.2575,0.2548,0.2516,0.2479,0.2436,0.2386,0.2331,0.2268,0.2197,0.2116,0.2024,0.1917,0.1790,0.1631,0.1408,0.0732
75420,0.2633,0.2630,0.2623,0.2611,0.2595,0.2573,0.2546,0.2514,0.2477,0.2434,0.2385,0.2329,0.2266,0.2195,0.2115,0.2023,0.1916,0.1789,0.1631,0.1407,0.0731
75480,0.2631,0.2629,0.2622,0.2610,0.2593,0.2571,0.2545,0.2513,0.2476,0.2433,0.2384,0.2328,0.2265,0.2194,0.2114,0.2022,0.1915,0.1788,0.1630,0.1407,0.0731
75540,0.2629,0.2627,0.2620,0.2608,0.2591,0.2570,0.2543,0.2511,0.2474,0.2431,0.2382,0.2327,0.2264,0.2193,0.2112,0.2021,0.1914,0.1788,0.1629,0.1406,0.0730
75600,0.2628,0.2625,0.2618,0.2607,0.2590,0.2568,0.2542,0.2510,0.2473,0.2430,0.2381,0.2325,0.2262,0.2192,0.2111,0.2020,0.1913,0.1787,0.1628,0.1405,0.0730
75660,0.2626,0.2624,0.2617,0.2605,0.2588,0.2567,0.2540,0.2508,0.2471,0.2428,0.2379,0.2324,0.2261,0.2190,0.2110,0.2018,0.1912,0.1786,0.1628,0.1405,0.0729
75720,0.2625,0.2622,0.2615,0.2603,0.2587,0.2565,0.2539,0.2507,0.2470,0.2427,0.2378,0.2323,0.2260,0.2189,0.2109,0.2017,0.1911,0.1785,0.1627,0.1404,0.0729
75780,0.2623,0.2621,0.2614,0.2602,0.2585,0.2564,0.2537,0.2505,0.2468,0.2425,0.2377,0.2321,0.2259,0.2188,0.2108,0.2016,0.1910,0.1784,0.1626,0.1404,0.0728
75840,0.2621,0.2619,0.2612,0.2600,0.2583,0.2562,0.2535,0.2504,0.2467,0.2424,0.2375,0.2320,0.2257,0.2187,0.2107,0.2015,0.1909,0.1783,0.1625,0.1403,0.0728
75900,0.2620,0.2617,0.2610,0.2599,0.2582,0.2560,0.2534,0.2502,0.2465,0.2423,0.2374,0.2319,0.2256,0.2186,0.2106,0.2014,0.1908,0.1782,0.1625,0.1403,0.0727
75960,0.2618,0.2616,0.2609,0.2597,0.2580,0.2559,0.2532,0.2501,0.2464,0.2421,0.2372,0.2317,0.2255,0.2184,0.2104,0.2013,0.1907,0.1781,0.1624,0.1402,0.0727
76020,0.2616,0.2614,0.2607,0.2595,0.2579,0.2557,0.2531,0.2499,0.2462,0.2420,0.2371,0.2316,0.2254,0.2183,0.2103,0.2012,0.1906,0.1781,0.1623,0.1401,0.0726
76080,0.2615,0.2612,0.2605,0.2594,0.2577,0.2556,0.2529,0.2498,0.2461,0.2418,0.2370,0.2315,0.2252,0.2182,0.2102,0.2011,0.1905,0.1780,0.1622,0.1401,0.0726
76140,0.2613,0.2611,0.2604,0.2592,0.2576,0.2554,0.2528,0.2496,0.2459,0.2417,0.2368,0.2313,0.2251,0.2181,0.2101,0.2010,0.1905,0.1779,0.1622,0.1400,0.0726
76200,0.2612,0.2609,0.2602,0.2591,0.2574,0.2553,0.2526,0.2495,0.2458,0.2415,0.2367,0.2312,0.2250,0.2180,0.2100,0.2009,0.1904,0.1778,0.1621,0.1400,0.0725
76260,0.2610,0.2608,0.2601,0.2589,0.2572,0.2551,0.2525,0.2493,0.2456,0.2414,0.2366,0.2311,0.2248,0.2178,0.2099,0.2008,0.1903,0.1777,0.1620,0.1399,0.0725
76320,0.2608,0.2606,0.2599,0.2587,0.2571,0.2550,0.2523,0.2492,0.2455,0.2413,0.2364,0.2309,0.2247,0.2177,0.2098,0.2007,0.1902,0.1776,0.1619,0.1398,0.0724
76380,0.2607,0.2604,0.2597,0.2586,0.2569,0.2548,0.2522,0.2490,0.2454,0.2411,0.2363,0.2308,0.2246,0.2176,0.2097,0.2006,0.1901,0.1775,0.1619,0.1398,0.0724
76440,0.2605,0.2603,0.2596,0.2584,0.2568,0.2547,0.2520,0.2489,0.2452,0.2410,0.2361,0.2307,0.2245,0.2175,0.2095,0.2005,0.1900,0.1775,0.1618,0.1397,0.0723
76500,0.2604,0.2601,0.2594,0.2583,0.2566,0.2545,0.2519,0.2487,0.2451,0.2408,0.2360,0.2305,0.2243,0.2174,0.2094,0.2004,0.1899,0.1774,0.1617,0.1397,0.0723
76560,0.2602,0.2600,0.2593,0.2581,0.2565,0.2543,0.2517,0.2486,0.2449,0.2407,0.2359,0.2304,0.2242,0.2172,0.2093,0.2003,0.1898,0.1773,0.1616,0.1396,0.0722
76620,0.2600,0.2598,0.2591,0.2580,0.2563,0.2542,0.2516,0.2484,0.2448,0.2406,0.2357,0.2303,0.2241,0.2171,0.2092,0.2002,0.1897,0.1772,0.1616,0.1396,0.0722
76680,0.2599,0.2597,0.2590,0.2578,0.2562,0.2540,0.2514,0.2483,0.2446,0.2404,0.2356,0.2301,0.2240,0.2170,0.2091,0.2001,0.1896,0.1771,0.1615,0.1395,0.0722
76740,0.2597,0.2595,0.2588,0.2576,0.2560,0.2539,0.2513,0.2482,0.2445,0.2403,0.2355,0.2300,0.2239,0.2169,0.2090,0.2000,0.1895,0.1770,0.1614,0.1394,0.0721
76800,0.2596,0.2593,0.2586,0.2575,0.2559,0.2537,0.2511,0.2480,0.2444,0.2401,0.2353,0.2299,0.2237,0.2168,0.2089,0.1999,0.1894,0.1770,0.1614,0.1394,0.0721
76860,0.2594,0.2592,0.2585,0.2573,0.2557,0.2536,0.2510,0.2479,0.2442,0.2400,0.2352,0.2298,0.2236,0.2167,0.2088,0.1998,0.1893,0.1769,0.1613,0.1393,0.0720
76920,0.2593,0.2590,0.2583,0.2572,0.2555,0.2534,0.2508,0.2477,0.2441,0.2399,0.2351,0.2296,0.2235,0.2165,0.2087,0.1997,0.1892,0.1768,0.1612,0.1393,0.0720
76980,0.2591,0.2589,0.2582,0.2570,0.2554,0.2533,0.2507,0.2476,0.2439,0.2397,0.2349,0.2295,0.2234,0.2164,0.2085,0.1996,0.1891,0.1767,0.1611,0.1392,0.0719
77040,0.2589,0.2587,0.2580,0.2569,0.2552,0.2531,0.2505,0.2474,0.2438,0.2396,0.2348,0.2294,0.2232,0.2163,0.2084,0.1994,0.1890,0.1766,0.1611,0.1392,0.0719
77100,0.2588,0.2586,0.2579,0.2567,0.2551,0.2530,0.2504,0.2473,0.2436,0.2395,0.2347,0.2292,0.2231,0.2162,0.2083,0.1993,0.1889,0.1765,0.1610,0.1391,0.0718
77160,0.2586,0.2584,0.2577,0.2566,0.2549,0.2528,0.2502,0.2471,0.2435,0.2393,0.2345,0.2291,0.2230,0.2161,0.2082,0.1992,0.1888,0.1764,0.1609,0.1390,0.0718
77220,0.2585,0.2582,0.2576,0.2564,0.2548,0.2527,0.2501,0.2470,0.2434,0.2392,0.2344,0.2290,0.2229,0.2160,0.2081,0.1991,0.1888,0.1764,0.1609,0.1390,0.0718
77280,0.2583,0.2581,0.2574,0.2563,0.2546,0.2525,0.2499,0.2468,0.2432,0.2390,0.2343,0.2289,0.2227,0.2158,0.2080,0.1990,0.1887,0.1763,0.1608,0.1389,0.0717
77340,0.2582,0.2579,0.2573,0.2561,0.2545,0.2524,0.2498,0.2467,0.2431,0.2389,0.2341,0.2287,0.2226,0.2157,0.2079,0.1989,0.1886,0.1762,0.1607,0.1389,0.0717
77400,0.2580,0.2578,0.2571,0.2560,0.2543,0.2522,0.2496,0.2466,0.2429,0.2388,0.2340,0.2286,0.2225,0.2156,0.2078,0.1988,0.1885,0.1761,0.1606,0.1388,0.0716
77460,0.2579,0.2576,0.2569,0.2558,0.2542,0.2521,0.2495,0.2464,0.2428,0.2386,0.2339,0.2285,0.2224,0.2155,0.2077,0.1987,0.1884,0.1760,0.1606,0.1388,0.0716
77520,0.2577,0.2575,0.2568,0.2556,0.2540,0.2519,0.2494,0.2463,0.2427,0.2385,0.2337,0.2284,0.2223,0.2154,0.2076,0.1986,0.1883,0.1760,0.1605,0.1387,0.0715
77580,0.2576,0.2573,0.2566,0.2555,0.2539,0.2518,0.2492,0.2461,0.2425,0.2384,0.2336,0.2282,0.2221,0.2153,0.2075,0.1985,0.1882,0.1759,0.1604,0.1386,0.0715
77640,0.2574,0.2572,0.2565,0.2553,0.2537,0.2516,0.2491,0.2460,0.2424,0.2382,0.2335,0.2281,0.2220,0.2151,0.2074,0.1984,0.1881,0.1758,0.1604,0.1386,0.0715
77700,0.2573,0.2570,0.2563,0.2552,0.2536,0.2515,0.2489,0.2458,0.2422,0.2381,0.2334,0.2280,0.2219,0.2150,0.2072,0.1983,0.1880,0.1757,0.1603,0.1385,0.0714
77760,0.2571,0.2569,0.2562,0.2550,0.2534,0.2514,0.2488,0.2457,0.2421,0.2380,0.2332,0.2279,0.2218,0.2149,0.2071,0.1982,0.1879,0.1756,0.1602,0.1385,0.0714
77820,0.2569,0.2567,0.2560,0.2549,0.2533,0.2512,0.2486,0.2456,0.2420,0.2378,0.2331,0.2277,0.2217,0.2148,0.2070,0.1981,0.1878,0.1755,0.1601,0.1384,0.0713
77880,0.2568,0.2566,0.2559,0.2547,0.2531,0.2511,0.2485,0.2454,0.2418,0.2377,0.2330,0.2276,0.2215,0.2147,0.2069,0.1980,0.1877,0.1755,0.1601,0.1384,0.0713
77940,0.2566,0.2564,0.2557,0.2546,0.2530,0.2509,0.2483,0.2453,0.2417,0.2376,0.2328,0.2275,0.2214,0.2146,0.2068,0.1979,0.1876,0.1754,0.1600,0.1383,0.0713
78000,0.2565,0.2563,0.2556,0.2544,0.2528,0.2508,0.2482,0.2451,0.2416,0.2374,0.2327,0.2274,0.2213,0.2145,0.2067,0.1978,0.1876,0.1753,0.1599,0.1383,0.0712
78060,0.2563,0.2561,0.2554,0.2543,0.2527,0.2506,0.2481,0.2450,0.2414,0.2373,0.2326,0.2272,0.2212,0.2144,0.2066,0.1977,0.1875,0.1752,0.1599,0.1382,0.0712
78120,0.2562,0.2560,0.2553,0.2541,0.2525,0.2505,0.2479,0.2449,0.2413,0.2372,0.2325,0.2271,0.2211,0.2142,0.2065,0.1976,0.1874,0.1751,0.1598,0.1381,0.0711
78180,0.2560,0.2558,0.2551,0.2540,0.2524,0.2503,0.2478,0.2447,0.2411,0.2370,0.2323,0.2270,0.2210,0.2141,0.2064,0.1975,0.1873,0.1751,0.1597,0.1381,0.0711
78240,0.2559,0.2557,0.2550,0.2539,0.2523,0.2502,0.2476,0.2446,0.2410,0.2369,0.2322,0.2269,0.2208,0.2140,0.2063,0.1975,0.1872,0.1750,0.1597,0.1380,0.0711
78300,0.2557,0.2555,0.2548,0.2537,0.2521,0.2500,0.2475,0.2444,0.2409,0.2368,0.2321,0.2267,0.2207,0.2139,0.2062,0.1974,0.1871,0.1749,0.1596,0.1380,0.0710
78360,0.2556,0.2554,0.2547,0.2536,0.2520,0.2499,0.2473,0.2443,0.2407,0.2366,0.2319,0.2266,0.2206,0.2138,0.2061,0.1973,0.1870,0.1748,0.1595,0.1379,0.0710
78420,0.2554,0.2552,0.2545,0.2534,0.2518,0.2498,0.2472,0.2442,0.2406,0.2365,0.2318,0.2265,0.2205,0.2137,0.2060,0.1972,0.1869,0.1747,0.1595,0.1379,0.0709
78480,0.2553,0.2551,0.2544,0.2533,0.2517,0.2496,0.2471,0.2440,0.2405,0.2364,0.2317,0.2264,0.2204,0.2136,0.2059,0.1971,0.1868,0.1747,0.1594,0.1378,0.0709
78540,0.2551,0.2549,0.2542,0.2531,0.2515,0.2495,0.2469,0.2439,0.2403,0.2362,0.2316,0.2263,0.2202,0.2135,0.2058,0.1970,0.1868,0.1746,0.1593,0.1378,0.0709
78600,0.2550,0.2548,0.2541,0.2530,0.2514,0.2493,0.2468,0.2438,0.2402,0.2361,0.2314,0.2261,0.2201,0.2134,0.2057,0.1969,0.1867,0.1745,0.1592,0.1377,0.0708
78660,0.2548,0.2546,0.2539,0.2528,0.2512,0.2492,0.2466,0.2436,0.2401,0.2360,0.2313,0.2260,0.2200,0.2132,0.2056,0.1968,0.1866,0.1744,0.1592,0.1377,0.0708
78720,0.2547,0.2545,0.2538,0.2527,0.2511,0.2490,0.2465,0.2435,0.2399,0.2358,0.2312,0.2259,0.2199,0.2131,0.2055,0.1967,0.1865,0.1743,0.1591,0.1376,0.0707
78780,0.2546,0.2543,0.2537,0.2525,0.2509,0.2489,0.2464,0.2433,0.2398,0.2357,0.2311,0.2258,0.2198,0.2130,0.2053,0.1966,0.1864,0.1743,0.1590,0.1375,0.0707
78840,0.2544,0.2542,0.2535,0.2524,0.2508,0.2488,0.2462,0.2432,0.2397,0.2356,0.2309,0.2256,0.2197,0.2129,0.2052,0.1965,0.1863,0.1742,0.1590,0.1375,0.0707
78900,0.2543,0.2540,0.2534,0.2522,0.2507,0.2486,0.2461,0.2431,0.2395,0.2355,0.2308,0.2255,0.2196,0.2128,0.2051,0.1964,0.1862,0.1741,0.1589,0.1374,0.0706
78960,0.2541,0.2539,0.2532,0.2521,0.2505,0.2485,0.2459,0.2429,0.2394,0.2353,0.2307,0.2254,0.2194,0.2127,0.2050,0.1963,0.1861,0.1740,0.1588,0.1374,0.0706
79020,0.2540,0.2537,0.2531,0.2520,0.2504,0.2483,0.2458,0.2428,0.2393,0.2352,0.2306,0.2253,0.2193,0.2126,0.2049,0.1962,0.1860,0.1739,0.1588,0.1373,0.0705
79080,0.2538,0.2536,0.2529,0.2518,0.2502,0.2482,0.2457,0.2427,0.2391,0.2351,0.2304,0.2252,0.2192,0.2125,0.2048,0.1961,0.1860,0.1739,0.1587,0.1373,0.0705
79140,0.2537,0.2534,0.2528,0.2517,0.2501,0.2480,0.2455,0.2425,0.2390,0.2349,0.2303,0.2250,0.2191,0.2124,0.2047,0.1960,0.1859,0.1738,0.1586,0.1372,0.0705
79200,0.2535,0.2533,0.2526,0.2515,0.2499,0.2479,0.2454,0.2424,0.2389,0.2348,0.2302,0.2249,0.2190,0.2123,0.2046,0.1959,0.1858,0.1737,0.1586,0.1372,0.0704
79260,0.2534,0.2532,0.2525,0.2514,0.2498,0.2478,0.2453,0.2423,0.2387,0.2347,0.2301,0.2248,0.2189,0.2121,0.2045,0.1958,0.1857,0.1736,0.1585,0.1371,0.0704
79320,0.2532,0.2530,0.2523,0.2512,0.2497,0.2476,0.2451,0.2421,0.2386,0.2346,0.2299,0.2247,0.2187,0.2120,0.2044,0.1957,0.1856,0.1736,0.1584,0.1371,0.0703
79380,0.2531,0.2529,0.2522,0.2511,0.2495,0.2475,0.2450,0.2420,0.2385,0.2344,0.2298,0.2246,0.2186,0.2119,0.2043,0.1956,0.1855,0.1735,0.1584,0.1370,0.0703
79440,0.2530,0.2527,0.2521,0.2509,0.2494,0.2474,0.2448,0.2419,0.2383,0.2343,0.2297,0.2244,0.2185,0.2118,0.2042,0.1955,0.1854,0.1734,0.1583,0.1370,0.0703
79500,0.2528,0.2526,0.2519,0.2508,0.2492,0.2472,0.2447,0.2417,0.2382,0.2342,0.2296,0.2243,0.2184,0.2117,0.2041,0.1954,0.1853,0.1733,0.1582,0.1369,0.0702
79560,0.2527,0.2524,0.2518,0.2507,0.2491,0.2471,0.2446,0.2416,0.2381,0.2341,0.2294,0.2242,0.2183,0.2116,0.2040,0.1953,0.1853,0.1732,0.1582,0.1369,0.0702
79620,0.2525,0.2523,0.2516,0.2505,0.2490,0.2469,0.2444,0.2415,0.2380,0.2339,0.2293,0.2241,0.2182,0.2115,0.2039,0.1952,0.1852,0.1732,0.1581,0.1368,0.0702
79680,0.2524,0.2522,0.2515,0.2504,0.2488,0.2468,0.2443,0.2413,0.2378,0.2338,0.2292,0.2240,0.2181,0.2114,0.2038,0.1951,0.1851,0.1731,0.1580,0.1368,0.0701
79740,0.2522,0.2520,0.2513,0.2502,0.2487,0.2467,0.2442,0.2412,0.2377,0.2337,0.2291,0.2239,0.2180,0.2113,0.2037,0.1951,0.1850,0.1730,0.1580,0.1367,0.0701
79800,0.2521,0.2519,0.2512,0.2501,0.2485,0.2465,0.2440,0.2411,0.2376,0.2335,0.2290,0.2237,0.2178,0.2112,0.2036,0.1950,0.1849,0.1729,0.1579,0.1366,0.0700
79860,0.2519,0.2517,0.2511,0.2500,0.2484,0.2464,0.2439,0.2409,0.2374,0.2334,0.2288,0.2236,0.2177,0.2111,0.2035,0.1949,0.1848,0.1729,0.1578,0.1366,0.0700
79920,0.2518,0.2516,0.2509,0.2498,0.2483,0.2462,0.2438,0.2408,0.2373,0.2333,0.2287,0.2235,0.2176,0.2110,0.2034,0.1948,0.1847,0.1728,0.1578,0.1365,0.0700
79980,0.2517,0.2514,0.2508,0.2497,0.2481,0.2461,0.2436,0.2407,0.2372,0.2332,0.2286,0.2234,0.2175,0.2109,0.2033,0.1947,0.1847,0.1727,0.1577,0.1365,0.0699
80040,0.2515,0.2513,0.2506,0.2495,0.2480,0.2460,0.2435,0.2405,0.2371,0.2330,0.2285,0.2233,0.2174,0.2108,0.2032,0.1946,0.1846,0.1726,0.1576,0.1364,0.0699
80100,0.2514,0.2512,0.2505,0.2494,0.2478,0.2458,0.2434,0.2404,0.2369,0.2329,0.2283,0.2232,0.2173,0.2106,0.2031,0.1945,0.1845,0.1726,0.1576,0.1364,0.0699
80160,0.2512,0.2510,0.2504,0.2493,0.2477,0.2457,0.2432,0.2403,0.2368,0.2328,0.2282,0.2230,0.2172,0.2105,0.2030,0.1944,0.1844,0.1725,0.1575,0.1363,0.0698
80220,0.2511,0.2509,0.2502,0.2491,0.2476,0.2456,0.2431,0.2401,0.2367,0.2327,0.2281,0.2229,0.2171,0.2104,0.2029,0.1943,0.1843,0.1724,0.1574,0.1363,0.0698
80280,0.2510,0.2507,0.2501,0.2490,0.2474,0.2454,0.2430,0.2400,0.2365,0.2325,0.2280,0.2228,0.2170,0.2103,0.2028,0.1942,0.1842,0.1723,0.1574,0.1362,0.0697
80340,0.2508,0.2506,0.2499,0.2488,0.2473,0.2453,0.2428,0.2399,0.2364,0.2324,0.2279,0.2227,0.2168,0.2102,0.2027,0.1941,0.1842,0.1722,0.1573,0.1362,0.0697
80400,0.2507,0.2505,0.2498,0.2487,0.2472,0.2452,0.2427,0.2397,0.2363,0.2323,0.2277,0.2226,0.2167,0.2101,0.2026,0.1940,0.1841,0.1722,0.1572,0.1361,0.0697
80460,0.2505,0.2503,0.2497,0.2486,0.2470,0.2450,0.2426,0.2396,0.2362,0.2322,0.2276,0.2225,0.2166,0.2100,0.2025,0.1939,0.1840,0.1721,0.1572,0.1361,0.0696
80520,0.2504,0.2502,0.2495,0.2484,0.2469,0.2449,0.2424,0.2395,0.2360,0.2321,0.2275,0.2224,0.2165,0.2099,0.2024,0.1939,0.1839,0.1720,0.1571,0.1360,0.0696
80580,0.2503,0.2500,0.2494,0.2483,0.2468,0.2448,0.2423,0.2394,0.2359,0.2319,0.2274,0.2222,0.2164,0.2098,0.2023,0.1938,0.1838,0.1719,0.1571,0.1360,0.0696
80640,0.2501,0.2499,0.2492,0.2482,0.2466,0.2446,0.2422,0.2392,0.2358,0.2318,0.2273,0.2221,0.2163,0.2097,0.2022,0.1937,0.1837,0.1719,0.1570,0.1359,0.0695
80700,0.2500,0.2498,0.2491,0.2480,0.2465,0.2445,0.2420,0.2391,0.2357,0.2317,0.2272,0.2220,0.2162,0.2096,0.2021,0.1936,0.1837,0.1718,0.1569,0.1359,0.0695
80760,0.2498,0.2496,0.2490,0.2479,0.2463,0.2444,0.2419,0.2390,0.2355,0.2316,0.2270,0.2219,0.2161,0.2095,0.2020,0.1935,0.1836,0.1717,0.1569,0.1358,0.0695
80820,0.2497,0.2495,0.2488,0.2477,0.2462,0.2442,0.2418,0.2388,0.2354,0.2314,0.2269,0.2218,0.2160,0.2094,0.2019,0.1934,0.1835,0.1717,0.1568,0.1358,0.0694
80880,0.2496,0.2494,0.2487,0.2476,0.2461,0.2441,0.2416,0.2387,0.2353,0.2313,0.2268,0.2217,0.2159,0.2093,0.2018,0.1933,0.1834,0.1716,0.1567,0.1357,0.0694
80940,0.2494,0.2492,0.2486,0.2475,0.2459,0.2440,0.2415,0.2386,0.2352,0.2312,0.2267,0.2216,0.2158,0.2092,0.2017,0.1932,0.1833,0.1715,0.1567,0.1357,0.0693
81000,0.2493,0.2491,0.2484,0.2473,0.2458,0.2438,0.2414,0.2385,0.2350,0.2311,0.2266,0.2214,0.2156,0.2091,0.2016,0.1931,0.1832,0.1714,0.1566,0.1356,0.0693
81060,0.2492,0.2489,0.2483,0.2472,0.2457,0.2437,0.2413,0.2383,0.2349,0.2310,0.2264,0.2213,0.2155,0.2090,0.2015,0.1930,0.1832,0.1714,0.1565,0.1356,0.0693
81120,0.2490,0.2488,0.2482,0.2471,0.2455,0.2436,0.2411,0.2382,0.2348,0.2308,0.2263,0.2212,0.2154,0.2089,0.2015,0.1929,0.1831,0.1713,0.1565,0.1355,0.0692
81180,0.2489,0.2487,0.2480,0.2469,0.2454,0.2434,0.2410,0.2381,0.2347,0.2307,0.2262,0.2211,0.2153,0.2088,0.2014,0.1929,0.1830,0.1712,0.1564,0.1355,0.0692
81240,0.2488,0.2485,0.2479,0.2468,0.2453,0.2433,0.2409,0.2379,0.2345,0.2306,0.2261,0.2210,0.2152,0.2087,0.2013,0.1928,0.1829,0.1711,0.1563,0.1354,0.0692
81300,0.2486,0.2484,0.2477,0.2467,0.2451,0.2432,0.2407,0.2378,0.2344,0.2305,0.2260,0.2209,0.2151,0.2086,0.2012,0.1927,0.1828,0.1711,0.1563,0.1354,0.0691
81360,0.2485,0.2483,0.2476,0.2465,0.2450,0.2430,0.2406,0.2377,0.2343,0.2304,0.2259,0.2208,0.2150,0.2085,0.2011,0.1926,0.1827,0.1710,0.1562,0.1353,0.0691
81420,0.2483,0.2481,0.2475,0.2464,0.2449,0.2429,0.2405,0.2376,0.2342,0.2302,0.2257,0.2207,0.2149,0.2084,0.2010,0.1925,0.1827,0.1709,0.1562,0.1353,0.0691
81480,0.2482,0.2480,0.2473,0.2463,0.2447,0.2428,0.2403,0.2374,0.2340,0.2301,0.2256,0.2205,0.2148,0.2083,0.2009,0.1924,0.1826,0.1708,0.1561,0.1352,0.0690
81540,0.2481,0.2479,0.2472,0.2461,0.2446,0.2426,0.2402,0.2373,0.2339,0.2300,0.2255,0.2204,0.2147,0.2082,0.2008,0.1923,0.1825,0.1708,0.1560,0.1352,0.0690
81600,0.2479,0.2477,0.2471,0.2460,0.2445,0.2425,0.2401,0.2372,0.2338,0.2299,0.2254,0.2203,0.2146,0.2081,0.2007,0.1922,0.1824,0.1707,0.1560,0.1351,0.0690
81660,0.2478,0.2476,0.2469,0.2459,0.2444,0.2424,0.2400,0.2371,0.2337,0.2298,0.2253,0.2202,0.2145,0.2080,0.2006,0.1921,0.1823,0.1706,0.1559,0.1351,0.0689
81720,0.2477,0.2475,0.2468,0.2457,0.2442,0.2423,0.2398,0.2369,0.2336,0.2296,0.2252,0.2201,0.2144,0.2079,0.2005,0.1921,0.1823,0.1705,0.1558,0.1350,0.0689
81780,0.2475,0.2473,0.2467,0.2456,0.2441,0.2421,0.2397,0.2368,0.2334,0.2295,0.2251,0.2200,0.2143,0.2078,0.2004,0.1920,0.1822,0.1705,0.1558,0.1350,0.0689
81840,0.2474,0.2472,0.2465,0.2455,0.2440,0.2420,0.2396,0.2367,0.2333,0.2294,0.2249,0.2199,0.2142,0.2077,0.2003,0.1919,0.1821,0.1704,0.1557,0.1349,0.0688
81900,0.2473,0.2471,0.2464,0.2453,0.2438,0.2419,0.2395,0.2366,0.2332,0.2293,0.2248,0.2198,0.2140,0.2076,0.2002,0.1918,0.1820,0.1703,0.1557,0.1349,0.0688
81960,0.2471,0.2469,0.2463,0.2452,0.2437,0.2417,0.2393,0.2364,0.2331,0.2292,0.2247,0.2197,0.2139,0.2075,0.2001,0.1917,0.1819,0.1703,0.1556,0.1348,0.0688
82020,0.2470,0.2468,0.2461,0.2451,0.2436,0.2416,0.2392,0.2363,0.2329,0.2291,0.2246,0.2196,0.2138,0.2074,0.2000,0.1916,0.1819,0.1702,0.1555,0.1348,0.0687
82080,0.2469,0.2467,0.2460,0.2449,0.2434,0.2415,0.2391,0.2362,0.2328,0.2289,0.2245,0.2194,0.2137,0.2073,0.1999,0.1915,0.1818,0.1701,0.1555,0.1347,0.0687
82140,0.2467,0.2465,0.2459,0.2448,0.2433,0.2414,0.2390,0.2361,0.2327,0.2288,0.2244,0.2193,0.2136,0.2072,0.1998,0.1914,0.1817,0.1700,0.1554,0.1347,0.0687
82200,0.2466,0.2464,0.2458,0.2447,0.2432,0.2412,0.2388,0.2360,0.2326,0.2287,0.2243,0.2192,0.2135,0.2071,0.1997,0.1914,0.1816,0.1700,0.1553,0.1346,0.0686
82260,0.2465,0.2463,0.2456,0.2446,0.2431,0.2411,0.2387,0.2358,0.2325,0.2286,0.2242,0.2191,0.2134,0.2070,0.1997,0.1913,0.1815,0.1699,0.1553,0.1346,0.0686
82320,0.2463,0.2461,0.2455,0.2444,0.2429,0.2410,0.2386,0.2357,0.2323,0.2285,0.2240,0.2190,0.2133,0.2069,0.1996,0.1912,0.1815,0.1698,0.1552,0.1345,0.0686
82380,0.2462,0.2460,0.2454,0.2443,0.2428,0.2409,0.2385,0.2356,0.2322,0.2284,0.2239,0.2189,0.2132,0.2068,0.1995,0.1911,0.1814,0.1698,0.1552,0.1345,0.0685
82440,0.2461,0.2459,0.2452,0.2442,0.2427,0.2407,0.2383,0.2355,0.2321,0.2282,0.2238,0.2188,0.2131,0.2067,0.1994,0.1910,0.1813,0.1697,0.1551,0.1344,0.0685
82500,0.2459,0.2457,0.2451,0.2440,0.2425,0.2406,0.2382,0.2353,0.2320,0.2281,0.2237,0.2187,0.2130,0.2066,0.1993,0.1909,0.1812,0.1696,0.1550,0.1344,0.0685
82560,0.2458,0.2456,0.2450,0.2439,0.2424,0.2405,0.2381,0.2352,0.2319,0.2280,0.2236,0.2186,0.2129,0.2065,0.1992,0.1908,0.1811,0.1695,0.1550,0.1343,0.0684
82620,0.2457,0.2455,0.2448,0.2438,0.2423,0.2403,0.2380,0.2351,0.2318,0.2279,0.2235,0.2185,0.2128,0.2064,0.1991,0.1908,0.1811,0.1695,0.1549,0.1343,0.0684
82680,0.2456,0.2453,0.2447,0.2437,0.2422,0.2402,0.2378,0.2350,0.2316,0.2278,0.2234,0.2184,0.2127,0.2063,0.1990,0.1907,0.1810,0.1694,0.1549,0.1342,0.0684
82740,0.2454,0.2452,0.2446,0.2435,0.2420,0.2401,0.2377,0.2349,0.2315,0.2277,0.2233,0.2183,0.2126,0.2062,0.1989,0.1906,0.1809,0.1693,0.1548,0.1342,0.0683
82800,0.2453,0.2451,0.2445,0.2434,0.2419,0.2400,0.2376,0.2347,0.2314,0.2275,0.2231,0.2181,0.2125,0.2061,0.1988,0.1905,0.1808,0.1693,0.1547,0.1341,0.0683
82860,0.2452,0.2450,0.2443,0.2433,0.2418,0.2398,0.2375,0.2346,0.2313,0.2274,0.2230,0.2180,0.2124,0.2060,0.1987,0.1904,0.1807,0.1692,0.1547,0.1341,0.0683
82920,0.2450,0.2448,0.2442,0.2431,0.2416,0.2397,0.2373,0.2345,0.2312,0.2273,0.2229,0.2179,0.2123,0.2059,0.1986,0.1903,0.1807,0.1691,0.1546,0.1341,0.0682
82980,0.2449,0.2447,0.2441,0.2430,0.2415,0.2396,0.2372,0.2344,0.2310,0.2272,0.2228,0.2178,0.2122,0.2058,0.1985,0.1902,0.1806,0.1691,0.1546,0.1340,0.0682
83040,0.2448,0.2446,0.2439,0.2429,0.2414,0.2395,0.2371,0.2343,0.2309,0.2271,0.2227,0.2177,0.2121,0.2057,0.1985,0.1902,0.1805,0.1690,0.1545,0.1340,0.0682
83100,0.2447,0.2444,0.2438,0.2428,0.2413,0.2393,0.2370,0.2341,0.2308,0.2270,0.2226,0.2176,0.2120,0.2056,0.1984,0.1901,0.1804,0.1689,0.1544,0.1339,0.0681
83160,0.2445,0.2443,0.2437,0.2426,0.2411,0.2392,0.2369,0.2340,0.2307,0.2269,0.2225,0.2175,0.2119,0.2055,0.1983,0.1900,0.1804,0.1688,0.1544,0.1339,0.0681
83220,0.2444,0.2442,0.2436,0.2425,0.2410,0.2391,0.2367,0.2339,0.2306,0.2268,0.2224,0.2174,0.2118,0.2054,0.1982,0.1899,0.1803,0.1688,0.1543,0.1338,0.0681
83280,0.2443,0.2441,0.2434,0.2424,0.2409,0.2390,0.2366,0.2338,0.2305,0.2266,0.2223,0.2173,0.2117,0.2053,0.1981,0.1898,0.1802,0.1687,0.1543,0.1338,0.0680
83340,0.2441,0.2439,0.2433,0.2423,0.2408,0.2389,0.2365,0.2337,0.2303,0.2265,0.2222,0.2172,0.2116,0.2052,0.1980,0.1897,0.1801,0.1686,0.1542,0.1337,0.0680
83400,0.2440,0.2438,0.2432,0.2421,0.2406,0.2387,0.2364,0.2335,0.2302,0.2264,0.2220,0.2171,0.2115,0.2051,0.1979,0.1897,0.1800,0.1686,0.1541,0.1337,0.0680
83460,0.2439,0.2437,0.2430,0.2420,0.2405,0.2386,0.2362,0.2334,0.2301,0.2263,0.2219,0.2170,0.2114,0.2050,0.1978,0.1896,0.1800,0.1685,0.1541,0.1336,0.0679
83520,0.2438,0.2435,0.2429,0.2419,0.2404,0.2385,0.2361,0.2333,0.2300,0.2262,0.2218,0.2169,0.2113,0.2049,0.1977,0.1895,0.1799,0.1684,0.1540,0.1336,0.0679
83580,0.2436,0.2434,0.2428,0.2418,0.2403,0.2384,0.2360,0.2332,0.2299,0.2261,0.2217,0.2168,0.2112,0.2048,0.1976,0.1894,0.1798,0.1684,0.1540,0.1335,0.0679
83640,0.2435,0.2433,0.2427,0.2416,0.2401,0.2382,0.2359,0.2331,0.2298,0.2260,0.2216,0.2167,0.2111,0.2047,0.1976,0.1893,0.1797,0.1683,0.1539,0.1335,0.0678
83700,0.2434,0.2432,0.2425,0.2415,0.2400,0.2381,0.2358,0.2330,0.2297,0.2259,0.2215,0.2166,0.2110,0.2047,0.1975,0.1892,0.1797,0.1682,0.1538,0.1334,0.0678
83760,0.2433,0.2430,0.2424,0.2414,0.2399,0.2380,0.2356,0.2328,0.2295,0.2257,0.2214,0.2165,0.2109,0.2046,0.1974,0.1891,0.1796,0.1682,0.1538,0.1334,0.0678
83820,0.2431,0.2429,0.2423,0.2413,0.2398,0.2379,0.2355,0.2327,0.2294,0.2256,0.2213,0.2164,0.2108,0.2045,0.1973,0.1891,0.1795,0.1681,0.1537,0.1333,0.0678
83880,0.2430,0.2428,0.2422,0.2411,0.2397,0.2378,0.2354,0.2326,0.2293,0.2255,0.2212,0.2163,0.2107,0.2044,0.1972,0.1890,0.1794,0.1680,0.1537,0.1333,0.0677
83940,0.2429,0.2427,0.2420,0.2410,0.2395,0.2376,0.2353,0.2325,0.2292,0.2254,0.2211,0.2162,0.2106,0.2043,0.1971,0.1889,0.1794,0.1680,0.1536,0.1333,0.0677
84000,0.2428,0.2425,0.2419,0.2409,0.2394,0.2375,0.2352,0.2324,0.2291,0.2253,0.2210,0.2160,0.2105,0.2042,0.1970,0.1888,0.1793,0.1679,0.1535,0.1332,0.0677
84060,0.2426,0.2424,0.2418,0.2408,0.2393,0.2374,0.2351,0.2323,0.2290,0.2252,0.2209,0.2159,0.2104,0.2041,0.1969,0.1887,0.1792,0.1678,0.1535,0.1332,0.0676
84120,0.2425,0.2423,0.2417,0.2406,0.2392,0.2373,0.2349,0.2321,0.2289,0.2251,0.2208,0.2158,0.2103,0.2040,0.1968,0.1887,0.1791,0.1677,0.1534,0.1331,0.0676
84180,0.2424,0.2422,0.2415,0.2405,0.2390,0.2372,0.2348,0.2320,0.2287,0.2250,0.2206,0.2157,0.2102,0.2039,0.1968,0.1886,0.1791,0.1677,0.1534,0.1331,0.0676
84240,0.2423,0.2420,0.2414,0.2404,0.2389,0.2370,0.2347,0.2319,0.2286,0.2249,0.2205,0.2156,0.2101,0.2038,0.1967,0.1885,0.1790,0.1676,0.1533,0.1330,0.0675
84300,0.2421,0.2419,0.2413,0.2403,0.2388,0.2369,0.2346,0.2318,0.2285,0.2247,0.2204,0.2155,0.2100,0.2037,0.1966,0.1884,0.1789,0.1675,0.1533,0.1330,0.0675
84360,0.2420,0.2418,0.2412,0.2401,0.2387,0.2368,0.2345,0.2317,0.2284,0.2246,0.2203,0.2154,0.2099,0.2036,0.1965,0.1883,0.1788,0.1675,0.1532,0.1329,0.0675
84420,0.2419,0.2417,0.2411,0.2400,0.2386,0.2367,0.2343,0.2316,0.2283,0.2245,0.2202,0.2153,0.2098,0.2035,0.1964,0.1882,0.1788,0.1674,0.1531,0.1329,0.0674
84480,0.2418,0.2416,0.2409,0.2399,0.2384,0.2366,0.2342,0.2314,0.2282,0.2244,0.2201,0.2152,0.2097,0.2034,0.1963,0.1882,0.1787,0.1673,0.1531,0.1328,0.0674
84540,0.2416,0.2414,0.2408,0.2398,0.2383,0.2364,0.2341,0.2313,0.2281,0.2243,0.2200,0.2151,0.2096,0.2033,0.1962,0.1881,0.1786,0.1673,0.1530,0.1328,0.0674
84600,0.2415,0.2413,0.2407,0.2397,0.2382,0.2363,0.2340,0.2312,0.2280,0.2242,0.2199,0.2150,0.2095,0.2032,0.1961,0.1880,0.1785,0.1672,0.1530,0.1327,0.0674
84660,0.2414,0.2412,0.2406,0.2395,0.2381,0.2362,0.2339,0.2311,0.2278,0.2241,0.2198,0.2149,0.2094,0.2032,0.1961,0.1879,0.1785,0.1671,0.1529,0.1327,0.0673
84720,0.2413,0.2411,0.2404,0.2394,0.2380,0.2361,0.2338,0.2310,0.2277,0.2240,0.2197,0.2148,0.2093,0.2031,0.1960,0.1878,0.1784,0.1671,0.1529,0.1327,0.0673
84780,0.2411,0.2409,0.2403,0.2393,0.2378,0.2360,0.2336,0.2309,0.2276,0.2239,0.2196,0.2147,0.2092,0.2030,0.1959,0.1878,0.1783,0.1670,0.1528,0.1326,0.0673
84840,0.2410,0.2408,0.2402,0.2392,0.2377,0.2358,0.2335,0.2308,0.2275,0.2238,0.2195,0.2146,0.2091,0.2029,0.1958,0.1877,0.1782,0.1669,0.1527,0.1326,0.0672
84900,0.2409,0.2407,0.2401,0.2391,0.2376,0.2357,0.2334,0.2306,0.2274,0.2237,0.2194,0.2145,0.2090,0.2028,0.1957,0.1876,0.1782,0.1669,0.1527,0.1325,0.0672
84960,0.2408,0.2406,0.2400,0.2389,0.2375,0.2356,0.2333,0.2305,0.2273,0.2236,0.2193,0.2144,0.2089,0.2027,0.1956,0.1875,0.1781,0.1668,0.1526,0.1325,0.0672
85020,0.2407,0.2405,0.2398,0.2388,0.2374,0.2355,0.2332,0.2304,0.2272,0.2234,0.2192,0.2143,0.2088,0.2026,0.1955,0.1874,0.1780,0.1667,0.1526,0.1324,0.0671
85080,0.2405,0.2403,0.2397,0.2387,0.2372,0.2354,0.2331,0.2303,0.2271,0.2233,0.2191,0.2142,0.2087,0.2025,0.1955,0.1874,0.1779,0.1667,0.1525,0.1324,0.0671
85140,0.2404,0.2402,0.2396,0.2386,0.2371,0.2353,0.2330,0.2302,0.2270,0.2232,0.2190,0.2141,0.2086,0.2024,0.1954,0.1873,0.1779,0.1666,0.1525,0.1323,0.0671
85200,0.2403,0.2401,0.2395,0.2385,0.2370,0.2351,0.2328,0.2301,0.2269,0.2231,0.2189,0.2140,0.2085,0.2023,0.1953,0.1872,0.1778,0.1666,0.1524,0.1323,0.0671
85260,0.2402,0.2400,0.2394,0.2383,0.2369,0.2350,0.2327,0.2300,0.2267,0.2230,0.2188,0.2139,0.2084,0.2022,0.1952,0.1871,0.1777,0.1665,0.1523,0.1323,0.0670
85320,0.2401,0.2398,0.2392,0.2382,0.2368,0.2349,0.2326,0.2299,0.2266,0.2229,0.2187,0.2138,0.2083,0.2022,0.1951,0.1870,0.1776,0.1664,0.1523,0.1322,0.0670
85380,0.2399,0.2397,0.2391,0.2381,0.2367,0.2348,0.2325,0.2297,0.2265,0.2228,0.2186,0.2137,0.2083,0.2021,0.1950,0.1870,0.1776,0.1664,0.1522,0.1322,0.0670
85440,0.2398,0.2396,0.2390,0.2380,0.2365,0.2347,0.2324,0.2296,0.2264,0.2227,0.2185,0.2136,0.2082,0.2020,0.1949,0.1869,0.1775,0.1663,0.1522,0.1321,0.0669
85500,0.2397,0.2395,0.2389,0.2379,0.2364,0.2346,0.2323,0.2295,0.2263,0.2226,0.2183,0.2135,0.2081,0.2019,0.1949,0.1868,0.1774,0.1662,0.1521,0.1321,0.0669
85560,0.2396,0.2394,0.2388,0.2377,0.2363,0.2345,0.2322,0.2294,0.2262,0.2225,0.2182,0.2134,0.2080,0.2018,0.1948,0.1867,0.1774,0.1662,0.1521,0.1320,0.0669
85620,0.2395,0.2393,0.2386,0.2376,0.2362,0.2343,0.2320,0.2293,0.2261,0.2224,0.2181,0.2133,0.2079,0.2017,0.1947,0.1866,0.1773,0.1661,0.1520,0.1320,0.0669
85680,0.2393,0.2391,0.2385,0.2375,0.2361,0.2342,0.2319,0.2292,0.2260,0.2223,0.2180,0.2132,0.2078,0.2016,0.1946,0.1866,0.1772,0.1660,0.1519,0.1319,0.0668
85740,0.2392,0.2390,0.2384,0.2374,0.2360,0.2341,0.2318,0.2291,0.2259,0.2222,0.2179,0.2131,0.2077,0.2015,0.1945,0.1865,0.1771,0.1660,0.1519,0.1319,0.0668
85800,0.2391,0.2389,0.2383,0.2373,0.2358,0.2340,0.2317,0.2290,0.2258,0.2221,0.2178,0.2130,0.2076,0.2014,0.1944,0.1864,0.1771,0.1659,0.1518,0.1319,0.0668
85860,0.2390,0.2388,0.2382,0.2372,0.2357,0.2339,0.2316,0.2289,0.2257,0.2220,0.2177,0.2129,0.2075,0.2013,0.1943,0.1863,0.1770,0.1658,0.1518,0.1318,0.0667
85920,0.2389,0.2387,0.2381,0.2370,0.2356,0.2338,0.2315,0.2288,0.2256,0.2219,0.2176,0.2128,0.2074,0.2013,0.1943,0.1862,0.1769,0.1658,0.1517,0.1318,0.0667
85980,0.2387,0.2385,0.2379,0.2369,0.2355,0.2337,0.2314,0.2286,0.2254,0.2218,0.2175,0.2127,0.2073,0.2012,0.1942,0.1862,0.1769,0.1657,0.1517,0.1317,0.0667
86040,0.2386,0.2384,0.2378,0.2368,0.2354,0.2335,0.2313,0.2285,0.2253,0.2217,0.2174,0.2126,0.2072,0.2011,0.1941,0.1861,0.1768,0.1656,0.1516,0.1317,0.0667
86100,0.2385,0.2383,0.2377,0.2367,0.2353,0.2334,0.2311,0.2284,0.2252,0.2215,0.2173,0.2125,0.2071,0.2010,0.1940,0.1860,0.1767,0.1656,0.1516,0.1316,0.0666
86160,0.2384,0.2382,0.2376,0.2366,0.2352,0.2333,0.2310,0.2283,0.2251,0.2214,0.2172,0.2125,0.2070,0.2009,0.1939,0.1859,0.1766,0.1655,0.1515,0.1316,0.0666
86220,0.2383,0.2381,0.2375,0.2365,0.2350,0.2332,0.2309,0.2282,0.2250,0.2213,0.2171,0.2124,0.2069,0.2008,0.1938,0.1859,0.1766,0.1654,0.1514,0.1315,0.0666
86280,0.2382,0.2380,0.2374,0.2363,0.2349,0.2331,0.2308,0.2281,0.2249,0.2212,0.2170,0.2123,0.2068,0.2007,0.1938,0.1858,0.1765,0.1654,0.1514,0.1315,0.0665
86340,0.2380,0.2378,0.2372,0.2362,0.2348,0.2330,0.2307,0.2280,0.2248,0.2211,0.2169,0.2122,0.2068,0.2006,0.1937,0.1857,0.1764,0.1653,0.1513,0.1315,0.0665
86400,0.2379,0.2377,0.2371,0.2361,0.2347,0.2329,0.2306,0.2279,0.2247,0.2210,0.2168,0.2121,0.2067,0.2005,0.1936,0.1856,0.1764,0.1653,0.1513,0.1314,0.0665
86460,0.2378,0.2376,0.2370,0.2360,0.2346,0.2327,0.2305,0.2278,0.2246,0.2209,0.2167,0.2120,0.2066,0.2005,0.1935,0.1856,0.1763,0.1652,0.1512,0.1314,0.0665
86520,0.2377,0.2375,0.2369,0.2359,0.2345,0.2326,0.2304,0.2277,0.2245,0.2208,0.2166,0.2119,0.2065,0.2004,0.1934,0.1855,0.1762,0.1651,0.1512,0.1313,0.0664
86580,0.2376,0.2374,0.2368,0.2358,0.2344,0.2325,0.2303,0.2276,0.2244,0.2207,0.2165,0.2118,0.2064,0.2003,0.1934,0.1854,0.1761,0.1651,0.1511,0.1313,0.0664
86640,0.2375,0.2373,0.2367,0.2357,0.2342,0.2324,0.2302,0.2274,0.2243,0.2206,0.2164,0.2117,0.2063,0.2002,0.1933,0.1853,0.1761,0.1650,0.1511,0.1312,0.0664
86700,0.2373,0.2371,0.2365,0.2355,0.2341,0.2323,0.2300,0.2273,0.2242,0.2205,0.2163,0.2116,0.2062,0.2001,0.1932,0.1852,0.1760,0.1649,0.1510,0.1312,0.0664
86760,0.2372,0.2370,0.2364,0.2354,0.2340,0.2322,0.2299,0.2272,0.2241,0.2204,0.2162,0.2115,0.2061,0.2000,0.1931,0.1852,0.1759,0.1649,0.1510,0.1312,0.0663
86820,0.2371,0.2369,0.2363,0.2353,0.2339,0.2321,0.2298,0.2271,0.2240,0.2203,0.2161,0.2114,0.2060,0.1999,0.1930,0.1851,0.1759,0.1648,0.1509,0.1311,0.0663
86880,0.2370,0.2368,0.2362,0.2352,0.2338,0.2320,0.2297,0.2270,0.2239,0.2202,0.2160,0.2113,0.2059,0.1999,0.1929,0.1850,0.1758,0.1648,0.1508,0.1311,0.0663
86940,0.2369,0.2367,0.2361,0.2351,0.2337,0.2319,0.2296,0.2269,0.2238,0.2201,0.2159,0.2112,0.2058,0.1998,0.1929,0.1849,0.1757,0.1647,0.1508,0.1310,0.0662
87000,0.2368,0.2366,0.2360,0.2350,0.2336,0.2317,0.2295,0.2268,0.2236,0.2200,0.2158,0.2111,0.2058,0.1997,0.1928,0.1849,0.1757,0.1646,0.1507,0.1310,0.0662
87060,0.2367,0.2365,0.2359,0.2349,0.2335,0.2316,0.2294,0.2267,0.2235,0.2199,0.2157,0.2110,0.2057,0.1996,0.1927,0.1848,0.1756,0.1646,0.1507,0.1309,0.0662
87120,0.2365,0.2363,0.2357,0.2348,0.2333,0.2315,0.2293,0.2266,0.2234,0.2198,0.2156,0.2109,0.2056,0.1995,0.1926,0.1847,0.1755,0.1645,0.1506,0.1309,0.0662
87180,0.2364,0.2362,0.2356,0.2346,0.2332,0.2314,0.2292,0.2265,0.2233,0.2197,0.2155,0.2108,0.2055,0.1994,0.1925,0.1846,0.1754,0.1644,0.1506,0.1309,0.0661
87240,0.2363,0.2361,0.2355,0.2345,0.2331,0.2313,0.2291,0.2264,0.2232,0.2196,0.2154,0.2107,0.2054,0.1993,0.1925,0.1846,0.1754,0.1644,0.1505,0.1308,0.0661
87300,0.2362,0.2360,0.2354,0.2344,0.2330,0.2312,0.2290,0.2263,0.2231,0.2195,0.2154,0.2106,0.2053,0.1993,0.1924,0.1845,0.1753,0.1643,0.1505,0.1308,0.0661
87360,0.2361,0.2359,0.2353,0.2343,0.2329,0.2311,0.2288,0.2262,0.2230,0.2194,0.2153,0.2105,0.2052,0.1992,0.1923,0.1844,0.1752,0.1643,0.1504,0.1307,0.0661
87420,0.2360,0.2358,0.2352,0.2342,0.2328,0.2310,0.2287,0.2261,0.2229,0.2193,0.2152,0.2105,0.2051,0.1991,0.1922,0.1843,0.1752,0.1642,0.1504,0.1307,0.0660
87480,0.2359,0.2357,0.2351,0.2341,0.2327,0.2309,0.2286,0.2260,0.2228,0.2192,0.2151,0.2104,0.2050,0.1990,0.1921,0.1843,0.1751,0.1641,0.1503,0.1306,0.0660
87540,0.2357,0.2355,0.2350,0.2340,0.2326,0.2308,0.2285,0.2259,0.2227,0.2191,0.2150,0.2103,0.2049,0.1989,0.1921,0.1842,0.1750,0.1641,0.1503,0.1306,0.0660
87600,0.2356,0.2354,0.2348,0.2339,0.2325,0.2307,0.2284,0.2257,0.2226,0.2190,0.2149,0.2102,0.2049,0.1988,0.1920,0.1841,0.1750,0.1640,0.1502,0.1306,0.0660
87660,0.2355,0.2353,0.2347,0.2337,0.2323,0.2305,0.2283,0.2256,0.2225,0.2189,0.2148,0.2101,0.2048,0.1987,0.1919,0.1840,0.1749,0.1639,0.1502,0.1305,0.0659
87720,0.2354,0.2352,0.2346,0.2336,0.2322,0.2304,0.2282,0.2255,0.2224,0.2188,0.2147,0.2100,0.2047,0.1987,0.1918,0.1840,0.1748,0.1639,0.1501,0.1305,0.0659
87780,0.2353,0.2351,0.2345,0.2335,0.2321,0.2303,0.2281,0.2254,0.2223,0.2187,0.2146,0.2099,0.2046,0.1986,0.1917,0.1839,0.1748,0.1638,0.1500,0.1304,0.0659
87840,0.2352,0.2350,0.2344,0.2334,0.2320,0.2302,0.2280,0.2253,0.2222,0.2186,0.2145,0.2098,0.2045,0.1985,0.1917,0.1838,0.1747,0.1638,0.1500,0.1304,0.0658
87900,0.2351,0.2349,0.2343,0.2333,0.2319,0.2301,0.2279,0.2252,0.2221,0.2185,0.2144,0.2097,0.2044,0.1984,0.1916,0.1837,0.1746,0.1637,0.1499,0.1303,0.0658
87960,0.2350,0.2348,0.2342,0.2332,0.2318,0.2300,0.2278,0.2251,0.2220,0.2184,0.2143,0.2096,0.2043,0.1983,0.1915,0.1837,0.1746,0.1636,0.1499,0.1303,0.0658
88020,0.2349,0.2347,0.2341,0.2331,0.2317,0.2299,0.2277,0.2250,0.2219,0.2183,0.2142,0.2095,0.2042,0.1982,0.1914,0.1836,0.1745,0.1636,0.1498,0.1303,0.0658
88080,0.2347,0.2345,0.2340,0.2330,0.2316,0.2298,0.2276,0.2249,0.2218,0.2182,0.2141,0.2094,0.2041,0.1982,0.1913,0.1835,0.1744,0.1635,0.1498,0.1302,0.0657
88140,0.2346,0.2344,0.2338,0.2329,0.2315,0.2297,0.2275,0.2248,0.2217,0.2181,0.2140,0.2093,0.2041,0.1981,0.1913,0.1834,0.1744,0.1635,0.1497,0.1302,0.0657
88200,0.2345,0.2343,0.2337,0.2328,0.2314,0.2296,0.2274,0.2247,0.2216,0.2180,0.2139,0.2092,0.2040,0.1980,0.1912,0.1834,0.1743,0.1634,0.1497,0.1301,0.0657
88260,0.2344,0.2342,0.2336,0.2326,0.2313,0.2295,0.2273,0.2246,0.2215,0.2179,0.2138,0.2092,0.2039,0.1979,0.1911,0.1833,0.1742,0.1633,0.1496,0.1301,0.0657
88320,0.2343,0.2341,0.2335,0.2325,0.2312,0.2294,0.2271,0.2245,0.2214,0.2178,0.2137,0.2091,0.2038,0.1978,0.1910,0.1832,0.1741,0.1633,0.1496,0.1301,0.0656
88380,0.2342,0.2340,0.2334,0.2324,0.2310,0.2293,0.2270,0.2244,0.2213,0.2177,0.2136,0.2090,0.2037,0.1977,0.1909,0.1832,0.1741,0.1632,0.1495,0.1300,0.0656
88440,0.2341,0.2339,0.2333,0.2323,0.2309,0.2291,0.2269,0.2243,0.2212,0.2176,0.2135,0.2089,0.2036,0.1977,0.1909,0.1831,0.1740,0.1632,0.1495,0.1300,0.0656
88500,0.2340,0.2338,0.2332,0.2322,0.2308,0.2290,0.2268,0.2242,0.2211,0.2175,0.2134,0.2088,0.2035,0.1976,0.1908,0.1830,0.1739,0.1631,0.1494,0.1299,0.0656
88560,0.2339,0.2337,0.2331,0.2321,0.2307,0.2289,0.2267,0.2241,0.2210,0.2174,0.2133,0.2087,0.2034,0.1975,0.1907,0.1829,0.1739,0.1630,0.1494,0.1299,0.0655
88620,0.2338,0.2336,0.2330,0.2320,0.2306,0.2288,0.2266,0.2240,0.2209,0.2173,0.2132,0.2086,0.2034,0.1974,0.1906,0.1829,0.1738,0.1630,0.1493,0.1299,0.0655
88680,0.2336,0.2334,0.2329,0.2319,0.2305,0.2287,0.2265,0.2239,0.2208,0.2172,0.2132,0.2085,0.2033,0.1973,0.1906,0.1828,0.1737,0.1629,0.1493,0.1298,0.0655
88740,0.2335,0.2333,0.2328,0.2318,0.2304,0.2286,0.2264,0.2238,0.2207,0.2171,0.2131,0.2084,0.2032,0.1972,0.1905,0.1827,0.1737,0.1629,0.1492,0.1298,0.0655
88800,0.2334,0.2332,0.2326,0.2317,0.2303,0.2285,0.2263,0.2237,0.2206,0.2170,0.2130,0.2083,0.2031,0.1972,0.1904,0.1826,0.1736,0.1628,0.1492,0.1297,0.0654
88860,0.2333,0.2331,0.2325,0.2316,0.2302,0.2284,0.2262,0.2236,0.2205,0.2169,0.2129,0.2083,0.2030,0.1971,0.1903,0.1826,0.1735,0.1627,0.1491,0.1297,0.0654
88920,0.2332,0.2330,0.2324,0.2315,0.2301,0.2283,0.2261,0.2235,0.2204,0.2168,0.2128,0.2082,0.2029,0.1970,0.1902,0.1825,0.1735,0.1627,0.1491,0.1296,0.0654
88980,0.2331,0.2329,0.2323,0.2313,0.2300,0.2282,0.2260,0.2234,0.2203,0.2168,0.2127,0.2081,0.2028,0.1969,0.1902,0.1824,0.1734,0.1626,0.1490,0.1296,0.0654
89040,0.2330,0.2328,0.2322,0.2312,0.2299,0.2281,0.2259,0.2233,0.2202,0.2167,0.2126,0.2080,0.2028,0.1968,0.1901,0.1824,0.1733,0.1626,0.1490,0.1296,0.0653
89100,0.2329,0.2327,0.2321,0.2311,0.2298,0.2280,0.2258,0.2232,0.2201,0.2166,0.2125,0.2079,0.2027,0.1967,0.1900,0.1823,0.1733,0.1625,0.1489,0.1295,0.0653
89160,0.2328,0.2326,0.2320,0.2310,0.2297,0.2279,0.2257,0.2231,0.2200,0.2165,0.2124,0.2078,0.2026,0.1967,0.1899,0.1822,0.1732,0.1624,0.1488,0.1295,0.0653
89220,0.2327,0.2325,0.2319,0.2309,0.2296,0.2278,0.2256,0.2230,0.2199,0.2164,0.2123,0.2077,0.2025,0.1966,0.1899,0.1821,0.1732,0.1624,0.1488,0.1294,0.0653
89280,0.2326,0.2324,0.2318,0.2308,0.2294,0.2277,0.2255,0.2229,0.2198,0.2163,0.2122,0.2076,0.2024,0.1965,0.1898,0.1821,0.1731,0.1623,0.1487,0.1294,0.0652
89340,0.2325,0.2323,0.2317,0.2307,0.2293,0.2276,0.2254,0.2228,0.2197,0.2162,0.2121,0.2075,0.2023,0.1964,0.1897,0.1820,0.1730,0.1623,0.1487,0.1294,0.0652
89400,0.2323,0.2321,0.2316,0.2306,0.2292,0.2275,0.2253,0.2227,0.2196,0.2161,0.2120,0.2074,0.2022,0.1963,0.1896,0.1819,0.1730,0.1622,0.1486,0.1293,0.0652
89460,0.2322,0.2320,0.2315,0.2305,0.2291,0.2274,0.2252,0.2226,0.2195,0.2160,0.2120,0.2074,0.2022,0.1963,0.1896,0.1819,0.1729,0.1621,0.1486,0.1293,0.0652
89520,0.2321,0.2319,0.2314,0.2304,0.2290,0.2273,0.2251,0.2225,0.2194,0.2159,0.2119,0.2073,0.2021,0.1962,0.1895,0.1818,0.1728,0.1621,0.1485,0.1292,0.0651
89580,0.2320,0.2318,0.2313,0.2303,0.2289,0.2272,0.2250,0.2224,0.2193,0.2158,0.2118,0.2072,0.2020,0.1961,0.1894,0.1817,0.1728,0.1620,0.1485,0.1292,0.0651
89640,0.2319,0.2317,0.2311,0.2302,0.2288,0.2271,0.2249,0.2223,0.2192,0.2157,0.2117,0.2071,0.2019,0.1960,0.1893,0.1816,0.1727,0.1620,0.1484,0.1292,0.0651
89700,0.2318,0.2316,0.2310,0.2301,0.2287,0.2270,0.2248,0.2222,0.2191,0.2156,0.2116,0.2070,0.2018,0.1959,0.1892,0.1816,0.1726,0.1619,0.1484,0.1291,0.0651
89760,0.2317,0.2315,0.2309,0.2300,0.2286,0.2269,0.2247,0.2221,0.2190,0.2155,0.2115,0.2069,0.2017,0.1959,0.1892,0.1815,0.1726,0.1619,0.1483,0.1291,0.0651
89820,0.2316,0.2314,0.2308,0.2299,0.2285,0.2268,0.2246,0.2220,0.2189,0.2154,0.2114,0.2068,0.2016,0.1958,0.1891,0.1814,0.1725,0.1618,0.1483,0.1290,0.0650
89880,0.2315,0.2313,0.2307,0.2298,0.2284,0.2267,0.2245,0.2219,0.2188,0.2153,0.2113,0.2067,0.2016,0.1957,0.1890,0.1814,0.1724,0.1617,0.1482,0.1290,0.0650
89940,0.2314,0.2312,0.2306,0.2297,0.2283,0.2266,0.2244,0.2218,0.2187,0.2152,0.2112,0.2067,0.2015,0.1956,0.1889,0.1813,0.1724,0.1617,0.1482,0.1290,0.0650
90000,0.2313,0.2311,0.2305,0.2296,0.2282,0.2264,0.2243,0.2217,0.2187,0.2151,0.2111,0.2066,0.2014,0.1955,0.1889,0.1812,0.1723,0.1616,0.1481,0.1289,0.0650
90060,0.2312,0.2310,0.2304,0.2295,0.2281,0.2263,0.2242,0.2216,0.2186,0.2151,0.2110,0.2065,0.2013,0.1955,0.1888,0.1811,0.1722,0.1616,0.1481,0.1289,0.0649
90120,0.2311,0.2309,0.2303,0.2293,0.2280,0.2262,0.2241,0.2215,0.2185,0.2150,0.2110,0.2064,0.2012,0.1954,0.1887,0.1811,0.1722,0.1615,0.1480,0.1288,0.0649
90180,0.2310,0.2308,0.2302,0.2292,0.2279,0.2261,0.2240,0.2214,0.2184,0.2149,0.2109,0.2063,0.2011,0.1953,0.1886,0.1810,0.1721,0.1614,0.1480,0.1288,0.0649
90240,0.2309,0.2307,0.2301,0.2291,0.2278,0.2260,0.2239,0.2213,0.2183,0.2148,0.2108,0.2062,0.2011,0.1952,0.1886,0.1809,0.1720,0.1614,0.1479,0.1288,0.0649
90300,0.2308,0.2306,0.2300,0.2290,0.2277,0.2259,0.2238,0.2212,0.2182,0.2147,0.2107,0.2061,0.2010,0.1951,0.1885,0.1809,0.1720,0.1613,0.1479,0.1287,0.0648
90360,0.2307,0.2305,0.2299,0.2289,0.2276,0.2258,0.2237,0.2211,0.2181,0.2146,0.2106,0.2060,0.2009,0.1951,0.1884,0.1808,0.1719,0.1613,0.1478,0.1287,0.0648
90420,0.2306,0.2304,0.2298,0.2288,0.2275,0.2257,0.2236,0.2210,0.2180,0.2145,0.2105,0.2060,0.2008,0.1950,0.1883,0.1807,0.1719,0.1612,0.1478,0.1286,0.0648
90480,0.2304,0.2303,0.2297,0.2287,0.2274,0.2256,0.2235,0.2209,0.2179,0.2144,0.2104,0.2059,0.2007,0.1949,0.1883,0.1807,0.1718,0.1612,0.1477,0.1286,0.0648
90540,0.2303,0.2302,0.2296,0.2286,0.2273,0.2255,0.2234,0.2208,0.2178,0.2143,0.2103,0.2058,0.2007,0.1948,0.1882,0.1806,0.1717,0.1611,0.1477,0.1286,0.0647
90600,0.2302,0.2300,0.2295,0.2285,0.2272,0.2254,0.2233,0.2207,0.2177,0.2142,0.2102,0.2057,0.2006,0.1947,0.1881,0.1805,0.1717,0.1610,0.1476,0.1285,0.0647
90660,0.2301,0.2299,0.2294,0.2284,0.2271,0.2253,0.2232,0.2206,0.2176,0.2141,0.2101,0.2056,0.2005,0.1947,0.1881,0.1805,0.1716,0.1610,0.1476,0.1285,0.0647
90720,0.2300,0.2298,0.2293,0.2283,0.2270,0.2252,0.2231,0.2205,0.2175,0.2140,0.2101,0.2055,0.2004,0.1946,0.1880,0.1804,0.1715,0.1609,0.1475,0.1285,0.0647
90780,0.2299,0.2297,0.2292,0.2282,0.2269,0.2251,0.2230,0.2204,0.2174,0.2139,0.2100,0.2054,0.2003,0.1945,0.1879,0.1803,0.1715,0.1609,0.1475,0.1284,0.0647
90840,0.2298,0.2296,0.2291,0.2281,0.2268,0.2250,0.2229,0.2203,0.2173,0.2139,0.2099,0.2054,0.2002,0.1944,0.1878,0.1802,0.1714,0.1608,0.1475,0.1284,0.0646
90900,0.2297,0.2295,0.2290,0.2280,0.2267,0.2249,0.2228,0.2202,0.2172,0.2138,0.2098,0.2053,0.2002,0.1944,0.1878,0.1802,0.1714,0.1608,0.1474,0.1283,0.0646
90960,0.2296,0.2294,0.2289,0.2279,0.2266,0.2248,0.2227,0.2201,0.2171,0.2137,0.2097,0.2052,0.2001,0.1943,0.1877,0.1801,0.1713,0.1607,0.1474,0.1283,0.0646
91020,0.2295,0.2293,0.2288,0.2278,0.2265,0.2247,0.2226,0.2200,0.2170,0.2136,0.2096,0.2051,0.2000,0.1942,0.1876,0.1800,0.1712,0.1607,0.1473,0.1283,0.0646
91080,0.2294,0.2292,0.2287,0.2277,0.2264,0.2246,0.2225,0.2200,0.2170,0.2135,0.2095,0.2050,0.1999,0.1941,0.1875,0.1800,0.1712,0.1606,0.1473,0.1282,0.0645
91140,0.2293,0.2291,0.2286,0.2276,0.2263,0.2245,0.2224,0.2199,0.2169,0.2134,0.2094,0.2049,0.1998,0.1941,0.1875,0.1799,0.1711,0.1605,0.1472,0.1282,0.0645
91200,0.2292,0.2290,0.2285,0.2275,0.2262,0.2245,0.2223,0.2198,0.2168,0.2133,0.2094,0.2049,0.1998,0.1940,0.1874,0.1798,0.1710,0.1605,0.1472,0.1281,0.0645
91260,0.2291,0.2289,0.2284,0.2274,0.2261,0.2244,0.2222,0.2197,0.2167,0.2132,0.2093,0.2048,0.1997,0.1939,0.1873,0.1798,0.1710,0.1604,0.1471,0.1281,0.0645
91320,0.2290,0.2288,0.2283,0.2273,0.2260,0.2243,0.2221,0.2196,0.2166,0.2131,0.2092,0.2047,0.1996,0.1938,0.1872,0.1797,0.1709,0.1604,0.1471,0.1281,0.0645
91380,0.2289,0.2287,0.2282,0.2272,0.2259,0.2242,0.2220,0.2195,0.2165,0.2130,0.2091,0.2046,0.1995,0.1937,0.1872,0.1796,0.1709,0.1603,0.1470,0.1280,0.0644
91440,0.2288,0.2286,0.2281,0.2271,0.2258,0.2241,0.2219,0.2194,0.2164,0.2129,0.2090,0.2045,0.1994,0.1937,0.1871,0.1796,0.1708,0.1603,0.1470,0.1280,0.0644
91500,0.2287,0.2285,0.2280,0.2270,0.2257,0.2240,0.2218,0.2193,0.2163,0.2129,0.2089,0.2044,0.1994,0.1936,0.1870,0.1795,0.1707,0.1602,0.1469,0.1280,0.0644
91560,0.2286,0.2284,0.2279,0.2269,0.2256,0.2239,0.2217,0.2192,0.2162,0.2128,0.2088,0.2043,0.1993,0.1935,0.1870,0.1794,0.1707,0.1601,0.1469,0.1279,0.0644
91620,0.2285,0.2283,0.2278,0.2268,0.2255,0.2238,0.2216,0.2191,0.2161,0.2127,0.2087,0.2043,0.1992,0.1934,0.1869,0.1794,0.1706,0.1601,0.1468,0.1279,0.0643
91680,0.2284,0.2282,0.2277,0.2267,0.2254,0.2237,0.2215,0.2190,0.2160,0.2126,0.2087,0.2042,0.1991,0.1934,0.1868,0.1793,0.1705,0.1600,0.1468,0.1278,0.0643
91740,0.2283,0.2281,0.2276,0.2266,0.2253,0.2236,0.2215,0.2189,0.2159,0.2125,0.2086,0.2041,0.1990,0.1933,0.1867,0.1792,0.1705,0.1600,0.1467,0.1278,0.0643
91800,0.2282,0.2280,0.2275,0.2265,0.2252,0.2235,0.2214,0.2188,0.2158,0.2124,0.2085,0.2040,0.1990,0.1932,0.1867,0.1792,0.1704,0.1599,0.1467,0.1278,0.0643
91860,0.2281,0.2279,0.2274,0.2264,0.2251,0.2234,0.2213,0.2187,0.2158,0.2123,0.2084,0.2039,0.1989,0.1931,0.1866,0.1791,0.1704,0.1599,0.1466,0.1277,0.0643
91920,0.2280,0.2278,0.2273,0.2263,0.2250,0.2233,0.2212,0.2186,0.2157,0.2122,0.2083,0.2038,0.1988,0.1931,0.1865,0.1790,0.1703,0.1598,0.1466,0.1277,0.0642
91980,0.2279,0.2277,0.2272,0.2262,0.2249,0.2232,0.2211,0.2185,0.2156,0.2121,0.2082,0.2038,0.1987,0.1930,0.1865,0.1790,0.1702,0.1598,0.1465,0.1276,0.0642
92040,0.2278,0.2276,0.2271,0.2261,0.2248,0.2231,0.2210,0.2184,0.2155,0.2121,0.2081,0.2037,0.1986,0.1929,0.1864,0.1789,0.1702,0.1597,0.1465,0.1276,0.0642
92100,0.2277,0.2275,0.2270,0.2260,0.2247,0.2230,0.2209,0.2184,0.2154,0.2120,0.2081,0.2036,0.1986,0.1928,0.1863,0.1788,0.1701,0.1597,0.1464,0.1276,0.0642
92160,0.2276,0.2274,0.2269,0.2259,0.2246,0.2229,0.2208,0.2183,0.2153,0.2119,0.2080,0.2035,0.1985,0.1928,0.1862,0.1788,0.1701,0.1596,0.1464,0.1275,0.0641
92220,0.2275,0.2273,0.2268,0.2258,0.2245,0.2228,0.2207,0.2182,0.2152,0.2118,0.2079,0.2034,0.1984,0.1927,0.1862,0.1787,0.1700,0.1595,0.1463,0.1275,0.0641
92280,0.2274,0.2272,0.2267,0.2257,0.2244,0.2227,0.2206,0.2181,0.2151,0.2117,0.2078,0.2034,0.1983,0.1926,0.1861,0.1786,0.1699,0.1595,0.1463,0.1275,0.0641
92340,0.2273,0.2271,0.2266,0.2256,0.2243,0.2226,0.2205,0.2180,0.2150,0.2116,0.2077,0.2033,0.1982,0.1925,0.1860,0.1786,0.1699,0.1594,0.1462,0.1274,0.0641
92400,0.2272,0.2270,0.2265,0.2255,0.2242,0.2225,0.2204,0.2179,0.2149,0.2115,0.2076,0.2032,0.1982,0.1925,0.1860,0.1785,0.1698,0.1594,0.1462,0.1274,0.0641
92460,0.2271,0.2269,0.2264,0.2254,0.2241,0.2224,0.2203,0.2178,0.2149,0.2114,0.2075,0.2031,0.1981,0.1924,0.1859,0.1784,0.1697,0.1593,0.1462,0.1273,0.0640
92520,0.2270,0.2268,0.2263,0.2253,0.2240,0.2223,0.2202,0.2177,0.2148,0.2114,0.2075,0.2030,0.1980,0.1923,0.1858,0.1784,0.1697,0.1593,0.1461,0.1273,0.0640
92580,0.2269,0.2267,0.2262,0.2252,0.2239,0.2222,0.2201,0.2176,0.2147,0.2113,0.2074,0.2029,0.1979,0.1922,0.1857,0.1783,0.1696,0.1592,0.1461,0.1273,0.0640
92640,0.2268,0.2266,0.2261,0.2251,0.2238,0.2221,0.2200,0.2175,0.2146,0.2112,0.2073,0.2029,0.1978,0.1922,0.1857,0.1782,0.1696,0.1592,0.1460,0.1272,0.0640
92700,0.2267,0.2265,0.2260,0.2250,0.2237,0.2220,0.2199,0.2174,0.2145,0.2111,0.2072,0.2028,0.1978,0.1921,0.1856,0.1782,0.1695,0.1591,0.1460,0.1272,0.0639
92760,0.2266,0.2264,0.2259,0.2250,0.2236,0.2219,0.2198,0.2173,0.2144,0.2110,0.2071,0.2027,0.1977,0.1920,0.1855,0.1781,0.1694,0.1591,0.1459,0.1272,0.0639
92820,0.2265,0.2263,0.2258,0.2249,0.2235,0.2219,0.2198,0.2173,0.2143,0.2109,0.2070,0.2026,0.1976,0.1919,0.1855,0.1780,0.1694,0.1590,0.1459,0.1271,0.0639
92880,0.2264,0.2262,0.2257,0.2248,0.2234,0.2218,0.2197,0.2172,0.2142,0.2108,0.2070,0.2025,0.1975,0.1919,0.1854,0.1780,0.1693,0.1589,0.1458,0.1271,0.0639
92940,0.2263,0.2261,0.2256,0.2247,0.2234,0.2217,0.2196,0.2171,0.2141,0.2107,0.2069,0.2025,0.1975,0.1918,0.1853,0.1779,0.1693,0.1589,0.1458,0.1271,0.0639
93000,0.2262,0.2260,0.2255,0.2246,0.2233,0.2216,0.2195,0.2170,0.2140,0.2107,0.2068,0.2024,0.1974,0.1917,0.1853,0.1778,0.1692,0.1588,0.1457,0.1270,0.0638
93060,0.2261,0.2259,0.2254,0.2245,0.2232,0.2215,0.2194,0.2169,0.2140,0.2106,0.2067,0.2023,0.1973,0.1916,0.1852,0.1778,0.1691,0.1588,0.1457,0.1270,0.0638
93120,0.2260,0.2258,0.2253,0.2244,0.2231,0.2214,0.2193,0.2168,0.2139,0.2105,0.2066,0.2022,0.1972,0.1916,0.1851,0.1777,0.1691,0.1587,0.1456,0.1269,0.0638
93180,0.2259,0.2258,0.2252,0.2243,0.2230,0.2213,0.2192,0.2167,0.2138,0.2104,0.2065,0.2021,0.1971,0.1915,0.1851,0.1777,0.1690,0.1587,0.1456,0.1269,0.0638
93240,0.2258,0.2257,0.2251,0.2242,0.2229,0.2212,0.2191,0.2166,0.2137,0.2103,0.2065,0.2021,0.1971,0.1914,0.1850,0.1776,0.1690,0.1586,0.1455,0.1269,0.0638
93300,0.2257,0.2256,0.2250,0.2241,0.2228,0.2211,0.2190,0.2165,0.2136,0.2102,0.2064,0.2020,0.1970,0.1913,0.1849,0.1775,0.1689,0.1586,0.1455,0.1268,0.0637
93360,0.2257,0.2255,0.2249,0.2240,0.2227,0.2210,0.2189,0.2164,0.2135,0.2101,0.2063,0.2019,0.1969,0.1913,0.1848,0.1775,0.1688,0.1585,0.1455,0.1268,0.0637
93420,0.2256,0.2254,0.2248,0.2239,0.2226,0.2209,0.2188,0.2163,0.2134,0.2101,0.2062,0.2018,0.1968,0.1912,0.1848,0.1774,0.1688,0.1585,0.1454,0.1268,0.0637
93480,0.2255,0.2253,0.2247,0.2238,0.2225,0.2208,0.2187,0.2163,0.2133,0.2100,0.2061,0.2017,0.1968,0.1911,0.1847,0.1773,0.1687,0.1584,0.1454,0.1267,0.0637
93540,0.2254,0.2252,0.2246,0.2237,0.2224,0.2207,0.2187,0.2162,0.2133,0.2099,0.2060,0.2017,0.1967,0.1911,0.1846,0.1773,0.1687,0.1584,0.1453,0.1267,0.0637
93600,0.2253,0.2251,0.2245,0.2236,0.2223,0.2206,0.2186,0.2161,0.2132,0.2098,0.2060,0.2016,0.1966,0.1910,0.1846,0.1772,0.1686,0.1583,0.1453,0.1266,0.0636
93660,0.2252,0.2250,0.2244,0.2235,0.2222,0.2205,0.2185,0.2160,0.2131,0.2097,0.2059,0.2015,0.1965,0.1909,0.1845,0.1771,0.1686,0.1583,0.1452,0.1266,0.0636
93720,0.2251,0.2249,0.2243,0.2234,0.2221,0.2205,0.2184,0.2159,0.2130,0.2096,0.2058,0.2014,0.1965,0.1908,0.1844,0.1771,0.1685,0.1582,0.1452,0.1266,0.0636
93780,0.2250,0.2248,0.2242,0.2233,0.2220,0.2204,0.2183,0.2158,0.2129,0.2096,0.2057,0.2013,0.1964,0.1908,0.1844,0.1770,0.1684,0.1581,0.1451,0.1265,0.0636
93840,0.2249,0.2247,0.2242,0.2232,0.2219,0.2203,0.2182,0.2157,0.2128,0.2095,0.2056,0.2013,0.1963,0.1907,0.1843,0.1769,0.1684,0.1581,0.1451,0.1265,0.0636
93900,0.2248,0.2246,0.2241,0.2231,0.2218,0.2202,0.2181,0.2156,0.2127,0.2094,0.2055,0.2012,0.1962,0.1906,0.1842,0.1769,0.1683,0.1580,0.1450,0.1265,0.0635
93960,0.2247,0.2245,0.2240,0.2230,0.2218,0.2201,0.2180,0.2155,0.2126,0.2093,0.2055,0.2011,0.1962,0.1905,0.1842,0.1768,0.1683,0.1580,0.1450,0.1264,0.0635
94020,0.2246,0.2244,0.2239,0.2230,0.2217,0.2200,0.2179,0.2155,0.2126,0.2092,0.2054,0.2010,0.1961,0.1905,0.1841,0.1768,0.1682,0.1579,0.1450,0.1264,0.0635
94080,0.2245,0.2243,0.2238,0.2229,0.2216,0.2199,0.2178,0.2154,0.2125,0.2091,0.2053,0.2009,0.1960,0.1904,0.1840,0.1767,0.1681,0.1579,0.1449,0.1264,0.0635
94140,0.2244,0.2242,0.2237,0.2228,0.2215,0.2198,0.2178,0.2153,0.2124,0.2090,0.2052,0.2009,0.1959,0.1903,0.1840,0.1766,0.1681,0.1578,0.1449,0.1263,0.0635
94200,0.2243,0.2241,0.2236,0.2227,0.2214,0.2197,0.2177,0.2152,0.2123,0.2090,0.2051,0.2008,0.1959,0.1903,0.1839,0.1766,0.1680,0.1578,0.1448,0.1263,0.0634
94260,0.2242,0.2240,0.2235,0.2226,0.2213,0.2196,0.2176,0.2151,0.2122,0.2089,0.2051,0.2007,0.1958,0.1902,0.1838,0.1765,0.1680,0.1577,0.1448,0.1263,0.0634
94320,0.2241,0.2239,0.2234,0.2225,0.2212,0.2195,0.2175,0.2150,0.2121,0.2088,0.2050,0.2006,0.1957,0.1901,0.1838,0.1764,0.1679,0.1577,0.1447,0.1262,0.0634
94380,0.2240,0.2239,0.2233,0.2224,0.2211,0.2194,0.2174,0.2149,0.2120,0.2087,0.2049,0.2006,0.1956,0.1900,0.1837,0.1764,0.1679,0.1576,0.1447,0.1262,0.0634
94440,0.2239,0.2238,0.2232,0.2223,0.2210,0.2194,0.2173,0.2148,0.2120,0.2086,0.2048,0.2005,0.1956,0.1900,0.1836,0.1763,0.1678,0.1576,0.1446,0.1261,0.0634
94500,0.2238,0.2237,0.2231,0.2222,0.2209,0.2193,0.2172,0.2148,0.2119,0.2085,0.2047,0.2004,0.1955,0.1899,0.1836,0.1763,0.1677,0.1575,0.1446,0.1261,0.0633
94560,0.2238,0.2236,0.2230,0.2221,0.2208,0.2192,0.2171,0.2147,0.2118,0.2085,0.2047,0.2003,0.1954,0.1898,0.1835,0.1762,0.1677,0.1575,0.1445,0.1261,0.0633
94620,0.2237,0.2235,0.2229,0.2220,0.2207,0.2191,0.2170,0.2146,0.2117,0.2084,0.2046,0.2002,0.1953,0.1898,0.1834,0.1761,0.1676,0.1574,0.1445,0.1260,0.0633
94680,0.2236,0.2234,0.2228,0.2219,0.2207,0.2190,0.2169,0.2145,0.2116,0.2083,0.2045,0.2002,0.1953,0.1897,0.1834,0.1761,0.1676,0.1574,0.1445,0.1260,0.0633
94740,0.2235,0.2233,0.2228,0.2218,0.2206,0.2189,0.2169,0.2144,0.2115,0.2082,0.2044,0.2001,0.1952,0.1896,0.1833,0.1760,0.1675,0.1573,0.1444,0.1260,0.0633
94800,0.2234,0.2232,0.2227,0.2218,0.2205,0.2188,0.2168,0.2143,0.2115,0.2081,0.2043,0.2000,0.1951,0.1896,0.1832,0.1759,0.1675,0.1573,0.1444,0.1259,0.0632
94860,0.2233,0.2231,0.2226,0.2217,0.2204,0.2187,0.2167,0.2142,0.2114,0.2081,0.2043,0.1999,0.1950,0.1895,0.1832,0.1759,0.1674,0.1572,0.1443,0.1259,0.0632
94920,0.2232,0.2230,0.2225,0.2216,0.2203,0.2186,0.2166,0.2142,0.2113,0.2080,0.2042,0.1999,0.1950,0.1894,0.1831,0.1758,0.1673,0.1572,0.1443,0.1259,0.0632
94980,0.2231,0.2229,0.2224,0.2215,0.2202,0.2186,0.2165,0.2141,0.2112,0.2079,0.2041,0.1998,0.1949,0.1893,0.1830,0.1758,0.1673,0.1571,0.1442,0.1258,0.0632
95040,0.2230,0.2228,0.2223,0.2214,0.2201,0.2185,0.2164,0.2140,0.2111,0.2078,0.2040,0.1997,0.1948,0.1893,0.1830,0.1757,0.1672,0.1571,0.1442,0.1258,0.0632
95100,0.2229,0.2227,0.2222,0.2213,0.2200,0.2184,0.2163,0.2139,0.2110,0.2077,0.2039,0.1996,0.1947,0.1892,0.1829,0.1756,0.1672,0.1570,0.1441,0.1258,0.0631
95160,0.2228,0.2226,0.2221,0.2212,0.2199,0.2183,0.2162,0.2138,0.2109,0.2076,0.2039,0.1996,0.1947,0.1891,0.1828,0.1756,0.1671,0.1570,0.1441,0.1257,0.0631
95220,0.2227,0.2226,0.2220,0.2211,0.2198,0.2182,0.2162,0.2137,0.2109,0.2076,0.2038,0.1995,0.1946,0.1891,0.1828,0.1755,0.1671,0.1569,0.1441,0.1257,0.0631
95280,0.2226,0.2225,0.2219,0.2210,0.2198,0.2181,0.2161,0.2136,0.2108,0.2075,0.2037,0.1994,0.1945,0.1890,0.1827,0.1755,0.1670,0.1569,0.1440,0.1257,0.0631
95340,0.2226,0.2224,0.2218,0.2209,0.2197,0.2180,0.2160,0.2136,0.2107,0.2074,0.2036,0.1993,0.1945,0.1889,0.1826,0.1754,0.1669,0.1568,0.1440,0.1256,0.0631
95400,0.2225,0.2223,0.2217,0.2208,0.2196,0.2179,0.2159,0.2135,0.2106,0.2073,0.2035,0.1993,0.1944,0.1889,0.1826,0.1753,0.1669,0.1568,0.1439,0.1256,0.0630
95460,0.2224,0.2222,0.2217,0.2208,0.2195,0.2178,0.2158,0.2134,0.2105,0.2072,0.2035,0.1992,0.1943,0.1888,0.1825,0.1753,0.1668,0.1567,0.1439,0.1255,0.0630
95520,0.2223,0.2221,0.2216,0.2207,0.2194,0.2178,0.2157,0.2133,0.2104,0.2072,0.2034,0.1991,0.1942,0.1887,0.1824,0.1752,0.1668,0.1566,0.1438,0.1255,0.0630
95580,0.2222,0.2220,0.2215,0.2206,0.2193,0.2177,0.2156,0.2132,0.2104,0.2071,0.2033,0.1990,0.1942,0.1886,0.1824,0.1751,0.1667,0.1566,0.1438,0.1255,0.0630
95640,0.2221,0.2219,0.2214,0.2205,0.2192,0.2176,0.2156,0.2131,0.2103,0.2070,0.2032,0.1989,0.1941,0.1886,0.1823,0.1751,0.1667,0.1565,0.1438,0.1254,0.0630
95700,0.2220,0.2218,0.2213,0.2204,0.2191,0.2175,0.2155,0.2130,0.2102,0.2069,0.2032,0.1989,0.1940,0.1885,0.1822,0.1750,0.1666,0.1565,0.1437,0.1254,0.0630
95760,0.2219,0.2217,0.2212,0.2203,0.2190,0.2174,0.2154,0.2130,0.2101,0.2068,0.2031,0.1988,0.1939,0.1884,0.1822,0.1750,0.1666,0.1564,0.1437,0.1254,0.0629
95820,0.2218,0.2216,0.2211,0.2202,0.2190,0.2173,0.2153,0.2129,0.2100,0.2068,0.2030,0.1987,0.1939,0.1884,0.1821,0.1749,0.1665,0.1564,0.1436,0.1253,0.0629
95880,0.2217,0.2216,0.2210,0.2201,0.2189,0.2172,0.2152,0.2128,0.2100,0.2067,0.2029,0.1986,0.1938,0.1883,0.1820,0.1748,0.1664,0.1563,0.1436,0.1253,0.0629
95940,0.2216,0.2215,0.2209,0.2200,0.2188,0.2171,0.2151,0.2127,0.2099,0.2066,0.2028,0.1986,0.1937,0.1882,0.1820,0.1748,0.1664,0.1563,0.1435,0.1253,0.0629
96000,0.2216,0.2214,0.2208,0.2199,0.2187,0.2171,0.2150,0.2126,0.2098,0.2065,0.2028,0.1985,0.1937,0.1882,0.1819,0.1747,0.1663,0.1562,0.1435,0.1252,0.0629
96060,0.2215,0.2213,0.2208,0.2199,0.2186,0.2170,0.2150,0.2125,0.2097,0.2064,0.2027,0.1984,0.1936,0.1881,0.1818,0.1747,0.1663,0.1562,0.1434,0.1252,0.0628
96120,0.2214,0.2212,0.2207,0.2198,0.2185,0.2169,0.2149,0.2125,0.2096,0.2064,0.2026,0.1983,0.1935,0.1880,0.1818,0.1746,0.1662,0.1561,0.1434,0.1252,0.0628
96180,0.2213,0.2211,0.2206,0.2197,0.2184,0.2168,0.2148,0.2124,0.2095,0.2063,0.2025,0.1983,0.1934,0.1880,0.1817,0.1745,0.1662,0.1561,0.1434,0.1251,0.0628
96240,0.2212,0.2210,0.2205,0.2196,0.2183,0.2167,0.2147,0.2123,0.2095,0.2062,0.2025,0.1982,0.1934,0.1879,0.1817,0.1745,0.1661,0.1560,0.1433,0.1251,0.0628
96300,0.2211,0.2209,0.2204,0.2195,0.2182,0.2166,0.2146,0.2122,0.2094,0.2061,0.2024,0.1981,0.1933,0.1878,0.1816,0.1744,0.1661,0.1560,0.1433,0.1251,0.0628
96360,0.2210,0.2208,0.2203,0.2194,0.2182,0.2165,0.2145,0.2121,0.2093,0.2060,0.2023,0.1981,0.1932,0.1878,0.1815,0.1744,0.1660,0.1559,0.1432,0.1250,0.0627
96420,0.2209,0.2208,0.2202,0.2193,0.2181,0.2165,0.2144,0.2120,0.2092,0.2060,0.2022,0.1980,0.1932,0.1877,0.1815,0.1743,0.1659,0.1559,0.1432,0.1250,0.0627
96480,0.2208,0.2207,0.2201,0.2192,0.2180,0.2164,0.2144,0.2120,0.2091,0.2059,0.2021,0.1979,0.1931,0.1876,0.1814,0.1742,0.1659,0.1558,0.1431,0.1250,0.0627
96540,0.2208,0.2206,0.2200,0.2192,0.2179,0.2163,0.2143,0.2119,0.2091,0.2058,0.2021,0.1978,0.1930,0.1876,0.1813,0.1742,0.1658,0.1558,0.1431,0.1249,0.0627
96600,0.2207,0.2205,0.2200,0.2191,0.2178,0.2162,0.2142,0.2118,0.2090,0.2057,0.2020,0.1978,0.1929,0.1875,0.1813,0.1741,0.1658,0.1558,0.1431,0.1249,0.0627
96660,0.2206,0.2204,0.2199,0.2190,0.2177,0.2161,0.2141,0.2117,0.2089,0.2056,0.2019,0.1977,0.1929,0.1874,0.1812,0.1741,0.1657,0.1557,0.1430,0.1249,0.0627
96720,0.2205,0.2203,0.2198,0.2189,0.2176,0.2160,0.2140,0.2116,0.2088,0.2056,0.2018,0.1976,0.1928,0.1874,0.1811,0.1740,0.1657,0.1557,0.1430,0.1248,0.0626
96780,0.2204,0.2202,0.2197,0.2188,0.2176,0.2159,0.2139,0.2115,0.2087,0.2055,0.2018,0.1975,0.1927,0.1873,0.1811,0.1739,0.1656,0.1556,0.1429,0.1248,0.0626
96840,0.2203,0.2201,0.2196,0.2187,0.2175,0.2159,0.2139,0.2115,0.2086,0.2054,0.2017,0.1975,0.1927,0.1872,0.1810,0.1739,0.1656,0.1556,0.1429,0.1248,0.0626
96900,0.2202,0.2200,0.2195,0.2186,0.2174,0.2158,0.2138,0.2114,0.2086,0.2053,0.2016,0.1974,0.1926,0.1872,0.1810,0.1738,0.1655,0.1555,0.1428,0.1247,0.0626
96960,0.2201,0.2200,0.2194,0.2185,0.2173,0.2157,0.2137,0.2113,0.2085,0.2052,0.2015,0.1973,0.1925,0.1871,0.1809,0.1738,0.1654,0.1555,0.1428,0.1247,0.0626
97020,0.2200,0.2199,0.2193,0.2185,0.2172,0.2156,0.2136,0.2112,0.2084,0.2052,0.2015,0.1972,0.1925,0.1870,0.1808,0.1737,0.1654,0.1554,0.1428,0.1247,0.0625
97080,0.2200,0.2198,0.2193,0.2184,0.2171,0.2155,0.2135,0.2111,0.2083,0.2051,0.2014,0.1972,0.1924,0.1870,0.1808,0.1736,0.1653,0.1554,0.1427,0.1246,0.0625
97140,0.2199,0.2197,0.2192,0.2183,0.2170,0.2154,0.2134,0.2110,0.2082,0.2050,0.2013,0.1971,0.1923,0.1869,0.1807,0.1736,0.1653,0.1553,0.1427,0.1246,0.0625
97200,0.2198,0.2196,0.2191,0.2182,0.2170,0.2153,0.2134,0.2110,0.2082,0.2049,0.2012,0.1970,0.1922,0.1868,0.1806,0.1735,0.1652,0.1553,0.1426,0.1246,0.0625
97260,0.2197,0.2195,0.2190,0.2181,0.2169,0.2153,0.2133,0.2109,0.2081,0.2049,0.2012,0.1970,0.1922,0.1868,0.1806,0.1735,0.1652,0.1552,0.1426,0.1245,0.0625
97320,0.2196,0.2194,0.2189,0.2180,0.2168,0.2152,0.2132,0.2108,0.2080,0.2048,0.2011,0.1969,0.1921,0.1867,0.1805,0.1734,0.1651,0.1552,0.1426,0.1245,0.0625
97380,0.2195,0.2193,0.2188,0.2179,0.2167,0.2151,0.2131,0.2107,0.2079,0.2047,0.2010,0.1968,0.1920,0.1866,0.1804,0.1734,0.1651,0.1551,0.1425,0.1245,0.0624
97440,0.2194,0.2193,0.2187,0.2179,0.2166,0.2150,0.2130,0.2106,0.2079,0.2046,0.2009,0.1967,0.1920,0.1866,0.1804,0.1733,0.1650,0.1551,0.1425,0.1244,0.0624
97500,0.2194,0.2192,0.2186,0.2178,0.2165,0.2149,0.2129,0.2106,0.2078,0.2046,0.2009,0.1967,0.1919,0.1865,0.1803,0.1732,0.1650,0.1550,0.1424,0.1244,0.0624
97560,0.2193,0.2191,0.2186,0.2177,0.2164,0.2148,0.2129,0.2105,0.2077,0.2045,0.2008,0.1966,0.1918,0.1864,0.1803,0.1732,0.1649,0.1550,0.1424,0.1244,0.0624
97620,0.2192,0.2190,0.2185,0.2176,0.2164,0.2148,0.2128,0.2104,0.2076,0.2044,0.2007,0.1965,0.1918,0.1864,0.1802,0.1731,0.1649,0.1549,0.1423,0.1243,0.0624
97680,0.2191,0.2189,0.2184,0.2175,0.2163,0.2147,0.2127,0.2103,0.2075,0.2043,0.2006,0.1964,0.1917,0.1863,0.1801,0.1731,0.1648,0.1549,0.1423,0.1243,0.0624
97740,0.2190,0.2188,0.2183,0.2174,0.2162,0.2146,0.2126,0.2102,0.2075,0.2042,0.2006,0.1964,0.1916,0.1862,0.1801,0.1730,0.1647,0.1548,0.1423,0.1243,0.0623
97800,0.2189,0.2187,0.2182,0.2173,0.2161,0.2145,0.2125,0.2102,0.2074,0.2042,0.2005,0.1963,0.1916,0.1862,0.1800,0.1729,0.1647,0.1548,0.1422,0.1242,0.0623
97860,0.2188,0.2187,0.2181,0.2173,0.2160,0.2144,0.2124,0.2101,0.2073,0.2041,0.2004,0.1962,0.1915,0.1861,0.1800,0.1729,0.1646,0.1547,0.1422,0.1242,0.0623
97920,0.2187,0.2186,0.2180,0.2172,0.2159,0.2143,0.2124,0.2100,0.2072,0.2040,0.2003,0.1962,0.1914,0.1860,0.1799,0.1728,0.1646,0.1547,0.1421,0.1242,0.0623
97980,0.2187,0.2185,0.2180,0.2171,0.2159,0.2143,0.2123,0.2099,0.2071,0.2039,0.2003,0.1961,0.1913,0.1860,0.1798,0.1728,0.1645,0.1546,0.1421,0.1241,0.0623
98040,0.2186,0.2184,0.2179,0.2170,0.2158,0.2142,0.2122,0.2098,0.2071,0.2039,0.2002,0.1960,0.1913,0.1859,0.1798,0.1727,0.1645,0.1546,0.1421,0.1241,0.0622
98100,0.2185,0.2183,0.2178,0.2169,0.2157,0.2141,0.2121,0.2098,0.2070,0.2038,0.2001,0.1959,0.1912,0.1858,0.1797,0.1727,0.1644,0.1545,0.1420,0.1241,0.0622
98160,0.2184,0.2182,0.2177,0.2168,0.2156,0.2140,0.2120,0.2097,0.2069,0.2037,0.2000,0.1959,0.1911,0.1858,0.1796,0.1726,0.1644,0.1545,0.1420,0.1240,0.0622
98220,0.2183,0.2181,0.2176,0.2168,0.2155,0.2139,0.2120,0.2096,0.2068,0.2036,0.2000,0.1958,0.1911,0.1857,0.1796,0.1725,0.1643,0.1544,0.1419,0.1240,0.0622
98280,0.2182,0.2181,0.2175,0.2167,0.2154,0.2138,0.2119,0.2095,0.2068,0.2036,0.1999,0.1957,0.1910,0.1856,0.1795,0.1725,0.1643,0.1544,0.1419,0.1240,0.0622
98340,0.2182,0.2180,0.2175,0.2166,0.2154,0.2138,0.2118,0.2094,0.2067,0.2035,0.1998,0.1957,0.1909,0.1856,0.1795,0.1724,0.1642,0.1543,0.1418,0.1239,0.0622
98400,0.2181,0.2179,0.2174,0.2165,0.2153,0.2137,0.2117,0.2094,0.2066,0.2034,0.1998,0.1956,0.1909,0.1855,0.1794,0.1724,0.1642,0.1543,0.1418,0.1239,0.0621
98460,0.2180,0.2178,0.2173,0.2164,0.2152,0.2136,0.2116,0.2093,0.2065,0.2033,0.1997,0.1955,0.1908,0.1854,0.1793,0.1723,0.1641,0.1543,0.1418,0.1239,0.0621
98520,0.2179,0.2177,0.2172,0.2163,0.2151,0.2135,0.2116,0.2092,0.2064,0.2033,0.1996,0.1954,0.1907,0.1854,0.1793,0.1723,0.1641,0.1542,0.1417,0.1238,0.0621
98580,0.2178,0.2176,0.2171,0.2162,0.2150,0.2134,0.2115,0.2091,0.2064,0.2032,0.1995,0.1954,0.1907,0.1853,0.1792,0.1722,0.1640,0.1542,0.1417,0.1238,0.0621
98640,0.2177,0.2176,0.2170,0.2162,0.2149,0.2134,0.2114,0.2090,0.2063,0.2031,0.1995,0.1953,0.1906,0.1853,0.1792,0.1721,0.1640,0.1541,0.1416,0.1238,0.0621
98700,0.2176,0.2175,0.2169,0.2161,0.2149,0.2133,0.2113,0.2090,0.2062,0.2030,0.1994,0.1952,0.1905,0.1852,0.1791,0.1721,0.1639,0.1541,0.1416,0.1237,0.0621
98760,0.2176,0.2174,0.2169,0.2160,0.2148,0.2132,0.2112,0.2089,0.2061,0.2030,0.1993,0.1952,0.1905,0.1851,0.1790,0.1720,0.1639,0.1540,0.1416,0.1237,0.0620
98820,0.2175,0.2173,0.2168,0.2159,0.2147,0.2131,0.2112,0.2088,0.2061,0.2029,0.1992,0.1951,0.1904,0.1851,0.1790,0.1720,0.1638,0.1540,0.1415,0.1237,0.0620
98880,0.2174,0.2172,0.2167,0.2158,0.2146,0.2130,0.2111,0.2087,0.2060,0.2028,0.1992,0.1950,0.1903,0.1850,0.1789,0.1719,0.1637,0.1539,0.1415,0.1236,0.0620
98940,0.2173,0.2171,0.2166,0.2158,0.2145,0.2129,0.2110,0.2087,0.2059,0.2027,0.1991,0.1950,0.1903,0.1849,0.1789,0.1719,0.1637,0.1539,0.1414,0.1236,0.0620
99000,0.2172,0.2170,0.2165,0.2157,0.2144,0.2129,0.2109,0.2086,0.2058,0.2027,0.1990,0.1949,0.1902,0.1849,0.1788,0.1718,0.1636,0.1538,0.1414,0.1236,0.0620
99060,0.2171,0.2170,0.2164,0.2156,0.2144,0.2128,0.2108,0.2085,0.2058,0.2026,0.1990,0.1948,0.1901,0.1848,0.1787,0.1718,0.1636,0.1538,0.1414,0.1235,0.0620
99120,0.2171,0.2169,0.2164,0.2155,0.2143,0.2127,0.2108,0.2084,0.2057,0.2025,0.1989,0.1948,0.1901,0.1847,0.1787,0.1717,0.1635,0.1537,0.1413,0.1235,0.0619
99180,0.2170,0.2168,0.2163,0.2154,0.2142,0.2126,0.2107,0.2083,0.2056,0.2024,0.1988,0.1947,0.1900,0.1847,0.1786,0.1716,0.1635,0.1537,0.1413,0.1235,0.0619
99240,0.2169,0.2167,0.2162,0.2153,0.2141,0.2125,0.2106,0.2083,0.2055,0.2024,0.1987,0.1946,0.1899,0.1846,0.1786,0.1716,0.1634,0.1536,0.1412,0.1234,0.0619
99300,0.2168,0.2166,0.2161,0.2153,0.2140,0.2125,0.2105,0.2082,0.2054,0.2023,0.1987,0.1945,0.1899,0.1846,0.1785,0.1715,0.1634,0.1536,0.1412,0.1234,0.0619
99360,0.2167,0.2166,0.2160,0.2152,0.2140,0.2124,0.2104,0.2081,0.2054,0.2022,0.1986,0.1945,0.1898,0.1845,0.1784,0.1715,0.1633,0.1536,0.1412,0.1234,0.0619
99420,0.2166,0.2165,0.2160,0.2151,0.2139,0.2123,0.2104,0.2080,0.2053,0.2021,0.1985,0.1944,0.1897,0.1844,0.1784,0.1714,0.1633,0.1535,0.1411,0.1233,0.0619
99480,0.2166,0.2164,0.2159,0.2150,0.2138,0.2122,0.2103,0.2080,0.2052,0.2021,0.1985,0.1943,0.1897,0.1844,0.1783,0.1714,0.1632,0.1535,0.1411,0.1233,0.0618
99540,0.2165,0.2163,0.2158,0.2149,0.2137,0.2121,0.2102,0.2079,0.2051,0.2020,0.1984,0.1943,0.1896,0.1843,0.1783,0.1713,0.1632,0.1534,0.1410,0.1233,0.0618
99600,0.2164,0.2162,0.2157,0.2148,0.2136,0.2121,0.2101,0.2078,0.2051,0.2019,0.1983,0.1942,0.1895,0.1842,0.1782,0.1712,0.1631,0.1534,0.1410,0.1232,0.0618
99660,0.2163,0.2161,0.2156,0.2148,0.2136,0.2120,0.2100,0.2077,0.2050,0.2018,0.1982,0.1941,0.1895,0.1842,0.1781,0.1712,0.1631,0.1533,0.1410,0.1232,0.0618
99720,0.2162,0.2161,0.2155,0.2147,0.2135,0.2119,0.2100,0.2076,0.2049,0.2018,0.1982,0.1941,0.1894,0.1841,0.1781,0.1711,0.1630,0.1533,0.1409,0.1232,0.0618
99780,0.2161,0.2160,0.2155,0.2146,0.2134,0.2118,0.2099,0.2076,0.2048,0.2017,0.1981,0.1940,0.1893,0.1840,0.1780,0.1711,0.1630,0.1532,0.1409,0.1232,0.0618
99840,0.2161,0.2159,0.2154,0.2145,0.2133,0.2117,0.2098,0.2075,0.2048,0.2016,0.1980,0.1939,0.1893,0.1840,0.1780,0.1710,0.1629,0.1532,0.1408,0.1231,0.0617
99900,0.2160,0.2158,0.2153,0.2144,0.2132,0.2117,0.2097,0.2074,0.2047,0.2016,0.1980,0.1939,0.1892,0.1839,0.1779,0.1710,0.1629,0.1531,0.1408,0.1231,0.0617
99960,0.2159,0.2157,0.2152,0.2144,0.2132,0.2116,0.2097,0.2073,0.2046,0.2015,0.1979,0.1938,0.1891,0.1839,0.1778,0.1709,0.1628,0.1531,0.1408,0.1231,0.0617
100020,0.2158,0.2156,0.2151,0.2143,0.2131,0.2115,0.2096,0.2073,0.2045,0.2014,0.1978,0.1937,0.1891,0.1838,0.1778,0.1709,0.1628,0.1530,0.1407,0.1230,0.0617
100080,0.2157,0.2156,0.2151,0.2142,0.2130,0.2114,0.2095,0.2072,0.2045,0.2013,0.1977,0.1937,0.1890,0.1837,0.1777,0.1708,0.1627,0.1530,0.1407,0.1230,0.0617
100140,0.2157,0.2155,0.2150,0.2141,0.2129,0.2114,0.2094,0.2071,0.2044,0.2013,0.1977,0.1936,0.1889,0.1837,0.1777,0.1708,0.1627,0.1530,0.1406,0.1230,0.0617
100200,0.2156,0.2154,0.2149,0.2140,0.2128,0.2113,0.2093,0.2070,0.2043,0.2012,0.1976,0.1935,0.1889,0.1836,0.1776,0.1707,0.1626,0.1529,0.1406,0.1229,0.0617
100260,0.2155,0.2153,0.2148,0.2140,0.2128,0.2112,0.2093,0.2070,0.2043,0.2011,0.1975,0.1934,0.1888,0.1835,0.1775,0.1706,0.1626,0.1529,0.1406,0.1229,0.0616
100320,0.2154,0.2152,0.2147,0.2139,0.2127,0.2111,0.2092,0.2069,0.2042,0.2010,0.1975,0.1934,0.1887,0.1835,0.1775,0.1706,0.1625,0.1528,0.1405,0.1229,0.0616
100380,0.2153,0.2152,0.2147,0.2138,0.2126,0.2110,0.2091,0.2068,0.2041,0.2010,0.1974,0.1933,0.1887,0.1834,0.1774,0.1705,0.1625,0.1528,0.1405,0.1228,0.0616
100440,0.2153,0.2151,0.2146,0.2137,0.2125,0.2110,0.2090,0.2067,0.2040,0.2009,0.1973,0.1932,0.1886,0.1834,0.1774,0.1705,0.1624,0.1527,0.1404,0.1228,0.0616
100500,0.2152,0.2150,0.2145,0.2136,0.2124,0.2109,0.2090,0.2067,0.2040,0.2008,0.1973,0.1932,0.1886,0.1833,0.1773,0.1704,0.1624,0.1527,0.1404,0.1228,0.0616
100560,0.2151,0.2149,0.2144,0.2136,0.2124,0.2108,0.2089,0.2066,0.2039,0.2008,0.1972,0.1931,0.1885,0.1832,0.1773,0.1704,0.1623,0.1526,0.1404,0.1227,0.0616
100620,0.2150,0.2148,0.2143,0.2135,0.2123,0.2107,0.2088,0.2065,0.2038,0.2007,0.1971,0.1930,0.1884,0.1832,0.1772,0.1703,0.1623,0.1526,0.1403,0.1227,0.0615
100680,0.2149,0.2148,0.2143,0.2134,0.2122,0.2107,0.2087,0.2064,0.2037,0.2006,0.1970,0.1930,0.1884,0.1831,0.1771,0.1703,0.1622,0.1525,0.1403,0.1227,0.0615
100740,0.2149,0.2147,0.2142,0.2133,0.2121,0.2106,0.2087,0.2064,0.2037,0.2005,0.1970,0.1929,0.1883,0.1831,0.1771,0.1702,0.1622,0.1525,0.1402,0.1227,0.0615
100800,0.2148,0.2146,0.2141,0.2132,0.2120,0.2105,0.2086,0.2063,0.2036,0.2005,0.1969,0.1928,0.1882,0.1830,0.1770,0.1702,0.1621,0.1525,0.1402,0.1226,0.0615
100860,0.2147,0.2145,0.2140,0.2132,0.2120,0.2104,0.2085,0.2062,0.2035,0.2004,0.1968,0.1928,0.1882,0.1829,0.1770,0.1701,0.1621,0.1524,0.1402,0.1226,0.0615
100920,0.2146,0.2144,0.2139,0.2131,0.2119,0.2103,0.2084,0.2061,0.2034,0.2003,0.1968,0.1927,0.1881,0.1829,0.1769,0.1700,0.1620,0.1524,0.1401,0.1226,0.0615
100980,0.2145,0.2144,0.2139,0.2130,0.2118,0.2103,0.2084,0.2061,0.2034,0.2003,0.1967,0.1926,0.1880,0.1828,0.1769,0.1700,0.1620,0.1523,0.1401,0.1225,0.0614
101040,0.2145,0.2143,0.2138,0.2129,0.2117,0.2102,0.2083,0.2060,0.2033,0.2002,0.1966,0.1926,0.1880,0.1828,0.1768,0.1699,0.1619,0.1523,0.1401,0.1225,0.0614
101100,0.2144,0.2142,0.2137,0.2129,0.2117,0.2101,0.2082,0.2059,0.2032,0.2001,0.1966,0.1925,0.1879,0.1827,0.1767,0.1699,0.1619,0.1522,0.1400,0.1225,0.0614
101160,0.2143,0.2141,0.2136,0.2128,0.2116,0.2100,0.2081,0.2058,0.2032,0.2000,0.1965,0.1924,0.1878,0.1826,0.1767,0.1698,0.1618,0.1522,0.1400,0.1224,0.0614
101220,0.2142,0.2140,0.2135,0.2127,0.2115,0.2100,0.2080,0.2058,0.2031,0.2000,0.1964,0.1924,0.1878,0.1826,0.1766,0.1698,0.1618,0.1521,0.1399,0.1224,0.0614
101280,0.2141,0.2140,0.2135,0.2126,0.2114,0.2099,0.2080,0.2057,0.2030,0.1999,0.1964,0.1923,0.1877,0.1825,0.1766,0.1697,0.1617,0.1521,0.1399,0.1224,0.0614
101340,0.2141,0.2139,0.2134,0.2125,0.2113,0.2098,0.2079,0.2056,0.2029,0.1998,0.1963,0.1922,0.1877,0.1825,0.1765,0.1697,0.1617,0.1521,0.1399,0.1223,0.0614
101400,0.2140,0.2138,0.2133,0.2125,0.2113,0.2097,0.2078,0.2055,0.2029,0.1998,0.1962,0.1922,0.1876,0.1824,0.1765,0.1696,0.1616,0.1520,0.1398,0.1223,0.0613
101460,0.2139,0.2137,0.2132,0.2124,0.2112,0.2097,0.2077,0.2055,0.2028,0.1997,0.1962,0.1921,0.1875,0.1823,0.1764,0.1696,0.1616,0.1520,0.1398,0.1223,0.0613
101520,0.2138,0.2136,0.2131,0.2123,0.2111,0.2096,0.2077,0.2054,0.2027,0.1996,0.1961,0.1921,0.1875,0.1823,0.1763,0.1695,0.1615,0.1519,0.1397,0.1223,0.0613
101580,0.2137,0.2136,0.2131,0.2122,0.2110,0.2095,0.2076,0.2053,0.2026,0.1996,0.1960,0.1920,0.1874,0.1822,0.1763,0.1695,0.1615,0.1519,0.1397,0.1222,0.0613
101640,0.2137,0.2135,0.2130,0.2121,0.2110,0.2094,0.2075,0.2052,0.2026,0.1995,0.1959,0.1919,0.1873,0.1821,0.1762,0.1694,0.1614,0.1518,0.1397,0.1222,0.0613
101700,0.2136,0.2134,0.2129,0.2121,0.2109,0.2093,0.2074,0.2052,0.2025,0.1994,0.1959,0.1919,0.1873,0.1821,0.1762,0.1693,0.1614,0.1518,0.1396,0.1222,0.0613
101760,0.2135,0.2133,0.2128,0.2120,0.2108,0.2093,0.2074,0.2051,0.2024,0.1993,0.1958,0.1918,0.1872,0.1820,0.1761,0.1693,0.1613,0.1517,0.1396,0.1221,0.0613
101820,0.2134,0.2133,0.2128,0.2119,0.2107,0.2092,0.2073,0.2050,0.2024,0.1993,0.1957,0.1917,0.1872,0.1820,0.1761,0.1692,0.1613,0.1517,0.1396,0.1221,0.0612
101880,0.2133,0.2132,0.2127,0.2118,0.2107,0.2091,0.2072,0.2050,0.2023,0.1992,0.1957,0.1917,0.1871,0.1819,0.1760,0.1692,0.1612,0.1517,0.1395,0.1221,0.0612
101940,0.2133,0.2131,0.2126,0.2118,0.2106,0.2090,0.2071,0.2049,0.2022,0.1991,0.1956,0.1916,0.1870,0.1819,0.1759,0.1691,0.1612,0.1516,0.1395,0.1220,0.0612
102000,0.2132,0.2130,0.2125,0.2117,0.2105,0.2090,0.2071,0.2048,0.2021,0.1991,0.1955,0.1915,0.1870,0.1818,0.1759,0.1691,0.1611,0.1516,0.1394,0.1220,0.0612
102060,0.2131,0.2129,0.2124,0.2116,0.2104,0.2089,0.2070,0.2047,0.2021,0.1990,0.1955,0.1915,0.1869,0.1817,0.1758,0.1690,0.1611,0.1515,0.1394,0.1220,0.0612
102120,0.2130,0.2129,0.2124,0.2115,0.2103,0.2088,0.2069,0.2047,0.2020,0.1989,0.1954,0.1914,0.1868,0.1817,0.1758,0.1690,0.1610,0.1515,0.1394,0.1219,0.0612
102180,0.2130,0.2128,0.2123,0.2115,0.2103,0.2087,0.2069,0.2046,0.2019,0.1989,0.1953,0.1913,0.1868,0.1816,0.1757,0.1689,0.1610,0.1514,0.1393,0.1219,0.0611
102240,0.2129,0.2127,0.2122,0.2114,0.2102,0.2087,0.2068,0.2045,0.2019,0.1988,0.1953,0.1913,0.1867,0.1816,0.1757,0.1689,0.1609,0.1514,0.1393,0.1219,0.0611
102300,0.2128,0.2126,0.2121,0.2113,0.2101,0.2086,0.2067,0.2044,0.2018,0.1987,0.1952,0.1912,0.1867,0.1815,0.1756,0.1688,0.1609,0.1514,0.1393,0.1219,0.0611
102360,0.2127,0.2126,0.2121,0.2112,0.2100,0.2085,0.2066,0.2044,0.2017,0.1987,0.1951,0.1911,0.1866,0.1814,0.1755,0.1688,0.1608,0.1513,0.1392,0.1218,0.0611
102420,0.2126,0.2125,0.2120,0.2111,0.2100,0.2084,0.2066,0.2043,0.2016,0.1986,0.1951,0.1911,0.1865,0.1814,0.1755,0.1687,0.1608,0.1513,0.1392,0.1218,0.0611
102480,0.2126,0.2124,0.2119,0.2111,0.2099,0.2084,0.2065,0.2042,0.2016,0.1985,0.1950,0.1910,0.1865,0.1813,0.1754,0.1687,0.1608,0.1512,0.1391,0.1218,0.0611
102540,0.2125,0.2123,0.2118,0.2110,0.2098,0.2083,0.2064,0.2042,0.2015,0.1984,0.1949,0.1909,0.1864,0.1813,0.1754,0.1686,0.1607,0.1512,0.1391,0.1217,0.0611
102600,0.2124,0.2123,0.2118,0.2109,0.2097,0.2082,0.2063,0.2041,0.2014,0.1984,0.1949,0.1909,0.1863,0.1812,0.1753,0.1686,0.1607,0.1511,0.1391,0.1217,0.0610
102660,0.2123,0.2122,0.2117,0.2108,0.2097,0.2081,0.2063,0.2040,0.2014,0.1983,0.1948,0.1908,0.1863,0.1811,0.1753,0.1685,0.1606,0.1511,0.1390,0.1217,0.0610
102720,0.2123,0.2121,0.2116,0.2108,0.2096,0.2081,0.2062,0.2039,0.2013,0.1982,0.1947,0.1908,0.1862,0.1811,0.1752,0.1685,0.1606,0.1511,0.1390,0.1216,0.0610
102780,0.2122,0.2120,0.2115,0.2107,0.2095,0.2080,0.2061,0.2039,0.2012,0.1982,0.1947,0.1907,0.1862,0.1810,0.1752,0.1684,0.1605,0.1510,0.1390,0.1216,0.0610
102840,0.2121,0.2119,0.2114,0.2106,0.2094,0.2079,0.2060,0.2038,0.2012,0.1981,0.1946,0.1906,0.1861,0.1810,0.1751,0.1684,0.1605,0.1510,0.1389,0.1216,0.0610
102900,0.2120,0.2119,0.2114,0.2105,0.2094,0.2079,0.2060,0.2037,0.2011,0.1980,0.1945,0.1906,0.1860,0.1809,0.1750,0.1683,0.1604,0.1509,0.1389,0.1216,0.0610
102960,0.2120,0.2118,0.2113,0.2105,0.2093,0.2078,0.2059,0.2037,0.2010,0.1980,0.1945,0.1905,0.1860,0.1808,0.1750,0.1683,0.1604,0.1509,0.1388,0.1215,0.0610
103020,0.2119,0.2117,0.2112,0.2104,0.2092,0.2077,0.2058,0.2036,0.2009,0.1979,0.1944,0.1904,0.1859,0.1808,0.1749,0.1682,0.1603,0.1508,0.1388,0.1215,0.0609
103080,0.2118,0.2116,0.2111,0.2103,0.2091,0.2076,0.2058,0.2035,0.2009,0.1978,0.1943,0.1904,0.1859,0.1807,0.1749,0.1681,0.1603,0.1508,0.1388,0.1215,0.0609
103140,0.2117,0.2116,0.2111,0.2102,0.2091,0.2076,0.2057,0.2034,0.2008,0.1978,0.1943,0.1903,0.1858,0.1807,0.1748,0.1681,0.1602,0.1508,0.1387,0.1214,0.0609
103200,0.2117,0.2115,0.2110,0.2102,0.2090,0.2075,0.2056,0.2034,0.2007,0.1977,0.1942,0.1902,0.1857,0.1806,0.1748,0.1680,0.1602,0.1507,0.1387,0.1214,0.0609
103260,0.2116,0.2114,0.2109,0.2101,0.2089,0.2074,0.2055,0.2033,0.2007,0.1976,0.1941,0.1902,0.1857,0.1806,0.1747,0.1680,0.1601,0.1507,0.1387,0.1214,0.0609
103320,0.2115,0.2113,0.2108,0.2100,0.2088,0.2073,0.2055,0.2032,0.2006,0.1976,0.1941,0.1901,0.1856,0.1805,0.1747,0.1679,0.1601,0.1506,0.1386,0.1214,0.0609
103380,0.2114,0.2113,0.2108,0.2099,0.2088,0.2073,0.2054,0.2032,0.2005,0.1975,0.1940,0.1901,0.1856,0.1804,0.1746,0.1679,0.1600,0.1506,0.1386,0.1213,0.0609
103440,0.2114,0.2112,0.2107,0.2099,0.2087,0.2072,0.2053,0.2031,0.2005,0.1974,0.1940,0.1900,0.1855,0.1804,0.1746,0.1678,0.1600,0.1505,0.1385,0.1213,0.0608
103500,0.2113,0.2111,0.2106,0.2098,0.2086,0.2071,0.2053,0.2030,0.2004,0.1974,0.1939,0.1899,0.1854,0.1803,0.1745,0.1678,0.1599,0.1505,0.1385,0.1213,0.0608
103560,0.2112,0.2110,0.2105,0.2097,0.2086,0.2070,0.2052,0.2029,0.2003,0.1973,0.1938,0.1899,0.1854,0.1803,0.1744,0.1677,0.1599,0.1505,0.1385,0.1212,0.0608
103620,0.2111,0.2110,0.2105,0.2096,0.2085,0.2070,0.2051,0.2029,0.2003,0.1972,0.1938,0.1898,0.1853,0.1802,0.1744,0.1677,0.1599,0.1504,0.1384,0.1212,0.0608
103680,0.2111,0.2109,0.2104,0.2096,0.2084,0.2069,0.2050,0.2028,0.2002,0.1972,0.1937,0.1897,0.1853,0.1802,0.1743,0.1676,0.1598,0.1504,0.1384,0.1212,0.0608
103740,0.2110,0.2108,0.2103,0.2095,0.2083,0.2068,0.2050,0.2027,0.2001,0.1971,0.1936,0.1897,0.1852,0.1801,0.1743,0.1676,0.1598,0.1503,0.1384,0.1211,0.0608
103800,0.2109,0.2107,0.2102,0.2094,0.2083,0.2068,0.2049,0.2027,0.2001,0.1970,0.1936,0.1896,0.1851,0.1800,0.1742,0.1675,0.1597,0.1503,0.1383,0.1211,0.0608
103860,0.2108,0.2107,0.2102,0.2094,0.2082,0.2067,0.2048,0.2026,0.2000,0.1970,0.1935,0.1896,0.1851,0.1800,0.1742,0.1675,0.1597,0.1502,0.1383,0.1211,0.0607
103920,0.2108,0.2106,0.2101,0.2093,0.2081,0.2066,0.2048,0.2025,0.1999,0.1969,0.1934,0.1895,0.1850,0.1799,0.1741,0.1674,0.1596,0.1502,0.1382,0.1211,0.0607
103980,0.2107,0.2105,0.2100,0.2092,0.2080,0.2065,0.2047,0.2025,0.1998,0.1968,0.1934,0.1894,0.1850,0.1799,0.1741,0.1674,0.1596,0.1502,0.1382,0.1210,0.0607
104040,0.2106,0.2104,0.2099,0.2091,0.2080,0.2065,0.2046,0.2024,0.1998,0.1968,0.1933,0.1894,0.1849,0.1798,0.1740,0.1673,0.1595,0.1501,0.1382,0.1210,0.0607
104100,0.2105,0.2104,0.2099,0.2091,0.2079,0.2064,0.2045,0.2023,0.1997,0.1967,0.1932,0.1893,0.1848,0.1798,0.1740,0.1673,0.1595,0.1501,0.1381,0.1210,0.0607
104160,0.2105,0.2103,0.2098,0.2090,0.2078,0.2063,0.2045,0.2023,0.1996,0.1966,0.1932,0.1892,0.1848,0.1797,0.1739,0.1672,0.1594,0.1500,0.1381,0.1209,0.0607
104220,0.2104,0.2102,0.2097,0.2089,0.2078,0.2063,0.2044,0.2022,0.1996,0.1966,0.1931,0.1892,0.1847,0.1796,0.1739,0.1672,0.1594,0.1500,0.1381,0.1209,0.0607
104280,0.2103,0.2101,0.2097,0.2088,0.2077,0.2062,0.2043,0.2021,0.1995,0.1965,0.1930,0.1891,0.1847,0.1796,0.1738,0.1671,0.1593,0.1500,0.1380,0.1209,0.0606
104340,0.2102,0.2101,0.2096,0.2088,0.2076,0.2061,0.2043,0.2020,0.1994,0.1964,0.1930,0.1891,0.1846,0.1795,0.1737,0.1671,0.1593,0.1499,0.1380,0.1209,0.0606
104400,0.2102,0.2100,0.2095,0.2087,0.2075,0.2060,0.2042,0.2020,0.1994,0.1964,0.1929,0.1890,0.1845,0.1795,0.1737,0.1670,0.1592,0.1499,0.1380,0.1208,0.0606
104460,0.2101,0.2099,0.2094,0.2086,0.2075,0.2060,0.2041,0.2019,0.1993,0.1963,0.1929,0.1889,0.1845,0.1794,0.1736,0.1670,0.1592,0.1498,0.1379,0.1208,0.0606
104520,0.2100,0.2098,0.2094,0.2085,0.2074,0.2059,0.2040,0.2018,0.1992,0.1962,0.1928,0.1889,0.1844,0.1794,0.1736,0.1669,0.1592,0.1498,0.1379,0.1208,0.0606
104580,0.2099,0.2098,0.2093,0.2085,0.2073,0.2058,0.2040,0.2018,0.1992,0.1962,0.1927,0.1888,0.1844,0.1793,0.1735,0.1669,0.1591,0.1497,0.1379,0.1207,0.0606
104640,0.2099,0.2097,0.2092,0.2084,0.2072,0.2058,0.2039,0.2017,0.1991,0.1961,0.1927,0.1888,0.1843,0.1792,0.1735,0.1668,0.1591,0.1497,0.1378,0.1207,0.0606
104700,0.2098,0.2096,0.2091,0.2083,0.2072,0.2057,0.2038,0.2016,0.1990,0.1960,0.1926,0.1887,0.1842,0.1792,0.1734,0.1668,0.1590,0.1497,0.1378,0.1207,0.0606
104760,0.2097,0.2096,0.2091,0.2083,0.2071,0.2056,0.2038,0.2016,0.1990,0.1960,0.1925,0.1886,0.1842,0.1791,0.1734,0.1667,0.1590,0.1496,0.1377,0.1207,0.0605
104820,0.2096,0.2095,0.2090,0.2082,0.2070,0.2055,0.2037,0.2015,0.1989,0.1959,0.1925,0.1886,0.1841,0.1791,0.1733,0.1667,0.1589,0.1496,0.1377,0.1206,0.0605
104880,0.2096,0.2094,0.2089,0.2081,0.2070,0.2055,0.2036,0.2014,0.1988,0.1958,0.1924,0.1885,0.1841,0.1790,0.1733,0.1666,0.1589,0.1495,0.1377,0.1206,0.0605
104940,0.2095,0.2093,0.2089,0.2080,0.2069,0.2054,0.2036,0.2014,0.1988,0.1958,0.1924,0.1884,0.1840,0.1790,0.1732,0.1666,0.1588,0.1495,0.1376,0.1206,0.0605
105000,0.2094,0.2093,0.2088,0.2080,0.2068,0.2053,0.2035,0.2013,0.1987,0.1957,0.1923,0.1884,0.1840,0.1789,0.1732,0.1665,0.1588,0.1495,0.1376,0.1205,0.0605
105060,0.2094,0.2092,0.2087,0.2079,0.2067,0.2053,0.2034,0.2012,0.1986,0.1957,0.1922,0.1883,0.1839,0.1789,0.1731,0.1665,0.1587,0.1494,0.1376,0.1205,0.0605
105120,0.2093,0.2091,0.2086,0.2078,0.2067,0.2052,0.2034,0.2012,0.1986,0.1956,0.1922,0.1883,0.1838,0.1788,0.1731,0.1664,0.1587,0.1494,0.1375,0.1205,0.0605
105180,0.2092,0.2090,0.2086,0.2078,0.2066,0.2051,0.2033,0.2011,0.1985,0.1955,0.1921,0.1882,0.1838,0.1787,0.1730,0.1664,0.1587,0.1493,0.1375,0.1205,0.0604
105240,0.2091,0.2090,0.2085,0.2077,0.2065,0.2051,0.2032,0.2010,0.1984,0.1955,0.1920,0.1881,0.1837,0.1787,0.1730,0.1663,0.1586,0.1493,0.1375,0.1204,0.0604
105300,0.2091,0.2089,0.2084,0.2076,0.2065,0.2050,0.2031,0.2010,0.1984,0.1954,0.1920,0.1881,0.1837,0.1786,0.1729,0.1663,0.1586,0.1493,0.1374,0.1204,0.0604
105360,0.2090,0.2088,0.2083,0.2075,0.2064,0.2049,0.2031,0.2009,0.1983,0.1953,0.1919,0.1880,0.1836,0.1786,0.1728,0.1662,0.1585,0.1492,0.1374,0.1204,0.0604
105420,0.2089,0.2088,0.2083,0.2075,0.2063,0.2048,0.2030,0.2008,0.1982,0.1953,0.1918,0.1880,0.1835,0.1785,0.1728,0.1662,0.1585,0.1492,0.1374,0.1203,0.0604
105480,0.2089,0.2087,0.2082,0.2074,0.2063,0.2048,0.2029,0.2007,0.1982,0.1952,0.1918,0.1879,0.1835,0.1785,0.1727,0.1661,0.1584,0.1491,0.1373,0.1203,0.0604
105540,0.2088,0.2086,0.2081,0.2073,0.2062,0.2047,0.2029,0.2007,0.1981,0.1951,0.1917,0.1878,0.1834,0.1784,0.1727,0.1661,0.1584,0.1491,0.1373,0.1203,0.0604
105600,0.2087,0.2085,0.2081,0.2073,0.2061,0.2046,0.2028,0.2006,0.1980,0.1951,0.1917,0.1878,0.1834,0.1784,0.1726,0.1660,0.1583,0.1490,0.1372,0.1203,0.0604
105660,0.2086,0.2085,0.2080,0.2072,0.2060,0.2046,0.2027,0.2005,0.1980,0.1950,0.1916,0.1877,0.1833,0.1783,0.1726,0.1660,0.1583,0.1490,0.1372,0.1202,0.0603
105720,0.2086,0.2084,0.2079,0.2071,0.2060,0.2045,0.2027,0.2005,0.1979,0.1949,0.1915,0.1877,0.1833,0.1782,0.1725,0.1660,0.1582,0.1490,0.1372,0.1202,0.0603
105780,0.2085,0.2083,0.2078,0.2070,0.2059,0.2044,0.2026,0.2004,0.1978,0.1949,0.1915,0.1876,0.1832,0.1782,0.1725,0.1659,0.1582,0.1489,0.1371,0.1202,0.0603
105840,0.2084,0.2083,0.2078,0.2070,0.2058,0.2044,0.2025,0.2003,0.1978,0.1948,0.1914,0.1875,0.1831,0.1781,0.1724,0.1659,0.1582,0.1489,0.1371,0.1201,0.0603
105900,0.2083,0.2082,0.2077,0.2069,0.2058,0.2043,0.2025,0.2003,0.1977,0.1948,0.1914,0.1875,0.1831,0.1781,0.1724,0.1658,0.1581,0.1488,0.1371,0.1201,0.0603
105960,0.2083,0.2081,0.2076,0.2068,0.2057,0.2042,0.2024,0.2002,0.1977,0.1947,0.1913,0.1874,0.1830,0.1780,0.1723,0.1658,0.1581,0.1488,0.1370,0.1201,0.0603
106020,0.2082,0.2080,0.2076,0.2068,0.2056,0.2041,0.2023,0.2001,0.1976,0.1946,0.1912,0.1874,0.1830,0.1780,0.1723,0.1657,0.1580,0.1488,0.1370,0.1201,0.0603
106080,0.2081,0.2080,0.2075,0.2067,0.2056,0.2041,0.2023,0.2001,0.1975,0.1946,0.1912,0.1873,0.1829,0.1779,0.1722,0.1657,0.1580,0.1487,0.1370,0.1200,0.0602
106140,0.2081,0.2079,0.2074,0.2066,0.2055,0.2040,0.2022,0.2000,0.1975,0.1945,0.1911,0.1872,0.1829,0.1779,0.1722,0.1656,0.1579,0.1487,0.1369,0.1200,0.0602
106200,0.2080,0.2078,0.2074,0.2065,0.2054,0.2039,0.2021,0.1999,0.1974,0.1944,0.1910,0.1872,0.1828,0.1778,0.1721,0.1656,0.1579,0.1486,0.1369,0.1200,0.0602
106260,0.2079,0.2078,0.2073,0.2065,0.2053,0.2039,0.2021,0.1999,0.1973,0.1944,0.1910,0.1871,0.1827,0.1778,0.1721,0.1655,0.1578,0.1486,0.1369,0.1200,0.0602
106320,0.2079,0.2077,0.2072,0.2064,0.2053,0.2038,0.2020,0.1998,0.1973,0.1943,0.1909,0.1871,0.1827,0.1777,0.1720,0.1655,0.1578,0.1486,0.1368,0.1199,0.0602
106380,0.2078,0.2076,0.2071,0.2063,0.2052,0.2037,0.2019,0.1997,0.1972,0.1942,0.1909,0.1870,0.1826,0.1776,0.1720,0.1654,0.1578,0.1485,0.1368,0.1199,0.0602
106440,0.2077,0.2075,0.2071,0.2063,0.2051,0.2037,0.2019,0.1997,0.1971,0.1942,0.1908,0.1869,0.1826,0.1776,0.1719,0.1654,0.1577,0.1485,0.1368,0.1199,0.0602
106500,0.2076,0.2075,0.2070,0.2062,0.2051,0.2036,0.2018,0.1996,0.1971,0.1941,0.1907,0.1869,0.1825,0.1775,0.1719,0.1653,0.1577,0.1484,0.1367,0.1198,0.0602
106560,0.2076,0.2074,0.2069,0.2061,0.2050,0.2035,0.2017,0.1996,0.1970,0.1941,0.1907,0.1868,0.1825,0.1775,0.1718,0.1653,0.1576,0.1484,0.1367,0.1198,0.0601
106620,0.2075,0.2073,0.2069,0.2061,0.2049,0.2035,0.2017,0.1995,0.1969,0.1940,0.1906,0.1868,0.1824,0.1774,0.1718,0.1652,0.1576,0.1484,0.1367,0.1198,0.0601
106680,0.2074,0.2073,0.2068,0.2060,0.2049,0.2034,0.2016,0.1994,0.1969,0.1939,0.1906,0.1867,0.1823,0.1774,0.1717,0.1652,0.1575,0.1483,0.1366,0.1198,0.0601
106740,0.2074,0.2072,0.2067,0.2059,0.2048,0.2033,0.2015,0.1994,0.1968,0.1939,0.1905,0.1867,0.1823,0.1773,0.1717,0.1651,0.1575,0.1483,0.1366,0.1197,0.0601
106800,0.2073,0.2071,0.2067,0.2059,0.2047,0.2033,0.2015,0.1993,0.1967,0.1938,0.1904,0.1866,0.1822,0.1773,0.1716,0.1651,0.1574,0.1482,0.1365,0.1197,0.0601
106860,0.2072,0.2071,0.2066,0.2058,0.2047,0.2032,0.2014,0.1992,0.1967,0.1937,0.1904,0.1865,0.1822,0.1772,0.1716,0.1650,0.1574,0.1482,0.1365,0.1197,0.0601
106920,0.2072,0.2070,0.2065,0.2057,0.2046,0.2031,0.2013,0.1992,0.1966,0.1937,0.1903,0.1865,0.1821,0.1772,0.1715,0.1650,0.1574,0.1482,0.1365,0.1196,0.0601
106980,0.2071,0.2069,0.2064,0.2056,0.2045,0.2031,0.2013,0.1991,0.1966,0.1936,0.1903,0.1864,0.1821,0.1771,0.1715,0.1649,0.1573,0.1481,0.1364,0.1196,0.0601
107040,0.2070,0.2069,0.2064,0.2056,0.2045,0.2030,0.2012,0.1990,0.1965,0.1936,0.1902,0.1864,0.1820,0.1771,0.1714,0.1649,0.1573,0.1481,0.1364,0.1196,0.0600
107100,0.2069,0.2068,0.2063,0.2055,0.2044,0.2029,0.2011,0.1990,0.1964,0.1935,0.1901,0.1863,0.1820,0.1770,0.1714,0.1648,0.1572,0.1480,0.1364,0.1196,0.0600
107160,0.2069,0.2067,0.2062,0.2054,0.2043,0.2029,0.2011,0.1989,0.1964,0.1934,0.1901,0.1862,0.1819,0.1770,0.1713,0.1648,0.1572,0.1480,0.1363,0.1195,0.0600
107220,0.2068,0.2066,0.2062,0.2054,0.2042,0.2028,0.2010,0.1988,0.1963,0.1934,0.1900,0.1862,0.1818,0.1769,0.1713,0.1648,0.1571,0.1480,0.1363,0.1195,0.0600
107280,0.2067,0.2066,0.2061,0.2053,0.2042,0.2027,0.2009,0.1988,0.1962,0.1933,0.1900,0.1861,0.1818,0.1768,0.1712,0.1647,0.1571,0.1479,0.1363,0.1195,0.0600
107340,0.2067,0.2065,0.2060,0.2052,0.2041,0.2027,0.2009,0.1987,0.1962,0.1932,0.1899,0.1861,0.1817,0.1768,0.1712,0.1647,0.1571,0.1479,0.1362,0.1195,0.0600
107400,0.2066,0.2064,0.2060,0.2052,0.2040,0.2026,0.2008,0.1986,0.1961,0.1932,0.1898,0.1860,0.1817,0.1767,0.1711,0.1646,0.1570,0.1479,0.1362,0.1194,0.0600
107460,0.2065,0.2064,0.2059,0.2051,0.2040,0.2025,0.2007,0.1986,0.1960,0.1931,0.1898,0.1860,0.1816,0.1767,0.1711,0.1646,0.1570,0.1478,0.1362,0.1194,0.0600
107520,0.2065,0.2063,0.2058,0.2050,0.2039,0.2025,0.2007,0.1985,0.1960,0.1931,0.1897,0.1859,0.1816,0.1766,0.1710,0.1645,0.1569,0.1478,0.1361,0.1194,0.0599
107580,0.2064,0.2062,0.2058,0.2050,0.2038,0.2024,0.2006,0.1984,0.1959,0.1930,0.1897,0.1858,0.1815,0.1766,0.1710,0.1645,0.1569,0.1477,0.1361,0.1193,0.0599
107640,0.2063,0.2062,0.2057,0.2049,0.2038,0.2023,0.2005,0.1984,0.1959,0.1929,0.1896,0.1858,0.1815,0.1765,0.1709,0.1644,0.1568,0.1477,0.1361,0.1193,0.0599
107700,0.2063,0.2061,0.2056,0.2048,0.2037,0.2023,0.2005,0.1983,0.1958,0.1929,0.1895,0.1857,0.1814,0.1765,0.1709,0.1644,0.1568,0.1477,0.1360,0.1193,0.0599
107760,0.2062,0.2060,0.2056,0.2048,0.2036,0.2022,0.2004,0.1983,0.1957,0.1928,0.1895,0.1857,0.1813,0.1764,0.1708,0.1643,0.1568,0.1476,0.1360,0.1193,0.0599
107820,0.2061,0.2060,0.2055,0.2047,0.2036,0.2021,0.2003,0.1982,0.1957,0.1928,0.1894,0.1856,0.1813,0.1764,0.1708,0.1643,0.1567,0.1476,0.1360,0.1192,0.0599
107880,0.2060,0.2059,0.2054,0.2046,0.2035,0.2021,0.2003,0.1981,0.1956,0.1927,0.1894,0.1856,0.1812,0.1763,0.1707,0.1642,0.1567,0.1475,0.1359,0.1192,0.0599
107940,0.2060,0.2058,0.2053,0.2046,0.2034,0.2020,0.2002,0.1981,0.1955,0.1926,0.1893,0.1855,0.1812,0.1763,0.1707,0.1642,0.1566,0.1475,0.1359,0.1192,0.0599
108000,0.2059,0.2058,0.2053,0.2045,0.2034,0.2019,0.2001,0.1980,0.1955,0.1926,0.1892,0.1854,0.1811,0.1762,0.1706,0.1641,0.1566,0.1475,0.1359,0.1192,0.0598
108060,0.2058,0.2057,0.2052,0.2044,0.2033,0.2019,0.2001,0.1979,0.1954,0.1925,0.1892,0.1854,0.1811,0.1762,0.1706,0.1641,0.1565,0.1474,0.1358,0.1191,0.0598
108120,0.2058,0.2056,0.2051,0.2044,0.2032,0.2018,0.2000,0.1979,0.1954,0.1925,0.1891,0.1853,0.1810,0.1761,0.1705,0.1641,0.1565,0.1474,0.1358,0.1191,0.0598
108180,0.2057,0.2055,0.2051,0.2043,0.2032,0.2017,0.1999,0.1978,0.1953,0.1924,0.1891,0.1853,0.1810,0.1761,0.1705,0.1640,0.1565,0.1473,0.1358,0.1191,0.0598
108240,0.2056,0.2055,0.2050,0.2042,0.2031,0.2017,0.1999,0.1977,0.1952,0.1923,0.1890,0.1852,0.1809,0.1760,0.1704,0.1640,0.1564,0.1473,0.1357,0.1191,0.0598
108300,0.2056,0.2054,0.2049,0.2042,0.2030,0.2016,0.1998,0.1977,0.1952,0.1923,0.1889,0.1852,0.1808,0.1760,0.1704,0.1639,0.1564,0.1473,0.1357,0.1190,0.0598
108360,0.2055,0.2053,0.2049,0.2041,0.2030,0.2015,0.1998,0.1976,0.1951,0.1922,0.1889,0.1851,0.1808,0.1759,0.1703,0.1639,0.1563,0.1472,0.1357,0.1190,0.0598
108420,0.2054,0.2053,0.2048,0.2040,0.2029,0.2015,0.1997,0.1976,0.1950,0.1922,0.1888,0.1850,0.1807,0.1758,0.1703,0.1638,0.1563,0.1472,0.1356,0.1190,0.0598
108480,0.2054,0.2052,0.2047,0.2040,0.2028,0.2014,0.1996,0.1975,0.1950,0.1921,0.1888,0.1850,0.1807,0.1758,0.1702,0.1638,0.1562,0.1472,0.1356,0.1189,0.0597
108540,0.2053,0.2051,0.2047,0.2039,0.2028,0.2013,0.1996,0.1974,0.1949,0.1920,0.1887,0.1849,0.1806,0.1757,0.1702,0.1637,0.1562,0.1471,0.1356,0.1189,0.0597
108600,0.2052,0.2051,0.2046,0.2038,0.2027,0.2013,0.1995,0.1974,0.1949,0.1920,0.1887,0.1849,0.1806,0.1757,0.1701,0.1637,0.1562,0.1471,0.1355,0.1189,0.0597
108660,0.2052,0.2050,0.2045,0.2038,0.2026,0.2012,0.1994,0.1973,0.1948,0.1919,0.1886,0.1848,0.1805,0.1756,0.1701,0.1636,0.1561,0.1470,0.1355,0.1189,0.0597
108720,0.2051,0.2049,0.2045,0.2037,0.2026,0.2011,0.1994,0.1972,0.1947,0.1919,0.1885,0.1848,0.1805,0.1756,0.1700,0.1636,0.1561,0.1470,0.1355,0.1188,0.0597
108780,0.2050,0.2049,0.2044,0.2036,0.2025,0.2011,0.1993,0.1972,0.1947,0.1918,0.1885,0.1847,0.1804,0.1755,0.1700,0.1635,0.1560,0.1470,0.1354,0.1188,0.0597
108840,0.2050,0.2048,0.2043,0.2036,0.2024,0.2010,0.1992,0.1971,0.1946,0.1917,0.1884,0.1846,0.1804,0.1755,0.1699,0.1635,0.1560,0.1469,0.1354,0.1188,0.0597
108900,0.2049,0.2047,0.2043,0.2035,0.2024,0.2009,0.1992,0.1971,0.1946,0.1917,0.1884,0.1846,0.1803,0.1754,0.1699,0.1635,0.1559,0.1469,0.1354,0.1188,0.0597
108960,0.2048,0.2047,0.2042,0.2034,0.2023,0.2009,0.1991,0.1970,0.1945,0.1916,0.1883,0.1845,0.1803,0.1754,0.1698,0.1634,0.1559,0.1469,0.1353,0.1187,0.0597
109020,0.2048,0.2046,0.2041,0.2034,0.2023,0.2008,0.1990,0.1969,0.1944,0.1916,0.1882,0.1845,0.1802,0.1753,0.1698,0.1634,0.1559,0.1468,0.1353,0.1187,0.0596
109080,0.2047,0.2045,0.2041,0.2033,0.2022,0.2008,0.1990,0.1969,0.1944,0.1915,0.1882,0.1844,0.1801,0.1753,0.1697,0.1633,0.1558,0.1468,0.1353,0.1187,0.0596
109140,0.2046,0.2045,0.2040,0.2032,0.2021,0.2007,0.1989,0.1968,0.1943,0.1914,0.1881,0.1844,0.1801,0.1752,0.1697,0.1633,0.1558,0.1467,0.1352,0.1187,0.0596
109200,0.2046,0.2044,0.2039,0.2032,0.2021,0.2006,0.1989,0.1967,0.1943,0.1914,0.1881,0.1843,0.1800,0.1752,0.1696,0.1632,0.1557,0.1467,0.1352,0.1186,0.0596
109260,0.2045,0.2043,0.2039,0.2031,0.2020,0.2006,0.1988,0.1967,0.1942,0.1913,0.1880,0.1843,0.1800,0.1751,0.1696,0.1632,0.1557,0.1467,0.1352,0.1186,0.0596
109320,0.2044,0.2043,0.2038,0.2030,0.2019,0.2005,0.1987,0.1966,0.1941,0.1913,0.1880,0.1842,0.1799,0.1751,0.1695,0.1631,0.1557,0.1466,0.1351,0.1186,0.0596
109380,0.2044,0.2042,0.2037,0.2030,0.2019,0.2004,0.1987,0.1966,0.1941,0.1912,0.1879,0.1841,0.1799,0.1750,0.1695,0.1631,0.1556,0.1466,0.1351,0.1185,0.0596
109440,0.2043,0.2041,0.2037,0.2029,0.2018,0.2004,0.1986,0.1965,0.1940,0.1911,0.1878,0.1841,0.1798,0.1750,0.1694,0.1631,0.1556,0.1465,0.1351,0.1185,0.0596
109500,0.2042,0.2041,0.2036,0.2028,0.2017,0.2003,0.1985,0.1964,0.1939,0.1911,0.1878,0.1840,0.1798,0.1749,0.1694,0.1630,0.1555,0.1465,0.1350,0.1185,0.0595
109560,0.2042,0.2040,0.2035,0.2028,0.2017,0.2002,0.1985,0.1964,0.1939,0.1910,0.1877,0.1840,0.1797,0.1749,0.1693,0.1630,0.1555,0.1465,0.1350,0.1185,0.0595
109620,0.2041,0.2039,0.2035,0.2027,0.2016,0.2002,0.1984,0.1963,0.1938,0.1910,0.1877,0.1839,0.1797,0.1748,0.1693,0.1629,0.1554,0.1464,0.1350,0.1184,0.0595
109680,0.2040,0.2039,0.2034,0.2026,0.2015,0.2001,0.1984,0.1962,0.1938,0.1909,0.1876,0.1839,0.1796,0.1748,0.1692,0.1629,0.1554,0.1464,0.1349,0.1184,0.0595
109740,0.2040,0.2038,0.2033,0.2026,0.2015,0.2001,0.1983,0.1962,0.1937,0.1908,0.1876,0.1838,0.1796,0.1747,0.1692,0.1628,0.1554,0.1464,0.1349,0.1184,0.0595
109800,0.2039,0.2037,0.2033,0.2025,0.2014,0.2000,0.1982,0.1961,0.1936,0.1908,0.1875,0.1838,0.1795,0.1747,0.1691,0.1628,0.1553,0.1463,0.1349,0.1184,0.0595
109860,0.2038,0.2037,0.2032,0.2024,0.2013,0.1999,0.1982,0.1961,0.1936,0.1907,0.1874,0.1837,0.1795,0.1746,0.1691,0.1627,0.1553,0.1463,0.1348,0.1183,0.0595
109920,0.2038,0.2036,0.2032,0.2024,0.2013,0.1999,0.1981,0.1960,0.1935,0.1907,0.1874,0.1837,0.1794,0.1746,0.1691,0.1627,0.1552,0.1463,0.1348,0.1183,0.0595
109980,0.2037,0.2036,0.2031,0.2023,0.2012,0.1998,0.1980,0.1959,0.1935,0.1906,0.1873,0.1836,0.1793,0.1745,0.1690,0.1626,0.1552,0.1462,0.1348,0.1183,0.0595
110040,0.2036,0.2035,0.2030,0.2022,0.2012,0.1997,0.1980,0.1959,0.1934,0.1906,0.1873,0.1835,0.1793,0.1745,0.1690,0.1626,0.1552,0.1462,0.1347,0.1183,0.0594
110100,0.2036,0.2034,0.2030,0.2022,0.2011,0.1997,0.1979,0.1958,0.1933,0.1905,0.1872,0.1835,0.1792,0.1744,0.1689,0.1626,0.1551,0.1461,0.1347,0.1182,0.0594
110160,0.2035,0.2034,0.2029,0.2021,0.2010,0.1996,0.1979,0.1958,0.1933,0.1904,0.1872,0.1834,0.1792,0.1744,0.1689,0.1625,0.1551,0.1461,0.1347,0.1182,0.0594
110220,0.2034,0.2033,0.2028,0.2021,0.2010,0.1995,0.1978,0.1957,0.1932,0.1904,0.1871,0.1834,0.1791,0.1743,0.1688,0.1625,0.1550,0.1461,0.1347,0.1182,0.0594
110280,0.2034,0.2032,0.2028,0.2020,0.2009,0.1995,0.1977,0.1956,0.1932,0.1903,0.1870,0.1833,0.1791,0.1743,0.1688,0.1624,0.1550,0.1460,0.1346,0.1182,0.0594
110340,0.2033,0.2032,0.2027,0.2019,0.2008,0.1994,0.1977,0.1956,0.1931,0.1903,0.1870,0.1833,0.1790,0.1742,0.1687,0.1624,0.1550,0.1460,0.1346,0.1181,0.0594
110400,0.2033,0.2031,0.2026,0.2019,0.2008,0.1994,0.1976,0.1955,0.1931,0.1902,0.1869,0.1832,0.1790,0.1742,0.1687,0.1623,0.1549,0.1460,0.1346,0.1181,0.0594
110460,0.2032,0.2030,0.2026,0.2018,0.2007,0.1993,0.1975,0.1955,0.1930,0.1901,0.1869,0.1832,0.1789,0.1741,0.1686,0.1623,0.1549,0.1459,0.1345,0.1181,0.0594
110520,0.2031,0.2030,0.2025,0.2017,0.2006,0.1992,0.1975,0.1954,0.1929,0.1901,0.1868,0.1831,0.1789,0.1741,0.1686,0.1622,0.1548,0.1459,0.1345,0.1181,0.0594
110580,0.2031,0.2029,0.2024,0.2017,0.2006,0.1992,0.1974,0.1953,0.1929,0.1900,0.1868,0.1831,0.1788,0.1740,0.1685,0.1622,0.1548,0.1458,0.1345,0.1180,0.0593
110640,0.2030,0.2028,0.2024,0.2016,0.2005,0.1991,0.1974,0.1953,0.1928,0.1900,0.1867,0.1830,0.1788,0.1740,0.1685,0.1622,0.1547,0.1458,0.1344,0.1180,0.0593
110700,0.2029,0.2028,0.2023,0.2015,0.2005,0.1990,0.1973,0.1952,0.1928,0.1899,0.1867,0.1829,0.1787,0.1739,0.1684,0.1621,0.1547,0.1458,0.1344,0.1180,0.0593
110760,0.2029,0.2027,0.2023,0.2015,0.2004,0.1990,0.1972,0.1951,0.1927,0.1899,0.1866,0.1829,0.1787,0.1739,0.1684,0.1621,0.1547,0.1457,0.1344,0.1180,0.0593
110820,0.2028,0.2026,0.2022,0.2014,0.2003,0.1989,0.1972,0.1951,0.1926,0.1898,0.1865,0.1828,0.1786,0.1738,0.1683,0.1620,0.1546,0.1457,0.1343,0.1179,0.0593
110880,0.2027,0.2026,0.2021,0.2014,0.2003,0.1989,0.1971,0.1950,0.1926,0.1897,0.1865,0.1828,0.1786,0.1738,0.1683,0.1620,0.1546,0.1457,0.1343,0.1179,0.0593
110940,0.2027,0.2025,0.2021,0.2013,0.2002,0.1988,0.1971,0.1950,0.1925,0.1897,0.1864,0.1827,0.1785,0.1737,0.1683,0.1619,0.1545,0.1456,0.1343,0.1179,0.0593
111000,0.2026,0.2025,0.2020,0.2012,0.2001,0.1987,0.1970,0.1949,0.1925,0.1896,0.1864,0.1827,0.1785,0.1737,0.1682,0.1619,0.1545,0.1456,0.1342,0.1179,0.0593
111060,0.2025,0.2024,0.2019,0.2012,0.2001,0.1987,0.1969,0.1948,0.1924,0.1896,0.1863,0.1826,0.1784,0.1736,0.1682,0.1619,0.1545,0.1456,0.1342,0.1178,0.0593
111120,0.2025,0.2023,0.2019,0.2011,0.2000,0.1986,0.1969,0.1948,0.1923,0.1895,0.1863,0.1826,0.1784,0.1736,0.1681,0.1618,0.1544,0.1455,0.1342,0.1178,0.0592
111180,0.2024,0.2023,0.2018,0.2010,0.2000,0.1985,0.1968,0.1947,0.1923,0.1895,0.1862,0.1825,0.1783,0.1735,0.1681,0.1618,0.1544,0.1455,0.1341,0.1178,0.0592
111240,0.2024,0.2022,0.2017,0.2010,0.1999,0.1985,0.1968,0.1947,0.1922,0.1894,0.1862,0.1825,0.1783,0.1735,0.1680,0.1617,0.1543,0.1454,0.1341,0.1178,0.0592
111300,0.2023,0.2021,0.2017,0.2009,0.1998,0.1984,0.1967,0.1946,0.1922,0.1893,0.1861,0.1824,0.1782,0.1734,0.1680,0.1617,0.1543,0.1454,0.1341,0.1177,0.0592
111360,0.2022,0.2021,0.2016,0.2008,0.1998,0.1984,0.1966,0.1946,0.1921,0.1893,0.1860,0.1824,0.1782,0.1734,0.1679,0.1616,0.1543,0.1454,0.1340,0.1177,0.0592
111420,0.2022,0.2020,0.2016,0.2008,0.1997,0.1983,0.1966,0.1945,0.1921,0.1892,0.1860,0.1823,0.1781,0.1733,0.1679,0.1616,0.1542,0.1453,0.1340,0.1177,0.0592
111480,0.2021,0.2019,0.2015,0.2007,0.1996,0.1982,0.1965,0.1944,0.1920,0.1892,0.1859,0.1822,0.1781,0.1733,0.1678,0.1615,0.1542,0.1453,0.1340,0.1177,0.0592
111540,0.2020,0.2019,0.2014,0.2007,0.1996,0.1982,0.1964,0.1944,0.1919,0.1891,0.1859,0.1822,0.1780,0.1732,0.1678,0.1615,0.1541,0.1453,0.1340,0.1176,0.0592
111600,0.2020,0.2018,0.2014,0.2006,0.1995,0.1981,0.1964,0.1943,0.1919,0.1891,0.1858,0.1821,0.1780,0.1732,0.1677,0.1615,0.1541,0.1452,0.1339,0.1176,0.0592
111660,0.2019,0.2018,0.2013,0.2005,0.1995,0.1981,0.1963,0.1943,0.1918,0.1890,0.1858,0.1821,0.1779,0.1731,0.1677,0.1614,0.1541,0.1452,0.1339,0.1176,0.0591
111720,0.2018,0.2017,0.2012,0.2005,0.1994,0.1980,0.1963,0.1942,0.1918,0.1889,0.1857,0.1820,0.1779,0.1731,0.1676,0.1614,0.1540,0.1452,0.1339,0.1176,0.0591
111780,0.2018,0.2016,0.2012,0.2004,0.1993,0.1979,0.1962,0.1941,0.1917,0.1889,0.1857,0.1820,0.1778,0.1730,0.1676,0.1613,0.1540,0.1451,0.1338,0.1175,0.0591
111840,0.2017,0.2016,0.2011,0.2003,0.1993,0.1979,0.1961,0.1941,0.1916,0.1888,0.1856,0.1819,0.1777,0.1730,0.1676,0.1613,0.1539,0.1451,0.1338,0.1175,0.0591
111900,0.2017,0.2015,0.2010,0.2003,0.1992,0.1978,0.1961,0.1940,0.1916,0.1888,0.1856,0.1819,0.1777,0.1729,0.1675,0.1612,0.1539,0.1450,0.1338,0.1175,0.0591
111960,0.2016,0.2014,0.2010,0.2002,0.1991,0.1978,0.1960,0.1940,0.1915,0.1887,0.1855,0.1818,0.1776,0.1729,0.1675,0.1612,0.1539,0.1450,0.1337,0.1175,0.0591
112020,0.2015,0.2014,0.2009,0.2002,0.1991,0.1977,0.1960,0.1939,0.1915,0.1887,0.1854,0.1818,0.1776,0.1728,0.1674,0.1612,0.1538,0.1450,0.1337,0.1174,0.0591
112080,0.2015,0.2013,0.2009,0.2001,0.1990,0.1976,0.1959,0.1938,0.1914,0.1886,0.1854,0.1817,0.1775,0.1728,0.1674,0.1611,0.1538,0.1449,0.1337,0.1174,0.0591
112140,0.2014,0.2013,0.2008,0.2000,0.1990,0.1976,0.1958,0.1938,0.1914,0.1886,0.1853,0.1817,0.1775,0.1728,0.1673,0.1611,0.1537,0.1449,0.1336,0.1174,0.0591
112200,0.2013,0.2012,0.2007,0.2000,0.1989,0.1975,0.1958,0.1937,0.1913,0.1885,0.1853,0.1816,0.1774,0.1727,0.1673,0.1610,0.1537,0.1449,0.1336,0.1174,0.0591
112260,0.2013,0.2011,0.2007,0.1999,0.1988,0.1975,0.1957,0.1937,0.1912,0.1884,0.1852,0.1816,0.1774,0.1727,0.1672,0.1610,0.1537,0.1448,0.1336,0.1173,0.0590
112320,0.2012,0.2011,0.2006,0.1999,0.1988,0.1974,0.1957,0.1936,0.1912,0.1884,0.1852,0.1815,0.1773,0.1726,0.1672,0.1609,0.1536,0.1448,0.1335,0.1173,0.0590
112380,0.2012,0.2010,0.2006,0.1998,0.1987,0.1973,0.1956,0.1935,0.1911,0.1883,0.1851,0.1815,0.1773,0.1726,0.1671,0.1609,0.1536,0.1448,0.1335,0.1173,0.0590
112440,0.2011,0.2009,0.2005,0.1997,0.1987,0.1973,0.1956,0.1935,0.1911,0.1883,0.1851,0.1814,0.1772,0.1725,0.1671,0.1609,0.1536,0.1447,0.1335,0.1173,0.0590
112500,0.2010,0.2009,0.2004,0.1997,0.1986,0.1972,0.1955,0.1934,0.1910,0.1882,0.1850,0.1814,0.1772,0.1725,0.1671,0.1608,0.1535,0.1447,0.1335,0.1172,0.0590
112560,0.2010,0.2008,0.2004,0.1996,0.1985,0.1972,0.1954,0.1934,0.1910,0.1882,0.1850,0.1813,0.1771,0.1724,0.1670,0.1608,0.1535,0.1447,0.1334,0.1172,0.0590
112620,0.2009,0.2008,0.2003,0.1995,0.1985,0.1971,0.1954,0.1933,0.1909,0.1881,0.1849,0.1812,0.1771,0.1724,0.1670,0.1607,0.1534,0.1446,0.1334,0.1172,0.0590
112680,0.2008,0.2007,0.2002,0.1995,0.1984,0.1970,0.1953,0.1933,0.1908,0.1881,0.1848,0.1812,0.1770,0.1723,0.1669,0.1607,0.1534,0.1446,0.1334,0.1172,0.0590
112740,0.2008,0.2006,0.2002,0.1994,0.1984,0.1970,0.1953,0.1932,0.1908,0.1880,0.1848,0.1811,0.1770,0.1723,0.1669,0.1607,0.1534,0.1445,0.1333,0.1171,0.0590
112800,0.2007,0.2006,0.2001,0.1994,0.1983,0.1969,0.1952,0.1931,0.1907,0.1879,0.1847,0.1811,0.1769,0.1722,0.1668,0.1606,0.1533,0.1445,0.1333,0.1171,0.0589
112860,0.2007,0.2005,0.2001,0.1993,0.1982,0.1969,0.1951,0.1931,0.1907,0.1879,0.1847,0.1810,0.1769,0.1722,0.1668,0.1606,0.1533,0.1445,0.1333,0.1171,0.0589
112920,0.2006,0.2005,0.2000,0.1992,0.1982,0.1968,0.1951,0.1930,0.1906,0.1878,0.1846,0.1810,0.1768,0.1721,0.1667,0.1605,0.1532,0.1444,0.1332,0.1171,0.0589
112980,0.2005,0.2004,0.1999,0.1992,0.1981,0.1967,0.1950,0.1930,0.1906,0.1878,0.1846,0.1809,0.1768,0.1721,0.1667,0.1605,0.1532,0.1444,0.1332,0.1170,0.0589
113040,0.2005,0.2003,0.1999,0.1991,0.1981,0.1967,0.1950,0.1929,0.1905,0.1877,0.1845,0.1809,0.1767,0.1720,0.1667,0.1604,0.1532,0.1444,0.1332,0.1170,0.0589
113100,0.2004,0.2003,0.1998,0.1991,0.1980,0.1966,0.1949,0.1929,0.1905,0.1877,0.1845,0.1808,0.1767,0.1720,0.1666,0.1604,0.1531,0.1443,0.1331,0.1170,0.0589
113160,0.2004,0.2002,0.1998,0.1990,0.1979,0.1966,0.1948,0.1928,0.1904,0.1876,0.1844,0.1808,0.1766,0.1719,0.1666,0.1604,0.1531,0.1443,0.1331,0.1170,0.0589
113220,0.2003,0.2001,0.1997,0.1989,0.1979,0.1965,0.1948,0.1927,0.1903,0.1876,0.1844,0.1807,0.1766,0.1719,0.1665,0.1603,0.1530,0.1443,0.1331,0.1169,0.0589
113280,0.2002,0.2001,0.1996,0.1989,0.1978,0.1964,0.1947,0.1927,0.1903,0.1875,0.1843,0.1807,0.1765,0.1718,0.1665,0.1603,0.1530,0.1442,0.1331,0.1169,0.0589
113340,0.2002,0.2000,0.1996,0.1988,0.1978,0.1964,0.1947,0.1926,0.1902,0.1874,0.1843,0.1806,0.1765,0.1718,0.1664,0.1602,0.1530,0.1442,0.1330,0.1169,0.0589
113400,0.2001,0.2000,0.1995,0.1988,0.1977,0.1963,0.1946,0.1926,0.1902,0.1874,0.1842,0.1806,0.1765,0.1718,0.1664,0.1602,0.1529,0.1442,0.1330,0.1169,0.0588
113460,0.2001,0.1999,0.1995,0.1987,0.1976,0.1963,0.1946,0.1925,0.1901,0.1873,0.1842,0.1805,0.1764,0.1717,0.1663,0.1601,0.1529,0.1441,0.1330,0.1168,0.0588
113520,0.2000,0.1998,0.1994,0.1986,0.1976,0.1962,0.1945,0.1925,0.1901,0.1873,0.1841,0.1805,0.1764,0.1717,0.1663,0.1601,0.1529,0.1441,0.1329,0.1168,0.0588
113580,0.1999,0.1998,0.1993,0.1986,0.1975,0.1961,0.1944,0.1924,0.1900,0.1872,0.1841,0.1804,0.1763,0.1716,0.1663,0.1601,0.1528,0.1441,0.1329,0.1168,0.0588
113640,0.1999,0.1997,0.1993,0.1985,0.1975,0.1961,0.1944,0.1923,0.1899,0.1872,0.1840,0.1804,0.1763,0.1716,0.1662,0.1600,0.1528,0.1440,0.1329,0.1168,0.0588
113700,0.1998,0.1997,0.1992,0.1985,0.1974,0.1960,0.1943,0.1923,0.1899,0.1871,0.1839,0.1803,0.1762,0.1715,0.1662,0.1600,0.1527,0.1440,0.1328,0.1167,0.0588
113760,0.1997,0.1996,0.1991,0.1984,0.1973,0.1960,0.1943,0.1922,0.1898,0.1871,0.1839,0.1803,0.1762,0.1715,0.1661,0.1599,0.1527,0.1440,0.1328,0.1167,0.0588
113820,0.1997,0.1995,0.1991,0.1983,0.1973,0.1959,0.1942,0.1922,0.1898,0.1870,0.1838,0.1802,0.1761,0.1714,0.1661,0.1599,0.1527,0.1439,0.1328,0.1167,0.0588
113880,0.1996,0.1995,0.1990,0.1983,0.1972,0.1958,0.1942,0.1921,0.1897,0.1870,0.1838,0.1802,0.1761,0.1714,0.1660,0.1599,0.1526,0.1439,0.1328,0.1167,0.0588
113940,0.1996,0.1994,0.1990,0.1982,0.1972,0.1958,0.1941,0.1921,0.1897,0.1869,0.1837,0.1801,0.1760,0.1713,0.1660,0.1598,0.1526,0.1439,0.1327,0.1166,0.0588
114000,0.1995,0.1994,0.1989,0.1982,0.1971,0.1957,0.1940,0.1920,0.1896,0.1869,0.1837,0.1801,0.1760,0.1713,0.1659,0.1598,0.1525,0.1438,0.1327,0.1166,0.0587
114060,0.1994,0.1993,0.1988,0.1981,0.1970,0.1957,0.1940,0.1919,0.1896,0.1868,0.1836,0.1800,0.1759,0.1712,0.1659,0.1597,0.1525,0.1438,0.1327,0.1166,0.0587
114120,0.1994,0.1992,0.1988,0.1980,0.1970,0.1956,0.1939,0.1919,0.1895,0.1867,0.1836,0.1800,0.1759,0.1712,0.1659,0.1597,0.1525,0.1437,0.1326,0.1166,0.0587
114180,0.1993,0.1992,0.1987,0.1980,0.1969,0.1956,0.1939,0.1918,0.1895,0.1867,0.1835,0.1799,0.1758,0.1711,0.1658,0.1597,0.1524,0.1437,0.1326,0.1165,0.0587
114240,0.1993,0.1991,0.1987,0.1979,0.1969,0.1955,0.1938,0.1918,0.1894,0.1866,0.1835,0.1799,0.1758,0.1711,0.1658,0.1596,0.1524,0.1437,0.1326,0.1165,0.0587
114300,0.1992,0.1991,0.1986,0.1979,0.1968,0.1954,0.1937,0.1917,0.1893,0.1866,0.1834,0.1798,0.1757,0.1711,0.1657,0.1596,0.1524,0.1436,0.1325,0.1165,0.0587
114360,0.1991,0.1990,0.1986,0.1978,0.1967,0.1954,0.1937,0.1917,0.1893,0.1865,0.1834,0.1798,0.1757,0.1710,0.1657,0.1595,0.1523,0.1436,0.1325,0.1165,0.0587
114420,0.1991,0.1989,0.1985,0.1977,0.1967,0.1953,0.1936,0.1916,0.1892,0.1865,0.1833,0.1797,0.1756,0.1710,0.1656,0.1595,0.1523,0.1436,0.1325,0.1164,0.0587
114480,0.1990,0.1989,0.1984,0.1977,0.1966,0.1953,0.1936,0.1916,0.1892,0.1864,0.1833,0.1797,0.1756,0.1709,0.1656,0.1594,0.1522,0.1435,0.1325,0.1164,0.0587
114540,0.1990,0.1988,0.1984,0.1976,0.1966,0.1952,0.1935,0.1915,0.1891,0.1864,0.1832,0.1796,0.1755,0.1709,0.1655,0.1594,0.1522,0.1435,0.1324,0.1164,0.0587
114600,0.1989,0.1988,0.1983,0.1976,0.1965,0.1952,0.1935,0.1914,0.1891,0.1863,0.1832,0.1796,0.1755,0.1708,0.1655,0.1594,0.1522,0.1435,0.1324,0.1164,0.0586
114660,0.1988,0.1987,0.1983,0.1975,0.1965,0.1951,0.1934,0.1914,0.1890,0.1863,0.1831,0.1795,0.1754,0.1708,0.1655,0.1593,0.1521,0.1434,0.1324,0.1164,0.0586
114720,0.1988,0.1986,0.1982,0.1975,0.1964,0.1950,0.1934,0.1913,0.1890,0.1862,0.1831,0.1795,0.1754,0.1707,0.1654,0.1593,0.1521,0.1434,0.1323,0.1163,0.0586
114780,0.1987,0.1986,0.1981,0.1974,0.1963,0.1950,0.1933,0.1913,0.1889,0.1862,0.1830,0.1794,0.1753,0.1707,0.1654,0.1592,0.1521,0.1434,0.1323,0.1163,0.0586
114840,0.1987,0.1985,0.1981,0.1973,0.1963,0.1949,0.1932,0.1912,0.1888,0.1861,0.1830,0.1794,0.1753,0.1706,0.1653,0.1592,0.1520,0.1433,0.1323,0.1163,0.0586
114900,0.1986,0.1985,0.1980,0.1973,0.1962,0.1949,0.1932,0.1912,0.1888,0.1861,0.1829,0.1793,0.1752,0.1706,0.1653,0.1592,0.1520,0.1433,0.1322,0.1163,0.0586
114960,0.1986,0.1984,0.1980,0.1972,0.1962,0.1948,0.1931,0.1911,0.1887,0.1860,0.1829,0.1793,0.1752,0.1705,0.1652,0.1591,0.1519,0.1433,0.1322,0.1162,0.0586
115020,0.1985,0.1983,0.1979,0.1972,0.1961,0.1948,0.1931,0.1911,0.1887,0.1859,0.1828,0.1792,0.1751,0.1705,0.1652,0.1591,0.1519,0.1432,0.1322,0.1162,0.0586
115080,0.1984,0.1983,0.1978,0.1971,0.1961,0.1947,0.1930,0.1910,0.1886,0.1859,0.1828,0.1792,0.1751,0.1705,0.1652,0.1590,0.1519,0.1432,0.1322,0.1162,0.0586
115140,0.1984,0.1982,0.1978,0.1970,0.1960,0.1946,0.1930,0.1909,0.1886,0.1858,0.1827,0.1791,0.1750,0.1704,0.1651,0.1590,0.1518,0.1432,0.1321,0.1162,0.0586
115200,0.1983,0.1982,0.1977,0.1970,0.1959,0.1946,0.1929,0.1909,0.1885,0.1858,0.1826,0.1791,0.1750,0.1704,0.1651,0.1590,0.1518,0.1431,0.1321,0.1161,0.0585
115260,0.1983,0.1981,0.1977,0.1969,0.1959,0.1945,0.1928,0.1908,0.1885,0.1857,0.1826,0.1790,0.1750,0.1703,0.1650,0.1589,0.1518,0.1431,0.1321,0.1161,0.0585
115320,0.1982,0.1981,0.1976,0.1969,0.1958,0.1945,0.1928,0.1908,0.1884,0.1857,0.1825,0.1790,0.1749,0.1703,0.1650,0.1589,0.1517,0.1431,0.1320,0.1161,0.0585
115380,0.1981,0.1980,0.1975,0.1968,0.1958,0.1944,0.1927,0.1907,0.1884,0.1856,0.1825,0.1789,0.1749,0.1702,0.1649,0.1588,0.1517,0.1430,0.1320,0.1161,0.0585
115440,0.1981,0.1979,0.1975,0.1968,0.1957,0.1944,0.1927,0.1907,0.1883,0.1856,0.1824,0.1789,0.1748,0.1702,0.1649,0.1588,0.1516,0.1430,0.1320,0.1160,0.0585
115500,0.1980,0.1979,0.1974,0.1967,0.1956,0.1943,0.1926,0.1906,0.1883,0.1855,0.1824,0.1788,0.1748,0.1701,0.1649,0.1588,0.1516,0.1430,0.1320,0.1160,0.0585
115560,0.1980,0.1978,0.1974,0.1966,0.1956,0.1942,0.1926,0.1906,0.1882,0.1855,0.1823,0.1788,0.1747,0.1701,0.1648,0.1587,0.1516,0.1429,0.1319,0.1160,0.0585
115620,0.1979,0.1978,0.1973,0.1966,0.1955,0.1942,0.1925,0.1905,0.1881,0.1854,0.1823,0.1787,0.1747,0.1701,0.1648,0.1587,0.1515,0.1429,0.1319,0.1160,0.0585
115680,0.1978,0.1977,0.1973,0.1965,0.1955,0.1941,0.1925,0.1904,0.1881,0.1854,0.1822,0.1787,0.1746,0.1700,0.1647,0.1586,0.1515,0.1429,0.1319,0.1160,0.0585
115740,0.1978,0.1976,0.1972,0.1965,0.1954,0.1941,0.1924,0.1904,0.1880,0.1853,0.1822,0.1786,0.1746,0.1700,0.1647,0.1586,0.1515,0.1428,0.1318,0.1159,0.0585
115800,0.1977,0.1976,0.1971,0.1964,0.1954,0.1940,0.1923,0.1903,0.1880,0.1853,0.1821,0.1786,0.1745,0.1699,0.1646,0.1586,0.1514,0.1428,0.1318,0.1159,0.0584
115860,0.1977,0.1975,0.1971,0.1963,0.1953,0.1940,0.1923,0.1903,0.1879,0.1852,0.1821,0.1785,0.1745,0.1699,0.1646,0.1585,0.1514,0.1428,0.1318,0.1159,0.0584
115920,0.1976,0.1975,0.1970,0.1963,0.1952,0.1939,0.1922,0.1902,0.1879,0.1852,0.1820,0.1785,0.1744,0.1698,0.1646,0.1585,0.1513,0.1427,0.1318,0.1159,0.0584
115980,0.1976,0.1974,0.1970,0.1962,0.1952,0.1938,0.1922,0.1902,0.1878,0.1851,0.1820,0.1784,0.1744,0.1698,0.1645,0.1584,0.1513,0.1427,0.1317,0.1158,0.0584
116040,0.1975,0.1974,0.1969,0.1962,0.1951,0.1938,0.1921,0.1901,0.1878,0.1851,0.1819,0.1784,0.1743,0.1697,0.1645,0.1584,0.1513,0.1427,0.1317,0.1158,0.0584
116100,0.1974,0.1973,0.1969,0.1961,0.1951,0.1937,0.1921,0.1901,0.1877,0.1850,0.1819,0.1783,0.1743,0.1697,0.1644,0.1584,0.1512,0.1426,0.1317,0.1158,0.0584
116160,0.1974,0.1972,0.1968,0.1961,0.1950,0.1937,0.1920,0.1900,0.1877,0.1850,0.1818,0.1783,0.1742,0.1696,0.1644,0.1583,0.1512,0.1426,0.1316,0.1158,0.0584
116220,0.1973,0.1972,0.1967,0.1960,0.1950,0.1936,0.1920,0.1900,0.1876,0.1849,0.1818,0.1782,0.1742,0.1696,0.1643,0.1583,0.1512,0.1426,0.1316,0.1157,0.0584
116280,0.1973,0.1971,0.1967,0.1959,0.1949,0.1936,0.1919,0.1899,0.1876,0.1849,0.1817,0.1782,0.1742,0.1696,0.1643,0.1582,0.1511,0.1425,0.1316,0.1157,0.0584
116340,0.1972,0.1971,0.1966,0.1959,0.1949,0.1935,0.1918,0.1899,0.1875,0.1848,0.1817,0.1781,0.1741,0.1695,0.1643,0.1582,0.1511,0.1425,0.1315,0.1157,0.0584
116400,0.1972,0.1970,0.1966,0.1958,0.1948,0.1935,0.1918,0.1898,0.1875,0.1847,0.1816,0.1781,0.1741,0.1695,0.1642,0.1582,0.1511,0.1425,0.1315,0.1157,0.0584
116460,0.1971,0.1970,0.1965,0.1958,0.1947,0.1934,0.1917,0.1897,0.1874,0.1847,0.1816,0.1780,0.1740,0.1694,0.1642,0.1581,0.1510,0.1424,0.1315,0.1157,0.0583
116520,0.1970,0.1969,0.1965,0.1957,0.1947,0.1933,0.1917,0.1897,0.1874,0.1846,0.1815,0.1780,0.1740,0.1694,0.1641,0.1581,0.1510,0.1424,0.1315,0.1156,0.0583
116580,0.1970,0.1968,0.1964,0.1957,0.1946,0.1933,0.1916,0.1896,0.1873,0.1846,0.1815,0.1779,0.1739,0.1693,0.1641,0.1580,0.1509,0.1424,0.1314,0.1156,0.0583
116640,0.1969,0.1968,0.1963,0.1956,0.1946,0.1932,0.1916,0.1896,0.1872,0.1845,0.1814,0.1779,0.1739,0.1693,0.1641,0.1580,0.1509,0.1423,0.1314,0.1156,0.0583
116700,0.1969,0.1967,0.1963,0.1956,0.1945,0.1932,0.1915,0.1895,0.1872,0.1845,0.1814,0.1779,0.1738,0.1692,0.1640,0.1580,0.1509,0.1423,0.1314,0.1156,0.0583
116760,0.1968,0.1967,0.1962,0.1955,0.1945,0.1931,0.1915,0.1895,0.1871,0.1844,0.1813,0.1778,0.1738,0.1692,0.1640,0.1579,0.1508,0.1423,0.1313,0.1155,0.0583
116820,0.1968,0.1966,0.1962,0.1954,0.1944,0.1931,0.1914,0.1894,0.1871,0.1844,0.1813,0.1778,0.1737,0.1692,0.1639,0.1579,0.1508,0.1422,0.1313,0.1155,0.0583
116880,0.1967,0.1966,0.1961,0.1954,0.1943,0.1930,0.1914,0.1894,0.1870,0.1843,0.1812,0.1777,0.1737,0.1691,0.1639,0.1578,0.1508,0.1422,0.1313,0.1155,0.0583
116940,0.1966,0.1965,0.1961,0.1953,0.1943,0.1930,0.1913,0.1893,0.1870,0.1843,0.1812,0.1777,0.1736,0.1691,0.1638,0.1578,0.1507,0.1422,0.1313,0.1155,0.0583
117000,0.1966,0.1964,0.1960,0.1953,0.1942,0.1929,0.1912,0.1893,0.1869,0.1842,0.1811,0.1776,0.1736,0.1690,0.1638,0.1578,0.1507,0.1421,0.1312,0.1154,0.0583
117060,0.1965,0.1964,0.1959,0.1952,0.1942,0.1928,0.1912,0.1892,0.1869,0.1842,0.1811,0.1776,0.1736,0.1690,0.1638,0.1577,0.1507,0.1421,0.1312,0.1154,0.0583
117120,0.1965,0.1963,0.1959,0.1952,0.1941,0.1928,0.1911,0.1892,0.1868,0.1841,0.1810,0.1775,0.1735,0.1689,0.1637,0.1577,0.1506,0.1421,0.1312,0.1154,0.0582
117180,0.1964,0.1963,0.1958,0.1951,0.1941,0.1927,0.1911,0.1891,0.1868,0.1841,0.1810,0.1775,0.1735,0.1689,0.1637,0.1577,0.1506,0.1420,0.1311,0.1154,0.0582
117240,0.1964,0.1962,0.1958,0.1950,0.1940,0.1927,0.1910,0.1891,0.1867,0.1840,0.1809,0.1774,0.1734,0.1689,0.1636,0.1576,0.1505,0.1420,0.1311,0.1154,0.0582
117300,0.1963,0.1962,0.1957,0.1950,0.1940,0.1926,0.1910,0.1890,0.1867,0.1840,0.1809,0.1774,0.1734,0.1688,0.1636,0.1576,0.1505,0.1420,0.1311,0.1153,0.0582
117360,0.1962,0.1961,0.1957,0.1949,0.1939,0.1926,0.1909,0.1889,0.1866,0.1839,0.1808,0.1773,0.1733,0.1688,0.1636,0.1575,0.1505,0.1419,0.1311,0.1153,0.0582
117420,0.1962,0.1960,0.1956,0.1949,0.1939,0.1925,0.1909,0.1889,0.1866,0.1839,0.1808,0.1773,0.1733,0.1687,0.1635,0.1575,0.1504,0.1419,0.1310,0.1153,0.0582
117480,0.1961,0.1960,0.1956,0.1948,0.1938,0.1925,0.1908,0.1888,0.1865,0.1838,0.1807,0.1772,0.1732,0.1687,0.1635,0.1575,0.1504,0.1419,0.1310,0.1153,0.0582
117540,0.1961,0.1959,0.1955,0.1948,0.1937,0.1924,0.1908,0.1888,0.1865,0.1838,0.1807,0.1772,0.1732,0.1686,0.1634,0.1574,0.1504,0.1418,0.1310,0.1152,0.0582
117600,0.1960,0.1959,0.1954,0.1947,0.1937,0.1924,0.1907,0.1887,0.1864,0.1837,0.1807,0.1771,0.1731,0.1686,0.1634,0.1574,0.1503,0.1418,0.1310,0.1152,0.0582
117660,0.1960,0.1958,0.1954,0.1947,0.1936,0.1923,0.1907,0.1887,0.1864,0.1837,0.1806,0.1771,0.1731,0.1685,0.1633,0.1573,0.1503,0.1418,0.1309,0.1152,0.0582
117720,0.1959,0.1958,0.1953,0.1946,0.1936,0.1922,0.1906,0.1886,0.1863,0.1836,0.1806,0.1770,0.1731,0.1685,0.1633,0.1573,0.1503,0.1418,0.1309,0.1152,0.0582
117780,0.1959,0.1957,0.1953,0.1945,0.1935,0.1922,0.1905,0.1886,0.1863,0.1836,0.1805,0.1770,0.1730,0.1685,0.1633,0.1573,0.1502,0.1417,0.1309,0.1152,0.0581
117840,0.1958,0.1956,0.1952,0.1945,0.1935,0.1921,0.1905,0.1885,0.1862,0.1835,0.1805,0.1770,0.1730,0.1684,0.1632,0.1572,0.1502,0.1417,0.1308,0.1151,0.0581
117900,0.1957,0.1956,0.1952,0.1944,0.1934,0.1921,0.1904,0.1885,0.1862,0.1835,0.1804,0.1769,0.1729,0.1684,0.1632,0.1572,0.1502,0.1417,0.1308,0.1151,0.0581
117960,0.1957,0.1955,0.1951,0.1944,0.1934,0.1920,0.1904,0.1884,0.1861,0.1834,0.1804,0.1769,0.1729,0.1683,0.1631,0.1572,0.1501,0.1416,0.1308,0.1151,0.0581
118020,0.1956,0.1955,0.1950,0.1943,0.1933,0.1920,0.1903,0.1884,0.1861,0.1834,0.1803,0.1768,0.1728,0.1683,0.1631,0.1571,0.1501,0.1416,0.1308,0.1151,0.0581
118080,0.1956,0.1954,0.1950,0.1943,0.1932,0.1919,0.1903,0.1883,0.1860,0.1833,0.1803,0.1768,0.1728,0.1682,0.1631,0.1571,0.1500,0.1416,0.1307,0.1150,0.0581
118140,0.1955,0.1954,0.1949,0.1942,0.1932,0.1919,0.1902,0.1883,0.1860,0.1833,0.1802,0.1767,0.1727,0.1682,0.1630,0.1570,0.1500,0.1415,0.1307,0.1150,0.0581
118200,0.1955,0.1953,0.1949,0.1942,0.1931,0.1918,0.1902,0.1882,0.1859,0.1832,0.1802,0.1767,0.1727,0.1682,0.1630,0.1570,0.1500,0.1415,0.1307,0.1150,0.0581
118260,0.1954,0.1953,0.1948,0.1941,0.1931,0.1918,0.1901,0.1882,0.1859,0.1832,0.1801,0.1766,0.1726,0.1681,0.1629,0.1570,0.1499,0.1415,0.1306,0.1150,0.0581
118320,0.1954,0.1952,0.1948,0.1941,0.1930,0.1917,0.1901,0.1881,0.1858,0.1831,0.1801,0.1766,0.1726,0.1681,0.1629,0.1569,0.1499,0.1414,0.1306,0.1149,0.0581
118380,0.1953,0.1952,0.1947,0.1940,0.1930,0.1917,0.1900,0.1881,0.1858,0.1831,0.1800,0.1765,0.1726,0.1680,0.1629,0.1569,0.1499,0.1414,0.1306,0.1149,0.0581
118440,0.1952,0.1951,0.1947,0.1939,0.1929,0.1916,0.1900,0.1880,0.1857,0.1830,0.1800,0.1765,0.1725,0.1680,0.1628,0.1568,0.1498,0.1414,0.1306,0.1149,0.0580
118500,0.1952,0.1950,0.1946,0.1939,0.1929,0.1915,0.1899,0.1880,0.1857,0.1830,0.1799,0.1764,0.1725,0.1679,0.1628,0.1568,0.1498,0.1413,0.1305,0.1149,0.0580
118560,0.1951,0.1950,0.1946,0.1938,0.1928,0.1915,0.1899,0.1879,0.1856,0.1829,0.1799,0.1764,0.1724,0.1679,0.1627,0.1568,0.1498,0.1413,0.1305,0.1149,0.0580
118620,0.1951,0.1949,0.1945,0.1938,0.1928,0.1914,0.1898,0.1878,0.1855,0.1829,0.1798,0.1763,0.1724,0.1679,0.1627,0.1567,0.1497,0.1413,0.1305,0.1148,0.0580
118680,0.1950,0.1949,0.1944,0.1937,0.1927,0.1914,0.1898,0.1878,0.1855,0.1828,0.1798,0.1763,0.1723,0.1678,0.1627,0.1567,0.1497,0.1412,0.1304,0.1148,0.0580
118740,0.1950,0.1948,0.1944,0.1937,0.1927,0.1913,0.1897,0.1877,0.1854,0.1828,0.1797,0.1763,0.1723,0.1678,0.1626,0.1567,0.1497,0.1412,0.1304,0.1148,0.0580
118800,0.1949,0.1948,0.1943,0.1936,0.1926,0.1913,0.1896,0.1877,0.1854,0.1827,0.1797,0.1762,0.1722,0.1677,0.1626,0.1566,0.1496,0.1412,0.1304,0.1148,0.0580
118860,0.1949,0.1947,0.1943,0.1936,0.1925,0.1912,0.1896,0.1876,0.1853,0.1827,0.1796,0.1762,0.1722,0.1677,0.1625,0.1566,0.1496,0.1411,0.1304,0.1147,0.0580
118920,0.1948,0.1947,0.1942,0.1935,0.1925,0.1912,0.1895,0.1876,0.1853,0.1826,0.1796,0.1761,0.1722,0.1676,0.1625,0.1565,0.1496,0.1411,0.1303,0.1147,0.0580
118980,0.1947,0.1946,0.1942,0.1935,0.1924,0.1911,0.1895,0.1875,0.1852,0.1826,0.1795,0.1761,0.1721,0.1676,0.1625,0.1565,0.1495,0.1411,0.1303,0.1147,0.0580
119040,0.1947,0.1945,0.1941,0.1934,0.1924,0.1911,0.1894,0.1875,0.1852,0.1825,0.1795,0.1760,0.1721,0.1676,0.1624,0.1565,0.1495,0.1411,0.1303,0.1147,0.0580
119100,0.1946,0.1945,0.1941,0.1933,0.1923,0.1910,0.1894,0.1874,0.1851,0.1825,0.1794,0.1760,0.1720,0.1675,0.1624,0.1564,0.1495,0.1410,0.1303,0.1147,0.0580
119160,0.1946,0.1944,0.1940,0.1933,0.1923,0.1910,0.1893,0.1874,0.1851,0.1824,0.1794,0.1759,0.1720,0.1675,0.1623,0.1564,0.1494,0.1410,0.1302,0.1146,0.0579
119220,0.1945,0.1944,0.1940,0.1932,0.1922,0.1909,0.1893,0.1873,0.1850,0.1824,0.1794,0.1759,0.1719,0.1674,0.1623,0.1564,0.1494,0.1410,0.1302,0.1146,0.0579
119280,0.1945,0.1943,0.1939,0.1932,0.1922,0.1909,0.1892,0.1873,0.1850,0.1823,0.1793,0.1758,0.1719,0.1674,0.1623,0.1563,0.1493,0.1409,0.1302,0.1146,0.0579
119340,0.1944,0.1943,0.1938,0.1931,0.1921,0.1908,0.1892,0.1872,0.1849,0.1823,0.1793,0.1758,0.1718,0.1674,0.1622,0.1563,0.1493,0.1409,0.1301,0.1146,0.0579
119400,0.1944,0.1942,0.1938,0.1931,0.1921,0.1908,0.1891,0.1872,0.1849,0.1822,0.1792,0.1757,0.1718,0.1673,0.1622,0.1562,0.1493,0.1409,0.1301,0.1146,0.0579
119460,0.1943,0.1942,0.1937,0.1930,0.1920,0.1907,0.1891,0.1871,0.1848,0.1822,0.1792,0.1757,0.1718,0.1673,0.1621,0.1562,0.1492,0.1408,0.1301,0.1145,0.0579
119520,0.1943,0.1941,0.1937,0.1930,0.1920,0.1906,0.1890,0.1871,0.1848,0.1822,0.1791,0.1757,0.1717,0.1672,0.1621,0.1562,0.1492,0.1408,0.1301,0.1145,0.0579
119580,0.1942,0.1941,0.1936,0.1929,0.1919,0.1906,0.1890,0.1870,0.1847,0.1821,0.1791,0.1756,0.1717,0.1672,0.1621,0.1561,0.1492,0.1408,0.1300,0.1145,0.0579
119640,0.1941,0.1940,0.1936,0.1929,0.1919,0.1905,0.1889,0.1870,0.1847,0.1821,0.1790,0.1756,0.1716,0.1671,0.1620,0.1561,0.1491,0.1407,0.1300,0.1145,0.0579
119700,0.1941,0.1940,0.1935,0.1928,0.1918,0.1905,0.1889,0.1869,0.1846,0.1820,0.1790,0.1755,0.1716,0.1671,0.1620,0.1561,0.1491,0.1407,0.1300,0.1144,0.0579
119760,0.1940,0.1939,0.1935,0.1928,0.1917,0.1904,0.1888,0.1869,0.1846,0.1820,0.1789,0.1755,0.1715,0.1671,0.1619,0.1560,0.1491,0.1407,0.1300,0.1144,0.0579
119820,0.1940,0.1938,0.1934,0.1927,0.1917,0.1904,0.1888,0.1868,0.1845,0.1819,0.1789,0.1754,0.1715,0.1670,0.1619,0.1560,0.1490,0.1406,0.1299,0.1144,0.0578
119880,0.1939,0.1938,0.1934,0.1926,0.1916,0.1903,0.1887,0.1868,0.1845,0.1819,0.1788,0.1754,0.1715,0.1670,0.1619,0.1559,0.1490,0.1406,0.1299,0.1144,0.0578
119940,0.1939,0.1937,0.1933,0.1926,0.1916,0.1903,0.1887,0.1867,0.1845,0.1818,0.1788,0.1753,0.1714,0.1669,0.1618,0.1559,0.1490,0.1406,0.1299,0.1144,0.0578
120000,0.1938,0.1937,0.1933,0.1925,0.1915,0.1902,0.1886,0.1867,0.1844,0.1818,0.1787,0.1753,0.1714,0.1669,0.1618,0.1559,0.1489,0.1406,0.1298,0.1143,0.0578
120060,0.1938,0.1936,0.1932,0.1925,0.1915,0.1902,0.1886,0.1866,0.1844,0.1817,0.1787,0.1752,0.1713,0.1669,0.1617,0.1558,0.1489,0.1405,0.1298,0.1143,0.0578
120120,0.1937,0.1936,0.1931,0.1924,0.1914,0.1901,0.1885,0.1866,0.1843,0.1817,0.1786,0.1752,0.1713,0.1668,0.1617,0.1558,0.1489,0.1405,0.1298,0.1143,0.0578
120180,0.1937,0.1935,0.1931,0.1924,0.1914,0.1901,0.1885,0.1865,0.1843,0.1816,0.1786,0.1752,0.1712,0.1668,0.1617,0.1558,0.1488,0.1405,0.1298,0.1143,0.0578
120240,0.1936,0.1935,0.1930,0.1923,0.1913,0.1900,0.1884,0.1865,0.1842,0.1816,0.1786,0.1751,0.1712,0.1667,0.1616,0.1557,0.1488,0.1404,0.1297,0.1142,0.0578
120300,0.1936,0.1934,0.1930,0.1923,0.1913,0.1900,0.1884,0.1864,0.1842,0.1815,0.1785,0.1751,0.1711,0.1667,0.1616,0.1557,0.1488,0.1404,0.1297,0.1142,0.0578
120360,0.1935,0.1934,0.1929,0.1922,0.1912,0.1899,0.1883,0.1864,0.1841,0.1815,0.1785,0.1750,0.1711,0.1666,0.1615,0.1557,0.1487,0.1404,0.1297,0.1142,0.0578
120420,0.1935,0.1933,0.1929,0.1922,0.1912,0.1899,0.1883,0.1863,0.1841,0.1814,0.1784,0.1750,0.1711,0.1666,0.1615,0.1556,0.1487,0.1403,0.1297,0.1142,0.0578
120480,0.1934,0.1933,0.1928,0.1921,0.1911,0.1898,0.1882,0.1863,0.1840,0.1814,0.1784,0.1749,0.1710,0.1666,0.1615,0.1556,0.1487,0.1403,0.1296,0.1142,0.0578
120540,0.1933,0.1932,0.1928,0.1921,0.1911,0.1898,0.1882,0.1862,0.1840,0.1813,0.1783,0.1749,0.1710,0.1665,0.1614,0.1555,0.1486,0.1403,0.1296,0.1141,0.0577
120600,0.1933,0.1931,0.1927,0.1920,0.1910,0.1897,0.1881,0.1862,0.1839,0.1813,0.1783,0.1748,0.1709,0.1665,0.1614,0.1555,0.1486,0.1402,0.1296,0.1141,0.0577
120660,0.1932,0.1931,0.1927,0.1920,0.1910,0.1897,0.1881,0.1861,0.1839,0.1812,0.1782,0.1748,0.1709,0.1664,0.1613,0.1555,0.1486,0.1402,0.1296,0.1141,0.0577
120720,0.1932,0.1930,0.1926,0.1919,0.1909,0.1896,0.1880,0.1861,0.1838,0.1812,0.1782,0.1748,0.1708,0.1664,0.1613,0.1554,0.1485,0.1402,0.1295,0.1141,0.0577
120780,0.1931,0.1930,0.1926,0.1919,0.1909,0.1896,0.1880,0.1860,0.1838,0.1811,0.1781,0.1747,0.1708,0.1664,0.1613,0.1554,0.1485,0.1402,0.1295,0.1141,0.0577
120840,0.1931,0.1929,0.1925,0.1918,0.1908,0.1895,0.1879,0.1860,0.1837,0.1811,0.1781,0.1747,0.1708,0.1663,0.1612,0.1554,0.1485,0.1401,0.1295,0.1140,0.0577
120900,0.1930,0.1929,0.1925,0.1918,0.1908,0.1895,0.1879,0.1859,0.1837,0.1811,0.1780,0.1746,0.1707,0.1663,0.1612,0.1553,0.1484,0.1401,0.1294,0.1140,0.0577
120960,0.1930,0.1928,0.1924,0.1917,0.1907,0.1894,0.1878,0.1859,0.1836,0.1810,0.1780,0.1746,0.1707,0.1662,0.1612,0.1553,0.1484,0.1401,0.1294,0.1140,0.0577
121020,0.1929,0.1928,0.1924,0.1916,0.1906,0.1894,0.1878,0.1858,0.1836,0.1810,0.1780,0.1745,0.1706,0.1662,0.1611,0.1552,0.1484,0.1400,0.1294,0.1140,0.0577
121080,0.1929,0.1927,0.1923,0.1916,0.1906,0.1893,0.1877,0.1858,0.1835,0.1809,0.1779,0.1745,0.1706,0.1662,0.1611,0.1552,0.1483,0.1400,0.1294,0.1139,0.0577
121140,0.1928,0.1927,0.1923,0.1915,0.1905,0.1893,0.1877,0.1857,0.1835,0.1809,0.1779,0.1744,0.1705,0.1661,0.1610,0.1552,0.1483,0.1400,0.1293,0.1139,0.0577
121200,0.1928,0.1926,0.1922,0.1915,0.1905,0.1892,0.1876,0.1857,0.1834,0.1808,0.1778,0.1744,0.1705,0.1661,0.1610,0.1551,0.1483,0.1399,0.1293,0.1139,0.0577
121260,0.1927,0.1926,0.1921,0.1914,0.1904,0.1892,0.1876,0.1856,0.1834,0.1808,0.1778,0.1744,0.1705,0.1660,0.1610,0.1551,0.1482,0.1399,0.1293,0.1139,0.0577
121320,0.1927,0.1925,0.1921,0.1914,0.1904,0.1891,0.1875,0.1856,0.1833,0.1807,0.1777,0.1743,0.1704,0.1660,0.1609,0.1551,0.1482,0.1399,0.1293,0.1139,0.0576
121380,0.1926,0.1925,0.1920,0.1913,0.1903,0.1891,0.1875,0.1855,0.1833,0.1807,0.1777,0.1743,0.1704,0.1660,0.1609,0.1550,0.1482,0.1398,0.1292,0.1138,0.0576
121440,0.1926,0.1924,0.1920,0.1913,0.1903,0.1890,0.1874,0.1855,0.1832,0.1806,0.1776,0.1742,0.1703,0.1659,0.1608,0.1550,0.1481,0.1398,0.1292,0.1138,0.0576
121500,0.1925,0.1924,0.1919,0.1912,0.1902,0.1889,0.1874,0.1854,0.1832,0.1806,0.1776,0.1742,0.1703,0.1659,0.1608,0.1550,0.1481,0.1398,0.1292,0.1138,0.0576
121560,0.1925,0.1923,0.1919,0.1912,0.1902,0.1889,0.1873,0.1854,0.1831,0.1805,0.1775,0.1741,0.1703,0.1658,0.1608,0.1549,0.1481,0.1398,0.1292,0.1138,0.0576
121620,0.1924,0.1923,0.1918,0.1911,0.1901,0.1888,0.1873,0.1853,0.1831,0.1805,0.1775,0.1741,0.1702,0.1658,0.1607,0.1549,0.1480,0.1397,0.1291,0.1138,0.0576
121680,0.1923,0.1922,0.1918,0.1911,0.1901,0.1888,0.1872,0.1853,0.1830,0.1804,0.1775,0.1740,0.1702,0.1657,0.1607,0.1549,0.1480,0.1397,0.1291,0.1137,0.0576
121740,0.1923,0.1922,0.1917,0.1910,0.1900,0.1887,0.1872,0.1852,0.1830,0.1804,0.1774,0.1740,0.1701,0.1657,0.1607,0.1548,0.1480,0.1397,0.1291,0.1137,0.0576
121800,0.1922,0.1921,0.1917,0.1910,0.1900,0.1887,0.1871,0.1852,0.1829,0.1803,0.1774,0.1740,0.1701,0.1657,0.1606,0.1548,0.1479,0.1396,0.1290,0.1137,0.0576
121860,0.1922,0.1920,0.1916,0.1909,0.1899,0.1886,0.1871,0.1851,0.1829,0.1803,0.1773,0.1739,0.1700,0.1656,0.1606,0.1547,0.1479,0.1396,0.1290,0.1137,0.0576
121920,0.1921,0.1920,0.1916,0.1909,0.1899,0.1886,0.1870,0.1851,0.1829,0.1803,0.1773,0.1739,0.1700,0.1656,0.1605,0.1547,0.1479,0.1396,0.1290,0.1136,0.0576
121980,0.1921,0.1919,0.1915,0.1908,0.1898,0.1885,0.1870,0.1850,0.1828,0.1802,0.1772,0.1738,0.1700,0.1655,0.1605,0.1547,0.1478,0.1395,0.1290,0.1136,0.0576
122040,0.1920,0.1919,0.1915,0.1908,0.1898,0.1885,0.1869,0.1850,0.1828,0.1802,0.1772,0.1738,0.1699,0.1655,0.1605,0.1546,0.1478,0.1395,0.1289,0.1136,0.0575
122100,0.1920,0.1918,0.1914,0.1907,0.1897,0.1884,0.1869,0.1849,0.1827,0.1801,0.1771,0.1737,0.1699,0.1655,0.1604,0.1546,0.1478,0.1395,0.1289,0.1136,0.0575
122160,0.1919,0.1918,0.1914,0.1907,0.1897,0.1884,0.1868,0.1849,0.1827,0.1801,0.1771,0.1737,0.1698,0.1654,0.1604,0.1546,0.1477,0.1395,0.1289,0.1136,0.0575
122220,0.1919,0.1917,0.1913,0.1906,0.1896,0.1883,0.1868,0.1849,0.1826,0.1800,0.1770,0.1737,0.1698,0.1654,0.1603,0.1545,0.1477,0.1394,0.1289,0.1135,0.0575
122280,0.1918,0.1917,0.1913,0.1906,0.1896,0.1883,0.1867,0.1848,0.1826,0.1800,0.1770,0.1736,0.1697,0.1653,0.1603,0.1545,0.1477,0.1394,0.1288,0.1135,0.0575
122340,0.1918,0.1916,0.1912,0.1905,0.1895,0.1882,0.1867,0.1848,0.1825,0.1799,0.1770,0.1736,0.1697,0.1653,0.1603,0.1545,0.1476,0.1394,0.1288,0.1135,0.0575
122400,0.1917,0.1916,0.1912,0.1905,0.1895,0.1882,0.1866,0.1847,0.1825,0.1799,0.1769,0.1735,0.1697,0.1653,0.1602,0.1544,0.1476,0.1393,0.1288,0.1135,0.0575
122460,0.1917,0.1915,0.1911,0.1904,0.1894,0.1881,0.1866,0.1847,0.1824,0.1798,0.1769,0.1735,0.1696,0.1652,0.1602,0.1544,0.1476,0.1393,0.1288,0.1135,0.0575
122520,0.1916,0.1915,0.1911,0.1904,0.1894,0.1881,0.1865,0.1846,0.1824,0.1798,0.1768,0.1734,0.1696,0.1652,0.1602,0.1544,0.1475,0.1393,0.1287,0.1134,0.0575
122580,0.1916,0.1914,0.1910,0.1903,0.1893,0.1880,0.1865,0.1846,0.1823,0.1797,0.1768,0.1734,0.1695,0.1651,0.1601,0.1543,0.1475,0.1392,0.1287,0.1134,0.0575
122640,0.1915,0.1914,0.1910,0.1903,0.1893,0.1880,0.1864,0.1845,0.1823,0.1797,0.1767,0.1734,0.1695,0.1651,0.1601,0.1543,0.1475,0.1392,0.1287,0.1134,0.0575
122700,0.1915,0.1913,0.1909,0.1902,0.1892,0.1879,0.1864,0.1845,0.1822,0.1797,0.1767,0.1733,0.1695,0.1651,0.1600,0.1542,0.1474,0.1392,0.1287,0.1134,0.0575
122760,0.1914,0.1913,0.1909,0.1902,0.1892,0.1879,0.1863,0.1844,0.1822,0.1796,0.1766,0.1733,0.1694,0.1650,0.1600,0.1542,0.1474,0.1392,0.1286,0.1134,0.0575
122820,0.1914,0.1912,0.1908,0.1901,0.1891,0.1879,0.1863,0.1844,0.1821,0.1796,0.1766,0.1732,0.1694,0.1650,0.1600,0.1542,0.1474,0.1391,0.1286,0.1133,0.0574
122880,0.1913,0.1912,0.1908,0.1901,0.1891,0.1878,0.1862,0.1843,0.1821,0.1795,0.1766,0.1732,0.1693,0.1650,0.1599,0.1541,0.1473,0.1391,0.1286,0.1133,0.0574
122940,0.1913,0.1911,0.1907,0.1900,0.1890,0.1878,0.1862,0.1843,0.1821,0.1795,0.1765,0.1731,0.1693,0.1649,0.1599,0.1541,0.1473,0.1391,0.1286,0.1133,0.0574
123000,0.1912,0.1911,0.1907,0.1900,0.1890,0.1877,0.1861,0.1842,0.1820,0.1794,0.1765,0.1731,0.1692,0.1649,0.1599,0.1541,0.1473,0.1390,0.1285,0.1133,0.0574
123060,0.1912,0.1910,0.1906,0.1899,0.1889,0.1877,0.1861,0.1842,0.1820,0.1794,0.1764,0.1730,0.1692,0.1648,0.1598,0.1540,0.1472,0.1390,0.1285,0.1133,0.0574
123120,0.1911,0.1910,0.1906,0.1899,0.1889,0.1876,0.1860,0.1841,0.1819,0.1793,0.1764,0.1730,0.1692,0.1648,0.1598,0.1540,0.1472,0.1390,0.1285,0.1132,0.0574
123180,0.1911,0.1909,0.1905,0.1898,0.1888,0.1876,0.1860,0.1841,0.1819,0.1793,0.1763,0.1730,0.1691,0.1648,0.1597,0.1540,0.1472,0.1390,0.1285,0.1132,0.0574
123240,0.1910,0.1909,0.1905,0.1898,0.1888,0.1875,0.1859,0.1840,0.1818,0.1792,0.1763,0.1729,0.1691,0.1647,0.1597,0.1539,0.1471,0.1389,0.1284,0.1132,0.0574
123300,0.1910,0.1908,0.1904,0.1897,0.1887,0.1875,0.1859,0.1840,0.1818,0.1792,0.1762,0.1729,0.1690,0.1647,0.1597,0.1539,0.1471,0.1389,0.1284,0.1132,0.0574
123360,0.1909,0.1908,0.1904,0.1897,0.1887,0.1874,0.1858,0.1839,0.1817,0.1792,0.1762,0.1728,0.1690,0.1646,0.1596,0.1539,0.1471,0.1389,0.1284,0.1132,0.0574
123420,0.1909,0.1907,0.1903,0.1896,0.1886,0.1874,0.1858,0.1839,0.1817,0.1791,0.1762,0.1728,0.1690,0.1646,0.1596,0.1538,0.1470,0.1388,0.1284,0.1131,0.0574
123480,0.1908,0.1907,0.1903,0.1896,0.1886,0.1873,0.1857,0.1838,0.1816,0.1791,0.1761,0.1728,0.1689,0.1646,0.1596,0.1538,0.1470,0.1388,0.1283,0.1131,0.0574
123540,0.1908,0.1906,0.1902,0.1895,0.1885,0.1873,0.1857,0.1838,0.1816,0.1790,0.1761,0.1727,0.1689,0.1645,0.1595,0.1538,0.1470,0.1388,0.1283,0.1131,0.0574
123600,0.1907,0.1906,0.1902,0.1895,0.1885,0.1872,0.1856,0.1838,0.1815,0.1790,0.1760,0.1727,0.1688,0.1645,0.1595,0.1537,0.1469,0.1387,0.1283,0.1131,0.0573
123660,0.1907,0.1905,0.1901,0.1894,0.1884,0.1872,0.1856,0.1837,0.1815,0.1789,0.1760,0.1726,0.1688,0.1644,0.1595,0.1537,0.1469,0.1387,0.1282,0.1130,0.0573
123720,0.1906,0.1905,0.1901,0.1894,0.1884,0.1871,0.1855,0.1837,0.1814,0.1789,0.1759,0.1726,0.1688,0.1644,0.1594,0.1537,0.1469,0.1387,0.1282,0.1130,0.0573
123780,0.1906,0.1904,0.1900,0.1893,0.1883,0.1871,0.1855,0.1836,0.1814,0.1788,0.1759,0.1725,0.1687,0.1644,0.1594,0.1536,0.1469,0.1387,0.1282,0.1130,0.0573
123840,0.1905,0.1904,0.1900,0.1893,0.1883,0.1870,0.1854,0.1836,0.1814,0.1788,0.1759,0.1725,0.1687,0.1643,0.1593,0.1536,0.1468,0.1386,0.1282,0.1130,0.0573
123900,0.1905,0.1903,0.1899,0.1892,0.1882,0.1870,0.1854,0.1835,0.1813,0.1787,0.1758,0.1725,0.1686,0.1643,0.1593,0.1535,0.1468,0.1386,0.1281,0.1130,0.0573
123960,0.1904,0.1903,0.1899,0.1892,0.1882,0.1869,0.1854,0.1835,0.1813,0.1787,0.1758,0.1724,0.1686,0.1642,0.1593,0.1535,0.1468,0.1386,0.1281,0.1129,0.0573
124020,0.1904,0.1902,0.1898,0.1891,0.1881,0.1869,0.1853,0.1834,0.1812,0.1787,0.1757,0.1724,0.1686,0.1642,0.1592,0.1535,0.1467,0.1385,0.1281,0.1129,0.0573
124080,0.1903,0.1902,0.1898,0.1891,0.1881,0.1868,0.1853,0.1834,0.1812,0.1786,0.1757,0.1723,0.1685,0.1642,0.1592,0.1534,0.1467,0.1385,0.1281,0.1129,0.0573
124140,0.1903,0.1901,0.1897,0.1890,0.1880,0.1868,0.1852,0.1833,0.1811,0.1786,0.1756,0.1723,0.1685,0.1641,0.1592,0.1534,0.1467,0.1385,0.1280,0.1129,0.0573
124200,0.1902,0.1901,0.1897,0.1890,0.1880,0.1867,0.1852,0.1833,0.1811,0.1785,0.1756,0.1722,0.1684,0.1641,0.1591,0.1534,0.1466,0.1385,0.1280,0.1129,0.0573
124260,0.1902,0.1900,0.1896,0.1889,0.1879,0.1867,0.1851,0.1832,0.1810,0.1785,0.1755,0.1722,0.1684,0.1641,0.1591,0.1533,0.1466,0.1384,0.1280,0.1128,0.0573
124320,0.1901,0.1900,0.1896,0.1889,0.1879,0.1866,0.1851,0.1832,0.1810,0.1784,0.1755,0.1722,0.1684,0.1640,0.1590,0.1533,0.1466,0.1384,0.1280,0.1128,0.0573
124380,0.1901,0.1899,0.1895,0.1888,0.1878,0.1866,0.1850,0.1831,0.1809,0.1784,0.1755,0.1721,0.1683,0.1640,0.1590,0.1533,0.1465,0.1384,0.1279,0.1128,0.0572
124440,0.1900,0.1899,0.1895,0.1888,0.1878,0.1865,0.1850,0.1831,0.1809,0.1783,0.1754,0.1721,0.1683,0.1639,0.1590,0.1532,0.1465,0.1383,0.1279,0.1128,0.0572
124500,0.1900,0.1898,0.1894,0.1887,0.1877,0.1865,0.1849,0.1831,0.1809,0.1783,0.1754,0.1720,0.1682,0.1639,0.1589,0.1532,0.1465,0.1383,0.1279,0.1128,0.0572
124560,0.1899,0.1898,0.1894,0.1887,0.1877,0.1864,0.1849,0.1830,0.1808,0.1783,0.1753,0.1720,0.1682,0.1639,0.1589,0.1532,0.1464,0.1383,0.1279,0.1127,0.0572
124620,0.1899,0.1897,0.1893,0.1886,0.1877,0.1864,0.1848,0.1830,0.1808,0.1782,0.1753,0.1720,0.1682,0.1638,0.1589,0.1531,0.1464,0.1383,0.1278,0.1127,0.0572
124680,0.1898,0.1897,0.1893,0.1886,0.1876,0.1863,0.1848,0.1829,0.1807,0.1782,0.1752,0.1719,0.1681,0.1638,0.1588,0.1531,0.1464,0.1382,0.1278,0.1127,0.0572
124740,0.1898,0.1896,0.1892,0.1885,0.1876,0.1863,0.1847,0.1829,0.1807,0.1781,0.1752,0.1719,0.1681,0.1637,0.1588,0.1531,0.1463,0.1382,0.1278,0.1127,0.0572
124800,0.1897,0.1896,0.1892,0.1885,0.1875,0.1862,0.1847,0.1828,0.1806,0.1781,0.1752,0.1718,0.1680,0.1637,0.1588,0.1530,0.1463,0.1382,0.1278,0.1127,0.0572
124860,0.1897,0.1895,0.1891,0.1884,0.1875,0.1862,0.1846,0.1828,0.1806,0.1780,0.1751,0.1718,0.1680,0.1637,0.1587,0.1530,0.1463,0.1381,0.1277,0.1126,0.0572
124920,0.1896,0.1895,0.1891,0.1884,0.1874,0.1862,0.1846,0.1827,0.1805,0.1780,0.1751,0.1717,0.1680,0.1636,0.1587,0.1530,0.1462,0.1381,0.1277,0.1126,0.0572
124980,0.1896,0.1894,0.1890,0.1883,0.1874,0.1861,0.1846,0.1827,0.1805,0.1779,0.1750,0.1717,0.1679,0.1636,0.1586,0.1529,0.1462,0.1381,0.1277,0.1126,0.0572
125040,0.1895,0.1894,0.1890,0.1883,0.1873,0.1861,0.1845,0.1826,0.1804,0.1779,0.1750,0.1717,0.1679,0.1636,0.1586,0.1529,0.1462,0.1381,0.1277,0.1126,0.0572
125100,0.1895,0.1893,0.1889,0.1882,0.1873,0.1860,0.1845,0.1826,0.1804,0.1779,0.1749,0.1716,0.1678,0.1635,0.1586,0.1529,0.1462,0.1380,0.1276,0.1126,0.0572
125160,0.1894,0.1893,0.1889,0.1882,0.1872,0.1860,0.1844,0.1825,0.1804,0.1778,0.1749,0.1716,0.1678,0.1635,0.1585,0.1528,0.1461,0.1380,0.1276,0.1125,0.0572
125220,0.1894,0.1892,0.1888,0.1881,0.1872,0.1859,0.1844,0.1825,0.1803,0.1778,0.1749,0.1715,0.1678,0.1634,0.1585,0.1528,0.1461,0.1380,0.1276,0.1125,0.0571
125280,0.1893,0.1892,0.1888,0.1881,0.1871,0.1859,0.1843,0.1825,0.1803,0.1777,0.1748,0.1715,0.1677,0.1634,0.1585,0.1528,0.1461,0.1379,0.1276,0.1125,0.0571
125340,0.1893,0.1891,0.1887,0.1880,0.1871,0.1858,0.1843,0.1824,0.1802,0.1777,0.1748,0.1715,0.1677,0.1634,0.1584,0.1527,0.1460,0.1379,0.1275,0.1125,0.0571
125400,0.1892,0.1891,0.1887,0.1880,0.1870,0.1858,0.1842,0.1824,0.1802,0.1776,0.1747,0.1714,0.1676,0.1633,0.1584,0.1527,0.1460,0.1379,0.1275,0.1125,0.0571
125460,0.1892,0.1890,0.1886,0.1879,0.1870,0.1857,0.1842,0.1823,0.1801,0.1776,0.1747,0.1714,0.1676,0.1633,0.1584,0.1527,0.1460,0.1379,0.1275,0.1124,0.0571
125520,0.1891,0.1890,0.1886,0.1879,0.1869,0.1857,0.1841,0.1823,0.1801,0.1776,0.1746,0.1713,0.1676,0.1633,0.1583,0.1526,0.1459,0.1378,0.1275,0.1124,0.0571
125580,0.1891,0.1889,0.1885,0.1879,0.1869,0.1856,0.1841,0.1822,0.1800,0.1775,0.1746,0.1713,0.1675,0.1632,0.1583,0.1526,0.1459,0.1378,0.1274,0.1124,0.0571
125640,0.1890,0.1889,0.1885,0.1878,0.1868,0.1856,0.1840,0.1822,0.1800,0.1775,0.1746,0.1713,0.1675,0.1632,0.1583,0.1526,0.1459,0.1378,0.1274,0.1124,0.0571
125700,0.1890,0.1888,0.1884,0.1878,0.1868,0.1855,0.1840,0.1821,0.1800,0.1774,0.1745,0.1712,0.1674,0.1631,0.1582,0.1525,0.1458,0.1377,0.1274,0.1124,0.0571
125760,0.1889,0.1888,0.1884,0.1877,0.1867,0.1855,0.1839,0.1821,0.1799,0.1774,0.1745,0.1712,0.1674,0.1631,0.1582,0.1525,0.1458,0.1377,0.1274,0.1123,0.0571
125820,0.1889,0.1888,0.1883,0.1877,0.1867,0.1854,0.1839,0.1820,0.1799,0.1773,0.1744,0.1711,0.1674,0.1631,0.1581,0.1525,0.1458,0.1377,0.1273,0.1123,0.0571
125880,0.1888,0.1887,0.1883,0.1876,0.1866,0.1854,0.1839,0.1820,0.1798,0.1773,0.1744,0.1711,0.1673,0.1630,0.1581,0.1524,0.1457,0.1377,0.1273,0.1123,0.0571
125940,0.1888,0.1887,0.1882,0.1876,0.1866,0.1854,0.1838,0.1820,0.1798,0.1773,0.1744,0.1710,0.1673,0.1630,0.1581,0.1524,0.1457,0.1376,0.1273,0.1123,0.0571
126000,0.1887,0.1886,0.1882,0.1875,0.1866,0.1853,0.1838,0.1819,0.1797,0.1772,0.1743,0.1710,0.1672,0.1630,0.1580,0.1524,0.1457,0.1376,0.1273,0.1123,0.0571
126060,0.1887,0.1886,0.1882,0.1875,0.1865,0.1853,0.1837,0.1819,0.1797,0.1772,0.1743,0.1710,0.1672,0.1629,0.1580,0.1523,0.1457,0.1376,0.1273,0.1122,0.0570
126120,0.1886,0.1885,0.1881,0.1874,0.1865,0.1852,0.1837,0.1818,0.1796,0.1771,0.1742,0.1709,0.1672,0.1629,0.1580,0.1523,0.1456,0.1376,0.1272,0.1122,0.0570
126180,0.1886,0.1885,0.1881,0.1874,0.1864,0.1852,0.1836,0.1818,0.1796,0.1771,0.1742,0.1709,0.1671,0.1628,0.1579,0.1523,0.1456,0.1375,0.1272,0.1122,0.0570
126240,0.1886,0.1884,0.1880,0.1873,0.1864,0.1851,0.1836,0.1817,0.1796,0.1770,0.1741,0.1708,0.1671,0.1628,0.1579,0.1522,0.1456,0.1375,0.1272,0.1122,0.0570
126300,0.1885,0.1884,0.1880,0.1873,0.1863,0.1851,0.1835,0.1817,0.1795,0.1770,0.1741,0.1708,0.1670,0.1628,0.1579,0.1522,0.1455,0.1375,0.1272,0.1122,0.0570
126360,0.1885,0.1883,0.1879,0.1872,0.1863,0.1850,0.1835,0.1816,0.1795,0.1770,0.1741,0.1708,0.1670,0.1627,0.1578,0.1522,0.1455,0.1374,0.1271,0.1121,0.0570
126420,0.1884,0.1883,0.1879,0.1872,0.1862,0.1850,0.1834,0.1816,0.1794,0.1769,0.1740,0.1707,0.1670,0.1627,0.1578,0.1521,0.1455,0.1374,0.1271,0.1121,0.0570
126480,0.1884,0.1882,0.1878,0.1871,0.1862,0.1849,0.1834,0.1815,0.1794,0.1769,0.1740,0.1707,0.1669,0.1627,0.1578,0.1521,0.1454,0.1374,0.1271,0.1121,0.0570
126540,0.1883,0.1882,0.1878,0.1871,0.1861,0.1849,0.1833,0.1815,0.1793,0.1768,0.1739,0.1706,0.1669,0.1626,0.1577,0.1521,0.1454,0.1374,0.1271,0.1121,0.0570
126600,0.1883,0.1881,0.1877,0.1870,0.1861,0.1848,0.1833,0.1815,0.1793,0.1768,0.1739,0.1706,0.1669,0.1626,0.1577,0.1520,0.1454,0.1373,0.1270,0.1121,0.0570
126660,0.1882,0.1881,0.1877,0.1870,0.1860,0.1848,0.1833,0.1814,0.1792,0.1767,0.1739,0.1706,0.1668,0.1625,0.1577,0.1520,0.1453,0.1373,0.1270,0.1120,0.0570
126720,0.1882,0.1880,0.1876,0.1869,0.1860,0.1848,0.1832,0.1814,0.1792,0.1767,0.1738,0.1705,0.1668,0.1625,0.1576,0.1520,0.1453,0.1373,0.1270,0.1120,0.0570
126780,0.1881,0.1880,0.1876,0.1869,0.1859,0.1847,0.1832,0.1813,0.1792,0.1767,0.1738,0.1705,0.1667,0.1625,0.1576,0.1519,0.1453,0.1372,0.1270,0.1120,0.0570
126840,0.1881,0.1879,0.1875,0.1869,0.1859,0.1847,0.1831,0.1813,0.1791,0.1766,0.1737,0.1704,0.1667,0.1624,0.1575,0.1519,0.1453,0.1372,0.1269,0.1120,0.0570
126900,0.1880,0.1879,0.1875,0.1868,0.1859,0.1846,0.1831,0.1812,0.1791,0.1766,0.1737,0.1704,0.1667,0.1624,0.1575,0.1519,0.1452,0.1372,0.1269,0.1120,0.0569
126960,0.1880,0.1878,0.1874,0.1868,0.1858,0.1846,0.1830,0.1812,0.1790,0.1765,0.1736,0.1704,0.1666,0.1624,0.1575,0.1518,0.1452,0.1372,0.1269,0.1120,0.0569
127020,0.1879,0.1878,0.1874,0.1867,0.1858,0.1845,0.1830,0.1811,0.1790,0.1765,0.1736,0.1703,0.1666,0.1623,0.1574,0.1518,0.1452,0.1371,0.1269,0.1119,0.0569
127080,0.1879,0.1877,0.1873,0.1867,0.1857,0.1845,0.1829,0.1811,0.1789,0.1764,0.1736,0.1703,0.1665,0.1623,0.1574,0.1518,0.1451,0.1371,0.1268,0.1119,0.0569
127140,0.1878,0.1877,0.1873,0.1866,0.1857,0.1844,0.1829,0.1811,0.1789,0.1764,0.1735,0.1702,0.1665,0.1622,0.1574,0.1517,0.1451,0.1371,0.1268,0.1119,0.0569
127200,0.1878,0.1877,0.1873,0.1866,0.1856,0.1844,0.1829,0.1810,0.1789,0.1764,0.1735,0.1702,0.1665,0.1622,0.1573,0.1517,0.1451,0.1371,0.1268,0.1119,0.0569
127260,0.1877,0.1876,0.1872,0.1865,0.1856,0.1843,0.1828,0.1810,0.1788,0.1763,0.1734,0.1702,0.1664,0.1622,0.1573,0.1517,0.1450,0.1370,0.1268,0.1119,0.0569
127320,0.1877,0.1876,0.1872,0.1865,0.1855,0.1843,0.1828,0.1809,0.1788,0.1763,0.1734,0.1701,0.1664,0.1621,0.1573,0.1516,0.1450,0.1370,0.1267,0.1118,0.0569
127380,0.1876,0.1875,0.1871,0.1864,0.1855,0.1842,0.1827,0.1809,0.1787,0.1762,0.1734,0.1701,0.1664,0.1621,0.1572,0.1516,0.1450,0.1370,0.1267,0.1118,0.0569
127440,0.1876,0.1875,0.1871,0.1864,0.1854,0.1842,0.1827,0.1808,0.1787,0.1762,0.1733,0.1700,0.1663,0.1621,0.1572,0.1516,0.1450,0.1369,0.1267,0.1118,0.0569
127500,0.1876,0.1874,0.1870,0.1863,0.1854,0.1842,0.1826,0.1808,0.1786,0.1761,0.1733,0.1700,0.1663,0.1620,0.1572,0.1515,0.1449,0.1369,0.1267,0.1118,0.0569
127560,0.1875,0.1874,0.1870,0.1863,0.1853,0.1841,0.1826,0.1807,0.1786,0.1761,0.1732,0.1700,0.1662,0.1620,0.1571,0.1515,0.1449,0.1369,0.1266,0.1118,0.0569
127620,0.1875,0.1873,0.1869,0.1862,0.1853,0.1841,0.1825,0.1807,0.1786,0.1761,0.1732,0.1699,0.1662,0.1620,0.1571,0.1515,0.1449,0.1369,0.1266,0.1117,0.0569
127680,0.1874,0.1873,0.1869,0.1862,0.1853,0.1840,0.1825,0.1807,0.1785,0.1760,0.1732,0.1699,0.1662,0.1619,0.1571,0.1514,0.1448,0.1368,0.1266,0.1117,0.0569
127740,0.1874,0.1872,0.1868,0.1862,0.1852,0.1840,0.1824,0.1806,0.1785,0.1760,0.1731,0.1698,0.1661,0.1619,0.1570,0.1514,0.1448,0.1368,0.1266,0.1117,0.0569
127800,0.1873,0.1872,0.1868,0.1861,0.1852,0.1839,0.1824,0.1806,0.1784,0.1759,0.1731,0.1698,0.1661,0.1618,0.1570,0.1514,0.1448,0.1368,0.1266,0.1117,0.0568
127860,0.1873,0.1871,0.1867,0.1861,0.1851,0.1839,0.1824,0.1805,0.1784,0.1759,0.1730,0.1698,0.1660,0.1618,0.1570,0.1513,0.1447,0.1368,0.1265,0.1117,0.0568
127920,0.1872,0.1871,0.1867,0.1860,0.1851,0.1838,0.1823,0.1805,0.1783,0.1758,0.1730,0.1697,0.1660,0.1618,0.1569,0.1513,0.1447,0.1367,0.1265,0.1116,0.0568
127980,0.1872,0.1870,0.1866,0.1860,0.1850,0.1838,0.1823,0.1804,0.1783,0.1758,0.1729,0.1697,0.1660,0.1617,0.1569,0.1513,0.1447,0.1367,0.1265,0.1116,0.0568
128040,0.1871,0.1870,0.1866,0.1859,0.1850,0.1837,0.1822,0.1804,0.1783,0.1758,0.1729,0.1696,0.1659,0.1617,0.1569,0.1512,0.1447,0.1367,0.1265,0.1116,0.0568
128100,0.1871,0.1870,0.1866,0.1859,0.1849,0.1837,0.1822,0.1804,0.1782,0.1757,0.1729,0.1696,0.1659,0.1617,0.1568,0.1512,0.1446,0.1366,0.1264,0.1116,0.0568
128160,0.1870,0.1869,0.1865,0.1858,0.1849,0.1837,0.1821,0.1803,0.1782,0.1757,0.1728,0.1696,0.1659,0.1616,0.1568,0.1512,0.1446,0.1366,0.1264,0.1116,0.0568
128220,0.1870,0.1869,0.1865,0.1858,0.1848,0.1836,0.1821,0.1803,0.1781,0.1756,0.1728,0.1695,0.1658,0.1616,0.1567,0.1511,0.1446,0.1366,0.1264,0.1115,0.0568
128280,0.1869,0.1868,0.1864,0.1857,0.1848,0.1836,0.1820,0.1802,0.1781,0.1756,0.1727,0.1695,0.1658,0.1616,0.1567,0.1511,0.1445,0.1366,0.1264,0.1115,0.0568
128340,0.1869,0.1868,0.1864,0.1857,0.1847,0.1835,0.1820,0.1802,0.1780,0.1756,0.1727,0.1695,0.1657,0.1615,0.1567,0.1511,0.1445,0.1365,0.1263,0.1115,0.0568
128400,0.1869,0.1867,0.1863,0.1857,0.1847,0.1835,0.1820,0.1801,0.1780,0.1755,0.1727,0.1694,0.1657,0.1615,0.1566,0.1511,0.1445,0.1365,0.1263,0.1115,0.0568
128460,0.1868,0.1867,0.1863,0.1856,0.1847,0.1834,0.1819,0.1801,0.1780,0.1755,0.1726,0.1694,0.1657,0.1614,0.1566,0.1510,0.1444,0.1365,0.1263,0.1115,0.0568
128520,0.1868,0.1866,0.1862,0.1856,0.1846,0.1834,0.1819,0.1801,0.1779,0.1754,0.1726,0.1693,0.1656,0.1614,0.1566,0.1510,0.1444,0.1365,0.1263,0.1115,0.0568
128580,0.1867,0.1866,0.1862,0.1855,0.1846,0.1833,0.1818,0.1800,0.1779,0.1754,0.1725,0.1693,0.1656,0.1614,0.1565,0.1510,0.1444,0.1364,0.1262,0.1114,0.0568
128640,0.1867,0.1865,0.1861,0.1855,0.1845,0.1833,0.1818,0.1800,0.1778,0.1753,0.1725,0.1693,0.1656,0.1613,0.1565,0.1509,0.1444,0.1364,0.1262,0.1114,0.0568
128700,0.1866,0.1865,0.1861,0.1854,0.1845,0.1833,0.1817,0.1799,0.1778,0.1753,0.1725,0.1692,0.1655,0.1613,0.1565,0.1509,0.1443,0.1364,0.1262,0.1114,0.0567
128760,0.1866,0.1864,0.1860,0.1854,0.1844,0.1832,0.1817,0.1799,0.1777,0.1753,0.1724,0.1692,0.1655,0.1613,0.1564,0.1509,0.1443,0.1363,0.1262,0.1114,0.0567
128820,0.1865,0.1864,0.1860,0.1853,0.1844,0.1832,0.1817,0.1798,0.1777,0.1752,0.1724,0.1691,0.1654,0.1612,0.1564,0.1508,0.1443,0.1363,0.1262,0.1114,0.0567
128880,0.1865,0.1864,0.1860,0.1853,0.1843,0.1831,0.1816,0.1798,0.1777,0.1752,0.1723,0.1691,0.1654,0.1612,0.1564,0.1508,0.1442,0.1363,0.1261,0.1113,0.0567
128940,0.1864,0.1863,0.1859,0.1852,0.1843,0.1831,0.1816,0.1797,0.1776,0.1751,0.1723,0.1691,0.1654,0.1612,0.1563,0.1508,0.1442,0.1363,0.1261,0.1113,0.0567
129000,0.1864,0.1863,0.1859,0.1852,0.1843,0.1830,0.1815,0.1797,0.1776,0.1751,0.1723,0.1690,0.1653,0.1611,0.1563,0.1507,0.1442,0.1362,0.1261,0.1113,0.0567
129060,0.1864,0.1862,0.1858,0.1852,0.1842,0.1830,0.1815,0.1797,0.1775,0.1751,0.1722,0.1690,0.1653,0.1611,0.1563,0.1507,0.1442,0.1362,0.1261,0.1113,0.0567
129120,0.1863,0.1862,0.1858,0.1851,0.1842,0.1829,0.1814,0.1796,0.1775,0.1750,0.1722,0.1689,0.1653,0.1611,0.1562,0.1507,0.1441,0.1362,0.1260,0.1113,0.0567
129180,0.1863,0.1861,0.1857,0.1851,0.1841,0.1829,0.1814,0.1796,0.1774,0.1750,0.1721,0.1689,0.1652,0.1610,0.1562,0.1506,0.1441,0.1362,0.1260,0.1112,0.0567
129240,0.1862,0.1861,0.1857,0.1850,0.1841,0.1829,0.1813,0.1795,0.1774,0.1749,0.1721,0.1689,0.1652,0.1610,0.1562,0.1506,0.1441,0.1361,0.1260,0.1112,0.0567
129300,0.1862,0.1860,0.1856,0.1850,0.1840,0.1828,0.1813,0.1795,0.1774,0.1749,0.1721,0.1688,0.1651,0.1609,0.1561,0.1506,0.1440,0.1361,0.1260,0.1112,0.0567
129360,0.1861,0.1860,0.1856,0.1849,0.1840,0.1828,0.1813,0.1794,0.1773,0.1749,0.1720,0.1688,0.1651,0.1609,0.1561,0.1505,0.1440,0.1361,0.1259,0.1112,0.0567
129420,0.1861,0.1859,0.1855,0.1849,0.1839,0.1827,0.1812,0.1794,0.1773,0.1748,0.1720,0.1688,0.1651,0.1609,0.1561,0.1505,0.1440,0.1361,0.1259,0.1112,0.0567
129480,0.1860,0.1859,0.1855,0.1848,0.1839,0.1827,0.1812,0.1794,0.1772,0.1748,0.1719,0.1687,0.1650,0.1608,0.1560,0.1505,0.1439,0.1360,0.1259,0.1112,0.0567
129540,0.1860,0.1859,0.1855,0.1848,0.1839,0.1826,0.1811,0.1793,0.1772,0.1747,0.1719,0.1687,0.1650,0.1608,0.1560,0.1504,0.1439,0.1360,0.1259,0.1111,0.0567
129600,0.1859,0.1858,0.1854,0.1847,0.1838,0.1826,0.1811,0.1793,0.1772,0.1747,0.1719,0.1686,0.1650,0.1608,0.1560,0.1504,0.1439,0.1360,0.1258,0.1111,0.0566
129660,0.1859,0.1858,0.1854,0.1847,0.1838,0.1825,0.1810,0.1792,0.1771,0.1747,0.1718,0.1686,0.1649,0.1607,0.1559,0.1504,0.1439,0.1359,0.1258,0.1111,0.0566
129720,0.1859,0.1857,0.1853,0.1847,0.1837,0.1825,0.1810,0.1792,0.1771,0.1746,0.1718,0.1686,0.1649,0.1607,0.1559,0.1504,0.1438,0.1359,0.1258,0.1111,0.0566
129780,0.1858,0.1857,0.1853,0.1846,0.1837,0.1825,0.1810,0.1792,0.1770,0.1746,0.1717,0.1685,0.1649,0.1607,0.1559,0.1503,0.1438,0.1359,0.1258,0.1111,0.0566
129840,0.1858,0.1856,0.1852,0.1846,0.1836,0.1824,0.1809,0.1791,0.1770,0.1745,0.1717,0.1685,0.1648,0.1606,0.1558,0.1503,0.1438,0.1359,0.1258,0.1110,0.0566
129900,0.1857,0.1856,0.1852,0.1845,0.1836,0.1824,0.1809,0.1791,0.1769,0.1745,0.1717,0.1684,0.1648,0.1606,0.1558,0.1503,0.1437,0.1358,0.1257,0.1110,0.0566
129960,0.1857,0.1855,0.1851,0.1845,0.1835,0.1823,0.1808,0.1790,0.1769,0.1744,0.1716,0.1684,0.1647,0.1606,0.1558,0.1502,0.1437,0.1358,0.1257,0.1110,0.0566
130020,0.1856,0.1855,0.1851,0.1844,0.1835,0.1823,0.1808,0.1790,0.1769,0.1744,0.1716,0.1684,0.1647,0.1605,0.1557,0.1502,0.1437,0.1358,0.1257,0.1110,0.0566
130080,0.1856,0.1854,0.1851,0.1844,0.1835,0.1822,0.1807,0.1789,0.1768,0.1744,0.1716,0.1683,0.1647,0.1605,0.1557,0.1502,0.1437,0.1358,0.1257,0.1110,0.0566
130140,0.1855,0.1854,0.1850,0.1843,0.1834,0.1822,0.1807,0.1789,0.1768,0.1743,0.1715,0.1683,0.1646,0.1605,0.1557,0.1501,0.1436,0.1357,0.1256,0.1109,0.0566
130200,0.1855,0.1854,0.1850,0.1843,0.1834,0.1822,0.1807,0.1789,0.1767,0.1743,0.1715,0.1683,0.1646,0.1604,0.1556,0.1501,0.1436,0.1357,0.1256,0.1109,0.0566
130260,0.1854,0.1853,0.1849,0.1843,0.1833,0.1821,0.1806,0.1788,0.1767,0.1742,0.1714,0.1682,0.1646,0.1604,0.1556,0.1501,0.1436,0.1357,0.1256,0.1109,0.0566
130320,0.1854,0.1853,0.1849,0.1842,0.1833,0.1821,0.1806,0.1788,0.1767,0.1742,0.1714,0.1682,0.1645,0.1603,0.1556,0.1500,0.1435,0.1357,0.1256,0.1109,0.0566
130380,0.1854,0.1852,0.1848,0.1842,0.1832,0.1820,0.1805,0.1787,0.1766,0.1742,0.1714,0.1681,0.1645,0.1603,0.1555,0.1500,0.1435,0.1356,0.1255,0.1109,0.0566
130440,0.1853,0.1852,0.1848,0.1841,0.1832,0.1820,0.1805,0.1787,0.1766,0.1741,0.1713,0.1681,0.1644,0.1603,0.1555,0.1500,0.1435,0.1356,0.1255,0.1109,0.0566
130500,0.1853,0.1851,0.1847,0.1841,0.1831,0.1819,0.1804,0.1786,0.1765,0.1741,0.1713,0.1681,0.1644,0.1602,0.1555,0.1499,0.1435,0.1356,0.1255,0.1108,0.0566
130560,0.1852,0.1851,0.1847,0.1840,0.1831,0.1819,0.1804,0.1786,0.1765,0.1740,0.1712,0.1680,0.1644,0.1602,0.1554,0.1499,0.1434,0.1356,0.1255,0.1108,0.0565
130620,0.1852,0.1850,0.1847,0.1840,0.1831,0.1819,0.1804,0.1786,0.1765,0.1740,0.1712,0.1680,0.1643,0.1602,0.1554,0.1499,0.1434,0.1355,0.1255,0.1108,0.0565
130680,0.1851,0.1850,0.1846,0.1839,0.1830,0.1818,0.1803,0.1785,0.1764,0.1740,0.1712,0.1680,0.1643,0.1601,0.1554,0.1499,0.1434,0.1355,0.1254,0.1108,0.0565
130740,0.1851,0.1850,0.1846,0.1839,0.1830,0.1818,0.1803,0.1785,0.1764,0.1739,0.1711,0.1679,0.1643,0.1601,0.1553,0.1498,0.1433,0.1355,0.1254,0.1108,0.0565
130800,0.1850,0.1849,0.1845,0.1839,0.1829,0.1817,0.1802,0.1784,0.1763,0.1739,0.1711,0.1679,0.1642,0.1601,0.1553,0.1498,0.1433,0.1355,0.1254,0.1107,0.0565
130860,0.1850,0.1849,0.1845,0.1838,0.1829,0.1817,0.1802,0.1784,0.1763,0.1738,0.1710,0.1678,0.1642,0.1600,0.1553,0.1498,0.1433,0.1354,0.1254,0.1107,0.0565
130920,0.1850,0.1848,0.1844,0.1838,0.1828,0.1816,0.1801,0.1784,0.1762,0.1738,0.1710,0.1678,0.1642,0.1600,0.1552,0.1497,0.1433,0.1354,0.1253,0.1107,0.0565
130980,0.1849,0.1848,0.1844,0.1837,0.1828,0.1816,0.1801,0.1783,0.1762,0.1738,0.1710,0.1678,0.1641,0.1600,0.1552,0.1497,0.1432,0.1354,0.1253,0.1107,0.0565
131040,0.1849,0.1847,0.1843,0.1837,0.1828,0.1816,0.1801,0.1783,0.1762,0.1737,0.1709,0.1677,0.1641,0.1599,0.1552,0.1497,0.1432,0.1353,0.1253,0.1107,0.0565
131100,0.1848,0.1847,0.1843,0.1836,0.1827,0.1815,0.1800,0.1782,0.1761,0.1737,0.1709,0.1677,0.1641,0.1599,0.1551,0.1496,0.1432,0.1353,0.1253,0.1107,0.0565
131160,0.1848,0.1846,0.1843,0.1836,0.1827,0.1815,0.1800,0.1782,0.1761,0.1736,0.1708,0.1677,0.1640,0.1599,0.1551,0.1496,0.1431,0.1353,0.1253,0.1106,0.0565
131220,0.1847,0.1846,0.1842,0.1836,0.1826,0.1814,0.1799,0.1781,0.1760,0.1736,0.1708,0.1676,0.1640,0.1598,0.1551,0.1496,0.1431,0.1353,0.1252,0.1106,0.0565
131280,0.1847,0.1846,0.1842,0.1835,0.1826,0.1814,0.1799,0.1781,0.1760,0.1736,0.1708,0.1676,0.1639,0.1598,0.1550,0.1495,0.1431,0.1352,0.1252,0.1106,0.0565
131340,0.1846,0.1845,0.1841,0.1835,0.1825,0.1813,0.1798,0.1781,0.1760,0.1735,0.1707,0.1675,0.1639,0.1598,0.1550,0.1495,0.1431,0.1352,0.1252,0.1106,0.0565
131400,0.1846,0.1845,0.1841,0.1834,0.1825,0.1813,0.1798,0.1780,0.1759,0.1735,0.1707,0.1675,0.1639,0.1597,0.1550,0.1495,0.1430,0.1352,0.1252,0.1106,0.0565
131460,0.1846,0.1844,0.1840,0.1834,0.1825,0.1813,0.1798,0.1780,0.1759,0.1735,0.1707,0.1675,0.1638,0.1597,0.1549,0.1495,0.1430,0.1352,0.1251,0.1105,0.0565
131520,0.1845,0.1844,0.1840,0.1833,0.1824,0.1812,0.1797,0.1779,0.1758,0.1734,0.1706,0.1674,0.1638,0.1597,0.1549,0.1494,0.1430,0.1351,0.1251,0.1105,0.0564
131580,0.1845,0.1843,0.1839,0.1833,0.1824,0.1812,0.1797,0.1779,0.1758,0.1734,0.1706,0.1674,0.1638,0.1596,0.1549,0.1494,0.1429,0.1351,0.1251,0.1105,0.0564
131640,0.1844,0.1843,0.1839,0.1833,0.1823,0.1811,0.1796,0.1779,0.1758,0.1733,0.1705,0.1674,0.1637,0.1596,0.1548,0.1494,0.1429,0.1351,0.1251,0.1105,0.0564
131700,0.1844,0.1843,0.1839,0.1832,0.1823,0.1811,0.1796,0.1778,0.1757,0.1733,0.1705,0.1673,0.1637,0.1596,0.1548,0.1493,0.1429,0.1351,0.1251,0.1105,0.0564
131760,0.1843,0.1842,0.1838,0.1832,0.1822,0.1810,0.1796,0.1778,0.1757,0.1733,0.1705,0.1673,0.1637,0.1595,0.1548,0.1493,0.1429,0.1350,0.1250,0.1105,0.0564
131820,0.1843,0.1842,0.1838,0.1831,0.1822,0.1810,0.1795,0.1777,0.1756,0.1732,0.1704,0.1672,0.1636,0.1595,0.1548,0.1493,0.1428,0.1350,0.1250,0.1104,0.0564
131880,0.1843,0.1841,0.1837,0.1831,0.1822,0.1810,0.1795,0.1777,0.1756,0.1732,0.1704,0.1672,0.1636,0.1595,0.1547,0.1492,0.1428,0.1350,0.1250,0.1104,0.0564
131940,0.1842,0.1841,0.1837,0.1830,0.1821,0.1809,0.1794,0.1777,0.1756,0.1731,0.1704,0.1672,0.1636,0.1594,0.1547,0.1492,0.1428,0.1350,0.1250,0.1104,0.0564
132000,0.1842,0.1840,0.1836,0.1830,0.1821,0.1809,0.1794,0.1776,0.1755,0.1731,0.1703,0.1671,0.1635,0.1594,0.1547,0.1492,0.1427,0.1349,0.1249,0.1104,0.0564
132060,0.1841,0.1840,0.1836,0.1829,0.1820,0.1808,0.1793,0.1776,0.1755,0.1731,0.1703,0.1671,0.1635,0.1594,0.1546,0.1492,0.1427,0.1349,0.1249,0.1104,0.0564
132120,0.1841,0.1839,0.1836,0.1829,0.1820,0.1808,0.1793,0.1775,0.1754,0.1730,0.1702,0.1671,0.1634,0.1593,0.1546,0.1491,0.1427,0.1349,0.1249,0.1103,0.0564
132180,0.1840,0.1839,0.1835,0.1829,0.1819,0.1807,0.1793,0.1775,0.1754,0.1730,0.1702,0.1670,0.1634,0.1593,0.1546,0.1491,0.1427,0.1349,0.1249,0.1103,0.0564
132240,0.1840,0.1839,0.1835,0.1828,0.1819,0.1807,0.1792,0.1774,0.1754,0.1729,0.1702,0.1670,0.1634,0.1593,0.1545,0.1491,0.1426,0.1348,0.1248,0.1103,0.0564
132300,0.1839,0.1838,0.1834,0.1828,0.1819,0.1807,0.1792,0.1774,0.1753,0.1729,0.1701,0.1670,0.1633,0.1592,0.1545,0.1490,0.1426,0.1348,0.1248,0.1103,0.0564
132360,0.1839,0.1838,0.1834,0.1827,0.1818,0.1806,0.1791,0.1774,0.1753,0.1729,0.1701,0.1669,0.1633,0.1592,0.1545,0.1490,0.1426,0.1348,0.1248,0.1103,0.0564
132420,0.1839,0.1837,0.1833,0.1827,0.1818,0.1806,0.1791,0.1773,0.1752,0.1728,0.1700,0.1669,0.1633,0.1591,0.1544,0.1490,0.1425,0.1348,0.1248,0.1103,0.0564
132480,0.1838,0.1837,0.1833,0.1826,0.1817,0.1805,0.1791,0.1773,0.1752,0.1728,0.1700,0.1668,0.1632,0.1591,0.1544,0.1489,0.1425,0.1347,0.1248,0.1102,0.0563
132540,0.1838,0.1836,0.1833,0.1826,0.1817,0.1805,0.1790,0.1772,0.1752,0.1727,0.1700,0.1668,0.1632,0.1591,0.1544,0.1489,0.1425,0.1347,0.1247,0.1102,0.0563
132600,0.1837,0.1836,0.1832,0.1826,0.1816,0.1805,0.1790,0.1772,0.1751,0.1727,0.1699,0.1668,0.1632,0.1590,0.1543,0.1489,0.1425,0.1347,0.1247,0.1102,0.0563
132660,0.1837,0.1836,0.1832,0.1825,0.1816,0.1804,0.1789,0.1772,0.1751,0.1727,0.1699,0.1667,0.1631,0.1590,0.1543,0.1489,0.1424,0.1347,0.1247,0.1102,0.0563
132720,0.1836,0.1835,0.1831,0.1825,0.1816,0.1804,0.1789,0.1771,0.1750,0.1726,0.1699,0.1667,0.1631,0.1590,0.1543,0.1488,0.1424,0.1346,0.1247,0.1102,0.0563
132780,0.1836,0.1835,0.1831,0.1824,0.1815,0.1803,0.1789,0.1771,0.1750,0.1726,0.1698,0.1667,0.1631,0.1589,0.1542,0.1488,0.1424,0.1346,0.1247,0.1101,0.0563
132840,0.1836,0.1834,0.1830,0.1824,0.1815,0.1803,0.1788,0.1770,0.1750,0.1726,0.1698,0.1666,0.1630,0.1589,0.1542,0.1488,0.1424,0.1346,0.1246,0.1101,0.0563
132900,0.1835,0.1834,0.1830,0.1824,0.1814,0.1802,0.1788,0.1770,0.1749,0.1725,0.1697,0.1666,0.1630,0.1589,0.1542,0.1487,0.1423,0.1346,0.1246,0.1101,0.0563
132960,0.1835,0.1833,0.1830,0.1823,0.1814,0.1802,0.1787,0.1770,0.1749,0.1725,0.1697,0.1666,0.1630,0.1588,0.1541,0.1487,0.1423,0.1345,0.1246,0.1101,0.0563
133020,0.1834,0.1833,0.1829,0.1823,0.1813,0.1802,0.1787,0.1769,0.1748,0.1724,0.1697,0.1665,0.1629,0.1588,0.1541,0.1487,0.1423,0.1345,0.1246,0.1101,0.0563
133080,0.1834,0.1833,0.1829,0.1822,0.1813,0.1801,0.1786,0.1769,0.1748,0.1724,0.1696,0.1665,0.1629,0.1588,0.1541,0.1486,0.1422,0.1345,0.1245,0.1101,0.0563
133140,0.1833,0.1832,0.1828,0.1822,0.1813,0.1801,0.1786,0.1768,0.1748,0.1724,0.1696,0.1664,0.1628,0.1587,0.1540,0.1486,0.1422,0.1345,0.1245,0.1100,0.0563
133200,0.1833,0.1832,0.1828,0.1821,0.1812,0.1800,0.1786,0.1768,0.1747,0.1723,0.1696,0.1664,0.1628,0.1587,0.1540,0.1486,0.1422,0.1344,0.1245,0.1100,0.0563
133260,0.1833,0.1831,0.1827,0.1821,0.1812,0.1800,0.1785,0.1768,0.1747,0.1723,0.1695,0.1664,0.1628,0.1587,0.1540,0.1486,0.1422,0.1344,0.1245,0.1100,0.0563
133320,0.1832,0.1831,0.1827,0.1821,0.1811,0.1800,0.1785,0.1767,0.1746,0.1722,0.1695,0.1663,0.1627,0.1586,0.1540,0.1485,0.1421,0.1344,0.1245,0.1100,0.0563
133380,0.1832,0.1830,0.1827,0.1820,0.1811,0.1799,0.1784,0.1767,0.1746,0.1722,0.1694,0.1663,0.1627,0.1586,0.1539,0.1485,0.1421,0.1344,0.1244,0.1100,0.0563
133440,0.1831,0.1830,0.1826,0.1820,0.1811,0.1799,0.1784,0.1766,0.1746,0.1722,0.1694,0.1663,0.1627,0.1586,0.1539,0.1485,0.1421,0.1343,0.1244,0.1100,0.0563
133500,0.1831,0.1830,0.1826,0.1819,0.1810,0.1798,0.1784,0.1766,0.1745,0.1721,0.1694,0.1662,0.1626,0.1585,0.1539,0.1484,0.1420,0.1343,0.1244,0.1099,0.0562
133560,0.1830,0.1829,0.1825,0.1819,0.1810,0.1798,0.1783,0.1766,0.1745,0.1721,0.1693,0.1662,0.1626,0.1585,0.1538,0.1484,0.1420,0.1343,0.1244,0.1099,0.0562
133620,0.1830,0.1829,0.1825,0.1818,0.1809,0.1797,0.1783,0.1765,0.1745,0.1721,0.1693,0.1662,0.1626,0.1585,0.1538,0.1484,0.1420,0.1343,0.1243,0.1099,0.0562
133680,0.1830,0.1828,0.1824,0.1818,0.1809,0.1797,0.1782,0.1765,0.1744,0.1720,0.1693,0.1661,0.1625,0.1584,0.1538,0.1483,0.1420,0.1342,0.1243,0.1099,0.0562
133740,0.1829,0.1828,0.1824,0.1818,0.1808,0.1797,0.1782,0.1764,0.1744,0.1720,0.1692,0.1661,0.1625,0.1584,0.1537,0.1483,0.1419,0.1342,0.1243,0.1099,0.0562
133800,0.1829,0.1828,0.1824,0.1817,0.1808,0.1796,0.1782,0.1764,0.1743,0.1719,0.1692,0.1660,0.1625,0.1584,0.1537,0.1483,0.1419,0.1342,0.1243,0.1098,0.0562
133860,0.1828,0.1827,0.1823,0.1817,0.1808,0.1796,0.1781,0.1764,0.1743,0.1719,0.1692,0.1660,0.1624,0.1583,0.1537,0.1483,0.1419,0.1342,0.1243,0.1098,0.0562
133920,0.1828,0.1827,0.1823,0.1816,0.1807,0.1795,0.1781,0.1763,0.1743,0.1719,0.1691,0.1660,0.1624,0.1583,0.1536,0.1482,0.1419,0.1341,0.1242,0.1098,0.0562
133980,0.1828,0.1826,0.1822,0.1816,0.1807,0.1795,0.1780,0.1763,0.1742,0.1718,0.1691,0.1659,0.1624,0.1583,0.1536,0.1482,0.1418,0.1341,0.1242,0.1098,0.0562
134040,0.1827,0.1826,0.1822,0.1816,0.1806,0.1795,0.1780,0.1762,0.1742,0.1718,0.1690,0.1659,0.1623,0.1583,0.1536,0.1482,0.1418,0.1341,0.1242,0.1098,0.0562
134100,0.1827,0.1825,0.1822,0.1815,0.1806,0.1794,0.1780,0.1762,0.1741,0.1718,0.1690,0.1659,0.1623,0.1582,0.1535,0.1481,0.1418,0.1341,0.1242,0.1098,0.0562
134160,0.1826,0.1825,0.1821,0.1815,0.1806,0.1794,0.1779,0.1762,0.1741,0.1717,0.1690,0.1658,0.1623,0.1582,0.1535,0.1481,0.1417,0.1340,0.1241,0.1097,0.0562
134220,0.1826,0.1825,0.1821,0.1814,0.1805,0.1793,0.1779,0.1761,0.1741,0.1717,0.1689,0.1658,0.1622,0.1582,0.1535,0.1481,0.1417,0.1340,0.1241,0.1097,0.0562
134280,0.1825,0.1824,0.1820,0.1814,0.1805,0.1793,0.1778,0.1761,0.1740,0.1716,0.1689,0.1658,0.1622,0.1581,0.1535,0.1481,0.1417,0.1340,0.1241,0.1097,0.0562
134340,0.1825,0.1824,0.1820,0.1813,0.1804,0.1793,0.1778,0.1760,0.1740,0.1716,0.1689,0.1657,0.1622,0.1581,0.1534,0.1480,0.1417,0.1340,0.1241,0.1097,0.0562
134400,0.1825,0.1823,0.1819,0.1813,0.1804,0.1792,0.1778,0.1760,0.1739,0.1716,0.1688,0.1657,0.1621,0.1581,0.1534,0.1480,0.1416,0.1339,0.1241,0.1097,0.0562
134460,0.1824,0.1823,0.1819,0.1813,0.1804,0.1792,0.1777,0.1760,0.1739,0.1715,0.1688,0.1657,0.1621,0.1580,0.1534,0.1480,0.1416,0.1339,0.1240,0.1097,0.0562
134520,0.1824,0.1822,0.1819,0.1812,0.1803,0.1791,0.1777,0.1759,0.1739,0.1715,0.1687,0.1656,0.1621,0.1580,0.1533,0.1479,0.1416,0.1339,0.1240,0.1096,0.0562
134580,0.1823,0.1822,0.1818,0.1812,0.1803,0.1791,0.1776,0.1759,0.1738,0.1714,0.1687,0.1656,0.1620,0.1580,0.1533,0.1479,0.1416,0.1339,0.1240,0.1096,0.0561
134640,0.1823,0.1822,0.1818,0.1811,0.1802,0.1791,0.1776,0.1758,0.1738,0.1714,0.1687,0.1655,0.1620,0.1579,0.1533,0.1479,0.1415,0.1338,0.1240,0.1096,0.0561
134700,0.1823,0.1821,0.1817,0.1811,0.1802,0.1790,0.1776,0.1758,0.1738,0.1714,0.1686,0.1655,0.1620,0.1579,0.1532,0.1478,0.1415,0.1338,0.1240,0.1096,0.0561
134760,0.1822,0.1821,0.1817,0.1811,0.1801,0.1790,0.1775,0.1758,0.1737,0.1713,0.1686,0.1655,0.1619,0.1579,0.1532,0.1478,0.1415,0.1338,0.1239,0.1096,0.0561
134820,0.1822,0.1820,0.1817,0.1810,0.1801,0.1789,0.1775,0.1757,0.1737,0.1713,0.1686,0.1654,0.1619,0.1578,0.1532,0.1478,0.1415,0.1338,0.1239,0.1096,0.0561
134880,0.1821,0.1820,0.1816,0.1810,0.1801,0.1789,0.1774,0.1757,0.1736,0.1713,0.1685,0.1654,0.1619,0.1578,0.1531,0.1478,0.1414,0.1337,0.1239,0.1095,0.0561
134940,0.1821,0.1820,0.1816,0.1809,0.1800,0.1789,0.1774,0.1757,0.1736,0.1712,0.1685,0.1654,0.1618,0.1578,0.1531,0.1477,0.1414,0.1337,0.1239,0.1095,0.0561
135000,0.1820,0.1819,0.1815,0.1809,0.1800,0.1788,0.1774,0.1756,0.1736,0.1712,0.1685,0.1653,0.1618,0.1577,0.1531,0.1477,0.1414,0.1337,0.1238,0.1095,0.0561
135060,0.1820,0.1819,0.1815,0.1808,0.1799,0.1788,0.1773,0.1756,0.1735,0.1711,0.1684,0.1653,0.1617,0.1577,0.1531,0.1477,0.1413,0.1337,0.1238,0.1095,0.0561
135120,0.1820,0.1818,0.1814,0.1808,0.1799,0.1787,0.1773,0.1755,0.1735,0.1711,0.1684,0.1653,0.1617,0.1577,0.1530,0.1476,0.1413,0.1336,0.1238,0.1095,0.0561
135180,0.1819,0.1818,0.1814,0.1808,0.1799,0.1787,0.1772,0.1755,0.1734,0.1711,0.1683,0.1652,0.1617,0.1576,0.1530,0.1476,0.1413,0.1336,0.1238,0.1095,0.0561
135240,0.1819,0.1817,0.1814,0.1807,0.1798,0.1787,0.1772,0.1755,0.1734,0.1710,0.1683,0.1652,0.1616,0.1576,0.1530,0.1476,0.1413,0.1336,0.1238,0.1094,0.0561
135300,0.1818,0.1817,0.1813,0.1807,0.1798,0.1786,0.1772,0.1754,0.1734,0.1710,0.1683,0.1652,0.1616,0.1576,0.1529,0.1476,0.1412,0.1336,0.1237,0.1094,0.0561
135360,0.1818,0.1817,0.1813,0.1806,0.1797,0.1786,0.1771,0.1754,0.1733,0.1710,0.1682,0.1651,0.1616,0.1575,0.1529,0.1475,0.1412,0.1335,0.1237,0.1094,0.0561
135420,0.1818,0.1816,0.1812,0.1806,0.1797,0.1785,0.1771,0.1753,0.1733,0.1709,0.1682,0.1651,0.1615,0.1575,0.1529,0.1475,0.1412,0.1335,0.1237,0.1094,0.0561
135480,0.1817,0.1816,0.1812,0.1806,0.1797,0.1785,0.1770,0.1753,0.1733,0.1709,0.1682,0.1651,0.1615,0.1575,0.1528,0.1475,0.1412,0.1335,0.1237,0.1094,0.0561
135540,0.1817,0.1815,0.1812,0.1805,0.1796,0.1785,0.1770,0.1753,0.1732,0.1709,0.1681,0.1650,0.1615,0.1574,0.1528,0.1474,0.1411,0.1335,0.1237,0.1093,0.0561
135600,0.1816,0.1815,0.1811,0.1805,0.1796,0.1784,0.1770,0.1752,0.1732,0.1708,0.1681,0.1650,0.1614,0.1574,0.1528,0.1474,0.1411,0.1334,0.1236,0.1093,0.0560
135660,0.1816,0.1815,0.1811,0.1804,0.1795,0.1784,0.1769,0.1752,0.1731,0.1708,0.1681,0.1650,0.1614,0.1574,0.1527,0.1474,0.1411,0.1334,0.1236,0.1093,0.0560
135720,0.1815,0.1814,0.1810,0.1804,0.1795,0.1783,0.1769,0.1751,0.1731,0.1707,0.1680,0.1649,0.1614,0.1573,0.1527,0.1474,0.1411,0.1334,0.1236,0.1093,0.0560
135780,0.1815,0.1814,0.1810,0.1804,0.1795,0.1783,0.1768,0.1751,0.1731,0.1707,0.1680,0.1649,0.1613,0.1573,0.1527,0.1473,0.1410,0.1334,0.1236,0.1093,0.0560
135840,0.1815,0.1813,0.1810,0.1803,0.1794,0.1783,0.1768,0.1751,0.1730,0.1707,0.1680,0.1648,0.1613,0.1573,0.1527,0.1473,0.1410,0.1334,0.1236,0.1093,0.0560
135900,0.1814,0.1813,0.1809,0.1803,0.1794,0.1782,0.1768,0.1750,0.1730,0.1706,0.1679,0.1648,0.1613,0.1572,0.1526,0.1473,0.1410,0.1333,0.1235,0.1092,0.0560
135960,0.1814,0.1813,0.1809,0.1802,0.1793,0.1782,0.1767,0.1750,0.1730,0.1706,0.1679,0.1648,0.1612,0.1572,0.1526,0.1472,0.1409,0.1333,0.1235,0.1092,0.0560
136020,0.1813,0.1812,0.1808,0.1802,0.1793,0.1781,0.1767,0.1750,0.1729,0.1706,0.1678,0.1647,0.1612,0.1572,0.1526,0.1472,0.1409,0.1333,0.1235,0.1092,0.0560
136080,0.1813,0.1812,0.1808,0.1802,0.1793,0.1781,0.1766,0.1749,0.1729,0.1705,0.1678,0.1647,0.1612,0.1572,0.1525,0.1472,0.1409,0.1333,0.1235,0.1092,0.0560
136140,0.1813,0.1811,0.1808,0.1801,0.1792,0.1781,0.1766,0.1749,0.1728,0.1705,0.1678,0.1647,0.1611,0.1571,0.1525,0.1472,0.1409,0.1332,0.1234,0.1092,0.0560
136200,0.1812,0.1811,0.1807,0.1801,0.1792,0.1780,0.1766,0.1748,0.1728,0.1704,0.1677,0.1646,0.1611,0.1571,0.1525,0.1471,0.1408,0.1332,0.1234,0.1092,0.0560
136260,0.1812,0.1811,0.1807,0.1800,0.1791,0.1780,0.1765,0.1748,0.1728,0.1704,0.1677,0.1646,0.1611,0.1571,0.1524,0.1471,0.1408,0.1332,0.1234,0.1091,0.0560
136320,0.1811,0.1810,0.1806,0.1800,0.1791,0.1779,0.1765,0.1748,0.1727,0.1704,0.1677,0.1646,0.1610,0.1570,0.1524,0.1471,0.1408,0.1332,0.1234,0.1091,0.0560
136380,0.1811,0.1810,0.1806,0.1800,0.1791,0.1779,0.1765,0.1747,0.1727,0.1703,0.1676,0.1645,0.1610,0.1570,0.1524,0.1470,0.1408,0.1331,0.1234,0.1091,0.0560
136440,0.1811,0.1809,0.1806,0.1799,0.1790,0.1779,0.1764,0.1747,0.1727,0.1703,0.1676,0.1645,0.1610,0.1570,0.1524,0.1470,0.1407,0.1331,0.1233,0.1091,0.0560
136500,0.1810,0.1809,0.1805,0.1799,0.1790,0.1778,0.1764,0.1747,0.1726,0.1703,0.1676,0.1645,0.1609,0.1569,0.1523,0.1470,0.1407,0.1331,0.1233,0.1091,0.0560
136560,0.1810,0.1809,0.1805,0.1798,0.1789,0.1778,0.1763,0.1746,0.1726,0.1702,0.1675,0.1644,0.1609,0.1569,0.1523,0.1470,0.1407,0.1331,0.1233,0.1091,0.0560
136620,0.1809,0.1808,0.1804,0.1798,0.1789,0.1777,0.1763,0.1746,0.1725,0.1702,0.1675,0.1644,0.1609,0.1569,0.1523,0.1469,0.1407,0.1330,0.1233,0.1090,0.0560
136680,0.1809,0.1808,0.1804,0.1798,0.1789,0.1777,0.1763,0.1745,0.1725,0.1702,0.1675,0.1644,0.1608,0.1568,0.1522,0.1469,0.1406,0.1330,0.1233,0.1090,0.0560
136740,0.1809,0.1807,0.1804,0.1797,0.1788,0.1777,0.1762,0.1745,0.1725,0.1701,0.1674,0.1643,0.1608,0.1568,0.1522,0.1469,0.1406,0.1330,0.1232,0.1090,0.0559
136800,0.1808,0.1807,0.1803,0.1797,0.1788,0.1776,0.1762,0.1745,0.1724,0.1701,0.1674,0.1643,0.1608,0.1568,0.1522,0.1468,0.1406,0.1330,0.1232,0.1090,0.0559
136860,0.1808,0.1806,0.1803,0.1796,0.1787,0.1776,0.1761,0.1744,0.1724,0.1700,0.1673,0.1643,0.1607,0.1567,0.1521,0.1468,0.1406,0.1329,0.1232,0.1090,0.0559
136920,0.1807,0.1806,0.1802,0.1796,0.1787,0.1775,0.1761,0.1744,0.1724,0.1700,0.1673,0.1642,0.1607,0.1567,0.1521,0.1468,0.1405,0.1329,0.1232,0.1090,0.0559
136980,0.1807,0.1806,0.1802,0.1796,0.1787,0.1775,0.1761,0.1743,0.1723,0.1700,0.1673,0.1642,0.1607,0.1567,0.1521,0.1468,0.1405,0.1329,0.1232,0.1089,0.0559
137040,0.1807,0.1805,0.1802,0.1795,0.1786,0.1775,0.1760,0.1743,0.1723,0.1699,0.1672,0.1642,0.1606,0.1566,0.1521,0.1467,0.1405,0.1329,0.1231,0.1089,0.0559
137100,0.1806,0.1805,0.1801,0.1795,0.1786,0.1774,0.1760,0.1743,0.1722,0.1699,0.1672,0.1641,0.1606,0.1566,0.1520,0.1467,0.1404,0.1329,0.1231,0.1089,0.0559
137160,0.1806,0.1804,0.1801,0.1794,0.1785,0.1774,0.1760,0.1742,0.1722,0.1699,0.1672,0.1641,0.1606,0.1566,0.1520,0.1467,0.1404,0.1328,0.1231,0.1089,0.0559
137220,0.1805,0.1804,0.1800,0.1794,0.1785,0.1773,0.1759,0.1742,0.1722,0.1698,0.1671,0.1641,0.1606,0.1565,0.1520,0.1466,0.1404,0.1328,0.1231,0.1089,0.0559
137280,0.1805,0.1804,0.1800,0.1794,0.1785,0.1773,0.1759,0.1742,0.1721,0.1698,0.1671,0.1640,0.1605,0.1565,0.1519,0.1466,0.1404,0.1328,0.1231,0.1089,0.0559
137340,0.1805,0.1803,0.1800,0.1793,0.1784,0.1773,0.1758,0.1741,0.1721,0.1698,0.1671,0.1640,0.1605,0.1565,0.1519,0.1466,0.1403,0.1328,0.1230,0.1088,0.0559
137400,0.1804,0.1803,0.1799,0.1793,0.1784,0.1772,0.1758,0.1741,0.1721,0.1697,0.1670,0.1640,0.1605,0.1565,0.1519,0.1466,0.1403,0.1327,0.1230,0.1088,0.0559
137460,0.1804,0.1802,0.1799,0.1792,0.1783,0.1772,0.1758,0.1740,0.1720,0.1697,0.1670,0.1639,0.1604,0.1564,0.1518,0.1465,0.1403,0.1327,0.1230,0.1088,0.0559
137520,0.1803,0.1802,0.1798,0.1792,0.1783,0.1772,0.1757,0.1740,0.1720,0.1697,0.1670,0.1639,0.1604,0.1564,0.1518,0.1465,0.1403,0.1327,0.1230,0.1088,0.0559
137580,0.1803,0.1802,0.1798,0.1792,0.1783,0.1771,0.1757,0.1740,0.1720,0.1696,0.1669,0.1639,0.1604,0.1564,0.1518,0.1465,0.1402,0.1327,0.1229,0.1088,0.0559
137640,0.1803,0.1801,0.1798,0.1791,0.1782,0.1771,0.1756,0.1739,0.1719,0.1696,0.1669,0.1638,0.1603,0.1563,0.1518,0.1465,0.1402,0.1326,0.1229,0.1088,0.0559
137700,0.1802,0.1801,0.1797,0.1791,0.1782,0.1770,0.1756,0.1739,0.1719,0.1695,0.1669,0.1638,0.1603,0.1563,0.1517,0.1464,0.1402,0.1326,0.1229,0.1087,0.0559
137760,0.1802,0.1801,0.1797,0.1790,0.1782,0.1770,0.1756,0.1739,0.1718,0.1695,0.1668,0.1638,0.1603,0.1563,0.1517,0.1464,0.1402,0.1326,0.1229,0.1087,0.0559
137820,0.1801,0.1800,0.1796,0.1790,0.1781,0.1770,0.1755,0.1738,0.1718,0.1695,0.1668,0.1637,0.1602,0.1562,0.1517,0.1464,0.1401,0.1326,0.1229,0.1087,0.0559
137880,0.1801,0.1800,0.1796,0.1790,0.1781,0.1769,0.1755,0.1738,0.1718,0.1694,0.1668,0.1637,0.1602,0.1562,0.1516,0.1463,0.1401,0.1325,0.1228,0.1087,0.0558
137940,0.1801,0.1799,0.1796,0.1789,0.1780,0.1769,0.1755,0.1737,0.1717,0.1694,0.1667,0.1637,0.1602,0.1562,0.1516,0.1463,0.1401,0.1325,0.1228,0.1087,0.0558
138000,0.1800,0.1799,0.1795,0.1789,0.1780,0.1768,0.1754,0.1737,0.1717,0.1694,0.1667,0.1636,0.1601,0.1561,0.1516,0.1463,0.1401,0.1325,0.1228,0.1087,0.0558
138060,0.1800,0.1799,0.1795,0.1788,0.1780,0.1768,0.1754,0.1737,0.1717,0.1693,0.1666,0.1636,0.1601,0.1561,0.1515,0.1463,0.1400,0.1325,0.1228,0.1086,0.0558
138120,0.1799,0.1798,0.1794,0.1788,0.1779,0.1768,0.1753,0.1736,0.1716,0.1693,0.1666,0.1636,0.1601,0.1561,0.1515,0.1462,0.1400,0.1325,0.1228,0.1086,0.0558
138180,0.1799,0.1798,0.1794,0.1788,0.1779,0.1767,0.1753,0.1736,0.1716,0.1693,0.1666,0.1635,0.1600,0.1561,0.1515,0.1462,0.1400,0.1324,0.1227,0.1086,0.0558
138240,0.1799,0.1797,0.1794,0.1787,0.1778,0.1767,0.1753,0.1736,0.1716,0.1692,0.1665,0.1635,0.1600,0.1560,0.1515,0.1462,0.1400,0.1324,0.1227,0.1086,0.0558
138300,0.1798,0.1797,0.1793,0.1787,0.1778,0.1767,0.1752,0.1735,0.1715,0.1692,0.1665,0.1635,0.1600,0.1560,0.1514,0.1461,0.1399,0.1324,0.1227,0.1086,0.0558
138360,0.1798,0.1797,0.1793,0.1787,0.1778,0.1766,0.1752,0.1735,0.1715,0.1692,0.1665,0.1634,0.1599,0.1560,0.1514,0.1461,0.1399,0.1324,0.1227,0.1086,0.0558
138420,0.1797,0.1796,0.1792,0.1786,0.1777,0.1766,0.1752,0.1735,0.1714,0.1691,0.1664,0.1634,0.1599,0.1559,0.1514,0.1461,0.1399,0.1323,0.1227,0.1085,0.0558
138480,0.1797,0.1796,0.1792,0.1786,0.1777,0.1765,0.1751,0.1734,0.1714,0.1691,0.1664,0.1634,0.1599,0.1559,0.1513,0.1461,0.1399,0.1323,0.1226,0.1085,0.0558
138540,0.1797,0.1795,0.1792,0.1785,0.1777,0.1765,0.1751,0.1734,0.1714,0.1690,0.1664,0.1633,0.1598,0.1559,0.1513,0.1460,0.1398,0.1323,0.1226,0.1085,0.0558
138600,0.1796,0.1795,0.1791,0.1785,0.1776,0.1765,0.1750,0.1733,0.1713,0.1690,0.1663,0.1633,0.1598,0.1558,0.1513,0.1460,0.1398,0.1323,0.1226,0.1085,0.0558
138660,0.1796,0.1795,0.1791,0.1785,0.1776,0.1764,0.1750,0.1733,0.1713,0.1690,0.1663,0.1633,0.1598,0.1558,0.1513,0.1460,0.1398,0.1322,0.1226,0.1085,0.0558
138720,0.1795,0.1794,0.1790,0.1784,0.1775,0.1764,0.1750,0.1733,0.1713,0.1689,0.1663,0.1632,0.1597,0.1558,0.1512,0.1460,0.1398,0.1322,0.1226,0.1085,0.0558
138780,0.1795,0.1794,0.1790,0.1784,0.1775,0.1764,0.1749,0.1732,0.1712,0.1689,0.1662,0.1632,0.1597,0.1557,0.1512,0.1459,0.1397,0.1322,0.1225,0.1084,0.0558
138840,0.1795,0.1793,0.1790,0.1783,0.1775,0.1763,0.1749,0.1732,0.1712,0.1689,0.1662,0.1632,0.1597,0.1557,0.1512,0.1459,0.1397,0.1322,0.1225,0.1084,0.0558
138900,0.1794,0.1793,0.1789,0.1783,0.1774,0.1763,0.1749,0.1732,0.1712,0.1688,0.1662,0.1631,0.1596,0.1557,0.1511,0.1459,0.1397,0.1322,0.1225,0.1084,0.0558
138960,0.1794,0.1793,0.1789,0.1783,0.1774,0.1762,0.1748,0.1731,0.1711,0.1688,0.1661,0.1631,0.1596,0.1557,0.1511,0.1458,0.1397,0.1321,0.1225,0.1084,0.0558
139020,0.1794,0.1792,0.1789,0.1782,0.1773,0.1762,0.1748,0.1731,0.1711,0.1688,0.1661,0.1631,0.1596,0.1556,0.1511,0.1458,0.1396,0.1321,0.1225,0.1084,0.0557
139080,0.1793,0.1792,0.1788,0.1782,0.1773,0.1762,0.1747,0.1730,0.1710,0.1687,0.1661,0.1630,0.1596,0.1556,0.1511,0.1458,0.1396,0.1321,0.1224,0.1084,0.0557
139140,0.1793,0.1791,0.1788,0.1782,0.1773,0.1761,0.1747,0.1730,0.1710,0.1687,0.1660,0.1630,0.1595,0.1556,0.1510,0.1458,0.1396,0.1321,0.1224,0.1083,0.0557
139200,0.1792,0.1791,0.1787,0.1781,0.1772,0.1761,0.1747,0.1730,0.1710,0.1687,0.1660,0.1630,0.1595,0.1555,0.1510,0.1457,0.1396,0.1320,0.1224,0.1083,0.0557
139260,0.1792,0.1791,0.1787,0.1781,0.1772,0.1761,0.1746,0.1729,0.1709,0.1686,0.1660,0.1629,0.1595,0.1555,0.1510,0.1457,0.1395,0.1320,0.1224,0.1083,0.0557
139320,0.1792,0.1790,0.1787,0.1780,0.1772,0.1760,0.1746,0.1729,0.1709,0.1686,0.1659,0.1629,0.1594,0.1555,0.1509,0.1457,0.1395,0.1320,0.1224,0.1083,0.0557
139380,0.1791,0.1790,0.1786,0.1780,0.1771,0.1760,0.1746,0.1729,0.1709,0.1686,0.1659,0.1629,0.1594,0.1554,0.1509,0.1457,0.1395,0.1320,0.1223,0.1083,0.0557
139440,0.1791,0.1790,0.1786,0.1780,0.1771,0.1759,0.1745,0.1728,0.1708,0.1685,0.1659,0.1628,0.1594,0.1554,0.1509,0.1456,0.1394,0.1319,0.1223,0.1083,0.0557
139500,0.1790,0.1789,0.1785,0.1779,0.1770,0.1759,0.1745,0.1728,0.1708,0.1685,0.1658,0.1628,0.1593,0.1554,0.1508,0.1456,0.1394,0.1319,0.1223,0.1082,0.0557
139560,0.1790,0.1789,0.1785,0.1779,0.1770,0.1759,0.1744,0.1728,0.1708,0.1684,0.1658,0.1628,0.1593,0.1553,0.1508,0.1456,0.1394,0.1319,0.1223,0.1082,0.0557
139620,0.1790,0.1788,0.1785,0.1778,0.1770,0.1758,0.1744,0.1727,0.1707,0.1684,0.1658,0.1627,0.1593,0.1553,0.1508,0.1455,0.1394,0.1319,0.1223,0.1082,0.0557
139680,0.1789,0.1788,0.1784,0.1778,0.1769,0.1758,0.1744,0.1727,0.1707,0.1684,0.1657,0.1627,0.1592,0.1553,0.1508,0.1455,0.1393,0.1319,0.1222,0.1082,0.0557
139740,0.1789,0.1788,0.1784,0.1778,0.1769,0.1758,0.1743,0.1726,0.1707,0.1683,0.1657,0.1627,0.1592,0.1553,0.1507,0.1455,0.1393,0.1318,0.1222,0.1082,0.0557
139800,0.1788,0.1787,0.1784,0.1777,0.1769,0.1757,0.1743,0.1726,0.1706,0.1683,0.1657,0.1626,0.1592,0.1552,0.1507,0.1455,0.1393,0.1318,0.1222,0.1082,0.0557
139860,0.1788,0.1787,0.1783,0.1777,0.1768,0.1757,0.1743,0.1726,0.1706,0.1683,0.1656,0.1626,0.1591,0.1552,0.1507,0.1454,0.1393,0.1318,0.1222,0.1082,0.0557
139920,0.1788,0.1786,0.1783,0.1777,0.1768,0.1756,0.1742,0.1725,0.1705,0.1682,0.1656,0.1626,0.1591,0.1552,0.1506,0.1454,0.1392,0.1318,0.1222,0.1081,0.0557
139980,0.1787,0.1786,0.1782,0.1776,0.1767,0.1756,0.1742,0.1725,0.1705,0.1682,0.1656,0.1625,0.1591,0.1551,0.1506,0.1454,0.1392,0.1317,0.1221,0.1081,0.0557
140040,0.1787,0.1786,0.1782,0.1776,0.1767,0.1756,0.1742,0.1725,0.1705,0.1682,0.1655,0.1625,0.1590,0.1551,0.1506,0.1454,0.1392,0.1317,0.1221,0.1081,0.0557
140100,0.1787,0.1785,0.1782,0.1775,0.1767,0.1755,0.1741,0.1724,0.1704,0.1681,0.1655,0.1625,0.1590,0.1551,0.1506,0.1453,0.1392,0.1317,0.1221,0.1081,0.0557
140160,0.1786,0.1785,0.1781,0.1775,0.1766,0.1755,0.1741,0.1724,0.1704,0.1681,0.1655,0.1624,0.1590,0.1550,0.1505,0.1453,0.1391,0.1317,0.1221,0.1081,0.0557
140220,0.1786,0.1785,0.1781,0.1775,0.1766,0.1755,0.1740,0.1724,0.1704,0.1681,0.1654,0.1624,0.1590,0.1550,0.1505,0.1453,0.1391,0.1316,0.1221,0.1081,0.0556
140280,0.1785,0.1784,0.1780,0.1774,0.1766,0.1754,0.1740,0.1723,0.1703,0.1680,0.1654,0.1624,0.1589,0.1550,0.1505,0.1453,0.1391,0.1316,0.1220,0.1080,0.0556
140340,0.1785,0.1784,0.1780,0.1774,0.1765,0.1754,0.1740,0.1723,0.1703,0.1680,0.1654,0.1623,0.1589,0.1550,0.1504,0.1452,0.1391,0.1316,0.1220,0.1080,0.0556
140400,0.1785,0.1783,0.1780,0.1774,0.1765,0.1753,0.1739,0.1722,0.1703,0.1680,0.1653,0.1623,0.1589,0.1549,0.1504,0.1452,0.1391,0.1316,0.1220,0.1080,0.0556
140460,0.1784,0.1783,0.1779,0.1773,0.1764,0.1753,0.1739,0.1722,0.1702,0.1679,0.1653,0.1623,0.1588,0.1549,0.1504,0.1452,0.1390,0.1316,0.1220,0.1080,0.0556
140520,0.1784,0.1783,0.1779,0.1773,0.1764,0.1753,0.1739,0.1722,0.1702,0.1679,0.1653,0.1622,0.1588,0.1549,0.1504,0.1451,0.1390,0.1315,0.1220,0.1080,0.0556
140580,0.1784,0.1782,0.1779,0.1772,0.1764,0.1752,0.1738,0.1721,0.1702,0.1679,0.1652,0.1622,0.1588,0.1548,0.1503,0.1451,0.1390,0.1315,0.1219,0.1080,0.0556
140640,0.1783,0.1782,0.1778,0.1772,0.1763,0.1752,0.1738,0.1721,0.1701,0.1678,0.1652,0.1622,0.1587,0.1548,0.1503,0.1451,0.1390,0.1315,0.1219,0.1079,0.0556
140700,0.1783,0.1782,0.1778,0.1772,0.1763,0.1752,0.1738,0.1721,0.1701,0.1678,0.1652,0.1621,0.1587,0.1548,0.1503,0.1451,0.1389,0.1315,0.1219,0.1079,0.0556
140760,0.1782,0.1781,0.1777,0.1771,0.1763,0.1751,0.1737,0.1720,0.1701,0.1678,0.1651,0.1621,0.1587,0.1547,0.1503,0.1450,0.1389,0.1314,0.1219,0.1079,0.0556
140820,0.1782,0.1781,0.1777,0.1771,0.1762,0.1751,0.1737,0.1720,0.1700,0.1677,0.1651,0.1621,0.1586,0.1547,0.1502,0.1450,0.1389,0.1314,0.1219,0.1079,0.0556
140880,0.1782,0.1780,0.1777,0.1771,0.1762,0.1750,0.1736,0.1720,0.1700,0.1677,0.1651,0.1620,0.1586,0.1547,0.1502,0.1450,0.1389,0.1314,0.1218,0.1079,0.0556
140940,0.1781,0.1780,0.1776,0.1770,0.1761,0.1750,0.1736,0.1719,0.1700,0.1677,0.1650,0.1620,0.1586,0.1547,0.1502,0.1450,0.1388,0.1314,0.1218,0.1079,0.0556
141000,0.1781,0.1780,0.1776,0.1770,0.1761,0.1750,0.1736,0.1719,0.1699,0.1676,0.1650,0.1620,0.1585,0.1546,0.1501,0.1449,0.1388,0.1314,0.1218,0.1078,0.0556
141060,0.1780,0.1779,0.1776,0.1769,0.1761,0.1749,0.1735,0.1719,0.1699,0.1676,0.1650,0.1619,0.1585,0.1546,0.1501,0.1449,0.1388,0.1313,0.1218,0.1078,0.0556
141120,0.1780,0.1779,0.1775,0.1769,0.1760,0.1749,0.1735,0.1718,0.1698,0.1676,0.1649,0.1619,0.1585,0.1546,0.1501,0.1449,0.1388,0.1313,0.1218,0.1078,0.0556
141180,0.1780,0.1778,0.1775,0.1769,0.1760,0.1749,0.1735,0.1718,0.1698,0.1675,0.1649,0.1619,0.1585,0.1545,0.1501,0.1449,0.1387,0.1313,0.1217,0.1078,0.0556
141240,0.1779,0.1778,0.1774,0.1768,0.1760,0.1748,0.1734,0.1717,0.1698,0.1675,0.1649,0.1619,0.1584,0.1545,0.1500,0.1448,0.1387,0.1313,0.1217,0.1078,0.0556
141300,0.1779,0.1778,0.1774,0.1768,0.1759,0.1748,0.1734,0.1717,0.1697,0.1675,0.1648,0.1618,0.1584,0.1545,0.1500,0.1448,0.1387,0.1312,0.1217,0.1078,0.0556
141360,0.1779,0.1777,0.1774,0.1768,0.1759,0.1748,0.1734,0.1717,0.1697,0.1674,0.1648,0.1618,0.1584,0.1545,0.1500,0.1448,0.1387,0.1312,0.1217,0.1078,0.0556
141420,0.1778,0.1777,0.1773,0.1767,0.1758,0.1747,0.1733,0.1716,0.1697,0.1674,0.1648,0.1618,0.1583,0.1544,0.1499,0.1447,0.1386,0.1312,0.1217,0.1077,0.0556
141480,0.1778,0.1777,0.1773,0.1767,0.1758,0.1747,0.1733,0.1716,0.1696,0.1674,0.1647,0.1617,0.1583,0.1544,0.1499,0.1447,0.1386,0.1312,0.1216,0.1077,0.0555
141540,0.1777,0.1776,0.1773,0.1766,0.1758,0.1746,0.1732,0.1716,0.1696,0.1673,0.1647,0.1617,0.1583,0.1544,0.1499,0.1447,0.1386,0.1312,0.1216,0.1077,0.0555
141600,0.1777,0.1776,0.1772,0.1766,0.1757,0.1746,0.1732,0.1715,0.1696,0.1673,0.1647,0.1617,0.1582,0.1543,0.1499,0.1447,0.1386,0.1311,0.1216,0.1077,0.0555
141660,0.1777,0.1775,0.1772,0.1766,0.1757,0.1746,0.1732,0.1715,0.1695,0.1673,0.1646,0.1616,0.1582,0.1543,0.1498,0.1446,0.1385,0.1311,0.1216,0.1077,0.0555
141720,0.1776,0.1775,0.1771,0.1765,0.1757,0.1745,0.1731,0.1715,0.1695,0.1672,0.1646,0.1616,0.1582,0.1543,0.1498,0.1446,0.1385,0.1311,0.1216,0.1077,0.0555
141780,0.1776,0.1775,0.1771,0.1765,0.1756,0.1745,0.1731,0.1714,0.1695,0.1672,0.1646,0.1616,0.1581,0.1542,0.1498,0.1446,0.1385,0.1311,0.1215,0.1076,0.0555
141840,0.1776,0.1774,0.1771,0.1765,0.1756,0.1745,0.1731,0.1714,0.1694,0.1672,0.1645,0.1615,0.1581,0.1542,0.1497,0.1446,0.1385,0.1310,0.1215,0.1076,0.0555
141900,0.1775,0.1774,0.1770,0.1764,0.1756,0.1744,0.1730,0.1714,0.1694,0.1671,0.1645,0.1615,0.1581,0.1542,0.1497,0.1445,0.1384,0.1310,0.1215,0.1076,0.0555
141960,0.1775,0.1774,0.1770,0.1764,0.1755,0.1744,0.1730,0.1713,0.1694,0.1671,0.1645,0.1615,0.1581,0.1542,0.1497,0.1445,0.1384,0.1310,0.1215,0.1076,0.0555
142020,0.1774,0.1773,0.1770,0.1763,0.1755,0.1744,0.1730,0.1713,0.1693,0.1670,0.1644,0.1614,0.1580,0.1541,0.1497,0.1445,0.1384,0.1310,0.1215,0.1076,0.0555
142080,0.1774,0.1773,0.1769,0.1763,0.1754,0.1743,0.1729,0.1713,0.1693,0.1670,0.1644,0.1614,0.1580,0.1541,0.1496,0.1445,0.1384,0.1310,0.1215,0.1076,0.0555
142140,0.1774,0.1773,0.1769,0.1763,0.1754,0.1743,0.1729,0.1712,0.1693,0.1670,0.1644,0.1614,0.1580,0.1541,0.1496,0.1444,0.1383,0.1309,0.1214,0.1075,0.0555
142200,0.1773,0.1772,0.1768,0.1762,0.1754,0.1742,0.1729,0.1712,0.1692,0.1669,0.1643,0.1613,0.1579,0.1540,0.1496,0.1444,0.1383,0.1309,0.1214,0.1075,0.0555
142260,0.1773,0.1772,0.1768,0.1762,0.1753,0.1742,0.1728,0.1712,0.1692,0.1669,0.1643,0.1613,0.1579,0.1540,0.1496,0.1444,0.1383,0.1309,0.1214,0.1075,0.0555
142320,0.1773,0.1771,0.1768,0.1762,0.1753,0.1742,0.1728,0.1711,0.1692,0.1669,0.1643,0.1613,0.1579,0.1540,0.1495,0.1444,0.1383,0.1309,0.1214,0.1075,0.0555
142380,0.1772,0.1771,0.1767,0.1761,0.1753,0.1741,0.1727,0.1711,0.1691,0.1668,0.1642,0.1612,0.1578,0.1540,0.1495,0.1443,0.1382,0.1308,0.1214,0.1075,0.0555
142440,0.1772,0.1771,0.1767,0.1761,0.1752,0.1741,0.1727,0.1710,0.1691,0.1668,0.1642,0.1612,0.1578,0.1539,0.1495,0.1443,0.1382,0.1308,0.1213,0.1075,0.0555
142500,0.1772,0.1770,0.1767,0.1761,0.1752,0.1741,0.1727,0.1710,0.1691,0.1668,0.1642,0.1612,0.1578,0.1539,0.1494,0.1443,0.1382,0.1308,0.1213,0.1075,0.0555
142560,0.1771,0.1770,0.1766,0.1760,0.1752,0.1740,0.1726,0.1710,0.1690,0.1667,0.1641,0.1612,0.1578,0.1539,0.1494,0.1443,0.1382,0.1308,0.1213,0.1074,0.0555
142620,0.1771,0.1770,0.1766,0.1760,0.1751,0.1740,0.1726,0.1709,0.1690,0.1667,0.1641,0.1611,0.1577,0.1538,0.1494,0.1442,0.1381,0.1308,0.1213,0.1074,0.0555
142680,0.1770,0.1769,0.1766,0.1759,0.1751,0.1740,0.1726,0.1709,0.1690,0.1667,0.1641,0.1611,0.1577,0.1538,0.1494,0.1442,0.1381,0.1307,0.1213,0.1074,0.0555
142740,0.1770,0.1769,0.1765,0.1759,0.1750,0.1739,0.1725,0.1709,0.1689,0.1666,0.1640,0.1611,0.1577,0.1538,0.1493,0.1442,0.1381,0.1307,0.1212,0.1074,0.0554
142800,0.1770,0.1768,0.1765,0.1759,0.1750,0.1739,0.1725,0.1708,0.1689,0.1666,0.1640,0.1610,0.1576,0.1538,0.1493,0.1441,0.1381,0.1307,0.1212,0.1074,0.0554
142860,0.1769,0.1768,0.1764,0.1758,0.1750,0.1739,0.1725,0.1708,0.1688,0.1666,0.1640,0.1610,0.1576,0.1537,0.1493,0.1441,0.1381,0.1307,0.1212,0.1074,0.0554
142920,0.1769,0.1768,0.1764,0.1758,0.1749,0.1738,0.1724,0.1708,0.1688,0.1665,0.1639,0.1610,0.1576,0.1537,0.1492,0.1441,0.1380,0.1307,0.1212,0.1073,0.0554
142980,0.1769,0.1767,0.1764,0.1758,0.1749,0.1738,0.1724,0.1707,0.1688,0.1665,0.1639,0.1609,0.1575,0.1537,0.1492,0.1441,0.1380,0.1306,0.1212,0.1073,0.0554
143040,0.1768,0.1767,0.1763,0.1757,0.1749,0.1737,0.1724,0.1707,0.1687,0.1665,0.1639,0.1609,0.1575,0.1536,0.1492,0.1440,0.1380,0.1306,0.1211,0.1073,0.0554
143100,0.1768,0.1767,0.1763,0.1757,0.1748,0.1737,0.1723,0.1707,0.1687,0.1665,0.1638,0.1609,0.1575,0.1536,0.1492,0.1440,0.1380,0.1306,0.1211,0.1073,0.0554
143160,0.1767,0.1766,0.1763,0.1757,0.1748,0.1737,0.1723,0.1706,0.1687,0.1664,0.1638,0.1608,0.1575,0.1536,0.1491,0.1440,0.1379,0.1306,0.1211,0.1073,0.0554
143220,0.1767,0.1766,0.1762,0.1756,0.1748,0.1736,0.1723,0.1706,0.1686,0.1664,0.1638,0.1608,0.1574,0.1536,0.1491,0.1440,0.1379,0.1305,0.1211,0.1073,0.0554
143280,0.1767,0.1766,0.1762,0.1756,0.1747,0.1736,0.1722,0.1706,0.1686,0.1664,0.1638,0.1608,0.1574,0.1535,0.1491,0.1439,0.1379,0.1305,0.1211,0.1073,0.0554
143340,0.1766,0.1765,0.1762,0.1755,0.1747,0.1736,0.1722,0.1705,0.1686,0.1663,0.1637,0.1607,0.1574,0.1535,0.1491,0.1439,0.1379,0.1305,0.1211,0.1072,0.0554
143400,0.1766,0.1765,0.1761,0.1755,0.1746,0.1735,0.1722,0.1705,0.1685,0.1663,0.1637,0.1607,0.1573,0.1535,0.1490,0.1439,0.1378,0.1305,0.1210,0.1072,0.0554
143460,0.1766,0.1764,0.1761,0.1755,0.1746,0.1735,0.1721,0.1705,0.1685,0.1663,0.1637,0.1607,0.1573,0.1534,0.1490,0.1439,0.1378,0.1305,0.1210,0.1072,0.0554
143520,0.1765,0.1764,0.1760,0.1754,0.1746,0.1735,0.1721,0.1704,0.1685,0.1662,0.1636,0.1607,0.1573,0.1534,0.1490,0.1438,0.1378,0.1304,0.1210,0.1072,0.0554
143580,0.1765,0.1764,0.1760,0.1754,0.1745,0.1734,0.1720,0.1704,0.1684,0.1662,0.1636,0.1606,0.1572,0.1534,0.1489,0.1438,0.1378,0.1304,0.1210,0.1072,0.0554
143640,0.1765,0.1763,0.1760,0.1754,0.1745,0.1734,0.1720,0.1704,0.1684,0.1662,0.1636,0.1606,0.1572,0.1534,0.1489,0.1438,0.1377,0.1304,0.1210,0.1072,0.0554
143700,0.1764,0.1763,0.1759,0.1753,0.1745,0.1734,0.1720,0.1703,0.1684,0.1661,0.1635,0.1606,0.1572,0.1533,0.1489,0.1438,0.1377,0.1304,0.1209,0.1071,0.0554
143760,0.1764,0.1763,0.1759,0.1753,0.1744,0.1733,0.1719,0.1703,0.1683,0.1661,0.1635,0.1605,0.1572,0.1533,0.1489,0.1437,0.1377,0.1303,0.1209,0.1071,0.0554
143820,0.1763,0.1762,0.1759,0.1753,0.1744,0.1733,0.1719,0.1703,0.1683,0.1661,0.1635,0.1605,0.1571,0.1533,0.1488,0.1437,0.1377,0.1303,0.1209,0.1071,0.0554
143880,0.1763,0.1762,0.1758,0.1752,0.1744,0.1733,0.1719,0.1702,0.1683,0.1660,0.1634,0.1605,0.1571,0.1532,0.1488,0.1437,0.1376,0.1303,0.1209,0.1071,0.0554
143940,0.1763,0.1762,0.1758,0.1752,0.1743,0.1732,0.1718,0.1702,0.1682,0.1660,0.1634,0.1604,0.1571,0.1532,0.1488,0.1437,0.1376,0.1303,0.1209,0.1071,0.0554
144000,0.1762,0.1761,0.1758,0.1751,0.1743,0.1732,0.1718,0.1702,0.1682,0.1660,0.1634,0.1604,0.1570,0.1532,0.1488,0.1436,0.1376,0.1303,0.1208,0.1071,0.0553
144060,0.1762,0.1761,0.1757,0.1751,0.1743,0.1731,0.1718,0.1701,0.1682,0.1659,0.1633,0.1604,0.1570,0.1532,0.1487,0.1436,0.1376,0.1302,0.1208,0.1071,0.0553
144120,0.1762,0.1760,0.1757,0.1751,0.1742,0.1731,0.1717,0.1701,0.1681,0.1659,0.1633,0.1603,0.1570,0.1531,0.1487,0.1436,0.1376,0.1302,0.1208,0.1070,0.0553
144180,0.1761,0.1760,0.1756,0.1750,0.1742,0.1731,0.1717,0.1701,0.1681,0.1659,0.1633,0.1603,0.1569,0.1531,0.1487,0.1436,0.1375,0.1302,0.1208,0.1070,0.0553
144240,0.1761,0.1760,0.1756,0.1750,0.1741,0.1730,0.1717,0.1700,0.1681,0.1658,0.1632,0.1603,0.1569,0.1531,0.1487,0.1435,0.1375,0.1302,0.1208,0.1070,0.0553
144300,0.1761,0.1759,0.1756,0.1750,0.1741,0.1730,0.1716,0.1700,0.1680,0.1658,0.1632,0.1603,0.1569,0.1530,0.1486,0.1435,0.1375,0.1302,0.1207,0.1070,0.0553
144360,0.1760,0.1759,0.1755,0.1749,0.1741,0.1730,0.1716,0.1699,0.1680,0.1658,0.1632,0.1602,0.1569,0.1530,0.1486,0.1435,0.1375,0.1301,0.1207,0.1070,0.0553
144420,0.1760,0.1759,0.1755,0.1749,0.1740,0.1729,0.1716,0.1699,0.1680,0.1657,0.1631,0.1602,0.1568,0.1530,0.1486,0.1435,0.1374,0.1301,0.1207,0.1070,0.0553
144480,0.1759,0.1758,0.1755,0.1749,0.1740,0.1729,0.1715,0.1699,0.1679,0.1657,0.1631,0.1602,0.1568,0.1530,0.1485,0.1434,0.1374,0.1301,0.1207,0.1069,0.0553
144540,0.1759,0.1758,0.1754,0.1748,0.1740,0.1729,0.1715,0.1698,0.1679,0.1657,0.1631,0.1601,0.1568,0.1529,0.1485,0.1434,0.1374,0.1301,0.1207,0.1069,0.0553
144600,0.1759,0.1758,0.1754,0.1748,0.1739,0.1728,0.1715,0.1698,0.1679,0.1656,0.1631,0.1601,0.1567,0.1529,0.1485,0.1434,0.1374,0.1300,0.1207,0.1069,0.0553
144660,0.1758,0.1757,0.1754,0.1748,0.1739,0.1728,0.1714,0.1698,0.1678,0.1656,0.1630,0.1601,0.1567,0.1529,0.1485,0.1434,0.1373,0.1300,0.1206,0.1069,0.0553
144720,0.1758,0.1757,0.1753,0.1747,0.1739,0.1728,0.1714,0.1697,0.1678,0.1656,0.1630,0.1600,0.1567,0.1528,0.1484,0.1433,0.1373,0.1300,0.1206,0.1069,0.0553
144780,0.1758,0.1756,0.1753,0.1747,0.1738,0.1727,0.1714,0.1697,0.1678,0.1655,0.1630,0.1600,0.1567,0.1528,0.1484,0.1433,0.1373,0.1300,0.1206,0.1069,0.0553
144840,0.1757,0.1756,0.1753,0.1747,0.1738,0.1727,0.1713,0.1697,0.1677,0.1655,0.1629,0.1600,0.1566,0.1528,0.1484,0.1433,0.1373,0.1300,0.1206,0.1069,0.0553
144900,0.1757,0.1756,0.1752,0.1746,0.1738,0.1727,0.1713,0.1696,0.1677,0.1655,0.1629,0.1600,0.1566,0.1528,0.1484,0.1433,0.1372,0.1299,0.1206,0.1068,0.0553
144960,0.1757,0.1755,0.1752,0.1746,0.1737,0.1726,0.1713,0.1696,0.1677,0.1654,0.1629,0.1599,0.1566,0.1527,0.1483,0.1432,0.1372,0.1299,0.1205,0.1068,0.0553
145020,0.1756,0.1755,0.1751,0.1745,0.1737,0.1726,0.1712,0.1696,0.1676,0.1654,0.1628,0.1599,0.1565,0.1527,0.1483,0.1432,0.1372,0.1299,0.1205,0.1068,0.0553
145080,0.1756,0.1755,0.1751,0.1745,0.1737,0.1726,0.1712,0.1695,0.1676,0.1654,0.1628,0.1599,0.1565,0.1527,0.1483,0.1432,0.1372,0.1299,0.1205,0.1068,0.0553
145140,0.1756,0.1754,0.1751,0.1745,0.1736,0.1725,0.1712,0.1695,0.1676,0.1653,0.1628,0.1598,0.1565,0.1526,0.1483,0.1432,0.1372,0.1299,0.1205,0.1068,0.0553
145200,0.1755,0.1754,0.1750,0.1744,0.1736,0.1725,0.1711,0.1695,0.1675,0.1653,0.1627,0.1598,0.1564,0.1526,0.1482,0.1431,0.1371,0.1298,0.1205,0.1068,0.0553
145260,0.1755,0.1754,0.1750,0.1744,0.1736,0.1725,0.1711,0.1694,0.1675,0.1653,0.1627,0.1598,0.1564,0.1526,0.1482,0.1431,0.1371,0.1298,0.1205,0.1068,0.0553
145320,0.1755,0.1753,0.1750,0.1744,0.1735,0.1724,0.1711,0.1694,0.1675,0.1652,0.1627,0.1597,0.1564,0.1526,0.1482,0.1431,0.1371,0.1298,0.1204,0.1067,0.0553
145380,0.1754,0.1753,0.1749,0.1743,0.1735,0.1724,0.1710,0.1694,0.1675,0.1652,0.1626,0.1597,0.1564,0.1525,0.1481,0.1431,0.1371,0.1298,0.1204,0.1067,0.0552
145440,0.1754,0.1753,0.1749,0.1743,0.1734,0.1723,0.1710,0.1693,0.1674,0.1652,0.1626,0.1597,0.1563,0.1525,0.1481,0.1430,0.1370,0.1298,0.1204,0.1067,0.0552
145500,0.1753,0.1752,0.1749,0.1743,0.1734,0.1723,0.1709,0.1693,0.1674,0.1652,0.1626,0.1597,0.1563,0.1525,0.1481,0.1430,0.1370,0.1297,0.1204,0.1067,0.0552
145560,0.1753,0.1752,0.1748,0.1742,0.1734,0.1723,0.1709,0.1693,0.1674,0.1651,0.1626,0.1596,0.1563,0.1525,0.1481,0.1430,0.1370,0.1297,0.1204,0.1067,0.0552
145620,0.1753,0.1752,0.1748,0.1742,0.1733,0.1722,0.1709,0.1692,0.1673,0.1651,0.1625,0.1596,0.1562,0.1524,0.1480,0.1430,0.1370,0.1297,0.1203,0.1067,0.0552
145680,0.1752,0.1751,0.1748,0.1742,0.1733,0.1722,0.1708,0.1692,0.1673,0.1651,0.1625,0.1596,0.1562,0.1524,0.1480,0.1429,0.1369,0.1297,0.1203,0.1066,0.0552
145740,0.1752,0.1751,0.1747,0.1741,0.1733,0.1722,0.1708,0.1692,0.1673,0.1650,0.1625,0.1595,0.1562,0.1524,0.1480,0.1429,0.1369,0.1296,0.1203,0.1066,0.0552
145800,0.1752,0.1750,0.1747,0.1741,0.1732,0.1721,0.1708,0.1691,0.1672,0.1650,0.1624,0.1595,0.1562,0.1523,0.1480,0.1429,0.1369,0.1296,0.1203,0.1066,0.0552
145860,0.1751,0.1750,0.1747,0.1741,0.1732,0.1721,0.1707,0.1691,0.1672,0.1650,0.1624,0.1595,0.1561,0.1523,0.1479,0.1429,0.1369,0.1296,0.1203,0.1066,0.0552
145920,0.1751,0.1750,0.1746,0.1740,0.1732,0.1721,0.1707,0.1691,0.1672,0.1649,0.1624,0.1594,0.1561,0.1523,0.1479,0.1428,0.1369,0.1296,0.1202,0.1066,0.0552
145980,0.1751,0.1749,0.1746,0.1740,0.1731,0.1720,0.1707,0.1690,0.1671,0.1649,0.1623,0.1594,0.1561,0.1523,0.1479,0.1428,0.1368,0.1296,0.1202,0.1066,0.0552
146040,0.1750,0.1749,0.1745,0.1739,0.1731,0.1720,0.1706,0.1690,0.1671,0.1649,0.1623,0.1594,0.1560,0.1522,0.1479,0.1428,0.1368,0.1295,0.1202,0.1066,0.0552
146100,0.1750,0.1749,0.1745,0.1739,0.1731,0.1720,0.1706,0.1690,0.1671,0.1648,0.1623,0.1594,0.1560,0.1522,0.1478,0.1428,0.1368,0.1295,0.1202,0.1065,0.0552
146160,0.1750,0.1748,0.1745,0.1739,0.1730,0.1719,0.1706,0.1689,0.1670,0.1648,0.1622,0.1593,0.1560,0.1522,0.1478,0.1427,0.1368,0.1295,0.1202,0.1065,0.0552
146220,0.1749,0.1748,0.1744,0.1738,0.1730,0.1719,0.1705,0.1689,0.1670,0.1648,0.1622,0.1593,0.1560,0.1521,0.1478,0.1427,0.1367,0.1295,0.1202,0.1065,0.0552
146280,0.1749,0.1748,0.1744,0.1738,0.1730,0.1719,0.1705,0.1689,0.1670,0.1647,0.1622,0.1593,0.1559,0.1521,0.1478,0.1427,0.1367,0.1295,0.1201,0.1065,0.0552
146340,0.1749,0.1747,0.1744,0.1738,0.1729,0.1718,0.1705,0.1688,0.1669,0.1647,0.1622,0.1592,0.1559,0.1521,0.1477,0.1427,0.1367,0.1294,0.1201,0.1065,0.0552
146400,0.1748,0.1747,0.1743,0.1737,0.1729,0.1718,0.1704,0.1688,0.1669,0.1647,0.1621,0.1592,0.1559,0.1521,0.1477,0.1426,0.1367,0.1294,0.1201,0.1065,0.0552
146460,0.1748,0.1747,0.1743,0.1737,0.1729,0.1718,0.1704,0.1688,0.1669,0.1646,0.1621,0.1592,0.1558,0.1520,0.1477,0.1426,0.1366,0.1294,0.1201,0.1065,0.0552
146520,0.1747,0.1746,0.1743,0.1737,0.1728,0.1717,0.1704,0.1687,0.1668,0.1646,0.1621,0.1591,0.1558,0.1520,0.1476,0.1426,0.1366,0.1294,0.1201,0.1064,0.0552
146580,0.1747,0.1746,0.1742,0.1736,0.1728,0.1717,0.1703,0.1687,0.1668,0.1646,0.1620,0.1591,0.1558,0.1520,0.1476,0.1426,0.1366,0.1294,0.1200,0.1064,0.0552
146640,0.1747,0.1746,0.1742,0.1736,0.1728,0.1717,0.1703,0.1687,0.1668,0.1646,0.1620,0.1591,0.1558,0.1520,0.1476,0.1425,0.1366,0.1293,0.1200,0.1064,0.0552
146700,0.1746,0.1745,0.1742,0.1736,0.1727,0.1716,0.1703,0.1687,0.1667,0.1645,0.1620,0.1591,0.1557,0.1519,0.1476,0.1425,0.1366,0.1293,0.1200,0.1064,0.0552
146760,0.1746,0.1745,0.1741,0.1735,0.1727,0.1716,0.1702,0.1686,0.1667,0.1645,0.1619,0.1590,0.1557,0.1519,0.1475,0.1425,0.1365,0.1293,0.1200,0.1064,0.0551
146820,0.1746,0.1745,0.1741,0.1735,0.1727,0.1716,0.1702,0.1686,0.1667,0.1645,0.1619,0.1590,0.1557,0.1519,0.1475,0.1425,0.1365,0.1293,0.1200,0.1064,0.0551
146880,0.1745,0.1744,0.1741,0.1735,0.1726,0.1715,0.1702,0.1686,0.1666,0.1644,0.1619,0.1590,0.1556,0.1518,0.1475,0.1424,0.1365,0.1293,0.1200,0.1064,0.0551
146940,0.1745,0.1744,0.1740,0.1734,0.1726,0.1715,0.1701,0.1685,0.1666,0.1644,0.1618,0.1589,0.1556,0.1518,0.1475,0.1424,0.1365,0.1292,0.1199,0.1063,0.0551
147000,0.1745,0.1743,0.1740,0.1734,0.1726,0.1715,0.1701,0.1685,0.1666,0.1644,0.1618,0.1589,0.1556,0.1518,0.1474,0.1424,0.1364,0.1292,0.1199,0.1063,0.0551
147060,0.1744,0.1743,0.1740,0.1734,0.1725,0.1714,0.1701,0.1685,0.1665,0.1643,0.1618,0.1589,0.1556,0.1518,0.1474,0.1424,0.1364,0.1292,0.1199,0.1063,0.0551
147120,0.1744,0.1743,0.1739,0.1733,0.1725,0.1714,0.1700,0.1684,0.1665,0.1643,0.1618,0.1588,0.1555,0.1517,0.1474,0.1423,0.1364,0.1292,0.1199,0.1063,0.0551
147180,0.1744,0.1742,0.1739,0.1733,0.1725,0.1714,0.1700,0.1684,0.1665,0.1643,0.1617,0.1588,0.1555,0.1517,0.1474,0.1423,0.1364,0.1292,0.1199,0.1063,0.0551
147240,0.1743,0.1742,0.1739,0.1733,0.1724,0.1713,0.1700,0.1684,0.1665,0.1642,0.1617,0.1588,0.1555,0.1517,0.1473,0.1423,0.1364,0.1291,0.1198,0.1063,0.0551
147300,0.1743,0.1742,0.1738,0.1732,0.1724,0.1713,0.1699,0.1683,0.1664,0.1642,0.1617,0.1588,0.1554,0.1517,0.1473,0.1423,0.1363,0.1291,0.1198,0.1063,0.0551
147360,0.1743,0.1741,0.1738,0.1732,0.1724,0.1713,0.1699,0.1683,0.1664,0.1642,0.1616,0.1587,0.1554,0.1516,0.1473,0.1422,0.1363,0.1291,0.1198,0.1062,0.0551
147420,0.1742,0.1741,0.1738,0.1732,0.1723,0.1712,0.1699,0.1683,0.1664,0.1641,0.1616,0.1587,0.1554,0.1516,0.1473,0.1422,0.1363,0.1291,0.1198,0.1062,0.0551
147480,0.1742,0.1741,0.1737,0.1731,0.1723,0.1712,0.1698,0.1682,0.1663,0.1641,0.1616,0.1587,0.1554,0.1516,0.1472,0.1422,0.1363,0.1290,0.1198,0.1062,0.0551
147540,0.1742,0.1740,0.1737,0.1731,0.1723,0.1712,0.1698,0.1682,0.1663,0.1641,0.1615,0.1586,0.1553,0.1515,0.1472,0.1422,0.1362,0.1290,0.1198,0.1062,0.0551
147600,0.1741,0.1740,0.1737,0.1731,0.1722,0.1711,0.1698,0.1682,0.1663,0.1641,0.1615,0.1586,0.1553,0.1515,0.1472,0.1422,0.1362,0.1290,0.1197,0.1062,0.0551
147660,0.1741,0.1740,0.1736,0.1730,0.1722,0.1711,0.1697,0.1681,0.1662,0.1640,0.1615,0.1586,0.1553,0.1515,0.1472,0.1421,0.1362,0.1290,0.1197,0.1062,0.0551
147720,0.1741,0.1739,0.1736,0.1730,0.1722,0.1711,0.1697,0.1681,0.1662,0.1640,0.1615,0.1586,0.1552,0.1515,0.1471,0.1421,0.1362,0.1290,0.1197,0.1061,0.0551
147780,0.1740,0.1739,0.1735,0.1730,0.1721,0.1710,0.1697,0.1681,0.1662,0.1640,0.1614,0.1585,0.1552,0.1514,0.1471,0.1421,0.1362,0.1289,0.1197,0.1061,0.0551
147840,0.1740,0.1739,0.1735,0.1729,0.1721,0.1710,0.1697,0.1680,0.1661,0.1639,0.1614,0.1585,0.1552,0.1514,0.1471,0.1421,0.1361,0.1289,0.1197,0.1061,0.0551
147900,0.1740,0.1738,0.1735,0.1729,0.1720,0.1710,0.1696,0.1680,0.1661,0.1639,0.1614,0.1585,0.1552,0.1514,0.1471,0.1420,0.1361,0.1289,0.1197,0.1061,0.0551
147960,0.1739,0.1738,0.1734,0.1729,0.1720,0.1709,0.1696,0.1680,0.1661,0.1639,0.1613,0.1584,0.1551,0.1514,0.1470,0.1420,0.1361,0.1289,0.1196,0.1061,0.0551
148020,0.1739,0.1738,0.1734,0.1728,0.1720,0.1709,0.1696,0.1679,0.1660,0.1638,0.1613,0.1584,0.1551,0.1513,0.1470,0.1420,0.1361,0.1289,0.1196,0.1061,0.0551
148080,0.1739,0.1737,0.1734,0.1728,0.1719,0.1709,0.1695,0.1679,0.1660,0.1638,0.1613,0.1584,0.1551,0.1513,0.1470,0.1420,0.1360,0.1288,0.1196,0.1061,0.0551
148140,0.1738,0.1737,0.1733,0.1728,0.1719,0.1708,0.1695,0.1679,0.1660,0.1638,0.1612,0.1584,0.1550,0.1513,0.1470,0.1419,0.1360,0.1288,0.1196,0.1060,0.0551
148200,0.1738,0.1737,0.1733,0.1727,0.1719,0.1708,0.1695,0.1678,0.1659,0.1637,0.1612,0.1583,0.1550,0.1513,0.1469,0.1419,0.1360,0.1288,0.1196,0.1060,0.0550
148260,0.1737,0.1736,0.1733,0.1727,0.1718,0.1708,0.1694,0.1678,0.1659,0.1637,0.1612,0.1583,0.1550,0.1512,0.1469,0.1419,0.1360,0.1288,0.1195,0.1060,0.0550
148320,0.1737,0.1736,0.1732,0.1727,0.1718,0.1707,0.1694,0.1678,0.1659,0.1637,0.1612,0.1583,0.1550,0.1512,0.1469,0.1419,0.1360,0.1288,0.1195,0.1060,0.0550
148380,0.1737,0.1736,0.1732,0.1726,0.1718,0.1707,0.1694,0.1677,0.1659,0.1637,0.1611,0.1582,0.1549,0.1512,0.1468,0.1418,0.1359,0.1287,0.1195,0.1060,0.0550
148440,0.1736,0.1735,0.1732,0.1726,0.1717,0.1707,0.1693,0.1677,0.1658,0.1636,0.1611,0.1582,0.1549,0.1511,0.1468,0.1418,0.1359,0.1287,0.1195,0.1060,0.0550
148500,0.1736,0.1735,0.1731,0.1726,0.1717,0.1706,0.1693,0.1677,0.1658,0.1636,0.1611,0.1582,0.1549,0.1511,0.1468,0.1418,0.1359,0.1287,0.1195,0.1060,0.0550
148560,0.1736,0.1735,0.1731,0.1725,0.1717,0.1706,0.1693,0.1677,0.1658,0.1636,0.1610,0.1581,0.1549,0.1511,0.1468,0.1418,0.1359,0.1287,0.1195,0.1059,0.0550
148620,0.1735,0.1734,0.1731,0.1725,0.1716,0.1706,0.1692,0.1676,0.1657,0.1635,0.1610,0.1581,0.1548,0.1511,0.1467,0.1417,0.1358,0.1287,0.1194,0.1059,0.0550
148680,0.1735,0.1734,0.1730,0.1725,0.1716,0.1705,0.1692,0.1676,0.1657,0.1635,0.1610,0.1581,0.1548,0.1510,0.1467,0.1417,0.1358,0.1286,0.1194,0.1059,0.0550
148740,0.1735,0.1734,0.1730,0.1724,0.1716,0.1705,0.1692,0.1676,0.1657,0.1635,0.1609,0.1581,0.1548,0.1510,0.1467,0.1417,0.1358,0.1286,0.1194,0.1059,0.0550
148800,0.1734,0.1733,0.1730,0.1724,0.1715,0.1705,0.1691,0.1675,0.1656,0.1634,0.1609,0.1580,0.1547,0.1510,0.1467,0.1417,0.1358,0.1286,0.1194,0.1059,0.0550
148860,0.1734,0.1733,0.1729,0.1724,0.1715,0.1704,0.1691,0.1675,0.1656,0.1634,0.1609,0.1580,0.1547,0.1510,0.1466,0.1416,0.1358,0.1286,0.1194,0.1059,0.0550
148920,0.1734,0.1733,0.1729,0.1723,0.1715,0.1704,0.1691,0.1675,0.1656,0.1634,0.1609,0.1580,0.1547,0.1509,0.1466,0.1416,0.1357,0.1286,0.1193,0.1059,0.0550
148980,0.1733,0.1732,0.1729,0.1723,0.1715,0.1704,0.1690,0.1674,0.1655,0.1633,0.1608,0.1579,0.1547,0.1509,0.1466,0.1416,0.1357,0.1285,0.1193,0.1058,0.0550
149040,0.1733,0.1732,0.1728,0.1723,0.1714,0.1703,0.1690,0.1674,0.1655,0.1633,0.1608,0.1579,0.1546,0.1509,0.1466,0.1416,0.1357,0.1285,0.1193,0.1058,0.0550
149100,0.1733,0.1732,0.1728,0.1722,0.1714,0.1703,0.1690,0.1674,0.1655,0.1633,0.1608,0.1579,0.1546,0.1509,0.1465,0.1416,0.1357,0.1285,0.1193,0.1058,0.0550
149160,0.1732,0.1731,0.1728,0.1722,0.1714,0.1703,0.1689,0.1673,0.1654,0.1633,0.1607,0.1579,0.1546,0.1508,0.1465,0.1415,0.1356,0.1285,0.1193,0.1058,0.0550
149220,0.1732,0.1731,0.1727,0.1722,0.1713,0.1702,0.1689,0.1673,0.1654,0.1632,0.1607,0.1578,0.1545,0.1508,0.1465,0.1415,0.1356,0.1285,0.1193,0.1058,0.0550
149280,0.1732,0.1731,0.1727,0.1721,0.1713,0.1702,0.1689,0.1673,0.1654,0.1632,0.1607,0.1578,0.1545,0.1508,0.1465,0.1415,0.1356,0.1284,0.1192,0.1058,0.0550
149340,0.1731,0.1730,0.1727,0.1721,0.1713,0.1702,0.1688,0.1672,0.1654,0.1632,0.1607,0.1578,0.1545,0.1507,0.1464,0.1415,0.1356,0.1284,0.1192,0.1058,0.0550
149400,0.1731,0.1730,0.1726,0.1721,0.1712,0.1701,0.1688,0.1672,0.1653,0.1631,0.1606,0.1577,0.1545,0.1507,0.1464,0.1414,0.1356,0.1284,0.1192,0.1057,0.0550
149460,0.1731,0.1730,0.1726,0.1720,0.1712,0.1701,0.1688,0.1672,0.1653,0.1631,0.1606,0.1577,0.1544,0.1507,0.1464,0.1414,0.1355,0.1284,0.1192,0.1057,0.0550
149520,0.1730,0.1729,0.1726,0.1720,0.1712,0.1701,0.1687,0.1671,0.1653,0.1631,0.1606,0.1577,0.1544,0.1507,0.1464,0.1414,0.1355,0.1284,0.1192,0.1057,0.0550
149580,0.1730,0.1729,0.1725,0.1720,0.1711,0.1700,0.1687,0.1671,0.1652,0.1630,0.1605,0.1577,0.1544,0.1506,0.1463,0.1414,0.1355,0.1283,0.1192,0.1057,0.0550
149640,0.1730,0.1729,0.1725,0.1719,0.1711,0.1700,0.1687,0.1671,0.1652,0.1630,0.1605,0.1576,0.1544,0.1506,0.1463,0.1413,0.1355,0.1283,0.1191,0.1057,0.0550
149700,0.1729,0.1728,0.1725,0.1719,0.1711,0.1700,0.1686,0.1670,0.1652,0.1630,0.1605,0.1576,0.1543,0.1506,0.1463,0.1413,0.1354,0.1283,0.1191,0.1057,0.0549
149760,0.1729,0.1728,0.1724,0.1719,0.1710,0.1699,0.1686,0.1670,0.1651,0.1630,0.1604,0.1576,0.1543,0.1506,0.1463,0.1413,0.1354,0.1283,0.1191,0.1057,0.0549
149820,0.1729,0.1728,0.1724,0.1718,0.1710,0.1699,0.1686,0.1670,0.1651,0.1629,0.1604,0.1575,0.1543,0.1505,0.1462,0.1413,0.1354,0.1283,0.1191,0.1056,0.0549
149880,0.1728,0.1727,0.1724,0.1718,0.1710,0.1699,0.1686,0.1670,0.1651,0.1629,0.1604,0.1575,0.1542,0.1505,0.1462,0.1412,0.1354,0.1282,0.1191,0.1056,0.0549
149940,0.1728,0.1727,0.1723,0.1718,0.1709,0.1699,0.1685,0.1669,0.1650,0.1629,0.1604,0.1575,0.1542,0.1505,0.1462,0.1412,0.1354,0.1282,0.1191,0.1056,0.0549
150000,0.1728,0.1727,0.1723,0.1717,0.1709,0.1698,0.1685,0.1669,0.1650,0.1628,0.1603,0.1575,0.1542,0.1505,0.1462,0.1412,0.1353,0.1282,0.1190,0.1056,0.0549
150060,0.1727,0.1726,0.1723,0.1717,0.1709,0.1698,0.1685,0.1669,0.1650,0.1628,0.1603,0.1574,0.1542,0.1504,0.1461,0.1412,0.1353,0.1282,0.1190,0.1056,0.0549
150120,0.1727,0.1726,0.1722,0.1717,0.1708,0.1698,0.1684,0.1668,0.1650,0.1628,0.1603,0.1574,0.1541,0.1504,0.1461,0.1412,0.1353,0.1282,0.1190,0.1056,0.0549
150180,0.1727,0.1726,0.1722,0.1716,0.1708,0.1697,0.1684,0.1668,0.1649,0.1627,0.1602,0.1574,0.1541,0.1504,0.1461,0.1411,0.1353,0.1281,0.1190,0.1056,0.0549
150240,0.1726,0.1725,0.1722,0.1716,0.1708,0.1697,0.1684,0.1668,0.1649,0.1627,0.1602,0.1574,0.1541,0.1504,0.1461,0.1411,0.1352,0.1281,0.1190,0.1055,0.0549
150300,0.1726,0.1725,0.1721,0.1716,0.1707,0.1697,0.1683,0.1667,0.1649,0.1627,0.1602,0.1573,0.1541,0.1503,0.1460,0.1411,0.1352,0.1281,0.1189,0.1055,0.0549
150360,0.1726,0.1725,0.1721,0.1715,0.1707,0.1696,0.1683,0.1667,0.1648,0.1627,0.1602,0.1573,0.1540,0.1503,0.1460,0.1411,0.1352,0.1281,0.1189,0.1055,0.0549
150420,0.1725,0.1724,0.1721,0.1715,0.1707,0.1696,0.1683,0.1667,0.1648,0.1626,0.1601,0.1573,0.1540,0.1503,0.1460,0.1410,0.1352,0.1281,0.1189,0.1055,0.0549
150480,0.1725,0.1724,0.1720,0.1715,0.1706,0.1696,0.1682,0.1666,0.1648,0.1626,0.1601,0.1572,0.1540,0.1503,0.1460,0.1410,0.1352,0.1280,0.1189,0.1055,0.0549
150540,0.1725,0.1724,0.1720,0.1714,0.1706,0.1695,0.1682,0.1666,0.1647,0.1626,0.1601,0.1572,0.1539,0.1502,0.1459,0.1410,0.1351,0.1280,0.1189,0.1055,0.0549
150600,0.1724,0.1723,0.1720,0.1714,0.1706,0.1695,0.1682,0.1666,0.1647,0.1625,0.1600,0.1572,0.1539,0.1502,0.1459,0.1410,0.1351,0.1280,0.1189,0.1055,0.0549
150660,0.1724,0.1723,0.1719,0.1714,0.1705,0.1695,0.1681,0.1666,0.1647,0.1625,0.1600,0.1572,0.1539,0.1502,0.1459,0.1409,0.1351,0.1280,0.1188,0.1054,0.0549
150720,0.1724,0.1723,0.1719,0.1713,0.1705,0.1694,0.1681,0.1665,0.1646,0.1625,0.1600,0.1571,0.1539,0.1501,0.1459,0.1409,0.1351,0.1280,0.1188,0.1054,0.0549
150780,0.1723,0.1722,0.1719,0.1713,0.1705,0.1694,0.1681,0.1665,0.1646,0.1624,0.1600,0.1571,0.1538,0.1501,0.1459,0.1409,0.1351,0.1279,0.1188,0.1054,0.0549
150840,0.1723,0.1722,0.1718,0.1713,0.1704,0.1694,0.1680,0.1665,0.1646,0.1624,0.1599,0.1571,0.1538,0.1501,0.1458,0.1409,0.1350,0.1279,0.1188,0.1054,0.0549
150900,0.1723,0.1722,0.1718,0.1712,0.1704,0.1693,0.1680,0.1664,0.1646,0.1624,0.1599,0.1570,0.1538,0.1501,0.1458,0.1409,0.1350,0.1279,0.1188,0.1054,0.0549
150960,0.1722,0.1721,0.1718,0.1712,0.1704,0.1693,0.1680,0.1664,0.1645,0.1624,0.1599,0.1570,0.1538,0.1500,0.1458,0.1408,0.1350,0.1279,0.1188,0.1054,0.0549
151020,0.1722,0.1721,0.1717,0.1712,0.1703,0.1693,0.1680,0.1664,0.1645,0.1623,0.1598,0.1570,0.1537,0.1500,0.1458,0.1408,0.1350,0.1279,0.1187,0.1054,0.0549
151080,0.1722,0.1721,0.1717,0.1711,0.1703,0.1692,0.1679,0.1663,0.1645,0.1623,0.1598,0.1570,0.1537,0.1500,0.1457,0.1408,0.1349,0.1278,0.1187,0.1054,0.0549
151140,0.1721,0.1720,0.1717,0.1711,0.1703,0.1692,0.1679,0.1663,0.1644,0.1623,0.1598,0.1569,0.1537,0.1500,0.1457,0.1408,0.1349,0.1278,0.1187,0.1053,0.0549
151200,0.1721,0.1720,0.1717,0.1711,0.1702,0.1692,0.1679,0.1663,0.1644,0.1622,0.1598,0.1569,0.1537,0.1499,0.1457,0.1407,0.1349,0.1278,0.1187,0.1053,0.0548
151260,0.1721,0.1720,0.1716,0.1710,0.1702,0.1691,0.1678,0.1662,0.1644,0.1622,0.1597,0.1569,0.1536,0.1499,0.1457,0.1407,0.1349,0.1278,0.1187,0.1053,0.0548
151320,0.1721,0.1719,0.1716,0.1710,0.1702,0.1691,0.1678,0.1662,0.1643,0.1622,0.1597,0.1568,0.1536,0.1499,0.1456,0.1407,0.1349,0.1278,0.1187,0.1053,0.0548
151380,0.1720,0.1719,0.1716,0.1710,0.1702,0.1691,0.1678,0.1662,0.1643,0.1622,0.1597,0.1568,0.1536,0.1499,0.1456,0.1407,0.1348,0.1278,0.1186,0.1053,0.0548
151440,0.1720,0.1719,0.1715,0.1709,0.1701,0.1691,0.1677,0.1661,0.1643,0.1621,0.1596,0.1568,0.1535,0.1498,0.1456,0.1406,0.1348,0.1277,0.1186,0.1053,0.0548
151500,0.1720,0.1718,0.1715,0.1709,0.1701,0.1690,0.1677,0.1661,0.1643,0.1621,0.1596,0.1568,0.1535,0.1498,0.1456,0.1406,0.1348,0.1277,0.1186,0.1053,0.0548
151560,0.1719,0.1718,0.1715,0.1709,0.1701,0.1690,0.1677,0.1661,0.1642,0.1621,0.1596,0.1567,0.1535,0.1498,0.1455,0.1406,0.1348,0.1277,0.1186,0.1052,0.0548
151620,0.1719,0.1718,0.1714,0.1708,0.1700,0.1690,0.1676,0.1661,0.1642,0.1620,0.1595,0.1567,0.1535,0.1498,0.1455,0.1406,0.1348,0.1277,0.1186,0.1052,0.0548
151680,0.1719,0.1717,0.1714,0.1708,0.1700,0.1689,0.1676,0.1660,0.1642,0.1620,0.1595,0.1567,0.1534,0.1497,0.1455,0.1406,0.1347,0.1277,0.1186,0.1052,0.0548
151740,0.1718,0.1717,0.1714,0.1708,0.1700,0.1689,0.1676,0.1660,0.1641,0.1620,0.1595,0.1567,0.1534,0.1497,0.1455,0.1405,0.1347,0.1276,0.1185,0.1052,0.0548
151800,0.1718,0.1717,0.1713,0.1707,0.1699,0.1689,0.1675,0.1660,0.1641,0.1619,0.1595,0.1566,0.1534,0.1497,0.1454,0.1405,0.1347,0.1276,0.1185,0.1052,0.0548
151860,0.1718,0.1716,0.1713,0.1707,0.1699,0.1688,0.1675,0.1659,0.1641,0.1619,0.1594,0.1566,0.1534,0.1497,0.1454,0.1405,0.1347,0.1276,0.1185,0.1052,0.0548
151920,0.1717,0.1716,0.1713,0.1707,0.1699,0.1688,0.1675,0.1659,0.1640,0.1619,0.1594,0.1566,0.1533,0.1496,0.1454,0.1405,0.1346,0.1276,0.1185,0.1052,0.0548
151980,0.1717,0.1716,0.1712,0.1707,0.1698,0.1688,0.1675,0.1659,0.1640,0.1619,0.1594,0.1565,0.1533,0.1496,0.1454,0.1404,0.1346,0.1276,0.1185,0.1051,0.0548
152040,0.1717,0.1715,0.1712,0.1706,0.1698,0.1687,0.1674,0.1658,0.1640,0.1618,0.1594,0.1565,0.1533,0.1496,0.1453,0.1404,0.1346,0.1275,0.1184,0.1051,0.0548
152100,0.1716,0.1715,0.1712,0.1706,0.1698,0.1687,0.1674,0.1658,0.1640,0.1618,0.1593,0.1565,0.1533,0.1496,0.1453,0.1404,0.1346,0.1275,0.1184,0.1051,0.0548
152160,0.1716,0.1715,0.1711,0.1706,0.1697,0.1687,0.1674,0.1658,0.1639,0.1618,0.1593,0.1565,0.1532,0.1495,0.1453,0.1404,0.1346,0.1275,0.1184,0.1051,0.0548
152220,0.1716,0.1714,0.1711,0.1705,0.1697,0.1686,0.1673,0.1658,0.1639,0.1617,0.1593,0.1564,0.1532,0.1495,0.1453,0.1403,0.1345,0.1275,0.1184,0.1051,0.0548
152280,0.1715,0.1714,0.1711,0.1705,0.1697,0.1686,0.1673,0.1657,0.1639,0.1617,0.1592,0.1564,0.1532,0.1495,0.1452,0.1403,0.1345,0.1275,0.1184,0.1051,0.0548
152340,0.1715,0.1714,0.1710,0.1705,0.1696,0.1686,0.1673,0.1657,0.1638,0.1617,0.1592,0.1564,0.1531,0.1495,0.1452,0.1403,0.1345,0.1274,0.1184,0.1051,0.0548
152400,0.1715,0.1714,0.1710,0.1704,0.1696,0.1686,0.1672,0.1657,0.1638,0.1617,0.1592,0.1564,0.1531,0.1494,0.1452,0.1403,0.1345,0.1274,0.1183,0.1050,0.0548
152460,0.1714,0.1713,0.1710,0.1704,0.1696,0.1685,0.1672,0.1656,0.1638,0.1616,0.1592,0.1563,0.1531,0.1494,0.1452,0.1403,0.1345,0.1274,0.1183,0.1050,0.0548
152520,0.1714,0.1713,0.1709,0.1704,0.1695,0.1685,0.1672,0.1656,0.1637,0.1616,0.1591,0.1563,0.1531,0.1494,0.1451,0.1402,0.1344,0.1274,0.1183,0.1050,0.0548
152580,0.1714,0.1713,0.1709,0.1703,0.1695,0.1685,0.1671,0.1656,0.1637,0.1616,0.1591,0.1563,0.1530,0.1494,0.1451,0.1402,0.1344,0.1274,0.1183,0.1050,0.0548
152640,0.1713,0.1712,0.1709,0.1703,0.1695,0.1684,0.1671,0.1655,0.1637,0.1615,0.1591,0.1562,0.1530,0.1493,0.1451,0.1402,0.1344,0.1273,0.1183,0.1050,0.0548
152700,0.1713,0.1712,0.1708,0.1703,0.1695,0.1684,0.1671,0.1655,0.1637,0.1615,0.1590,0.1562,0.1530,0.1493,0.1451,0.1402,0.1344,0.1273,0.1183,0.1050,0.0548
152760,0.1713,0.1712,0.1708,0.1702,0.1694,0.1684,0.1671,0.1655,0.1636,0.1615,0.1590,0.1562,0.1530,0.1493,0.1450,0.1401,0.1344,0.1273,0.1182,0.1050,0.0548
152820,0.1712,0.1711,0.1708,0.1702,0.1694,0.1683,0.1670,0.1655,0.1636,0.1615,0.1590,0.1562,0.1529,0.1493,0.1450,0.1401,0.1343,0.1273,0.1182,0.1050,0.0547
152880,0.1712,0.1711,0.1708,0.1702,0.1694,0.1683,0.1670,0.1654,0.1636,0.1614,0.1590,0.1561,0.1529,0.1492,0.1450,0.1401,0.1343,0.1273,0.1182,0.1049,0.0547
152940,0.1712,0.1711,0.1707,0.1701,0.1693,0.1683,0.1670,0.1654,0.1635,0.1614,0.1589,0.1561,0.1529,0.1492,0.1450,0.1401,0.1343,0.1273,0.1182,0.1049,0.0547
153000,0.1711,0.1710,0.1707,0.1701,0.1693,0.1682,0.1669,0.1654,0.1635,0.1614,0.1589,0.1561,0.1529,0.1492,0.1450,0.1401,0.1343,0.1272,0.1182,0.1049,0.0547
153060,0.1711,0.1710,0.1707,0.1701,0.1693,0.1682,0.1669,0.1653,0.1635,0.1613,0.1589,0.1561,0.1528,0.1492,0.1449,0.1400,0.1342,0.1272,0.1182,0.1049,0.0547
153120,0.1711,0.1710,0.1706,0.1701,0.1692,0.1682,0.1669,0.1653,0.1635,0.1613,0.1588,0.1560,0.1528,0.1491,0.1449,0.1400,0.1342,0.1272,0.1181,0.1049,0.0547
153180,0.1711,0.1709,0.1706,0.1700,0.1692,0.1681,0.1668,0.1653,0.1634,0.1613,0.1588,0.1560,0.1528,0.1491,0.1449,0.1400,0.1342,0.1272,0.1181,0.1049,0.0547
153240,0.1710,0.1709,0.1706,0.1700,0.1692,0.1681,0.1668,0.1652,0.1634,0.1613,0.1588,0.1560,0.1528,0.1491,0.1449,0.1400,0.1342,0.1272,0.1181,0.1049,0.0547
153300,0.1710,0.1709,0.1705,0.1700,0.1691,0.1681,0.1668,0.1652,0.1634,0.1612,0.1588,0.1559,0.1527,0.1491,0.1448,0.1399,0.1342,0.1271,0.1181,0.1048,0.0547
153360,0.1710,0.1708,0.1705,0.1699,0.1691,0.1681,0.1668,0.1652,0.1633,0.1612,0.1587,0.1559,0.1527,0.1490,0.1448,0.1399,0.1341,0.1271,0.1181,0.1048,0.0547
153420,0.1709,0.1708,0.1705,0.1699,0.1691,0.1680,0.1667,0.1652,0.1633,0.1612,0.1587,0.1559,0.1527,0.1490,0.1448,0.1399,0.1341,0.1271,0.1181,0.1048,0.0547
153480,0.1709,0.1708,0.1704,0.1699,0.1690,0.1680,0.1667,0.1651,0.1633,0.1611,0.1587,0.1559,0.1526,0.1490,0.1448,0.1399,0.1341,0.1271,0.1180,0.1048,0.0547
153540,0.1709,0.1707,0.1704,0.1698,0.1690,0.1680,0.1667,0.1651,0.1632,0.1611,0.1586,0.1558,0.1526,0.1490,0.1447,0.1399,0.1341,0.1271,0.1180,0.1048,0.0547
153600,0.1708,0.1707,0.1704,0.1698,0.1690,0.1679,0.1666,0.1651,0.1632,0.1611,0.1586,0.1558,0.1526,0.1489,0.1447,0.1398,0.1341,0.1270,0.1180,0.1048,0.0547
153660,0.1708,0.1707,0.1703,0.1698,0.1690,0.1679,0.1666,0.1650,0.1632,0.1611,0.1586,0.1558,0.1526,0.1489,0.1447,0.1398,0.1340,0.1270,0.1180,0.1048,0.0547
153720,0.1708,0.1707,0.1703,0.1697,0.1689,0.1679,0.1666,0.1650,0.1632,0.1610,0.1586,0.1558,0.1525,0.1489,0.1447,0.1398,0.1340,0.1270,0.1180,0.1047,0.0547
153780,0.1707,0.1706,0.1703,0.1697,0.1689,0.1678,0.1665,0.1650,0.1631,0.1610,0.1585,0.1557,0.1525,0.1489,0.1446,0.1398,0.1340,0.1270,0.1180,0.1047,0.0547
153840,0.1707,0.1706,0.1702,0.1697,0.1689,0.1678,0.1665,0.1649,0.1631,0.1610,0.1585,0.1557,0.1525,0.1488,0.1446,0.1397,0.1340,0.1270,0.1179,0.1047,0.0547
153900,0.1707,0.1706,0.1702,0.1696,0.1688,0.1678,0.1665,0.1649,0.1631,0.1609,0.1585,0.1557,0.1525,0.1488,0.1446,0.1397,0.1340,0.1269,0.1179,0.1047,0.0547
153960,0.1706,0.1705,0.1702,0.1696,0.1688,0.1678,0.1664,0.1649,0.1630,0.1609,0.1585,0.1556,0.1524,0.1488,0.1446,0.1397,0.1339,0.1269,0.1179,0.1047,0.0547
154020,0.1706,0.1705,0.1702,0.1696,0.1688,0.1677,0.1664,0.1649,0.1630,0.1609,0.1584,0.1556,0.1524,0.1488,0.1446,0.1397,0.1339,0.1269,0.1179,0.1047,0.0547
154080,0.1706,0.1705,0.1701,0.1696,0.1687,0.1677,0.1664,0.1648,0.1630,0.1609,0.1584,0.1556,0.1524,0.1487,0.1445,0.1396,0.1339,0.1269,0.1179,0.1047,0.0547
154140,0.1705,0.1704,0.1701,0.1695,0.1687,0.1677,0.1664,0.1648,0.1630,0.1608,0.1584,0.1556,0.1524,0.1487,0.1445,0.1396,0.1339,0.1269,0.1179,0.1047,0.0547
154200,0.1705,0.1704,0.1701,0.1695,0.1687,0.1676,0.1663,0.1648,0.1629,0.1608,0.1583,0.1555,0.1523,0.1487,0.1445,0.1396,0.1339,0.1269,0.1178,0.1046,0.0547
154260,0.1705,0.1704,0.1700,0.1695,0.1686,0.1676,0.1663,0.1647,0.1629,0.1608,0.1583,0.1555,0.1523,0.1487,0.1445,0.1396,0.1338,0.1268,0.1178,0.1046,0.0547
154320,0.1705,0.1703,0.1700,0.1694,0.1686,0.1676,0.1663,0.1647,0.1629,0.1607,0.1583,0.1555,0.1523,0.1486,0.1444,0.1396,0.1338,0.1268,0.1178,0.1046,0.0547
154380,0.1704,0.1703,0.1700,0.1694,0.1686,0.1675,0.1662,0.1647,0.1628,0.1607,0.1583,0.1555,0.1523,0.1486,0.1444,0.1395,0.1338,0.1268,0.1178,0.1046,0.0547
154440,0.1704,0.1703,0.1699,0.1694,0.1686,0.1675,0.1662,0.1646,0.1628,0.1607,0.1582,0.1554,0.1522,0.1486,0.1444,0.1395,0.1338,0.1268,0.1178,0.1046,0.0546
154500,0.1704,0.1702,0.1699,0.1693,0.1685,0.1675,0.1662,0.1646,0.1628,0.1607,0.1582,0.1554,0.1522,0.1486,0.1444,0.1395,0.1338,0.1268,0.1178,0.1046,0.0546
154560,0.1703,0.1702,0.1699,0.1693,0.1685,0.1674,0.1661,0.1646,0.1628,0.1606,0.1582,0.1554,0.1522,0.1485,0.1443,0.1395,0.1337,0.1267,0.1177,0.1046,0.0546
154620,0.1703,0.1702,0.1698,0.1693,0.1685,0.1674,0.1661,0.1646,0.1627,0.1606,0.1582,0.1554,0.1522,0.1485,0.1443,0.1395,0.1337,0.1267,0.1177,0.1045,0.0546
154680,0.1703,0.1702,0.1698,0.1692,0.1684,0.1674,0.1661,0.1645,0.1627,0.1606,0.1581,0.1553,0.1521,0.1485,0.1443,0.1394,0.1337,0.1267,0.1177,0.1045,0.0546
154740,0.1702,0.1701,0.1698,0.1692,0.1684,0.1674,0.1661,0.1645,0.1627,0.1605,0.1581,0.1553,0.1521,0.1485,0.1443,0.1394,0.1337,0.1267,0.1177,0.1045,0.0546
154800,0.1702,0.1701,0.1697,0.1692,0.1684,0.1673,0.1660,0.1645,0.1626,0.1605,0.1581,0.1553,0.1521,0.1484,0.1442,0.1394,0.1336,0.1267,0.1177,0.1045,0.0546
154860,0.1702,0.1701,0.1697,0.1691,0.1683,0.1673,0.1660,0.1644,0.1626,0.1605,0.1580,0.1552,0.1521,0.1484,0.1442,0.1394,0.1336,0.1266,0.1177,0.1045,0.0546
154920,0.1701,0.1700,0.1697,0.1691,0.1683,0.1673,0.1660,0.1644,0.1626,0.1605,0.1580,0.1552,0.1520,0.1484,0.1442,0.1393,0.1336,0.1266,0.1176,0.1045,0.0546
154980,0.1701,0.1700,0.1697,0.1691,0.1683,0.1672,0.1659,0.1644,0.1626,0.1604,0.1580,0.1552,0.1520,0.1484,0.1442,0.1393,0.1336,0.1266,0.1176,0.1045,0.0546
155040,0.1701,0.1700,0.1696,0.1691,0.1682,0.1672,0.1659,0.1644,0.1625,0.1604,0.1580,0.1552,0.1520,0.1483,0.1442,0.1393,0.1336,0.1266,0.1176,0.1045,0.0546
155100,0.1701,0.1699,0.1696,0.1690,0.1682,0.1672,0.1659,0.1643,0.1625,0.1604,0.1579,0.1551,0.1520,0.1483,0.1441,0.1393,0.1335,0.1266,0.1176,0.1044,0.0546
155160,0.1700,0.1699,0.1696,0.1690,0.1682,0.1671,0.1659,0.1643,0.1625,0.1603,0.1579,0.1551,0.1519,0.1483,0.1441,0.1393,0.1335,0.1266,0.1176,0.1044,0.0546
155220,0.1700,0.1699,0.1695,0.1690,0.1682,0.1671,0.1658,0.1643,0.1624,0.1603,0.1579,0.1551,0.1519,0.1483,0.1441,0.1392,0.1335,0.1265,0.1176,0.1044,0.0546
155280,0.1700,0.1698,0.1695,0.1689,0.1681,0.1671,0.1658,0.1642,0.1624,0.1603,0.1579,0.1551,0.1519,0.1482,0.1441,0.1392,0.1335,0.1265,0.1176,0.1044,0.0546
155340,0.1699,0.1698,0.1695,0.1689,0.1681,0.1671,0.1658,0.1642,0.1624,0.1603,0.1578,0.1550,0.1519,0.1482,0.1440,0.1392,0.1335,0.1265,0.1175,0.1044,0.0546
155400,0.1699,0.1698,0.1694,0.1689,0.1681,0.1670,0.1657,0.1642,0.1624,0.1602,0.1578,0.1550,0.1518,0.1482,0.1440,0.1392,0.1334,0.1265,0.1175,0.1044,0.0546
155460,0.1699,0.1698,0.1694,0.1688,0.1680,0.1670,0.1657,0.1642,0.1623,0.1602,0.1578,0.1550,0.1518,0.1482,0.1440,0.1391,0.1334,0.1265,0.1175,0.1044,0.0546
155520,0.1698,0.1697,0.1694,0.1688,0.1680,0.1670,0.1657,0.1641,0.1623,0.1602,0.1577,0.1550,0.1518,0.1481,0.1440,0.1391,0.1334,0.1264,0.1175,0.1043,0.0546
155580,0.1698,0.1697,0.1693,0.1688,0.1680,0.1669,0.1656,0.1641,0.1623,0.1602,0.1577,0.1549,0.1518,0.1481,0.1439,0.1391,0.1334,0.1264,0.1175,0.1043,0.0546
155640,0.1698,0.1697,0.1693,0.1688,0.1679,0.1669,0.1656,0.1641,0.1622,0.1601,0.1577,0.1549,0.1517,0.1481,0.1439,0.1391,0.1334,0.1264,0.1175,0.1043,0.0546
155700,0.1697,0.1696,0.1693,0.1687,0.1679,0.1669,0.1656,0.1640,0.1622,0.1601,0.1577,0.1549,0.1517,0.1481,0.1439,0.1391,0.1333,0.1264,0.1174,0.1043,0.0546
155760,0.1697,0.1696,0.1693,0.1687,0.1679,0.1668,0.1656,0.1640,0.1622,0.1601,0.1576,0.1549,0.1517,0.1480,0.1439,0.1390,0.1333,0.1264,0.1174,0.1043,0.0546
155820,0.1697,0.1696,0.1692,0.1687,0.1679,0.1668,0.1655,0.1640,0.1622,0.1600,0.1576,0.1548,0.1516,0.1480,0.1439,0.1390,0.1333,0.1264,0.1174,0.1043,0.0546
155880,0.1697,0.1695,0.1692,0.1686,0.1678,0.1668,0.1655,0.1639,0.1621,0.1600,0.1576,0.1548,0.1516,0.1480,0.1438,0.1390,0.1333,0.1263,0.1174,0.1043,0.0546
155940,0.1696,0.1695,0.1692,0.1686,0.1678,0.1668,0.1655,0.1639,0.1621,0.1600,0.1576,0.1548,0.1516,0.1480,0.1438,0.1390,0.1333,0.1263,0.1174,0.1043,0.0546
156000,0.1696,0.1695,0.1691,0.1686,0.1678,0.1667,0.1654,0.1639,0.1621,0.1600,0.1575,0.1547,0.1516,0.1479,0.1438,0.1389,0.1332,0.1263,0.1174,0.1042,0.0546
156060,0.1696,0.1694,0.1691,0.1685,0.1677,0.1667,0.1654,0.1639,0.1620,0.1599,0.1575,0.1547,0.1515,0.1479,0.1438,0.1389,0.1332,0.1263,0.1173,0.1042,0.0546
156120,0.1695,0.1694,0.1691,0.1685,0.1677,0.1667,0.1654,0.1638,0.1620,0.1599,0.1575,0.1547,0.1515,0.1479,0.1437,0.1389,0.1332,0.1263,0.1173,0.1042,0.0545
156180,0.1695,0.1694,0.1690,0.1685,0.1677,0.1666,0.1654,0.1638,0.1620,0.1599,0.1574,0.1547,0.1515,0.1479,0.1437,0.1389,0.1332,0.1262,0.1173,0.1042,0.0545
156240,0.1695,0.1694,0.1690,0.1684,0.1676,0.1666,0.1653,0.1638,0.1620,0.1598,0.1574,0.1546,0.1515,0.1479,0.1437,0.1389,0.1332,0.1262,0.1173,0.1042,0.0545
156300,0.1694,0.1693,0.1690,0.1684,0.1676,0.1666,0.1653,0.1637,0.1619,0.1598,0.1574,0.1546,0.1514,0.1478,0.1437,0.1388,0.1331,0.1262,0.1173,0.1042,0.0545
156360,0.1694,0.1693,0.1690,0.1684,0.1676,0.1665,0.1653,0.1637,0.1619,0.1598,0.1574,0.1546,0.1514,0.1478,0.1436,0.1388,0.1331,0.1262,0.1173,0.1042,0.0545
156420,0.1694,0.1693,0.1689,0.1684,0.1676,0.1665,0.1652,0.1637,0.1619,0.1598,0.1573,0.1546,0.1514,0.1478,0.1436,0.1388,0.1331,0.1262,0.1172,0.1042,0.0545
156480,0.1693,0.1692,0.1689,0.1683,0.1675,0.1665,0.1652,0.1637,0.1618,0.1597,0.1573,0.1545,0.1514,0.1478,0.1436,0.1388,0.1331,0.1262,0.1172,0.1041,0.0545
156540,0.1693,0.1692,0.1689,0.1683,0.1675,0.1665,0.1652,0.1636,0.1618,0.1597,0.1573,0.1545,0.1513,0.1477,0.1436,0.1388,0.1331,0.1261,0.1172,0.1041,0.0545
156600,0.1693,0.1692,0.1688,0.1683,0.1675,0.1664,0.1651,0.1636,0.1618,0.1597,0.1573,0.1545,0.1513,0.1477,0.1436,0.1387,0.1330,0.1261,0.1172,0.1041,0.0545
156660,0.1693,0.1691,0.1688,0.1682,0.1674,0.1664,0.1651,0.1636,0.1618,0.1597,0.1572,0.1545,0.1513,0.1477,0.1435,0.1387,0.1330,0.1261,0.1172,0.1041,0.0545
156720,0.1692,0.1691,0.1688,0.1682,0.1674,0.1664,0.1651,0.1635,0.1617,0.1596,0.1572,0.1544,0.1513,0.1477,0.1435,0.1387,0.1330,0.1261,0.1172,0.1041,0.0545
156780,0.1692,0.1691,0.1687,0.1682,0.1674,0.1663,0.1651,0.1635,0.1617,0.1596,0.1572,0.1544,0.1512,0.1476,0.1435,0.1387,0.1330,0.1261,0.1171,0.1041,0.0545
156840,0.1692,0.1690,0.1687,0.1681,0.1673,0.1663,0.1650,0.1635,0.1617,0.1596,0.1572,0.1544,0.1512,0.1476,0.1435,0.1386,0.1330,0.1260,0.1171,0.1041,0.0545
156900,0.1691,0.1690,0.1687,0.1681,0.1673,0.1663,0.1650,0.1635,0.1616,0.1595,0.1571,0.1544,0.1512,0.1476,0.1434,0.1386,0.1329,0.1260,0.1171,0.1040,0.0545
156960,0.1691,0.1690,0.1687,0.1681,0.1673,0.1663,0.1650,0.1634,0.1616,0.1595,0.1571,0.1543,0.1512,0.1476,0.1434,0.1386,0.1329,0.1260,0.1171,0.1040,0.0545
157020,0.1691,0.1690,0.1686,0.1681,0.1673,0.1662,0.1649,0.1634,0.1616,0.1595,0.1571,0.1543,0.1511,0.1475,0.1434,0.1386,0.1329,0.1260,0.1171,0.1040,0.0545
157080,0.1690,0.1689,0.1686,0.1680,0.1672,0.1662,0.1649,0.1634,0.1616,0.1595,0.1570,0.1543,0.1511,0.1475,0.1434,0.1386,0.1329,0.1260,0.1171,0.1040,0.0545
157140,0.1690,0.1689,0.1686,0.1680,0.1672,0.1662,0.1649,0.1633,0.1615,0.1594,0.1570,0.1543,0.1511,0.1475,0.1433,0.1385,0.1329,0.1260,0.1171,0.1040,0.0545
157200,0.1690,0.1689,0.1685,0.1680,0.1672,0.1661,0.1649,0.1633,0.1615,0.1594,0.1570,0.1542,0.1511,0.1475,0.1433,0.1385,0.1328,0.1259,0.1170,0.1040,0.0545
157260,0.1690,0.1688,0.1685,0.1679,0.1671,0.1661,0.1648,0.1633,0.1615,0.1594,0.1570,0.1542,0.1510,0.1474,0.1433,0.1385,0.1328,0.1259,0.1170,0.1040,0.0545
157320,0.1689,0.1688,0.1685,0.1679,0.1671,0.1661,0.1648,0.1633,0.1615,0.1594,0.1569,0.1542,0.1510,0.1474,0.1433,0.1385,0.1328,0.1259,0.1170,0.1040,0.0545
157380,0.1689,0.1688,0.1684,0.1679,0.1671,0.1660,0.1648,0.1632,0.1614,0.1593,0.1569,0.1542,0.1510,0.1474,0.1433,0.1385,0.1328,0.1259,0.1170,0.1039,0.0545
157440,0.1689,0.1687,0.1684,0.1678,0.1671,0.1660,0.1647,0.1632,0.1614,0.1593,0.1569,0.1541,0.1510,0.1474,0.1432,0.1384,0.1328,0.1259,0.1170,0.1039,0.0545
157500,0.1688,0.1687,0.1684,0.1678,0.1670,0.1660,0.1647,0.1632,0.1614,0.1593,0.1569,0.1541,0.1509,0.1473,0.1432,0.1384,0.1327,0.1258,0.1170,0.1039,0.0545
157560,0.1688,0.1687,0.1684,0.1678,0.1670,0.1660,0.1647,0.1631,0.1613,0.1592,0.1568,0.1541,0.1509,0.1473,0.1432,0.1384,0.1327,0.1258,0.1169,0.1039,0.0545
157620,0.1688,0.1687,0.1683,0.1678,0.1670,0.1659,0.1647,0.1631,0.1613,0.1592,0.1568,0.1540,0.1509,0.1473,0.1432,0.1384,0.1327,0.1258,0.1169,0.1039,0.0545
157680,0.1687,0.1686,0.1683,0.1677,0.1669,0.1659,0.1646,0.1631,0.1613,0.1592,0.1568,0.1540,0.1509,0.1473,0.1431,0.1383,0.1327,0.1258,0.1169,0.1039,0.0545
157740,0.1687,0.1686,0.1683,0.1677,0.1669,0.1659,0.1646,0.1631,0.1613,0.1592,0.1568,0.1540,0.1509,0.1473,0.1431,0.1383,0.1327,0.1258,0.1169,0.1039,0.0545
157800,0.1687,0.1686,0.1682,0.1677,0.1669,0.1658,0.1646,0.1630,0.1612,0.1591,0.1567,0.1540,0.1508,0.1472,0.1431,0.1383,0.1326,0.1258,0.1169,0.1039,0.0545
157860,0.1687,0.1685,0.1682,0.1676,0.1668,0.1658,0.1645,0.1630,0.1612,0.1591,0.1567,0.1539,0.1508,0.1472,0.1431,0.1383,0.1326,0.1257,0.1169,0.1038,0.0545
157920,0.1686,0.1685,0.1682,0.1676,0.1668,0.1658,0.1645,0.1630,0.1612,0.1591,0.1567,0.1539,0.1508,0.1472,0.1431,0.1383,0.1326,0.1257,0.1168,0.1038,0.0544
157980,0.1686,0.1685,0.1681,0.1676,0.1668,0.1658,0.1645,0.1630,0.1611,0.1591,0.1566,0.1539,0.1508,0.1472,0.1430,0.1382,0.1326,0.1257,0.1168,0.1038,0.0544
158040,0.1686,0.1684,0.1681,0.1676,0.1668,0.1657,0.1645,0.1629,0.1611,0.1590,0.1566,0.1539,0.1507,0.1471,0.1430,0.1382,0.1326,0.1257,0.1168,0.1038,0.0544
158100,0.1685,0.1684,0.1681,0.1675,0.1667,0.1657,0.1644,0.1629,0.1611,0.1590,0.1566,0.1538,0.1507,0.1471,0.1430,0.1382,0.1325,0.1257,0.1168,0.1038,0.0544
158160,0.1685,0.1684,0.1681,0.1675,0.1667,0.1657,0.1644,0.1629,0.1611,0.1590,0.1566,0.1538,0.1507,0.1471,0.1430,0.1382,0.1325,0.1256,0.1168,0.1038,0.0544
158220,0.1685,0.1684,0.1680,0.1675,0.1667,0.1656,0.1644,0.1628,0.1610,0.1589,0.1565,0.1538,0.1507,0.1471,0.1429,0.1382,0.1325,0.1256,0.1168,0.1038,0.0544
158280,0.1684,0.1683,0.1680,0.1674,0.1666,0.1656,0.1643,0.1628,0.1610,0.1589,0.1565,0.1538,0.1506,0.1470,0.1429,0.1381,0.1325,0.1256,0.1168,0.1038,0.0544
158340,0.1684,0.1683,0.1680,0.1674,0.1666,0.1656,0.1643,0.1628,0.1610,0.1589,0.1565,0.1537,0.1506,0.1470,0.1429,0.1381,0.1325,0.1256,0.1167,0.1037,0.0544
158400,0.1684,0.1683,0.1679,0.1674,0.1666,0.1656,0.1643,0.1628,0.1610,0.1589,0.1565,0.1537,0.1506,0.1470,0.1429,0.1381,0.1324,0.1256,0.1167,0.1037,0.0544
158460,0.1684,0.1682,0.1679,0.1673,0.1666,0.1655,0.1643,0.1627,0.1609,0.1588,0.1564,0.1537,0.1506,0.1470,0.1429,0.1381,0.1324,0.1256,0.1167,0.1037,0.0544
158520,0.1683,0.1682,0.1679,0.1673,0.1665,0.1655,0.1642,0.1627,0.1609,0.1588,0.1564,0.1537,0.1505,0.1469,0.1428,0.1381,0.1324,0.1255,0.1167,0.1037,0.0544
158580,0.1683,0.1682,0.1678,0.1673,0.1665,0.1655,0.1642,0.1627,0.1609,0.1588,0.1564,0.1536,0.1505,0.1469,0.1428,0.1380,0.1324,0.1255,0.1167,0.1037,0.0544
158640,0.1683,0.1682,0.1678,0.1673,0.1665,0.1654,0.1642,0.1626,0.1608,0.1588,0.1564,0.1536,0.1505,0.1469,0.1428,0.1380,0.1324,0.1255,0.1167,0.1037,0.0544
158700,0.1682,0.1681,0.1678,0.1672,0.1664,0.1654,0.1641,0.1626,0.1608,0.1587,0.1563,0.1536,0.1505,0.1469,0.1428,0.1380,0.1324,0.1255,0.1166,0.1037,0.0544
158760,0.1682,0.1681,0.1678,0.1672,0.1664,0.1654,0.1641,0.1626,0.1608,0.1587,0.1563,0.1536,0.1504,0.1469,0.1427,0.1380,0.1323,0.1255,0.1166,0.1036,0.0544
158820,0.1682,0.1681,0.1677,0.1672,0.1664,0.1654,0.1641,0.1626,0.1608,0.1587,0.1563,0.1535,0.1504,0.1468,0.1427,0.1379,0.1323,0.1254,0.1166,0.1036,0.0544
158880,0.1681,0.1680,0.1677,0.1671,0.1664,0.1653,0.1641,0.1625,0.1607,0.1587,0.1563,0.1535,0.1504,0.1468,0.1427,0.1379,0.1323,0.1254,0.1166,0.1036,0.0544
158940,0.1681,0.1680,0.1677,0.1671,0.1663,0.1653,0.1640,0.1625,0.1607,0.1586,0.1562,0.1535,0.1504,0.1468,0.1427,0.1379,0.1323,0.1254,0.1166,0.1036,0.0544
159000,0.1681,0.1680,0.1676,0.1671,0.1663,0.1653,0.1640,0.1625,0.1607,0.1586,0.1562,0.1535,0.1503,0.1468,0.1427,0.1379,0.1323,0.1254,0.1166,0.1036,0.0544
159060,0.1681,0.1679,0.1676,0.1671,0.1663,0.1652,0.1640,0.1624,0.1607,0.1586,0.1562,0.1534,0.1503,0.1467,0.1426,0.1379,0.1322,0.1254,0.1165,0.1036,0.0544
159120,0.1680,0.1679,0.1676,0.1670,0.1662,0.1652,0.1639,0.1624,0.1606,0.1585,0.1562,0.1534,0.1503,0.1467,0.1426,0.1378,0.1322,0.1254,0.1165,0.1036,0.0544
159180,0.1680,0.1679,0.1676,0.1670,0.1662,0.1652,0.1639,0.1624,0.1606,0.1585,0.1561,0.1534,0.1503,0.1467,0.1426,0.1378,0.1322,0.1253,0.1165,0.1036,0.0544
159240,0.1680,0.1679,0.1675,0.1670,0.1662,0.1652,0.1639,0.1624,0.1606,0.1585,0.1561,0.1534,0.1502,0.1467,0.1426,0.1378,0.1322,0.1253,0.1165,0.1035,0.0544
159300,0.1679,0.1678,0.1675,0.1669,0.1661,0.1651,0.1639,0.1623,0.1605,0.1585,0.1561,0.1533,0.1502,0.1466,0.1425,0.1378,0.1322,0.1253,0.1165,0.1035,0.0544
159360,0.1679,0.1678,0.1675,0.1669,0.1661,0.1651,0.1638,0.1623,0.1605,0.1584,0.1561,0.1533,0.1502,0.1466,0.1425,0.1378,0.1321,0.1253,0.1165,0.1035,0.0544
159420,0.1679,0.1678,0.1674,0.1669,0.1661,0.1651,0.1638,0.1623,0.1605,0.1584,0.1560,0.1533,0.1502,0.1466,0.1425,0.1377,0.1321,0.1253,0.1165,0.1035,0.0544
159480,0.1679,0.1677,0.1674,0.1669,0.1661,0.1650,0.1638,0.1623,0.1605,0.1584,0.1560,0.1533,0.1501,0.1466,0.1425,0.1377,0.1321,0.1253,0.1164,0.1035,0.0544
159540,0.1678,0.1677,0.1674,0.1668,0.1660,0.1650,0.1637,0.1622,0.1604,0.1584,0.1560,0.1532,0.1501,0.1466,0.1425,0.1377,0.1321,0.1252,0.1164,0.1035,0.0544
159600,0.1678,0.1677,0.1674,0.1668,0.1660,0.1650,0.1637,0.1622,0.1604,0.1583,0.1559,0.1532,0.1501,0.1465,0.1424,0.1377,0.1321,0.1252,0.1164,0.1035,0.0544
159660,0.1678,0.1677,0.1673,0.1668,0.1660,0.1650,0.1637,0.1622,0.1604,0.1583,0.1559,0.1532,0.1501,0.1465,0.1424,0.1377,0.1320,0.1252,0.1164,0.1035,0.0544
159720,0.1677,0.1676,0.1673,0.1667,0.1659,0.1649,0.1637,0.1621,0.1604,0.1583,0.1559,0.1532,0.1500,0.1465,0.1424,0.1376,0.1320,0.1252,0.1164,0.1034,0.0543
159780,0.1677,0.1676,0.1673,0.1667,0.1659,0.1649,0.1636,0.1621,0.1603,0.1583,0.1559,0.1531,0.1500,0.1465,0.1424,0.1376,0.1320,0.1252,0.1164,0.1034,0.0543
159840,0.1677,0.1676,0.1672,0.1667,0.1659,0.1649,0.1636,0.1621,0.1603,0.1582,0.1558,0.1531,0.1500,0.1464,0.1423,0.1376,0.1320,0.1252,0.1163,0.1034,0.0543
159900,0.1677,0.1675,0.1672,0.1666,0.1659,0.1648,0.1636,0.1621,0.1603,0.1582,0.1558,0.1531,0.1500,0.1464,0.1423,0.1376,0.1320,0.1251,0.1163,0.1034,0.0543
159960,0.1676,0.1675,0.1672,0.1666,0.1658,0.1648,0.1636,0.1620,0.1603,0.1582,0.1558,0.1531,0.1500,0.1464,0.1423,0.1376,0.1319,0.1251,0.1163,0.1034,0.0543
160020,0.1676,0.1675,0.1671,0.1666,0.1658,0.1648,0.1635,0.1620,0.1602,0.1582,0.1558,0.1530,0.1499,0.1464,0.1423,0.1375,0.1319,0.1251,0.1163,0.1034,0.0543
160080,0.1676,0.1675,0.1671,0.1666,0.1658,0.1648,0.1635,0.1620,0.1602,0.1581,0.1557,0.1530,0.1499,0.1463,0.1423,0.1375,0.1319,0.1251,0.1163,0.1034,0.0543
160140,0.1675,0.1674,0.1671,0.1665,0.1657,0.1647,0.1635,0.1620,0.1602,0.1581,0.1557,0.1530,0.1499,0.1463,0.1422,0.1375,0.1319,0.1251,0.1163,0.1034,0.0543
160200,0.1675,0.1674,0.1671,0.1665,0.1657,0.1647,0.1634,0.1619,0.1601,0.1581,0.1557,0.1530,0.1499,0.1463,0.1422,0.1375,0.1319,0.1250,0.1163,0.1033,0.0543
160260,0.1675,0.1674,0.1670,0.1665,0.1657,0.1647,0.1634,0.1619,0.1601,0.1580,0.1557,0.1529,0.1498,0.1463,0.1422,0.1375,0.1319,0.1250,0.1162,0.1033,0.0543
160320,0.1674,0.1673,0.1670,0.1664,0.1657,0.1646,0.1634,0.1619,0.1601,0.1580,0.1556,0.1529,0.1498,0.1463,0.1422,0.1374,0.1318,0.1250,0.1162,0.1033,0.0543
160380,0.1674,0.1673,0.1670,0.1664,0.1656,0.1646,0.1634,0.1618,0.1601,0.1580,0.1556,0.1529,0.1498,0.1462,0.1421,0.1374,0.1318,0.1250,0.1162,0.1033,0.0543
160440,0.1674,0.1673,0.1669,0.1664,0.1656,0.1646,0.1633,0.1618,0.1600,0.1580,0.1556,0.1529,0.1498,0.1462,0.1421,0.1374,0.1318,0.1250,0.1162,0.1033,0.0543
160500,0.1674,0.1672,0.1669,0.1664,0.1656,0.1646,0.1633,0.1618,0.1600,0.1579,0.1556,0.1528,0.1497,0.1462,0.1421,0.1374,0.1318,0.1250,0.1162,0.1033,0.0543
160560,0.1673,0.1672,0.1669,0.1663,0.1656,0.1645,0.1633,0.1618,0.1600,0.1579,0.1555,0.1528,0.1497,0.1462,0.1421,0.1373,0.1318,0.1249,0.1162,0.1033,0.0543
160620,0.1673,0.1672,0.1669,0.1663,0.1655,0.1645,0.1632,0.1617,0.1600,0.1579,0.1555,0.1528,0.1497,0.1461,0.1421,0.1373,0.1317,0.1249,0.1161,0.1033,0.0543
160680,0.1673,0.1672,0.1668,0.1663,0.1655,0.1645,0.1632,0.1617,0.1599,0.1579,0.1555,0.1528,0.1497,0.1461,0.1420,0.1373,0.1317,0.1249,0.1161,0.1032,0.0543
160740,0.1672,0.1671,0.1668,0.1662,0.1655,0.1645,0.1632,0.1617,0.1599,0.1578,0.1555,0.1527,0.1496,0.1461,0.1420,0.1373,0.1317,0.1249,0.1161,0.1032,0.0543
160800,0.1672,0.1671,0.1668,0.1662,0.1654,0.1644,0.1632,0.1617,0.1599,0.1578,0.1554,0.1527,0.1496,0.1461,0.1420,0.1373,0.1317,0.1249,0.1161,0.1032,0.0543
160860,0.1672,0.1671,0.1667,0.1662,0.1654,0.1644,0.1631,0.1616,0.1598,0.1578,0.1554,0.1527,0.1496,0.1460,0.1420,0.1372,0.1317,0.1249,0.1161,0.1032,0.0543
160920,0.1672,0.1670,0.1667,0.1662,0.1654,0.1644,0.1631,0.1616,0.1598,0.1578,0.1554,0.1527,0.1496,0.1460,0.1420,0.1372,0.1316,0.1248,0.1161,0.1032,0.0543
160980,0.1671,0.1670,0.1667,0.1661,0.1654,0.1643,0.1631,0.1616,0.1598,0.1577,0.1554,0.1526,0.1495,0.1460,0.1419,0.1372,0.1316,0.1248,0.1161,0.1032,0.0543
161040,0.1671,0.1670,0.1667,0.1661,0.1653,0.1643,0.1631,0.1615,0.1598,0.1577,0.1553,0.1526,0.1495,0.1460,0.1419,0.1372,0.1316,0.1248,0.1160,0.1032,0.0543
161100,0.1671,0.1670,0.1666,0.1661,0.1653,0.1643,0.1630,0.1615,0.1597,0.1577,0.1553,0.1526,0.1495,0.1460,0.1419,0.1372,0.1316,0.1248,0.1160,0.1032,0.0543
161160,0.1670,0.1669,0.1666,0.1661,0.1653,0.1643,0.1630,0.1615,0.1597,0.1577,0.1553,0.1526,0.1495,0.1459,0.1419,0.1371,0.1316,0.1248,0.1160,0.1031,0.0543
161220,0.1670,0.1669,0.1666,0.1660,0.1652,0.1642,0.1630,0.1615,0.1597,0.1576,0.1553,0.1525,0.1495,0.1459,0.1418,0.1371,0.1315,0.1248,0.1160,0.1031,0.0543
161280,0.1670,0.1669,0.1665,0.1660,0.1652,0.1642,0.1629,0.1614,0.1597,0.1576,0.1552,0.1525,0.1494,0.1459,0.1418,0.1371,0.1315,0.1247,0.1160,0.1031,0.0543
161340,0.1670,0.1668,0.1665,0.1660,0.1652,0.1642,0.1629,0.1614,0.1596,0.1576,0.1552,0.1525,0.1494,0.1459,0.1418,0.1371,0.1315,0.1247,0.1160,0.1031,0.0543
161400,0.1669,0.1668,0.1665,0.1659,0.1652,0.1641,0.1629,0.1614,0.1596,0.1576,0.1552,0.1525,0.1494,0.1458,0.1418,0.1371,0.1315,0.1247,0.1159,0.1031,0.0543
161460,0.1669,0.1668,0.1665,0.1659,0.1651,0.1641,0.1629,0.1614,0.1596,0.1575,0.1552,0.1525,0.1494,0.1458,0.1418,0.1370,0.1315,0.1247,0.1159,0.1031,0.0543
161520,0.1669,0.1668,0.1664,0.1659,0.1651,0.1641,0.1628,0.1613,0.1596,0.1575,0.1551,0.1524,0.1493,0.1458,0.1417,0.1370,0.1315,0.1247,0.1159,0.1031,0.0543
161580,0.1668,0.1667,0.1664,0.1659,0.1651,0.1641,0.1628,0.1613,0.1595,0.1575,0.1551,0.1524,0.1493,0.1458,0.1417,0.1370,0.1314,0.1246,0.1159,0.1031,0.0543
161640,0.1668,0.1667,0.1664,0.1658,0.1650,0.1640,0.1628,0.1613,0.1595,0.1575,0.1551,0.1524,0.1493,0.1458,0.1417,0.1370,0.1314,0.1246,0.1159,0.1030,0.0542
161700,0.1668,0.1667,0.1663,0.1658,0.1650,0.1640,0.1628,0.1612,0.1595,0.1574,0.1551,0.1524,0.1493,0.1457,0.1417,0.1370,0.1314,0.1246,0.1159,0.1030,0.0542
161760,0.1668,0.1666,0.1663,0.1658,0.1650,0.1640,0.1627,0.1612,0.1595,0.1574,0.1550,0.1523,0.1492,0.1457,0.1417,0.1369,0.1314,0.1246,0.1159,0.1030,0.0542
161820,0.1667,0.1666,0.1663,0.1657,0.1650,0.1640,0.1627,0.1612,0.1594,0.1574,0.1550,0.1523,0.1492,0.1457,0.1416,0.1369,0.1314,0.1246,0.1158,0.1030,0.0542
161880,0.1667,0.1666,0.1663,0.1657,0.1649,0.1639,0.1627,0.1612,0.1594,0.1573,0.1550,0.1523,0.1492,0.1457,0.1416,0.1369,0.1313,0.1246,0.1158,0.1030,0.0542
161940,0.1667,0.1666,0.1662,0.1657,0.1649,0.1639,0.1626,0.1611,0.1594,0.1573,0.1550,0.1523,0.1492,0.1456,0.1416,0.1369,0.1313,0.1245,0.1158,0.1030,0.0542
162000,0.1666,0.1665,0.1662,0.1657,0.1649,0.1639,0.1626,0.1611,0.1593,0.1573,0.1549,0.1522,0.1491,0.1456,0.1416,0.1369,0.1313,0.1245,0.1158,0.1030,0.0542
162060,0.1666,0.1665,0.1662,0.1656,0.1648,0.1638,0.1626,0.1611,0.1593,0.1573,0.1549,0.1522,0.1491,0.1456,0.1415,0.1368,0.1313,0.1245,0.1158,0.1030,0.0542
162120,0.1666,0.1665,0.1661,0.1656,0.1648,0.1638,0.1626,0.1611,0.1593,0.1572,0.1549,0.1522,0.1491,0.1456,0.1415,0.1368,0.1313,0.1245,0.1158,0.1030,0.0542
162180,0.1666,0.1664,0.1661,0.1656,0.1648,0.1638,0.1625,0.1610,0.1593,0.1572,0.1549,0.1522,0.1491,0.1456,0.1415,0.1368,0.1312,0.1245,0.1158,0.1029,0.0542
162240,0.1665,0.1664,0.1661,0.1655,0.1648,0.1638,0.1625,0.1610,0.1592,0.1572,0.1548,0.1521,0.1491,0.1455,0.1415,0.1368,0.1312,0.1245,0.1157,0.1029,0.0542
162300,0.1665,0.1664,0.1661,0.1655,0.1647,0.1637,0.1625,0.1610,0.1592,0.1572,0.1548,0.1521,0.1490,0.1455,0.1415,0.1368,0.1312,0.1244,0.1157,0.1029,0.0542
162360,0.1665,0.1664,0.1660,0.1655,0.1647,0.1637,0.1625,0.1610,0.1592,0.1571,0.1548,0.1521,0.1490,0.1455,0.1414,0.1367,0.1312,0.1244,0.1157,0.1029,0.0542
162420,0.1664,0.1663,0.1660,0.1655,0.1647,0.1637,0.1624,0.1609,0.1592,0.1571,0.1548,0.1521,0.1490,0.1455,0.1414,0.1367,0.1312,0.1244,0.1157,0.1029,0.0542
162480,0.1664,0.1663,0.1660,0.1654,0.1647,0.1636,0.1624,0.1609,0.1591,0.1571,0.1547,0.1520,0.1490,0.1454,0.1414,0.1367,0.1312,0.1244,0.1157,0.1029,0.0542
162540,0.1664,0.1663,0.1660,0.1654,0.1646,0.1636,0.1624,0.1609,0.1591,0.1571,0.1547,0.1520,0.1489,0.1454,0.1414,0.1367,0.1311,0.1244,0.1157,0.1029,0.0542
162600,0.1664,0.1663,0.1659,0.1654,0.1646,0.1636,0.1623,0.1608,0.1591,0.1570,0.1547,0.1520,0.1489,0.1454,0.1414,0.1367,0.1311,0.1244,0.1156,0.1029,0.0542
162660,0.1663,0.1662,0.1659,0.1653,0.1646,0.1636,0.1623,0.1608,0.1591,0.1570,0.1547,0.1520,0.1489,0.1454,0.1413,0.1366,0.1311,0.1243,0.1156,0.1028,0.0542
162720,0.1663,0.1662,0.1659,0.1653,0.1645,0.1635,0.1623,0.1608,0.1590,0.1570,0.1546,0.1519,0.1489,0.1454,0.1413,0.1366,0.1311,0.1243,0.1156,0.1028,0.0542
162780,0.1663,0.1662,0.1658,0.1653,0.1645,0.1635,0.1623,0.1608,0.1590,0.1570,0.1546,0.1519,0.1488,0.1453,0.1413,0.1366,0.1311,0.1243,0.1156,0.1028,0.0542
162840,0.1663,0.1661,0.1658,0.1653,0.1645,0.1635,0.1622,0.1607,0.1590,0.1569,0.1546,0.1519,0.1488,0.1453,0.1413,0.1366,0.1310,0.1243,0.1156,0.1028,0.0542
162900,0.1662,0.1661,0.1658,0.1652,0.1645,0.1635,0.1622,0.1607,0.1590,0.1569,0.1546,0.1519,0.1488,0.1453,0.1412,0.1366,0.1310,0.1243,0.1156,0.1028,0.0542
162960,0.1662,0.1661,0.1658,0.1652,0.1644,0.1634,0.1622,0.1607,0.1589,0.1569,0.1545,0.1518,0.1488,0.1453,0.1412,0.1365,0.1310,0.1243,0.1156,0.1028,0.0542
163020,0.1662,0.1661,0.1657,0.1652,0.1644,0.1634,0.1622,0.1607,0.1589,0.1569,0.1545,0.1518,0.1488,0.1452,0.1412,0.1365,0.1310,0.1242,0.1155,0.1028,0.0542
163080,0.1661,0.1660,0.1657,0.1652,0.1644,0.1634,0.1621,0.1606,0.1589,0.1568,0.1545,0.1518,0.1487,0.1452,0.1412,0.1365,0.1310,0.1242,0.1155,0.1028,0.0542
163140,0.1661,0.1660,0.1657,0.1651,0.1644,0.1633,0.1621,0.1606,0.1589,0.1568,0.1545,0.1518,0.1487,0.1452,0.1412,0.1365,0.1309,0.1242,0.1155,0.1027,0.0542
163200,0.1661,0.1660,0.1656,0.1651,0.1643,0.1633,0.1621,0.1606,0.1588,0.1568,0.1544,0.1518,0.1487,0.1452,0.1411,0.1365,0.1309,0.1242,0.1155,0.1027,0.0542
163260,0.1661,0.1659,0.1656,0.1651,0.1643,0.1633,0.1621,0.1606,0.1588,0.1568,0.1544,0.1517,0.1487,0.1452,0.1411,0.1364,0.1309,0.1242,0.1155,0.1027,0.0542
163320,0.1660,0.1659,0.1656,0.1650,0.1643,0.1633,0.1620,0.1605,0.1588,0.1567,0.1544,0.1517,0.1486,0.1451,0.1411,0.1364,0.1309,0.1242,0.1155,0.1027,0.0542
163380,0.1660,0.1659,0.1656,0.1650,0.1642,0.1632,0.1620,0.1605,0.1587,0.1567,0.1544,0.1517,0.1486,0.1451,0.1411,0.1364,0.1309,0.1241,0.1155,0.1027,0.0542
163440,0.1660,0.1659,0.1655,0.1650,0.1642,0.1632,0.1620,0.1605,0.1587,0.1567,0.1543,0.1517,0.1486,0.1451,0.1411,0.1364,0.1309,0.1241,0.1154,0.1027,0.0542
163500,0.1659,0.1658,0.1655,0.1650,0.1642,0.1632,0.1619,0.1605,0.1587,0.1567,0.1543,0.1516,0.1486,0.1451,0.1410,0.1364,0.1308,0.1241,0.1154,0.1027,0.0542
163560,0.1659,0.1658,0.1655,0.1649,0.1642,0.1632,0.1619,0.1604,0.1587,0.1566,0.1543,0.1516,0.1485,0.1450,0.1410,0.1363,0.1308,0.1241,0.1154,0.1027,0.0541
163620,0.1659,0.1658,0.1655,0.1649,0.1641,0.1631,0.1619,0.1604,0.1586,0.1566,0.1543,0.1516,0.1485,0.1450,0.1410,0.1363,0.1308,0.1241,0.1154,0.1026,0.0541
163680,0.1659,0.1658,0.1654,0.1649,0.1641,0.1631,0.1619,0.1604,0.1586,0.1566,0.1542,0.1516,0.1485,0.1450,0.1410,0.1363,0.1308,0.1241,0.1154,0.1026,0.0541
163740,0.1658,0.1657,0.1654,0.1649,0.1641,0.1631,0.1618,0.1603,0.1586,0.1566,0.1542,0.1515,0.1485,0.1450,0.1410,0.1363,0.1308,0.1240,0.1154,0.1026,0.0541
163800,0.1658,0.1657,0.1654,0.1648,0.1641,0.1631,0.1618,0.1603,0.1586,0.1565,0.1542,0.1515,0.1485,0.1450,0.1409,0.1363,0.1307,0.1240,0.1154,0.1026,0.0541
163860,0.1658,0.1657,0.1653,0.1648,0.1640,0.1630,0.1618,0.1603,0.1585,0.1565,0.1542,0.1515,0.1484,0.1449,0.1409,0.1362,0.1307,0.1240,0.1153,0.1026,0.0541
163920,0.1657,0.1656,0.1653,0.1648,0.1640,0.1630,0.1618,0.1603,0.1585,0.1565,0.1541,0.1515,0.1484,0.1449,0.1409,0.1362,0.1307,0.1240,0.1153,0.1026,0.0541
163980,0.1657,0.1656,0.1653,0.1647,0.1640,0.1630,0.1617,0.1602,0.1585,0.1565,0.1541,0.1514,0.1484,0.1449,0.1409,0.1362,0.1307,0.1240,0.1153,0.1026,0.0541
164040,0.1657,0.1656,0.1653,0.1647,0.1639,0.1629,0.1617,0.1602,0.1585,0.1564,0.1541,0.1514,0.1484,0.1449,0.1409,0.1362,0.1307,0.1240,0.1153,0.1026,0.0541
164100,0.1657,0.1656,0.1652,0.1647,0.1639,0.1629,0.1617,0.1602,0.1584,0.1564,0.1541,0.1514,0.1483,0.1448,0.1408,0.1362,0.1307,0.1239,0.1153,0.1026,0.0541
164160,0.1656,0.1655,0.1652,0.1647,0.1639,0.1629,0.1617,0.1602,0.1584,0.1564,0.1540,0.1514,0.1483,0.1448,0.1408,0.1361,0.1306,0.1239,0.1153,0.1025,0.0541
164220,0.1656,0.1655,0.1652,0.1646,0.1639,0.1629,0.1616,0.1601,0.1584,0.1564,0.1540,0.1513,0.1483,0.1448,0.1408,0.1361,0.1306,0.1239,0.1152,0.1025,0.0541
164280,0.1656,0.1655,0.1651,0.1646,0.1638,0.1628,0.1616,0.1601,0.1584,0.1563,0.1540,0.1513,0.1483,0.1448,0.1408,0.1361,0.1306,0.1239,0.1152,0.1025,0.0541
164340,0.1656,0.1654,0.1651,0.1646,0.1638,0.1628,0.1616,0.1601,0.1583,0.1563,0.1540,0.1513,0.1482,0.1448,0.1407,0.1361,0.1306,0.1239,0.1152,0.1025,0.0541
164400,0.1655,0.1654,0.1651,0.1646,0.1638,0.1628,0.1615,0.1601,0.1583,0.1563,0.1540,0.1513,0.1482,0.1447,0.1407,0.1361,0.1306,0.1239,0.1152,0.1025,0.0541
164460,0.1655,0.1654,0.1651,0.1645,0.1638,0.1628,0.1615,0.1600,0.1583,0.1563,0.1539,0.1513,0.1482,0.1447,0.1407,0.1360,0.1305,0.1238,0.1152,0.1025,0.0541
164520,0.1655,0.1654,0.1650,0.1645,0.1637,0.1627,0.1615,0.1600,0.1583,0.1562,0.1539,0.1512,0.1482,0.1447,0.1407,0.1360,0.1305,0.1238,0.1152,0.1025,0.0541
164580,0.1654,0.1653,0.1650,0.1645,0.1637,0.1627,0.1615,0.1600,0.1582,0.1562,0.1539,0.1512,0.1482,0.1447,0.1407,0.1360,0.1305,0.1238,0.1152,0.1025,0.0541
164640,0.1654,0.1653,0.1650,0.1644,0.1637,0.1627,0.1614,0.1600,0.1582,0.1562,0.1539,0.1512,0.1481,0.1447,0.1406,0.1360,0.1305,0.1238,0.1151,0.1024,0.0541
164700,0.1654,0.1653,0.1650,0.1644,0.1636,0.1627,0.1614,0.1599,0.1582,0.1562,0.1538,0.1512,0.1481,0.1446,0.1406,0.1360,0.1305,0.1238,0.1151,0.1024,0.0541
164760,0.1654,0.1653,0.1649,0.1644,0.1636,0.1626,0.1614,0.1599,0.1582,0.1561,0.1538,0.1511,0.1481,0.1446,0.1406,0.1359,0.1305,0.1238,0.1151,0.1024,0.0541
164820,0.1653,0.1652,0.1649,0.1644,0.1636,0.1626,0.1614,0.1599,0.1581,0.1561,0.1538,0.1511,0.1481,0.1446,0.1406,0.1359,0.1304,0.1237,0.1151,0.1024,0.0541
164880,0.1653,0.1652,0.1649,0.1643,0.1636,0.1626,0.1613,0.1599,0.1581,0.1561,0.1538,0.1511,0.1480,0.1446,0.1406,0.1359,0.1304,0.1237,0.1151,0.1024,0.0541
164940,0.1653,0.1652,0.1648,0.1643,0.1635,0.1625,0.1613,0.1598,0.1581,0.1561,0.1537,0.1511,0.1480,0.1445,0.1405,0.1359,0.1304,0.1237,0.1151,0.1024,0.0541
165000,0.1653,0.1651,0.1648,0.1643,0.1635,0.1625,0.1613,0.1598,0.1581,0.1560,0.1537,0.1510,0.1480,0.1445,0.1405,0.1359,0.1304,0.1237,0.1151,0.1024,0.0541
165060,0.1652,0.1651,0.1648,0.1643,0.1635,0.1625,0.1613,0.1598,0.1580,0.1560,0.1537,0.1510,0.1480,0.1445,0.1405,0.1359,0.1304,0.1237,0.1150,0.1024,0.0541
165120,0.1652,0.1651,0.1648,0.1642,0.1635,0.1625,0.1612,0.1598,0.1580,0.1560,0.1537,0.1510,0.1480,0.1445,0.1405,0.1358,0.1303,0.1237,0.1150,0.1024,0.0541
165180,0.1652,0.1651,0.1647,0.1642,0.1634,0.1624,0.1612,0.1597,0.1580,0.1560,0.1536,0.1510,0.1479,0.1445,0.1405,0.1358,0.1303,0.1236,0.1150,0.1023,0.0541
165240,0.1651,0.1650,0.1647,0.1642,0.1634,0.1624,0.1612,0.1597,0.1580,0.1559,0.1536,0.1510,0.1479,0.1444,0.1404,0.1358,0.1303,0.1236,0.1150,0.1023,0.0541
165300,0.1651,0.1650,0.1647,0.1641,0.1634,0.1624,0.1612,0.1597,0.1579,0.1559,0.1536,0.1509,0.1479,0.1444,0.1404,0.1358,0.1303,0.1236,0.1150,0.1023,0.0541
165360,0.1651,0.1650,0.1647,0.1641,0.1634,0.1624,0.1611,0.1597,0.1579,0.1559,0.1536,0.1509,0.1479,0.1444,0.1404,0.1358,0.1303,0.1236,0.1150,0.1023,0.0541
165420,0.1651,0.1650,0.1646,0.1641,0.1633,0.1623,0.1611,0.1596,0.1579,0.1559,0.1535,0.1509,0.1478,0.1444,0.1404,0.1357,0.1303,0.1236,0.1150,0.1023,0.0541
165480,0.1650,0.1649,0.1646,0.1641,0.1633,0.1623,0.1611,0.1596,0.1579,0.1558,0.1535,0.1509,0.1478,0.1443,0.1404,0.1357,0.1302,0.1236,0.1149,0.1023,0.0541
165540,0.1650,0.1649,0.1646,0.1640,0.1633,0.1623,0.1611,0.1596,0.1578,0.1558,0.1535,0.1508,0.1478,0.1443,0.1403,0.1357,0.1302,0.1235,0.1149,0.1023,0.0541
165600,0.1650,0.1649,0.1646,0.1640,0.1632,0.1623,0.1610,0.1595,0.1578,0.1558,0.1535,0.1508,0.1478,0.1443,0.1403,0.1357,0.1302,0.1235,0.1149,0.1023,0.0541
165660,0.1650,0.1648,0.1645,0.1640,0.1632,0.1622,0.1610,0.1595,0.1578,0.1558,0.1534,0.1508,0.1478,0.1443,0.1403,0.1357,0.1302,0.1235,0.1149,0.1022,0.0540
165720,0.1649,0.1648,0.1645,0.1640,0.1632,0.1622,0.1610,0.1595,0.1578,0.1557,0.1534,0.1508,0.1477,0.1443,0.1403,0.1356,0.1302,0.1235,0.1149,0.1022,0.0540
165780,0.1649,0.1648,0.1645,0.1639,0.1632,0.1622,0.1609,0.1595,0.1577,0.1557,0.1534,0.1507,0.1477,0.1442,0.1403,0.1356,0.1301,0.1235,0.1149,0.1022,0.0540
165840,0.1649,0.1648,0.1644,0.1639,0.1631,0.1621,0.1609,0.1594,0.1577,0.1557,0.1534,0.1507,0.1477,0.1442,0.1402,0.1356,0.1301,0.1235,0.1149,0.1022,0.0540
165900,0.1648,0.1647,0.1644,0.1639,0.1631,0.1621,0.1609,0.1594,0.1577,0.1557,0.1534,0.1507,0.1477,0.1442,0.1402,0.1356,0.1301,0.1234,0.1148,0.1022,0.0540
165960,0.1648,0.1647,0.1644,0.1639,0.1631,0.1621,0.1609,0.1594,0.1577,0.1556,0.1533,0.1507,0.1476,0.1442,0.1402,0.1356,0.1301,0.1234,0.1148,0.1022,0.0540
166020,0.1648,0.1647,0.1644,0.1638,0.1631,0.1621,0.1608,0.1594,0.1576,0.1556,0.1533,0.1507,0.1476,0.1442,0.1402,0.1355,0.1301,0.1234,0.1148,0.1022,0.0540
166080,0.1648,0.1647,0.1643,0.1638,0.1630,0.1620,0.1608,0.1593,0.1576,0.1556,0.1533,0.1506,0.1476,0.1441,0.1402,0.1355,0.1301,0.1234,0.1148,0.1022,0.0540
166140,0.1647,0.1646,0.1643,0.1638,0.1630,0.1620,0.1608,0.1593,0.1576,0.1556,0.1533,0.1506,0.1476,0.1441,0.1401,0.1355,0.1300,0.1234,0.1148,0.1022,0.0540
166200,0.1647,0.1646,0.1643,0.1637,0.1630,0.1620,0.1608,0.1593,0.1576,0.1555,0.1532,0.1506,0.1476,0.1441,0.1401,0.1355,0.1300,0.1234,0.1148,0.1021,0.0540
166260,0.1647,0.1646,0.1643,0.1637,0.1630,0.1620,0.1607,0.1593,0.1575,0.1555,0.1532,0.1506,0.1475,0.1441,0.1401,0.1355,0.1300,0.1233,0.1148,0.1021,0.0540
166320,0.1647,0.1646,0.1642,0.1637,0.1629,0.1619,0.1607,0.1592,0.1575,0.1555,0.1532,0.1505,0.1475,0.1440,0.1401,0.1354,0.1300,0.1233,0.1147,0.1021,0.0540
166380,0.1646,0.1645,0.1642,0.1637,0.1629,0.1619,0.1607,0.1592,0.1575,0.1555,0.1532,0.1505,0.1475,0.1440,0.1400,0.1354,0.1300,0.1233,0.1147,0.1021,0.0540
166440,0.1646,0.1645,0.1642,0.1636,0.1629,0.1619,0.1607,0.1592,0.1575,0.1555,0.1531,0.1505,0.1475,0.1440,0.1400,0.1354,0.1300,0.1233,0.1147,0.1021,0.0540
166500,0.1646,0.1645,0.1641,0.1636,0.1628,0.1619,0.1606,0.1592,0.1574,0.1554,0.1531,0.1505,0.1474,0.1440,0.1400,0.1354,0.1299,0.1233,0.1147,0.1021,0.0540
166560,0.1646,0.1644,0.1641,0.1636,0.1628,0.1618,0.1606,0.1591,0.1574,0.1554,0.1531,0.1504,0.1474,0.1440,0.1400,0.1354,0.1299,0.1233,0.1147,0.1021,0.0540
166620,0.1645,0.1644,0.1641,0.1636,0.1628,0.1618,0.1606,0.1591,0.1574,0.1554,0.1531,0.1504,0.1474,0.1439,0.1400,0.1354,0.1299,0.1232,0.1147,0.1021,0.0540
166680,0.1645,0.1644,0.1641,0.1635,0.1628,0.1618,0.1606,0.1591,0.1574,0.1554,0.1530,0.1504,0.1474,0.1439,0.1399,0.1353,0.1299,0.1232,0.1147,0.1020,0.0540
166740,0.1645,0.1644,0.1640,0.1635,0.1627,0.1618,0.1605,0.1591,0.1573,0.1553,0.1530,0.1504,0.1474,0.1439,0.1399,0.1353,0.1299,0.1232,0.1146,0.1020,0.0540
166800,0.1644,0.1643,0.1640,0.1635,0.1627,0.1617,0.1605,0.1590,0.1573,0.1553,0.1530,0.1504,0.1473,0.1439,0.1399,0.1353,0.1298,0.1232,0.1146,0.1020,0.0540
166860,0.1644,0.1643,0.1640,0.1635,0.1627,0.1617,0.1605,0.1590,0.1573,0.1553,0.1530,0.1503,0.1473,0.1439,0.1399,0.1353,0.1298,0.1232,0.1146,0.1020,0.0540
166920,0.1644,0.1643,0.1640,0.1634,0.1627,0.1617,0.1605,0.1590,0.1573,0.1553,0.1529,0.1503,0.1473,0.1438,0.1399,0.1353,0.1298,0.1232,0.1146,0.1020,0.0540
166980,0.1644,0.1643,0.1639,0.1634,0.1626,0.1617,0.1604,0.1590,0.1572,0.1552,0.1529,0.1503,0.1473,0.1438,0.1398,0.1352,0.1298,0.1232,0.1146,0.1020,0.0540
167040,0.1643,0.1642,0.1639,0.1634,0.1626,0.1616,0.1604,0.1589,0.1572,0.1552,0.1529,0.1503,0.1472,0.1438,0.1398,0.1352,0.1298,0.1231,0.1146,0.1020,0.0540
167100,0.1643,0.1642,0.1639,0.1633,0.1626,0.1616,0.1604,0.1589,0.1572,0.1552,0.1529,0.1502,0.1472,0.1438,0.1398,0.1352,0.1298,0.1231,0.1146,0.1020,0.0540
167160,0.1643,0.1642,0.1639,0.1633,0.1626,0.1616,0.1604,0.1589,0.1572,0.1552,0.1529,0.1502,0.1472,0.1438,0.1398,0.1352,0.1297,0.1231,0.1145,0.1020,0.0540
167220,0.1643,0.1642,0.1638,0.1633,0.1625,0.1616,0.1603,0.1589,0.1571,0.1551,0.1528,0.1502,0.1472,0.1437,0.1398,0.1352,0.1297,0.1231,0.1145,0.1019,0.0540
167280,0.1642,0.1641,0.1638,0.1633,0.1625,0.1615,0.1603,0.1588,0.1571,0.1551,0.1528,0.1502,0.1472,0.1437,0.1397,0.1351,0.1297,0.1231,0.1145,0.1019,0.0540
167340,0.1642,0.1641,0.1638,0.1632,0.1625,0.1615,0.1603,0.1588,0.1571,0.1551,0.1528,0.1501,0.1471,0.1437,0.1397,0.1351,0.1297,0.1231,0.1145,0.1019,0.0540
167400,0.1642,0.1641,0.1638,0.1632,0.1625,0.1615,0.1603,0.1588,0.1571,0.1551,0.1528,0.1501,0.1471,0.1437,0.1397,0.1351,0.1297,0.1230,0.1145,0.1019,0.0540
167460,0.1642,0.1640,0.1637,0.1632,0.1624,0.1614,0.1602,0.1588,0.1570,0.1550,0.1527,0.1501,0.1471,0.1436,0.1397,0.1351,0.1297,0.1230,0.1145,0.1019,0.0540
167520,0.1641,0.1640,0.1637,0.1632,0.1624,0.1614,0.1602,0.1587,0.1570,0.1550,0.1527,0.1501,0.1471,0.1436,0.1397,0.1351,0.1296,0.1230,0.1145,0.1019,0.0540
167580,0.1641,0.1640,0.1637,0.1631,0.1624,0.1614,0.1602,0.1587,0.1570,0.1550,0.1527,0.1501,0.1470,0.1436,0.1396,0.1350,0.1296,0.1230,0.1144,0.1019,0.0540
167640,0.1641,0.1640,0.1636,0.1631,0.1624,0.1614,0.1602,0.1587,0.1570,0.1550,0.1527,0.1500,0.1470,0.1436,0.1396,0.1350,0.1296,0.1230,0.1144,0.1019,0.0540
167700,0.1640,0.1639,0.1636,0.1631,0.1623,0.1613,0.1601,0.1587,0.1569,0.1549,0.1526,0.1500,0.1470,0.1436,0.1396,0.1350,0.1296,0.1230,0.1144,0.1018,0.0540
167760,0.1640,0.1639,0.1636,0.1631,0.1623,0.1613,0.1601,0.1586,0.1569,0.1549,0.1526,0.1500,0.1470,0.1435,0.1396,0.1350,0.1296,0.1229,0.1144,0.1018,0.0539
167820,0.1640,0.1639,0.1636,0.1630,0.1623,0.1613,0.1601,0.1586,0.1569,0.1549,0.1526,0.1500,0.1470,0.1435,0.1396,0.1350,0.1295,0.1229,0.1144,0.1018,0.0539
167880,0.1640,0.1639,0.1635,0.1630,0.1622,0.1613,0.1601,0.1586,0.1569,0.1549,0.1526,0.1499,0.1469,0.1435,0.1395,0.1350,0.1295,0.1229,0.1144,0.1018,0.0539
167940,0.1639,0.1638,0.1635,0.1630,0.1622,0.1612,0.1600,0.1586,0.1568,0.1548,0.1526,0.1499,0.1469,0.1435,0.1395,0.1349,0.1295,0.1229,0.1144,0.1018,0.0539
168000,0.1639,0.1638,0.1635,0.1630,0.1622,0.1612,0.1600,0.1585,0.1568,0.1548,0.1525,0.1499,0.1469,0.1435,0.1395,0.1349,0.1295,0.1229,0.1143,0.1018,0.0539
168060,0.1639,0.1638,0.1635,0.1629,0.1622,0.1612,0.1600,0.1585,0.1568,0.1548,0.1525,0.1499,0.1469,0.1434,0.1395,0.1349,0.1295,0.1229,0.1143,0.1018,0.0539
168120,0.1639,0.1638,0.1634,0.1629,0.1621,0.1612,0.1599,0.1585,0.1568,0.1548,0.1525,0.1499,0.1469,0.1434,0.1395,0.1349,0.1295,0.1228,0.1143,0.1018,0.0539
168180,0.1638,0.1637,0.1634,0.1629,0.1621,0.1611,0.1599,0.1585,0.1567,0.1548,0.1525,0.1498,0.1468,0.1434,0.1394,0.1349,0.1294,0.1228,0.1143,0.1018,0.0539
168240,0.1638,0.1637,0.1634,0.1628,0.1621,0.1611,0.1599,0.1584,0.1567,0.1547,0.1524,0.1498,0.1468,0.1434,0.1394,0.1348,0.1294,0.1228,0.1143,0.1017,0.0539
168300,0.1638,0.1637,0.1634,0.1628,0.1621,0.1611,0.1599,0.1584,0.1567,0.1547,0.1524,0.1498,0.1468,0.1434,0.1394,0.1348,0.1294,0.1228,0.1143,0.1017,0.0539
168360,0.1638,0.1637,0.1633,0.1628,0.1620,0.1611,0.1598,0.1584,0.1567,0.1547,0.1524,0.1498,0.1468,0.1433,0.1394,0.1348,0.1294,0.1228,0.1143,0.1017,0.0539
168420,0.1637,0.1636,0.1633,0.1628,0.1620,0.1610,0.1598,0.1584,0.1567,0.1547,0.1524,0.1497,0.1467,0.1433,0.1394,0.1348,0.1294,0.1228,0.1142,0.1017,0.0539
168480,0.1637,0.1636,0.1633,0.1627,0.1620,0.1610,0.1598,0.1583,0.1566,0.1546,0.1523,0.1497,0.1467,0.1433,0.1393,0.1348,0.1294,0.1228,0.1142,0.1017,0.0539
168540,0.1637,0.1636,0.1633,0.1627,0.1620,0.1610,0.1598,0.1583,0.1566,0.1546,0.1523,0.1497,0.1467,0.1433,0.1393,0.1347,0.1293,0.1227,0.1142,0.1017,0.0539
168600,0.1637,0.1635,0.1632,0.1627,0.1619,0.1610,0.1597,0.1583,0.1566,0.1546,0.1523,0.1497,0.1467,0.1433,0.1393,0.1347,0.1293,0.1227,0.1142,0.1017,0.0539
168660,0.1636,0.1635,0.1632,0.1627,0.1619,0.1609,0.1597,0.1583,0.1566,0.1546,0.1523,0.1497,0.1467,0.1432,0.1393,0.1347,0.1293,0.1227,0.1142,0.1017,0.0539
168720,0.1636,0.1635,0.1632,0.1626,0.1619,0.1609,0.1597,0.1582,0.1565,0.1545,0.1522,0.1496,0.1466,0.1432,0.1393,0.1347,0.1293,0.1227,0.1142,0.1017,0.0539
168780,0.1636,0.1635,0.1631,0.1626,0.1619,0.1609,0.1597,0.1582,0.1565,0.1545,0.1522,0.1496,0.1466,0.1432,0.1393,0.1347,0.1293,0.1227,0.1142,0.1016,0.0539
168840,0.1635,0.1634,0.1631,0.1626,0.1618,0.1609,0.1596,0.1582,0.1565,0.1545,0.1522,0.1496,0.1466,0.1432,0.1392,0.1347,0.1293,0.1227,0.1141,0.1016,0.0539
168900,0.1635,0.1634,0.1631,0.1626,0.1618,0.1608,0.1596,0.1582,0.1565,0.1545,0.1522,0.1496,0.1466,0.1431,0.1392,0.1346,0.1292,0.1226,0.1141,0.1016,0.0539
168960,0.1635,0.1634,0.1631,0.1625,0.1618,0.1608,0.1596,0.1581,0.1564,0.1544,0.1522,0.1495,0.1465,0.1431,0.1392,0.1346,0.1292,0.1226,0.1141,0.1016,0.0539
169020,0.1635,0.1634,0.1630,0.1625,0.1618,0.1608,0.1596,0.1581,0.1564,0.1544,0.1521,0.1495,0.1465,0.1431,0.1392,0.1346,0.1292,0.1226,0.1141,0.1016,0.0539
169080,0.1634,0.1633,0.1630,0.1625,0.1617,0.1608,0.1595,0.1581,0.1564,0.1544,0.1521,0.1495,0.1465,0.1431,0.1392,0.1346,0.1292,0.1226,0.1141,0.1016,0.0539
169140,0.1634,0.1633,0.1630,0.1625,0.1617,0.1607,0.1595,0.1581,0.1564,0.1544,0.1521,0.1495,0.1465,0.1431,0.1391,0.1346,0.1292,0.1226,0.1141,0.1016,0.0539
169200,0.1634,0.1633,0.1630,0.1624,0.1617,0.1607,0.1595,0.1580,0.1563,0.1544,0.1521,0.1495,0.1465,0.1430,0.1391,0.1345,0.1291,0.1226,0.1141,0.1016,0.0539
169260,0.1634,0.1633,0.1629,0.1624,0.1617,0.1607,0.1595,0.1580,0.1563,0.1543,0.1520,0.1494,0.1464,0.1430,0.1391,0.1345,0.1291,0.1225,0.1141,0.1016,0.0539
169320,0.1633,0.1632,0.1629,0.1624,0.1616,0.1607,0.1594,0.1580,0.1563,0.1543,0.1520,0.1494,0.1464,0.1430,0.1391,0.1345,0.1291,0.1225,0.1140,0.1015,0.0539
169380,0.1633,0.1632,0.1629,0.1624,0.1616,0.1606,0.1594,0.1580,0.1563,0.1543,0.1520,0.1494,0.1464,0.1430,0.1391,0.1345,0.1291,0.1225,0.1140,0.1015,0.0539
169440,0.1633,0.1632,0.1629,0.1623,0.1616,0.1606,0.1594,0.1579,0.1562,0.1543,0.1520,0.1494,0.1464,0.1430,0.1390,0.1345,0.1291,0.1225,0.1140,0.1015,0.0539
169500,0.1633,0.1632,0.1628,0.1623,0.1616,0.1606,0.1594,0.1579,0.1562,0.1542,0.1520,0.1493,0.1464,0.1429,0.1390,0.1345,0.1291,0.1225,0.1140,0.1015,0.0539
169560,0.1632,0.1631,0.1628,0.1623,0.1615,0.1606,0.1594,0.1579,0.1562,0.1542,0.1519,0.1493,0.1463,0.1429,0.1390,0.1344,0.1290,0.1225,0.1140,0.1015,0.0539
169620,0.1632,0.1631,0.1628,0.1623,0.1615,0.1605,0.1593,0.1579,0.1562,0.1542,0.1519,0.1493,0.1463,0.1429,0.1390,0.1344,0.1290,0.1225,0.1140,0.1015,0.0539
169680,0.1632,0.1631,0.1628,0.1622,0.1615,0.1605,0.1593,0.1579,0.1561,0.1542,0.1519,0.1493,0.1463,0.1429,0.1390,0.1344,0.1290,0.1224,0.1140,0.1015,0.0539
169740,0.1632,0.1631,0.1627,0.1622,0.1615,0.1605,0.1593,0.1578,0.1561,0.1541,0.1519,0.1493,0.1463,0.1429,0.1389,0.1344,0.1290,0.1224,0.1139,0.1015,0.0539
169800,0.1631,0.1630,0.1627,0.1622,0.1614,0.1605,0.1593,0.1578,0.1561,0.1541,0.1518,0.1492,0.1462,0.1428,0.1389,0.1344,0.1290,0.1224,0.1139,0.1015,0.0539
169860,0.1631,0.1630,0.1627,0.1622,0.1614,0.1604,0.1592,0.1578,0.1561,0.1541,0.1518,0.1492,0.1462,0.1428,0.1389,0.1343,0.1290,0.1224,0.1139,0.1014,0.0539
169920,0.1631,0.1630,0.1627,0.1621,0.1614,0.1604,0.1592,0.1578,0.1560,0.1541,0.1518,0.1492,0.1462,0.1428,0.1389,0.1343,0.1289,0.1224,0.1139,0.1014,0.0539
169980,0.1631,0.1630,0.1626,0.1621,0.1614,0.1604,0.1592,0.1577,0.1560,0.1540,0.1518,0.1492,0.1462,0.1428,0.1389,0.1343,0.1289,0.1224,0.1139,0.1014,0.0538
170040,0.1630,0.1629,0.1626,0.1621,0.1613,0.1604,0.1592,0.1577,0.1560,0.1540,0.1517,0.1491,0.1462,0.1428,0.1388,0.1343,0.1289,0.1223,0.1139,0.1014,0.0538
170100,0.1630,0.1629,0.1626,0.1621,0.1613,0.1603,0.1591,0.1577,0.1560,0.1540,0.1517,0.1491,0.1461,0.1427,0.1388,0.1343,0.1289,0.1223,0.1139,0.1014,0.0538
170160,0.1630,0.1629,0.1626,0.1620,0.1613,0.1603,0.1591,0.1577,0.1560,0.1540,0.1517,0.1491,0.1461,0.1427,0.1388,0.1343,0.1289,0.1223,0.1138,0.1014,0.0538
170220,0.1630,0.1628,0.1625,0.1620,0.1613,0.1603,0.1591,0.1576,0.1559,0.1540,0.1517,0.1491,0.1461,0.1427,0.1388,0.1342,0.1289,0.1223,0.1138,0.1014,0.0538
170280,0.1629,0.1628,0.1625,0.1620,0.1612,0.1603,0.1591,0.1576,0.1559,0.1539,0.1517,0.1491,0.1461,0.1427,0.1388,0.1342,0.1288,0.1223,0.1138,0.1014,0.0538
170340,0.1629,0.1628,0.1625,0.1620,0.1612,0.1602,0.1590,0.1576,0.1559,0.1539,0.1516,0.1490,0.1461,0.1427,0.1387,0.1342,0.1288,0.1223,0.1138,0.1014,0.0538
170400,0.1629,0.1628,0.1625,0.1619,0.1612,0.1602,0.1590,0.1576,0.1559,0.1539,0.1516,0.1490,0.1460,0.1426,0.1387,0.1342,0.1288,0.1222,0.1138,0.1013,0.0538
170460,0.1629,0.1627,0.1624,0.1619,0.1612,0.1602,0.1590,0.1575,0.1558,0.1539,0.1516,0.1490,0.1460,0.1426,0.1387,0.1342,0.1288,0.1222,0.1138,0.1013,0.0538
170520,0.1628,0.1627,0.1624,0.1619,0.1611,0.1602,0.1590,0.1575,0.1558,0.1538,0.1516,0.1490,0.1460,0.1426,0.1387,0.1341,0.1288,0.1222,0.1138,0.1013,0.0538
170580,0.1628,0.1627,0.1624,0.1619,0.1611,0.1601,0.1589,0.1575,0.1558,0.1538,0.1515,0.1489,0.1460,0.1426,0.1387,0.1341,0.1288,0.1222,0.1137,0.1013,0.0538
170640,0.1628,0.1627,0.1624,0.1618,0.1611,0.1601,0.1589,0.1575,0.1558,0.1538,0.1515,0.1489,0.1460,0.1426,0.1386,0.1341,0.1287,0.1222,0.1137,0.1013,0.0538
170700,0.1628,0.1626,0.1623,0.1618,0.1611,0.1601,0.1589,0.1574,0.1557,0.1538,0.1515,0.1489,0.1459,0.1425,0.1386,0.1341,0.1287,0.1222,0.1137,0.1013,0.0538
170760,0.1627,0.1626,0.1623,0.1618,0.1610,0.1601,0.1589,0.1574,0.1557,0.1537,0.1515,0.1489,0.1459,0.1425,0.1386,0.1341,0.1287,0.1222,0.1137,0.1013,0.0538
170820,0.1627,0.1626,0.1623,0.1617,0.1610,0.1600,0.1588,0.1574,0.1557,0.1537,0.1515,0.1489,0.1459,0.1425,0.1386,0.1341,0.1287,0.1221,0.1137,0.1013,0.0538
170880,0.1627,0.1626,0.1623,0.1617,0.1610,0.1600,0.1588,0.1574,0.1557,0.1537,0.1514,0.1488,0.1459,0.1425,0.1386,0.1340,0.1287,0.1221,0.1137,0.1013,0.0538
170940,0.1626,0.1625,0.1622,0.1617,0.1610,0.1600,0.1588,0.1573,0.1556,0.1537,0.1514,0.1488,0.1458,0.1425,0.1385,0.1340,0.1287,0.1221,0.1137,0.1012,0.0538
171000,0.1626,0.1625,0.1622,0.1617,0.1609,0.1600,0.1588,0.1573,0.1556,0.1537,0.1514,0.1488,0.1458,0.1424,0.1385,0.1340,0.1286,0.1221,0.1137,0.1012,0.0538
171060,0.1626,0.1625,0.1622,0.1616,0.1609,0.1599,0.1587,0.1573,0.1556,0.1536,0.1514,0.1488,0.1458,0.1424,0.1385,0.1340,0.1286,0.1221,0.1136,0.1012,0.0538
171120,0.1626,0.1625,0.1622,0.1616,0.1609,0.1599,0.1587,0.1573,0.1556,0.1536,0.1513,0.1487,0.1458,0.1424,0.1385,0.1340,0.1286,0.1221,0.1136,0.1012,0.0538
171180,0.1625,0.1624,0.1621,0.1616,0.1609,0.1599,0.1587,0.1572,0.1556,0.1536,0.1513,0.1487,0.1458,0.1424,0.1385,0.1339,0.1286,0.1220,0.1136,0.1012,0.0538
171240,0.1625,0.1624,0.1621,0.1616,0.1608,0.1599,0.1587,0.1572,0.1555,0.1536,0.1513,0.1487,0.1457,0.1424,0.1385,0.1339,0.1286,0.1220,0.1136,0.1012,0.0538
171300,0.1625,0.1624,0.1621,0.1615,0.1608,0.1598,0.1586,0.1572,0.1555,0.1535,0.1513,0.1487,0.1457,0.1423,0.1384,0.1339,0.1286,0.1220,0.1136,0.1012,0.0538
171360,0.1625,0.1624,0.1621,0.1615,0.1608,0.1598,0.1586,0.1572,0.1555,0.1535,0.1513,0.1487,0.1457,0.1423,0.1384,0.1339,0.1285,0.1220,0.1136,0.1012,0.0538
171420,0.1624,0.1623,0.1620,0.1615,0.1608,0.1598,0.1586,0.1572,0.1555,0.1535,0.1512,0.1486,0.1457,0.1423,0.1384,0.1339,0.1285,0.1220,0.1136,0.1012,0.0538
171480,0.1624,0.1623,0.1620,0.1615,0.1607,0.1598,0.1586,0.1571,0.1554,0.1535,0.1512,0.1486,0.1457,0.1423,0.1384,0.1339,0.1285,0.1220,0.1135,0.1011,0.0538
171540,0.1624,0.1623,0.1620,0.1614,0.1607,0.1597,0.1585,0.1571,0.1554,0.1534,0.1512,0.1486,0.1456,0.1423,0.1384,0.1338,0.1285,0.1220,0.1135,0.1011,0.0538
171600,0.1624,0.1623,0.1619,0.1614,0.1607,0.1597,0.1585,0.1571,0.1554,0.1534,0.1512,0.1486,0.1456,0.1422,0.1383,0.1338,0.1285,0.1219,0.1135,0.1011,0.0538
171660,0.1623,0.1622,0.1619,0.1614,0.1607,0.1597,0.1585,0.1571,0.1554,0.1534,0.1511,0.1486,0.1456,0.1422,0.1383,0.1338,0.1285,0.1219,0.1135,0.1011,0.0538
171720,0.1623,0.1622,0.1619,0.1614,0.1606,0.1597,0.1585,0.1570,0.1553,0.1534,0.1511,0.1485,0.1456,0.1422,0.1383,0.1338,0.1284,0.1219,0.1135,0.1011,0.0538
171780,0.1623,0.1622,0.1619,0.1613,0.1606,0.1596,0.1584,0.1570,0.1553,0.1534,0.1511,0.1485,0.1456,0.1422,0.1383,0.1338,0.1284,0.1219,0.1135,0.1011,0.0538
171840,0.1623,0.1622,0.1618,0.1613,0.1606,0.1596,0.1584,0.1570,0.1553,0.1533,0.1511,0.1485,0.1455,0.1422,0.1383,0.1337,0.1284,0.1219,0.1135,0.1011,0.0538
171900,0.1622,0.1621,0.1618,0.1613,0.1606,0.1596,0.1584,0.1570,0.1553,0.1533,0.1511,0.1485,0.1455,0.1421,0.1382,0.1337,0.1284,0.1219,0.1135,0.1011,0.0538
171960,0.1622,0.1621,0.1618,0.1613,0.1605,0.1596,0.1584,0.1569,0.1552,0.1533,0.1510,0.1484,0.1455,0.1421,0.1382,0.1337,0.1284,0.1218,0.1134,0.1011,0.0538
172020,0.1622,0.1621,0.1618,0.1612,0.1605,0.1595,0.1583,0.1569,0.1552,0.1533,0.1510,0.1484,0.1455,0.1421,0.1382,0.1337,0.1283,0.1218,0.1134,0.1010,0.0538
172080,0.1622,0.1621,0.1617,0.1612,0.1605,0.1595,0.1583,0.1569,0.1552,0.1532,0.1510,0.1484,0.1454,0.1421,0.1382,0.1337,0.1283,0.1218,0.1134,0.1010,0.0538
172140,0.1621,0.1620,0.1617,0.1612,0.1605,0.1595,0.1583,0.1569,0.1552,0.1532,0.1510,0.1484,0.1454,0.1421,0.1382,0.1337,0.1283,0.1218,0.1134,0.1010,0.0538
172200,0.1621,0.1620,0.1617,0.1612,0.1604,0.1595,0.1583,0.1568,0.1552,0.1532,0.1509,0.1484,0.1454,0.1420,0.1381,0.1336,0.1283,0.1218,0.1134,0.1010,0.0538
172260,0.1621,0.1620,0.1617,0.1612,0.1604,0.1594,0.1583,0.1568,0.1551,0.1532,0.1509,0.1483,0.1454,0.1420,0.1381,0.1336,0.1283,0.1218,0.1134,0.1010,0.0538
172320,0.1621,0.1620,0.1616,0.1611,0.1604,0.1594,0.1582,0.1568,0.1551,0.1532,0.1509,0.1483,0.1454,0.1420,0.1381,0.1336,0.1283,0.1218,0.1134,0.1010,0.0537
172380,0.1620,0.1619,0.1616,0.1611,0.1604,0.1594,0.1582,0.1568,0.1551,0.1531,0.1509,0.1483,0.1453,0.1420,0.1381,0.1336,0.1282,0.1217,0.1133,0.1010,0.0537
172440,0.1620,0.1619,0.1616,0.1611,0.1603,0.1594,0.1582,0.1567,0.1551,0.1531,0.1509,0.1483,0.1453,0.1420,0.1381,0.1336,0.1282,0.1217,0.1133,0.1010,0.0537
172500,0.1620,0.1619,0.1616,0.1611,0.1603,0.1593,0.1582,0.1567,0.1550,0.1531,0.1508,0.1483,0.1453,0.1419,0.1381,0.1335,0.1282,0.1217,0.1133,0.1010,0.0537
172560,0.1620,0.1619,0.1616,0.1610,0.1603,0.1593,0.1581,0.1567,0.1550,0.1531,0.1508,0.1482,0.1453,0.1419,0.1380,0.1335,0.1282,0.1217,0.1133,0.1009,0.0537
172620,0.1619,0.1618,0.1615,0.1610,0.1603,0.1593,0.1581,0.1567,0.1550,0.1530,0.1508,0.1482,0.1453,0.1419,0.1380,0.1335,0.1282,0.1217,0.1133,0.1009,0.0537
172680,0.1619,0.1618,0.1615,0.1610,0.1602,0.1593,0.1581,0.1567,0.1550,0.1530,0.1508,0.1482,0.1452,0.1419,0.1380,0.1335,0.1282,0.1217,0.1133,0.1009,0.0537
172740,0.1619,0.1618,0.1615,0.1610,0.1602,0.1593,0.1581,0.1566,0.1549,0.1530,0.1507,0.1482,0.1452,0.1419,0.1380,0.1335,0.1282,0.1217,0.1133,0.1009,0.0537
172800,0.1619,0.1618,0.1615,0.1609,0.1602,0.1592,0.1580,0.1566,0.1549,0.1530,0.1507,0.1481,0.1452,0.1418,0.1380,0.1335,0.1281,0.1216,0.1133,0.1009,0.0537
172860,0.1618,0.1617,0.1614,0.1609,0.1602,0.1592,0.1580,0.1566,0.1549,0.1529,0.1507,0.1481,0.1452,0.1418,0.1379,0.1334,0.1281,0.1216,0.1132,0.1009,0.0537
172920,0.1618,0.1617,0.1614,0.1609,0.1601,0.1592,0.1580,0.1566,0.1549,0.1529,0.1507,0.1481,0.1452,0.1418,0.1379,0.1334,0.1281,0.1216,0.1132,0.1009,0.0537
172980,0.1618,0.1617,0.1614,0.1609,0.1601,0.1592,0.1580,0.1565,0.1549,0.1529,0.1507,0.1481,0.1451,0.1418,0.1379,0.1334,0.1281,0.1216,0.1132,0.1009,0.0537
173040,0.1618,0.1617,0.1614,0.1608,0.1601,0.1591,0.1579,0.1565,0.1548,0.1529,0.1506,0.1481,0.1451,0.1418,0.1379,0.1334,0.1281,0.1216,0.1132,0.1009,0.0537
173100,0.1617,0.1616,0.1613,0.1608,0.1601,0.1591,0.1579,0.1565,0.1548,0.1529,0.1506,0.1480,0.1451,0.1417,0.1379,0.1334,0.1281,0.1216,0.1132,0.1008,0.0537
173160,0.1617,0.1616,0.1613,0.1608,0.1600,0.1591,0.1579,0.1565,0.1548,0.1528,0.1506,0.1480,0.1451,0.1417,0.1378,0.1334,0.1280,0.1215,0.1132,0.1008,0.0537
173220,0.1617,0.1616,0.1613,0.1608,0.1600,0.1591,0.1579,0.1564,0.1548,0.1528,0.1506,0.1480,0.1451,0.1417,0.1378,0.1333,0.1280,0.1215,0.1132,0.1008,0.0537
173280,0.1617,0.1616,0.1613,0.1607,0.1600,0.1590,0.1578,0.1564,0.1547,0.1528,0.1505,0.1480,0.1450,0.1417,0.1378,0.1333,0.1280,0.1215,0.1131,0.1008,0.0537
173340,0.1616,0.1615,0.1612,0.1607,0.1600,0.1590,0.1578,0.1564,0.1547,0.1528,0.1505,0.1480,0.1450,0.1417,0.1378,0.1333,0.1280,0.1215,0.1131,0.1008,0.0537
173400,0.1616,0.1615,0.1612,0.1607,0.1599,0.1590,0.1578,0.1564,0.1547,0.1527,0.1505,0.1479,0.1450,0.1416,0.1378,0.1333,0.1280,0.1215,0.1131,0.1008,0.0537
173460,0.1616,0.1615,0.1612,0.1607,0.1599,0.1590,0.1578,0.1564,0.1547,0.1527,0.1505,0.1479,0.1450,0.1416,0.1378,0.1333,0.1280,0.1215,0.1131,0.1008,0.0537
173520,0.1616,0.1615,0.1612,0.1606,0.1599,0.1589,0.1578,0.1563,0.1547,0.1527,0.1505,0.1479,0.1450,0.1416,0.1377,0.1332,0.1279,0.1215,0.1131,0.1008,0.0537
173580,0.1615,0.1614,0.1611,0.1606,0.1599,0.1589,0.1577,0.1563,0.1546,0.1527,0.1504,0.1479,0.1449,0.1416,0.1377,0.1332,0.1279,0.1214,0.1131,0.1008,0.0537
173640,0.1615,0.1614,0.1611,0.1606,0.1598,0.1589,0.1577,0.1563,0.1546,0.1527,0.1504,0.1478,0.1449,0.1416,0.1377,0.1332,0.1279,0.1214,0.1131,0.1007,0.0537
173700,0.1615,0.1614,0.1611,0.1606,0.1598,0.1589,0.1577,0.1563,0.1546,0.1526,0.1504,0.1478,0.1449,0.1415,0.1377,0.1332,0.1279,0.1214,0.1131,0.1007,0.0537
173760,0.1615,0.1614,0.1611,0.1605,0.1598,0.1588,0.1577,0.1562,0.1546,0.1526,0.1504,0.1478,0.1449,0.1415,0.1377,0.1332,0.1279,0.1214,0.1130,0.1007,0.0537
173820,0.1614,0.1613,0.1610,0.1605,0.1598,0.1588,0.1576,0.1562,0.1545,0.1526,0.1503,0.1478,0.1449,0.1415,0.1376,0.1332,0.1279,0.1214,0.1130,0.1007,0.0537
173880,0.1614,0.1613,0.1610,0.1605,0.1598,0.1588,0.1576,0.1562,0.1545,0.1526,0.1503,0.1478,0.1448,0.1415,0.1376,0.1331,0.1278,0.1214,0.1130,0.1007,0.0537
173940,0.1614,0.1613,0.1610,0.1605,0.1597,0.1588,0.1576,0.1562,0.1545,0.1525,0.1503,0.1477,0.1448,0.1415,0.1376,0.1331,0.1278,0.1214,0.1130,0.1007,0.0537
174000,0.1614,0.1613,0.1610,0.1604,0.1597,0.1587,0.1576,0.1561,0.1545,0.1525,0.1503,0.1477,0.1448,0.1414,0.1376,0.1331,0.1278,0.1213,0.1130,0.1007,0.0537
174060,0.1614,0.1612,0.1609,0.1604,0.1597,0.1587,0.1575,0.1561,0.1544,0.1525,0.1503,0.1477,0.1448,0.1414,0.1376,0.1331,0.1278,0.1213,0.1130,0.1007,0.0537
174120,0.1613,0.1612,0.1609,0.1604,0.1597,0.1587,0.1575,0.1561,0.1544,0.1525,0.1502,0.1477,0.1448,0.1414,0.1375,0.1331,0.1278,0.1213,0.1130,0.1007,0.0537
174180,0.1613,0.1612,0.1609,0.1604,0.1596,0.1587,0.1575,0.1561,0.1544,0.1525,0.1502,0.1477,0.1447,0.1414,0.1375,0.1331,0.1278,0.1213,0.1129,0.1007,0.0537
174240,0.1613,0.1612,0.1609,0.1603,0.1596,0.1587,0.1575,0.1560,0.1544,0.1524,0.1502,0.1476,0.1447,0.1414,0.1375,0.1330,0.1277,0.1213,0.1129,0.1006,0.0537
174300,0.1613,0.1611,0.1608,0.1603,0.1596,0.1586,0.1574,0.1560,0.1544,0.1524,0.1502,0.1476,0.1447,0.1413,0.1375,0.1330,0.1277,0.1213,0.1129,0.1006,0.0537
174360,0.1612,0.1611,0.1608,0.1603,0.1596,0.1586,0.1574,0.1560,0.1543,0.1524,0.1502,0.1476,0.1447,0.1413,0.1375,0.1330,0.1277,0.1212,0.1129,0.1006,0.0537
174420,0.1612,0.1611,0.1608,0.1603,0.1595,0.1586,0.1574,0.1560,0.1543,0.1524,0.1501,0.1476,0.1447,0.1413,0.1375,0.1330,0.1277,0.1212,0.1129,0.1006,0.0537
174480,0.1612,0.1611,0.1608,0.1602,0.1595,0.1586,0.1574,0.1560,0.1543,0.1523,0.1501,0.1476,0.1446,0.1413,0.1374,0.1330,0.1277,0.1212,0.1129,0.1006,0.0537
174540,0.1612,0.1611,0.1607,0.1602,0.1595,0.1585,0.1574,0.1559,0.1543,0.1523,0.1501,0.1475,0.1446,0.1413,0.1374,0.1329,0.1277,0.1212,0.1129,0.1006,0.0537
174600,0.1611,0.1610,0.1607,0.1602,0.1595,0.1585,0.1573,0.1559,0.1542,0.1523,0.1501,0.1475,0.1446,0.1412,0.1374,0.1329,0.1276,0.1212,0.1129,0.1006,0.0537
174660,0.1611,0.1610,0.1607,0.1602,0.1594,0.1585,0.1573,0.1559,0.1542,0.1523,0.1500,0.1475,0.1446,0.1412,0.1374,0.1329,0.1276,0.1212,0.1128,0.1006,0.0537
174720,0.1611,0.1610,0.1607,0.1601,0.1594,0.1585,0.1573,0.1559,0.1542,0.1523,0.1500,0.1475,0.1445,0.1412,0.1374,0.1329,0.1276,0.1212,0.1128,0.1006,0.0537
174780,0.1611,0.1610,0.1606,0.1601,0.1594,0.1584,0.1573,0.1558,0.1542,0.1522,0.1500,0.1474,0.1445,0.1412,0.1373,0.1329,0.1276,0.1211,0.1128,0.1005,0.0536
174840,0.1610,0.1609,0.1606,0.1601,0.1594,0.1584,0.1572,0.1558,0.1542,0.1522,0.1500,0.1474,0.1445,0.1412,0.1373,0.1329,0.1276,0.1211,0.1128,0.1005,0.0536
174900,0.1610,0.1609,0.1606,0.1601,0.1593,0.1584,0.1572,0.1558,0.1541,0.1522,0.1500,0.1474,0.1445,0.1412,0.1373,0.1328,0.1276,0.1211,0.1128,0.1005,0.0536
174960,0.1610,0.1609,0.1606,0.1601,0.1593,0.1584,0.1572,0.1558,0.1541,0.1522,0.1499,0.1474,0.1445,0.1411,0.1373,0.1328,0.1275,0.1211,0.1128,0.1005,0.0536
175020,0.1610,0.1609,0.1605,0.1600,0.1593,0.1583,0.1572,0.1558,0.1541,0.1521,0.1499,0.1474,0.1444,0.1411,0.1373,0.1328,0.1275,0.1211,0.1128,0.1005,0.0536
175080,0.1609,0.1608,0.1605,0.1600,0.1593,0.1583,0.1571,0.1557,0.1541,0.1521,0.1499,0.1473,0.1444,0.1411,0.1373,0.1328,0.1275,0.1211,0.1127,0.1005,0.0536
175140,0.1609,0.1608,0.1605,0.1600,0.1592,0.1583,0.1571,0.1557,0.1540,0.1521,0.1499,0.1473,0.1444,0.1411,0.1372,0.1328,0.1275,0.1211,0.1127,0.1005,0.0536
175200,0.1609,0.1608,0.1605,0.1600,0.1592,0.1583,0.1571,0.1557,0.1540,0.1521,0.1499,0.1473,0.1444,0.1411,0.1372,0.1328,0.1275,0.1210,0.1127,0.1005,0.0536
175260,0.1609,0.1608,0.1605,0.1599,0.1592,0.1583,0.1571,0.1557,0.1540,0.1521,0.1498,0.1473,0.1444,0.1410,0.1372,0.1327,0.1275,0.1210,0.1127,0.1005,0.0536
175320,0.1608,0.1607,0.1604,0.1599,0.1592,0.1582,0.1571,0.1556,0.1540,0.1520,0.1498,0.1473,0.1443,0.1410,0.1372,0.1327,0.1274,0.1210,0.1127,0.1004,0.0536
175380,0.1608,0.1607,0.1604,0.1599,0.1592,0.1582,0.1570,0.1556,0.1539,0.1520,0.1498,0.1472,0.1443,0.1410,0.1372,0.1327,0.1274,0.1210,0.1127,0.1004,0.0536
175440,0.1608,0.1607,0.1604,0.1599,0.1591,0.1582,0.1570,0.1556,0.1539,0.1520,0.1498,0.1472,0.1443,0.1410,0.1371,0.1327,0.1274,0.1210,0.1127,0.1004,0.0536
175500,0.1608,0.1607,0.1604,0.1598,0.1591,0.1582,0.1570,0.1556,0.1539,0.1520,0.1497,0.1472,0.1443,0.1410,0.1371,0.1327,0.1274,0.1210,0.1127,0.1004,0.0536
175560,0.1607,0.1606,0.1603,0.1598,0.1591,0.1581,0.1570,0.1555,0.1539,0.1520,0.1497,0.1472,0.1443,0.1409,0.1371,0.1327,0.1274,0.1210,0.1126,0.1004,0.0536
175620,0.1607,0.1606,0.1603,0.1598,0.1591,0.1581,0.1569,0.1555,0.1539,0.1519,0.1497,0.1472,0.1442,0.1409,0.1371,0.1326,0.1274,0.1209,0.1126,0.1004,0.0536
175680,0.1607,0.1606,0.1603,0.1598,0.1590,0.1581,0.1569,0.1555,0.1538,0.1519,0.1497,0.1471,0.1442,0.1409,0.1371,0.1326,0.1274,0.1209,0.1126,0.1004,0.0536
175740,0.1607,0.1606,0.1603,0.1597,0.1590,0.1581,0.1569,0.1555,0.1538,0.1519,0.1497,0.1471,0.1442,0.1409,0.1371,0.1326,0.1273,0.1209,0.1126,0.1004,0.0536
175800,0.1606,0.1605,0.1602,0.1597,0.1590,0.1580,0.1569,0.1555,0.1538,0.1519,0.1496,0.1471,0.1442,0.1409,0.1370,0.1326,0.1273,0.1209,0.1126,0.1004,0.0536
175860,0.1606,0.1605,0.1602,0.1597,0.1590,0.1580,0.1568,0.1554,0.1538,0.1518,0.1496,0.1471,0.1442,0.1408,0.1370,0.1326,0.1273,0.1209,0.1126,0.1004,0.0536
175920,0.1606,0.1605,0.1602,0.1597,0.1589,0.1580,0.1568,0.1554,0.1537,0.1518,0.1496,0.1471,0.1441,0.1408,0.1370,0.1325,0.1273,0.1209,0.1126,0.1003,0.0536
175980,0.1606,0.1605,0.1602,0.1596,0.1589,0.1580,0.1568,0.1554,0.1537,0.1518,0.1496,0.1470,0.1441,0.1408,0.1370,0.1325,0.1273,0.1208,0.1126,0.1003,0.0536
176040,0.1606,0.1604,0.1601,0.1596,0.1589,0.1579,0.1568,0.1554,0.1537,0.1518,0.1496,0.1470,0.1441,0.1408,0.1370,0.1325,0.1273,0.1208,0.1125,0.1003,0.0536
176100,0.1605,0.1604,0.1601,0.1596,0.1589,0.1579,0.1568,0.1553,0.1537,0.1518,0.1495,0.1470,0.1441,0.1408,0.1369,0.1325,0.1272,0.1208,0.1125,0.1003,0.0536
176160,0.1605,0.1604,0.1601,0.1596,0.1588,0.1579,0.1567,0.1553,0.1537,0.1517,0.1495,0.1470,0.1441,0.1407,0.1369,0.1325,0.1272,0.1208,0.1125,0.1003,0.0536
176220,0.1605,0.1604,0.1601,0.1596,0.1588,0.1579,0.1567,0.1553,0.1536,0.1517,0.1495,0.1470,0.1441,0.1407,0.1369,0.1325,0.1272,0.1208,0.1125,0.1003,0.0536
176280,0.1605,0.1604,0.1600,0.1595,0.1588,0.1579,0.1567,0.1553,0.1536,0.1517,0.1495,0.1469,0.1440,0.1407,0.1369,0.1324,0.1272,0.1208,0.1125,0.1003,0.0536
176340,0.1604,0.1603,0.1600,0.1595,0.1588,0.1578,0.1567,0.1553,0.1536,0.1517,0.1495,0.1469,0.1440,0.1407,0.1369,0.1324,0.1272,0.1208,0.1125,0.1003,0.0536
176400,0.1604,0.1603,0.1600,0.1595,0.1588,0.1578,0.1566,0.1552,0.1536,0.1516,0.1494,0.1469,0.1440,0.1407,0.1369,0.1324,0.1272,0.1207,0.1125,0.1003,0.0536
176460,0.1604,0.1603,0.1600,0.1595,0.1587,0.1578,0.1566,0.1552,0.1535,0.1516,0.1494,0.1469,0.1440,0.1407,0.1368,0.1324,0.1271,0.1207,0.1125,0.1002,0.0536
176520,0.1604,0.1603,0.1599,0.1594,0.1587,0.1578,0.1566,0.1552,0.1535,0.1516,0.1494,0.1469,0.1440,0.1406,0.1368,0.1324,0.1271,0.1207,0.1124,0.1002,0.0536
176580,0.1603,0.1602,0.1599,0.1594,0.1587,0.1577,0.1566,0.1552,0.1535,0.1516,0.1494,0.1468,0.1439,0.1406,0.1368,0.1324,0.1271,0.1207,0.1124,0.1002,0.0536
176640,0.1603,0.1602,0.1599,0.1594,0.1587,0.1577,0.1565,0.1551,0.1535,0.1516,0.1493,0.1468,0.1439,0.1406,0.1368,0.1323,0.1271,0.1207,0.1124,0.1002,0.0536
176700,0.1603,0.1602,0.1599,0.1594,0.1586,0.1577,0.1565,0.1551,0.1535,0.1515,0.1493,0.1468,0.1439,0.1406,0.1368,0.1323,0.1271,0.1207,0.1124,0.1002,0.0536
176760,0.1603,0.1602,0.1599,0.1593,0.1586,0.1577,0.1565,0.1551,0.1534,0.1515,0.1493,0.1468,0.1439,0.1406,0.1367,0.1323,0.1271,0.1207,0.1124,0.1002,0.0536
176820,0.1602,0.1601,0.1598,0.1593,0.1586,0.1576,0.1565,0.1551,0.1534,0.1515,0.1493,0.1467,0.1439,0.1405,0.1367,0.1323,0.1270,0.1206,0.1124,0.1002,0.0536
176880,0.1602,0.1601,0.1598,0.1593,0.1586,0.1576,0.1565,0.1550,0.1534,0.1515,0.1493,0.1467,0.1438,0.1405,0.1367,0.1323,0.1270,0.1206,0.1124,0.1002,0.0536
176940,0.1602,0.1601,0.1598,0.1593,0.1585,0.1576,0.1564,0.1550,0.1534,0.1515,0.1492,0.1467,0.1438,0.1405,0.1367,0.1323,0.1270,0.1206,0.1123,0.1002,0.0536
177000,0.1602,0.1601,0.1598,0.1592,0.1585,0.1576,0.1564,0.1550,0.1534,0.1514,0.1492,0.1467,0.1438,0.1405,0.1367,0.1322,0.1270,0.1206,0.1123,0.1002,0.0536
177060,0.1601,0.1600,0.1597,0.1592,0.1585,0.1576,0.1564,0.1550,0.1533,0.1514,0.1492,0.1467,0.1438,0.1405,0.1367,0.1322,0.1270,0.1206,0.1123,0.1001,0.0536
177120,0.1601,0.1600,0.1597,0.1592,0.1585,0.1575,0.1564,0.1550,0.1533,0.1514,0.1492,0.1466,0.1438,0.1404,0.1366,0.1322,0.1270,0.1206,0.1123,0.1001,0.0536
177180,0.1601,0.1600,0.1597,0.1592,0.1584,0.1575,0.1563,0.1549,0.1533,0.1514,0.1492,0.1466,0.1437,0.1404,0.1366,0.1322,0.1270,0.1206,0.1123,0.1001,0.0536
177240,0.1601,0.1600,0.1597,0.1592,0.1584,0.1575,0.1563,0.1549,0.1533,0.1513,0.1491,0.1466,0.1437,0.1404,0.1366,0.1322,0.1269,0.1205,0.1123,0.1001,0.0536
177300,0.1601,0.1599,0.1596,0.1591,0.1584,0.1575,0.1563,0.1549,0.1532,0.1513,0.1491,0.1466,0.1437,0.1404,0.1366,0.1322,0.1269,0.1205,0.1123,0.1001,0.0535
177360,0.1600,0.1599,0.1596,0.1591,0.1584,0.1574,0.1563,0.1549,0.1532,0.1513,0.1491,0.1466,0.1437,0.1404,0.1366,0.1321,0.1269,0.1205,0.1123,0.1001,0.0535
177420,0.1600,0.1599,0.1596,0.1591,0.1584,0.1574,0.1562,0.1548,0.1532,0.1513,0.1491,0.1465,0.1437,0.1404,0.1365,0.1321,0.1269,0.1205,0.1122,0.1001,0.0535
177480,0.1600,0.1599,0.1596,0.1591,0.1583,0.1574,0.1562,0.1548,0.1532,0.1513,0.1491,0.1465,0.1436,0.1403,0.1365,0.1321,0.1269,0.1205,0.1122,0.1001,0.0535
177540,0.1600,0.1599,0.1595,0.1590,0.1583,0.1574,0.1562,0.1548,0.1532,0.1512,0.1490,0.1465,0.1436,0.1403,0.1365,0.1321,0.1269,0.1205,0.1122,0.1001,0.0535
177600,0.1599,0.1598,0.1595,0.1590,0.1583,0.1573,0.1562,0.1548,0.1531,0.1512,0.1490,0.1465,0.1436,0.1403,0.1365,0.1321,0.1268,0.1205,0.1122,0.1000,0.0535
177660,0.1599,0.1598,0.1595,0.1590,0.1583,0.1573,0.1562,0.1548,0.1531,0.1512,0.1490,0.1465,0.1436,0.1403,0.1365,0.1321,0.1268,0.1204,0.1122,0.1000,0.0535
177720,0.1599,0.1598,0.1595,0.1590,0.1582,0.1573,0.1561,0.1547,0.1531,0.1512,0.1490,0.1464,0.1436,0.1403,0.1365,0.1320,0.1268,0.1204,0.1122,0.1000,0.0535
177780,0.1599,0.1598,0.1595,0.1589,0.1582,0.1573,0.1561,0.1547,0.1531,0.1512,0.1489,0.1464,0.1435,0.1402,0.1364,0.1320,0.1268,0.1204,0.1122,0.1000,0.0535
177840,0.1598,0.1597,0.1594,0.1589,0.1582,0.1573,0.1561,0.1547,0.1530,0.1511,0.1489,0.1464,0.1435,0.1402,0.1364,0.1320,0.1268,0.1204,0.1122,0.1000,0.0535
177900,0.1598,0.1597,0.1594,0.1589,0.1582,0.1572,0.1561,0.1547,0.1530,0.1511,0.1489,0.1464,0.1435,0.1402,0.1364,0.1320,0.1268,0.1204,0.1121,0.1000,0.0535
177960,0.1598,0.1597,0.1594,0.1589,0.1581,0.1572,0.1560,0.1546,0.1530,0.1511,0.1489,0.1464,0.1435,0.1402,0.1364,0.1320,0.1267,0.1204,0.1121,0.1000,0.0535
178020,0.1598,0.1597,0.1594,0.1588,0.1581,0.1572,0.1560,0.1546,0.1530,0.1511,0.1489,0.1463,0.1435,0.1402,0.1364,0.1320,0.1267,0.1204,0.1121,0.1000,0.0535
178080,0.1597,0.1596,0.1593,0.1588,0.1581,0.1572,0.1560,0.1546,0.1530,0.1510,0.1488,0.1463,0.1434,0.1401,0.1364,0.1319,0.1267,0.1203,0.1121,0.1000,0.0535
178140,0.1597,0.1596,0.1593,0.1588,0.1581,0.1571,0.1560,0.1546,0.1529,0.1510,0.1488,0.1463,0.1434,0.1401,0.1363,0.1319,0.1267,0.1203,0.1121,0.1000,0.0535
178200,0.1597,0.1596,0.1593,0.1588,0.1581,0.1571,0.1560,0.1546,0.1529,0.1510,0.1488,0.1463,0.1434,0.1401,0.1363,0.1319,0.1267,0.1203,0.1121,0.0999,0.0535
178260,0.1597,0.1596,0.1593,0.1588,0.1580,0.1571,0.1559,0.1545,0.1529,0.1510,0.1488,0.1463,0.1434,0.1401,0.1363,0.1319,0.1267,0.1203,0.1121,0.0999,0.0535
178320,0.1597,0.1595,0.1592,0.1587,0.1580,0.1571,0.1559,0.1545,0.1529,0.1510,0.1488,0.1462,0.1434,0.1401,0.1363,0.1319,0.1267,0.1203,0.1121,0.0999,0.0535
178380,0.1596,0.1595,0.1592,0.1587,0.1580,0.1571,0.1559,0.1545,0.1528,0.1509,0.1487,0.1462,0.1433,0.1401,0.1363,0.1319,0.1266,0.1203,0.1120,0.0999,0.0535
178440,0.1596,0.1595,0.1592,0.1587,0.1580,0.1570,0.1559,0.1545,0.1528,0.1509,0.1487,0.1462,0.1433,0.1400,0.1362,0.1318,0.1266,0.1203,0.1120,0.0999,0.0535
178500,0.1596,0.1595,0.1592,0.1587,0.1579,0.1570,0.1558,0.1544,0.1528,0.1509,0.1487,0.1462,0.1433,0.1400,0.1362,0.1318,0.1266,0.1202,0.1120,0.0999,0.0535
178560,0.1596,0.1595,0.1592,0.1586,0.1579,0.1570,0.1558,0.1544,0.1528,0.1509,0.1487,0.1462,0.1433,0.1400,0.1362,0.1318,0.1266,0.1202,0.1120,0.0999,0.0535
178620,0.1595,0.1594,0.1591,0.1586,0.1579,0.1570,0.1558,0.1544,0.1528,0.1509,0.1487,0.1461,0.1433,0.1400,0.1362,0.1318,0.1266,0.1202,0.1120,0.0999,0.0535
178680,0.1595,0.1594,0.1591,0.1586,0.1579,0.1569,0.1558,0.1544,0.1527,0.1508,0.1486,0.1461,0.1432,0.1400,0.1362,0.1318,0.1266,0.1202,0.1120,0.0999,0.0535
178740,0.1595,0.1594,0.1591,0.1586,0.1579,0.1569,0.1558,0.1544,0.1527,0.1508,0.1486,0.1461,0.1432,0.1399,0.1362,0.1318,0.1265,0.1202,0.1120,0.0999,0.0535
178800,0.1595,0.1594,0.1591,0.1585,0.1578,0.1569,0.1557,0.1543,0.1527,0.1508,0.1486,0.1461,0.1432,0.1399,0.1361,0.1317,0.1265,0.1202,0.1120,0.0998,0.0535
178860,0.1594,0.1593,0.1590,0.1585,0.1578,0.1569,0.1557,0.1543,0.1527,0.1508,0.1486,0.1461,0.1432,0.1399,0.1361,0.1317,0.1265,0.1202,0.1119,0.0998,0.0535
178920,0.1594,0.1593,0.1590,0.1585,0.1578,0.1568,0.1557,0.1543,0.1527,0.1507,0.1486,0.1460,0.1432,0.1399,0.1361,0.1317,0.1265,0.1201,0.1119,0.0998,0.0535
178980,0.1594,0.1593,0.1590,0.1585,0.1578,0.1568,0.1557,0.1543,0.1526,0.1507,0.1485,0.1460,0.1432,0.1399,0.1361,0.1317,0.1265,0.1201,0.1119,0.0998,0.0535
179040,0.1594,0.1593,0.1590,0.1585,0.1577,0.1568,0.1556,0.1543,0.1526,0.1507,0.1485,0.1460,0.1431,0.1398,0.1361,0.1317,0.1265,0.1201,0.1119,0.0998,0.0535
179100,0.1593,0.1592,0.1589,0.1584,0.1577,0.1568,0.1556,0.1542,0.1526,0.1507,0.1485,0.1460,0.1431,0.1398,0.1360,0.1317,0.1265,0.1201,0.1119,0.0998,0.0535
179160,0.1593,0.1592,0.1589,0.1584,0.1577,0.1568,0.1556,0.1542,0.1526,0.1507,0.1485,0.1460,0.1431,0.1398,0.1360,0.1316,0.1264,0.1201,0.1119,0.0998,0.0535
179220,0.1593,0.1592,0.1589,0.1584,0.1577,0.1567,0.1556,0.1542,0.1525,0.1506,0.1485,0.1459,0.1431,0.1398,0.1360,0.1316,0.1264,0.1201,0.1119,0.0998,0.0535
179280,0.1593,0.1592,0.1589,0.1584,0.1576,0.1567,0.1556,0.1542,0.1525,0.1506,0.1484,0.1459,0.1431,0.1398,0.1360,0.1316,0.1264,0.1201,0.1119,0.0998,0.0535
179340,0.1593,0.1592,0.1589,0.1583,0.1576,0.1567,0.1555,0.1541,0.1525,0.1506,0.1484,0.1459,0.1430,0.1398,0.1360,0.1316,0.1264,0.1200,0.1118,0.0998,0.0535
179400,0.1592,0.1591,0.1588,0.1583,0.1576,0.1567,0.1555,0.1541,0.1525,0.1506,0.1484,0.1459,0.1430,0.1397,0.1360,0.1316,0.1264,0.1200,0.1118,0.0997,0.0535
179460,0.1592,0.1591,0.1588,0.1583,0.1576,0.1566,0.1555,0.1541,0.1525,0.1506,0.1484,0.1459,0.1430,0.1397,0.1359,0.1316,0.1264,0.1200,0.1118,0.0997,0.0535
179520,0.1592,0.1591,0.1588,0.1583,0.1576,0.1566,0.1555,0.1541,0.1524,0.1505,0.1484,0.1458,0.1430,0.1397,0.1359,0.1315,0.1263,0.1200,0.1118,0.0997,0.0535
179580,0.1592,0.1591,0.1588,0.1583,0.1575,0.1566,0.1554,0.1541,0.1524,0.1505,0.1483,0.1458,0.1430,0.1397,0.1359,0.1315,0.1263,0.1200,0.1118,0.0997,0.0535
179640,0.1591,0.1590,0.1587,0.1582,0.1575,0.1566,0.1554,0.1540,0.1524,0.1505,0.1483,0.1458,0.1429,0.1397,0.1359,0.1315,0.1263,0.1200,0.1118,0.0997,0.0535
179700,0.1591,0.1590,0.1587,0.1582,0.1575,0.1566,0.1554,0.1540,0.1524,0.1505,0.1483,0.1458,0.1429,0.1396,0.1359,0.1315,0.1263,0.1200,0.1118,0.0997,0.0535
179760,0.1591,0.1590,0.1587,0.1582,0.1575,0.1565,0.1554,0.1540,0.1524,0.1505,0.1483,0.1458,0.1429,0.1396,0.1359,0.1315,0.1263,0.1199,0.1118,0.0997,0.0535
179820,0.1591,0.1590,0.1587,0.1582,0.1574,0.1565,0.1554,0.1540,0.1523,0.1504,0.1482,0.1457,0.1429,0.1396,0.1358,0.1315,0.1263,0.1199,0.1117,0.0997,0.0535
179880,0.1591,0.1589,0.1586,0.1581,0.1574,0.1565,0.1553,0.1539,0.1523,0.1504,0.1482,0.1457,0.1429,0.1396,0.1358,0.1314,0.1263,0.1199,0.1117,0.0997,0.0535
179940,0.1590,0.1589,0.1586,0.1581,0.1574,0.1565,0.1553,0.1539,0.1523,0.1504,0.1482,0.1457,0.1428,0.1396,0.1358,0.1314,0.1262,0.1199,0.1117,0.0997,0.0534
180000,0.1590,0.1589,0.1586,0.1581,0.1574,0.1564,0.1553,0.1539,0.1523,0.1504,0.1482,0.1457,0.1428,0.1396,0.1358,0.1314,0.1262,0.1199,0.1117,0.0996,0.0534
180060,0.1590,0.1589,0.1586,0.1581,0.1574,0.1564,0.1553,0.1539,0.1522,0.1504,0.1482,0.1457,0.1428,0.1395,0.1358,0.1314,0.1262,0.1199,0.1117,0.0996,0.0534
180120,0.1590,0.1589,0.1586,0.1580,0.1573,0.1564,0.1552,0.1539,0.1522,0.1503,0.1481,0.1456,0.1428,0.1395,0.1358,0.1314,0.1262,0.1199,0.1117,0.0996,0.0534
180180,0.1589,0.1588,0.1585,0.1580,0.1573,0.1564,0.1552,0.1538,0.1522,0.1503,0.1481,0.1456,0.1428,0.1395,0.1357,0.1314,0.1262,0.1198,0.1117,0.0996,0.0534
180240,0.1589,0.1588,0.1585,0.1580,0.1573,0.1564,0.1552,0.1538,0.1522,0.1503,0.1481,0.1456,0.1428,0.1395,0.1357,0.1313,0.1262,0.1198,0.1117,0.0996,0.0534
180300,0.1589,0.1588,0.1585,0.1580,0.1573,0.1563,0.1552,0.1538,0.1522,0.1503,0.1481,0.1456,0.1427,0.1395,0.1357,0.1313,0.1261,0.1198,0.1116,0.0996,0.0534
180360,0.1589,0.1588,0.1585,0.1580,0.1572,0.1563,0.1552,0.1538,0.1521,0.1502,0.1481,0.1456,0.1427,0.1394,0.1357,0.1313,0.1261,0.1198,0.1116,0.0996,0.0534
180420,0.1588,0.1587,0.1584,0.1579,0.1572,0.1563,0.1551,0.1538,0.1521,0.1502,0.1480,0.1456,0.1427,0.1394,0.1357,0.1313,0.1261,0.1198,0.1116,0.0996,0.0534
180480,0.1588,0.1587,0.1584,0.1579,0.1572,0.1563,0.1551,0.1537,0.1521,0.1502,0.1480,0.1455,0.1427,0.1394,0.1356,0.1313,0.1261,0.1198,0.1116,0.0996,0.0534
180540,0.1588,0.1587,0.1584,0.1579,0.1572,0.1562,0.1551,0.1537,0.1521,0.1502,0.1480,0.1455,0.1427,0.1394,0.1356,0.1313,0.1261,0.1198,0.1116,0.0995,0.0534
180600,0.1588,0.1587,0.1584,0.1579,0.1571,0.1562,0.1551,0.1537,0.1521,0.1502,0.1480,0.1455,0.1426,0.1394,0.1356,0.1312,0.1261,0.1198,0.1116,0.0995,0.0534
180660,0.1588,0.1587,0.1583,0.1578,0.1571,0.1562,0.1550,0.1537,0.1520,0.1501,0.1480,0.1455,0.1426,0.1394,0.1356,0.1312,0.1261,0.1197,0.1116,0.0995,0.0534
180720,0.1587,0.1586,0.1583,0.1578,0.1571,0.1562,0.1550,0.1536,0.1520,0.1501,0.1479,0.1455,0.1426,0.1393,0.1356,0.1312,0.1260,0.1197,0.1116,0.0995,0.0534
180780,0.1587,0.1586,0.1583,0.1578,0.1571,0.1562,0.1550,0.1536,0.1520,0.1501,0.1479,0.1454,0.1426,0.1393,0.1356,0.1312,0.1260,0.1197,0.1115,0.0995,0.0534
180840,0.1587,0.1586,0.1583,0.1578,0.1571,0.1561,0.1550,0.1536,0.1520,0.1501,0.1479,0.1454,0.1426,0.1393,0.1355,0.1312,0.1260,0.1197,0.1115,0.0995,0.0534
180900,0.1587,0.1586,0.1583,0.1578,0.1570,0.1561,0.1550,0.1536,0.1520,0.1501,0.1479,0.1454,0.1425,0.1393,0.1355,0.1312,0.1260,0.1197,0.1115,0.0995,0.0534
180960,0.1586,0.1585,0.1582,0.1577,0.1570,0.1561,0.1549,0.1536,0.1519,0.1500,0.1479,0.1454,0.1425,0.1393,0.1355,0.1311,0.1260,0.1197,0.1115,0.0995,0.0534
181020,0.1586,0.1585,0.1582,0.1577,0.1570,0.1561,0.1549,0.1535,0.1519,0.1500,0.1478,0.1454,0.1425,0.1392,0.1355,0.1311,0.1260,0.1197,0.1115,0.0995,0.0534
181080,0.1586,0.1585,0.1582,0.1577,0.1570,0.1560,0.1549,0.1535,0.1519,0.1500,0.1478,0.1453,0.1425,0.1392,0.1355,0.1311,0.1259,0.1196,0.1115,0.0995,0.0534
181140,0.1586,0.1585,0.1582,0.1577,0.1569,0.1560,0.1549,0.1535,0.1519,0.1500,0.1478,0.1453,0.1425,0.1392,0.1355,0.1311,0.1259,0.1196,0.1115,0.0994,0.0534
181200,0.1585,0.1584,0.1581,0.1576,0.1569,0.1560,0.1549,0.1535,0.1518,0.1500,0.1478,0.1453,0.1424,0.1392,0.1354,0.1311,0.1259,0.1196,0.1115,0.0994,0.0534
181260,0.1585,0.1584,0.1581,0.1576,0.1569,0.1560,0.1548,0.1535,0.1518,0.1499,0.1478,0.1453,0.1424,0.1392,0.1354,0.1311,0.1259,0.1196,0.1115,0.0994,0.0534
181320,0.1585,0.1584,0.1581,0.1576,0.1569,0.1560,0.1548,0.1534,0.1518,0.1499,0.1477,0.1453,0.1424,0.1392,0.1354,0.1310,0.1259,0.1196,0.1114,0.0994,0.0534
181380,0.1585,0.1584,0.1581,0.1576,0.1569,0.1559,0.1548,0.1534,0.1518,0.1499,0.1477,0.1452,0.1424,0.1391,0.1354,0.1310,0.1259,0.1196,0.1114,0.0994,0.0534
181440,0.1585,0.1584,0.1581,0.1576,0.1568,0.1559,0.1548,0.1534,0.1518,0.1499,0.1477,0.1452,0.1424,0.1391,0.1354,0.1310,0.1259,0.1196,0.1114,0.0994,0.0534
181500,0.1584,0.1583,0.1580,0.1575,0.1568,0.1559,0.1547,0.1534,0.1517,0.1499,0.1477,0.1452,0.1424,0.1391,0.1354,0.1310,0.1258,0.1195,0.1114,0.0994,0.0534
181560,0.1584,0.1583,0.1580,0.1575,0.1568,0.1559,0.1547,0.1533,0.1517,0.1498,0.1477,0.1452,0.1423,0.1391,0.1353,0.1310,0.1258,0.1195,0.1114,0.0994,0.0534
181620,0.1584,0.1583,0.1580,0.1575,0.1568,0.1558,0.1547,0.1533,0.1517,0.1498,0.1476,0.1452,0.1423,0.1391,0.1353,0.1310,0.1258,0.1195,0.1114,0.0994,0.0534
181680,0.1584,0.1583,0.1580,0.1575,0.1567,0.1558,0.1547,0.1533,0.1517,0.1498,0.1476,0.1451,0.1423,0.1390,0.1353,0.1310,0.1258,0.1195,0.1114,0.0994,0.0534
181740,0.1583,0.1582,0.1579,0.1574,0.1567,0.1558,0.1547,0.1533,0.1517,0.1498,0.1476,0.1451,0.1423,0.1390,0.1353,0.1309,0.1258,0.1195,0.1114,0.0993,0.0534
181800,0.1583,0.1582,0.1579,0.1574,0.1567,0.1558,0.1546,0.1533,0.1516,0.1498,0.1476,0.1451,0.1423,0.1390,0.1353,0.1309,0.1258,0.1195,0.1113,0.0993,0.0534
181860,0.1583,0.1582,0.1579,0.1574,0.1567,0.1558,0.1546,0.1532,0.1516,0.1497,0.1476,0.1451,0.1422,0.1390,0.1353,0.1309,0.1258,0.1195,0.1113,0.0993,0.0534
181920,0.1583,0.1582,0.1579,0.1574,0.1567,0.1557,0.1546,0.1532,0.1516,0.1497,0.1475,0.1451,0.1422,0.1390,0.1352,0.1309,0.1257,0.1194,0.1113,0.0993,0.0534
181980,0.1583,0.1582,0.1579,0.1574,0.1566,0.1557,0.1546,0.1532,0.1516,0.1497,0.1475,0.1450,0.1422,0.1390,0.1352,0.1309,0.1257,0.1194,0.1113,0.0993,0.0534
182040,0.1582,0.1581,0.1578,0.1573,0.1566,0.1557,0.1545,0.1532,0.1516,0.1497,0.1475,0.1450,0.1422,0.1389,0.1352,0.1309,0.1257,0.1194,0.1113,0.0993,0.0534
182100,0.1582,0.1581,0.1578,0.1573,0.1566,0.1557,0.1545,0.1532,0.1515,0.1497,0.1475,0.1450,0.1422,0.1389,0.1352,0.1308,0.1257,0.1194,0.1113,0.0993,0.0534
182160,0.1582,0.1581,0.1578,0.1573,0.1566,0.1557,0.1545,0.1531,0.1515,0.1496,0.1475,0.1450,0.1422,0.1389,0.1352,0.1308,0.1257,0.1194,0.1113,0.0993,0.0534
182220,0.1582,0.1581,0.1578,0.1573,0.1566,0.1556,0.1545,0.1531,0.1515,0.1496,0.1474,0.1450,0.1421,0.1389,0.1352,0.1308,0.1257,0.1194,0.1113,0.0993,0.0534
182280,0.1581,0.1580,0.1577,0.1572,0.1565,0.1556,0.1545,0.1531,0.1515,0.1496,0.1474,0.1449,0.1421,0.1389,0.1351,0.1308,0.1256,0.1194,0.1112,0.0993,0.0534
182340,0.1581,0.1580,0.1577,0.1572,0.1565,0.1556,0.1544,0.1531,0.1515,0.1496,0.1474,0.1449,0.1421,0.1389,0.1351,0.1308,0.1256,0.1194,0.1112,0.0993,0.0534
182400,0.1581,0.1580,0.1577,0.1572,0.1565,0.1556,0.1544,0.1530,0.1514,0.1496,0.1474,0.1449,0.1421,0.1388,0.1351,0.1308,0.1256,0.1193,0.1112,0.0992,0.0534
182460,0.1581,0.1580,0.1577,0.1572,0.1565,0.1555,0.1544,0.1530,0.1514,0.1495,0.1474,0.1449,0.1421,0.1388,0.1351,0.1307,0.1256,0.1193,0.1112,0.0992,0.0534
182520,0.1581,0.1580,0.1577,0.1572,0.1564,0.1555,0.1544,0.1530,0.1514,0.1495,0.1473,0.1449,0.1420,0.1388,0.1351,0.1307,0.1256,0.1193,0.1112,0.0992,0.0534
182580,0.1580,0.1579,0.1576,0.1571,0.1564,0.1555,0.1544,0.1530,0.1514,0.1495,0.1473,0.1449,0.1420,0.1388,0.1350,0.1307,0.1256,0.1193,0.1112,0.0992,0.0534
182640,0.1580,0.1579,0.1576,0.1571,0.1564,0.1555,0.1543,0.1530,0.1513,0.1495,0.1473,0.1448,0.1420,0.1388,0.1350,0.1307,0.1256,0.1193,0.1112,0.0992,0.0534
182700,0.1580,0.1579,0.1576,0.1571,0.1564,0.1555,0.1543,0.1529,0.1513,0.1495,0.1473,0.1448,0.1420,0.1387,0.1350,0.1307,0.1255,0.1193,0.1112,0.0992,0.0534
182760,0.1580,0.1579,0.1576,0.1571,0.1564,0.1554,0.1543,0.1529,0.1513,0.1494,0.1473,0.1448,0.1420,0.1387,0.1350,0.1307,0.1255,0.1193,0.1111,0.0992,0.0533
182820,0.1579,0.1578,0.1575,0.1570,0.1563,0.1554,0.1543,0.1529,0.1513,0.1494,0.1472,0.1448,0.1419,0.1387,0.1350,0.1306,0.1255,0.1192,0.1111,0.0992,0.0533
182880,0.1579,0.1578,0.1575,0.1570,0.1563,0.1554,0.1542,0.1529,0.1513,0.1494,0.1472,0.1448,0.1419,0.1387,0.1350,0.1306,0.1255,0.1192,0.1111,0.0992,0.0533
182940,0.1579,0.1578,0.1575,0.1570,0.1563,0.1554,0.1542,0.1529,0.1512,0.1494,0.1472,0.1447,0.1419,0.1387,0.1349,0.1306,0.1255,0.1192,0.1111,0.0992,0.0533
183000,0.1579,0.1578,0.1575,0.1570,0.1563,0.1553,0.1542,0.1528,0.1512,0.1493,0.1472,0.1447,0.1419,0.1387,0.1349,0.1306,0.1255,0.1192,0.1111,0.0991,0.0533
183060,0.1579,0.1578,0.1575,0.1570,0.1562,0.1553,0.1542,0.1528,0.1512,0.1493,0.1472,0.1447,0.1419,0.1386,0.1349,0.1306,0.1255,0.1192,0.1111,0.0991,0.0533
183120,0.1578,0.1577,0.1574,0.1569,0.1562,0.1553,0.1542,0.1528,0.1512,0.1493,0.1472,0.1447,0.1419,0.1386,0.1349,0.1306,0.1254,0.1192,0.1111,0.0991,0.0533
183180,0.1578,0.1577,0.1574,0.1569,0.1562,0.1553,0.1541,0.1528,0.1512,0.1493,0.1471,0.1447,0.1418,0.1386,0.1349,0.1305,0.1254,0.1192,0.1111,0.0991,0.0533
183240,0.1578,0.1577,0.1574,0.1569,0.1562,0.1553,0.1541,0.1528,0.1511,0.1493,0.1471,0.1446,0.1418,0.1386,0.1349,0.1305,0.1254,0.1191,0.1111,0.0991,0.0533
183300,0.1578,0.1577,0.1574,0.1569,0.1562,0.1552,0.1541,0.1527,0.1511,0.1492,0.1471,0.1446,0.1418,0.1386,0.1348,0.1305,0.1254,0.1191,0.1110,0.0991,0.0533
183360,0.1577,0.1576,0.1573,0.1568,0.1561,0.1552,0.1541,0.1527,0.1511,0.1492,0.1471,0.1446,0.1418,0.1385,0.1348,0.1305,0.1254,0.1191,0.1110,0.0991,0.0533
183420,0.1577,0.1576,0.1573,0.1568,0.1561,0.1552,0.1541,0.1527,0.1511,0.1492,0.1471,0.1446,0.1418,0.1385,0.1348,0.1305,0.1254,0.1191,0.1110,0.0991,0.0533
183480,0.1577,0.1576,0.1573,0.1568,0.1561,0.1552,0.1540,0.1527,0.1511,0.1492,0.1470,0.1446,0.1417,0.1385,0.1348,0.1305,0.1253,0.1191,0.1110,0.0991,0.0533
183540,0.1577,0.1576,0.1573,0.1568,0.1561,0.1552,0.1540,0.1526,0.1510,0.1492,0.1470,0.1445,0.1417,0.1385,0.1348,0.1305,0.1253,0.1191,0.1110,0.0991,0.0533
183600,0.1577,0.1576,0.1573,0.1568,0.1560,0.1551,0.1540,0.1526,0.1510,0.1491,0.1470,0.1445,0.1417,0.1385,0.1348,0.1304,0.1253,0.1191,0.1110,0.0990,0.0533
183660,0.1576,0.1575,0.1572,0.1567,0.1560,0.1551,0.1540,0.1526,0.1510,0.1491,0.1470,0.1445,0.1417,0.1385,0.1347,0.1304,0.1253,0.1191,0.1110,0.0990,0.0533
183720,0.1576,0.1575,0.1572,0.1567,0.1560,0.1551,0.1540,0.1526,0.1510,0.1491,0.1470,0.1445,0.1417,0.1384,0.1347,0.1304,0.1253,0.1190,0.1110,0.0990,0.0533
183780,0.1576,0.1575,0.1572,0.1567,0.1560,0.1551,0.1539,0.1526,0.1510,0.1491,0.1469,0.1445,0.1417,0.1384,0.1347,0.1304,0.1253,0.1190,0.1109,0.0990,0.0533
183840,0.1576,0.1575,0.1572,0.1567,0.1560,0.1550,0.1539,0.1525,0.1509,0.1491,0.1469,0.1445,0.1416,0.1384,0.1347,0.1304,0.1253,0.1190,0.1109,0.0990,0.0533
183900,0.1575,0.1574,0.1571,0.1566,0.1559,0.1550,0.1539,0.1525,0.1509,0.1490,0.1469,0.1444,0.1416,0.1384,0.1347,0.1304,0.1252,0.1190,0.1109,0.0990,0.0533
183960,0.1575,0.1574,0.1571,0.1566,0.1559,0.1550,0.1539,0.1525,0.1509,0.1490,0.1469,0.1444,0.1416,0.1384,0.1347,0.1303,0.1252,0.1190,0.1109,0.0990,0.0533
184020,0.1575,0.1574,0.1571,0.1566,0.1559,0.1550,0.1538,0.1525,0.1509,0.1490,0.1469,0.1444,0.1416,0.1384,0.1346,0.1303,0.1252,0.1190,0.1109,0.0990,0.0533
184080,0.1575,0.1574,0.1571,0.1566,0.1559,0.1550,0.1538,0.1525,0.1509,0.1490,0.1468,0.1444,0.1416,0.1383,0.1346,0.1303,0.1252,0.1190,0.1109,0.0990,0.0533
184140,0.1575,0.1574,0.1571,0.1566,0.1559,0.1549,0.1538,0.1524,0.1508,0.1490,0.1468,0.1444,0.1415,0.1383,0.1346,0.1303,0.1252,0.1189,0.1109,0.0990,0.0533
184200,0.1574,0.1573,0.1570,0.1565,0.1558,0.1549,0.1538,0.1524,0.1508,0.1489,0.1468,0.1443,0.1415,0.1383,0.1346,0.1303,0.1252,0.1189,0.1109,0.0989,0.0533
184260,0.1574,0.1573,0.1570,0.1565,0.1558,0.1549,0.1538,0.1524,0.1508,0.1489,0.1468,0.1443,0.1415,0.1383,0.1346,0.1303,0.1252,0.1189,0.1108,0.0989,0.0533
184320,0.1574,0.1573,0.1570,0.1565,0.1558,0.1549,0.1537,0.1524,0.1508,0.1489,0.1468,0.1443,0.1415,0.1383,0.1346,0.1302,0.1251,0.1189,0.1108,0.0989,0.0533
184380,0.1574,0.1573,0.1570,0.1565,0.1558,0.1549,0.1537,0.1524,0.1508,0.1489,0.1467,0.1443,0.1415,0.1383,0.1345,0.1302,0.1251,0.1189,0.1108,0.0989,0.0533
184440,0.1573,0.1572,0.1569,0.1565,0.1557,0.1548,0.1537,0.1523,0.1507,0.1489,0.1467,0.1443,0.1415,0.1382,0.1345,0.1302,0.1251,0.1189,0.1108,0.0989,0.0533
184500,0.1573,0.1572,0.1569,0.1564,0.1557,0.1548,0.1537,0.1523,0.1507,0.1489,0.1467,0.1442,0.1414,0.1382,0.1345,0.1302,0.1251,0.1189,0.1108,0.0989,0.0533
184560,0.1573,0.1572,0.1569,0.1564,0.1557,0.1548,0.1537,0.1523,0.1507,0.1488,0.1467,0.1442,0.1414,0.1382,0.1345,0.1302,0.1251,0.1189,0.1108,0.0989,0.0533
184620,0.1573,0.1572,0.1569,0.1564,0.1557,0.1548,0.1536,0.1523,0.1507,0.1488,0.1467,0.1442,0.1414,0.1382,0.1345,0.1302,0.1251,0.1188,0.1108,0.0989,0.0533
184680,0.1573,0.1572,0.1569,0.1564,0.1557,0.1547,0.1536,0.1523,0.1507,0.1488,0.1466,0.1442,0.1414,0.1382,0.1345,0.1302,0.1251,0.1188,0.1108,0.0989,0.0533
184740,0.1572,0.1571,0.1568,0.1563,0.1556,0.1547,0.1536,0.1522,0.1506,0.1488,0.1466,0.1442,0.1414,0.1381,0.1344,0.1301,0.1250,0.1188,0.1108,0.0989,0.0533
184800,0.1572,0.1571,0.1568,0.1563,0.1556,0.1547,0.1536,0.1522,0.1506,0.1488,0.1466,0.1442,0.1413,0.1381,0.1344,0.1301,0.1250,0.1188,0.1107,0.0988,0.0533
184860,0.1572,0.1571,0.1568,0.1563,0.1556,0.1547,0.1536,0.1522,0.1506,0.1487,0.1466,0.1441,0.1413,0.1381,0.1344,0.1301,0.1250,0.1188,0.1107,0.0988,0.0533
184920,0.1572,0.1571,0.1568,0.1563,0.1556,0.1547,0.1535,0.1522,0.1506,0.1487,0.1466,0.1441,0.1413,0.1381,0.1344,0.1301,0.1250,0.1188,0.1107,0.0988,0.0533
184980,0.1572,0.1571,0.1568,0.1563,0.1556,0.1546,0.1535,0.1522,0.1506,0.1487,0.1465,0.1441,0.1413,0.1381,0.1344,0.1301,0.1250,0.1188,0.1107,0.0988,0.0533
185040,0.1571,0.1570,0.1567,0.1562,0.1555,0.1546,0.1535,0.1521,0.1505,0.1487,0.1465,0.1441,0.1413,0.1381,0.1344,0.1301,0.1250,0.1187,0.1107,0.0988,0.0533
185100,0.1571,0.1570,0.1567,0.1562,0.1555,0.1546,0.1535,0.1521,0.1505,0.1487,0.1465,0.1441,0.1413,0.1380,0.1343,0.1300,0.1250,0.1187,0.1107,0.0988,0.0533
185160,0.1571,0.1570,0.1567,0.1562,0.1555,0.1546,0.1534,0.1521,0.1505,0.1486,0.1465,0.1440,0.1412,0.1380,0.1343,0.1300,0.1249,0.1187,0.1107,0.0988,0.0533
185220,0.1571,0.1570,0.1567,0.1562,0.1555,0.1546,0.1534,0.1521,0.1505,0.1486,0.1465,0.1440,0.1412,0.1380,0.1343,0.1300,0.1249,0.1187,0.1107,0.0988,0.0533
185280,0.1570,0.1569,0.1566,0.1562,0.1554,0.1545,0.1534,0.1520,0.1505,0.1486,0.1465,0.1440,0.1412,0.1380,0.1343,0.1300,0.1249,0.1187,0.1106,0.0988,0.0533
185340,0.1570,0.1569,0.1566,0.1561,0.1554,0.1545,0.1534,0.1520,0.1504,0.1486,0.1464,0.1440,0.1412,0.1380,0.1343,0.1300,0.1249,0.1187,0.1106,0.0988,0.0533
185400,0.1570,0.1569,0.1566,0.1561,0.1554,0.1545,0.1534,0.1520,0.1504,0.1486,0.1464,0.1440,0.1412,0.1380,0.1343,0.1300,0.1249,0.1187,0.1106,0.0988,0.0533
185460,0.1570,0.1569,0.1566,0.1561,0.1554,0.1545,0.1533,0.1520,0.1504,0.1485,0.1464,0.1439,0.1411,0.1379,0.1342,0.1300,0.1249,0.1187,0.1106,0.0987,0.0533
185520,0.1570,0.1569,0.1566,0.1561,0.1554,0.1545,0.1533,0.1520,0.1504,0.1485,0.1464,0.1439,0.1411,0.1379,0.1342,0.1299,0.1249,0.1186,0.1106,0.0987,0.0533
185580,0.1569,0.1568,0.1565,0.1560,0.1553,0.1544,0.1533,0.1519,0.1504,0.1485,0.1464,0.1439,0.1411,0.1379,0.1342,0.1299,0.1248,0.1186,0.1106,0.0987,0.0533
185640,0.1569,0.1568,0.1565,0.1560,0.1553,0.1544,0.1533,0.1519,0.1503,0.1485,0.1463,0.1439,0.1411,0.1379,0.1342,0.1299,0.1248,0.1186,0.1106,0.0987,0.0533
185700,0.1569,0.1568,0.1565,0.1560,0.1553,0.1544,0.1533,0.1519,0.1503,0.1485,0.1463,0.1439,0.1411,0.1379,0.1342,0.1299,0.1248,0.1186,0.1106,0.0987,0.0532
185760,0.1569,0.1568,0.1565,0.1560,0.1553,0.1544,0.1532,0.1519,0.1503,0.1484,0.1463,0.1439,0.1411,0.1379,0.1342,0.1299,0.1248,0.1186,0.1106,0.0987,0.0532
185820,0.1568,0.1567,0.1565,0.1560,0.1553,0.1543,0.1532,0.1519,0.1503,0.1484,0.1463,0.1438,0.1410,0.1378,0.1341,0.1299,0.1248,0.1186,0.1105,0.0987,0.0532
185880,0.1568,0.1567,0.1564,0.1559,0.1552,0.1543,0.1532,0.1518,0.1503,0.1484,0.1463,0.1438,0.1410,0.1378,0.1341,0.1298,0.1248,0.1186,0.1105,0.0987,0.0532
185940,0.1568,0.1567,0.1564,0.1559,0.1552,0.1543,0.1532,0.1518,0.1502,0.1484,0.1462,0.1438,0.1410,0.1378,0.1341,0.1298,0.1248,0.1185,0.1105,0.0987,0.0532
186000,0.1568,0.1567,0.1564,0.1559,0.1552,0.1543,0.1532,0.1518,0.1502,0.1484,0.1462,0.1438,0.1410,0.1378,0.1341,0.1298,0.1247,0.1185,0.1105,0.0987,0.0532
186060,0.1568,0.1567,0.1564,0.1559,0.1552,0.1543,0.1531,0.1518,0.1502,0.1483,0.1462,0.1438,0.1410,0.1378,0.1341,0.1298,0.1247,0.1185,0.1105,0.0986,0.0532
186120,0.1567,0.1566,0.1563,0.1559,0.1552,0.1542,0.1531,0.1518,0.1502,0.1483,0.1462,0.1437,0.1409,0.1378,0.1341,0.1298,0.1247,0.1185,0.1105,0.0986,0.0532
186180,0.1567,0.1566,0.1563,0.1558,0.1551,0.1542,0.1531,0.1517,0.1502,0.1483,0.1462,0.1437,0.1409,0.1377,0.1341,0.1298,0.1247,0.1185,0.1105,0.0986,0.0532
186240,0.1567,0.1566,0.1563,0.1558,0.1551,0.1542,0.1531,0.1517,0.1501,0.1483,0.1461,0.1437,0.1409,0.1377,0.1340,0.1298,0.1247,0.1185,0.1105,0.0986,0.0532
186300,0.1567,0.1566,0.1563,0.1558,0.1551,0.1542,0.1531,0.1517,0.1501,0.1483,0.1461,0.1437,0.1409,0.1377,0.1340,0.1297,0.1247,0.1185,0.1104,0.0986,0.0532
186360,0.1567,0.1566,0.1563,0.1558,0.1551,0.1542,0.1530,0.1517,0.1501,0.1482,0.1461,0.1437,0.1409,0.1377,0.1340,0.1297,0.1246,0.1185,0.1104,0.0986,0.0532
186420,0.1566,0.1565,0.1562,0.1557,0.1550,0.1541,0.1530,0.1517,0.1501,0.1482,0.1461,0.1437,0.1409,0.1377,0.1340,0.1297,0.1246,0.1184,0.1104,0.0986,0.0532
186480,0.1566,0.1565,0.1562,0.1557,0.1550,0.1541,0.1530,0.1516,0.1501,0.1482,0.1461,0.1436,0.1408,0.1376,0.1340,0.1297,0.1246,0.1184,0.1104,0.0986,0.0532
186540,0.1566,0.1565,0.1562,0.1557,0.1550,0.1541,0.1530,0.1516,0.1500,0.1482,0.1461,0.1436,0.1408,0.1376,0.1340,0.1297,0.1246,0.1184,0.1104,0.0986,0.0532
186600,0.1566,0.1565,0.1562,0.1557,0.1550,0.1541,0.1530,0.1516,0.1500,0.1482,0.1460,0.1436,0.1408,0.1376,0.1339,0.1297,0.1246,0.1184,0.1104,0.0986,0.0532
186660,0.1565,0.1564,0.1562,0.1557,0.1550,0.1541,0.1529,0.1516,0.1500,0.1481,0.1460,0.1436,0.1408,0.1376,0.1339,0.1296,0.1246,0.1184,0.1104,0.0986,0.0532
186720,0.1565,0.1564,0.1561,0.1556,0.1549,0.1540,0.1529,0.1516,0.1500,0.1481,0.1460,0.1436,0.1408,0.1376,0.1339,0.1296,0.1246,0.1184,0.1104,0.0985,0.0532
186780,0.1565,0.1564,0.1561,0.1556,0.1549,0.1540,0.1529,0.1515,0.1500,0.1481,0.1460,0.1435,0.1408,0.1376,0.1339,0.1296,0.1245,0.1184,0.1104,0.0985,0.0532
186840,0.1565,0.1564,0.1561,0.1556,0.1549,0.1540,0.1529,0.1515,0.1499,0.1481,0.1460,0.1435,0.1407,0.1375,0.1339,0.1296,0.1245,0.1183,0.1103,0.0985,0.0532
186900,0.1565,0.1564,0.1561,0.1556,0.1549,0.1540,0.1529,0.1515,0.1499,0.1481,0.1459,0.1435,0.1407,0.1375,0.1339,0.1296,0.1245,0.1183,0.1103,0.0985,0.0532
186960,0.1564,0.1563,0.1560,0.1556,0.1549,0.1540,0.1528,0.1515,0.1499,0.1480,0.1459,0.1435,0.1407,0.1375,0.1338,0.1296,0.1245,0.1183,0.1103,0.0985,0.0532
187020,0.1564,0.1563,0.1560,0.1555,0.1548,0.1539,0.1528,0.1515,0.1499,0.1480,0.1459,0.1435,0.1407,0.1375,0.1338,0.1296,0.1245,0.1183,0.1103,0.0985,0.0532
187080,0.1564,0.1563,0.1560,0.1555,0.1548,0.1539,0.1528,0.1514,0.1499,0.1480,0.1459,0.1434,0.1407,0.1375,0.1338,0.1295,0.1245,0.1183,0.1103,0.0985,0.0532
187140,0.1564,0.1563,0.1560,0.1555,0.1548,0.1539,0.1528,0.1514,0.1498,0.1480,0.1459,0.1434,0.1406,0.1375,0.1338,0.1295,0.1245,0.1183,0.1103,0.0985,0.0532
187200,0.1564,0.1563,0.1560,0.1555,0.1548,0.1539,0.1527,0.1514,0.1498,0.1480,0.1458,0.1434,0.1406,0.1374,0.1338,0.1295,0.1244,0.1183,0.1103,0.0985,0.0532
187260,0.1563,0.1562,0.1559,0.1555,0.1548,0.1538,0.1527,0.1514,0.1498,0.1480,0.1458,0.1434,0.1406,0.1374,0.1338,0.1295,0.1244,0.1183,0.1103,0.0985,0.0532
187320,0.1563,0.1562,0.1559,0.1554,0.1547,0.1538,0.1527,0.1514,0.1498,0.1479,0.1458,0.1434,0.1406,0.1374,0.1337,0.1295,0.1244,0.1182,0.1103,0.0984,0.0532
187380,0.1563,0.1562,0.1559,0.1554,0.1547,0.1538,0.1527,0.1513,0.1498,0.1479,0.1458,0.1434,0.1406,0.1374,0.1337,0.1295,0.1244,0.1182,0.1102,0.0984,0.0532
187440,0.1563,0.1562,0.1559,0.1554,0.1547,0.1538,0.1527,0.1513,0.1497,0.1479,0.1458,0.1433,0.1406,0.1374,0.1337,0.1294,0.1244,0.1182,0.1102,0.0984,0.0532
187500,0.1563,0.1562,0.1559,0.1554,0.1547,0.1538,0.1526,0.1513,0.1497,0.1479,0.1458,0.1433,0.1405,0.1374,0.1337,0.1294,0.1244,0.1182,0.1102,0.0984,0.0532
187560,0.1562,0.1561,0.1558,0.1553,0.1546,0.1537,0.1526,0.1513,0.1497,0.1479,0.1457,0.1433,0.1405,0.1373,0.1337,0.1294,0.1244,0.1182,0.1102,0.0984,0.0532
187620,0.1562,0.1561,0.1558,0.1553,0.1546,0.1537,0.1526,0.1513,0.1497,0.1478,0.1457,0.1433,0.1405,0.1373,0.1337,0.1294,0.1244,0.1182,0.1102,0.0984,0.0532
187680,0.1562,0.1561,0.1558,0.1553,0.1546,0.1537,0.1526,0.1512,0.1497,0.1478,0.1457,0.1433,0.1405,0.1373,0.1336,0.1294,0.1243,0.1182,0.1102,0.0984,0.0532
187740,0.1562,0.1561,0.1558,0.1553,0.1546,0.1537,0.1526,0.1512,0.1496,0.1478,0.1457,0.1432,0.1405,0.1373,0.1336,0.1294,0.1243,0.1182,0.1102,0.0984,0.0532
187800,0.1561,0.1560,0.1558,0.1553,0.1546,0.1537,0.1525,0.1512,0.1496,0.1478,0.1457,0.1432,0.1405,0.1373,0.1336,0.1294,0.1243,0.1181,0.1102,0.0984,0.0532
187860,0.1561,0.1560,0.1557,0.1552,0.1545,0.1536,0.1525,0.1512,0.1496,0.1478,0.1456,0.1432,0.1404,0.1373,0.1336,0.1293,0.1243,0.1181,0.1101,0.0984,0.0532
187920,0.1561,0.1560,0.1557,0.1552,0.1545,0.1536,0.1525,0.1512,0.1496,0.1477,0.1456,0.1432,0.1404,0.1372,0.1336,0.1293,0.1243,0.1181,0.1101,0.0984,0.0532
187980,0.1561,0.1560,0.1557,0.1552,0.1545,0.1536,0.1525,0.1511,0.1496,0.1477,0.1456,0.1432,0.1404,0.1372,0.1336,0.1293,0.1243,0.1181,0.1101,0.0983,0.0532
188040,0.1561,0.1560,0.1557,0.1552,0.1545,0.1536,0.1525,0.1511,0.1495,0.1477,0.1456,0.1432,0.1404,0.1372,0.1335,0.1293,0.1243,0.1181,0.1101,0.0983,0.0532
188100,0.1560,0.1559,0.1556,0.1552,0.1545,0.1536,0.1524,0.1511,0.1495,0.1477,0.1456,0.1431,0.1404,0.1372,0.1335,0.1293,0.1242,0.1181,0.1101,0.0983,0.0532
188160,0.1560,0.1559,0.1556,0.1551,0.1544,0.1535,0.1524,0.1511,0.1495,0.1477,0.1455,0.1431,0.1403,0.1372,0.1335,0.1293,0.1242,0.1181,0.1101,0.0983,0.0532
188220,0.1560,0.1559,0.1556,0.1551,0.1544,0.1535,0.1524,0.1511,0.1495,0.1476,0.1455,0.1431,0.1403,0.1372,0.1335,0.1292,0.1242,0.1180,0.1101,0.0983,0.0532
188280,0.1560,0.1559,0.1556,0.1551,0.1544,0.1535,0.1524,0.1510,0.1495,0.1476,0.1455,0.1431,0.1403,0.1371,0.1335,0.1292,0.1242,0.1180,0.1101,0.0983,0.0532
188340,0.1560,0.1559,0.1556,0.1551,0.1544,0.1535,0.1524,0.1510,0.1494,0.1476,0.1455,0.1431,0.1403,0.1371,0.1335,0.1292,0.1242,0.1180,0.1101,0.0983,0.0532
188400,0.1559,0.1558,0.1555,0.1551,0.1544,0.1535,0.1523,0.1510,0.1494,0.1476,0.1455,0.1431,0.1403,0.1371,0.1335,0.1292,0.1242,0.1180,0.1100,0.0983,0.0532
188460,0.1559,0.1558,0.1555,0.1550,0.1543,0.1534,0.1523,0.1510,0.1494,0.1476,0.1455,0.1430,0.1403,0.1371,0.1334,0.1292,0.1242,0.1180,0.1100,0.0983,0.0532
188520,0.1559,0.1558,0.1555,0.1550,0.1543,0.1534,0.1523,0.1510,0.1494,0.1475,0.1454,0.1430,0.1402,0.1371,0.1334,0.1292,0.1241,0.1180,0.1100,0.0983,0.0532
188580,0.1559,0.1558,0.1555,0.1550,0.1543,0.1534,0.1523,0.1509,0.1494,0.1475,0.1454,0.1430,0.1402,0.1371,0.1334,0.1292,0.1241,0.1180,0.1100,0.0983,0.0532
188640,0.1559,0.1558,0.1555,0.1550,0.1543,0.1534,0.1523,0.1509,0.1493,0.1475,0.1454,0.1430,0.1402,0.1370,0.1334,0.1291,0.1241,0.1180,0.1100,0.0982,0.0532
188700,0.1558,0.1557,0.1554,0.1549,0.1543,0.1534,0.1522,0.1509,0.1493,0.1475,0.1454,0.1430,0.1402,0.1370,0.1334,0.1291,0.1241,0.1179,0.1100,0.0982,0.0532
188760,0.1558,0.1557,0.1554,0.1549,0.1542,0.1533,0.1522,0.1509,0.1493,0.1475,0.1454,0.1429,0.1402,0.1370,0.1334,0.1291,0.1241,0.1179,0.1100,0.0982,0.0531
188820,0.1558,0.1557,0.1554,0.1549,0.1542,0.1533,0.1522,0.1509,0.1493,0.1475,0.1453,0.1429,0.1402,0.1370,0.1333,0.1291,0.1241,0.1179,0.1100,0.0982,0.0531
188880,0.1558,0.1557,0.1554,0.1549,0.1542,0.1533,0.1522,0.1508,0.1493,0.1474,0.1453,0.1429,0.1401,0.1370,0.1333,0.1291,0.1241,0.1179,0.1100,0.0982,0.0531
188940,0.1557,0.1556,0.1554,0.1549,0.1542,0.1533,0.1522,0.1508,0.1492,0.1474,0.1453,0.1429,0.1401,0.1370,0.1333,0.1291,0.1240,0.1179,0.1099,0.0982,0.0531
189000,0.1557,0.1556,0.1553,0.1548,0.1542,0.1533,0.1521,0.1508,0.1492,0.1474,0.1453,0.1429,0.1401,0.1369,0.1333,0.1291,0.1240,0.1179,0.1099,0.0982,0.0531
189060,0.1557,0.1556,0.1553,0.1548,0.1541,0.1532,0.1521,0.1508,0.1492,0.1474,0.1453,0.1429,0.1401,0.1369,0.1333,0.1290,0.1240,0.1179,0.1099,0.0982,0.0531
189120,0.1557,0.1556,0.1553,0.1548,0.1541,0.1532,0.1521,0.1508,0.1492,0.1474,0.1453,0.1428,0.1401,0.1369,0.1333,0.1290,0.1240,0.1179,0.1099,0.0982,0.0531
189180,0.1557,0.1556,0.1553,0.1548,0.1541,0.1532,0.1521,0.1507,0.1492,0.1473,0.1452,0.1428,0.1401,0.1369,0.1332,0.1290,0.1240,0.1178,0.1099,0.0982,0.0531
189240,0.1556,0.1555,0.1553,0.1548,0.1541,0.1532,0.1521,0.1507,0.1492,0.1473,0.1452,0.1428,0.1400,0.1369,0.1332,0.1290,0.1240,0.1178,0.1099,0.0982,0.0531
189300,0.1556,0.1555,0.1552,0.1547,0.1541,0.1532,0.1520,0.1507,0.1491,0.1473,0.1452,0.1428,0.1400,0.1369,0.1332,0.1290,0.1240,0.1178,0.1099,0.0981,0.0531
189360,0.1556,0.1555,0.1552,0.1547,0.1540,0.1531,0.1520,0.1507,0.1491,0.1473,0.1452,0.1428,0.1400,0.1368,0.1332,0.1290,0.1239,0.1178,0.1099,0.0981,0.0531
189420,0.1556,0.1555,0.1552,0.1547,0.1540,0.1531,0.1520,0.1507,0.1491,0.1473,0.1452,0.1427,0.1400,0.1368,0.1332,0.1289,0.1239,0.1178,0.1099,0.0981,0.0531
189480,0.1556,0.1555,0.1552,0.1547,0.1540,0.1531,0.1520,0.1506,0.1491,0.1472,0.1451,0.1427,0.1400,0.1368,0.1332,0.1289,0.1239,0.1178,0.1098,0.0981,0.0531
189540,0.1555,0.1554,0.1551,0.1547,0.1540,0.1531,0.1520,0.1506,0.1491,0.1472,0.1451,0.1427,0.1400,0.1368,0.1332,0.1289,0.1239,0.1178,0.1098,0.0981,0.0531
189600,0.1555,0.1554,0.1551,0.1546,0.1540,0.1531,0.1519,0.1506,0.1490,0.1472,0.1451,0.1427,0.1399,0.1368,0.1331,0.1289,0.1239,0.1178,0.1098,0.0981,0.0531
189660,0.1555,0.1554,0.1551,0.1546,0.1539,0.1530,0.1519,0.1506,0.1490,0.1472,0.1451,0.1427,0.1399,0.1368,0.1331,0.1289,0.1239,0.1177,0.1098,0.0981,0.0531
189720,0.1555,0.1554,0.1551,0.1546,0.1539,0.1530,0.1519,0.1506,0.1490,0.1472,0.1451,0.1427,0.1399,0.1367,0.1331,0.1289,0.1239,0.1177,0.1098,0.0981,0.0531
189780,0.1555,0.1554,0.1551,0.1546,0.1539,0.1530,0.1519,0.1505,0.1490,0.1472,0.1450,0.1426,0.1399,0.1367,0.1331,0.1289,0.1238,0.1177,0.1098,0.0981,0.0531
189840,0.1554,0.1553,0.1550,0.1546,0.1539,0.1530,0.1519,0.1505,0.1490,0.1471,0.1450,0.1426,0.1399,0.1367,0.1331,0.1288,0.1238,0.1177,0.1098,0.0981,0.0531
189900,0.1554,0.1553,0.1550,0.1545,0.1538,0.1530,0.1518,0.1505,0.1489,0.1471,0.1450,0.1426,0.1398,0.1367,0.1331,0.1288,0.1238,0.1177,0.1098,0.0980,0.0531
189960,0.1554,0.1553,0.1550,0.1545,0.1538,0.1529,0.1518,0.1505,0.1489,0.1471,0.1450,0.1426,0.1398,0.1367,0.1330,0.1288,0.1238,0.1177,0.1098,0.0980,0.0531
190020,0.1554,0.1553,0.1550,0.1545,0.1538,0.1529,0.1518,0.1505,0.1489,0.1471,0.1450,0.1426,0.1398,0.1367,0.1330,0.1288,0.1238,0.1177,0.1097,0.0980,0.0531
190080,0.1554,0.1553,0.1550,0.1545,0.1538,0.1529,0.1518,0.1505,0.1489,0.1471,0.1450,0.1425,0.1398,0.1366,0.1330,0.1288,0.1238,0.1177,0.1097,0.0980,0.0531
190140,0.1553,0.1552,0.1549,0.1545,0.1538,0.1529,0.1518,0.1504,0.1489,0.1470,0.1449,0.1425,0.1398,0.1366,0.1330,0.1288,0.1238,0.1176,0.1097,0.0980,0.0531
190200,0.1553,0.1552,0.1549,0.1544,0.1537,0.1529,0.1517,0.1504,0.1488,0.1470,0.1449,0.1425,0.1398,0.1366,0.1330,0.1288,0.1237,0.1176,0.1097,0.0980,0.0531
190260,0.1553,0.1552,0.1549,0.1544,0.1537,0.1528,0.1517,0.1504,0.1488,0.1470,0.1449,0.1425,0.1397,0.1366,0.1330,0.1287,0.1237,0.1176,0.1097,0.0980,0.0531
190320,0.1553,0.1552,0.1549,0.1544,0.1537,0.1528,0.1517,0.1504,0.1488,0.1470,0.1449,0.1425,0.1397,0.1366,0.1329,0.1287,0.1237,0.1176,0.1097,0.0980,0.0531
190380,0.1553,0.1552,0.1549,0.1544,0.1537,0.1528,0.1517,0.1504,0.1488,0.1470,0.1449,0.1425,0.1397,0.1366,0.1329,0.1287,0.1237,0.1176,0.1097,0.0980,0.0531
190440,0.1552,0.1551,0.1548,0.1544,0.1537,0.1528,0.1517,0.1503,0.1488,0.1469,0.1448,0.1424,0.1397,0.1365,0.1329,0.1287,0.1237,0.1176,0.1097,0.0980,0.0531
190500,0.1552,0.1551,0.1548,0.1543,0.1536,0.1528,0.1516,0.1503,0.1487,0.1469,0.1448,0.1424,0.1397,0.1365,0.1329,0.1287,0.1237,0.1176,0.1097,0.0980,0.0531
190560,0.1552,0.1551,0.1548,0.1543,0.1536,0.1527,0.1516,0.1503,0.1487,0.1469,0.1448,0.1424,0.1397,0.1365,0.1329,0.1287,0.1237,0.1176,0.1096,0.0979,0.0531
190620,0.1552,0.1551,0.1548,0.1543,0.1536,0.1527,0.1516,0.1503,0.1487,0.1469,0.1448,0.1424,0.1396,0.1365,0.1329,0.1286,0.1237,0.1175,0.1096,0.0979,0.0531
190680,0.1551,0.1551,0.1548,0.1543,0.1536,0.1527,0.1516,0.1503,0.1487,0.1469,0.1448,0.1424,0.1396,0.1365,0.1329,0.1286,0.1236,0.1175,0.1096,0.0979,0.0531
190740,0.1551,0.1550,0.1547,0.1543,0.1536,0.1527,0.1516,0.1502,0.1487,0.1469,0.1448,0.1424,0.1396,0.1365,0.1328,0.1286,0.1236,0.1175,0.1096,0.0979,0.0531
190800,0.1551,0.1550,0.1547,0.1542,0.1535,0.1527,0.1515,0.1502,0.1487,0.1468,0.1447,0.1423,0.1396,0.1364,0.1328,0.1286,0.1236,0.1175,0.1096,0.0979,0.0531
190860,0.1551,0.1550,0.1547,0.1542,0.1535,0.1526,0.1515,0.1502,0.1486,0.1468,0.1447,0.1423,0.1396,0.1364,0.1328,0.1286,0.1236,0.1175,0.1096,0.0979,0.0531
190920,0.1551,0.1550,0.1547,0.1542,0.1535,0.1526,0.1515,0.1502,0.1486,0.1468,0.1447,0.1423,0.1396,0.1364,0.1328,0.1286,0.1236,0.1175,0.1096,0.0979,0.0531
190980,0.1550,0.1549,0.1547,0.1542,0.1535,0.1526,0.1515,0.1502,0.1486,0.1468,0.1447,0.1423,0.1395,0.1364,0.1328,0.1286,0.1236,0.1175,0.1096,0.0979,0.0531
191040,0.1550,0.1549,0.1546,0.1542,0.1535,0.1526,0.1515,0.1501,0.1486,0.1468,0.1447,0.1423,0.1395,0.1364,0.1328,0.1285,0.1236,0.1175,0.1096,0.0979,0.0531
191100,0.1550,0.1549,0.1546,0.1541,0.1534,0.1526,0.1515,0.1501,0.1486,0.1467,0.1446,0.1422,0.1395,0.1364,0.1327,0.1285,0.1235,0.1174,0.1095,0.0979,0.0531
191160,0.1550,0.1549,0.1546,0.1541,0.1534,0.1525,0.1514,0.1501,0.1485,0.1467,0.1446,0.1422,0.1395,0.1363,0.1327,0.1285,0.1235,0.1174,0.1095,0.0979,0.0531
191220,0.1550,0.1549,0.1546,0.1541,0.1534,0.1525,0.1514,0.1501,0.1485,0.1467,0.1446,0.1422,0.1395,0.1363,0.1327,0.1285,0.1235,0.1174,0.1095,0.0978,0.0531
191280,0.1549,0.1548,0.1546,0.1541,0.1534,0.1525,0.1514,0.1501,0.1485,0.1467,0.1446,0.1422,0.1395,0.1363,0.1327,0.1285,0.1235,0.1174,0.1095,0.0978,0.0531
191340,0.1549,0.1548,0.1545,0.1541,0.1534,0.1525,0.1514,0.1500,0.1485,0.1467,0.1446,0.1422,0.1394,0.1363,0.1327,0.1285,0.1235,0.1174,0.1095,0.0978,0.0531
191400,0.1549,0.1548,0.1545,0.1540,0.1533,0.1525,0.1514,0.1500,0.1485,0.1466,0.1446,0.1422,0.1394,0.1363,0.1327,0.1285,0.1235,0.1174,0.1095,0.0978,0.0531
191460,0.1549,0.1548,0.1545,0.1540,0.1533,0.1524,0.1513,0.1500,0.1484,0.1466,0.1445,0.1421,0.1394,0.1363,0.1327,0.1284,0.1235,0.1174,0.1095,0.0978,0.0531
191520,0.1549,0.1548,0.1545,0.1540,0.1533,0.1524,0.1513,0.1500,0.1484,0.1466,0.1445,0.1421,0.1394,0.1362,0.1326,0.1284,0.1234,0.1174,0.1095,0.0978,0.0531
191580,0.1548,0.1547,0.1545,0.1540,0.1533,0.1524,0.1513,0.1500,0.1484,0.1466,0.1445,0.1421,0.1394,0.1362,0.1326,0.1284,0.1234,0.1173,0.1095,0.0978,0.0531
191640,0.1548,0.1547,0.1544,0.1540,0.1533,0.1524,0.1513,0.1499,0.1484,0.1466,0.1445,0.1421,0.1394,0.1362,0.1326,0.1284,0.1234,0.1173,0.1094,0.0978,0.0531
191700,0.1548,0.1547,0.1544,0.1539,0.1532,0.1524,0.1513,0.1499,0.1484,0.1466,0.1445,0.1421,0.1393,0.1362,0.1326,0.1284,0.1234,0.1173,0.1094,0.0978,0.0531
191760,0.1548,0.1547,0.1544,0.1539,0.1532,0.1523,0.1512,0.1499,0.1484,0.1465,0.1445,0.1421,0.1393,0.1362,0.1326,0.1284,0.1234,0.1173,0.1094,0.0978,0.0531
191820,0.1548,0.1547,0.1544,0.1539,0.1532,0.1523,0.1512,0.1499,0.1483,0.1465,0.1444,0.1420,0.1393,0.1362,0.1326,0.1284,0.1234,0.1173,0.1094,0.0978,0.0531
191880,0.1547,0.1546,0.1544,0.1539,0.1532,0.1523,0.1512,0.1499,0.1483,0.1465,0.1444,0.1420,0.1393,0.1362,0.1325,0.1283,0.1234,0.1173,0.1094,0.0977,0.0531
191940,0.1547,0.1546,0.1543,0.1539,0.1532,0.1523,0.1512,0.1499,0.1483,0.1465,0.1444,0.1420,0.1393,0.1361,0.1325,0.1283,0.1234,0.1173,0.1094,0.0977,0.0531
192000,0.1547,0.1546,0.1543,0.1538,0.1531,0.1523,0.1512,0.1498,0.1483,0.1465,0.1444,0.1420,0.1393,0.1361,0.1325,0.1283,0.1233,0.1173,0.1094,0.0977,0.0530
192060,0.1547,0.1546,0.1543,0.1538,0.1531,0.1522,0.1511,0.1498,0.1483,0.1464,0.1444,0.1420,0.1392,0.1361,0.1325,0.1283,0.1233,0.1172,0.1094,0.0977,0.0530
192120,0.1547,0.1546,0.1543,0.1538,0.1531,0.1522,0.1511,0.1498,0.1482,0.1464,0.1443,0.1420,0.1392,0.1361,0.1325,0.1283,0.1233,0.1172,0.1094,0.0977,0.0530
192180,0.1546,0.1545,0.1543,0.1538,0.1531,0.1522,0.1511,0.1498,0.1482,0.1464,0.1443,0.1419,0.1392,0.1361,0.1325,0.1283,0.1233,0.1172,0.1093,0.0977,0.0530
192240,0.1546,0.1545,0.1542,0.1538,0.1531,0.1522,0.1511,0.1498,0.1482,0.1464,0.1443,0.1419,0.1392,0.1361,0.1325,0.1283,0.1233,0.1172,0.1093,0.0977,0.0530
192300,0.1546,0.1545,0.1542,0.1537,0.1530,0.1522,0.1511,0.1497,0.1482,0.1464,0.1443,0.1419,0.1392,0.1360,0.1324,0.1282,0.1233,0.1172,0.1093,0.0977,0.0530
192360,0.1546,0.1545,0.1542,0.1537,0.1530,0.1521,0.1510,0.1497,0.1482,0.1464,0.1443,0.1419,0.1392,0.1360,0.1324,0.1282,0.1233,0.1172,0.1093,0.0977,0.0530
192420,0.1546,0.1545,0.1542,0.1537,0.1530,0.1521,0.1510,0.1497,0.1481,0.1463,0.1443,0.1419,0.1391,0.1360,0.1324,0.1282,0.1232,0.1172,0.1093,0.0977,0.0530
192480,0.1545,0.1544,0.1542,0.1537,0.1530,0.1521,0.1510,0.1497,0.1481,0.1463,0.1442,0.1418,0.1391,0.1360,0.1324,0.1282,0.1232,0.1172,0.1093,0.0977,0.0530
192540,0.1545,0.1544,0.1541,0.1537,0.1530,0.1521,0.1510,0.1497,0.1481,0.1463,0.1442,0.1418,0.1391,0.1360,0.1324,0.1282,0.1232,0.1171,0.1093,0.0976,0.0530
192600,0.1545,0.1544,0.1541,0.1536,0.1529,0.1521,0.1510,0.1496,0.1481,0.1463,0.1442,0.1418,0.1391,0.1360,0.1324,0.1282,0.1232,0.1171,0.1093,0.0976,0.0530
192660,0.1545,0.1544,0.1541,0.1536,0.1529,0.1520,0.1509,0.1496,0.1481,0.1463,0.1442,0.1418,0.1391,0.1359,0.1323,0.1282,0.1232,0.1171,0.1093,0.0976,0.0530
192720,0.1545,0.1544,0.1541,0.1536,0.1529,0.1520,0.1509,0.1496,0.1481,0.1462,0.1442,0.1418,0.1391,0.1359,0.1323,0.1281,0.1232,0.1171,0.1092,0.0976,0.0530
192780,0.1544,0.1543,0.1541,0.1536,0.1529,0.1520,0.1509,0.1496,0.1480,0.1462,0.1441,0.1418,0.1390,0.1359,0.1323,0.1281,0.1232,0.1171,0.1092,0.0976,0.0530
192840,0.1544,0.1543,0.1540,0.1536,0.1529,0.1520,0.1509,0.1496,0.1480,0.1462,0.1441,0.1417,0.1390,0.1359,0.1323,0.1281,0.1231,0.1171,0.1092,0.0976,0.0530
192900,0.1544,0.1543,0.1540,0.1535,0.1529,0.1520,0.1509,0.1495,0.1480,0.1462,0.1441,0.1417,0.1390,0.1359,0.1323,0.1281,0.1231,0.1171,0.1092,0.0976,0.0530
192960,0.1544,0.1543,0.1540,0.1535,0.1528,0.1519,0.1508,0.1495,0.1480,0.1462,0.1441,0.1417,0.1390,0.1359,0.1323,0.1281,0.1231,0.1171,0.1092,0.0976,0.0530
193020,0.1544,0.1543,0.1540,0.1535,0.1528,0.1519,0.1508,0.1495,0.1480,0.1462,0.1441,0.1417,0.1390,0.1358,0.1323,0.1281,0.1231,0.1170,0.1092,0.0976,0.0530
193080,0.1543,0.1542,0.1540,0.1535,0.1528,0.1519,0.1508,0.1495,0.1479,0.1461,0.1441,0.1417,0.1390,0.1358,0.1322,0.1281,0.1231,0.1170,0.1092,0.0976,0.0530
193140,0.1543,0.1542,0.1539,0.1535,0.1528,0.1519,0.1508,0.1495,0.1479,0.1461,0.1440,0.1417,0.1389,0.1358,0.1322,0.1280,0.1231,0.1170,0.1092,0.0976,0.0530
193200,0.1543,0.1542,0.1539,0.1534,0.1528,0.1519,0.1508,0.1495,0.1479,0.1461,0.1440,0.1416,0.1389,0.1358,0.1322,0.1280,0.1231,0.1170,0.1092,0.0976,0.0530
193260,0.1543,0.1542,0.1539,0.1534,0.1527,0.1518,0.1508,0.1494,0.1479,0.1461,0.1440,0.1416,0.1389,0.1358,0.1322,0.1280,0.1231,0.1170,0.1091,0.0975,0.0530
193320,0.1543,0.1542,0.1539,0.1534,0.1527,0.1518,0.1507,0.1494,0.1479,0.1461,0.1440,0.1416,0.1389,0.1358,0.1322,0.1280,0.1230,0.1170,0.1091,0.0975,0.0530
193380,0.1542,0.1541,0.1539,0.1534,0.1527,0.1518,0.1507,0.1494,0.1478,0.1460,0.1440,0.1416,0.1389,0.1358,0.1322,0.1280,0.1230,0.1170,0.1091,0.0975,0.0530
193440,0.1542,0.1541,0.1538,0.1534,0.1527,0.1518,0.1507,0.1494,0.1478,0.1460,0.1440,0.1416,0.1389,0.1357,0.1321,0.1280,0.1230,0.1170,0.1091,0.0975,0.0530
193500,0.1542,0.1541,0.1538,0.1533,0.1527,0.1518,0.1507,0.1494,0.1478,0.1460,0.1439,0.1416,0.1388,0.1357,0.1321,0.1280,0.1230,0.1169,0.1091,0.0975,0.0530
193560,0.1542,0.1541,0.1538,0.1533,0.1526,0.1518,0.1507,0.1493,0.1478,0.1460,0.1439,0.1415,0.1388,0.1357,0.1321,0.1279,0.1230,0.1169,0.1091,0.0975,0.0530
193620,0.1542,0.1541,0.1538,0.1533,0.1526,0.1517,0.1506,0.1493,0.1478,0.1460,0.1439,0.1415,0.1388,0.1357,0.1321,0.1279,0.1230,0.1169,0.1091,0.0975,0.0530
193680,0.1541,0.1540,0.1538,0.1533,0.1526,0.1517,0.1506,0.1493,0.1478,0.1460,0.1439,0.1415,0.1388,0.1357,0.1321,0.1279,0.1230,0.1169,0.1091,0.0975,0.0530
193740,0.1541,0.1540,0.1537,0.1533,0.1526,0.1517,0.1506,0.1493,0.1477,0.1459,0.1439,0.1415,0.1388,0.1357,0.1321,0.1279,0.1229,0.1169,0.1091,0.0975,0.0530
193800,0.1541,0.1540,0.1537,0.1532,0.1526,0.1517,0.1506,0.1493,0.1477,0.1459,0.1438,0.1415,0.1388,0.1356,0.1321,0.1279,0.1229,0.1169,0.1090,0.0975,0.0530
193860,0.1541,0.1540,0.1537,0.1532,0.1525,0.1517,0.1506,0.1492,0.1477,0.1459,0.1438,0.1415,0.1387,0.1356,0.1320,0.1279,0.1229,0.1169,0.1090,0.0975,0.0530
193920,0.1541,0.1540,0.1537,0.1532,0.1525,0.1516,0.1505,0.1492,0.1477,0.1459,0.1438,0.1414,0.1387,0.1356,0.1320,0.1279,0.1229,0.1169,0.1090,0.0974,0.0530
193980,0.1540,0.1539,0.1537,0.1532,0.1525,0.1516,0.1505,0.1492,0.1477,0.1459,0.1438,0.1414,0.1387,0.1356,0.1320,0.1278,0.1229,0.1168,0.1090,0.0974,0.0530
194040,0.1540,0.1539,0.1536,0.1532,0.1525,0.1516,0.1505,0.1492,0.1476,0.1458,0.1438,0.1414,0.1387,0.1356,0.1320,0.1278,0.1229,0.1168,0.1090,0.0974,0.0530
194100,0.1540,0.1539,0.1536,0.1531,0.1525,0.1516,0.1505,0.1492,0.1476,0.1458,0.1438,0.1414,0.1387,0.1356,0.1320,0.1278,0.1229,0.1168,0.1090,0.0974,0.0530
194160,0.1540,0.1539,0.1536,0.1531,0.1524,0.1516,0.1505,0.1492,0.1476,0.1458,0.1437,0.1414,0.1387,0.1355,0.1320,0.1278,0.1229,0.1168,0.1090,0.0974,0.0530
194220,0.1540,0.1539,0.1536,0.1531,0.1524,0.1515,0.1504,0.1491,0.1476,0.1458,0.1437,0.1414,0.1386,0.1355,0.1319,0.1278,0.1228,0.1168,0.1090,0.0974,0.0530
194280,0.1539,0.1538,0.1536,0.1531,0.1524,0.1515,0.1504,0.1491,0.1476,0.1458,0.1437,0.1413,0.1386,0.1355,0.1319,0.1278,0.1228,0.1168,0.1090,0.0974,0.0530
194340,0.1539,0.1538,0.1535,0.1531,0.1524,0.1515,0.1504,0.1491,0.1476,0.1458,0.1437,0.1413,0.1386,0.1355,0.1319,0.1278,0.1228,0.1168,0.1090,0.0974,0.0530
194400,0.1539,0.1538,0.1535,0.1530,0.1524,0.1515,0.1504,0.1491,0.1475,0.1457,0.1437,0.1413,0.1386,0.1355,0.1319,0.1277,0.1228,0.1168,0.1089,0.0974,0.0530
194460,0.1539,0.1538,0.1535,0.1530,0.1523,0.1515,0.1504,0.1491,0.1475,0.1457,0.1437,0.1413,0.1386,0.1355,0.1319,0.1277,0.1228,0.1167,0.1089,0.0974,0.0530
194520,0.1539,0.1538,0.1535,0.1530,0.1523,0.1514,0.1504,0.1490,0.1475,0.1457,0.1436,0.1413,0.1386,0.1355,0.1319,0.1277,0.1228,0.1167,0.1089,0.0974,0.0530
194580,0.1538,0.1537,0.1535,0.1530,0.1523,0.1514,0.1503,0.1490,0.1475,0.1457,0.1436,0.1412,0.1385,0.1354,0.1319,0.1277,0.1228,0.1167,0.1089,0.0973,0.0530
194640,0.1538,0.1537,0.1534,0.1530,0.1523,0.1514,0.1503,0.1490,0.1475,0.1457,0.1436,0.1412,0.1385,0.1354,0.1318,0.1277,0.1227,0.1167,0.1089,0.0973,0.0530
194700,0.1538,0.1537,0.1534,0.1529,0.1523,0.1514,0.1503,0.1490,0.1474,0.1457,0.1436,0.1412,0.1385,0.1354,0.1318,0.1277,0.1227,0.1167,0.1089,0.0973,0.0530
194760,0.1538,0.1537,0.1534,0.1529,0.1522,0.1514,0.1503,0.1490,0.1474,0.1456,0.1436,0.1412,0.1385,0.1354,0.1318,0.1277,0.1227,0.1167,0.1089,0.0973,0.0530
194820,0.1538,0.1537,0.1534,0.1529,0.1522,0.1513,0.1503,0.1489,0.1474,0.1456,0.1435,0.1412,0.1385,0.1354,0.1318,0.1276,0.1227,0.1167,0.1089,0.0973,0.0530
194880,0.1537,0.1536,0.1534,0.1529,0.1522,0.1513,0.1502,0.1489,0.1474,0.1456,0.1435,0.1412,0.1385,0.1354,0.1318,0.1276,0.1227,0.1167,0.1089,0.0973,0.0530
194940,0.1537,0.1536,0.1533,0.1529,0.1522,0.1513,0.1502,0.1489,0.1474,0.1456,0.1435,0.1411,0.1384,0.1353,0.1318,0.1276,0.1227,0.1167,0.1088,0.0973,0.0530
195000,0.1537,0.1536,0.1533,0.1528,0.1522,0.1513,0.1502,0.1489,0.1474,0.1456,0.1435,0.1411,0.1384,0.1353,0.1318,0.1276,0.1227,0.1166,0.1088,0.0973,0.0530
195060,0.1537,0.1536,0.1533,0.1528,0.1521,0.1513,0.1502,0.1489,0.1473,0.1455,0.1435,0.1411,0.1384,0.1353,0.1317,0.1276,0.1227,0.1166,0.1088,0.0973,0.0530
195120,0.1537,0.1536,0.1533,0.1528,0.1521,0.1513,0.1502,0.1489,0.1473,0.1455,0.1435,0.1411,0.1384,0.1353,0.1317,0.1276,0.1226,0.1166,0.1088,0.0973,0.0530
195180,0.1536,0.1536,0.1533,0.1528,0.1521,0.1512,0.1501,0.1488,0.1473,0.1455,0.1434,0.1411,0.1384,0.1353,0.1317,0.1276,0.1226,0.1166,0.1088,0.0973,0.0530
195240,0.1536,0.1535,0.1532,0.1528,0.1521,0.1512,0.1501,0.1488,0.1473,0.1455,0.1434,0.1411,0.1384,0.1353,0.1317,0.1275,0.1226,0.1166,0.1088,0.0973,0.0530
195300,0.1536,0.1535,0.1532,0.1527,0.1521,0.1512,0.1501,0.1488,0.1473,0.1455,0.1434,0.1410,0.1383,0.1352,0.1317,0.1275,0.1226,0.1166,0.1088,0.0972,0.0530
195360,0.1536,0.1535,0.1532,0.1527,0.1521,0.1512,0.1501,0.1488,0.1472,0.1455,0.1434,0.1410,0.1383,0.1352,0.1317,0.1275,0.1226,0.1166,0.1088,0.0972,0.0530
195420,0.1536,0.1535,0.1532,0.1527,0.1520,0.1512,0.1501,0.1488,0.1472,0.1454,0.1434,0.1410,0.1383,0.1352,0.1316,0.1275,0.1226,0.1166,0.1088,0.0972,0.0530
195480,0.1535,0.1535,0.1532,0.1527,0.1520,0.1511,0.1501,0.1487,0.1472,0.1454,0.1434,0.1410,0.1383,0.1352,0.1316,0.1275,0.1226,0.1165,0.1087,0.0972,0.0529
195540,0.1535,0.1534,0.1531,0.1527,0.1520,0.1511,0.1500,0.1487,0.1472,0.1454,0.1433,0.1410,0.1383,0.1352,0.1316,0.1275,0.1225,0.1165,0.1087,0.0972,0.0529
195600,0.1535,0.1534,0.1531,0.1527,0.1520,0.1511,0.1500,0.1487,0.1472,0.1454,0.1433,0.1410,0.1383,0.1352,0.1316,0.1275,0.1225,0.1165,0.1087,0.0972,0.0529
195660,0.1535,0.1534,0.1531,0.1526,0.1520,0.1511,0.1500,0.1487,0.1472,0.1454,0.1433,0.1409,0.1382,0.1352,0.1316,0.1274,0.1225,0.1165,0.1087,0.0972,0.0529
195720,0.1535,0.1534,0.1531,0.1526,0.1519,0.1511,0.1500,0.1487,0.1471,0.1453,0.1433,0.1409,0.1382,0.1351,0.1316,0.1274,0.1225,0.1165,0.1087,0.0972,0.0529
195780,0.1535,0.1534,0.1531,0.1526,0.1519,0.1510,0.1500,0.1487,0.1471,0.1453,0.1433,0.1409,0.1382,0.1351,0.1316,0.1274,0.1225,0.1165,0.1087,0.0972,0.0529
195840,0.1534,0.1533,0.1531,0.1526,0.1519,0.1510,0.1499,0.1486,0.1471,0.1453,0.1433,0.1409,0.1382,0.1351,0.1315,0.1274,0.1225,0.1165,0.1087,0.0972,0.0529
195900,0.1534,0.1533,0.1530,0.1526,0.1519,0.1510,0.1499,0.1486,0.1471,0.1453,0.1432,0.1409,0.1382,0.1351,0.1315,0.1274,0.1225,0.1165,0.1087,0.0972,0.0529
195960,0.1534,0.1533,0.1530,0.1525,0.1519,0.1510,0.1499,0.1486,0.1471,0.1453,0.1432,0.1409,0.1382,0.1351,0.1315,0.1274,0.1225,0.1164,0.1087,0.0971,0.0529
196020,0.1534,0.1533,0.1530,0.1525,0.1518,0.1510,0.1499,0.1486,0.1470,0.1453,0.1432,0.1408,0.1381,0.1351,0.1315,0.1274,0.1224,0.1164,0.1087,0.0971,0.0529
196080,0.1534,0.1533,0.1530,0.1525,0.1518,0.1510,0.1499,0.1486,0.1470,0.1452,0.1432,0.1408,0.1381,0.1350,0.1315,0.1273,0.1224,0.1164,0.1086,0.0971,0.0529
196140,0.1533,0.1532,0.1530,0.1525,0.1518,0.1509,0.1498,0.1485,0.1470,0.1452,0.1432,0.1408,0.1381,0.1350,0.1315,0.1273,0.1224,0.1164,0.1086,0.0971,0.0529
196200,0.1533,0.1532,0.1529,0.1525,0.1518,0.1509,0.1498,0.1485,0.1470,0.1452,0.1432,0.1408,0.1381,0.1350,0.1315,0.1273,0.1224,0.1164,0.1086,0.0971,0.0529
196260,0.1533,0.1532,0.1529,0.1524,0.1518,0.1509,0.1498,0.1485,0.1470,0.1452,0.1431,0.1408,0.1381,0.1350,0.1314,0.1273,0.1224,0.1164,0.1086,0.0971,0.0529
196320,0.1533,0.1532,0.1529,0.1524,0.1517,0.1509,0.1498,0.1485,0.1470,0.1452,0.1431,0.1408,0.1381,0.1350,0.1314,0.1273,0.1224,0.1164,0.1086,0.0971,0.0529
196380,0.1533,0.1532,0.1529,0.1524,0.1517,0.1509,0.1498,0.1485,0.1469,0.1452,0.1431,0.1407,0.1381,0.1350,0.1314,0.1273,0.1224,0.1164,0.1086,0.0971,0.0529
196440,0.1532,0.1531,0.1529,0.1524,0.1517,0.1508,0.1498,0.1485,0.1469,0.1451,0.1431,0.1407,0.1380,0.1350,0.1314,0.1273,0.1224,0.1164,0.1086,0.0971,0.0529
196500,0.1532,0.1531,0.1528,0.1524,0.1517,0.1508,0.1497,0.1484,0.1469,0.1451,0.1431,0.1407,0.1380,0.1349,0.1314,0.1272,0.1223,0.1163,0.1086,0.0971,0.0529
196560,0.1532,0.1531,0.1528,0.1523,0.1517,0.1508,0.1497,0.1484,0.1469,0.1451,0.1430,0.1407,0.1380,0.1349,0.1314,0.1272,0.1223,0.1163,0.1086,0.0971,0.0529
196620,0.1532,0.1531,0.1528,0.1523,0.1517,0.1508,0.1497,0.1484,0.1469,0.1451,0.1430,0.1407,0.1380,0.1349,0.1314,0.1272,0.1223,0.1163,0.1085,0.0971,0.0529
196680,0.1532,0.1531,0.1528,0.1523,0.1516,0.1508,0.1497,0.1484,0.1468,0.1451,0.1430,0.1407,0.1380,0.1349,0.1313,0.1272,0.1223,0.1163,0.1085,0.0970,0.0529
196740,0.1531,0.1530,0.1528,0.1523,0.1516,0.1507,0.1497,0.1484,0.1468,0.1450,0.1430,0.1406,0.1380,0.1349,0.1313,0.1272,0.1223,0.1163,0.1085,0.0970,0.0529
196800,0.1531,0.1530,0.1527,0.1523,0.1516,0.1507,0.1496,0.1483,0.1468,0.1450,0.1430,0.1406,0.1379,0.1349,0.1313,0.1272,0.1223,0.1163,0.1085,0.0970,0.0529
196860,0.1531,0.1530,0.1527,0.1522,0.1516,0.1507,0.1496,0.1483,0.1468,0.1450,0.1430,0.1406,0.1379,0.1348,0.1313,0.1272,0.1223,0.1163,0.1085,0.0970,0.0529
196920,0.1531,0.1530,0.1527,0.1522,0.1516,0.1507,0.1496,0.1483,0.1468,0.1450,0.1429,0.1406,0.1379,0.1348,0.1313,0.1271,0.1222,0.1163,0.1085,0.0970,0.0529
196980,0.1531,0.1530,0.1527,0.1522,0.1515,0.1507,0.1496,0.1483,0.1468,0.1450,0.1429,0.1406,0.1379,0.1348,0.1313,0.1271,0.1222,0.1162,0.1085,0.0970,0.0529
197040,0.1530,0.1530,0.1527,0.1522,0.1515,0.1506,0.1496,0.1483,0.1467,0.1450,0.1429,0.1406,0.1379,0.1348,0.1312,0.1271,0.1222,0.1162,0.1085,0.0970,0.0529
197100,0.1530,0.1529,0.1526,0.1522,0.1515,0.1506,0.1496,0.1483,0.1467,0.1449,0.1429,0.1405,0.1379,0.1348,0.1312,0.1271,0.1222,0.1162,0.1085,0.0970,0.0529
197160,0.1530,0.1529,0.1526,0.1522,0.1515,0.1506,0.1495,0.1482,0.1467,0.1449,0.1429,0.1405,0.1378,0.1348,0.1312,0.1271,0.1222,0.1162,0.1085,0.0970,0.0529
197220,0.1530,0.1529,0.1526,0.1521,0.1515,0.1506,0.1495,0.1482,0.1467,0.1449,0.1429,0.1405,0.1378,0.1348,0.1312,0.1271,0.1222,0.1162,0.1084,0.0970,0.0529
197280,0.1530,0.1529,0.1526,0.1521,0.1514,0.1506,0.1495,0.1482,0.1467,0.1449,0.1428,0.1405,0.1378,0.1347,0.1312,0.1271,0.1222,0.1162,0.1084,0.0970,0.0529
197340,0.1530,0.1529,0.1526,0.1521,0.1514,0.1506,0.1495,0.1482,0.1467,0.1449,0.1428,0.1405,0.1378,0.1347,0.1312,0.1270,0.1222,0.1162,0.1084,0.0969,0.0529
197400,0.1529,0.1528,0.1526,0.1521,0.1514,0.1505,0.1495,0.1482,0.1466,0.1449,0.1428,0.1405,0.1378,0.1347,0.1312,0.1270,0.1221,0.1162,0.1084,0.0969,0.0529
197460,0.1529,0.1528,0.1525,0.1521,0.1514,0.1505,0.1494,0.1481,0.1466,0.1448,0.1428,0.1404,0.1378,0.1347,0.1311,0.1270,0.1221,0.1161,0.1084,0.0969,0.0529
197520,0.1529,0.1528,0.1525,0.1520,0.1514,0.1505,0.1494,0.1481,0.1466,0.1448,0.1428,0.1404,0.1377,0.1347,0.1311,0.1270,0.1221,0.1161,0.1084,0.0969,0.0529
197580,0.1529,0.1528,0.1525,0.1520,0.1514,0.1505,0.1494,0.1481,0.1466,0.1448,0.1428,0.1404,0.1377,0.1347,0.1311,0.1270,0.1221,0.1161,0.1084,0.0969,0.0529
197640,0.1529,0.1528,0.1525,0.1520,0.1513,0.1505,0.1494,0.1481,0.1466,0.1448,0.1427,0.1404,0.1377,0.1346,0.1311,0.1270,0.1221,0.1161,0.1084,0.0969,0.0529
197700,0.1528,0.1527,0.1525,0.1520,0.1513,0.1504,0.1494,0.1481,0.1465,0.1448,0.1427,0.1404,0.1377,0.1346,0.1311,0.1270,0.1221,0.1161,0.1084,0.0969,0.0529
197760,0.1528,0.1527,0.1524,0.1520,0.1513,0.1504,0.1493,0.1481,0.1465,0.1448,0.1427,0.1404,0.1377,0.1346,0.1311,0.1270,0.1221,0.1161,0.1083,0.0969,0.0529
197820,0.1528,0.1527,0.1524,0.1519,0.1513,0.1504,0.1493,0.1480,0.1465,0.1447,0.1427,0.1403,0.1377,0.1346,0.1311,0.1269,0.1221,0.1161,0.1083,0.0969,0.0529
197880,0.1528,0.1527,0.1524,0.1519,0.1513,0.1504,0.1493,0.1480,0.1465,0.1447,0.1427,0.1403,0.1377,0.1346,0.1310,0.1269,0.1220,0.1161,0.1083,0.0969,0.0529
197940,0.1528,0.1527,0.1524,0.1519,0.1512,0.1504,0.1493,0.1480,0.1465,0.1447,0.1427,0.1403,0.1376,0.1346,0.1310,0.1269,0.1220,0.1161,0.1083,0.0969,0.0529
198000,0.1527,0.1526,0.1524,0.1519,0.1512,0.1504,0.1493,0.1480,0.1465,0.1447,0.1426,0.1403,0.1376,0.1346,0.1310,0.1269,0.1220,0.1160,0.1083,0.0969,0.0529
198060,0.1527,0.1526,0.1523,0.1519,0.1512,0.1503,0.1493,0.1480,0.1464,0.1447,0.1426,0.1403,0.1376,0.1345,0.1310,0.1269,0.1220,0.1160,0.1083,0.0968,0.0529
198120,0.1527,0.1526,0.1523,0.1519,0.1512,0.1503,0.1492,0.1479,0.1464,0.1446,0.1426,0.1403,0.1376,0.1345,0.1310,0.1269,0.1220,0.1160,0.1083,0.0968,0.0529
198180,0.1527,0.1526,0.1523,0.1518,0.1512,0.1503,0.1492,0.1479,0.1464,0.1446,0.1426,0.1402,0.1376,0.1345,0.1310,0.1269,0.1220,0.1160,0.1083,0.0968,0.0529
198240,0.1527,0.1526,0.1523,0.1518,0.1511,0.1503,0.1492,0.1479,0.1464,0.1446,0.1426,0.1402,0.1376,0.1345,0.1310,0.1268,0.1220,0.1160,0.1083,0.0968,0.0529
198300,0.1526,0.1525,0.1523,0.1518,0.1511,0.1503,0.1492,0.1479,0.1464,0.1446,0.1426,0.1402,0.1375,0.1345,0.1309,0.1268,0.1220,0.1160,0.1083,0.0968,0.0529
198360,0.1526,0.1525,0.1522,0.1518,0.1511,0.1502,0.1492,0.1479,0.1463,0.1446,0.1425,0.1402,0.1375,0.1345,0.1309,0.1268,0.1219,0.1160,0.1082,0.0968,0.0529
198420,0.1526,0.1525,0.1522,0.1518,0.1511,0.1502,0.1491,0.1479,0.1463,0.1446,0.1425,0.1402,0.1375,0.1344,0.1309,0.1268,0.1219,0.1160,0.1082,0.0968,0.0529
198480,0.1526,0.1525,0.1522,0.1517,0.1511,0.1502,0.1491,0.1478,0.1463,0.1445,0.1425,0.1402,0.1375,0.1344,0.1309,0.1268,0.1219,0.1159,0.1082,0.0968,0.0529
198540,0.1526,0.1525,0.1522,0.1517,0.1511,0.1502,0.1491,0.1478,0.1463,0.1445,0.1425,0.1402,0.1375,0.1344,0.1309,0.1268,0.1219,0.1159,0.1082,0.0968,0.0529
198600,0.1526,0.1525,0.1522,0.1517,0.1510,0.1502,0.1491,0.1478,0.1463,0.1445,0.1425,0.1401,0.1375,0.1344,0.1309,0.1268,0.1219,0.1159,0.1082,0.0968,0.0529
198660,0.1525,0.1524,0.1522,0.1517,0.1510,0.1501,0.1491,0.1478,0.1463,0.1445,0.1425,0.1401,0.1374,0.1344,0.1309,0.1267,0.1219,0.1159,0.1082,0.0968,0.0529
198720,0.1525,0.1524,0.1521,0.1517,0.1510,0.1501,0.1491,0.1478,0.1462,0.1445,0.1424,0.1401,0.1374,0.1344,0.1308,0.1267,0.1219,0.1159,0.1082,0.0968,0.0529
198780,0.1525,0.1524,0.1521,0.1516,0.1510,0.1501,0.1490,0.1477,0.1462,0.1445,0.1424,0.1401,0.1374,0.1344,0.1308,0.1267,0.1218,0.1159,0.1082,0.0967,0.0529
198840,0.1525,0.1524,0.1521,0.1516,0.1510,0.1501,0.1490,0.1477,0.1462,0.1444,0.1424,0.1401,0.1374,0.1343,0.1308,0.1267,0.1218,0.1159,0.1082,0.0967,0.0529
198900,0.1525,0.1524,0.1521,0.1516,0.1509,0.1501,0.1490,0.1477,0.1462,0.1444,0.1424,0.1401,0.1374,0.1343,0.1308,0.1267,0.1218,0.1159,0.1081,0.0967,0.0529
198960,0.1524,0.1523,0.1521,0.1516,0.1509,0.1501,0.1490,0.1477,0.1462,0.1444,0.1424,0.1400,0.1374,0.1343,0.1308,0.1267,0.1218,0.1159,0.1081,0.0967,0.0529
199020,0.1524,0.1523,0.1520,0.1516,0.1509,0.1500,0.1490,0.1477,0.1462,0.1444,0.1424,0.1400,0.1374,0.1343,0.1308,0.1267,0.1218,0.1158,0.1081,0.0967,0.0529
199080,0.1524,0.1523,0.1520,0.1516,0.1509,0.1500,0.1489,0.1477,0.1461,0.1444,0.1423,0.1400,0.1373,0.1343,0.1308,0.1266,0.1218,0.1158,0.1081,0.0967,0.0528
199140,0.1524,0.1523,0.1520,0.1515,0.1509,0.1500,0.1489,0.1476,0.1461,0.1444,0.1423,0.1400,0.1373,0.1343,0.1307,0.1266,0.1218,0.1158,0.1081,0.0967,0.0528
199200,0.1524,0.1523,0.1520,0.1515,0.1508,0.1500,0.1489,0.1476,0.1461,0.1443,0.1423,0.1400,0.1373,0.1342,0.1307,0.1266,0.1218,0.1158,0.1081,0.0967,0.0528
199260,0.1523,0.1522,0.1520,0.1515,0.1508,0.1500,0.1489,0.1476,0.1461,0.1443,0.1423,0.1400,0.1373,0.1342,0.1307,0.1266,0.1217,0.1158,0.1081,0.0967,0.0528
199320,0.1523,0.1522,0.1519,0.1515,0.1508,0.1499,0.1489,0.1476,0.1461,0.1443,0.1423,0.1399,0.1373,0.1342,0.1307,0.1266,0.1217,0.1158,0.1081,0.0967,0.0528
199380,0.1523,0.1522,0.1519,0.1515,0.1508,0.1499,0.1489,0.1476,0.1461,0.1443,0.1423,0.1399,0.1373,0.1342,0.1307,0.1266,0.1217,0.1158,0.1081,0.0967,0.0528
199440,0.1523,0.1522,0.1519,0.1514,0.1508,0.1499,0.1488,0.1476,0.1460,0.1443,0.1422,0.1399,0.1372,0.1342,0.1307,0.1266,0.1217,0.1158,0.1081,0.0966,0.0528
199500,0.1523,0.1522,0.1519,0.1514,0.1508,0.1499,0.1488,0.1475,0.1460,0.1443,0.1422,0.1399,0.1372,0.1342,0.1307,0.1266,0.1217,0.1158,0.1080,0.0966,0.0528
199560,0.1522,0.1522,0.1519,0.1514,0.1507,0.1499,0.1488,0.1475,0.1460,0.1442,0.1422,0.1399,0.1372,0.1342,0.1306,0.1265,0.1217,0.1157,0.1080,0.0966,0.0528
199620,0.1522,0.1521,0.1519,0.1514,0.1507,0.1499,0.1488,0.1475,0.1460,0.1442,0.1422,0.1399,0.1372,0.1341,0.1306,0.1265,0.1217,0.1157,0.1080,0.0966,0.0528
199680,0.1522,0.1521,0.1518,0.1514,0.1507,0.1498,0.1488,0.1475,0.1460,0.1442,0.1422,0.1398,0.1372,0.1341,0.1306,0.1265,0.1217,0.1157,0.1080,0.0966,0.0528
199740,0.1522,0.1521,0.1518,0.1513,0.1507,0.1498,0.1487,0.1475,0.1459,0.1442,0.1422,0.1398,0.1372,0.1341,0.1306,0.1265,0.1216,0.1157,0.1080,0.0966,0.0528
199800,0.1522,0.1521,0.1518,0.1513,0.1507,0.1498,0.1487,0.1474,0.1459,0.1442,0.1421,0.1398,0.1371,0.1341,0.1306,0.1265,0.1216,0.1157,0.1080,0.0966,0.0528
199860,0.1522,0.1521,0.1518,0.1513,0.1506,0.1498,0.1487,0.1474,0.1459,0.1442,0.1421,0.1398,0.1371,0.1341,0.1306,0.1265,0.1216,0.1157,0.1080,0.0966,0.0528
199920,0.1521,0.1520,0.1518,0.1513,0.1506,0.1498,0.1487,0.1474,0.1459,0.1441,0.1421,0.1398,0.1371,0.1341,0.1306,0.1265,0.1216,0.1157,0.1080,0.0966,0.0528
199980,0.1521,0.1520,0.1517,0.1513,0.1506,0.1497,0.1487,0.1474,0.1459,0.1441,0.1421,0.1398,0.1371,0.1341,0.1305,0.1264,0.1216,0.1157,0.1080,0.0966,0.0528
200040,0.1521,0.1520,0.1517,0.1513,0.1506,0.1497,0.1487,0.1474,0.1459,0.1441,0.1421,0.1397,0.1371,0.1340,0.1305,0.1264,0.1216,0.1156,0.1080,0.0966,0.0528
200100,0.1521,0.1520,0.1517,0.1512,0.1506,0.1497,0.1486,0.1474,0.1458,0.1441,0.1421,0.1397,0.1371,0.1340,0.1305,0.1264,0.1216,0.1156,0.1079,0.0966,0.0528
200160,0.1521,0.1520,0.1517,0.1512,0.1506,0.1497,0.1486,0.1473,0.1458,0.1441,0.1420,0.1397,0.1371,0.1340,0.1305,0.1264,0.1216,0.1156,0.1079,0.0965,0.0528
200220,0.1520,0.1519,0.1517,0.1512,0.1505,0.1497,0.1486,0.1473,0.1458,0.1440,0.1420,0.1397,0.1370,0.1340,0.1305,0.1264,0.1215,0.1156,0.1079,0.0965,0.0528
200280,0.1520,0.1519,0.1517,0.1512,0.1505,0.1497,0.1486,0.1473,0.1458,0.1440,0.1420,0.1397,0.1370,0.1340,0.1305,0.1264,0.1215,0.1156,0.1079,0.0965,0.0528
200340,0.1520,0.1519,0.1516,0.1512,0.1505,0.1496,0.1486,0.1473,0.1458,0.1440,0.1420,0.1397,0.1370,0.1340,0.1305,0.1264,0.1215,0.1156,0.1079,0.0965,0.0528
200400,0.1520,0.1519,0.1516,0.1511,0.1505,0.1496,0.1486,0.1473,0.1458,0.1440,0.1420,0.1397,0.1370,0.1339,0.1304,0.1264,0.1215,0.1156,0.1079,0.0965,0.0528
200460,0.1520,0.1519,0.1516,0.1511,0.1505,0.1496,0.1485,0.1473,0.1457,0.1440,0.1420,0.1396,0.1370,0.1339,0.1304,0.1263,0.1215,0.1156,0.1079,0.0965,0.0528
200520,0.1520,0.1519,0.1516,0.1511,0.1504,0.1496,0.1485,0.1472,0.1457,0.1440,0.1419,0.1396,0.1370,0.1339,0.1304,0.1263,0.1215,0.1156,0.1079,0.0965,0.0528
200580,0.1519,0.1518,0.1516,0.1511,0.1504,0.1496,0.1485,0.1472,0.1457,0.1439,0.1419,0.1396,0.1369,0.1339,0.1304,0.1263,0.1215,0.1155,0.1079,0.0965,0.0528
200640,0.1519,0.1518,0.1515,0.1511,0.1504,0.1495,0.1485,0.1472,0.1457,0.1439,0.1419,0.1396,0.1369,0.1339,0.1304,0.1263,0.1215,0.1155,0.1079,0.0965,0.0528
200700,0.1519,0.1518,0.1515,0.1511,0.1504,0.1495,0.1485,0.1472,0.1457,0.1439,0.1419,0.1396,0.1369,0.1339,0.1304,0.1263,0.1214,0.1155,0.1078,0.0965,0.0528
200760,0.1519,0.1518,0.1515,0.1510,0.1504,0.1495,0.1484,0.1472,0.1457,0.1439,0.1419,0.1396,0.1369,0.1339,0.1304,0.1263,0.1214,0.1155,0.1078,0.0965,0.0528
200820,0.1519,0.1518,0.1515,0.1510,0.1504,0.1495,0.1484,0.1471,0.1456,0.1439,0.1419,0.1395,0.1369,0.1338,0.1303,0.1263,0.1214,0.1155,0.1078,0.0965,0.0528
200880,0.1518,0.1517,0.1515,0.1510,0.1503,0.1495,0.1484,0.1471,0.1456,0.1439,0.1418,0.1395,0.1369,0.1338,0.1303,0.1262,0.1214,0.1155,0.1078,0.0964,0.0528
200940,0.1518,0.1517,0.1514,0.1510,0.1503,0.1495,0.1484,0.1471,0.1456,0.1438,0.1418,0.1395,0.1369,0.1338,0.1303,0.1262,0.1214,0.1155,0.1078,0.0964,0.0528
201000,0.1518,0.1517,0.1514,0.1510,0.1503,0.1494,0.1484,0.1471,0.1456,0.1438,0.1418,0.1395,0.1368,0.1338,0.1303,0.1262,0.1214,0.1155,0.1078,0.0964,0.0528
201060,0.1518,0.1517,0.1514,0.1509,0.1503,0.1494,0.1484,0.1471,0.1456,0.1438,0.1418,0.1395,0.1368,0.1338,0.1303,0.1262,0.1214,0.1155,0.1078,0.0964,0.0528
201120,0.1518,0.1517,0.1514,0.1509,0.1503,0.1494,0.1483,0.1471,0.1455,0.1438,0.1418,0.1395,0.1368,0.1338,0.1303,0.1262,0.1214,0.1154,0.1078,0.0964,0.0528
201180,0.1517,0.1517,0.1514,0.1509,0.1502,0.1494,0.1483,0.1470,0.1455,0.1438,0.1418,0.1394,0.1368,0.1338,0.1303,0.1262,0.1213,0.1154,0.1078,0.0964,0.0528
201240,0.1517,0.1516,0.1514,0.1509,0.1502,0.1494,0.1483,0.1470,0.1455,0.1438,0.1417,0.1394,0.1368,0.1337,0.1302,0.1262,0.1213,0.1154,0.1078,0.0964,0.0528
201300,0.1517,0.1516,0.1513,0.1509,0.1502,0.1493,0.1483,0.1470,0.1455,0.1437,0.1417,0.1394,0.1368,0.1337,0.1302,0.1262,0.1213,0.1154,0.1077,0.0964,0.0528
201360,0.1517,0.1516,0.1513,0.1509,0.1502,0.1493,0.1483,0.1470,0.1455,0.1437,0.1417,0.1394,0.1367,0.1337,0.1302,0.1261,0.1213,0.1154,0.1077,0.0964,0.0528
201420,0.1517,0.1516,0.1513,0.1508,0.1502,0.1493,0.1482,0.1470,0.1455,0.1437,0.1417,0.1394,0.1367,0.1337,0.1302,0.1261,0.1213,0.1154,0.1077,0.0964,0.0528
201480,0.1517,0.1516,0.1513,0.1508,0.1502,0.1493,0.1482,0.1470,0.1454,0.1437,0.1417,0.1394,0.1367,0.1337,0.1302,0.1261,0.1213,0.1154,0.1077,0.0964,0.0528
201540,0.1516,0.1515,0.1513,0.1508,0.1501,0.1493,0.1482,0.1469,0.1454,0.1437,0.1417,0.1393,0.1367,0.1337,0.1302,0.1261,0.1213,0.1154,0.1077,0.0964,0.0528
201600,0.1516,0.1515,0.1512,0.1508,0.1501,0.1493,0.1482,0.1469,0.1454,0.1437,0.1416,0.1393,0.1367,0.1337,0.1302,0.1261,0.1213,0.1153,0.1077,0.0963,0.0528
201660,0.1516,0.1515,0.1512,0.1508,0.1501,0.1492,0.1482,0.1469,0.1454,0.1436,0.1416,0.1393,0.1367,0.1336,0.1301,0.1261,0.1212,0.1153,0.1077,0.0963,0.0528
201720,0.1516,0.1515,0.1512,0.1507,0.1501,0.1492,0.1482,0.1469,0.1454,0.1436,0.1416,0.1393,0.1367,0.1336,0.1301,0.1261,0.1212,0.1153,0.1077,0.0963,0.0528
201780,0.1516,0.1515,0.1512,0.1507,0.1501,0.1492,0.1481,0.1469,0.1454,0.1436,0.1416,0.1393,0.1366,0.1336,0.1301,0.1260,0.1212,0.1153,0.1077,0.0963,0.0528
201840,0.1515,0.1515,0.1512,0.1507,0.1500,0.1492,0.1481,0.1468,0.1453,0.1436,0.1416,0.1393,0.1366,0.1336,0.1301,0.1260,0.1212,0.1153,0.1076,0.0963,0.0528
201900,0.1515,0.1514,0.1512,0.1507,0.1500,0.1492,0.1481,0.1468,0.1453,0.1436,0.1416,0.1393,0.1366,0.1336,0.1301,0.1260,0.1212,0.1153,0.1076,0.0963,0.0528
201960,0.1515,0.1514,0.1511,0.1507,0.1500,0.1492,0.1481,0.1468,0.1453,0.1436,0.1415,0.1392,0.1366,0.1336,0.1301,0.1260,0.1212,0.1153,0.1076,0.0963,0.0528
202020,0.1515,0.1514,0.1511,0.1507,0.1500,0.1491,0.1481,0.1468,0.1453,0.1435,0.1415,0.1392,0.1366,0.1335,0.1301,0.1260,0.1212,0.1153,0.1076,0.0963,0.0528
202080,0.1515,0.1514,0.1511,0.1506,0.1500,0.1491,0.1481,0.1468,0.1453,0.1435,0.1415,0.1392,0.1366,0.1335,0.1300,0.1260,0.1212,0.1153,0.1076,0.0963,0.0528
202140,0.1515,0.1514,0.1511,0.1506,0.1500,0.1491,0.1480,0.1468,0.1453,0.1435,0.1415,0.1392,0.1365,0.1335,0.1300,0.1260,0.1211,0.1152,0.1076,0.0963,0.0528
202200,0.1514,0.1513,0.1511,0.1506,0.1499,0.1491,0.1480,0.1467,0.1452,0.1435,0.1415,0.1392,0.1365,0.1335,0.1300,0.1260,0.1211,0.1152,0.1076,0.0963,0.0528
202260,0.1514,0.1513,0.1510,0.1506,0.1499,0.1491,0.1480,0.1467,0.1452,0.1435,0.1415,0.1392,0.1365,0.1335,0.1300,0.1259,0.1211,0.1152,0.1076,0.0963,0.0528
202320,0.1514,0.1513,0.1510,0.1506,0.1499,0.1490,0.1480,0.1467,0.1452,0.1435,0.1414,0.1391,0.1365,0.1335,0.1300,0.1259,0.1211,0.1152,0.1076,0.0962,0.0528
202380,0.1514,0.1513,0.1510,0.1505,0.1499,0.1490,0.1480,0.1467,0.1452,0.1434,0.1414,0.1391,0.1365,0.1335,0.1300,0.1259,0.1211,0.1152,0.1076,0.0962,0.0528
202440,0.1514,0.1513,0.1510,0.1505,0.1499,0.1490,0.1480,0.1467,0.1452,0.1434,0.1414,0.1391,0.1365,0.1334,0.1300,0.1259,0.1211,0.1152,0.1075,0.0962,0.0528
202500,0.1513,0.1512,0.1510,0.1505,0.1498,0.1490,0.1479,0.1467,0.1452,0.1434,0.1414,0.1391,0.1365,0.1334,0.1299,0.1259,0.1211,0.1152,0.1075,0.0962,0.0528
202560,0.1513,0.1512,0.1510,0.1505,0.1498,0.1490,0.1479,0.1466,0.1451,0.1434,0.1414,0.1391,0.1364,0.1334,0.1299,0.1259,0.1211,0.1152,0.1075,0.0962,0.0528
202620,0.1513,0.1512,0.1509,0.1505,0.1498,0.1490,0.1479,0.1466,0.1451,0.1434,0.1414,0.1391,0.1364,0.1334,0.1299,0.1259,0.1210,0.1152,0.1075,0.0962,0.0528
202680,0.1513,0.1512,0.1509,0.1505,0.1498,0.1489,0.1479,0.1466,0.1451,0.1434,0.1414,0.1390,0.1364,0.1334,0.1299,0.1258,0.1210,0.1151,0.1075,0.0962,0.0528
202740,0.1513,0.1512,0.1509,0.1504,0.1498,0.1489,0.1479,0.1466,0.1451,0.1433,0.1413,0.1390,0.1364,0.1334,0.1299,0.1258,0.1210,0.1151,0.1075,0.0962,0.0528
202800,0.1513,0.1512,0.1509,0.1504,0.1498,0.1489,0.1478,0.1466,0.1451,0.1433,0.1413,0.1390,0.1364,0.1334,0.1299,0.1258,0.1210,0.1151,0.1075,0.0962,0.0528
202860,0.1512,0.1511,0.1509,0.1504,0.1497,0.1489,0.1478,0.1466,0.1451,0.1433,0.1413,0.1390,0.1364,0.1333,0.1299,0.1258,0.1210,0.1151,0.1075,0.0962,0.0528
202920,0.1512,0.1511,0.1508,0.1504,0.1497,0.1489,0.1478,0.1465,0.1450,0.1433,0.1413,0.1390,0.1363,0.1333,0.1298,0.1258,0.1210,0.1151,0.1075,0.0962,0.0527
202980,0.1512,0.1511,0.1508,0.1504,0.1497,0.1489,0.1478,0.1465,0.1450,0.1433,0.1413,0.1390,0.1363,0.1333,0.1298,0.1258,0.1210,0.1151,0.1075,0.0962,0.0527
203040,0.1512,0.1511,0.1508,0.1503,0.1497,0.1488,0.1478,0.1465,0.1450,0.1433,0.1413,0.1390,0.1363,0.1333,0.1298,0.1258,0.1210,0.1151,0.1074,0.0962,0.0527
203100,0.1512,0.1511,0.1508,0.1503,0.1497,0.1488,0.1478,0.1465,0.1450,0.1432,0.1412,0.1389,0.1363,0.1333,0.1298,0.1258,0.1209,0.1151,0.1074,0.0961,0.0527
203160,0.1511,0.1510,0.1508,0.1503,0.1497,0.1488,0.1477,0.1465,0.1450,0.1432,0.1412,0.1389,0.1363,0.1333,0.1298,0.1257,0.1209,0.1151,0.1074,0.0961,0.0527
203220,0.1511,0.1510,0.1508,0.1503,0.1496,0.1488,0.1477,0.1465,0.1450,0.1432,0.1412,0.1389,0.1363,0.1333,0.1298,0.1257,0.1209,0.1150,0.1074,0.0961,0.0527
203280,0.1511,0.1510,0.1507,0.1503,0.1496,0.1488,0.1477,0.1464,0.1449,0.1432,0.1412,0.1389,0.1363,0.1332,0.1298,0.1257,0.1209,0.1150,0.1074,0.0961,0.0527
203340,0.1511,0.1510,0.1507,0.1503,0.1496,0.1487,0.1477,0.1464,0.1449,0.1432,0.1412,0.1389,0.1362,0.1332,0.1298,0.1257,0.1209,0.1150,0.1074,0.0961,0.0527
203400,0.1511,0.1510,0.1507,0.1502,0.1496,0.1487,0.1477,0.1464,0.1449,0.1432,0.1412,0.1389,0.1362,0.1332,0.1297,0.1257,0.1209,0.1150,0.1074,0.0961,0.0527
203460,0.1511,0.1510,0.1507,0.1502,0.1496,0.1487,0.1477,0.1464,0.1449,0.1431,0.1411,0.1388,0.1362,0.1332,0.1297,0.1257,0.1209,0.1150,0.1074,0.0961,0.0527
203520,0.1510,0.1509,0.1507,0.1502,0.1495,0.1487,0.1476,0.1464,0.1449,0.1431,0.1411,0.1388,0.1362,0.1332,0.1297,0.1257,0.1209,0.1150,0.1074,0.0961,0.0527
203580,0.1510,0.1509,0.1506,0.1502,0.1495,0.1487,0.1476,0.1463,0.1449,0.1431,0.1411,0.1388,0.1362,0.1332,0.1297,0.1256,0.1209,0.1150,0.1074,0.0961,0.0527
203640,0.1510,0.1509,0.1506,0.1502,0.1495,0.1487,0.1476,0.1463,0.1448,0.1431,0.1411,0.1388,0.1362,0.1332,0.1297,0.1256,0.1208,0.1150,0.1073,0.0961,0.0527
203700,0.1510,0.1509,0.1506,0.1501,0.1495,0.1486,0.1476,0.1463,0.1448,0.1431,0.1411,0.1388,0.1362,0.1331,0.1297,0.1256,0.1208,0.1150,0.1073,0.0961,0.0527
203760,0.1510,0.1509,0.1506,0.1501,0.1495,0.1486,0.1476,0.1463,0.1448,0.1431,0.1411,0.1388,0.1361,0.1331,0.1297,0.1256,0.1208,0.1149,0.1073,0.0961,0.0527
203820,0.1509,0.1509,0.1506,0.1501,0.1495,0.1486,0.1475,0.1463,0.1448,0.1430,0.1410,0.1388,0.1361,0.1331,0.1296,0.1256,0.1208,0.1149,0.1073,0.0960,0.0527
203880,0.1509,0.1508,0.1506,0.1501,0.1494,0.1486,0.1475,0.1463,0.1448,0.1430,0.1410,0.1387,0.1361,0.1331,0.1296,0.1256,0.1208,0.1149,0.1073,0.0960,0.0527
203940,0.1509,0.1508,0.1505,0.1501,0.1494,0.1486,0.1475,0.1462,0.1448,0.1430,0.1410,0.1387,0.1361,0.1331,0.1296,0.1256,0.1208,0.1149,0.1073,0.0960,0.0527
204000,0.1509,0.1508,0.1505,0.1501,0.1494,0.1486,0.1475,0.1462,0.1447,0.1430,0.1410,0.1387,0.1361,0.1331,0.1296,0.1256,0.1208,0.1149,0.1073,0.0960,0.0527
204060,0.1509,0.1508,0.1505,0.1500,0.1494,0.1485,0.1475,0.1462,0.1447,0.1430,0.1410,0.1387,0.1361,0.1331,0.1296,0.1255,0.1208,0.1149,0.1073,0.0960,0.0527
204120,0.1509,0.1508,0.1505,0.1500,0.1494,0.1485,0.1475,0.1462,0.1447,0.1430,0.1410,0.1387,0.1360,0.1330,0.1296,0.1255,0.1207,0.1149,0.1073,0.0960,0.0527
204180,0.1508,0.1507,0.1505,0.1500,0.1493,0.1485,0.1474,0.1462,0.1447,0.1430,0.1410,0.1387,0.1360,0.1330,0.1296,0.1255,0.1207,0.1149,0.1073,0.0960,0.0527
204240,0.1508,0.1507,0.1504,0.1500,0.1493,0.1485,0.1474,0.1462,0.1447,0.1429,0.1409,0.1386,0.1360,0.1330,0.1295,0.1255,0.1207,0.1149,0.1073,0.0960,0.0527
204300,0.1508,0.1507,0.1504,0.1500,0.1493,0.1485,0.1474,0.1461,0.1447,0.1429,0.1409,0.1386,0.1360,0.1330,0.1295,0.1255,0.1207,0.1148,0.1072,0.0960,0.0527
204360,0.1508,0.1507,0.1504,0.1500,0.1493,0.1484,0.1474,0.1461,0.1446,0.1429,0.1409,0.1386,0.1360,0.1330,0.1295,0.1255,0.1207,0.1148,0.1072,0.0960,0.0527
204420,0.1508,0.1507,0.1504,0.1499,0.1493,0.1484,0.1474,0.1461,0.1446,0.1429,0.1409,0.1386,0.1360,0.1330,0.1295,0.1255,0.1207,0.1148,0.1072,0.0960,0.0527
204480,0.1507,0.1507,0.1504,0.1499,0.1493,0.1484,0.1474,0.1461,0.1446,0.1429,0.1409,0.1386,0.1360,0.1330,0.1295,0.1255,0.1207,0.1148,0.1072,0.0960,0.0527
204540,0.1507,0.1506,0.1504,0.1499,0.1492,0.1484,0.1473,0.1461,0.1446,0.1429,0.1409,0.1386,0.1359,0.1329,0.1295,0.1254,0.1207,0.1148,0.1072,0.0959,0.0527
204600,0.1507,0.1506,0.1503,0.1499,0.1492,0.1484,0.1473,0.1461,0.1446,0.1428,0.1408,0.1385,0.1359,0.1329,0.1295,0.1254,0.1206,0.1148,0.1072,0.0959,0.0527
204660,0.1507,0.1506,0.1503,0.1499,0.1492,0.1484,0.1473,0.1460,0.1446,0.1428,0.1408,0.1385,0.1359,0.1329,0.1294,0.1254,0.1206,0.1148,0.1072,0.0959,0.0527
204720,0.1507,0.1506,0.1503,0.1498,0.1492,0.1483,0.1473,0.1460,0.1445,0.1428,0.1408,0.1385,0.1359,0.1329,0.1294,0.1254,0.1206,0.1148,0.1072,0.0959,0.0527
204780,0.1507,0.1506,0.1503,0.1498,0.1492,0.1483,0.1473,0.1460,0.1445,0.1428,0.1408,0.1385,0.1359,0.1329,0.1294,0.1254,0.1206,0.1148,0.1072,0.0959,0.0527
204840,0.1506,0.1505,0.1503,0.1498,0.1492,0.1483,0.1473,0.1460,0.1445,0.1428,0.1408,0.1385,0.1359,0.1329,0.1294,0.1254,0.1206,0.1147,0.1072,0.0959,0.0527
204900,0.1506,0.1505,0.1503,0.1498,0.1491,0.1483,0.1472,0.1460,0.1445,0.1428,0.1408,0.1385,0.1359,0.1329,0.1294,0.1254,0.1206,0.1147,0.1071,0.0959,0.0527
204960,0.1506,0.1505,0.1502,0.1498,0.1491,0.1483,0.1472,0.1460,0.1445,0.1427,0.1407,0.1385,0.1358,0.1328,0.1294,0.1254,0.1206,0.1147,0.1071,0.0959,0.0527
205020,0.1506,0.1505,0.1502,0.1498,0.1491,0.1483,0.1472,0.1459,0.1445,0.1427,0.1407,0.1384,0.1358,0.1328,0.1294,0.1253,0.1206,0.1147,0.1071,0.0959,0.0527
205080,0.1506,0.1505,0.1502,0.1497,0.1491,0.1482,0.1472,0.1459,0.1444,0.1427,0.1407,0.1384,0.1358,0.1328,0.1294,0.1253,0.1205,0.1147,0.1071,0.0959,0.0527
205140,0.1506,0.1505,0.1502,0.1497,0.1491,0.1482,0.1472,0.1459,0.1444,0.1427,0.1407,0.1384,0.1358,0.1328,0.1293,0.1253,0.1205,0.1147,0.1071,0.0959,0.0527
205200,0.1505,0.1504,0.1502,0.1497,0.1491,0.1482,0.1472,0.1459,0.1444,0.1427,0.1407,0.1384,0.1358,0.1328,0.1293,0.1253,0.1205,0.1147,0.1071,0.0959,0.0527
205260,0.1505,0.1504,0.1501,0.1497,0.1490,0.1482,0.1471,0.1459,0.1444,0.1427,0.1407,0.1384,0.1358,0.1328,0.1293,0.1253,0.1205,0.1147,0.1071,0.0959,0.0527
205320,0.1505,0.1504,0.1501,0.1497,0.1490,0.1482,0.1471,0.1459,0.1444,0.1426,0.1406,0.1384,0.1358,0.1328,0.1293,0.1253,0.1205,0.1147,0.1071,0.0958,0.0527
205380,0.1505,0.1504,0.1501,0.1497,0.1490,0.1482,0.1471,0.1458,0.1444,0.1426,0.1406,0.1383,0.1357,0.1327,0.1293,0.1253,0.1205,0.1146,0.1071,0.0958,0.0527
205440,0.1505,0.1504,0.1501,0.1496,0.1490,0.1481,0.1471,0.1458,0.1443,0.1426,0.1406,0.1383,0.1357,0.1327,0.1293,0.1252,0.1205,0.1146,0.1071,0.0958,0.0527
205500,0.1504,0.1504,0.1501,0.1496,0.1490,0.1481,0.1471,0.1458,0.1443,0.1426,0.1406,0.1383,0.1357,0.1327,0.1293,0.1252,0.1205,0.1146,0.1070,0.0958,0.0527
205560,0.1504,0.1503,0.1501,0.1496,0.1489,0.1481,0.1471,0.1458,0.1443,0.1426,0.1406,0.1383,0.1357,0.1327,0.1292,0.1252,0.1205,0.1146,0.1070,0.0958,0.0527
205620,0.1504,0.1503,0.1500,0.1496,0.1489,0.1481,0.1470,0.1458,0.1443,0.1426,0.1406,0.1383,0.1357,0.1327,0.1292,0.1252,0.1204,0.1146,0.1070,0.0958,0.0527
205680,0.1504,0.1503,0.1500,0.1496,0.1489,0.1481,0.1470,0.1458,0.1443,0.1425,0.1406,0.1383,0.1357,0.1327,0.1292,0.1252,0.1204,0.1146,0.1070,0.0958,0.0527
205740,0.1504,0.1503,0.1500,0.1495,0.1489,0.1480,0.1470,0.1457,0.1443,0.1425,0.1405,0.1383,0.1356,0.1327,0.1292,0.1252,0.1204,0.1146,0.1070,0.0958,0.0527
205800,0.1504,0.1503,0.1500,0.1495,0.1489,0.1480,0.1470,0.1457,0.1442,0.1425,0.1405,0.1382,0.1356,0.1326,0.1292,0.1252,0.1204,0.1146,0.1070,0.0958,0.0527
205860,0.1503,0.1502,0.1500,0.1495,0.1489,0.1480,0.1470,0.1457,0.1442,0.1425,0.1405,0.1382,0.1356,0.1326,0.1292,0.1252,0.1204,0.1146,0.1070,0.0958,0.0527
205920,0.1503,0.1502,0.1500,0.1495,0.1488,0.1480,0.1470,0.1457,0.1442,0.1425,0.1405,0.1382,0.1356,0.1326,0.1292,0.1251,0.1204,0.1145,0.1070,0.0958,0.0527
205980,0.1503,0.1502,0.1499,0.1495,0.1488,0.1480,0.1469,0.1457,0.1442,0.1425,0.1405,0.1382,0.1356,0.1326,0.1291,0.1251,0.1204,0.1145,0.1070,0.0958,0.0527
206040,0.1503,0.1502,0.1499,0.1495,0.1488,0.1480,0.1469,0.1457,0.1442,0.1424,0.1405,0.1382,0.1356,0.1326,0.1291,0.1251,0.1204,0.1145,0.1070,0.0957,0.0527
206100,0.1503,0.1502,0.1499,0.1494,0.1488,0.1479,0.1469,0.1456,0.1442,0.1424,0.1404,0.1382,0.1356,0.1326,0.1291,0.1251,0.1203,0.1145,0.1069,0.0957,0.0527
206160,0.1503,0.1502,0.1499,0.1494,0.1488,0.1479,0.1469,0.1456,0.1441,0.1424,0.1404,0.1382,0.1355,0.1326,0.1291,0.1251,0.1203,0.1145,0.1069,0.0957,0.0527
206220,0.1502,0.1501,0.1499,0.1494,0.1488,0.1479,0.1469,0.1456,0.1441,0.1424,0.1404,0.1381,0.1355,0.1325,0.1291,0.1251,0.1203,0.1145,0.1069,0.0957,0.0527
206280,0.1502,0.1501,0.1498,0.1494,0.1487,0.1479,0.1468,0.1456,0.1441,0.1424,0.1404,0.1381,0.1355,0.1325,0.1291,0.1251,0.1203,0.1145,0.1069,0.0957,0.0527
206340,0.1502,0.1501,0.1498,0.1494,0.1487,0.1479,0.1468,0.1456,0.1441,0.1424,0.1404,0.1381,0.1355,0.1325,0.1291,0.1251,0.1203,0.1145,0.1069,0.0957,0.0527
206400,0.1502,0.1501,0.1498,0.1494,0.1487,0.1479,0.1468,0.1456,0.1441,0.1424,0.1404,0.1381,0.1355,0.1325,0.1291,0.1250,0.1203,0.1145,0.1069,0.0957,0.0527
206460,0.1502,0.1501,0.1498,0.1493,0.1487,0.1478,0.1468,0.1455,0.1441,0.1423,0.1404,0.1381,0.1355,0.1325,0.1290,0.1250,0.1203,0.1144,0.1069,0.0957,0.0527
206520,0.1501,0.1501,0.1498,0.1493,0.1487,0.1478,0.1468,0.1455,0.1440,0.1423,0.1403,0.1381,0.1355,0.1325,0.1290,0.1250,0.1203,0.1144,0.1069,0.0957,0.0527
206580,0.1501,0.1500,0.1498,0.1493,0.1487,0.1478,0.1468,0.1455,0.1440,0.1423,0.1403,0.1380,0.1354,0.1325,0.1290,0.1250,0.1202,0.1144,0.1069,0.0957,0.0527
206640,0.1501,0.1500,0.1497,0.1493,0.1486,0.1478,0.1467,0.1455,0.1440,0.1423,0.1403,0.1380,0.1354,0.1324,0.1290,0.1250,0.1202,0.1144,0.1069,0.0957,0.0527
206700,0.1501,0.1500,0.1497,0.1493,0.1486,0.1478,0.1467,0.1455,0.1440,0.1423,0.1403,0.1380,0.1354,0.1324,0.1290,0.1250,0.1202,0.1144,0.1069,0.0957,0.0527
206760,0.1501,0.1500,0.1497,0.1492,0.1486,0.1478,0.1467,0.1455,0.1440,0.1423,0.1403,0.1380,0.1354,0.1324,0.1290,0.1250,0.1202,0.1144,0.1068,0.0957,0.0527
206820,0.1501,0.1500,0.1497,0.1492,0.1486,0.1477,0.1467,0.1454,0.1440,0.1422,0.1403,0.1380,0.1354,0.1324,0.1290,0.1250,0.1202,0.1144,0.1068,0.0956,0.0527
206880,0.1500,0.1499,0.1497,0.1492,0.1486,0.1477,0.1467,0.1454,0.1439,0.1422,0.1402,0.1380,0.1354,0.1324,0.1289,0.1249,0.1202,0.1144,0.1068,0.0956,0.0527
206940,0.1500,0.1499,0.1497,0.1492,0.1485,0.1477,0.1467,0.1454,0.1439,0.1422,0.1402,0.1380,0.1354,0.1324,0.1289,0.1249,0.1202,0.1144,0.1068,0.0956,0.0527
207000,0.1500,0.1499,0.1496,0.1492,0.1485,0.1477,0.1466,0.1454,0.1439,0.1422,0.1402,0.1379,0.1353,0.1324,0.1289,0.1249,0.1202,0.1143,0.1068,0.0956,0.0526
207017,0.1500,0.1499,0.1496,0.1492,0.1485,0.1477,0.1466,0.1454,0.1439,0.1422,0.1402,0.1379,0.1353,0.1324,0.1289,0.1249,0.1202,0.1143,0.1068,0.0956,0.0526
